page_url;city_from;city_to;price;total_freq;segment;city2city_position;weakness_score;demand_score
https://city2city.ru/svo-taxi-millerovo-donetsk;Миллерово;Донецк;10000;7;DIRECT_LOW;;0.8805;0.1953
https://city2city.ru/astraxan-novorossijsk;Астрахань;Новороссийск;29000;7;DIRECT_LOW;;0.6643;0.1953
https://city2city.ru/chelyabinsk-sosnovka;Челябинск;Сосновка;26500;7;DIRECT_LOW;;0.85;0.1953
https://city2city.ru/astraxan-sochi;Астрахань;Сочи;32600;7;DIRECT_LOW;3;0.8405;0.1953
https://city2city.ru/ufa-sochi;Уфа;Сочи;67500;7;DIRECT_LOW;10;0.8621;0.1953
https://city2city.ru/ufa-chebarkul;Уфа;Чебаркуль;10500;7;DIRECT_LOW;3;0.8712;0.1953
https://city2city.ru/novosibirsk-minusinsk;Новосибирск;Минусинск;30500;7;DIRECT_LOW;8;0.7517;0.1953
https://city2city.ru/melitopol-ryazan;Мелитополь;Рязань;40000;7;DIRECT_LOW;;0.8835;0.1953
https://city2city.ru/sankt-peterburg-ekaterinburg;Санкт-Петербург;Екатеринбург;70800;7;DIRECT_LOW;3;0.8587;0.1953
https://city2city.ru/volgograd-nikolaevsk;Волгоград;Николаевск;276000;7;DIRECT_LOW;23;0.7524;0.1953
https://city2city.ru/svo-taxi-rossosh-smolensk;Россошь;Смоленск;26500;7;DIRECT_LOW;;0.8802;0.1953
https://city2city.ru/kostroma-kirov;Кострома;Киров;18500;7;DIRECT_LOW;11;0.9914;0.1953
https://city2city.ru/ekaterinburg-troiczk;Екатеринбург;Троицк;51000;7;DIRECT_LOW;2;0.705;0.1953
https://city2city.ru/kirov-sankt-peterburg;Киров;Санкт-Петербург;46500;7;DIRECT_LOW;;0.9772;0.1953
https://city2city.ru/moskva-velsk;Москва;Вельск;22000;7;DIRECT_LOW;;0.846;0.1953
https://city2city.ru/vladimir-rostov-velikij;Владимир;Ростов;37000;7;DIRECT_LOW;;0.9666;0.1953
https://city2city.ru/ufa-ryazan;Уфа;Рязань;38500;7;DIRECT_LOW;;0.9871;0.1953
https://city2city.ru/samara-magnitogorsk;Самара;Магнитогорск;23500;7;DIRECT_LOW;;0.8688;0.1953
https://city2city.ru/ufa-buguruslan;Уфа;Бугуруслан;10800;7;DIRECT_LOW;5;0.872;0.1953
https://city2city.ru/ekaterinburg-app-bugristoe;Екатеринбург;Троицк;10500;7;DIRECT_LOW;7;0.7093;0.1953
https://city2city.ru/astraxan-znamensk;Астрахань;Знаменск;11000;7;DIRECT_LOW;;0.6656;0.1953
https://city2city.ru/tver-vologda;Тверь;Вологда;16000;7;DIRECT_LOW;;0.9914;0.1953
https://city2city.ru/tambov-sochi;Тамбов;Сочи;38500;7;DIRECT_LOW;;0.8655;0.1953
https://city2city.ru/kazan-syzran;Казань;Сызрань;10200;7;DIRECT_LOW;6;0.7786;0.1953
https://city2city.ru/samara-chebarkul;Самара;Чебаркуль;24000;7;DIRECT_LOW;;0.8694;0.1953
https://city2city.ru/yaroslavl-samara;Ярославль;Самара;31000;7;DIRECT_LOW;;0.9853;0.1953
https://city2city.ru/rostov-kirov-2;Ростов-на-Дону;Киров;53700;7;DIRECT_LOW;23;0.8152;0.1953
https://city2city.ru/orenburg-beloreczk;Оренбург;Белорецк;58200;7;DIRECT_LOW;2;0.8746;0.1953
https://city2city.ru/petrozavodsk-kostomuksha;Петрозаводск;Костомукша;14700;7;DIRECT_LOW;10;0.9984;0.1953
https://city2city.ru/ufa-cheboksary;Уфа;Чебоксары;21000;7;DIRECT_LOW;5;0.9875;0.1953
https://city2city.ru/nizhnij-novgorod-sochi;Нижний Новгород;Сочи;54500;7;DIRECT_LOW;29;0.8564;0.1953
https://city2city.ru/ekaterinburg-app-doneczk;Екатеринбург;Донецк;62500;7;DIRECT_LOW;;0.9147;0.1953
https://city2city.ru/petrozavodsk-app-lyuttya;Петрозаводск;Костомукша;16500;7;DIRECT_LOW;10;0.9968;0.1953
https://city2city.ru/yaroslavl-belgorod;Ярославль;Белгород;28200;7;DIRECT_LOW;6;0.8711;0.1953
https://city2city.ru/izhevsk-kirov;Ижевск;Киров;12800;7;DIRECT_LOW;2;0.7787;0.1953
https://city2city.ru/kirov-lesnoj;Киров;Лесной;24500;7;DIRECT_LOW;;0.7532;0.1953
https://city2city.ru/tula-volgograd;Тула;Волгоград;26500;7;DIRECT_LOW;;0.9873;0.1953
https://city2city.ru/svo-taxi-samara-rubezhnoe;Самара;Рубежное;41000;7;DIRECT_LOW;29;0.8688;0.1953
https://city2city.ru/krasnoyarsk-yurga;Красноярск;Юрга;18500;7;DIRECT_LOW;22;0.8674;0.1953
https://city2city.ru/astraxan-mineralnye-vody;Астрахань;Минеральные Воды;18600;7;DIRECT_LOW;7;0.6439;0.1953
https://city2city.ru/xabarovsk-dalnegorsk;Хабаровск;Дальнегорск;23800;7;DIRECT_LOW;2;0.8741;0.1953
https://city2city.ru/krasnoyarsk-ulan-ude;Красноярск;Улан-Удэ;44700;7;DIRECT_LOW;1;0.7501;0.1953
https://city2city.ru/tyumen-magnitogorsk;Тюмень;Магнитогорск;21600;7;DIRECT_LOW;3;0.8744;0.1953
https://city2city.ru/yaroslavl-kazan;Ярославль;Казань;22500;7;DIRECT_LOW;;0.8676;0.1953
https://city2city.ru/cheboksary-kirov;Чебоксары;Киров;12000;7;DIRECT_LOW;;0.7792;0.1953
https://city2city.ru/chelyabinsk-surgut;Челябинск;Сургут;36000;7;DIRECT_LOW;;0.7061;0.1953
https://city2city.ru/ryazan-nizhnij-novgorod;Рязань;Нижний Новгород;12500;7;DIRECT_LOW;;0.8599;0.1953
https://city2city.ru/smolensk-rossosh;Смоленск;Россошь;27000;7;DIRECT_LOW;5;0.8779;0.1953
https://city2city.ru/kemerovo-belokuriha;Кемерово;Белокуриха;16000;7;DIRECT_LOW;;0.7119;0.1953
https://city2city.ru/ivanovo-rostov-na-donu;Иваново;Ростов-на-Дону;41000;7;DIRECT_LOW;;0.8622;0.1953
https://city2city.ru/krasnoyarsk-nizhneudinsk;Красноярск;Нижнеудинск;16500;7;DIRECT_LOW;1;0.7499;0.1953
https://city2city.ru/chelyabinsk-krasnogorsk;Челябинск;Красногорск;53000;7;DIRECT_LOW;1;0.59;0.1953
https://city2city.ru/xabarovsk-dalnegorsk-2;Хабаровск;Дальнегорск;24500;7;DIRECT_LOW;2;0.8741;0.1953
https://city2city.ru/astraxan-ufa;Астрахань;Уфа;50500;7;DIRECT_LOW;;0.9184;0.1953
https://city2city.ru/ryazan-ufa;Рязань;Уфа;38000;7;DIRECT_LOW;;0.8728;0.1953
https://city2city.ru/nizhnij-novgorod-ryazan;Нижний Новгород;Рязань;13000;7;DIRECT_LOW;;0.9783;0.1953
https://city2city.ru/volgograd-anapa;Волгоград;Анапа;26400;6;DIRECT_LOW;9;0.8693;0.1828
https://city2city.ru/xabarovsk-amursk-2;Хабаровск;Амурск;13000;6;DIRECT_LOW;1;0.7566;0.1828
https://city2city.ru/samara-kamyshin;Самара;Камышин;18500;6;DIRECT_LOW;;0.8693;0.1828
https://city2city.ru/kazan-chajkovskij;Казань;Чайковский;13800;6;DIRECT_LOW;4;0.8488;0.1828
https://city2city.ru/kazan-saransk;Международный аэропорт Казань;Саранск;12000;6;DIRECT_LOW;;0.1696;0.1828
https://city2city.ru/krasnoyarsk-sorsk;Красноярск;Сорск;13800;6;DIRECT_LOW;3;0.8681;0.1828
https://city2city.ru/novosibirsk-zmeinogorsk;Новосибирск;Змеиногорск;17000;6;DIRECT_LOW;;0.8686;0.1828
https://city2city.ru/ufa-vyatskie-polyany;Уфа;Вятские Поляны;14000;6;DIRECT_LOW;;0.8662;0.1828
https://city2city.ru/penza-belgorod;Пенза;Белгород;23000;6;DIRECT_LOW;26;0.8782;0.1828
https://city2city.ru/yakutsk-irkutsk;Якутск;Иркутск;95000;6;DIRECT_LOW;1;0.7567;0.1828
https://city2city.ru/vladimir-sankt-peterburg;Владимир;Санкт-Петербург;26500;6;DIRECT_LOW;;0.967;0.1828
https://city2city.ru/novosibirsk-gurevsk;Новосибирск;Гурьевск;135000;6;DIRECT_LOW;;0.7517;0.1828
https://city2city.ru/perm-kurgan;Пермь;Курган;21900;6;DIRECT_LOW;2;0.8721;0.1828
https://city2city.ru/novosibirsk-divnogorsk;Новосибирск;Дивногорск;23500;6;DIRECT_LOW;;0.8695;0.1828
https://city2city.ru/perm-sochi;Пермь;Сочи;80000;6;DIRECT_LOW;;0.8632;0.1828
https://city2city.ru/moskva-buzuluk;Москва;Бузулук;37500;6;DIRECT_LOW;;0.8477;0.1828
https://city2city.ru/ekaterinburg-tolyatti;Екатеринбург;Тольятти;28000;6;DIRECT_LOW;;0.9164;0.1828
https://city2city.ru/lugansk-kursk;Луганск;Курск;23000;6;DIRECT_LOW;;0.8816;0.1828
https://city2city.ru/moskva-tobolsk;Москва;Тобольск;67500;6;DIRECT_LOW;5;0.846;0.1828
https://city2city.ru/ulyanovsk-izhevsk;Ульяновск;Ижевск;17000;6;DIRECT_LOW;;0.8735;0.1828
https://city2city.ru/krasnoyarsk-chita;Красноярск;Чита;64000;6;DIRECT_LOW;21;0.8658;0.1828
https://city2city.ru/novosibirsk-mariinsk;Новосибирск;Мариинск;15000;6;DIRECT_LOW;;0.871;0.1828
https://city2city.ru/barnaul-yarovoe;Барнаул;Яровое;13500;6;DIRECT_LOW;;0.5925;0.1828
https://city2city.ru/kazan-voronezh;Казань;Воронеж;31000;6;DIRECT_LOW;;0.9135;0.1828
https://city2city.ru/chelyabinsk-pervomajskij;Челябинск;посёлок Первомайский;50000;6;DIRECT_LOW;;0.7719;0.1828
https://city2city.ru/rostov-nizhnekamsk;Ростов-на-Дону;Нижнекамск;48500;6;DIRECT_LOW;;0.816;0.1828
https://city2city.ru/ufa-saransk;Уфа;Саранск;25000;6;DIRECT_LOW;;0.8708;0.1828
https://city2city.ru/blagoveshhensk-obluche;Благовещенск;Облучье;11000;6;DIRECT_LOW;10;0.4554;0.1828
https://city2city.ru/krasnoyarsk-tulun;Красноярск;Тулун;20000;6;DIRECT_LOW;25;0.7497;0.1828
https://city2city.ru/omsk-barnaul;Омск;Барнаул;26200;6;DIRECT_LOW;5;0.8751;0.1828
https://city2city.ru/kaluga-belgorod;Калуга;Белгород;15500;6;DIRECT_LOW;;0.85;0.1828
https://city2city.ru/bryansk-simferopol;Брянск;Симферополь;51500;6;DIRECT_LOW;;0.9217;0.1828
https://city2city.ru/volgograd-penza;Волгоград;Пенза;17500;6;DIRECT_LOW;;0.9864;0.1828
https://city2city.ru/saransk-kazan;Саранск;Казань;12500;6;DIRECT_LOW;;0.7514;0.1828
https://city2city.ru/astraxan-tambov;Астрахань;Тамбов;28500;6;DIRECT_LOW;;0.9226;0.1828
https://city2city.ru/rostov-gorod-zernograd;Ростов-на-Дону;Зерноград;38500;6;DIRECT_LOW;;0.8152;0.1828
https://city2city.ru/kursk-boguchar;Курск;Богучар;14000;6;DIRECT_LOW;;0.8767;0.1828
https://city2city.ru/vladimir-oryol;Владимир;Орёл;16500;6;DIRECT_LOW;6;0.9737;0.1828
https://city2city.ru/omsk-kemerovo;Омск;Кемерово;27000;6;DIRECT_LOW;11;0.8717;0.1828
https://city2city.ru/chelyabinsk-kursk;Челябинск;Курск;59700;6;DIRECT_LOW;2;0.9231;0.1828
https://city2city.ru/novosibirsk-uyar;Новосибирск;Уяр;31500;6;DIRECT_LOW;6;0.8686;0.1828
https://city2city.ru/perm-sankt-peterburg;Пермь;Санкт-Петербург;66000;6;DIRECT_LOW;;0.858;0.1828
https://city2city.ru/tyumen-nizhnij-tagil;Тюмень;Нижний Тагил;13200;6;DIRECT_LOW;2;0.8608;0.1828
https://city2city.ru/kursk-kaluga;Курск;Калуга;11000;6;DIRECT_LOW;;0.8752;0.1828
https://city2city.ru/vladimir-oboyan;Владимир;Обоянь;23400;6;DIRECT_LOW;6;0.8565;0.1828
https://city2city.ru/voronezh-kazan;Воронеж;Казань;31500;6;DIRECT_LOW;18;0.8663;0.1828
https://city2city.ru/sankt-peterburg-tambov;Санкт-Петербург;Тамбов;35100;6;DIRECT_LOW;9;0.8601;0.1828
https://city2city.ru/novosibirsk-anzhero-sudzhensk;Новосибирск;Анжеро-Судженск;10500;6;DIRECT_LOW;;0.8701;0.1828
https://city2city.ru/rostov-maxachkala;Ростов-на-Дону;Махачкала;27500;6;DIRECT_LOW;;0.816;0.1828
https://city2city.ru/astraxan-sevastopol;Астрахань;Севастополь;40500;6;DIRECT_LOW;;0.9222;0.1828
https://city2city.ru/barnaul-abakan;Барнаул;Абакан;34000;6;DIRECT_LOW;;0.9238;0.1828
https://city2city.ru/tomsk-achinsk;Томск;Ачинск;12500;6;DIRECT_LOW;;0.7582;0.1828
https://city2city.ru/ivanovo-kamenka;Иваново;Каменка;19000;6;DIRECT_LOW;;0.839;0.1828
https://city2city.ru/vladivostok-dalnerechensk;Владивосток;Дальнереченск;12300;6;DIRECT_LOW;4;0.8732;0.1828
https://city2city.ru/moskva-tujmazy;Москва;Туймазы;35000;6;DIRECT_LOW;;0.8477;0.1828
https://city2city.ru/novosibirsk-achinsk;Новосибирск;Ачинск;18500;6;DIRECT_LOW;;0.9862;0.1828
https://city2city.ru/tambov-kazan;Тамбов;Казань;24900;6;DIRECT_LOW;11;0.9862;0.1828
https://city2city.ru/krasnoyarsk-chernogorsk;Красноярск;Черногорск;11700;6;DIRECT_LOW;1;0.7522;0.1828
https://city2city.ru/ekaterinburg-plast;Екатеринбург;Пласт;10000;6;DIRECT_LOW;;0.9157;0.1828
https://city2city.ru/ekaterinburg-lysva;Екатеринбург;Лысьва;11500;6;DIRECT_LOW;;0.7767;0.1828
https://city2city.ru/rostov-tambov;Ростов-на-Дону;Тамбов;22500;6;DIRECT_LOW;;0.932;0.1828
https://city2city.ru/pskov-kursk;Псков;Курск;29700;6;DIRECT_LOW;4;0.9922;0.1828
https://city2city.ru/sankt-peterburg-perm;Санкт-Петербург;Пермь;66000;6;DIRECT_LOW;;0.9758;0.1828
https://city2city.ru/belgorod-kaluga;Белгород;Калуга;15000;6;DIRECT_LOW;;0.9213;0.1828
https://city2city.ru/moskva-roslavl;Москва;Рославль;12000;6;DIRECT_LOW;;0.9629;0.1828
https://city2city.ru/barnaul-kyzyl;Барнаул;Кызыл;45500;6;DIRECT_LOW;2;0.6401;0.1828
https://city2city.ru/orenburg-belebej;Оренбург;Белебей;12000;6;DIRECT_LOW;3;0.7594;0.1828
https://city2city.ru/tula-yaroslavl;Тула;Ярославль;13500;6;DIRECT_LOW;;0.8712;0.1828
https://city2city.ru/belgorod-velikij-novgorod;Белгород;Великий Новгород;35800;6;DIRECT_LOW;5;0.9035;0.1828
https://city2city.ru/belgorod-penza;Белгород;Пенза;23000;6;DIRECT_LOW;;0.9227;0.1828
https://city2city.ru/stavropol-kerch;Ставрополь;Керчь;16500;6;DIRECT_LOW;;0.9932;0.1828
https://city2city.ru/tambov-sankt-peterburg;Тамбов;Санкт-Петербург;35100;6;DIRECT_LOW;4;0.9769;0.1828
https://city2city.ru/penza-volgograd;Пенза;Волгоград;17500;6;DIRECT_LOW;;0.8697;0.1828
https://city2city.ru/saratov-saransk;Саратов;Саранск;11000;6;DIRECT_LOW;;0.8746;0.1828
https://city2city.ru/tula-boloxovo;Тула;Болохово;29500;6;DIRECT_LOW;;0.9936;0.1828
https://city2city.ru/xabarovsk-amursk;Хабаровск;Амурск;12900;6;DIRECT_LOW;1;0.6389;0.1828
https://city2city.ru/oryol-vladimir;Орёл;Владимир;16500;6;DIRECT_LOW;4;0.8556;0.1828
https://city2city.ru/rostov-vladikavkaz;Ростов-на-Дону;Владикавказ;21000;6;DIRECT_LOW;;0.9337;0.1828
https://city2city.ru/omsk-kuybyshev;Омск;Куйбышев;48500;6;DIRECT_LOW;;0.8734;0.1828
https://city2city.ru/kursk-chelyabinsk;Курск;Челябинск;59400;6;DIRECT_LOW;10;0.8707;0.1828
https://city2city.ru/kurgan-perm;Курган;Пермь;21900;6;DIRECT_LOW;3;0.8722;0.1828
https://city2city.ru/barnaul-krasnoyarsk;Барнаул;Красноярск;27600;6;DIRECT_LOW;3;0.8436;0.1828
https://city2city.ru/kursk-pskov;Курск;Псков;29800;6;DIRECT_LOW;2;0.9923;0.1828
https://city2city.ru/yaroslavl-tula;Ярославль;Тула;13500;6;DIRECT_LOW;;0.9889;0.1828
https://city2city.ru/samara-surgut;Самара;Сургут;61000;6;DIRECT_LOW;;0.7511;0.1828
https://city2city.ru/kazan-buzuluk;Казань;Бузулук;14500;6;DIRECT_LOW;;0.8476;0.1828
https://city2city.ru/omsk-kupino;Омск;Купино;14000;6;DIRECT_LOW;2;0.7586;0.1828
https://city2city.ru/stavropol-simferopol;Ставрополь;Симферополь;22000;6;DIRECT_LOW;;0.8749;0.1828
https://city2city.ru/bryansk-sankt-peterburg;Брянск;Санкт-Петербург;32400;6;DIRECT_LOW;;0.9052;0.1828
https://city2city.ru/pskov-lipeczk;Псков;Липецк;35700;5;DIRECT_LOW;6;0.9932;0.1683
https://city2city.ru/orenburg-volgograd;Оренбург;Волгоград;35800;5;DIRECT_LOW;4;0.8688;0.1683
https://city2city.ru/ufa-kursk;Уфа;Курск;47500;5;DIRECT_LOW;;0.9885;0.1683
https://city2city.ru/tambov-volgograd;Тамбов;Волгоград;15800;5;DIRECT_LOW;5;0.989;0.1683
https://city2city.ru/ulyanovsk-sochi;Ульяновск;Сочи;55000;5;DIRECT_LOW;;0.8641;0.1683
https://city2city.ru/kursk-tambov;Курск;Тамбов;14000;5;DIRECT_LOW;25;0.8743;0.1683
https://city2city.ru/smolensk-ryazan;Смоленск;Рязань;17700;5;DIRECT_LOW;1;0.9907;0.1683
https://city2city.ru/oryol-ryazan;Орёл;Рязань;11000;5;DIRECT_LOW;;0.8727;0.1683
https://city2city.ru/stavropol-nizhnij-novgorod;Ставрополь;Нижний Новгород;46000;5;DIRECT_LOW;;0.8608;0.1683
https://city2city.ru/yakutsk-krasnoyarsk;Якутск;Красноярск;126000;5;DIRECT_LOW;15;0.7485;0.1683
https://city2city.ru/volgograd-tambov;Волгоград;Тамбов;15800;5;DIRECT_LOW;10;0.8705;0.1683
https://city2city.ru/orenburg-nizhnekamsk;Оренбург;Нижнекамск;17200;5;DIRECT_LOW;2;0.8727;0.1683
https://city2city.ru/rostov-yalta;Ростов-на-Дону;Ялта;23000;5;DIRECT_LOW;;0.816;0.1683
https://city2city.ru/ryazan-smolensk;Рязань;Смоленск;17700;5;DIRECT_LOW;12;0.8739;0.1683
https://city2city.ru/astraxan-gelendzhik;Астрахань;Геленджик;29400;5;DIRECT_LOW;8;0.7816;0.1683
https://city2city.ru/kirov-arxangelsk;Киров;Архангельск;34000;5;DIRECT_LOW;28;0.8738;0.1683
https://city2city.ru/vladivostok-chita;Владивосток;Чита;86000;5;DIRECT_LOW;16;0.754;0.1683
https://city2city.ru/nizhnij-novgorod-rossosh;Нижний Новгород;Россошь;28500;5;DIRECT_LOW;6;0.8648;0.1683
https://city2city.ru/chelyabinsk-rostov-na-donu;Челябинск;Ростов-на-Дону;64000;5;DIRECT_LOW;;0.7917;0.1683
https://city2city.ru/ufa-anapa;Уфа;Анапа;65000;5;DIRECT_LOW;;0.9889;0.1683
https://city2city.ru/sankt-peterburg-kaluga;Санкт-Петербург;Калуга;25600;5;DIRECT_LOW;5;0.977;0.1683
https://city2city.ru/voronezh-kostroma;Воронеж;Кострома;25500;5;DIRECT_LOW;12;0.9883;0.1683
https://city2city.ru/kostroma-rostov-velikij;Кострома;Ростов;42500;5;DIRECT_LOW;3;0.9766;0.1683
https://city2city.ru/kostroma-ryazan;Кострома;Рязань;13500;5;DIRECT_LOW;;0.9915;0.1683
https://city2city.ru/ulyanovsk-saratov;Ульяновск;Саратов;13800;5;DIRECT_LOW;4;0.8715;0.1683
https://city2city.ru/izhevsk-chelyabinsk;Ижевск;Челябинск;22600;5;DIRECT_LOW;6;0.9189;0.1683
https://city2city.ru/penza-sochi;Пенза;Сочи;44000;5;DIRECT_LOW;23;0.8647;0.1683
https://city2city.ru/voronezh-anapa;Воронеж;Анапа;29500;5;DIRECT_LOW;;0.7529;0.1683
https://city2city.ru/bryansk-nizhnij-novgorod;Брянск;Нижний Новгород;24600;5;DIRECT_LOW;;0.8407;0.1683
https://city2city.ru/belgorod-ufa;Белгород;Уфа;48000;5;DIRECT_LOW;;0.9172;0.1683
https://city2city.ru/ryazan-saransk;Рязань;Саранск;13500;5;DIRECT_LOW;;0.8766;0.1683
https://city2city.ru/lugansk-chelyabinsk;Луганск;Челябинск;63500;5;DIRECT_LOW;;0.88;0.1683
https://city2city.ru/ryazan-kostroma;Рязань;Кострома;14000;5;DIRECT_LOW;;0.9912;0.1683
https://city2city.ru/krasnoyarsk-ust-ilimsk;Красноярск;Усть-Илимск;29000;5;DIRECT_LOW;20;0.8673;0.1683
https://city2city.ru/ivanovo-ekaterinburg;Иваново;Екатеринбург;45500;5;DIRECT_LOW;;0.9732;0.1683
https://city2city.ru/sankt-peterburg-cheboksary;Санкт-Петербург;Чебоксары;41000;5;DIRECT_LOW;;0.9766;0.1683
https://city2city.ru/samara-astraxan;Самара;Астрахань;36900;5;DIRECT_LOW;20;0.9879;0.1683
https://city2city.ru/orenburg-rostov-na-donu;Оренбург;Ростов-на-Дону;50100;5;DIRECT_LOW;12;0.816;0.1683
https://city2city.ru/chelyabinsk-izhevsk;Челябинск;Ижевск;22600;5;DIRECT_LOW;5;0.9189;0.1683
https://city2city.ru/krasnoyarsk-yakutsk;Красноярск;Якутск;126000;5;DIRECT_LOW;24;0.8658;0.1683
https://city2city.ru/blagoveshhensk-chita;Благовещенск;Чита;45600;5;DIRECT_LOW;1;0.7799;0.1683
https://city2city.ru/kursk-penza;Курск;Пенза;22000;5;DIRECT_LOW;;0.994;0.1683
https://city2city.ru/tyumen-nyagan;Тюмень;Нягань;29000;5;DIRECT_LOW;;0.7559;0.1683
https://city2city.ru/krasnoyarsk-vladivostok;Красноярск;Владивосток;132000;5;DIRECT_LOW;21;0.8663;0.1683
https://city2city.ru/saratov-ulyanovsk;Саратов;Ульяновск;14000;5;DIRECT_LOW;14;0.9892;0.1683
https://city2city.ru/krasnoyarsk-mariinsk;Красноярск;Мариинск;11000;5;DIRECT_LOW;;0.6322;0.1683
https://city2city.ru/krasnoyarsk-barnaul;Красноярск;Барнаул;27600;5;DIRECT_LOW;2;0.8663;0.1683
https://city2city.ru/syktyvkar-usinsk;Сыктывкар;Усинск;22000;5;DIRECT_LOW;21;0.8797;0.1683
https://city2city.ru/kursk-vologda;Курск;Вологда;29500;5;DIRECT_LOW;;0.9915;0.1683
https://city2city.ru/perm-neftekamsk;Пермь;Нефтекамск;11000;5;DIRECT_LOW;;0.7578;0.1683
https://city2city.ru/tyumen-samara;Тюмень;Самара;37000;5;DIRECT_LOW;2;0.8677;0.1683
https://city2city.ru/yakutsk-ulan-ude;Якутск;Улан-Удэ;81800;5;DIRECT_LOW;1;0.8743;0.1683
https://city2city.ru/orenburg-syzran;Оренбург;Сызрань;17500;5;DIRECT_LOW;;0.8759;0.1683
https://city2city.ru/samara-sterlitamak;Самара;Стерлитамак;15800;5;DIRECT_LOW;1;0.9875;0.1683
https://city2city.ru/kazan-sorochinsk;Казань;Сорочинск;17500;5;DIRECT_LOW;;0.7796;0.1683
https://city2city.ru/krasnoyarsk-ekaterinburg;Красноярск;Екатеринбург;71000;5;DIRECT_LOW;2;0.98;0.1683
https://city2city.ru/tyumen-kazan;Тюмень;Казань;36800;5;DIRECT_LOW;7;0.8686;0.1683
https://city2city.ru/ivanovo-tula;Иваново;Тула;14000;5;DIRECT_LOW;;0.9752;0.1683
https://city2city.ru/perm-naberezhnye-chelny;Пермь;Набережные Челны;14000;5;DIRECT_LOW;;0.8696;0.1683
https://city2city.ru/tyumen-uraj;Тюмень;Урай;14400;5;DIRECT_LOW;1;0.8736;0.1683
https://city2city.ru/ivanovo-sankt-peterburg;Иваново;Санкт-Петербург;26800;5;DIRECT_LOW;7;0.8276;0.1683
https://city2city.ru/bryansk-rossosh;Брянск;Россошь;19000;5;DIRECT_LOW;;0.7816;0.1683
https://city2city.ru/izhevsk-tolyatti;Ижевск;Тольятти;17600;5;DIRECT_LOW;1;0.85;0.1683
https://city2city.ru/cheboksary-sosnovka;Чебоксары;Сосновка;10000;5;DIRECT_LOW;;0.6646;0.1683
https://city2city.ru/ufa-kurgan;Уфа;Курган;20800;5;DIRECT_LOW;5;0.9887;0.1683
https://city2city.ru/perm-sevastopol;Пермь;Севастополь;88000;5;DIRECT_LOW;;0.8707;0.1683
https://city2city.ru/velikiy-novgorod-belgorod;Великий Новгород;Белгород;37500;5;DIRECT_LOW;20;0.8547;0.1683
https://city2city.ru/nizhnij-novgorod-tver;Нижний Новгород;Тверь;18500;5;DIRECT_LOW;;0.8617;0.1683
https://city2city.ru/belgorod-boguchar;Белгород;Богучар;11000;5;DIRECT_LOW;;0.9228;0.1683
https://city2city.ru/vladivostok-krasnoyarsk;Владивосток;Красноярск;150000;5;DIRECT_LOW;12;0.8651;0.1683
https://city2city.ru/rostov-orenburg;Ростов-на-Дону;Оренбург;50100;5;DIRECT_LOW;16;0.8144;0.1683
https://city2city.ru/rostov-tver;Ростов-на-Дону;Тверь;38000;5;DIRECT_LOW;;0.9328;0.1683
https://city2city.ru/perm-voronezh;Пермь;Воронеж;52000;5;DIRECT_LOW;26;0.9879;0.1683
https://city2city.ru/ryazan-oryol;Рязань;Орёл;11000;5;DIRECT_LOW;;0.8727;0.1683
https://city2city.ru/yakutsk-chita;Якутск;Чита;62000;5;DIRECT_LOW;2;0.8729;0.1683
https://city2city.ru/ekaterinburg-sovetskij-2;Екатеринбург;Советский;21500;5;DIRECT_LOW;;0.9072;0.1683
https://city2city.ru/tyumen-bajmak;Тюмень;Баймак;25000;5;DIRECT_LOW;;0.8734;0.1683
https://city2city.ru/svo-taxi-kazan-lugansk;Казань;Луганск;44500;5;DIRECT_LOW;;0.8685;0.1683
https://city2city.ru/nizhnij-novgorod-ekaterinburg;Нижний Новгород;Екатеринбург;38000;5;DIRECT_LOW;;0.8592;0.1683
https://city2city.ru/saransk-pochinok;Саранск;Починок;31500;5;DIRECT_LOW;;0.6422;0.1683
https://city2city.ru/stavropol-sankt-peterburg;Ставрополь;Санкт-Петербург;63800;5;DIRECT_LOW;9;0.8602;0.1683
https://city2city.ru/kirov-cheboksary;Киров;Чебоксары;11500;5;DIRECT_LOW;;0.8741;0.1683
https://city2city.ru/krasnoyarsk-xabarovsk;Красноярск;Хабаровск;127500;5;DIRECT_LOW;20;0.7473;0.1683
https://city2city.ru/volgograd-orenburg;Волгоград;Оренбург;35100;5;DIRECT_LOW;1;0.9856;0.1683
https://city2city.ru/belgorod-arxangelsk;Белгород;Архангельск;57000;5;DIRECT_LOW;;0.9205;0.1683
https://city2city.ru/krasnodar-izhevsk;Краснодар;Ижевск;62000;5;DIRECT_LOW;;0.868;0.1683
https://city2city.ru/kurgan-moskva;Курган;Москва;61500;5;DIRECT_LOW;;0.8458;0.1683
https://city2city.ru/kostroma-voronezh;Кострома;Воронеж;25600;5;DIRECT_LOW;10;0.9901;0.1683
https://city2city.ru/kemerovo-abakan;Кемерово;Абакан;22000;5;DIRECT_LOW;;0.8541;0.1683
https://city2city.ru/kursk-ufa;Курск;Уфа;47000;5;DIRECT_LOW;;0.9876;0.1683
https://city2city.ru/astraxan-volzhskij;Астрахань;Волжский;13200;5;DIRECT_LOW;6;0.7815;0.1683
https://city2city.ru/sankt-peterburg-sevastopol;Санкт-Петербург;Севастополь;74600;5;DIRECT_LOW;11;0.8615;0.1683
https://city2city.ru/syktyvkar-kazan;Сыктывкар;Казань;24900;5;DIRECT_LOW;2;0.7522;0.1683
https://city2city.ru/kostroma-cherepovecz;Кострома;Череповец;12500;5;DIRECT_LOW;;0.9965;0.1683
https://city2city.ru/rostov-chelyabinsk;Ростов-на-Дону;Челябинск;64800;5;DIRECT_LOW;10;0.9345;0.1683
https://city2city.ru/krasnodar-nizhnij-novgorod;Краснодар;Нижний Новгород;47500;5;DIRECT_LOW;;0.8586;0.1683
https://city2city.ru/svo-taxi-rossosh-nizhniy-novgorod;Россошь;Нижний Новгород;28500;5;DIRECT_LOW;;0.8802;0.1683
https://city2city.ru/krasnoyarsk-norilsk;Красноярск;Норильск;60500;5;DIRECT_LOW;22;0.8671;0.1683
https://city2city.ru/moskva-kirovsk-2;Москва;Кировск;54500;5;DIRECT_LOW;;0.9644;0.1683
https://city2city.ru/lipeczk-pskov;Липецк;Псков;36000;5;DIRECT_LOW;10;0.878;0.1683
https://city2city.ru/moskva-essentuki;Москва;Ессентуки;47700;4;DIRECT_LOW;15;0.8477;0.1512
https://city2city.ru/ulyanovsk-volgograd;Ульяновск;Волгоград;25000;4;DIRECT_LOW;;0.869;0.1512
https://city2city.ru/sankt-peterburg-magnitogorsk;Санкт-Петербург;Магнитогорск;71000;4;DIRECT_LOW;;0.8612;0.1512
https://city2city.ru/yakutsk-novosibirsk;Якутск;Новосибирск;149400;4;DIRECT_LOW;2;0.7501;0.1512
https://city2city.ru/sankt-peterburg-sochi;Санкт-Петербург;Сочи;70200;4;DIRECT_LOW;14;0.8548;0.1512
https://city2city.ru/voronezh-ivanovo;Воронеж;Иваново;22000;4;DIRECT_LOW;;0.9757;0.1512
https://city2city.ru/ulyanovsk-nizhnekamsk;Ульяновск;Нижнекамск;10600;4;DIRECT_LOW;7;0.6404;0.1512
https://city2city.ru/tula-nizhnij-novgorod;Тула;Нижний Новгород;18000;4;DIRECT_LOW;;0.8595;0.1512
https://city2city.ru/ufa-mednogorsk;Уфа;Медногорск;16200;4;DIRECT_LOW;8;0.9888;0.1512
https://city2city.ru/izhevsk-sankt-peterburg;Ижевск;Санкт-Петербург;56000;4;DIRECT_LOW;;0.9069;0.1512
https://city2city.ru/kirov-anapa;Киров;Анапа;66000;4;DIRECT_LOW;;0.9952;0.1512
https://city2city.ru/orenburg-tujmazy;Оренбург;Туймазы;12000;4;DIRECT_LOW;;0.8745;0.1512
https://city2city.ru/ekaterinburg-birsk;Екатеринбург;Бирск;13000;4;DIRECT_LOW;;0.8457;0.1512
https://city2city.ru/kirov-uren;Киров;Урень;11000;4;DIRECT_LOW;;0.7574;0.1512
https://city2city.ru/ulyanovsk-ryazan;Ульяновск;Рязань;23000;4;DIRECT_LOW;15;0.9903;0.1512
https://city2city.ru/ekaterinburg-yugorsk;Екатеринбург;Югорск;21300;4;DIRECT_LOW;7;0.776;0.1512
https://city2city.ru/irkutsk-aeroport-ust-kut;аэропорт Иркутск;Усть-Кут;38500;4;DIRECT_LOW;;0.5804;0.1512
https://city2city.ru/krasnodar-ufa;Краснодар;Уфа;59100;4;DIRECT_LOW;15;0.989;0.1512
https://city2city.ru/sankt-peterburg-kazan;Санкт-Петербург;Казань;45300;4;DIRECT_LOW;12;0.8571;0.1512
https://city2city.ru/smolensk-samara;Смоленск;Самара;44500;4;DIRECT_LOW;14;0.9878;0.1512
https://city2city.ru/kostroma-tver;Кострома;Тверь;12400;4;DIRECT_LOW;8;0.9955;0.1512
https://city2city.ru/moskva-rylsk;Москва;Рыльск;17100;4;DIRECT_LOW;9;0.846;0.1512
https://city2city.ru/chelyabinsk-ryazan;Челябинск;Рязань;50500;4;DIRECT_LOW;;0.9875;0.1512
https://city2city.ru/orenburg-voronezh;Оренбург;Воронеж;39600;4;DIRECT_LOW;4;0.8693;0.1512
https://city2city.ru/lugansk-bryansk;Луганск;Брянск;29500;4;DIRECT_LOW;;0.88;0.1512
https://city2city.ru/volgograd-ufa;Волгоград;Уфа;37400;4;DIRECT_LOW;11;0.9842;0.1512
https://city2city.ru/svo-taxi-rossosh-bryansk;Россошь;Брянск;19000;4;DIRECT_LOW;;0.8802;0.1512
https://city2city.ru/vladimir-ekaterinburg;Владимир;Екатеринбург;44000;4;DIRECT_LOW;24;0.9708;0.1512
https://city2city.ru/ryazan-ulyanovsk;Рязань;Ульяновск;23100;4;DIRECT_LOW;13;0.8753;0.1512
https://city2city.ru/stavropol-gelendzhik;Ставрополь;Геленджик;14000;4;DIRECT_LOW;;0.8752;0.1512
https://city2city.ru/syktyvkar-kotlas;Сыктывкар;Котлас;11100;4;DIRECT_LOW;4;0.6438;0.1512
https://city2city.ru/perm-volgograd;Пермь;Волгоград;50000;4;DIRECT_LOW;;0.985;0.1512
https://city2city.ru/nizhnij-novgorod-bryansk;Нижний Новгород;Брянск;24900;4;DIRECT_LOW;;0.9785;0.1512
https://city2city.ru/volgograd-perm;Волгоград;Пермь;49500;4;DIRECT_LOW;;0.9851;0.1512
https://city2city.ru/petrozavodsk-pudozh;Петрозаводск;Пудож;10500;4;DIRECT_LOW;;0.7622;0.1512
https://city2city.ru/murmansk-safonovo;Мурманск;Сафоново;63500;4;DIRECT_LOW;;0.7584;0.1512
https://city2city.ru/nizhnij-novgorod-tula;Нижний Новгород;Тула;18500;4;DIRECT_LOW;;0.9779;0.1512
https://city2city.ru/moskva-xanty-mansijsk;Москва;Ханты-Мансийск;80000;4;DIRECT_LOW;;0.7327;0.1512
https://city2city.ru/smolensk-tula;Смоленск;Тула;13500;4;DIRECT_LOW;;0.992;0.1512
https://city2city.ru/rostov-vladimir;Ростов-на-Дону;Владимир;37500;4;DIRECT_LOW;;0.9345;0.1512
https://city2city.ru/xabarovsk-naxodka-2;Хабаровск;Находка;26000;4;DIRECT_LOW;12;0.753;0.1512
https://city2city.ru/svo-taxi-bryansk-lugansk;Брянск;Луганск;30000;4;DIRECT_LOW;28;0.9923;0.1512
https://city2city.ru/petrozavodsk-belomorsk;Петрозаводск;Беломорск;11500;4;DIRECT_LOW;;0.8808;0.1512
https://city2city.ru/tver-kostroma;Тверь;Кострома;12400;4;DIRECT_LOW;6;0.992;0.1512
https://city2city.ru/pskov-ryazan;Псков;Рязань;30200;4;DIRECT_LOW;11;0.9945;0.1512
https://city2city.ru/tula-smolensk;Тула;Смоленск;13500;4;DIRECT_LOW;;0.9911;0.1512
https://city2city.ru/sankt-peterburg-simferopol;Санкт-Петербург;Симферополь;75500;4;DIRECT_LOW;;0.8602;0.1512
https://city2city.ru/ufa-volgograd;Уфа;Волгоград;37800;4;DIRECT_LOW;8;0.9842;0.1512
https://city2city.ru/xabarovsk-naxodka;Хабаровск;Находка;26000;4;DIRECT_LOW;10;0.753;0.1512
https://city2city.ru/volgograd-kislovodsk;Волгоград;Кисловодск;19500;4;DIRECT_LOW;;0.8706;0.1512
https://city2city.ru/kemerovo-gorno-altaysk;Кемерово;Горно-Алтайск;17100;4;DIRECT_LOW;4;0.5153;0.1512
https://city2city.ru/ryazan-volgograd;Рязань;Волгоград;24000;4;DIRECT_LOW;2;0.986;0.1512
https://city2city.ru/kirov-izhevsk;Киров;Ижевск;12800;4;DIRECT_LOW;2;0.7558;0.1512
https://city2city.ru/kostroma-kazan;Кострома;Казань;21500;4;DIRECT_LOW;;0.9886;0.1512
https://city2city.ru/stavropol-voronezh;Ставрополь;Воронеж;27000;4;DIRECT_LOW;;0.988;0.1512
https://city2city.ru/ufa-voronezh;Уфа;Воронеж;40200;4;DIRECT_LOW;9;0.9857;0.1512
https://city2city.ru/rostov-temryuk;Ростов-на-Дону;Темрюк;12500;4;DIRECT_LOW;;0.8144;0.1512
https://city2city.ru/cheboksary-izhevsk;Чебоксары;Ижевск;15500;4;DIRECT_LOW;;0.8496;0.1512
https://city2city.ru/ryazan-pskov;Рязань;Псков;30000;4;DIRECT_LOW;12;0.8736;0.1512
https://city2city.ru/samara-tula;Самара;Тула;38000;4;DIRECT_LOW;;0.9859;0.1512
https://city2city.ru/belgorod-obninsk;Белгород;Обнинск;17500;4;DIRECT_LOW;;0.851;0.1512
https://city2city.ru/moskva-sibaj;Москва;Сибай;53000;4;DIRECT_LOW;;0.7292;0.1512
https://city2city.ru/lipeczk-nizhnij-novgorod;Липецк;Нижний Новгород;18300;4;DIRECT_LOW;5;0.8626;0.1512
https://city2city.ru/volgograd-ryazan;Волгоград;Рязань;24000;4;DIRECT_LOW;9;0.9859;0.1512
https://city2city.ru/belgorod-simferopol;Белгород;Симферополь;41500;4;DIRECT_LOW;;0.7359;0.1512
https://city2city.ru/sankt-peterburg-kurgan;Санкт-Петербург;Курган;82000;4;DIRECT_LOW;22;0.977;0.1512
https://city2city.ru/kirov-tolyatti;Киров;Тольятти;22000;4;DIRECT_LOW;;0.8728;0.1512
https://city2city.ru/rostov-majkop;Ростов-на-Дону;Майкоп;10000;4;DIRECT_LOW;;0.8152;0.1512
https://city2city.ru/moskva-kotlas;Москва;Котлас;29500;4;DIRECT_LOW;;0.8452;0.1512
https://city2city.ru/yaroslavl-murmansk;Ярославль;Мурманск;48000;4;DIRECT_LOW;;0.9902;0.1512
https://city2city.ru/xanty-mansijsk-kogalym;Ханты-Мансийск;Когалым;14000;4;DIRECT_LOW;28;0.8781;0.1512
https://city2city.ru/voronezh-orenburg;Воронеж;Оренбург;39600;4;DIRECT_LOW;4;0.9886;0.1512
https://city2city.ru/rostov-majkop-2;Ростов-на-Дону;Майкоп;10000;4;DIRECT_LOW;;0.8152;0.1512
https://city2city.ru/chelyabinsk-sochi;Челябинск;Сочи;79600;4;DIRECT_LOW;10;0.7218;0.1512
https://city2city.ru/penza-joshkar-ola;Пенза;Йошкар-Ола;17000;4;DIRECT_LOW;;0.8724;0.1512
https://city2city.ru/cheboksary-syzran;Чебоксары;Сызрань;11000;4;DIRECT_LOW;;0.8527;0.1512
https://city2city.ru/ekaterinburg-chajkovskij;Екатеринбург;Чайковский;14000;4;DIRECT_LOW;;0.7747;0.1512
https://city2city.ru/voronezh-ufa;Воронеж;Уфа;40000;4;DIRECT_LOW;7;0.9865;0.1512
https://city2city.ru/samara-belebej;Самара;Белебей;10800;4;DIRECT_LOW;4;0.8709;0.1512
https://city2city.ru/ekaterinburg-rostov-na-don;Екатеринбург;Ростов-на-Дону;66000;4;DIRECT_LOW;10;0.7917;0.1512
https://city2city.ru/vologda-pskov;Вологда;Псков;24000;4;DIRECT_LOW;;0.9917;0.1512
https://city2city.ru/nizhnij-novgorod-lipeczk;Нижний Новгород;Липецк;18300;4;DIRECT_LOW;7;0.8644;0.1512
https://city2city.ru/ivanovo-anapa;Иваново;Анапа;53600;4;DIRECT_LOW;8;0.8344;0.1512
https://city2city.ru/elista-anapa;Элиста;Анапа;20500;4;DIRECT_LOW;;0.925;0.1512
https://city2city.ru/kaluga-lipeczk;Калуга;Липецк;12000;4;DIRECT_LOW;;0.8516;0.1512
https://city2city.ru/stavropol-novorossijsk;Ставрополь;Новороссийск;14100;4;DIRECT_LOW;18;0.8743;0.1512
https://city2city.ru/ufa-uxta;Уфа;Ухта;45500;4;DIRECT_LOW;;0.7533;0.1512
https://city2city.ru/lugansk-izhevsk;Луганск;Ижевск;53700;4;DIRECT_LOW;;0.8792;0.1512
https://city2city.ru/krasnodar-bryansk;Краснодар;Брянск;38800;4;DIRECT_LOW;;0.9869;0.1512
https://city2city.ru/ulyanovsk-orsk;Ульяновск;Орск;29000;4;DIRECT_LOW;6;0.8753;0.1512
https://city2city.ru/tyumen-sochi;Тюмень;Сочи;91200;3;DIRECT_LOW;2;0.8634;0.1302
https://city2city.ru/stavropol-bryansk;Ставрополь;Брянск;40800;3;DIRECT_LOW;20;0.8731;0.1302
https://city2city.ru/lipeczk-gelendzhik;Липецк;Геленджик;34000;3;DIRECT_LOW;;0.9955;0.1302
https://city2city.ru/belgorod-pskov;Белгород;Псков;34000;3;DIRECT_LOW;3;0.9215;0.1302
https://city2city.ru/bryansk-sochi;Брянск;Сочи;47500;3;DIRECT_LOW;;0.9115;0.1302
https://city2city.ru/vladivostok-novosibirsk;Владивосток;Новосибирск;174000;3;DIRECT_LOW;2;0.8699;0.1302
https://city2city.ru/moskva-uralskij;Москва;Уральский;41500;3;DIRECT_LOW;;0.8446;0.1302
https://city2city.ru/svo-taxi-rossosh-kursk;Россошь;Курск;10500;3;DIRECT_LOW;;0.8802;0.1302
https://city2city.ru/rostov-pskov;Ростов-на-Дону;Псков;56500;3;DIRECT_LOW;;0.9328;0.1302
https://city2city.ru/ufa-dimitrovgrad;Уфа;Димитровград;15000;3;DIRECT_LOW;;0.8719;0.1302
https://city2city.ru/syktyvkar-samara;Сыктывкар;Самара;35000;3;DIRECT_LOW;28;0.8689;0.1302
https://city2city.ru/rostov-nevinnomyssk;Ростов-на-Дону;Невинномысск;11000;3;DIRECT_LOW;;0.9354;0.1302
https://city2city.ru/rostov-saransk;Ростов-на-Дону;Саранск;32500;3;DIRECT_LOW;;0.8144;0.1302
https://city2city.ru/moskva-belebej;Москва;Белебей;37000;3;DIRECT_LOW;9;0.9629;0.1302
https://city2city.ru/ufa-syzran;Уфа;Сызрань;17500;3;DIRECT_LOW;;0.871;0.1302
https://city2city.ru/elista-voronezh;Элиста;Воронеж;25000;3;DIRECT_LOW;;0.919;0.1302
https://city2city.ru/chelyabinsk-nizhnekamsk;Челябинск;Нижнекамск;22500;3;DIRECT_LOW;;0.8471;0.1302
https://city2city.ru/irkutsk-ekaterinburg;Иркутск;Екатеринбург;102000;3;DIRECT_LOW;;0.7967;0.1302
https://city2city.ru/saratov-ivanteevka;Саратов;Ивантеевка;26500;3;DIRECT_LOW;;0.7548;0.1302
https://city2city.ru/vladivostok-bikin;Владивосток;Бикин;16000;3;DIRECT_LOW;;0.8731;0.1302
https://city2city.ru/ufa-penza;Уфа;Пенза;25000;3;DIRECT_LOW;;0.9885;0.1302
https://city2city.ru/stavropol-ufa;Ставрополь;Уфа;54500;3;DIRECT_LOW;26;0.871;0.1302
https://city2city.ru/krasnoyarsk-abaza;Красноярск;Абаза;17500;3;DIRECT_LOW;16;0.8682;0.1302
https://city2city.ru/saratov-izhevsk;Саратов;Ижевск;29500;3;DIRECT_LOW;;0.873;0.1302
https://city2city.ru/xabarovsk-novosibirsk;Хабаровск;Новосибирск;150500;3;DIRECT_LOW;;0.6317;0.1302
https://city2city.ru/ufa-stavropol;Уфа;Ставрополь;54500;3;DIRECT_LOW;7;0.8702;0.1302
https://city2city.ru/chelyabinsk-mirnyj;Челябинск;Мирный;144000;3;DIRECT_LOW;;0.798;0.1302
https://city2city.ru/krasnodar-ulyanovsk;Краснодар;Ульяновск;45500;3;DIRECT_LOW;;0.9864;0.1302
https://city2city.ru/ryazan-ekaterinburg;Рязань;Екатеринбург;48000;3;DIRECT_LOW;;0.8671;0.1302
https://city2city.ru/cheboksary-oktyabrskij-respublika-bashkortostan;Чебоксары;Октябрьский;17000;3;DIRECT_LOW;;0.7807;0.1302
https://city2city.ru/sankt-peterburg-tyumen;Санкт-Петербург;Тюмень;80500;3;DIRECT_LOW;16;0.859;0.1302
https://city2city.ru/krasnodar-kaluga;Краснодар;Калуга;38000;3;DIRECT_LOW;;0.9858;0.1302
https://city2city.ru/bryansk-doneczk-rostovskaya-oblast;Брянск;Донецк;35100;3;DIRECT_LOW;;0.9229;0.1302
https://city2city.ru/yaroslavl-oryol;Ярославль;Орёл;19000;3;DIRECT_LOW;;0.8714;0.1302
https://city2city.ru/ufa-novorossijsk;Уфа;Новороссийск;65500;3;DIRECT_LOW;;0.9881;0.1302
https://city2city.ru/svo-taxi-lugansk-rovenki;Луганск;Ровеньки;14500;3;DIRECT_LOW;;0.879;0.1302
https://city2city.ru/tyumen-belgorod;Тюмень;Белгород;73500;3;DIRECT_LOW;;0.8711;0.1302
https://city2city.ru/kyzyl-minusinsk;Кызыл;Минусинск;11000;3;DIRECT_LOW;5;0.7615;0.1302
https://city2city.ru/penza-ufa;Пенза;Уфа;24800;3;DIRECT_LOW;4;0.871;0.1302
https://city2city.ru/volgograd-sochi;Волгоград;Сочи;29500;3;DIRECT_LOW;;0.9817;0.1302
https://city2city.ru/volgograd-lipeczk;Волгоград;Липецк;19500;3;DIRECT_LOW;8;0.9868;0.1302
https://city2city.ru/lugansk-stavropol;Луганск;Ставрополь;16000;3;DIRECT_LOW;;0.8808;0.1302
https://city2city.ru/rostov-yaroslavl;Ростов-на-Дону;Ярославль;40000;3;DIRECT_LOW;;0.6968;0.1302
https://city2city.ru/tomsk-prokopevsk;Томск;Прокопьевск;12000;3;DIRECT_LOW;;0.7573;0.1302
https://city2city.ru/rostov-kaluga;Ростов-на-Дону;Калуга;30300;3;DIRECT_LOW;11;0.9337;0.1302
https://city2city.ru/orenburg-tyumen;Оренбург;Тюмень;34800;3;DIRECT_LOW;3;0.8729;0.1302
https://city2city.ru/tyumen-kogalym;Тюмень;Когалым;29000;3;DIRECT_LOW;;0.8743;0.1302
https://city2city.ru/yaroslavl-rostov-na-donu;Ярославль;Ростов-на-Дону;40500;3;DIRECT_LOW;3;0.8161;0.1302
https://city2city.ru/svo-taxi-kamenka-nizhniy-novgorod;село Каменка;Нижний Новгород;13500;3;DIRECT_LOW;;0.8675;0.1302
https://city2city.ru/oryol-nizhnij-novgorod;Орёл;Нижний Новгород;26500;3;DIRECT_LOW;;0.8596;0.1302
https://city2city.ru/rostov-ekaterinburg;Ростов-на-Дону;Екатеринбург;65700;3;DIRECT_LOW;19;0.9345;0.1302
https://city2city.ru/bryansk-stavropol;Брянск;Ставрополь;41000;3;DIRECT_LOW;;0.991;0.1302
https://city2city.ru/bryansk-lipeczk;Брянск;Липецк;13000;3;DIRECT_LOW;2;0.7803;0.1302
https://city2city.ru/lipeczk-kaluga;Липецк;Калуга;12000;3;DIRECT_LOW;;0.9925;0.1302
https://city2city.ru/orenburg-chebarkul;Оренбург;Чебаркуль;20000;3;DIRECT_LOW;;0.7562;0.1302
https://city2city.ru/moskva-nizhnevartovsk;Москва;Нижневартовск;90000;3;DIRECT_LOW;;0.8468;0.1302
https://city2city.ru/lipeczk-volgograd;Липецк;Волгоград;19500;3;DIRECT_LOW;10;0.9869;0.1302
https://city2city.ru/kazan-agryz;Казань;Агрыз;10000;3;DIRECT_LOW;;0.846;0.1302
https://city2city.ru/chelyabinsk-mezhgore;Челябинск;Межгорье;11000;3;DIRECT_LOW;;0.5914;0.1302
https://city2city.ru/ekaterinburg-berezniki;Екатеринбург;Березники;16500;3;DIRECT_LOW;;0.7045;0.1302
https://city2city.ru/astraxan-belgorod;Астрахань;Белгород;38000;3;DIRECT_LOW;;0.9223;0.1302
https://city2city.ru/volgograd-tolyatti;Волгоград;Тольятти;23500;3;DIRECT_LOW;;0.8689;0.1302
https://city2city.ru/svo-taxi-rovenki-lugansk;рабочий посёлок Ровеньки;Луганск;14500;3;DIRECT_LOW;;0.8586;0.1302
https://city2city.ru/orenburg-tula;Оренбург;Тула;50000;3;DIRECT_LOW;;0.8756;0.1302
https://city2city.ru/kazan-chernushka;Казань;Чернушка;18500;3;DIRECT_LOW;;0.8466;0.1302
https://city2city.ru/kurgan-sibaj;Курган;Сибай;19500;3;DIRECT_LOW;;0.8778;0.1302
https://city2city.ru/tyumen-orenburg;Тюмень;Оренбург;34800;3;DIRECT_LOW;2;0.8713;0.1302
https://city2city.ru/voronezh-novomoskovsk;Воронеж;Новомосковск;10000;3;DIRECT_LOW;;0.9885;0.1302
https://city2city.ru/krasnodar-kazan;Краснодар;Казань;51200;3;DIRECT_LOW;7;0.9845;0.1302
https://city2city.ru/volgograd-pyatigorsk;Волгоград;Пятигорск;19000;3;DIRECT_LOW;;0.8697;0.1302
https://city2city.ru/tula-simferopol;Тула;Симферополь;48000;3;DIRECT_LOW;;0.8727;0.1302
https://city2city.ru/xanty-mansijsk-ufa;Ханты-Мансийск;Уфа;46500;3;DIRECT_LOW;;0.87;0.1302
https://city2city.ru/kurgan-magnitogorsk;Курган;Магнитогорск;17100;3;DIRECT_LOW;2;0.876;0.1302
https://city2city.ru/arxangelsk-vologda;Архангельск;Вологда;23000;3;DIRECT_LOW;1;0.8507;0.1302
https://city2city.ru/krasnodar-staryj-oskol;Краснодар;Старый Оскол;27900;3;DIRECT_LOW;6;0.8479;0.1302
https://city2city.ru/kazan-barysh;Казань;Барыш;11000;3;DIRECT_LOW;;0.9163;0.1302
https://city2city.ru/penza-ryazan;Пенза;Рязань;13500;3;DIRECT_LOW;;0.8736;0.1302
https://city2city.ru/ufa-nefteyugansk;Уфа;Нефтеюганск;47000;3;DIRECT_LOW;;0.7535;0.1302
https://city2city.ru/ufa-xanty-mansijsk;Уфа;Ханты-Мансийск;48000;3;DIRECT_LOW;;0.87;0.1302
https://city2city.ru/kyzyl-tomsk;Кызыл;Томск;35500;3;DIRECT_LOW;6;0.7572;0.1302
https://city2city.ru/tyumen-nadym;Тюмень;Надым;53100;3;DIRECT_LOW;2;0.8735;0.1302
https://city2city.ru/tula-sankt-peterburg;Тула;Санкт-Петербург;26700;3;DIRECT_LOW;2;0.8589;0.1302
https://city2city.ru/sochi-kazan;Сочи;Казань;59500;3;DIRECT_LOW;28;0.8613;0.1302
https://city2city.ru/tyumen-sankt-peterburg;Тюмень;Санкт-Петербург;81200;3;DIRECT_LOW;6;0.8582;0.1302
https://city2city.ru/astraxan-zheleznovodsk;Астрахань;Железноводск;19000;3;DIRECT_LOW;;0.8529;0.1302
https://city2city.ru/sankt-peterburg-izhevsk;Санкт-Петербург;Ижевск;56500;3;DIRECT_LOW;;0.9762;0.1302
https://city2city.ru/orenburg-kirov;Оренбург;Киров;31000;3;DIRECT_LOW;28;0.8732;0.1302
https://city2city.ru/ivanovo-naro-fominsk;Иваново;Наро-Фоминск;11500;3;DIRECT_LOW;;0.8355;0.1302
https://city2city.ru/syktyvkar-pechora;Сыктывкар;Печора;17500;3;DIRECT_LOW;;0.8783;0.1302
https://city2city.ru/tambov-boguchar;Тамбов;Богучар;12500;3;DIRECT_LOW;26;0.9937;0.1302
https://city2city.ru/kursk-samara;Курск;Самара;35000;3;DIRECT_LOW;;0.9896;0.1302
https://city2city.ru/ufa-nizhnevartovsk;Уфа;Нижневартовск;55200;3;DIRECT_LOW;5;0.7533;0.1302
https://city2city.ru/yaroslavl-kstovo;Ярославль;Кстово;11500;3;DIRECT_LOW;;0.7558;0.1302
https://city2city.ru/astraxan-temryuk;Астрахань;Темрюк;29000;3;DIRECT_LOW;;0.9244;0.1302
https://city2city.ru/tula-orenburg;Тула;Оренбург;50000;3;DIRECT_LOW;;0.8715;0.1302
https://city2city.ru/orenburg-novyj-urengoj;Оренбург;Новый Уренгой;80000;3;DIRECT_LOW;;0.7094;0.1302
https://city2city.ru/orenburg-bavly;Оренбург;Бавлы;11100;3;DIRECT_LOW;3;0.7548;0.1302
https://city2city.ru/tambov-oryol;Тамбов;Орёл;13000;3;DIRECT_LOW;;0.8735;0.1302
https://city2city.ru/kursk-rossosh;Курск;Россошь;11000;3;DIRECT_LOW;;0.8788;0.1302
https://city2city.ru/svo-taxi-boguchar-bryansk;Богучар;Брянск;21500;3;DIRECT_LOW;;0.8806;0.1302
https://city2city.ru/kazan-novyj-urengoj;Казань;Новый Уренгой;82000;3;DIRECT_LOW;;0.7999;0.1302
https://city2city.ru/kurgan-tobolsk;Курган;Тобольск;13000;3;DIRECT_LOW;21;0.7607;0.1302
https://city2city.ru/kostroma-saratov;Кострома;Саратов;29600;3;DIRECT_LOW;;0.9902;0.1302
https://city2city.ru/xabarovsk-artyom;Хабаровск;Артём;22000;3;DIRECT_LOW;7;0.7456;0.1302
https://city2city.ru/sankt-peterburg-rybinsk;Санкт-Петербург;Рыбинск;22500;3;DIRECT_LOW;;0.8594;0.1302
https://city2city.ru/ryazan-kirov;Рязань;Киров;30500;3;DIRECT_LOW;;0.8721;0.1302
https://city2city.ru/ryazan-penza;Рязань;Пенза;13500;3;DIRECT_LOW;;0.8728;0.1302
https://city2city.ru/belgorod-sochi;Белгород;Сочи;37000;3;DIRECT_LOW;;0.6514;0.1302
https://city2city.ru/xanty-mansijsk-ekaterinburg;Ханты-Мансийск;Екатеринбург;30300;3;DIRECT_LOW;2;0.7504;0.1302
https://city2city.ru/sankt-peterburg-tula;Санкт-Петербург;Тула;26700;3;DIRECT_LOW;2;0.9774;0.1302
https://city2city.ru/samara-kursk;Самара;Курск;34600;3;DIRECT_LOW;12;0.9867;0.1302
https://city2city.ru/kursk-volgograd;Курск;Волгоград;24200;3;DIRECT_LOW;9;0.9872;0.1302
https://city2city.ru/kemerovo-zelenogorsk;Кемерово;Зеленогорск;129000;3;DIRECT_LOW;;0.9267;0.1302
https://city2city.ru/saratov-tula;Саратов;Тула;24000;3;DIRECT_LOW;;0.8712;0.1302
https://city2city.ru/volgograd-kursk;Волгоград;Курск;24200;3;DIRECT_LOW;11;0.8688;0.1302
https://city2city.ru/volgograd-lgov;Волгоград;Льгов;26700;3;DIRECT_LOW;2;0.87;0.1302
https://city2city.ru/bryansk-rostov-na-donu;Брянск;Ростов-на-Дону;30900;3;DIRECT_LOW;;0.8615;0.1302
https://city2city.ru/oryol-tambov;Орёл;Тамбов;13000;3;DIRECT_LOW;;0.8768;0.1302
https://city2city.ru/xabarovsk-novosibirsk-2;Хабаровск;Новосибирск;150500;3;DIRECT_LOW;;0.6317;0.1302
https://city2city.ru/orenburg-surgut;Оренбург;Сургут;58200;3;DIRECT_LOW;1;0.8756;0.1302
https://city2city.ru/blagoveshhensk-ulan-ude;Благовещенск;Улан-Удэ;66000;2;DIRECT_LOW;;0.7123;0.1032
https://city2city.ru/novosibirsk-kalachinsk;Новосибирск;Калачинск;17000;2;DIRECT_LOW;7;0.8694;0.1032
https://city2city.ru/elista-gelendzhik;Элиста;Геленджик;20000;2;DIRECT_LOW;;0.8563;0.1032
https://city2city.ru/nizhnij-novgorod-vologda;Нижний Новгород;Вологда;17000;2;DIRECT_LOW;28;0.9794;0.1032
https://city2city.ru/orenburg-neftekamsk;Оренбург;Нефтекамск;17500;2;DIRECT_LOW;;0.8736;0.1032
https://city2city.ru/chelyabinsk-adler;Челябинск;Адлер;81500;2;DIRECT_LOW;;0.9884;0.1032
https://city2city.ru/petrozavodsk-kursk;Петрозаводск;Курск;45900;2;DIRECT_LOW;3;0.8799;0.1032
https://city2city.ru/xanty-mansijsk-tobolsk;Ханты-Мансийск;Тобольск;13000;2;DIRECT_LOW;27;0.7593;0.1032
https://city2city.ru/pskov-belgorod;Псков;Белгород;33800;2;DIRECT_LOW;12;0.9919;0.1032
https://city2city.ru/vladivostok-birobidzhan;Владивосток;Биробиджан;28500;2;DIRECT_LOW;;0.873;0.1032
https://city2city.ru/rostov-vyoshenskaya;Ростов-на-Дону;станица Вешенская;11000;2;DIRECT_LOW;;0.6976;0.1032
https://city2city.ru/cheboksary-rostov-na-donu;Чебоксары;Ростов-на-Дону;41700;2;DIRECT_LOW;10;0.7917;0.1032
https://city2city.ru/kazan-glazov;Казань;Глазов;17000;2;DIRECT_LOW;;0.9173;0.1032
https://city2city.ru/voronezh-naro-fominsk;Воронеж;Наро-Фоминск;16500;2;DIRECT_LOW;2;0.9887;0.1032
https://city2city.ru/saratov-frolovo;Саратов;Фролово;10000;2;DIRECT_LOW;;0.8732;0.1032
https://city2city.ru/lipeczk-sankt-peterburg;Липецк;Санкт-Петербург;35500;2;DIRECT_LOW;;0.9803;0.1032
https://city2city.ru/volgograd-narimanov;Волгоград;Нариманов;11500;2;DIRECT_LOW;30;0.6343;0.1032
https://city2city.ru/perm-tambov;Пермь;Тамбов;45200;2;DIRECT_LOW;9;0.9919;0.1032
https://city2city.ru/rostov-adler;Ростов-на-Дону;Адлер;17000;2;DIRECT_LOW;;0.6976;0.1032
https://city2city.ru/tambov-perm;Тамбов;Пермь;45200;2;DIRECT_LOW;4;0.8711;0.1032
https://city2city.ru/ufa-tver;Уфа;Тверь;45000;2;DIRECT_LOW;;0.9884;0.1032
https://city2city.ru/tyumen-kamenka;Тюмень;Каменка;52000;2;DIRECT_LOW;;0.8733;0.1032
https://city2city.ru/tomsk-irkutsk;Томск;Иркутск;49000;2;DIRECT_LOW;;0.8728;0.1032
https://city2city.ru/ekaterinburg-nyagan;Екатеринбург;Нягань;26100;2;DIRECT_LOW;1;0.7046;0.1032
https://city2city.ru/volgograd-salsk;Волгоград;Сальск;12000;2;DIRECT_LOW;;0.87;0.1032
https://city2city.ru/krasnodar-budyonnovsk;Краснодар;Будённовск;15500;2;DIRECT_LOW;;0.9866;0.1032
https://city2city.ru/pskov-tver;Псков;Тверь;17500;2;DIRECT_LOW;;0.8754;0.1032
https://city2city.ru/ufa-berezniki;Уфа;Березники;20500;2;DIRECT_LOW;22;0.7543;0.1032
https://city2city.ru/ivanovo-ufa;Иваново;Уфа;35100;2;DIRECT_LOW;2;0.9028;0.1032
https://city2city.ru/vologda-kazan;Вологда;Казань;32100;2;DIRECT_LOW;14;0.9861;0.1032
https://city2city.ru/stavropol-samara;Ставрополь;Самара;40200;2;DIRECT_LOW;13;0.9877;0.1032
https://city2city.ru/volgograd-essentuki;Волгоград;Ессентуки;19000;2;DIRECT_LOW;1;0.8699;0.1032
https://city2city.ru/vladimir-lipeczk;Владимир;Липецк;15000;2;DIRECT_LOW;;0.9742;0.1032
https://city2city.ru/tyumen-novyj-urengoj;Тюмень;Новый Уренгой;45900;2;DIRECT_LOW;1;0.7069;0.1032
https://city2city.ru/orenburg-selo-aleksandrovskoe;Оренбург;село Александровское;51900;2;DIRECT_LOW;1;0.8636;0.1032
https://city2city.ru/kirov-luza;Киров;Луза;13500;2;DIRECT_LOW;;0.7585;0.1032
https://city2city.ru/kursk-manturovo;Курск;Мантурово;34500;2;DIRECT_LOW;;0.7597;0.1032
https://city2city.ru/kursk-astraxan;Курск;Астрахань;37000;2;DIRECT_LOW;;0.9955;0.1032
https://city2city.ru/irkutsk-blagoveshhensk;Иркутск;Благовещенск;79000;2;DIRECT_LOW;;0.8515;0.1032
https://city2city.ru/rostov-bryansk;Ростов-на-Дону;Брянск;31000;2;DIRECT_LOW;;0.9337;0.1032
https://city2city.ru/saransk-samara;Саранск;Самара;14400;2;DIRECT_LOW;10;0.8706;0.1032
https://city2city.ru/tyumen-salexard;Тюмень;Салехард;66000;2;DIRECT_LOW;1;0.874;0.1032
https://city2city.ru/nizhnij-novgorod-tambov;Нижний Новгород;Тамбов;16000;2;DIRECT_LOW;;0.8608;0.1032
https://city2city.ru/ufa-pyt-yax;Уфа;Пыть-Ях;47100;2;DIRECT_LOW;2;0.7536;0.1032
https://city2city.ru/samara-kumertau;Самара;Кумертау;16000;2;DIRECT_LOW;;0.8694;0.1032
https://city2city.ru/elista-sankt-peterburg;Элиста;Санкт-Петербург;59200;2;DIRECT_LOW;10;0.7646;0.1032
https://city2city.ru/novosibirsk-bratsk;Новосибирск;Братск;49800;2;DIRECT_LOW;4;0.8708;0.1032
https://city2city.ru/ivanovo-samara;Иваново;Самара;27400;2;DIRECT_LOW;;0.9041;0.1032
https://city2city.ru/ulyanovsk-naberezhnye-chelny;Ульяновск;Набережные Челны;12200;2;DIRECT_LOW;17;0.8717;0.1032
https://city2city.ru/orenburg-almetevsk;Оренбург;Альметьевск;14000;2;DIRECT_LOW;;0.7551;0.1032
https://city2city.ru/svo-taxi-tula-lugansk;Тула;Луганск;26000;2;DIRECT_LOW;25;0.9903;0.1032
https://city2city.ru/rostov-cherkessk;Ростов-на-Дону;Черкесск;12500;2;DIRECT_LOW;;0.6992;0.1032
https://city2city.ru/svo-taxi-kamenka-smolensk;село Каменка;Смоленск;32000;2;DIRECT_LOW;;0.8675;0.1032
https://city2city.ru/tomsk-belovo;Томск;Белово;10000;2;DIRECT_LOW;;0.7573;0.1032
https://city2city.ru/nizhnij-novgorod-volgograd;Нижний Новгород;Волгоград;29500;2;DIRECT_LOW;;0.9815;0.1032
https://city2city.ru/volgograd-naberezhnye-chelny;Волгоград;Набережные Челны;35600;2;DIRECT_LOW;3;0.8675;0.1032
https://city2city.ru/mariupol-kursk;Мариуполь;Курск;29100;2;DIRECT_LOW;;0.8803;0.1032
https://city2city.ru/astraxan-pyatigorsk;Астрахань;Пятигорск;19200;2;DIRECT_LOW;;0.8549;0.1032
https://city2city.ru/tomsk-gorno-altaysk;Томск;Горно-Алтайск;21000;2;DIRECT_LOW;26;0.9843;0.1032
https://city2city.ru/irkutsk-troiczk;Иркутск;Троицк;153000;2;DIRECT_LOW;;0.5441;0.1032
https://city2city.ru/lipeczk-sochi;Липецк;Сочи;37500;2;DIRECT_LOW;3;0.9855;0.1032
https://city2city.ru/tula-ufa;Тула;Уфа;45000;2;DIRECT_LOW;;0.9876;0.1032
https://city2city.ru/ufa-poxvistnevo;Уфа;Похвистнево;10000;2;DIRECT_LOW;;0.8719;0.1032
https://city2city.ru/ekaterinburg-almetevsk;Екатеринбург;Альметьевск;24500;2;DIRECT_LOW;;0.8465;0.1032
https://city2city.ru/moskva-sarapul;Москва;Сарапул;35700;2;DIRECT_LOW;7;0.9645;0.1032
https://city2city.ru/krasnodar-gukovo;Краснодар;Гуково;12000;2;DIRECT_LOW;;0.9881;0.1032
https://city2city.ru/ekaterinburg-stavropol;Екатеринбург;Ставрополь;68500;2;DIRECT_LOW;;0.9863;0.1032
https://city2city.ru/penza-sankt-peterburg;Пенза;Санкт-Петербург;40500;2;DIRECT_LOW;;0.8583;0.1032
https://city2city.ru/pskov-nebel;Псков;Невель;186000;2;DIRECT_LOW;;0.7599;0.1032
https://city2city.ru/mariupol-voronezh;Мариуполь;Воронеж;22200;2;DIRECT_LOW;;0.8803;0.1032
https://city2city.ru/astraxan-ejsk;Астрахань;Ейск;26800;2;DIRECT_LOW;2;0.7823;0.1032
https://city2city.ru/kazan-murom;Казань;Муром;15000;2;DIRECT_LOW;;0.8468;0.1032
https://city2city.ru/rostov-kostroma;Ростов-на-Дону;Кострома;44000;2;DIRECT_LOW;;0.9345;0.1032
https://city2city.ru/krasnodar-perm;Краснодар;Пермь;72000;2;DIRECT_LOW;9;0.8675;0.1032
https://city2city.ru/krasnoyarsk-gorno-altajsk;Красноярск;Горно-Алтайск;33000;2;DIRECT_LOW;;0.8651;0.1032
https://city2city.ru/kursk-kostroma;Курск;Кострома;26000;2;DIRECT_LOW;;0.8759;0.1032
https://city2city.ru/sankt-peterburg-pitkyaranta;Санкт-Петербург;Питкяранта;10500;2;DIRECT_LOW;6;0.859;0.1032
https://city2city.ru/belgorod-sevastopol;Белгород;Севастополь;44000;2;DIRECT_LOW;;0.9202;0.1032
https://city2city.ru/ekaterinburg-solikamsk;Екатеринбург;Соликамск;15900;2;DIRECT_LOW;3;0.7752;0.1032
https://city2city.ru/rostov-cheboksary;Ростов-на-Дону;Чебоксары;41500;2;DIRECT_LOW;;0.9321;0.1032
https://city2city.ru/moskva-tixoreczk;Москва;Тихорецк;37000;2;DIRECT_LOW;;0.8452;0.1032
https://city2city.ru/kemerovo-yarovoe;Кемерово;Яровое;20000;2;DIRECT_LOW;9;0.7864;0.1032
https://city2city.ru/syktyvkar-nizhniy_novhorod;Сыктывкар;Нижний Новгород;29000;2;DIRECT_LOW;20;0.7443;0.1032
https://city2city.ru/krasnodar-tver;Краснодар;Тверь;46000;2;DIRECT_LOW;;0.8696;0.1032
https://city2city.ru/orenburg-kurgan;Оренбург;Курган;30500;2;DIRECT_LOW;12;0.8726;0.1032
https://city2city.ru/syktyvkar-izhevsk;Сыктывкар;Ижевск;25000;2;DIRECT_LOW;22;0.8757;0.1032
https://city2city.ru/cheboksary-nizhnekamsk;Чебоксары;Нижнекамск;11000;2;DIRECT_LOW;;0.8549;0.1032
https://city2city.ru/perm-sokol;Пермь;Сокол;39000;2;DIRECT_LOW;;0.8733;0.1032
https://city2city.ru/tver-ryazan;Тверь;Рязань;11000;2;DIRECT_LOW;;0.9912;0.1032
https://city2city.ru/krasnodar-blagoveshhensk;Краснодар;Благовещенск;252000;2;DIRECT_LOW;4;0.9859;0.1032
https://city2city.ru/tyumen-pyt-yax;Тюмень;Пыть-Ях;20700;2;DIRECT_LOW;2;0.7558;0.1032
https://city2city.ru/tambov-nizhnij-novgorod;Тамбов;Нижний Новгород;16000;2;DIRECT_LOW;;0.8601;0.1032
https://city2city.ru/nizhnij-novgorod-valujki;Нижний Новгород;Валуйки;29500;2;DIRECT_LOW;;0.8622;0.1032
https://city2city.ru/vologda-arhangelsk;Вологда;Архангельск;23000;2;DIRECT_LOW;18;0.9916;0.1032
https://city2city.ru/perm-yaroslavl;Пермь;Ярославль;35500;2;DIRECT_LOW;;0.9878;0.1032
https://city2city.ru/tula-ekaterinburg;Тула;Екатеринбург;55000;2;DIRECT_LOW;;0.8683;0.1032
https://city2city.ru/stavropol-kazan;Ставрополь;Казань;47500;2;DIRECT_LOW;;0.8693;0.1032
https://city2city.ru/irkutsk-vixorevka;Иркутск;Вихоревка;18000;2;DIRECT_LOW;3;0.5211;0.1032
https://city2city.ru/syktyvkar-ekaterinburg;Сыктывкар;Екатеринбург;33000;2;DIRECT_LOW;19;0.8696;0.1032
https://city2city.ru/lipeczk-bryansk;Липецк;Брянск;13000;2;DIRECT_LOW;;0.992;0.1032
https://city2city.ru/krasnoyarsk-bijsk;Красноярск;Бийск;29500;2;DIRECT_LOW;24;0.8673;0.1032
https://city2city.ru/astraxan-orenburg;Астрахань;Оренбург;48500;2;DIRECT_LOW;;0.8499;0.1032
https://city2city.ru/kazan-birsk;Казань;Бирск;16500;2;DIRECT_LOW;;0.7762;0.1032
https://city2city.ru/ekaterinburg-solnechnyj;Екатеринбург;посёлок Солнечный;52000;2;DIRECT_LOW;;0.507;0.1032
https://city2city.ru/ufa-zainsk;Уфа;Заинск;10000;2;DIRECT_LOW;;0.7536;0.1032
https://city2city.ru/voronezh-yalta;Воронеж;Ялта;39500;2;DIRECT_LOW;;0.989;0.1032
https://city2city.ru/stavropol-krymsk;Ставрополь;Крымск;12500;2;DIRECT_LOW;;0.9927;0.1032
https://city2city.ru/stavropol-feodosiya;Ставрополь;Феодосия;19000;2;DIRECT_LOW;;0.9923;0.1032
https://city2city.ru/orenburg-belgorod;Оренбург;Белгород;47500;2;DIRECT_LOW;;0.8728;0.1032
https://city2city.ru/orenburg-astraxan;Оренбург;Астрахань;49000;2;DIRECT_LOW;;0.8767;0.1032
https://city2city.ru/vologda-sosnovka;Вологда;Сосновка;26500;2;DIRECT_LOW;22;0.8762;0.1032
https://city2city.ru/samara-tambov;Самара;Тамбов;21500;2;DIRECT_LOW;;0.9876;0.1032
https://city2city.ru/stavropol-volgodonsk;Ставрополь;Волгодонск;10500;2;DIRECT_LOW;;0.9934;0.1032
https://city2city.ru/krasnoyarsk-surgut;Красноярск;Сургут;79000;2;DIRECT_LOW;15;0.8664;0.1032
https://city2city.ru/lipeczk-obninsk;Липецк;Обнинск;14500;2;DIRECT_LOW;;0.9944;0.1032
https://city2city.ru/voronezh-sevastopol;Воронеж;Севастополь;40000;2;DIRECT_LOW;;0.8692;0.1032
https://city2city.ru/ryazan-bryansk;Рязань;Брянск;16000;2;DIRECT_LOW;;0.8741;0.1032
https://city2city.ru/ekaterinburg-bajmak;Екатеринбург;Баймак;19800;2;DIRECT_LOW;9;0.7078;0.1032
https://city2city.ru/orenburg-nizhnevartovsk;Оренбург;Нижневартовск;64000;2;DIRECT_LOW;;0.7557;0.1032
https://city2city.ru/samara-zainsk;Самара;Заинск;10000;2;DIRECT_LOW;;0.8701;0.1032
https://city2city.ru/kazan-agidel;Казань;Агидель;12500;2;DIRECT_LOW;;0.8473;0.1032
https://city2city.ru/tokmak-samara;Токмак;Самара;49000;2;DIRECT_LOW;;0.8804;0.1032
https://city2city.ru/tyumen-urengoj;Тюмень;Новый Уренгой;46500;2;DIRECT_LOW;1;0.7061;0.1032
https://city2city.ru/krasnoyarsk-chelyabinsk;Красноярск;Челябинск;70000;2;DIRECT_LOW;24;0.8641;0.1032
https://city2city.ru/ekaterinburg-gaj;Екатеринбург;Гай;25500;2;DIRECT_LOW;;0.4996;0.1032
https://city2city.ru/orenburg-troiczk;Оренбург;Троицк;46000;2;DIRECT_LOW;;0.8746;0.1032
https://city2city.ru/ulyanovsk-buguruslan;Ульяновск;Бугуруслан;11000;2;DIRECT_LOW;;0.8749;0.1032
https://city2city.ru/voronezh-mineralnye-vody;Воронеж;Минеральные Воды;31500;2;DIRECT_LOW;;0.9719;0.1032
https://city2city.ru/kirov-mikun;Киров;Микунь;15500;2;DIRECT_LOW;;0.7565;0.1032
https://city2city.ru/chelyabinsk-anapa;Челябинск;Анапа;76500;2;DIRECT_LOW;;0.8487;0.1032
https://city2city.ru/penza-anapa;Пенза;Анапа;40000;2;DIRECT_LOW;26;0.8753;0.1032
https://city2city.ru/ekaterinburg-tula;Екатеринбург;Тула;55500;2;DIRECT_LOW;;0.9845;0.1032
https://city2city.ru/elista-sochi;Элиста;Сочи;23200;2;DIRECT_LOW;;0.6551;0.1032
https://city2city.ru/kazan-vologda;Казань;Вологда;31500;2;DIRECT_LOW;2;0.9198;0.1032
https://city2city.ru/kaluga-simferopol;Калуга;Симферополь;50500;2;DIRECT_LOW;;0.996;0.1032
https://city2city.ru/lugansk-ryazan;Луганск;Рязань;27600;2;DIRECT_LOW;;0.88;0.1032
https://city2city.ru/krasnoyarsk-vixorevka;Красноярск;Вихоревка;26000;2;DIRECT_LOW;17;0.8727;0.1032
https://city2city.ru/smolensk-nizhnij-novgorod;Смоленск;Нижний Новгород;25000;2;DIRECT_LOW;;0.861;0.1032
https://city2city.ru/samara-stavropol;Самара;Ставрополь;41000;2;DIRECT_LOW;10;0.9861;0.1032
https://city2city.ru/blagoveshhensk-skovorodino;Благовещенск;Сковородино;19200;2;DIRECT_LOW;2;0.5256;0.1032
https://city2city.ru/orenburg-sochi;Оренбург;Сочи;65600;2;DIRECT_LOW;2;0.8644;0.1032
https://city2city.ru/kemerovo-biysk;Кемерово;Бийск;14000;2;DIRECT_LOW;;0.8529;0.1032
https://city2city.ru/samara-neftekamsk;Самара;Нефтекамск;16500;2;DIRECT_LOW;10;0.9902;0.1032
https://city2city.ru/saratov-sokol;Саратов;Сокол;38000;2;DIRECT_LOW;;0.8704;0.1032
https://city2city.ru/yaroslavl-velsk;Ярославль;Вельск;13500;2;DIRECT_LOW;;0.8744;0.1032
https://city2city.ru/saratov-tyumen;Саратов;Тюмень;50000;2;DIRECT_LOW;18;0.8714;0.1032
https://city2city.ru/voronezh-tuapse;Воронеж;Туапсе;29800;2;DIRECT_LOW;13;0.9887;0.1032
https://city2city.ru/nizhnij-novgorod-syktyvkar;Нижний Новгород;Сыктывкар;29000;2;DIRECT_LOW;;0.8638;0.1032
https://city2city.ru/smolensk-arxangelsk;Смоленск;Архангельск;50100;2;DIRECT_LOW;7;0.8741;0.1032
https://city2city.ru/elista-zheleznovodsk;Элиста;Железноводск;10000;2;DIRECT_LOW;;0.8563;0.1032
https://city2city.ru/joshkar-ola-naberezhnye-chelny;Йошкар-Ола;Набережные Челны;12000;2;DIRECT_LOW;;0.732;0.1032
https://city2city.ru/kostroma-kursk;Кострома;Курск;26000;2;DIRECT_LOW;;0.9936;0.1032
https://city2city.ru/krasnodar-georgievsk;Краснодар;Георгиевск;13000;2;DIRECT_LOW;;0.9873;0.1032
https://city2city.ru/samara-nizhnevartovsk;Самара;Нижневартовск;68000;2;DIRECT_LOW;;0.7522;0.1032
https://city2city.ru/saratov-kirov;Саратов;Киров;32000;2;DIRECT_LOW;13;0.9884;0.1032
https://city2city.ru/ufa-usinsk;Уфа;Усинск;58000;2;DIRECT_LOW;;0.8712;0.1032
https://city2city.ru/izhevsk-magnitogorsk;Ижевск;Магнитогорск;20000;2;DIRECT_LOW;;0.8528;0.1032
https://city2city.ru/chelyabinsk-joshkar-ola;Челябинск;Йошкар-Ола;32600;2;DIRECT_LOW;;0.987;0.1032
https://city2city.ru/volgograd-nizhnekamsk;Волгоград;Нижнекамск;33900;2;DIRECT_LOW;2;0.8692;0.1032
https://city2city.ru/perm-nizhnekamsk;Пермь;Нижнекамск;14500;2;DIRECT_LOW;;0.8731;0.1032
https://city2city.ru/vologda-valuyki;Вологда;Валуйки;36500;2;DIRECT_LOW;1;0.8763;0.1032
https://city2city.ru/samara-lipeczk;Самара;Липецк;25800;2;DIRECT_LOW;4;0.9871;0.1032
https://city2city.ru/tyumen-narimanov;Тюмень;Нариманов;73500;2;DIRECT_LOW;;0.8739;0.1032
https://city2city.ru/lipeczk-rostov-na-donu;Липецк;Ростов-на-Дону;21000;2;DIRECT_LOW;2;0.9394;0.1032
https://city2city.ru/samara-saransk;Самара;Саранск;14400;2;DIRECT_LOW;4;0.869;0.1032
https://city2city.ru/cheboksary-bugulma;Чебоксары;Бугульма;14000;2;DIRECT_LOW;;0.8522;0.1032
https://city2city.ru/ryazan-tver;Рязань;Тверь;11000;2;DIRECT_LOW;;0.8746;0.1032
https://city2city.ru/blagoveshhensk-aldan;Благовещенск;Алдан;37200;2;DIRECT_LOW;4;0.6423;0.1032
https://city2city.ru/lipeczk-samara;Липецк;Самара;22500;2;DIRECT_LOW;11;0.9891;0.1032
https://city2city.ru/ekaterinburg-cheboksary;Екатеринбург;Чебоксары;31500;2;DIRECT_LOW;;0.9867;0.1032
https://city2city.ru/moskva-vorkuta;Москва;Воркута;74000;2;DIRECT_LOW;;0.8452;0.1032
https://city2city.ru/kursk-petrozavodsk;Курск;Петрозаводск;45600;2;DIRECT_LOW;2;0.8767;0.1032
https://city2city.ru/astraxan-voronezh;Астрахань;Воронеж;30000;1;DIRECT_LOW;;0.9184;0.0651
https://city2city.ru/belgorod-serpuxov;Белгород;Серпухов;17200;1;DIRECT_LOW;;0.7826;0.0651
https://city2city.ru/bryansk-murom;Брянск;Муром;21400;1;DIRECT_LOW;1;0.7828;0.0651
https://city2city.ru/perm-elabuga;Пермь;Елабуга;13800;1;DIRECT_LOW;2;0.8737;0.0651
https://city2city.ru/syktyvkar-koryazhma;Сыктывкар;Коряжма;10000;1;DIRECT_LOW;;0.7613;0.0651
https://city2city.ru/samara-inza;Самара;Инза;11000;1;DIRECT_LOW;2;0.8694;0.0651
https://city2city.ru/lugansk-saransk;Луганск;Саранск;30600;1;DIRECT_LOW;;0.8792;0.0651
https://city2city.ru/saratov-michurinsk;Саратов;Мичуринск;15500;1;DIRECT_LOW;;0.8734;0.0651
https://city2city.ru/orenburg-penza;Оренбург;Пенза;25000;1;DIRECT_LOW;3;0.8738;0.0651
https://city2city.ru/samara-meleuz;Самара;Мелеуз;17000;1;DIRECT_LOW;;0.8694;0.0651
https://city2city.ru/pskov-smolensk;Псков;Смоленск;14000;1;DIRECT_LOW;;0.9944;0.0651
https://city2city.ru/xabarovsk-ulan-ude-2;Хабаровск;Улан-Удэ;83000;1;DIRECT_LOW;2;0.7556;0.0651
https://city2city.ru/krasnoyarsk-krasnokamensk;Красноярск;Краснокаменск;80500;1;DIRECT_LOW;22;0.749;0.0651
https://city2city.ru/penza-astraxan;Пенза;Астрахань;30500;1;DIRECT_LOW;;0.8761;0.0651
https://city2city.ru/ivanovo-lipeczk;Иваново;Липецк;18300;1;DIRECT_LOW;3;0.7633;0.0651
https://city2city.ru/saratov-naberezhnye-chelny;Саратов;Набережные Челны;24500;1;DIRECT_LOW;;0.7556;0.0651
https://city2city.ru/kirov-koryazhma;Киров;Коряжма;14500;1;DIRECT_LOW;;0.7575;0.0651
https://city2city.ru/mariupol-kazan;Мариуполь;Казань;50500;1;DIRECT_LOW;;0.8795;0.0651
https://city2city.ru/nizhnij-novgorod-cherepovecz;Нижний Новгород;Череповец;20700;1;DIRECT_LOW;1;0.8618;0.0651
https://city2city.ru/belgorod-petrozavodsk;Белгород;Петрозаводск;50000;1;DIRECT_LOW;;0.9246;0.0651
https://city2city.ru/rostov-budyonnovsk;Ростов-на-Дону;Будённовск;16000;1;DIRECT_LOW;;0.9321;0.0651
https://city2city.ru/samara-rossosh;Самара;Россошь;30000;1;DIRECT_LOW;;0.9877;0.0651
https://city2city.ru/svo-taxi-kostroma-lugansk;Кострома;Луганск;41500;1;DIRECT_LOW;16;0.9948;0.0651
https://city2city.ru/belgorod-adler;Белгород;Адлер;38000;1;DIRECT_LOW;;0.9877;0.0651
https://city2city.ru/stavropol-sevastopol;Ставрополь;Севастополь;24500;1;DIRECT_LOW;;0.875;0.0651
https://city2city.ru/cheboksary-syktyvkar;Чебоксары;Сыктывкар;23600;1;DIRECT_LOW;5;0.6643;0.0651
https://city2city.ru/saratov-tambov;Саратов;Тамбов;13500;1;DIRECT_LOW;;0.8723;0.0651
https://city2city.ru/chelyabinsk-berezniki;Челябинск;Березники;22500;1;DIRECT_LOW;;0.9198;0.0651
https://city2city.ru/chelyabinsk-nizhnyaya-tura;Челябинск;Нижняя Тура;13500;1;DIRECT_LOW;;0.7624;0.0651
https://city2city.ru/ekaterinburg-dobryanka;Екатеринбург;Добрянка;13000;1;DIRECT_LOW;;0.7776;0.0651
https://city2city.ru/chelyabinsk-nizhnij-tagil;Челябинск;Нижний Тагил;10500;1;DIRECT_LOW;;0.767;0.0651
https://city2city.ru/saransk-kirov;Саранск;Киров;21400;1;DIRECT_LOW;2;0.8743;0.0651
https://city2city.ru/xabarovsk-svobodnyj-2;Хабаровск;Свободный;23000;1;DIRECT_LOW;12;0.861;0.0651
https://city2city.ru/penza-tula;Пенза;Тула;19000;1;DIRECT_LOW;;0.8732;0.0651
https://city2city.ru/saratov-elista;Саратов;Элиста;20000;1;DIRECT_LOW;28;0.9911;0.0651
https://city2city.ru/ulyanovsk-bugulma;Ульяновск;Бугульма;13000;1;DIRECT_LOW;;0.7572;0.0651
https://city2city.ru/tula-penza;Тула;Пенза;19800;1;DIRECT_LOW;;0.9899;0.0651
https://city2city.ru/ulyanovsk-belgorod;Ульяновск;Белгород;34000;1;DIRECT_LOW;;0.9899;0.0651
https://city2city.ru/ryazan-staricza;Рязань;Старица;13500;1;DIRECT_LOW;;0.8757;0.0651
https://city2city.ru/voronezh-saransk;Воронеж;Саранск;19000;1;DIRECT_LOW;;0.9885;0.0651
https://city2city.ru/kursk-orenburg;Курск;Оренбург;46500;1;DIRECT_LOW;;0.9941;0.0651
https://city2city.ru/bryansk-tver;Брянск;Тверь;15600;1;DIRECT_LOW;1;0.922;0.0651
https://city2city.ru/stavropol-saratov;Ставрополь;Саратов;28000;1;DIRECT_LOW;3;0.8723;0.0651
https://city2city.ru/nizhnij-novgorod-kumertau;Нижний Новгород;Кумертау;33600;1;DIRECT_LOW;;0.862;0.0651
https://city2city.ru/xabarovsk-obluche-2;Хабаровск;Облучье;10800;1;DIRECT_LOW;2;0.7564;0.0651
https://city2city.ru/ekaterinburg-tobolsk;Екатеринбург;Тобольск;17600;1;DIRECT_LOW;2;0.7061;0.0651
https://city2city.ru/saratov-pyatigorsk;Саратов;Пятигорск;30000;1;DIRECT_LOW;;0.7548;0.0651
https://city2city.ru/xabarovsk-skovorodino-2;Хабаровск;Сковородино;36500;1;DIRECT_LOW;2;0.8741;0.0651
https://city2city.ru/oryol-rostov-na-donu;Орёл;Ростов-на-Дону;27000;1;DIRECT_LOW;;0.8178;0.0651
https://city2city.ru/cheboksary-perm;Чебоксары;Пермь;22000;1;DIRECT_LOW;;0.7775;0.0651
https://city2city.ru/bryansk-novomoskovsk;Брянск;Новомосковск;10500;1;DIRECT_LOW;;0.7827;0.0651
https://city2city.ru/smolensk-rylsk;Смоленск;Рыльск;13600;1;DIRECT_LOW;;0.8764;0.0651
https://city2city.ru/saratov-buzuluk;Саратов;Бузулук;16800;1;DIRECT_LOW;11;0.9903;0.0651
https://city2city.ru/voronezh-velikie-luki;Воронеж;Великие Луки;29400;1;DIRECT_LOW;1;0.8525;0.0651
https://city2city.ru/syktyvkar-cheboksary;Сыктывкар;Чебоксары;23600;1;DIRECT_LOW;4;0.8751;0.0651
https://city2city.ru/samara-kuzneck;Самара;Кузнецк;10000;1;DIRECT_LOW;30;0.8709;0.0651
https://city2city.ru/moskva-zlatoust;Москва;Златоуст;48500;1;DIRECT_LOW;;0.8452;0.0651
https://city2city.ru/rostov-smolensk;Ростов-на-Дону;Смоленск;38500;1;DIRECT_LOW;;0.8169;0.0651
https://city2city.ru/tver-bryansk;Тверь;Брянск;15600;1;DIRECT_LOW;25;0.8739;0.0651
https://city2city.ru/tyumen-chebarkul;Тюмень;Чебаркуль;15500;1;DIRECT_LOW;21;0.8742;0.0651
https://city2city.ru/penza-rostov-na-donu;Пенза;Ростов-на-Дону;27900;1;DIRECT_LOW;2;0.9321;0.0651
https://city2city.ru/tula-anapa;Тула;Анапа;40000;1;DIRECT_LOW;;0.9919;0.0651
https://city2city.ru/perm-magnitogorsk;Пермь;Магнитогорск;22000;1;DIRECT_LOW;1;0.8723;0.0651
https://city2city.ru/rostov-kamyshin;Ростов-на-Дону;Камышин;20000;1;DIRECT_LOW;;0.932;0.0651
https://city2city.ru/ivanovo-joshkar-ola;Иваново;Йошкар-Ола;16200;1;DIRECT_LOW;1;0.9063;0.0651
https://city2city.ru/novosibirsk-beryozovskiy;Новосибирск;Берёзовский;48500;1;DIRECT_LOW;;0.8692;0.0651
https://city2city.ru/bryansk-adler;Брянск;Адлер;48000;1;DIRECT_LOW;;0.9187;0.0651
https://city2city.ru/vladimir-vologda;Владимир;Вологда;13000;1;DIRECT_LOW;5;0.9729;0.0651
https://city2city.ru/izhevsk-joshkar-ola;Ижевск;Йошкар-Ола;15000;1;DIRECT_LOW;;0.8488;0.0651
https://city2city.ru/yaroslavl-voronezh;Ярославль;Воронеж;23600;1;DIRECT_LOW;12;0.9874;0.0651
https://city2city.ru/penza-sevastopol;Пенза;Севастополь;51500;1;DIRECT_LOW;;0.8738;0.0651
https://city2city.ru/melitopol-ufa;Мелитополь;Уфа;64000;1;DIRECT_LOW;;0.8835;0.0651
https://city2city.ru/rostov-pervomajsk;Ростов-на-Дону;Первомайск;32500;1;DIRECT_LOW;;0.8169;0.0651
https://city2city.ru/ulyanovsk-aznakaevo;Ульяновск;Азнакаево;13500;1;DIRECT_LOW;;0.7572;0.0651
https://city2city.ru/samara-glazov;Самара;Глазов;21800;1;DIRECT_LOW;;0.8694;0.0651
https://city2city.ru/tambov-valujki;Тамбов;Валуйки;13500;1;DIRECT_LOW;4;0.8769;0.0651
https://city2city.ru/kirov-vologda;Киров;Вологда;22500;1;DIRECT_LOW;;0.994;0.0651
https://city2city.ru/krasnoyarsk-artyomovsk;Красноярск;Артёмовск;138000;1;DIRECT_LOW;1;0.7488;0.0651
https://city2city.ru/novosibirsk-osinniki;Новосибирск;Осинники;12000;1;DIRECT_LOW;;0.7511;0.0651
https://city2city.ru/krasnodar-tolyatti;Краснодар;Тольятти;46000;1;DIRECT_LOW;;0.7527;0.0651
https://city2city.ru/sankt-peterburg-valujki;Санкт-Петербург;Валуйки;44400;1;DIRECT_LOW;4;0.8598;0.0651
https://city2city.ru/ekaterinburg-oktyabrskij-6;Екатеринбург;посёлок Октябрьский;18500;1;DIRECT_LOW;9;0.7723;0.0651
https://city2city.ru/mariupol-stavropol;Мариуполь;Ставрополь;15500;1;DIRECT_LOW;;0.8811;0.0651
https://city2city.ru/voronezh-arxangelsk;Воронеж;Архангельск;52000;1;DIRECT_LOW;;0.871;0.0651
https://city2city.ru/ryazan-rostov-na-donu;Рязань;Ростов-на-Дону;28500;1;DIRECT_LOW;13;0.8161;0.0651
https://city2city.ru/ivanovo-ermolino;Иваново;Ермолино;12500;1;DIRECT_LOW;;0.6937;0.0651
https://city2city.ru/ufa-kogalym;Уфа;Когалым;54000;1;DIRECT_LOW;;0.872;0.0651
https://city2city.ru/vladimir-anapa;Владимир;Анапа;50000;1;DIRECT_LOW;;0.9739;0.0651
https://city2city.ru/kazan-poxvistnevo;Казань;Похвистнево;11000;1;DIRECT_LOW;;0.846;0.0651
https://city2city.ru/tver-velikij-novgorod;Тверь;Великий Новгород;11000;1;DIRECT_LOW;;0.738;0.0651
https://city2city.ru/tula-boguchar;Тула;Богучар;17500;1;DIRECT_LOW;;0.8744;0.0651
https://city2city.ru/astraxan-budyonnovsk;Астрахань;Будённовск;15000;1;DIRECT_LOW;;0.8539;0.0651
https://city2city.ru/astraxan-ryazan;Астрахань;Рязань;36500;1;DIRECT_LOW;;0.9933;0.0651
https://city2city.ru/svo-taxi-ekaterinburg-lugansk;Екатеринбург;Луганск;65000;1;DIRECT_LOW;30;0.8689;0.0651
https://city2city.ru/lipeczk-boguchar;Липецк;Богучар;11000;1;DIRECT_LOW;;0.8771;0.0651
https://city2city.ru/samara-sevastopol;Самара;Севастополь;62000;1;DIRECT_LOW;;0.8674;0.0651
https://city2city.ru/saransk-orenburg;Саранск;Оренбург;26500;1;DIRECT_LOW;1;0.8747;0.0651
https://city2city.ru/kurgan-troiczk;Курган;Троицк;62500;1;DIRECT_LOW;27;0.8757;0.0651
https://city2city.ru/smolensk-rostov-na-donu;Смоленск;Ростов-на-Дону;40200;1;DIRECT_LOW;12;0.9321;0.0651
https://city2city.ru/omsk-biysk;Омск;Бийск;29500;1;DIRECT_LOW;4;0.8727;0.0651
https://city2city.ru/melitopol-penza;Мелитополь;Пенза;39500;1;DIRECT_LOW;;0.881;0.0651
https://city2city.ru/penza-millerovo;Пенза;Миллерово;21600;1;DIRECT_LOW;4;0.8798;0.0651
https://city2city.ru/orenburg-cheboksary;Оренбург;Чебоксары;26500;1;DIRECT_LOW;;0.873;0.0651
https://city2city.ru/xabarovsk-chelyabinsk-2;Хабаровск;Челябинск;197000;1;DIRECT_LOW;7;0.8687;0.0651
https://city2city.ru/astraxan-yalta;Астрахань;Ялта;40400;1;DIRECT_LOW;;0.9227;0.0651
https://city2city.ru/kursk-naro-fominsk;Курск;Наро-Фоминск;16500;1;DIRECT_LOW;;0.8779;0.0651
https://city2city.ru/tyumen-voronezh;Тюмень;Воронеж;64000;1;DIRECT_LOW;17;0.8726;0.0651
https://city2city.ru/ekaterinburg-sol-ileczk;Екатеринбург;Соль-Илецк;29500;1;DIRECT_LOW;;0.7022;0.0651
https://city2city.ru/novosibirsk-sayanogorsk;Новосибирск;Саяногорск;32000;1;DIRECT_LOW;;0.8702;0.0651
https://city2city.ru/vladivostok-komsomolsk-na-amure;Владивосток;Комсомольск-на-Амуре;34500;1;DIRECT_LOW;;0.8161;0.0651
https://city2city.ru/barnaul-yurga;Барнаул;Юрга;12500;1;DIRECT_LOW;6;0.7807;0.0651
https://city2city.ru/vologda-vladimir;Вологда;Владимир;12500;1;DIRECT_LOW;1;0.9729;0.0651
https://city2city.ru/kurgan-chebarkul;Курган;Чебаркуль;11000;1;DIRECT_LOW;;0.7602;0.0651
https://city2city.ru/ufa-tambov;Уфа;Тамбов;33500;1;DIRECT_LOW;;0.9877;0.0651
https://city2city.ru/chelyabinsk-nizhnij-novgorod;Челябинск;Нижний Новгород;40500;1;DIRECT_LOW;2;0.8357;0.0651
https://city2city.ru/lugansk-kirov;Луганск;Киров;52000;1;DIRECT_LOW;;0.8792;0.0651
https://city2city.ru/xabarovsk-arsenev;Хабаровск;Арсеньев;18600;1;DIRECT_LOW;1;0.7564;0.0651
https://city2city.ru/petrozavodsk-boksitogorsk;Петрозаводск;Бокситогорск;12500;1;DIRECT_LOW;;0.7614;0.0651
https://city2city.ru/astraxan-volgodonsk;Астрахань;Волгодонск;16500;1;DIRECT_LOW;;0.9275;0.0651
https://city2city.ru/chelyabinsk-novotroiczk;Челябинск;Новотроицк;19000;1;DIRECT_LOW;;0.8501;0.0651
https://city2city.ru/izhevsk-sochi;Ижевск;Сочи;70000;1;DIRECT_LOW;3;0.8433;0.0651
https://city2city.ru/xabarovsk-svobodnyj;Хабаровск;Свободный;23000;1;DIRECT_LOW;12;0.861;0.0651
https://city2city.ru/rostov-goryachij-klyuch;Ростов-на-Дону;Горячий Ключ;10000;1;DIRECT_LOW;;0.9345;0.0651
https://city2city.ru/joshkar-ola-ufa;Йошкар-Ола;Уфа;20500;1;DIRECT_LOW;;0.9168;0.0651
https://city2city.ru/tula-sochi;Тула;Сочи;43500;1;DIRECT_LOW;;0.8635;0.0651
https://city2city.ru/voronezh-yaroslavl;Воронеж;Ярославль;23400;1;DIRECT_LOW;17;0.9875;0.0651
https://city2city.ru/joshkar-ola-saratov;Йошкар-Ола;Саратов;23000;1;DIRECT_LOW;;0.9877;0.0651
https://city2city.ru/xabarovsk-neryungri;Хабаровск;Нерюнгри;46500;1;DIRECT_LOW;2;0.874;0.0651
https://city2city.ru/svo-taxi-sochi-aeroport-donetsk;Сочи Аэропорт;Донецк;30000;1;DIRECT_LOW;;0.6293;0.0651
https://city2city.ru/penza-orenburg;Пенза;Оренбург;24900;1;DIRECT_LOW;7;0.8723;0.0651
https://city2city.ru/saransk-tolyatti;Саранск;Тольятти;12500;1;DIRECT_LOW;;0.7575;0.0651
https://city2city.ru/xabarovsk-tynda;Хабаровск;Тында;40000;1;DIRECT_LOW;15;0.8741;0.0651
https://city2city.ru/syktyvkar-veliky_ustug;Сыктывкар;Великий Устюг;12000;1;DIRECT_LOW;24;0.6214;0.0651
https://city2city.ru/volgograd-rossosh;Волгоград;Россошь;17000;1;DIRECT_LOW;;0.87;0.0651
https://city2city.ru/belgorod-stavropol;Белгород;Ставрополь;31500;1;DIRECT_LOW;;0.9212;0.0651
https://city2city.ru/krasnoyarsk-sayanogorsk;Красноярск;Саяногорск;14700;1;DIRECT_LOW;9;0.6338;0.0651
https://city2city.ru/perm-sibaj;Пермь;Сибай;26000;1;DIRECT_LOW;;0.873;0.0651
https://city2city.ru/kirov-sarapul;Киров;Сарапул;14000;1;DIRECT_LOW;;0.8743;0.0651
https://city2city.ru/rostov-balakovo;Ростов-на-Дону;Балаково;30500;1;DIRECT_LOW;;0.9337;0.0651
https://city2city.ru/kirov-mirnyj;Киров;Мирный;41000;1;DIRECT_LOW;;0.869;0.0651
https://city2city.ru/xabarovsk-aldan;Хабаровск;Алдан;216000;1;DIRECT_LOW;13;0.8741;0.0651
https://city2city.ru/svo-taxi-rostov-na-donu-novosibirsk;Ростов-на-Дону;Новосибирск;111000;1;DIRECT_LOW;;0.8145;0.0651
https://city2city.ru/rostov-kislovodsk;Ростов-на-Дону;Кисловодск;16000;1;DIRECT_LOW;;0.8187;0.0651
https://city2city.ru/xabarovsk-aldan-2;Хабаровск;Алдан;216000;1;DIRECT_LOW;9;0.8749;0.0651
https://city2city.ru/kirov-belebej;Киров;Белебей;22000;1;DIRECT_LOW;;0.8751;0.0651
https://city2city.ru/sankt-peterburg-kandalaksha;Санкт-Петербург;Кандалакша;33500;1;DIRECT_LOW;;0.9774;0.0651
https://city2city.ru/voronezh-zheleznogorsk;Воронеж;Железногорск;10000;1;DIRECT_LOW;;0.8712;0.0651
https://city2city.ru/krasnoyarsk-zheleznogorsk-ilimskij;Красноярск;Железногорск-Илимский;135000;1;DIRECT_LOW;12;0.7489;0.0651
https://city2city.ru/kursk-anapa;Курск;Анапа;36500;1;DIRECT_LOW;;0.8779;0.0651
https://city2city.ru/krasnodar-znamensk;Краснодар;Знаменск;25000;1;DIRECT_LOW;9;0.9874;0.0651
https://city2city.ru/krasnodar-saransk;Краснодар;Саранск;40500;1;DIRECT_LOW;;0.8691;0.0651
https://city2city.ru/vladivostok-ulan-ude;Владивосток;Улан-Удэ;106000;1;DIRECT_LOW;;0.8731;0.0651
https://city2city.ru/petrozavodsk-shuya;Петрозаводск;Шуя;41500;1;DIRECT_LOW;;0.761;0.0651
https://city2city.ru/saratov-adler;Саратов;Адлер;43000;1;DIRECT_LOW;;0.8703;0.0651
https://city2city.ru/samara-salavat;Самара;Салават;16000;1;DIRECT_LOW;;0.8674;0.0651
https://city2city.ru/tomsk-kiselyovsk;Томск;Киселёвск;11500;1;DIRECT_LOW;21;0.7581;0.0651
https://city2city.ru/samara-gelendzhik;Самара;Геленджик;50500;1;DIRECT_LOW;;0.9881;0.0651
https://city2city.ru/moskva-novoaleksandrovsk;Москва;Новоалександровск;40500;1;DIRECT_LOW;4;0.8452;0.0651
https://city2city.ru/saratov-orsk;Саратов;Орск;32500;1;DIRECT_LOW;;0.8731;0.0651
https://city2city.ru/ekaterinburg-volgograd;Екатеринбург;Волгоград;52000;1;DIRECT_LOW;;0.9115;0.0651
https://city2city.ru/moskva-svetlograd;Москва;Светлоград;44000;1;DIRECT_LOW;;0.9662;0.0651
https://city2city.ru/kazan-simferopol;Казань;Симферополь;63500;1;DIRECT_LOW;;0.9184;0.0651
https://city2city.ru/yaroslavl-murom;Ярославль;Муром;11000;1;DIRECT_LOW;;0.8726;0.0651
https://city2city.ru/nizhnij-novgorod-chelyabinsk;Нижний Новгород;Челябинск;40500;1;DIRECT_LOW;1;0.8608;0.0651
https://city2city.ru/krasnodar-zelenokumsk;Краснодар;Зеленокумск;14500;1;DIRECT_LOW;9;0.9864;0.0651
https://city2city.ru/rostov-ulyanovsk;Ростов-на-Дону;Ульяновск;39000;1;DIRECT_LOW;;0.8178;0.0651
https://city2city.ru/kazan-zhigulyovsk;Казань;Жигулёвск;10000;1;DIRECT_LOW;;0.9173;0.0651
https://city2city.ru/kemerovo-tashtagol;Кемерово;Таштагол;11000;1;DIRECT_LOW;;0.8555;0.0651
https://city2city.ru/tambov-staryj-oskol;Тамбов;Старый Оскол;10500;1;DIRECT_LOW;;0.7316;0.0651
https://city2city.ru/vologda-voronezh;Вологда;Воронеж;29500;1;DIRECT_LOW;25;0.9881;0.0651
https://city2city.ru/stavropol-temryuk;Ставрополь;Темрюк;13500;1;DIRECT_LOW;;0.9928;0.0651
https://city2city.ru/orenburg-ilinka;Оренбург;село Ильинка;47000;1;DIRECT_LOW;;0.8642;0.0651
https://city2city.ru/astraxan-penza;Астрахань;Пенза;30500;1;DIRECT_LOW;;0.9931;0.0651
https://city2city.ru/kirov-saransk;Киров;Саранск;21400;1;DIRECT_LOW;1;0.8737;0.0651
https://city2city.ru/saratov-stavropol;Саратов;Ставрополь;28000;1;DIRECT_LOW;2;0.8724;0.0651
https://city2city.ru/samara-naro-fominsk;Самара;Наро-Фоминск;35000;1;DIRECT_LOW;;0.8708;0.0651
https://city2city.ru/orenburg-balakovo;Оренбург;Балаково;19500;1;DIRECT_LOW;;0.8736;0.0651
https://city2city.ru/smolensk-kazan;Смоленск;Казань;36000;1;DIRECT_LOW;;0.987;0.0651
https://city2city.ru/krasnoyarsk-dudinka;Красноярск;Дудинка;58500;1;DIRECT_LOW;25;0.8681;0.0651
https://city2city.ru/rostov-essentuki;Ростов-на-Дону;Ессентуки;15500;1;DIRECT_LOW;;0.9329;0.0651
https://city2city.ru/ufa-krasnoufimsk;Уфа;Красноуфимск;10800;1;DIRECT_LOW;2;0.7552;0.0651
https://city2city.ru/ufa-nizhnij-tagil;Уфа;Нижний Тагил;19500;1;DIRECT_LOW;;0.8594;0.0651
https://city2city.ru/lipeczk-ivanovo;Липецк;Иваново;18300;1;DIRECT_LOW;11;0.9768;0.0651
https://city2city.ru/novosibirsk-sharypovo;Новосибирск;Шарыпово;17000;1;DIRECT_LOW;15;0.8702;0.0651
https://city2city.ru/tyumen-astraxan;Тюмень;Астрахань;74000;1;DIRECT_LOW;19;0.8733;0.0651
https://city2city.ru/stavropol-belgorod;Ставрополь;Белгород;31000;1;DIRECT_LOW;;0.9908;0.0651
https://city2city.ru/kazan-chebarkul;Казань;Чебаркуль;26700;1;DIRECT_LOW;1;0.8467;0.0651
https://city2city.ru/perm-anapa;Пермь;Анапа;76500;1;DIRECT_LOW;;0.8714;0.0651
https://city2city.ru/tyumen-ilinka;Тюмень;село Ильинка;28000;1;DIRECT_LOW;;0.863;0.0651
https://city2city.ru/tyumen-bryansk;Тюмень;Брянск;72000;1;DIRECT_LOW;14;0.8725;0.0651
https://city2city.ru/astraxan-lipeczk;Астрахань;Липецк;33500;1;DIRECT_LOW;;0.9235;0.0651
https://city2city.ru/tomsk-sayanogorsk;Томск;Саяногорск;26000;1;DIRECT_LOW;12;0.8751;0.0651
https://city2city.ru/lipeczk-ekaterinburg;Липецк;Екатеринбург;53500;1;DIRECT_LOW;;0.9878;0.0651
https://city2city.ru/rostov-ryazan;Ростов-на-Дону;Рязань;28500;1;DIRECT_LOW;;0.9337;0.0651
https://city2city.ru/volgograd-kamensk-shaxtinskij;Волгоград;Каменск-Шахтинский;11000;1;DIRECT_LOW;4;0.7521;0.0651
https://city2city.ru/lipeczk-tver;Липецк;Тверь;19500;1;DIRECT_LOW;;0.9917;0.0651
https://city2city.ru/xabarovsk-tynda-2;Хабаровск;Тында;40000;1;DIRECT_LOW;15;0.8741;0.0651
https://city2city.ru/tyumen-langepas;Тюмень;Лангепас;27500;1;DIRECT_LOW;;0.7562;0.0651
https://city2city.ru/belgorod-chelyabinsk;Белгород;Челябинск;60500;1;DIRECT_LOW;;0.9163;0.0651
https://city2city.ru/moskva-zelenokumsk;Москва;Зеленокумск;48500;1;DIRECT_LOW;;0.7283;0.0651
https://city2city.ru/kazan-sevastopol;Казань;Севастополь;66500;1;DIRECT_LOW;;0.9859;0.0651
https://city2city.ru/krasnoyarsk-zima;Красноярск;Зима;24000;1;DIRECT_LOW;20;0.8575;0.0651
https://city2city.ru/rostov-murmansk;Ростов-на-Дону;Мурманск;93000;1;DIRECT_LOW;;0.8152;0.0651
https://city2city.ru/volgograd-ekaterinburg;Волгоград;Екатеринбург;51000;1;DIRECT_LOW;;0.9829;0.0651
https://city2city.ru/yaroslavl-kotlas;Ярославль;Котлас;21500;1;DIRECT_LOW;;0.756;0.0651
https://city2city.ru/perm-simferopol;Пермь;Симферополь;85000;1;DIRECT_LOW;;0.8731;0.0651
https://city2city.ru/tambov-tolyatti;Тамбов;Тольятти;19000;1;DIRECT_LOW;;0.8735;0.0651
https://city2city.ru/voronezh-zhirnovsk;Воронеж;Жирновск;14500;1;DIRECT_LOW;;0.9897;0.0651
https://city2city.ru/ryazan-anapa;Рязань;Анапа;41400;1;DIRECT_LOW;11;0.8747;0.0651
https://city2city.ru/ekaterinburg-anapa;Екатеринбург;Анапа;77500;1;DIRECT_LOW;;0.7298;0.0651
https://city2city.ru/astraxan-saratov;Астрахань;Саратов;24000;1;DIRECT_LOW;8;0.7809;0.0651
https://city2city.ru/nizhnij-novgorod-simferopol;Нижний Новгород;Симферополь;59500;1;DIRECT_LOW;;0.8618;0.0651
https://city2city.ru/saratov-astraxan;Саратов;Астрахань;24500;1;DIRECT_LOW;;0.9892;0.0651
https://city2city.ru/smolensk-pskov;Смоленск;Псков;14000;1;DIRECT_LOW;;0.9935;0.0651
https://city2city.ru/rostov-izhevsk;Ростов-на-Дону;Ижевск;54900;1;DIRECT_LOW;4;0.8144;0.0651
https://city2city.ru/rostov-tyumen;Ростов-на-Дону;Тюмень;75500;1;DIRECT_LOW;;0.8152;0.0651
https://city2city.ru/tyumen-muravlenko;Тюмень;Муравленко;33500;1;DIRECT_LOW;;0.7559;0.0651
https://city2city.ru/ufa-noyabrsk;Уфа;Ноябрьск;58000;1;DIRECT_LOW;;0.8693;0.0651
https://city2city.ru/ekaterinburg-nizhnevartovsk;Екатеринбург;Нижневартовск;40000;1;DIRECT_LOW;;0.7068;0.0651
https://city2city.ru/ufa-ivanovo;Уфа;Иваново;36200;1;DIRECT_LOW;1;0.9745;0.0651
https://city2city.ru/stavropol-selo-grachyovka;Ставрополь;село Грачёвка;46500;1;DIRECT_LOW;1;0.7473;0.0651
https://city2city.ru/krasnodar-blagodarnyj;Краснодар;Благодарный;13500;1;DIRECT_LOW;23;0.9856;0.0651
https://city2city.ru/joshkar-ola-ivanovo;Йошкар-Ола;Иваново;17100;1;DIRECT_LOW;3;0.8348;0.0651
https://city2city.ru/voronezh-gelendzhik;Воронеж;Геленджик;30500;1;DIRECT_LOW;;0.9899;0.0651
https://city2city.ru/moskva-glazov;Москва;Глазов;36500;1;DIRECT_LOW;;0.9636;0.0651
https://city2city.ru/oryol-anapa;Орёл;Анапа;40000;1;DIRECT_LOW;;0.8749;0.0651
https://city2city.ru/saratov-mixajlovka;Саратов;Михайловка;10500;1;DIRECT_LOW;;0.8733;0.0651
https://city2city.ru/nizhnij-novgorod-adler;Нижний Новгород;Адлер;56000;1;DIRECT_LOW;;0.8591;0.0651
https://city2city.ru/irkutsk-zheleznogorsk-ilimskij;Иркутск;Железногорск-Илимский;34000;1;DIRECT_LOW;2;0.7093;0.0651
https://city2city.ru/stavropol-adler;Ставрополь;Адлер;15500;1;DIRECT_LOW;;0.8716;0.0651
https://city2city.ru/sankt-peterburg-orsk;Санкт-Петербург;Орск;74000;1;DIRECT_LOW;;0.9765;0.0651
https://city2city.ru/krasnoyarsk-blagoveshhensk;Красноярск;Благовещенск;111000;1;DIRECT_LOW;8;0.8661;0.0651
https://city2city.ru/kursk-gelendzhik;Курск;Геленджик;37000;1;DIRECT_LOW;;0.8783;0.0651
https://city2city.ru/lugansk-kostroma;Луганск;Кострома;41400;1;DIRECT_LOW;;0.8808;0.0651
https://city2city.ru/xabarovsk-dalnerechensk;Хабаровск;Дальнереченск;10800;1;DIRECT_LOW;3;0.7565;0.0651
https://city2city.ru/rostov-magnitogorsk;Ростов-на-Дону;Магнитогорск;61000;1;DIRECT_LOW;;0.816;0.0651
https://city2city.ru/novosibirsk-tayga;Новосибирск;Тайга;10000;1;DIRECT_LOW;;0.7521;0.0651
https://city2city.ru/smolensk-naro-fominsk;Смоленск;Наро-Фоминск;10500;1;DIRECT_LOW;;0.8768;0.0651
https://city2city.ru/krasnodar-kamyshin;Краснодар;Камышин;28000;1;DIRECT_LOW;;0.9947;0.0651
https://city2city.ru/volgograd-balashov;Волгоград;Балашов;22000;1;DIRECT_LOW;25;0.8698;0.0651
https://city2city.ru/rostov-murom;Ростов-на-Дону;Муром;34000;1;DIRECT_LOW;29;0.9345;0.0651
https://city2city.ru/ekaterinburg-sibaj;Екатеринбург;Сибай;17700;40889;DIRECT_ONLY;;0.3754;0.9973
https://city2city.ru/cheljabinsk-sibaj;Челябинск;Сибай;11400;28072;DIRECT_ONLY;;0.4959;0.962
https://city2city.ru/donetsk-volgograd;Донецк;Волгоград;18600;10273;DIRECT_ONLY;;0.4547;0.8676
https://city2city.ru/donetsk-orenburg;Донецк;Оренбург;53000;10273;DIRECT_ONLY;;0.4563;0.8676
https://city2city.ru/izhevsk-kazan;Ижевск;Казань;11000;1026;DIRECT_ONLY;;0.3283;0.6513
https://city2city.ru/enisejsk-krasnojarsk;Енисейск;Красноярск;10200;535;DIRECT_ONLY;7;0.4212;0.5902
https://city2city.ru/kazan-moskva;Казань;Москва;24300;399;DIRECT_ONLY;;0.492;0.5627
https://city2city.ru/kazan-samara;Международный аэропорт Казань;Самара;11200;385;DIRECT_ONLY;;0.2401;0.5594
https://city2city.ru/izhevsk-ufa;Ижевск;Уфа;10200;384;DIRECT_ONLY;;0.3293;0.5591
https://city2city.ru/kazan-ufa;Международный аэропорт Казань;Уфа;15900;276;DIRECT_ONLY;;0.1703;0.5282
https://city2city.ru/samara-ufa;Самара;Уфа;13800;200;DIRECT_TEST;24;0.8682;0.4981
https://city2city.ru/ufa-samara;Уфа;Самара;14000;200;DIRECT_TEST;;0.8713;0.4981
https://city2city.ru/ekaterinburg-sibaj-2;Екатеринбург;Сибай;17700;182;DIRECT_TEST;3;0.7079;0.4893
https://city2city.ru/svo-taxi-krasnodar-donetsk;Краснодар;Донецк;13500;181;DIRECT_TEST;;0.8698;0.4888
https://city2city.ru/orenburg-kazan;Оренбург;Казань;21600;180;DIRECT_TEST;26;0.872;0.4882
https://city2city.ru/ufa-ekaterinburg;Уфа;Екатеринбург;15800;172;DIRECT_TEST;;0.8729;0.484
https://city2city.ru/ekaterinburg-ufa;международный аэропорт Кольцово Екатеринбург;Уфа;15800;172;DIRECT_TEST;;0.2399;0.484
https://city2city.ru/kazan-kirov;Международный аэропорт Казань;Киров;11800;169;DIRECT_TEST;;0.0519;0.4824
https://city2city.ru/kirov-kazan;Киров;Казань;11800;169;DIRECT_TEST;18;0.8704;0.4824
https://city2city.ru/svo-taxi-starobelsk-2;;Старобельск;114000;162;DIRECT_TEST;;0.4742;0.4784
https://city2city.ru/penza-moskva;Пенза;Москва;19400;155;DIRECT_TEST;26;0.8474;0.4743
https://city2city.ru/moskva-penza;Москва;Пенза;19400;155;DIRECT_TEST;19;0.8448;0.4743
https://city2city.ru/ekaterinburg-moskva;Екатеринбург;Москва;50200;154;DIRECT_TEST;;0.8922;0.4737
https://city2city.ru/moskva-borovichi;Москва;Боровичи;13000;151;DIRECT_TEST;;0.8461;0.4718
https://city2city.ru/smolensk-moskva;Смоленск;Москва;12000;144;DIRECT_TEST;12;0.7273;0.4674
https://city2city.ru/kostroma-moskva;Кострома;Москва;10000;142;DIRECT_TEST;22;0.729;0.4661
https://city2city.ru/orenburg-moskva;Оренбург;Москва;45200;136;DIRECT_TEST;15;0.7287;0.4621
https://city2city.ru/moskva-orenburg;Москва;Оренбург;45000;136;DIRECT_TEST;;0.8472;0.4621
https://city2city.ru/kirov-syktyvkar;Киров;Сыктывкар;12400;131;DIRECT_TEST;16;0.7579;0.4586
https://city2city.ru/syktyvkar-kirov;Сыктывкар;Киров;12400;131;DIRECT_TEST;6;0.6385;0.4586
https://city2city.ru/kirov-syktyvkar-2;Киров;Сыктывкар;12500;131;DIRECT_TEST;23;0.7563;0.4586
https://city2city.ru/ufa-izhevsk;Уфа;Ижевск;10200;130;DIRECT_TEST;19;0.635;0.4579
https://city2city.ru/perm-ekaterinburg;Пермь;Екатеринбург;10800;129;DIRECT_TEST;16;0.751;0.4572
https://city2city.ru/ekaterinburg-perm;международный аэропорт Кольцово Екатеринбург;Пермь;10800;129;DIRECT_TEST;;0.2407;0.4572
https://city2city.ru/oryol-moskva;Орёл;Москва;11000;127;DIRECT_TEST;;0.7288;0.4557
https://city2city.ru/volgograd-moskva;Волгоград;Москва;29000;127;DIRECT_TEST;;0.8448;0.4557
https://city2city.ru/kazan-bavly;Казань;Бавлы;10500;126;DIRECT_TEST;;0.4431;0.455
https://city2city.ru/kazan-izhevsk;Международный аэропорт Казань;Ижевск;11100;126;DIRECT_TEST;;0.2401;0.455
https://city2city.ru/volgograd-doneczk-rostovskaya-oblast;Волгоград;Донецк;11700;123;DIRECT_TEST;;0.8682;0.4527
https://city2city.ru/kazan-tujmazy;Казань;Туймазы;11400;120;DIRECT_TEST;;0.588;0.4504
https://city2city.ru/ulan-udje-irkutsk;Улан-Удэ;Иркутск;13500;117;DIRECT_TEST;4;0.7553;0.4481
https://city2city.ru/moskva-lipetsk;Москва;Липецк;14000;115;DIRECT_TEST;;0.8478;0.4465
https://city2city.ru/lipeczk-moskva;Липецк;Москва;14100;115;DIRECT_TEST;22;0.7275;0.4465
https://city2city.ru/moskva-ekaterinburg;Москва;Екатеринбург;49800;115;DIRECT_TEST;18;0.9628;0.4465
https://city2city.ru/krasnoyarsk-novosibirsk;Красноярск;Новосибирск;23400;114;DIRECT_TEST;10;0.8677;0.4456
https://city2city.ru/krasnoyarsk-abakan;Красноярск;Абакан;12300;114;DIRECT_TEST;9;0.7502;0.4456
https://city2city.ru/novosibirsk-krasnoyarsk;Новосибирск;Красноярск;23400;114;DIRECT_TEST;9;0.745;0.4456
https://city2city.ru/perm-moskva;Пермь;Москва;44000;113;DIRECT_TEST;;0.8447;0.4448
https://city2city.ru/moskva-perm;Москва;Пермь;45500;113;DIRECT_TEST;;0.8489;0.4448
https://city2city.ru/svo-taxi-moskva-mariupol;Москва;Мариуполь;37500;111;DIRECT_TEST;;0.8462;0.4432
https://city2city.ru/nerjungri-jakutsk;Нерюнгри;Якутск;24300;109;DIRECT_TEST;12;0.7613;0.4415
https://city2city.ru/nizhnij-novgorod-bor;Нижний Новгород;Бор;36500;102;DIRECT_TEST;;0.858;0.4353
https://city2city.ru/aldan-jakutsk;Алдан;Якутск;15800;100;DIRECT_TEST;8;0.1951;0.4335
https://city2city.ru/astraxan-volgograd;Астрахань;Волгоград;12800;97;DIRECT_TEST;;0.7288;0.4306
https://city2city.ru/perm-ufa;Пермь;Уфа;15200;97;DIRECT_TEST;25;0.8689;0.4306
https://city2city.ru/ufa-perm;Уфа;Пермь;15000;97;DIRECT_TEST;;0.8729;0.4306
https://city2city.ru/samara-saratov;Самара;Саратов;12300;90;DIRECT_TEST;22;0.8697;0.4237
https://city2city.ru/saratov-samara;Саратов;Самара;12300;90;DIRECT_TEST;16;0.7505;0.4237
https://city2city.ru/elista-moskva;Элиста;Москва;38000;88;DIRECT_TEST;;0.5636;0.4216
https://city2city.ru/chelyabinsk-moskva;Челябинск;Москва;52500;87;DIRECT_TEST;;0.6334;0.4205
https://city2city.ru/ufa-blagoveshhensk;Уфа;Благовещенск;193400;82;DIRECT_TEST;11;0.8712;0.415
https://city2city.ru/ekaterinburg-magnitogorsk;международный аэропорт Кольцово Екатеринбург;Магнитогорск;15400;82;DIRECT_TEST;;0.2399;0.415
https://city2city.ru/chelyabinsk-tyumen;Челябинск;Тюмень;12600;78;DIRECT_TEST;10;0.5168;0.4104
https://city2city.ru/ekaterinburg-severouralsk;Екатеринбург;Североуральск;13200;74;DIRECT_TEST;2;0.6356;0.4055
https://city2city.ru/izhevsk-moskva;Ижевск;Москва;35500;74;DIRECT_TEST;;0.7752;0.4055
https://city2city.ru/ekaterinburg-beloreczk;Екатеринбург;Белорецк;53700;73;DIRECT_TEST;;0.5163;0.4042
https://city2city.ru/moskva-chelyabinsk;Москва;Челябинск;52500;73;DIRECT_TEST;;0.8445;0.4042
https://city2city.ru/astraxan-moskva;Астрахань;Москва;41800;72;DIRECT_TEST;;0.7045;0.403
https://city2city.ru/kyzyl-abakan;Кызыл;Абакан;11700;72;DIRECT_TEST;7;0.8797;0.403
https://city2city.ru/lugansk-volgograd;Луганск;Волгоград;13800;70;DIRECT_TEST;;0.8792;0.4004
https://city2city.ru/svo-taxi-volgograd-lugansk;Волгоград;Луганск;14000;70;DIRECT_TEST;;0.869;0.4004
https://city2city.ru/kazan-belebej;Казань;Белебей;13000;68;DIRECT_TEST;;0.9166;0.3977
https://city2city.ru/moskva-elista;Москва;Элиста;38000;66;DIRECT_TEST;26;0.8495;0.3949
https://city2city.ru/orenburg-yasnyj;Оренбург;Ясный;13500;66;DIRECT_TEST;8;0.8681;0.3949
https://city2city.ru/kazan-tolyatti;Казань;Тольятти;10000;65;DIRECT_TEST;;0.4695;0.3935
https://city2city.ru/kazan-nizhniy_novgorod;Международный аэропорт Казань;Нижний Новгород;12600;64;DIRECT_TEST;;0.1704;0.3921
https://city2city.ru/nizhnij-novgorod-kazan;Нижний Новгород;Казань;11700;64;DIRECT_TEST;19;0.744;0.3921
https://city2city.ru/moskva-vologda;Москва;Вологда;13800;63;DIRECT_TEST;18;0.7307;0.3906
https://city2city.ru/vologda-moskva;Вологда;Москва;13800;63;DIRECT_TEST;17;0.845;0.3906
https://city2city.ru/blagoveshhensk-jakutsk;Благовещенск;Якутск;53000;62;DIRECT_TEST;7;0.383;0.3891
https://city2city.ru/rostov-volgograd;Ростов-на-Дону;Волгоград;14000;61;DIRECT_TEST;;0.816;0.3876
https://city2city.ru/volgograd-rostov-na-donu;Волгоград;Ростов-на-Дону;14700;61;DIRECT_TEST;8;0.8145;0.3876
https://city2city.ru/lensk-jakutsk;Ленск;Якутск;41200;61;DIRECT_TEST;8;0.7639;0.3876
https://city2city.ru/svo-taxi-samara-lugansk;Самара;Луганск;37500;60;DIRECT_TEST;24;0.869;0.3861
https://city2city.ru/lugansk-samara;Луганск;Самара;37200;60;DIRECT_TEST;;0.8792;0.3861
https://city2city.ru/svo-taxi-gorlovka-moskva;Горловка;Москва;35000;58;DIRECT_TEST;;0.8803;0.383
https://city2city.ru/svo-taxi-moskva-gorlovka;Москва;Горловка;46000;58;DIRECT_TEST;;0.8462;0.383
https://city2city.ru/krasnodar-mineralnye-vody;Краснодар;Минеральные Воды;12000;57;DIRECT_TEST;;0.7354;0.3814
https://city2city.ru/tumen-chelyabinsk;аэропорт Тюмень (Рощино);Челябинск;12500;57;DIRECT_TEST;18;0.347;0.3814
https://city2city.ru/xabarovsk-vladivostok-2;Хабаровск;Владивосток;22500;56;DIRECT_TEST;2;0.6357;0.3797
https://city2city.ru/samara-kirov;Самара;Киров;23100;56;DIRECT_TEST;5;0.8679;0.3797
https://city2city.ru/vladivostok-habarovsk;Владивосток;Хабаровск;22600;56;DIRECT_TEST;7;0.7541;0.3797
https://city2city.ru/penza-zarechnyj-penzenskaya-oblast;Пенза;Заречный;40000;56;DIRECT_TEST;;0.7602;0.3797
https://city2city.ru/xabarovsk-vladivostok;Хабаровск;Владивосток;22800;56;DIRECT_TEST;2;0.6365;0.3797
https://city2city.ru/kirov-samara;Киров;Самара;23100;56;DIRECT_TEST;18;0.8689;0.3797
https://city2city.ru/bratsk-krasnojarsk;Братск;Красноярск;20400;55;DIRECT_TEST;;0.584;0.3781
https://city2city.ru/irkutsk-kirensk;Иркутск;Киренск;28500;55;DIRECT_TEST;2;0.4287;0.3781
https://city2city.ru/ufa-nizhnekamsk;Уфа;Нижнекамск;10200;54;DIRECT_TEST;;0.8729;0.3764
https://city2city.ru/ekaterinburg-kazan;Екатеринбург;Казань;26700;54;DIRECT_TEST;3;0.914;0.3764
https://city2city.ru/bryansk-domodedovo;Брянск;Домодедово;12000;53;DIRECT_TEST;;0.7361;0.3746
https://city2city.ru/vladivostok-yakutsk;Владивосток;Якутск;93000;53;DIRECT_TEST;2;0.7544;0.3746
https://city2city.ru/kemerovo-krasnoyarsk;Кемерово;Красноярск;15800;53;DIRECT_TEST;5;0.7748;0.3746
https://city2city.ru/yakutsk-vladivostok;Якутск;Владивосток;92700;53;DIRECT_TEST;3;0.7551;0.3746
https://city2city.ru/omsk-novosibirsk;Омск;Новосибирск;19500;51;DIRECT_TEST;14;0.8687;0.3711
https://city2city.ru/chelyabinsk-orenburg;Челябинск;Оренбург;22400;51;DIRECT_TEST;;0.5901;0.3711
https://city2city.ru/moskva-valujki;Москва;Валуйки;22500;51;DIRECT_TEST;;0.8477;0.3711
https://city2city.ru/svo-taxi-krasnodar-mariupol;Краснодар;Мариуполь;14000;51;DIRECT_TEST;;0.8698;0.3711
https://city2city.ru/pskov-moskva;Псков;Москва;24200;50;DIRECT_TEST;11;0.8449;0.3693
https://city2city.ru/belgorod-sankt-peterburg;Белгород;Санкт-Петербург;41000;49;DIRECT_TEST;;0.9057;0.3674
https://city2city.ru/stavropol-moskva;Ставрополь;Москва;42500;49;DIRECT_TEST;;0.8449;0.3674
https://city2city.ru/yakutsk-blagoveshhensk;Якутск;Благовещенск;53000;49;DIRECT_TEST;4;0.8752;0.3674
https://city2city.ru/xabarovsk-komsomolsk-na-amure;Хабаровск;Комсомольск-на-Амуре;12000;48;DIRECT_TEST;10;0.5792;0.3655
https://city2city.ru/komsomolsk-na-amure-habarovsk;Комсомольск-на-Амуре;Хабаровск;12000;48;DIRECT_TEST;2;0.6976;0.3655
https://city2city.ru/xabarovsk-komsomolsk-na-amure-2;Хабаровск;Комсомольск-на-Амуре;12000;48;DIRECT_TEST;6;0.5792;0.3655
https://city2city.ru/kurgan-ekaterinburg;Курган;Екатеринбург;11000;47;DIRECT_TEST;4;0.87;0.3636
https://city2city.ru/ufa-doneczk-rostovskaya-oblast;Уфа;Донецк;56700;47;DIRECT_TEST;7;0.8694;0.3636
https://city2city.ru/krasnoyarsk-kyzyl;Красноярск;Кызыл;24300;47;DIRECT_TEST;5;0.8688;0.3636
https://city2city.ru/ekaterinburg-kurgan;международный аэропорт Кольцово Екатеринбург;Курган;11000;47;DIRECT_TEST;;0.2407;0.3636
https://city2city.ru/kyzyl-krasnoyarsk;Кызыл;Красноярск;24000;47;DIRECT_TEST;2;0.8673;0.3636
https://city2city.ru/irkutsk-krasnoyarsk;Иркутск;Красноярск;31800;46;DIRECT_TEST;;0.4671;0.3616
https://city2city.ru/chelyabinsk-orsk;Челябинск;Орск;18300;46;DIRECT_TEST;8;0.5188;0.3616
https://city2city.ru/petrozavodsk-sankt-peterburg;Петрозаводск;Санкт-Петербург;12800;45;DIRECT_TEST;9;0.7427;0.3596
https://city2city.ru/krasnodar-astraxan;Краснодар;Астрахань;24800;45;DIRECT_TEST;24;0.9858;0.3596
https://city2city.ru/sankt-peterburg-petrozavodsk;Санкт-Петербург;Петрозаводск;12900;45;DIRECT_TEST;8;0.7421;0.3596
https://city2city.ru/krasnoyarsk-bratsk;Красноярск;Братск;20400;45;DIRECT_TEST;5;0.8664;0.3596
https://city2city.ru/ekaterinburg-orenburg;Екатеринбург;Оренбург;28800;43;DIRECT_TEST;7;0.7257;0.3554
https://city2city.ru/kazan-saratov;Казань;Саратов;19600;42;DIRECT_TEST;9;0.6555;0.3533
https://city2city.ru/kazan-ekaterinburg;Международный аэропорт Казань;Екатеринбург;26000;42;DIRECT_TEST;;0.241;0.3533
https://city2city.ru/kazan-magnitogorsk;Казань;Магнитогорск;26100;42;DIRECT_TEST;;0.7748;0.3533
https://city2city.ru/nikolaevsk-na-amure-habarovsk;Николаевск-на-Амуре;Хабаровск;27400;42;DIRECT_TEST;9;0.8152;0.3533
https://city2city.ru/xabarovsk-nikolaevsk-na-amure;Хабаровск;Николаевск-на-Амуре;27400;42;DIRECT_TEST;11;0.8153;0.3533
https://city2city.ru/xabarovsk-nikolaevsk-na-amure-2;Хабаровск;Николаевск-на-Амуре;27500;42;DIRECT_TEST;9;0.8153;0.3533
https://city2city.ru/izhevsk-samara;Ижевск;Самара;16500;42;DIRECT_TEST;;0.8454;0.3533
https://city2city.ru/orenburg-chelyabinsk;Оренбург;Челябинск;22500;40;DIRECT_TEST;7;0.8698;0.3488
https://city2city.ru/blagoveshhensk-zeya;Благовещенск;Зея;15300;40;DIRECT_TEST;2;0.4543;0.3488
https://city2city.ru/irkutsk-severobajkalsk;Иркутск;Северобайкальск;24600;40;DIRECT_TEST;1;0.6405;0.3488
https://city2city.ru/orenburg-ekaterinburg;Оренбург;Екатеринбург;28800;39;DIRECT_TEST;7;0.8692;0.3465
https://city2city.ru/orenburg-oktyabrskij-respublika-bashkortostan;Оренбург;Октябрьский;11400;39;DIRECT_TEST;3;0.8738;0.3465
https://city2city.ru/rostov-perm;Ростов-на-Дону;Пермь;64000;39;DIRECT_TEST;;0.9328;0.3465
https://city2city.ru/irkutsk-novosibirsk;Иркутск;Новосибирск;55000;39;DIRECT_TEST;2;0.5171;0.3465
https://city2city.ru/energodar-simferopol;Энергодар;Симферополь;10500;38;DIRECT_TEST;;0.7165;0.3441
https://city2city.ru/energodar-ufa;Энергодар;Уфа;65500;38;DIRECT_TEST;;0.7165;0.3441
https://city2city.ru/energodar-rostov-na-don;Энергодар;Ростов-на-Дону;14000;38;DIRECT_TEST;;0.7156;0.3441
https://city2city.ru/svo-taxi-krasnodar-lugansk;Краснодар;Луганск;14500;38;DIRECT_TEST;;0.8706;0.3441
https://city2city.ru/volgograd-samara;Волгоград;Самара;23600;37;DIRECT_TEST;30;0.9835;0.3416
https://city2city.ru/sankt-peterburg-belgorod;Санкт-Петербург;Белгород;41000;37;DIRECT_TEST;;0.8596;0.3416
https://city2city.ru/samara-volgograd;Самара;Волгоград;24200;37;DIRECT_TEST;7;0.9843;0.3416
https://city2city.ru/samara-izhevsk;Самара;Ижевск;16600;37;DIRECT_TEST;7;0.9869;0.3416
https://city2city.ru/samara-penza;Самара;Пенза;12600;36;DIRECT_TEST;6;0.754;0.3391
https://city2city.ru/penza-samara;Пенза;Самара;12600;36;DIRECT_TEST;13;0.8727;0.3391
https://city2city.ru/xanty-mansijsk-yugorsk;Ханты-Мансийск;Югорск;11400;36;DIRECT_TEST;7;0.8779;0.3391
https://city2city.ru/moskva-pervomajsk;Москва;Первомайск;16200;36;DIRECT_TEST;8;0.9652;0.3391
https://city2city.ru/svo-taxi-donetsk-mineralnye-vody-aeroport;Донецк;Минеральные Воды;21000;36;DIRECT_TEST;;0.878;0.3391
https://city2city.ru/voronezh-rostov-velikij;Воронеж;Ростов;17000;36;DIRECT_TEST;14;0.8568;0.3391
https://city2city.ru/krasnoyarsk-tomsk;Красноярск;Томск;17600;35;DIRECT_TEST;;0.7498;0.3366
https://city2city.ru/vologda-velikiy-ustyug;Вологда;Великий Устюг;13500;35;DIRECT_TEST;4;0.9736;0.3366
https://city2city.ru/kazan-sibaj;Казань;Сибай;28400;35;DIRECT_TEST;2;0.6342;0.3366
https://city2city.ru/tomsk-krasnojarsk;Томск;Красноярск;17600;35;DIRECT_TEST;10;0.7484;0.3366
https://city2city.ru/saratov-volgograd;Саратов;Волгоград;11000;34;DIRECT_TEST;;0.8674;0.3339
https://city2city.ru/velikiy-novgorod-moskva;Великий Новгород;Москва;17100;34;DIRECT_TEST;11;0.8405;0.3339
https://city2city.ru/izhevsk-ekaterinburg;Ижевск;Екатеринбург;17100;34;DIRECT_TEST;2;0.6574;0.3339
https://city2city.ru/kaluga-kirov-kaluzhskaya-oblast;Калуга;Киров;36000;34;DIRECT_TEST;10;0.852;0.3339
https://city2city.ru/rostov-samara;Ростов-на-Дону;Самара;38400;34;DIRECT_TEST;22;0.9337;0.3339
https://city2city.ru/novosibirsk-rubtsovsk;Новосибирск;Рубцовск;15500;34;DIRECT_TEST;;0.8694;0.3339
https://city2city.ru/ekaterinburg-izhevsk;Екатеринбург;Ижевск;17000;34;DIRECT_TEST;2;0.8448;0.3339
https://city2city.ru/volgograd-saratov;Волгоград;Саратов;11000;34;DIRECT_TEST;;0.8674;0.3339
https://city2city.ru/samara-rostov-na-donu;Самара;Ростов-на-Дону;37500;34;DIRECT_TEST;7;0.8144;0.3339
https://city2city.ru/krasnodar-vladikavkaz;Краснодар;Владикавказ;18300;33;DIRECT_TEST;26;0.8719;0.3312
https://city2city.ru/novosibirsk-irkutsk;Новосибирск;Иркутск;55000;33;DIRECT_TEST;8;0.7505;0.3312
https://city2city.ru/rostov-mineralnye-vody;Ростов-на-Дону;Минеральные Воды;14400;33;DIRECT_TEST;;0.816;0.3312
https://city2city.ru/kazan-neftekamsk;Казань;Нефтекамск;12400;32;DIRECT_TEST;;0.7282;0.3284
https://city2city.ru/krasnoyarsk-minusinsk;Красноярск;Минусинск;13000;32;DIRECT_TEST;;0.7489;0.3284
https://city2city.ru/astraxan-rostov-na-donu;Астрахань;Ростов-на-Дону;23100;32;DIRECT_TEST;;0.8648;0.3284
https://city2city.ru/kazan-buguruslan;Казань;Бугуруслан;11700;32;DIRECT_TEST;;0.7754;0.3284
https://city2city.ru/kemerovo-beryozovskiy;Кемерово;Берёзовский;55800;31;DIRECT_TEST;;0.9265;0.3255
https://city2city.ru/tyumen-moskva;Тюмень;Москва;60300;31;DIRECT_TEST;8;0.8448;0.3255
https://city2city.ru/xanty-mansijsk-uraj;Ханты-Мансийск;Урай;12900;31;DIRECT_TEST;7;0.8773;0.3255
https://city2city.ru/orenburg-naberezhnye-chelny;Оренбург;Набережные Челны;16600;31;DIRECT_TEST;9;0.753;0.3255
https://city2city.ru/olekminsk-jakutsk;Олекминск;Якутск;28800;31;DIRECT_TEST;3;0.7604;0.3255
https://city2city.ru/novosibirsk-kolpashevo;Новосибирск;Колпашево;15000;31;DIRECT_TEST;13;0.9879;0.3255
https://city2city.ru/astraxan-stavropol;Астрахань;Ставрополь;17400;31;DIRECT_TEST;;0.8547;0.3255
https://city2city.ru/moskva-syktyvkar;Москва;Сыктывкар;40200;31;DIRECT_TEST;8;0.8451;0.3255
https://city2city.ru/kirov-kaluga;Киров;Калуга;35000;31;DIRECT_TEST;28;0.8747;0.3255
https://city2city.ru/moskva-tyumen;Москва;Тюмень;59800;31;DIRECT_TEST;;0.851;0.3255
https://city2city.ru/krasnoyarsk-irkutsk;Красноярск;Иркутск;31800;31;DIRECT_TEST;3;0.6327;0.3255
https://city2city.ru/saratov-kazan;Саратов;Казань;20400;31;DIRECT_TEST;24;0.8672;0.3255
https://city2city.ru/syktyvkar-moskva;Сыктывкар;Москва;40400;31;DIRECT_TEST;2;0.8468;0.3255
https://city2city.ru/krasnodar-groznyj;Краснодар;Грозный;20800;30;DIRECT_TEST;16;0.8682;0.3225
https://city2city.ru/krasnodar-maxachkala;Краснодар;Махачкала;26000;30;DIRECT_TEST;;0.8683;0.3225
https://city2city.ru/belgorod-samara;Белгород;Самара;35500;30;DIRECT_TEST;;0.9158;0.3225
https://city2city.ru/saransk-moskva;Саранск;Москва;19000;30;DIRECT_TEST;9;0.8476;0.3225
https://city2city.ru/irkutsk-chita;Иркутск;Чита;32800;30;DIRECT_TEST;2;0.5917;0.3225
https://city2city.ru/ufa-novotroiczk;Уфа;Новотроицк;18000;30;DIRECT_TEST;3;0.9895;0.3225
https://city2city.ru/moskva-saransk;Москва;Саранск;18900;30;DIRECT_TEST;20;0.8451;0.3225
https://city2city.ru/belgorod-lipeck;Белгород;Липецк;11500;29;DIRECT_TEST;;0.9208;0.3194
https://city2city.ru/svo-taxi-saratov-donetsk;Саратов;Донецк;23000;29;DIRECT_TEST;;0.8713;0.3194
https://city2city.ru/samara-mirnyj;Самара;Мирный;168000;29;DIRECT_TEST;;0.9807;0.3194
https://city2city.ru/samara-perm;Самара;Пермь;26100;29;DIRECT_TEST;10;0.8692;0.3194
https://city2city.ru/saratov-doneczk-rostovskaya-oblast;Саратов;Донецк;23000;29;DIRECT_TEST;;0.8729;0.3194
https://city2city.ru/kazan-volgograd;Казань;Волгоград;30900;28;DIRECT_TEST;8;0.6534;0.3163
https://city2city.ru/tyumen-sibaj;Тюмень;Сибай;23700;28;DIRECT_TEST;5;0.8742;0.3163
https://city2city.ru/orenburg-sibaj;Оренбург;Сибай;10000;28;DIRECT_TEST;5;0.7585;0.3163
https://city2city.ru/vladivostok-arsenev;Владивосток;Арсеньев;10000;27;DIRECT_TEST;5;0.7555;0.313
https://city2city.ru/ekaterinburg-ulyanovsk;Екатеринбург;Ульяновск;30200;27;DIRECT_TEST;10;0.9164;0.313
https://city2city.ru/belgorod-kazan;Белгород;Казань;38600;27;DIRECT_TEST;;0.9154;0.313
https://city2city.ru/kazan-orsk;Казань;Орск;29700;27;DIRECT_TEST;7;0.7045;0.313
https://city2city.ru/kazan-belgorod;Казань;Белгород;40400;27;DIRECT_TEST;7;0.8465;0.313
https://city2city.ru/irkutsk-bodajbo;Иркутск;Бодайбо;43800;27;DIRECT_TEST;2;0.7111;0.313
https://city2city.ru/melitopol-rostov-na-don;Мелитополь;Ростов-на-Дону;11000;26;DIRECT_TEST;;0.8826;0.3095
https://city2city.ru/cheboksary-penza;Чебоксары;Пенза;14000;26;DIRECT_TEST;;0.7335;0.3095
https://city2city.ru/krasnoyarsk-kemerovo;Красноярск;Кемерово;15900;26;DIRECT_TEST;2;0.8674;0.3095
https://city2city.ru/ufa-ulyanovsk;Уфа;Ульяновск;17700;26;DIRECT_TEST;3;0.8709;0.3095
https://city2city.ru/tomsk-strezhevoy;Томск;Стрежевой;72600;26;DIRECT_TEST;10;0.9935;0.3095
https://city2city.ru/ulyanovsk-ufa;Ульяновск;Уфа;17600;26;DIRECT_TEST;9;0.8701;0.3095
https://city2city.ru/ekaterinburg-krasnoturinsk;Екатеринбург;Краснотурьинск;11600;26;DIRECT_TEST;5;0.4465;0.3095
https://city2city.ru/rostov-sankt-peterburg;Ростов-на-Дону;Санкт-Петербург;54000;26;DIRECT_TEST;10;0.8152;0.3095
https://city2city.ru/sankt-peterburg-rostov-na-don;Санкт-Петербург;Ростов-на-Дону;53700;26;DIRECT_TEST;9;0.9328;0.3095
https://city2city.ru/krasnodar-sankt-peterburg;Ростов-на-Дону;Санкт-Петербург;61800;26;DIRECT_TEST;10;0.8178;0.3095
https://city2city.ru/svo-taxi-rostov-na-donu-melitopol;Ростов-на-Дону;Мелитополь;11000;26;DIRECT_TEST;;0.8145;0.3095
https://city2city.ru/irkutsk-ust-ilimsk;Иркутск;Усть-Илимск;27000;25;DIRECT_TEST;7;0.5205;0.306
https://city2city.ru/kirov-ufa;Киров;Уфа;22500;25;DIRECT_TEST;18;0.8703;0.306
https://city2city.ru/ufa-kirov;Уфа;Киров;22500;25;DIRECT_TEST;14;0.987;0.306
https://city2city.ru/handyga-jakutsk;Хандыга;Якутск;12600;25;DIRECT_TEST;6;0.4295;0.306
https://city2city.ru/krasnodar-ryazan;Краснодар;Рязань;36500;25;DIRECT_TEST;;0.9875;0.306
https://city2city.ru/ekaterinburg-serov;Екатеринбург;Серов;10500;25;DIRECT_TEST;;0.5168;0.306
https://city2city.ru/voronezh-nizhnij-novgorod;Воронеж;Нижний Новгород;22200;25;DIRECT_TEST;12;0.8589;0.306
https://city2city.ru/nizhnij-novgorod-voronezh;Нижний Новгород;Воронеж;22200;25;DIRECT_TEST;11;0.8596;0.306
https://city2city.ru/orenburg-magnitogorsk;Оренбург;Магнитогорск;13400;25;DIRECT_TEST;13;0.7568;0.306
https://city2city.ru/lugansk-saratov;Луганск;Саратов;24900;25;DIRECT_TEST;;0.88;0.306
https://city2city.ru/kemerovo-barnaul;Кемерово;Барнаул;12000;24;DIRECT_TEST;;0.7808;0.3023
https://city2city.ru/ufa-surgut;Уфа;Сургут;48600;24;DIRECT_TEST;13;0.7541;0.3023
https://city2city.ru/ekaterinburg-oktyabrskij-5;Екатеринбург;Октябрьский;18500;24;DIRECT_TEST;6;0.7033;0.3023
https://city2city.ru/blagoveshhensk-nerjungri;Благовещенск;Нерюнгри;29400;24;DIRECT_TEST;2;0.3852;0.3023
https://city2city.ru/oryol-smolensk;Орёл;Смоленск;11500;24;DIRECT_TEST;24;0.8773;0.3023
https://city2city.ru/stavropol-astraxan;Ставрополь;Астрахань;17400;24;DIRECT_TEST;22;0.8746;0.3023
https://city2city.ru/smolensk-oryol;Смоленск;Орёл;11400;24;DIRECT_TEST;2;0.9932;0.3023
https://city2city.ru/irkutsk-tulun;Иркутск;Тулун;12000;24;DIRECT_TEST;2;0.5228;0.3023
https://city2city.ru/lugansk-voronezh;Луганск;Воронеж;15900;23;DIRECT_TEST;;0.88;0.2985
https://city2city.ru/tomsk-omsk;Томск;Омск;26800;23;DIRECT_TEST;2;0.8719;0.2985
https://city2city.ru/ulyanovsk-nizhnij-novgorod;Ульяновск;Нижний Новгород;13000;23;DIRECT_TEST;;0.8601;0.2985
https://city2city.ru/kirov-uxta;Киров;Ухта;22000;23;DIRECT_TEST;;0.8749;0.2985
https://city2city.ru/samara-belgorod;Самара;Белгород;36000;23;DIRECT_TEST;;0.9872;0.2985
https://city2city.ru/penza-cheboksary;Пенза;Чебоксары;14100;23;DIRECT_TEST;2;0.994;0.2985
https://city2city.ru/omsk-tomsk;Омск;Томск;26800;23;DIRECT_TEST;2;0.8728;0.2985
https://city2city.ru/moskva-murmansk;Москва;Мурманск;57400;23;DIRECT_TEST;8;0.8449;0.2985
https://city2city.ru/barnaul-tomsk;Барнаул;Томск;14700;23;DIRECT_TEST;10;0.7803;0.2985
https://city2city.ru/habarovsk-jakutsk;Хабаровск;Якутск;69900;22;DIRECT_TEST;6;0.4532;0.2945
https://city2city.ru/volgograd-kazan;Волгоград;Казань;31500;22;DIRECT_TEST;;0.8652;0.2945
https://city2city.ru/krasnodar-saratov;Краснодар;Саратов;32700;22;DIRECT_TEST;7;0.8684;0.2945
https://city2city.ru/tula-voronezh;Тула;Воронеж;10400;22;DIRECT_TEST;11;0.8701;0.2945
https://city2city.ru/novosibirsk-kyzyl;Новосибирск;Кызыл;38700;22;DIRECT_TEST;5;0.8701;0.2945
https://city2city.ru/krasnodar-nalchik;Краснодар;Нальчик;15000;22;DIRECT_TEST;;0.7511;0.2945
https://city2city.ru/kazan-salavat;Казань;Салават;19800;22;DIRECT_TEST;10;0.7048;0.2945
https://city2city.ru/kyzyl-novosibirsk;Кызыл;Новосибирск;38600;22;DIRECT_TEST;4;0.8685;0.2945
https://city2city.ru/ufa-nizhnij-novgorod;Уфа;Нижний Новгород;28200;22;DIRECT_TEST;6;0.9775;0.2945
https://city2city.ru/voronezh-tula;Воронеж;Тула;10500;22;DIRECT_TEST;;0.987;0.2945
https://city2city.ru/novosibirsk-abakan;Новосибирск;Абакан;29500;22;DIRECT_TEST;;0.8683;0.2945
https://city2city.ru/orenburg-tolyatti;Оренбург;Тольятти;15200;21;DIRECT_TEST;18;0.8731;0.2903
https://city2city.ru/kursk-sankt-peterburg;Курск;Санкт-Петербург;36800;21;DIRECT_TEST;5;0.9766;0.2903
https://city2city.ru/krasnodar-taganrog;Краснодар;Таганрог;11000;21;DIRECT_TEST;;0.8701;0.2903
https://city2city.ru/voronezh-samara;Воронеж;Самара;28000;21;DIRECT_TEST;6;0.9844;0.2903
https://city2city.ru/chelyabinsk-sankt-peterburg;Челябинск;Санкт-Петербург;73200;21;DIRECT_TEST;3;0.9048;0.2903
https://city2city.ru/samara-volzhskij;Самара;Волжский;24000;21;DIRECT_TEST;;0.9882;0.2903
https://city2city.ru/kaluga-smolensk;Калуга;Смоленск;10500;21;DIRECT_TEST;;0.8516;0.2903
https://city2city.ru/rostov-astrahan;аэропорт Платов;Астрахань;23100;21;DIRECT_TEST;;0.6333;0.2903
https://city2city.ru/stavropol-anapa;Ставрополь;Анапа;14200;21;DIRECT_TEST;16;0.8742;0.2903
https://city2city.ru/voronezh-penza;Воронеж;Пенза;15500;21;DIRECT_TEST;;0.9879;0.2903
https://city2city.ru/ekaterinburg-voronezh;Екатеринбург;Воронеж;54200;21;DIRECT_TEST;4;0.8424;0.2903
https://city2city.ru/samara-voronezh;Самара;Воронеж;27900;21;DIRECT_TEST;16;0.9896;0.2903
https://city2city.ru/sankt-peterburg-kursk;Санкт-Петербург;Курск;37000;21;DIRECT_TEST;12;0.8592;0.2903
https://city2city.ru/perm-oktyabrskij-respublika-bashkortostan;Пермь;Октябрьский;17500;21;DIRECT_TEST;;0.7549;0.2903
https://city2city.ru/penza-voronezh;Пенза;Воронеж;15500;21;DIRECT_TEST;;0.8718;0.2903
https://city2city.ru/yakutsk-xabarovsk;Якутск;Хабаровск;70000;20;DIRECT_TEST;2;0.7548;0.2859
https://city2city.ru/ekaterinburg-samara;Екатеринбург;Самара;27200;20;DIRECT_TEST;;0.9136;0.2859
https://city2city.ru/nizhniy_novgorod-kirov;Нижний Новгород;Киров;17500;20;DIRECT_TEST;26;0.862;0.2859
https://city2city.ru/saratov-rostov-na-donu;Саратов;Ростов-на-Дону;25000;20;DIRECT_TEST;;0.9329;0.2859
https://city2city.ru/saratov-orenburg;Саратов;Оренбург;24000;20;DIRECT_TEST;5;0.8707;0.2859
https://city2city.ru/cheboksary-naberezhnye-chelny;Чебоксары;Набережные Челны;12000;20;DIRECT_TEST;;0.8513;0.2859
https://city2city.ru/rostov-saratov;Ростов-на-Дону;Саратов;25200;20;DIRECT_TEST;10;0.9328;0.2859
https://city2city.ru/krasnoyarsk-novokuzneczk;Красноярск;Новокузнецк;22200;20;DIRECT_TEST;5;0.7509;0.2859
https://city2city.ru/ulyanovsk-ekaterinburg;Ульяновск;Екатеринбург;30400;20;DIRECT_TEST;11;0.8676;0.2859
https://city2city.ru/kirov-nizhnij-novgorod;Киров;Нижний Новгород;17500;20;DIRECT_TEST;;0.8612;0.2859
https://city2city.ru/orenburg-saratov;Оренбург;Саратов;24000;20;DIRECT_TEST;7;0.872;0.2859
https://city2city.ru/krasnodar-ekaterinburg;Краснодар;Екатеринбург;72300;19;DIRECT_TEST;5;0.8655;0.2814
https://city2city.ru/ulyanovsk-kirov;Ульяновск;Киров;18600;19;DIRECT_TEST;5;0.8729;0.2814
https://city2city.ru/kirov-ulyanovsk;Киров;Ульяновск;18600;19;DIRECT_TEST;3;0.8729;0.2814
https://city2city.ru/belgorod-alekseevka;Белгород;Алексеевка;38000;19;DIRECT_TEST;;0.8512;0.2814
https://city2city.ru/saratov-ufa;Саратов;Уфа;26600;19;DIRECT_TEST;20;0.9864;0.2814
https://city2city.ru/samara-cheboksary;Самара;Чебоксары;14200;19;DIRECT_TEST;;0.8686;0.2814
https://city2city.ru/ufa-saratov;Уфа;Саратов;26700;19;DIRECT_TEST;7;0.9865;0.2814
https://city2city.ru/ekaterinburg-kirov;Екатеринбург;Киров;25500;19;DIRECT_TEST;8;0.9167;0.2814
https://city2city.ru/belgorod-tula;Белгород;Тула;14500;19;DIRECT_TEST;;0.921;0.2814
https://city2city.ru/ekaterinburg-kirov-2;Екатеринбург;Киров;25500;19;DIRECT_TEST;8;0.9167;0.2814
https://city2city.ru/rostov-nizhnij-novgorod;Ростов-на-Дону;Нижний Новгород;38500;18;DIRECT_TEST;;0.9328;0.2765
https://city2city.ru/ust-kut-irkutsk;Усть-Кут;Иркутск;29100;18;DIRECT_TEST;8;0.872;0.2765
https://city2city.ru/samara-nizhnekamsk;Самара;Нижнекамск;10800;18;DIRECT_TEST;11;0.7529;0.2765
https://city2city.ru/ivanovo-kazan;Иваново;Казань;19000;18;DIRECT_TEST;3;0.9036;0.2765
https://city2city.ru/xabarovsk-chita-2;Хабаровск;Чита;63000;18;DIRECT_TEST;1;0.7533;0.2765
https://city2city.ru/smolensk-kaluga;Смоленск;Калуга;10500;18;DIRECT_TEST;;0.9934;0.2765
https://city2city.ru/novosibirsk-mezhdurechensk;Новосибирск;Междуреченск;14000;18;DIRECT_TEST;;0.8738;0.2765
https://city2city.ru/ufa-tyumen;Уфа;Тюмень;25200;18;DIRECT_TEST;10;0.8695;0.2765
https://city2city.ru/nizhnij-novgorod-kostroma;Нижний Новгород;Кострома;10500;18;DIRECT_TEST;;0.8624;0.2765
https://city2city.ru/svo-taxi-snezhnoe-moskva;Снежное;Москва;33500;18;DIRECT_TEST;;0.9912;0.2765
https://city2city.ru/samara-nizhnij-novgorod;Самара;Нижний Новгород;21000;18;DIRECT_TEST;;0.8596;0.2765
https://city2city.ru/rostov-sochi;Ростов-на-Дону;Сочи;16500;18;DIRECT_TEST;;0.8144;0.2765
https://city2city.ru/nizhnij-novgorod-sankt-peterburg;Нижний Новгород;Санкт-Петербург;33900;18;DIRECT_TEST;17;0.8528;0.2765
https://city2city.ru/nizhnij-novgorod-rostov-na-donu;Нижний Новгород;Ростов-на-Дону;38700;18;DIRECT_TEST;8;0.9328;0.2765
https://city2city.ru/nizhnij-novgorod-samara;Нижний Новгород;Самара;21000;18;DIRECT_TEST;;0.8588;0.2765
https://city2city.ru/nizhnij-novgorod-rostov-velikij;Нижний Новгород;Ростов;38500;18;DIRECT_TEST;4;0.852;0.2765
https://city2city.ru/tyumen-ufa;Тюмень;Уфа;27000;18;DIRECT_TEST;14;0.8695;0.2765
https://city2city.ru/xabarovsk-chita;Хабаровск;Чита;63200;18;DIRECT_TEST;1;0.7533;0.2765
https://city2city.ru/sankt-peterburg-nizhnij-novgorod;Санкт-Петербург;Нижний Новгород;34200;18;DIRECT_TEST;12;0.853;0.2765
https://city2city.ru/ivanovo-ryazan;Иваново;Рязань;10500;18;DIRECT_TEST;;0.834;0.2765
https://city2city.ru/saratov-nizhnij-novgorod;Саратов;Нижний Новгород;20100;17;DIRECT_TEST;9;0.8664;0.2715
https://city2city.ru/belgorod-vologda;Белгород;Вологда;33900;17;DIRECT_TEST;3;0.9223;0.2715
https://city2city.ru/nizhniy_novgorod-saratov;Нижний Новгород;Саратов;19000;17;DIRECT_TEST;;0.9768;0.2715
https://city2city.ru/samara-chelyabinsk;Самара;Челябинск;26000;17;DIRECT_TEST;;0.9855;0.2715
https://city2city.ru/kazan-perm;Международный аэропорт Казань;Пермь;20000;17;DIRECT_TEST;;0.2401;0.2715
https://city2city.ru/orenburg-bugulma;Оренбург;Бугульма;12200;17;DIRECT_TEST;8;0.757;0.2715
https://city2city.ru/perm-kirov;Пермь;Киров;14500;17;DIRECT_TEST;;0.8705;0.2715
https://city2city.ru/kirov-perm;Киров;Пермь;14500;17;DIRECT_TEST;;0.872;0.2715
https://city2city.ru/perm-kazan;Пермь;Казань;17500;17;DIRECT_TEST;;0.868;0.2715
https://city2city.ru/saratov-tolyatti;Саратов;Тольятти;12500;17;DIRECT_TEST;;0.9905;0.2715
https://city2city.ru/tomsk-barnaul;Томск;Барнаул;14500;17;DIRECT_TEST;29;0.8732;0.2715
https://city2city.ru/samara-sochi;Самара;Сочи;54000;17;DIRECT_TEST;;0.9804;0.2715
https://city2city.ru/lipeczk-belgorod;Липецк;Белгород;11500;17;DIRECT_TEST;;0.9912;0.2715
https://city2city.ru/kazan-sterlitamak;Казань;Стерлитамак;18500;17;DIRECT_TEST;;0.776;0.2715
https://city2city.ru/lipeczk-sokol;Липецк;Сокол;29500;17;DIRECT_TEST;;0.9919;0.2715
https://city2city.ru/blagoveshhensk-xabarovsk;Благовещенск;Хабаровск;21600;16;DIRECT_TEST;10;0.5224;0.2661
https://city2city.ru/kursk-tula;Курск;Тула;10400;16;DIRECT_TEST;10;0.9924;0.2661
https://city2city.ru/elista-rostov-na-donu;Элиста;Ростов-на-Дону;13500;16;DIRECT_TEST;;0.6035;0.2661
https://city2city.ru/tula-kursk;Тула;Курск;10500;16;DIRECT_TEST;;0.9899;0.2661
https://city2city.ru/lugansk-simferopol;Луганск;Симферополь;21500;16;DIRECT_TEST;;0.8808;0.2661
https://city2city.ru/voronezh-sankt-peterburg;Воронеж;Санкт-Петербург;37000;16;DIRECT_TEST;;0.8574;0.2661
https://city2city.ru/tyumen-sovetskij;Тюмень;Советский;31000;16;DIRECT_TEST;13;0.8619;0.2661
https://city2city.ru/tomsk-sharypovo;Томск;Шарыпово;11500;16;DIRECT_TEST;;0.7606;0.2661
https://city2city.ru/ufa-arxangelsk;Уфа;Архангельск;57300;16;DIRECT_TEST;12;0.9885;0.2661
https://city2city.ru/krasnodar-belgorod;Краснодар;Белгород;29000;16;DIRECT_TEST;;0.9847;0.2661
https://city2city.ru/tver-sankt-peterburg;Тверь;Санкт-Петербург;16000;16;DIRECT_TEST;11;0.8585;0.2661
https://city2city.ru/sankt-peterburg-tver;Санкт-Петербург;Тверь;16200;16;DIRECT_TEST;4;0.9761;0.2661
https://city2city.ru/xanty-mansijsk-nizhnevartovsk;Ханты-Мансийск;Нижневартовск;15600;16;DIRECT_TEST;2;0.8765;0.2661
https://city2city.ru/svo-taxi-krasnodar-melitopol;Краснодар;Мелитополь;17500;16;DIRECT_TEST;;0.869;0.2661
https://city2city.ru/sankt-peterburg-voronezh;Санкт-Петербург;Воронеж;37000;16;DIRECT_TEST;;0.975;0.2661
https://city2city.ru/tambov-belgorod;Тамбов;Белгород;14200;15;DIRECT_TEST;5;0.8733;0.2604
https://city2city.ru/belgorod-nizhnij-novgorod;Белгород;Нижний Новгород;32500;15;DIRECT_TEST;;0.9109;0.2604
https://city2city.ru/bryansk-voronezh;Брянск;Воронеж;13500;15;DIRECT_TEST;;0.9187;0.2604
https://city2city.ru/voronezh-domodedovo;Воронеж;Домодедово;14500;15;DIRECT_TEST;;0.8706;0.2604
https://city2city.ru/lugansk-belgorod;Луганск;Белгород;20000;15;DIRECT_TEST;;0.8808;0.2604
https://city2city.ru/izhevsk-orenburg;Ижевск;Оренбург;21800;15;DIRECT_TEST;7;0.8513;0.2604
https://city2city.ru/volgograd-stavropol;Волгоград;Ставрополь;16500;15;DIRECT_TEST;;0.9866;0.2604
https://city2city.ru/kazan-sochi;Казань;Сочи;59400;15;DIRECT_TEST;;0.6494;0.2604
https://city2city.ru/orenburg-izhevsk;Оренбург;Ижевск;22000;15;DIRECT_TEST;26;0.8722;0.2604
https://city2city.ru/moskva-orsk;Москва;Орск;53100;15;DIRECT_TEST;11;0.9628;0.2604
https://city2city.ru/belgorod-tambov;Белгород;Тамбов;14200;15;DIRECT_TEST;5;0.7785;0.2604
https://city2city.ru/kursk-ryazan;Курск;Рязань;15600;15;DIRECT_TEST;7;0.9913;0.2604
https://city2city.ru/ryazan-kursk;Рязань;Курск;15900;15;DIRECT_TEST;11;0.8726;0.2604
https://city2city.ru/barnaul-novokuznetsk;Барнаул;Новокузнецк;12500;14;DIRECT_TEST;;0.8504;0.2543
https://city2city.ru/belgorod-tver;Белгород;Тверь;24900;14;DIRECT_TEST;5;0.9211;0.2543
https://city2city.ru/rostov-ufa;Ростов-на-Дону;Уфа;52500;14;DIRECT_TEST;21;0.8152;0.2543
https://city2city.ru/ekaterinburg-gubaxa;Екатеринбург;Губаха;12000;14;DIRECT_TEST;;0.7767;0.2543
https://city2city.ru/orenburg-perm;Оренбург;Пермь;27600;14;DIRECT_TEST;3;0.8744;0.2543
https://city2city.ru/krasnoyarsk-tajshet;Красноярск;Тайшет;12000;14;DIRECT_TEST;1;0.7515;0.2543
https://city2city.ru/ufa-rostov-na-donu;Уфа;Ростов-на-Дону;53100;14;DIRECT_TEST;15;0.8144;0.2543
https://city2city.ru/rostov-tolyatti;Ростов-на-Дону;Тольятти;38000;14;DIRECT_TEST;;0.9337;0.2543
https://city2city.ru/kazan-abdulino;Казань;Абдулино;13200;14;DIRECT_TEST;1;0.7056;0.2543
https://city2city.ru/ufa-kuvandyk;Уфа;Кувандык;15600;14;DIRECT_TEST;8;0.9897;0.2543
https://city2city.ru/perm-orenburg;Пермь;Оренбург;27500;14;DIRECT_TEST;27;0.8702;0.2543
https://city2city.ru/kazan-vladimir;Казань;Владимир;18600;14;DIRECT_TEST;;0.9014;0.2543
https://city2city.ru/ekaterinburg-orsk;Екатеринбург;Орск;24600;14;DIRECT_TEST;1;0.5161;0.2543
https://city2city.ru/smolensk-kursk;Смоленск;Курск;16000;14;DIRECT_TEST;;0.9931;0.2543
https://city2city.ru/kazan-penza;Казань;Пенза;15900;14;DIRECT_TEST;;0.728;0.2543
https://city2city.ru/penza-perm;Пенза;Пермь;36000;14;DIRECT_TEST;29;0.872;0.2543
https://city2city.ru/samara-ekaterinburg;Самара;Екатеринбург;27200;14;DIRECT_TEST;4;0.9831;0.2543
https://city2city.ru/ryazan-voronezh;Рязань;Воронеж;11500;13;DIRECT_TEST;;0.8697;0.2479
https://city2city.ru/rostov-voronezh;Ростов-на-Дону;Воронеж;17400;13;DIRECT_TEST;24;0.8144;0.2479
https://city2city.ru/sankt-peterburg-syktyvkar;Санкт-Петербург;Сыктывкар;45000;13;DIRECT_TEST;;0.8589;0.2479
https://city2city.ru/xabarovsk-blagoveshhensk;Хабаровск;Благовещенск;21600;13;DIRECT_TEST;2;0.8736;0.2479
https://city2city.ru/kaluga-voronezh;Калуга;Воронеж;13000;13;DIRECT_TEST;;0.8471;0.2479
https://city2city.ru/joshkar-ola-nizhnij-novgorod;Йошкар-Ола;Нижний Новгород;10500;13;DIRECT_TEST;;0.4604;0.2479
https://city2city.ru/ufa-gaj;Уфа;Гай;18300;13;DIRECT_TEST;6;0.9714;0.2479
https://city2city.ru/ulyanovsk-sankt-peterburg;Ульяновск;Санкт-Петербург;45500;13;DIRECT_TEST;;0.8593;0.2479
https://city2city.ru/chelyabinsk-bajmak;Челябинск;Баймак;13500;13;DIRECT_TEST;5;0.6359;0.2479
https://city2city.ru/ekaterinburg-sankt-peterburg;Екатеринбург;Санкт-Петербург;71100;13;DIRECT_TEST;8;0.9047;0.2479
https://city2city.ru/moskva-surgut;Москва;Сургут;83700;13;DIRECT_TEST;10;0.8467;0.2479
https://city2city.ru/tokmak-rostov-na-don;Токмак;Ростов-на-Дону;11000;13;DIRECT_TEST;;0.8804;0.2479
https://city2city.ru/bryansk-tula;Брянск;Тула;10000;13;DIRECT_TEST;;0.8488;0.2479
https://city2city.ru/krasnodar-chelyabinsk;Краснодар;Челябинск;71000;13;DIRECT_TEST;;0.8664;0.2479
https://city2city.ru/volgograd-voronezh;Волгоград;Воронеж;17500;13;DIRECT_TEST;;0.9842;0.2479
https://city2city.ru/tula-belgorod;Тула;Белгород;14500;13;DIRECT_TEST;;0.9905;0.2479
https://city2city.ru/belgorod-volgograd;Белгород;Волгоград;24300;13;DIRECT_TEST;;0.9158;0.2479
https://city2city.ru/voronezh-ryazan;Воронеж;Рязань;11500;13;DIRECT_TEST;;0.9873;0.2479
https://city2city.ru/xabarovsk-blagoveshhensk-2;Хабаровск;Благовещенск;22000;13;DIRECT_TEST;2;0.8743;0.2479
https://city2city.ru/kirov-doneczk-rostovskaya-oblast;Киров;Донецк;50500;13;DIRECT_TEST;16;0.8724;0.2479
https://city2city.ru/elista-essentuki;Элиста;Ессентуки;10500;13;DIRECT_TEST;;0.8571;0.2479
https://city2city.ru/voronezh-volgograd;Воронеж;Волгоград;17500;13;DIRECT_TEST;;0.9843;0.2479
https://city2city.ru/nizhniy_novgorod-yoshkar-ola;Нижний Новгород;Йошкар-Ола;10500;13;DIRECT_TEST;2;0.7435;0.2479
https://city2city.ru/kazan-chelyabinsk;Казань;Челябинск;28400;13;DIRECT_TEST;8;0.7754;0.2479
https://city2city.ru/stavropol-sochi;Ставрополь;Сочи;14600;13;DIRECT_TEST;14;0.8643;0.2479
https://city2city.ru/ekaterinburg-sochi;Екатеринбург;Сочи;81300;13;DIRECT_TEST;6;0.9095;0.2479
https://city2city.ru/sankt-peterburg-chelyabinsk;Санкт-Петербург;Челябинск;73500;13;DIRECT_TEST;30;0.9755;0.2479
https://city2city.ru/voronezh-rostov-na-donu;Воронеж;Ростов-на-Дону;17100;13;DIRECT_TEST;9;0.8145;0.2479
https://city2city.ru/svo-taxi-rostov-na-donu-tokmak;Ростов-на-Дону;Токмак;11000;13;DIRECT_TEST;;0.8145;0.2479
https://city2city.ru/chelyabinsk-kazan;Челябинск;Казань;28800;13;DIRECT_TEST;;0.7744;0.2479
https://city2city.ru/vladivostok-lesozavodsk;Владивосток;Лесозаводск;10500;12;DIRECT_TEST;3;0.8732;0.2409
https://city2city.ru/krasnoyarsk-kodinsk;Красноярск;Кодинск;21000;12;DIRECT_TEST;6;0.8656;0.2409
https://city2city.ru/tver-smolensk;Тверь;Смоленск;12500;12;DIRECT_TEST;;0.8753;0.2409
https://city2city.ru/kazan-kumertau;Казань;Кумертау;21600;12;DIRECT_TEST;2;0.635;0.2409
https://city2city.ru/barnaul-omsk;Барнаул;Омск;26000;12;DIRECT_TEST;3;0.9189;0.2409
https://city2city.ru/ryazan-ivanovo;Рязань;Иваново;10500;12;DIRECT_TEST;;0.86;0.2409
https://city2city.ru/yaroslavl-nizhnij-novgorod;Ярославль;Нижний Новгород;12000;12;DIRECT_TEST;;0.8596;0.2409
https://city2city.ru/omsk-krasnoyarsk;Омск;Красноярск;42500;12;DIRECT_TEST;;0.7481;0.2409
https://city2city.ru/krasnodar-kursk;Краснодар;Курск;32000;12;DIRECT_TEST;;0.9889;0.2409
https://city2city.ru/chelyabinsk-penza;Челябинск;Пенза;36900;12;DIRECT_TEST;7;0.9196;0.2409
https://city2city.ru/svo-taxi-kamenka-novosibirsk;село Каменка;Новосибирск;114000;12;DIRECT_TEST;;0.8675;0.2409
https://city2city.ru/novosibirsk-kupino;Новосибирск;Купино;14000;12;DIRECT_TEST;;0.8711;0.2409
https://city2city.ru/voronezh-chelyabinsk;Воронеж;Челябинск;52200;12;DIRECT_TEST;8;0.9854;0.2409
https://city2city.ru/vologda-belgorod;Вологда;Белгород;34000;12;DIRECT_TEST;17;0.9902;0.2409
https://city2city.ru/xabarovsk-ussurijsk;Хабаровск;Уссурийск;20000;12;DIRECT_TEST;1;0.6387;0.2409
https://city2city.ru/nizhniy_novgorod-yaroslavl;Нижний Новгород;Ярославль;12000;12;DIRECT_TEST;;0.8613;0.2409
https://city2city.ru/saratov-belgorod;Саратов;Белгород;23200;12;DIRECT_TEST;6;0.8719;0.2409
https://city2city.ru/kurgan-miass;Курган;Миасс;11500;12;DIRECT_TEST;;0.7601;0.2409
https://city2city.ru/sankt-peterburg-anapa;Санкт-Петербург;Анапа;66500;12;DIRECT_TEST;;0.8586;0.2409
https://city2city.ru/perm-saratov;Пермь;Саратов;38500;12;DIRECT_TEST;;0.8697;0.2409
https://city2city.ru/chelyabinsk-voronezh;Челябинск;Воронеж;52200;12;DIRECT_TEST;9;0.8451;0.2409
https://city2city.ru/tver-belgorod;Тверь;Белгород;25000;12;DIRECT_TEST;4;0.8729;0.2409
https://city2city.ru/belgorod-saratov;Белгород;Саратов;23200;12;DIRECT_TEST;;0.9183;0.2409
https://city2city.ru/krasnoyarsk-omsk;Красноярск;Омск;42500;12;DIRECT_TEST;28;0.87;0.2409
https://city2city.ru/cheboksary-sterlitamak;Чебоксары;Стерлитамак;24500;12;DIRECT_TEST;;0.8512;0.2409
https://city2city.ru/nizhnij-novgorod-belgorod;Нижний Новгород;Белгород;32500;12;DIRECT_TEST;;0.9781;0.2409
https://city2city.ru/krasnodar-samara;Краснодар;Самара;45000;12;DIRECT_TEST;;0.9837;0.2409
https://city2city.ru/kursk-simferopol;Курск;Симферополь;44500;12;DIRECT_TEST;;0.8785;0.2409
https://city2city.ru/saratov-kursk;Саратов;Курск;22000;12;DIRECT_TEST;;0.989;0.2409
https://city2city.ru/moskva-livny;Москва;Ливны;13500;12;DIRECT_TEST;;0.73;0.2409
https://city2city.ru/ufa-tolyatti;Уфа;Тольятти;15000;12;DIRECT_TEST;6;0.9886;0.2409
https://city2city.ru/smolensk-tver;Смоленск;Тверь;12500;12;DIRECT_TEST;;0.8763;0.2409
https://city2city.ru/voronezh-oryol;Воронеж;Орёл;10200;12;DIRECT_TEST;16;0.9872;0.2409
https://city2city.ru/stavropol-rostov-na-donu;Ставрополь;Ростов-на-Дону;10200;12;DIRECT_TEST;12;0.6968;0.2409
https://city2city.ru/svo-taxi-kursk-krasnodar;Курск;Краснодар;32000;12;DIRECT_TEST;;0.8679;0.2409
https://city2city.ru/rostov-stavropol;Ростов-на-Дону;Ставрополь;10200;12;DIRECT_TEST;14;0.6968;0.2409
https://city2city.ru/ryazan-perm;Рязань;Пермь;41000;12;DIRECT_TEST;;0.8713;0.2409
https://city2city.ru/voronezh-bryansk;Воронеж;Брянск;13400;12;DIRECT_TEST;;0.9876;0.2409
https://city2city.ru/xabarovsk-ussurijsk-2;Хабаровск;Уссурийск;20000;12;DIRECT_TEST;1;0.6387;0.2409
https://city2city.ru/petrozavodsk-kem;Петрозаводск;Кемь;12300;11;DIRECT_TEST;11;0.8799;0.2334
https://city2city.ru/tver-yaroslavl;Тверь;Ярославль;10000;11;DIRECT_TEST;;0.7554;0.2334
https://city2city.ru/tyumen-perm;Тюмень;Пермь;20500;11;DIRECT_TEST;;0.8706;0.2334
https://city2city.ru/novosibirsk-kuybyshev;Новосибирск;Куйбышев;68000;11;DIRECT_TEST;;0.986;0.2334
https://city2city.ru/voronezh-saratov;Воронеж;Саратов;15400;11;DIRECT_TEST;22;0.8693;0.2334
https://city2city.ru/voronezh-ekaterinburg;Воронеж;Екатеринбург;53700;11;DIRECT_TEST;7;0.8666;0.2334
https://city2city.ru/penza-tolyatti;Пенза;Тольятти;10500;11;DIRECT_TEST;27;0.8734;0.2334
https://city2city.ru/penza-kazan;Пенза;Казань;15900;11;DIRECT_TEST;5;0.8701;0.2334
https://city2city.ru/kursk-oktyabrskij-respublika-bashkortostan;Курск;Октябрьский;41500;11;DIRECT_TEST;3;0.8738;0.2334
https://city2city.ru/saratov-voronezh;Саратов;Воронеж;15400;11;DIRECT_TEST;5;0.8734;0.2334
https://city2city.ru/yaroslavl-sankt-peterburg;Ярославль;Санкт-Петербург;23500;11;DIRECT_TEST;;0.8581;0.2334
https://city2city.ru/xanty-mansijsk-sovetskij;Ханты-Мансийск;Советский;11100;11;DIRECT_TEST;3;0.7461;0.2334
https://city2city.ru/rostov-tula;Ростов-на-Дону;Тула;27600;11;DIRECT_TEST;16;0.932;0.2334
https://city2city.ru/ekaterinburg-surgut;Екатеринбург;Сургут;33800;11;DIRECT_TEST;2;0.7035;0.2334
https://city2city.ru/yaroslavl-kirov;Ярославль;Киров;21000;11;DIRECT_TEST;;0.8715;0.2334
https://city2city.ru/belgorod-ryazan;Белгород;Рязань;19000;11;DIRECT_TEST;;0.851;0.2334
https://city2city.ru/ufa-novyj-urengoj;Уфа;Новый Уренгой;71000;11;DIRECT_TEST;;0.706;0.2334
https://city2city.ru/vladimir-kazan;Владимир;Казань;18600;11;DIRECT_TEST;4;0.9719;0.2334
https://city2city.ru/irkutsk-tajshet;Иркутск;Тайшет;20000;11;DIRECT_TEST;;0.6632;0.2334
https://city2city.ru/murmansk-sankt-peterburg;Мурманск;Санкт-Петербург;40200;11;DIRECT_TEST;4;0.8593;0.2334
https://city2city.ru/volgograd-sevastopol;Волгоград;Севастополь;35100;11;DIRECT_TEST;15;0.9856;0.2334
https://city2city.ru/yaroslavl-tver;Ярославль;Тверь;10000;11;DIRECT_TEST;;0.8732;0.2334
https://city2city.ru/sankt-peterburg-murmansk;Санкт-Петербург;Мурманск;40500;11;DIRECT_TEST;24;0.9788;0.2334
https://city2city.ru/volgograd-krasnoslobodsk;Волгоград;Краснослободск;23500;11;DIRECT_TEST;;0.6348;0.2334
https://city2city.ru/samara-sibaj;Самара;Сибай;22200;10;DIRECT_TEST;9;0.9878;0.2252
https://city2city.ru/samara-adler;Самара;Адлер;55000;10;DIRECT_TEST;;0.866;0.2252
https://city2city.ru/sankt-peterburg-samara;Санкт-Петербург;Самара;53700;10;DIRECT_TEST;16;0.9756;0.2252
https://city2city.ru/ivanovo-sochi;Иваново;Сочи;57000;10;DIRECT_TEST;;0.8323;0.2252
https://city2city.ru/omsk-irkutsk;Омск;Иркутск;74000;10;DIRECT_TEST;6;0.7561;0.2252
https://city2city.ru/ivanovo-kursk;Иваново;Курск;25000;10;DIRECT_TEST;;0.9082;0.2252
https://city2city.ru/kazan-kostroma;Казань;Кострома;21500;10;DIRECT_TEST;;0.9869;0.2252
https://city2city.ru/kursk-rostov-na-donu;Курск;Ростов-на-Дону;24000;10;DIRECT_TEST;19;0.9321;0.2252
https://city2city.ru/chelyabinsk-nizhnevartovsk;Челябинск;Нижневартовск;42500;10;DIRECT_TEST;;0.5919;0.2252
https://city2city.ru/sankt-peterburg-ufa;Санкт-Петербург;Уфа;60800;10;DIRECT_TEST;5;0.859;0.2252
https://city2city.ru/svo-taxi-rossosh-starobelsk;Россошь;Старобельск;14500;10;DIRECT_TEST;;0.8818;0.2252
https://city2city.ru/orenburg-ulyanovsk;Оренбург;Ульяновск;19500;10;DIRECT_TEST;4;0.8731;0.2252
https://city2city.ru/bryansk-belgorod;Брянск;Белгород;12500;10;DIRECT_TEST;;0.9216;0.2252
https://city2city.ru/kirov-naberezhnye-chelny;Киров;Набережные Челны;15000;10;DIRECT_TEST;3;0.7536;0.2252
https://city2city.ru/samara-naberezhnye-chelny;Самара;Набережные Челны;11700;10;DIRECT_TEST;20;0.7519;0.2252
https://city2city.ru/volgograd-belgorod;Волгоград;Белгород;24400;10;DIRECT_TEST;11;0.8679;0.2252
https://city2city.ru/ulyanovsk-orenburg;Ульяновск;Оренбург;19600;10;DIRECT_TEST;9;0.8722;0.2252
https://city2city.ru/irkutsk-kemerovo;Иркутск;Кемерово;47400;10;DIRECT_TEST;4;0.7795;0.2252
https://city2city.ru/samara-sankt-peterburg;Самара;Санкт-Петербург;53700;10;DIRECT_TEST;15;0.9748;0.2252
https://city2city.ru/vladivostok-blagoveshhensk;Владивосток;Благовещенск;43600;10;DIRECT_TEST;2;0.8724;0.2252
https://city2city.ru/novosibirsk-yarovoe;Новосибирск;Яровое;12500;10;DIRECT_TEST;;0.7525;0.2252
https://city2city.ru/blagoveshhensk-vladivostok;Благовещенск;Владивосток;42400;10;DIRECT_TEST;1;0.7087;0.2252
https://city2city.ru/irkutsk-omsk;Иркутск;Омск;74100;10;DIRECT_TEST;1;0.7765;0.2252
https://city2city.ru/tomsk-abakan;Томск;Абакан;23700;10;DIRECT_TEST;7;0.9921;0.2252
https://city2city.ru/ekaterinburg-naberezhnye-chelny;Екатеринбург;Набережные Челны;19000;10;DIRECT_TEST;;0.656;0.2252
https://city2city.ru/orenburg-sankt-peterburg;Оренбург;Санкт-Петербург;66000;10;DIRECT_TEST;1;0.8596;0.2252
https://city2city.ru/kazan-rostov-na-donu;Казань;Ростов-на-Дону;45900;10;DIRECT_TEST;6;0.7917;0.2252
https://city2city.ru/vladivostok-dalnegorsk;Владивосток;Дальнегорск;14700;10;DIRECT_TEST;7;0.7555;0.2252
https://city2city.ru/ufa-sankt-peterburg;Уфа;Санкт-Петербург;61200;10;DIRECT_TEST;4;0.975;0.2252
https://city2city.ru/ekaterinburg-saratov;Екатеринбург;Саратов;39500;10;DIRECT_TEST;;0.9849;0.2252
https://city2city.ru/elista-gorod-lagan;Элиста;Лагань;38500;10;DIRECT_TEST;;0.7164;0.2252
https://city2city.ru/penza-chelyabinsk;Пенза;Челябинск;36900;10;DIRECT_TEST;2;0.8699;0.2252
https://city2city.ru/kemerovo-irkutsk;Кемерово;Иркутск;47600;10;DIRECT_TEST;3;0.8534;0.2252
https://city2city.ru/lugansk-ufa;Луганск;Уфа;51000;10;DIRECT_TEST;;0.88;0.2252
https://city2city.ru/blagoveshhensk-ussurijsk;Благовещенск;Уссурийск;41500;10;DIRECT_TEST;;0.6665;0.2252
https://city2city.ru/svo-taxi-ufa-lugansk;Уфа;Луганск;51500;10;DIRECT_TEST;10;0.8716;0.2252
https://city2city.ru/samara-orsk;Самара;Орск;21000;10;DIRECT_TEST;;0.9867;0.2252
https://city2city.ru/ekaterinburg-chusovoj;Екатеринбург;Чусовой;10500;10;DIRECT_TEST;2;0.8481;0.2252
https://city2city.ru/nizhnij-novgorod-orenburg;Нижний Новгород;Оренбург;33000;9;DIRECT_TEST;;0.8602;0.2163
https://city2city.ru/tambov-tula;Тамбов;Тула;11000;9;DIRECT_TEST;;0.99;0.2163
https://city2city.ru/blagoveshhensk-birobidzhan;Благовещенск;Биробиджан;15600;9;DIRECT_TEST;2;0.5247;0.2163
https://city2city.ru/perm-ulyanovsk;Пермь;Ульяновск;25600;9;DIRECT_TEST;6;0.9897;0.2163
https://city2city.ru/perm-chebarkul;Пермь;Чебаркуль;16500;9;DIRECT_TEST;2;0.8739;0.2163
https://city2city.ru/voronezh-sochi;Воронеж;Сочи;33400;9;DIRECT_TEST;10;0.862;0.2163
https://city2city.ru/kazan-tambov;Казань;Тамбов;24300;9;DIRECT_TEST;9;0.8458;0.2163
https://city2city.ru/orenburg-nizhnij-novgorod;Оренбург;Нижний Новгород;33000;9;DIRECT_TEST;;0.8611;0.2163
https://city2city.ru/xanty-mansijsk-tyumen;Ханты-Мансийск;Тюмень;20500;9;DIRECT_TEST;18;0.8731;0.2163
https://city2city.ru/saransk-berezniki;Саранск;Березники;38500;9;DIRECT_TEST;;0.7609;0.2163
https://city2city.ru/belgorod-smolensk-2;Белгород;Смоленск;20100;9;DIRECT_TEST;;0.9224;0.2163
https://city2city.ru/rostov-kurgan;Ростов-на-Дону;Курган;73000;9;DIRECT_TEST;;0.9354;0.2163
https://city2city.ru/krasnodar-orenburg;Краснодар;Оренбург;56700;9;DIRECT_TEST;10;0.8683;0.2163
https://city2city.ru/barnaul-slavgorod;Барнаул;Славгород;13000;9;DIRECT_TEST;;0.7839;0.2163
https://city2city.ru/sankt-peterburg-vologda;Санкт-Петербург;Вологда;20000;9;DIRECT_TEST;;0.8586;0.2163
https://city2city.ru/smolensk-sankt-peterburg;Смоленск;Санкт-Петербург;23400;9;DIRECT_TEST;16;0.9787;0.2163
https://city2city.ru/belgorod-yaroslavl;Белгород;Ярославль;28000;9;DIRECT_TEST;7;0.8479;0.2163
https://city2city.ru/vologda-sankt-peterburg;Вологда;Санкт-Петербург;19600;9;DIRECT_TEST;15;0.8587;0.2163
https://city2city.ru/novosibirsk-alyaysk;Новосибирск;Алейск;10800;9;DIRECT_TEST;8;0.9905;0.2163
https://city2city.ru/rostov-kazan;Ростов-на-Дону;Казань;45000;9;DIRECT_TEST;10;0.9337;0.2163
https://city2city.ru/irkutsk-vladivostok;Иркутск;Владивосток;120000;9;DIRECT_TEST;;0.7789;0.2163
https://city2city.ru/kazan-syktyvkar;Казань;Сыктывкар;25200;9;DIRECT_TEST;7;0.9163;0.2163
https://city2city.ru/tumen-hanty-mansiysk;аэропорт Тюмень (Рощино);Ханты-Мансийск;20000;9;DIRECT_TEST;17;0.4184;0.2163
https://city2city.ru/xabarovsk-sovetskaya-gavan;Хабаровск;Советская Гавань;17100;9;DIRECT_TEST;2;0.8617;0.2163
https://city2city.ru/svo-taxi-orenburg-donetsk;Оренбург;Донецк;54500;9;DIRECT_TEST;5;0.8718;0.2163
https://city2city.ru/irkutsk-jakutsk;Иркутск;Якутск;96000;9;DIRECT_TEST;1;0.7805;0.2163
https://city2city.ru/rostov-groznyj;Ростов-на-Дону;Грозный;23400;9;DIRECT_TEST;16;0.8152;0.2163
https://city2city.ru/moskva-magnitogorsk;Москва;Магнитогорск;50000;9;DIRECT_TEST;1;0.8467;0.2163
https://city2city.ru/belgorod-vladimir;Белгород;Владимир;25200;9;DIRECT_TEST;7;0.9032;0.2163
https://city2city.ru/ulyanovsk-perm;Ульяновск;Пермь;25600;9;DIRECT_TEST;10;0.9888;0.2163
https://city2city.ru/bryansk-kirov-kaluzhskaya-oblast;Брянск;Киров;41000;9;DIRECT_TEST;;0.9221;0.2163
https://city2city.ru/sankt-peterburg-smolensk;Санкт-Петербург;Смоленск;23600;9;DIRECT_TEST;7;0.9762;0.2163
https://city2city.ru/volgograd-sankt-peterburg;Волгоград;Санкт-Петербург;50400;9;DIRECT_TEST;18;0.974;0.2163
https://city2city.ru/rostov-elista;Ростов-на-Дону;Элиста;13500;9;DIRECT_TEST;;0.8152;0.2163
https://city2city.ru/krasnodar-kislovodsk;Краснодар;Кисловодск;13500;9;DIRECT_TEST;;0.8702;0.2163
https://city2city.ru/smolensk-voronezh;Смоленск;Воронеж;20600;9;DIRECT_TEST;9;0.9883;0.2163
https://city2city.ru/ufa-buzuluk;Уфа;Бузулук;14100;9;DIRECT_TEST;7;0.8728;0.2163
https://city2city.ru/kazan-meleuz;Казань;Мелеуз;20500;9;DIRECT_TEST;;0.7064;0.2163
https://city2city.ru/belgorod-smolensk;Белгород;Смоленск;20100;9;DIRECT_TEST;;0.9224;0.2163
https://city2city.ru/astraxan-kislovodsk;Астрахань;Кисловодск;20200;9;DIRECT_TEST;;0.7837;0.2163
https://city2city.ru/voronezh-smolensk;Воронеж;Смоленск;20800;9;DIRECT_TEST;14;0.8705;0.2163
https://city2city.ru/samara-joshkar-ola;Самара;Йошкар-Ола;16000;9;DIRECT_TEST;;0.8679;0.2163
https://city2city.ru/irkutsk-nizhneudinsk;Иркутск;Нижнеудинск;15600;9;DIRECT_TEST;3;0.7103;0.2163
https://city2city.ru/xabarovsk-sovetskaya-gavan-2;Хабаровск;Советская Гавань;17500;9;DIRECT_TEST;2;0.8617;0.2163
https://city2city.ru/voronezh-vladimir;Воронеж;Владимир;18800;8;DIRECT_TEST;6;0.8542;0.2064
https://city2city.ru/saratov-ryazan;Саратов;Рязань;20000;8;DIRECT_TEST;;0.9892;0.2064
https://city2city.ru/lipeczk-penza;Липецк;Пенза;12500;8;DIRECT_TEST;;0.993;0.2064
https://city2city.ru/moskva-lebedyan;Москва;Лебедянь;11200;8;DIRECT_TEST;26;0.9636;0.2064
https://city2city.ru/murmansk-arhangelsk;Мурманск;Архангельск;48000;8;DIRECT_TEST;13;0.9927;0.2064
https://city2city.ru/samara-ryazan;Самара;Рязань;26000;8;DIRECT_TEST;;0.9865;0.2064
https://city2city.ru/vladimir-voronezh;Владимир;Воронеж;18800;8;DIRECT_TEST;7;0.9727;0.2064
https://city2city.ru/nizhnij-novgorod-tolyatti;Нижний Новгород;Тольятти;20000;8;DIRECT_TEST;;0.9793;0.2064
https://city2city.ru/vladimir-belgorod;Владимир;Белгород;25400;8;DIRECT_TEST;21;0.9734;0.2064
https://city2city.ru/astraxan-sankt-peterburg;Астрахань;Санкт-Петербург;63200;8;DIRECT_TEST;8;0.7651;0.2064
https://city2city.ru/kazan-surgut;Казань;Сургут;59800;8;DIRECT_TEST;1;0.6348;0.2064
https://city2city.ru/chelyabinsk-ulyanovsk;Челябинск;Ульяновск;29800;8;DIRECT_TEST;10;0.9181;0.2064
https://city2city.ru/sankt-peterburg-kostroma;Санкт-Петербург;Кострома;26000;8;DIRECT_TEST;9;0.976;0.2064
https://city2city.ru/ufa-sorochinsk;Уфа;Сорочинск;15600;8;DIRECT_TEST;3;0.872;0.2064
https://city2city.ru/rostov-anapa;Ростов-на-Дону;Анапа;13000;8;DIRECT_TEST;;0.8187;0.2064
https://city2city.ru/astraxan-kerch;Астрахань;Керчь;32000;8;DIRECT_TEST;;0.8524;0.2064
https://city2city.ru/tyumen-noyabrsk;Тюмень;Ноябрьск;32800;8;DIRECT_TEST;1;0.7546;0.2064
https://city2city.ru/kostroma-sankt-peterburg;Кострома;Санкт-Петербург;26100;8;DIRECT_TEST;9;0.9759;0.2064
https://city2city.ru/kazan-sarapul;Казань;Сарапул;11500;8;DIRECT_TEST;;0.8468;0.2064
https://city2city.ru/kirov-lyudinovo;Киров;Людиново;40000;8;DIRECT_TEST;;0.8759;0.2064
https://city2city.ru/tambov-pervomajsk;Тамбов;Первомайск;13000;8;DIRECT_TEST;;0.9957;0.2064
https://city2city.ru/sankt-peterburg-saratov;Санкт-Петербург;Саратов;47000;8;DIRECT_TEST;;0.9761;0.2064
https://city2city.ru/rostov-dzhankoj;Ростов-на-Дону;Джанкой;16000;8;DIRECT_TEST;;0.9328;0.2064
https://city2city.ru/rostov-pyatigorsk;Ростов-на-Дону;Пятигорск;15000;8;DIRECT_TEST;11;0.9329;0.2064
https://city2city.ru/krasnodar-elista;Краснодар;Элиста;15300;8;DIRECT_TEST;11;0.752;0.2064
https://city2city.ru/ulyanovsk-chelyabinsk;Ульяновск;Челябинск;29800;8;DIRECT_TEST;8;0.8699;0.2064
https://city2city.ru/ivanovo-penza;Иваново;Пенза;16800;8;DIRECT_TEST;;0.9071;0.2064
https://city2city.ru/yakutsk-tommot;Якутск;Томмот;13500;8;DIRECT_TEST;3;0.6889;0.2064
https://city2city.ru/bryansk-pskov;Брянск;Псков;21000;8;DIRECT_TEST;;0.9229;0.2064
https://city2city.ru/astraxan-kazan;Астрахань;Казань;43800;8;DIRECT_TEST;8;0.8453;0.2064
https://city2city.ru/ufa-sol-ileczk;Уфа;Соль-Илецк;13500;8;DIRECT_TEST;8;0.8678;0.2064
https://city2city.ru/xabarovsk-belogorsk-2;Хабаровск;Белогорск;20000;8;DIRECT_TEST;8;0.8737;0.2064
https://city2city.ru/kazan-sankt-peterburg;Казань;Санкт-Петербург;45300;8;DIRECT_TEST;;0.7887;0.2064
https://city2city.ru/penza-lipeczk;Пенза;Липецк;12500;8;DIRECT_TEST;;0.8772;0.2064
https://city2city.ru/ryazan-sankt-peterburg;Рязань;Санкт-Петербург;27200;8;DIRECT_TEST;8;0.9791;0.2064
https://city2city.ru/saratov-sankt-peterburg;Саратов;Санкт-Петербург;47000;8;DIRECT_TEST;;0.8577;0.2064
https://city2city.ru/smolensk-belgorod;Смоленск;Белгород;19800;8;DIRECT_TEST;11;0.9911;0.2064
https://city2city.ru/blagoveshhensk-tynda;Благовещенск;Тында;23200;8;DIRECT_TEST;5;0.4558;0.2064
https://city2city.ru/kazan-sim;Казань;Сим;20400;8;DIRECT_TEST;;0.908;0.2064
https://city2city.ru/izhevsk-ulyanovsk;Ижевск;Ульяновск;17000;8;DIRECT_TEST;;0.925;0.2064
https://city2city.ru/elista-kislovodsk;Элиста;Кисловодск;11000;8;DIRECT_TEST;;0.9268;0.2064
https://city2city.ru/kazan-dzerzhinsk;Казань;Дзержинск;14500;8;DIRECT_TEST;;0.8516;0.2064
https://city2city.ru/tambov-sosnovka;Тамбов;Сосновка;12500;8;DIRECT_TEST;24;0.8775;0.2064
https://city2city.ru/ekaterinburg-tavda;Екатеринбург;Тавда;11000;8;DIRECT_TEST;;0.8491;0.2064
https://city2city.ru/saratov-ekaterinburg;Саратов;Екатеринбург;39500;8;DIRECT_TEST;;0.8664;0.2064
https://city2city.ru/saratov-staryj-oskol;Саратов;Старый Оскол;19500;8;DIRECT_TEST;24;0.849;0.2064
https://city2city.ru/kaluga-sankt-peterburg;Калуга;Санкт-Петербург;26400;8;DIRECT_TEST;6;0.9062;0.2064
https://city2city.ru/sankt-peterburg-ryazan;Санкт-Петербург;Рязань;27500;8;DIRECT_TEST;;0.9758;0.2064
https://city2city.ru/tver-voronezh;Тверь;Воронеж;21000;8;DIRECT_TEST;;0.8727;0.2064
https://city2city.ru/orenburg-ufa;Оренбург;Уфа;11100;791;SEO_GOLD_DIRECT;20;0.7518;0.6269
https://city2city.ru/krasnoyarsk-enisejsk;Красноярск;Енисейск;10000;476;SEO_GOLD_DIRECT;10;0.7514;0.5793
https://city2city.ru/samara-kazan;Самара;Казань;11000;385;SEO_GOLD_DIRECT;11;0.7508;0.5594
https://city2city.ru/volgograd-uryupinsk;Волгоград;Урюпинск;10200;369;SEO_GOLD_DIRECT;5;0.87;0.5554
https://city2city.ru/ufa-bajmak;Уфа;Баймак;12300;289;SEO_GOLD_DIRECT;16;0.9905;0.5325
https://city2city.ru/orenburg-buguruslan;Оренбург;Бугуруслан;10800;216;SEO_GOLD_DIRECT;15;0.7569;0.5053
https://city2city.ru/rostov-rostov-velikij;Ростов-на-Дону;Ростов;39000;19134;SEO_INVEST_DIRECT;;0.8152;0.926
https://city2city.ru/donetsk-kirov;Донецк;Киров;56000;10273;SEO_INVEST_DIRECT;;0.5252;0.8676
https://city2city.ru/donetsk-chelyabinsk;Донецк;Челябинск;67500;10273;SEO_INVEST_DIRECT;;0.5252;0.8676
https://city2city.ru/donetsk-saransk;Донецк;Саранск;35000;10273;SEO_INVEST_DIRECT;;0.5269;0.8676
https://city2city.ru/donetsk-saratov;Донецк;Саратов;29000;10273;SEO_INVEST_DIRECT;;0.5277;0.8676
https://city2city.ru/donetsk-yoshkar-ola;Донецк;Йошкар-Ола;47000;10273;SEO_INVEST_DIRECT;;0.5252;0.8676
https://city2city.ru/donetsk-tambov;Донецк;Тамбов;26000;10273;SEO_INVEST_DIRECT;;0.5277;0.8676
https://city2city.ru/donetsk-kazan;Донецк;Казань;47500;10273;SEO_INVEST_DIRECT;;0.5277;0.8676
https://city2city.ru/donetsk-ufa;Донецк;Уфа;57300;10273;SEO_INVEST_DIRECT;;0.5252;0.8676
https://city2city.ru/donetsk-ekaterinburg;Донецк;Екатеринбург;68500;10273;SEO_INVEST_DIRECT;;0.5252;0.8676
https://city2city.ru/donetsk-maykop;Донецк;Майкоп;22000;10273;SEO_INVEST_DIRECT;;0.5277;0.8676
https://city2city.ru/donetsk-perm;Донецк;Пермь;66500;10273;SEO_INVEST_DIRECT;;0.5269;0.8676
https://city2city.ru/bratsk-irkutsk;Братск;Иркутск;18500;1371;SEO_INVEST_DIRECT;;0.5219;0.6785
https://city2city.ru/moskva-doneczk-rostovskaya-oblast;Москва;Донецк;29500;818;SEO_INVEST_DIRECT;;0.8473;0.63
https://city2city.ru/ufa-orenburg;Уфа;Оренбург;11100;791;SEO_INVEST_DIRECT;;0.8729;0.6269
https://city2city.ru/moskva-rostov-velikij;Москва;Ростов;32500;723;SEO_INVEST_DIRECT;;0.842;0.6184
https://city2city.ru/ufa-sibaj;Уфа;Сибай;12300;721;SEO_INVEST_DIRECT;;0.8729;0.6182
https://city2city.ru/sankt-peterburg-moskva;Санкт-Петербург;Москва;21200;449;SEO_INVEST_DIRECT;23;0.8465;0.5738
https://city2city.ru/moskva-piter;Москва;Санкт-Петербург;21000;449;SEO_INVEST_DIRECT;;0.8461;0.5738
https://city2city.ru/voronezh-moskva;Воронеж;Москва;15400;366;SEO_INVEST_DIRECT;;0.8447;0.5546
https://city2city.ru/moskva-voronezh;Москва;Воронеж;15400;366;SEO_INVEST_DIRECT;;0.8461;0.5546
https://city2city.ru/belgorod-moskva;Белгород;Москва;19800;365;SEO_INVEST_DIRECT;;0.6345;0.5544
https://city2city.ru/samara-orenburg;Самара;Оренбург;12400;359;SEO_INVEST_DIRECT;23;0.7533;0.5528
https://city2city.ru/orenburg-samara;Оренбург;Самара;12400;359;SEO_INVEST_DIRECT;25;0.7509;0.5528
https://city2city.ru/ufa-magnitogorsk;Уфа;Магнитогорск;10200;327;SEO_INVEST_DIRECT;;0.8729;0.5441
https://city2city.ru/nizhnij-novgorod-moskva;Нижний Новгород;Москва;13000;325;SEO_INVEST_DIRECT;;0.7265;0.5435
https://city2city.ru/ufa-moskva;Уфа;Москва;40000;323;SEO_INVEST_DIRECT;;0.8453;0.5429
https://city2city.ru/kirov-vyatskie-polyany;Киров;Вятские Поляны;10000;300;SEO_INVEST_DIRECT;;0.7516;0.536
https://city2city.ru/ufa-orsk;Уфа;Орск;18000;296;SEO_INVEST_DIRECT;;0.8709;0.5348
https://city2city.ru/moskva-samara;Москва;Самара;32500;290;SEO_INVEST_DIRECT;;0.8444;0.5328
https://city2city.ru/samara-moskva;Самара;Москва;33000;290;SEO_INVEST_DIRECT;;0.8452;0.5328
https://city2city.ru/moskva-kazan;Москва;Казань;24200;288;SEO_INVEST_DIRECT;;0.8443;0.5322
https://city2city.ru/ufa-kazan;Уфа;Казань;16500;276;SEO_INVEST_DIRECT;;0.8667;0.5282
https://city2city.ru/krasnodar-moskva;Краснодар;Москва;40500;271;SEO_INVEST_DIRECT;;0.845;0.5265
https://city2city.ru/rostov-moskva;Ростов-на-Дону;Москва;32400;261;SEO_INVEST_DIRECT;30;0.8159;0.523
https://city2city.ru/chelyabinsk-ufa;Челябинск;Уфа;12400;251;SEO_INVEST_DIRECT;;0.5866;0.5193
https://city2city.ru/kazan-orenburg;Казань;Оренбург;21900;247;SEO_INVEST_DIRECT;;0.7273;0.5178
https://city2city.ru/ekaterinburg-magnitogorsk-2;Екатеринбург;Магнитогорск;15600;240;SEO_INVEST_DIRECT;;0.5166;0.5151
https://city2city.ru/ufa-chelyabinsk;Уфа;Челябинск;12400;207;SEO_INVEST_DIRECT;;0.8721;0.5013
https://city2city.ru/kazan-oktyabrskij-respublika-bashkortostan;Казань;Октябрьский;12300;206;SEO_INVEST_DIRECT;;0.5178;0.5009
