url;gorod1;gorod2;distance;price;freq;segment;source
https://city2city.ru/ekaterinburg-sibaj.html;Екатеринбург;Сибай;590;17700;40889;DIRECT_ONLY;old
https://city2city.ru/cheljabinsk-sibaj.html;Челябинск;Сибай;380;11400;28072;DIRECT_ONLY;old
https://city2city.ru/rostov-rostov-velikij.html;Ростов-на-Дону;Ростов;1300;39000;19134;SEO_INVEST_DIRECT;old
https://city2city.ru/donetsk-kirov.html;Донецк;Киров;1860;56000;10273;SEO_INVEST_DIRECT;old
https://city2city.ru/donetsk-volgograd.html;Донецк;Волгоград;620;18600;10273;DIRECT_ONLY;old
https://city2city.ru/donetsk-saransk.html;Донецк;Саранск;1160;35000;10273;SEO_INVEST_DIRECT;old
https://city2city.ru/donetsk-saratov.html;Донецк;Саратов;970;29000;10273;SEO_INVEST_DIRECT;old
https://city2city.ru/donetsk-yoshkar-ola.html;Донецк;Йошкар-Ола;1560;47000;10273;SEO_INVEST_DIRECT;old
https://city2city.ru/donetsk-tambov.html;Донецк;Тамбов;870;26000;10273;SEO_INVEST_DIRECT;old
https://city2city.ru/donetsk-kazan.html;Донецк;Казань;1580;47500;10273;SEO_INVEST_DIRECT;old
https://city2city.ru/donetsk-ufa.html;Донецк;Уфа;1910;57300;10273;SEO_INVEST_DIRECT;old
https://city2city.ru/donetsk-orenburg.html;Донецк;Оренбург;1770;53000;10273;DIRECT_ONLY;old
https://city2city.ru/donetsk-maykop.html;Донецк;Майкоп;540;22000;10273;SEO_INVEST_DIRECT;old
https://city2city.ru/bratsk-irkutsk.html;Братск;Иркутск;620;18500;1371;SEO_INVEST_DIRECT;old
https://city2city.ru/izhevsk-kazan.html;Ижевск;Казань;365;11000;1026;DIRECT_ONLY;old
https://city2city.ru/moskva-doneczk-rostovskaya-oblast.html;Москва;Донецк;980;29500;818;SEO_INVEST_DIRECT;old
https://city2city.ru/ufa-orenburg.html;Уфа;Оренбург;370;11100;791;SEO_INVEST_DIRECT;old
https://city2city.ru/orenburg-ufa.html;Оренбург;Уфа;370;11100;791;SEO_GOLD_DIRECT;old
https://city2city.ru/moskva-rostov-velikij.html;Москва;Ростов;1080;32500;723;SEO_INVEST_DIRECT;old
https://city2city.ru/ufa-sibaj.html;Уфа;Сибай;410;12300;721;SEO_INVEST_DIRECT;old
https://city2city.ru/enisejsk-krasnojarsk.html;Енисейск;Красноярск;340;10200;535;DIRECT_ONLY;old
https://city2city.ru/kirov-kirov-kaluzhskaya-oblast.html;Киров;Киров;1300;39000;498;NEW_P1;new
https://city2city.ru/krasnodar-simferopol.html;Краснодар;Симферополь;440;13500;492;NEW_P1;new
https://city2city.ru/krasnoyarsk-enisejsk.html;Красноярск;Енисейск;335;10000;476;SEO_GOLD_DIRECT;old
https://city2city.ru/sankt-peterburg-moskva.html;Санкт-Петербург;Москва;705;21200;449;SEO_INVEST_DIRECT;old
https://city2city.ru/moskva-piter.html;Москва;Санкт-Петербург;700;21000;449;SEO_INVEST_DIRECT;old
https://city2city.ru/krasnodar-sevastopol.html;Краснодар;Севастополь;530;16000;420;NEW_P1;new
https://city2city.ru/moskva-leningradskaya.html;Москва;станица Ленинградская;1240;37500;406;NEW_P1;new
https://city2city.ru/kazan-moskva.html;Казань;Москва;810;24300;399;DIRECT_ONLY;old
https://city2city.ru/kazan-samara.html;Международный аэропорт Казань;Самара;375;11200;385;DIRECT_ONLY;old
https://city2city.ru/samara-kazan.html;Самара;Казань;365;11000;385;SEO_GOLD_DIRECT;old
https://city2city.ru/izhevsk-ufa.html;Ижевск;Уфа;340;10200;384;DIRECT_ONLY;old
https://city2city.ru/volgograd-uryupinsk.html;Волгоград;Урюпинск;340;10200;369;SEO_GOLD_DIRECT;old
https://city2city.ru/voronezh-moskva.html;Воронеж;Москва;515;15400;366;SEO_INVEST_DIRECT;old
https://city2city.ru/moskva-voronezh.html;Москва;Воронеж;515;15400;366;SEO_INVEST_DIRECT;old
https://city2city.ru/belgorod-moskva.html;Белгород;Москва;660;19800;365;SEO_INVEST_DIRECT;old
https://city2city.ru/samara-orenburg.html;Самара;Оренбург;415;12400;359;SEO_INVEST_DIRECT;old
https://city2city.ru/orenburg-samara.html;Оренбург;Самара;415;12400;359;SEO_INVEST_DIRECT;old
https://city2city.ru/ufa-magnitogorsk.html;Уфа;Магнитогорск;340;10200;327;SEO_INVEST_DIRECT;old
https://city2city.ru/nizhnij-novgorod-moskva.html;Нижний Новгород;Москва;440;13000;325;SEO_INVEST_DIRECT;old
https://city2city.ru/moskva-nigniy_novgorod.html;Москва;Нижний Новгород;460;14000;325;NEW_P1;new
https://city2city.ru/ufa-moskva.html;Уфа;Москва;1330;40000;323;SEO_INVEST_DIRECT;old
https://city2city.ru/moskva-ufa.html;Москва;Уфа;1350;40500;323;NEW_P1;new
https://city2city.ru/moskva-belgorod.html;Москва;Белгород;690;21000;303;NEW_P1;new
https://city2city.ru/kirov-vyatskie-polyany.html;Киров;Вятские Поляны;340;10000;300;SEO_INVEST_DIRECT;old
https://city2city.ru/ufa-orsk.html;Уфа;Орск;600;18000;296;SEO_INVEST_DIRECT;old
https://city2city.ru/moskva-samara.html;Москва;Самара;1080;32500;290;SEO_INVEST_DIRECT;old
https://city2city.ru/samara-moskva.html;Самара;Москва;1095;33000;290;SEO_INVEST_DIRECT;old
https://city2city.ru/ufa-bajmak.html;Уфа;Баймак;410;12300;289;SEO_GOLD_DIRECT;old
https://city2city.ru/moskva-kazan.html;Москва;Казань;805;24200;288;SEO_INVEST_DIRECT;old
https://city2city.ru/kursk-moskva.html;Курск;Москва;530;16000;281;NEW_P1;new
https://city2city.ru/kazan-ufa.html;Международный аэропорт Казань;Уфа;530;15900;276;DIRECT_ONLY;old
https://city2city.ru/ufa-kazan.html;Уфа;Казань;550;16500;276;SEO_INVEST_DIRECT;old
https://city2city.ru/krasnodar-moskva.html;Краснодар;Москва;1350;40500;271;SEO_INVEST_DIRECT;old
https://city2city.ru/rostov-moskva.html;Ростов-на-Дону;Москва;1080;32400;261;SEO_INVEST_DIRECT;old
https://city2city.ru/moskva-rostov-na-don.html;Москва;Ростов-на-Дону;1100;33000;261;NEW_P1;new
https://city2city.ru/chelyabinsk-ufa.html;Челябинск;Уфа;415;12400;251;SEO_INVEST_DIRECT;old
https://city2city.ru/kazan-orenburg.html;Казань;Оренбург;730;21900;247;SEO_INVEST_DIRECT;old
https://city2city.ru/krasnodar-sochi.html;Краснодар;Сочи;320;10000;222;NEW_P1;new
https://city2city.ru/sankt-peterburg-leningradskaya.html;Санкт-Петербург;станица Ленинградская;1920;58000;218;NEW_P1;new
https://city2city.ru/orenburg-buguruslan.html;Оренбург;Бугуруслан;360;10800;216;SEO_GOLD_DIRECT;old
https://city2city.ru/krasnodar-yalta.html;Краснодар;Ялта;500;15000;212;NEW_P1;new
https://city2city.ru/ufa-chelyabinsk.html;Уфа;Челябинск;415;12400;207;SEO_INVEST_DIRECT;old
https://city2city.ru/kazan-oktyabrskij-respublika-bashkortostan.html;Казань;Октябрьский;410;12300;206;SEO_INVEST_DIRECT;old
https://city2city.ru/moskva-sochi.html;Москва;Сочи;1650;49500;204;NEW_P1;new
https://city2city.ru/samara-ufa.html;Самара;Уфа;460;13800;200;DIRECT_TEST;old
https://city2city.ru/ufa-samara.html;Уфа;Самара;465;14000;200;DIRECT_TEST;old
https://city2city.ru/ivanovo-moskva.html;Иваново;Москва;340;10500;199;NEW_P1;new
https://city2city.ru/moskva-ivanovo.html;Москва;Иваново;320;10000;199;NEW_P1;new
https://city2city.ru/svo-taxi-krasnodar-donetsk.html;Краснодар;Донецк;450;13500;181;DIRECT_TEST;old
https://city2city.ru/orenburg-kazan.html;Оренбург;Казань;720;21600;180;DIRECT_TEST;old
https://city2city.ru/moskva-krasnogvardejskoe.html;Москва;село Красногвардейское;1800;54000;173;NEW_P1;new
https://city2city.ru/ufa-ekaterinburg.html;Уфа;Екатеринбург;525;15800;172;DIRECT_TEST;old
https://city2city.ru/ekaterinburg-ufa.html;международный аэропорт Кольцово Екатеринбург;Уфа;525;15800;172;DIRECT_TEST;old
https://city2city.ru/kazan-kirov.html;Международный аэропорт Казань;Киров;395;11800;169;DIRECT_TEST;old
https://city2city.ru/kirov-kazan.html;Киров;Казань;395;11800;169;DIRECT_TEST;old
https://city2city.ru/moskva-saratov.html;Москва;Саратов;860;26000;167;NEW_P1;new
https://city2city.ru/saratov-moskva.html;Саратов;Москва;850;25500;167;NEW_P1;new
https://city2city.ru/moskva-krasnyj.html;Москва;Красный проспект;1030;31000;156;NEW_P1;new
https://city2city.ru/penza-moskva.html;Пенза;Москва;645;19400;155;DIRECT_TEST;old
https://city2city.ru/moskva-penza.html;Москва;Пенза;645;19400;155;DIRECT_TEST;old
https://city2city.ru/ekaterinburg-moskva.html;Екатеринбург;Москва;1675;50200;154;DIRECT_TEST;old
https://city2city.ru/moskva-borovichi.html;Москва;Боровичи;430;13000;151;DIRECT_TEST;old
https://city2city.ru/smolensk-moskva.html;Смоленск;Москва;400;12000;144;DIRECT_TEST;old
https://city2city.ru/moskva-smolensk.html;Москва;Смоленск;402;12500;144;NEW_P1;new
https://city2city.ru/kostroma-moskva.html;Кострома;Москва;335;10000;142;DIRECT_TEST;old
https://city2city.ru/moskva-kostroma.html;Москва;Кострома;350;10500;142;NEW_P1;new
https://city2city.ru/orenburg-moskva.html;Оренбург;Москва;1505;45200;136;DIRECT_TEST;old
https://city2city.ru/moskva-orenburg.html;Москва;Оренбург;1505;45000;136;DIRECT_TEST;old
https://city2city.ru/kirov-syktyvkar.html;Киров;Сыктывкар;415;12400;131;DIRECT_TEST;old
https://city2city.ru/syktyvkar-kirov.html;Сыктывкар;Киров;415;12400;131;DIRECT_TEST;old
https://city2city.ru/tambov-moskva.html;Тамбов;Москва;460;14000;131;NEW_P1;new
https://city2city.ru/ufa-izhevsk.html;Уфа;Ижевск;340;10200;130;DIRECT_TEST;old
https://city2city.ru/bryansk-moskva.html;Брянск;Москва;400;12000;130;NEW_P1;new
https://city2city.ru/moskva-bryansk.html;Москва;Брянск;420;13000;130;NEW_P1;new
https://city2city.ru/perm-ekaterinburg.html;Пермь;Екатеринбург;360;10800;129;DIRECT_TEST;old
https://city2city.ru/ekaterinburg-perm.html;международный аэропорт Кольцово Екатеринбург;Пермь;360;10800;129;DIRECT_TEST;old
https://city2city.ru/oryol-moskva.html;Орёл;Москва;360;11000;127;DIRECT_TEST;old
https://city2city.ru/volgograd-moskva.html;Волгоград;Москва;970;29000;127;DIRECT_TEST;old
https://city2city.ru/moskva-orel.html;Москва;Орёл;370;11500;127;NEW_P1;new
https://city2city.ru/moskva-volgograd.html;Москва;Волгоград;990;30000;127;NEW_P1;new
https://city2city.ru/kazan-bavly.html;Казань;Бавлы;350;10500;126;DIRECT_TEST;old
https://city2city.ru/kazan-izhevsk.html;Международный аэропорт Казань;Ижевск;370;11100;126;DIRECT_TEST;old
https://city2city.ru/volgograd-doneczk-rostovskaya-oblast.html;Волгоград;Донецк;390;11700;123;DIRECT_TEST;old
https://city2city.ru/kazan-tujmazy.html;Казань;Туймазы;379;11400;120;DIRECT_TEST;old
https://city2city.ru/ulan-udje-irkutsk.html;Улан-Удэ;Иркутск;450;13500;117;DIRECT_TEST;old
https://city2city.ru/moskva-lipetsk.html;Москва;Липецк;470;14000;115;DIRECT_TEST;old
https://city2city.ru/lipeczk-moskva.html;Липецк;Москва;470;14100;115;DIRECT_TEST;old
https://city2city.ru/moskva-ekaterinburg.html;Москва;Екатеринбург;1660;49800;115;DIRECT_TEST;old
https://city2city.ru/krasnoyarsk-novosibirsk.html;Красноярск;Новосибирск;780;23400;114;DIRECT_TEST;old
https://city2city.ru/krasnoyarsk-abakan.html;Красноярск;Абакан;410;12300;114;DIRECT_TEST;old
https://city2city.ru/novosibirsk-krasnoyarsk.html;Новосибирск;Красноярск;780;23400;114;DIRECT_TEST;old
https://city2city.ru/novosibirsk-novokuznetsk.html;Новосибирск;Новокузнецк;370;11500;114;NEW_P1;new
https://city2city.ru/perm-moskva.html;Пермь;Москва;1465;44000;113;DIRECT_TEST;old
https://city2city.ru/moskva-perm.html;Москва;Пермь;1510;45500;113;DIRECT_TEST;old
https://city2city.ru/svo-taxi-moskva-mariupol.html;Москва;Мариуполь;1250;37500;111;DIRECT_TEST;old
https://city2city.ru/nerjungri-jakutsk.html;Нерюнгри;Якутск;810;24300;109;DIRECT_TEST;old
https://city2city.ru/donetsk-samara.html;Донецк;Самара;1450;43500;104;NEW_P1;new
https://city2city.ru/nizhnij-novgorod-bor.html;Нижний Новгород;Бор;1210;36500;102;DIRECT_TEST;old
https://city2city.ru/aldan-jakutsk.html;Алдан;Якутск;525;15800;100;DIRECT_TEST;old
https://city2city.ru/astraxan-volgograd.html;Астрахань;Волгоград;425;12800;97;DIRECT_TEST;old
https://city2city.ru/perm-ufa.html;Пермь;Уфа;505;15200;97;DIRECT_TEST;old
https://city2city.ru/ufa-perm.html;Уфа;Пермь;500;15000;97;DIRECT_TEST;old
https://city2city.ru/moskva-kirov.html;Москва;Киров;950;28500;94;NEW_P1;new
https://city2city.ru/moskva-ulyanovsk.html;Москва;Ульяновск;850;25500;94;NEW_P1;new
https://city2city.ru/ulyanovsk-moskva.html;Ульяновск;Москва;840;25500;94;NEW_P1;new
https://city2city.ru/moskva-simferopol.html;Москва;Симферополь;1800;54000;93;NEW_P1;new
https://city2city.ru/krasnodar-evpatoriya.html;Краснодар;Евпатория;510;15500;92;NEW_P1;new
https://city2city.ru/samara-saratov.html;Самара;Саратов;410;12300;90;DIRECT_TEST;old
https://city2city.ru/saratov-samara.html;Саратов;Самара;410;12300;90;DIRECT_TEST;old
https://city2city.ru/elista-moskva.html;Элиста;Москва;1265;38000;88;DIRECT_TEST;old
https://city2city.ru/chelyabinsk-moskva.html;Челябинск;Москва;1745;52500;87;DIRECT_TEST;old
https://city2city.ru/novosibirsk-gorno-altaysk.html;Новосибирск;Горно-Алтайск;450;13500;83;NEW_P1;new
https://city2city.ru/ekaterinburg-magnitogorsk.html;международный аэропорт Кольцово Екатеринбург;Магнитогорск;515;15400;82;DIRECT_TEST;old
https://city2city.ru/chelyabinsk-tyumen.html;Челябинск;Тюмень;420;12600;78;DIRECT_TEST;old
https://city2city.ru/ryazan-domodedovo.html;Рязань;Домодедово;870;26500;75;NEW_P1;new
https://city2city.ru/volgograd-astraxan.html;Волгоград;Астрахань;430;13000;75;NEW_P1;new
https://city2city.ru/ekaterinburg-severouralsk.html;Екатеринбург;Североуральск;440;13200;74;DIRECT_TEST;old
https://city2city.ru/izhevsk-moskva.html;Ижевск;Москва;1180;35500;74;DIRECT_TEST;old
https://city2city.ru/ekaterinburg-beloreczk.html;Екатеринбург;Белорецк;1790;53700;73;DIRECT_TEST;old
https://city2city.ru/moskva-chelyabinsk.html;Москва;Челябинск;1755;52500;73;DIRECT_TEST;old
https://city2city.ru/astraxan-moskva.html;Астрахань;Москва;1395;41800;72;DIRECT_TEST;old
https://city2city.ru/kyzyl-abakan.html;Кызыл;Абакан;390;11700;72;DIRECT_TEST;old
https://city2city.ru/krasnodar-feodosiya.html;Краснодар;Феодосия;330;10000;72;NEW_P1;new
https://city2city.ru/moskva-michurinsk.html;Москва;Мичуринск;417;13000;71;NEW_P1;new
https://city2city.ru/lugansk-volgograd.html;Луганск;Волгоград;460;13800;70;DIRECT_TEST;old
https://city2city.ru/svo-taxi-volgograd-lugansk.html;Волгоград;Луганск;470;14000;70;DIRECT_TEST;old
https://city2city.ru/kazan-belebej.html;Казань;Белебей;435;13000;68;DIRECT_TEST;old
https://city2city.ru/krasnodar-adler.html;Краснодар;Адлер;350;10500;68;NEW_P1;new
https://city2city.ru/moskva-elista.html;Москва;Элиста;1265;38000;66;DIRECT_TEST;old
https://city2city.ru/orenburg-yasnyj.html;Оренбург;Ясный;450;13500;66;DIRECT_TEST;old
https://city2city.ru/kazan-tolyatti.html;Казань;Тольятти;340;10000;65;DIRECT_TEST;old
https://city2city.ru/kazan-nizhniy_novgorod.html;Международный аэропорт Казань;Нижний Новгород;420;12600;64;DIRECT_TEST;old
https://city2city.ru/nizhnij-novgorod-kazan.html;Нижний Новгород;Казань;390;11700;64;DIRECT_TEST;old
https://city2city.ru/moskva-vologda.html;Москва;Вологда;460;13800;63;DIRECT_TEST;old
https://city2city.ru/vologda-moskva.html;Вологда;Москва;460;13800;63;DIRECT_TEST;old
https://city2city.ru/blagoveshhensk-jakutsk.html;Благовещенск;Якутск;1765;53000;62;DIRECT_TEST;old
https://city2city.ru/krasnodar-armavir.html;Краснодар;Армавир;330;10000;62;NEW_P1;new
https://city2city.ru/rostov-volgograd.html;Ростов-на-Дону;Волгоград;470;14000;61;DIRECT_TEST;old
https://city2city.ru/volgograd-rostov-na-donu.html;Волгоград;Ростов-на-Дону;490;14700;61;DIRECT_TEST;old
https://city2city.ru/lensk-jakutsk.html;Ленск;Якутск;1375;41200;61;DIRECT_TEST;old
https://city2city.ru/svo-taxi-samara-lugansk.html;Самара;Луганск;1250;37500;60;DIRECT_TEST;old
https://city2city.ru/lugansk-samara.html;Луганск;Самара;1240;37200;60;DIRECT_TEST;old
https://city2city.ru/krasnodar-dzhankoj.html;Краснодар;Джанкой;450;13500;60;NEW_P1;new
https://city2city.ru/moskva-astraxan.html;Москва;Астрахань;1450;43500;60;NEW_P1;new
https://city2city.ru/moskva-dzhankoj.html;Москва;Джанкой;1700;51000;59;NEW_P1;new
https://city2city.ru/moskva-otradnaya.html;Москва;станица Отрадная;1500;45000;59;NEW_P1;new
https://city2city.ru/moskva-otradnoe.html;Москва;Отрадное;700;21000;59;NEW_P1;new
https://city2city.ru/moskva-otradnyj.html;Москва;Отрадный;1100;33000;59;NEW_P1;new
https://city2city.ru/svo-taxi-gorlovka-moskva.html;Горловка;Москва;1160;35000;58;DIRECT_TEST;old
https://city2city.ru/svo-taxi-moskva-gorlovka.html;Москва;Горловка;1320;46000;58;DIRECT_TEST;old
https://city2city.ru/krasnodar-mineralnye-vody.html;Краснодар;Минеральные Воды;405;12000;57;DIRECT_TEST;old
https://city2city.ru/tumen-chelyabinsk.html;аэропорт Тюмень (Рощино);Челябинск;420;12500;57;DIRECT_TEST;old
https://city2city.ru/samara-kirov.html;Самара;Киров;770;23100;56;DIRECT_TEST;old
https://city2city.ru/vladivostok-habarovsk.html;Владивосток;Хабаровск;755;22600;56;DIRECT_TEST;old
https://city2city.ru/penza-zarechnyj-penzenskaya-oblast.html;Пенза;Заречный;1330;40000;56;DIRECT_TEST;old
https://city2city.ru/xabarovsk-vladivostok.html;Хабаровск;Владивосток;760;22800;56;DIRECT_TEST;old
https://city2city.ru/kirov-samara.html;Киров;Самара;770;23100;56;DIRECT_TEST;old
https://city2city.ru/moskva-izhevsk.html;Москва;Ижевск;1200;36000;56;NEW_P1;new
https://city2city.ru/rostov-lyubim.html;Ростов-на-Дону;Любим;1520;46000;56;NEW_P1;new
https://city2city.ru/bratsk-krasnojarsk.html;Братск;Красноярск;680;20400;55;DIRECT_TEST;old
https://city2city.ru/irkutsk-kirensk.html;Иркутск;Киренск;950;28500;55;DIRECT_TEST;old
https://city2city.ru/cheboksary-moskva.html;Чебоксары;Москва;740;22500;55;NEW_P1;new
https://city2city.ru/moskva-cheboksary.html;Москва;Чебоксары;730;22000;55;NEW_P1;new
https://city2city.ru/ufa-nizhnekamsk.html;Уфа;Нижнекамск;340;10200;54;DIRECT_TEST;old
https://city2city.ru/ekaterinburg-kazan.html;Екатеринбург;Казань;890;26700;54;DIRECT_TEST;old
https://city2city.ru/moskva-dmitriev.html;Москва;Дмитриев;510;15500;54;NEW_P1;new
https://city2city.ru/bryansk-domodedovo.html;Брянск;Домодедово;400;12000;53;DIRECT_TEST;old
https://city2city.ru/kemerovo-krasnoyarsk.html;Кемерово;Красноярск;525;15800;53;DIRECT_TEST;old
https://city2city.ru/ulyanovsk-zavolzhe.html;Ульяновск;Заволжье;530;16000;53;NEW_P1;new
https://city2city.ru/moskva-rossosh.html;Москва;Россошь;750;22500;52;NEW_P1;new
https://city2city.ru/rostov-kursk.html;Ростов-на-Дону;Курск;800;24000;52;NEW_P1;new
https://city2city.ru/omsk-novosibirsk.html;Омск;Новосибирск;645;19500;51;DIRECT_TEST;old
https://city2city.ru/chelyabinsk-orenburg.html;Челябинск;Оренбург;745;22400;51;DIRECT_TEST;old
https://city2city.ru/moskva-valujki.html;Москва;Валуйки;750;22500;51;DIRECT_TEST;old
https://city2city.ru/svo-taxi-krasnodar-mariupol.html;Краснодар;Мариуполь;470;14000;51;DIRECT_TEST;old
https://city2city.ru/moskva-sevastopol.html;Москва;Севастополь;1900;57000;51;NEW_P1;new
https://city2city.ru/novosibirsk-omsk.html;Новосибирск;Омск;650;19500;51;NEW_P1;new
https://city2city.ru/pskov-moskva.html;Псков;Москва;805;24200;50;DIRECT_TEST;old
https://city2city.ru/belgorod-sankt-peterburg.html;Белгород;Санкт-Петербург;1365;41000;49;DIRECT_TEST;old
https://city2city.ru/stavropol-moskva.html;Ставрополь;Москва;1410;42500;49;DIRECT_TEST;old
https://city2city.ru/yakutsk-blagoveshhensk.html;Якутск;Благовещенск;1765;53000;49;DIRECT_TEST;old
https://city2city.ru/xabarovsk-komsomolsk-na-amure.html;Хабаровск;Комсомольск-на-Амуре;400;12000;48;DIRECT_TEST;old
https://city2city.ru/komsomolsk-na-amure-habarovsk.html;Комсомольск-на-Амуре;Хабаровск;400;12000;48;DIRECT_TEST;old
https://city2city.ru/kurgan-ekaterinburg.html;Курган;Екатеринбург;365;11000;47;DIRECT_TEST;old
https://city2city.ru/ufa-doneczk-rostovskaya-oblast.html;Уфа;Донецк;1890;56700;47;DIRECT_TEST;old
https://city2city.ru/krasnoyarsk-kyzyl.html;Красноярск;Кызыл;810;24300;47;DIRECT_TEST;old
https://city2city.ru/ekaterinburg-kurgan.html;международный аэропорт Кольцово Екатеринбург;Курган;365;11000;47;DIRECT_TEST;old
https://city2city.ru/kyzyl-krasnoyarsk.html;Кызыл;Красноярск;800;24000;47;DIRECT_TEST;old
https://city2city.ru/irkutsk-krasnoyarsk.html;Иркутск;Красноярск;1060;31800;46;DIRECT_TEST;old
https://city2city.ru/chelyabinsk-orsk.html;Челябинск;Орск;610;18300;46;DIRECT_TEST;old
https://city2city.ru/petrozavodsk-sankt-peterburg.html;Петрозаводск;Санкт-Петербург;425;12800;45;DIRECT_TEST;old
https://city2city.ru/krasnodar-astraxan.html;Краснодар;Астрахань;825;24800;45;DIRECT_TEST;old
https://city2city.ru/sankt-peterburg-petrozavodsk.html;Санкт-Петербург;Петрозаводск;430;12900;45;DIRECT_TEST;old
https://city2city.ru/krasnoyarsk-bratsk.html;Красноярск;Братск;680;20400;45;DIRECT_TEST;old
https://city2city.ru/ekaterinburg-orenburg.html;Екатеринбург;Оренбург;960;28800;43;DIRECT_TEST;old
https://city2city.ru/kazan-saratov.html;Казань;Саратов;655;19600;42;DIRECT_TEST;old
https://city2city.ru/kazan-ekaterinburg.html;Международный аэропорт Казань;Екатеринбург;865;26000;42;DIRECT_TEST;old
https://city2city.ru/kazan-magnitogorsk.html;Казань;Магнитогорск;870;26100;42;DIRECT_TEST;old
https://city2city.ru/nikolaevsk-na-amure-habarovsk.html;Николаевск-на-Амуре;Хабаровск;915;27400;42;DIRECT_TEST;old
https://city2city.ru/xabarovsk-nikolaevsk-na-amure.html;Хабаровск;Николаевск-на-Амуре;915;27400;42;DIRECT_TEST;old
https://city2city.ru/izhevsk-samara.html;Ижевск;Самара;555;16500;42;DIRECT_TEST;old
https://city2city.ru/orenburg-chelyabinsk.html;Оренбург;Челябинск;750;22500;40;DIRECT_TEST;old
https://city2city.ru/blagoveshhensk-zeya.html;Благовещенск;Зея;510;15300;40;DIRECT_TEST;old
https://city2city.ru/irkutsk-severobajkalsk.html;Иркутск;Северобайкальск;820;24600;40;DIRECT_TEST;old
https://city2city.ru/orenburg-ekaterinburg.html;Оренбург;Екатеринбург;960;28800;39;DIRECT_TEST;old
https://city2city.ru/orenburg-oktyabrskij-respublika-bashkortostan.html;Оренбург;Октябрьский;380;11400;39;DIRECT_TEST;old
https://city2city.ru/rostov-perm.html;Ростов-на-Дону;Пермь;2130;64000;39;DIRECT_TEST;old
https://city2city.ru/irkutsk-novosibirsk.html;Иркутск;Новосибирск;1835;55000;39;DIRECT_TEST;old
https://city2city.ru/energodar-simferopol.html;Энергодар;Симферополь;350;10500;38;DIRECT_TEST;old
https://city2city.ru/energodar-ufa.html;Энергодар;Уфа;2190;65500;38;DIRECT_TEST;old
https://city2city.ru/energodar-rostov-na-don.html;Энергодар;Ростов-на-Дону;460;14000;38;DIRECT_TEST;old
https://city2city.ru/svo-taxi-krasnodar-lugansk.html;Краснодар;Луганск;480;14500;38;DIRECT_TEST;old
https://city2city.ru/volgograd-samara.html;Волгоград;Самара;785;23600;37;DIRECT_TEST;old
https://city2city.ru/sankt-peterburg-belgorod.html;Санкт-Петербург;Белгород;1375;41000;37;DIRECT_TEST;old
https://city2city.ru/samara-volgograd.html;Самара;Волгоград;805;24200;37;DIRECT_TEST;old
https://city2city.ru/samara-izhevsk.html;Самара;Ижевск;555;16600;37;DIRECT_TEST;old
https://city2city.ru/samara-penza.html;Самара;Пенза;420;12600;36;DIRECT_TEST;old
https://city2city.ru/penza-samara.html;Пенза;Самара;420;12600;36;DIRECT_TEST;old
https://city2city.ru/xanty-mansijsk-yugorsk.html;Ханты-Мансийск;Югорск;380;11400;36;DIRECT_TEST;old
https://city2city.ru/moskva-pervomajsk.html;Москва;Первомайск;540;16200;36;DIRECT_TEST;old
https://city2city.ru/svo-taxi-donetsk-mineralnye-vody-aeroport.html;Донецк;Минеральные Воды;700;21000;36;DIRECT_TEST;old
https://city2city.ru/voronezh-rostov-velikij.html;Воронеж;Ростов;570;17000;36;DIRECT_TEST;old
https://city2city.ru/krasnoyarsk-tomsk.html;Красноярск;Томск;585;17600;35;DIRECT_TEST;old
https://city2city.ru/vologda-velikiy-ustyug.html;Вологда;Великий Устюг;450;13500;35;DIRECT_TEST;old
https://city2city.ru/kazan-sibaj.html;Казань;Сибай;945;28400;35;DIRECT_TEST;old
https://city2city.ru/tomsk-krasnojarsk.html;Томск;Красноярск;585;17600;35;DIRECT_TEST;old
https://city2city.ru/moskva-dzerzhinsk.html;Москва;Дзержинск;440;13500;35;NEW_P1;new
https://city2city.ru/saratov-volgograd.html;Саратов;Волгоград;375;11000;34;DIRECT_TEST;old
https://city2city.ru/velikiy-novgorod-moskva.html;Великий Новгород;Москва;570;17100;34;DIRECT_TEST;old
https://city2city.ru/izhevsk-ekaterinburg.html;Ижевск;Екатеринбург;570;17100;34;DIRECT_TEST;old
https://city2city.ru/kaluga-kirov-kaluzhskaya-oblast.html;Калуга;Киров;1200;36000;34;DIRECT_TEST;old
https://city2city.ru/rostov-samara.html;Ростов-на-Дону;Самара;1280;38400;34;DIRECT_TEST;old
https://city2city.ru/novosibirsk-rubtsovsk.html;Новосибирск;Рубцовск;520;15500;34;DIRECT_TEST;old
https://city2city.ru/ekaterinburg-izhevsk.html;Екатеринбург;Ижевск;565;17000;34;DIRECT_TEST;old
https://city2city.ru/volgograd-saratov.html;Волгоград;Саратов;375;11000;34;DIRECT_TEST;old
https://city2city.ru/samara-rostov-na-donu.html;Самара;Ростов-на-Дону;1250;37500;34;DIRECT_TEST;old
https://city2city.ru/krasnodar-vladikavkaz.html;Краснодар;Владикавказ;610;18300;33;DIRECT_TEST;old
https://city2city.ru/novosibirsk-irkutsk.html;Новосибирск;Иркутск;1835;55000;33;DIRECT_TEST;old
https://city2city.ru/rostov-mineralnye-vody.html;Ростов-на-Дону;Минеральные Воды;480;14400;33;DIRECT_TEST;old
https://city2city.ru/kazan-neftekamsk.html;Казань;Нефтекамск;415;12400;32;DIRECT_TEST;old
https://city2city.ru/krasnoyarsk-minusinsk.html;Красноярск;Минусинск;430;13000;32;DIRECT_TEST;old
https://city2city.ru/astraxan-rostov-na-donu.html;Астрахань;Ростов-на-Дону;770;23100;32;DIRECT_TEST;old
https://city2city.ru/kazan-buguruslan.html;Казань;Бугуруслан;390;11700;32;DIRECT_TEST;old
https://city2city.ru/kemerovo-beryozovskiy.html;Кемерово;Берёзовский;1860;55800;31;DIRECT_TEST;old
https://city2city.ru/tyumen-moskva.html;Тюмень;Москва;2010;60300;31;DIRECT_TEST;old
https://city2city.ru/xanty-mansijsk-uraj.html;Ханты-Мансийск;Урай;430;12900;31;DIRECT_TEST;old
https://city2city.ru/orenburg-naberezhnye-chelny.html;Оренбург;Набережные Челны;555;16600;31;DIRECT_TEST;old
https://city2city.ru/olekminsk-jakutsk.html;Олекминск;Якутск;960;28800;31;DIRECT_TEST;old
https://city2city.ru/novosibirsk-kolpashevo.html;Новосибирск;Колпашево;500;15000;31;DIRECT_TEST;old
https://city2city.ru/astraxan-stavropol.html;Астрахань;Ставрополь;580;17400;31;DIRECT_TEST;old
https://city2city.ru/moskva-syktyvkar.html;Москва;Сыктывкар;1340;40200;31;DIRECT_TEST;old
https://city2city.ru/kirov-kaluga.html;Киров;Калуга;1170;35000;31;DIRECT_TEST;old
https://city2city.ru/moskva-tyumen.html;Москва;Тюмень;1995;59800;31;DIRECT_TEST;old
https://city2city.ru/krasnoyarsk-irkutsk.html;Красноярск;Иркутск;1060;31800;31;DIRECT_TEST;old
https://city2city.ru/saratov-kazan.html;Саратов;Казань;680;20400;31;DIRECT_TEST;old
https://city2city.ru/syktyvkar-moskva.html;Сыктывкар;Москва;1345;40400;31;DIRECT_TEST;old
https://city2city.ru/kaluga-kirov.html;Калуга;Киров;1200;36000;31;NEW_P1;new
https://city2city.ru/moskva-pavlovskaya.html;Москва;станица Павловская;1250;37500;31;NEW_P1;new
https://city2city.ru/samara-pervomajsk.html;Самара;Первомайск;2100;63000;31;NEW_P1;new
https://city2city.ru/krasnodar-groznyj.html;Краснодар;Грозный;695;20800;30;DIRECT_TEST;old
https://city2city.ru/krasnodar-maxachkala.html;Краснодар;Махачкала;860;26000;30;DIRECT_TEST;old
https://city2city.ru/belgorod-samara.html;Белгород;Самара;1190;35500;30;DIRECT_TEST;old
https://city2city.ru/saransk-moskva.html;Саранск;Москва;635;19000;30;DIRECT_TEST;old
https://city2city.ru/irkutsk-chita.html;Иркутск;Чита;1095;32800;30;DIRECT_TEST;old
https://city2city.ru/ufa-novotroiczk.html;Уфа;Новотроицк;600;18000;30;DIRECT_TEST;old
https://city2city.ru/moskva-saransk.html;Москва;Саранск;630;18900;30;DIRECT_TEST;old
https://city2city.ru/belgorod-lipeck.html;Белгород;Липецк;385;11500;29;DIRECT_TEST;old
https://city2city.ru/svo-taxi-saratov-donetsk.html;Саратов;Донецк;760;23000;29;DIRECT_TEST;old
https://city2city.ru/samara-perm.html;Самара;Пермь;870;26100;29;DIRECT_TEST;old
https://city2city.ru/saratov-doneczk-rostovskaya-oblast.html;Саратов;Донецк;760;23000;29;DIRECT_TEST;old
https://city2city.ru/kazan-volgograd.html;Казань;Волгоград;1030;30900;28;DIRECT_TEST;old
https://city2city.ru/tyumen-sibaj.html;Тюмень;Сибай;790;23700;28;DIRECT_TEST;old
https://city2city.ru/orenburg-sibaj.html;Оренбург;Сибай;335;10000;28;DIRECT_TEST;old
https://city2city.ru/vladivostok-arsenev.html;Владивосток;Арсеньев;239;10000;27;DIRECT_TEST;old
https://city2city.ru/ekaterinburg-ulyanovsk.html;Екатеринбург;Ульяновск;1005;30200;27;DIRECT_TEST;old
https://city2city.ru/belgorod-kazan.html;Белгород;Казань;1285;38600;27;DIRECT_TEST;old
https://city2city.ru/kazan-orsk.html;Казань;Орск;990;29700;27;DIRECT_TEST;old
https://city2city.ru/kazan-belgorod.html;Казань;Белгород;1345;40400;27;DIRECT_TEST;old
https://city2city.ru/irkutsk-bodajbo.html;Иркутск;Бодайбо;1460;43800;27;DIRECT_TEST;old
https://city2city.ru/melitopol-rostov-na-don.html;Мелитополь;Ростов-на-Дону;370;11000;26;DIRECT_TEST;old
https://city2city.ru/cheboksary-penza.html;Чебоксары;Пенза;470;14000;26;DIRECT_TEST;old
https://city2city.ru/krasnoyarsk-kemerovo.html;Красноярск;Кемерово;530;15900;26;DIRECT_TEST;old
https://city2city.ru/ufa-ulyanovsk.html;Уфа;Ульяновск;590;17700;26;DIRECT_TEST;old
https://city2city.ru/ulyanovsk-ufa.html;Ульяновск;Уфа;585;17600;26;DIRECT_TEST;old
https://city2city.ru/ekaterinburg-krasnoturinsk.html;Екатеринбург;Краснотурьинск;385;11600;26;DIRECT_TEST;old
https://city2city.ru/rostov-sankt-peterburg.html;Ростов-на-Дону;Санкт-Петербург;1800;54000;26;DIRECT_TEST;old
https://city2city.ru/sankt-peterburg-rostov-na-don.html;Санкт-Петербург;Ростов-на-Дону;1790;53700;26;DIRECT_TEST;old
https://city2city.ru/krasnodar-sankt-peterburg.html;Ростов-на-Дону;Санкт-Петербург;2060;61800;26;DIRECT_TEST;old
https://city2city.ru/svo-taxi-rostov-na-donu-melitopol.html;Ростов-на-Дону;Мелитополь;370;11000;26;DIRECT_TEST;old
https://city2city.ru/irkutsk-ust-ilimsk.html;Иркутск;Усть-Илимск;900;27000;25;DIRECT_TEST;old
https://city2city.ru/kirov-ufa.html;Киров;Уфа;750;22500;25;DIRECT_TEST;old
https://city2city.ru/ufa-kirov.html;Уфа;Киров;750;22500;25;DIRECT_TEST;old
https://city2city.ru/handyga-jakutsk.html;Хандыга;Якутск;420;12600;25;DIRECT_TEST;old
https://city2city.ru/krasnodar-ryazan.html;Краснодар;Рязань;1220;36500;25;DIRECT_TEST;old
https://city2city.ru/ekaterinburg-serov.html;Екатеринбург;Серов;350;10500;25;DIRECT_TEST;old
https://city2city.ru/voronezh-nizhnij-novgorod.html;Воронеж;Нижний Новгород;740;22200;25;DIRECT_TEST;old
https://city2city.ru/nizhnij-novgorod-voronezh.html;Нижний Новгород;Воронеж;740;22200;25;DIRECT_TEST;old
https://city2city.ru/orenburg-magnitogorsk.html;Оренбург;Магнитогорск;445;13400;25;DIRECT_TEST;old
https://city2city.ru/lugansk-saratov.html;Луганск;Саратов;830;24900;25;DIRECT_TEST;old
https://city2city.ru/kemerovo-barnaul.html;Кемерово;Барнаул;395;12000;24;DIRECT_TEST;old
https://city2city.ru/ufa-surgut.html;Уфа;Сургут;1620;48600;24;DIRECT_TEST;old
https://city2city.ru/blagoveshhensk-nerjungri.html;Благовещенск;Нерюнгри;980;29400;24;DIRECT_TEST;old
https://city2city.ru/oryol-smolensk.html;Орёл;Смоленск;380;11500;24;DIRECT_TEST;old
https://city2city.ru/stavropol-astraxan.html;Ставрополь;Астрахань;580;17400;24;DIRECT_TEST;old
https://city2city.ru/smolensk-oryol.html;Смоленск;Орёл;380;11400;24;DIRECT_TEST;old
https://city2city.ru/irkutsk-tulun.html;Иркутск;Тулун;400;12000;24;DIRECT_TEST;old
https://city2city.ru/lugansk-voronezh.html;Луганск;Воронеж;530;15900;23;DIRECT_TEST;old
https://city2city.ru/tomsk-omsk.html;Томск;Омск;895;26800;23;DIRECT_TEST;old
https://city2city.ru/ulyanovsk-nizhnij-novgorod.html;Ульяновск;Нижний Новгород;440;13000;23;DIRECT_TEST;old
https://city2city.ru/kirov-uxta.html;Киров;Ухта;730;22000;23;DIRECT_TEST;old
https://city2city.ru/samara-belgorod.html;Самара;Белгород;1195;36000;23;DIRECT_TEST;old
https://city2city.ru/penza-cheboksary.html;Пенза;Чебоксары;470;14100;23;DIRECT_TEST;old
https://city2city.ru/omsk-tomsk.html;Омск;Томск;895;26800;23;DIRECT_TEST;old
https://city2city.ru/moskva-murmansk.html;Москва;Мурманск;1915;57400;23;DIRECT_TEST;old
https://city2city.ru/barnaul-tomsk.html;Барнаул;Томск;490;14700;23;DIRECT_TEST;old
https://city2city.ru/volgograd-kazan.html;Волгоград;Казань;1050;31500;22;DIRECT_TEST;old
https://city2city.ru/krasnodar-saratov.html;Краснодар;Саратов;1090;32700;22;DIRECT_TEST;old
https://city2city.ru/tula-voronezh.html;Тула;Воронеж;345;10400;22;DIRECT_TEST;old
https://city2city.ru/novosibirsk-kyzyl.html;Новосибирск;Кызыл;1290;38700;22;DIRECT_TEST;old
https://city2city.ru/krasnodar-nalchik.html;Краснодар;Нальчик;500;15000;22;DIRECT_TEST;old
https://city2city.ru/kazan-salavat.html;Казань;Салават;660;19800;22;DIRECT_TEST;old
https://city2city.ru/kyzyl-novosibirsk.html;Кызыл;Новосибирск;1285;38600;22;DIRECT_TEST;old
https://city2city.ru/ufa-nizhnij-novgorod.html;Уфа;Нижний Новгород;940;28200;22;DIRECT_TEST;old
https://city2city.ru/voronezh-tula.html;Воронеж;Тула;345;10500;22;DIRECT_TEST;old
https://city2city.ru/novosibirsk-abakan.html;Новосибирск;Абакан;990;29500;22;DIRECT_TEST;old
https://city2city.ru/orenburg-tolyatti.html;Оренбург;Тольятти;505;15200;21;DIRECT_TEST;old
https://city2city.ru/kursk-sankt-peterburg.html;Курск;Санкт-Петербург;1225;36800;21;DIRECT_TEST;old
https://city2city.ru/krasnodar-taganrog.html;Краснодар;Таганрог;360;11000;21;DIRECT_TEST;old
https://city2city.ru/voronezh-samara.html;Воронеж;Самара;935;28000;21;DIRECT_TEST;old
https://city2city.ru/samara-volzhskij.html;Самара;Волжский;800;24000;21;DIRECT_TEST;old
https://city2city.ru/kaluga-smolensk.html;Калуга;Смоленск;350;10500;21;DIRECT_TEST;old
https://city2city.ru/rostov-astrahan.html;аэропорт Платов;Астрахань;770;23100;21;DIRECT_TEST;old
https://city2city.ru/stavropol-anapa.html;Ставрополь;Анапа;475;14200;21;DIRECT_TEST;old
https://city2city.ru/voronezh-penza.html;Воронеж;Пенза;510;15500;21;DIRECT_TEST;old
https://city2city.ru/ekaterinburg-voronezh.html;Екатеринбург;Воронеж;1805;54200;21;DIRECT_TEST;old
https://city2city.ru/samara-voronezh.html;Самара;Воронеж;930;27900;21;DIRECT_TEST;old
https://city2city.ru/sankt-peterburg-kursk.html;Санкт-Петербург;Курск;1235;37000;21;DIRECT_TEST;old
https://city2city.ru/perm-oktyabrskij-respublika-bashkortostan.html;Пермь;Октябрьский;590;17500;21;DIRECT_TEST;old
https://city2city.ru/penza-voronezh.html;Пенза;Воронеж;510;15500;21;DIRECT_TEST;old
https://city2city.ru/kirov-volgograd.html;Киров;Волгоград;1500;45000;21;NEW_P1;new
https://city2city.ru/ekaterinburg-samara.html;Екатеринбург;Самара;905;27200;20;DIRECT_TEST;old
https://city2city.ru/nizhniy_novgorod-kirov.html;Нижний Новгород;Киров;580;17500;20;DIRECT_TEST;old
https://city2city.ru/saratov-rostov-na-donu.html;Саратов;Ростов-на-Дону;840;25000;20;DIRECT_TEST;old
https://city2city.ru/saratov-orenburg.html;Саратов;Оренбург;800;24000;20;DIRECT_TEST;old
https://city2city.ru/cheboksary-naberezhnye-chelny.html;Чебоксары;Набережные Челны;405;12000;20;DIRECT_TEST;old
https://city2city.ru/rostov-saratov.html;Ростов-на-Дону;Саратов;840;25200;20;DIRECT_TEST;old
https://city2city.ru/krasnoyarsk-novokuzneczk.html;Красноярск;Новокузнецк;740;22200;20;DIRECT_TEST;old
https://city2city.ru/ulyanovsk-ekaterinburg.html;Ульяновск;Екатеринбург;1015;30400;20;DIRECT_TEST;old
https://city2city.ru/kirov-nizhnij-novgorod.html;Киров;Нижний Новгород;580;17500;20;DIRECT_TEST;old
https://city2city.ru/orenburg-saratov.html;Оренбург;Саратов;800;24000;20;DIRECT_TEST;old
https://city2city.ru/ulyanovsk-kirov.html;Ульяновск;Киров;620;18600;19;DIRECT_TEST;old
https://city2city.ru/kirov-ulyanovsk.html;Киров;Ульяновск;620;18600;19;DIRECT_TEST;old
https://city2city.ru/belgorod-alekseevka.html;Белгород;Алексеевка;1260;38000;19;DIRECT_TEST;old
https://city2city.ru/saratov-ufa.html;Саратов;Уфа;885;26600;19;DIRECT_TEST;old
https://city2city.ru/samara-cheboksary.html;Самара;Чебоксары;475;14200;19;DIRECT_TEST;old
https://city2city.ru/ufa-saratov.html;Уфа;Саратов;890;26700;19;DIRECT_TEST;old
https://city2city.ru/ekaterinburg-kirov.html;Екатеринбург;Киров;850;25500;19;DIRECT_TEST;old
https://city2city.ru/belgorod-tula.html;Белгород;Тула;485;14500;19;DIRECT_TEST;old
https://city2city.ru/cheboksary-samara.html;Чебоксары;Самара;510;15500;19;NEW_P1;new
https://city2city.ru/ufa-oktyabrsk.html;Уфа;Октябрьск;580;17500;19;NEW_P1;new
https://city2city.ru/rostov-nizhnij-novgorod.html;Ростов-на-Дону;Нижний Новгород;1280;38500;18;DIRECT_TEST;old
https://city2city.ru/ust-kut-irkutsk.html;Усть-Кут;Иркутск;970;29100;18;DIRECT_TEST;old
https://city2city.ru/samara-nizhnekamsk.html;Самара;Нижнекамск;360;10800;18;DIRECT_TEST;old
https://city2city.ru/ivanovo-kazan.html;Иваново;Казань;635;19000;18;DIRECT_TEST;old
https://city2city.ru/smolensk-kaluga.html;Смоленск;Калуга;350;10500;18;DIRECT_TEST;old
https://city2city.ru/novosibirsk-mezhdurechensk.html;Новосибирск;Междуреченск;460;14000;18;DIRECT_TEST;old
https://city2city.ru/ufa-tyumen.html;Уфа;Тюмень;840;25200;18;DIRECT_TEST;old
https://city2city.ru/nizhnij-novgorod-kostroma.html;Нижний Новгород;Кострома;350;10500;18;DIRECT_TEST;old
https://city2city.ru/svo-taxi-snezhnoe-moskva.html;Снежное;Москва;1110;33500;18;DIRECT_TEST;old
https://city2city.ru/samara-nizhnij-novgorod.html;Самара;Нижний Новгород;700;21000;18;DIRECT_TEST;old
https://city2city.ru/rostov-sochi.html;Ростов-на-Дону;Сочи;550;16500;18;DIRECT_TEST;old
https://city2city.ru/nizhnij-novgorod-sankt-peterburg.html;Нижний Новгород;Санкт-Петербург;1130;33900;18;DIRECT_TEST;old
https://city2city.ru/nizhnij-novgorod-rostov-na-donu.html;Нижний Новгород;Ростов-на-Дону;1290;38700;18;DIRECT_TEST;old
https://city2city.ru/nizhnij-novgorod-samara.html;Нижний Новгород;Самара;700;21000;18;DIRECT_TEST;old
https://city2city.ru/nizhnij-novgorod-rostov-velikij.html;Нижний Новгород;Ростов;1290;38500;18;DIRECT_TEST;old
https://city2city.ru/tyumen-ufa.html;Тюмень;Уфа;900;27000;18;DIRECT_TEST;old
https://city2city.ru/xabarovsk-chita.html;Хабаровск;Чита;2105;63200;18;DIRECT_TEST;old
https://city2city.ru/sankt-peterburg-nizhnij-novgorod.html;Санкт-Петербург;Нижний Новгород;1140;34200;18;DIRECT_TEST;old
https://city2city.ru/ivanovo-ryazan.html;Иваново;Рязань;350;10500;18;DIRECT_TEST;old
https://city2city.ru/krasnodar-pyatigorsk.html;Краснодар;Пятигорск;430;13000;18;NEW_P1;new
https://city2city.ru/moskva-luga.html;Москва;Луга;680;20500;18;NEW_P1;new
https://city2city.ru/saratov-nizhnij-novgorod.html;Саратов;Нижний Новгород;670;20100;17;DIRECT_TEST;old
https://city2city.ru/belgorod-vologda.html;Белгород;Вологда;1130;33900;17;DIRECT_TEST;old
https://city2city.ru/nizhniy_novgorod-saratov.html;Нижний Новгород;Саратов;640;19000;17;DIRECT_TEST;old
https://city2city.ru/samara-chelyabinsk.html;Самара;Челябинск;870;26000;17;DIRECT_TEST;old
https://city2city.ru/kazan-perm.html;Международный аэропорт Казань;Пермь;665;20000;17;DIRECT_TEST;old
https://city2city.ru/orenburg-bugulma.html;Оренбург;Бугульма;405;12200;17;DIRECT_TEST;old
https://city2city.ru/perm-kirov.html;Пермь;Киров;490;14500;17;DIRECT_TEST;old
https://city2city.ru/kirov-perm.html;Киров;Пермь;490;14500;17;DIRECT_TEST;old
https://city2city.ru/perm-kazan.html;Пермь;Казань;590;17500;17;DIRECT_TEST;old
https://city2city.ru/saratov-tolyatti.html;Саратов;Тольятти;420;12500;17;DIRECT_TEST;old
https://city2city.ru/tomsk-barnaul.html;Томск;Барнаул;490;14500;17;DIRECT_TEST;old
https://city2city.ru/samara-sochi.html;Самара;Сочи;1795;54000;17;DIRECT_TEST;old
https://city2city.ru/lipeczk-belgorod.html;Липецк;Белгород;390;11500;17;DIRECT_TEST;old
https://city2city.ru/kazan-sterlitamak.html;Казань;Стерлитамак;620;18500;17;DIRECT_TEST;old
https://city2city.ru/lipeczk-sokol.html;Липецк;Сокол;980;29500;17;DIRECT_TEST;old
https://city2city.ru/blagoveshhensk-xabarovsk.html;Благовещенск;Хабаровск;720;21600;16;DIRECT_TEST;old
https://city2city.ru/kursk-tula.html;Курск;Тула;345;10400;16;DIRECT_TEST;old
https://city2city.ru/elista-rostov-na-donu.html;Элиста;Ростов-на-Дону;450;13500;16;DIRECT_TEST;old
https://city2city.ru/tula-kursk.html;Тула;Курск;355;10500;16;DIRECT_TEST;old
https://city2city.ru/lugansk-simferopol.html;Луганск;Симферополь;710;21500;16;DIRECT_TEST;old
https://city2city.ru/voronezh-sankt-peterburg.html;Воронеж;Санкт-Петербург;1225;37000;16;DIRECT_TEST;old
https://city2city.ru/tyumen-sovetskij.html;Тюмень;Советский;1040;31000;16;DIRECT_TEST;old
https://city2city.ru/tomsk-sharypovo.html;Томск;Шарыпово;390;11500;16;DIRECT_TEST;old
https://city2city.ru/ufa-arxangelsk.html;Уфа;Архангельск;1910;57300;16;DIRECT_TEST;old
https://city2city.ru/krasnodar-belgorod.html;Краснодар;Белгород;975;29000;16;DIRECT_TEST;old
https://city2city.ru/tver-sankt-peterburg.html;Тверь;Санкт-Петербург;535;16000;16;DIRECT_TEST;old
https://city2city.ru/sankt-peterburg-tver.html;Санкт-Петербург;Тверь;540;16200;16;DIRECT_TEST;old
https://city2city.ru/xanty-mansijsk-nizhnevartovsk.html;Ханты-Мансийск;Нижневартовск;520;15600;16;DIRECT_TEST;old
https://city2city.ru/svo-taxi-krasnodar-melitopol.html;Краснодар;Мелитополь;590;17500;16;DIRECT_TEST;old
https://city2city.ru/sankt-peterburg-voronezh.html;Санкт-Петербург;Воронеж;1230;37000;16;DIRECT_TEST;old
https://city2city.ru/ivanovo-domodedovo.html;Иваново;Домодедово;350;10500;16;NEW_P1;new
https://city2city.ru/pskov-strizhi.html;Псков;деревня Стрижи;800;24000;16;NEW_P1;new
https://city2city.ru/sankt-peterburg-krasnogvardejskoe.html;Санкт-Петербург;село Красногвардейское;2100;63000;16;NEW_P1;new
https://city2city.ru/tambov-belgorod.html;Тамбов;Белгород;475;14200;15;DIRECT_TEST;old
https://city2city.ru/belgorod-nizhnij-novgorod.html;Белгород;Нижний Новгород;1080;32500;15;DIRECT_TEST;old
https://city2city.ru/bryansk-voronezh.html;Брянск;Воронеж;445;13500;15;DIRECT_TEST;old
https://city2city.ru/voronezh-domodedovo.html;Воронеж;Домодедово;480;14500;15;DIRECT_TEST;old
https://city2city.ru/lugansk-belgorod.html;Луганск;Белгород;660;20000;15;DIRECT_TEST;old
https://city2city.ru/izhevsk-orenburg.html;Ижевск;Оренбург;725;21800;15;DIRECT_TEST;old
https://city2city.ru/volgograd-stavropol.html;Волгоград;Ставрополь;555;16500;15;DIRECT_TEST;old
https://city2city.ru/kazan-sochi.html;Казань;Сочи;1980;59400;15;DIRECT_TEST;old
https://city2city.ru/orenburg-izhevsk.html;Оренбург;Ижевск;725;22000;15;DIRECT_TEST;old
https://city2city.ru/moskva-orsk.html;Москва;Орск;1770;53100;15;DIRECT_TEST;old
https://city2city.ru/belgorod-tambov.html;Белгород;Тамбов;475;14200;15;DIRECT_TEST;old
https://city2city.ru/kursk-ryazan.html;Курск;Рязань;520;15600;15;DIRECT_TEST;old
https://city2city.ru/ryazan-kursk.html;Рязань;Курск;530;15900;15;DIRECT_TEST;old
https://city2city.ru/rostov-kirov.html;Ростов-на-Дону;Киров;1800;54000;15;NEW_P1;new
https://city2city.ru/barnaul-novokuznetsk.html;Барнаул;Новокузнецк;410;12500;14;DIRECT_TEST;old
https://city2city.ru/belgorod-tver.html;Белгород;Тверь;830;24900;14;DIRECT_TEST;old
https://city2city.ru/rostov-ufa.html;Ростов-на-Дону;Уфа;1750;52500;14;DIRECT_TEST;old
https://city2city.ru/ekaterinburg-gubaxa.html;Екатеринбург;Губаха;400;12000;14;DIRECT_TEST;old
https://city2city.ru/orenburg-perm.html;Оренбург;Пермь;920;27600;14;DIRECT_TEST;old
https://city2city.ru/krasnoyarsk-tajshet.html;Красноярск;Тайшет;400;12000;14;DIRECT_TEST;old
https://city2city.ru/ufa-rostov-na-donu.html;Уфа;Ростов-на-Дону;1770;53100;14;DIRECT_TEST;old
https://city2city.ru/rostov-tolyatti.html;Ростов-на-Дону;Тольятти;1260;38000;14;DIRECT_TEST;old
https://city2city.ru/kazan-abdulino.html;Казань;Абдулино;440;13200;14;DIRECT_TEST;old
https://city2city.ru/ufa-kuvandyk.html;Уфа;Кувандык;520;15600;14;DIRECT_TEST;old
https://city2city.ru/perm-orenburg.html;Пермь;Оренбург;920;27500;14;DIRECT_TEST;old
https://city2city.ru/kazan-vladimir.html;Казань;Владимир;620;18600;14;DIRECT_TEST;old
https://city2city.ru/ekaterinburg-orsk.html;Екатеринбург;Орск;820;24600;14;DIRECT_TEST;old
https://city2city.ru/smolensk-kursk.html;Смоленск;Курск;525;16000;14;DIRECT_TEST;old
https://city2city.ru/kazan-penza.html;Казань;Пенза;530;15900;14;DIRECT_TEST;old
https://city2city.ru/penza-perm.html;Пенза;Пермь;1205;36000;14;DIRECT_TEST;old
https://city2city.ru/samara-ekaterinburg.html;Самара;Екатеринбург;905;27200;14;DIRECT_TEST;old
https://city2city.ru/krasnodar-cherkessk.html;Краснодар;Черкесск;350;10500;14;NEW_P1;new
https://city2city.ru/moskva-petrozavodsk.html;Москва;Петрозаводск;1030;31000;14;NEW_P1;new
https://city2city.ru/sankt-peterburg-strizhi.html;Санкт-Петербург;деревня Стрижи;1600;48000;14;NEW_P1;new
https://city2city.ru/ryazan-voronezh.html;Рязань;Воронеж;390;11500;13;DIRECT_TEST;old
https://city2city.ru/rostov-voronezh.html;Ростов-на-Дону;Воронеж;580;17400;13;DIRECT_TEST;old
https://city2city.ru/sankt-peterburg-syktyvkar.html;Санкт-Петербург;Сыктывкар;1505;45000;13;DIRECT_TEST;old
https://city2city.ru/xabarovsk-blagoveshhensk.html;Хабаровск;Благовещенск;720;21600;13;DIRECT_TEST;old
https://city2city.ru/kaluga-voronezh.html;Калуга;Воронеж;435;13000;13;DIRECT_TEST;old
https://city2city.ru/joshkar-ola-nizhnij-novgorod.html;Йошкар-Ола;Нижний Новгород;350;10500;13;DIRECT_TEST;old
https://city2city.ru/ufa-gaj.html;Уфа;Гай;610;18300;13;DIRECT_TEST;old
https://city2city.ru/ulyanovsk-sankt-peterburg.html;Ульяновск;Санкт-Петербург;1520;45500;13;DIRECT_TEST;old
https://city2city.ru/chelyabinsk-bajmak.html;Челябинск;Баймак;450;13500;13;DIRECT_TEST;old
https://city2city.ru/tokmak-rostov-na-don.html;Токмак;Ростов-на-Дону;360;11000;13;DIRECT_TEST;old
https://city2city.ru/bryansk-tula.html;Брянск;Тула;330;10000;13;DIRECT_TEST;old
https://city2city.ru/volgograd-voronezh.html;Волгоград;Воронеж;580;17500;13;DIRECT_TEST;old
https://city2city.ru/tula-belgorod.html;Тула;Белгород;490;14500;13;DIRECT_TEST;old
https://city2city.ru/belgorod-volgograd.html;Белгород;Волгоград;810;24300;13;DIRECT_TEST;old
https://city2city.ru/voronezh-ryazan.html;Воронеж;Рязань;390;11500;13;DIRECT_TEST;old
https://city2city.ru/kirov-doneczk-rostovskaya-oblast.html;Киров;Донецк;1690;50500;13;DIRECT_TEST;old
https://city2city.ru/elista-essentuki.html;Элиста;Ессентуки;350;10500;13;DIRECT_TEST;old
https://city2city.ru/voronezh-volgograd.html;Воронеж;Волгоград;580;17500;13;DIRECT_TEST;old
https://city2city.ru/nizhniy_novgorod-yoshkar-ola.html;Нижний Новгород;Йошкар-Ола;350;10500;13;DIRECT_TEST;old
https://city2city.ru/kazan-chelyabinsk.html;Казань;Челябинск;945;28400;13;DIRECT_TEST;old
https://city2city.ru/stavropol-sochi.html;Ставрополь;Сочи;485;14600;13;DIRECT_TEST;old
https://city2city.ru/voronezh-rostov-na-donu.html;Воронеж;Ростов-на-Дону;570;17100;13;DIRECT_TEST;old
https://city2city.ru/svo-taxi-rostov-na-donu-tokmak.html;Ростов-на-Дону;Токмак;370;11000;13;DIRECT_TEST;old
https://city2city.ru/chelyabinsk-kazan.html;Челябинск;Казань;960;28800;13;DIRECT_TEST;old
https://city2city.ru/vladivostok-lesozavodsk.html;Владивосток;Лесозаводск;350;10500;12;DIRECT_TEST;old
https://city2city.ru/krasnoyarsk-kodinsk.html;Красноярск;Кодинск;700;21000;12;DIRECT_TEST;old
https://city2city.ru/tver-smolensk.html;Тверь;Смоленск;410;12500;12;DIRECT_TEST;old
https://city2city.ru/kazan-kumertau.html;Казань;Кумертау;720;21600;12;DIRECT_TEST;old
https://city2city.ru/barnaul-omsk.html;Барнаул;Омск;875;26000;12;DIRECT_TEST;old
https://city2city.ru/ryazan-ivanovo.html;Рязань;Иваново;350;10500;12;DIRECT_TEST;old
https://city2city.ru/yaroslavl-nizhnij-novgorod.html;Ярославль;Нижний Новгород;400;12000;12;DIRECT_TEST;old
https://city2city.ru/omsk-krasnoyarsk.html;Омск;Красноярск;1420;42500;12;DIRECT_TEST;old
https://city2city.ru/krasnodar-kursk.html;Краснодар;Курск;1060;32000;12;DIRECT_TEST;old
https://city2city.ru/chelyabinsk-penza.html;Челябинск;Пенза;1230;36900;12;DIRECT_TEST;old
https://city2city.ru/novosibirsk-kupino.html;Новосибирск;Купино;470;14000;12;DIRECT_TEST;old
https://city2city.ru/voronezh-chelyabinsk.html;Воронеж;Челябинск;1740;52200;12;DIRECT_TEST;old
https://city2city.ru/vologda-belgorod.html;Вологда;Белгород;1135;34000;12;DIRECT_TEST;old
https://city2city.ru/xabarovsk-ussurijsk.html;Хабаровск;Уссурийск;665;20000;12;DIRECT_TEST;old
https://city2city.ru/nizhniy_novgorod-yaroslavl.html;Нижний Новгород;Ярославль;400;12000;12;DIRECT_TEST;old
https://city2city.ru/saratov-belgorod.html;Саратов;Белгород;775;23200;12;DIRECT_TEST;old
https://city2city.ru/kurgan-miass.html;Курган;Миасс;390;11500;12;DIRECT_TEST;old
https://city2city.ru/perm-saratov.html;Пермь;Саратов;1280;38500;12;DIRECT_TEST;old
https://city2city.ru/chelyabinsk-voronezh.html;Челябинск;Воронеж;1740;52200;12;DIRECT_TEST;old
https://city2city.ru/tver-belgorod.html;Тверь;Белгород;835;25000;12;DIRECT_TEST;old
https://city2city.ru/belgorod-saratov.html;Белгород;Саратов;775;23200;12;DIRECT_TEST;old
https://city2city.ru/krasnoyarsk-omsk.html;Красноярск;Омск;1415;42500;12;DIRECT_TEST;old
https://city2city.ru/cheboksary-sterlitamak.html;Чебоксары;Стерлитамак;820;24500;12;DIRECT_TEST;old
https://city2city.ru/nizhnij-novgorod-belgorod.html;Нижний Новгород;Белгород;1090;32500;12;DIRECT_TEST;old
https://city2city.ru/krasnodar-samara.html;Краснодар;Самара;1500;45000;12;DIRECT_TEST;old
https://city2city.ru/kursk-simferopol.html;Курск;Симферополь;1480;44500;12;DIRECT_TEST;old
https://city2city.ru/saratov-kursk.html;Саратов;Курск;740;22000;12;DIRECT_TEST;old
https://city2city.ru/moskva-livny.html;Москва;Ливны;450;13500;12;DIRECT_TEST;old
https://city2city.ru/ufa-tolyatti.html;Уфа;Тольятти;500;15000;12;DIRECT_TEST;old
https://city2city.ru/smolensk-tver.html;Смоленск;Тверь;410;12500;12;DIRECT_TEST;old
https://city2city.ru/voronezh-oryol.html;Воронеж;Орёл;340;10200;12;DIRECT_TEST;old
https://city2city.ru/stavropol-rostov-na-donu.html;Ставрополь;Ростов-на-Дону;340;10200;12;DIRECT_TEST;old
https://city2city.ru/svo-taxi-kursk-krasnodar.html;Курск;Краснодар;1060;32000;12;DIRECT_TEST;old
https://city2city.ru/rostov-stavropol.html;Ростов-на-Дону;Ставрополь;340;10200;12;DIRECT_TEST;old
https://city2city.ru/ryazan-perm.html;Рязань;Пермь;1375;41000;12;DIRECT_TEST;old
https://city2city.ru/voronezh-bryansk.html;Воронеж;Брянск;445;13400;12;DIRECT_TEST;old
https://city2city.ru/moskva-melenki.html;Москва;Меленки;340;10500;12;NEW_P1;new
https://city2city.ru/petrozavodsk-kem.html;Петрозаводск;Кемь;410;12300;11;DIRECT_TEST;old
https://city2city.ru/tver-yaroslavl.html;Тверь;Ярославль;335;10000;11;DIRECT_TEST;old
https://city2city.ru/tyumen-perm.html;Тюмень;Пермь;690;20500;11;DIRECT_TEST;old
https://city2city.ru/voronezh-saratov.html;Воронеж;Саратов;515;15400;11;DIRECT_TEST;old
https://city2city.ru/voronezh-ekaterinburg.html;Воронеж;Екатеринбург;1790;53700;11;DIRECT_TEST;old
https://city2city.ru/penza-tolyatti.html;Пенза;Тольятти;350;10500;11;DIRECT_TEST;old
https://city2city.ru/penza-kazan.html;Пенза;Казань;530;15900;11;DIRECT_TEST;old
https://city2city.ru/kursk-oktyabrskij-respublika-bashkortostan.html;Курск;Октябрьский;1383;41500;11;DIRECT_TEST;old
https://city2city.ru/saratov-voronezh.html;Саратов;Воронеж;515;15400;11;DIRECT_TEST;old
https://city2city.ru/yaroslavl-sankt-peterburg.html;Ярославль;Санкт-Петербург;780;23500;11;DIRECT_TEST;old
https://city2city.ru/xanty-mansijsk-sovetskij.html;Ханты-Мансийск;Советский;370;11100;11;DIRECT_TEST;old
https://city2city.ru/rostov-tula.html;Ростов-на-Дону;Тула;920;27600;11;DIRECT_TEST;old
https://city2city.ru/ekaterinburg-surgut.html;Екатеринбург;Сургут;1125;33800;11;DIRECT_TEST;old
https://city2city.ru/yaroslavl-kirov.html;Ярославль;Киров;700;21000;11;DIRECT_TEST;old
https://city2city.ru/belgorod-ryazan.html;Белгород;Рязань;640;19000;11;DIRECT_TEST;old
https://city2city.ru/vladimir-kazan.html;Владимир;Казань;620;18600;11;DIRECT_TEST;old
https://city2city.ru/irkutsk-tajshet.html;Иркутск;Тайшет;670;20000;11;DIRECT_TEST;old
https://city2city.ru/murmansk-sankt-peterburg.html;Мурманск;Санкт-Петербург;1340;40200;11;DIRECT_TEST;old
https://city2city.ru/volgograd-sevastopol.html;Волгоград;Севастополь;1170;35100;11;DIRECT_TEST;old
https://city2city.ru/yaroslavl-tver.html;Ярославль;Тверь;335;10000;11;DIRECT_TEST;old
https://city2city.ru/sankt-peterburg-murmansk.html;Санкт-Петербург;Мурманск;1345;40500;11;DIRECT_TEST;old
https://city2city.ru/volgograd-krasnoslobodsk.html;Волгоград;Краснослободск;790;23500;11;DIRECT_TEST;old
https://city2city.ru/belgorod-anapa.html;Белгород;Анапа;1150;34500;11;NEW_P1;new
https://city2city.ru/donetsk-tver.html;Донецк;Тверь;1450;43500;11;NEW_P1;new
https://city2city.ru/donetsk-voronezh.html;Донецк;Воронеж;740;22500;11;NEW_P1;new
https://city2city.ru/kazan-ivanovo.html;Казань;Иваново;770;23500;11;NEW_P1;new
https://city2city.ru/krasnodar-essentuki.html;Краснодар;Ессентуки;440;13500;11;NEW_P1;new
https://city2city.ru/yaroslavl-izhevsk.html;Ярославль;Ижевск;1150;34500;11;NEW_P1;new
https://city2city.ru/samara-sibaj.html;Самара;Сибай;740;22200;10;DIRECT_TEST;old
https://city2city.ru/samara-adler.html;Самара;Адлер;1830;55000;10;DIRECT_TEST;old
https://city2city.ru/sankt-peterburg-samara.html;Санкт-Петербург;Самара;1790;53700;10;DIRECT_TEST;old
https://city2city.ru/ivanovo-sochi.html;Иваново;Сочи;1905;57000;10;DIRECT_TEST;old
https://city2city.ru/ivanovo-kursk.html;Иваново;Курск;825;25000;10;DIRECT_TEST;old
https://city2city.ru/kazan-kostroma.html;Казань;Кострома;715;21500;10;DIRECT_TEST;old
https://city2city.ru/kursk-rostov-na-donu.html;Курск;Ростов-на-Дону;800;24000;10;DIRECT_TEST;old
https://city2city.ru/chelyabinsk-nizhnevartovsk.html;Челябинск;Нижневартовск;1420;42500;10;DIRECT_TEST;old
https://city2city.ru/sankt-peterburg-ufa.html;Санкт-Петербург;Уфа;2025;60800;10;DIRECT_TEST;old
https://city2city.ru/svo-taxi-rossosh-starobelsk.html;Россошь;Старобельск;490;14500;10;DIRECT_TEST;old
https://city2city.ru/orenburg-ulyanovsk.html;Оренбург;Ульяновск;650;19500;10;DIRECT_TEST;old
https://city2city.ru/bryansk-belgorod.html;Брянск;Белгород;420;12500;10;DIRECT_TEST;old
https://city2city.ru/kirov-naberezhnye-chelny.html;Киров;Набережные Челны;500;15000;10;DIRECT_TEST;old
https://city2city.ru/samara-naberezhnye-chelny.html;Самара;Набережные Челны;390;11700;10;DIRECT_TEST;old
https://city2city.ru/volgograd-belgorod.html;Волгоград;Белгород;815;24400;10;DIRECT_TEST;old
https://city2city.ru/ulyanovsk-orenburg.html;Ульяновск;Оренбург;655;19600;10;DIRECT_TEST;old
https://city2city.ru/irkutsk-kemerovo.html;Иркутск;Кемерово;1580;47400;10;DIRECT_TEST;old
https://city2city.ru/samara-sankt-peterburg.html;Самара;Санкт-Петербург;1790;53700;10;DIRECT_TEST;old
https://city2city.ru/vladivostok-blagoveshhensk.html;Владивосток;Благовещенск;1455;43600;10;DIRECT_TEST;old
https://city2city.ru/novosibirsk-yarovoe.html;Новосибирск;Яровое;410;12500;10;DIRECT_TEST;old
https://city2city.ru/blagoveshhensk-vladivostok.html;Благовещенск;Владивосток;1415;42400;10;DIRECT_TEST;old
https://city2city.ru/tomsk-abakan.html;Томск;Абакан;790;23700;10;DIRECT_TEST;old
https://city2city.ru/ekaterinburg-naberezhnye-chelny.html;Екатеринбург;Набережные Челны;625;19000;10;DIRECT_TEST;old
https://city2city.ru/orenburg-sankt-peterburg.html;Оренбург;Санкт-Петербург;2200;66000;10;DIRECT_TEST;old
https://city2city.ru/kazan-rostov-na-donu.html;Казань;Ростов-на-Дону;1530;45900;10;DIRECT_TEST;old
https://city2city.ru/vladivostok-dalnegorsk.html;Владивосток;Дальнегорск;490;14700;10;DIRECT_TEST;old
https://city2city.ru/ufa-sankt-peterburg.html;Уфа;Санкт-Петербург;2040;61200;10;DIRECT_TEST;old
https://city2city.ru/ekaterinburg-saratov.html;Екатеринбург;Саратов;1315;39500;10;DIRECT_TEST;old
https://city2city.ru/elista-gorod-lagan.html;Элиста;Лагань;1280;38500;10;DIRECT_TEST;old
https://city2city.ru/penza-chelyabinsk.html;Пенза;Челябинск;1230;36900;10;DIRECT_TEST;old
https://city2city.ru/kemerovo-irkutsk.html;Кемерово;Иркутск;1585;47600;10;DIRECT_TEST;old
https://city2city.ru/lugansk-ufa.html;Луганск;Уфа;1700;51000;10;DIRECT_TEST;old
https://city2city.ru/blagoveshhensk-ussurijsk.html;Благовещенск;Уссурийск;1390;41500;10;DIRECT_TEST;old
https://city2city.ru/svo-taxi-ufa-lugansk.html;Уфа;Луганск;1710;51500;10;DIRECT_TEST;old
https://city2city.ru/samara-orsk.html;Самара;Орск;700;21000;10;DIRECT_TEST;old
https://city2city.ru/ekaterinburg-chusovoj.html;Екатеринбург;Чусовой;350;10500;10;DIRECT_TEST;old
https://city2city.ru/kazan-xolm.html;Казань;деревня Холм;980;29500;10;NEW_P1;new
https://city2city.ru/moskva-gryazi.html;Москва;Грязи;520;16000;10;NEW_P1;new
https://city2city.ru/moskva-vyksa.html;Москва;Выкса;390;12000;10;NEW_P1;new
https://city2city.ru/perm-gagarin.html;Пермь;Гагарин;1303;39500;10;NEW_P1;new
https://city2city.ru/ufa-vidnoe.html;Уфа;садовое товарищество Видное;1350;40500;10;NEW_P1;new
https://city2city.ru/nizhnij-novgorod-orenburg.html;Нижний Новгород;Оренбург;1100;33000;9;DIRECT_TEST;old
https://city2city.ru/tambov-tula.html;Тамбов;Тула;370;11000;9;DIRECT_TEST;old
https://city2city.ru/blagoveshhensk-birobidzhan.html;Благовещенск;Биробиджан;520;15600;9;DIRECT_TEST;old
https://city2city.ru/perm-ulyanovsk.html;Пермь;Ульяновск;855;25600;9;DIRECT_TEST;old
https://city2city.ru/perm-chebarkul.html;Пермь;Чебаркуль;550;16500;9;DIRECT_TEST;old
https://city2city.ru/voronezh-sochi.html;Воронеж;Сочи;1115;33400;9;DIRECT_TEST;old
https://city2city.ru/kazan-tambov.html;Казань;Тамбов;810;24300;9;DIRECT_TEST;old
https://city2city.ru/orenburg-nizhnij-novgorod.html;Оренбург;Нижний Новгород;1100;33000;9;DIRECT_TEST;old
https://city2city.ru/xanty-mansijsk-tyumen.html;Ханты-Мансийск;Тюмень;680;20500;9;DIRECT_TEST;old
https://city2city.ru/saransk-berezniki.html;Саранск;Березники;1290;38500;9;DIRECT_TEST;old
https://city2city.ru/krasnodar-orenburg.html;Краснодар;Оренбург;1890;56700;9;DIRECT_TEST;old
https://city2city.ru/barnaul-slavgorod.html;Барнаул;Славгород;440;13000;9;DIRECT_TEST;old
https://city2city.ru/sankt-peterburg-vologda.html;Санкт-Петербург;Вологда;660;20000;9;DIRECT_TEST;old
https://city2city.ru/smolensk-sankt-peterburg.html;Смоленск;Санкт-Петербург;780;23400;9;DIRECT_TEST;old
https://city2city.ru/belgorod-yaroslavl.html;Белгород;Ярославль;935;28000;9;DIRECT_TEST;old
https://city2city.ru/vologda-sankt-peterburg.html;Вологда;Санкт-Петербург;655;19600;9;DIRECT_TEST;old
https://city2city.ru/novosibirsk-alyaysk.html;Новосибирск;Алейск;360;10800;9;DIRECT_TEST;old
https://city2city.ru/rostov-kazan.html;Ростов-на-Дону;Казань;1500;45000;9;DIRECT_TEST;old
https://city2city.ru/kazan-syktyvkar.html;Казань;Сыктывкар;840;25200;9;DIRECT_TEST;old
https://city2city.ru/tumen-hanty-mansiysk.html;аэропорт Тюмень (Рощино);Ханты-Мансийск;670;20000;9;DIRECT_TEST;old
https://city2city.ru/xabarovsk-sovetskaya-gavan.html;Хабаровск;Советская Гавань;570;17100;9;DIRECT_TEST;old
https://city2city.ru/svo-taxi-orenburg-donetsk.html;Оренбург;Донецк;1810;54500;9;DIRECT_TEST;old
https://city2city.ru/rostov-groznyj.html;Ростов-на-Дону;Грозный;780;23400;9;DIRECT_TEST;old
https://city2city.ru/moskva-magnitogorsk.html;Москва;Магнитогорск;1665;50000;9;DIRECT_TEST;old
https://city2city.ru/belgorod-vladimir.html;Белгород;Владимир;840;25200;9;DIRECT_TEST;old
https://city2city.ru/ulyanovsk-perm.html;Ульяновск;Пермь;855;25600;9;DIRECT_TEST;old
https://city2city.ru/bryansk-kirov-kaluzhskaya-oblast.html;Брянск;Киров;1370;41000;9;DIRECT_TEST;old
https://city2city.ru/sankt-peterburg-smolensk.html;Санкт-Петербург;Смоленск;785;23600;9;DIRECT_TEST;old
https://city2city.ru/volgograd-sankt-peterburg.html;Волгоград;Санкт-Петербург;1680;50400;9;DIRECT_TEST;old
https://city2city.ru/rostov-elista.html;Ростов-на-Дону;Элиста;450;13500;9;DIRECT_TEST;old
https://city2city.ru/krasnodar-kislovodsk.html;Краснодар;Кисловодск;450;13500;9;DIRECT_TEST;old
https://city2city.ru/smolensk-voronezh.html;Смоленск;Воронеж;685;20600;9;DIRECT_TEST;old
https://city2city.ru/ufa-buzuluk.html;Уфа;Бузулук;470;14100;9;DIRECT_TEST;old
https://city2city.ru/kazan-meleuz.html;Казань;Мелеуз;680;20500;9;DIRECT_TEST;old
https://city2city.ru/belgorod-smolensk.html;Белгород;Смоленск;670;20100;9;DIRECT_TEST;old
https://city2city.ru/astraxan-kislovodsk.html;Астрахань;Кисловодск;675;20200;9;DIRECT_TEST;old
https://city2city.ru/voronezh-smolensk.html;Воронеж;Смоленск;695;20800;9;DIRECT_TEST;old
https://city2city.ru/samara-joshkar-ola.html;Самара;Йошкар-Ола;525;16000;9;DIRECT_TEST;old
https://city2city.ru/irkutsk-nizhneudinsk.html;Иркутск;Нижнеудинск;520;15600;9;DIRECT_TEST;old
https://city2city.ru/bryansk-otradnyj.html;Брянск;Отрадный;1550;46500;9;NEW_P1;new
https://city2city.ru/donetsk-astrahan.html;Донецк;Астрахань;1000;30000;9;NEW_P1;new
https://city2city.ru/donetsk-nizhniy-novgorod.html;Донецк;Нижний Новгород;1450;43500;9;NEW_P1;new
https://city2city.ru/krasnodar-neya.html;Краснодар;Нея;1930;58000;9;NEW_P1;new
https://city2city.ru/mariupol-simferopol.html;Мариуполь;Симферополь;450;13500;9;NEW_P1;new
https://city2city.ru/melitopol-tula.html;Мелитополь;Тула;1300;39000;9;NEW_P1;new
https://city2city.ru/moskva-rodniki.html;Москва;Родники;370;11500;9;NEW_P1;new
https://city2city.ru/oryol-kirov.html;Орёл;Киров;1350;40500;9;NEW_P1;new
https://city2city.ru/voronezh-vladimir.html;Воронеж;Владимир;625;18800;8;DIRECT_TEST;old
https://city2city.ru/saratov-ryazan.html;Саратов;Рязань;660;20000;8;DIRECT_TEST;old
https://city2city.ru/lipeczk-penza.html;Липецк;Пенза;420;12500;8;DIRECT_TEST;old
https://city2city.ru/moskva-lebedyan.html;Москва;Лебедянь;375;11200;8;DIRECT_TEST;old
https://city2city.ru/murmansk-arhangelsk.html;Мурманск;Архангельск;1600;48000;8;DIRECT_TEST;old
https://city2city.ru/samara-ryazan.html;Самара;Рязань;865;26000;8;DIRECT_TEST;old
https://city2city.ru/vladimir-voronezh.html;Владимир;Воронеж;625;18800;8;DIRECT_TEST;old
https://city2city.ru/nizhnij-novgorod-tolyatti.html;Нижний Новгород;Тольятти;660;20000;8;DIRECT_TEST;old
https://city2city.ru/vladimir-belgorod.html;Владимир;Белгород;845;25400;8;DIRECT_TEST;old
https://city2city.ru/astraxan-sankt-peterburg.html;Астрахань;Санкт-Петербург;2105;63200;8;DIRECT_TEST;old
https://city2city.ru/kazan-surgut.html;Казань;Сургут;1995;59800;8;DIRECT_TEST;old
https://city2city.ru/chelyabinsk-ulyanovsk.html;Челябинск;Ульяновск;995;29800;8;DIRECT_TEST;old
https://city2city.ru/sankt-peterburg-kostroma.html;Санкт-Петербург;Кострома;865;26000;8;DIRECT_TEST;old
https://city2city.ru/ufa-sorochinsk.html;Уфа;Сорочинск;520;15600;8;DIRECT_TEST;old
https://city2city.ru/rostov-anapa.html;Ростов-на-Дону;Анапа;430;13000;8;DIRECT_TEST;old
https://city2city.ru/astraxan-kerch.html;Астрахань;Керчь;1070;32000;8;DIRECT_TEST;old
https://city2city.ru/tyumen-noyabrsk.html;Тюмень;Ноябрьск;1095;32800;8;DIRECT_TEST;old
https://city2city.ru/kostroma-sankt-peterburg.html;Кострома;Санкт-Петербург;870;26100;8;DIRECT_TEST;old
https://city2city.ru/kazan-sarapul.html;Казань;Сарапул;390;11500;8;DIRECT_TEST;old
https://city2city.ru/kirov-lyudinovo.html;Киров;Людиново;1340;40000;8;DIRECT_TEST;old
https://city2city.ru/tambov-pervomajsk.html;Тамбов;Первомайск;430;13000;8;DIRECT_TEST;old
https://city2city.ru/sankt-peterburg-saratov.html;Санкт-Петербург;Саратов;1565;47000;8;DIRECT_TEST;old
https://city2city.ru/rostov-dzhankoj.html;Ростов-на-Дону;Джанкой;530;16000;8;DIRECT_TEST;old
https://city2city.ru/rostov-pyatigorsk.html;Ростов-на-Дону;Пятигорск;500;15000;8;DIRECT_TEST;old
https://city2city.ru/krasnodar-elista.html;Краснодар;Элиста;510;15300;8;DIRECT_TEST;old
https://city2city.ru/ulyanovsk-chelyabinsk.html;Ульяновск;Челябинск;995;29800;8;DIRECT_TEST;old
https://city2city.ru/ivanovo-penza.html;Иваново;Пенза;561;16800;8;DIRECT_TEST;old
https://city2city.ru/yakutsk-tommot.html;Якутск;Томмот;450;13500;8;DIRECT_TEST;old
https://city2city.ru/bryansk-pskov.html;Брянск;Псков;705;21000;8;DIRECT_TEST;old
https://city2city.ru/astraxan-kazan.html;Астрахань;Казань;1460;43800;8;DIRECT_TEST;old
https://city2city.ru/ufa-sol-ileczk.html;Уфа;Соль-Илецк;450;13500;8;DIRECT_TEST;old
https://city2city.ru/kazan-sankt-peterburg.html;Казань;Санкт-Петербург;1510;45300;8;DIRECT_TEST;old
https://city2city.ru/penza-lipeczk.html;Пенза;Липецк;420;12500;8;DIRECT_TEST;old
https://city2city.ru/ryazan-sankt-peterburg.html;Рязань;Санкт-Петербург;905;27200;8;DIRECT_TEST;old
https://city2city.ru/saratov-sankt-peterburg.html;Саратов;Санкт-Петербург;1560;47000;8;DIRECT_TEST;old
https://city2city.ru/smolensk-belgorod.html;Смоленск;Белгород;660;19800;8;DIRECT_TEST;old
https://city2city.ru/blagoveshhensk-tynda.html;Благовещенск;Тында;775;23200;8;DIRECT_TEST;old
https://city2city.ru/kazan-sim.html;Казань;Сим;680;20400;8;DIRECT_TEST;old
https://city2city.ru/izhevsk-ulyanovsk.html;Ижевск;Ульяновск;570;17000;8;DIRECT_TEST;old
https://city2city.ru/elista-kislovodsk.html;Элиста;Кисловодск;365;11000;8;DIRECT_TEST;old
https://city2city.ru/kazan-dzerzhinsk.html;Казань;Дзержинск;490;14500;8;DIRECT_TEST;old
https://city2city.ru/tambov-sosnovka.html;Тамбов;Сосновка;410;12500;8;DIRECT_TEST;old
https://city2city.ru/ekaterinburg-tavda.html;Екатеринбург;Тавда;360;11000;8;DIRECT_TEST;old
https://city2city.ru/saratov-ekaterinburg.html;Саратов;Екатеринбург;1315;39500;8;DIRECT_TEST;old
https://city2city.ru/saratov-staryj-oskol.html;Саратов;Старый Оскол;650;19500;8;DIRECT_TEST;old
https://city2city.ru/kaluga-sankt-peterburg.html;Калуга;Санкт-Петербург;880;26400;8;DIRECT_TEST;old
https://city2city.ru/sankt-peterburg-ryazan.html;Санкт-Петербург;Рязань;910;27500;8;DIRECT_TEST;old
https://city2city.ru/tver-voronezh.html;Тверь;Воронеж;695;21000;8;DIRECT_TEST;old
https://city2city.ru/krasnodar-volgodonsk.html;Краснодар;Волгодонск;490;15000;8;NEW_P1;new
https://city2city.ru/svo-taxi-millerovo-donetsk.html;Миллерово;Донецк;340;10000;7;DIRECT_LOW;old
https://city2city.ru/astraxan-novorossijsk.html;Астрахань;Новороссийск;970;29000;7;DIRECT_LOW;old
https://city2city.ru/chelyabinsk-sosnovka.html;Челябинск;Сосновка;890;26500;7;DIRECT_LOW;old
https://city2city.ru/astraxan-sochi.html;Астрахань;Сочи;1085;32600;7;DIRECT_LOW;old
https://city2city.ru/ufa-chebarkul.html;Уфа;Чебаркуль;350;10500;7;DIRECT_LOW;old
https://city2city.ru/novosibirsk-minusinsk.html;Новосибирск;Минусинск;1010;30500;7;DIRECT_LOW;old
https://city2city.ru/melitopol-ryazan.html;Мелитополь;Рязань;1340;40000;7;DIRECT_LOW;old
https://city2city.ru/svo-taxi-rossosh-smolensk.html;Россошь;Смоленск;880;26500;7;DIRECT_LOW;old
https://city2city.ru/kostroma-kirov.html;Кострома;Киров;615;18500;7;DIRECT_LOW;old
https://city2city.ru/ekaterinburg-troiczk.html;Екатеринбург;Троицк;1700;51000;7;DIRECT_LOW;old
https://city2city.ru/kirov-sankt-peterburg.html;Киров;Санкт-Петербург;1545;46500;7;DIRECT_LOW;old
https://city2city.ru/moskva-velsk.html;Москва;Вельск;730;22000;7;DIRECT_LOW;old
https://city2city.ru/vladimir-rostov-velikij.html;Владимир;Ростов;1240;37000;7;DIRECT_LOW;old
https://city2city.ru/ufa-ryazan.html;Уфа;Рязань;1280;38500;7;DIRECT_LOW;old
https://city2city.ru/samara-magnitogorsk.html;Самара;Магнитогорск;780;23500;7;DIRECT_LOW;old
https://city2city.ru/ufa-buguruslan.html;Уфа;Бугуруслан;360;10800;7;DIRECT_LOW;old
https://city2city.ru/ekaterinburg-app-bugristoe.html;Екатеринбург;Троицк;350;10500;7;DIRECT_LOW;old
https://city2city.ru/astraxan-znamensk.html;Астрахань;Знаменск;360;11000;7;DIRECT_LOW;old
https://city2city.ru/tver-vologda.html;Тверь;Вологда;525;16000;7;DIRECT_LOW;old
https://city2city.ru/tambov-sochi.html;Тамбов;Сочи;1290;38500;7;DIRECT_LOW;old
https://city2city.ru/kazan-syzran.html;Казань;Сызрань;340;10200;7;DIRECT_LOW;old
https://city2city.ru/samara-chebarkul.html;Самара;Чебаркуль;800;24000;7;DIRECT_LOW;old
https://city2city.ru/yaroslavl-samara.html;Ярославль;Самара;1030;31000;7;DIRECT_LOW;old
https://city2city.ru/orenburg-beloreczk.html;Оренбург;Белорецк;1940;58200;7;DIRECT_LOW;old
https://city2city.ru/petrozavodsk-kostomuksha.html;Петрозаводск;Костомукша;490;14700;7;DIRECT_LOW;old
https://city2city.ru/ufa-cheboksary.html;Уфа;Чебоксары;700;21000;7;DIRECT_LOW;old
https://city2city.ru/nizhnij-novgorod-sochi.html;Нижний Новгород;Сочи;1820;54500;7;DIRECT_LOW;old
https://city2city.ru/ekaterinburg-app-doneczk.html;Екатеринбург;Донецк;2090;62500;7;DIRECT_LOW;old
https://city2city.ru/petrozavodsk-app-lyuttya.html;Петрозаводск;Костомукша;550;16500;7;DIRECT_LOW;old
https://city2city.ru/yaroslavl-belgorod.html;Ярославль;Белгород;940;28200;7;DIRECT_LOW;old
https://city2city.ru/izhevsk-kirov.html;Ижевск;Киров;425;12800;7;DIRECT_LOW;old
https://city2city.ru/kirov-lesnoj.html;Киров;Лесной;810;24500;7;DIRECT_LOW;old
https://city2city.ru/tula-volgograd.html;Тула;Волгоград;880;26500;7;DIRECT_LOW;old
https://city2city.ru/svo-taxi-samara-rubezhnoe.html;Самара;Рубежное;1360;41000;7;DIRECT_LOW;old
https://city2city.ru/krasnoyarsk-yurga.html;Красноярск;Юрга;610;18500;7;DIRECT_LOW;old
https://city2city.ru/astraxan-mineralnye-vody.html;Астрахань;Минеральные Воды;620;18600;7;DIRECT_LOW;old
https://city2city.ru/xabarovsk-dalnegorsk.html;Хабаровск;Дальнегорск;795;23800;7;DIRECT_LOW;old
https://city2city.ru/krasnoyarsk-ulan-ude.html;Красноярск;Улан-Удэ;1490;44700;7;DIRECT_LOW;old
https://city2city.ru/tyumen-magnitogorsk.html;Тюмень;Магнитогорск;720;21600;7;DIRECT_LOW;old
https://city2city.ru/yaroslavl-kazan.html;Ярославль;Казань;750;22500;7;DIRECT_LOW;old
https://city2city.ru/cheboksary-kirov.html;Чебоксары;Киров;395;12000;7;DIRECT_LOW;old
https://city2city.ru/chelyabinsk-surgut.html;Челябинск;Сургут;1195;36000;7;DIRECT_LOW;old
https://city2city.ru/ryazan-nizhnij-novgorod.html;Рязань;Нижний Новгород;420;12500;7;DIRECT_LOW;old
https://city2city.ru/smolensk-rossosh.html;Смоленск;Россошь;900;27000;7;DIRECT_LOW;old
https://city2city.ru/kemerovo-belokuriha.html;Кемерово;Белокуриха;540;16000;7;DIRECT_LOW;old
https://city2city.ru/ivanovo-rostov-na-donu.html;Иваново;Ростов-на-Дону;1360;41000;7;DIRECT_LOW;old
https://city2city.ru/krasnoyarsk-nizhneudinsk.html;Красноярск;Нижнеудинск;550;16500;7;DIRECT_LOW;old
https://city2city.ru/chelyabinsk-krasnogorsk.html;Челябинск;Красногорск;1770;53000;7;DIRECT_LOW;old
https://city2city.ru/astraxan-ufa.html;Астрахань;Уфа;1680;50500;7;DIRECT_LOW;old
https://city2city.ru/ryazan-ufa.html;Рязань;Уфа;1270;38000;7;DIRECT_LOW;old
https://city2city.ru/nizhnij-novgorod-ryazan.html;Нижний Новгород;Рязань;430;13000;7;DIRECT_LOW;old
https://city2city.ru/volgograd-anapa.html;Волгоград;Анапа;880;26400;6;DIRECT_LOW;old
https://city2city.ru/samara-kamyshin.html;Самара;Камышин;620;18500;6;DIRECT_LOW;old
https://city2city.ru/kazan-chajkovskij.html;Казань;Чайковский;460;13800;6;DIRECT_LOW;old
https://city2city.ru/kazan-saransk.html;Международный аэропорт Казань;Саранск;405;12000;6;DIRECT_LOW;old
https://city2city.ru/krasnoyarsk-sorsk.html;Красноярск;Сорск;460;13800;6;DIRECT_LOW;old
https://city2city.ru/novosibirsk-zmeinogorsk.html;Новосибирск;Змеиногорск;560;17000;6;DIRECT_LOW;old
https://city2city.ru/ufa-vyatskie-polyany.html;Уфа;Вятские Поляны;460;14000;6;DIRECT_LOW;old
https://city2city.ru/penza-belgorod.html;Пенза;Белгород;775;23000;6;DIRECT_LOW;old
https://city2city.ru/vladimir-sankt-peterburg.html;Владимир;Санкт-Петербург;885;26500;6;DIRECT_LOW;old
https://city2city.ru/perm-kurgan.html;Пермь;Курган;730;21900;6;DIRECT_LOW;old
https://city2city.ru/novosibirsk-divnogorsk.html;Новосибирск;Дивногорск;780;23500;6;DIRECT_LOW;old
https://city2city.ru/moskva-buzuluk.html;Москва;Бузулук;1250;37500;6;DIRECT_LOW;old
https://city2city.ru/ekaterinburg-tolyatti.html;Екатеринбург;Тольятти;940;28000;6;DIRECT_LOW;old
https://city2city.ru/lugansk-kursk.html;Луганск;Курск;760;23000;6;DIRECT_LOW;old
https://city2city.ru/ulyanovsk-izhevsk.html;Ульяновск;Ижевск;570;17000;6;DIRECT_LOW;old
https://city2city.ru/krasnoyarsk-chita.html;Красноярск;Чита;2135;64000;6;DIRECT_LOW;old
https://city2city.ru/novosibirsk-mariinsk.html;Новосибирск;Мариинск;430;15000;6;DIRECT_LOW;old
https://city2city.ru/barnaul-yarovoe.html;Барнаул;Яровое;450;13500;6;DIRECT_LOW;old
https://city2city.ru/kazan-voronezh.html;Казань;Воронеж;1035;31000;6;DIRECT_LOW;old
https://city2city.ru/rostov-nizhnekamsk.html;Ростов-на-Дону;Нижнекамск;1610;48500;6;DIRECT_LOW;old
https://city2city.ru/ufa-saransk.html;Уфа;Саранск;835;25000;6;DIRECT_LOW;old
https://city2city.ru/blagoveshhensk-obluche.html;Благовещенск;Облучье;360;11000;6;DIRECT_LOW;old
https://city2city.ru/krasnoyarsk-tulun.html;Красноярск;Тулун;660;20000;6;DIRECT_LOW;old
https://city2city.ru/omsk-barnaul.html;Омск;Барнаул;875;26200;6;DIRECT_LOW;old
https://city2city.ru/kaluga-belgorod.html;Калуга;Белгород;515;15500;6;DIRECT_LOW;old
https://city2city.ru/bryansk-simferopol.html;Брянск;Симферополь;1720;51500;6;DIRECT_LOW;old
https://city2city.ru/volgograd-penza.html;Волгоград;Пенза;585;17500;6;DIRECT_LOW;old
https://city2city.ru/saransk-kazan.html;Саранск;Казань;420;12500;6;DIRECT_LOW;old
https://city2city.ru/astraxan-tambov.html;Астрахань;Тамбов;950;28500;6;DIRECT_LOW;old
https://city2city.ru/rostov-gorod-zernograd.html;Ростов-на-Дону;Зерноград;1290;38500;6;DIRECT_LOW;old
https://city2city.ru/kursk-boguchar.html;Курск;Богучар;460;14000;6;DIRECT_LOW;old
https://city2city.ru/vladimir-oryol.html;Владимир;Орёл;550;16500;6;DIRECT_LOW;old
https://city2city.ru/omsk-kemerovo.html;Омск;Кемерово;900;27000;6;DIRECT_LOW;old
https://city2city.ru/chelyabinsk-kursk.html;Челябинск;Курск;1990;59700;6;DIRECT_LOW;old
https://city2city.ru/novosibirsk-uyar.html;Новосибирск;Уяр;890;31500;6;DIRECT_LOW;old
https://city2city.ru/tyumen-nizhnij-tagil.html;Тюмень;Нижний Тагил;440;13200;6;DIRECT_LOW;old
https://city2city.ru/kursk-kaluga.html;Курск;Калуга;370;11000;6;DIRECT_LOW;old
https://city2city.ru/vladimir-oboyan.html;Владимир;Обоянь;780;23400;6;DIRECT_LOW;old
https://city2city.ru/voronezh-kazan.html;Воронеж;Казань;1050;31500;6;DIRECT_LOW;old
https://city2city.ru/sankt-peterburg-tambov.html;Санкт-Петербург;Тамбов;1170;35100;6;DIRECT_LOW;old
https://city2city.ru/novosibirsk-anzhero-sudzhensk.html;Новосибирск;Анжеро-Судженск;350;10500;6;DIRECT_LOW;old
https://city2city.ru/rostov-maxachkala.html;Ростов-на-Дону;Махачкала;920;27500;6;DIRECT_LOW;old
https://city2city.ru/astraxan-sevastopol.html;Астрахань;Севастополь;1350;40500;6;DIRECT_LOW;old
https://city2city.ru/barnaul-abakan.html;Барнаул;Абакан;1140;34000;6;DIRECT_LOW;old
https://city2city.ru/tomsk-achinsk.html;Томск;Ачинск;410;12500;6;DIRECT_LOW;old
https://city2city.ru/ivanovo-kamenka.html;Иваново;Каменка;640;19000;6;DIRECT_LOW;old
https://city2city.ru/vladivostok-dalnerechensk.html;Владивосток;Дальнереченск;410;12300;6;DIRECT_LOW;old
https://city2city.ru/moskva-tujmazy.html;Москва;Туймазы;1170;35000;6;DIRECT_LOW;old
https://city2city.ru/novosibirsk-achinsk.html;Новосибирск;Ачинск;610;18500;6;DIRECT_LOW;old
https://city2city.ru/tambov-kazan.html;Тамбов;Казань;830;24900;6;DIRECT_LOW;old
https://city2city.ru/krasnoyarsk-chernogorsk.html;Красноярск;Черногорск;390;11700;6;DIRECT_LOW;old
https://city2city.ru/ekaterinburg-plast.html;Екатеринбург;Пласт;330;10000;6;DIRECT_LOW;old
https://city2city.ru/ekaterinburg-lysva.html;Екатеринбург;Лысьва;380;11500;6;DIRECT_LOW;old
https://city2city.ru/rostov-tambov.html;Ростов-на-Дону;Тамбов;750;22500;6;DIRECT_LOW;old
https://city2city.ru/pskov-kursk.html;Псков;Курск;990;29700;6;DIRECT_LOW;old
https://city2city.ru/belgorod-kaluga.html;Белгород;Калуга;505;15000;6;DIRECT_LOW;old
https://city2city.ru/moskva-roslavl.html;Москва;Рославль;400;12000;6;DIRECT_LOW;old
https://city2city.ru/barnaul-kyzyl.html;Барнаул;Кызыл;1520;45500;6;DIRECT_LOW;old
https://city2city.ru/orenburg-belebej.html;Оренбург;Белебей;400;12000;6;DIRECT_LOW;old
https://city2city.ru/tula-yaroslavl.html;Тула;Ярославль;455;13500;6;DIRECT_LOW;old
https://city2city.ru/belgorod-velikij-novgorod.html;Белгород;Великий Новгород;1195;35800;6;DIRECT_LOW;old
https://city2city.ru/belgorod-penza.html;Белгород;Пенза;765;23000;6;DIRECT_LOW;old
https://city2city.ru/stavropol-kerch.html;Ставрополь;Керчь;550;16500;6;DIRECT_LOW;old
https://city2city.ru/tambov-sankt-peterburg.html;Тамбов;Санкт-Петербург;1170;35100;6;DIRECT_LOW;old
https://city2city.ru/penza-volgograd.html;Пенза;Волгоград;585;17500;6;DIRECT_LOW;old
https://city2city.ru/saratov-saransk.html;Саратов;Саранск;360;11000;6;DIRECT_LOW;old
https://city2city.ru/tula-boloxovo.html;Тула;Болохово;990;29500;6;DIRECT_LOW;old
https://city2city.ru/xabarovsk-amursk.html;Хабаровск;Амурск;430;12900;6;DIRECT_LOW;old
https://city2city.ru/oryol-vladimir.html;Орёл;Владимир;550;16500;6;DIRECT_LOW;old
https://city2city.ru/rostov-vladikavkaz.html;Ростов-на-Дону;Владикавказ;700;21000;6;DIRECT_LOW;old
https://city2city.ru/omsk-kuybyshev.html;Омск;Куйбышев;1620;48500;6;DIRECT_LOW;old
https://city2city.ru/kursk-chelyabinsk.html;Курск;Челябинск;1980;59400;6;DIRECT_LOW;old
https://city2city.ru/kurgan-perm.html;Курган;Пермь;730;21900;6;DIRECT_LOW;old
https://city2city.ru/barnaul-krasnoyarsk.html;Барнаул;Красноярск;920;27600;6;DIRECT_LOW;old
https://city2city.ru/kursk-pskov.html;Курск;Псков;995;29800;6;DIRECT_LOW;old
https://city2city.ru/yaroslavl-tula.html;Ярославль;Тула;455;13500;6;DIRECT_LOW;old
https://city2city.ru/samara-surgut.html;Самара;Сургут;2035;61000;6;DIRECT_LOW;old
https://city2city.ru/kazan-buzuluk.html;Казань;Бузулук;490;14500;6;DIRECT_LOW;old
https://city2city.ru/omsk-kupino.html;Омск;Купино;470;14000;6;DIRECT_LOW;old
https://city2city.ru/stavropol-simferopol.html;Ставрополь;Симферополь;740;22000;6;DIRECT_LOW;old
https://city2city.ru/bryansk-sankt-peterburg.html;Брянск;Санкт-Петербург;1080;32400;6;DIRECT_LOW;old
https://city2city.ru/pskov-lipeczk.html;Псков;Липецк;1190;35700;5;DIRECT_LOW;old
https://city2city.ru/orenburg-volgograd.html;Оренбург;Волгоград;1195;35800;5;DIRECT_LOW;old
https://city2city.ru/ufa-kursk.html;Уфа;Курск;1585;47500;5;DIRECT_LOW;old
https://city2city.ru/tambov-volgograd.html;Тамбов;Волгоград;525;15800;5;DIRECT_LOW;old
https://city2city.ru/ulyanovsk-sochi.html;Ульяновск;Сочи;1825;55000;5;DIRECT_LOW;old
https://city2city.ru/kursk-tambov.html;Курск;Тамбов;460;14000;5;DIRECT_LOW;old
https://city2city.ru/smolensk-ryazan.html;Смоленск;Рязань;590;17700;5;DIRECT_LOW;old
https://city2city.ru/oryol-ryazan.html;Орёл;Рязань;360;11000;5;DIRECT_LOW;old
https://city2city.ru/stavropol-nizhnij-novgorod.html;Ставрополь;Нижний Новгород;1540;46000;5;DIRECT_LOW;old
https://city2city.ru/volgograd-tambov.html;Волгоград;Тамбов;525;15800;5;DIRECT_LOW;old
https://city2city.ru/orenburg-nizhnekamsk.html;Оренбург;Нижнекамск;575;17200;5;DIRECT_LOW;old
https://city2city.ru/rostov-yalta.html;Ростов-на-Дону;Ялта;760;23000;5;DIRECT_LOW;old
https://city2city.ru/ryazan-smolensk.html;Рязань;Смоленск;590;17700;5;DIRECT_LOW;old
https://city2city.ru/astraxan-gelendzhik.html;Астрахань;Геленджик;980;29400;5;DIRECT_LOW;old
https://city2city.ru/kirov-arxangelsk.html;Киров;Архангельск;1130;34000;5;DIRECT_LOW;old
https://city2city.ru/nizhnij-novgorod-rossosh.html;Нижний Новгород;Россошь;950;28500;5;DIRECT_LOW;old
https://city2city.ru/chelyabinsk-rostov-na-donu.html;Челябинск;Ростов-на-Дону;2130;64000;5;DIRECT_LOW;old
https://city2city.ru/ufa-anapa.html;Уфа;Анапа;2160;65000;5;DIRECT_LOW;old
https://city2city.ru/sankt-peterburg-kaluga.html;Санкт-Петербург;Калуга;855;25600;5;DIRECT_LOW;old
https://city2city.ru/voronezh-kostroma.html;Воронеж;Кострома;850;25500;5;DIRECT_LOW;old
https://city2city.ru/kostroma-rostov-velikij.html;Кострома;Ростов;1420;42500;5;DIRECT_LOW;old
https://city2city.ru/kostroma-ryazan.html;Кострома;Рязань;455;13500;5;DIRECT_LOW;old
https://city2city.ru/ulyanovsk-saratov.html;Ульяновск;Саратов;460;13800;5;DIRECT_LOW;old
https://city2city.ru/izhevsk-chelyabinsk.html;Ижевск;Челябинск;755;22600;5;DIRECT_LOW;old
https://city2city.ru/penza-sochi.html;Пенза;Сочи;1465;44000;5;DIRECT_LOW;old
https://city2city.ru/voronezh-anapa.html;Воронеж;Анапа;990;29500;5;DIRECT_LOW;old
https://city2city.ru/bryansk-nizhnij-novgorod.html;Брянск;Нижний Новгород;820;24600;5;DIRECT_LOW;old
https://city2city.ru/belgorod-ufa.html;Белгород;Уфа;1600;48000;5;DIRECT_LOW;old
https://city2city.ru/ryazan-saransk.html;Рязань;Саранск;445;13500;5;DIRECT_LOW;old
https://city2city.ru/lugansk-chelyabinsk.html;Луганск;Челябинск;2120;63500;5;DIRECT_LOW;old
https://city2city.ru/ryazan-kostroma.html;Рязань;Кострома;460;14000;5;DIRECT_LOW;old
https://city2city.ru/krasnoyarsk-ust-ilimsk.html;Красноярск;Усть-Илимск;960;29000;5;DIRECT_LOW;old
https://city2city.ru/ivanovo-ekaterinburg.html;Иваново;Екатеринбург;1515;45500;5;DIRECT_LOW;old
https://city2city.ru/sankt-peterburg-cheboksary.html;Санкт-Петербург;Чебоксары;1360;41000;5;DIRECT_LOW;old
https://city2city.ru/samara-astraxan.html;Самара;Астрахань;1230;36900;5;DIRECT_LOW;old
https://city2city.ru/orenburg-rostov-na-donu.html;Оренбург;Ростов-на-Дону;1670;50100;5;DIRECT_LOW;old
https://city2city.ru/chelyabinsk-izhevsk.html;Челябинск;Ижевск;755;22600;5;DIRECT_LOW;old
https://city2city.ru/blagoveshhensk-chita.html;Благовещенск;Чита;1520;45600;5;DIRECT_LOW;old
https://city2city.ru/kursk-penza.html;Курск;Пенза;735;22000;5;DIRECT_LOW;old
https://city2city.ru/tyumen-nyagan.html;Тюмень;Нягань;960;29000;5;DIRECT_LOW;old
https://city2city.ru/saratov-ulyanovsk.html;Саратов;Ульяновск;465;14000;5;DIRECT_LOW;old
https://city2city.ru/krasnoyarsk-mariinsk.html;Красноярск;Мариинск;370;11000;5;DIRECT_LOW;old
https://city2city.ru/krasnoyarsk-barnaul.html;Красноярск;Барнаул;920;27600;5;DIRECT_LOW;old
https://city2city.ru/syktyvkar-usinsk.html;Сыктывкар;Усинск;730;22000;5;DIRECT_LOW;old
https://city2city.ru/kursk-vologda.html;Курск;Вологда;990;29500;5;DIRECT_LOW;old
https://city2city.ru/perm-neftekamsk.html;Пермь;Нефтекамск;370;11000;5;DIRECT_LOW;old
https://city2city.ru/tyumen-samara.html;Тюмень;Самара;1235;37000;5;DIRECT_LOW;old
https://city2city.ru/orenburg-syzran.html;Оренбург;Сызрань;580;17500;5;DIRECT_LOW;old
https://city2city.ru/samara-sterlitamak.html;Самара;Стерлитамак;525;15800;5;DIRECT_LOW;old
https://city2city.ru/kazan-sorochinsk.html;Казань;Сорочинск;580;17500;5;DIRECT_LOW;old
https://city2city.ru/tyumen-kazan.html;Тюмень;Казань;1225;36800;5;DIRECT_LOW;old
https://city2city.ru/ivanovo-tula.html;Иваново;Тула;475;14000;5;DIRECT_LOW;old
https://city2city.ru/perm-naberezhnye-chelny.html;Пермь;Набережные Челны;470;14000;5;DIRECT_LOW;old
https://city2city.ru/tyumen-uraj.html;Тюмень;Урай;480;14400;5;DIRECT_LOW;old
https://city2city.ru/ivanovo-sankt-peterburg.html;Иваново;Санкт-Петербург;895;26800;5;DIRECT_LOW;old
https://city2city.ru/bryansk-rossosh.html;Брянск;Россошь;630;19000;5;DIRECT_LOW;old
https://city2city.ru/izhevsk-tolyatti.html;Ижевск;Тольятти;585;17600;5;DIRECT_LOW;old
https://city2city.ru/cheboksary-sosnovka.html;Чебоксары;Сосновка;340;10000;5;DIRECT_LOW;old
https://city2city.ru/ufa-kurgan.html;Уфа;Курган;695;20800;5;DIRECT_LOW;old
https://city2city.ru/velikiy-novgorod-belgorod.html;Великий Новгород;Белгород;1250;37500;5;DIRECT_LOW;old
https://city2city.ru/nizhnij-novgorod-tver.html;Нижний Новгород;Тверь;610;18500;5;DIRECT_LOW;old
https://city2city.ru/belgorod-boguchar.html;Белгород;Богучар;360;11000;5;DIRECT_LOW;old
https://city2city.ru/rostov-orenburg.html;Ростов-на-Дону;Оренбург;1670;50100;5;DIRECT_LOW;old
https://city2city.ru/rostov-tver.html;Ростов-на-Дону;Тверь;1270;38000;5;DIRECT_LOW;old
https://city2city.ru/perm-voronezh.html;Пермь;Воронеж;1725;52000;5;DIRECT_LOW;old
https://city2city.ru/ryazan-oryol.html;Рязань;Орёл;360;11000;5;DIRECT_LOW;old
https://city2city.ru/yakutsk-chita.html;Якутск;Чита;2065;62000;5;DIRECT_LOW;old
https://city2city.ru/tyumen-bajmak.html;Тюмень;Баймак;830;25000;5;DIRECT_LOW;old
https://city2city.ru/svo-taxi-kazan-lugansk.html;Казань;Луганск;1490;44500;5;DIRECT_LOW;old
https://city2city.ru/nizhnij-novgorod-ekaterinburg.html;Нижний Новгород;Екатеринбург;1270;38000;5;DIRECT_LOW;old
https://city2city.ru/saransk-pochinok.html;Саранск;Починок;1050;31500;5;DIRECT_LOW;old
https://city2city.ru/stavropol-sankt-peterburg.html;Ставрополь;Санкт-Петербург;2125;63800;5;DIRECT_LOW;old
https://city2city.ru/kirov-cheboksary.html;Киров;Чебоксары;390;11500;5;DIRECT_LOW;old
https://city2city.ru/volgograd-orenburg.html;Волгоград;Оренбург;1170;35100;5;DIRECT_LOW;old
https://city2city.ru/belgorod-arxangelsk.html;Белгород;Архангельск;1900;57000;5;DIRECT_LOW;old
https://city2city.ru/krasnodar-izhevsk.html;Краснодар;Ижевск;2065;62000;5;DIRECT_LOW;old
https://city2city.ru/kurgan-moskva.html;Курган;Москва;2050;61500;5;DIRECT_LOW;old
https://city2city.ru/kostroma-voronezh.html;Кострома;Воронеж;855;25600;5;DIRECT_LOW;old
https://city2city.ru/kemerovo-abakan.html;Кемерово;Абакан;730;22000;5;DIRECT_LOW;old
https://city2city.ru/kursk-ufa.html;Курск;Уфа;1575;47000;5;DIRECT_LOW;old
https://city2city.ru/astraxan-volzhskij.html;Астрахань;Волжский;440;13200;5;DIRECT_LOW;old
https://city2city.ru/syktyvkar-kazan.html;Сыктывкар;Казань;830;24900;5;DIRECT_LOW;old
https://city2city.ru/kostroma-cherepovecz.html;Кострома;Череповец;410;12500;5;DIRECT_LOW;old
https://city2city.ru/rostov-chelyabinsk.html;Ростов-на-Дону;Челябинск;2160;64800;5;DIRECT_LOW;old
https://city2city.ru/krasnodar-nizhnij-novgorod.html;Краснодар;Нижний Новгород;1580;47500;5;DIRECT_LOW;old
https://city2city.ru/svo-taxi-rossosh-nizhniy-novgorod.html;Россошь;Нижний Новгород;950;28500;5;DIRECT_LOW;old
https://city2city.ru/krasnoyarsk-norilsk.html;Красноярск;Норильск;2020;60500;5;DIRECT_LOW;old
https://city2city.ru/lipeczk-pskov.html;Липецк;Псков;1200;36000;5;DIRECT_LOW;old
https://city2city.ru/moskva-essentuki.html;Москва;Ессентуки;1590;47700;4;DIRECT_LOW;old
https://city2city.ru/ulyanovsk-volgograd.html;Ульяновск;Волгоград;835;25000;4;DIRECT_LOW;old
https://city2city.ru/voronezh-ivanovo.html;Воронеж;Иваново;740;22000;4;DIRECT_LOW;old
https://city2city.ru/ulyanovsk-nizhnekamsk.html;Ульяновск;Нижнекамск;355;10600;4;DIRECT_LOW;old
https://city2city.ru/tula-nizhnij-novgorod.html;Тула;Нижний Новгород;600;18000;4;DIRECT_LOW;old
https://city2city.ru/ufa-mednogorsk.html;Уфа;Медногорск;540;16200;4;DIRECT_LOW;old
https://city2city.ru/izhevsk-sankt-peterburg.html;Ижевск;Санкт-Петербург;1875;56000;4;DIRECT_LOW;old
https://city2city.ru/kirov-anapa.html;Киров;Анапа;2195;66000;4;DIRECT_LOW;old
https://city2city.ru/orenburg-tujmazy.html;Оренбург;Туймазы;400;12000;4;DIRECT_LOW;old
https://city2city.ru/ekaterinburg-birsk.html;Екатеринбург;Бирск;440;13000;4;DIRECT_LOW;old
https://city2city.ru/kirov-uren.html;Киров;Урень;370;11000;4;DIRECT_LOW;old
https://city2city.ru/ulyanovsk-ryazan.html;Ульяновск;Рязань;765;23000;4;DIRECT_LOW;old
https://city2city.ru/ekaterinburg-yugorsk.html;Екатеринбург;Югорск;710;21300;4;DIRECT_LOW;old
https://city2city.ru/irkutsk-aeroport-ust-kut.html;аэропорт Иркутск;Усть-Кут;960;38500;4;DIRECT_LOW;old
https://city2city.ru/krasnodar-ufa.html;Краснодар;Уфа;1970;59100;4;DIRECT_LOW;old
https://city2city.ru/sankt-peterburg-kazan.html;Санкт-Петербург;Казань;1510;45300;4;DIRECT_LOW;old
https://city2city.ru/smolensk-samara.html;Смоленск;Самара;1490;44500;4;DIRECT_LOW;old
https://city2city.ru/kostroma-tver.html;Кострома;Тверь;415;12400;4;DIRECT_LOW;old
https://city2city.ru/moskva-rylsk.html;Москва;Рыльск;570;17100;4;DIRECT_LOW;old
https://city2city.ru/chelyabinsk-ryazan.html;Челябинск;Рязань;1690;50500;4;DIRECT_LOW;old
https://city2city.ru/orenburg-voronezh.html;Оренбург;Воронеж;1320;39600;4;DIRECT_LOW;old
https://city2city.ru/lugansk-bryansk.html;Луганск;Брянск;990;29500;4;DIRECT_LOW;old
https://city2city.ru/volgograd-ufa.html;Волгоград;Уфа;1245;37400;4;DIRECT_LOW;old
https://city2city.ru/svo-taxi-rossosh-bryansk.html;Россошь;Брянск;630;19000;4;DIRECT_LOW;old
https://city2city.ru/vladimir-ekaterinburg.html;Владимир;Екатеринбург;1470;44000;4;DIRECT_LOW;old
https://city2city.ru/ryazan-ulyanovsk.html;Рязань;Ульяновск;770;23100;4;DIRECT_LOW;old
https://city2city.ru/stavropol-gelendzhik.html;Ставрополь;Геленджик;460;14000;4;DIRECT_LOW;old
https://city2city.ru/syktyvkar-kotlas.html;Сыктывкар;Котлас;370;11100;4;DIRECT_LOW;old
https://city2city.ru/perm-volgograd.html;Пермь;Волгоград;1675;50000;4;DIRECT_LOW;old
https://city2city.ru/nizhnij-novgorod-bryansk.html;Нижний Новгород;Брянск;830;24900;4;DIRECT_LOW;old
https://city2city.ru/volgograd-perm.html;Волгоград;Пермь;1655;49500;4;DIRECT_LOW;old
https://city2city.ru/petrozavodsk-pudozh.html;Петрозаводск;Пудож;350;10500;4;DIRECT_LOW;old
https://city2city.ru/murmansk-safonovo.html;Мурманск;Сафоново;2110;63500;4;DIRECT_LOW;old
https://city2city.ru/nizhnij-novgorod-tula.html;Нижний Новгород;Тула;610;18500;4;DIRECT_LOW;old
https://city2city.ru/smolensk-tula.html;Смоленск;Тула;450;13500;4;DIRECT_LOW;old
https://city2city.ru/rostov-vladimir.html;Ростов-на-Дону;Владимир;1250;37500;4;DIRECT_LOW;old
https://city2city.ru/svo-taxi-bryansk-lugansk.html;Брянск;Луганск;1000;30000;4;DIRECT_LOW;old
https://city2city.ru/petrozavodsk-belomorsk.html;Петрозаводск;Беломорск;380;11500;4;DIRECT_LOW;old
https://city2city.ru/tver-kostroma.html;Тверь;Кострома;415;12400;4;DIRECT_LOW;old
https://city2city.ru/pskov-ryazan.html;Псков;Рязань;1005;30200;4;DIRECT_LOW;old
https://city2city.ru/tula-smolensk.html;Тула;Смоленск;450;13500;4;DIRECT_LOW;old
https://city2city.ru/ufa-volgograd.html;Уфа;Волгоград;1260;37800;4;DIRECT_LOW;old
https://city2city.ru/xabarovsk-naxodka.html;Хабаровск;Находка;870;26000;4;DIRECT_LOW;old
https://city2city.ru/volgograd-kislovodsk.html;Волгоград;Кисловодск;650;19500;4;DIRECT_LOW;old
https://city2city.ru/kemerovo-gorno-altaysk.html;Кемерово;Горно-Алтайск;570;17100;4;DIRECT_LOW;old
https://city2city.ru/ryazan-volgograd.html;Рязань;Волгоград;800;24000;4;DIRECT_LOW;old
https://city2city.ru/kirov-izhevsk.html;Киров;Ижевск;425;12800;4;DIRECT_LOW;old
https://city2city.ru/kostroma-kazan.html;Кострома;Казань;715;21500;4;DIRECT_LOW;old
https://city2city.ru/stavropol-voronezh.html;Ставрополь;Воронеж;900;27000;4;DIRECT_LOW;old
https://city2city.ru/ufa-voronezh.html;Уфа;Воронеж;1340;40200;4;DIRECT_LOW;old
https://city2city.ru/rostov-temryuk.html;Ростов-на-Дону;Темрюк;410;12500;4;DIRECT_LOW;old
https://city2city.ru/cheboksary-izhevsk.html;Чебоксары;Ижевск;520;15500;4;DIRECT_LOW;old
https://city2city.ru/ryazan-pskov.html;Рязань;Псков;1000;30000;4;DIRECT_LOW;old
https://city2city.ru/samara-tula.html;Самара;Тула;1265;38000;4;DIRECT_LOW;old
https://city2city.ru/belgorod-obninsk.html;Белгород;Обнинск;590;17500;4;DIRECT_LOW;old
https://city2city.ru/moskva-sibaj.html;Москва;Сибай;1760;53000;4;DIRECT_LOW;old
https://city2city.ru/lipeczk-nizhnij-novgorod.html;Липецк;Нижний Новгород;610;18300;4;DIRECT_LOW;old
https://city2city.ru/volgograd-ryazan.html;Волгоград;Рязань;800;24000;4;DIRECT_LOW;old
https://city2city.ru/belgorod-simferopol.html;Белгород;Симферополь;1380;41500;4;DIRECT_LOW;old
https://city2city.ru/kirov-tolyatti.html;Киров;Тольятти;740;22000;4;DIRECT_LOW;old
https://city2city.ru/rostov-majkop.html;Ростов-на-Дону;Майкоп;330;10000;4;DIRECT_LOW;old
https://city2city.ru/moskva-kotlas.html;Москва;Котлас;990;29500;4;DIRECT_LOW;old
https://city2city.ru/yaroslavl-murmansk.html;Ярославль;Мурманск;1595;48000;4;DIRECT_LOW;old
https://city2city.ru/xanty-mansijsk-kogalym.html;Ханты-Мансийск;Когалым;470;14000;4;DIRECT_LOW;old
https://city2city.ru/voronezh-orenburg.html;Воронеж;Оренбург;1320;39600;4;DIRECT_LOW;old
https://city2city.ru/penza-joshkar-ola.html;Пенза;Йошкар-Ола;560;17000;4;DIRECT_LOW;old
https://city2city.ru/cheboksary-syzran.html;Чебоксары;Сызрань;370;11000;4;DIRECT_LOW;old
https://city2city.ru/ekaterinburg-chajkovskij.html;Екатеринбург;Чайковский;470;14000;4;DIRECT_LOW;old
https://city2city.ru/voronezh-ufa.html;Воронеж;Уфа;1335;40000;4;DIRECT_LOW;old
https://city2city.ru/samara-belebej.html;Самара;Белебей;360;10800;4;DIRECT_LOW;old
https://city2city.ru/ekaterinburg-rostov-na-don.html;Екатеринбург;Ростов-на-Дону;2200;66000;4;DIRECT_LOW;old
https://city2city.ru/vologda-pskov.html;Вологда;Псков;805;24000;4;DIRECT_LOW;old
https://city2city.ru/nizhnij-novgorod-lipeczk.html;Нижний Новгород;Липецк;610;18300;4;DIRECT_LOW;old
https://city2city.ru/ivanovo-anapa.html;Иваново;Анапа;1785;53600;4;DIRECT_LOW;old
https://city2city.ru/elista-anapa.html;Элиста;Анапа;690;20500;4;DIRECT_LOW;old
https://city2city.ru/kaluga-lipeczk.html;Калуга;Липецк;400;12000;4;DIRECT_LOW;old
https://city2city.ru/stavropol-novorossijsk.html;Ставрополь;Новороссийск;470;14100;4;DIRECT_LOW;old
https://city2city.ru/ufa-uxta.html;Уфа;Ухта;1510;45500;4;DIRECT_LOW;old
https://city2city.ru/lugansk-izhevsk.html;Луганск;Ижевск;1790;53700;4;DIRECT_LOW;old
https://city2city.ru/krasnodar-bryansk.html;Краснодар;Брянск;1295;38800;4;DIRECT_LOW;old
https://city2city.ru/ulyanovsk-orsk.html;Ульяновск;Орск;970;29000;4;DIRECT_LOW;old
https://city2city.ru/stavropol-bryansk.html;Ставрополь;Брянск;1360;40800;3;DIRECT_LOW;old
https://city2city.ru/lipeczk-gelendzhik.html;Липецк;Геленджик;1130;34000;3;DIRECT_LOW;old
https://city2city.ru/belgorod-pskov.html;Белгород;Псков;1135;34000;3;DIRECT_LOW;old
https://city2city.ru/bryansk-sochi.html;Брянск;Сочи;1580;47500;3;DIRECT_LOW;old
https://city2city.ru/moskva-uralskij.html;Москва;Уральский;1380;41500;3;DIRECT_LOW;old
https://city2city.ru/svo-taxi-rossosh-kursk.html;Россошь;Курск;355;10500;3;DIRECT_LOW;old
https://city2city.ru/rostov-pskov.html;Ростов-на-Дону;Псков;1880;56500;3;DIRECT_LOW;old
https://city2city.ru/ufa-dimitrovgrad.html;Уфа;Димитровград;500;15000;3;DIRECT_LOW;old
https://city2city.ru/syktyvkar-samara.html;Сыктывкар;Самара;1160;35000;3;DIRECT_LOW;old
https://city2city.ru/rostov-nevinnomyssk.html;Ростов-на-Дону;Невинномысск;370;11000;3;DIRECT_LOW;old
https://city2city.ru/rostov-saransk.html;Ростов-на-Дону;Саранск;1080;32500;3;DIRECT_LOW;old
https://city2city.ru/moskva-belebej.html;Москва;Белебей;1230;37000;3;DIRECT_LOW;old
https://city2city.ru/ufa-syzran.html;Уфа;Сызрань;580;17500;3;DIRECT_LOW;old
https://city2city.ru/elista-voronezh.html;Элиста;Воронеж;835;25000;3;DIRECT_LOW;old
https://city2city.ru/chelyabinsk-nizhnekamsk.html;Челябинск;Нижнекамск;750;22500;3;DIRECT_LOW;old
https://city2city.ru/saratov-ivanteevka.html;Саратов;Ивантеевка;880;26500;3;DIRECT_LOW;old
https://city2city.ru/vladivostok-bikin.html;Владивосток;Бикин;540;16000;3;DIRECT_LOW;old
https://city2city.ru/ufa-penza.html;Уфа;Пенза;830;25000;3;DIRECT_LOW;old
https://city2city.ru/stavropol-ufa.html;Ставрополь;Уфа;1815;54500;3;DIRECT_LOW;old
https://city2city.ru/krasnoyarsk-abaza.html;Красноярск;Абаза;590;17500;3;DIRECT_LOW;old
https://city2city.ru/saratov-izhevsk.html;Саратов;Ижевск;980;29500;3;DIRECT_LOW;old
https://city2city.ru/ufa-stavropol.html;Уфа;Ставрополь;1815;54500;3;DIRECT_LOW;old
https://city2city.ru/krasnodar-ulyanovsk.html;Краснодар;Ульяновск;1515;45500;3;DIRECT_LOW;old
https://city2city.ru/ryazan-ekaterinburg.html;Рязань;Екатеринбург;1605;48000;3;DIRECT_LOW;old
https://city2city.ru/cheboksary-oktyabrskij-respublika-bashkortostan.html;Чебоксары;Октябрьский;560;17000;3;DIRECT_LOW;old
https://city2city.ru/krasnodar-kaluga.html;Краснодар;Калуга;1265;38000;3;DIRECT_LOW;old
https://city2city.ru/bryansk-doneczk-rostovskaya-oblast.html;Брянск;Донецк;1170;35100;3;DIRECT_LOW;old
https://city2city.ru/yaroslavl-oryol.html;Ярославль;Орёл;640;19000;3;DIRECT_LOW;old
https://city2city.ru/ufa-novorossijsk.html;Уфа;Новороссийск;2180;65500;3;DIRECT_LOW;old
https://city2city.ru/svo-taxi-lugansk-rovenki.html;Луганск;Ровеньки;490;14500;3;DIRECT_LOW;old
https://city2city.ru/kyzyl-minusinsk.html;Кызыл;Минусинск;370;11000;3;DIRECT_LOW;old
https://city2city.ru/penza-ufa.html;Пенза;Уфа;825;24800;3;DIRECT_LOW;old
https://city2city.ru/volgograd-sochi.html;Волгоград;Сочи;990;29500;3;DIRECT_LOW;old
https://city2city.ru/volgograd-lipeczk.html;Волгоград;Липецк;650;19500;3;DIRECT_LOW;old
https://city2city.ru/lugansk-stavropol.html;Луганск;Ставрополь;540;16000;3;DIRECT_LOW;old
https://city2city.ru/rostov-yaroslavl.html;Ростов-на-Дону;Ярославль;1340;40000;3;DIRECT_LOW;old
https://city2city.ru/tomsk-prokopevsk.html;Томск;Прокопьевск;400;12000;3;DIRECT_LOW;old
https://city2city.ru/rostov-kaluga.html;Ростов-на-Дону;Калуга;1010;30300;3;DIRECT_LOW;old
https://city2city.ru/orenburg-tyumen.html;Оренбург;Тюмень;1160;34800;3;DIRECT_LOW;old
https://city2city.ru/tyumen-kogalym.html;Тюмень;Когалым;960;29000;3;DIRECT_LOW;old
https://city2city.ru/yaroslavl-rostov-na-donu.html;Ярославль;Ростов-на-Дону;1350;40500;3;DIRECT_LOW;old
https://city2city.ru/svo-taxi-kamenka-nizhniy-novgorod.html;село Каменка;Нижний Новгород;450;13500;3;DIRECT_LOW;old
https://city2city.ru/oryol-nizhnij-novgorod.html;Орёл;Нижний Новгород;890;26500;3;DIRECT_LOW;old
https://city2city.ru/rostov-ekaterinburg.html;Ростов-на-Дону;Екатеринбург;2190;65700;3;DIRECT_LOW;old
https://city2city.ru/bryansk-stavropol.html;Брянск;Ставрополь;1365;41000;3;DIRECT_LOW;old
https://city2city.ru/bryansk-lipeczk.html;Брянск;Липецк;430;13000;3;DIRECT_LOW;old
https://city2city.ru/lipeczk-kaluga.html;Липецк;Калуга;400;12000;3;DIRECT_LOW;old
https://city2city.ru/orenburg-chebarkul.html;Оренбург;Чебаркуль;670;20000;3;DIRECT_LOW;old
https://city2city.ru/lipeczk-volgograd.html;Липецк;Волгоград;650;19500;3;DIRECT_LOW;old
https://city2city.ru/kazan-agryz.html;Казань;Агрыз;340;10000;3;DIRECT_LOW;old
https://city2city.ru/chelyabinsk-mezhgore.html;Челябинск;Межгорье;370;11000;3;DIRECT_LOW;old
https://city2city.ru/ekaterinburg-berezniki.html;Екатеринбург;Березники;550;16500;3;DIRECT_LOW;old
https://city2city.ru/astraxan-belgorod.html;Астрахань;Белгород;1260;38000;3;DIRECT_LOW;old
https://city2city.ru/volgograd-tolyatti.html;Волгоград;Тольятти;790;23500;3;DIRECT_LOW;old
https://city2city.ru/orenburg-tula.html;Оренбург;Тула;1675;50000;3;DIRECT_LOW;old
https://city2city.ru/kazan-chernushka.html;Казань;Чернушка;610;18500;3;DIRECT_LOW;old
https://city2city.ru/kurgan-sibaj.html;Курган;Сибай;650;19500;3;DIRECT_LOW;old
https://city2city.ru/tyumen-orenburg.html;Тюмень;Оренбург;1160;34800;3;DIRECT_LOW;old
https://city2city.ru/voronezh-novomoskovsk.html;Воронеж;Новомосковск;330;10000;3;DIRECT_LOW;old
https://city2city.ru/krasnodar-kazan.html;Краснодар;Казань;1705;51200;3;DIRECT_LOW;old
https://city2city.ru/volgograd-pyatigorsk.html;Волгоград;Пятигорск;640;19000;3;DIRECT_LOW;old
https://city2city.ru/tula-simferopol.html;Тула;Симферополь;1600;48000;3;DIRECT_LOW;old
https://city2city.ru/xanty-mansijsk-ufa.html;Ханты-Мансийск;Уфа;1550;46500;3;DIRECT_LOW;old
https://city2city.ru/kurgan-magnitogorsk.html;Курган;Магнитогорск;570;17100;3;DIRECT_LOW;old
https://city2city.ru/arxangelsk-vologda.html;Архангельск;Вологда;765;23000;3;DIRECT_LOW;old
https://city2city.ru/krasnodar-staryj-oskol.html;Краснодар;Старый Оскол;930;27900;3;DIRECT_LOW;old
https://city2city.ru/kazan-barysh.html;Казань;Барыш;360;11000;3;DIRECT_LOW;old
https://city2city.ru/penza-ryazan.html;Пенза;Рязань;450;13500;3;DIRECT_LOW;old
https://city2city.ru/ufa-nefteyugansk.html;Уфа;Нефтеюганск;1570;47000;3;DIRECT_LOW;old
https://city2city.ru/ufa-xanty-mansijsk.html;Уфа;Ханты-Мансийск;1600;48000;3;DIRECT_LOW;old
https://city2city.ru/kyzyl-tomsk.html;Кызыл;Томск;1180;35500;3;DIRECT_LOW;old
https://city2city.ru/tyumen-nadym.html;Тюмень;Надым;1770;53100;3;DIRECT_LOW;old
https://city2city.ru/tula-sankt-peterburg.html;Тула;Санкт-Петербург;890;26700;3;DIRECT_LOW;old
https://city2city.ru/sochi-kazan.html;Сочи;Казань;1985;59500;3;DIRECT_LOW;old
https://city2city.ru/astraxan-zheleznovodsk.html;Астрахань;Железноводск;640;19000;3;DIRECT_LOW;old
https://city2city.ru/sankt-peterburg-izhevsk.html;Санкт-Петербург;Ижевск;1880;56500;3;DIRECT_LOW;old
https://city2city.ru/orenburg-kirov.html;Оренбург;Киров;1030;31000;3;DIRECT_LOW;old
https://city2city.ru/ivanovo-naro-fominsk.html;Иваново;Наро-Фоминск;390;11500;3;DIRECT_LOW;old
https://city2city.ru/syktyvkar-pechora.html;Сыктывкар;Печора;590;17500;3;DIRECT_LOW;old
https://city2city.ru/tambov-boguchar.html;Тамбов;Богучар;420;12500;3;DIRECT_LOW;old
https://city2city.ru/kursk-samara.html;Курск;Самара;1160;35000;3;DIRECT_LOW;old
https://city2city.ru/ufa-nizhnevartovsk.html;Уфа;Нижневартовск;1840;55200;3;DIRECT_LOW;old
https://city2city.ru/yaroslavl-kstovo.html;Ярославль;Кстово;380;11500;3;DIRECT_LOW;old
https://city2city.ru/astraxan-temryuk.html;Астрахань;Темрюк;970;29000;3;DIRECT_LOW;old
https://city2city.ru/tula-orenburg.html;Тула;Оренбург;1675;50000;3;DIRECT_LOW;old
https://city2city.ru/orenburg-bavly.html;Оренбург;Бавлы;370;11100;3;DIRECT_LOW;old
https://city2city.ru/tambov-oryol.html;Тамбов;Орёл;430;13000;3;DIRECT_LOW;old
https://city2city.ru/kursk-rossosh.html;Курск;Россошь;370;11000;3;DIRECT_LOW;old
https://city2city.ru/svo-taxi-boguchar-bryansk.html;Богучар;Брянск;710;21500;3;DIRECT_LOW;old
https://city2city.ru/kurgan-tobolsk.html;Курган;Тобольск;435;13000;3;DIRECT_LOW;old
https://city2city.ru/kostroma-saratov.html;Кострома;Саратов;987;29600;3;DIRECT_LOW;old
https://city2city.ru/xabarovsk-artyom.html;Хабаровск;Артём;730;22000;3;DIRECT_LOW;old
https://city2city.ru/sankt-peterburg-rybinsk.html;Санкт-Петербург;Рыбинск;750;22500;3;DIRECT_LOW;old
https://city2city.ru/ryazan-kirov.html;Рязань;Киров;1020;30500;3;DIRECT_LOW;old
https://city2city.ru/ryazan-penza.html;Рязань;Пенза;445;13500;3;DIRECT_LOW;old
https://city2city.ru/belgorod-sochi.html;Белгород;Сочи;1230;37000;3;DIRECT_LOW;old
https://city2city.ru/xanty-mansijsk-ekaterinburg.html;Ханты-Мансийск;Екатеринбург;1010;30300;3;DIRECT_LOW;old
https://city2city.ru/sankt-peterburg-tula.html;Санкт-Петербург;Тула;890;26700;3;DIRECT_LOW;old
https://city2city.ru/samara-kursk.html;Самара;Курск;1155;34600;3;DIRECT_LOW;old
https://city2city.ru/kursk-volgograd.html;Курск;Волгоград;805;24200;3;DIRECT_LOW;old
https://city2city.ru/saratov-tula.html;Саратов;Тула;805;24000;3;DIRECT_LOW;old
https://city2city.ru/volgograd-kursk.html;Волгоград;Курск;805;24200;3;DIRECT_LOW;old
https://city2city.ru/volgograd-lgov.html;Волгоград;Льгов;890;26700;3;DIRECT_LOW;old
https://city2city.ru/bryansk-rostov-na-donu.html;Брянск;Ростов-на-Дону;1030;30900;3;DIRECT_LOW;old
https://city2city.ru/oryol-tambov.html;Орёл;Тамбов;430;13000;3;DIRECT_LOW;old
https://city2city.ru/orenburg-surgut.html;Оренбург;Сургут;1940;58200;3;DIRECT_LOW;old
https://city2city.ru/blagoveshhensk-ulan-ude.html;Благовещенск;Улан-Удэ;2200;66000;2;DIRECT_LOW;old
https://city2city.ru/novosibirsk-kalachinsk.html;Новосибирск;Калачинск;560;17000;2;DIRECT_LOW;old
https://city2city.ru/elista-gelendzhik.html;Элиста;Геленджик;670;20000;2;DIRECT_LOW;old
https://city2city.ru/nizhnij-novgorod-vologda.html;Нижний Новгород;Вологда;560;17000;2;DIRECT_LOW;old
https://city2city.ru/orenburg-neftekamsk.html;Оренбург;Нефтекамск;590;17500;2;DIRECT_LOW;old
https://city2city.ru/petrozavodsk-kursk.html;Петрозаводск;Курск;1530;45900;2;DIRECT_LOW;old
https://city2city.ru/xanty-mansijsk-tobolsk.html;Ханты-Мансийск;Тобольск;440;13000;2;DIRECT_LOW;old
https://city2city.ru/pskov-belgorod.html;Псков;Белгород;1125;33800;2;DIRECT_LOW;old
https://city2city.ru/vladivostok-birobidzhan.html;Владивосток;Биробиджан;950;28500;2;DIRECT_LOW;old
https://city2city.ru/rostov-vyoshenskaya.html;Ростов-на-Дону;станица Вешенская;360;11000;2;DIRECT_LOW;old
https://city2city.ru/cheboksary-rostov-na-donu.html;Чебоксары;Ростов-на-Дону;1390;41700;2;DIRECT_LOW;old
https://city2city.ru/kazan-glazov.html;Казань;Глазов;560;17000;2;DIRECT_LOW;old
https://city2city.ru/voronezh-naro-fominsk.html;Воронеж;Наро-Фоминск;550;16500;2;DIRECT_LOW;old
https://city2city.ru/saratov-frolovo.html;Саратов;Фролово;330;10000;2;DIRECT_LOW;old
https://city2city.ru/lipeczk-sankt-peterburg.html;Липецк;Санкт-Петербург;1180;35500;2;DIRECT_LOW;old
https://city2city.ru/volgograd-narimanov.html;Волгоград;Нариманов;380;11500;2;DIRECT_LOW;old
https://city2city.ru/perm-tambov.html;Пермь;Тамбов;1505;45200;2;DIRECT_LOW;old
https://city2city.ru/rostov-adler.html;Ростов-на-Дону;Адлер;570;17000;2;DIRECT_LOW;old
https://city2city.ru/tambov-perm.html;Тамбов;Пермь;1505;45200;2;DIRECT_LOW;old
https://city2city.ru/ufa-tver.html;Уфа;Тверь;1505;45000;2;DIRECT_LOW;old
https://city2city.ru/tyumen-kamenka.html;Тюмень;Каменка;1730;52000;2;DIRECT_LOW;old
https://city2city.ru/tomsk-irkutsk.html;Томск;Иркутск;1640;49000;2;DIRECT_LOW;old
https://city2city.ru/ekaterinburg-nyagan.html;Екатеринбург;Нягань;870;26100;2;DIRECT_LOW;old
https://city2city.ru/volgograd-salsk.html;Волгоград;Сальск;400;12000;2;DIRECT_LOW;old
https://city2city.ru/krasnodar-budyonnovsk.html;Краснодар;Будённовск;510;15500;2;DIRECT_LOW;old
https://city2city.ru/pskov-tver.html;Псков;Тверь;580;17500;2;DIRECT_LOW;old
https://city2city.ru/ufa-berezniki.html;Уфа;Березники;690;20500;2;DIRECT_LOW;old
https://city2city.ru/ivanovo-ufa.html;Иваново;Уфа;1170;35100;2;DIRECT_LOW;old
https://city2city.ru/vologda-kazan.html;Вологда;Казань;1070;32100;2;DIRECT_LOW;old
https://city2city.ru/stavropol-samara.html;Ставрополь;Самара;1340;40200;2;DIRECT_LOW;old
https://city2city.ru/volgograd-essentuki.html;Волгоград;Ессентуки;640;19000;2;DIRECT_LOW;old
https://city2city.ru/vladimir-lipeczk.html;Владимир;Липецк;500;15000;2;DIRECT_LOW;old
https://city2city.ru/tyumen-novyj-urengoj.html;Тюмень;Новый Уренгой;1530;45900;2;DIRECT_LOW;old
https://city2city.ru/orenburg-selo-aleksandrovskoe.html;Оренбург;село Александровское;1730;51900;2;DIRECT_LOW;old
https://city2city.ru/kirov-luza.html;Киров;Луза;450;13500;2;DIRECT_LOW;old
https://city2city.ru/kursk-manturovo.html;Курск;Мантурово;1150;34500;2;DIRECT_LOW;old
https://city2city.ru/kursk-astraxan.html;Курск;Астрахань;1230;37000;2;DIRECT_LOW;old
https://city2city.ru/rostov-bryansk.html;Ростов-на-Дону;Брянск;1040;31000;2;DIRECT_LOW;old
https://city2city.ru/saransk-samara.html;Саранск;Самара;480;14400;2;DIRECT_LOW;old
https://city2city.ru/tyumen-salexard.html;Тюмень;Салехард;2200;66000;2;DIRECT_LOW;old
https://city2city.ru/nizhnij-novgorod-tambov.html;Нижний Новгород;Тамбов;540;16000;2;DIRECT_LOW;old
https://city2city.ru/ufa-pyt-yax.html;Уфа;Пыть-Ях;1570;47100;2;DIRECT_LOW;old
https://city2city.ru/samara-kumertau.html;Самара;Кумертау;540;16000;2;DIRECT_LOW;old
https://city2city.ru/elista-sankt-peterburg.html;Элиста;Санкт-Петербург;1975;59200;2;DIRECT_LOW;old
https://city2city.ru/novosibirsk-bratsk.html;Новосибирск;Братск;1660;49800;2;DIRECT_LOW;old
https://city2city.ru/ivanovo-samara.html;Иваново;Самара;915;27400;2;DIRECT_LOW;old
https://city2city.ru/ulyanovsk-naberezhnye-chelny.html;Ульяновск;Набережные Челны;405;12200;2;DIRECT_LOW;old
https://city2city.ru/orenburg-almetevsk.html;Оренбург;Альметьевск;460;14000;2;DIRECT_LOW;old
https://city2city.ru/svo-taxi-tula-lugansk.html;Тула;Луганск;870;26000;2;DIRECT_LOW;old
https://city2city.ru/rostov-cherkessk.html;Ростов-на-Дону;Черкесск;420;12500;2;DIRECT_LOW;old
https://city2city.ru/svo-taxi-kamenka-smolensk.html;село Каменка;Смоленск;970;32000;2;DIRECT_LOW;old
https://city2city.ru/tomsk-belovo.html;Томск;Белово;330;10000;2;DIRECT_LOW;old
https://city2city.ru/nizhnij-novgorod-volgograd.html;Нижний Новгород;Волгоград;990;29500;2;DIRECT_LOW;old
https://city2city.ru/volgograd-naberezhnye-chelny.html;Волгоград;Набережные Челны;1185;35600;2;DIRECT_LOW;old
https://city2city.ru/mariupol-kursk.html;Мариуполь;Курск;970;29100;2;DIRECT_LOW;old
https://city2city.ru/astraxan-pyatigorsk.html;Астрахань;Пятигорск;640;19200;2;DIRECT_LOW;old
https://city2city.ru/tomsk-gorno-altaysk.html;Томск;Горно-Алтайск;705;21000;2;DIRECT_LOW;old
https://city2city.ru/lipeczk-sochi.html;Липецк;Сочи;1250;37500;2;DIRECT_LOW;old
https://city2city.ru/tula-ufa.html;Тула;Уфа;1495;45000;2;DIRECT_LOW;old
https://city2city.ru/ufa-poxvistnevo.html;Уфа;Похвистнево;340;10000;2;DIRECT_LOW;old
https://city2city.ru/ekaterinburg-almetevsk.html;Екатеринбург;Альметьевск;810;24500;2;DIRECT_LOW;old
https://city2city.ru/moskva-sarapul.html;Москва;Сарапул;1190;35700;2;DIRECT_LOW;old
https://city2city.ru/krasnodar-gukovo.html;Краснодар;Гуково;400;12000;2;DIRECT_LOW;old
https://city2city.ru/penza-sankt-peterburg.html;Пенза;Санкт-Петербург;1350;40500;2;DIRECT_LOW;old
https://city2city.ru/mariupol-voronezh.html;Мариуполь;Воронеж;740;22200;2;DIRECT_LOW;old
https://city2city.ru/astraxan-ejsk.html;Астрахань;Ейск;895;26800;2;DIRECT_LOW;old
https://city2city.ru/kazan-murom.html;Казань;Муром;500;15000;2;DIRECT_LOW;old
https://city2city.ru/rostov-kostroma.html;Ростов-на-Дону;Кострома;1470;44000;2;DIRECT_LOW;old
https://city2city.ru/krasnoyarsk-gorno-altajsk.html;Красноярск;Горно-Алтайск;1095;33000;2;DIRECT_LOW;old
https://city2city.ru/kursk-kostroma.html;Курск;Кострома;865;26000;2;DIRECT_LOW;old
https://city2city.ru/sankt-peterburg-pitkyaranta.html;Санкт-Петербург;Питкяранта;350;10500;2;DIRECT_LOW;old
https://city2city.ru/belgorod-sevastopol.html;Белгород;Севастополь;1470;44000;2;DIRECT_LOW;old
https://city2city.ru/ekaterinburg-solikamsk.html;Екатеринбург;Соликамск;530;15900;2;DIRECT_LOW;old
https://city2city.ru/rostov-cheboksary.html;Ростов-на-Дону;Чебоксары;1390;41500;2;DIRECT_LOW;old
https://city2city.ru/moskva-tixoreczk.html;Москва;Тихорецк;1240;37000;2;DIRECT_LOW;old
https://city2city.ru/kemerovo-yarovoe.html;Кемерово;Яровое;670;20000;2;DIRECT_LOW;old
https://city2city.ru/syktyvkar-nizhniy_novhorod.html;Сыктывкар;Нижний Новгород;960;29000;2;DIRECT_LOW;old
https://city2city.ru/krasnodar-tver.html;Краснодар;Тверь;1540;46000;2;DIRECT_LOW;old
https://city2city.ru/orenburg-kurgan.html;Оренбург;Курган;1015;30500;2;DIRECT_LOW;old
https://city2city.ru/syktyvkar-izhevsk.html;Сыктывкар;Ижевск;835;25000;2;DIRECT_LOW;old
https://city2city.ru/cheboksary-nizhnekamsk.html;Чебоксары;Нижнекамск;370;11000;2;DIRECT_LOW;old
https://city2city.ru/perm-sokol.html;Пермь;Сокол;1300;39000;2;DIRECT_LOW;old
https://city2city.ru/tver-ryazan.html;Тверь;Рязань;375;11000;2;DIRECT_LOW;old
https://city2city.ru/tyumen-pyt-yax.html;Тюмень;Пыть-Ях;690;20700;2;DIRECT_LOW;old
https://city2city.ru/tambov-nizhnij-novgorod.html;Тамбов;Нижний Новгород;540;16000;2;DIRECT_LOW;old
https://city2city.ru/nizhnij-novgorod-valujki.html;Нижний Новгород;Валуйки;980;29500;2;DIRECT_LOW;old
https://city2city.ru/vologda-arhangelsk.html;Вологда;Архангельск;765;23000;2;DIRECT_LOW;old
https://city2city.ru/perm-yaroslavl.html;Пермь;Ярославль;1180;35500;2;DIRECT_LOW;old
https://city2city.ru/tula-ekaterinburg.html;Тула;Екатеринбург;1830;55000;2;DIRECT_LOW;old
https://city2city.ru/stavropol-kazan.html;Ставрополь;Казань;1590;47500;2;DIRECT_LOW;old
https://city2city.ru/irkutsk-vixorevka.html;Иркутск;Вихоревка;600;18000;2;DIRECT_LOW;old
https://city2city.ru/syktyvkar-ekaterinburg.html;Сыктывкар;Екатеринбург;1105;33000;2;DIRECT_LOW;old
https://city2city.ru/lipeczk-bryansk.html;Липецк;Брянск;430;13000;2;DIRECT_LOW;old
https://city2city.ru/krasnoyarsk-bijsk.html;Красноярск;Бийск;990;29500;2;DIRECT_LOW;old
https://city2city.ru/astraxan-orenburg.html;Астрахань;Оренбург;1620;48500;2;DIRECT_LOW;old
https://city2city.ru/kazan-birsk.html;Казань;Бирск;550;16500;2;DIRECT_LOW;old
https://city2city.ru/ufa-zainsk.html;Уфа;Заинск;340;10000;2;DIRECT_LOW;old
https://city2city.ru/voronezh-yalta.html;Воронеж;Ялта;1320;39500;2;DIRECT_LOW;old
https://city2city.ru/stavropol-krymsk.html;Ставрополь;Крымск;420;12500;2;DIRECT_LOW;old
https://city2city.ru/stavropol-feodosiya.html;Ставрополь;Феодосия;630;19000;2;DIRECT_LOW;old
https://city2city.ru/orenburg-belgorod.html;Оренбург;Белгород;1585;47500;2;DIRECT_LOW;old
https://city2city.ru/orenburg-astraxan.html;Оренбург;Астрахань;1630;49000;2;DIRECT_LOW;old
https://city2city.ru/vologda-sosnovka.html;Вологда;Сосновка;890;26500;2;DIRECT_LOW;old
https://city2city.ru/samara-tambov.html;Самара;Тамбов;710;21500;2;DIRECT_LOW;old
https://city2city.ru/stavropol-volgodonsk.html;Ставрополь;Волгодонск;350;10500;2;DIRECT_LOW;old
https://city2city.ru/lipeczk-obninsk.html;Липецк;Обнинск;480;14500;2;DIRECT_LOW;old
https://city2city.ru/voronezh-sevastopol.html;Воронеж;Севастополь;1340;40000;2;DIRECT_LOW;old
https://city2city.ru/ryazan-bryansk.html;Рязань;Брянск;535;16000;2;DIRECT_LOW;old
https://city2city.ru/ekaterinburg-bajmak.html;Екатеринбург;Баймак;660;19800;2;DIRECT_LOW;old
https://city2city.ru/orenburg-nizhnevartovsk.html;Оренбург;Нижневартовск;2140;64000;2;DIRECT_LOW;old
https://city2city.ru/samara-zainsk.html;Самара;Заинск;340;10000;2;DIRECT_LOW;old
https://city2city.ru/kazan-agidel.html;Казань;Агидель;410;12500;2;DIRECT_LOW;old
https://city2city.ru/tokmak-samara.html;Токмак;Самара;1630;49000;2;DIRECT_LOW;old
https://city2city.ru/tyumen-urengoj.html;Тюмень;Новый Уренгой;1550;46500;2;DIRECT_LOW;old
https://city2city.ru/ekaterinburg-gaj.html;Екатеринбург;Гай;850;25500;2;DIRECT_LOW;old
https://city2city.ru/orenburg-troiczk.html;Оренбург;Троицк;1530;46000;2;DIRECT_LOW;old
https://city2city.ru/ulyanovsk-buguruslan.html;Ульяновск;Бугуруслан;360;11000;2;DIRECT_LOW;old
https://city2city.ru/voronezh-mineralnye-vody.html;Воронеж;Минеральные Воды;1045;31500;2;DIRECT_LOW;old
https://city2city.ru/kirov-mikun.html;Киров;Микунь;520;15500;2;DIRECT_LOW;old
https://city2city.ru/penza-anapa.html;Пенза;Анапа;1330;40000;2;DIRECT_LOW;old
https://city2city.ru/ekaterinburg-tula.html;Екатеринбург;Тула;1850;55500;2;DIRECT_LOW;old
https://city2city.ru/elista-sochi.html;Элиста;Сочи;775;23200;2;DIRECT_LOW;old
https://city2city.ru/kazan-vologda.html;Казань;Вологда;1050;31500;2;DIRECT_LOW;old
https://city2city.ru/kaluga-simferopol.html;Калуга;Симферополь;1680;50500;2;DIRECT_LOW;old
https://city2city.ru/lugansk-ryazan.html;Луганск;Рязань;920;27600;2;DIRECT_LOW;old
https://city2city.ru/krasnoyarsk-vixorevka.html;Красноярск;Вихоревка;870;26000;2;DIRECT_LOW;old
https://city2city.ru/smolensk-nizhnij-novgorod.html;Смоленск;Нижний Новгород;830;25000;2;DIRECT_LOW;old
https://city2city.ru/samara-stavropol.html;Самара;Ставрополь;1365;41000;2;DIRECT_LOW;old
https://city2city.ru/blagoveshhensk-skovorodino.html;Благовещенск;Сковородино;640;19200;2;DIRECT_LOW;old
https://city2city.ru/orenburg-sochi.html;Оренбург;Сочи;2185;65600;2;DIRECT_LOW;old
https://city2city.ru/kemerovo-biysk.html;Кемерово;Бийск;470;14000;2;DIRECT_LOW;old
https://city2city.ru/samara-neftekamsk.html;Самара;Нефтекамск;550;16500;2;DIRECT_LOW;old
https://city2city.ru/saratov-sokol.html;Саратов;Сокол;1260;38000;2;DIRECT_LOW;old
https://city2city.ru/yaroslavl-velsk.html;Ярославль;Вельск;451;13500;2;DIRECT_LOW;old
https://city2city.ru/saratov-tyumen.html;Саратов;Тюмень;1660;50000;2;DIRECT_LOW;old
https://city2city.ru/voronezh-tuapse.html;Воронеж;Туапсе;995;29800;2;DIRECT_LOW;old
https://city2city.ru/nizhnij-novgorod-syktyvkar.html;Нижний Новгород;Сыктывкар;970;29000;2;DIRECT_LOW;old
https://city2city.ru/smolensk-arxangelsk.html;Смоленск;Архангельск;1670;50100;2;DIRECT_LOW;old
https://city2city.ru/elista-zheleznovodsk.html;Элиста;Железноводск;330;10000;2;DIRECT_LOW;old
https://city2city.ru/joshkar-ola-naberezhnye-chelny.html;Йошкар-Ола;Набережные Челны;395;12000;2;DIRECT_LOW;old
https://city2city.ru/kostroma-kursk.html;Кострома;Курск;875;26000;2;DIRECT_LOW;old
https://city2city.ru/krasnodar-georgievsk.html;Краснодар;Георгиевск;440;13000;2;DIRECT_LOW;old
https://city2city.ru/saratov-kirov.html;Саратов;Киров;1070;32000;2;DIRECT_LOW;old
https://city2city.ru/ufa-usinsk.html;Уфа;Усинск;1930;58000;2;DIRECT_LOW;old
https://city2city.ru/izhevsk-magnitogorsk.html;Ижевск;Магнитогорск;675;20000;2;DIRECT_LOW;old
https://city2city.ru/chelyabinsk-joshkar-ola.html;Челябинск;Йошкар-Ола;1088;32600;2;DIRECT_LOW;old
https://city2city.ru/volgograd-nizhnekamsk.html;Волгоград;Нижнекамск;1130;33900;2;DIRECT_LOW;old
https://city2city.ru/perm-nizhnekamsk.html;Пермь;Нижнекамск;490;14500;2;DIRECT_LOW;old
https://city2city.ru/vologda-valuyki.html;Вологда;Валуйки;1220;36500;2;DIRECT_LOW;old
https://city2city.ru/samara-lipeczk.html;Самара;Липецк;860;25800;2;DIRECT_LOW;old
https://city2city.ru/lipeczk-rostov-na-donu.html;Липецк;Ростов-на-Дону;700;21000;2;DIRECT_LOW;old
https://city2city.ru/samara-saransk.html;Самара;Саранск;480;14400;2;DIRECT_LOW;old
https://city2city.ru/cheboksary-bugulma.html;Чебоксары;Бугульма;460;14000;2;DIRECT_LOW;old
https://city2city.ru/ryazan-tver.html;Рязань;Тверь;375;11000;2;DIRECT_LOW;old
https://city2city.ru/blagoveshhensk-aldan.html;Благовещенск;Алдан;1240;37200;2;DIRECT_LOW;old
https://city2city.ru/lipeczk-samara.html;Липецк;Самара;750;22500;2;DIRECT_LOW;old
https://city2city.ru/ekaterinburg-cheboksary.html;Екатеринбург;Чебоксары;1045;31500;2;DIRECT_LOW;old
https://city2city.ru/kursk-petrozavodsk.html;Курск;Петрозаводск;1520;45600;2;DIRECT_LOW;old
https://city2city.ru/astraxan-voronezh.html;Астрахань;Воронеж;1000;30000;1;DIRECT_LOW;old
https://city2city.ru/belgorod-serpuxov.html;Белгород;Серпухов;573;17200;1;DIRECT_LOW;old
https://city2city.ru/bryansk-murom.html;Брянск;Муром;715;21400;1;DIRECT_LOW;old
https://city2city.ru/perm-elabuga.html;Пермь;Елабуга;460;13800;1;DIRECT_LOW;old
https://city2city.ru/syktyvkar-koryazhma.html;Сыктывкар;Коряжма;340;10000;1;DIRECT_LOW;old
https://city2city.ru/samara-inza.html;Самара;Инза;370;11000;1;DIRECT_LOW;old
https://city2city.ru/lugansk-saransk.html;Луганск;Саранск;1020;30600;1;DIRECT_LOW;old
https://city2city.ru/saratov-michurinsk.html;Саратов;Мичуринск;520;15500;1;DIRECT_LOW;old
https://city2city.ru/orenburg-penza.html;Оренбург;Пенза;835;25000;1;DIRECT_LOW;old
https://city2city.ru/samara-meleuz.html;Самара;Мелеуз;560;17000;1;DIRECT_LOW;old
https://city2city.ru/pskov-smolensk.html;Псков;Смоленск;460;14000;1;DIRECT_LOW;old
https://city2city.ru/penza-astraxan.html;Пенза;Астрахань;1020;30500;1;DIRECT_LOW;old
https://city2city.ru/ivanovo-lipeczk.html;Иваново;Липецк;610;18300;1;DIRECT_LOW;old
https://city2city.ru/saratov-naberezhnye-chelny.html;Саратов;Набережные Челны;815;24500;1;DIRECT_LOW;old
https://city2city.ru/kirov-koryazhma.html;Киров;Коряжма;490;14500;1;DIRECT_LOW;old
https://city2city.ru/mariupol-kazan.html;Мариуполь;Казань;1680;50500;1;DIRECT_LOW;old
https://city2city.ru/nizhnij-novgorod-cherepovecz.html;Нижний Новгород;Череповец;690;20700;1;DIRECT_LOW;old
https://city2city.ru/belgorod-petrozavodsk.html;Белгород;Петрозаводск;1660;50000;1;DIRECT_LOW;old
https://city2city.ru/rostov-budyonnovsk.html;Ростов-на-Дону;Будённовск;540;16000;1;DIRECT_LOW;old
https://city2city.ru/samara-rossosh.html;Самара;Россошь;1000;30000;1;DIRECT_LOW;old
https://city2city.ru/svo-taxi-kostroma-lugansk.html;Кострома;Луганск;1390;41500;1;DIRECT_LOW;old
https://city2city.ru/belgorod-adler.html;Белгород;Адлер;1260;38000;1;DIRECT_LOW;old
https://city2city.ru/stavropol-sevastopol.html;Ставрополь;Севастополь;820;24500;1;DIRECT_LOW;old
https://city2city.ru/cheboksary-syktyvkar.html;Чебоксары;Сыктывкар;785;23600;1;DIRECT_LOW;old
https://city2city.ru/saratov-tambov.html;Саратов;Тамбов;450;13500;1;DIRECT_LOW;old
https://city2city.ru/chelyabinsk-berezniki.html;Челябинск;Березники;750;22500;1;DIRECT_LOW;old
https://city2city.ru/chelyabinsk-nizhnyaya-tura.html;Челябинск;Нижняя Тура;450;13500;1;DIRECT_LOW;old
https://city2city.ru/ekaterinburg-dobryanka.html;Екатеринбург;Добрянка;430;13000;1;DIRECT_LOW;old
https://city2city.ru/chelyabinsk-nizhnij-tagil.html;Челябинск;Нижний Тагил;350;10500;1;DIRECT_LOW;old
https://city2city.ru/saransk-kirov.html;Саранск;Киров;715;21400;1;DIRECT_LOW;old
https://city2city.ru/penza-tula.html;Пенза;Тула;625;19000;1;DIRECT_LOW;old
https://city2city.ru/saratov-elista.html;Саратов;Элиста;670;20000;1;DIRECT_LOW;old
https://city2city.ru/ulyanovsk-bugulma.html;Ульяновск;Бугульма;440;13000;1;DIRECT_LOW;old
https://city2city.ru/tula-penza.html;Тула;Пенза;659;19800;1;DIRECT_LOW;old
https://city2city.ru/ulyanovsk-belgorod.html;Ульяновск;Белгород;1135;34000;1;DIRECT_LOW;old
https://city2city.ru/ryazan-staricza.html;Рязань;Старица;450;13500;1;DIRECT_LOW;old
https://city2city.ru/voronezh-saransk.html;Воронеж;Саранск;630;19000;1;DIRECT_LOW;old
https://city2city.ru/kursk-orenburg.html;Курск;Оренбург;1550;46500;1;DIRECT_LOW;old
https://city2city.ru/bryansk-tver.html;Брянск;Тверь;520;15600;1;DIRECT_LOW;old
https://city2city.ru/stavropol-saratov.html;Ставрополь;Саратов;935;28000;1;DIRECT_LOW;old
https://city2city.ru/nizhnij-novgorod-kumertau.html;Нижний Новгород;Кумертау;1119;33600;1;DIRECT_LOW;old
https://city2city.ru/ekaterinburg-tobolsk.html;Екатеринбург;Тобольск;585;17600;1;DIRECT_LOW;old
https://city2city.ru/saratov-pyatigorsk.html;Саратов;Пятигорск;1000;30000;1;DIRECT_LOW;old
https://city2city.ru/oryol-rostov-na-donu.html;Орёл;Ростов-на-Дону;900;27000;1;DIRECT_LOW;old
https://city2city.ru/cheboksary-perm.html;Чебоксары;Пермь;725;22000;1;DIRECT_LOW;old
https://city2city.ru/bryansk-novomoskovsk.html;Брянск;Новомосковск;351;10500;1;DIRECT_LOW;old
https://city2city.ru/smolensk-rylsk.html;Смоленск;Рыльск;454;13600;1;DIRECT_LOW;old
https://city2city.ru/saratov-buzuluk.html;Саратов;Бузулук;560;16800;1;DIRECT_LOW;old
https://city2city.ru/voronezh-velikie-luki.html;Воронеж;Великие Луки;980;29400;1;DIRECT_LOW;old
https://city2city.ru/syktyvkar-cheboksary.html;Сыктывкар;Чебоксары;785;23600;1;DIRECT_LOW;old
https://city2city.ru/samara-kuzneck.html;Самара;Кузнецк;330;10000;1;DIRECT_LOW;old
https://city2city.ru/moskva-zlatoust.html;Москва;Златоуст;1620;48500;1;DIRECT_LOW;old
https://city2city.ru/rostov-smolensk.html;Ростов-на-Дону;Смоленск;1290;38500;1;DIRECT_LOW;old
https://city2city.ru/tver-bryansk.html;Тверь;Брянск;520;15600;1;DIRECT_LOW;old
https://city2city.ru/tyumen-chebarkul.html;Тюмень;Чебаркуль;510;15500;1;DIRECT_LOW;old
https://city2city.ru/penza-rostov-na-donu.html;Пенза;Ростов-на-Дону;930;27900;1;DIRECT_LOW;old
https://city2city.ru/tula-anapa.html;Тула;Анапа;1330;40000;1;DIRECT_LOW;old
https://city2city.ru/perm-magnitogorsk.html;Пермь;Магнитогорск;735;22000;1;DIRECT_LOW;old
https://city2city.ru/rostov-kamyshin.html;Ростов-на-Дону;Камышин;660;20000;1;DIRECT_LOW;old
https://city2city.ru/ivanovo-joshkar-ola.html;Иваново;Йошкар-Ола;540;16200;1;DIRECT_LOW;old
https://city2city.ru/novosibirsk-beryozovskiy.html;Новосибирск;Берёзовский;1610;48500;1;DIRECT_LOW;old
https://city2city.ru/bryansk-adler.html;Брянск;Адлер;1600;48000;1;DIRECT_LOW;old
https://city2city.ru/vladimir-vologda.html;Владимир;Вологда;425;13000;1;DIRECT_LOW;old
https://city2city.ru/izhevsk-joshkar-ola.html;Ижевск;Йошкар-Ола;495;15000;1;DIRECT_LOW;old
https://city2city.ru/yaroslavl-voronezh.html;Ярославль;Воронеж;785;23600;1;DIRECT_LOW;old
https://city2city.ru/penza-sevastopol.html;Пенза;Севастополь;1710;51500;1;DIRECT_LOW;old
https://city2city.ru/melitopol-ufa.html;Мелитополь;Уфа;2140;64000;1;DIRECT_LOW;old
https://city2city.ru/rostov-pervomajsk.html;Ростов-на-Дону;Первомайск;1090;32500;1;DIRECT_LOW;old
https://city2city.ru/ulyanovsk-aznakaevo.html;Ульяновск;Азнакаево;450;13500;1;DIRECT_LOW;old
https://city2city.ru/samara-glazov.html;Самара;Глазов;725;21800;1;DIRECT_LOW;old
https://city2city.ru/tambov-valujki.html;Тамбов;Валуйки;450;13500;1;DIRECT_LOW;old
https://city2city.ru/kirov-vologda.html;Киров;Вологда;745;22500;1;DIRECT_LOW;old
https://city2city.ru/novosibirsk-osinniki.html;Новосибирск;Осинники;400;12000;1;DIRECT_LOW;old
https://city2city.ru/krasnodar-tolyatti.html;Краснодар;Тольятти;1540;46000;1;DIRECT_LOW;old
https://city2city.ru/sankt-peterburg-valujki.html;Санкт-Петербург;Валуйки;1480;44400;1;DIRECT_LOW;old
https://city2city.ru/mariupol-stavropol.html;Мариуполь;Ставрополь;520;15500;1;DIRECT_LOW;old
https://city2city.ru/voronezh-arxangelsk.html;Воронеж;Архангельск;1740;52000;1;DIRECT_LOW;old
https://city2city.ru/ryazan-rostov-na-donu.html;Рязань;Ростов-на-Дону;950;28500;1;DIRECT_LOW;old
https://city2city.ru/ivanovo-ermolino.html;Иваново;Ермолино;410;12500;1;DIRECT_LOW;old
https://city2city.ru/ufa-kogalym.html;Уфа;Когалым;1800;54000;1;DIRECT_LOW;old
https://city2city.ru/vladimir-anapa.html;Владимир;Анапа;1670;50000;1;DIRECT_LOW;old
https://city2city.ru/kazan-poxvistnevo.html;Казань;Похвистнево;360;11000;1;DIRECT_LOW;old
https://city2city.ru/tver-velikij-novgorod.html;Тверь;Великий Новгород;365;11000;1;DIRECT_LOW;old
https://city2city.ru/tula-boguchar.html;Тула;Богучар;580;17500;1;DIRECT_LOW;old
https://city2city.ru/astraxan-budyonnovsk.html;Астрахань;Будённовск;500;15000;1;DIRECT_LOW;old
https://city2city.ru/astraxan-ryazan.html;Астрахань;Рязань;1220;36500;1;DIRECT_LOW;old
https://city2city.ru/svo-taxi-ekaterinburg-lugansk.html;Екатеринбург;Луганск;2160;65000;1;DIRECT_LOW;old
https://city2city.ru/lipeczk-boguchar.html;Липецк;Богучар;360;11000;1;DIRECT_LOW;old
https://city2city.ru/samara-sevastopol.html;Самара;Севастополь;2060;62000;1;DIRECT_LOW;old
https://city2city.ru/saransk-orenburg.html;Саранск;Оренбург;885;26500;1;DIRECT_LOW;old
https://city2city.ru/kurgan-troiczk.html;Курган;Троицк;2080;62500;1;DIRECT_LOW;old
https://city2city.ru/smolensk-rostov-na-donu.html;Смоленск;Ростов-на-Дону;1340;40200;1;DIRECT_LOW;old
https://city2city.ru/omsk-biysk.html;Омск;Бийск;990;29500;1;DIRECT_LOW;old
https://city2city.ru/melitopol-penza.html;Мелитополь;Пенза;1310;39500;1;DIRECT_LOW;old
https://city2city.ru/penza-millerovo.html;Пенза;Миллерово;720;21600;1;DIRECT_LOW;old
https://city2city.ru/orenburg-cheboksary.html;Оренбург;Чебоксары;880;26500;1;DIRECT_LOW;old
https://city2city.ru/astraxan-yalta.html;Астрахань;Ялта;1345;40400;1;DIRECT_LOW;old
https://city2city.ru/kursk-naro-fominsk.html;Курск;Наро-Фоминск;550;16500;1;DIRECT_LOW;old
https://city2city.ru/tyumen-voronezh.html;Тюмень;Воронеж;2135;64000;1;DIRECT_LOW;old
https://city2city.ru/ekaterinburg-sol-ileczk.html;Екатеринбург;Соль-Илецк;990;29500;1;DIRECT_LOW;old
https://city2city.ru/novosibirsk-sayanogorsk.html;Новосибирск;Саяногорск;1070;32000;1;DIRECT_LOW;old
https://city2city.ru/vladivostok-komsomolsk-na-amure.html;Владивосток;Комсомольск-на-Амуре;1150;34500;1;DIRECT_LOW;old
https://city2city.ru/barnaul-yurga.html;Барнаул;Юрга;410;12500;1;DIRECT_LOW;old
https://city2city.ru/vologda-vladimir.html;Вологда;Владимир;410;12500;1;DIRECT_LOW;old
https://city2city.ru/kurgan-chebarkul.html;Курган;Чебаркуль;370;11000;1;DIRECT_LOW;old
https://city2city.ru/ufa-tambov.html;Уфа;Тамбов;1115;33500;1;DIRECT_LOW;old
https://city2city.ru/chelyabinsk-nizhnij-novgorod.html;Челябинск;Нижний Новгород;1350;40500;1;DIRECT_LOW;old
https://city2city.ru/lugansk-kirov.html;Луганск;Киров;1730;52000;1;DIRECT_LOW;old
https://city2city.ru/xabarovsk-arsenev.html;Хабаровск;Арсеньев;620;18600;1;DIRECT_LOW;old
https://city2city.ru/petrozavodsk-boksitogorsk.html;Петрозаводск;Бокситогорск;410;12500;1;DIRECT_LOW;old
https://city2city.ru/astraxan-volgodonsk.html;Астрахань;Волгодонск;550;16500;1;DIRECT_LOW;old
https://city2city.ru/chelyabinsk-novotroiczk.html;Челябинск;Новотроицк;630;19000;1;DIRECT_LOW;old
https://city2city.ru/xabarovsk-svobodnyj.html;Хабаровск;Свободный;760;23000;1;DIRECT_LOW;old
https://city2city.ru/rostov-goryachij-klyuch.html;Ростов-на-Дону;Горячий Ключ;340;10000;1;DIRECT_LOW;old
https://city2city.ru/joshkar-ola-ufa.html;Йошкар-Ола;Уфа;685;20500;1;DIRECT_LOW;old
https://city2city.ru/tula-sochi.html;Тула;Сочи;1450;43500;1;DIRECT_LOW;old
https://city2city.ru/voronezh-yaroslavl.html;Воронеж;Ярославль;780;23400;1;DIRECT_LOW;old
https://city2city.ru/joshkar-ola-saratov.html;Йошкар-Ола;Саратов;765;23000;1;DIRECT_LOW;old
https://city2city.ru/xabarovsk-neryungri.html;Хабаровск;Нерюнгри;1550;46500;1;DIRECT_LOW;old
https://city2city.ru/svo-taxi-sochi-aeroport-donetsk.html;Сочи Аэропорт;Донецк;790;30000;1;DIRECT_LOW;old
https://city2city.ru/penza-orenburg.html;Пенза;Оренбург;830;24900;1;DIRECT_LOW;old
https://city2city.ru/saransk-tolyatti.html;Саранск;Тольятти;410;12500;1;DIRECT_LOW;old
https://city2city.ru/xabarovsk-tynda.html;Хабаровск;Тында;1340;40000;1;DIRECT_LOW;old
https://city2city.ru/syktyvkar-veliky_ustug.html;Сыктывкар;Великий Устюг;400;12000;1;DIRECT_LOW;old
https://city2city.ru/volgograd-rossosh.html;Волгоград;Россошь;565;17000;1;DIRECT_LOW;old
https://city2city.ru/belgorod-stavropol.html;Белгород;Ставрополь;1055;31500;1;DIRECT_LOW;old
https://city2city.ru/krasnoyarsk-sayanogorsk.html;Красноярск;Саяногорск;490;14700;1;DIRECT_LOW;old
https://city2city.ru/perm-sibaj.html;Пермь;Сибай;860;26000;1;DIRECT_LOW;old
https://city2city.ru/kirov-sarapul.html;Киров;Сарапул;470;14000;1;DIRECT_LOW;old
https://city2city.ru/rostov-balakovo.html;Ростов-на-Дону;Балаково;1020;30500;1;DIRECT_LOW;old
https://city2city.ru/kirov-mirnyj.html;Киров;Мирный;1370;41000;1;DIRECT_LOW;old
https://city2city.ru/rostov-kislovodsk.html;Ростов-на-Дону;Кисловодск;530;16000;1;DIRECT_LOW;old
https://city2city.ru/kirov-belebej.html;Киров;Белебей;740;22000;1;DIRECT_LOW;old
https://city2city.ru/sankt-peterburg-kandalaksha.html;Санкт-Петербург;Кандалакша;1110;33500;1;DIRECT_LOW;old
https://city2city.ru/voronezh-zheleznogorsk.html;Воронеж;Железногорск;330;10000;1;DIRECT_LOW;old
https://city2city.ru/kursk-anapa.html;Курск;Анапа;1215;36500;1;DIRECT_LOW;old
https://city2city.ru/krasnodar-znamensk.html;Краснодар;Знаменск;830;25000;1;DIRECT_LOW;old
https://city2city.ru/krasnodar-saransk.html;Краснодар;Саранск;1350;40500;1;DIRECT_LOW;old
https://city2city.ru/petrozavodsk-shuya.html;Петрозаводск;Шуя;1390;41500;1;DIRECT_LOW;old
https://city2city.ru/saratov-adler.html;Саратов;Адлер;1430;43000;1;DIRECT_LOW;old
https://city2city.ru/samara-salavat.html;Самара;Салават;530;16000;1;DIRECT_LOW;old
https://city2city.ru/tomsk-kiselyovsk.html;Томск;Киселёвск;380;11500;1;DIRECT_LOW;old
https://city2city.ru/samara-gelendzhik.html;Самара;Геленджик;1690;50500;1;DIRECT_LOW;old
https://city2city.ru/moskva-novoaleksandrovsk.html;Москва;Новоалександровск;1350;40500;1;DIRECT_LOW;old
https://city2city.ru/saratov-orsk.html;Саратов;Орск;1080;32500;1;DIRECT_LOW;old
https://city2city.ru/ekaterinburg-volgograd.html;Екатеринбург;Волгоград;1735;52000;1;DIRECT_LOW;old
https://city2city.ru/moskva-svetlograd.html;Москва;Светлоград;1460;44000;1;DIRECT_LOW;old
https://city2city.ru/kazan-simferopol.html;Казань;Симферополь;2120;63500;1;DIRECT_LOW;old
https://city2city.ru/yaroslavl-murom.html;Ярославль;Муром;360;11000;1;DIRECT_LOW;old
https://city2city.ru/nizhnij-novgorod-chelyabinsk.html;Нижний Новгород;Челябинск;1350;40500;1;DIRECT_LOW;old
https://city2city.ru/krasnodar-zelenokumsk.html;Краснодар;Зеленокумск;480;14500;1;DIRECT_LOW;old
https://city2city.ru/rostov-ulyanovsk.html;Ростов-на-Дону;Ульяновск;1300;39000;1;DIRECT_LOW;old
https://city2city.ru/kazan-zhigulyovsk.html;Казань;Жигулёвск;340;10000;1;DIRECT_LOW;old
https://city2city.ru/kemerovo-tashtagol.html;Кемерово;Таштагол;370;11000;1;DIRECT_LOW;old
https://city2city.ru/tambov-staryj-oskol.html;Тамбов;Старый Оскол;350;10500;1;DIRECT_LOW;old
https://city2city.ru/vologda-voronezh.html;Вологда;Воронеж;980;29500;1;DIRECT_LOW;old
https://city2city.ru/stavropol-temryuk.html;Ставрополь;Темрюк;450;13500;1;DIRECT_LOW;old
https://city2city.ru/orenburg-ilinka.html;Оренбург;село Ильинка;1560;47000;1;DIRECT_LOW;old
https://city2city.ru/astraxan-penza.html;Астрахань;Пенза;1010;30500;1;DIRECT_LOW;old
https://city2city.ru/kirov-saransk.html;Киров;Саранск;715;21400;1;DIRECT_LOW;old
https://city2city.ru/saratov-stavropol.html;Саратов;Ставрополь;935;28000;1;DIRECT_LOW;old
https://city2city.ru/samara-naro-fominsk.html;Самара;Наро-Фоминск;1170;35000;1;DIRECT_LOW;old
https://city2city.ru/orenburg-balakovo.html;Оренбург;Балаково;650;19500;1;DIRECT_LOW;old
https://city2city.ru/smolensk-kazan.html;Смоленск;Казань;1205;36000;1;DIRECT_LOW;old
https://city2city.ru/krasnoyarsk-dudinka.html;Красноярск;Дудинка;1950;58500;1;DIRECT_LOW;old
https://city2city.ru/rostov-essentuki.html;Ростов-на-Дону;Ессентуки;510;15500;1;DIRECT_LOW;old
https://city2city.ru/ufa-krasnoufimsk.html;Уфа;Красноуфимск;360;10800;1;DIRECT_LOW;old
https://city2city.ru/ufa-nizhnij-tagil.html;Уфа;Нижний Тагил;650;19500;1;DIRECT_LOW;old
https://city2city.ru/lipeczk-ivanovo.html;Липецк;Иваново;610;18300;1;DIRECT_LOW;old
https://city2city.ru/novosibirsk-sharypovo.html;Новосибирск;Шарыпово;560;17000;1;DIRECT_LOW;old
https://city2city.ru/stavropol-belgorod.html;Ставрополь;Белгород;1040;31000;1;DIRECT_LOW;old
https://city2city.ru/kazan-chebarkul.html;Казань;Чебаркуль;890;26700;1;DIRECT_LOW;old
https://city2city.ru/tyumen-ilinka.html;Тюмень;село Ильинка;930;28000;1;DIRECT_LOW;old
https://city2city.ru/astraxan-lipeczk.html;Астрахань;Липецк;1110;33500;1;DIRECT_LOW;old
https://city2city.ru/tomsk-sayanogorsk.html;Томск;Саяногорск;870;26000;1;DIRECT_LOW;old
https://city2city.ru/lipeczk-ekaterinburg.html;Липецк;Екатеринбург;1780;53500;1;DIRECT_LOW;old
https://city2city.ru/rostov-ryazan.html;Ростов-на-Дону;Рязань;950;28500;1;DIRECT_LOW;old
https://city2city.ru/volgograd-kamensk-shaxtinskij.html;Волгоград;Каменск-Шахтинский;365;11000;1;DIRECT_LOW;old
https://city2city.ru/lipeczk-tver.html;Липецк;Тверь;650;19500;1;DIRECT_LOW;old
https://city2city.ru/tyumen-langepas.html;Тюмень;Лангепас;920;27500;1;DIRECT_LOW;old
https://city2city.ru/belgorod-chelyabinsk.html;Белгород;Челябинск;2010;60500;1;DIRECT_LOW;old
https://city2city.ru/moskva-zelenokumsk.html;Москва;Зеленокумск;1620;48500;1;DIRECT_LOW;old
https://city2city.ru/krasnoyarsk-zima.html;Красноярск;Зима;800;24000;1;DIRECT_LOW;old
https://city2city.ru/volgograd-ekaterinburg.html;Волгоград;Екатеринбург;1695;51000;1;DIRECT_LOW;old
https://city2city.ru/yaroslavl-kotlas.html;Ярославль;Котлас;710;21500;1;DIRECT_LOW;old
https://city2city.ru/tambov-tolyatti.html;Тамбов;Тольятти;635;19000;1;DIRECT_LOW;old
https://city2city.ru/voronezh-zhirnovsk.html;Воронеж;Жирновск;480;14500;1;DIRECT_LOW;old
https://city2city.ru/ryazan-anapa.html;Рязань;Анапа;1380;41400;1;DIRECT_LOW;old
https://city2city.ru/astraxan-saratov.html;Астрахань;Саратов;800;24000;1;DIRECT_LOW;old
https://city2city.ru/nizhnij-novgorod-simferopol.html;Нижний Новгород;Симферополь;1980;59500;1;DIRECT_LOW;old
https://city2city.ru/saratov-astraxan.html;Саратов;Астрахань;810;24500;1;DIRECT_LOW;old
https://city2city.ru/smolensk-pskov.html;Смоленск;Псков;460;14000;1;DIRECT_LOW;old
https://city2city.ru/rostov-izhevsk.html;Ростов-на-Дону;Ижевск;1830;54900;1;DIRECT_LOW;old
https://city2city.ru/tyumen-muravlenko.html;Тюмень;Муравленко;1120;33500;1;DIRECT_LOW;old
https://city2city.ru/ufa-noyabrsk.html;Уфа;Ноябрьск;1930;58000;1;DIRECT_LOW;old
https://city2city.ru/ekaterinburg-nizhnevartovsk.html;Екатеринбург;Нижневартовск;1340;40000;1;DIRECT_LOW;old
https://city2city.ru/ufa-ivanovo.html;Уфа;Иваново;1205;36200;1;DIRECT_LOW;old
https://city2city.ru/stavropol-selo-grachyovka.html;Ставрополь;село Грачёвка;1550;46500;1;DIRECT_LOW;old
https://city2city.ru/krasnodar-blagodarnyj.html;Краснодар;Благодарный;450;13500;1;DIRECT_LOW;old
https://city2city.ru/joshkar-ola-ivanovo.html;Йошкар-Ола;Иваново;570;17100;1;DIRECT_LOW;old
https://city2city.ru/voronezh-gelendzhik.html;Воронеж;Геленджик;1010;30500;1;DIRECT_LOW;old
https://city2city.ru/moskva-glazov.html;Москва;Глазов;1220;36500;1;DIRECT_LOW;old
https://city2city.ru/oryol-anapa.html;Орёл;Анапа;1330;40000;1;DIRECT_LOW;old
https://city2city.ru/saratov-mixajlovka.html;Саратов;Михайловка;350;10500;1;DIRECT_LOW;old
https://city2city.ru/nizhnij-novgorod-adler.html;Нижний Новгород;Адлер;1860;56000;1;DIRECT_LOW;old
https://city2city.ru/irkutsk-zheleznogorsk-ilimskij.html;Иркутск;Железногорск-Илимский;846;34000;1;DIRECT_LOW;old
https://city2city.ru/stavropol-adler.html;Ставрополь;Адлер;510;15500;1;DIRECT_LOW;old
https://city2city.ru/kursk-gelendzhik.html;Курск;Геленджик;1230;37000;1;DIRECT_LOW;old
https://city2city.ru/lugansk-kostroma.html;Луганск;Кострома;1380;41400;1;DIRECT_LOW;old
https://city2city.ru/xabarovsk-dalnerechensk.html;Хабаровск;Дальнереченск;360;10800;1;DIRECT_LOW;old
https://city2city.ru/rostov-magnitogorsk.html;Ростов-на-Дону;Магнитогорск;2040;61000;1;DIRECT_LOW;old
https://city2city.ru/novosibirsk-tayga.html;Новосибирск;Тайга;340;10000;1;DIRECT_LOW;old
https://city2city.ru/smolensk-naro-fominsk.html;Смоленск;Наро-Фоминск;350;10500;1;DIRECT_LOW;old
https://city2city.ru/krasnodar-kamyshin.html;Краснодар;Камышин;930;28000;1;DIRECT_LOW;old
https://city2city.ru/volgograd-balashov.html;Волгоград;Балашов;740;22000;1;DIRECT_LOW;old
https://city2city.ru/rostov-murom.html;Ростов-на-Дону;Муром;1130;34000;1;DIRECT_LOW;old
