город_из,город_в,цена,расстояние_км,url,тип_города_из,тип_города_в,прогноз_частотности,стратегия
Хабаровск,Троицк,201000,6700,https://city2city.ru/xabarovsk-troiczk,A,C,НИЗКАЯ,ГРУППИРОВКА_ПО_ГОРОДУ
Владивосток,Новосибирск,174000,5800,https://city2city.ru/vladivostok-novosibirsk,B,B,НИЗКАЯ,ГРУППИРОВКА_ПО_ГОРОДУ
Иркутск,Троицк,153000,5100,https://city2city.ru/irkutsk-troiczk,A,C,НИЗКАЯ,ГРУППИРОВКА_ПО_ГОРОДУ
Якутск,Новосибирск,149400,4980,https://city2city.ru/yakutsk-novosibirsk,B,B,НИЗКАЯ,ГРУППИРОВКА_ПО_ГОРОДУ
Тюмень,Симферополь,96000,3200,https://city2city.ru/tyumen-simferopol,A,C,НИЗКАЯ,ГРУППИРОВКА_ПО_ГОРОДУ
Владивосток,Якутск,93000,3100,https://city2city.ru/vladivostok-yakutsk,B,B,НИЗКАЯ,ГРУППИРОВКА_ПО_ГОРОДУ
Якутск,Владивосток,92700,3090,https://city2city.ru/yakutsk-vladivostok,B,B,НИЗКАЯ,ГРУППИРОВКА_ПО_ГОРОДУ
Москва,Нижневартовск,90000,3000,https://city2city.ru/moskva-nizhnevartovsk,A,C,НИЗКАЯ,ГРУППИРОВКА_ПО_ГОРОДУ
Екатеринбург,Севастополь,89000,2960,https://city2city.ru/ekaterinburg-sevastopol,A,C,НИЗКАЯ,ГРУППИРОВКА_ПО_ГОРОДУ
Пермь,Севастополь,88000,2940,https://city2city.ru/perm-sevastopol,A,C,НИЗКАЯ,ГРУППИРОВКА_ПО_ГОРОДУ
Челябинск,Симферополь,85000,2840,https://city2city.ru/chelyabinsk-simferopol,A,C,НИЗКАЯ,ГРУППИРОВКА_ПО_ГОРОДУ
Пермь,Симферополь,85000,2830,https://city2city.ru/perm-simferopol,A,C,НИЗКАЯ,ГРУППИРОВКА_ПО_ГОРОДУ
Москва,Сургут,83700,2790,https://city2city.ru/moskva-surgut,A,C,НИЗКАЯ,ГРУППИРОВКА_ПО_ГОРОДУ
Хабаровск,Улан-Удэ,83000,2770,https://city2city.ru/xabarovsk-ulan-ude-2,A,C,НИЗКАЯ,ГРУППИРОВКА_ПО_ГОРОДУ
Казань,Новый Уренгой,82000,2740,https://city2city.ru/kazan-novyj-urengoj,A,C,НИЗКАЯ,ГРУППИРОВКА_ПО_ГОРОДУ
Оренбург,Новый Уренгой,80000,2660,https://city2city.ru/orenburg-novyj-urengoj,A,C,НИЗКАЯ,ГРУППИРОВКА_ПО_ГОРОДУ
Красноярск,Сургут,79000,2640,https://city2city.ru/krasnoyarsk-surgut,A,C,НИЗКАЯ,ГРУППИРОВКА_ПО_ГОРОДУ
Екатеринбург,Геленджик,78500,2620,https://city2city.ru/ekaterinburg-gelendzhik,A,C,НИЗКАЯ,ГРУППИРОВКА_ПО_ГОРОДУ
Екатеринбург,Туапсе,78500,2620,https://city2city.ru/ekaterinburg-tuapse,A,C,НИЗКАЯ,ГРУППИРОВКА_ПО_ГОРОДУ
Красноярск,Златоуст,75500,2510,https://city2city.ru/krasnoyarsk-zlatoust,A,C,НИЗКАЯ,ГРУППИРОВКА_ПО_ГОРОДУ
Санкт-Петербург,Симферополь,75500,2510,https://city2city.ru/sankt-peterburg-simferopol,A,C,НИЗКАЯ,ГРУППИРОВКА_ПО_ГОРОДУ
Уфа,Севастополь,75500,2520,https://city2city.ru/ufa-sevastopol,A,C,НИЗКАЯ,ГРУППИРОВКА_ПО_ГОРОДУ
Санкт-Петербург,Севастополь,74600,2485,https://city2city.ru/sankt-peterburg-sevastopol,A,C,НИЗКАЯ,ГРУППИРОВКА_ПО_ГОРОДУ
Санкт-Петербург,Орск,74000,2470,https://city2city.ru/sankt-peterburg-orsk,A,C,НИЗКАЯ,ГРУППИРОВКА_ПО_ГОРОДУ
Уфа,Симферополь,73000,2440,https://city2city.ru/ufa-simferopol,A,C,НИЗКАЯ,ГРУППИРОВКА_ПО_ГОРОДУ
Оренбург,деревня Николаевка,72000,2400,https://city2city.ru/orenburg-nikolaevka,A,C,НИЗКАЯ,ГРУППИРОВКА_ПО_ГОРОДУ
Иркутск,Нерюнгри,71500,2380,https://city2city.ru/irkutsk-neryungri,A,C,НИЗКАЯ,ГРУППИРОВКА_ПО_ГОРОДУ
Санкт-Петербург,Магнитогорск,71000,2365,https://city2city.ru/sankt-peterburg-magnitogorsk,A,C,НИЗКАЯ,ГРУППИРОВКА_ПО_ГОРОДУ
Уфа,Новый Уренгой,71000,2370,https://city2city.ru/ufa-novyj-urengoj,A,C,НИЗКАЯ,ГРУППИРОВКА_ПО_ГОРОДУ
Самара,Нижневартовск,68000,2260,https://city2city.ru/samara-nizhnevartovsk,A,C,НИЗКАЯ,ГРУППИРОВКА_ПО_ГОРОДУ
Москва,Тобольск,67500,2245,https://city2city.ru/moskva-tobolsk,A,C,НИЗКАЯ,ГРУППИРОВКА_ПО_ГОРОДУ
Казань,Севастополь,66500,2210,https://city2city.ru/kazan-sevastopol,A,C,НИЗКАЯ,ГРУППИРОВКА_ПО_ГОРОДУ
Казань,деревня Николаевка,66000,2200,https://city2city.ru/kazan-nikolaevka,A,C,НИЗКАЯ,ГРУППИРОВКА_ПО_ГОРОДУ
Оренбург,Джанкой,65500,2190,https://city2city.ru/orenburg-dzhankoj,A,C,НИЗКАЯ,ГРУППИРОВКА_ПО_ГОРОДУ
Екатеринбург,Луганск,65000,2160,https://city2city.ru/svo-taxi-ekaterinburg-lugansk,A,C,НИЗКАЯ,ГРУППИРОВКА_ПО_ГОРОДУ
Красноярск,Чита,64000,2135,https://city2city.ru/krasnoyarsk-chita,A,C,НИЗКАЯ,ГРУППИРОВКА_ПО_ГОРОДУ
Оренбург,Нижневартовск,64000,2140,https://city2city.ru/orenburg-nizhnevartovsk,A,C,НИЗКАЯ,ГРУППИРОВКА_ПО_ГОРОДУ
Уфа,Геленджик,64000,2140,https://city2city.ru/ufa-gelendzhik,A,C,НИЗКАЯ,ГРУППИРОВКА_ПО_ГОРОДУ
Мурманск,Сыктывкар,63900,2129,https://city2city.ru/murmansk-syktyvkar,B,B,НИЗКАЯ,ГРУППИРОВКА_ПО_ГОРОДУ
Казань,Симферополь,63500,2120,https://city2city.ru/kazan-simferopol,A,C,НИЗКАЯ,ГРУППИРОВКА_ПО_ГОРОДУ
Хабаровск,Чита,63200,2105,https://city2city.ru/xabarovsk-chita,A,C,НИЗКАЯ,ГРУППИРОВКА_ПО_ГОРОДУ
Хабаровск,Чита,63000,2105,https://city2city.ru/xabarovsk-chita-2,A,C,НИЗКАЯ,ГРУППИРОВКА_ПО_ГОРОДУ
Екатеринбург,Донецк,62500,2090,https://city2city.ru/ekaterinburg-app-doneczk,A,C,НИЗКАЯ,ГРУППИРОВКА_ПО_ГОРОДУ
Нижний Новгород,Севастополь,62000,2070,https://city2city.ru/nizhnij-novgorod-sevastopol,A,C,НИЗКАЯ,ГРУППИРОВКА_ПО_ГОРОДУ
Самара,Севастополь,62000,2060,https://city2city.ru/samara-sevastopol,A,C,НИЗКАЯ,ГРУППИРОВКА_ПО_ГОРОДУ
Йошкар-Ола,Сочи,61000,2030,https://city2city.ru/joshkar-ola-sochi,B,B,НИЗКАЯ,ГРУППИРОВКА_ПО_ГОРОДУ
Ростов-на-Дону,Магнитогорск,61000,2040,https://city2city.ru/rostov-magnitogorsk,A,C,НИЗКАЯ,ГРУППИРОВКА_ПО_ГОРОДУ
Самара,Сургут,61000,2035,https://city2city.ru/samara-surgut,A,C,НИЗКАЯ,ГРУППИРОВКА_ПО_ГОРОДУ
Челябинск,Валуйки,60300,2010,https://city2city.ru/chelyabinsk-valujki,A,C,НИЗКАЯ,ГРУППИРОВКА_ПО_ГОРОДУ
Казань,Сургут,59800,1995,https://city2city.ru/kazan-surgut,A,C,НИЗКАЯ,ГРУППИРОВКА_ПО_ГОРОДУ
Нижний Новгород,Симферополь,59500,1980,https://city2city.ru/nizhnij-novgorod-simferopol,A,C,НИЗКАЯ,ГРУППИРОВКА_ПО_ГОРОДУ
Тверь,Севастополь,59000,1965,https://city2city.ru/tver-sevastopol,A,C,НИЗКАЯ,ГРУППИРОВКА_ПО_ГОРОДУ
Оренбург,Сургут,58200,1940,https://city2city.ru/orenburg-surgut,A,C,НИЗКАЯ,ГРУППИРОВКА_ПО_ГОРОДУ
Челябинск,Новый Уренгой,58000,1940,https://city2city.ru/chelyabinsk-novyj-urengoj,A,C,НИЗКАЯ,ГРУППИРОВКА_ПО_ГОРОДУ
Уфа,Архангельск,57300,1910,https://city2city.ru/ufa-arxangelsk,A,C,НИЗКАЯ,ГРУППИРОВКА_ПО_ГОРОДУ
Белгород,Архангельск,57000,1900,https://city2city.ru/belgorod-arxangelsk,A,C,НИЗКАЯ,ГРУППИРОВКА_ПО_ГОРОДУ
Уфа,Донецк,56700,1890,https://city2city.ru/ufa-doneczk-rostovskaya-oblast,A,C,НИЗКАЯ,ГРУППИРОВКА_ПО_ГОРОДУ
Уфа,Нижневартовск,55200,1840,https://city2city.ru/ufa-nizhnevartovsk,A,C,НИЗКАЯ,ГРУППИРОВКА_ПО_ГОРОДУ
Оренбург,Донецк,54500,1810,https://city2city.ru/svo-taxi-orenburg-donetsk,A,C,НИЗКАЯ,ГРУППИРОВКА_ПО_ГОРОДУ
Иваново,Геленджик,54000,1800,https://city2city.ru/ivanovo-gelendzhik,A,C,НИЗКАЯ,ГРУППИРОВКА_ПО_ГОРОДУ
Самара,Джанкой,54000,1800,https://city2city.ru/samara-dzhankoj,A,C,НИЗКАЯ,ГРУППИРОВКА_ПО_ГОРОДУ
Москва,Орск,53100,1770,https://city2city.ru/moskva-orsk,A,C,НИЗКАЯ,ГРУППИРОВКА_ПО_ГОРОДУ
Благовещенск,Якутск,53000,1765,https://city2city.ru/blagoveshhensk-jakutsk,B,B,НИЗКАЯ,ГРУППИРОВКА_ПО_ГОРОДУ
Москва,Баймак,53000,1760,https://city2city.ru/moskva-bajmak,A,C,НИЗКАЯ,ГРУППИРОВКА_ПО_ГОРОДУ
Москва,Сибай,53000,1760,https://city2city.ru/moskva-sibaj,A,C,НИЗКАЯ,ГРУППИРОВКА_ПО_ГОРОДУ
Ростов-на-Дону,Стерлитамак,53000,1770,https://city2city.ru/rostov-sterlitamak,A,C,НИЗКАЯ,ГРУППИРОВКА_ПО_ГОРОДУ
Якутск,Благовещенск,53000,1765,https://city2city.ru/yakutsk-blagoveshhensk,B,B,НИЗКАЯ,ГРУППИРОВКА_ПО_ГОРОДУ
Нижний Новгород,Геленджик,52000,1730,https://city2city.ru/nizhnij-novgorod-gelendzhik,A,C,НИЗКАЯ,ГРУППИРОВКА_ПО_ГОРОДУ
Тюмень,Каменка,52000,1730,https://city2city.ru/tyumen-kamenka,A,C,НИЗКАЯ,ГРУППИРОВКА_ПО_ГОРОДУ
Воронеж,Архангельск,52000,1740,https://city2city.ru/voronezh-arxangelsk,A,C,НИЗКАЯ,ГРУППИРОВКА_ПО_ГОРОДУ
Брянск,Симферополь,51500,1720,https://city2city.ru/bryansk-simferopol,A,C,НИЗКАЯ,ГРУППИРОВКА_ПО_ГОРОДУ
Пенза,Севастополь,51500,1710,https://city2city.ru/penza-sevastopol,A,C,НИЗКАЯ,ГРУППИРОВКА_ПО_ГОРОДУ
Уфа,Луганск,51500,1710,https://city2city.ru/svo-taxi-ufa-lugansk,A,C,НИЗКАЯ,ГРУППИРОВКА_ПО_ГОРОДУ
Екатеринбург,Троицк,51000,1700,https://city2city.ru/ekaterinburg-troiczk,A,C,НИЗКАЯ,ГРУППИРОВКА_ПО_ГОРОДУ
Казань,Кисловодск,51000,1700,https://city2city.ru/kazan-kislovodsk,A,C,НИЗКАЯ,ГРУППИРОВКА_ПО_ГОРОДУ
Ростов-на-Дону,Набережные Челны,50700,1690,https://city2city.ru/rostov-naberezhnye-chelny,A,C,НИЗКАЯ,ГРУППИРОВКА_ПО_ГОРОДУ
Калуга,Джанкой,50600,1688,https://city2city.ru/kaluga-dzhankoj,A,C,НИЗКАЯ,ГРУППИРОВКА_ПО_ГОРОДУ
Калуга,Симферополь,50500,1680,https://city2city.ru/kaluga-simferopol,A,C,НИЗКАЯ,ГРУППИРОВКА_ПО_ГОРОДУ
Киров,Донецк,50500,1690,https://city2city.ru/kirov-doneczk-rostovskaya-oblast,A,C,НИЗКАЯ,ГРУППИРОВКА_ПО_ГОРОДУ
Самара,Геленджик,50500,1690,https://city2city.ru/samara-gelendzhik,A,C,НИЗКАЯ,ГРУППИРОВКА_ПО_ГОРОДУ
Смоленск,Архангельск,50100,1670,https://city2city.ru/smolensk-arxangelsk,A,C,НИЗКАЯ,ГРУППИРОВКА_ПО_ГОРОДУ
Москва,Магнитогорск,50000,1665,https://city2city.ru/moskva-magnitogorsk,A,C,НИЗКАЯ,ГРУППИРОВКА_ПО_ГОРОДУ
Пенза,деревня Николаевка,50000,1670,https://city2city.ru/penza-nikolaevka,A,C,НИЗКАЯ,ГРУППИРОВКА_ПО_ГОРОДУ
Уфа,Сургут,48600,1620,https://city2city.ru/ufa-surgut,A,C,НИЗКАЯ,ГРУППИРОВКА_ПО_ГОРОДУ
Москва,Зеленокумск,48500,1620,https://city2city.ru/moskva-zelenokumsk,A,C,НИЗКАЯ,ГРУППИРОВКА_ПО_ГОРОДУ
Москва,Златоуст,48500,1620,https://city2city.ru/moskva-zlatoust,A,C,НИЗКАЯ,ГРУППИРОВКА_ПО_ГОРОДУ
Ростов-на-Дону,Нижнекамск,48500,1610,https://city2city.ru/rostov-nizhnekamsk,A,C,НИЗКАЯ,ГРУППИРОВКА_ПО_ГОРОДУ
Тула,Симферополь,48000,1600,https://city2city.ru/tula-simferopol,A,C,НИЗКАЯ,ГРУППИРОВКА_ПО_ГОРОДУ
Москва,Ессентуки,47700,1590,https://city2city.ru/moskva-essentuki,A,C,НИЗКАЯ,ГРУППИРОВКА_ПО_ГОРОДУ
Псков,Валуйки,47000,1570,https://city2city.ru/pskov-valujki,A,C,НИЗКАЯ,ГРУППИРОВКА_ПО_ГОРОДУ
Ростов-на-Дону,Туймазы,47000,1568,https://city2city.ru/rostov-tujmazy,A,C,НИЗКАЯ,ГРУППИРОВКА_ПО_ГОРОДУ
Уфа,Миллерово,46800,1560,https://city2city.ru/ufa-millerovo,A,C,НИЗКАЯ,ГРУППИРОВКА_ПО_ГОРОДУ
Тюмень,Новый Уренгой,46500,1550,https://city2city.ru/tyumen-urengoj,A,C,НИЗКАЯ,ГРУППИРОВКА_ПО_ГОРОДУ
Хабаровск,Нерюнгри,46500,1550,https://city2city.ru/xabarovsk-neryungri,A,C,НИЗКАЯ,ГРУППИРОВКА_ПО_ГОРОДУ
Челябинск,рабочий посёлок Елань,46000,1540,https://city2city.ru/chelyabinsk-elan,A,C,НИЗКАЯ,ГРУППИРОВКА_ПО_ГОРОДУ
Киров,Миллерово,46000,1540,https://city2city.ru/kirov-millerovo,A,C,НИЗКАЯ,ГРУППИРОВКА_ПО_ГОРОДУ
Оренбург,Троицк,46000,1530,https://city2city.ru/orenburg-troiczk,A,C,НИЗКАЯ,ГРУППИРОВКА_ПО_ГОРОДУ
Тюмень,Новый Уренгой,45900,1530,https://city2city.ru/tyumen-novyj-urengoj,A,C,НИЗКАЯ,ГРУППИРОВКА_ПО_ГОРОДУ
Барнаул,Кызыл,45500,1520,https://city2city.ru/barnaul-kyzyl,B,B,НИЗКАЯ,ГРУППИРОВКА_ПО_ГОРОДУ
Киров,река Старая Граница,45000,1500,https://city2city.ru/kirov-granicza-ukraina,A,C,НИЗКАЯ,ГРУППИРОВКА_ПО_ГОРОДУ
Оренбург,река Старая Граница,45000,1500,https://city2city.ru/orenburg-granicza-ukraina,A,C,НИЗКАЯ,ГРУППИРОВКА_ПО_ГОРОДУ
Красноярск,Улан-Удэ,44700,1490,https://city2city.ru/krasnoyarsk-ulan-ude,A,C,НИЗКАЯ,ГРУППИРОВКА_ПО_ГОРОДУ
Курск,Симферополь,44500,1480,https://city2city.ru/kursk-simferopol,A,C,НИЗКАЯ,ГРУППИРОВКА_ПО_ГОРОДУ
Казань,Луганск,44500,1490,https://city2city.ru/svo-taxi-kazan-lugansk,A,C,НИЗКАЯ,ГРУППИРОВКА_ПО_ГОРОДУ
Оренбург,посёлок городского типа Ровеньки,44400,1480,https://city2city.ru/orenburg-rovenki,A,C,НИЗКАЯ,ГРУППИРОВКА_ПО_ГОРОДУ
Санкт-Петербург,Валуйки,44400,1480,https://city2city.ru/sankt-peterburg-valujki,A,C,НИЗКАЯ,ГРУППИРОВКА_ПО_ГОРОДУ
Белгород,Севастополь,44000,1470,https://city2city.ru/belgorod-sevastopol,A,C,НИЗКАЯ,ГРУППИРОВКА_ПО_ГОРОДУ
Брянск,Геленджик,44000,1470,https://city2city.ru/bryansk-gelendzhik,A,C,НИЗКАЯ,ГРУППИРОВКА_ПО_ГОРОДУ
Владивосток,Благовещенск,43600,1455,https://city2city.ru/vladivostok-blagoveshhensk,B,B,НИЗКАЯ,ГРУППИРОВКА_ПО_ГОРОДУ
Тверь,Ейск,43500,1450,https://city2city.ru/tver-ejsk,A,C,НИЗКАЯ,ГРУППИРОВКА_ПО_ГОРОДУ
Челябинск,Нижневартовск,42500,1420,https://city2city.ru/chelyabinsk-nizhnevartovsk,A,C,НИЗКАЯ,ГРУППИРОВКА_ПО_ГОРОДУ
Казань,Архангельск,42500,1420,https://city2city.ru/kazan-arxangelsk,A,C,НИЗКАЯ,ГРУППИРОВКА_ПО_ГОРОДУ
Кострома,Ростов,42500,1420,https://city2city.ru/kostroma-rostov-velikij,A,C,НИЗКАЯ,ГРУППИРОВКА_ПО_ГОРОДУ
Благовещенск,Владивосток,42400,1415,https://city2city.ru/blagoveshhensk-vladivostok,B,B,НИЗКАЯ,ГРУППИРОВКА_ПО_ГОРОДУ
Белгород,Симферополь,41500,1380,https://city2city.ru/belgorod-simferopol,A,C,НИЗКАЯ,ГРУППИРОВКА_ПО_ГОРОДУ
Курск,Октябрьский,41500,1383,https://city2city.ru/kursk-oktyabrskij-respublika-bashkortostan,A,C,НИЗКАЯ,ГРУППИРОВКА_ПО_ГОРОДУ
Рязань,Геленджик,41500,1390,https://city2city.ru/ryazan-gelendzhik,A,C,НИЗКАЯ,ГРУППИРОВКА_ПО_ГОРОДУ
Кострома,Луганск,41500,1390,https://city2city.ru/svo-taxi-kostroma-lugansk,A,C,НИЗКАЯ,ГРУППИРОВКА_ПО_ГОРОДУ
Ростов-на-Дону,Углич,41000,1360,https://city2city.ru/rostov-uglich,A,C,НИЗКАЯ,ГРУППИРОВКА_ПО_ГОРОДУ
Саратов,Джанкой,41000,1370,https://city2city.ru/saratov-dzhankoj,A,C,НИЗКАЯ,ГРУППИРОВКА_ПО_ГОРОДУ
Астрахань,Севастополь,40500,1350,https://city2city.ru/astraxan-sevastopol,A,C,НИЗКАЯ,ГРУППИРОВКА_ПО_ГОРОДУ
Уфа,Подольск,40500,1350,https://city2city.ru/ufa-podolsk,A,C,НИЗКАЯ,ГРУППИРОВКА_ПО_ГОРОДУ
Екатеринбург,Нижневартовск,40000,1340,https://city2city.ru/ekaterinburg-nizhnevartovsk,A,C,НИЗКАЯ,ГРУППИРОВКА_ПО_ГОРОДУ
Орёл,Геленджик,40000,1340,https://city2city.ru/oryol-gelendzhik,A,C,НИЗКАЯ,ГРУППИРОВКА_ПО_ГОРОДУ
Воронеж,Севастополь,40000,1340,https://city2city.ru/voronezh-sevastopol,A,C,НИЗКАЯ,ГРУППИРОВКА_ПО_ГОРОДУ
Краснодар,Кузнецк,39600,1320,https://city2city.ru/krasnodar-kuzneczk,A,C,НИЗКАЯ,ГРУППИРОВКА_ПО_ГОРОДУ
Ростов-на-Дону,Ростов,39000,1300,https://city2city.ru/rostov-rostov-velikij,A,C,НИЗКАЯ,ГРУППИРОВКА_ПО_ГОРОДУ
Новосибирск,Кызыл,38700,1290,https://city2city.ru/novosibirsk-kyzyl,B,B,НИЗКАЯ,ГРУППИРОВКА_ПО_ГОРОДУ
Кызыл,Новосибирск,38600,1285,https://city2city.ru/kyzyl-novosibirsk,B,B,НИЗКАЯ,ГРУППИРОВКА_ПО_ГОРОДУ
Нижний Новгород,Ростов,38500,1290,https://city2city.ru/nizhnij-novgorod-rostov-velikij,A,C,НИЗКАЯ,ГРУППИРОВКА_ПО_ГОРОДУ
Саранск,Березники,38500,1290,https://city2city.ru/saransk-berezniki,A,C,НИЗКАЯ,ГРУППИРОВКА_ПО_ГОРОДУ
Нижний Новгород,Чебаркуль,38400,1280,https://city2city.ru/nizhnij-novgorod-chebarkul,A,C,НИЗКАЯ,ГРУППИРОВКА_ПО_ГОРОДУ
Москва,Бузулук,37500,1250,https://city2city.ru/moskva-buzuluk,A,C,НИЗКАЯ,ГРУППИРОВКА_ПО_ГОРОДУ
Пенза,Минеральные Воды,37500,1245,https://city2city.ru/penza-mineralnye-vody,A,C,НИЗКАЯ,ГРУППИРОВКА_ПО_ГОРОДУ
Самара,Луганск,37500,1250,https://city2city.ru/svo-taxi-samara-lugansk,A,C,НИЗКАЯ,ГРУППИРОВКА_ПО_ГОРОДУ
Курск,Геленджик,37000,1230,https://city2city.ru/kursk-gelendzhik,A,C,НИЗКАЯ,ГРУППИРОВКА_ПО_ГОРОДУ
Москва,Белебей,37000,1230,https://city2city.ru/moskva-belebej,A,C,НИЗКАЯ,ГРУППИРОВКА_ПО_ГОРОДУ
Владимир,Ростов,37000,1240,https://city2city.ru/vladimir-rostov-velikij,A,C,НИЗКАЯ,ГРУППИРОВКА_ПО_ГОРОДУ
Воронеж,Набережные Челны,36900,1230,https://city2city.ru/voronezh-naberezhnye-chelny,A,C,НИЗКАЯ,ГРУППИРОВКА_ПО_ГОРОДУ
Москва,Глазов,36500,1220,https://city2city.ru/moskva-glazov,A,C,НИЗКАЯ,ГРУППИРОВКА_ПО_ГОРОДУ
Челябинск,Сургут,36000,1195,https://city2city.ru/chelyabinsk-surgut,A,C,НИЗКАЯ,ГРУППИРОВКА_ПО_ГОРОДУ
Казань,Россошь,36000,1195,https://city2city.ru/kazan-rossosh,A,C,НИЗКАЯ,ГРУППИРОВКА_ПО_ГОРОДУ
Брянск,Хвалынск,35900,1196,https://city2city.ru/bryansk-xvalynsk,A,C,НИЗКАЯ,ГРУППИРОВКА_ПО_ГОРОДУ
Москва,Сарапул,35700,1190,https://city2city.ru/moskva-sarapul,A,C,НИЗКАЯ,ГРУППИРОВКА_ПО_ГОРОДУ
Волгоград,Набережные Челны,35600,1185,https://city2city.ru/volgograd-naberezhnye-chelny,A,C,НИЗКАЯ,ГРУППИРОВКА_ПО_ГОРОДУ
Красноярск,Яровое,35500,1180,https://city2city.ru/krasnoyarsk-yarovoe,A,C,НИЗКАЯ,ГРУППИРОВКА_ПО_ГОРОДУ
Кызыл,Томск,35500,1180,https://city2city.ru/kyzyl-tomsk,B,B,НИЗКАЯ,ГРУППИРОВКА_ПО_ГОРОДУ
Орёл,Березники,35500,1180,https://city2city.ru/oryol-berezniki,A,C,НИЗКАЯ,ГРУППИРОВКА_ПО_ГОРОДУ
Брянск,Донецк,35100,1170,https://city2city.ru/bryansk-doneczk-rostovskaya-oblast,A,C,НИЗКАЯ,ГРУППИРОВКА_ПО_ГОРОДУ
Волгоград,Севастополь,35100,1170,https://city2city.ru/volgograd-sevastopol,A,C,НИЗКАЯ,ГРУППИРОВКА_ПО_ГОРОДУ
Москва,Туймазы,35000,1170,https://city2city.ru/moskva-tujmazy,A,C,НИЗКАЯ,ГРУППИРОВКА_ПО_ГОРОДУ
Самара,Наро-Фоминск,35000,1170,https://city2city.ru/samara-naro-fominsk,A,C,НИЗКАЯ,ГРУППИРОВКА_ПО_ГОРОДУ
Ульяновск,деревня Николаевка,35000,1160,https://city2city.ru/ulyanovsk-nikolaevka,A,C,НИЗКАЯ,ГРУППИРОВКА_ПО_ГОРОДУ
Астрахань,Валуйки,34500,1150,https://city2city.ru/astraxan-valujki,A,C,НИЗКАЯ,ГРУППИРОВКА_ПО_ГОРОДУ
Ростов-на-Дону,Сызрань,34500,1150,https://city2city.ru/rostov-syzran,A,C,НИЗКАЯ,ГРУППИРОВКА_ПО_ГОРОДУ
Челябинск,Кузнецк,34000,1140,https://city2city.ru/chelyabinsk-kuzneczk,A,C,НИЗКАЯ,ГРУППИРОВКА_ПО_ГОРОДУ
Екатеринбург,Шарья,34000,1135,https://city2city.ru/ekaterinburg-sharya,A,C,НИЗКАЯ,ГРУППИРОВКА_ПО_ГОРОДУ
Киров,Архангельск,34000,1130,https://city2city.ru/kirov-arxangelsk,A,C,НИЗКАЯ,ГРУППИРОВКА_ПО_ГОРОДУ
Липецк,Геленджик,34000,1130,https://city2city.ru/lipeczk-gelendzhik,A,C,НИЗКАЯ,ГРУППИРОВКА_ПО_ГОРОДУ
Ростов-на-Дону,Муром,34000,1130,https://city2city.ru/rostov-murom,A,C,НИЗКАЯ,ГРУППИРОВКА_ПО_ГОРОДУ
Волгоград,Нижнекамск,33900,1130,https://city2city.ru/volgograd-nizhnekamsk,A,C,НИЗКАЯ,ГРУППИРОВКА_ПО_ГОРОДУ
Екатеринбург,Сургут,33800,1125,https://city2city.ru/ekaterinburg-surgut,A,C,НИЗКАЯ,ГРУППИРОВКА_ПО_ГОРОДУ
Нижний Новгород,Кумертау,33600,1119,https://city2city.ru/nizhnij-novgorod-kumertau,A,C,НИЗКАЯ,ГРУППИРОВКА_ПО_ГОРОДУ
Кызыл,Кемерово,33500,1120,https://city2city.ru/kyzyl-kemerovo,B,B,НИЗКАЯ,ГРУППИРОВКА_ПО_ГОРОДУ
Ростов-на-Дону,Наро-Фоминск,33500,1110,https://city2city.ru/rostov-naro-fominsk,A,C,НИЗКАЯ,ГРУППИРОВКА_ПО_ГОРОДУ
Красноярск,Горно-Алтайск,33000,1095,https://city2city.ru/krasnoyarsk-gorno-altajsk,A,C,НИЗКАЯ,ГРУППИРОВКА_ПО_ГОРОДУ
Ульяновск,река Старая Граница,33000,1100,https://city2city.ru/ulyanovsk-granicza-ukraina,A,C,НИЗКАЯ,ГРУППИРОВКА_ПО_ГОРОДУ
Иркутск,Чита,32800,1095,https://city2city.ru/irkutsk-chita,A,C,НИЗКАЯ,ГРУППИРОВКА_ПО_ГОРОДУ
Кострома,Валуйки,32700,1090,https://city2city.ru/kostroma-valujki,A,C,НИЗКАЯ,ГРУППИРОВКА_ПО_ГОРОДУ
Москва,Ростов,32500,1080,https://city2city.ru/moskva-rostov-velikij,A,C,НИЗКАЯ,ГРУППИРОВКА_ПО_ГОРОДУ
Орёл,Ейск,32500,1080,https://city2city.ru/oryol-ejsk,A,C,НИЗКАЯ,ГРУППИРОВКА_ПО_ГОРОДУ
Ростов-на-Дону,Первомайск,32500,1090,https://city2city.ru/rostov-pervomajsk,A,C,НИЗКАЯ,ГРУППИРОВКА_ПО_ГОРОДУ
Саратов,Орск,32500,1080,https://city2city.ru/saratov-orsk,A,C,НИЗКАЯ,ГРУППИРОВКА_ПО_ГОРОДУ
Воронеж,Бузулук,32400,1080,https://city2city.ru/voronezh-buzuluk,A,C,НИЗКАЯ,ГРУППИРОВКА_ПО_ГОРОДУ
Красноярск,Белокуриха,32000,1060,https://city2city.ru/krasnoyarsk-belokurixa,A,C,НИЗКАЯ,ГРУППИРОВКА_ПО_ГОРОДУ
Иваново,посёлок городского типа Ровеньки,31800,1060,https://city2city.ru/ivanovo-rovenki,A,C,НИЗКАЯ,ГРУППИРОВКА_ПО_ГОРОДУ
Оренбург,Первомайск,31500,1050,https://city2city.ru/orenburg-pervomajsk,A,C,НИЗКАЯ,ГРУППИРОВКА_ПО_ГОРОДУ
Воронеж,Минеральные Воды,31500,1045,https://city2city.ru/voronezh-mineralnye-vody,A,C,НИЗКАЯ,ГРУППИРОВКА_ПО_ГОРОДУ
Чебоксары,Магнитогорск,31000,1035,https://city2city.ru/cheboksary-magnitogorsk,A,C,НИЗКАЯ,ГРУППИРОВКА_ПО_ГОРОДУ
Ростов-на-Дону,Коломна,31000,1030,https://city2city.ru/rostov-kolomna,A,C,НИЗКАЯ,ГРУППИРОВКА_ПО_ГОРОДУ
Саратов,Минеральные Воды,31000,1035,https://city2city.ru/saratov-mineralnye-vody,A,C,НИЗКАЯ,ГРУППИРОВКА_ПО_ГОРОДУ
Тюмень,Орск,30900,1030,https://city2city.ru/tyumen-orsk,A,C,НИЗКАЯ,ГРУППИРОВКА_ПО_ГОРОДУ
Ростов-на-Дону,Балаково,30500,1020,https://city2city.ru/rostov-balakovo,A,C,НИЗКАЯ,ГРУППИРОВКА_ПО_ГОРОДУ
Ставрополь,село Степное,30500,1010,https://city2city.ru/stavropol-stepnoe,A,C,НИЗКАЯ,ГРУППИРОВКА_ПО_ГОРОДУ
Воронеж,Геленджик,30500,1010,https://city2city.ru/voronezh-gelendzhik,A,C,НИЗКАЯ,ГРУППИРОВКА_ПО_ГОРОДУ
Самара,Россошь,30000,1000,https://city2city.ru/samara-rossosh,A,C,НИЗКАЯ,ГРУППИРОВКА_ПО_ГОРОДУ
Саратов,Пятигорск,30000,1000,https://city2city.ru/saratov-pyatigorsk,A,C,НИЗКАЯ,ГРУППИРОВКА_ПО_ГОРОДУ
Брянск,Луганск,30000,1000,https://city2city.ru/svo-taxi-bryansk-lugansk,A,C,НИЗКАЯ,ГРУППИРОВКА_ПО_ГОРОДУ
Воронеж,Туапсе,29800,995,https://city2city.ru/voronezh-tuapse,A,C,НИЗКАЯ,ГРУППИРОВКА_ПО_ГОРОДУ
Казань,Орск,29700,990,https://city2city.ru/kazan-orsk,A,C,НИЗКАЯ,ГРУППИРОВКА_ПО_ГОРОДУ
Екатеринбург,Соль-Илецк,29500,990,https://city2city.ru/ekaterinburg-sol-ileczk,A,C,НИЗКАЯ,ГРУППИРОВКА_ПО_ГОРОДУ
Москва,Донецк,29500,980,https://city2city.ru/moskva-doneczk-rostovskaya-oblast,A,C,НИЗКАЯ,ГРУППИРОВКА_ПО_ГОРОДУ
Нижний Новгород,Валуйки,29500,980,https://city2city.ru/nizhnij-novgorod-valujki,A,C,НИЗКАЯ,ГРУППИРОВКА_ПО_ГОРОДУ
Астрахань,Геленджик,29400,980,https://city2city.ru/astraxan-gelendzhik,A,C,НИЗКАЯ,ГРУППИРОВКА_ПО_ГОРОДУ
Нижний Новгород,посёлок городского типа Ровеньки,29400,980,https://city2city.ru/nizhnij-novgorod-rovenki,A,C,НИЗКАЯ,ГРУППИРОВКА_ПО_ГОРОДУ
Астрахань,Туапсе,29000,970,https://city2city.ru/astraxan-tuapse,A,C,НИЗКАЯ,ГРУППИРОВКА_ПО_ГОРОДУ
Белгород,Муром,29000,970,https://city2city.ru/belgorod-murom,A,C,НИЗКАЯ,ГРУППИРОВКА_ПО_ГОРОДУ
Ульяновск,Орск,29000,970,https://city2city.ru/ulyanovsk-orsk,A,C,НИЗКАЯ,ГРУППИРОВКА_ПО_ГОРОДУ
Нижний Новгород,Россошь,28500,950,https://city2city.ru/nizhnij-novgorod-rossosh,A,C,НИЗКАЯ,ГРУППИРОВКА_ПО_ГОРОДУ
Казань,Сибай,28400,945,https://city2city.ru/kazan-sibaj,A,C,НИЗКАЯ,ГРУППИРОВКА_ПО_ГОРОДУ
Тверь,Валуйки,28200,940,https://city2city.ru/tver-valujki,A,C,НИЗКАЯ,ГРУППИРОВКА_ПО_ГОРОДУ
Саранск,Соль-Илецк,28100,938,https://city2city.ru/saransk-sol-ileczk,A,C,НИЗКАЯ,ГРУППИРОВКА_ПО_ГОРОДУ
Кострома,посёлок городского типа Сосновый Бор,28000,940,https://city2city.ru/kostroma-sosnovyj-bor,A,C,НИЗКАЯ,ГРУППИРОВКА_ПО_ГОРОДУ
Краснодар,Камышин,28000,930,https://city2city.ru/krasnodar-kamyshin,A,C,НИЗКАЯ,ГРУППИРОВКА_ПО_ГОРОДУ
Саратов,Кумертау,28000,930,https://city2city.ru/saratov-kumertau,A,C,НИЗКАЯ,ГРУППИРОВКА_ПО_ГОРОДУ
Краснодар,Старый Оскол,27900,930,https://city2city.ru/krasnodar-staryj-oskol,A,C,НИЗКАЯ,ГРУППИРОВКА_ПО_ГОРОДУ
Псков,Рыльск,27600,920,https://city2city.ru/pskov-rylsk,A,C,НИЗКАЯ,ГРУППИРОВКА_ПО_ГОРОДУ
Киров,Стерлитамак,27500,920,https://city2city.ru/kirov-sterlitamak,A,C,НИЗКАЯ,ГРУППИРОВКА_ПО_ГОРОДУ
Ханты-Мансийск,52А-3,27300,910,https://city2city.ru/xanty-mansijsk-granicza-kazaxstan,B,B,НИЗКАЯ,ГРУППИРОВКА_ПО_ГОРОДУ
Челябинск,Димитровград,27000,900,https://city2city.ru/chelyabinsk-dimitrovgrad,A,C,НИЗКАЯ,ГРУППИРОВКА_ПО_ГОРОДУ
Омск,Кемерово,27000,900,https://city2city.ru/omsk-kemerovo,B,B,НИЗКАЯ,ГРУППИРОВКА_ПО_ГОРОДУ
Смоленск,Россошь,27000,900,https://city2city.ru/smolensk-rossosh,A,C,НИЗКАЯ,ГРУППИРОВКА_ПО_ГОРОДУ
Астрахань,Ейск,26800,895,https://city2city.ru/astraxan-ejsk,A,C,НИЗКАЯ,ГРУППИРОВКА_ПО_ГОРОДУ
Омск,Томск,26800,895,https://city2city.ru/omsk-tomsk,B,B,НИЗКАЯ,ГРУППИРОВКА_ПО_ГОРОДУ
Томск,Омск,26800,895,https://city2city.ru/tomsk-omsk,B,B,НИЗКАЯ,ГРУППИРОВКА_ПО_ГОРОДУ
Казань,Чебаркуль,26700,890,https://city2city.ru/kazan-chebarkul,A,C,НИЗКАЯ,ГРУППИРОВКА_ПО_ГОРОДУ
Челябинск,Сосновка,26500,890,https://city2city.ru/chelyabinsk-sosnovka,A,C,НИЗКАЯ,ГРУППИРОВКА_ПО_ГОРОДУ
Казань,Наро-Фоминск,26500,890,https://city2city.ru/kazan-naro-fominsk,A,C,НИЗКАЯ,ГРУППИРОВКА_ПО_ГОРОДУ
Казань,село Учалы,26500,890,https://city2city.ru/kazan-uchaly,A,C,НИЗКАЯ,ГРУППИРОВКА_ПО_ГОРОДУ
Волгоград,Туапсе,26500,880,https://city2city.ru/volgograd-tuapse,A,C,НИЗКАЯ,ГРУППИРОВКА_ПО_ГОРОДУ
Омск,Барнаул,26200,875,https://city2city.ru/omsk-barnaul,B,B,НИЗКАЯ,ГРУППИРОВКА_ПО_ГОРОДУ
Казань,Магнитогорск,26100,870,https://city2city.ru/kazan-magnitogorsk,A,C,НИЗКАЯ,ГРУППИРОВКА_ПО_ГОРОДУ
Барнаул,Омск,26000,875,https://city2city.ru/barnaul-omsk,B,B,НИЗКАЯ,ГРУППИРОВКА_ПО_ГОРОДУ
Липецк,Ейск,26000,870,https://city2city.ru/lipeczk-ejsk,A,C,НИЗКАЯ,ГРУППИРОВКА_ПО_ГОРОДУ
Пермь,Сибай,26000,860,https://city2city.ru/perm-sibaj,A,C,НИЗКАЯ,ГРУППИРОВКА_ПО_ГОРОДУ
Тула,Луганск,26000,870,https://city2city.ru/svo-taxi-tula-lugansk,A,C,НИЗКАЯ,ГРУППИРОВКА_ПО_ГОРОДУ
Казань,Миасс,25500,850,https://city2city.ru/kazan-miass,A,C,НИЗКАЯ,ГРУППИРОВКА_ПО_ГОРОДУ
Тюмень,Баймак,25000,830,https://city2city.ru/tyumen-bajmak,A,C,НИЗКАЯ,ГРУППИРОВКА_ПО_ГОРОДУ
Екатеринбург,Орск,24600,820,https://city2city.ru/ekaterinburg-orsk,A,C,НИЗКАЯ,ГРУППИРОВКА_ПО_ГОРОДУ
Чебоксары,Стерлитамак,24500,820,https://city2city.ru/cheboksary-sterlitamak,A,C,НИЗКАЯ,ГРУППИРОВКА_ПО_ГОРОДУ
Екатеринбург,Альметьевск,24500,810,https://city2city.ru/ekaterinburg-almetevsk,A,C,НИЗКАЯ,ГРУППИРОВКА_ПО_ГОРОДУ
Пенза,посёлок городского типа Павловка,24500,810,https://city2city.ru/penza-pavlovka,A,C,НИЗКАЯ,ГРУППИРОВКА_ПО_ГОРОДУ
Саратов,Набережные Челны,24500,815,https://city2city.ru/saratov-naberezhnye-chelny,A,C,НИЗКАЯ,ГРУППИРОВКА_ПО_ГОРОДУ
Смоленск,река Старая Граница,24500,810,https://city2city.ru/smolensk-granicza-ukraina,A,C,НИЗКАЯ,ГРУППИРОВКА_ПО_ГОРОДУ
Ставрополь,Севастополь,24500,820,https://city2city.ru/stavropol-sevastopol,A,C,НИЗКАЯ,ГРУППИРОВКА_ПО_ГОРОДУ
Казань,Соль-Илецк,24000,800,https://city2city.ru/kazan-sol-ileczk,A,C,НИЗКАЯ,ГРУППИРОВКА_ПО_ГОРОДУ
Краснодар,посёлок городского типа Ровеньки,24000,800,https://city2city.ru/krasnodar-rovenki,A,C,НИЗКАЯ,ГРУППИРОВКА_ПО_ГОРОДУ
Самара,Чебаркуль,24000,800,https://city2city.ru/samara-chebarkul,A,C,НИЗКАЯ,ГРУППИРОВКА_ПО_ГОРОДУ
Самара,село Учалы,24000,800,https://city2city.ru/samara-uchaly,A,C,НИЗКАЯ,ГРУППИРОВКА_ПО_ГОРОДУ
Саратов,посёлок городского типа Павловка,24000,800,https://city2city.ru/saratov-pavlovka,A,C,НИЗКАЯ,ГРУППИРОВКА_ПО_ГОРОДУ
Тюмень,Сибай,23700,790,https://city2city.ru/tyumen-sibaj,A,C,НИЗКАЯ,ГРУППИРОВКА_ПО_ГОРОДУ
Брянск,Каменка,23500,780,https://city2city.ru/bryansk-kamenka,A,C,НИЗКАЯ,ГРУППИРОВКА_ПО_ГОРОДУ
Ижевск,Соль-Илецк,23500,790,https://city2city.ru/izhevsk-sol-ileczk,A,C,НИЗКАЯ,ГРУППИРОВКА_ПО_ГОРОДУ
Москва,посёлок городского типа Ровеньки,23500,780,https://city2city.ru/moskva-rovenki,A,C,НИЗКАЯ,ГРУППИРОВКА_ПО_ГОРОДУ
Самара,Магнитогорск,23500,780,https://city2city.ru/samara-magnitogorsk,A,C,НИЗКАЯ,ГРУППИРОВКА_ПО_ГОРОДУ
Самара,Миасс,23500,780,https://city2city.ru/samara-miass,A,C,НИЗКАЯ,ГРУППИРОВКА_ПО_ГОРОДУ
Чебоксары,Обнинск,23100,770,https://city2city.ru/cheboksary-obninsk,A,C,НИЗКАЯ,ГРУППИРОВКА_ПО_ГОРОДУ
Саратов,Донецк,23000,760,https://city2city.ru/saratov-doneczk-rostovskaya-oblast,A,C,НИЗКАЯ,ГРУППИРОВКА_ПО_ГОРОДУ
Саратов,Новомосковск,23000,770,https://city2city.ru/saratov-novomoskovsk,A,C,НИЗКАЯ,ГРУППИРОВКА_ПО_ГОРОДУ
Саратов,Донецк,23000,760,https://city2city.ru/svo-taxi-saratov-donetsk,A,C,НИЗКАЯ,ГРУППИРОВКА_ПО_ГОРОДУ
Воронеж,Ейск,22600,755,https://city2city.ru/voronezh-ejsk,A,C,НИЗКАЯ,ГРУППИРОВКА_ПО_ГОРОДУ
Челябинск,Березники,22500,750,https://city2city.ru/chelyabinsk-berezniki,A,C,НИЗКАЯ,ГРУППИРОВКА_ПО_ГОРОДУ
Челябинск,Нижнекамск,22500,750,https://city2city.ru/chelyabinsk-nizhnekamsk,A,C,НИЗКАЯ,ГРУППИРОВКА_ПО_ГОРОДУ
Москва,Валуйки,22500,750,https://city2city.ru/moskva-valujki,A,C,НИЗКАЯ,ГРУППИРОВКА_ПО_ГОРОДУ
Пермь,река Старая Граница,22500,750,https://city2city.ru/perm-granicza-ukraina,A,C,НИЗКАЯ,ГРУППИРОВКА_ПО_ГОРОДУ
Ставрополь,Камышин,22500,750,https://city2city.ru/stavropol-kamyshin,A,C,НИЗКАЯ,ГРУППИРОВКА_ПО_ГОРОДУ
Самара,Сибай,22200,740,https://city2city.ru/samara-sibaj,A,C,НИЗКАЯ,ГРУППИРОВКА_ПО_ГОРОДУ
Киров,Белебей,22000,740,https://city2city.ru/kirov-belebej,A,C,НИЗКАЯ,ГРУППИРОВКА_ПО_ГОРОДУ
Пермь,Магнитогорск,22000,735,https://city2city.ru/perm-magnitogorsk,A,C,НИЗКАЯ,ГРУППИРОВКА_ПО_ГОРОДУ
Ставрополь,Симферополь,22000,740,https://city2city.ru/stavropol-simferopol,A,C,НИЗКАЯ,ГРУППИРОВКА_ПО_ГОРОДУ
Самара,Глазов,21800,725,https://city2city.ru/samara-glazov,A,C,НИЗКАЯ,ГРУППИРОВКА_ПО_ГОРОДУ
Казань,Кумертау,21600,720,https://city2city.ru/kazan-kumertau,A,C,НИЗКАЯ,ГРУППИРОВКА_ПО_ГОРОДУ
Пенза,Миллерово,21600,720,https://city2city.ru/penza-millerovo,A,C,НИЗКАЯ,ГРУППИРОВКА_ПО_ГОРОДУ
Тюмень,Магнитогорск,21600,720,https://city2city.ru/tyumen-magnitogorsk,A,C,НИЗКАЯ,ГРУППИРОВКА_ПО_ГОРОДУ
Самара,Баймак,21500,720,https://city2city.ru/samara-bajmak,A,C,НИЗКАЯ,ГРУППИРОВКА_ПО_ГОРОДУ
Брянск,Муром,21400,715,https://city2city.ru/bryansk-murom,A,C,НИЗКАЯ,ГРУППИРОВКА_ПО_ГОРОДУ
Самара,Орск,21000,700,https://city2city.ru/samara-orsk,A,C,НИЗКАЯ,ГРУППИРОВКА_ПО_ГОРОДУ
Саратов,река Старая Граница,21000,700,https://city2city.ru/saratov-granicza-ukraina,A,C,НИЗКАЯ,ГРУППИРОВКА_ПО_ГОРОДУ
Тула,Миллерово,21000,700,https://city2city.ru/tula-millerovo,A,C,НИЗКАЯ,ГРУППИРОВКА_ПО_ГОРОДУ
Уфа,Березники,20500,690,https://city2city.ru/ufa-berezniki,A,C,НИЗКАЯ,ГРУППИРОВКА_ПО_ГОРОДУ
Ульяновск,посёлок городского типа Павловка,20500,680,https://city2city.ru/ulyanovsk-pavlovka,A,C,НИЗКАЯ,ГРУППИРОВКА_ПО_ГОРОДУ
Волгоград,Сызрань,20500,680,https://city2city.ru/volgograd-syzran,A,C,НИЗКАЯ,ГРУППИРОВКА_ПО_ГОРОДУ
Астрахань,Кисловодск,20200,675,https://city2city.ru/astraxan-kislovodsk,A,C,НИЗКАЯ,ГРУППИРОВКА_ПО_ГОРОДУ
Ижевск,Чебаркуль,20100,670,https://city2city.ru/izhevsk-chebarkul,A,C,НИЗКАЯ,ГРУППИРОВКА_ПО_ГОРОДУ
Элиста,Геленджик,20000,670,https://city2city.ru/elista-gelendzhik,A,C,НИЗКАЯ,ГРУППИРОВКА_ПО_ГОРОДУ
Ижевск,Магнитогорск,20000,675,https://city2city.ru/izhevsk-magnitogorsk,A,C,НИЗКАЯ,ГРУППИРОВКА_ПО_ГОРОДУ
Оренбург,Чебаркуль,20000,670,https://city2city.ru/orenburg-chebarkul,A,C,НИЗКАЯ,ГРУППИРОВКА_ПО_ГОРОДУ
Ростов-на-Дону,Камышин,20000,660,https://city2city.ru/rostov-kamyshin,A,C,НИЗКАЯ,ГРУППИРОВКА_ПО_ГОРОДУ
Волгоград,Ейск,20000,665,https://city2city.ru/volgograd-ejsk,A,C,НИЗКАЯ,ГРУППИРОВКА_ПО_ГОРОДУ
Екатеринбург,Баймак,19800,660,https://city2city.ru/ekaterinburg-bajmak,A,C,НИЗКАЯ,ГРУППИРОВКА_ПО_ГОРОДУ
Пенза,Октябрьский,19800,660,https://city2city.ru/penza-oktyabrskij-respublika-bashkortostan,A,C,НИЗКАЯ,ГРУППИРОВКА_ПО_ГОРОДУ
Омск,Новосибирск,19500,645,https://city2city.ru/omsk-novosibirsk,B,B,НИЗКАЯ,ГРУППИРОВКА_ПО_ГОРОДУ
Оренбург,Балаково,19500,650,https://city2city.ru/orenburg-balakovo,A,C,НИЗКАЯ,ГРУППИРОВКА_ПО_ГОРОДУ
Пенза,Россошь,19500,645,https://city2city.ru/penza-rossosh,A,C,НИЗКАЯ,ГРУППИРОВКА_ПО_ГОРОДУ
Рязань,река Старая Граница,19500,650,https://city2city.ru/ryazan-granicza-ukraina,A,C,НИЗКАЯ,ГРУППИРОВКА_ПО_ГОРОДУ
Саратов,Миллерово,19500,650,https://city2city.ru/saratov-millerovo,A,C,НИЗКАЯ,ГРУППИРОВКА_ПО_ГОРОДУ
Саратов,Старый Оскол,19500,650,https://city2city.ru/saratov-staryj-oskol,A,C,НИЗКАЯ,ГРУППИРОВКА_ПО_ГОРОДУ
Смоленск,Старый Оскол,19500,650,https://city2city.ru/smolensk-staryj-oskol,A,C,НИЗКАЯ,ГРУППИРОВКА_ПО_ГОРОДУ
Волгоград,Кисловодск,19500,650,https://city2city.ru/volgograd-kislovodsk,A,C,НИЗКАЯ,ГРУППИРОВКА_ПО_ГОРОДУ
Екатеринбург,Стерлитамак,19400,645,https://city2city.ru/ekaterinburg-sterlitamak,A,C,НИЗКАЯ,ГРУППИРОВКА_ПО_ГОРОДУ
Астрахань,Пятигорск,19200,640,https://city2city.ru/astraxan-pyatigorsk,A,C,НИЗКАЯ,ГРУППИРОВКА_ПО_ГОРОДУ
Брянск,Россошь,19000,630,https://city2city.ru/bryansk-rossosh,A,C,НИЗКАЯ,ГРУППИРОВКА_ПО_ГОРОДУ
Екатеринбург,Набережные Челны,19000,625,https://city2city.ru/ekaterinburg-naberezhnye-chelny,A,C,НИЗКАЯ,ГРУППИРОВКА_ПО_ГОРОДУ
Иваново,Каменка,19000,640,https://city2city.ru/ivanovo-kamenka,A,C,НИЗКАЯ,ГРУППИРОВКА_ПО_ГОРОДУ
Волгоград,Ессентуки,19000,640,https://city2city.ru/volgograd-essentuki,A,C,НИЗКАЯ,ГРУППИРОВКА_ПО_ГОРОДУ
Волгоград,Пятигорск,19000,640,https://city2city.ru/volgograd-pyatigorsk,A,C,НИЗКАЯ,ГРУППИРОВКА_ПО_ГОРОДУ
Астрахань,Минеральные Воды,18600,620,https://city2city.ru/astraxan-mineralnye-vody,A,C,НИЗКАЯ,ГРУППИРОВКА_ПО_ГОРОДУ
Белгород,Наро-Фоминск,18500,620,https://city2city.ru/belgorod-naro-fominsk,A,C,НИЗКАЯ,ГРУППИРОВКА_ПО_ГОРОДУ
Екатеринбург,Октябрьский,18500,620,https://city2city.ru/ekaterinburg-oktyabrskij-5,A,C,НИЗКАЯ,ГРУППИРОВКА_ПО_ГОРОДУ
Казань,Стерлитамак,18500,620,https://city2city.ru/kazan-sterlitamak,A,C,НИЗКАЯ,ГРУППИРОВКА_ПО_ГОРОДУ
Красноярск,Юрга,18500,610,https://city2city.ru/krasnoyarsk-yurga,A,C,НИЗКАЯ,ГРУППИРОВКА_ПО_ГОРОДУ
Пермь,село Учалы,18500,610,https://city2city.ru/perm-uchaly,A,C,НИЗКАЯ,ГРУППИРОВКА_ПО_ГОРОДУ
Самара,Камышин,18500,620,https://city2city.ru/samara-kamyshin,A,C,НИЗКАЯ,ГРУППИРОВКА_ПО_ГОРОДУ
Тюмень,село Учалы,18500,610,https://city2city.ru/tyumen-uchaly,A,C,НИЗКАЯ,ГРУППИРОВКА_ПО_ГОРОДУ
Челябинск,Орск,18300,610,https://city2city.ru/chelyabinsk-orsk,A,C,НИЗКАЯ,ГРУППИРОВКА_ПО_ГОРОДУ
Пермь,Белебей,18000,600,https://city2city.ru/perm-belebej,A,C,НИЗКАЯ,ГРУППИРОВКА_ПО_ГОРОДУ
Саратов,Бугуруслан,18000,600,https://city2city.ru/saratov-buguruslan,A,C,НИЗКАЯ,ГРУППИРОВКА_ПО_ГОРОДУ
Уфа,Орск,18000,600,https://city2city.ru/ufa-orsk,A,C,НИЗКАЯ,ГРУППИРОВКА_ПО_ГОРОДУ
Великий Новгород,Вологда,18000,600,https://city2city.ru/velikiy-novgorod-vologda,B,B,НИЗКАЯ,ГРУППИРОВКА_ПО_ГОРОДУ
Волгоград,Минеральные Воды,18000,600,https://city2city.ru/volgograd-mineralnye-vody,A,C,НИЗКАЯ,ГРУППИРОВКА_ПО_ГОРОДУ
Екатеринбург,Сибай,17700,590,https://city2city.ru/ekaterinburg-sibaj-2,A,C,НИЗКАЯ,ГРУППИРОВКА_ПО_ГОРОДУ
Екатеринбург,Тобольск,17600,585,https://city2city.ru/ekaterinburg-tobolsk,A,C,НИЗКАЯ,ГРУППИРОВКА_ПО_ГОРОДУ
Белгород,Обнинск,17500,590,https://city2city.ru/belgorod-obninsk,A,C,НИЗКАЯ,ГРУППИРОВКА_ПО_ГОРОДУ
Чебоксары,Белебей,17500,590,https://city2city.ru/cheboksary-belebej,A,C,НИЗКАЯ,ГРУППИРОВКА_ПО_ГОРОДУ
Оренбург,Нефтекамск,17500,590,https://city2city.ru/orenburg-neftekamsk,A,C,НИЗКАЯ,ГРУППИРОВКА_ПО_ГОРОДУ
Оренбург,Сызрань,17500,580,https://city2city.ru/orenburg-syzran,A,C,НИЗКАЯ,ГРУППИРОВКА_ПО_ГОРОДУ
Пермь,Октябрьский,17500,590,https://city2city.ru/perm-oktyabrskij-respublika-bashkortostan,A,C,НИЗКАЯ,ГРУППИРОВКА_ПО_ГОРОДУ
Самара,Сарапул,17500,580,https://city2city.ru/samara-sarapul,A,C,НИЗКАЯ,ГРУППИРОВКА_ПО_ГОРОДУ
Тула,Богучар,17500,580,https://city2city.ru/tula-boguchar,A,C,НИЗКАЯ,ГРУППИРОВКА_ПО_ГОРОДУ
Уфа,деревня Николаевка,17500,590,https://city2city.ru/ufa-nikolaevka,A,C,НИЗКАЯ,ГРУППИРОВКА_ПО_ГОРОДУ
Уфа,Сызрань,17500,580,https://city2city.ru/ufa-syzran,A,C,НИЗКАЯ,ГРУППИРОВКА_ПО_ГОРОДУ
Белгород,Серпухов,17200,573,https://city2city.ru/belgorod-serpuxov,A,C,НИЗКАЯ,ГРУППИРОВКА_ПО_ГОРОДУ
Оренбург,Нижнекамск,17200,575,https://city2city.ru/orenburg-nizhnekamsk,A,C,НИЗКАЯ,ГРУППИРОВКА_ПО_ГОРОДУ
Москва,Рыльск,17100,570,https://city2city.ru/moskva-rylsk,A,C,НИЗКАЯ,ГРУППИРОВКА_ПО_ГОРОДУ
Астрахань,Зеленокумск,17000,560,https://city2city.ru/astraxan-zelenokumsk,A,C,НИЗКАЯ,ГРУППИРОВКА_ПО_ГОРОДУ
Чебоксары,Октябрьский,17000,560,https://city2city.ru/cheboksary-oktyabrskij-respublika-bashkortostan,A,C,НИЗКАЯ,ГРУППИРОВКА_ПО_ГОРОДУ
Казань,Глазов,17000,560,https://city2city.ru/kazan-glazov,A,C,НИЗКАЯ,ГРУППИРОВКА_ПО_ГОРОДУ
Оренбург,село Учалы,17000,570,https://city2city.ru/orenburg-uchaly,A,C,НИЗКАЯ,ГРУППИРОВКА_ПО_ГОРОДУ
Пермь,Альметьевск,17000,560,https://city2city.ru/perm-almetevsk,A,C,НИЗКАЯ,ГРУППИРОВКА_ПО_ГОРОДУ
Волгоград,Россошь,17000,565,https://city2city.ru/volgograd-rossosh,A,C,НИЗКАЯ,ГРУППИРОВКА_ПО_ГОРОДУ
Воронеж,Ростов,17000,570,https://city2city.ru/voronezh-rostov-velikij,A,C,НИЗКАЯ,ГРУППИРОВКА_ПО_ГОРОДУ
Саратов,Бузулук,16800,560,https://city2city.ru/saratov-buzuluk,A,C,НИЗКАЯ,ГРУППИРОВКА_ПО_ГОРОДУ
Оренбург,Набережные Челны,16600,555,https://city2city.ru/orenburg-naberezhnye-chelny,A,C,НИЗКАЯ,ГРУППИРОВКА_ПО_ГОРОДУ
Астрахань,Волгодонск,16500,550,https://city2city.ru/astraxan-volgodonsk,A,C,НИЗКАЯ,ГРУППИРОВКА_ПО_ГОРОДУ
Екатеринбург,Березники,16500,550,https://city2city.ru/ekaterinburg-berezniki,A,C,НИЗКАЯ,ГРУППИРОВКА_ПО_ГОРОДУ
Курск,Наро-Фоминск,16500,550,https://city2city.ru/kursk-naro-fominsk,A,C,НИЗКАЯ,ГРУППИРОВКА_ПО_ГОРОДУ
Оренбург,Димитровград,16500,550,https://city2city.ru/orenburg-dimitrovgrad,A,C,НИЗКАЯ,ГРУППИРОВКА_ПО_ГОРОДУ
Пермь,Чебаркуль,16500,550,https://city2city.ru/perm-chebarkul,A,C,НИЗКАЯ,ГРУППИРОВКА_ПО_ГОРОДУ
Ростов-на-Дону,Зеленокумск,16500,550,https://city2city.ru/rostov-zelenokumsk,A,C,НИЗКАЯ,ГРУППИРОВКА_ПО_ГОРОДУ
Самара,Нефтекамск,16500,550,https://city2city.ru/samara-neftekamsk,A,C,НИЗКАЯ,ГРУППИРОВКА_ПО_ГОРОДУ
Ставрополь,Донецк,16500,550,https://city2city.ru/stavropol-doneczk-rostovskaya-oblast,A,C,НИЗКАЯ,ГРУППИРОВКА_ПО_ГОРОДУ
Тюмень,Златоуст,16500,550,https://city2city.ru/tyumen-zlatoust,A,C,НИЗКАЯ,ГРУППИРОВКА_ПО_ГОРОДУ
Воронеж,Наро-Фоминск,16500,550,https://city2city.ru/voronezh-naro-fominsk,A,C,НИЗКАЯ,ГРУППИРОВКА_ПО_ГОРОДУ
Киров,Нефтекамск,16200,540,https://city2city.ru/kirov-neftekamsk,A,C,НИЗКАЯ,ГРУППИРОВКА_ПО_ГОРОДУ
Москва,Первомайск,16200,540,https://city2city.ru/moskva-pervomajsk,A,C,НИЗКАЯ,ГРУППИРОВКА_ПО_ГОРОДУ
Ростов-на-Дону,посёлок городского типа Ровеньки,16200,540,https://city2city.ru/rostov-rovenki,A,C,НИЗКАЯ,ГРУППИРОВКА_ПО_ГОРОДУ
Ростов-на-Дону,Джанкой,16000,530,https://city2city.ru/rostov-dzhankoj,A,C,НИЗКАЯ,ГРУППИРОВКА_ПО_ГОРОДУ
Ростов-на-Дону,Кисловодск,16000,530,https://city2city.ru/rostov-kislovodsk,A,C,НИЗКАЯ,ГРУППИРОВКА_ПО_ГОРОДУ
Самара,Кумертау,16000,540,https://city2city.ru/samara-kumertau,A,C,НИЗКАЯ,ГРУППИРОВКА_ПО_ГОРОДУ
Элиста,село Троицкое,15900,530,https://city2city.ru/elista-selo-troiczkoe,A,C,НИЗКАЯ,ГРУППИРОВКА_ПО_ГОРОДУ
Самара,Стерлитамак,15800,525,https://city2city.ru/samara-sterlitamak,A,C,НИЗКАЯ,ГРУППИРОВКА_ПО_ГОРОДУ
Екатеринбург,Магнитогорск,15600,520,https://city2city.ru/ekaterinburg-magnitogorsk-2,A,C,НИЗКАЯ,ГРУППИРОВКА_ПО_ГОРОДУ
Саратов,Богучар,15600,520,https://city2city.ru/saratov-boguchar,A,C,НИЗКАЯ,ГРУППИРОВКА_ПО_ГОРОДУ
Пермь,посёлок городского типа Сосновый Бор,15500,510,https://city2city.ru/perm-sosnovyj-bor,A,C,НИЗКАЯ,ГРУППИРОВКА_ПО_ГОРОДУ
Ростов-на-Дону,Ессентуки,15500,510,https://city2city.ru/rostov-essentuki,A,C,НИЗКАЯ,ГРУППИРОВКА_ПО_ГОРОДУ
Тюмень,Чебаркуль,15500,510,https://city2city.ru/tyumen-chebarkul,A,C,НИЗКАЯ,ГРУППИРОВКА_ПО_ГОРОДУ
Тюмень,Миасс,15500,520,https://city2city.ru/tyumen-miass,A,C,НИЗКАЯ,ГРУППИРОВКА_ПО_ГОРОДУ
Казань,Муром,15000,500,https://city2city.ru/kazan-murom,A,C,НИЗКАЯ,ГРУППИРОВКА_ПО_ГОРОДУ
Киров,Набережные Челны,15000,500,https://city2city.ru/kirov-naberezhnye-chelny,A,C,НИЗКАЯ,ГРУППИРОВКА_ПО_ГОРОДУ
Ростов-на-Дону,Пятигорск,15000,500,https://city2city.ru/rostov-pyatigorsk,A,C,НИЗКАЯ,ГРУППИРОВКА_ПО_ГОРОДУ
Уфа,Димитровград,15000,500,https://city2city.ru/ufa-dimitrovgrad,A,C,НИЗКАЯ,ГРУППИРОВКА_ПО_ГОРОДУ
Волгоград,посёлок Комсомольский,15000,500,https://city2city.ru/volgograd-posyolok-komsomolskij,A,C,НИЗКАЯ,ГРУППИРОВКА_ПО_ГОРОДУ
Барнаул,Томск,14700,490,https://city2city.ru/barnaul-tomsk,B,B,НИЗКАЯ,ГРУППИРОВКА_ПО_ГОРОДУ
Самара,Соль-Илецк,14700,490,https://city2city.ru/samara-sol-ileczk,A,C,НИЗКАЯ,ГРУППИРОВКА_ПО_ГОРОДУ
Белгород,Миллерово,14500,480,https://city2city.ru/belgorod-millerovo,A,C,НИЗКАЯ,ГРУППИРОВКА_ПО_ГОРОДУ
Казань,Бузулук,14500,490,https://city2city.ru/kazan-buzuluk,A,C,НИЗКАЯ,ГРУППИРОВКА_ПО_ГОРОДУ
Краснодар,Зеленокумск,14500,480,https://city2city.ru/krasnodar-zelenokumsk,A,C,НИЗКАЯ,ГРУППИРОВКА_ПО_ГОРОДУ
Липецк,Обнинск,14500,480,https://city2city.ru/lipeczk-obninsk,A,C,НИЗКАЯ,ГРУППИРОВКА_ПО_ГОРОДУ
Пермь,Нижнекамск,14500,490,https://city2city.ru/perm-nizhnekamsk,A,C,НИЗКАЯ,ГРУППИРОВКА_ПО_ГОРОДУ
Томск,Барнаул,14500,490,https://city2city.ru/tomsk-barnaul,B,B,НИЗКАЯ,ГРУППИРОВКА_ПО_ГОРОДУ
Уфа,Троицк,14500,480,https://city2city.ru/ufa-troiczk,A,C,НИЗКАЯ,ГРУППИРОВКА_ПО_ГОРОДУ
Ростов-на-Дону,Минеральные Воды,14400,480,https://city2city.ru/rostov-mineralnye-vody,A,C,НИЗКАЯ,ГРУППИРОВКА_ПО_ГОРОДУ
Уфа,Бузулук,14100,470,https://city2city.ru/ufa-buzuluk,A,C,НИЗКАЯ,ГРУППИРОВКА_ПО_ГОРОДУ
Чебоксары,Бугульма,14000,460,https://city2city.ru/cheboksary-bugulma,A,C,НИЗКАЯ,ГРУППИРОВКА_ПО_ГОРОДУ
Киров,Сарапул,14000,470,https://city2city.ru/kirov-sarapul,A,C,НИЗКАЯ,ГРУППИРОВКА_ПО_ГОРОДУ
Курск,Богучар,14000,460,https://city2city.ru/kursk-boguchar,A,C,НИЗКАЯ,ГРУППИРОВКА_ПО_ГОРОДУ
Оренбург,Альметьевск,14000,460,https://city2city.ru/orenburg-almetevsk,A,C,НИЗКАЯ,ГРУППИРОВКА_ПО_ГОРОДУ
Пермь,Набережные Челны,14000,470,https://city2city.ru/perm-naberezhnye-chelny,A,C,НИЗКАЯ,ГРУППИРОВКА_ПО_ГОРОДУ
Ставрополь,Геленджик,14000,460,https://city2city.ru/stavropol-gelendzhik,A,C,НИЗКАЯ,ГРУППИРОВКА_ПО_ГОРОДУ
Волгоград,Луганск,14000,470,https://city2city.ru/svo-taxi-volgograd-lugansk,A,C,НИЗКАЯ,ГРУППИРОВКА_ПО_ГОРОДУ
Уфа,Вятские Поляны,14000,460,https://city2city.ru/ufa-vyatskie-polyany,A,C,НИЗКАЯ,ГРУППИРОВКА_ПО_ГОРОДУ
Смоленск,Рыльск,13600,454,https://city2city.ru/smolensk-rylsk,A,C,НИЗКАЯ,ГРУППИРОВКА_ПО_ГОРОДУ
Челябинск,Баймак,13500,450,https://city2city.ru/chelyabinsk-bajmak,A,C,НИЗКАЯ,ГРУППИРОВКА_ПО_ГОРОДУ
Кострома,Коломна,13500,450,https://city2city.ru/kostroma-kolomna,A,C,НИЗКАЯ,ГРУППИРОВКА_ПО_ГОРОДУ
Кострома,Обнинск,13500,450,https://city2city.ru/kostroma-obninsk,A,C,НИЗКАЯ,ГРУППИРОВКА_ПО_ГОРОДУ
Краснодар,Кисловодск,13500,450,https://city2city.ru/krasnodar-kislovodsk,A,C,НИЗКАЯ,ГРУППИРОВКА_ПО_ГОРОДУ
Москва,Ливны,13500,450,https://city2city.ru/moskva-livny,A,C,НИЗКАЯ,ГРУППИРОВКА_ПО_ГОРОДУ
Тамбов,река Старая Граница,13500,450,https://city2city.ru/tambov-granicza-ukraina,A,C,НИЗКАЯ,ГРУППИРОВКА_ПО_ГОРОДУ
Тамбов,Валуйки,13500,450,https://city2city.ru/tambov-valujki,A,C,НИЗКАЯ,ГРУППИРОВКА_ПО_ГОРОДУ
Уфа,Соль-Илецк,13500,450,https://city2city.ru/ufa-sol-ileczk,A,C,НИЗКАЯ,ГРУППИРОВКА_ПО_ГОРОДУ
Улан-Удэ,Иркутск,13500,450,https://city2city.ru/ulan-udje-irkutsk,C,A,НИЗКАЯ,ГРУППИРОВКА_ПО_ГОРОДУ
Ульяновск,Азнакаево,13500,450,https://city2city.ru/ulyanovsk-aznakaevo,A,C,НИЗКАЯ,ГРУППИРОВКА_ПО_ГОРОДУ
Оренбург,Магнитогорск,13400,445,https://city2city.ru/orenburg-magnitogorsk,A,C,НИЗКАЯ,ГРУППИРОВКА_ПО_ГОРОДУ
аэропорт Самара (Курумоч) имени С.П. Королева,Оренбург,13200,440,https://city2city.ru/aeroport-kurumoch-orenburg,C,A,НИЗКАЯ,ГРУППИРОВКА_ПО_ГОРОДУ
Казань,Белебей,13000,435,https://city2city.ru/kazan-belebej,A,C,НИЗКАЯ,ГРУППИРОВКА_ПО_ГОРОДУ
Москва,деревня Окуловка,13000,430,https://city2city.ru/moskva-okulovka,A,C,НИЗКАЯ,ГРУППИРОВКА_ПО_ГОРОДУ
Оренбург,Азнакаево,13000,430,https://city2city.ru/orenburg-aznakaevo,A,C,НИЗКАЯ,ГРУППИРОВКА_ПО_ГОРОДУ
Ростов-на-Дону,Туапсе,13000,430,https://city2city.ru/rostov-tuapse,A,C,НИЗКАЯ,ГРУППИРОВКА_ПО_ГОРОДУ
Тамбов,Первомайск,13000,430,https://city2city.ru/tambov-pervomajsk,A,C,НИЗКАЯ,ГРУППИРОВКА_ПО_ГОРОДУ
Ульяновск,Бугульма,13000,440,https://city2city.ru/ulyanovsk-bugulma,A,C,НИЗКАЯ,ГРУППИРОВКА_ПО_ГОРОДУ
Ульяновск,Бузулук,13000,440,https://city2city.ru/ulyanovsk-buzuluk,A,C,НИЗКАЯ,ГРУППИРОВКА_ПО_ГОРОДУ
Пенза,рабочий посёлок Елань,12500,420,https://city2city.ru/penza-elan,A,C,НИЗКАЯ,ГРУППИРОВКА_ПО_ГОРОДУ
Смоленск,Серпухов,12500,420,https://city2city.ru/smolensk-serpuxov,A,C,НИЗКАЯ,ГРУППИРОВКА_ПО_ГОРОДУ
Тамбов,Богучар,12500,420,https://city2city.ru/tambov-boguchar,A,C,НИЗКАЯ,ГРУППИРОВКА_ПО_ГОРОДУ
Тамбов,Сосновка,12500,410,https://city2city.ru/tambov-sosnovka,A,C,НИЗКАЯ,ГРУППИРОВКА_ПО_ГОРОДУ
Казань,Нефтекамск,12400,415,https://city2city.ru/kazan-neftekamsk,A,C,НИЗКАЯ,ГРУППИРОВКА_ПО_ГОРОДУ
Казань,Октябрьский,12300,410,https://city2city.ru/kazan-oktyabrskij-respublika-bashkortostan,A,C,НИЗКАЯ,ГРУППИРОВКА_ПО_ГОРОДУ
Красноярск,Абакан,12300,410,https://city2city.ru/krasnoyarsk-abakan,A,C,НИЗКАЯ,ГРУППИРОВКА_ПО_ГОРОДУ
Уфа,Баймак,12300,410,https://city2city.ru/ufa-bajmak,A,C,НИЗКАЯ,ГРУППИРОВКА_ПО_ГОРОДУ
Оренбург,Бугульма,12200,405,https://city2city.ru/orenburg-bugulma,A,C,НИЗКАЯ,ГРУППИРОВКА_ПО_ГОРОДУ
Ульяновск,Набережные Челны,12200,405,https://city2city.ru/ulyanovsk-naberezhnye-chelny,A,C,НИЗКАЯ,ГРУППИРОВКА_ПО_ГОРОДУ
Чебоксары,Набережные Челны,12000,405,https://city2city.ru/cheboksary-naberezhnye-chelny,A,C,НИЗКАЯ,ГРУППИРОВКА_ПО_ГОРОДУ
Кемерово,Барнаул,12000,395,https://city2city.ru/kemerovo-barnaul,B,B,НИЗКАЯ,ГРУППИРОВКА_ПО_ГОРОДУ
Краснодар,Минеральные Воды,12000,405,https://city2city.ru/krasnodar-mineralnye-vody,A,C,НИЗКАЯ,ГРУППИРОВКА_ПО_ГОРОДУ
Оренбург,Белебей,12000,400,https://city2city.ru/orenburg-belebej,A,C,НИЗКАЯ,ГРУППИРОВКА_ПО_ГОРОДУ
Оренбург,Туймазы,12000,400,https://city2city.ru/orenburg-tujmazy,A,C,НИЗКАЯ,ГРУППИРОВКА_ПО_ГОРОДУ
Самара,посёлок городского типа Павловка,12000,400,https://city2city.ru/samara-pavlovka,A,C,НИЗКАЯ,ГРУППИРОВКА_ПО_ГОРОДУ
Тула,Суздаль,12000,400,https://city2city.ru/tula-suzdal,A,C,НИЗКАЯ,ГРУППИРОВКА_ПО_ГОРОДУ
Ярославль,Шарья,12000,400,https://city2city.ru/yaroslavl-sharya,A,C,НИЗКАЯ,ГРУППИРОВКА_ПО_ГОРОДУ
Казань,Бугуруслан,11700,390,https://city2city.ru/kazan-buguruslan,A,C,НИЗКАЯ,ГРУППИРОВКА_ПО_ГОРОДУ
Самара,Набережные Челны,11700,390,https://city2city.ru/samara-naberezhnye-chelny,A,C,НИЗКАЯ,ГРУППИРОВКА_ПО_ГОРОДУ
Волгоград,Донецк,11700,390,https://city2city.ru/volgograd-doneczk-rostovskaya-oblast,A,C,НИЗКАЯ,ГРУППИРОВКА_ПО_ГОРОДУ
Иваново,Наро-Фоминск,11500,390,https://city2city.ru/ivanovo-naro-fominsk,A,C,НИЗКАЯ,ГРУППИРОВКА_ПО_ГОРОДУ
Казань,Сарапул,11500,390,https://city2city.ru/kazan-sarapul,A,C,НИЗКАЯ,ГРУППИРОВКА_ПО_ГОРОДУ
Волгоград,Миллерово,11500,390,https://city2city.ru/volgograd-millerovo,A,C,НИЗКАЯ,ГРУППИРОВКА_ПО_ГОРОДУ
Казань,Туймазы,11400,379,https://city2city.ru/kazan-tujmazy,A,C,НИЗКАЯ,ГРУППИРОВКА_ПО_ГОРОДУ
Оренбург,Октябрьский,11400,380,https://city2city.ru/orenburg-oktyabrskij-respublika-bashkortostan,A,C,НИЗКАЯ,ГРУППИРОВКА_ПО_ГОРОДУ
Белгород,Богучар,11000,360,https://city2city.ru/belgorod-boguchar,A,C,НИЗКАЯ,ГРУППИРОВКА_ПО_ГОРОДУ
Чебоксары,Нижнекамск,11000,370,https://city2city.ru/cheboksary-nizhnekamsk,A,C,НИЗКАЯ,ГРУППИРОВКА_ПО_ГОРОДУ
Чебоксары,Сызрань,11000,370,https://city2city.ru/cheboksary-syzran,A,C,НИЗКАЯ,ГРУППИРОВКА_ПО_ГОРОДУ
Элиста,Кисловодск,11000,365,https://city2city.ru/elista-kislovodsk,A,C,НИЗКАЯ,ГРУППИРОВКА_ПО_ГОРОДУ
Курск,Россошь,11000,370,https://city2city.ru/kursk-rossosh,A,C,НИЗКАЯ,ГРУППИРОВКА_ПО_ГОРОДУ
Липецк,Богучар,11000,360,https://city2city.ru/lipeczk-boguchar,A,C,НИЗКАЯ,ГРУППИРОВКА_ПО_ГОРОДУ
Липецк,Валуйки,11000,360,https://city2city.ru/lipeczk-valujki,A,C,НИЗКАЯ,ГРУППИРОВКА_ПО_ГОРОДУ
Пермь,Нефтекамск,11000,370,https://city2city.ru/perm-neftekamsk,A,C,НИЗКАЯ,ГРУППИРОВКА_ПО_ГОРОДУ
Псков,деревня Окуловка,11000,360,https://city2city.ru/pskov-okulovka,A,C,НИЗКАЯ,ГРУППИРОВКА_ПО_ГОРОДУ
Смоленск,Обнинск,11000,360,https://city2city.ru/smolensk-obninsk,A,C,НИЗКАЯ,ГРУППИРОВКА_ПО_ГОРОДУ
Ульяновск,Бугуруслан,11000,360,https://city2city.ru/ulyanovsk-buguruslan,A,C,НИЗКАЯ,ГРУППИРОВКА_ПО_ГОРОДУ
Ярославль,Муром,11000,360,https://city2city.ru/yaroslavl-murom,A,C,НИЗКАЯ,ГРУППИРОВКА_ПО_ГОРОДУ
Ярославль,Наро-Фоминск,11000,360,https://city2city.ru/yaroslavl-naro-fominsk,A,C,НИЗКАЯ,ГРУППИРОВКА_ПО_ГОРОДУ
Оренбург,Бугуруслан,10800,360,https://city2city.ru/orenburg-buguruslan,A,C,НИЗКАЯ,ГРУППИРОВКА_ПО_ГОРОДУ
Самара,Белебей,10800,360,https://city2city.ru/samara-belebej,A,C,НИЗКАЯ,ГРУППИРОВКА_ПО_ГОРОДУ
Самара,Нижнекамск,10800,360,https://city2city.ru/samara-nizhnekamsk,A,C,НИЗКАЯ,ГРУППИРОВКА_ПО_ГОРОДУ
Уфа,Бугуруслан,10800,360,https://city2city.ru/ufa-buguruslan,A,C,НИЗКАЯ,ГРУППИРОВКА_ПО_ГОРОДУ
Ульяновск,Нижнекамск,10600,355,https://city2city.ru/ulyanovsk-nizhnekamsk,A,C,НИЗКАЯ,ГРУППИРОВКА_ПО_ГОРОДУ
Брянск,Новомосковск,10500,351,https://city2city.ru/bryansk-novomoskovsk,A,C,НИЗКАЯ,ГРУППИРОВКА_ПО_ГОРОДУ
Екатеринбург,Троицк,10500,350,https://city2city.ru/ekaterinburg-app-bugristoe,A,C,НИЗКАЯ,ГРУППИРОВКА_ПО_ГОРОДУ
Элиста,Ессентуки,10500,350,https://city2city.ru/elista-essentuki,A,C,НИЗКАЯ,ГРУППИРОВКА_ПО_ГОРОДУ
Смоленск,Наро-Фоминск,10500,350,https://city2city.ru/smolensk-naro-fominsk,A,C,НИЗКАЯ,ГРУППИРОВКА_ПО_ГОРОДУ
Ставрополь,Волгодонск,10500,350,https://city2city.ru/stavropol-volgodonsk,A,C,НИЗКАЯ,ГРУППИРОВКА_ПО_ГОРОДУ
Тамбов,Старый Оскол,10500,350,https://city2city.ru/tambov-staryj-oskol,A,C,НИЗКАЯ,ГРУППИРОВКА_ПО_ГОРОДУ
Уфа,Чебаркуль,10500,350,https://city2city.ru/ufa-chebarkul,A,C,НИЗКАЯ,ГРУППИРОВКА_ПО_ГОРОДУ
Уфа,село Учалы,10500,350,https://city2city.ru/ufa-uchaly,A,C,НИЗКАЯ,ГРУППИРОВКА_ПО_ГОРОДУ
Екатеринбург,село Учалы,10200,340,https://city2city.ru/ekaterinburg-uchaly,A,C,НИЗКАЯ,ГРУППИРОВКА_ПО_ГОРОДУ
Казань,Сызрань,10200,340,https://city2city.ru/kazan-syzran,A,C,НИЗКАЯ,ГРУППИРОВКА_ПО_ГОРОДУ
Чебоксары,Сосновка,10000,340,https://city2city.ru/cheboksary-sosnovka,A,C,НИЗКАЯ,ГРУППИРОВКА_ПО_ГОРОДУ
Иваново,Подольск,10000,340,https://city2city.ru/ivanovo-podolsk,A,C,НИЗКАЯ,ГРУППИРОВКА_ПО_ГОРОДУ
Ижевск,Бугульма,10000,330,https://city2city.ru/izhevsk-bugulma,A,C,НИЗКАЯ,ГРУППИРОВКА_ПО_ГОРОДУ
Киров,Вятские Поляны,10000,340,https://city2city.ru/kirov-vyatskie-polyany,A,C,НИЗКАЯ,ГРУППИРОВКА_ПО_ГОРОДУ
Оренбург,Сибай,10000,335,https://city2city.ru/orenburg-sibaj,A,C,НИЗКАЯ,ГРУППИРОВКА_ПО_ГОРОДУ
Пенза,Сосновка,10000,330,https://city2city.ru/penza-sosnovka,A,C,НИЗКАЯ,ГРУППИРОВКА_ПО_ГОРОДУ
Самара,Кузнецк,10000,330,https://city2city.ru/samara-kuzneck,A,C,НИЗКАЯ,ГРУППИРОВКА_ПО_ГОРОДУ
Воронеж,Новомосковск,10000,330,https://city2city.ru/voronezh-novomoskovsk,A,C,НИЗКАЯ,ГРУППИРОВКА_ПО_ГОРОДУ
Саратов,рабочий посёлок Соколовый,1370500,45680,https://city2city.ru/saratov-sokolovyj,A,D,МАЛО_ПОКАЗОВ,ДИНАМИЧЕСКИЕ_ОБЪЯВЛЕНИЯ
Волгоград,Николаевск,276000,9200,https://city2city.ru/volgograd-nikolaevsk,A,D,МАЛО_ПОКАЗОВ,ДИНАМИЧЕСКИЕ_ОБЪЯВЛЕНИЯ
Хабаровск,посёлок городского типа Николаевка,231000,7700,https://city2city.ru/xabarovsk-nikolaevka,A,D,МАЛО_ПОКАЗОВ,ДИНАМИЧЕСКИЕ_ОБЪЯВЛЕНИЯ
Хабаровск,Алдан,216000,7200,https://city2city.ru/xabarovsk-aldan,A,D,МАЛО_ПОКАЗОВ,ДИНАМИЧЕСКИЕ_ОБЪЯВЛЕНИЯ
Хабаровск,Алдан,216000,7200,https://city2city.ru/xabarovsk-aldan-2,A,D,МАЛО_ПОКАЗОВ,ДИНАМИЧЕСКИЕ_ОБЪЯВЛЕНИЯ
Хабаровск,рабочий поселок Малышева,198000,6600,https://city2city.ru/xabarovsk-malysheva-2,A,D,МАЛО_ПОКАЗОВ,ДИНАМИЧЕСКИЕ_ОБЪЯВЛЕНИЯ
Псков,Невель,186000,6200,https://city2city.ru/pskov-nebel,A,D,МАЛО_ПОКАЗОВ,ДИНАМИЧЕСКИЕ_ОБЪЯВЛЕНИЯ
Самара,Мирный,168000,5600,https://city2city.ru/samara-mirnyj,A,D,МАЛО_ПОКАЗОВ,ДИНАМИЧЕСКИЕ_ОБЪЯВЛЕНИЯ
Благовещенск,Углегорск,156000,5200,https://city2city.ru/blagoveshhensk-uglegorsk,B,D,МАЛО_ПОКАЗОВ,ДИНАМИЧЕСКИЕ_ОБЪЯВЛЕНИЯ
Якутск,аэропорт Новосибирск (Толмачёво) имени А.И. Покрышкина,153000,5100,https://city2city.ru/yakutsk-aeroport-tolmachevo-novosibirsk,B,D,МАЛО_ПОКАЗОВ,ДИНАМИЧЕСКИЕ_ОБЪЯВЛЕНИЯ
Псков,рабочий посёлок Кунья,150000,5000,https://city2city.ru/pskov-kunya,A,D,МАЛО_ПОКАЗОВ,ДИНАМИЧЕСКИЕ_ОБЪЯВЛЕНИЯ
Челябинск,Мирный,144000,4800,https://city2city.ru/chelyabinsk-mirnyj,A,D,МАЛО_ПОКАЗОВ,ДИНАМИЧЕСКИЕ_ОБЪЯВЛЕНИЯ
Красноярск,Артёмовск,138000,4600,https://city2city.ru/krasnoyarsk-artyomovsk,A,D,МАЛО_ПОКАЗОВ,ДИНАМИЧЕСКИЕ_ОБЪЯВЛЕНИЯ
Красноярск,Железногорск-Илимский,135000,4500,https://city2city.ru/krasnoyarsk-zheleznogorsk-ilimskij,A,D,МАЛО_ПОКАЗОВ,ДИНАМИЧЕСКИЕ_ОБЪЯВЛЕНИЯ
Новосибирск,Гурьевск,135000,4500,https://city2city.ru/novosibirsk-gurevsk,B,D,МАЛО_ПОКАЗОВ,ДИНАМИЧЕСКИЕ_ОБЪЯВЛЕНИЯ
Кемерово,Зеленогорск,129000,4300,https://city2city.ru/kemerovo-zelenogorsk,B,D,МАЛО_ПОКАЗОВ,ДИНАМИЧЕСКИЕ_ОБЪЯВЛЕНИЯ
Красноярск,Ленинск-Кузнецкий,123000,4100,https://city2city.ru/krasnoyarsk-leninsk-kuzneczkij,A,D,МАЛО_ПОКАЗОВ,ДИНАМИЧЕСКИЕ_ОБЪЯВЛЕНИЯ
Москва,Салехард,123000,4100,https://city2city.ru/moskva-salexard,A,D,МАЛО_ПОКАЗОВ,ДИНАМИЧЕСКИЕ_ОБЪЯВЛЕНИЯ
Москва,Надым,114000,3800,https://city2city.ru/moskva-nadym,A,D,МАЛО_ПОКАЗОВ,ДИНАМИЧЕСКИЕ_ОБЪЯВЛЕНИЯ
Пенза,рабочий посёлок Сосновоборск,108000,3600,https://city2city.ru/penza-sosnovoborsk,A,D,МАЛО_ПОКАЗОВ,ДИНАМИЧЕСКИЕ_ОБЪЯВЛЕНИЯ
Владивосток,Улан-Удэ,106000,3525,https://city2city.ru/vladivostok-ulan-ude,B,C,МАЛО_ПОКАЗОВ,ДИНАМИЧЕСКИЕ_ОБЪЯВЛЕНИЯ
Мурманск,поселок городского типа Зеленоборск,105000,3500,https://city2city.ru/murmansk-zelenoborsk,B,D,МАЛО_ПОКАЗОВ,ДИНАМИЧЕСКИЕ_ОБЪЯВЛЕНИЯ
Иркутск,посёлок городского типа Луговой,102000,3400,https://city2city.ru/irkutsk-lugovoj,A,D,МАЛО_ПОКАЗОВ,ДИНАМИЧЕСКИЕ_ОБЪЯВЛЕНИЯ
Киров,посёлок городского типа Рудничный,102000,3400,https://city2city.ru/kirov-rudnichnyj,A,D,МАЛО_ПОКАЗОВ,ДИНАМИЧЕСКИЕ_ОБЪЯВЛЕНИЯ
Москва,Ноябрьск,93000,3100,https://city2city.ru/moskva-noyabrsk,A,D,МАЛО_ПОКАЗОВ,ДИНАМИЧЕСКИЕ_ОБЪЯВЛЕНИЯ
Саранск,посёлок городского типа Озёрный,93000,3100,https://city2city.ru/saransk-ozyornyj,A,D,МАЛО_ПОКАЗОВ,ДИНАМИЧЕСКИЕ_ОБЪЯВЛЕНИЯ
Якутск,аэропорт Владивосток (Кневичи) имени В.К. Арсеньева,93000,3100,https://city2city.ru/yakutsk-aeroport-artyom-vladivostok,B,D,МАЛО_ПОКАЗОВ,ДИНАМИЧЕСКИЕ_ОБЪЯВЛЕНИЯ
Саранск,рабочий посёлок Луховка,87500,2920,https://city2city.ru/saransk-luxovka,A,D,МАЛО_ПОКАЗОВ,ДИНАМИЧЕСКИЕ_ОБЪЯВЛЕНИЯ
Саратов,Стурскуг,87000,2900,https://city2city.ru/saratov-app-borisoglebsk,A,D,МАЛО_ПОКАЗОВ,ДИНАМИЧЕСКИЕ_ОБЪЯВЛЕНИЯ
Тула,село Ильинка,87000,2900,https://city2city.ru/tula-ilinka,A,D,МАЛО_ПОКАЗОВ,ДИНАМИЧЕСКИЕ_ОБЪЯВЛЕНИЯ
Красноярск,Усолье-Сибирское,86000,2870,https://city2city.ru/krasnoyarsk-usole-sibirskoe,A,D,МАЛО_ПОКАЗОВ,ДИНАМИЧЕСКИЕ_ОБЪЯВЛЕНИЯ
Владивосток,Чита,86000,2865,https://city2city.ru/vladivostok-chita,B,C,МАЛО_ПОКАЗОВ,ДИНАМИЧЕСКИЕ_ОБЪЯВЛЕНИЯ
Екатеринбург,село Красногвардейское,84000,2800,https://city2city.ru/ekaterinburg-selo-krasnogvardejskoe,A,D,МАЛО_ПОКАЗОВ,ДИНАМИЧЕСКИЕ_ОБЪЯВЛЕНИЯ
Якутск,аэропорт Улан-Удэ (Байкал),84000,2800,https://city2city.ru/yakutsk-aeroport-bajkal-ulan-ude,B,D,МАЛО_ПОКАЗОВ,ДИНАМИЧЕСКИЕ_ОБЪЯВЛЕНИЯ
Петрозаводск,городской посёлок Вознесенье,82500,2750,https://city2city.ru/petrozavodsk-voznesene,B,D,МАЛО_ПОКАЗОВ,ДИНАМИЧЕСКИЕ_ОБЪЯВЛЕНИЯ
Ульяновск,посёлок городского типа Луговой,82000,2730,https://city2city.ru/ulyanovsk-lugovoj,A,D,МАЛО_ПОКАЗОВ,ДИНАМИЧЕСКИЕ_ОБЪЯВЛЕНИЯ
Якутск,Улан-Удэ,81800,2725,https://city2city.ru/yakutsk-ulan-ude,B,C,МАЛО_ПОКАЗОВ,ДИНАМИЧЕСКИЕ_ОБЪЯВЛЕНИЯ
Элиста,посёлок городского типа Кожва,81500,2710,https://city2city.ru/elista-kozhva,A,D,МАЛО_ПОКАЗОВ,ДИНАМИЧЕСКИЕ_ОБЪЯВЛЕНИЯ
Челябинск,посёлок городского типа Октябрьское,81000,2700,https://city2city.ru/chelyabinsk-oktyabrskoe,A,D,МАЛО_ПОКАЗОВ,ДИНАМИЧЕСКИЕ_ОБЪЯВЛЕНИЯ
Красноярск,Краснокаменск,80500,2690,https://city2city.ru/krasnoyarsk-krasnokamensk,A,D,МАЛО_ПОКАЗОВ,ДИНАМИЧЕСКИЕ_ОБЪЯВЛЕНИЯ
Курган,поселок городского типа Мостовской,80000,2660,https://city2city.ru/kurgan-mostovskoj,B,D,МАЛО_ПОКАЗОВ,ДИНАМИЧЕСКИЕ_ОБЪЯВЛЕНИЯ
Тюмень,село Успенка,78000,2600,https://city2city.ru/tyumen-mapp-uspenka,A,D,МАЛО_ПОКАЗОВ,ДИНАМИЧЕСКИЕ_ОБЪЯВЛЕНИЯ
Владивосток,Алдан,77000,2560,https://city2city.ru/vladivostok-aldan,B,D,МАЛО_ПОКАЗОВ,ДИНАМИЧЕСКИЕ_ОБЪЯВЛЕНИЯ
Уфа,Евпатория,75600,2520,https://city2city.ru/ufa-evpatoriya,A,D,МАЛО_ПОКАЗОВ,ДИНАМИЧЕСКИЕ_ОБЪЯВЛЕНИЯ
Екатеринбург,посёлок городского типа Палкино,75000,2500,https://city2city.ru/ekaterinburg-palkino,A,D,МАЛО_ПОКАЗОВ,ДИНАМИЧЕСКИЕ_ОБЪЯВЛЕНИЯ
Москва,Воркута,74000,2470,https://city2city.ru/moskva-vorkuta,A,D,МАЛО_ПОКАЗОВ,ДИНАМИЧЕСКИЕ_ОБЪЯВЛЕНИЯ
Тюмень,Нариманов,73500,2450,https://city2city.ru/tyumen-narimanov,A,D,МАЛО_ПОКАЗОВ,ДИНАМИЧЕСКИЕ_ОБЪЯВЛЕНИЯ
Томск,Стрежевой,72600,2420,https://city2city.ru/tomsk-strezhevoy,B,D,МАЛО_ПОКАЗОВ,ДИНАМИЧЕСКИЕ_ОБЪЯВЛЕНИЯ
Челябинск,посёлок Красный Камень,72000,2400,https://city2city.ru/chelyabinsk-mapp-krasnyj-kamen,A,D,МАЛО_ПОКАЗОВ,ДИНАМИЧЕСКИЕ_ОБЪЯВЛЕНИЯ
Тюмень,рабочий посёлок Сазоново,72000,2400,https://city2city.ru/tyumen-sazonovo,A,D,МАЛО_ПОКАЗОВ,ДИНАМИЧЕСКИЕ_ОБЪЯВЛЕНИЯ
Тула,рабочий посёлок Воскресенское,69500,2310,https://city2city.ru/tula-voskresenskoe,A,D,МАЛО_ПОКАЗОВ,ДИНАМИЧЕСКИЕ_ОБЪЯВЛЕНИЯ
Владивосток,Нерюнгри,69200,2305,https://city2city.ru/vladivostok-neryungri,B,C,МАЛО_ПОКАЗОВ,ДИНАМИЧЕСКИЕ_ОБЪЯВЛЕНИЯ
Новосибирск,Куйбышев,68000,2270,https://city2city.ru/novosibirsk-kuybyshev,B,D,МАЛО_ПОКАЗОВ,ДИНАМИЧЕСКИЕ_ОБЪЯВЛЕНИЯ
Краснодар,село Алимбетовка,67000,2230,https://city2city.ru/krasnodar-app-orsk,A,D,МАЛО_ПОКАЗОВ,ДИНАМИЧЕСКИЕ_ОБЪЯВЛЕНИЯ
Иркутск,рабочий посёлок Магистральный,66600,2220,https://city2city.ru/irkutsk-kavykta,A,D,МАЛО_ПОКАЗОВ,ДИНАМИЧЕСКИЕ_ОБЪЯВЛЕНИЯ
Благовещенск,Улан-Удэ,66000,2200,https://city2city.ru/blagoveshhensk-ulan-ude,B,C,МАЛО_ПОКАЗОВ,ДИНАМИЧЕСКИЕ_ОБЪЯВЛЕНИЯ
Тюмень,Салехард,66000,2200,https://city2city.ru/tyumen-salexard,A,D,МАЛО_ПОКАЗОВ,ДИНАМИЧЕСКИЕ_ОБЪЯВЛЕНИЯ
Санкт-Петербург,городской посёлок Вознесенье,65500,2180,https://city2city.ru/sankt-peterburg-voznesene,A,D,МАЛО_ПОКАЗОВ,ДИНАМИЧЕСКИЕ_ОБЪЯВЛЕНИЯ
Уфа,Новороссийск,65500,2180,https://city2city.ru/ufa-novorossijsk,A,D,МАЛО_ПОКАЗОВ,ДИНАМИЧЕСКИЕ_ОБЪЯВЛЕНИЯ
Мурманск,Сафоново,63500,2110,https://city2city.ru/murmansk-safonovo,B,D,МАЛО_ПОКАЗОВ,ДИНАМИЧЕСКИЕ_ОБЪЯВЛЕНИЯ
Мурманск,Сасово,63100,2104,https://city2city.ru/murmansk-sasovo,B,D,МАЛО_ПОКАЗОВ,ДИНАМИЧЕСКИЕ_ОБЪЯВЛЕНИЯ
Уфа,посёлок городского типа Новомихайловский,63000,2100,https://city2city.ru/ufa-novomixajlovka,A,D,МАЛО_ПОКАЗОВ,ДИНАМИЧЕСКИЕ_ОБЪЯВЛЕНИЯ
Курган,Троицк,62500,2080,https://city2city.ru/kurgan-troiczk,B,C,МАЛО_ПОКАЗОВ,ДИНАМИЧЕСКИЕ_ОБЪЯВЛЕНИЯ
Тюмень,посёлок городского типа Луговой,62500,2080,https://city2city.ru/tyumen-lugovoj,A,D,МАЛО_ПОКАЗОВ,ДИНАМИЧЕСКИЕ_ОБЪЯВЛЕНИЯ
Якутск,Чита,62000,2065,https://city2city.ru/yakutsk-chita,B,C,МАЛО_ПОКАЗОВ,ДИНАМИЧЕСКИЕ_ОБЪЯВЛЕНИЯ
Екатеринбург,посёлок Каргаполье,61000,2030,https://city2city.ru/ekaterinburg-kargapole,A,D,МАЛО_ПОКАЗОВ,ДИНАМИЧЕСКИЕ_ОБЪЯВЛЕНИЯ
Москва,Усинск,61000,2040,https://city2city.ru/moskva-usinsk,A,D,МАЛО_ПОКАЗОВ,ДИНАМИЧЕСКИЕ_ОБЪЯВЛЕНИЯ
Тюмень,поселок городского типа Ильинское-Хованское,61000,2030,https://city2city.ru/tyumen-ilinskoe-xovanskoe,A,D,МАЛО_ПОКАЗОВ,ДИНАМИЧЕСКИЕ_ОБЪЯВЛЕНИЯ
Тюмень,деревня Покровское,61000,2040,https://city2city.ru/tyumen-pokrovskoe,A,D,МАЛО_ПОКАЗОВ,ДИНАМИЧЕСКИЕ_ОБЪЯВЛЕНИЯ
Красноярск,Норильск,60500,2020,https://city2city.ru/krasnoyarsk-norilsk,A,D,МАЛО_ПОКАЗОВ,ДИНАМИЧЕСКИЕ_ОБЪЯВЛЕНИЯ
Мурманск,Домодедово,59700,1990,https://city2city.ru/murmansk-domodedovo,B,D,МАЛО_ПОКАЗОВ,ДИНАМИЧЕСКИЕ_ОБЪЯВЛЕНИЯ
Курск,посёлок Полевой,59500,1980,https://city2city.ru/kursk-polevoj,A,D,МАЛО_ПОКАЗОВ,ДИНАМИЧЕСКИЕ_ОБЪЯВЛЕНИЯ
Ханты-Мансийск,Межгорье,59500,1484,https://city2city.ru/xanty-mansijsk-mezhgore,B,D,МАЛО_ПОКАЗОВ,ДИНАМИЧЕСКИЕ_ОБЪЯВЛЕНИЯ
Самара,Усинск,59000,1960,https://city2city.ru/samara-usinsk,A,D,МАЛО_ПОКАЗОВ,ДИНАМИЧЕСКИЕ_ОБЪЯВЛЕНИЯ
Красноярск,Дудинка,58500,1950,https://city2city.ru/krasnoyarsk-dudinka,A,D,МАЛО_ПОКАЗОВ,ДИНАМИЧЕСКИЕ_ОБЪЯВЛЕНИЯ
Оренбург,Белорецк,58200,1940,https://city2city.ru/orenburg-beloreczk,A,D,МАЛО_ПОКАЗОВ,ДИНАМИЧЕСКИЕ_ОБЪЯВЛЕНИЯ
Уфа,Ноябрьск,58000,1930,https://city2city.ru/ufa-noyabrsk,A,D,МАЛО_ПОКАЗОВ,ДИНАМИЧЕСКИЕ_ОБЪЯВЛЕНИЯ
Уфа,Усинск,58000,1930,https://city2city.ru/ufa-usinsk,A,D,МАЛО_ПОКАЗОВ,ДИНАМИЧЕСКИЕ_ОБЪЯВЛЕНИЯ
Красноярск,село Арей,57500,1910,https://city2city.ru/krasnoyarsk-arej,A,D,МАЛО_ПОКАЗОВ,ДИНАМИЧЕСКИЕ_ОБЪЯВЛЕНИЯ
Кемерово,Берёзовский,55800,1860,https://city2city.ru/kemerovo-beryozovskiy,B,C,МАЛО_ПОКАЗОВ,ДИНАМИЧЕСКИЕ_ОБЪЯВЛЕНИЯ
Краснодар,поселок городского типа Октябрьский,54500,1810,https://city2city.ru/krasnodar-oktyabrskij,A,D,МАЛО_ПОКАЗОВ,ДИНАМИЧЕСКИЕ_ОБЪЯВЛЕНИЯ
Москва,Кировск,54500,1820,https://city2city.ru/moskva-kirovsk-2,A,D,МАЛО_ПОКАЗОВ,ДИНАМИЧЕСКИЕ_ОБЪЯВЛЕНИЯ
Пермь,Павловск,54500,1820,https://city2city.ru/perm-pavlovsk,A,D,МАЛО_ПОКАЗОВ,ДИНАМИЧЕСКИЕ_ОБЪЯВЛЕНИЯ
Курган,рабочий посёлок Елань,54000,1800,https://city2city.ru/kurgan-elan,B,C,МАЛО_ПОКАЗОВ,ДИНАМИЧЕСКИЕ_ОБЪЯВЛЕНИЯ
Уфа,деревня Красная Горка,54000,1800,https://city2city.ru/ufa-app-krasnaya-gorka,A,D,МАЛО_ПОКАЗОВ,ДИНАМИЧЕСКИЕ_ОБЪЯВЛЕНИЯ
Уфа,Когалым,54000,1800,https://city2city.ru/ufa-kogalym,A,D,МАЛО_ПОКАЗОВ,ДИНАМИЧЕСКИЕ_ОБЪЯВЛЕНИЯ
Екатеринбург,Белорецк,53700,1790,https://city2city.ru/ekaterinburg-beloreczk,A,D,МАЛО_ПОКАЗОВ,ДИНАМИЧЕСКИЕ_ОБЪЯВЛЕНИЯ
Тюмень,Надым,53100,1770,https://city2city.ru/tyumen-nadym,A,D,МАЛО_ПОКАЗОВ,ДИНАМИЧЕСКИЕ_ОБЪЯВЛЕНИЯ
Челябинск,Красногорск,53000,1770,https://city2city.ru/chelyabinsk-krasnogorsk,A,D,МАЛО_ПОКАЗОВ,ДИНАМИЧЕСКИЕ_ОБЪЯВЛЕНИЯ
Оренбург,Старица,52500,1750,https://city2city.ru/orenburg-staricza,A,D,МАЛО_ПОКАЗОВ,ДИНАМИЧЕСКИЕ_ОБЪЯВЛЕНИЯ
Екатеринбург,посёлок Солнечный,52000,1740,https://city2city.ru/ekaterinburg-solnechnyj,A,D,МАЛО_ПОКАЗОВ,ДИНАМИЧЕСКИЕ_ОБЪЯВЛЕНИЯ
Оренбург,село Александровское,51900,1730,https://city2city.ru/orenburg-selo-aleksandrovskoe,A,D,МАЛО_ПОКАЗОВ,ДИНАМИЧЕСКИЕ_ОБЪЯВЛЕНИЯ
Екатеринбург,посёлок городского типа Покровское,51500,1710,https://city2city.ru/ekaterinburg-pokrovskoe,A,D,МАЛО_ПОКАЗОВ,ДИНАМИЧЕСКИЕ_ОБЪЯВЛЕНИЯ
Курган,село Лукино,51500,1710,https://city2city.ru/kurgan-lukino,B,D,МАЛО_ПОКАЗОВ,ДИНАМИЧЕСКИЕ_ОБЪЯВЛЕНИЯ
Якутск,Белогорск,50500,1680,https://city2city.ru/yakutsk-belogorsk,B,D,МАЛО_ПОКАЗОВ,ДИНАМИЧЕСКИЕ_ОБЪЯВЛЕНИЯ
Челябинск,посёлок Первомайский,50000,1660,https://city2city.ru/chelyabinsk-pervomajskij,A,D,МАЛО_ПОКАЗОВ,ДИНАМИЧЕСКИЕ_ОБЪЯВЛЕНИЯ
Красноярск,Игарка,50000,1670,https://city2city.ru/krasnoyarsk-igarka,A,D,МАЛО_ПОКАЗОВ,ДИНАМИЧЕСКИЕ_ОБЪЯВЛЕНИЯ
Владивосток,Николаевск-на-Амуре,50000,1665,https://city2city.ru/vladivostok-nikolaevsk-na-amure,B,D,МАЛО_ПОКАЗОВ,ДИНАМИЧЕСКИЕ_ОБЪЯВЛЕНИЯ
Новосибирск,Братск,49800,1660,https://city2city.ru/novosibirsk-bratsk,B,D,МАЛО_ПОКАЗОВ,ДИНАМИЧЕСКИЕ_ОБЪЯВЛЕНИЯ
Астрахань,Старица,48500,1620,https://city2city.ru/astraxan-staricza,A,D,МАЛО_ПОКАЗОВ,ДИНАМИЧЕСКИЕ_ОБЪЯВЛЕНИЯ
Новосибирск,Берёзовский,48500,1610,https://city2city.ru/novosibirsk-beryozovskiy,B,C,МАЛО_ПОКАЗОВ,ДИНАМИЧЕСКИЕ_ОБЪЯВЛЕНИЯ
Омск,Абакан,48500,1620,https://city2city.ru/omsk-abakan,B,C,МАЛО_ПОКАЗОВ,ДИНАМИЧЕСКИЕ_ОБЪЯВЛЕНИЯ
Омск,Куйбышев,48500,1620,https://city2city.ru/omsk-kuybyshev,B,D,МАЛО_ПОКАЗОВ,ДИНАМИЧЕСКИЕ_ОБЪЯВЛЕНИЯ
Якутск,Свободный,48500,1610,https://city2city.ru/yakutsk-svobodnyj,B,D,МАЛО_ПОКАЗОВ,ДИНАМИЧЕСКИЕ_ОБЪЯВЛЕНИЯ
Мурманск,Архангельск,48000,1600,https://city2city.ru/murmansk-arhangelsk,B,C,МАЛО_ПОКАЗОВ,ДИНАМИЧЕСКИЕ_ОБЪЯВЛЕНИЯ
Пермь,рабочий посёлок Хохлово,48000,1600,https://city2city.ru/perm-xoxlovo,A,D,МАЛО_ПОКАЗОВ,ДИНАМИЧЕСКИЕ_ОБЪЯВЛЕНИЯ
Тюмень,рабочий посёлок Мокроус,48000,1600,https://city2city.ru/tyumen-mokrous,A,D,МАЛО_ПОКАЗОВ,ДИНАМИЧЕСКИЕ_ОБЪЯВЛЕНИЯ
Оренбург,посёлок городского типа Северный,47500,1580,https://city2city.ru/orenburg-severnyj,A,D,МАЛО_ПОКАЗОВ,ДИНАМИЧЕСКИЕ_ОБЪЯВЛЕНИЯ
Уфа,Пыть-Ях,47100,1570,https://city2city.ru/ufa-pyt-yax,A,D,МАЛО_ПОКАЗОВ,ДИНАМИЧЕСКИЕ_ОБЪЯВЛЕНИЯ
Москва,Благодарный,47000,1570,https://city2city.ru/moskva-blagodarnyj,A,D,МАЛО_ПОКАЗОВ,ДИНАМИЧЕСКИЕ_ОБЪЯВЛЕНИЯ
Оренбург,село Ильинка,47000,1560,https://city2city.ru/orenburg-ilinka,A,D,МАЛО_ПОКАЗОВ,ДИНАМИЧЕСКИЕ_ОБЪЯВЛЕНИЯ
Уфа,Нефтеюганск,47000,1570,https://city2city.ru/ufa-nefteyugansk,A,D,МАЛО_ПОКАЗОВ,ДИНАМИЧЕСКИЕ_ОБЪЯВЛЕНИЯ
Владимир,рабочий поселок Малышева,47000,1570,https://city2city.ru/vladimir-malysheva,A,D,МАЛО_ПОКАЗОВ,ДИНАМИЧЕСКИЕ_ОБЪЯВЛЕНИЯ
Москва,станица Тамань,46500,1550,https://city2city.ru/moskva-taman,A,D,МАЛО_ПОКАЗОВ,ДИНАМИЧЕСКИЕ_ОБЪЯВЛЕНИЯ
Ставрополь,село Грачёвка,46500,1550,https://city2city.ru/stavropol-selo-grachyovka,A,D,МАЛО_ПОКАЗОВ,ДИНАМИЧЕСКИЕ_ОБЪЯВЛЕНИЯ
Калуга,посёлок Лоо,46200,1540,https://city2city.ru/kaluga-loo,A,D,МАЛО_ПОКАЗОВ,ДИНАМИЧЕСКИЕ_ОБЪЯВЛЕНИЯ
Москва,посёлок Кучугуры,46000,1530,https://city2city.ru/moskva-kuchugury,A,D,МАЛО_ПОКАЗОВ,ДИНАМИЧЕСКИЕ_ОБЪЯВЛЕНИЯ
Благовещенск,Чита,45600,1520,https://city2city.ru/blagoveshhensk-chita,B,C,МАЛО_ПОКАЗОВ,ДИНАМИЧЕСКИЕ_ОБЪЯВЛЕНИЯ
Уфа,Ухта,45500,1510,https://city2city.ru/ufa-uxta,A,D,МАЛО_ПОКАЗОВ,ДИНАМИЧЕСКИЕ_ОБЪЯВЛЕНИЯ
Челябинск,Ноябрьск,45000,1500,https://city2city.ru/chelyabinsk-noyabrsk,A,D,МАЛО_ПОКАЗОВ,ДИНАМИЧЕСКИЕ_ОБЪЯВЛЕНИЯ
Пермь,рабочий посёлок Новая Ляда,45000,1500,https://city2city.ru/perm-novaya-lyada,A,D,МАЛО_ПОКАЗОВ,ДИНАМИЧЕСКИЕ_ОБЪЯВЛЕНИЯ
Ставрополь,посёлок городского типа Дальнее Константиново,44900,1498,https://city2city.ru/stavropol-dalnee-konstantinovo,A,D,МАЛО_ПОКАЗОВ,ДИНАМИЧЕСКИЕ_ОБЪЯВЛЕНИЯ
Санкт-Петербург,посёлок городского типа Уразово,44700,1490,https://city2city.ru/sankt-peterburg-urazovo,A,D,МАЛО_ПОКАЗОВ,ДИНАМИЧЕСКИЕ_ОБЪЯВЛЕНИЯ
Москва,станица Голубицкая,44500,1490,https://city2city.ru/moskva-golubiczkaya,A,D,МАЛО_ПОКАЗОВ,ДИНАМИЧЕСКИЕ_ОБЪЯВЛЕНИЯ
Москва,Светлоград,44000,1460,https://city2city.ru/moskva-svetlograd,A,D,МАЛО_ПОКАЗОВ,ДИНАМИЧЕСКИЕ_ОБЪЯВЛЕНИЯ
Иркутск,Бодайбо,43800,1460,https://city2city.ru/irkutsk-bodajbo,A,D,МАЛО_ПОКАЗОВ,ДИНАМИЧЕСКИЕ_ОБЪЯВЛЕНИЯ
Киров,Спас-Деменск,43500,1450,https://city2city.ru/kirov-spas-demensk,A,D,МАЛО_ПОКАЗОВ,ДИНАМИЧЕСКИЕ_ОБЪЯВЛЕНИЯ
Челябинск,посёлок городского типа Смолино,42000,1400,https://city2city.ru/chelyabinsk-smolino,A,D,МАЛО_ПОКАЗОВ,ДИНАМИЧЕСКИЕ_ОБЪЯВЛЕНИЯ
Тюмень,Тарко-Сале,42000,1400,https://city2city.ru/tyumen-tarko-sale,A,D,МАЛО_ПОКАЗОВ,ДИНАМИЧЕСКИЕ_ОБЪЯВЛЕНИЯ
Владимир,посёлок городского типа Дружинино,42000,1400,https://city2city.ru/vladimir-druzhinino,A,D,МАЛО_ПОКАЗОВ,ДИНАМИЧЕСКИЕ_ОБЪЯВЛЕНИЯ
Волгоград,рабочий посёлок Рудня,42000,1400,https://city2city.ru/volgograd-rudnya,A,D,МАЛО_ПОКАЗОВ,ДИНАМИЧЕСКИЕ_ОБЪЯВЛЕНИЯ
Благовещенск,Уссурийск,41500,1390,https://city2city.ru/blagoveshhensk-ussurijsk,B,D,МАЛО_ПОКАЗОВ,ДИНАМИЧЕСКИЕ_ОБЪЯВЛЕНИЯ
Москва,Уральский,41500,1380,https://city2city.ru/moskva-uralskij,A,D,МАЛО_ПОКАЗОВ,ДИНАМИЧЕСКИЕ_ОБЪЯВЛЕНИЯ
Пенза,село Кабардинка,41500,1380,https://city2city.ru/penza-kabardinka,A,D,МАЛО_ПОКАЗОВ,ДИНАМИЧЕСКИЕ_ОБЪЯВЛЕНИЯ
Петрозаводск,Шуя,41500,1390,https://city2city.ru/petrozavodsk-shuya,B,C,МАЛО_ПОКАЗОВ,ДИНАМИЧЕСКИЕ_ОБЪЯВЛЕНИЯ
Ленск,Якутск,41200,1375,https://city2city.ru/lensk-jakutsk,D,B,МАЛО_ПОКАЗОВ,ДИНАМИЧЕСКИЕ_ОБЪЯВЛЕНИЯ
аэропорт Пулково,Мурманск,41100,1370,https://city2city.ru/aeroport-pulkovo-murmansk,C,B,МАЛО_ПОКАЗОВ,ДИНАМИЧЕСКИЕ_ОБЪЯВЛЕНИЯ
Киров,Мирный,41000,1370,https://city2city.ru/kirov-mirnyj,A,D,МАЛО_ПОКАЗОВ,ДИНАМИЧЕСКИЕ_ОБЪЯВЛЕНИЯ
Москва,Армавир,41000,1370,https://city2city.ru/moskva-armavir,A,D,МАЛО_ПОКАЗОВ,ДИНАМИЧЕСКИЕ_ОБЪЯВЛЕНИЯ
Пермь,Кирс,41000,1360,https://city2city.ru/perm-kirs,A,D,МАЛО_ПОКАЗОВ,ДИНАМИЧЕСКИЕ_ОБЪЯВЛЕНИЯ
Самара,Рубежное,41000,1360,https://city2city.ru/svo-taxi-samara-rubezhnoe,A,D,МАЛО_ПОКАЗОВ,ДИНАМИЧЕСКИЕ_ОБЪЯВЛЕНИЯ
Курган,рабочий посёлок Лебяжье,40500,1350,https://city2city.ru/kurgan-lebyazhe,B,D,МАЛО_ПОКАЗОВ,ДИНАМИЧЕСКИЕ_ОБЪЯВЛЕНИЯ
Москва,Новоалександровск,40500,1350,https://city2city.ru/moskva-novoaleksandrovsk,A,D,МАЛО_ПОКАЗОВ,ДИНАМИЧЕСКИЕ_ОБЪЯВЛЕНИЯ
Ростов-на-Дону,Гаврилов-Ям,40500,1350,https://city2city.ru/rostov-gavrilov-yam,A,D,МАЛО_ПОКАЗОВ,ДИНАМИЧЕСКИЕ_ОБЪЯВЛЕНИЯ
Астрахань,Ялта,40400,1345,https://city2city.ru/astraxan-yalta,A,D,МАЛО_ПОКАЗОВ,ДИНАМИЧЕСКИЕ_ОБЪЯВЛЕНИЯ
Киров,Людиново,40000,1340,https://city2city.ru/kirov-lyudinovo,A,D,МАЛО_ПОКАЗОВ,ДИНАМИЧЕСКИЕ_ОБЪЯВЛЕНИЯ
Пенза,Заречный,40000,1330,https://city2city.ru/penza-zarechnyj-penzenskaya-oblast,A,D,МАЛО_ПОКАЗОВ,ДИНАМИЧЕСКИЕ_ОБЪЯВЛЕНИЯ
Смоленск,посёлок городского типа Мурыгино,40000,1330,https://city2city.ru/smolensk-murygino,A,D,МАЛО_ПОКАЗОВ,ДИНАМИЧЕСКИЕ_ОБЪЯВЛЕНИЯ
Хабаровск,Тында,40000,1340,https://city2city.ru/xabarovsk-tynda,A,D,МАЛО_ПОКАЗОВ,ДИНАМИЧЕСКИЕ_ОБЪЯВЛЕНИЯ
Хабаровск,Тында,40000,1340,https://city2city.ru/xabarovsk-tynda-2,A,D,МАЛО_ПОКАЗОВ,ДИНАМИЧЕСКИЕ_ОБЪЯВЛЕНИЯ
Элиста,рабочий посёлок Юганец,39800,1326,https://city2city.ru/elista-yuganecz,A,D,МАЛО_ПОКАЗОВ,ДИНАМИЧЕСКИЕ_ОБЪЯВЛЕНИЯ
Пенза,село Лермонтово,39600,1320,https://city2city.ru/penza-lermontovo,A,D,МАЛО_ПОКАЗОВ,ДИНАМИЧЕСКИЕ_ОБЪЯВЛЕНИЯ
Благовещенск,Томмот,39500,1320,https://city2city.ru/blagoveshhensk-tommot,B,D,МАЛО_ПОКАЗОВ,ДИНАМИЧЕСКИЕ_ОБЪЯВЛЕНИЯ
Москва,станица Должанская,39500,1310,https://city2city.ru/moskva-dolzhanskaya,A,D,МАЛО_ПОКАЗОВ,ДИНАМИЧЕСКИЕ_ОБЪЯВЛЕНИЯ
Тула,станица Голубицкая,39500,1320,https://city2city.ru/tula-golubiczkaya,A,D,МАЛО_ПОКАЗОВ,ДИНАМИЧЕСКИЕ_ОБЪЯВЛЕНИЯ
Воронеж,Ялта,39500,1320,https://city2city.ru/voronezh-yalta,A,D,МАЛО_ПОКАЗОВ,ДИНАМИЧЕСКИЕ_ОБЪЯВЛЕНИЯ
Екатеринбург,Когалым,39000,1300,https://city2city.ru/ekaterinburg-kogalym,A,D,МАЛО_ПОКАЗОВ,ДИНАМИЧЕСКИЕ_ОБЪЯВЛЕНИЯ
Пермь,Сокол,39000,1300,https://city2city.ru/perm-sokol,A,D,МАЛО_ПОКАЗОВ,ДИНАМИЧЕСКИЕ_ОБЪЯВЛЕНИЯ
Элиста,Лагань,38500,1280,https://city2city.ru/elista-gorod-lagan,A,D,МАЛО_ПОКАЗОВ,ДИНАМИЧЕСКИЕ_ОБЪЯВЛЕНИЯ
аэропорт Иркутск,Усть-Кут,38500,960,https://city2city.ru/irkutsk-aeroport-ust-kut,D,D,МАЛО_ПОКАЗОВ,ДИНАМИЧЕСКИЕ_ОБЪЯВЛЕНИЯ
Ростов-на-Дону,Зерноград,38500,1290,https://city2city.ru/rostov-gorod-zernograd,A,D,МАЛО_ПОКАЗОВ,ДИНАМИЧЕСКИЕ_ОБЪЯВЛЕНИЯ
Белгород,Алексеевка,38000,1260,https://city2city.ru/belgorod-alekseevka,A,D,МАЛО_ПОКАЗОВ,ДИНАМИЧЕСКИЕ_ОБЪЯВЛЕНИЯ
Москва,Харабали,38000,1260,https://city2city.ru/moskva-xarabali,A,D,МАЛО_ПОКАЗОВ,ДИНАМИЧЕСКИЕ_ОБЪЯВЛЕНИЯ
Саратов,Сокол,38000,1260,https://city2city.ru/saratov-sokol,A,D,МАЛО_ПОКАЗОВ,ДИНАМИЧЕСКИЕ_ОБЪЯВЛЕНИЯ
Москва,посёлок городского типа Цаган Аман,37500,1250,https://city2city.ru/moskva-posyolok-czagan-aman,A,D,МАЛО_ПОКАЗОВ,ДИНАМИЧЕСКИЕ_ОБЪЯВЛЕНИЯ
Псков,Костомукша,37500,1250,https://city2city.ru/pskov-app-lyuttya,A,D,МАЛО_ПОКАЗОВ,ДИНАМИЧЕСКИЕ_ОБЪЯВЛЕНИЯ
Благовещенск,Алдан,37200,1240,https://city2city.ru/blagoveshhensk-aldan,B,D,МАЛО_ПОКАЗОВ,ДИНАМИЧЕСКИЕ_ОБЪЯВЛЕНИЯ
Москва,рабочий посёлок Плесецк,37000,1240,https://city2city.ru/moskva-pleseczk,A,D,МАЛО_ПОКАЗОВ,ДИНАМИЧЕСКИЕ_ОБЪЯВЛЕНИЯ
Москва,Тихорецк,37000,1240,https://city2city.ru/moskva-tixoreczk,A,D,МАЛО_ПОКАЗОВ,ДИНАМИЧЕСКИЕ_ОБЪЯВЛЕНИЯ
Ростов-на-Дону,Переславль-Залесский,37000,1230,https://city2city.ru/rostov-pereslavl-zalesskij,A,D,МАЛО_ПОКАЗОВ,ДИНАМИЧЕСКИЕ_ОБЪЯВЛЕНИЯ
Ульяновск,поселок Октябрьский,37000,1240,https://city2city.ru/ulyanovsk-oktyabrskij,A,D,МАЛО_ПОКАЗОВ,ДИНАМИЧЕСКИЕ_ОБЪЯВЛЕНИЯ
Красноярск,Усть-Кут,36900,1230,https://city2city.ru/krasnoyarsk-ust-kut,A,D,МАЛО_ПОКАЗОВ,ДИНАМИЧЕСКИЕ_ОБЪЯВЛЕНИЯ
Нижний Новгород,Бор,36500,1210,https://city2city.ru/nizhnij-novgorod-bor,A,D,МАЛО_ПОКАЗОВ,ДИНАМИЧЕСКИЕ_ОБЪЯВЛЕНИЯ
Оренбург,Выкса,36500,1220,https://city2city.ru/orenburg-vyksa,A,D,МАЛО_ПОКАЗОВ,ДИНАМИЧЕСКИЕ_ОБЪЯВЛЕНИЯ
Ульяновск,посёлок городского типа Белый Яр,36500,1210,https://city2city.ru/ulyanovsk-belyj-yar,A,D,МАЛО_ПОКАЗОВ,ДИНАМИЧЕСКИЕ_ОБЪЯВЛЕНИЯ
Вологда,Валуйки,36500,1220,https://city2city.ru/vologda-valuyki,B,C,МАЛО_ПОКАЗОВ,ДИНАМИЧЕСКИЕ_ОБЪЯВЛЕНИЯ
Хабаровск,Сковородино,36500,1210,https://city2city.ru/xabarovsk-skovorodino-2,A,D,МАЛО_ПОКАЗОВ,ДИНАМИЧЕСКИЕ_ОБЪЯВЛЕНИЯ
Санкт-Петербург,Апатиты,36300,1210,https://city2city.ru/sankt-peterburg-apatity,A,D,МАЛО_ПОКАЗОВ,ДИНАМИЧЕСКИЕ_ОБЪЯВЛЕНИЯ
Курган,Нижневартовск,36000,1200,https://city2city.ru/kurgan-nizhnevartovsk,B,C,МАЛО_ПОКАЗОВ,ДИНАМИЧЕСКИЕ_ОБЪЯВЛЕНИЯ
Ульяновск,село Варваринка,36000,1200,https://city2city.ru/ulyanovsk-app-nikolaevka,A,D,МАЛО_ПОКАЗОВ,ДИНАМИЧЕСКИЕ_ОБЪЯВЛЕНИЯ
Белгород,Керчь,35500,1190,https://city2city.ru/belgorod-kerch,A,D,МАЛО_ПОКАЗОВ,ДИНАМИЧЕСКИЕ_ОБЪЯВЛЕНИЯ
Курск,село Алексеевка,35500,1190,https://city2city.ru/kursk-alekseevka,A,D,МАЛО_ПОКАЗОВ,ДИНАМИЧЕСКИЕ_ОБЪЯВЛЕНИЯ
Пермь,деревня Савино,35500,1190,https://city2city.ru/perm-savino,A,D,МАЛО_ПОКАЗОВ,ДИНАМИЧЕСКИЕ_ОБЪЯВЛЕНИЯ
Киров,Донской,35400,1181,https://city2city.ru/kirov-donskoj,A,D,МАЛО_ПОКАЗОВ,ДИНАМИЧЕСКИЕ_ОБЪЯВЛЕНИЯ
Астрахань,Феодосия,35000,1165,https://city2city.ru/astraxan-feodosiya,A,D,МАЛО_ПОКАЗОВ,ДИНАМИЧЕСКИЕ_ОБЪЯВЛЕНИЯ
Москва,рабочий посёлок Озинки,35000,1160,https://city2city.ru/moskva-ozinki,A,D,МАЛО_ПОКАЗОВ,ДИНАМИЧЕСКИЕ_ОБЪЯВЛЕНИЯ
Якутск,Сковородино,35000,1160,https://city2city.ru/yakutsk-skovorodino,B,D,МАЛО_ПОКАЗОВ,ДИНАМИЧЕСКИЕ_ОБЪЯВЛЕНИЯ
Курск,Мантурово,34500,1150,https://city2city.ru/kursk-manturovo,A,D,МАЛО_ПОКАЗОВ,ДИНАМИЧЕСКИЕ_ОБЪЯВЛЕНИЯ
Тверь,рабочий посёлок Городище,34500,1150,https://city2city.ru/tver-gorodishhe,A,D,МАЛО_ПОКАЗОВ,ДИНАМИЧЕСКИЕ_ОБЪЯВЛЕНИЯ
Владивосток,Комсомольск-на-Амуре,34500,1150,https://city2city.ru/vladivostok-komsomolsk-na-amure,B,D,МАЛО_ПОКАЗОВ,ДИНАМИЧЕСКИЕ_ОБЪЯВЛЕНИЯ
Воронеж,поселок городского типа Боровой,34500,1150,https://city2city.ru/voronezh-borovoj,A,D,МАЛО_ПОКАЗОВ,ДИНАМИЧЕСКИЕ_ОБЪЯВЛЕНИЯ
Чебоксары,деревня Дубровка,34300,1143,https://city2city.ru/cheboksary-dubrovka,A,D,МАЛО_ПОКАЗОВ,ДИНАМИЧЕСКИЕ_ОБЪЯВЛЕНИЯ
Барнаул,Абакан,34000,1140,https://city2city.ru/barnaul-abakan,B,C,МАЛО_ПОКАЗОВ,ДИНАМИЧЕСКИЕ_ОБЪЯВЛЕНИЯ
Иркутск,Железногорск-Илимский,34000,846,https://city2city.ru/irkutsk-zheleznogorsk-ilimskij,A,D,МАЛО_ПОКАЗОВ,ДИНАМИЧЕСКИЕ_ОБЪЯВЛЕНИЯ
Тюмень,посёлок городского типа Игрим,33900,1131,https://city2city.ru/tyumen-igrim,A,D,МАЛО_ПОКАЗОВ,ДИНАМИЧЕСКИЕ_ОБЪЯВЛЕНИЯ
Воронеж,Опочка,33600,1120,https://city2city.ru/voronezh-opochka,A,D,МАЛО_ПОКАЗОВ,ДИНАМИЧЕСКИЕ_ОБЪЯВЛЕНИЯ
Санкт-Петербург,Кандалакша,33500,1110,https://city2city.ru/sankt-peterburg-kandalaksha,A,D,МАЛО_ПОКАЗОВ,ДИНАМИЧЕСКИЕ_ОБЪЯВЛЕНИЯ
Тюмень,Муравленко,33500,1120,https://city2city.ru/tyumen-muravlenko,A,D,МАЛО_ПОКАЗОВ,ДИНАМИЧЕСКИЕ_ОБЪЯВЛЕНИЯ
Пермь,посёлок городского типа Афанасьево,33300,1110,https://city2city.ru/perm-afanasevo,A,D,МАЛО_ПОКАЗОВ,ДИНАМИЧЕСКИЕ_ОБЪЯВЛЕНИЯ
Белгород,Боровичи,33000,1100,https://city2city.ru/belgorod-borovichi,A,D,МАЛО_ПОКАЗОВ,ДИНАМИЧЕСКИЕ_ОБЪЯВЛЕНИЯ
Краснодар,село Колотиловка,33000,1100,https://city2city.ru/krasnodar-app-kolotilovka,A,D,МАЛО_ПОКАЗОВ,ДИНАМИЧЕСКИЕ_ОБЪЯВЛЕНИЯ
Красноярск,село Ташанта,33000,1100,https://city2city.ru/krasnoyarsk-granicza-mongolii,A,D,МАЛО_ПОКАЗОВ,ДИНАМИЧЕСКИЕ_ОБЪЯВЛЕНИЯ
Москва,поселок городского типа Красный Луч,33000,1100,https://city2city.ru/moskva-krasnyj-luch,A,D,МАЛО_ПОКАЗОВ,ДИНАМИЧЕСКИЕ_ОБЪЯВЛЕНИЯ
Самара,М-3 Украина,33000,1100,https://city2city.ru/samara-granicza-ukraina,A,D,МАЛО_ПОКАЗОВ,ДИНАМИЧЕСКИЕ_ОБЪЯВЛЕНИЯ
Самара,Ивантеевка,33000,1100,https://city2city.ru/samara-ivanteevka,A,D,МАЛО_ПОКАЗОВ,ДИНАМИЧЕСКИЕ_ОБЪЯВЛЕНИЯ
Саратов,село Алимбетовка,33000,1100,https://city2city.ru/saratov-app-orsk,A,D,МАЛО_ПОКАЗОВ,ДИНАМИЧЕСКИЕ_ОБЪЯВЛЕНИЯ
Пенза,Мариуполь,33000,1100,https://city2city.ru/svo-taxi-penza-mariupol,A,D,МАЛО_ПОКАЗОВ,ДИНАМИЧЕСКИЕ_ОБЪЯВЛЕНИЯ
Тюмень,Ноябрьск,32800,1095,https://city2city.ru/tyumen-noyabrsk,A,D,МАЛО_ПОКАЗОВ,ДИНАМИЧЕСКИЕ_ОБЪЯВЛЕНИЯ
Омск,Горно-Алтайск,32700,1090,https://city2city.ru/omsk-gorno-altaysk,B,C,МАЛО_ПОКАЗОВ,ДИНАМИЧЕСКИЕ_ОБЪЯВЛЕНИЯ
Благовещенск,Комсомольск-на-Амуре,32500,1090,https://city2city.ru/blagoveshhensk-komsomolsk-na-amure,B,D,МАЛО_ПОКАЗОВ,ДИНАМИЧЕСКИЕ_ОБЪЯВЛЕНИЯ
Киров,посёлок Первомайский,32500,1090,https://city2city.ru/kirov-pervomajskij,A,D,МАЛО_ПОКАЗОВ,ДИНАМИЧЕСКИЕ_ОБЪЯВЛЕНИЯ
Москва,Палласовка,32500,1080,https://city2city.ru/moskva-pallasovka,A,D,МАЛО_ПОКАЗОВ,ДИНАМИЧЕСКИЕ_ОБЪЯВЛЕНИЯ
Хабаровск,Зея,32500,1080,https://city2city.ru/xabarovsk-zeya,A,D,МАЛО_ПОКАЗОВ,ДИНАМИЧЕСКИЕ_ОБЪЯВЛЕНИЯ
Астрахань,Керчь,32000,1070,https://city2city.ru/astraxan-kerch,A,D,МАЛО_ПОКАЗОВ,ДИНАМИЧЕСКИЕ_ОБЪЯВЛЕНИЯ
Красноярск,Алейск,32000,1060,https://city2city.ru/krasnoyarsk-alejsk,A,D,МАЛО_ПОКАЗОВ,ДИНАМИЧЕСКИЕ_ОБЪЯВЛЕНИЯ
Москва,станица Обливская,32000,1060,https://city2city.ru/moskva-oblivskaya,A,D,МАЛО_ПОКАЗОВ,ДИНАМИЧЕСКИЕ_ОБЪЯВЛЕНИЯ
Новосибирск,Саяногорск,32000,1070,https://city2city.ru/novosibirsk-sayanogorsk,B,D,МАЛО_ПОКАЗОВ,ДИНАМИЧЕСКИЕ_ОБЪЯВЛЕНИЯ
Омск,Белокуриха,32000,1060,https://city2city.ru/omsk-belokuriha,B,C,МАЛО_ПОКАЗОВ,ДИНАМИЧЕСКИЕ_ОБЪЯВЛЕНИЯ
Санкт-Петербург,Светлогорск,32000,1060,https://city2city.ru/sankt-peterburg-svetlogorsk,A,D,МАЛО_ПОКАЗОВ,ДИНАМИЧЕСКИЕ_ОБЪЯВЛЕНИЯ
Краснодар,деревня Долгое,31500,1050,https://city2city.ru/krasnodar-dolgoe,A,D,МАЛО_ПОКАЗОВ,ДИНАМИЧЕСКИЕ_ОБЪЯВЛЕНИЯ
Новосибирск,Уяр,31500,890,https://city2city.ru/novosibirsk-uyar,B,D,МАЛО_ПОКАЗОВ,ДИНАМИЧЕСКИЕ_ОБЪЯВЛЕНИЯ
Саранск,Починок,31500,1050,https://city2city.ru/saransk-pochinok,A,D,МАЛО_ПОКАЗОВ,ДИНАМИЧЕСКИЕ_ОБЪЯВЛЕНИЯ
Киров,Ершов,31200,1040,https://city2city.ru/kirov-ershov,A,D,МАЛО_ПОКАЗОВ,ДИНАМИЧЕСКИЕ_ОБЪЯВЛЕНИЯ
Тюмень,Новотроицк,31000,1040,https://city2city.ru/tyumen-novotroiczk,A,D,МАЛО_ПОКАЗОВ,ДИНАМИЧЕСКИЕ_ОБЪЯВЛЕНИЯ
Тюмень,Советский,31000,1040,https://city2city.ru/tyumen-sovetskij,A,D,МАЛО_ПОКАЗОВ,ДИНАМИЧЕСКИЕ_ОБЪЯВЛЕНИЯ
Элиста,Ялта,30800,1025,https://city2city.ru/elista-yalta,A,D,МАЛО_ПОКАЗОВ,ДИНАМИЧЕСКИЕ_ОБЪЯВЛЕНИЯ
Красноярск,Ангарск,30500,1010,https://city2city.ru/krasnoyarsk-angarsk,A,D,МАЛО_ПОКАЗОВ,ДИНАМИЧЕСКИЕ_ОБЪЯВЛЕНИЯ
Новосибирск,Минусинск,30500,1010,https://city2city.ru/novosibirsk-minusinsk,B,D,МАЛО_ПОКАЗОВ,ДИНАМИЧЕСКИЕ_ОБЪЯВЛЕНИЯ
Ростов-на-Дону,поселок городского типа Ильинское-Хованское,30500,1020,https://city2city.ru/rostov-ilinskoe-xovanskoe,A,D,МАЛО_ПОКАЗОВ,ДИНАМИЧЕСКИЕ_ОБЪЯВЛЕНИЯ
Тюмень,посёлок городского типа Приобье,30500,1020,https://city2city.ru/tyumen-priobe,A,D,МАЛО_ПОКАЗОВ,ДИНАМИЧЕСКИЕ_ОБЪЯВЛЕНИЯ
Тюмень,Югорск,30000,1000,https://city2city.ru/tyumen-yugorsk,A,D,МАЛО_ПОКАЗОВ,ДИНАМИЧЕСКИЕ_ОБЪЯВЛЕНИЯ
Тында,Якутск,29700,990,https://city2city.ru/tynda-jakutsk,D,B,МАЛО_ПОКАЗОВ,ДИНАМИЧЕСКИЕ_ОБЪЯВЛЕНИЯ
Якутск,Тында,29700,990,https://city2city.ru/yakutsk-tynda,B,D,МАЛО_ПОКАЗОВ,ДИНАМИЧЕСКИЕ_ОБЪЯВЛЕНИЯ
Красноярск,Бийск,29500,990,https://city2city.ru/krasnoyarsk-bijsk,A,D,МАЛО_ПОКАЗОВ,ДИНАМИЧЕСКИЕ_ОБЪЯВЛЕНИЯ
Курган,Сургут,29500,980,https://city2city.ru/kurgan-surgut,B,C,МАЛО_ПОКАЗОВ,ДИНАМИЧЕСКИЕ_ОБЪЯВЛЕНИЯ
Липецк,Сокол,29500,980,https://city2city.ru/lipeczk-sokol,A,D,МАЛО_ПОКАЗОВ,ДИНАМИЧЕСКИЕ_ОБЪЯВЛЕНИЯ
Москва,Котлас,29500,990,https://city2city.ru/moskva-kotlas,A,D,МАЛО_ПОКАЗОВ,ДИНАМИЧЕСКИЕ_ОБЪЯВЛЕНИЯ
Нижний Новгород,М-3 Украина,29500,980,https://city2city.ru/nizhnij-novgorod-granicza-ukraina,A,D,МАЛО_ПОКАЗОВ,ДИНАМИЧЕСКИЕ_ОБЪЯВЛЕНИЯ
Новосибирск,Абакан,29500,990,https://city2city.ru/novosibirsk-abakan,B,C,МАЛО_ПОКАЗОВ,ДИНАМИЧЕСКИЕ_ОБЪЯВЛЕНИЯ
Омск,Бийск,29500,990,https://city2city.ru/omsk-biysk,B,D,МАЛО_ПОКАЗОВ,ДИНАМИЧЕСКИЕ_ОБЪЯВЛЕНИЯ
Тула,Болохово,29500,990,https://city2city.ru/tula-boloxovo,A,D,МАЛО_ПОКАЗОВ,ДИНАМИЧЕСКИЕ_ОБЪЯВЛЕНИЯ
Тюмень,Мегион,29500,980,https://city2city.ru/tyumen-megion,A,D,МАЛО_ПОКАЗОВ,ДИНАМИЧЕСКИЕ_ОБЪЯВЛЕНИЯ
Благовещенск,Нерюнгри,29400,980,https://city2city.ru/blagoveshhensk-nerjungri,B,C,МАЛО_ПОКАЗОВ,ДИНАМИЧЕСКИЕ_ОБЪЯВЛЕНИЯ
Воронеж,Великие Луки,29400,980,https://city2city.ru/voronezh-velikie-luki,A,D,МАЛО_ПОКАЗОВ,ДИНАМИЧЕСКИЕ_ОБЪЯВЛЕНИЯ
Кострома,Суджа,29100,970,https://city2city.ru/kostroma-sudzha,A,D,МАЛО_ПОКАЗОВ,ДИНАМИЧЕСКИЕ_ОБЪЯВЛЕНИЯ
Усть-Кут,Иркутск,29100,970,https://city2city.ru/ust-kut-irkutsk,D,A,МАЛО_ПОКАЗОВ,ДИНАМИЧЕСКИЕ_ОБЪЯВЛЕНИЯ
Астрахань,Новороссийск,29000,970,https://city2city.ru/astraxan-novorossijsk,A,D,МАЛО_ПОКАЗОВ,ДИНАМИЧЕСКИЕ_ОБЪЯВЛЕНИЯ
Астрахань,Темрюк,29000,970,https://city2city.ru/astraxan-temryuk,A,D,МАЛО_ПОКАЗОВ,ДИНАМИЧЕСКИЕ_ОБЪЯВЛЕНИЯ
Киров,Каменск-Шахтинский,29000,960,https://city2city.ru/kirov-kamensk-shaxtinskij,A,D,МАЛО_ПОКАЗОВ,ДИНАМИЧЕСКИЕ_ОБЪЯВЛЕНИЯ
Красноярск,Усть-Илимск,29000,960,https://city2city.ru/krasnoyarsk-ust-ilimsk,A,D,МАЛО_ПОКАЗОВ,ДИНАМИЧЕСКИЕ_ОБЪЯВЛЕНИЯ
Кызыл,Заозёрный,29000,960,https://city2city.ru/kyzyl-zaozyornyy,B,D,МАЛО_ПОКАЗОВ,ДИНАМИЧЕСКИЕ_ОБЪЯВЛЕНИЯ
Орёл,деревня Покровское,29000,960,https://city2city.ru/oryol-pokrovskoe,A,D,МАЛО_ПОКАЗОВ,ДИНАМИЧЕСКИЕ_ОБЪЯВЛЕНИЯ
Тюмень,Когалым,29000,960,https://city2city.ru/tyumen-kogalym,A,D,МАЛО_ПОКАЗОВ,ДИНАМИЧЕСКИЕ_ОБЪЯВЛЕНИЯ
Тюмень,Нягань,29000,960,https://city2city.ru/tyumen-nyagan,A,D,МАЛО_ПОКАЗОВ,ДИНАМИЧЕСКИЕ_ОБЪЯВЛЕНИЯ
Волгоград,рабочий посёлок Быково,29000,970,https://city2city.ru/volgograd-bykovo,A,D,МАЛО_ПОКАЗОВ,ДИНАМИЧЕСКИЕ_ОБЪЯВЛЕНИЯ
Воронеж,Темрюк,29000,970,https://city2city.ru/voronezh-temryuk,A,D,МАЛО_ПОКАЗОВ,ДИНАМИЧЕСКИЕ_ОБЪЯВЛЕНИЯ
Олекминск,Якутск,28800,960,https://city2city.ru/olekminsk-jakutsk,D,B,МАЛО_ПОКАЗОВ,ДИНАМИЧЕСКИЕ_ОБЪЯВЛЕНИЯ
Иркутск,Киренск,28500,950,https://city2city.ru/irkutsk-kirensk,A,D,МАЛО_ПОКАЗОВ,ДИНАМИЧЕСКИЕ_ОБЪЯВЛЕНИЯ
Владивосток,Биробиджан,28500,950,https://city2city.ru/vladivostok-birobidzhan,B,D,МАЛО_ПОКАЗОВ,ДИНАМИЧЕСКИЕ_ОБЪЯВЛЕНИЯ
Пермь,посёлок городского типа Гари,28200,940,https://city2city.ru/perm-gari,A,D,МАЛО_ПОКАЗОВ,ДИНАМИЧЕСКИЕ_ОБЪЯВЛЕНИЯ
Екатеринбург,посёлок городского типа Приобье,28000,930,https://city2city.ru/ekaterinburg-priobe,A,D,МАЛО_ПОКАЗОВ,ДИНАМИЧЕСКИЕ_ОБЪЯВЛЕНИЯ
Кострома,Песочное шоссе,28000,940,https://city2city.ru/kostroma-pesochnoe,A,D,МАЛО_ПОКАЗОВ,ДИНАМИЧЕСКИЕ_ОБЪЯВЛЕНИЯ
Ростов-на-Дону,Петровск,28000,940,https://city2city.ru/rostov-petrovsk,A,D,МАЛО_ПОКАЗОВ,ДИНАМИЧЕСКИЕ_ОБЪЯВЛЕНИЯ
Тюмень,село Ильинка,28000,930,https://city2city.ru/tyumen-ilinka,A,D,МАЛО_ПОКАЗОВ,ДИНАМИЧЕСКИЕ_ОБЪЯВЛЕНИЯ
Уфа,посёлок городского типа Знаменка,28000,930,https://city2city.ru/ufa-znamenka,A,D,МАЛО_ПОКАЗОВ,ДИНАМИЧЕСКИЕ_ОБЪЯВЛЕНИЯ
Красноярск,Черемхово,27500,920,https://city2city.ru/krasnoyarsk-cheremxovo,A,D,МАЛО_ПОКАЗОВ,ДИНАМИЧЕСКИЕ_ОБЪЯВЛЕНИЯ
Нижний Новгород,Алексеевка,27500,910,https://city2city.ru/nizhnij-novgorod-alekseevka-belgorodskaya-oblast,A,D,МАЛО_ПОКАЗОВ,ДИНАМИЧЕСКИЕ_ОБЪЯВЛЕНИЯ
Оренбург,село Горный Щит,27500,920,https://city2city.ru/orenburg-gornyj,A,D,МАЛО_ПОКАЗОВ,ДИНАМИЧЕСКИЕ_ОБЪЯВЛЕНИЯ
Оренбург,посёлок городского типа Уральский,27500,920,https://city2city.ru/orenburg-uralskij,A,D,МАЛО_ПОКАЗОВ,ДИНАМИЧЕСКИЕ_ОБЪЯВЛЕНИЯ
Пенза,Салават,27500,920,https://city2city.ru/penza-salavat,A,D,МАЛО_ПОКАЗОВ,ДИНАМИЧЕСКИЕ_ОБЪЯВЛЕНИЯ
Ростов-на-Дону,Махачкала,27500,920,https://city2city.ru/rostov-maxachkala,A,D,МАЛО_ПОКАЗОВ,ДИНАМИЧЕСКИЕ_ОБЪЯВЛЕНИЯ
Тюмень,Лангепас,27500,920,https://city2city.ru/tyumen-langepas,A,D,МАЛО_ПОКАЗОВ,ДИНАМИЧЕСКИЕ_ОБЪЯВЛЕНИЯ
Хабаровск,Николаевск-на-Амуре,27500,910,https://city2city.ru/xabarovsk-nikolaevsk-na-amure-2,A,D,МАЛО_ПОКАЗОВ,ДИНАМИЧЕСКИЕ_ОБЪЯВЛЕНИЯ
Ярославль,Петровск,27500,920,https://city2city.ru/yaroslavl-petrovsk,A,D,МАЛО_ПОКАЗОВ,ДИНАМИЧЕСКИЕ_ОБЪЯВЛЕНИЯ
Николаевск-на-Амуре,Хабаровск,27400,915,https://city2city.ru/nikolaevsk-na-amure-habarovsk,D,A,МАЛО_ПОКАЗОВ,ДИНАМИЧЕСКИЕ_ОБЪЯВЛЕНИЯ
Хабаровск,Николаевск-на-Амуре,27400,915,https://city2city.ru/xabarovsk-nikolaevsk-na-amure,A,D,МАЛО_ПОКАЗОВ,ДИНАМИЧЕСКИЕ_ОБЪЯВЛЕНИЯ
Иркутск,Усть-Илимск,27000,900,https://city2city.ru/irkutsk-ust-ilimsk,A,D,МАЛО_ПОКАЗОВ,ДИНАМИЧЕСКИЕ_ОБЪЯВЛЕНИЯ
Красноярск,посёлок городского типа Шерегеш,27000,900,https://city2city.ru/krasnoyarsk-sheregesh,A,D,МАЛО_ПОКАЗОВ,ДИНАМИЧЕСКИЕ_ОБЪЯВЛЕНИЯ
Москва,станица Вешенская,27000,900,https://city2city.ru/moskva-vyoshenskaya,A,D,МАЛО_ПОКАЗОВ,ДИНАМИЧЕСКИЕ_ОБЪЯВЛЕНИЯ
Воронеж,Усть-Лабинск,27000,900,https://city2city.ru/voronezh-labinsk,A,D,МАЛО_ПОКАЗОВ,ДИНАМИЧЕСКИЕ_ОБЪЯВЛЕНИЯ
Волгоград,Льгов,26700,890,https://city2city.ru/volgograd-lgov,A,D,МАЛО_ПОКАЗОВ,ДИНАМИЧЕСКИЕ_ОБЪЯВЛЕНИЯ
Йошкар-Ола,посёлок Солнечный,26500,890,https://city2city.ru/joshkar-ola-solnechnyj,B,D,МАЛО_ПОКАЗОВ,ДИНАМИЧЕСКИЕ_ОБЪЯВЛЕНИЯ
Казань,Карабаш,26500,890,https://city2city.ru/kazan-karabash,A,D,МАЛО_ПОКАЗОВ,ДИНАМИЧЕСКИЕ_ОБЪЯВЛЕНИЯ
Саратов,Ивантеевка,26500,880,https://city2city.ru/saratov-ivanteevka,A,D,МАЛО_ПОКАЗОВ,ДИНАМИЧЕСКИЕ_ОБЪЯВЛЕНИЯ
Вологда,Сосновка,26500,890,https://city2city.ru/vologda-sosnovka,B,C,МАЛО_ПОКАЗОВ,ДИНАМИЧЕСКИЕ_ОБЪЯВЛЕНИЯ
Казань,посёлок городского типа Васильево,26400,880,https://city2city.ru/kazan-vasilevo,A,D,МАЛО_ПОКАЗОВ,ДИНАМИЧЕСКИЕ_ОБЪЯВЛЕНИЯ
Екатеринбург,Нягань,26100,870,https://city2city.ru/ekaterinburg-nyagan,A,D,МАЛО_ПОКАЗОВ,ДИНАМИЧЕСКИЕ_ОБЪЯВЛЕНИЯ
Белгород,станица Каневская,26000,867,https://city2city.ru/belgorod-kanevskaya,A,D,МАЛО_ПОКАЗОВ,ДИНАМИЧЕСКИЕ_ОБЪЯВЛЕНИЯ
Краснодар,Махачкала,26000,860,https://city2city.ru/krasnodar-maxachkala,A,D,МАЛО_ПОКАЗОВ,ДИНАМИЧЕСКИЕ_ОБЪЯВЛЕНИЯ
Красноярск,Вихоревка,26000,870,https://city2city.ru/krasnoyarsk-vixorevka,A,D,МАЛО_ПОКАЗОВ,ДИНАМИЧЕСКИЕ_ОБЪЯВЛЕНИЯ
Томск,Саяногорск,26000,870,https://city2city.ru/tomsk-sayanogorsk,B,D,МАЛО_ПОКАЗОВ,ДИНАМИЧЕСКИЕ_ОБЪЯВЛЕНИЯ
Хабаровск,посёлок Ливадия,26000,860,https://city2city.ru/xabarovsk-livadiya-2,A,D,МАЛО_ПОКАЗОВ,ДИНАМИЧЕСКИЕ_ОБЪЯВЛЕНИЯ
Хабаровск,Находка,26000,870,https://city2city.ru/xabarovsk-naxodka,A,D,МАЛО_ПОКАЗОВ,ДИНАМИЧЕСКИЕ_ОБЪЯВЛЕНИЯ
Хабаровск,Находка,26000,870,https://city2city.ru/xabarovsk-naxodka-2,A,D,МАЛО_ПОКАЗОВ,ДИНАМИЧЕСКИЕ_ОБЪЯВЛЕНИЯ
Хабаровск,Партизанск,26000,860,https://city2city.ru/xabarovsk-partizansk,A,D,МАЛО_ПОКАЗОВ,ДИНАМИЧЕСКИЕ_ОБЪЯВЛЕНИЯ
Екатеринбург,Гай,25500,850,https://city2city.ru/ekaterinburg-gaj,A,D,МАЛО_ПОКАЗОВ,ДИНАМИЧЕСКИЕ_ОБЪЯВЛЕНИЯ
Екатеринбург,село Алимбетовка,25000,830,https://city2city.ru/ekaterinburg-app-orsk,A,D,МАЛО_ПОКАЗОВ,ДИНАМИЧЕСКИЕ_ОБЪЯВЛЕНИЯ
Краснодар,посёлок Пригородный,25000,840,https://city2city.ru/krasnodar-posyolok-prigorodnyj,A,D,МАЛО_ПОКАЗОВ,ДИНАМИЧЕСКИЕ_ОБЪЯВЛЕНИЯ
Краснодар,Знаменск,25000,830,https://city2city.ru/krasnodar-znamensk,A,D,МАЛО_ПОКАЗОВ,ДИНАМИЧЕСКИЕ_ОБЪЯВЛЕНИЯ
Нижний Новгород,посёлок городского типа Афанасьево,25000,830,https://city2city.ru/nizhnij-novgorod-afanasevo,A,D,МАЛО_ПОКАЗОВ,ДИНАМИЧЕСКИЕ_ОБЪЯВЛЕНИЯ
Иркутск,Северобайкальск,24600,820,https://city2city.ru/irkutsk-severobajkalsk,A,D,МАЛО_ПОКАЗОВ,ДИНАМИЧЕСКИЕ_ОБЪЯВЛЕНИЯ
Киров,Лесной,24500,810,https://city2city.ru/kirov-lesnoj,A,D,МАЛО_ПОКАЗОВ,ДИНАМИЧЕСКИЕ_ОБЪЯВЛЕНИЯ
Омск,Рубцовск,24500,810,https://city2city.ru/omsk-rubtsovsk,B,D,МАЛО_ПОКАЗОВ,ДИНАМИЧЕСКИЕ_ОБЪЯВЛЕНИЯ
Омск,Юрга,24500,810,https://city2city.ru/omsk-yurga,B,C,МАЛО_ПОКАЗОВ,ДИНАМИЧЕСКИЕ_ОБЪЯВЛЕНИЯ
Ростов-на-Дону,посёлок городского типа Екатериновка,24500,810,https://city2city.ru/rostov-ekaterinovka,A,D,МАЛО_ПОКАЗОВ,ДИНАМИЧЕСКИЕ_ОБЪЯВЛЕНИЯ
Хабаровск,Дальнегорск,24500,820,https://city2city.ru/xabarovsk-dalnegorsk-2,A,D,МАЛО_ПОКАЗОВ,ДИНАМИЧЕСКИЕ_ОБЪЯВЛЕНИЯ
Москва,рабочий посёлок Кантемировка,24300,810,https://city2city.ru/moskva-kantemirovka,A,D,МАЛО_ПОКАЗОВ,ДИНАМИЧЕСКИЕ_ОБЪЯВЛЕНИЯ
Нерюнгри,Якутск,24300,810,https://city2city.ru/nerjungri-jakutsk,C,B,МАЛО_ПОКАЗОВ,ДИНАМИЧЕСКИЕ_ОБЪЯВЛЕНИЯ
Красноярск,Саянск,24000,800,https://city2city.ru/krasnoyarsk-sayansk,A,D,МАЛО_ПОКАЗОВ,ДИНАМИЧЕСКИЕ_ОБЪЯВЛЕНИЯ
Красноярск,Зима,24000,800,https://city2city.ru/krasnoyarsk-zima,A,D,МАЛО_ПОКАЗОВ,ДИНАМИЧЕСКИЕ_ОБЪЯВЛЕНИЯ
Псков,103,24000,800,https://city2city.ru/pskov-granicza-litva,A,D,МАЛО_ПОКАЗОВ,ДИНАМИЧЕСКИЕ_ОБЪЯВЛЕНИЯ
Ростов-на-Дону,село Колотиловка,24000,800,https://city2city.ru/rostov-app-kolotilovka,A,D,МАЛО_ПОКАЗОВ,ДИНАМИЧЕСКИЕ_ОБЪЯВЛЕНИЯ
Самара,Волжский,24000,800,https://city2city.ru/samara-volzhskij,A,D,МАЛО_ПОКАЗОВ,ДИНАМИЧЕСКИЕ_ОБЪЯВЛЕНИЯ
Санкт-Петербург,Порхов,24000,800,https://city2city.ru/sankt-peterburg-porxov,A,D,МАЛО_ПОКАЗОВ,ДИНАМИЧЕСКИЕ_ОБЪЯВЛЕНИЯ
Хабаровск,Дальнегорск,23800,795,https://city2city.ru/xabarovsk-dalnegorsk,A,D,МАЛО_ПОКАЗОВ,ДИНАМИЧЕСКИЕ_ОБЪЯВЛЕНИЯ
Томск,Абакан,23700,790,https://city2city.ru/tomsk-abakan,B,C,МАЛО_ПОКАЗОВ,ДИНАМИЧЕСКИЕ_ОБЪЯВЛЕНИЯ
Краснодар,Михайловка,23500,790,https://city2city.ru/krasnodar-mixajlovka,A,D,МАЛО_ПОКАЗОВ,ДИНАМИЧЕСКИЕ_ОБЪЯВЛЕНИЯ
Мурманск,Медвежьегорск,23500,780,https://city2city.ru/murmansk-medvezhegorsk,B,D,МАЛО_ПОКАЗОВ,ДИНАМИЧЕСКИЕ_ОБЪЯВЛЕНИЯ
Новосибирск,Дивногорск,23500,780,https://city2city.ru/novosibirsk-divnogorsk,B,D,МАЛО_ПОКАЗОВ,ДИНАМИЧЕСКИЕ_ОБЪЯВЛЕНИЯ
Рязань,посёлок городского типа Фёдоровский,23500,790,https://city2city.ru/ryazan-fyodorovskij,A,D,МАЛО_ПОКАЗОВ,ДИНАМИЧЕСКИЕ_ОБЪЯВЛЕНИЯ
Саратов,посёлок городского типа Изварино,23500,780,https://city2city.ru/saratov-mapp-izvarino,A,D,МАЛО_ПОКАЗОВ,ДИНАМИЧЕСКИЕ_ОБЪЯВЛЕНИЯ
Волгоград,Краснослободск,23500,790,https://city2city.ru/volgograd-krasnoslobodsk,A,D,МАЛО_ПОКАЗОВ,ДИНАМИЧЕСКИЕ_ОБЪЯВЛЕНИЯ
Москва,посёлок городского типа Уразово,23400,780,https://city2city.ru/moskva-urazovo,A,D,МАЛО_ПОКАЗОВ,ДИНАМИЧЕСКИЕ_ОБЪЯВЛЕНИЯ
Ростов-на-Дону,Грозный,23400,780,https://city2city.ru/rostov-groznyj,A,D,МАЛО_ПОКАЗОВ,ДИНАМИЧЕСКИЕ_ОБЪЯВЛЕНИЯ
Владимир,Обоянь,23400,780,https://city2city.ru/vladimir-oboyan,A,D,МАЛО_ПОКАЗОВ,ДИНАМИЧЕСКИЕ_ОБЪЯВЛЕНИЯ
Астрахань,Каменск-Шахтинский,23200,775,https://city2city.ru/astraxan-kamensk-shaxtinskij,A,D,МАЛО_ПОКАЗОВ,ДИНАМИЧЕСКИЕ_ОБЪЯВЛЕНИЯ
Благовещенск,Тында,23200,775,https://city2city.ru/blagoveshhensk-tynda,B,D,МАЛО_ПОКАЗОВ,ДИНАМИЧЕСКИЕ_ОБЪЯВЛЕНИЯ
Архангельск,Вологда,23000,765,https://city2city.ru/arxangelsk-vologda,C,B,МАЛО_ПОКАЗОВ,ДИНАМИЧЕСКИЕ_ОБЪЯВЛЕНИЯ
Челябинск,поселок городского типа Петровский,23000,760,https://city2city.ru/chelyabinsk-petrovskij,A,D,МАЛО_ПОКАЗОВ,ДИНАМИЧЕСКИЕ_ОБЪЯВЛЕНИЯ
Ростов-на-Дону,Ялта,23000,760,https://city2city.ru/rostov-yalta,A,D,МАЛО_ПОКАЗОВ,ДИНАМИЧЕСКИЕ_ОБЪЯВЛЕНИЯ
Смоленск,посёлок городского типа Волоконовка,23000,760,https://city2city.ru/smolensk-volokonovka,A,D,МАЛО_ПОКАЗОВ,ДИНАМИЧЕСКИЕ_ОБЪЯВЛЕНИЯ
Тюмень,посёлок городского типа Пойковский,23000,770,https://city2city.ru/tyumen-pojkovskij,A,D,МАЛО_ПОКАЗОВ,ДИНАМИЧЕСКИЕ_ОБЪЯВЛЕНИЯ
Уфа,Ясный,23000,760,https://city2city.ru/ufa-yasnyj,A,D,МАЛО_ПОКАЗОВ,ДИНАМИЧЕСКИЕ_ОБЪЯВЛЕНИЯ
Вологда,Архангельск,23000,765,https://city2city.ru/vologda-arhangelsk,B,C,МАЛО_ПОКАЗОВ,ДИНАМИЧЕСКИЕ_ОБЪЯВЛЕНИЯ
Хабаровск,Свободный,23000,760,https://city2city.ru/xabarovsk-svobodnyj,A,D,МАЛО_ПОКАЗОВ,ДИНАМИЧЕСКИЕ_ОБЪЯВЛЕНИЯ
Хабаровск,Свободный,23000,760,https://city2city.ru/xabarovsk-svobodnyj-2,A,D,МАЛО_ПОКАЗОВ,ДИНАМИЧЕСКИЕ_ОБЪЯВЛЕНИЯ
Москва,рабочий посёлок Кулой,22800,760,https://city2city.ru/moskva-kuloj,A,D,МАЛО_ПОКАЗОВ,ДИНАМИЧЕСКИЕ_ОБЪЯВЛЕНИЯ
Петрозаводск,Печоры,22600,753,https://city2city.ru/petrozavodsk-pechory,B,D,МАЛО_ПОКАЗОВ,ДИНАМИЧЕСКИЕ_ОБЪЯВЛЕНИЯ
Санкт-Петербург,Рыбинск,22500,750,https://city2city.ru/sankt-peterburg-rybinsk,A,D,МАЛО_ПОКАЗОВ,ДИНАМИЧЕСКИЕ_ОБЪЯВЛЕНИЯ
Сыктывкар,Вятские Поляны,22500,750,https://city2city.ru/syktyvkar-vyatskie-polyany,B,C,МАЛО_ПОКАЗОВ,ДИНАМИЧЕСКИЕ_ОБЪЯВЛЕНИЯ
Волгоград,поселок городского типа Осинки,22500,750,https://city2city.ru/volgograd-osinki,A,D,МАЛО_ПОКАЗОВ,ДИНАМИЧЕСКИЕ_ОБЪЯВЛЕНИЯ
Красноярск,Новокузнецк,22200,740,https://city2city.ru/krasnoyarsk-novokuzneczk,A,D,МАЛО_ПОКАЗОВ,ДИНАМИЧЕСКИЕ_ОБЪЯВЛЕНИЯ
Чебоксары,Красноармейск,22000,740,https://city2city.ru/cheboksary-krasnoarmejsk,A,D,МАЛО_ПОКАЗОВ,ДИНАМИЧЕСКИЕ_ОБЪЯВЛЕНИЯ
Екатеринбург,Кирс,22000,730,https://city2city.ru/ekaterinburg-kirs,A,D,МАЛО_ПОКАЗОВ,ДИНАМИЧЕСКИЕ_ОБЪЯВЛЕНИЯ
Екатеринбург,Урай,22000,740,https://city2city.ru/ekaterinburg-uraj,A,D,МАЛО_ПОКАЗОВ,ДИНАМИЧЕСКИЕ_ОБЪЯВЛЕНИЯ
Кемерово,Абакан,22000,730,https://city2city.ru/kemerovo-abakan,B,C,МАЛО_ПОКАЗОВ,ДИНАМИЧЕСКИЕ_ОБЪЯВЛЕНИЯ
Киров,Ухта,22000,730,https://city2city.ru/kirov-uxta,A,D,МАЛО_ПОКАЗОВ,ДИНАМИЧЕСКИЕ_ОБЪЯВЛЕНИЯ
Москва,Вельск,22000,730,https://city2city.ru/moskva-velsk,A,D,МАЛО_ПОКАЗОВ,ДИНАМИЧЕСКИЕ_ОБЪЯВЛЕНИЯ
Москва,посёлок городского типа Волоконовка,22000,740,https://city2city.ru/moskva-volokonovka,A,D,МАЛО_ПОКАЗОВ,ДИНАМИЧЕСКИЕ_ОБЪЯВЛЕНИЯ
Ростов-на-Дону,село Верхний Ларс,22000,730,https://city2city.ru/rostov-app-verxnij-lars,A,D,МАЛО_ПОКАЗОВ,ДИНАМИЧЕСКИЕ_ОБЪЯВЛЕНИЯ
Сыктывкар,Усинск,22000,730,https://city2city.ru/syktyvkar-usinsk,B,D,МАЛО_ПОКАЗОВ,ДИНАМИЧЕСКИЕ_ОБЪЯВЛЕНИЯ
Волгоград,Балашов,22000,740,https://city2city.ru/volgograd-balashov,A,D,МАЛО_ПОКАЗОВ,ДИНАМИЧЕСКИЕ_ОБЪЯВЛЕНИЯ
Хабаровск,Артём,22000,730,https://city2city.ru/xabarovsk-artyom,A,D,МАЛО_ПОКАЗОВ,ДИНАМИЧЕСКИЕ_ОБЪЯВЛЕНИЯ
Нижний Новгород,поселок городского типа Суходол,21600,720,https://city2city.ru/nizhnij-novgorod-suxodol,A,D,МАЛО_ПОКАЗОВ,ДИНАМИЧЕСКИЕ_ОБЪЯВЛЕНИЯ
Екатеринбург,Советский,21500,720,https://city2city.ru/ekaterinburg-sovetskij-2,A,D,МАЛО_ПОКАЗОВ,ДИНАМИЧЕСКИЕ_ОБЪЯВЛЕНИЯ
Красноярск,Прокопьевск,21500,720,https://city2city.ru/krasnoyarsk-prokopevsk,A,D,МАЛО_ПОКАЗОВ,ДИНАМИЧЕСКИЕ_ОБЪЯВЛЕНИЯ
Тамбов,село Дмитриевка,21500,710,https://city2city.ru/tambov-dmitrievka,A,D,МАЛО_ПОКАЗОВ,ДИНАМИЧЕСКИЕ_ОБЪЯВЛЕНИЯ
Уфа,Соликамск,21500,720,https://city2city.ru/ufa-solikamsk,A,D,МАЛО_ПОКАЗОВ,ДИНАМИЧЕСКИЕ_ОБЪЯВЛЕНИЯ
Ярославль,Котлас,21500,710,https://city2city.ru/yaroslavl-kotlas,A,D,МАЛО_ПОКАЗОВ,ДИНАМИЧЕСКИЕ_ОБЪЯВЛЕНИЯ
Екатеринбург,Югорск,21300,710,https://city2city.ru/ekaterinburg-yugorsk,A,D,МАЛО_ПОКАЗОВ,ДИНАМИЧЕСКИЕ_ОБЪЯВЛЕНИЯ
Кострома,Пудож,21000,700,https://city2city.ru/kostroma-pudozh,A,D,МАЛО_ПОКАЗОВ,ДИНАМИЧЕСКИЕ_ОБЪЯВЛЕНИЯ
Краснодар,поселок Октябрьский,21000,700,https://city2city.ru/krasnodar-oktyabrskij-7,A,D,МАЛО_ПОКАЗОВ,ДИНАМИЧЕСКИЕ_ОБЪЯВЛЕНИЯ
Красноярск,Кодинск,21000,700,https://city2city.ru/krasnoyarsk-kodinsk,A,D,МАЛО_ПОКАЗОВ,ДИНАМИЧЕСКИЕ_ОБЪЯВЛЕНИЯ
аэропорт Омск (Центральный) имени Д.М. Карбышева,аэропорт Омск (Центральный) имени Д.М. Карбышева,21000,700,https://city2city.ru/omsk-aeroport-karbysheva-yarovoe,D,D,МАЛО_ПОКАЗОВ,ДИНАМИЧЕСКИЕ_ОБЪЯВЛЕНИЯ
Псков,Клин,21000,700,https://city2city.ru/pskov-klin,A,D,МАЛО_ПОКАЗОВ,ДИНАМИЧЕСКИЕ_ОБЪЯВЛЕНИЯ
Ростов-на-Дону,Владикавказ,21000,700,https://city2city.ru/rostov-vladikavkaz,A,D,МАЛО_ПОКАЗОВ,ДИНАМИЧЕСКИЕ_ОБЪЯВЛЕНИЯ
Сыктывкар,село Усть-Цильма,21000,700,https://city2city.ru/syktyvkar-ust_cimla,B,D,МАЛО_ПОКАЗОВ,ДИНАМИЧЕСКИЕ_ОБЪЯВЛЕНИЯ
Томск,Горно-Алтайск,21000,705,https://city2city.ru/tomsk-gorno-altaysk,B,C,МАЛО_ПОКАЗОВ,ДИНАМИЧЕСКИЕ_ОБЪЯВЛЕНИЯ
Тюмень,поселок городского типа Боровой,21000,700,https://city2city.ru/tyumen-borovoj,A,D,МАЛО_ПОКАЗОВ,ДИНАМИЧЕСКИЕ_ОБЪЯВЛЕНИЯ
Волгоград,станица Должанская,21000,700,https://city2city.ru/volgograd-dolzhanskaya,A,D,МАЛО_ПОКАЗОВ,ДИНАМИЧЕСКИЕ_ОБЪЯВЛЕНИЯ
Краснодар,Грозный,20800,695,https://city2city.ru/krasnodar-groznyj,A,D,МАЛО_ПОКАЗОВ,ДИНАМИЧЕСКИЕ_ОБЪЯВЛЕНИЯ
Белгород,Раменское,20700,690,https://city2city.ru/belgorod-ramenskoe,A,D,МАЛО_ПОКАЗОВ,ДИНАМИЧЕСКИЕ_ОБЪЯВЛЕНИЯ
Нижний Новгород,Череповец,20700,690,https://city2city.ru/nizhnij-novgorod-cherepovecz,A,D,МАЛО_ПОКАЗОВ,ДИНАМИЧЕСКИЕ_ОБЪЯВЛЕНИЯ
Тюмень,Пыть-Ях,20700,690,https://city2city.ru/tyumen-pyt-yax,A,D,МАЛО_ПОКАЗОВ,ДИНАМИЧЕСКИЕ_ОБЪЯВЛЕНИЯ
Ульяновск,Ишимбай,20600,685,https://city2city.ru/ulyanovsk-ishimbaj,A,D,МАЛО_ПОКАЗОВ,ДИНАМИЧЕСКИЕ_ОБЪЯВЛЕНИЯ
Челябинск,Медногорск,20500,690,https://city2city.ru/chelyabinsk-mednogorsk,A,D,МАЛО_ПОКАЗОВ,ДИНАМИЧЕСКИЕ_ОБЪЯВЛЕНИЯ
Казань,Мелеуз,20500,680,https://city2city.ru/kazan-meleuz,A,D,МАЛО_ПОКАЗОВ,ДИНАМИЧЕСКИЕ_ОБЪЯВЛЕНИЯ
Пенза,посёлок городского типа Чертково,20500,690,https://city2city.ru/penza-chertkovo,A,D,МАЛО_ПОКАЗОВ,ДИНАМИЧЕСКИЕ_ОБЪЯВЛЕНИЯ
Санкт-Петербург,Сегежа,20500,680,https://city2city.ru/sankt-peterburg-segezha,A,D,МАЛО_ПОКАЗОВ,ДИНАМИЧЕСКИЕ_ОБЪЯВЛЕНИЯ
Смоленск,рабочий посёлок Хохлово,20500,680,https://city2city.ru/smolensk-xoxlovo,A,D,МАЛО_ПОКАЗОВ,ДИНАМИЧЕСКИЕ_ОБЪЯВЛЕНИЯ
Томск,Белокуриха,20500,680,https://city2city.ru/tomsk-belokuriha,B,C,МАЛО_ПОКАЗОВ,ДИНАМИЧЕСКИЕ_ОБЪЯВЛЕНИЯ
Братск,Красноярск,20400,680,https://city2city.ru/bratsk-krasnojarsk,D,A,МАЛО_ПОКАЗОВ,ДИНАМИЧЕСКИЕ_ОБЪЯВЛЕНИЯ
Иркутск,село Ташанта,20400,680,https://city2city.ru/irkutsk-granicza-mongolii,A,D,МАЛО_ПОКАЗОВ,ДИНАМИЧЕСКИЕ_ОБЪЯВЛЕНИЯ
Казань,Сим,20400,680,https://city2city.ru/kazan-sim,A,D,МАЛО_ПОКАЗОВ,ДИНАМИЧЕСКИЕ_ОБЪЯВЛЕНИЯ
Красноярск,Братск,20400,680,https://city2city.ru/krasnoyarsk-bratsk,A,D,МАЛО_ПОКАЗОВ,ДИНАМИЧЕСКИЕ_ОБЪЯВЛЕНИЯ
Иркутск,Тайшет,20000,670,https://city2city.ru/irkutsk-tajshet,A,D,МАЛО_ПОКАЗОВ,ДИНАМИЧЕСКИЕ_ОБЪЯВЛЕНИЯ
Кемерово,Яровое,20000,670,https://city2city.ru/kemerovo-yarovoe,B,C,МАЛО_ПОКАЗОВ,ДИНАМИЧЕСКИЕ_ОБЪЯВЛЕНИЯ
Красноярск,Тулун,20000,660,https://city2city.ru/krasnoyarsk-tulun,A,D,МАЛО_ПОКАЗОВ,ДИНАМИЧЕСКИЕ_ОБЪЯВЛЕНИЯ
Москва,рабочий посёлок Ардатов,20000,670,https://city2city.ru/moskva-ardatov-2,A,D,МАЛО_ПОКАЗОВ,ДИНАМИЧЕСКИЕ_ОБЪЯВЛЕНИЯ
Нижний Новгород,Елабуга,20000,660,https://city2city.ru/nizhnij-novgorod-elabuga,A,D,МАЛО_ПОКАЗОВ,ДИНАМИЧЕСКИЕ_ОБЪЯВЛЕНИЯ
Самара,село Грачёвка,20000,660,https://city2city.ru/samara-selo-grachyovka,A,D,МАЛО_ПОКАЗОВ,ДИНАМИЧЕСКИЕ_ОБЪЯВЛЕНИЯ
Хабаровск,Белогорск,20000,670,https://city2city.ru/xabarovsk-belogorsk-2,A,D,МАЛО_ПОКАЗОВ,ДИНАМИЧЕСКИЕ_ОБЪЯВЛЕНИЯ
Хабаровск,Уссурийск,20000,665,https://city2city.ru/xabarovsk-ussurijsk,A,D,МАЛО_ПОКАЗОВ,ДИНАМИЧЕСКИЕ_ОБЪЯВЛЕНИЯ
Хабаровск,Уссурийск,20000,660,https://city2city.ru/xabarovsk-ussurijsk-2,A,D,МАЛО_ПОКАЗОВ,ДИНАМИЧЕСКИЕ_ОБЪЯВЛЕНИЯ
Казань,Салават,19800,660,https://city2city.ru/kazan-salavat,A,D,МАЛО_ПОКАЗОВ,ДИНАМИЧЕСКИЕ_ОБЪЯВЛЕНИЯ
Томск,Яровое,19800,660,https://city2city.ru/tomsk-yarovoe,B,C,МАЛО_ПОКАЗОВ,ДИНАМИЧЕСКИЕ_ОБЪЯВЛЕНИЯ
Вологда,Яранск,19600,654,https://city2city.ru/vologda-yaransk,B,C,МАЛО_ПОКАЗОВ,ДИНАМИЧЕСКИЕ_ОБЪЯВЛЕНИЯ
Челябинск,Кувандык,19500,650,https://city2city.ru/chelyabinsk-kuvandyk,A,D,МАЛО_ПОКАЗОВ,ДИНАМИЧЕСКИЕ_ОБЪЯВЛЕНИЯ
Краснодар,село Верхний Ларс,19500,650,https://city2city.ru/krasnodar-app-verxnij-lars,A,D,МАЛО_ПОКАЗОВ,ДИНАМИЧЕСКИЕ_ОБЪЯВЛЕНИЯ
Курган,Сибай,19500,650,https://city2city.ru/kurgan-sibaj,B,C,МАЛО_ПОКАЗОВ,ДИНАМИЧЕСКИЕ_ОБЪЯВЛЕНИЯ
Уфа,Нижний Тагил,19500,650,https://city2city.ru/ufa-nizhnij-tagil,A,D,МАЛО_ПОКАЗОВ,ДИНАМИЧЕСКИЕ_ОБЪЯВЛЕНИЯ
Благовещенск,Сковородино,19200,640,https://city2city.ru/blagoveshhensk-skovorodino,B,D,МАЛО_ПОКАЗОВ,ДИНАМИЧЕСКИЕ_ОБЪЯВЛЕНИЯ
Саранск,Мытищи,19200,640,https://city2city.ru/saransk-mytishhi,A,D,МАЛО_ПОКАЗОВ,ДИНАМИЧЕСКИЕ_ОБЪЯВЛЕНИЯ
аэропорт Самара (Курумоч) имени С.П. Королева,Первомайск,19000,632,https://city2city.ru/aeroport-kurumoch-pervomajsk,C,C,МАЛО_ПОКАЗОВ,ДИНАМИЧЕСКИЕ_ОБЪЯВЛЕНИЯ
Астрахань,Железноводск,19000,640,https://city2city.ru/astraxan-zheleznovodsk,A,D,МАЛО_ПОКАЗОВ,ДИНАМИЧЕСКИЕ_ОБЪЯВЛЕНИЯ
Челябинск,Новотроицк,19000,630,https://city2city.ru/chelyabinsk-novotroiczk,A,D,МАЛО_ПОКАЗОВ,ДИНАМИЧЕСКИЕ_ОБЪЯВЛЕНИЯ
Екатеринбург,посёлок городского типа Пелым,19000,640,https://city2city.ru/ekaterinburg-pelym,A,D,МАЛО_ПОКАЗОВ,ДИНАМИЧЕСКИЕ_ОБЪЯВЛЕНИЯ
Москва,посёлок городского типа Глушково,19000,640,https://city2city.ru/moskva-glushkovo,A,D,МАЛО_ПОКАЗОВ,ДИНАМИЧЕСКИЕ_ОБЪЯВЛЕНИЯ
Самара,Балашов,19000,630,https://city2city.ru/samara-balashov,A,D,МАЛО_ПОКАЗОВ,ДИНАМИЧЕСКИЕ_ОБЪЯВЛЕНИЯ
Ставрополь,Феодосия,19000,630,https://city2city.ru/stavropol-feodosiya,A,D,МАЛО_ПОКАЗОВ,ДИНАМИЧЕСКИЕ_ОБЪЯВЛЕНИЯ
Тверь,муниципальное образование рабочий посёлок Большое Козино,19000,640,https://city2city.ru/tver-bolshoe-kozino,A,D,МАЛО_ПОКАЗОВ,ДИНАМИЧЕСКИЕ_ОБЪЯВЛЕНИЯ
Тверь,посёлок городского типа Малое Козино,19000,640,https://city2city.ru/tver-maloe-kozino,A,D,МАЛО_ПОКАЗОВ,ДИНАМИЧЕСКИЕ_ОБЪЯВЛЕНИЯ
Красноярск,турбаза Ергаки,18600,620,https://city2city.ru/krasnoyarsk-ergaki,A,D,МАЛО_ПОКАЗОВ,ДИНАМИЧЕСКИЕ_ОБЪЯВЛЕНИЯ
Хабаровск,Арсеньев,18600,620,https://city2city.ru/xabarovsk-arsenev,A,D,МАЛО_ПОКАЗОВ,ДИНАМИЧЕСКИЕ_ОБЪЯВЛЕНИЯ
Братск,Иркутск,18500,620,https://city2city.ru/bratsk-irkutsk,D,A,МАЛО_ПОКАЗОВ,ДИНАМИЧЕСКИЕ_ОБЪЯВЛЕНИЯ
Екатеринбург,Ишим,18500,620,https://city2city.ru/ekaterinburg-ishim,A,D,МАЛО_ПОКАЗОВ,ДИНАМИЧЕСКИЕ_ОБЪЯВЛЕНИЯ
Екатеринбург,поселок городского типа Октябрьский,18500,620,https://city2city.ru/ekaterinburg-oktyabrskij,A,D,МАЛО_ПОКАЗОВ,ДИНАМИЧЕСКИЕ_ОБЪЯВЛЕНИЯ
Екатеринбург,посёлок Октябрьский,18500,620,https://city2city.ru/ekaterinburg-oktyabrskij-6,A,D,МАЛО_ПОКАЗОВ,ДИНАМИЧЕСКИЕ_ОБЪЯВЛЕНИЯ
Элиста,село Архипо-Осиповка,18500,610,https://city2city.ru/elista-arxipo-osipovka,A,D,МАЛО_ПОКАЗОВ,ДИНАМИЧЕСКИЕ_ОБЪЯВЛЕНИЯ
Элиста,село Пляхо,18500,620,https://city2city.ru/elista-plyaxo,A,D,МАЛО_ПОКАЗОВ,ДИНАМИЧЕСКИЕ_ОБЪЯВЛЕНИЯ
Калуга,поселок городского типа Гремячево,18500,620,https://city2city.ru/kaluga-gremyachevo,A,D,МАЛО_ПОКАЗОВ,ДИНАМИЧЕСКИЕ_ОБЪЯВЛЕНИЯ
Казань,Чернушка,18500,610,https://city2city.ru/kazan-chernushka,A,D,МАЛО_ПОКАЗОВ,ДИНАМИЧЕСКИЕ_ОБЪЯВЛЕНИЯ
Курск,посёлок Солнечный,18500,620,https://city2city.ru/kursk-solnechnyj,A,D,МАЛО_ПОКАЗОВ,ДИНАМИЧЕСКИЕ_ОБЪЯВЛЕНИЯ
Новосибирск,Ачинск,18500,610,https://city2city.ru/novosibirsk-achinsk,B,D,МАЛО_ПОКАЗОВ,ДИНАМИЧЕСКИЕ_ОБЪЯВЛЕНИЯ
Омск,Славгород,18500,610,https://city2city.ru/omsk-slavgorod,B,D,МАЛО_ПОКАЗОВ,ДИНАМИЧЕСКИЕ_ОБЪЯВЛЕНИЯ
Омск,Яровое,18500,620,https://city2city.ru/omsk-yarovoe,B,C,МАЛО_ПОКАЗОВ,ДИНАМИЧЕСКИЕ_ОБЪЯВЛЕНИЯ
Саратов,посёлок городского типа Лысые Горы,18500,620,https://city2city.ru/saratov-lysye-gory,A,D,МАЛО_ПОКАЗОВ,ДИНАМИЧЕСКИЕ_ОБЪЯВЛЕНИЯ
Ставрополь,Дубовка,18500,610,https://city2city.ru/stavropol-dubovka,A,D,МАЛО_ПОКАЗОВ,ДИНАМИЧЕСКИЕ_ОБЪЯВЛЕНИЯ
Томск,Алейск,18500,620,https://city2city.ru/tomsk-alyaysk,B,D,МАЛО_ПОКАЗОВ,ДИНАМИЧЕСКИЕ_ОБЪЯВЛЕНИЯ
Воронеж,поселок городского типа Гремячево,18500,610,https://city2city.ru/voronezh-gremyachevo,A,D,МАЛО_ПОКАЗОВ,ДИНАМИЧЕСКИЕ_ОБЪЯВЛЕНИЯ
Воронеж,Клин,18500,620,https://city2city.ru/voronezh-klin,A,D,МАЛО_ПОКАЗОВ,ДИНАМИЧЕСКИЕ_ОБЪЯВЛЕНИЯ
Краснодар,Владикавказ,18300,610,https://city2city.ru/krasnodar-vladikavkaz,A,D,МАЛО_ПОКАЗОВ,ДИНАМИЧЕСКИЕ_ОБЪЯВЛЕНИЯ
Уфа,Гай,18300,610,https://city2city.ru/ufa-gaj,A,D,МАЛО_ПОКАЗОВ,ДИНАМИЧЕСКИЕ_ОБЪЯВЛЕНИЯ
Иркутск,Вихоревка,18000,600,https://city2city.ru/irkutsk-vixorevka,A,D,МАЛО_ПОКАЗОВ,ДИНАМИЧЕСКИЕ_ОБЪЯВЛЕНИЯ
Киров,Великий Устюг,18000,600,https://city2city.ru/kirov-velikij-ustyug,A,D,МАЛО_ПОКАЗОВ,ДИНАМИЧЕСКИЕ_ОБЪЯВЛЕНИЯ
Тамбов,посёлок городского типа Лух,18000,600,https://city2city.ru/tambov-lux,A,D,МАЛО_ПОКАЗОВ,ДИНАМИЧЕСКИЕ_ОБЪЯВЛЕНИЯ
Тверь,рабочий посёлок Первое Мая,18000,600,https://city2city.ru/tver-pervoe-maya,A,D,МАЛО_ПОКАЗОВ,ДИНАМИЧЕСКИЕ_ОБЪЯВЛЕНИЯ
Уфа,Новотроицк,18000,600,https://city2city.ru/ufa-novotroiczk,A,D,МАЛО_ПОКАЗОВ,ДИНАМИЧЕСКИЕ_ОБЪЯВЛЕНИЯ
Воронеж,Сергиев Посад,18000,600,https://city2city.ru/voronezh-sergiev-posad,A,D,МАЛО_ПОКАЗОВ,ДИНАМИЧЕСКИЕ_ОБЪЯВЛЕНИЯ
Казань,Сорочинск,17500,580,https://city2city.ru/kazan-sorochinsk,A,D,МАЛО_ПОКАЗОВ,ДИНАМИЧЕСКИЕ_ОБЪЯВЛЕНИЯ
Красноярск,Абаза,17500,590,https://city2city.ru/krasnoyarsk-abaza,A,D,МАЛО_ПОКАЗОВ,ДИНАМИЧЕСКИЕ_ОБЪЯВЛЕНИЯ
Омск,Карасук,17500,580,https://city2city.ru/omsk-karasuk,B,D,МАЛО_ПОКАЗОВ,ДИНАМИЧЕСКИЕ_ОБЪЯВЛЕНИЯ
Оренбург,Чистополь,17500,590,https://city2city.ru/orenburg-chistopol,A,D,МАЛО_ПОКАЗОВ,ДИНАМИЧЕСКИЕ_ОБЪЯВЛЕНИЯ
Петрозаводск,Ивангород,17500,580,https://city2city.ru/petrozavodsk-app-ivangorod,B,C,МАЛО_ПОКАЗОВ,ДИНАМИЧЕСКИЕ_ОБЪЯВЛЕНИЯ
Смоленск,посёлок городского типа Озёрный,17500,590,https://city2city.ru/smolensk-ozyornyj,A,D,МАЛО_ПОКАЗОВ,ДИНАМИЧЕСКИЕ_ОБЪЯВЛЕНИЯ
Сыктывкар,посёлок городского типа Кожва,17500,580,https://city2city.ru/syktyvkar-kozhva,B,D,МАЛО_ПОКАЗОВ,ДИНАМИЧЕСКИЕ_ОБЪЯВЛЕНИЯ
Сыктывкар,Печора,17500,590,https://city2city.ru/syktyvkar-pechora,B,D,МАЛО_ПОКАЗОВ,ДИНАМИЧЕСКИЕ_ОБЪЯВЛЕНИЯ
Томск,Таштагол,17500,580,https://city2city.ru/tomsk-tashtagol,B,D,МАЛО_ПОКАЗОВ,ДИНАМИЧЕСКИЕ_ОБЪЯВЛЕНИЯ
Уфа,Зеленодольск,17500,580,https://city2city.ru/ufa-zelenodolsk,A,D,МАЛО_ПОКАЗОВ,ДИНАМИЧЕСКИЕ_ОБЪЯВЛЕНИЯ
Волгоград,Лагань,17500,590,https://city2city.ru/volgograd-lagan,A,D,МАЛО_ПОКАЗОВ,ДИНАМИЧЕСКИЕ_ОБЪЯВЛЕНИЯ
Хабаровск,Советская Гавань,17500,580,https://city2city.ru/xabarovsk-sovetskaya-gavan-2,A,D,МАЛО_ПОКАЗОВ,ДИНАМИЧЕСКИЕ_ОБЪЯВЛЕНИЯ
Ханты-Мансийск,посёлок городского типа Кондинское,17500,431,https://city2city.ru/xanty-mansijsk-kondinskoe,B,D,МАЛО_ПОКАЗОВ,ДИНАМИЧЕСКИЕ_ОБЪЯВЛЕНИЯ
Казань,Нижний Ломов,17400,580,https://city2city.ru/kazan-nizhnij-lomov,A,D,МАЛО_ПОКАЗОВ,ДИНАМИЧЕСКИЕ_ОБЪЯВЛЕНИЯ
Кемерово,Горно-Алтайск,17100,570,https://city2city.ru/kemerovo-gorno-altaysk,B,C,МАЛО_ПОКАЗОВ,ДИНАМИЧЕСКИЕ_ОБЪЯВЛЕНИЯ
Курган,Магнитогорск,17100,570,https://city2city.ru/kurgan-magnitogorsk,B,C,МАЛО_ПОКАЗОВ,ДИНАМИЧЕСКИЕ_ОБЪЯВЛЕНИЯ
Хабаровск,Советская Гавань,17100,570,https://city2city.ru/xabarovsk-sovetskaya-gavan,A,D,МАЛО_ПОКАЗОВ,ДИНАМИЧЕСКИЕ_ОБЪЯВЛЕНИЯ
Москва,посёлок городского типа Чагода,17000,570,https://city2city.ru/moskva-chagoda,A,D,МАЛО_ПОКАЗОВ,ДИНАМИЧЕСКИЕ_ОБЪЯВЛЕНИЯ
Новосибирск,Калачинск,17000,560,https://city2city.ru/novosibirsk-kalachinsk,B,D,МАЛО_ПОКАЗОВ,ДИНАМИЧЕСКИЕ_ОБЪЯВЛЕНИЯ
Новосибирск,Шарыпово,17000,560,https://city2city.ru/novosibirsk-sharypovo,B,D,МАЛО_ПОКАЗОВ,ДИНАМИЧЕСКИЕ_ОБЪЯВЛЕНИЯ
Новосибирск,Змеиногорск,17000,560,https://city2city.ru/novosibirsk-zmeinogorsk,B,D,МАЛО_ПОКАЗОВ,ДИНАМИЧЕСКИЕ_ОБЪЯВЛЕНИЯ
Оренбург,Карталы,17000,570,https://city2city.ru/orenburg-kartaly,A,D,МАЛО_ПОКАЗОВ,ДИНАМИЧЕСКИЕ_ОБЪЯВЛЕНИЯ
Петрозаводск,Ивангород,17000,570,https://city2city.ru/petrozavodsk-ivangorod,B,C,МАЛО_ПОКАЗОВ,ДИНАМИЧЕСКИЕ_ОБЪЯВЛЕНИЯ
Самара,Мелеуз,17000,560,https://city2city.ru/samara-meleuz,A,D,МАЛО_ПОКАЗОВ,ДИНАМИЧЕСКИЕ_ОБЪЯВЛЕНИЯ
Тюмень,Сухой Лог,17000,560,https://city2city.ru/tyumen-suxoj-log,A,D,МАЛО_ПОКАЗОВ,ДИНАМИЧЕСКИЕ_ОБЪЯВЛЕНИЯ
Самара,Инсар,16700,557,https://city2city.ru/samara-insar,A,D,МАЛО_ПОКАЗОВ,ДИНАМИЧЕСКИЕ_ОБЪЯВЛЕНИЯ
Екатеринбург,Петухово,16500,550,https://city2city.ru/ekaterinburg-petuxovo,A,D,МАЛО_ПОКАЗОВ,ДИНАМИЧЕСКИЕ_ОБЪЯВЛЕНИЯ
Калуга,Шебекино,16500,550,https://city2city.ru/kaluga-shebekino,A,D,МАЛО_ПОКАЗОВ,ДИНАМИЧЕСКИЕ_ОБЪЯВЛЕНИЯ
Казань,Бирск,16500,550,https://city2city.ru/kazan-birsk,A,D,МАЛО_ПОКАЗОВ,ДИНАМИЧЕСКИЕ_ОБЪЯВЛЕНИЯ
Красноярск,Нижнеудинск,16500,550,https://city2city.ru/krasnoyarsk-nizhneudinsk,A,D,МАЛО_ПОКАЗОВ,ДИНАМИЧЕСКИЕ_ОБЪЯВЛЕНИЯ
Липецк,Дмитров,16500,550,https://city2city.ru/lipeczk-dmitrov,A,D,МАЛО_ПОКАЗОВ,ДИНАМИЧЕСКИЕ_ОБЪЯВЛЕНИЯ
Москва,деревня Пестово,16500,550,https://city2city.ru/moskva-pestovo,A,D,МАЛО_ПОКАЗОВ,ДИНАМИЧЕСКИЕ_ОБЪЯВЛЕНИЯ
Петрозаводск,Костомукша,16500,550,https://city2city.ru/petrozavodsk-app-lyuttya,B,D,МАЛО_ПОКАЗОВ,ДИНАМИЧЕСКИЕ_ОБЪЯВЛЕНИЯ
Петрозаводск,посёлок городского типа Калевала,16500,550,https://city2city.ru/petrozavodsk-kalevala,B,D,МАЛО_ПОКАЗОВ,ДИНАМИЧЕСКИЕ_ОБЪЯВЛЕНИЯ
Петрозаводск,посёлок городского типа Лоухи,16500,550,https://city2city.ru/petrozavodsk-louxi,B,D,МАЛО_ПОКАЗОВ,ДИНАМИЧЕСКИЕ_ОБЪЯВЛЕНИЯ
Ставрополь,Керчь,16500,550,https://city2city.ru/stavropol-kerch,A,D,МАЛО_ПОКАЗОВ,ДИНАМИЧЕСКИЕ_ОБЪЯВЛЕНИЯ
Хабаровск,Спасск-Дальний,16500,550,https://city2city.ru/xabarovsk-spassk-dalnij,A,D,МАЛО_ПОКАЗОВ,ДИНАМИЧЕСКИЕ_ОБЪЯВЛЕНИЯ
Хабаровск,Завитинск,16500,550,https://city2city.ru/xabarovsk-zavitinsk-2,A,D,МАЛО_ПОКАЗОВ,ДИНАМИЧЕСКИЕ_ОБЪЯВЛЕНИЯ
Ханты-Мансийск,посёлок городского типа Междуреченский,16500,550,https://city2city.ru/xanty-mansijsk-mezhdurechenskij,B,D,МАЛО_ПОКАЗОВ,ДИНАМИЧЕСКИЕ_ОБЪЯВЛЕНИЯ
Красноярск,посёлок городского типа Таёжный,16200,540,https://city2city.ru/krasnoyarsk-tayozhnyj,A,D,МАЛО_ПОКАЗОВ,ДИНАМИЧЕСКИЕ_ОБЪЯВЛЕНИЯ
Москва,посёлок городского типа Сокольское,16200,540,https://city2city.ru/moskva-sokolskoe,A,D,МАЛО_ПОКАЗОВ,ДИНАМИЧЕСКИЕ_ОБЪЯВЛЕНИЯ
Уфа,Медногорск,16200,540,https://city2city.ru/ufa-mednogorsk,A,D,МАЛО_ПОКАЗОВ,ДИНАМИЧЕСКИЕ_ОБЪЯВЛЕНИЯ
Хабаровск,посёлок городского типа Ванино,16200,540,https://city2city.ru/xabarovsk-vanino,A,D,МАЛО_ПОКАЗОВ,ДИНАМИЧЕСКИЕ_ОБЪЯВЛЕНИЯ
Хабаровск,посёлок городского типа Ванино,16200,540,https://city2city.ru/xabarovsk-vanino-2,A,D,МАЛО_ПОКАЗОВ,ДИНАМИЧЕСКИЕ_ОБЪЯВЛЕНИЯ
Астрахань,станица Курская,16000,540,https://city2city.ru/astraxan-stanicza-kurskaya,A,D,МАЛО_ПОКАЗОВ,ДИНАМИЧЕСКИЕ_ОБЪЯВЛЕНИЯ
Чебоксары,рабочий посёлок Комсомольский,16000,540,https://city2city.ru/cheboksary-komsomolskij,A,D,МАЛО_ПОКАЗОВ,ДИНАМИЧЕСКИЕ_ОБЪЯВЛЕНИЯ
Кемерово,Белокуриха,16000,540,https://city2city.ru/kemerovo-belokuriha,B,C,МАЛО_ПОКАЗОВ,ДИНАМИЧЕСКИЕ_ОБЪЯВЛЕНИЯ
Ростов-на-Дону,Будённовск,16000,540,https://city2city.ru/rostov-budyonnovsk,A,D,МАЛО_ПОКАЗОВ,ДИНАМИЧЕСКИЕ_ОБЪЯВЛЕНИЯ
Самара,Салават,16000,530,https://city2city.ru/samara-salavat,A,D,МАЛО_ПОКАЗОВ,ДИНАМИЧЕСКИЕ_ОБЪЯВЛЕНИЯ
Саранск,рабочий посёлок Комсомольский,16000,530,https://city2city.ru/saransk-komsomolskij,A,D,МАЛО_ПОКАЗОВ,ДИНАМИЧЕСКИЕ_ОБЪЯВЛЕНИЯ
Уфа,село Алексеевка,16000,540,https://city2city.ru/ufa-alekseevka,A,D,МАЛО_ПОКАЗОВ,ДИНАМИЧЕСКИЕ_ОБЪЯВЛЕНИЯ
Владивосток,Бикин,16000,540,https://city2city.ru/vladivostok-bikin,B,D,МАЛО_ПОКАЗОВ,ДИНАМИЧЕСКИЕ_ОБЪЯВЛЕНИЯ
Екатеринбург,Соликамск,15900,530,https://city2city.ru/ekaterinburg-solikamsk,A,D,МАЛО_ПОКАЗОВ,ДИНАМИЧЕСКИЕ_ОБЪЯВЛЕНИЯ
Воронеж,станица Тацинская,15900,529,https://city2city.ru/voronezh-stanicza-taczinskaya,A,D,МАЛО_ПОКАЗОВ,ДИНАМИЧЕСКИЕ_ОБЪЯВЛЕНИЯ
Алдан,Якутск,15800,525,https://city2city.ru/aldan-jakutsk,D,B,МАЛО_ПОКАЗОВ,ДИНАМИЧЕСКИЕ_ОБЪЯВЛЕНИЯ
Благовещенск,Биробиджан,15600,520,https://city2city.ru/blagoveshhensk-birobidzhan,B,D,МАЛО_ПОКАЗОВ,ДИНАМИЧЕСКИЕ_ОБЪЯВЛЕНИЯ
Иркутск,Нижнеудинск,15600,520,https://city2city.ru/irkutsk-nizhneudinsk,A,D,МАЛО_ПОКАЗОВ,ДИНАМИЧЕСКИЕ_ОБЪЯВЛЕНИЯ
Москва,Лукоянов,15600,520,https://city2city.ru/moskva-lukoyanov,A,D,МАЛО_ПОКАЗОВ,ДИНАМИЧЕСКИЕ_ОБЪЯВЛЕНИЯ
Уфа,Кувандык,15600,520,https://city2city.ru/ufa-kuvandyk,A,D,МАЛО_ПОКАЗОВ,ДИНАМИЧЕСКИЕ_ОБЪЯВЛЕНИЯ
Уфа,Сорочинск,15600,520,https://city2city.ru/ufa-sorochinsk,A,D,МАЛО_ПОКАЗОВ,ДИНАМИЧЕСКИЕ_ОБЪЯВЛЕНИЯ
Ханты-Мансийск,Нижневартовск,15600,520,https://city2city.ru/xanty-mansijsk-nizhnevartovsk,B,C,МАЛО_ПОКАЗОВ,ДИНАМИЧЕСКИЕ_ОБЪЯВЛЕНИЯ
Екатеринбург,посёлок городского типа Гари,15500,510,https://city2city.ru/ekaterinburg-gari,A,D,МАЛО_ПОКАЗОВ,ДИНАМИЧЕСКИЕ_ОБЪЯВЛЕНИЯ
Казань,деревня Чишмы,15500,520,https://city2city.ru/kazan-chishmy,A,D,МАЛО_ПОКАЗОВ,ДИНАМИЧЕСКИЕ_ОБЪЯВЛЕНИЯ
Киров,Микунь,15500,520,https://city2city.ru/kirov-mikun,A,D,МАЛО_ПОКАЗОВ,ДИНАМИЧЕСКИЕ_ОБЪЯВЛЕНИЯ
Краснодар,Будённовск,15500,510,https://city2city.ru/krasnodar-budyonnovsk,A,D,МАЛО_ПОКАЗОВ,ДИНАМИЧЕСКИЕ_ОБЪЯВЛЕНИЯ
Краснодар,Котельниково,15500,520,https://city2city.ru/krasnodar-kotelnikovo,A,D,МАЛО_ПОКАЗОВ,ДИНАМИЧЕСКИЕ_ОБЪЯВЛЕНИЯ
Москва,рабочий посёлок Земетчино,15500,520,https://city2city.ru/moskva-zemetchino,A,D,МАЛО_ПОКАЗОВ,ДИНАМИЧЕСКИЕ_ОБЪЯВЛЕНИЯ
Новосибирск,Рубцовск,15500,520,https://city2city.ru/novosibirsk-rubtsovsk,B,D,МАЛО_ПОКАЗОВ,ДИНАМИЧЕСКИЕ_ОБЪЯВЛЕНИЯ
Ростов-на-Дону,посёлок Лоо,15500,520,https://city2city.ru/rostov-loo,A,D,МАЛО_ПОКАЗОВ,ДИНАМИЧЕСКИЕ_ОБЪЯВЛЕНИЯ
Ростов-на-Дону,Михайловка,15500,510,https://city2city.ru/rostov-mixajlovka,A,D,МАЛО_ПОКАЗОВ,ДИНАМИЧЕСКИЕ_ОБЪЯВЛЕНИЯ
Самара,Агрыз,15500,520,https://city2city.ru/samara-agryz,A,D,МАЛО_ПОКАЗОВ,ДИНАМИЧЕСКИЕ_ОБЪЯВЛЕНИЯ
Саратов,Мичуринск,15500,520,https://city2city.ru/saratov-michurinsk,A,D,МАЛО_ПОКАЗОВ,ДИНАМИЧЕСКИЕ_ОБЪЯВЛЕНИЯ
Томск,Междуреченск,15500,520,https://city2city.ru/tomsk-mezhdurechensk,B,D,МАЛО_ПОКАЗОВ,ДИНАМИЧЕСКИЕ_ОБЪЯВЛЕНИЯ
Тверь,поселок городского типа Орша,15500,520,https://city2city.ru/tver-orsha,A,D,МАЛО_ПОКАЗОВ,ДИНАМИЧЕСКИЕ_ОБЪЯВЛЕНИЯ
Тула,посёлок городского типа Грибановский,15400,515,https://city2city.ru/tula-gribanovskij,A,D,МАЛО_ПОКАЗОВ,ДИНАМИЧЕСКИЕ_ОБЪЯВЛЕНИЯ
Благовещенск,Зея,15300,510,https://city2city.ru/blagoveshhensk-zeya,B,D,МАЛО_ПОКАЗОВ,ДИНАМИЧЕСКИЕ_ОБЪЯВЛЕНИЯ
Астрахань,Будённовск,15000,500,https://city2city.ru/astraxan-budyonnovsk,A,D,МАЛО_ПОКАЗОВ,ДИНАМИЧЕСКИЕ_ОБЪЯВЛЕНИЯ
Краснодар,Нальчик,15000,500,https://city2city.ru/krasnodar-nalchik,A,D,МАЛО_ПОКАЗОВ,ДИНАМИЧЕСКИЕ_ОБЪЯВЛЕНИЯ
Новосибирск,Колпашево,15000,500,https://city2city.ru/novosibirsk-kolpashevo,B,D,МАЛО_ПОКАЗОВ,ДИНАМИЧЕСКИЕ_ОБЪЯВЛЕНИЯ
Новосибирск,Мариинск,15000,430,https://city2city.ru/novosibirsk-mariinsk,B,D,МАЛО_ПОКАЗОВ,ДИНАМИЧЕСКИЕ_ОБЪЯВЛЕНИЯ
Сыктывкар,посёлок городского типа Троицко-Печорск,15000,500,https://city2city.ru/syktyvkar-troiczko-pechorsk,B,D,МАЛО_ПОКАЗОВ,ДИНАМИЧЕСКИЕ_ОБЪЯВЛЕНИЯ
Волгоград,поселок городского типа Красный Луч,15000,500,https://city2city.ru/volgograd-krasnyj-luch,A,D,МАЛО_ПОКАЗОВ,ДИНАМИЧЕСКИЕ_ОБЪЯВЛЕНИЯ
Красноярск,Саяногорск,14700,490,https://city2city.ru/krasnoyarsk-sayanogorsk,A,D,МАЛО_ПОКАЗОВ,ДИНАМИЧЕСКИЕ_ОБЪЯВЛЕНИЯ
Петрозаводск,Костомукша,14700,490,https://city2city.ru/petrozavodsk-kostomuksha,B,D,МАЛО_ПОКАЗОВ,ДИНАМИЧЕСКИЕ_ОБЪЯВЛЕНИЯ
Владивосток,Дальнегорск,14700,490,https://city2city.ru/vladivostok-dalnegorsk,B,D,МАЛО_ПОКАЗОВ,ДИНАМИЧЕСКИЕ_ОБЪЯВЛЕНИЯ
Нижний Новгород,Котельнич,14600,488,https://city2city.ru/nizhnij-novgorod-kotelnich,A,D,МАЛО_ПОКАЗОВ,ДИНАМИЧЕСКИЕ_ОБЪЯВЛЕНИЯ
Казань,Дзержинск,14500,490,https://city2city.ru/kazan-dzerzhinsk,A,D,МАЛО_ПОКАЗОВ,ДИНАМИЧЕСКИЕ_ОБЪЯВЛЕНИЯ
Киров,Коряжма,14500,490,https://city2city.ru/kirov-koryazhma,A,D,МАЛО_ПОКАЗОВ,ДИНАМИЧЕСКИЕ_ОБЪЯВЛЕНИЯ
Москва,посёлок городского типа Демянск,14500,480,https://city2city.ru/moskva-demyansk,A,D,МАЛО_ПОКАЗОВ,ДИНАМИЧЕСКИЕ_ОБЪЯВЛЕНИЯ
Мурманск,посёлок городского типа Пяозерский,14500,490,https://city2city.ru/murmansk-pyaozerskiy,B,D,МАЛО_ПОКАЗОВ,ДИНАМИЧЕСКИЕ_ОБЪЯВЛЕНИЯ
Ростов-на-Дону,Железноводск,14500,490,https://city2city.ru/rostov-zheleznovodsk,A,D,МАЛО_ПОКАЗОВ,ДИНАМИЧЕСКИЕ_ОБЪЯВЛЕНИЯ
Ставрополь,село Малые Дербеты,14500,480,https://city2city.ru/stavropol-selo-malye-derbety,A,D,МАЛО_ПОКАЗОВ,ДИНАМИЧЕСКИЕ_ОБЪЯВЛЕНИЯ
Волгоград,посёлок городского типа Чертково,14500,490,https://city2city.ru/volgograd-chertkovo,A,D,МАЛО_ПОКАЗОВ,ДИНАМИЧЕСКИЕ_ОБЪЯВЛЕНИЯ
Воронеж,Домодедово,14500,480,https://city2city.ru/voronezh-domodedovo,A,D,МАЛО_ПОКАЗОВ,ДИНАМИЧЕСКИЕ_ОБЪЯВЛЕНИЯ
Воронеж,Жирновск,14500,480,https://city2city.ru/voronezh-zhirnovsk,A,D,МАЛО_ПОКАЗОВ,ДИНАМИЧЕСКИЕ_ОБЪЯВЛЕНИЯ
Ярославль,Киреевск,14500,490,https://city2city.ru/yaroslavl-kireevsk,A,D,МАЛО_ПОКАЗОВ,ДИНАМИЧЕСКИЕ_ОБЪЯВЛЕНИЯ
Тюмень,Урай,14400,480,https://city2city.ru/tyumen-uraj,A,D,МАЛО_ПОКАЗОВ,ДИНАМИЧЕСКИЕ_ОБЪЯВЛЕНИЯ
Тула,посёлок городского типа Пролетарский,14300,476,https://city2city.ru/tula-proletarskij,A,D,МАЛО_ПОКАЗОВ,ДИНАМИЧЕСКИЕ_ОБЪЯВЛЕНИЯ
Казань,Янаул,14100,470,https://city2city.ru/kazan-yanaul,A,D,МАЛО_ПОКАЗОВ,ДИНАМИЧЕСКИЕ_ОБЪЯВЛЕНИЯ
Ставрополь,Новороссийск,14100,470,https://city2city.ru/stavropol-novorossijsk,A,D,МАЛО_ПОКАЗОВ,ДИНАМИЧЕСКИЕ_ОБЪЯВЛЕНИЯ
Екатеринбург,Чайковский,14000,470,https://city2city.ru/ekaterinburg-chajkovskij,A,D,МАЛО_ПОКАЗОВ,ДИНАМИЧЕСКИЕ_ОБЪЯВЛЕНИЯ
Екатеринбург,поселок городского типа Мишкино,14000,460,https://city2city.ru/ekaterinburg-mishkino,A,D,МАЛО_ПОКАЗОВ,ДИНАМИЧЕСКИЕ_ОБЪЯВЛЕНИЯ
Кемерово,Бийск,14000,470,https://city2city.ru/kemerovo-biysk,B,D,МАЛО_ПОКАЗОВ,ДИНАМИЧЕСКИЕ_ОБЪЯВЛЕНИЯ
Киров,Елабуга,14000,460,https://city2city.ru/kirov-elabuga,A,D,МАЛО_ПОКАЗОВ,ДИНАМИЧЕСКИЕ_ОБЪЯВЛЕНИЯ
Красноярск,Алзамай,14000,460,https://city2city.ru/krasnoyarsk-alzamaj,A,D,МАЛО_ПОКАЗОВ,ДИНАМИЧЕСКИЕ_ОБЪЯВЛЕНИЯ
Москва,посёлок Локоть,14000,460,https://city2city.ru/moskva-lokot,A,D,МАЛО_ПОКАЗОВ,ДИНАМИЧЕСКИЕ_ОБЪЯВЛЕНИЯ
Новосибирск,Купино,14000,470,https://city2city.ru/novosibirsk-kupino,B,D,МАЛО_ПОКАЗОВ,ДИНАМИЧЕСКИЕ_ОБЪЯВЛЕНИЯ
Новосибирск,Междуреченск,14000,460,https://city2city.ru/novosibirsk-mezhdurechensk,B,D,МАЛО_ПОКАЗОВ,ДИНАМИЧЕСКИЕ_ОБЪЯВЛЕНИЯ
Омск,Купино,14000,470,https://city2city.ru/omsk-kupino,B,D,МАЛО_ПОКАЗОВ,ДИНАМИЧЕСКИЕ_ОБЪЯВЛЕНИЯ
Санкт-Петербург,Удомля,14000,460,https://city2city.ru/sankt-peterburg-udomlya,A,D,МАЛО_ПОКАЗОВ,ДИНАМИЧЕСКИЕ_ОБЪЯВЛЕНИЯ
Ставрополь,станица Голубицкая,14000,460,https://city2city.ru/stavropol-golubiczkaya,A,D,МАЛО_ПОКАЗОВ,ДИНАМИЧЕСКИЕ_ОБЪЯВЛЕНИЯ
Ставрополь,село Кабардинка,14000,470,https://city2city.ru/stavropol-kabardinka,A,D,МАЛО_ПОКАЗОВ,ДИНАМИЧЕСКИЕ_ОБЪЯВЛЕНИЯ
Сыктывкар,посёлок городского типа Нижнеивкино,14000,460,https://city2city.ru/syktyvkar-nizhneivkino,B,D,МАЛО_ПОКАЗОВ,ДИНАМИЧЕСКИЕ_ОБЪЯВЛЕНИЯ
Тюмень,Карабаш,14000,470,https://city2city.ru/tyumen-karabash,A,D,МАЛО_ПОКАЗОВ,ДИНАМИЧЕСКИЕ_ОБЪЯВЛЕНИЯ
Вологда,рабочий посёлок Куркино,14000,470,https://city2city.ru/vologda-kurkino,B,D,МАЛО_ПОКАЗОВ,ДИНАМИЧЕСКИЕ_ОБЪЯВЛЕНИЯ
Вологда,Няндома,14000,460,https://city2city.ru/vologda-nyandoma,B,D,МАЛО_ПОКАЗОВ,ДИНАМИЧЕСКИЕ_ОБЪЯВЛЕНИЯ
Воронеж,Касимов,14000,470,https://city2city.ru/voronezh-kasimov,A,D,МАЛО_ПОКАЗОВ,ДИНАМИЧЕСКИЕ_ОБЪЯВЛЕНИЯ
Ханты-Мансийск,Когалым,14000,470,https://city2city.ru/xanty-mansijsk-kogalym,B,D,МАЛО_ПОКАЗОВ,ДИНАМИЧЕСКИЕ_ОБЪЯВЛЕНИЯ
Екатеринбург,поселок городского типа Сосьва,13800,460,https://city2city.ru/ekaterinburg-sosva,A,D,МАЛО_ПОКАЗОВ,ДИНАМИЧЕСКИЕ_ОБЪЯВЛЕНИЯ
Иркутск,аэропорт Улан-Удэ (Байкал),13800,460,https://city2city.ru/irkutsk-aeroport-bajkal-ulan-ude,A,D,МАЛО_ПОКАЗОВ,ДИНАМИЧЕСКИЕ_ОБЪЯВЛЕНИЯ
Казань,Чайковский,13800,460,https://city2city.ru/kazan-chajkovskij,A,D,МАЛО_ПОКАЗОВ,ДИНАМИЧЕСКИЕ_ОБЪЯВЛЕНИЯ
Красноярск,Сорск,13800,460,https://city2city.ru/krasnoyarsk-sorsk,A,D,МАЛО_ПОКАЗОВ,ДИНАМИЧЕСКИЕ_ОБЪЯВЛЕНИЯ
Пермь,Елабуга,13800,460,https://city2city.ru/perm-elabuga,A,D,МАЛО_ПОКАЗОВ,ДИНАМИЧЕСКИЕ_ОБЪЯВЛЕНИЯ
Томск,рабочий посёлок Белый Яр,13800,460,https://city2city.ru/tomsk-belyy-yar,B,D,МАЛО_ПОКАЗОВ,ДИНАМИЧЕСКИЕ_ОБЪЯВЛЕНИЯ
Барнаул,Яровое,13500,450,https://city2city.ru/barnaul-yarovoe,B,C,МАЛО_ПОКАЗОВ,ДИНАМИЧЕСКИЕ_ОБЪЯВЛЕНИЯ
Челябинск,Нижняя Тура,13500,450,https://city2city.ru/chelyabinsk-nizhnyaya-tura,A,D,МАЛО_ПОКАЗОВ,ДИНАМИЧЕСКИЕ_ОБЪЯВЛЕНИЯ
Челябинск,Петухово,13500,450,https://city2city.ru/chelyabinsk-petuxovo,A,D,МАЛО_ПОКАЗОВ,ДИНАМИЧЕСКИЕ_ОБЪЯВЛЕНИЯ
Казань,поселок городского типа Приютово,13500,450,https://city2city.ru/kazan-priyutovo,A,D,МАЛО_ПОКАЗОВ,ДИНАМИЧЕСКИЕ_ОБЪЯВЛЕНИЯ
Казань,посёлок городского типа Старая Кулатка,13500,450,https://city2city.ru/kazan-staraya-kulatka,A,D,МАЛО_ПОКАЗОВ,ДИНАМИЧЕСКИЕ_ОБЪЯВЛЕНИЯ
Киров,Луза,13500,450,https://city2city.ru/kirov-luza,A,D,МАЛО_ПОКАЗОВ,ДИНАМИЧЕСКИЕ_ОБЪЯВЛЕНИЯ
Краснодар,Благодарный,13500,450,https://city2city.ru/krasnodar-blagodarnyj,A,D,МАЛО_ПОКАЗОВ,ДИНАМИЧЕСКИЕ_ОБЪЯВЛЕНИЯ
Краснодар,поселок городского типа Красный Луч,13500,450,https://city2city.ru/krasnodar-krasnyj-luch,A,D,МАЛО_ПОКАЗОВ,ДИНАМИЧЕСКИЕ_ОБЪЯВЛЕНИЯ
Москва,деревня Вознесенское,13500,450,https://city2city.ru/moskva-voznesenskoe,A,D,МАЛО_ПОКАЗОВ,ДИНАМИЧЕСКИЕ_ОБЪЯВЛЕНИЯ
Нижний Новгород,Сергиев Посад,13500,450,https://city2city.ru/nizhnij-novgorod-sergiev-posad,A,D,МАЛО_ПОКАЗОВ,ДИНАМИЧЕСКИЕ_ОБЪЯВЛЕНИЯ
Оренбург,Ясный,13500,450,https://city2city.ru/orenburg-yasnyj,A,D,МАЛО_ПОКАЗОВ,ДИНАМИЧЕСКИЕ_ОБЪЯВЛЕНИЯ
Рязань,Старица,13500,450,https://city2city.ru/ryazan-staricza,A,D,МАЛО_ПОКАЗОВ,ДИНАМИЧЕСКИЕ_ОБЪЯВЛЕНИЯ
Саратов,село Алексеевка,13500,450,https://city2city.ru/saratov-alekseevka,A,D,МАЛО_ПОКАЗОВ,ДИНАМИЧЕСКИЕ_ОБЪЯВЛЕНИЯ
Ставрополь,Темрюк,13500,450,https://city2city.ru/stavropol-temryuk,A,D,МАЛО_ПОКАЗОВ,ДИНАМИЧЕСКИЕ_ОБЪЯВЛЕНИЯ
Томск,город Кедровый,13500,450,https://city2city.ru/tomsk-kedrovyy,B,D,МАЛО_ПОКАЗОВ,ДИНАМИЧЕСКИЕ_ОБЪЯВЛЕНИЯ
Вологда,Великий Устюг,13500,450,https://city2city.ru/vologda-velikiy-ustyug,B,D,МАЛО_ПОКАЗОВ,ДИНАМИЧЕСКИЕ_ОБЪЯВЛЕНИЯ
Ханты-Мансийск,посёлок городского типа Приобье,13500,450,https://city2city.ru/xanty-mansijsk-priobe,B,D,МАЛО_ПОКАЗОВ,ДИНАМИЧЕСКИЕ_ОБЪЯВЛЕНИЯ
Якутск,Томмот,13500,450,https://city2city.ru/yakutsk-tommot,B,D,МАЛО_ПОКАЗОВ,ДИНАМИЧЕСКИЕ_ОБЪЯВЛЕНИЯ
Ярославль,Макарьев,13500,450,https://city2city.ru/yaroslavl-makarev,A,D,МАЛО_ПОКАЗОВ,ДИНАМИЧЕСКИЕ_ОБЪЯВЛЕНИЯ
Ярославль,Вельск,13500,451,https://city2city.ru/yaroslavl-velsk,A,D,МАЛО_ПОКАЗОВ,ДИНАМИЧЕСКИЕ_ОБЪЯВЛЕНИЯ
Уфа,посёлок городского типа Вишневогорск,13400,446,https://city2city.ru/ufa-vishnevogorsk,A,D,МАЛО_ПОКАЗОВ,ДИНАМИЧЕСКИЕ_ОБЪЯВЛЕНИЯ
Астрахань,Волжский,13200,440,https://city2city.ru/astraxan-volzhskij,A,D,МАЛО_ПОКАЗОВ,ДИНАМИЧЕСКИЕ_ОБЪЯВЛЕНИЯ
Екатеринбург,Североуральск,13200,440,https://city2city.ru/ekaterinburg-severouralsk,A,D,МАЛО_ПОКАЗОВ,ДИНАМИЧЕСКИЕ_ОБЪЯВЛЕНИЯ
Казань,Абдулино,13200,440,https://city2city.ru/kazan-abdulino,A,D,МАЛО_ПОКАЗОВ,ДИНАМИЧЕСКИЕ_ОБЪЯВЛЕНИЯ
Оренбург,посёлок Первомайский,13200,440,https://city2city.ru/orenburg-pervomajskij,A,D,МАЛО_ПОКАЗОВ,ДИНАМИЧЕСКИЕ_ОБЪЯВЛЕНИЯ
Тюмень,Нижний Тагил,13200,440,https://city2city.ru/tyumen-nizhnij-tagil,A,D,МАЛО_ПОКАЗОВ,ДИНАМИЧЕСКИЕ_ОБЪЯВЛЕНИЯ
Хабаровск,курортный посёлок Горные Ключи,13200,440,https://city2city.ru/xabarovsk-gornye-klyuchi-shmakovka,A,D,МАЛО_ПОКАЗОВ,ДИНАМИЧЕСКИЕ_ОБЪЯВЛЕНИЯ
Хабаровск,курортный посёлок Горные Ключи,13200,440,https://city2city.ru/xabarovsk-gornye-klyuchi-shmakovka-2,A,D,МАЛО_ПОКАЗОВ,ДИНАМИЧЕСКИЕ_ОБЪЯВЛЕНИЯ
аэропорт Краснодар (Пашковский) имени Екатерины II,Донецк,13100,437,https://city2city.ru/aeroport-krasnodar-pashkovskij-doneczk-rostovskaya-oblast,D,C,МАЛО_ПОКАЗОВ,ДИНАМИЧЕСКИЕ_ОБЪЯВЛЕНИЯ
Барнаул,Славгород,13000,440,https://city2city.ru/barnaul-slavgorod,B,D,МАЛО_ПОКАЗОВ,ДИНАМИЧЕСКИЕ_ОБЪЯВЛЕНИЯ
Благовещенск,поселок городского типа Кульдур,13000,430,https://city2city.ru/blagoveshhensk-kuldur,B,D,МАЛО_ПОКАЗОВ,ДИНАМИЧЕСКИЕ_ОБЪЯВЛЕНИЯ
Екатеринбург,Бирск,13000,440,https://city2city.ru/ekaterinburg-birsk,A,D,МАЛО_ПОКАЗОВ,ДИНАМИЧЕСКИЕ_ОБЪЯВЛЕНИЯ
Екатеринбург,Добрянка,13000,430,https://city2city.ru/ekaterinburg-dobryanka,A,D,МАЛО_ПОКАЗОВ,ДИНАМИЧЕСКИЕ_ОБЪЯВЛЕНИЯ
Киров,посёлок городского типа Богородское,13000,430,https://city2city.ru/kirov-bogorodskoe,A,D,МАЛО_ПОКАЗОВ,ДИНАМИЧЕСКИЕ_ОБЪЯВЛЕНИЯ
Краснодар,Георгиевск,13000,440,https://city2city.ru/krasnodar-georgievsk,A,D,МАЛО_ПОКАЗОВ,ДИНАМИЧЕСКИЕ_ОБЪЯВЛЕНИЯ
Краснодар,село Новоселицкое,13000,440,https://city2city.ru/krasnodar-selo-novoseliczkoe,A,D,МАЛО_ПОКАЗОВ,ДИНАМИЧЕСКИЕ_ОБЪЯВЛЕНИЯ
Красноярск,Минусинск,13000,430,https://city2city.ru/krasnoyarsk-minusinsk,A,D,МАЛО_ПОКАЗОВ,ДИНАМИЧЕСКИЕ_ОБЪЯВЛЕНИЯ
Курган,Тобольск,13000,435,https://city2city.ru/kurgan-tobolsk,B,C,МАЛО_ПОКАЗОВ,ДИНАМИЧЕСКИЕ_ОБЪЯВЛЕНИЯ
Оренбург,Лениногорск,13000,430,https://city2city.ru/orenburg-leninogorsk,A,D,МАЛО_ПОКАЗОВ,ДИНАМИЧЕСКИЕ_ОБЪЯВЛЕНИЯ
Пермь,Серов,13000,430,https://city2city.ru/perm-serov,A,D,МАЛО_ПОКАЗОВ,ДИНАМИЧЕСКИЕ_ОБЪЯВЛЕНИЯ
Петрозаводск,посёлок городского типа Муезерский,13000,440,https://city2city.ru/petrozavodsk-muezerskij,B,D,МАЛО_ПОКАЗОВ,ДИНАМИЧЕСКИЕ_ОБЪЯВЛЕНИЯ
Рязань,посёлок городского типа Дальнее Константиново,13000,440,https://city2city.ru/ryazan-dalnee-konstantinovo,A,D,МАЛО_ПОКАЗОВ,ДИНАМИЧЕСКИЕ_ОБЪЯВЛЕНИЯ
Санкт-Петербург,деревня Пестово,13000,440,https://city2city.ru/sankt-peterburg-pestovo,A,D,МАЛО_ПОКАЗОВ,ДИНАМИЧЕСКИЕ_ОБЪЯВЛЕНИЯ
Ставрополь,станица Должанская,13000,440,https://city2city.ru/stavropol-dolzhanskaya,A,D,МАЛО_ПОКАЗОВ,ДИНАМИЧЕСКИЕ_ОБЪЯВЛЕНИЯ
Сыктывкар,городское поселение Войвож,13000,430,https://city2city.ru/syktyvkar-vojvozh,B,D,МАЛО_ПОКАЗОВ,ДИНАМИЧЕСКИЕ_ОБЪЯВЛЕНИЯ
Уфа,Чистополь,13000,430,https://city2city.ru/ufa-chistopol,A,D,МАЛО_ПОКАЗОВ,ДИНАМИЧЕСКИЕ_ОБЪЯВЛЕНИЯ
Владимир,деревня Шумерля,13000,440,https://city2city.ru/vladimir-shumerlya,A,D,МАЛО_ПОКАЗОВ,ДИНАМИЧЕСКИЕ_ОБЪЯВЛЕНИЯ
Воронеж,посёлок городского типа Каменка,13000,440,https://city2city.ru/voronezh-kamenka-3,A,D,МАЛО_ПОКАЗОВ,ДИНАМИЧЕСКИЕ_ОБЪЯВЛЕНИЯ
Воронеж,парк Лога,13000,430,https://city2city.ru/voronezh-park-loga,A,D,МАЛО_ПОКАЗОВ,ДИНАМИЧЕСКИЕ_ОБЪЯВЛЕНИЯ
Хабаровск,Амурск,13000,430,https://city2city.ru/xabarovsk-amursk-2,A,D,МАЛО_ПОКАЗОВ,ДИНАМИЧЕСКИЕ_ОБЪЯВЛЕНИЯ
Ханты-Мансийск,посёлок городского типа Таёжный,13000,430,https://city2city.ru/xanty-mansijsk-tayozhnyj,B,D,МАЛО_ПОКАЗОВ,ДИНАМИЧЕСКИЕ_ОБЪЯВЛЕНИЯ
Ханты-Мансийск,Тобольск,13000,440,https://city2city.ru/xanty-mansijsk-tobolsk,B,C,МАЛО_ПОКАЗОВ,ДИНАМИЧЕСКИЕ_ОБЪЯВЛЕНИЯ
Красноярск,посёлок городского типа Приисковый,12900,430,https://city2city.ru/krasnoyarsk-priiskovyj,A,D,МАЛО_ПОКАЗОВ,ДИНАМИЧЕСКИЕ_ОБЪЯВЛЕНИЯ
Хабаровск,Амурск,12900,430,https://city2city.ru/xabarovsk-amursk,A,D,МАЛО_ПОКАЗОВ,ДИНАМИЧЕСКИЕ_ОБЪЯВЛЕНИЯ
Хабаровск,поселок городского типа Известковый,12900,430,https://city2city.ru/xabarovsk-izvestkovyj-2,A,D,МАЛО_ПОКАЗОВ,ДИНАМИЧЕСКИЕ_ОБЪЯВЛЕНИЯ
Ханты-Мансийск,Урай,12900,430,https://city2city.ru/xanty-mansijsk-uraj,B,D,МАЛО_ПОКАЗОВ,ДИНАМИЧЕСКИЕ_ОБЪЯВЛЕНИЯ
Хандыга,Якутск,12600,420,https://city2city.ru/handyga-jakutsk,D,B,МАЛО_ПОКАЗОВ,ДИНАМИЧЕСКИЕ_ОБЪЯВЛЕНИЯ
Астрахань,Нефтекумск,12500,420,https://city2city.ru/astraxan-neftekumsk,A,D,МАЛО_ПОКАЗОВ,ДИНАМИЧЕСКИЕ_ОБЪЯВЛЕНИЯ
Барнаул,Новокузнецк,12500,410,https://city2city.ru/barnaul-novokuznetsk,B,D,МАЛО_ПОКАЗОВ,ДИНАМИЧЕСКИЕ_ОБЪЯВЛЕНИЯ
Барнаул,Юрга,12500,410,https://city2city.ru/barnaul-yurga,B,C,МАЛО_ПОКАЗОВ,ДИНАМИЧЕСКИЕ_ОБЪЯВЛЕНИЯ
Иваново,Ермолино,12500,410,https://city2city.ru/ivanovo-ermolino,A,D,МАЛО_ПОКАЗОВ,ДИНАМИЧЕСКИЕ_ОБЪЯВЛЕНИЯ
Ижевск,Омутнинск,12500,420,https://city2city.ru/izhevsk-omutninsk,A,D,МАЛО_ПОКАЗОВ,ДИНАМИЧЕСКИЕ_ОБЪЯВЛЕНИЯ
Казань,Агидель,12500,410,https://city2city.ru/kazan-agidel,A,D,МАЛО_ПОКАЗОВ,ДИНАМИЧЕСКИЕ_ОБЪЯВЛЕНИЯ
Киров,посёлок городского типа Лальск,12500,420,https://city2city.ru/kirov-lalsk,A,D,МАЛО_ПОКАЗОВ,ДИНАМИЧЕСКИЕ_ОБЪЯВЛЕНИЯ
Киров,село Можга,12500,410,https://city2city.ru/kirov-mozhga,A,D,МАЛО_ПОКАЗОВ,ДИНАМИЧЕСКИЕ_ОБЪЯВЛЕНИЯ
Кострома,Череповец,12500,410,https://city2city.ru/kostroma-cherepovecz,A,D,МАЛО_ПОКАЗОВ,ДИНАМИЧЕСКИЕ_ОБЪЯВЛЕНИЯ
Кызыл,Саяногорск,12500,410,https://city2city.ru/kyzyl-sayanogorsk,B,D,МАЛО_ПОКАЗОВ,ДИНАМИЧЕСКИЕ_ОБЪЯВЛЕНИЯ
Москва,поселок городского типа Угловка,12500,410,https://city2city.ru/moskva-uglovka,A,D,МАЛО_ПОКАЗОВ,ДИНАМИЧЕСКИЕ_ОБЪЯВЛЕНИЯ
Нижний Новгород,Егорьевск,12500,420,https://city2city.ru/nizhnij-novgorod-egorevsk,A,D,МАЛО_ПОКАЗОВ,ДИНАМИЧЕСКИЕ_ОБЪЯВЛЕНИЯ
Новосибирск,город Асино,12500,420,https://city2city.ru/novosibirsk-asino,B,D,МАЛО_ПОКАЗОВ,ДИНАМИЧЕСКИЕ_ОБЪЯВЛЕНИЯ
Новосибирск,Яровое,12500,410,https://city2city.ru/novosibirsk-yarovoe,B,C,МАЛО_ПОКАЗОВ,ДИНАМИЧЕСКИЕ_ОБЪЯВЛЕНИЯ
Петрозаводск,Бокситогорск,12500,410,https://city2city.ru/petrozavodsk-boksitogorsk,B,D,МАЛО_ПОКАЗОВ,ДИНАМИЧЕСКИЕ_ОБЪЯВЛЕНИЯ
Ростов-на-Дону,Черкесск,12500,420,https://city2city.ru/rostov-cherkessk,A,D,МАЛО_ПОКАЗОВ,ДИНАМИЧЕСКИЕ_ОБЪЯВЛЕНИЯ
Ростов-на-Дону,станица Голубицкая,12500,420,https://city2city.ru/rostov-golubiczkaya,A,D,МАЛО_ПОКАЗОВ,ДИНАМИЧЕСКИЕ_ОБЪЯВЛЕНИЯ
Ростов-на-Дону,поселок Гузерипль,12500,420,https://city2city.ru/rostov-guzeripl,A,D,МАЛО_ПОКАЗОВ,ДИНАМИЧЕСКИЕ_ОБЪЯВЛЕНИЯ
Ростов-на-Дону,посёлок Мезмай,12500,410,https://city2city.ru/rostov-mezmaj,A,D,МАЛО_ПОКАЗОВ,ДИНАМИЧЕСКИЕ_ОБЪЯВЛЕНИЯ
Ростов-на-Дону,Темрюк,12500,410,https://city2city.ru/rostov-temryuk,A,D,МАЛО_ПОКАЗОВ,ДИНАМИЧЕСКИЕ_ОБЪЯВЛЕНИЯ
Самара,рабочий посёлок Озинки,12500,410,https://city2city.ru/samara-ozinki,A,D,МАЛО_ПОКАЗОВ,ДИНАМИЧЕСКИЕ_ОБЪЯВЛЕНИЯ
Самара,поселок городского типа Приютово,12500,410,https://city2city.ru/samara-priyutovo,A,D,МАЛО_ПОКАЗОВ,ДИНАМИЧЕСКИЕ_ОБЪЯВЛЕНИЯ
Ставрополь,Крымск,12500,420,https://city2city.ru/stavropol-krymsk,A,D,МАЛО_ПОКАЗОВ,ДИНАМИЧЕСКИЕ_ОБЪЯВЛЕНИЯ
Томск,Ачинск,12500,410,https://city2city.ru/tomsk-achinsk,B,D,МАЛО_ПОКАЗОВ,ДИНАМИЧЕСКИЕ_ОБЪЯВЛЕНИЯ
Тула,Пителино,12500,410,https://city2city.ru/tula-pitelino,A,D,МАЛО_ПОКАЗОВ,ДИНАМИЧЕСКИЕ_ОБЪЯВЛЕНИЯ
Уфа,Коркино,12500,420,https://city2city.ru/ufa-korkino,A,D,МАЛО_ПОКАЗОВ,ДИНАМИЧЕСКИЕ_ОБЪЯВЛЕНИЯ
Уфа,село Нурлаты,12500,420,https://city2city.ru/ufa-nurlat,A,D,МАЛО_ПОКАЗОВ,ДИНАМИЧЕСКИЕ_ОБЪЯВЛЕНИЯ
Воронеж,Ступино,12500,410,https://city2city.ru/voronezh-stupino,A,D,МАЛО_ПОКАЗОВ,ДИНАМИЧЕСКИЕ_ОБЪЯВЛЕНИЯ
Хабаровск,Лесозаводск,12500,420,https://city2city.ru/xabarovsk-lesozavodsk,A,D,МАЛО_ПОКАЗОВ,ДИНАМИЧЕСКИЕ_ОБЪЯВЛЕНИЯ
Хабаровск,Лесозаводск,12500,420,https://city2city.ru/xabarovsk-lesozavodsk-2,A,D,МАЛО_ПОКАЗОВ,ДИНАМИЧЕСКИЕ_ОБЪЯВЛЕНИЯ
Ханты-Мансийск,посёлок городского типа Малиновский,12500,420,https://city2city.ru/xanty-mansijsk-malinovskij,B,D,МАЛО_ПОКАЗОВ,ДИНАМИЧЕСКИЕ_ОБЪЯВЛЕНИЯ
Петрозаводск,Кемь,12300,410,https://city2city.ru/petrozavodsk-kem,B,D,МАЛО_ПОКАЗОВ,ДИНАМИЧЕСКИЕ_ОБЪЯВЛЕНИЯ
Санкт-Петербург,деревня Уболенка,12300,410,https://city2city.ru/sankt-peterburg-kpp-ubylinka,A,D,МАЛО_ПОКАЗОВ,ДИНАМИЧЕСКИЕ_ОБЪЯВЛЕНИЯ
Тюмень,Копейск,12300,410,https://city2city.ru/tyumen-kopejsk,A,D,МАЛО_ПОКАЗОВ,ДИНАМИЧЕСКИЕ_ОБЪЯВЛЕНИЯ
Тюмень,посёлок городского типа Северный,12300,410,https://city2city.ru/tyumen-severnyj,A,D,МАЛО_ПОКАЗОВ,ДИНАМИЧЕСКИЕ_ОБЪЯВЛЕНИЯ
Владивосток,Дальнереченск,12300,410,https://city2city.ru/vladivostok-dalnerechensk,B,D,МАЛО_ПОКАЗОВ,ДИНАМИЧЕСКИЕ_ОБЪЯВЛЕНИЯ
Волгоград,посёлок городского типа Изварино,12300,410,https://city2city.ru/volgograd-mapp-izvarino,A,D,МАЛО_ПОКАЗОВ,ДИНАМИЧЕСКИЕ_ОБЪЯВЛЕНИЯ
Вологда,село Никольск,12300,410,https://city2city.ru/vologda-nikolsk,B,D,МАЛО_ПОКАЗОВ,ДИНАМИЧЕСКИЕ_ОБЪЯВЛЕНИЯ
Брянск,Домодедово,12000,400,https://city2city.ru/bryansk-domodedovo,A,D,МАЛО_ПОКАЗОВ,ДИНАМИЧЕСКИЕ_ОБЪЯВЛЕНИЯ
Челябинск,Макушино,12000,400,https://city2city.ru/chelyabinsk-makushino,A,D,МАЛО_ПОКАЗОВ,ДИНАМИЧЕСКИЕ_ОБЪЯВЛЕНИЯ
Екатеринбург,Губаха,12000,400,https://city2city.ru/ekaterinburg-gubaxa,A,D,МАЛО_ПОКАЗОВ,ДИНАМИЧЕСКИЕ_ОБЪЯВЛЕНИЯ
Иркутск,Тулун,12000,400,https://city2city.ru/irkutsk-tulun,A,D,МАЛО_ПОКАЗОВ,ДИНАМИЧЕСКИЕ_ОБЪЯВЛЕНИЯ
Йошкар-Ола,Набережные Челны,12000,395,https://city2city.ru/joshkar-ola-naberezhnye-chelny,B,C,МАЛО_ПОКАЗОВ,ДИНАМИЧЕСКИЕ_ОБЪЯВЛЕНИЯ
Комсомольск-на-Амуре,Хабаровск,12000,400,https://city2city.ru/komsomolsk-na-amure-habarovsk,D,A,МАЛО_ПОКАЗОВ,ДИНАМИЧЕСКИЕ_ОБЪЯВЛЕНИЯ
Краснодар,М-3 Украина,12000,400,https://city2city.ru/krasnodar-granicza-ukraina,A,D,МАЛО_ПОКАЗОВ,ДИНАМИЧЕСКИЕ_ОБЪЯВЛЕНИЯ
Краснодар,Гуково,12000,400,https://city2city.ru/krasnodar-gukovo,A,D,МАЛО_ПОКАЗОВ,ДИНАМИЧЕСКИЕ_ОБЪЯВЛЕНИЯ
Краснодар,село Успенка,12000,400,https://city2city.ru/krasnodar-mapp-uspenka,A,D,МАЛО_ПОКАЗОВ,ДИНАМИЧЕСКИЕ_ОБЪЯВЛЕНИЯ
Красноярск,Тайшет,12000,400,https://city2city.ru/krasnoyarsk-tajshet,A,D,МАЛО_ПОКАЗОВ,ДИНАМИЧЕСКИЕ_ОБЪЯВЛЕНИЯ
Москва,Рославль,12000,400,https://city2city.ru/moskva-roslavl,A,D,МАЛО_ПОКАЗОВ,ДИНАМИЧЕСКИЕ_ОБЪЯВЛЕНИЯ
Москва,посёлок городского типа Старая Торопа,12000,400,https://city2city.ru/moskva-staraya-toropa,A,D,МАЛО_ПОКАЗОВ,ДИНАМИЧЕСКИЕ_ОБЪЯВЛЕНИЯ
Новосибирск,Осинники,12000,400,https://city2city.ru/novosibirsk-osinniki,B,D,МАЛО_ПОКАЗОВ,ДИНАМИЧЕСКИЕ_ОБЪЯВЛЕНИЯ
Оренбург,Кинель,12000,400,https://city2city.ru/orenburg-kinel,A,D,МАЛО_ПОКАЗОВ,ДИНАМИЧЕСКИЕ_ОБЪЯВЛЕНИЯ
Псков,Боровичи,12000,400,https://city2city.ru/pskov-borovichi,A,D,МАЛО_ПОКАЗОВ,ДИНАМИЧЕСКИЕ_ОБЪЯВЛЕНИЯ
Ростов-на-Дону,село Горный Щит,12000,400,https://city2city.ru/rostov-gornyj,A,D,МАЛО_ПОКАЗОВ,ДИНАМИЧЕСКИЕ_ОБЪЯВЛЕНИЯ
Ростов-на-Дону,село Заветное,12000,400,https://city2city.ru/rostov-selo-zavetnoe,A,D,МАЛО_ПОКАЗОВ,ДИНАМИЧЕСКИЕ_ОБЪЯВЛЕНИЯ
Санкт-Петербург,рабочий посёлок Пушкинские Горы,12000,400,https://city2city.ru/sankt-peterburg-pushkinskie-gory,A,D,МАЛО_ПОКАЗОВ,ДИНАМИЧЕСКИЕ_ОБЪЯВЛЕНИЯ
Санкт-Петербург,деревня Хвойная,12000,400,https://city2city.ru/sankt-peterburg-xvojnaya,A,D,МАЛО_ПОКАЗОВ,ДИНАМИЧЕСКИЕ_ОБЪЯВЛЕНИЯ
Саратов,Кирсанов,12000,400,https://city2city.ru/saratov-kirsanov,A,D,МАЛО_ПОКАЗОВ,ДИНАМИЧЕСКИЕ_ОБЪЯВЛЕНИЯ
Ставрополь,Приморско-Ахтарск,12000,400,https://city2city.ru/stavropol-primorsko-axtarsk,A,D,МАЛО_ПОКАЗОВ,ДИНАМИЧЕСКИЕ_ОБЪЯВЛЕНИЯ
Ставрополь,село Заветное,12000,400,https://city2city.ru/stavropol-selo-zavetnoe,A,D,МАЛО_ПОКАЗОВ,ДИНАМИЧЕСКИЕ_ОБЪЯВЛЕНИЯ
Сыктывкар,поселок городского типа Нижний Одес,12000,400,https://city2city.ru/syktyvkar-nizhnij-odes,B,D,МАЛО_ПОКАЗОВ,ДИНАМИЧЕСКИЕ_ОБЪЯВЛЕНИЯ
Сыктывкар,Великий Устюг,12000,400,https://city2city.ru/syktyvkar-veliky_ustug,B,D,МАЛО_ПОКАЗОВ,ДИНАМИЧЕСКИЕ_ОБЪЯВЛЕНИЯ
Томск,Прокопьевск,12000,400,https://city2city.ru/tomsk-prokopevsk,B,D,МАЛО_ПОКАЗОВ,ДИНАМИЧЕСКИЕ_ОБЪЯВЛЕНИЯ
Уфа,село Можга,12000,400,https://city2city.ru/ufa-mozhga,A,D,МАЛО_ПОКАЗОВ,ДИНАМИЧЕСКИЕ_ОБЪЯВЛЕНИЯ
Волгоград,Сальск,12000,400,https://city2city.ru/volgograd-salsk,A,D,МАЛО_ПОКАЗОВ,ДИНАМИЧЕСКИЕ_ОБЪЯВЛЕНИЯ
Хабаровск,Комсомольск-на-Амуре,12000,400,https://city2city.ru/xabarovsk-komsomolsk-na-amure,A,D,МАЛО_ПОКАЗОВ,ДИНАМИЧЕСКИЕ_ОБЪЯВЛЕНИЯ
Хабаровск,Комсомольск-на-Амуре,12000,400,https://city2city.ru/xabarovsk-komsomolsk-na-amure-2,A,D,МАЛО_ПОКАЗОВ,ДИНАМИЧЕСКИЕ_ОБЪЯВЛЕНИЯ
Хабаровск,посёлок городского типа Таёжный,12000,400,https://city2city.ru/xabarovsk-tayozhnyj,A,D,МАЛО_ПОКАЗОВ,ДИНАМИЧЕСКИЕ_ОБЪЯВЛЕНИЯ
Хабаровск,посёлок городского типа Таёжный,12000,400,https://city2city.ru/xabarovsk-tayozhnyj-2,A,D,МАЛО_ПОКАЗОВ,ДИНАМИЧЕСКИЕ_ОБЪЯВЛЕНИЯ
Красноярск,Черногорск,11700,390,https://city2city.ru/krasnoyarsk-chernogorsk,A,D,МАЛО_ПОКАЗОВ,ДИНАМИЧЕСКИЕ_ОБЪЯВЛЕНИЯ
Кызыл,Абакан,11700,390,https://city2city.ru/kyzyl-abakan,B,C,МАЛО_ПОКАЗОВ,ДИНАМИЧЕСКИЕ_ОБЪЯВЛЕНИЯ
Екатеринбург,Краснотурьинск,11600,385,https://city2city.ru/ekaterinburg-krasnoturinsk,A,D,МАЛО_ПОКАЗОВ,ДИНАМИЧЕСКИЕ_ОБЪЯВЛЕНИЯ
Волгоград,рабочий посёлок Елань-Коленовский,11600,385,https://city2city.ru/volgograd-elan-kolenovskij,A,D,МАЛО_ПОКАЗОВ,ДИНАМИЧЕСКИЕ_ОБЪЯВЛЕНИЯ
Екатеринбург,Лысьва,11500,380,https://city2city.ru/ekaterinburg-lysva,A,D,МАЛО_ПОКАЗОВ,ДИНАМИЧЕСКИЕ_ОБЪЯВЛЕНИЯ
Краснодар,Светлоград,11500,380,https://city2city.ru/krasnodar-svetlograd,A,D,МАЛО_ПОКАЗОВ,ДИНАМИЧЕСКИЕ_ОБЪЯВЛЕНИЯ
Курган,Миасс,11500,390,https://city2city.ru/kurgan-miass,B,C,МАЛО_ПОКАЗОВ,ДИНАМИЧЕСКИЕ_ОБЪЯВЛЕНИЯ
Мурманск,посёлок городского типа Лоухи,11500,390,https://city2city.ru/murmansk-louhi,B,D,МАЛО_ПОКАЗОВ,ДИНАМИЧЕСКИЕ_ОБЪЯВЛЕНИЯ
Оренбург,Отрадный,11500,380,https://city2city.ru/orenburg-otradnyj,A,D,МАЛО_ПОКАЗОВ,ДИНАМИЧЕСКИЕ_ОБЪЯВЛЕНИЯ
Петрозаводск,Беломорск,11500,380,https://city2city.ru/petrozavodsk-belomorsk,B,D,МАЛО_ПОКАЗОВ,ДИНАМИЧЕСКИЕ_ОБЪЯВЛЕНИЯ
Ростов-на-Дону,станица Даховская,11500,390,https://city2city.ru/rostov-daxovskaya,A,D,МАЛО_ПОКАЗОВ,ДИНАМИЧЕСКИЕ_ОБЪЯВЛЕНИЯ
Ростов-на-Дону,село Ремонтное,11500,390,https://city2city.ru/rostov-remontnoe,A,D,МАЛО_ПОКАЗОВ,ДИНАМИЧЕСКИЕ_ОБЪЯВЛЕНИЯ
Самара,село Илек,11500,390,https://city2city.ru/samara-app-ilek,A,D,МАЛО_ПОКАЗОВ,ДИНАМИЧЕСКИЕ_ОБЪЯВЛЕНИЯ
Саратов,Ковылкино,11500,390,https://city2city.ru/saratov-kovylkino,A,D,МАЛО_ПОКАЗОВ,ДИНАМИЧЕСКИЕ_ОБЪЯВЛЕНИЯ
Ставрополь,посёлок городского типа Джубга,11500,390,https://city2city.ru/stavropol-dzhubga,A,D,МАЛО_ПОКАЗОВ,ДИНАМИЧЕСКИЕ_ОБЪЯВЛЕНИЯ
Томск,Киселёвск,11500,380,https://city2city.ru/tomsk-kiselyovsk,B,D,МАЛО_ПОКАЗОВ,ДИНАМИЧЕСКИЕ_ОБЪЯВЛЕНИЯ
Томск,Шарыпово,11500,390,https://city2city.ru/tomsk-sharypovo,B,D,МАЛО_ПОКАЗОВ,ДИНАМИЧЕСКИЕ_ОБЪЯВЛЕНИЯ
Уфа,Оса,11500,390,https://city2city.ru/ufa-osa,A,D,МАЛО_ПОКАЗОВ,ДИНАМИЧЕСКИЕ_ОБЪЯВЛЕНИЯ
Волгоград,Нариманов,11500,380,https://city2city.ru/volgograd-narimanov,A,D,МАЛО_ПОКАЗОВ,ДИНАМИЧЕСКИЕ_ОБЪЯВЛЕНИЯ
Волгоград,парк Лога,11500,380,https://city2city.ru/volgograd-park-loga,A,D,МАЛО_ПОКАЗОВ,ДИНАМИЧЕСКИЕ_ОБЪЯВЛЕНИЯ
Волгоград,Семикаракорск,11500,390,https://city2city.ru/volgograd-semikarakorsk,A,D,МАЛО_ПОКАЗОВ,ДИНАМИЧЕСКИЕ_ОБЪЯВЛЕНИЯ
Ханты-Мансийск,поселок городского типа Андра,11500,390,https://city2city.ru/xanty-mansijsk-andra,B,D,МАЛО_ПОКАЗОВ,ДИНАМИЧЕСКИЕ_ОБЪЯВЛЕНИЯ
Ярославль,Кстово,11500,380,https://city2city.ru/yaroslavl-kstovo,A,D,МАЛО_ПОКАЗОВ,ДИНАМИЧЕСКИЕ_ОБЪЯВЛЕНИЯ
Оренбург,поселок Октябрьский,11400,380,https://city2city.ru/orenburg-oktyabrskij,A,D,МАЛО_ПОКАЗОВ,ДИНАМИЧЕСКИЕ_ОБЪЯВЛЕНИЯ
Ханты-Мансийск,Югорск,11400,380,https://city2city.ru/xanty-mansijsk-yugorsk,B,D,МАЛО_ПОКАЗОВ,ДИНАМИЧЕСКИЕ_ОБЪЯВЛЕНИЯ
Москва,Лебедянь,11200,375,https://city2city.ru/moskva-lebedyan,A,D,МАЛО_ПОКАЗОВ,ДИНАМИЧЕСКИЕ_ОБЪЯВЛЕНИЯ
Казань,поселок городского типа Уруссу,11100,370,https://city2city.ru/kazan-urussu,A,D,МАЛО_ПОКАЗОВ,ДИНАМИЧЕСКИЕ_ОБЪЯВЛЕНИЯ
Нижний Новгород,Переславль-Залесский,11100,370,https://city2city.ru/nizhnij-novgorod-pereslavl-zalesskij,A,D,МАЛО_ПОКАЗОВ,ДИНАМИЧЕСКИЕ_ОБЪЯВЛЕНИЯ
Оренбург,Бавлы,11100,370,https://city2city.ru/orenburg-bavly,A,D,МАЛО_ПОКАЗОВ,ДИНАМИЧЕСКИЕ_ОБЪЯВЛЕНИЯ
Ростов-на-Дону,станица Казанская,11100,370,https://city2city.ru/rostov-stanicza-kazanskaya,A,D,МАЛО_ПОКАЗОВ,ДИНАМИЧЕСКИЕ_ОБЪЯВЛЕНИЯ
Саратов,Химки,11100,370,https://city2city.ru/saratov-ximki,A,D,МАЛО_ПОКАЗОВ,ДИНАМИЧЕСКИЕ_ОБЪЯВЛЕНИЯ
Сыктывкар,Котлас,11100,370,https://city2city.ru/syktyvkar-kotlas,B,D,МАЛО_ПОКАЗОВ,ДИНАМИЧЕСКИЕ_ОБЪЯВЛЕНИЯ
Ханты-Мансийск,Советский,11100,370,https://city2city.ru/xanty-mansijsk-sovetskij,B,D,МАЛО_ПОКАЗОВ,ДИНАМИЧЕСКИЕ_ОБЪЯВЛЕНИЯ
Астрахань,Знаменск,11000,360,https://city2city.ru/astraxan-znamensk,A,D,МАЛО_ПОКАЗОВ,ДИНАМИЧЕСКИЕ_ОБЪЯВЛЕНИЯ
Благовещенск,Облучье,11000,360,https://city2city.ru/blagoveshhensk-obluche,B,D,МАЛО_ПОКАЗОВ,ДИНАМИЧЕСКИЕ_ОБЪЯВЛЕНИЯ
Челябинск,Межгорье,11000,370,https://city2city.ru/chelyabinsk-mezhgore,A,D,МАЛО_ПОКАЗОВ,ДИНАМИЧЕСКИЕ_ОБЪЯВЛЕНИЯ
Екатеринбург,Тавда,11000,360,https://city2city.ru/ekaterinburg-tavda,A,D,МАЛО_ПОКАЗОВ,ДИНАМИЧЕСКИЕ_ОБЪЯВЛЕНИЯ
Ижевск,Кунгур,11000,370,https://city2city.ru/izhevsk-kungur,A,D,МАЛО_ПОКАЗОВ,ДИНАМИЧЕСКИЕ_ОБЪЯВЛЕНИЯ
Казань,Барыш,11000,360,https://city2city.ru/kazan-barysh,A,D,МАЛО_ПОКАЗОВ,ДИНАМИЧЕСКИЕ_ОБЪЯВЛЕНИЯ
Казань,Кинель,11000,370,https://city2city.ru/kazan-kinel,A,D,МАЛО_ПОКАЗОВ,ДИНАМИЧЕСКИЕ_ОБЪЯВЛЕНИЯ
Казань,Похвистнево,11000,360,https://city2city.ru/kazan-poxvistnevo,A,D,МАЛО_ПОКАЗОВ,ДИНАМИЧЕСКИЕ_ОБЪЯВЛЕНИЯ
Кемерово,Таштагол,11000,370,https://city2city.ru/kemerovo-tashtagol,B,D,МАЛО_ПОКАЗОВ,ДИНАМИЧЕСКИЕ_ОБЪЯВЛЕНИЯ
Киров,Урень,11000,370,https://city2city.ru/kirov-uren,A,D,МАЛО_ПОКАЗОВ,ДИНАМИЧЕСКИЕ_ОБЪЯВЛЕНИЯ
Кострома,поселок городского типа Поназырево,11000,370,https://city2city.ru/kostroma-ponazyrevo,A,D,МАЛО_ПОКАЗОВ,ДИНАМИЧЕСКИЕ_ОБЪЯВЛЕНИЯ
Краснодар,Таганрог,11000,360,https://city2city.ru/krasnodar-taganrog,A,D,МАЛО_ПОКАЗОВ,ДИНАМИЧЕСКИЕ_ОБЪЯВЛЕНИЯ
Красноярск,Мариинск,11000,370,https://city2city.ru/krasnoyarsk-mariinsk,A,D,МАЛО_ПОКАЗОВ,ДИНАМИЧЕСКИЕ_ОБЪЯВЛЕНИЯ
Курган,Берёзовский,11000,370,https://city2city.ru/kurgan-beryozovskij,B,C,МАЛО_ПОКАЗОВ,ДИНАМИЧЕСКИЕ_ОБЪЯВЛЕНИЯ
Курган,Чебаркуль,11000,370,https://city2city.ru/kurgan-chebarkul,B,C,МАЛО_ПОКАЗОВ,ДИНАМИЧЕСКИЕ_ОБЪЯВЛЕНИЯ
Кызыл,Минусинск,11000,370,https://city2city.ru/kyzyl-minusinsk,B,D,МАЛО_ПОКАЗОВ,ДИНАМИЧЕСКИЕ_ОБЪЯВЛЕНИЯ
Мурманск,посёлок городского типа Чупа,11000,370,https://city2city.ru/murmansk-chupa,B,D,МАЛО_ПОКАЗОВ,ДИНАМИЧЕСКИЕ_ОБЪЯВЛЕНИЯ
Оренбург,село Дмитриевка,11000,360,https://city2city.ru/orenburg-dmitrievka,A,D,МАЛО_ПОКАЗОВ,ДИНАМИЧЕСКИЕ_ОБЪЯВЛЕНИЯ
Ростов-на-Дону,посёлок Каменномостский,11000,370,https://city2city.ru/rostov-kamennomostskij,A,D,МАЛО_ПОКАЗОВ,ДИНАМИЧЕСКИЕ_ОБЪЯВЛЕНИЯ
Ростов-на-Дону,поселок городского типа Мостовской,11000,370,https://city2city.ru/rostov-mostovskoj,A,D,МАЛО_ПОКАЗОВ,ДИНАМИЧЕСКИЕ_ОБЪЯВЛЕНИЯ
Ростов-на-Дону,Невинномысск,11000,370,https://city2city.ru/rostov-nevinnomyssk,A,D,МАЛО_ПОКАЗОВ,ДИНАМИЧЕСКИЕ_ОБЪЯВЛЕНИЯ
Ростов-на-Дону,станица Обливская,11000,370,https://city2city.ru/rostov-oblivskaya,A,D,МАЛО_ПОКАЗОВ,ДИНАМИЧЕСКИЕ_ОБЪЯВЛЕНИЯ
Ростов-на-Дону,село Дивное,11000,360,https://city2city.ru/rostov-selo-divnoe,A,D,МАЛО_ПОКАЗОВ,ДИНАМИЧЕСКИЕ_ОБЪЯВЛЕНИЯ
Ростов-на-Дону,станица Вешенская,11000,360,https://city2city.ru/rostov-vyoshenskaya,A,D,МАЛО_ПОКАЗОВ,ДИНАМИЧЕСКИЕ_ОБЪЯВЛЕНИЯ
Самара,Инза,11000,370,https://city2city.ru/samara-inza,A,D,МАЛО_ПОКАЗОВ,ДИНАМИЧЕСКИЕ_ОБЪЯВЛЕНИЯ
Тюмень,посёлок городского типа Междуреченский,11000,360,https://city2city.ru/tyumen-mezhdurechenskij,A,D,МАЛО_ПОКАЗОВ,ДИНАМИЧЕСКИЕ_ОБЪЯВЛЕНИЯ
Тюмень,Щучье,11000,370,https://city2city.ru/tyumen-shhuche,A,D,МАЛО_ПОКАЗОВ,ДИНАМИЧЕСКИЕ_ОБЪЯВЛЕНИЯ
Владимир,посёлок городского типа Зубова Поляна,11000,370,https://city2city.ru/vladimir-zubova-polyana,A,D,МАЛО_ПОКАЗОВ,ДИНАМИЧЕСКИЕ_ОБЪЯВЛЕНИЯ
Волгоград,Борисоглебск,11000,370,https://city2city.ru/volgograd-borisoglebsk,A,D,МАЛО_ПОКАЗОВ,ДИНАМИЧЕСКИЕ_ОБЪЯВЛЕНИЯ
Волгоград,Каменск-Шахтинский,11000,365,https://city2city.ru/volgograd-kamensk-shaxtinskij,A,D,МАЛО_ПОКАЗОВ,ДИНАМИЧЕСКИЕ_ОБЪЯВЛЕНИЯ
Волгоград,село Старая Полтавка,11000,360,https://city2city.ru/volgograd-selo-staraya-poltavka,A,D,МАЛО_ПОКАЗОВ,ДИНАМИЧЕСКИЕ_ОБЪЯВЛЕНИЯ
Аэропорт Платов,село Бугаёвка,10900,363,https://city2city.ru/aeroport-platov-app-bugaevka,D,D,МАЛО_ПОКАЗОВ,ДИНАМИЧЕСКИЕ_ОБЪЯВЛЕНИЯ
аэропорт Екатеринбург (Кольцово) имени А.Н. Демидова,Курган,10800,360,https://city2city.ru/aeroport-kolczovo-kurgan,C,B,МАЛО_ПОКАЗОВ,ДИНАМИЧЕСКИЕ_ОБЪЯВЛЕНИЯ
Мурманск,поселок городского типа Умба,10800,360,https://city2city.ru/murmansk-umba,B,D,МАЛО_ПОКАЗОВ,ДИНАМИЧЕСКИЕ_ОБЪЯВЛЕНИЯ
Новосибирск,Алейск,10800,360,https://city2city.ru/novosibirsk-alyaysk,B,D,МАЛО_ПОКАЗОВ,ДИНАМИЧЕСКИЕ_ОБЪЯВЛЕНИЯ
Санкт-Петербург,деревня Горланово,10800,360,https://city2city.ru/sankt-peterburg-kpp-shumilkino,A,D,МАЛО_ПОКАЗОВ,ДИНАМИЧЕСКИЕ_ОБЪЯВЛЕНИЯ
Уфа,Красноуфимск,10800,360,https://city2city.ru/ufa-krasnoufimsk,A,D,МАЛО_ПОКАЗОВ,ДИНАМИЧЕСКИЕ_ОБЪЯВЛЕНИЯ
Хабаровск,Дальнереченск,10800,360,https://city2city.ru/xabarovsk-dalnerechensk,A,D,МАЛО_ПОКАЗОВ,ДИНАМИЧЕСКИЕ_ОБЪЯВЛЕНИЯ
Хабаровск,Облучье,10800,360,https://city2city.ru/xabarovsk-obluche-2,A,D,МАЛО_ПОКАЗОВ,ДИНАМИЧЕСКИЕ_ОБЪЯВЛЕНИЯ
Челябинск,Нижний Тагил,10500,350,https://city2city.ru/chelyabinsk-nizhnij-tagil,A,D,МАЛО_ПОКАЗОВ,ДИНАМИЧЕСКИЕ_ОБЪЯВЛЕНИЯ
Екатеринбург,Чусовой,10500,350,https://city2city.ru/ekaterinburg-chusovoj,A,D,МАЛО_ПОКАЗОВ,ДИНАМИЧЕСКИЕ_ОБЪЯВЛЕНИЯ
Екатеринбург,Серов,10500,350,https://city2city.ru/ekaterinburg-serov,A,D,МАЛО_ПОКАЗОВ,ДИНАМИЧЕСКИЕ_ОБЪЯВЛЕНИЯ
Казань,Бавлы,10500,350,https://city2city.ru/kazan-bavly,A,D,МАЛО_ПОКАЗОВ,ДИНАМИЧЕСКИЕ_ОБЪЯВЛЕНИЯ
Краснодар,посёлок городского типа Гячрыпш,10500,350,https://city2city.ru/krasnodar-mapp-psou,A,D,МАЛО_ПОКАЗОВ,ДИНАМИЧЕСКИЕ_ОБЪЯВЛЕНИЯ
Новосибирск,Анжеро-Судженск,10500,350,https://city2city.ru/novosibirsk-anzhero-sudzhensk,B,D,МАЛО_ПОКАЗОВ,ДИНАМИЧЕСКИЕ_ОБЪЯВЛЕНИЯ
Оренбург,село Погодаево,10500,350,https://city2city.ru/orenburg-mapp-mashtakovo,A,D,МАЛО_ПОКАЗОВ,ДИНАМИЧЕСКИЕ_ОБЪЯВЛЕНИЯ
Пермь,Камбарка,10500,350,https://city2city.ru/perm-kambarka,A,D,МАЛО_ПОКАЗОВ,ДИНАМИЧЕСКИЕ_ОБЪЯВЛЕНИЯ
Пермь,рабочий посёлок Ныроб,10500,350,https://city2city.ru/perm-nyrob,A,D,МАЛО_ПОКАЗОВ,ДИНАМИЧЕСКИЕ_ОБЪЯВЛЕНИЯ
Петрозаводск,Пудож,10500,350,https://city2city.ru/petrozavodsk-pudozh,B,D,МАЛО_ПОКАЗОВ,ДИНАМИЧЕСКИЕ_ОБЪЯВЛЕНИЯ
Ростов-на-Дону,станица Боковская,10500,350,https://city2city.ru/rostov-bokovskaya,A,D,МАЛО_ПОКАЗОВ,ДИНАМИЧЕСКИЕ_ОБЪЯВЛЕНИЯ
Санкт-Петербург,деревня Койдула,10500,350,https://city2city.ru/sankt-peterburg-kpp-kunichnaya-gora,A,D,МАЛО_ПОКАЗОВ,ДИНАМИЧЕСКИЕ_ОБЪЯВЛЕНИЯ
Санкт-Петербург,рабочий посёлок Неболчи,10500,350,https://city2city.ru/sankt-peterburg-nebolchi,A,D,МАЛО_ПОКАЗОВ,ДИНАМИЧЕСКИЕ_ОБЪЯВЛЕНИЯ
Санкт-Петербург,Питкяранта,10500,350,https://city2city.ru/sankt-peterburg-pitkyaranta,A,D,МАЛО_ПОКАЗОВ,ДИНАМИЧЕСКИЕ_ОБЪЯВЛЕНИЯ
Саратов,Михайловка,10500,350,https://city2city.ru/saratov-mixajlovka,A,D,МАЛО_ПОКАЗОВ,ДИНАМИЧЕСКИЕ_ОБЪЯВЛЕНИЯ
Смоленск,Терехова,10500,350,https://city2city.ru/smolensk-app-burachki,A,D,МАЛО_ПОКАЗОВ,ДИНАМИЧЕСКИЕ_ОБЪЯВЛЕНИЯ
Тамбов,Павловск,10500,350,https://city2city.ru/tambov-pavlovsk,A,D,МАЛО_ПОКАЗОВ,ДИНАМИЧЕСКИЕ_ОБЪЯВЛЕНИЯ
Тюмень,Шумиха,10500,350,https://city2city.ru/tyumen-shumixa,A,D,МАЛО_ПОКАЗОВ,ДИНАМИЧЕСКИЕ_ОБЪЯВЛЕНИЯ
Владивосток,Лесозаводск,10500,350,https://city2city.ru/vladivostok-lesozavodsk,B,D,МАЛО_ПОКАЗОВ,ДИНАМИЧЕСКИЕ_ОБЪЯВЛЕНИЯ
Кострома,село Старое Сандово,10300,343,https://city2city.ru/kostroma-sandovo,A,D,МАЛО_ПОКАЗОВ,ДИНАМИЧЕСКИЕ_ОБЪЯВЛЕНИЯ
Астрахань,посёлок городского типа Верхний Баскунчак,10200,340,https://city2city.ru/astraxan-verxnij-baskunchak,A,D,МАЛО_ПОКАЗОВ,ДИНАМИЧЕСКИЕ_ОБЪЯВЛЕНИЯ
Енисейск,Красноярск,10200,340,https://city2city.ru/enisejsk-krasnojarsk,D,A,МАЛО_ПОКАЗОВ,ДИНАМИЧЕСКИЕ_ОБЪЯВЛЕНИЯ
Кострома,Долгопрудный,10200,340,https://city2city.ru/kostroma-dolgoprudnyj,A,D,МАЛО_ПОКАЗОВ,ДИНАМИЧЕСКИЕ_ОБЪЯВЛЕНИЯ
Саратов,рабочий посёлок Озинки,10200,340,https://city2city.ru/saratov-app-ozinki,A,D,МАЛО_ПОКАЗОВ,ДИНАМИЧЕСКИЕ_ОБЪЯВЛЕНИЯ
Тюмень,посёлок городского типа Пышма,10200,340,https://city2city.ru/tyumen-pyshma,A,D,МАЛО_ПОКАЗОВ,ДИНАМИЧЕСКИЕ_ОБЪЯВЛЕНИЯ
Уфа,посёлок городского типа Звёздный,10200,340,https://city2city.ru/ufa-zvyozdnyj,A,D,МАЛО_ПОКАЗОВ,ДИНАМИЧЕСКИЕ_ОБЪЯВЛЕНИЯ
Волгоград,Урюпинск,10200,340,https://city2city.ru/volgograd-uryupinsk,A,D,МАЛО_ПОКАЗОВ,ДИНАМИЧЕСКИЕ_ОБЪЯВЛЕНИЯ
Екатеринбург,Пласт,10000,330,https://city2city.ru/ekaterinburg-plast,A,D,МАЛО_ПОКАЗОВ,ДИНАМИЧЕСКИЕ_ОБЪЯВЛЕНИЯ
Элиста,Железноводск,10000,330,https://city2city.ru/elista-zheleznovodsk,A,D,МАЛО_ПОКАЗОВ,ДИНАМИЧЕСКИЕ_ОБЪЯВЛЕНИЯ
Казань,Агрыз,10000,340,https://city2city.ru/kazan-agryz,A,D,МАЛО_ПОКАЗОВ,ДИНАМИЧЕСКИЕ_ОБЪЯВЛЕНИЯ
Казань,Жигулёвск,10000,340,https://city2city.ru/kazan-zhigulyovsk,A,D,МАЛО_ПОКАЗОВ,ДИНАМИЧЕСКИЕ_ОБЪЯВЛЕНИЯ
Красноярск,Енисейск,10000,335,https://city2city.ru/krasnoyarsk-enisejsk,A,D,МАЛО_ПОКАЗОВ,ДИНАМИЧЕСКИЕ_ОБЪЯВЛЕНИЯ
Москва,посёлок городского типа Селижарово,10000,330,https://city2city.ru/moskva-selizharovo,A,D,МАЛО_ПОКАЗОВ,ДИНАМИЧЕСКИЕ_ОБЪЯВЛЕНИЯ
Новосибирск,Тайга,10000,340,https://city2city.ru/novosibirsk-tayga,B,D,МАЛО_ПОКАЗОВ,ДИНАМИЧЕСКИЕ_ОБЪЯВЛЕНИЯ
Омск,Барабинск,10000,340,https://city2city.ru/omsk-barabinsk,B,D,МАЛО_ПОКАЗОВ,ДИНАМИЧЕСКИЕ_ОБЪЯВЛЕНИЯ
Пермь,Первоуральск,10000,330,https://city2city.ru/perm-pervouralsk,A,D,МАЛО_ПОКАЗОВ,ДИНАМИЧЕСКИЕ_ОБЪЯВЛЕНИЯ
Ростов-на-Дону,Горячий Ключ,10000,340,https://city2city.ru/rostov-goryachij-klyuch,A,D,МАЛО_ПОКАЗОВ,ДИНАМИЧЕСКИЕ_ОБЪЯВЛЕНИЯ
Ростов-на-Дону,Котельниково,10000,340,https://city2city.ru/rostov-kotelnikovo,A,D,МАЛО_ПОКАЗОВ,ДИНАМИЧЕСКИЕ_ОБЪЯВЛЕНИЯ
Ростов-на-Дону,Майкоп,10000,330,https://city2city.ru/rostov-majkop,A,D,МАЛО_ПОКАЗОВ,ДИНАМИЧЕСКИЕ_ОБЪЯВЛЕНИЯ
Ростов-на-Дону,Майкоп,10000,330,https://city2city.ru/rostov-majkop-2,A,D,МАЛО_ПОКАЗОВ,ДИНАМИЧЕСКИЕ_ОБЪЯВЛЕНИЯ
Самара,Заинск,10000,340,https://city2city.ru/samara-zainsk,A,D,МАЛО_ПОКАЗОВ,ДИНАМИЧЕСКИЕ_ОБЪЯВЛЕНИЯ
Санкт-Петербург,посёлок городского типа Дедовичи,10000,330,https://city2city.ru/sankt-peterburg-dedovichi,A,D,МАЛО_ПОКАЗОВ,ДИНАМИЧЕСКИЕ_ОБЪЯВЛЕНИЯ
Саратов,Фролово,10000,330,https://city2city.ru/saratov-frolovo,A,D,МАЛО_ПОКАЗОВ,ДИНАМИЧЕСКИЕ_ОБЪЯВЛЕНИЯ
Смоленск,Клинцы,10000,340,https://city2city.ru/smolensk-klinczy,A,D,МАЛО_ПОКАЗОВ,ДИНАМИЧЕСКИЕ_ОБЪЯВЛЕНИЯ
Сыктывкар,Коряжма,10000,340,https://city2city.ru/syktyvkar-koryazhma,B,D,МАЛО_ПОКАЗОВ,ДИНАМИЧЕСКИЕ_ОБЪЯВЛЕНИЯ
Сыктывкар,посёлок городского типа Ярега,10000,330,https://city2city.ru/syktyvkar-yarega,B,D,МАЛО_ПОКАЗОВ,ДИНАМИЧЕСКИЕ_ОБЪЯВЛЕНИЯ
Томск,Белово,10000,330,https://city2city.ru/tomsk-belovo,B,D,МАЛО_ПОКАЗОВ,ДИНАМИЧЕСКИЕ_ОБЪЯВЛЕНИЯ
Тула,Шацк,10000,340,https://city2city.ru/tula-shaczk,A,D,МАЛО_ПОКАЗОВ,ДИНАМИЧЕСКИЕ_ОБЪЯВЛЕНИЯ
Тюмень,поселок Украинец,10000,330,https://city2city.ru/tyumen-app-zverinogolovskoe,A,D,МАЛО_ПОКАЗОВ,ДИНАМИЧЕСКИЕ_ОБЪЯВЛЕНИЯ
Тюмень,Верхняя Пышма,10000,340,https://city2city.ru/tyumen-verxnyaya-pyshma,A,D,МАЛО_ПОКАЗОВ,ДИНАМИЧЕСКИЕ_ОБЪЯВЛЕНИЯ
Уфа,Похвистнево,10000,340,https://city2city.ru/ufa-poxvistnevo,A,D,МАЛО_ПОКАЗОВ,ДИНАМИЧЕСКИЕ_ОБЪЯВЛЕНИЯ
Уфа,Заинск,10000,340,https://city2city.ru/ufa-zainsk,A,D,МАЛО_ПОКАЗОВ,ДИНАМИЧЕСКИЕ_ОБЪЯВЛЕНИЯ
Ульяновск,поселок городского типа Языково,10000,330,https://city2city.ru/ulyanovsk-yazykovo,A,D,МАЛО_ПОКАЗОВ,ДИНАМИЧЕСКИЕ_ОБЪЯВЛЕНИЯ
Владивосток,Арсеньев,10000,239,https://city2city.ru/vladivostok-arsenev,B,D,МАЛО_ПОКАЗОВ,ДИНАМИЧЕСКИЕ_ОБЪЯВЛЕНИЯ
Волгоград,посёлок Орловский,10000,335,https://city2city.ru/volgograd-posyolok-orlovskij,A,D,МАЛО_ПОКАЗОВ,ДИНАМИЧЕСКИЕ_ОБЪЯВЛЕНИЯ
Воронеж,рабочий поселок Южный,10000,330,https://city2city.ru/voronezh-yuzhnyj,A,D,МАЛО_ПОКАЗОВ,ДИНАМИЧЕСКИЕ_ОБЪЯВЛЕНИЯ
Воронеж,Железногорск,10000,330,https://city2city.ru/voronezh-zheleznogorsk,A,D,МАЛО_ПОКАЗОВ,ДИНАМИЧЕСКИЕ_ОБЪЯВЛЕНИЯ
Ярославль,поселок городского типа Ильинское-Хованское,10000,340,https://city2city.ru/yaroslavl-ilinskoe-xovanskoe,A,D,МАЛО_ПОКАЗОВ,ДИНАМИЧЕСКИЕ_ОБЪЯВЛЕНИЯ
Краснодар,Владивосток,292000,9730,https://city2city.ru/krasnodar-vladivostok,A,B,СРЕДНЯЯ,ТОЧНЫЕ_КЛЮЧИ
Краснодар,Благовещенск,252000,8400,https://city2city.ru/krasnodar-blagoveshhensk,A,B,СРЕДНЯЯ,ТОЧНЫЕ_КЛЮЧИ
Ярославль,Адлер,228000,7600,https://city2city.ru/yaroslavl-adler,A,B,СРЕДНЯЯ,ТОЧНЫЕ_КЛЮЧИ
Якутск,Екатеринбург,197500,6585,https://city2city.ru/yakutsk-ekaterinburg,B,A,СРЕДНЯЯ,ТОЧНЫЕ_КЛЮЧИ
Хабаровск,Челябинск,197000,6575,https://city2city.ru/xabarovsk-chelyabinsk-2,A,A,ВЫСОКАЯ,ТОЧНЫЕ_КЛЮЧИ
Уфа,Благовещенск,193400,6445,https://city2city.ru/ufa-blagoveshhensk,A,B,СРЕДНЯЯ,ТОЧНЫЕ_КЛЮЧИ
Хабаровск,Новосибирск,150500,5020,https://city2city.ru/xabarovsk-novosibirsk,A,B,СРЕДНЯЯ,ТОЧНЫЕ_КЛЮЧИ
Хабаровск,Новосибирск,150500,5020,https://city2city.ru/xabarovsk-novosibirsk-2,A,B,СРЕДНЯЯ,ТОЧНЫЕ_КЛЮЧИ
Владивосток,Красноярск,150000,5000,https://city2city.ru/vladivostok-krasnoyarsk,B,A,СРЕДНЯЯ,ТОЧНЫЕ_КЛЮЧИ
Красноярск,Владивосток,132000,4400,https://city2city.ru/krasnoyarsk-vladivostok,A,B,СРЕДНЯЯ,ТОЧНЫЕ_КЛЮЧИ
Красноярск,Хабаровск,127500,4245,https://city2city.ru/krasnoyarsk-xabarovsk,A,A,ВЫСОКАЯ,ТОЧНЫЕ_КЛЮЧИ
Краснодар,Кемерово,126500,4215,https://city2city.ru/krasnodar-kemerovo,A,B,СРЕДНЯЯ,ТОЧНЫЕ_КЛЮЧИ
Красноярск,Якутск,126000,4205,https://city2city.ru/krasnoyarsk-yakutsk,A,B,СРЕДНЯЯ,ТОЧНЫЕ_КЛЮЧИ
Якутск,Красноярск,126000,4205,https://city2city.ru/yakutsk-krasnoyarsk,B,A,СРЕДНЯЯ,ТОЧНЫЕ_КЛЮЧИ
Иркутск,Владивосток,120000,4000,https://city2city.ru/irkutsk-vladivostok,A,B,СРЕДНЯЯ,ТОЧНЫЕ_КЛЮЧИ
Ростов-на-Дону,Кемерово,120000,4000,https://city2city.ru/rostov-kemerovo,A,B,СРЕДНЯЯ,ТОЧНЫЕ_КЛЮЧИ
Красноярск,Благовещенск,111000,3700,https://city2city.ru/krasnoyarsk-blagoveshhensk,A,B,СРЕДНЯЯ,ТОЧНЫЕ_КЛЮЧИ
Иркутск,Екатеринбург,102000,3400,https://city2city.ru/irkutsk-ekaterinburg,A,A,ВЫСОКАЯ,ТОЧНЫЕ_КЛЮЧИ
Иркутск,Якутск,96000,3200,https://city2city.ru/irkutsk-jakutsk,A,B,СРЕДНЯЯ,ТОЧНЫЕ_КЛЮЧИ
Якутск,Иркутск,95000,3165,https://city2city.ru/yakutsk-irkutsk,B,A,СРЕДНЯЯ,ТОЧНЫЕ_КЛЮЧИ
Ростов-на-Дону,Мурманск,93000,3100,https://city2city.ru/rostov-murmansk,A,B,СРЕДНЯЯ,ТОЧНЫЕ_КЛЮЧИ
Тюмень,Сочи,91200,3040,https://city2city.ru/tyumen-sochi,A,B,СРЕДНЯЯ,ТОЧНЫЕ_КЛЮЧИ
Казань,Мурманск,84000,2800,https://city2city.ru/kazan-murmansk,A,B,СРЕДНЯЯ,ТОЧНЫЕ_КЛЮЧИ
Пермь,Адлер,82000,2730,https://city2city.ru/perm-adler,A,B,СРЕДНЯЯ,ТОЧНЫЕ_КЛЮЧИ
Санкт-Петербург,Курган,82000,2730,https://city2city.ru/sankt-peterburg-kurgan,A,B,СРЕДНЯЯ,ТОЧНЫЕ_КЛЮЧИ
Челябинск,Адлер,81500,2720,https://city2city.ru/chelyabinsk-adler,A,B,СРЕДНЯЯ,ТОЧНЫЕ_КЛЮЧИ
Екатеринбург,Сочи,81300,2710,https://city2city.ru/ekaterinburg-sochi,A,B,СРЕДНЯЯ,ТОЧНЫЕ_КЛЮЧИ
Тюмень,Санкт-Петербург,81200,2705,https://city2city.ru/tyumen-sankt-peterburg,A,A,ВЫСОКАЯ,ТОЧНЫЕ_КЛЮЧИ
Санкт-Петербург,Тюмень,80500,2690,https://city2city.ru/sankt-peterburg-tyumen,A,A,ВЫСОКАЯ,ТОЧНЫЕ_КЛЮЧИ
Москва,Ханты-Мансийск,80000,2670,https://city2city.ru/moskva-xanty-mansijsk,A,B,СРЕДНЯЯ,ТОЧНЫЕ_КЛЮЧИ
Пермь,Сочи,80000,2675,https://city2city.ru/perm-sochi,A,B,СРЕДНЯЯ,ТОЧНЫЕ_КЛЮЧИ
Челябинск,Сочи,79600,2655,https://city2city.ru/chelyabinsk-sochi,A,B,СРЕДНЯЯ,ТОЧНЫЕ_КЛЮЧИ
Иркутск,Благовещенск,79000,2640,https://city2city.ru/irkutsk-blagoveshhensk,A,B,СРЕДНЯЯ,ТОЧНЫЕ_КЛЮЧИ
Екатеринбург,Анапа,77500,2590,https://city2city.ru/ekaterinburg-anapa,A,B,СРЕДНЯЯ,ТОЧНЫЕ_КЛЮЧИ
Челябинск,Анапа,76500,2555,https://city2city.ru/chelyabinsk-anapa,A,B,СРЕДНЯЯ,ТОЧНЫЕ_КЛЮЧИ
Пермь,Анапа,76500,2555,https://city2city.ru/perm-anapa,A,B,СРЕДНЯЯ,ТОЧНЫЕ_КЛЮЧИ
Ростов-на-Дону,Тюмень,75500,2520,https://city2city.ru/rostov-tyumen,A,A,ВЫСОКАЯ,ТОЧНЫЕ_КЛЮЧИ
Курган,Ставрополь,74700,2490,https://city2city.ru/kurgan-stavropol,B,A,СРЕДНЯЯ,ТОЧНЫЕ_КЛЮЧИ
Ставрополь,Курган,74700,2490,https://city2city.ru/stavropol-kurgan,A,B,СРЕДНЯЯ,ТОЧНЫЕ_КЛЮЧИ
Иркутск,Омск,74100,2470,https://city2city.ru/irkutsk-omsk,A,B,СРЕДНЯЯ,ТОЧНЫЕ_КЛЮЧИ
Омск,Иркутск,74000,2475,https://city2city.ru/omsk-irkutsk,B,A,СРЕДНЯЯ,ТОЧНЫЕ_КЛЮЧИ
Тюмень,Астрахань,74000,2460,https://city2city.ru/tyumen-astraxan,A,A,ВЫСОКАЯ,ТОЧНЫЕ_КЛЮЧИ
Краснодар,Сыктывкар,73500,2450,https://city2city.ru/krasnodar-syktyvkar,A,B,СРЕДНЯЯ,ТОЧНЫЕ_КЛЮЧИ
Санкт-Петербург,Челябинск,73500,2450,https://city2city.ru/sankt-peterburg-chelyabinsk,A,A,ВЫСОКАЯ,ТОЧНЫЕ_КЛЮЧИ
Тюмень,Белгород,73500,2455,https://city2city.ru/tyumen-belgorod,A,A,ВЫСОКАЯ,ТОЧНЫЕ_КЛЮЧИ
Челябинск,Санкт-Петербург,73200,2440,https://city2city.ru/chelyabinsk-sankt-peterburg,A,A,ВЫСОКАЯ,ТОЧНЫЕ_КЛЮЧИ
Ростов-на-Дону,Курган,73000,2440,https://city2city.ru/rostov-kurgan,A,B,СРЕДНЯЯ,ТОЧНЫЕ_КЛЮЧИ
Краснодар,Екатеринбург,72300,2410,https://city2city.ru/krasnodar-ekaterinburg,A,A,ВЫСОКАЯ,ТОЧНЫЕ_КЛЮЧИ
Краснодар,Пермь,72000,2405,https://city2city.ru/krasnodar-perm,A,A,ВЫСОКАЯ,ТОЧНЫЕ_КЛЮЧИ
Тюмень,Брянск,72000,2395,https://city2city.ru/tyumen-bryansk,A,A,ВЫСОКАЯ,ТОЧНЫЕ_КЛЮЧИ
Екатеринбург,Санкт-Петербург,71100,2370,https://city2city.ru/ekaterinburg-sankt-peterburg,A,A,ВЫСОКАЯ,ТОЧНЫЕ_КЛЮЧИ
Краснодар,Челябинск,71000,2375,https://city2city.ru/krasnodar-chelyabinsk,A,A,ВЫСОКАЯ,ТОЧНЫЕ_КЛЮЧИ
Красноярск,Екатеринбург,71000,2365,https://city2city.ru/krasnoyarsk-ekaterinburg,A,A,ВЫСОКАЯ,ТОЧНЫЕ_КЛЮЧИ
Санкт-Петербург,Екатеринбург,70800,2360,https://city2city.ru/sankt-peterburg-ekaterinburg,A,A,ВЫСОКАЯ,ТОЧНЫЕ_КЛЮЧИ
Санкт-Петербург,Сочи,70200,2340,https://city2city.ru/sankt-peterburg-sochi,A,B,СРЕДНЯЯ,ТОЧНЫЕ_КЛЮЧИ
Ижевск,Сочи,70000,2340,https://city2city.ru/izhevsk-sochi,A,B,СРЕДНЯЯ,ТОЧНЫЕ_КЛЮЧИ
Киров,Сочи,70000,2330,https://city2city.ru/kirov-sochi,A,B,СРЕДНЯЯ,ТОЧНЫЕ_КЛЮЧИ
Красноярск,Челябинск,70000,2335,https://city2city.ru/krasnoyarsk-chelyabinsk,A,A,ВЫСОКАЯ,ТОЧНЫЕ_КЛЮЧИ
Якутск,Хабаровск,70000,2335,https://city2city.ru/yakutsk-xabarovsk,B,A,СРЕДНЯЯ,ТОЧНЫЕ_КЛЮЧИ
Хабаровск,Якутск,69900,2330,https://city2city.ru/habarovsk-jakutsk,A,B,СРЕДНЯЯ,ТОЧНЫЕ_КЛЮЧИ
Уфа,Адлер,69500,2320,https://city2city.ru/ufa-adler,A,B,СРЕДНЯЯ,ТОЧНЫЕ_КЛЮЧИ
Екатеринбург,Ставрополь,68500,2290,https://city2city.ru/ekaterinburg-stavropol,A,A,ВЫСОКАЯ,ТОЧНЫЕ_КЛЮЧИ
Уфа,Сочи,67500,2250,https://city2city.ru/ufa-sochi,A,B,СРЕДНЯЯ,ТОЧНЫЕ_КЛЮЧИ
Санкт-Петербург,Анапа,66500,2220,https://city2city.ru/sankt-peterburg-anapa,A,B,СРЕДНЯЯ,ТОЧНЫЕ_КЛЮЧИ
Ставрополь,Челябинск,66500,2210,https://city2city.ru/stavropol-chelyabinsk,A,A,ВЫСОКАЯ,ТОЧНЫЕ_КЛЮЧИ
Ставрополь,Пермь,66500,2210,https://city2city.ru/stavropol-perm,A,A,ВЫСОКАЯ,ТОЧНЫЕ_КЛЮЧИ
Екатеринбург,Ростов-на-Дону,66000,2200,https://city2city.ru/ekaterinburg-rostov-na-don,A,A,ВЫСОКАЯ,ТОЧНЫЕ_КЛЮЧИ
Киров,Анапа,66000,2195,https://city2city.ru/kirov-anapa,A,B,СРЕДНЯЯ,ТОЧНЫЕ_КЛЮЧИ
Оренбург,Санкт-Петербург,66000,2200,https://city2city.ru/orenburg-sankt-peterburg,A,A,ВЫСОКАЯ,ТОЧНЫЕ_КЛЮЧИ
Пермь,Санкт-Петербург,66000,2205,https://city2city.ru/perm-sankt-peterburg,A,A,ВЫСОКАЯ,ТОЧНЫЕ_КЛЮЧИ
Санкт-Петербург,Пермь,66000,2205,https://city2city.ru/sankt-peterburg-perm,A,A,ВЫСОКАЯ,ТОЧНЫЕ_КЛЮЧИ
Ростов-на-Дону,Екатеринбург,65700,2190,https://city2city.ru/rostov-ekaterinburg,A,A,ВЫСОКАЯ,ТОЧНЫЕ_КЛЮЧИ
Оренбург,Сочи,65600,2185,https://city2city.ru/orenburg-sochi,A,B,СРЕДНЯЯ,ТОЧНЫЕ_КЛЮЧИ
Белгород,Екатеринбург,65000,2165,https://city2city.ru/belgorod-ekaterinburg,A,A,ВЫСОКАЯ,ТОЧНЫЕ_КЛЮЧИ
Уфа,Анапа,65000,2160,https://city2city.ru/ufa-anapa,A,B,СРЕДНЯЯ,ТОЧНЫЕ_КЛЮЧИ
Ростов-на-Дону,Челябинск,64800,2160,https://city2city.ru/rostov-chelyabinsk,A,A,ВЫСОКАЯ,ТОЧНЫЕ_КЛЮЧИ
Челябинск,Ростов-на-Дону,64000,2130,https://city2city.ru/chelyabinsk-rostov-na-donu,A,A,ВЫСОКАЯ,ТОЧНЫЕ_КЛЮЧИ
Ростов-на-Дону,Пермь,64000,2130,https://city2city.ru/rostov-perm,A,A,ВЫСОКАЯ,ТОЧНЫЕ_КЛЮЧИ
Тюмень,Воронеж,64000,2135,https://city2city.ru/tyumen-voronezh,A,A,ВЫСОКАЯ,ТОЧНЫЕ_КЛЮЧИ
Ставрополь,Санкт-Петербург,63800,2125,https://city2city.ru/stavropol-sankt-peterburg,A,A,ВЫСОКАЯ,ТОЧНЫЕ_КЛЮЧИ
Астрахань,Санкт-Петербург,63200,2105,https://city2city.ru/astraxan-sankt-peterburg,A,A,ВЫСОКАЯ,ТОЧНЫЕ_КЛЮЧИ
Орёл,Челябинск,62500,2090,https://city2city.ru/oryol-chelyabinsk,A,A,ВЫСОКАЯ,ТОЧНЫЕ_КЛЮЧИ
Краснодар,Ижевск,62000,2065,https://city2city.ru/krasnodar-izhevsk,A,A,ВЫСОКАЯ,ТОЧНЫЕ_КЛЮЧИ
Ростов-на-Дону,Санкт-Петербург,61800,2060,https://city2city.ru/krasnodar-sankt-peterburg,A,A,ВЫСОКАЯ,ТОЧНЫЕ_КЛЮЧИ
Курган,Москва,61500,2050,https://city2city.ru/kurgan-moskva,B,A,СРЕДНЯЯ,ТОЧНЫЕ_КЛЮЧИ
Красноярск,Тюмень,61200,2040,https://city2city.ru/krasnoyarsk-tyumen,A,A,ВЫСОКАЯ,ТОЧНЫЕ_КЛЮЧИ
Уфа,Санкт-Петербург,61200,2040,https://city2city.ru/ufa-sankt-peterburg,A,A,ВЫСОКАЯ,ТОЧНЫЕ_КЛЮЧИ
Санкт-Петербург,Уфа,60800,2025,https://city2city.ru/sankt-peterburg-ufa,A,A,ВЫСОКАЯ,ТОЧНЫЕ_КЛЮЧИ
Белгород,Челябинск,60500,2010,https://city2city.ru/belgorod-chelyabinsk,A,A,ВЫСОКАЯ,ТОЧНЫЕ_КЛЮЧИ
Тюмень,Москва,60300,2010,https://city2city.ru/tyumen-moskva,A,A,ВЫСОКАЯ,ТОЧНЫЕ_КЛЮЧИ
Москва,Тюмень,59800,1995,https://city2city.ru/moskva-tyumen,A,A,ВЫСОКАЯ,ТОЧНЫЕ_КЛЮЧИ
Челябинск,Курск,59700,1990,https://city2city.ru/chelyabinsk-kursk,A,A,ВЫСОКАЯ,ТОЧНЫЕ_КЛЮЧИ
Сочи,Казань,59500,1985,https://city2city.ru/sochi-kazan,B,A,СРЕДНЯЯ,ТОЧНЫЕ_КЛЮЧИ
Казань,Сочи,59400,1980,https://city2city.ru/kazan-sochi,A,B,СРЕДНЯЯ,ТОЧНЫЕ_КЛЮЧИ
Курск,Челябинск,59400,1980,https://city2city.ru/kursk-chelyabinsk,A,A,ВЫСОКАЯ,ТОЧНЫЕ_КЛЮЧИ
Элиста,Санкт-Петербург,59200,1975,https://city2city.ru/elista-sankt-peterburg,A,A,ВЫСОКАЯ,ТОЧНЫЕ_КЛЮЧИ
Краснодар,Уфа,59100,1970,https://city2city.ru/krasnodar-ufa,A,A,ВЫСОКАЯ,ТОЧНЫЕ_КЛЮЧИ
Кострома,Сочи,59000,1960,https://city2city.ru/kostroma-sochi,A,B,СРЕДНЯЯ,ТОЧНЫЕ_КЛЮЧИ
Иваново,Адлер,58000,1930,https://city2city.ru/ivanovo-adler,A,B,СРЕДНЯЯ,ТОЧНЫЕ_КЛЮЧИ
Москва,Мурманск,57400,1915,https://city2city.ru/moskva-murmansk,A,B,СРЕДНЯЯ,ТОЧНЫЕ_КЛЮЧИ
Иваново,Сочи,57000,1905,https://city2city.ru/ivanovo-sochi,A,B,СРЕДНЯЯ,ТОЧНЫЕ_КЛЮЧИ
Краснодар,Оренбург,56700,1890,https://city2city.ru/krasnodar-orenburg,A,A,ВЫСОКАЯ,ТОЧНЫЕ_КЛЮЧИ
Ростов-на-Дону,Псков,56500,1880,https://city2city.ru/rostov-pskov,A,A,ВЫСОКАЯ,ТОЧНЫЕ_КЛЮЧИ
Санкт-Петербург,Ижевск,56500,1880,https://city2city.ru/sankt-peterburg-izhevsk,A,A,ВЫСОКАЯ,ТОЧНЫЕ_КЛЮЧИ
Смоленск,Сочи,56500,1885,https://city2city.ru/smolensk-sochi,A,B,СРЕДНЯЯ,ТОЧНЫЕ_КЛЮЧИ
Ярославль,Сочи,56500,1890,https://city2city.ru/yaroslavl-sochi,A,B,СРЕДНЯЯ,ТОЧНЫЕ_КЛЮЧИ
Ижевск,Санкт-Петербург,56000,1875,https://city2city.ru/izhevsk-sankt-peterburg,A,A,ВЫСОКАЯ,ТОЧНЫЕ_КЛЮЧИ
Нижний Новгород,Адлер,56000,1860,https://city2city.ru/nizhnij-novgorod-adler,A,B,СРЕДНЯЯ,ТОЧНЫЕ_КЛЮЧИ
Екатеринбург,Тула,55500,1850,https://city2city.ru/ekaterinburg-tula,A,A,ВЫСОКАЯ,ТОЧНЫЕ_КЛЮЧИ
Екатеринбург,Тверь,55500,1850,https://city2city.ru/ekaterinburg-tver,A,A,ВЫСОКАЯ,ТОЧНЫЕ_КЛЮЧИ
Иркутск,Новосибирск,55000,1835,https://city2city.ru/irkutsk-novosibirsk,A,B,СРЕДНЯЯ,ТОЧНЫЕ_КЛЮЧИ
Кострома,Анапа,55000,1840,https://city2city.ru/kostroma-anapa,A,B,СРЕДНЯЯ,ТОЧНЫЕ_КЛЮЧИ
Новосибирск,Иркутск,55000,1835,https://city2city.ru/novosibirsk-irkutsk,B,A,СРЕДНЯЯ,ТОЧНЫЕ_КЛЮЧИ
Самара,Адлер,55000,1830,https://city2city.ru/samara-adler,A,B,СРЕДНЯЯ,ТОЧНЫЕ_КЛЮЧИ
Тула,Екатеринбург,55000,1830,https://city2city.ru/tula-ekaterinburg,A,A,ВЫСОКАЯ,ТОЧНЫЕ_КЛЮЧИ
Ульяновск,Сочи,55000,1825,https://city2city.ru/ulyanovsk-sochi,A,B,СРЕДНЯЯ,ТОЧНЫЕ_КЛЮЧИ
Ростов-на-Дону,Ижевск,54900,1830,https://city2city.ru/rostov-izhevsk,A,A,ВЫСОКАЯ,ТОЧНЫЕ_КЛЮЧИ
Нижний Новгород,Сочи,54500,1820,https://city2city.ru/nizhnij-novgorod-sochi,A,B,СРЕДНЯЯ,ТОЧНЫЕ_КЛЮЧИ
Ставрополь,Уфа,54500,1815,https://city2city.ru/stavropol-ufa,A,A,ВЫСОКАЯ,ТОЧНЫЕ_КЛЮЧИ
Уфа,Ставрополь,54500,1815,https://city2city.ru/ufa-stavropol,A,A,ВЫСОКАЯ,ТОЧНЫЕ_КЛЮЧИ
Екатеринбург,Воронеж,54200,1805,https://city2city.ru/ekaterinburg-voronezh,A,A,ВЫСОКАЯ,ТОЧНЫЕ_КЛЮЧИ
Краснодар,Вологда,54000,1805,https://city2city.ru/krasnodar-vologda,A,B,СРЕДНЯЯ,ТОЧНЫЕ_КЛЮЧИ
Ростов-на-Дону,Санкт-Петербург,54000,1800,https://city2city.ru/rostov-sankt-peterburg,A,A,ВЫСОКАЯ,ТОЧНЫЕ_КЛЮЧИ
Самара,Сочи,54000,1795,https://city2city.ru/samara-sochi,A,B,СРЕДНЯЯ,ТОЧНЫЕ_КЛЮЧИ
Ростов-на-Дону,Киров,53700,1790,https://city2city.ru/rostov-kirov-2,A,A,ВЫСОКАЯ,ТОЧНЫЕ_КЛЮЧИ
Самара,Санкт-Петербург,53700,1790,https://city2city.ru/samara-sankt-peterburg,A,A,ВЫСОКАЯ,ТОЧНЫЕ_КЛЮЧИ
Санкт-Петербург,Ростов-на-Дону,53700,1790,https://city2city.ru/sankt-peterburg-rostov-na-don,A,A,ВЫСОКАЯ,ТОЧНЫЕ_КЛЮЧИ
Санкт-Петербург,Самара,53700,1790,https://city2city.ru/sankt-peterburg-samara,A,A,ВЫСОКАЯ,ТОЧНЫЕ_КЛЮЧИ
Воронеж,Екатеринбург,53700,1790,https://city2city.ru/voronezh-ekaterinburg,A,A,ВЫСОКАЯ,ТОЧНЫЕ_КЛЮЧИ
Иваново,Анапа,53600,1785,https://city2city.ru/ivanovo-anapa,A,B,СРЕДНЯЯ,ТОЧНЫЕ_КЛЮЧИ
Липецк,Екатеринбург,53500,1780,https://city2city.ru/lipeczk-ekaterinburg,A,A,ВЫСОКАЯ,ТОЧНЫЕ_КЛЮЧИ
Уфа,Ростов-на-Дону,53100,1770,https://city2city.ru/ufa-rostov-na-donu,A,A,ВЫСОКАЯ,ТОЧНЫЕ_КЛЮЧИ
Ярославль,Анапа,53000,1770,https://city2city.ru/yaroslavl-anapa,A,B,СРЕДНЯЯ,ТОЧНЫЕ_КЛЮЧИ
Челябинск,Москва,52500,1745,https://city2city.ru/chelyabinsk-moskva,A,A,ВЫСОКАЯ,ТОЧНЫЕ_КЛЮЧИ
Москва,Челябинск,52500,1755,https://city2city.ru/moskva-chelyabinsk,A,A,ВЫСОКАЯ,ТОЧНЫЕ_КЛЮЧИ
Ростов-на-Дону,Уфа,52500,1750,https://city2city.ru/rostov-ufa,A,A,ВЫСОКАЯ,ТОЧНЫЕ_КЛЮЧИ
Челябинск,Воронеж,52200,1740,https://city2city.ru/chelyabinsk-voronezh,A,A,ВЫСОКАЯ,ТОЧНЫЕ_КЛЮЧИ
Воронеж,Челябинск,52200,1740,https://city2city.ru/voronezh-chelyabinsk,A,A,ВЫСОКАЯ,ТОЧНЫЕ_КЛЮЧИ
Екатеринбург,Волгоград,52000,1735,https://city2city.ru/ekaterinburg-volgograd,A,A,ВЫСОКАЯ,ТОЧНЫЕ_КЛЮЧИ
Пермь,Воронеж,52000,1725,https://city2city.ru/perm-voronezh,A,A,ВЫСОКАЯ,ТОЧНЫЕ_КЛЮЧИ
Краснодар,Казань,51200,1705,https://city2city.ru/krasnodar-kazan,A,A,ВЫСОКАЯ,ТОЧНЫЕ_КЛЮЧИ
Волгоград,Екатеринбург,51000,1695,https://city2city.ru/volgograd-ekaterinburg,A,A,ВЫСОКАЯ,ТОЧНЫЕ_КЛЮЧИ
Астрахань,Уфа,50500,1680,https://city2city.ru/astraxan-ufa,A,A,ВЫСОКАЯ,ТОЧНЫЕ_КЛЮЧИ
Челябинск,Рязань,50500,1690,https://city2city.ru/chelyabinsk-ryazan,A,A,ВЫСОКАЯ,ТОЧНЫЕ_КЛЮЧИ
Волгоград,Санкт-Петербург,50400,1680,https://city2city.ru/volgograd-sankt-peterburg,A,A,ВЫСОКАЯ,ТОЧНЫЕ_КЛЮЧИ
Екатеринбург,Москва,50200,1675,https://city2city.ru/ekaterinburg-moskva,A,A,ВЫСОКАЯ,ТОЧНЫЕ_КЛЮЧИ
Оренбург,Ростов-на-Дону,50100,1670,https://city2city.ru/orenburg-rostov-na-donu,A,A,ВЫСОКАЯ,ТОЧНЫЕ_КЛЮЧИ
Ростов-на-Дону,Оренбург,50100,1670,https://city2city.ru/rostov-orenburg,A,A,ВЫСОКАЯ,ТОЧНЫЕ_КЛЮЧИ
Белгород,Петрозаводск,50000,1660,https://city2city.ru/belgorod-petrozavodsk,A,B,СРЕДНЯЯ,ТОЧНЫЕ_КЛЮЧИ
Оренбург,Тула,50000,1675,https://city2city.ru/orenburg-tula,A,A,ВЫСОКАЯ,ТОЧНЫЕ_КЛЮЧИ
Пермь,Волгоград,50000,1675,https://city2city.ru/perm-volgograd,A,A,ВЫСОКАЯ,ТОЧНЫЕ_КЛЮЧИ
Саратов,Тюмень,50000,1660,https://city2city.ru/saratov-tyumen,A,A,ВЫСОКАЯ,ТОЧНЫЕ_КЛЮЧИ
Тула,Оренбург,50000,1675,https://city2city.ru/tula-orenburg,A,A,ВЫСОКАЯ,ТОЧНЫЕ_КЛЮЧИ
Владимир,Анапа,50000,1670,https://city2city.ru/vladimir-anapa,A,B,СРЕДНЯЯ,ТОЧНЫЕ_КЛЮЧИ
Москва,Екатеринбург,49800,1660,https://city2city.ru/moskva-ekaterinburg,A,A,ВЫСОКАЯ,ТОЧНЫЕ_КЛЮЧИ
Ростов-на-Дону,Великий Новгород,49500,1650,https://city2city.ru/rostov-velikij-novgorod,A,B,СРЕДНЯЯ,ТОЧНЫЕ_КЛЮЧИ
Волгоград,Пермь,49500,1655,https://city2city.ru/volgograd-perm,A,A,ВЫСОКАЯ,ТОЧНЫЕ_КЛЮЧИ
Оренбург,Астрахань,49000,1630,https://city2city.ru/orenburg-astraxan,A,A,ВЫСОКАЯ,ТОЧНЫЕ_КЛЮЧИ
Томск,Иркутск,49000,1640,https://city2city.ru/tomsk-irkutsk,B,A,СРЕДНЯЯ,ТОЧНЫЕ_КЛЮЧИ
Тюмень,Пенза,49000,1625,https://city2city.ru/tyumen-penza,A,A,ВЫСОКАЯ,ТОЧНЫЕ_КЛЮЧИ
Астрахань,Оренбург,48500,1620,https://city2city.ru/astraxan-orenburg,A,A,ВЫСОКАЯ,ТОЧНЫЕ_КЛЮЧИ
Белгород,Уфа,48000,1600,https://city2city.ru/belgorod-ufa,A,A,ВЫСОКАЯ,ТОЧНЫЕ_КЛЮЧИ
Брянск,Адлер,48000,1600,https://city2city.ru/bryansk-adler,A,B,СРЕДНЯЯ,ТОЧНЫЕ_КЛЮЧИ
Рязань,Екатеринбург,48000,1605,https://city2city.ru/ryazan-ekaterinburg,A,A,ВЫСОКАЯ,ТОЧНЫЕ_КЛЮЧИ
Уфа,Ханты-Мансийск,48000,1600,https://city2city.ru/ufa-xanty-mansijsk,A,B,СРЕДНЯЯ,ТОЧНЫЕ_КЛЮЧИ
Ярославль,Мурманск,48000,1595,https://city2city.ru/yaroslavl-murmansk,A,B,СРЕДНЯЯ,ТОЧНЫЕ_КЛЮЧИ
Кемерово,Иркутск,47600,1585,https://city2city.ru/kemerovo-irkutsk,B,A,СРЕДНЯЯ,ТОЧНЫЕ_КЛЮЧИ
Брянск,Сочи,47500,1580,https://city2city.ru/bryansk-sochi,A,B,СРЕДНЯЯ,ТОЧНЫЕ_КЛЮЧИ
Краснодар,Нижний Новгород,47500,1580,https://city2city.ru/krasnodar-nizhnij-novgorod,A,A,ВЫСОКАЯ,ТОЧНЫЕ_КЛЮЧИ
Оренбург,Белгород,47500,1585,https://city2city.ru/orenburg-belgorod,A,A,ВЫСОКАЯ,ТОЧНЫЕ_КЛЮЧИ
Ставрополь,Казань,47500,1590,https://city2city.ru/stavropol-kazan,A,A,ВЫСОКАЯ,ТОЧНЫЕ_КЛЮЧИ
Уфа,Курск,47500,1585,https://city2city.ru/ufa-kursk,A,A,ВЫСОКАЯ,ТОЧНЫЕ_КЛЮЧИ
Иркутск,Кемерово,47400,1580,https://city2city.ru/irkutsk-kemerovo,A,B,СРЕДНЯЯ,ТОЧНЫЕ_КЛЮЧИ
Курск,Уфа,47000,1575,https://city2city.ru/kursk-ufa,A,A,ВЫСОКАЯ,ТОЧНЫЕ_КЛЮЧИ
Санкт-Петербург,Саратов,47000,1565,https://city2city.ru/sankt-peterburg-saratov,A,A,ВЫСОКАЯ,ТОЧНЫЕ_КЛЮЧИ
Саратов,Санкт-Петербург,47000,1560,https://city2city.ru/saratov-sankt-peterburg,A,A,ВЫСОКАЯ,ТОЧНЫЕ_КЛЮЧИ
Калуга,Сочи,46500,1545,https://city2city.ru/kaluga-sochi,A,B,СРЕДНЯЯ,ТОЧНЫЕ_КЛЮЧИ
Киров,Санкт-Петербург,46500,1545,https://city2city.ru/kirov-sankt-peterburg,A,A,ВЫСОКАЯ,ТОЧНЫЕ_КЛЮЧИ
Курск,Оренбург,46500,1550,https://city2city.ru/kursk-orenburg,A,A,ВЫСОКАЯ,ТОЧНЫЕ_КЛЮЧИ
Смоленск,52А-3,46500,1550,https://city2city.ru/smolensk-granicza-kazaxstan,A,B,СРЕДНЯЯ,ТОЧНЫЕ_КЛЮЧИ
Ханты-Мансийск,Уфа,46500,1550,https://city2city.ru/xanty-mansijsk-ufa,B,A,СРЕДНЯЯ,ТОЧНЫЕ_КЛЮЧИ
Краснодар,Тольятти,46000,1540,https://city2city.ru/krasnodar-tolyatti,A,B,СРЕДНЯЯ,ТОЧНЫЕ_КЛЮЧИ
Краснодар,Тверь,46000,1540,https://city2city.ru/krasnodar-tver,A,A,ВЫСОКАЯ,ТОЧНЫЕ_КЛЮЧИ
Ставрополь,Нижний Новгород,46000,1540,https://city2city.ru/stavropol-nizhnij-novgorod,A,A,ВЫСОКАЯ,ТОЧНЫЕ_КЛЮЧИ
Казань,Ростов-на-Дону,45900,1530,https://city2city.ru/kazan-rostov-na-donu,A,A,ВЫСОКАЯ,ТОЧНЫЕ_КЛЮЧИ
Петрозаводск,Курск,45900,1530,https://city2city.ru/petrozavodsk-kursk,B,A,СРЕДНЯЯ,ТОЧНЫЕ_КЛЮЧИ
Петрозаводск,Воронеж,45800,1525,https://city2city.ru/petrozavodsk-voronezh,B,A,СРЕДНЯЯ,ТОЧНЫЕ_КЛЮЧИ
Воронеж,Петрозаводск,45800,1525,https://city2city.ru/voronezh-petrozavodsk,A,B,СРЕДНЯЯ,ТОЧНЫЕ_КЛЮЧИ
Курск,Петрозаводск,45600,1520,https://city2city.ru/kursk-petrozavodsk,A,B,СРЕДНЯЯ,ТОЧНЫЕ_КЛЮЧИ
Иваново,Екатеринбург,45500,1515,https://city2city.ru/ivanovo-ekaterinburg,A,A,ВЫСОКАЯ,ТОЧНЫЕ_КЛЮЧИ
Краснодар,Ульяновск,45500,1515,https://city2city.ru/krasnodar-ulyanovsk,A,A,ВЫСОКАЯ,ТОЧНЫЕ_КЛЮЧИ
Москва,Пермь,45500,1510,https://city2city.ru/moskva-perm,A,A,ВЫСОКАЯ,ТОЧНЫЕ_КЛЮЧИ
Ульяновск,Санкт-Петербург,45500,1520,https://city2city.ru/ulyanovsk-sankt-peterburg,A,A,ВЫСОКАЯ,ТОЧНЫЕ_КЛЮЧИ
Пенза,Курган,45400,1515,https://city2city.ru/penza-kurgan,A,B,СРЕДНЯЯ,ТОЧНЫЕ_КЛЮЧИ
Казань,Санкт-Петербург,45300,1510,https://city2city.ru/kazan-sankt-peterburg,A,A,ВЫСОКАЯ,ТОЧНЫЕ_КЛЮЧИ
Санкт-Петербург,Казань,45300,1510,https://city2city.ru/sankt-peterburg-kazan,A,A,ВЫСОКАЯ,ТОЧНЫЕ_КЛЮЧИ
Курган,Пенза,45200,1505,https://city2city.ru/kurgan-penza,B,A,СРЕДНЯЯ,ТОЧНЫЕ_КЛЮЧИ
Оренбург,Москва,45200,1505,https://city2city.ru/orenburg-moskva,A,A,ВЫСОКАЯ,ТОЧНЫЕ_КЛЮЧИ
Пермь,Тамбов,45200,1505,https://city2city.ru/perm-tambov,A,A,ВЫСОКАЯ,ТОЧНЫЕ_КЛЮЧИ
Тамбов,Пермь,45200,1505,https://city2city.ru/tambov-perm,A,A,ВЫСОКАЯ,ТОЧНЫЕ_КЛЮЧИ
Краснодар,Самара,45000,1500,https://city2city.ru/krasnodar-samara,A,A,ВЫСОКАЯ,ТОЧНЫЕ_КЛЮЧИ
Москва,Оренбург,45000,1505,https://city2city.ru/moskva-orenburg,A,A,ВЫСОКАЯ,ТОЧНЫЕ_КЛЮЧИ
Ростов-на-Дону,Казань,45000,1500,https://city2city.ru/rostov-kazan,A,A,ВЫСОКАЯ,ТОЧНЫЕ_КЛЮЧИ
Рязань,Сочи,45000,1500,https://city2city.ru/ryazan-sochi,A,B,СРЕДНЯЯ,ТОЧНЫЕ_КЛЮЧИ
Санкт-Петербург,Сыктывкар,45000,1505,https://city2city.ru/sankt-peterburg-syktyvkar,A,B,СРЕДНЯЯ,ТОЧНЫЕ_КЛЮЧИ
Тула,Уфа,45000,1495,https://city2city.ru/tula-ufa,A,A,ВЫСОКАЯ,ТОЧНЫЕ_КЛЮЧИ
Уфа,Тверь,45000,1505,https://city2city.ru/ufa-tver,A,A,ВЫСОКАЯ,ТОЧНЫЕ_КЛЮЧИ
Йошкар-Ола,Ростов-на-Дону,44500,1490,https://city2city.ru/joshkar-ola-rostov-na-donu,B,A,СРЕДНЯЯ,ТОЧНЫЕ_КЛЮЧИ
Ростов-на-Дону,Йошкар-Ола,44500,1480,https://city2city.ru/rostov-joshkar-ola,A,B,СРЕДНЯЯ,ТОЧНЫЕ_КЛЮЧИ
Смоленск,Самара,44500,1490,https://city2city.ru/smolensk-samara,A,A,ВЫСОКАЯ,ТОЧНЫЕ_КЛЮЧИ
Ярославль,52А-3,44100,1470,https://city2city.ru/yaroslavl-granicza-kazaxstan,A,B,СРЕДНЯЯ,ТОЧНЫЕ_КЛЮЧИ
Пенза,Сочи,44000,1465,https://city2city.ru/penza-sochi,A,B,СРЕДНЯЯ,ТОЧНЫЕ_КЛЮЧИ
Пермь,Москва,44000,1465,https://city2city.ru/perm-moskva,A,A,ВЫСОКАЯ,ТОЧНЫЕ_КЛЮЧИ
Ростов-на-Дону,Кострома,44000,1470,https://city2city.ru/rostov-kostroma,A,A,ВЫСОКАЯ,ТОЧНЫЕ_КЛЮЧИ
Владимир,Екатеринбург,44000,1470,https://city2city.ru/vladimir-ekaterinburg,A,A,ВЫСОКАЯ,ТОЧНЫЕ_КЛЮЧИ
Астрахань,Казань,43800,1460,https://city2city.ru/astraxan-kazan,A,A,ВЫСОКАЯ,ТОЧНЫЕ_КЛЮЧИ
Тула,Сочи,43500,1450,https://city2city.ru/tula-sochi,A,B,СРЕДНЯЯ,ТОЧНЫЕ_КЛЮЧИ
Саратов,Адлер,43000,1430,https://city2city.ru/saratov-adler,A,B,СРЕДНЯЯ,ТОЧНЫЕ_КЛЮЧИ
Астрахань,Нижний Новгород,42500,1410,https://city2city.ru/astraxan-nizhnij-novgorod,A,A,ВЫСОКАЯ,ТОЧНЫЕ_КЛЮЧИ
Красноярск,Омск,42500,1415,https://city2city.ru/krasnoyarsk-omsk,A,B,СРЕДНЯЯ,ТОЧНЫЕ_КЛЮЧИ
Нижний Новгород,Астрахань,42500,1420,https://city2city.ru/nizhnij-novgorod-astraxan,A,A,ВЫСОКАЯ,ТОЧНЫЕ_КЛЮЧИ
Омск,Красноярск,42500,1420,https://city2city.ru/omsk-krasnoyarsk,B,A,СРЕДНЯЯ,ТОЧНЫЕ_КЛЮЧИ
Ставрополь,Москва,42500,1410,https://city2city.ru/stavropol-moskva,A,A,ВЫСОКАЯ,ТОЧНЫЕ_КЛЮЧИ
Кострома,52А-3,42000,1400,https://city2city.ru/kostroma-granicza-kazaxstan,A,B,СРЕДНЯЯ,ТОЧНЫЕ_КЛЮЧИ
Тверь,52А-3,42000,1400,https://city2city.ru/tver-granicza-kazaxstan,A,B,СРЕДНЯЯ,ТОЧНЫЕ_КЛЮЧИ
Астрахань,Москва,41800,1395,https://city2city.ru/astraxan-moskva,A,A,ВЫСОКАЯ,ТОЧНЫЕ_КЛЮЧИ
Чебоксары,Ростов-на-Дону,41700,1390,https://city2city.ru/cheboksary-rostov-na-donu,A,A,ВЫСОКАЯ,ТОЧНЫЕ_КЛЮЧИ
Ростов-на-Дону,Чебоксары,41500,1390,https://city2city.ru/rostov-cheboksary,A,A,ВЫСОКАЯ,ТОЧНЫЕ_КЛЮЧИ
Рязань,Анапа,41400,1380,https://city2city.ru/ryazan-anapa,A,B,СРЕДНЯЯ,ТОЧНЫЕ_КЛЮЧИ
Белгород,Санкт-Петербург,41000,1365,https://city2city.ru/belgorod-sankt-peterburg,A,A,ВЫСОКАЯ,ТОЧНЫЕ_КЛЮЧИ
Брянск,Киров,41000,1370,https://city2city.ru/bryansk-kirov-kaluzhskaya-oblast,A,A,ВЫСОКАЯ,ТОЧНЫЕ_КЛЮЧИ
Брянск,Ставрополь,41000,1365,https://city2city.ru/bryansk-stavropol,A,A,ВЫСОКАЯ,ТОЧНЫЕ_КЛЮЧИ
Иваново,Ростов-на-Дону,41000,1360,https://city2city.ru/ivanovo-rostov-na-donu,A,A,ВЫСОКАЯ,ТОЧНЫЕ_КЛЮЧИ
Рязань,Пермь,41000,1375,https://city2city.ru/ryazan-perm,A,A,ВЫСОКАЯ,ТОЧНЫЕ_КЛЮЧИ
Самара,Ставрополь,41000,1365,https://city2city.ru/samara-stavropol,A,A,ВЫСОКАЯ,ТОЧНЫЕ_КЛЮЧИ
Санкт-Петербург,Белгород,41000,1375,https://city2city.ru/sankt-peterburg-belgorod,A,A,ВЫСОКАЯ,ТОЧНЫЕ_КЛЮЧИ
Санкт-Петербург,Чебоксары,41000,1360,https://city2city.ru/sankt-peterburg-cheboksary,A,A,ВЫСОКАЯ,ТОЧНЫЕ_КЛЮЧИ
Ставрополь,Брянск,40800,1360,https://city2city.ru/stavropol-bryansk,A,A,ВЫСОКАЯ,ТОЧНЫЕ_КЛЮЧИ
Челябинск,Нижний Новгород,40500,1350,https://city2city.ru/chelyabinsk-nizhnij-novgorod,A,A,ВЫСОКАЯ,ТОЧНЫЕ_КЛЮЧИ
Краснодар,Москва,40500,1350,https://city2city.ru/krasnodar-moskva,A,A,ВЫСОКАЯ,ТОЧНЫЕ_КЛЮЧИ
Краснодар,Саранск,40500,1350,https://city2city.ru/krasnodar-saransk,A,A,ВЫСОКАЯ,ТОЧНЫЕ_КЛЮЧИ
Нижний Новгород,Челябинск,40500,1350,https://city2city.ru/nizhnij-novgorod-chelyabinsk,A,A,ВЫСОКАЯ,ТОЧНЫЕ_КЛЮЧИ
Пенза,Санкт-Петербург,40500,1350,https://city2city.ru/penza-sankt-peterburg,A,A,ВЫСОКАЯ,ТОЧНЫЕ_КЛЮЧИ
Санкт-Петербург,Мурманск,40500,1345,https://city2city.ru/sankt-peterburg-murmansk,A,B,СРЕДНЯЯ,ТОЧНЫЕ_КЛЮЧИ
Ярославль,Ростов-на-Дону,40500,1350,https://city2city.ru/yaroslavl-rostov-na-donu,A,A,ВЫСОКАЯ,ТОЧНЫЕ_КЛЮЧИ
Казань,Белгород,40400,1345,https://city2city.ru/kazan-belgorod,A,A,ВЫСОКАЯ,ТОЧНЫЕ_КЛЮЧИ
Сыктывкар,Москва,40400,1345,https://city2city.ru/syktyvkar-moskva,B,A,СРЕДНЯЯ,ТОЧНЫЕ_КЛЮЧИ
Москва,Сыктывкар,40200,1340,https://city2city.ru/moskva-syktyvkar,A,B,СРЕДНЯЯ,ТОЧНЫЕ_КЛЮЧИ
Мурманск,Санкт-Петербург,40200,1340,https://city2city.ru/murmansk-sankt-peterburg,B,A,СРЕДНЯЯ,ТОЧНЫЕ_КЛЮЧИ
Смоленск,Ростов-на-Дону,40200,1340,https://city2city.ru/smolensk-rostov-na-donu,A,A,ВЫСОКАЯ,ТОЧНЫЕ_КЛЮЧИ
Ставрополь,Самара,40200,1340,https://city2city.ru/stavropol-samara,A,A,ВЫСОКАЯ,ТОЧНЫЕ_КЛЮЧИ
Уфа,Воронеж,40200,1340,https://city2city.ru/ufa-voronezh,A,A,ВЫСОКАЯ,ТОЧНЫЕ_КЛЮЧИ
Орёл,Анапа,40000,1330,https://city2city.ru/oryol-anapa,A,B,СРЕДНЯЯ,ТОЧНЫЕ_КЛЮЧИ
Пенза,Анапа,40000,1330,https://city2city.ru/penza-anapa,A,B,СРЕДНЯЯ,ТОЧНЫЕ_КЛЮЧИ
Ростов-на-Дону,Ярославль,40000,1340,https://city2city.ru/rostov-yaroslavl,A,A,ВЫСОКАЯ,ТОЧНЫЕ_КЛЮЧИ
Санкт-Петербург,Саранск,40000,1330,https://city2city.ru/sankt-peterburg-saransk,A,A,ВЫСОКАЯ,ТОЧНЫЕ_КЛЮЧИ
Саранск,Санкт-Петербург,40000,1325,https://city2city.ru/saransk-sankt-peterburg,A,A,ВЫСОКАЯ,ТОЧНЫЕ_КЛЮЧИ
Тула,Анапа,40000,1330,https://city2city.ru/tula-anapa,A,B,СРЕДНЯЯ,ТОЧНЫЕ_КЛЮЧИ
Уфа,Москва,40000,1330,https://city2city.ru/ufa-moskva,A,A,ВЫСОКАЯ,ТОЧНЫЕ_КЛЮЧИ
Воронеж,Уфа,40000,1335,https://city2city.ru/voronezh-ufa,A,A,ВЫСОКАЯ,ТОЧНЫЕ_КЛЮЧИ
Псков,Воронеж,39800,1325,https://city2city.ru/pskov-voronezh,A,A,ВЫСОКАЯ,ТОЧНЫЕ_КЛЮЧИ
Воронеж,Псков,39800,1325,https://city2city.ru/voronezh-pskov,A,A,ВЫСОКАЯ,ТОЧНЫЕ_КЛЮЧИ
Иваново,52А-3,39600,1320,https://city2city.ru/ivanovo-granicza-kazaxstan,A,B,СРЕДНЯЯ,ТОЧНЫЕ_КЛЮЧИ
Оренбург,Воронеж,39600,1320,https://city2city.ru/orenburg-voronezh,A,A,ВЫСОКАЯ,ТОЧНЫЕ_КЛЮЧИ
Воронеж,Оренбург,39600,1320,https://city2city.ru/voronezh-orenburg,A,A,ВЫСОКАЯ,ТОЧНЫЕ_КЛЮЧИ
Екатеринбург,Саратов,39500,1315,https://city2city.ru/ekaterinburg-saratov,A,A,ВЫСОКАЯ,ТОЧНЫЕ_КЛЮЧИ
Оренбург,Владимир,39500,1310,https://city2city.ru/orenburg-vladimir,A,A,ВЫСОКАЯ,ТОЧНЫЕ_КЛЮЧИ
Саратов,Екатеринбург,39500,1315,https://city2city.ru/saratov-ekaterinburg,A,A,ВЫСОКАЯ,ТОЧНЫЕ_КЛЮЧИ
Владимир,Оренбург,39500,1315,https://city2city.ru/vladimir-orenburg,A,A,ВЫСОКАЯ,ТОЧНЫЕ_КЛЮЧИ
Калуга,52А-3,39000,1300,https://city2city.ru/kaluga-granicza-kazaxstan,A,B,СРЕДНЯЯ,ТОЧНЫЕ_КЛЮЧИ
Ростов-на-Дону,Ульяновск,39000,1300,https://city2city.ru/rostov-ulyanovsk,A,A,ВЫСОКАЯ,ТОЧНЫЕ_КЛЮЧИ
Краснодар,Брянск,38800,1295,https://city2city.ru/krasnodar-bryansk,A,A,ВЫСОКАЯ,ТОЧНЫЕ_КЛЮЧИ
Нижний Новгород,Ростов-на-Дону,38700,1290,https://city2city.ru/nizhnij-novgorod-rostov-na-donu,A,A,ВЫСОКАЯ,ТОЧНЫЕ_КЛЮЧИ
Белгород,Казань,38600,1285,https://city2city.ru/belgorod-kazan,A,A,ВЫСОКАЯ,ТОЧНЫЕ_КЛЮЧИ
Пермь,Саратов,38500,1280,https://city2city.ru/perm-saratov,A,A,ВЫСОКАЯ,ТОЧНЫЕ_КЛЮЧИ
Ростов-на-Дону,Нижний Новгород,38500,1280,https://city2city.ru/rostov-nizhnij-novgorod,A,A,ВЫСОКАЯ,ТОЧНЫЕ_КЛЮЧИ
Ростов-на-Дону,Смоленск,38500,1290,https://city2city.ru/rostov-smolensk,A,A,ВЫСОКАЯ,ТОЧНЫЕ_КЛЮЧИ
Рязань,Ставрополь,38500,1285,https://city2city.ru/ryazan-stavropol,A,A,ВЫСОКАЯ,ТОЧНЫЕ_КЛЮЧИ
Тамбов,Сочи,38500,1290,https://city2city.ru/tambov-sochi,A,B,СРЕДНЯЯ,ТОЧНЫЕ_КЛЮЧИ
Уфа,Рязань,38500,1280,https://city2city.ru/ufa-ryazan,A,A,ВЫСОКАЯ,ТОЧНЫЕ_КЛЮЧИ
Ростов-на-Дону,Самара,38400,1280,https://city2city.ru/rostov-samara,A,A,ВЫСОКАЯ,ТОЧНЫЕ_КЛЮЧИ
Астрахань,Белгород,38000,1260,https://city2city.ru/astraxan-belgorod,A,A,ВЫСОКАЯ,ТОЧНЫЕ_КЛЮЧИ
Белгород,Адлер,38000,1260,https://city2city.ru/belgorod-adler,A,B,СРЕДНЯЯ,ТОЧНЫЕ_КЛЮЧИ
Элиста,Москва,38000,1265,https://city2city.ru/elista-moskva,A,A,ВЫСОКАЯ,ТОЧНЫЕ_КЛЮЧИ
Краснодар,Калуга,38000,1265,https://city2city.ru/krasnodar-kaluga,A,A,ВЫСОКАЯ,ТОЧНЫЕ_КЛЮЧИ
Липецк,Адлер,38000,1260,https://city2city.ru/lipeczk-adler,A,B,СРЕДНЯЯ,ТОЧНЫЕ_КЛЮЧИ
Липецк,Уфа,38000,1260,https://city2city.ru/lipeczk-ufa,A,A,ВЫСОКАЯ,ТОЧНЫЕ_КЛЮЧИ
Москва,Элиста,38000,1265,https://city2city.ru/moskva-elista,A,A,ВЫСОКАЯ,ТОЧНЫЕ_КЛЮЧИ
Нижний Новгород,Екатеринбург,38000,1270,https://city2city.ru/nizhnij-novgorod-ekaterinburg,A,A,ВЫСОКАЯ,ТОЧНЫЕ_КЛЮЧИ
Ростов-на-Дону,Тольятти,38000,1260,https://city2city.ru/rostov-tolyatti,A,B,СРЕДНЯЯ,ТОЧНЫЕ_КЛЮЧИ
Ростов-на-Дону,Тверь,38000,1270,https://city2city.ru/rostov-tver,A,A,ВЫСОКАЯ,ТОЧНЫЕ_КЛЮЧИ
Рязань,Уфа,38000,1270,https://city2city.ru/ryazan-ufa,A,A,ВЫСОКАЯ,ТОЧНЫЕ_КЛЮЧИ
Самара,Тула,38000,1265,https://city2city.ru/samara-tula,A,A,ВЫСОКАЯ,ТОЧНЫЕ_КЛЮЧИ
Самара,Тверь,38000,1270,https://city2city.ru/samara-tver,A,A,ВЫСОКАЯ,ТОЧНЫЕ_КЛЮЧИ
Уфа,Волгоград,37800,1260,https://city2city.ru/ufa-volgograd,A,A,ВЫСОКАЯ,ТОЧНЫЕ_КЛЮЧИ
Липецк,Сочи,37500,1250,https://city2city.ru/lipeczk-sochi,A,B,СРЕДНЯЯ,ТОЧНЫЕ_КЛЮЧИ
Ростов-на-Дону,Владимир,37500,1250,https://city2city.ru/rostov-vladimir,A,A,ВЫСОКАЯ,ТОЧНЫЕ_КЛЮЧИ
Рязань,Астрахань,37500,1250,https://city2city.ru/ryazan-astraxan,A,A,ВЫСОКАЯ,ТОЧНЫЕ_КЛЮЧИ
Самара,Ростов-на-Дону,37500,1250,https://city2city.ru/samara-rostov-na-donu,A,A,ВЫСОКАЯ,ТОЧНЫЕ_КЛЮЧИ
Великий Новгород,Белгород,37500,1250,https://city2city.ru/velikiy-novgorod-belgorod,B,A,СРЕДНЯЯ,ТОЧНЫЕ_КЛЮЧИ
Волгоград,Уфа,37400,1245,https://city2city.ru/volgograd-ufa,A,A,ВЫСОКАЯ,ТОЧНЫЕ_КЛЮЧИ
Белгород,Сочи,37000,1230,https://city2city.ru/belgorod-sochi,A,B,СРЕДНЯЯ,ТОЧНЫЕ_КЛЮЧИ
Курск,Астрахань,37000,1230,https://city2city.ru/kursk-astraxan,A,A,ВЫСОКАЯ,ТОЧНЫЕ_КЛЮЧИ
Санкт-Петербург,Курск,37000,1235,https://city2city.ru/sankt-peterburg-kursk,A,A,ВЫСОКАЯ,ТОЧНЫЕ_КЛЮЧИ
Санкт-Петербург,Воронеж,37000,1230,https://city2city.ru/sankt-peterburg-voronezh,A,A,ВЫСОКАЯ,ТОЧНЫЕ_КЛЮЧИ
Тюмень,Самара,37000,1235,https://city2city.ru/tyumen-samara,A,A,ВЫСОКАЯ,ТОЧНЫЕ_КЛЮЧИ
Воронеж,Санкт-Петербург,37000,1225,https://city2city.ru/voronezh-sankt-peterburg,A,A,ВЫСОКАЯ,ТОЧНЫЕ_КЛЮЧИ
Челябинск,Пенза,36900,1230,https://city2city.ru/chelyabinsk-penza,A,A,ВЫСОКАЯ,ТОЧНЫЕ_КЛЮЧИ
Пенза,Челябинск,36900,1230,https://city2city.ru/penza-chelyabinsk,A,A,ВЫСОКАЯ,ТОЧНЫЕ_КЛЮЧИ
Самара,Астрахань,36900,1230,https://city2city.ru/samara-astraxan,A,A,ВЫСОКАЯ,ТОЧНЫЕ_КЛЮЧИ
Курск,Санкт-Петербург,36800,1225,https://city2city.ru/kursk-sankt-peterburg,A,A,ВЫСОКАЯ,ТОЧНЫЕ_КЛЮЧИ
Тюмень,Казань,36800,1225,https://city2city.ru/tyumen-kazan,A,A,ВЫСОКАЯ,ТОЧНЫЕ_КЛЮЧИ
Астрахань,Рязань,36500,1220,https://city2city.ru/astraxan-ryazan,A,A,ВЫСОКАЯ,ТОЧНЫЕ_КЛЮЧИ
Краснодар,Рязань,36500,1220,https://city2city.ru/krasnodar-ryazan,A,A,ВЫСОКАЯ,ТОЧНЫЕ_КЛЮЧИ
Курск,Анапа,36500,1215,https://city2city.ru/kursk-anapa,A,B,СРЕДНЯЯ,ТОЧНЫЕ_КЛЮЧИ
Уфа,Иваново,36200,1205,https://city2city.ru/ufa-ivanovo,A,A,ВЫСОКАЯ,ТОЧНЫЕ_КЛЮЧИ
Калуга,Киров,36000,1200,https://city2city.ru/kaluga-kirov-kaluzhskaya-oblast,A,A,ВЫСОКАЯ,ТОЧНЫЕ_КЛЮЧИ
Липецк,Псков,36000,1200,https://city2city.ru/lipeczk-pskov,A,A,ВЫСОКАЯ,ТОЧНЫЕ_КЛЮЧИ
Пенза,Пермь,36000,1205,https://city2city.ru/penza-perm,A,A,ВЫСОКАЯ,ТОЧНЫЕ_КЛЮЧИ
Самара,Белгород,36000,1195,https://city2city.ru/samara-belgorod,A,A,ВЫСОКАЯ,ТОЧНЫЕ_КЛЮЧИ
Смоленск,Казань,36000,1205,https://city2city.ru/smolensk-kazan,A,A,ВЫСОКАЯ,ТОЧНЫЕ_КЛЮЧИ
Тула,52А-3,36000,1200,https://city2city.ru/tula-granicza-kazaxstan,A,B,СРЕДНЯЯ,ТОЧНЫЕ_КЛЮЧИ
Белгород,Великий Новгород,35800,1195,https://city2city.ru/belgorod-velikij-novgorod,A,B,СРЕДНЯЯ,ТОЧНЫЕ_КЛЮЧИ
Оренбург,Волгоград,35800,1195,https://city2city.ru/orenburg-volgograd,A,A,ВЫСОКАЯ,ТОЧНЫЕ_КЛЮЧИ
Псков,Липецк,35700,1190,https://city2city.ru/pskov-lipeczk,A,A,ВЫСОКАЯ,ТОЧНЫЕ_КЛЮЧИ
Белгород,Самара,35500,1190,https://city2city.ru/belgorod-samara,A,A,ВЫСОКАЯ,ТОЧНЫЕ_КЛЮЧИ
Ижевск,Москва,35500,1180,https://city2city.ru/izhevsk-moskva,A,A,ВЫСОКАЯ,ТОЧНЫЕ_КЛЮЧИ
Липецк,Санкт-Петербург,35500,1180,https://city2city.ru/lipeczk-sankt-peterburg,A,A,ВЫСОКАЯ,ТОЧНЫЕ_КЛЮЧИ
Орёл,52А-3,35500,1180,https://city2city.ru/oryol-granicza-kazaxstan,A,B,СРЕДНЯЯ,ТОЧНЫЕ_КЛЮЧИ
Пермь,Ярославль,35500,1180,https://city2city.ru/perm-yaroslavl,A,A,ВЫСОКАЯ,ТОЧНЫЕ_КЛЮЧИ
Иваново,Уфа,35100,1170,https://city2city.ru/ivanovo-ufa,A,A,ВЫСОКАЯ,ТОЧНЫЕ_КЛЮЧИ
Санкт-Петербург,Тамбов,35100,1170,https://city2city.ru/sankt-peterburg-tambov,A,A,ВЫСОКАЯ,ТОЧНЫЕ_КЛЮЧИ
Сыктывкар,Уфа,35100,1170,https://city2city.ru/syktyvkar-ufa,B,A,СРЕДНЯЯ,ТОЧНЫЕ_КЛЮЧИ
Тамбов,Санкт-Петербург,35100,1170,https://city2city.ru/tambov-sankt-peterburg,A,A,ВЫСОКАЯ,ТОЧНЫЕ_КЛЮЧИ
Волгоград,Оренбург,35100,1170,https://city2city.ru/volgograd-orenburg,A,A,ВЫСОКАЯ,ТОЧНЫЕ_КЛЮЧИ
Киров,Калуга,35000,1170,https://city2city.ru/kirov-kaluga,A,A,ВЫСОКАЯ,ТОЧНЫЕ_КЛЮЧИ
Курск,Самара,35000,1160,https://city2city.ru/kursk-samara,A,A,ВЫСОКАЯ,ТОЧНЫЕ_КЛЮЧИ
Сыктывкар,Самара,35000,1160,https://city2city.ru/syktyvkar-samara,B,A,СРЕДНЯЯ,ТОЧНЫЕ_КЛЮЧИ
Уфа,Сыктывкар,35000,1160,https://city2city.ru/ufa-syktyvkar,A,B,СРЕДНЯЯ,ТОЧНЫЕ_КЛЮЧИ
Оренбург,Тюмень,34800,1160,https://city2city.ru/orenburg-tyumen,A,A,ВЫСОКАЯ,ТОЧНЫЕ_КЛЮЧИ
Тюмень,Оренбург,34800,1160,https://city2city.ru/tyumen-orenburg,A,A,ВЫСОКАЯ,ТОЧНЫЕ_КЛЮЧИ
Самара,Курск,34600,1155,https://city2city.ru/samara-kursk,A,A,ВЫСОКАЯ,ТОЧНЫЕ_КЛЮЧИ
Уфа,Владимир,34500,1150,https://city2city.ru/ufa-vladimir,A,A,ВЫСОКАЯ,ТОЧНЫЕ_КЛЮЧИ
Санкт-Петербург,Нижний Новгород,34200,1140,https://city2city.ru/sankt-peterburg-nizhnij-novgorod,A,A,ВЫСОКАЯ,ТОЧНЫЕ_КЛЮЧИ
Белгород,Псков,34000,1135,https://city2city.ru/belgorod-pskov,A,A,ВЫСОКАЯ,ТОЧНЫЕ_КЛЮЧИ
Ульяновск,Белгород,34000,1135,https://city2city.ru/ulyanovsk-belgorod,A,A,ВЫСОКАЯ,ТОЧНЫЕ_КЛЮЧИ
Вологда,Белгород,34000,1135,https://city2city.ru/vologda-belgorod,B,A,СРЕДНЯЯ,ТОЧНЫЕ_КЛЮЧИ
Воронеж,Адлер,34000,1140,https://city2city.ru/voronezh-adler,A,B,СРЕДНЯЯ,ТОЧНЫЕ_КЛЮЧИ
Ханты-Мансийск,Челябинск,34000,1130,https://city2city.ru/xanty-mansijsk-chelyabinsk,B,A,СРЕДНЯЯ,ТОЧНЫЕ_КЛЮЧИ
Белгород,Вологда,33900,1130,https://city2city.ru/belgorod-vologda,A,B,СРЕДНЯЯ,ТОЧНЫЕ_КЛЮЧИ
Нижний Новгород,Санкт-Петербург,33900,1130,https://city2city.ru/nizhnij-novgorod-sankt-peterburg,A,A,ВЫСОКАЯ,ТОЧНЫЕ_КЛЮЧИ
Псков,Белгород,33800,1125,https://city2city.ru/pskov-belgorod,A,A,ВЫСОКАЯ,ТОЧНЫЕ_КЛЮЧИ
Астрахань,Липецк,33500,1110,https://city2city.ru/astraxan-lipeczk,A,A,ВЫСОКАЯ,ТОЧНЫЕ_КЛЮЧИ
Уфа,Тамбов,33500,1115,https://city2city.ru/ufa-tambov,A,A,ВЫСОКАЯ,ТОЧНЫЕ_КЛЮЧИ
Воронеж,Сочи,33400,1115,https://city2city.ru/voronezh-sochi,A,B,СРЕДНЯЯ,ТОЧНЫЕ_КЛЮЧИ
Астрахань,Адлер,33300,1110,https://city2city.ru/astraxan-adler,A,B,СРЕДНЯЯ,ТОЧНЫЕ_КЛЮЧИ
Курск,52А-3,33000,1100,https://city2city.ru/kursk-granicza-kazaxstan,A,B,СРЕДНЯЯ,ТОЧНЫЕ_КЛЮЧИ
Нижний Новгород,Оренбург,33000,1100,https://city2city.ru/nizhnij-novgorod-orenburg,A,A,ВЫСОКАЯ,ТОЧНЫЕ_КЛЮЧИ
Оренбург,Нижний Новгород,33000,1100,https://city2city.ru/orenburg-nizhnij-novgorod,A,A,ВЫСОКАЯ,ТОЧНЫЕ_КЛЮЧИ
Пермь,52А-3,33000,1100,https://city2city.ru/perm-granicza-kazaxstan,A,B,СРЕДНЯЯ,ТОЧНЫЕ_КЛЮЧИ
Самара,Москва,33000,1095,https://city2city.ru/samara-moskva,A,A,ВЫСОКАЯ,ТОЧНЫЕ_КЛЮЧИ
Сыктывкар,Екатеринбург,33000,1105,https://city2city.ru/syktyvkar-ekaterinburg,B,A,СРЕДНЯЯ,ТОЧНЫЕ_КЛЮЧИ
Краснодар,Саратов,32700,1090,https://city2city.ru/krasnodar-saratov,A,A,ВЫСОКАЯ,ТОЧНЫЕ_КЛЮЧИ
Астрахань,Сочи,32600,1085,https://city2city.ru/astraxan-sochi,A,B,СРЕДНЯЯ,ТОЧНЫЕ_КЛЮЧИ
Челябинск,Йошкар-Ола,32600,1088,https://city2city.ru/chelyabinsk-joshkar-ola,A,B,СРЕДНЯЯ,ТОЧНЫЕ_КЛЮЧИ
Белгород,Нижний Новгород,32500,1080,https://city2city.ru/belgorod-nizhnij-novgorod,A,A,ВЫСОКАЯ,ТОЧНЫЕ_КЛЮЧИ
Москва,Самара,32500,1080,https://city2city.ru/moskva-samara,A,A,ВЫСОКАЯ,ТОЧНЫЕ_КЛЮЧИ
Нижний Новгород,Белгород,32500,1090,https://city2city.ru/nizhnij-novgorod-belgorod,A,A,ВЫСОКАЯ,ТОЧНЫЕ_КЛЮЧИ
Ростов-на-Дону,Саранск,32500,1080,https://city2city.ru/rostov-saransk,A,A,ВЫСОКАЯ,ТОЧНЫЕ_КЛЮЧИ
Брянск,Санкт-Петербург,32400,1080,https://city2city.ru/bryansk-sankt-peterburg,A,A,ВЫСОКАЯ,ТОЧНЫЕ_КЛЮЧИ
Ростов-на-Дону,Москва,32400,1080,https://city2city.ru/rostov-moskva,A,A,ВЫСОКАЯ,ТОЧНЫЕ_КЛЮЧИ
Вологда,Казань,32100,1070,https://city2city.ru/vologda-kazan,B,A,СРЕДНЯЯ,ТОЧНЫЕ_КЛЮЧИ
Краснодар,Курск,32000,1060,https://city2city.ru/krasnodar-kursk,A,A,ВЫСОКАЯ,ТОЧНЫЕ_КЛЮЧИ
Саратов,Киров,32000,1070,https://city2city.ru/saratov-kirov,A,A,ВЫСОКАЯ,ТОЧНЫЕ_КЛЮЧИ
Курск,Краснодар,32000,1060,https://city2city.ru/svo-taxi-kursk-krasnodar,A,A,ВЫСОКАЯ,ТОЧНЫЕ_КЛЮЧИ
Иркутск,Красноярск,31800,1060,https://city2city.ru/irkutsk-krasnoyarsk,A,A,ВЫСОКАЯ,ТОЧНЫЕ_КЛЮЧИ
Красноярск,Иркутск,31800,1060,https://city2city.ru/krasnoyarsk-irkutsk,A,A,ВЫСОКАЯ,ТОЧНЫЕ_КЛЮЧИ
Белгород,Ставрополь,31500,1055,https://city2city.ru/belgorod-stavropol,A,A,ВЫСОКАЯ,ТОЧНЫЕ_КЛЮЧИ
Екатеринбург,Чебоксары,31500,1045,https://city2city.ru/ekaterinburg-cheboksary,A,A,ВЫСОКАЯ,ТОЧНЫЕ_КЛЮЧИ
Казань,Вологда,31500,1050,https://city2city.ru/kazan-vologda,A,B,СРЕДНЯЯ,ТОЧНЫЕ_КЛЮЧИ
Киров,52А-3,31500,1050,https://city2city.ru/kirov-granicza-kazaxstan,A,B,СРЕДНЯЯ,ТОЧНЫЕ_КЛЮЧИ
Волгоград,Казань,31500,1050,https://city2city.ru/volgograd-kazan,A,A,ВЫСОКАЯ,ТОЧНЫЕ_КЛЮЧИ
Воронеж,Казань,31500,1050,https://city2city.ru/voronezh-kazan,A,A,ВЫСОКАЯ,ТОЧНЫЕ_КЛЮЧИ
Казань,Воронеж,31000,1035,https://city2city.ru/kazan-voronezh,A,A,ВЫСОКАЯ,ТОЧНЫЕ_КЛЮЧИ
Оренбург,Киров,31000,1030,https://city2city.ru/orenburg-kirov,A,A,ВЫСОКАЯ,ТОЧНЫЕ_КЛЮЧИ
Ростов-на-Дону,Брянск,31000,1040,https://city2city.ru/rostov-bryansk,A,A,ВЫСОКАЯ,ТОЧНЫЕ_КЛЮЧИ
Ставрополь,Белгород,31000,1040,https://city2city.ru/stavropol-belgorod,A,A,ВЫСОКАЯ,ТОЧНЫЕ_КЛЮЧИ
Ярославль,Самара,31000,1030,https://city2city.ru/yaroslavl-samara,A,A,ВЫСОКАЯ,ТОЧНЫЕ_КЛЮЧИ
Брянск,Ростов-на-Дону,30900,1030,https://city2city.ru/bryansk-rostov-na-donu,A,A,ВЫСОКАЯ,ТОЧНЫЕ_КЛЮЧИ
Казань,Волгоград,30900,1030,https://city2city.ru/kazan-volgograd,A,A,ВЫСОКАЯ,ТОЧНЫЕ_КЛЮЧИ
Ярославль,Саратов,30600,1020,https://city2city.ru/yaroslavl-saratov,A,A,ВЫСОКАЯ,ТОЧНЫЕ_КЛЮЧИ
Астрахань,Пенза,30500,1010,https://city2city.ru/astraxan-penza,A,A,ВЫСОКАЯ,ТОЧНЫЕ_КЛЮЧИ
Оренбург,Курган,30500,1015,https://city2city.ru/orenburg-kurgan,A,B,СРЕДНЯЯ,ТОЧНЫЕ_КЛЮЧИ
Пенза,Астрахань,30500,1020,https://city2city.ru/penza-astraxan,A,A,ВЫСОКАЯ,ТОЧНЫЕ_КЛЮЧИ
Рязань,Киров,30500,1020,https://city2city.ru/ryazan-kirov,A,A,ВЫСОКАЯ,ТОЧНЫЕ_КЛЮЧИ
Ульяновск,Сыктывкар,30500,1010,https://city2city.ru/ulyanovsk-syktyvkar,A,B,СРЕДНЯЯ,ТОЧНЫЕ_КЛЮЧИ
Саратов,Ярославль,30400,1015,https://city2city.ru/saratov-yaroslavl,A,A,ВЫСОКАЯ,ТОЧНЫЕ_КЛЮЧИ
Ульяновск,Екатеринбург,30400,1015,https://city2city.ru/ulyanovsk-ekaterinburg,A,A,ВЫСОКАЯ,ТОЧНЫЕ_КЛЮЧИ
Ростов-на-Дону,Калуга,30300,1010,https://city2city.ru/rostov-kaluga,A,A,ВЫСОКАЯ,ТОЧНЫЕ_КЛЮЧИ
Ханты-Мансийск,Екатеринбург,30300,1010,https://city2city.ru/xanty-mansijsk-ekaterinburg,B,A,СРЕДНЯЯ,ТОЧНЫЕ_КЛЮЧИ
Екатеринбург,Ульяновск,30200,1005,https://city2city.ru/ekaterinburg-ulyanovsk,A,A,ВЫСОКАЯ,ТОЧНЫЕ_КЛЮЧИ
Псков,Рязань,30200,1005,https://city2city.ru/pskov-ryazan,A,A,ВЫСОКАЯ,ТОЧНЫЕ_КЛЮЧИ
Астрахань,Воронеж,30000,1000,https://city2city.ru/astraxan-voronezh,A,A,ВЫСОКАЯ,ТОЧНЫЕ_КЛЮЧИ
Нижний Новгород,52А-3,30000,1000,https://city2city.ru/nizhnij-novgorod-granicza-kazaxstan,A,B,СРЕДНЯЯ,ТОЧНЫЕ_КЛЮЧИ
Рязань,52А-3,30000,1000,https://city2city.ru/ryazan-granicza-kazaxstan,A,B,СРЕДНЯЯ,ТОЧНЫЕ_КЛЮЧИ
Рязань,Псков,30000,1000,https://city2city.ru/ryazan-pskov,A,A,ВЫСОКАЯ,ТОЧНЫЕ_КЛЮЧИ
Челябинск,Ульяновск,29800,995,https://city2city.ru/chelyabinsk-ulyanovsk,A,A,ВЫСОКАЯ,ТОЧНЫЕ_КЛЮЧИ
Курск,Псков,29800,995,https://city2city.ru/kursk-pskov,A,A,ВЫСОКАЯ,ТОЧНЫЕ_КЛЮЧИ
Ульяновск,Челябинск,29800,995,https://city2city.ru/ulyanovsk-chelyabinsk,A,A,ВЫСОКАЯ,ТОЧНЫЕ_КЛЮЧИ
Псков,Курск,29700,990,https://city2city.ru/pskov-kursk,A,A,ВЫСОКАЯ,ТОЧНЫЕ_КЛЮЧИ
Кострома,Саратов,29600,987,https://city2city.ru/kostroma-saratov,A,A,ВЫСОКАЯ,ТОЧНЫЕ_КЛЮЧИ
Курск,Вологда,29500,990,https://city2city.ru/kursk-vologda,A,B,СРЕДНЯЯ,ТОЧНЫЕ_КЛЮЧИ
Нижний Новгород,Волгоград,29500,990,https://city2city.ru/nizhnij-novgorod-volgograd,A,A,ВЫСОКАЯ,ТОЧНЫЕ_КЛЮЧИ
Саратов,Ижевск,29500,980,https://city2city.ru/saratov-izhevsk,A,A,ВЫСОКАЯ,ТОЧНЫЕ_КЛЮЧИ
Волгоград,Сочи,29500,990,https://city2city.ru/volgograd-sochi,A,B,СРЕДНЯЯ,ТОЧНЫЕ_КЛЮЧИ
Вологда,Воронеж,29500,980,https://city2city.ru/vologda-voronezh,B,A,СРЕДНЯЯ,ТОЧНЫЕ_КЛЮЧИ
Воронеж,Анапа,29500,990,https://city2city.ru/voronezh-anapa,A,B,СРЕДНЯЯ,ТОЧНЫЕ_КЛЮЧИ
Краснодар,Белгород,29000,975,https://city2city.ru/krasnodar-belgorod,A,A,ВЫСОКАЯ,ТОЧНЫЕ_КЛЮЧИ
Курган,Ижевск,29000,965,https://city2city.ru/kurgan-izhevsk,B,A,СРЕДНЯЯ,ТОЧНЫЕ_КЛЮЧИ
Нижний Новгород,Сыктывкар,29000,970,https://city2city.ru/nizhnij-novgorod-syktyvkar,A,B,СРЕДНЯЯ,ТОЧНЫЕ_КЛЮЧИ
Сыктывкар,Нижний Новгород,29000,960,https://city2city.ru/syktyvkar-nizhniy_novhorod,B,A,СРЕДНЯЯ,ТОЧНЫЕ_КЛЮЧИ
Волгоград,Москва,29000,970,https://city2city.ru/volgograd-moskva,A,A,ВЫСОКАЯ,ТОЧНЫЕ_КЛЮЧИ
Челябинск,Казань,28800,960,https://city2city.ru/chelyabinsk-kazan,A,A,ВЫСОКАЯ,ТОЧНЫЕ_КЛЮЧИ
Екатеринбург,Оренбург,28800,960,https://city2city.ru/ekaterinburg-orenburg,A,A,ВЫСОКАЯ,ТОЧНЫЕ_КЛЮЧИ
Оренбург,Екатеринбург,28800,960,https://city2city.ru/orenburg-ekaterinburg,A,A,ВЫСОКАЯ,ТОЧНЫЕ_КЛЮЧИ
Астрахань,Тамбов,28500,950,https://city2city.ru/astraxan-tambov,A,A,ВЫСОКАЯ,ТОЧНЫЕ_КЛЮЧИ
Ростов-на-Дону,Рязань,28500,950,https://city2city.ru/rostov-ryazan,A,A,ВЫСОКАЯ,ТОЧНЫЕ_КЛЮЧИ
Рязань,Ростов-на-Дону,28500,950,https://city2city.ru/ryazan-rostov-na-donu,A,A,ВЫСОКАЯ,ТОЧНЫЕ_КЛЮЧИ
Казань,Челябинск,28400,945,https://city2city.ru/kazan-chelyabinsk,A,A,ВЫСОКАЯ,ТОЧНЫЕ_КЛЮЧИ
Липецк,52А-3,28200,940,https://city2city.ru/lipeczk-granicza-kazaxstan,A,B,СРЕДНЯЯ,ТОЧНЫЕ_КЛЮЧИ
Уфа,Нижний Новгород,28200,940,https://city2city.ru/ufa-nizhnij-novgorod,A,A,ВЫСОКАЯ,ТОЧНЫЕ_КЛЮЧИ
Ярославль,Белгород,28200,940,https://city2city.ru/yaroslavl-belgorod,A,A,ВЫСОКАЯ,ТОЧНЫЕ_КЛЮЧИ
Белгород,Ярославль,28000,935,https://city2city.ru/belgorod-yaroslavl,A,A,ВЫСОКАЯ,ТОЧНЫЕ_КЛЮЧИ
Екатеринбург,Тольятти,28000,940,https://city2city.ru/ekaterinburg-tolyatti,A,B,СРЕДНЯЯ,ТОЧНЫЕ_КЛЮЧИ
Ижевск,Тюмень,28000,930,https://city2city.ru/izhevsk-tyumen,A,A,ВЫСОКАЯ,ТОЧНЫЕ_КЛЮЧИ
Липецк,Казань,28000,930,https://city2city.ru/lipeczk-kazan,A,A,ВЫСОКАЯ,ТОЧНЫЕ_КЛЮЧИ
Саратов,Ставрополь,28000,935,https://city2city.ru/saratov-stavropol,A,A,ВЫСОКАЯ,ТОЧНЫЕ_КЛЮЧИ
Ставрополь,Саратов,28000,935,https://city2city.ru/stavropol-saratov,A,A,ВЫСОКАЯ,ТОЧНЫЕ_КЛЮЧИ
Тюмень,Ижевск,28000,930,https://city2city.ru/tyumen-izhevsk,A,A,ВЫСОКАЯ,ТОЧНЫЕ_КЛЮЧИ
Воронеж,Самара,28000,935,https://city2city.ru/voronezh-samara,A,A,ВЫСОКАЯ,ТОЧНЫЕ_КЛЮЧИ
Пенза,Ростов-на-Дону,27900,930,https://city2city.ru/penza-rostov-na-donu,A,A,ВЫСОКАЯ,ТОЧНЫЕ_КЛЮЧИ
Самара,Воронеж,27900,930,https://city2city.ru/samara-voronezh,A,A,ВЫСОКАЯ,ТОЧНЫЕ_КЛЮЧИ
Барнаул,Красноярск,27600,920,https://city2city.ru/barnaul-krasnoyarsk,B,A,СРЕДНЯЯ,ТОЧНЫЕ_КЛЮЧИ
Красноярск,Барнаул,27600,920,https://city2city.ru/krasnoyarsk-barnaul,A,B,СРЕДНЯЯ,ТОЧНЫЕ_КЛЮЧИ
Оренбург,Пермь,27600,920,https://city2city.ru/orenburg-perm,A,A,ВЫСОКАЯ,ТОЧНЫЕ_КЛЮЧИ
Ростов-на-Дону,Тула,27600,920,https://city2city.ru/rostov-tula,A,A,ВЫСОКАЯ,ТОЧНЫЕ_КЛЮЧИ
Самара,Иваново,27600,920,https://city2city.ru/samara-ivanovo,A,A,ВЫСОКАЯ,ТОЧНЫЕ_КЛЮЧИ
Пермь,Оренбург,27500,920,https://city2city.ru/perm-orenburg,A,A,ВЫСОКАЯ,ТОЧНЫЕ_КЛЮЧИ
Санкт-Петербург,Рязань,27500,910,https://city2city.ru/sankt-peterburg-ryazan,A,A,ВЫСОКАЯ,ТОЧНЫЕ_КЛЮЧИ
Иваново,Самара,27400,915,https://city2city.ru/ivanovo-samara,A,A,ВЫСОКАЯ,ТОЧНЫЕ_КЛЮЧИ
Екатеринбург,Самара,27200,905,https://city2city.ru/ekaterinburg-samara,A,A,ВЫСОКАЯ,ТОЧНЫЕ_КЛЮЧИ
Рязань,Санкт-Петербург,27200,905,https://city2city.ru/ryazan-sankt-peterburg,A,A,ВЫСОКАЯ,ТОЧНЫЕ_КЛЮЧИ
Самара,Екатеринбург,27200,905,https://city2city.ru/samara-ekaterinburg,A,A,ВЫСОКАЯ,ТОЧНЫЕ_КЛЮЧИ
Орёл,Ростов-на-Дону,27000,900,https://city2city.ru/oryol-rostov-na-donu,A,A,ВЫСОКАЯ,ТОЧНЫЕ_КЛЮЧИ
Ставрополь,Воронеж,27000,900,https://city2city.ru/stavropol-voronezh,A,A,ВЫСОКАЯ,ТОЧНЫЕ_КЛЮЧИ
Тюмень,Уфа,27000,900,https://city2city.ru/tyumen-ufa,A,A,ВЫСОКАЯ,ТОЧНЫЕ_КЛЮЧИ
Иваново,Санкт-Петербург,26800,895,https://city2city.ru/ivanovo-sankt-peterburg,A,A,ВЫСОКАЯ,ТОЧНЫЕ_КЛЮЧИ
Екатеринбург,Казань,26700,890,https://city2city.ru/ekaterinburg-kazan,A,A,ВЫСОКАЯ,ТОЧНЫЕ_КЛЮЧИ
Санкт-Петербург,Тула,26700,890,https://city2city.ru/sankt-peterburg-tula,A,A,ВЫСОКАЯ,ТОЧНЫЕ_КЛЮЧИ
Тула,Санкт-Петербург,26700,890,https://city2city.ru/tula-sankt-peterburg,A,A,ВЫСОКАЯ,ТОЧНЫЕ_КЛЮЧИ
Уфа,Саратов,26700,890,https://city2city.ru/ufa-saratov,A,A,ВЫСОКАЯ,ТОЧНЫЕ_КЛЮЧИ
Саратов,Уфа,26600,885,https://city2city.ru/saratov-ufa,A,A,ВЫСОКАЯ,ТОЧНЫЕ_КЛЮЧИ
Оренбург,Чебоксары,26500,880,https://city2city.ru/orenburg-cheboksary,A,A,ВЫСОКАЯ,ТОЧНЫЕ_КЛЮЧИ
Орёл,Нижний Новгород,26500,890,https://city2city.ru/oryol-nizhnij-novgorod,A,A,ВЫСОКАЯ,ТОЧНЫЕ_КЛЮЧИ
Саранск,Оренбург,26500,885,https://city2city.ru/saransk-orenburg,A,A,ВЫСОКАЯ,ТОЧНЫЕ_КЛЮЧИ
Тула,Волгоград,26500,880,https://city2city.ru/tula-volgograd,A,A,ВЫСОКАЯ,ТОЧНЫЕ_КЛЮЧИ
Владимир,Санкт-Петербург,26500,885,https://city2city.ru/vladimir-sankt-peterburg,A,A,ВЫСОКАЯ,ТОЧНЫЕ_КЛЮЧИ
Ижевск,Пенза,26400,880,https://city2city.ru/izhevsk-penza,A,A,ВЫСОКАЯ,ТОЧНЫЕ_КЛЮЧИ
Калуга,Санкт-Петербург,26400,880,https://city2city.ru/kaluga-sankt-peterburg,A,A,ВЫСОКАЯ,ТОЧНЫЕ_КЛЮЧИ
Краснодар,52А-3,26400,880,https://city2city.ru/krasnodar-granicza-kazaxstan,A,B,СРЕДНЯЯ,ТОЧНЫЕ_КЛЮЧИ
Пенза,Ижевск,26400,880,https://city2city.ru/penza-izhevsk,A,A,ВЫСОКАЯ,ТОЧНЫЕ_КЛЮЧИ
Волгоград,Анапа,26400,880,https://city2city.ru/volgograd-anapa,A,B,СРЕДНЯЯ,ТОЧНЫЕ_КЛЮЧИ
Кострома,Санкт-Петербург,26100,870,https://city2city.ru/kostroma-sankt-peterburg,A,A,ВЫСОКАЯ,ТОЧНЫЕ_КЛЮЧИ
Самара,Пермь,26100,870,https://city2city.ru/samara-perm,A,A,ВЫСОКАЯ,ТОЧНЫЕ_КЛЮЧИ
Воронеж,52А-3,26100,870,https://city2city.ru/voronezh-granicza-kazaxstan,A,B,СРЕДНЯЯ,ТОЧНЫЕ_КЛЮЧИ
Кострома,Курск,26000,875,https://city2city.ru/kostroma-kursk,A,A,ВЫСОКАЯ,ТОЧНЫЕ_КЛЮЧИ
Курск,Кострома,26000,865,https://city2city.ru/kursk-kostroma,A,A,ВЫСОКАЯ,ТОЧНЫЕ_КЛЮЧИ
Пенза,Киров,26000,860,https://city2city.ru/penza-kirov,A,A,ВЫСОКАЯ,ТОЧНЫЕ_КЛЮЧИ
Самара,Челябинск,26000,870,https://city2city.ru/samara-chelyabinsk,A,A,ВЫСОКАЯ,ТОЧНЫЕ_КЛЮЧИ
Самара,Рязань,26000,865,https://city2city.ru/samara-ryazan,A,A,ВЫСОКАЯ,ТОЧНЫЕ_КЛЮЧИ
Санкт-Петербург,Кострома,26000,865,https://city2city.ru/sankt-peterburg-kostroma,A,A,ВЫСОКАЯ,ТОЧНЫЕ_КЛЮЧИ
Самара,Липецк,25800,860,https://city2city.ru/samara-lipeczk,A,A,ВЫСОКАЯ,ТОЧНЫЕ_КЛЮЧИ
Кострома,Воронеж,25600,855,https://city2city.ru/kostroma-voronezh,A,A,ВЫСОКАЯ,ТОЧНЫЕ_КЛЮЧИ
Пермь,Ульяновск,25600,855,https://city2city.ru/perm-ulyanovsk,A,A,ВЫСОКАЯ,ТОЧНЫЕ_КЛЮЧИ
Санкт-Петербург,Калуга,25600,855,https://city2city.ru/sankt-peterburg-kaluga,A,A,ВЫСОКАЯ,ТОЧНЫЕ_КЛЮЧИ
Ульяновск,Пермь,25600,855,https://city2city.ru/ulyanovsk-perm,A,A,ВЫСОКАЯ,ТОЧНЫЕ_КЛЮЧИ
Екатеринбург,Киров,25500,850,https://city2city.ru/ekaterinburg-kirov,A,A,ВЫСОКАЯ,ТОЧНЫЕ_КЛЮЧИ
Екатеринбург,Киров,25500,850,https://city2city.ru/ekaterinburg-kirov-2,A,A,ВЫСОКАЯ,ТОЧНЫЕ_КЛЮЧИ
Воронеж,Кострома,25500,850,https://city2city.ru/voronezh-kostroma,A,A,ВЫСОКАЯ,ТОЧНЫЕ_КЛЮЧИ
Владимир,Белгород,25400,845,https://city2city.ru/vladimir-belgorod,A,A,ВЫСОКАЯ,ТОЧНЫЕ_КЛЮЧИ
Белгород,Владимир,25200,840,https://city2city.ru/belgorod-vladimir,A,A,ВЫСОКАЯ,ТОЧНЫЕ_КЛЮЧИ
Казань,Сыктывкар,25200,840,https://city2city.ru/kazan-syktyvkar,A,B,СРЕДНЯЯ,ТОЧНЫЕ_КЛЮЧИ
Ростов-на-Дону,Саратов,25200,840,https://city2city.ru/rostov-saratov,A,A,ВЫСОКАЯ,ТОЧНЫЕ_КЛЮЧИ
Уфа,Тюмень,25200,840,https://city2city.ru/ufa-tyumen,A,A,ВЫСОКАЯ,ТОЧНЫЕ_КЛЮЧИ
Чебоксары,52А-3,25000,830,https://city2city.ru/cheboksary-granicza-kazaxstan,A,B,СРЕДНЯЯ,ТОЧНЫЕ_КЛЮЧИ
Элиста,Воронеж,25000,835,https://city2city.ru/elista-voronezh,A,A,ВЫСОКАЯ,ТОЧНЫЕ_КЛЮЧИ
Иваново,Курск,25000,825,https://city2city.ru/ivanovo-kursk,A,A,ВЫСОКАЯ,ТОЧНЫЕ_КЛЮЧИ
Оренбург,Пенза,25000,835,https://city2city.ru/orenburg-penza,A,A,ВЫСОКАЯ,ТОЧНЫЕ_КЛЮЧИ
Псков,Орёл,25000,833,https://city2city.ru/pskov-oryol,A,A,ВЫСОКАЯ,ТОЧНЫЕ_КЛЮЧИ
Саратов,Ростов-на-Дону,25000,840,https://city2city.ru/saratov-rostov-na-donu,A,A,ВЫСОКАЯ,ТОЧНЫЕ_КЛЮЧИ
Смоленск,Нижний Новгород,25000,830,https://city2city.ru/smolensk-nizhnij-novgorod,A,A,ВЫСОКАЯ,ТОЧНЫЕ_КЛЮЧИ
Сыктывкар,Ижевск,25000,835,https://city2city.ru/syktyvkar-izhevsk,B,A,СРЕДНЯЯ,ТОЧНЫЕ_КЛЮЧИ
Тула,Чебоксары,25000,835,https://city2city.ru/tula-cheboksary,A,A,ВЫСОКАЯ,ТОЧНЫЕ_КЛЮЧИ
Тверь,Белгород,25000,835,https://city2city.ru/tver-belgorod,A,A,ВЫСОКАЯ,ТОЧНЫЕ_КЛЮЧИ
Уфа,Пенза,25000,830,https://city2city.ru/ufa-penza,A,A,ВЫСОКАЯ,ТОЧНЫЕ_КЛЮЧИ
Уфа,Саранск,25000,835,https://city2city.ru/ufa-saransk,A,A,ВЫСОКАЯ,ТОЧНЫЕ_КЛЮЧИ
Ульяновск,Волгоград,25000,835,https://city2city.ru/ulyanovsk-volgograd,A,A,ВЫСОКАЯ,ТОЧНЫЕ_КЛЮЧИ
Белгород,Тверь,24900,830,https://city2city.ru/belgorod-tver,A,A,ВЫСОКАЯ,ТОЧНЫЕ_КЛЮЧИ
Нижний Новгород,Брянск,24900,830,https://city2city.ru/nizhnij-novgorod-bryansk,A,A,ВЫСОКАЯ,ТОЧНЫЕ_КЛЮЧИ
Пенза,Оренбург,24900,830,https://city2city.ru/penza-orenburg,A,A,ВЫСОКАЯ,ТОЧНЫЕ_КЛЮЧИ
Сыктывкар,Казань,24900,830,https://city2city.ru/syktyvkar-kazan,B,A,СРЕДНЯЯ,ТОЧНЫЕ_КЛЮЧИ
Тамбов,Казань,24900,830,https://city2city.ru/tambov-kazan,A,A,ВЫСОКАЯ,ТОЧНЫЕ_КЛЮЧИ
Краснодар,Астрахань,24800,825,https://city2city.ru/krasnodar-astraxan,A,A,ВЫСОКАЯ,ТОЧНЫЕ_КЛЮЧИ
Пенза,Уфа,24800,825,https://city2city.ru/penza-ufa,A,A,ВЫСОКАЯ,ТОЧНЫЕ_КЛЮЧИ
Брянск,Нижний Новгород,24600,820,https://city2city.ru/bryansk-nizhnij-novgorod,A,A,ВЫСОКАЯ,ТОЧНЫЕ_КЛЮЧИ
Саратов,Астрахань,24500,810,https://city2city.ru/saratov-astraxan,A,A,ВЫСОКАЯ,ТОЧНЫЕ_КЛЮЧИ
Тамбов,Йошкар-Ола,24500,815,https://city2city.ru/tambov-joshkar-ola,A,B,СРЕДНЯЯ,ТОЧНЫЕ_КЛЮЧИ
Волгоград,Белгород,24400,815,https://city2city.ru/volgograd-belgorod,A,A,ВЫСОКАЯ,ТОЧНЫЕ_КЛЮЧИ
Белгород,Волгоград,24300,810,https://city2city.ru/belgorod-volgograd,A,A,ВЫСОКАЯ,ТОЧНЫЕ_КЛЮЧИ
Казань,Москва,24300,810,https://city2city.ru/kazan-moskva,A,A,ВЫСОКАЯ,ТОЧНЫЕ_КЛЮЧИ
Казань,Тамбов,24300,810,https://city2city.ru/kazan-tambov,A,A,ВЫСОКАЯ,ТОЧНЫЕ_КЛЮЧИ
Красноярск,Кызыл,24300,810,https://city2city.ru/krasnoyarsk-kyzyl,A,B,СРЕДНЯЯ,ТОЧНЫЕ_КЛЮЧИ
Курск,Волгоград,24200,805,https://city2city.ru/kursk-volgograd,A,A,ВЫСОКАЯ,ТОЧНЫЕ_КЛЮЧИ
Москва,Казань,24200,805,https://city2city.ru/moskva-kazan,A,A,ВЫСОКАЯ,ТОЧНЫЕ_КЛЮЧИ
Псков,Москва,24200,805,https://city2city.ru/pskov-moskva,A,A,ВЫСОКАЯ,ТОЧНЫЕ_КЛЮЧИ
Самара,Волгоград,24200,805,https://city2city.ru/samara-volgograd,A,A,ВЫСОКАЯ,ТОЧНЫЕ_КЛЮЧИ
Волгоград,Курск,24200,805,https://city2city.ru/volgograd-kursk,A,A,ВЫСОКАЯ,ТОЧНЫЕ_КЛЮЧИ
Астрахань,Саратов,24000,800,https://city2city.ru/astraxan-saratov,A,A,ВЫСОКАЯ,ТОЧНЫЕ_КЛЮЧИ
Ижевск,52А-3,24000,800,https://city2city.ru/izhevsk-granicza-kazaxstan,A,B,СРЕДНЯЯ,ТОЧНЫЕ_КЛЮЧИ
Курск,Ростов-на-Дону,24000,800,https://city2city.ru/kursk-rostov-na-donu,A,A,ВЫСОКАЯ,ТОЧНЫЕ_КЛЮЧИ
Кызыл,Красноярск,24000,800,https://city2city.ru/kyzyl-krasnoyarsk,B,A,СРЕДНЯЯ,ТОЧНЫЕ_КЛЮЧИ
Оренбург,Саратов,24000,800,https://city2city.ru/orenburg-saratov,A,A,ВЫСОКАЯ,ТОЧНЫЕ_КЛЮЧИ
Рязань,Волгоград,24000,800,https://city2city.ru/ryazan-volgograd,A,A,ВЫСОКАЯ,ТОЧНЫЕ_КЛЮЧИ
Саратов,Оренбург,24000,800,https://city2city.ru/saratov-orenburg,A,A,ВЫСОКАЯ,ТОЧНЫЕ_КЛЮЧИ
Саратов,Тула,24000,805,https://city2city.ru/saratov-tula,A,A,ВЫСОКАЯ,ТОЧНЫЕ_КЛЮЧИ
Волгоград,Рязань,24000,800,https://city2city.ru/volgograd-ryazan,A,A,ВЫСОКАЯ,ТОЧНЫЕ_КЛЮЧИ
Вологда,Псков,24000,805,https://city2city.ru/vologda-pskov,B,A,СРЕДНЯЯ,ТОЧНЫЕ_КЛЮЧИ
Чебоксары,Сыктывкар,23600,785,https://city2city.ru/cheboksary-syktyvkar,A,B,СРЕДНЯЯ,ТОЧНЫЕ_КЛЮЧИ
Санкт-Петербург,Смоленск,23600,785,https://city2city.ru/sankt-peterburg-smolensk,A,A,ВЫСОКАЯ,ТОЧНЫЕ_КЛЮЧИ
Сыктывкар,Чебоксары,23600,785,https://city2city.ru/syktyvkar-cheboksary,B,A,СРЕДНЯЯ,ТОЧНЫЕ_КЛЮЧИ
Волгоград,Самара,23600,785,https://city2city.ru/volgograd-samara,A,A,ВЫСОКАЯ,ТОЧНЫЕ_КЛЮЧИ
Ярославль,Воронеж,23600,785,https://city2city.ru/yaroslavl-voronezh,A,A,ВЫСОКАЯ,ТОЧНЫЕ_КЛЮЧИ
Волгоград,Тольятти,23500,790,https://city2city.ru/volgograd-tolyatti,A,B,СРЕДНЯЯ,ТОЧНЫЕ_КЛЮЧИ
Ярославль,Санкт-Петербург,23500,780,https://city2city.ru/yaroslavl-sankt-peterburg,A,A,ВЫСОКАЯ,ТОЧНЫЕ_КЛЮЧИ
Красноярск,Новосибирск,23400,780,https://city2city.ru/krasnoyarsk-novosibirsk,A,B,СРЕДНЯЯ,ТОЧНЫЕ_КЛЮЧИ
Новосибирск,Красноярск,23400,780,https://city2city.ru/novosibirsk-krasnoyarsk,B,A,СРЕДНЯЯ,ТОЧНЫЕ_КЛЮЧИ
Смоленск,Санкт-Петербург,23400,780,https://city2city.ru/smolensk-sankt-peterburg,A,A,ВЫСОКАЯ,ТОЧНЫЕ_КЛЮЧИ
Тамбов,52А-3,23400,780,https://city2city.ru/tambov-granicza-kazaxstan,A,B,СРЕДНЯЯ,ТОЧНЫЕ_КЛЮЧИ
Воронеж,Ярославль,23400,780,https://city2city.ru/voronezh-yaroslavl,A,A,ВЫСОКАЯ,ТОЧНЫЕ_КЛЮЧИ
Белгород,Саратов,23200,775,https://city2city.ru/belgorod-saratov,A,A,ВЫСОКАЯ,ТОЧНЫЕ_КЛЮЧИ
Элиста,Сочи,23200,775,https://city2city.ru/elista-sochi,A,B,СРЕДНЯЯ,ТОЧНЫЕ_КЛЮЧИ
Саратов,Белгород,23200,775,https://city2city.ru/saratov-belgorod,A,A,ВЫСОКАЯ,ТОЧНЫЕ_КЛЮЧИ
Астрахань,Ростов-на-Дону,23100,770,https://city2city.ru/astraxan-rostov-na-donu,A,A,ВЫСОКАЯ,ТОЧНЫЕ_КЛЮЧИ
Киров,Самара,23100,770,https://city2city.ru/kirov-samara,A,A,ВЫСОКАЯ,ТОЧНЫЕ_КЛЮЧИ
Рязань,Ульяновск,23100,770,https://city2city.ru/ryazan-ulyanovsk,A,A,ВЫСОКАЯ,ТОЧНЫЕ_КЛЮЧИ
Самара,Киров,23100,770,https://city2city.ru/samara-kirov,A,A,ВЫСОКАЯ,ТОЧНЫЕ_КЛЮЧИ
Белгород,Пенза,23000,765,https://city2city.ru/belgorod-penza,A,A,ВЫСОКАЯ,ТОЧНЫЕ_КЛЮЧИ
Йошкар-Ола,Саратов,23000,765,https://city2city.ru/joshkar-ola-saratov,B,A,СРЕДНЯЯ,ТОЧНЫЕ_КЛЮЧИ
Пенза,Белгород,23000,775,https://city2city.ru/penza-belgorod,A,A,ВЫСОКАЯ,ТОЧНЫЕ_КЛЮЧИ
Ульяновск,Рязань,23000,765,https://city2city.ru/ulyanovsk-ryazan,A,A,ВЫСОКАЯ,ТОЧНЫЕ_КЛЮЧИ
Казань,52А-3,22800,760,https://city2city.ru/kazan-granicza-kazaxstan,A,B,СРЕДНЯЯ,ТОЧНЫЕ_КЛЮЧИ
Хабаровск,Владивосток,22800,760,https://city2city.ru/xabarovsk-vladivostok,A,B,СРЕДНЯЯ,ТОЧНЫЕ_КЛЮЧИ
Челябинск,Ижевск,22600,755,https://city2city.ru/chelyabinsk-izhevsk,A,A,ВЫСОКАЯ,ТОЧНЫЕ_КЛЮЧИ
Ижевск,Челябинск,22600,755,https://city2city.ru/izhevsk-chelyabinsk,A,A,ВЫСОКАЯ,ТОЧНЫЕ_КЛЮЧИ
Владивосток,Хабаровск,22600,755,https://city2city.ru/vladivostok-habarovsk,B,A,СРЕДНЯЯ,ТОЧНЫЕ_КЛЮЧИ
Киров,Уфа,22500,750,https://city2city.ru/kirov-ufa,A,A,ВЫСОКАЯ,ТОЧНЫЕ_КЛЮЧИ
Киров,Вологда,22500,745,https://city2city.ru/kirov-vologda,A,B,СРЕДНЯЯ,ТОЧНЫЕ_КЛЮЧИ
Липецк,Самара,22500,750,https://city2city.ru/lipeczk-samara,A,A,ВЫСОКАЯ,ТОЧНЫЕ_КЛЮЧИ
Оренбург,Челябинск,22500,750,https://city2city.ru/orenburg-chelyabinsk,A,A,ВЫСОКАЯ,ТОЧНЫЕ_КЛЮЧИ
Ростов-на-Дону,Тамбов,22500,750,https://city2city.ru/rostov-tambov,A,A,ВЫСОКАЯ,ТОЧНЫЕ_КЛЮЧИ
Уфа,Киров,22500,750,https://city2city.ru/ufa-kirov,A,A,ВЫСОКАЯ,ТОЧНЫЕ_КЛЮЧИ
Хабаровск,Владивосток,22500,750,https://city2city.ru/xabarovsk-vladivostok-2,A,B,СРЕДНЯЯ,ТОЧНЫЕ_КЛЮЧИ
Ярославль,Казань,22500,750,https://city2city.ru/yaroslavl-kazan,A,A,ВЫСОКАЯ,ТОЧНЫЕ_КЛЮЧИ
Челябинск,Оренбург,22400,745,https://city2city.ru/chelyabinsk-orenburg,A,A,ВЫСОКАЯ,ТОЧНЫЕ_КЛЮЧИ
Нижний Новгород,Воронеж,22200,740,https://city2city.ru/nizhnij-novgorod-voronezh,A,A,ВЫСОКАЯ,ТОЧНЫЕ_КЛЮЧИ
Воронеж,Нижний Новгород,22200,740,https://city2city.ru/voronezh-nizhnij-novgorod,A,A,ВЫСОКАЯ,ТОЧНЫЕ_КЛЮЧИ
Чебоксары,Пермь,22000,725,https://city2city.ru/cheboksary-perm,A,A,ВЫСОКАЯ,ТОЧНЫЕ_КЛЮЧИ
Киров,Тольятти,22000,740,https://city2city.ru/kirov-tolyatti,A,B,СРЕДНЯЯ,ТОЧНЫЕ_КЛЮЧИ
Курск,Пенза,22000,735,https://city2city.ru/kursk-penza,A,A,ВЫСОКАЯ,ТОЧНЫЕ_КЛЮЧИ
Оренбург,Ижевск,22000,725,https://city2city.ru/orenburg-izhevsk,A,A,ВЫСОКАЯ,ТОЧНЫЕ_КЛЮЧИ
Саратов,Курск,22000,740,https://city2city.ru/saratov-kursk,A,A,ВЫСОКАЯ,ТОЧНЫЕ_КЛЮЧИ
Воронеж,Иваново,22000,740,https://city2city.ru/voronezh-ivanovo,A,A,ВЫСОКАЯ,ТОЧНЫЕ_КЛЮЧИ
Хабаровск,Благовещенск,22000,730,https://city2city.ru/xabarovsk-blagoveshhensk-2,A,B,СРЕДНЯЯ,ТОЧНЫЕ_КЛЮЧИ
Казань,Оренбург,21900,730,https://city2city.ru/kazan-orenburg,A,A,ВЫСОКАЯ,ТОЧНЫЕ_КЛЮЧИ
Курган,Пермь,21900,730,https://city2city.ru/kurgan-perm,B,A,СРЕДНЯЯ,ТОЧНЫЕ_КЛЮЧИ
Пермь,Курган,21900,730,https://city2city.ru/perm-kurgan,A,B,СРЕДНЯЯ,ТОЧНЫЕ_КЛЮЧИ
Ижевск,Оренбург,21800,725,https://city2city.ru/izhevsk-orenburg,A,A,ВЫСОКАЯ,ТОЧНЫЕ_КЛЮЧИ
Благовещенск,Хабаровск,21600,720,https://city2city.ru/blagoveshhensk-xabarovsk,B,A,СРЕДНЯЯ,ТОЧНЫЕ_КЛЮЧИ
Оренбург,Казань,21600,720,https://city2city.ru/orenburg-kazan,A,A,ВЫСОКАЯ,ТОЧНЫЕ_КЛЮЧИ
Хабаровск,Благовещенск,21600,720,https://city2city.ru/xabarovsk-blagoveshhensk,A,B,СРЕДНЯЯ,ТОЧНЫЕ_КЛЮЧИ
Казань,Кострома,21500,715,https://city2city.ru/kazan-kostroma,A,A,ВЫСОКАЯ,ТОЧНЫЕ_КЛЮЧИ
Кострома,Казань,21500,715,https://city2city.ru/kostroma-kazan,A,A,ВЫСОКАЯ,ТОЧНЫЕ_КЛЮЧИ
Самара,Тамбов,21500,710,https://city2city.ru/samara-tambov,A,A,ВЫСОКАЯ,ТОЧНЫЕ_КЛЮЧИ
Саранск,Волгоград,21500,710,https://city2city.ru/saransk-volgograd,A,A,ВЫСОКАЯ,ТОЧНЫЕ_КЛЮЧИ
Уфа,Йошкар-Ола,21500,715,https://city2city.ru/ufa-joshkar-ola,A,B,СРЕДНЯЯ,ТОЧНЫЕ_КЛЮЧИ
Киров,Саранск,21400,715,https://city2city.ru/kirov-saransk,A,A,ВЫСОКАЯ,ТОЧНЫЕ_КЛЮЧИ
Саранск,Киров,21400,715,https://city2city.ru/saransk-kirov,A,A,ВЫСОКАЯ,ТОЧНЫЕ_КЛЮЧИ
Санкт-Петербург,Москва,21200,705,https://city2city.ru/sankt-peterburg-moskva,A,A,ВЫСОКАЯ,ТОЧНЫЕ_КЛЮЧИ
Брянск,Псков,21000,705,https://city2city.ru/bryansk-pskov,A,A,ВЫСОКАЯ,ТОЧНЫЕ_КЛЮЧИ
Йошкар-Ола,Ярославль,21000,700,https://city2city.ru/joshkar-ola-yaroslavl,B,A,СРЕДНЯЯ,ТОЧНЫЕ_КЛЮЧИ
Липецк,Ростов-на-Дону,21000,700,https://city2city.ru/lipeczk-rostov-na-donu,A,A,ВЫСОКАЯ,ТОЧНЫЕ_КЛЮЧИ
Нижний Новгород,Самара,21000,700,https://city2city.ru/nizhnij-novgorod-samara,A,A,ВЫСОКАЯ,ТОЧНЫЕ_КЛЮЧИ
Самара,Нижний Новгород,21000,700,https://city2city.ru/samara-nizhnij-novgorod,A,A,ВЫСОКАЯ,ТОЧНЫЕ_КЛЮЧИ
Саранск,52А-3,21000,700,https://city2city.ru/saransk-granicza-kazaxstan,A,B,СРЕДНЯЯ,ТОЧНЫЕ_КЛЮЧИ
Тверь,Курск,21000,700,https://city2city.ru/tver-kursk,A,A,ВЫСОКАЯ,ТОЧНЫЕ_КЛЮЧИ
Тверь,Воронеж,21000,695,https://city2city.ru/tver-voronezh,A,A,ВЫСОКАЯ,ТОЧНЫЕ_КЛЮЧИ
Уфа,Чебоксары,21000,700,https://city2city.ru/ufa-cheboksary,A,A,ВЫСОКАЯ,ТОЧНЫЕ_КЛЮЧИ
Ярославль,Киров,21000,700,https://city2city.ru/yaroslavl-kirov,A,A,ВЫСОКАЯ,ТОЧНЫЕ_КЛЮЧИ
Кострома,Великий Новгород,20800,695,https://city2city.ru/kostroma-velikij-novgorod,A,B,СРЕДНЯЯ,ТОЧНЫЕ_КЛЮЧИ
Уфа,Курган,20800,695,https://city2city.ru/ufa-kurgan,A,B,СРЕДНЯЯ,ТОЧНЫЕ_КЛЮЧИ
Воронеж,Смоленск,20800,695,https://city2city.ru/voronezh-smolensk,A,A,ВЫСОКАЯ,ТОЧНЫЕ_КЛЮЧИ
Курск,Тверь,20700,690,https://city2city.ru/kursk-tver,A,A,ВЫСОКАЯ,ТОЧНЫЕ_КЛЮЧИ
Ярославль,Йошкар-Ола,20700,690,https://city2city.ru/yaroslavl-joshkar-ola,A,B,СРЕДНЯЯ,ТОЧНЫЕ_КЛЮЧИ
Смоленск,Воронеж,20600,685,https://city2city.ru/smolensk-voronezh,A,A,ВЫСОКАЯ,ТОЧНЫЕ_КЛЮЧИ
Ульяновск,Иваново,20600,685,https://city2city.ru/ulyanovsk-ivanovo,A,A,ВЫСОКАЯ,ТОЧНЫЕ_КЛЮЧИ
Элиста,Анапа,20500,690,https://city2city.ru/elista-anapa,A,B,СРЕДНЯЯ,ТОЧНЫЕ_КЛЮЧИ
Йошкар-Ола,Уфа,20500,685,https://city2city.ru/joshkar-ola-ufa,B,A,СРЕДНЯЯ,ТОЧНЫЕ_КЛЮЧИ
Тюмень,Пермь,20500,690,https://city2city.ru/tyumen-perm,A,A,ВЫСОКАЯ,ТОЧНЫЕ_КЛЮЧИ
Ханты-Мансийск,Тюмень,20500,680,https://city2city.ru/xanty-mansijsk-tyumen,B,A,СРЕДНЯЯ,ТОЧНЫЕ_КЛЮЧИ
Саратов,Казань,20400,680,https://city2city.ru/saratov-kazan,A,A,ВЫСОКАЯ,ТОЧНЫЕ_КЛЮЧИ
Белгород,Смоленск,20100,670,https://city2city.ru/belgorod-smolensk,A,A,ВЫСОКАЯ,ТОЧНЫЕ_КЛЮЧИ
Белгород,Смоленск,20100,670,https://city2city.ru/belgorod-smolensk-2,A,A,ВЫСОКАЯ,ТОЧНЫЕ_КЛЮЧИ
Иваново,Ульяновск,20100,670,https://city2city.ru/ivanovo-ulyanovsk,A,A,ВЫСОКАЯ,ТОЧНЫЕ_КЛЮЧИ
Саратов,Нижний Новгород,20100,670,https://city2city.ru/saratov-nizhnij-novgorod,A,A,ВЫСОКАЯ,ТОЧНЫЕ_КЛЮЧИ
Нижний Новгород,Тольятти,20000,660,https://city2city.ru/nizhnij-novgorod-tolyatti,A,B,СРЕДНЯЯ,ТОЧНЫЕ_КЛЮЧИ
Санкт-Петербург,Вологда,20000,660,https://city2city.ru/sankt-peterburg-vologda,A,B,СРЕДНЯЯ,ТОЧНЫЕ_КЛЮЧИ
Саратов,Элиста,20000,670,https://city2city.ru/saratov-elista,A,A,ВЫСОКАЯ,ТОЧНЫЕ_КЛЮЧИ
Саратов,Рязань,20000,660,https://city2city.ru/saratov-ryazan,A,A,ВЫСОКАЯ,ТОЧНЫЕ_КЛЮЧИ
Белгород,Москва,19800,660,https://city2city.ru/belgorod-moskva,A,A,ВЫСОКАЯ,ТОЧНЫЕ_КЛЮЧИ
Смоленск,Белгород,19800,660,https://city2city.ru/smolensk-belgorod,A,A,ВЫСОКАЯ,ТОЧНЫЕ_КЛЮЧИ
Тула,Пенза,19800,659,https://city2city.ru/tula-penza,A,A,ВЫСОКАЯ,ТОЧНЫЕ_КЛЮЧИ
Казань,Саратов,19600,655,https://city2city.ru/kazan-saratov,A,A,ВЫСОКАЯ,ТОЧНЫЕ_КЛЮЧИ
Ульяновск,Оренбург,19600,655,https://city2city.ru/ulyanovsk-orenburg,A,A,ВЫСОКАЯ,ТОЧНЫЕ_КЛЮЧИ
Вологда,Санкт-Петербург,19600,655,https://city2city.ru/vologda-sankt-peterburg,B,A,СРЕДНЯЯ,ТОЧНЫЕ_КЛЮЧИ
Липецк,Тверь,19500,650,https://city2city.ru/lipeczk-tver,A,A,ВЫСОКАЯ,ТОЧНЫЕ_КЛЮЧИ
Липецк,Волгоград,19500,650,https://city2city.ru/lipeczk-volgograd,A,A,ВЫСОКАЯ,ТОЧНЫЕ_КЛЮЧИ
Оренбург,Ульяновск,19500,650,https://city2city.ru/orenburg-ulyanovsk,A,A,ВЫСОКАЯ,ТОЧНЫЕ_КЛЮЧИ
Рязань,Чебоксары,19500,650,https://city2city.ru/ryazan-cheboksary,A,A,ВЫСОКАЯ,ТОЧНЫЕ_КЛЮЧИ
Волгоград,Липецк,19500,650,https://city2city.ru/volgograd-lipeczk,A,A,ВЫСОКАЯ,ТОЧНЫЕ_КЛЮЧИ
Москва,Пенза,19400,645,https://city2city.ru/moskva-penza,A,A,ВЫСОКАЯ,ТОЧНЫЕ_КЛЮЧИ
Пенза,Москва,19400,645,https://city2city.ru/penza-moskva,A,A,ВЫСОКАЯ,ТОЧНЫЕ_КЛЮЧИ
Белгород,Рязань,19000,640,https://city2city.ru/belgorod-ryazan,A,A,ВЫСОКАЯ,ТОЧНЫЕ_КЛЮЧИ
Иваново,Казань,19000,635,https://city2city.ru/ivanovo-kazan,A,A,ВЫСОКАЯ,ТОЧНЫЕ_КЛЮЧИ
Нижний Новгород,Саратов,19000,640,https://city2city.ru/nizhniy_novgorod-saratov,A,A,ВЫСОКАЯ,ТОЧНЫЕ_КЛЮЧИ
Пенза,Тула,19000,625,https://city2city.ru/penza-tula,A,A,ВЫСОКАЯ,ТОЧНЫЕ_КЛЮЧИ
Саранск,Москва,19000,635,https://city2city.ru/saransk-moskva,A,A,ВЫСОКАЯ,ТОЧНЫЕ_КЛЮЧИ
Тамбов,Тольятти,19000,635,https://city2city.ru/tambov-tolyatti,A,B,СРЕДНЯЯ,ТОЧНЫЕ_КЛЮЧИ
Воронеж,Саранск,19000,630,https://city2city.ru/voronezh-saransk,A,A,ВЫСОКАЯ,ТОЧНЫЕ_КЛЮЧИ
Ярославль,Орёл,19000,640,https://city2city.ru/yaroslavl-oryol,A,A,ВЫСОКАЯ,ТОЧНЫЕ_КЛЮЧИ
Москва,Саранск,18900,630,https://city2city.ru/moskva-saransk,A,A,ВЫСОКАЯ,ТОЧНЫЕ_КЛЮЧИ
Владимир,Воронеж,18800,625,https://city2city.ru/vladimir-voronezh,A,A,ВЫСОКАЯ,ТОЧНЫЕ_КЛЮЧИ
Воронеж,Владимир,18800,625,https://city2city.ru/voronezh-vladimir,A,A,ВЫСОКАЯ,ТОЧНЫЕ_КЛЮЧИ
Йошкар-Ола,Кострома,18600,620,https://city2city.ru/joshkar-ola-kostroma,B,A,СРЕДНЯЯ,ТОЧНЫЕ_КЛЮЧИ
Казань,Владимир,18600,620,https://city2city.ru/kazan-vladimir,A,A,ВЫСОКАЯ,ТОЧНЫЕ_КЛЮЧИ
Киров,Ульяновск,18600,620,https://city2city.ru/kirov-ulyanovsk,A,A,ВЫСОКАЯ,ТОЧНЫЕ_КЛЮЧИ
Кострома,Йошкар-Ола,18600,620,https://city2city.ru/kostroma-joshkar-ola,A,B,СРЕДНЯЯ,ТОЧНЫЕ_КЛЮЧИ
Ульяновск,Киров,18600,620,https://city2city.ru/ulyanovsk-kirov,A,A,ВЫСОКАЯ,ТОЧНЫЕ_КЛЮЧИ
Владимир,Казань,18600,620,https://city2city.ru/vladimir-kazan,A,A,ВЫСОКАЯ,ТОЧНЫЕ_КЛЮЧИ
Кострома,Киров,18500,615,https://city2city.ru/kostroma-kirov,A,A,ВЫСОКАЯ,ТОЧНЫЕ_КЛЮЧИ
Нижний Новгород,Тула,18500,610,https://city2city.ru/nizhnij-novgorod-tula,A,A,ВЫСОКАЯ,ТОЧНЫЕ_КЛЮЧИ
Нижний Новгород,Тверь,18500,610,https://city2city.ru/nizhnij-novgorod-tver,A,A,ВЫСОКАЯ,ТОЧНЫЕ_КЛЮЧИ
Тамбов,Ульяновск,18500,610,https://city2city.ru/tambov-ulyanovsk,A,A,ВЫСОКАЯ,ТОЧНЫЕ_КЛЮЧИ
Иваново,Липецк,18300,610,https://city2city.ru/ivanovo-lipeczk,A,A,ВЫСОКАЯ,ТОЧНЫЕ_КЛЮЧИ
Липецк,Иваново,18300,610,https://city2city.ru/lipeczk-ivanovo,A,A,ВЫСОКАЯ,ТОЧНЫЕ_КЛЮЧИ
Липецк,Нижний Новгород,18300,610,https://city2city.ru/lipeczk-nizhnij-novgorod,A,A,ВЫСОКАЯ,ТОЧНЫЕ_КЛЮЧИ
Нижний Новгород,Липецк,18300,610,https://city2city.ru/nizhnij-novgorod-lipeczk,A,A,ВЫСОКАЯ,ТОЧНЫЕ_КЛЮЧИ
Тула,Нижний Новгород,18000,600,https://city2city.ru/tula-nizhnij-novgorod,A,A,ВЫСОКАЯ,ТОЧНЫЕ_КЛЮЧИ
Ульяновск,52А-3,18000,600,https://city2city.ru/ulyanovsk-granicza-kazaxstan,A,B,СРЕДНЯЯ,ТОЧНЫЕ_КЛЮЧИ
Рязань,Смоленск,17700,590,https://city2city.ru/ryazan-smolensk,A,A,ВЫСОКАЯ,ТОЧНЫЕ_КЛЮЧИ
Смоленск,Рязань,17700,590,https://city2city.ru/smolensk-ryazan,A,A,ВЫСОКАЯ,ТОЧНЫЕ_КЛЮЧИ
Уфа,Ульяновск,17700,590,https://city2city.ru/ufa-ulyanovsk,A,A,ВЫСОКАЯ,ТОЧНЫЕ_КЛЮЧИ
Ижевск,Тольятти,17600,585,https://city2city.ru/izhevsk-tolyatti,A,B,СРЕДНЯЯ,ТОЧНЫЕ_КЛЮЧИ
Красноярск,Томск,17600,585,https://city2city.ru/krasnoyarsk-tomsk,A,B,СРЕДНЯЯ,ТОЧНЫЕ_КЛЮЧИ
Томск,Красноярск,17600,585,https://city2city.ru/tomsk-krasnojarsk,B,A,СРЕДНЯЯ,ТОЧНЫЕ_КЛЮЧИ
Ульяновск,Уфа,17600,585,https://city2city.ru/ulyanovsk-ufa,A,A,ВЫСОКАЯ,ТОЧНЫЕ_КЛЮЧИ
Киров,Нижний Новгород,17500,580,https://city2city.ru/kirov-nizhnij-novgorod,A,A,ВЫСОКАЯ,ТОЧНЫЕ_КЛЮЧИ
Нижний Новгород,Киров,17500,580,https://city2city.ru/nizhniy_novgorod-kirov,A,A,ВЫСОКАЯ,ТОЧНЫЕ_КЛЮЧИ
Пенза,Волгоград,17500,585,https://city2city.ru/penza-volgograd,A,A,ВЫСОКАЯ,ТОЧНЫЕ_КЛЮЧИ
Пермь,Казань,17500,590,https://city2city.ru/perm-kazan,A,A,ВЫСОКАЯ,ТОЧНЫЕ_КЛЮЧИ
Псков,Тверь,17500,580,https://city2city.ru/pskov-tver,A,A,ВЫСОКАЯ,ТОЧНЫЕ_КЛЮЧИ
Саратов,Липецк,17500,590,https://city2city.ru/saratov-lipeczk,A,A,ВЫСОКАЯ,ТОЧНЫЕ_КЛЮЧИ
Волгоград,Пенза,17500,585,https://city2city.ru/volgograd-penza,A,A,ВЫСОКАЯ,ТОЧНЫЕ_КЛЮЧИ
Волгоград,Воронеж,17500,580,https://city2city.ru/volgograd-voronezh,A,A,ВЫСОКАЯ,ТОЧНЫЕ_КЛЮЧИ
Воронеж,Волгоград,17500,580,https://city2city.ru/voronezh-volgograd,A,A,ВЫСОКАЯ,ТОЧНЫЕ_КЛЮЧИ
Астрахань,Ставрополь,17400,580,https://city2city.ru/astraxan-stavropol,A,A,ВЫСОКАЯ,ТОЧНЫЕ_КЛЮЧИ
Ростов-на-Дону,Воронеж,17400,580,https://city2city.ru/rostov-voronezh,A,A,ВЫСОКАЯ,ТОЧНЫЕ_КЛЮЧИ
Ставрополь,Астрахань,17400,580,https://city2city.ru/stavropol-astraxan,A,A,ВЫСОКАЯ,ТОЧНЫЕ_КЛЮЧИ
Ижевск,Екатеринбург,17100,570,https://city2city.ru/izhevsk-ekaterinburg,A,A,ВЫСОКАЯ,ТОЧНЫЕ_КЛЮЧИ
Йошкар-Ола,Иваново,17100,570,https://city2city.ru/joshkar-ola-ivanovo,B,A,СРЕДНЯЯ,ТОЧНЫЕ_КЛЮЧИ
Великий Новгород,Москва,17100,570,https://city2city.ru/velikiy-novgorod-moskva,B,A,СРЕДНЯЯ,ТОЧНЫЕ_КЛЮЧИ
Воронеж,Ростов-на-Дону,17100,570,https://city2city.ru/voronezh-rostov-na-donu,A,A,ВЫСОКАЯ,ТОЧНЫЕ_КЛЮЧИ
Екатеринбург,Ижевск,17000,565,https://city2city.ru/ekaterinburg-izhevsk,A,A,ВЫСОКАЯ,ТОЧНЫЕ_КЛЮЧИ
Ижевск,Ульяновск,17000,570,https://city2city.ru/izhevsk-ulyanovsk,A,A,ВЫСОКАЯ,ТОЧНЫЕ_КЛЮЧИ
Нижний Новгород,Вологда,17000,560,https://city2city.ru/nizhnij-novgorod-vologda,A,B,СРЕДНЯЯ,ТОЧНЫЕ_КЛЮЧИ
Пенза,Йошкар-Ола,17000,560,https://city2city.ru/penza-joshkar-ola,A,B,СРЕДНЯЯ,ТОЧНЫЕ_КЛЮЧИ
Ростов-на-Дону,Адлер,17000,570,https://city2city.ru/rostov-adler,A,B,СРЕДНЯЯ,ТОЧНЫЕ_КЛЮЧИ
Ульяновск,Ижевск,17000,570,https://city2city.ru/ulyanovsk-izhevsk,A,A,ВЫСОКАЯ,ТОЧНЫЕ_КЛЮЧИ
Иваново,Пенза,16800,561,https://city2city.ru/ivanovo-penza,A,A,ВЫСОКАЯ,ТОЧНЫЕ_КЛЮЧИ
Пенза,52А-3,16800,560,https://city2city.ru/penza-granicza-kazaxstan,A,B,СРЕДНЯЯ,ТОЧНЫЕ_КЛЮЧИ
Самара,Ижевск,16600,555,https://city2city.ru/samara-izhevsk,A,A,ВЫСОКАЯ,ТОЧНЫЕ_КЛЮЧИ
Ижевск,Самара,16500,555,https://city2city.ru/izhevsk-samara,A,A,ВЫСОКАЯ,ТОЧНЫЕ_КЛЮЧИ
Орёл,Владимир,16500,550,https://city2city.ru/oryol-vladimir,A,A,ВЫСОКАЯ,ТОЧНЫЕ_КЛЮЧИ
Ростов-на-Дону,Сочи,16500,550,https://city2city.ru/rostov-sochi,A,B,СРЕДНЯЯ,ТОЧНЫЕ_КЛЮЧИ
Уфа,Казань,16500,550,https://city2city.ru/ufa-kazan,A,A,ВЫСОКАЯ,ТОЧНЫЕ_КЛЮЧИ
Владимир,Орёл,16500,550,https://city2city.ru/vladimir-oryol,A,A,ВЫСОКАЯ,ТОЧНЫЕ_КЛЮЧИ
Волгоград,Ставрополь,16500,555,https://city2city.ru/volgograd-stavropol,A,A,ВЫСОКАЯ,ТОЧНЫЕ_КЛЮЧИ
Иваново,Йошкар-Ола,16200,540,https://city2city.ru/ivanovo-joshkar-ola,A,B,СРЕДНЯЯ,ТОЧНЫЕ_КЛЮЧИ
Санкт-Петербург,Тверь,16200,540,https://city2city.ru/sankt-peterburg-tver,A,A,ВЫСОКАЯ,ТОЧНЫЕ_КЛЮЧИ
Нижний Новгород,Тамбов,16000,540,https://city2city.ru/nizhnij-novgorod-tambov,A,A,ВЫСОКАЯ,ТОЧНЫЕ_КЛЮЧИ
Рязань,Брянск,16000,535,https://city2city.ru/ryazan-bryansk,A,A,ВЫСОКАЯ,ТОЧНЫЕ_КЛЮЧИ
Самара,Йошкар-Ола,16000,525,https://city2city.ru/samara-joshkar-ola,A,B,СРЕДНЯЯ,ТОЧНЫЕ_КЛЮЧИ
Смоленск,Курск,16000,525,https://city2city.ru/smolensk-kursk,A,A,ВЫСОКАЯ,ТОЧНЫЕ_КЛЮЧИ
Тамбов,Нижний Новгород,16000,540,https://city2city.ru/tambov-nizhnij-novgorod,A,A,ВЫСОКАЯ,ТОЧНЫЕ_КЛЮЧИ
Тверь,Санкт-Петербург,16000,535,https://city2city.ru/tver-sankt-peterburg,A,A,ВЫСОКАЯ,ТОЧНЫЕ_КЛЮЧИ
Тверь,Вологда,16000,525,https://city2city.ru/tver-vologda,A,B,СРЕДНЯЯ,ТОЧНЫЕ_КЛЮЧИ
Казань,Пенза,15900,530,https://city2city.ru/kazan-penza,A,A,ВЫСОКАЯ,ТОЧНЫЕ_КЛЮЧИ
Красноярск,Кемерово,15900,530,https://city2city.ru/krasnoyarsk-kemerovo,A,B,СРЕДНЯЯ,ТОЧНЫЕ_КЛЮЧИ
Пенза,Казань,15900,530,https://city2city.ru/penza-kazan,A,A,ВЫСОКАЯ,ТОЧНЫЕ_КЛЮЧИ
Рязань,Курск,15900,530,https://city2city.ru/ryazan-kursk,A,A,ВЫСОКАЯ,ТОЧНЫЕ_КЛЮЧИ
Кемерово,Красноярск,15800,525,https://city2city.ru/kemerovo-krasnoyarsk,B,A,СРЕДНЯЯ,ТОЧНЫЕ_КЛЮЧИ
Тамбов,Волгоград,15800,525,https://city2city.ru/tambov-volgograd,A,A,ВЫСОКАЯ,ТОЧНЫЕ_КЛЮЧИ
Волгоград,Тамбов,15800,525,https://city2city.ru/volgograd-tambov,A,A,ВЫСОКАЯ,ТОЧНЫЕ_КЛЮЧИ
Брянск,Тверь,15600,520,https://city2city.ru/bryansk-tver,A,A,ВЫСОКАЯ,ТОЧНЫЕ_КЛЮЧИ
Курск,Рязань,15600,520,https://city2city.ru/kursk-ryazan,A,A,ВЫСОКАЯ,ТОЧНЫЕ_КЛЮЧИ
Тверь,Брянск,15600,520,https://city2city.ru/tver-bryansk,A,A,ВЫСОКАЯ,ТОЧНЫЕ_КЛЮЧИ
Чебоксары,Ижевск,15500,520,https://city2city.ru/cheboksary-izhevsk,A,A,ВЫСОКАЯ,ТОЧНЫЕ_КЛЮЧИ
Калуга,Белгород,15500,515,https://city2city.ru/kaluga-belgorod,A,A,ВЫСОКАЯ,ТОЧНЫЕ_КЛЮЧИ
Пенза,Воронеж,15500,510,https://city2city.ru/penza-voronezh,A,A,ВЫСОКАЯ,ТОЧНЫЕ_КЛЮЧИ
Ставрополь,Адлер,15500,510,https://city2city.ru/stavropol-adler,A,B,СРЕДНЯЯ,ТОЧНЫЕ_КЛЮЧИ
Воронеж,Пенза,15500,510,https://city2city.ru/voronezh-penza,A,A,ВЫСОКАЯ,ТОЧНЫЕ_КЛЮЧИ
Саратов,Воронеж,15400,515,https://city2city.ru/saratov-voronezh,A,A,ВЫСОКАЯ,ТОЧНЫЕ_КЛЮЧИ
Воронеж,Москва,15400,515,https://city2city.ru/voronezh-moskva,A,A,ВЫСОКАЯ,ТОЧНЫЕ_КЛЮЧИ
Воронеж,Саратов,15400,515,https://city2city.ru/voronezh-saratov,A,A,ВЫСОКАЯ,ТОЧНЫЕ_КЛЮЧИ
Краснодар,Элиста,15300,510,https://city2city.ru/krasnodar-elista,A,A,ВЫСОКАЯ,ТОЧНЫЕ_КЛЮЧИ
Оренбург,Тольятти,15200,505,https://city2city.ru/orenburg-tolyatti,A,B,СРЕДНЯЯ,ТОЧНЫЕ_КЛЮЧИ
Пермь,Уфа,15200,505,https://city2city.ru/perm-ufa,A,A,ВЫСОКАЯ,ТОЧНЫЕ_КЛЮЧИ
Белгород,Калуга,15000,505,https://city2city.ru/belgorod-kaluga,A,A,ВЫСОКАЯ,ТОЧНЫЕ_КЛЮЧИ
Ижевск,Йошкар-Ола,15000,495,https://city2city.ru/izhevsk-joshkar-ola,A,B,СРЕДНЯЯ,ТОЧНЫЕ_КЛЮЧИ
Уфа,Тольятти,15000,500,https://city2city.ru/ufa-tolyatti,A,B,СРЕДНЯЯ,ТОЧНЫЕ_КЛЮЧИ
Владимир,Липецк,15000,500,https://city2city.ru/vladimir-lipeczk,A,A,ВЫСОКАЯ,ТОЧНЫЕ_КЛЮЧИ
Волгоград,Ростов-на-Дону,14700,490,https://city2city.ru/volgograd-rostov-na-donu,A,A,ВЫСОКАЯ,ТОЧНЫЕ_КЛЮЧИ
Ставрополь,Сочи,14600,485,https://city2city.ru/stavropol-sochi,A,B,СРЕДНЯЯ,ТОЧНЫЕ_КЛЮЧИ
Белгород,Тула,14500,485,https://city2city.ru/belgorod-tula,A,A,ВЫСОКАЯ,ТОЧНЫЕ_КЛЮЧИ
Киров,Пермь,14500,490,https://city2city.ru/kirov-perm,A,A,ВЫСОКАЯ,ТОЧНЫЕ_КЛЮЧИ
Пермь,Киров,14500,490,https://city2city.ru/perm-kirov,A,A,ВЫСОКАЯ,ТОЧНЫЕ_КЛЮЧИ
Тула,Белгород,14500,490,https://city2city.ru/tula-belgorod,A,A,ВЫСОКАЯ,ТОЧНЫЕ_КЛЮЧИ
Самара,Саранск,14400,480,https://city2city.ru/samara-saransk,A,A,ВЫСОКАЯ,ТОЧНЫЕ_КЛЮЧИ
Саранск,Самара,14400,480,https://city2city.ru/saransk-samara,A,A,ВЫСОКАЯ,ТОЧНЫЕ_КЛЮЧИ
Белгород,Тамбов,14200,475,https://city2city.ru/belgorod-tambov,A,A,ВЫСОКАЯ,ТОЧНЫЕ_КЛЮЧИ
Ставрополь,Анапа,14200,475,https://city2city.ru/stavropol-anapa,A,B,СРЕДНЯЯ,ТОЧНЫЕ_КЛЮЧИ
Тамбов,Белгород,14200,475,https://city2city.ru/tambov-belgorod,A,A,ВЫСОКАЯ,ТОЧНЫЕ_КЛЮЧИ
Липецк,Москва,14100,470,https://city2city.ru/lipeczk-moskva,A,A,ВЫСОКАЯ,ТОЧНЫЕ_КЛЮЧИ
Пенза,Чебоксары,14100,470,https://city2city.ru/penza-cheboksary,A,A,ВЫСОКАЯ,ТОЧНЫЕ_КЛЮЧИ
Чебоксары,Пенза,14000,470,https://city2city.ru/cheboksary-penza,A,A,ВЫСОКАЯ,ТОЧНЫЕ_КЛЮЧИ
Иваново,Тула,14000,475,https://city2city.ru/ivanovo-tula,A,A,ВЫСОКАЯ,ТОЧНЫЕ_КЛЮЧИ
Курск,Тамбов,14000,460,https://city2city.ru/kursk-tambov,A,A,ВЫСОКАЯ,ТОЧНЫЕ_КЛЮЧИ
Псков,Смоленск,14000,460,https://city2city.ru/pskov-smolensk,A,A,ВЫСОКАЯ,ТОЧНЫЕ_КЛЮЧИ
Ростов-на-Дону,Волгоград,14000,470,https://city2city.ru/rostov-volgograd,A,A,ВЫСОКАЯ,ТОЧНЫЕ_КЛЮЧИ
Рязань,Кострома,14000,460,https://city2city.ru/ryazan-kostroma,A,A,ВЫСОКАЯ,ТОЧНЫЕ_КЛЮЧИ
Рязань,Ярославль,14000,465,https://city2city.ru/ryazan-yaroslavl,A,A,ВЫСОКАЯ,ТОЧНЫЕ_КЛЮЧИ
Саратов,Ульяновск,14000,465,https://city2city.ru/saratov-ulyanovsk,A,A,ВЫСОКАЯ,ТОЧНЫЕ_КЛЮЧИ
Смоленск,Псков,14000,460,https://city2city.ru/smolensk-pskov,A,A,ВЫСОКАЯ,ТОЧНЫЕ_КЛЮЧИ
Ярославль,Рязань,14000,470,https://city2city.ru/yaroslavl-ryazan,A,A,ВЫСОКАЯ,ТОЧНЫЕ_КЛЮЧИ
Москва,Вологда,13800,460,https://city2city.ru/moskva-vologda,A,B,СРЕДНЯЯ,ТОЧНЫЕ_КЛЮЧИ
Самара,Уфа,13800,460,https://city2city.ru/samara-ufa,A,A,ВЫСОКАЯ,ТОЧНЫЕ_КЛЮЧИ
Ульяновск,Саратов,13800,460,https://city2city.ru/ulyanovsk-saratov,A,A,ВЫСОКАЯ,ТОЧНЫЕ_КЛЮЧИ
Вологда,Москва,13800,460,https://city2city.ru/vologda-moskva,B,A,СРЕДНЯЯ,ТОЧНЫЕ_КЛЮЧИ
Брянск,Воронеж,13500,445,https://city2city.ru/bryansk-voronezh,A,A,ВЫСОКАЯ,ТОЧНЫЕ_КЛЮЧИ
Элиста,Ростов-на-Дону,13500,450,https://city2city.ru/elista-rostov-na-donu,A,A,ВЫСОКАЯ,ТОЧНЫЕ_КЛЮЧИ
Кострома,Рязань,13500,455,https://city2city.ru/kostroma-ryazan,A,A,ВЫСОКАЯ,ТОЧНЫЕ_КЛЮЧИ
Пенза,Рязань,13500,450,https://city2city.ru/penza-ryazan,A,A,ВЫСОКАЯ,ТОЧНЫЕ_КЛЮЧИ
Ростов-на-Дону,Элиста,13500,450,https://city2city.ru/rostov-elista,A,A,ВЫСОКАЯ,ТОЧНЫЕ_КЛЮЧИ
Рязань,Пенза,13500,445,https://city2city.ru/ryazan-penza,A,A,ВЫСОКАЯ,ТОЧНЫЕ_КЛЮЧИ
Рязань,Саранск,13500,445,https://city2city.ru/ryazan-saransk,A,A,ВЫСОКАЯ,ТОЧНЫЕ_КЛЮЧИ
Саратов,Тамбов,13500,450,https://city2city.ru/saratov-tambov,A,A,ВЫСОКАЯ,ТОЧНЫЕ_КЛЮЧИ
Смоленск,Тула,13500,450,https://city2city.ru/smolensk-tula,A,A,ВЫСОКАЯ,ТОЧНЫЕ_КЛЮЧИ
Тула,Смоленск,13500,450,https://city2city.ru/tula-smolensk,A,A,ВЫСОКАЯ,ТОЧНЫЕ_КЛЮЧИ
Тула,Ярославль,13500,455,https://city2city.ru/tula-yaroslavl,A,A,ВЫСОКАЯ,ТОЧНЫЕ_КЛЮЧИ
Ярославль,Тула,13500,455,https://city2city.ru/yaroslavl-tula,A,A,ВЫСОКАЯ,ТОЧНЫЕ_КЛЮЧИ
Воронеж,Брянск,13400,445,https://city2city.ru/voronezh-bryansk,A,A,ВЫСОКАЯ,ТОЧНЫЕ_КЛЮЧИ
Брянск,Липецк,13000,430,https://city2city.ru/bryansk-lipeczk,A,A,ВЫСОКАЯ,ТОЧНЫЕ_КЛЮЧИ
Калуга,Воронеж,13000,435,https://city2city.ru/kaluga-voronezh,A,A,ВЫСОКАЯ,ТОЧНЫЕ_КЛЮЧИ
Липецк,Брянск,13000,430,https://city2city.ru/lipeczk-bryansk,A,A,ВЫСОКАЯ,ТОЧНЫЕ_КЛЮЧИ
Нижний Новгород,Москва,13000,440,https://city2city.ru/nizhnij-novgorod-moskva,A,A,ВЫСОКАЯ,ТОЧНЫЕ_КЛЮЧИ
Нижний Новгород,Рязань,13000,430,https://city2city.ru/nizhnij-novgorod-ryazan,A,A,ВЫСОКАЯ,ТОЧНЫЕ_КЛЮЧИ
Орёл,Тамбов,13000,430,https://city2city.ru/oryol-tambov,A,A,ВЫСОКАЯ,ТОЧНЫЕ_КЛЮЧИ
Ростов-на-Дону,Анапа,13000,430,https://city2city.ru/rostov-anapa,A,B,СРЕДНЯЯ,ТОЧНЫЕ_КЛЮЧИ
Тамбов,Орёл,13000,430,https://city2city.ru/tambov-oryol,A,A,ВЫСОКАЯ,ТОЧНЫЕ_КЛЮЧИ
Ульяновск,Нижний Новгород,13000,440,https://city2city.ru/ulyanovsk-nizhnij-novgorod,A,A,ВЫСОКАЯ,ТОЧНЫЕ_КЛЮЧИ
Владимир,Вологда,13000,425,https://city2city.ru/vladimir-vologda,A,B,СРЕДНЯЯ,ТОЧНЫЕ_КЛЮЧИ
Санкт-Петербург,Петрозаводск,12900,430,https://city2city.ru/sankt-peterburg-petrozavodsk,A,B,СРЕДНЯЯ,ТОЧНЫЕ_КЛЮЧИ
Астрахань,Волгоград,12800,425,https://city2city.ru/astraxan-volgograd,A,A,ВЫСОКАЯ,ТОЧНЫЕ_КЛЮЧИ
Ижевск,Киров,12800,425,https://city2city.ru/izhevsk-kirov,A,A,ВЫСОКАЯ,ТОЧНЫЕ_КЛЮЧИ
Киров,Ижевск,12800,425,https://city2city.ru/kirov-izhevsk,A,A,ВЫСОКАЯ,ТОЧНЫЕ_КЛЮЧИ
Петрозаводск,Санкт-Петербург,12800,425,https://city2city.ru/petrozavodsk-sankt-peterburg,B,A,СРЕДНЯЯ,ТОЧНЫЕ_КЛЮЧИ
Челябинск,Тюмень,12600,420,https://city2city.ru/chelyabinsk-tyumen,A,A,ВЫСОКАЯ,ТОЧНЫЕ_КЛЮЧИ
Пенза,Самара,12600,420,https://city2city.ru/penza-samara,A,A,ВЫСОКАЯ,ТОЧНЫЕ_КЛЮЧИ
Самара,Пенза,12600,420,https://city2city.ru/samara-penza,A,A,ВЫСОКАЯ,ТОЧНЫЕ_КЛЮЧИ
Брянск,Белгород,12500,420,https://city2city.ru/bryansk-belgorod,A,A,ВЫСОКАЯ,ТОЧНЫЕ_КЛЮЧИ
Киров,Сыктывкар,12500,415,https://city2city.ru/kirov-syktyvkar-2,A,B,СРЕДНЯЯ,ТОЧНЫЕ_КЛЮЧИ
Липецк,Пенза,12500,420,https://city2city.ru/lipeczk-penza,A,A,ВЫСОКАЯ,ТОЧНЫЕ_КЛЮЧИ
Пенза,Липецк,12500,420,https://city2city.ru/penza-lipeczk,A,A,ВЫСОКАЯ,ТОЧНЫЕ_КЛЮЧИ
Рязань,Нижний Новгород,12500,420,https://city2city.ru/ryazan-nizhnij-novgorod,A,A,ВЫСОКАЯ,ТОЧНЫЕ_КЛЮЧИ
Саранск,Казань,12500,420,https://city2city.ru/saransk-kazan,A,A,ВЫСОКАЯ,ТОЧНЫЕ_КЛЮЧИ
Саранск,Тольятти,12500,410,https://city2city.ru/saransk-tolyatti,A,B,СРЕДНЯЯ,ТОЧНЫЕ_КЛЮЧИ
Саратов,Тольятти,12500,420,https://city2city.ru/saratov-tolyatti,A,B,СРЕДНЯЯ,ТОЧНЫЕ_КЛЮЧИ
Смоленск,Тверь,12500,410,https://city2city.ru/smolensk-tver,A,A,ВЫСОКАЯ,ТОЧНЫЕ_КЛЮЧИ
Тверь,Смоленск,12500,410,https://city2city.ru/tver-smolensk,A,A,ВЫСОКАЯ,ТОЧНЫЕ_КЛЮЧИ
Вологда,Владимир,12500,410,https://city2city.ru/vologda-vladimir,B,A,СРЕДНЯЯ,ТОЧНЫЕ_КЛЮЧИ
Челябинск,Уфа,12400,415,https://city2city.ru/chelyabinsk-ufa,A,A,ВЫСОКАЯ,ТОЧНЫЕ_КЛЮЧИ
Киров,Сыктывкар,12400,415,https://city2city.ru/kirov-syktyvkar,A,B,СРЕДНЯЯ,ТОЧНЫЕ_КЛЮЧИ
Кострома,Тверь,12400,415,https://city2city.ru/kostroma-tver,A,A,ВЫСОКАЯ,ТОЧНЫЕ_КЛЮЧИ
Оренбург,Самара,12400,415,https://city2city.ru/orenburg-samara,A,A,ВЫСОКАЯ,ТОЧНЫЕ_КЛЮЧИ
Самара,Оренбург,12400,415,https://city2city.ru/samara-orenburg,A,A,ВЫСОКАЯ,ТОЧНЫЕ_КЛЮЧИ
Сыктывкар,Киров,12400,415,https://city2city.ru/syktyvkar-kirov,B,A,СРЕДНЯЯ,ТОЧНЫЕ_КЛЮЧИ
Тверь,Кострома,12400,415,https://city2city.ru/tver-kostroma,A,A,ВЫСОКАЯ,ТОЧНЫЕ_КЛЮЧИ
Самара,Саратов,12300,410,https://city2city.ru/samara-saratov,A,A,ВЫСОКАЯ,ТОЧНЫЕ_КЛЮЧИ
Саратов,Самара,12300,410,https://city2city.ru/saratov-samara,A,A,ВЫСОКАЯ,ТОЧНЫЕ_КЛЮЧИ
Чебоксары,Киров,12000,395,https://city2city.ru/cheboksary-kirov,A,A,ВЫСОКАЯ,ТОЧНЫЕ_КЛЮЧИ
Калуга,Липецк,12000,400,https://city2city.ru/kaluga-lipeczk,A,A,ВЫСОКАЯ,ТОЧНЫЕ_КЛЮЧИ
Липецк,Калуга,12000,400,https://city2city.ru/lipeczk-kaluga,A,A,ВЫСОКАЯ,ТОЧНЫЕ_КЛЮЧИ
Нижний Новгород,Ярославль,12000,400,https://city2city.ru/nizhniy_novgorod-yaroslavl,A,A,ВЫСОКАЯ,ТОЧНЫЕ_КЛЮЧИ
Смоленск,Москва,12000,400,https://city2city.ru/smolensk-moskva,A,A,ВЫСОКАЯ,ТОЧНЫЕ_КЛЮЧИ
Ярославль,Нижний Новгород,12000,400,https://city2city.ru/yaroslavl-nizhnij-novgorod,A,A,ВЫСОКАЯ,ТОЧНЫЕ_КЛЮЧИ
Киров,Казань,11800,395,https://city2city.ru/kirov-kazan,A,A,ВЫСОКАЯ,ТОЧНЫЕ_КЛЮЧИ
Нижний Новгород,Казань,11700,390,https://city2city.ru/nizhnij-novgorod-kazan,A,A,ВЫСОКАЯ,ТОЧНЫЕ_КЛЮЧИ
Белгород,Липецк,11500,385,https://city2city.ru/belgorod-lipeck,A,A,ВЫСОКАЯ,ТОЧНЫЕ_КЛЮЧИ
Элиста,52А-3,11500,380,https://city2city.ru/elista-granicza-kazaxstan,A,B,СРЕДНЯЯ,ТОЧНЫЕ_КЛЮЧИ
Киров,Чебоксары,11500,390,https://city2city.ru/kirov-cheboksary,A,A,ВЫСОКАЯ,ТОЧНЫЕ_КЛЮЧИ
Липецк,Белгород,11500,390,https://city2city.ru/lipeczk-belgorod,A,A,ВЫСОКАЯ,ТОЧНЫЕ_КЛЮЧИ
Орёл,Смоленск,11500,380,https://city2city.ru/oryol-smolensk,A,A,ВЫСОКАЯ,ТОЧНЫЕ_КЛЮЧИ
Рязань,Воронеж,11500,390,https://city2city.ru/ryazan-voronezh,A,A,ВЫСОКАЯ,ТОЧНЫЕ_КЛЮЧИ
Воронеж,Рязань,11500,390,https://city2city.ru/voronezh-ryazan,A,A,ВЫСОКАЯ,ТОЧНЫЕ_КЛЮЧИ
Смоленск,Орёл,11400,380,https://city2city.ru/smolensk-oryol,A,A,ВЫСОКАЯ,ТОЧНЫЕ_КЛЮЧИ
Оренбург,Уфа,11100,370,https://city2city.ru/orenburg-ufa,A,A,ВЫСОКАЯ,ТОЧНЫЕ_КЛЮЧИ
Тюмень,52А-3,11100,370,https://city2city.ru/tyumen-granicza-kazaxstan,A,B,СРЕДНЯЯ,ТОЧНЫЕ_КЛЮЧИ
Ижевск,Казань,11000,365,https://city2city.ru/izhevsk-kazan,A,A,ВЫСОКАЯ,ТОЧНЫЕ_КЛЮЧИ
Курган,Екатеринбург,11000,365,https://city2city.ru/kurgan-ekaterinburg,B,A,СРЕДНЯЯ,ТОЧНЫЕ_КЛЮЧИ
Курск,Калуга,11000,370,https://city2city.ru/kursk-kaluga,A,A,ВЫСОКАЯ,ТОЧНЫЕ_КЛЮЧИ
Орёл,Москва,11000,360,https://city2city.ru/oryol-moskva,A,A,ВЫСОКАЯ,ТОЧНЫЕ_КЛЮЧИ
Орёл,Рязань,11000,360,https://city2city.ru/oryol-ryazan,A,A,ВЫСОКАЯ,ТОЧНЫЕ_КЛЮЧИ
Рязань,Орёл,11000,360,https://city2city.ru/ryazan-oryol,A,A,ВЫСОКАЯ,ТОЧНЫЕ_КЛЮЧИ
Рязань,Тверь,11000,375,https://city2city.ru/ryazan-tver,A,A,ВЫСОКАЯ,ТОЧНЫЕ_КЛЮЧИ
Самара,Казань,11000,365,https://city2city.ru/samara-kazan,A,A,ВЫСОКАЯ,ТОЧНЫЕ_КЛЮЧИ
Саратов,Саранск,11000,360,https://city2city.ru/saratov-saransk,A,A,ВЫСОКАЯ,ТОЧНЫЕ_КЛЮЧИ
Саратов,Волгоград,11000,375,https://city2city.ru/saratov-volgograd,A,A,ВЫСОКАЯ,ТОЧНЫЕ_КЛЮЧИ
Тамбов,Тула,11000,370,https://city2city.ru/tambov-tula,A,A,ВЫСОКАЯ,ТОЧНЫЕ_КЛЮЧИ
Тула,Владимир,11000,360,https://city2city.ru/tula-vladimir,A,A,ВЫСОКАЯ,ТОЧНЫЕ_КЛЮЧИ
Тверь,Рязань,11000,375,https://city2city.ru/tver-ryazan,A,A,ВЫСОКАЯ,ТОЧНЫЕ_КЛЮЧИ
Тверь,Великий Новгород,11000,365,https://city2city.ru/tver-velikij-novgorod,A,B,СРЕДНЯЯ,ТОЧНЫЕ_КЛЮЧИ
Волгоград,Саратов,11000,375,https://city2city.ru/volgograd-saratov,A,A,ВЫСОКАЯ,ТОЧНЫЕ_КЛЮЧИ
Пермь,Екатеринбург,10800,360,https://city2city.ru/perm-ekaterinburg,A,A,ВЫСОКАЯ,ТОЧНЫЕ_КЛЮЧИ
Иваново,Рязань,10500,350,https://city2city.ru/ivanovo-ryazan,A,A,ВЫСОКАЯ,ТОЧНЫЕ_КЛЮЧИ
Йошкар-Ола,Нижний Новгород,10500,350,https://city2city.ru/joshkar-ola-nizhnij-novgorod,B,A,СРЕДНЯЯ,ТОЧНЫЕ_КЛЮЧИ
Калуга,Смоленск,10500,350,https://city2city.ru/kaluga-smolensk,A,A,ВЫСОКАЯ,ТОЧНЫЕ_КЛЮЧИ
Нижний Новгород,Кострома,10500,350,https://city2city.ru/nizhnij-novgorod-kostroma,A,A,ВЫСОКАЯ,ТОЧНЫЕ_КЛЮЧИ
Нижний Новгород,Йошкар-Ола,10500,350,https://city2city.ru/nizhniy_novgorod-yoshkar-ola,A,B,СРЕДНЯЯ,ТОЧНЫЕ_КЛЮЧИ
Пенза,Тольятти,10500,350,https://city2city.ru/penza-tolyatti,A,B,СРЕДНЯЯ,ТОЧНЫЕ_КЛЮЧИ
Рязань,Иваново,10500,350,https://city2city.ru/ryazan-ivanovo,A,A,ВЫСОКАЯ,ТОЧНЫЕ_КЛЮЧИ
Саратов,52А-3,10500,350,https://city2city.ru/saratov-granicza-kazaxstan,A,B,СРЕДНЯЯ,ТОЧНЫЕ_КЛЮЧИ
Смоленск,Калуга,10500,350,https://city2city.ru/smolensk-kaluga,A,A,ВЫСОКАЯ,ТОЧНЫЕ_КЛЮЧИ
Тула,Курск,10500,355,https://city2city.ru/tula-kursk,A,A,ВЫСОКАЯ,ТОЧНЫЕ_КЛЮЧИ
Тверь,Владимир,10500,350,https://city2city.ru/tver-vladimir,A,A,ВЫСОКАЯ,ТОЧНЫЕ_КЛЮЧИ
Воронеж,Тула,10500,345,https://city2city.ru/voronezh-tula,A,A,ВЫСОКАЯ,ТОЧНЫЕ_КЛЮЧИ
Курск,Тула,10400,345,https://city2city.ru/kursk-tula,A,A,ВЫСОКАЯ,ТОЧНЫЕ_КЛЮЧИ
Тула,Воронеж,10400,345,https://city2city.ru/tula-voronezh,A,A,ВЫСОКАЯ,ТОЧНЫЕ_КЛЮЧИ
Ижевск,Уфа,10200,340,https://city2city.ru/izhevsk-ufa,A,A,ВЫСОКАЯ,ТОЧНЫЕ_КЛЮЧИ
Ростов-на-Дону,Ставрополь,10200,340,https://city2city.ru/rostov-stavropol,A,A,ВЫСОКАЯ,ТОЧНЫЕ_КЛЮЧИ
Ставрополь,Ростов-на-Дону,10200,340,https://city2city.ru/stavropol-rostov-na-donu,A,A,ВЫСОКАЯ,ТОЧНЫЕ_КЛЮЧИ
Уфа,Ижевск,10200,340,https://city2city.ru/ufa-izhevsk,A,A,ВЫСОКАЯ,ТОЧНЫЕ_КЛЮЧИ
Воронеж,Орёл,10200,340,https://city2city.ru/voronezh-oryol,A,A,ВЫСОКАЯ,ТОЧНЫЕ_КЛЮЧИ
Брянск,Тула,10000,330,https://city2city.ru/bryansk-tula,A,A,ВЫСОКАЯ,ТОЧНЫЕ_КЛЮЧИ
Казань,Тольятти,10000,340,https://city2city.ru/kazan-tolyatti,A,B,СРЕДНЯЯ,ТОЧНЫЕ_КЛЮЧИ
Кострома,Москва,10000,335,https://city2city.ru/kostroma-moskva,A,A,ВЫСОКАЯ,ТОЧНЫЕ_КЛЮЧИ
Тверь,Ярославль,10000,335,https://city2city.ru/tver-yaroslavl,A,A,ВЫСОКАЯ,ТОЧНЫЕ_КЛЮЧИ
Ярославль,Тверь,10000,335,https://city2city.ru/yaroslavl-tver,A,A,ВЫСОКАЯ,ТОЧНЫЕ_КЛЮЧИ
