page_url,city_from,city_to,price,segment,total_freq
https://city2city.ru/kazan-leninogorsk,Казань,Лениногорск,8700,SEO_INVEST,42076
https://city2city.ru/kazan-elabuga,Казань,Елабуга,6300,SEO_HARD,42076
https://city2city.ru/ekaterinburg-sibaj,Екатеринбург,Сибай,17700,DIRECT_ONLY,40889
https://city2city.ru/ekaterinburg-irbit,Екатеринбург,Ирбит,6200,SEO_HARD,40889
https://city2city.ru/cheljabinsk-magnitogorsk,Челябинск,Магнитогорск,9300,SEO_HARD,28072
https://city2city.ru/cheljabinsk-uchaly,Челябинск,село Учалы,6300,SEO_HARD,28072
https://city2city.ru/cheljabinsk-sibaj,Челябинск,Сибай,11400,DIRECT_ONLY,28072
https://city2city.ru/cheljabinsk-beloreck,Челябинск,Белорецк,8600,SEO_HARD,28072
https://city2city.ru/cheljabinsk-kurgan,Челябинск,Курган,8100,SEO_HARD,28072
https://city2city.ru/rostov-rostov-velikij,Ростов-на-Дону,Ростов,39000,SEO_INVEST_DIRECT,19134
https://city2city.ru/donetsk-kirov,Донецк,Киров,56000,SEO_INVEST_DIRECT,10273
https://city2city.ru/donetsk-volgograd,Донецк,Волгоград,18600,DIRECT_ONLY,10273
https://city2city.ru/donetsk-chelyabinsk,Донецк,Челябинск,67500,SEO_INVEST_DIRECT,10273
https://city2city.ru/donetsk-saransk,Донецк,Саранск,35000,SEO_INVEST_DIRECT,10273
https://city2city.ru/donetsk-saratov,Донецк,Саратов,29000,SEO_INVEST_DIRECT,10273
https://city2city.ru/donetsk-yoshkar-ola,Донецк,Йошкар-Ола,47000,SEO_INVEST_DIRECT,10273
https://city2city.ru/donetsk-tambov,Донецк,Тамбов,26000,SEO_INVEST_DIRECT,10273
https://city2city.ru/donetsk-kazan,Донецк,Казань,47500,SEO_INVEST_DIRECT,10273
https://city2city.ru/donetsk-ufa,Донецк,Уфа,57300,SEO_INVEST_DIRECT,10273
https://city2city.ru/donetsk-ekaterinburg,Донецк,Екатеринбург,68500,SEO_INVEST_DIRECT,10273
https://city2city.ru/donetsk-orenburg,Донецк,Оренбург,53000,DIRECT_ONLY,10273
https://city2city.ru/donetsk-maykop,Донецк,Майкоп,22000,SEO_INVEST_DIRECT,10273
https://city2city.ru/donetsk-perm,Донецк,Пермь,66500,SEO_INVEST_DIRECT,10273
https://city2city.ru/ufa-oktjabrskij,Уфа,Октябрьский,6100,SEO_INVEST,1786
https://city2city.ru/bratsk-irkutsk,Братск,Иркутск,18500,SEO_INVEST_DIRECT,1371
https://city2city.ru/ufa-salavat,Уфа,Салават,5300,SEO_INVEST,1196
https://city2city.ru/ufa-kumertau,Уфа,Кумертау,7400,SEO_INVEST,1157
https://city2city.ru/ufa-sterlitamak,Уфа,Стерлитамак,4500,SEO_INVEST,1155
https://city2city.ru/ufa-belebej,Уфа,Белебей,6000,SEO_INVEST,1125
https://city2city.ru/ufa-tujmazy,Уфа,Туймазы,5800,SEO_INVEST,1077
https://city2city.ru/orenburg-orsk,Оренбург,Орск,8200,SEO_GOLD,1062
https://city2city.ru/izhevsk-kazan,Ижевск,Казань,11000,DIRECT_ONLY,1026
https://city2city.ru/ekaterinburg-chelyabinsk-2,Екатеринбург,Челябинск,6500,SEO_HARD,962
https://city2city.ru/chelyabinsk-ekaterinburg,Челябинск,Екатеринбург,6300,SEO_HARD,962
https://city2city.ru/ufa-beloreck,Уфа,Белорецк,7800,SEO_INVEST,860
https://city2city.ru/ufa-meleuz-2,Уфа,Мелеуз,6500,SEO_INVEST,835
https://city2city.ru/ufa-meleuz,Уфа,Мелеуз,6300,SEO_INVEST,835
https://city2city.ru/moskva-doneczk-rostovskaya-oblast,Москва,Донецк,29500,SEO_INVEST_DIRECT,818
https://city2city.ru/ufa-orenburg,Уфа,Оренбург,11100,SEO_INVEST_DIRECT,791
https://city2city.ru/orenburg-ufa,Оренбург,Уфа,11100,SEO_GOLD_DIRECT,791
https://city2city.ru/moskva-rostov-velikij,Москва,Ростов,32500,SEO_INVEST_DIRECT,723
https://city2city.ru/ufa-sibaj,Уфа,Сибай,12300,SEO_INVEST_DIRECT,721
https://city2city.ru/samara-buguruslan,Самара,Бугуруслан,5900,SEO_INVEST,706
https://city2city.ru/krasnodar-novorossijsk,Краснодар,Новороссийск,5000,SEO_INVEST,641
https://city2city.ru/ekaterinburg-chelyabinsk,международный аэропорт Кольцово Екатеринбург,Челябинск,6300,SEO_HARD,626
https://city2city.ru/uhta-syktyvkar,Ухта,Сыктывкар,9600,SEO_GOLD,537
https://city2city.ru/enisejsk-krasnojarsk,Енисейск,Красноярск,10200,DIRECT_ONLY,535
https://city2city.ru/moskva-tula,Москва,Тула,5500,SEO_INVEST,522
https://city2city.ru/tula-moskva,Тула,Москва,5500,SEO_INVEST,522
https://city2city.ru/kazan-almetevsk,Международный аэропорт Казань,Альметьевск,8000,SEO_HARD,479
https://city2city.ru/krasnoyarsk-enisejsk,Красноярск,Енисейск,10000,SEO_GOLD_DIRECT,476
https://city2city.ru/samara-tolyatti,Самара,Тольятти,4000,SEO_GOLD,475
https://city2city.ru/kazan-nizhnekamsk,Международный аэропорт Казань,Нижнекамск,6000,SEO_HARD,474
https://city2city.ru/kazan-nab_chelny,Международный аэропорт Казань,Набережные Челны,7500,SEO_HARD,464
https://city2city.ru/moskva-ryazan,Москва,Рязань,6000,SEO_INVEST,461
https://city2city.ru/kazan-bugulma,Международный аэропорт Казань,Бугульма,9600,SEO_HARD,459
https://city2city.ru/elista-volgograd,Элиста,Волгоград,8800,SEO_HARD,456
https://city2city.ru/orenburg-kumertau,Оренбург,Кумертау,5000,SEO_GOLD,456
https://city2city.ru/sankt-peterburg-moskva,Санкт-Петербург,Москва,21200,SEO_INVEST_DIRECT,449
https://city2city.ru/moskva-piter,Москва,Санкт-Петербург,21000,SEO_INVEST_DIRECT,449
https://city2city.ru/kazan-moskva,Казань,Москва,24300,DIRECT_ONLY,399
https://city2city.ru/kazan-samara,Международный аэропорт Казань,Самара,11200,DIRECT_ONLY,385
https://city2city.ru/samara-kazan,Самара,Казань,11000,SEO_GOLD_DIRECT,385
https://city2city.ru/izhevsk-ufa,Ижевск,Уфа,10200,DIRECT_ONLY,384
https://city2city.ru/sankt-peterburg-borovichi,Санкт-Петербург,Боровичи,9500,SEO_INVEST,382
https://city2city.ru/volgograd-uryupinsk,Волгоград,Урюпинск,10200,SEO_GOLD_DIRECT,369
https://city2city.ru/voronezh-moskva,Воронеж,Москва,15400,SEO_INVEST_DIRECT,366
https://city2city.ru/moskva-voronezh,Москва,Воронеж,15400,SEO_INVEST_DIRECT,366
https://city2city.ru/belgorod-moskva,Белгород,Москва,19800,SEO_INVEST_DIRECT,365
https://city2city.ru/samara-orenburg,Самара,Оренбург,12400,SEO_INVEST_DIRECT,359
https://city2city.ru/orenburg-samara,Оренбург,Самара,12400,SEO_INVEST_DIRECT,359
https://city2city.ru/ekaterinburg-irbit-2,Екатеринбург,Ирбит,6200,SEO_GOLD,341
https://city2city.ru/tomsk-kolpashevo,Томск,Колпашево,9600,SEO_INVEST,337
https://city2city.ru/tomsk-novosibirsk,Томск,Новосибирск,8000,SEO_INVEST,333
https://city2city.ru/ufa-magnitogorsk,Уфа,Магнитогорск,10200,SEO_INVEST_DIRECT,327
https://city2city.ru/joshkar-ola-kazan,Йошкар-Ола,Казань,4500,SEO_HARD,325
https://city2city.ru/nizhnij-novgorod-moskva,Нижний Новгород,Москва,13000,SEO_INVEST_DIRECT,325
https://city2city.ru/ufa-moskva,Уфа,Москва,40000,SEO_INVEST_DIRECT,323
https://city2city.ru/tver-moskva,Тверь,Москва,5000,SEO_INVEST,307
https://city2city.ru/moskva-tver,Москва,Тверь,5400,SEO_INVEST,307
https://city2city.ru/ekaterinburg-tyumen,Екатеринбург,Тюмень,9900,SEO_HARD,303
https://city2city.ru/kirov-vyatskie-polyany,Киров,Вятские Поляны,10000,SEO_INVEST_DIRECT,300
https://city2city.ru/kemerovo-novosibirsk,Кемерово,Новосибирск,7800,SEO_INVEST,299
https://city2city.ru/vladimir-suzdal,Владимир,Суздаль,3000,SEO_GOLD,298
https://city2city.ru/blagoveshhensk-svobodnyj,Благовещенск,Свободный,5100,SEO_DEFEND,297
https://city2city.ru/ufa-orsk,Уфа,Орск,18000,SEO_INVEST_DIRECT,296
https://city2city.ru/moskva-samara,Москва,Самара,32500,SEO_INVEST_DIRECT,290
https://city2city.ru/samara-moskva,Самара,Москва,33000,SEO_INVEST_DIRECT,290
https://city2city.ru/ufa-bajmak,Уфа,Баймак,12300,SEO_GOLD_DIRECT,289
https://city2city.ru/moskva-kazan,Москва,Казань,24200,SEO_INVEST_DIRECT,288
https://city2city.ru/volgograd-volzhskij,Волгоград,Волжский,3000,SEO_GOLD,286
https://city2city.ru/barnaul-belokuriha,Барнаул,Белокуриха,6800,SEO_HARD,280
https://city2city.ru/irkutsk-angarsk,Иркутск,Ангарск,3000,SEO_DEFEND,278
https://city2city.ru/kazan-ufa,Международный аэропорт Казань,Уфа,15900,DIRECT_ONLY,276
https://city2city.ru/ufa-kazan,Уфа,Казань,16500,SEO_INVEST_DIRECT,276
https://city2city.ru/krasnodar-moskva,Краснодар,Москва,40500,SEO_INVEST_DIRECT,271
https://city2city.ru/yaroslavl-moskva,Ярославль,Москва,8000,SEO_INVEST,269
https://city2city.ru/moskva-yaroslavl,Москва,Ярославль,8000,SEO_INVEST,269
https://city2city.ru/rostov-moskva,Ростов-на-Дону,Москва,32400,SEO_INVEST_DIRECT,261
https://city2city.ru/chelyabinsk-ufa,Челябинск,Уфа,12400,SEO_INVEST_DIRECT,251
https://city2city.ru/ufa-neftekams,Уфа,Нефтекамск,6300,SEO_INVEST,249
https://city2city.ru/kazan-orenburg,Казань,Оренбург,21900,SEO_INVEST_DIRECT,247
https://city2city.ru/nizhnij-novgorod-dzerzhinsk,Нижний Новгород,Дзержинск,2000,SEO_INVEST,242
https://city2city.ru/ekaterinburg-magnitogorsk-2,Екатеринбург,Магнитогорск,15600,SEO_INVEST_DIRECT,240
https://city2city.ru/izhevsk-sarapul,Ижевск,Сарапул,3200,SEO_DEFEND,239
https://city2city.ru/rostov-doneczk-rostovskaya-oblast,Ростов-на-Дону,Донецк,5000,SEO_GOLD,239
https://city2city.ru/chelyabinsk-miass,Челябинск,Миасс,3800,SEO_GOLD,237
https://city2city.ru/kazan-ulyanovsk,Международный аэропорт Казань,Ульяновск,6600,SEO_HARD,234
https://city2city.ru/ulyanovsk-kazan,Ульяновск,Казань,6600,SEO_GOLD,234
https://city2city.ru/yaroslavl-rybinsk,Ярославль,Рыбинск,3800,SEO_GOLD,226
https://city2city.ru/samara-uralsk,Самара,Уральск,8700,SEO_GOLD,222
https://city2city.ru/barnaul-biysk-2,Барнаул,Бийск,5300,SEO_HARD,219
https://city2city.ru/murmansk-polyarnyy,Мурманск,Полярный,3000,SEO_GOLD,218
https://city2city.ru/krasnodar-rostov-na-donu,Краснодар,Ростов-на-Дону,8500,SEO_INVEST,216
https://city2city.ru/orenburg-buguruslan,Оренбург,Бугуруслан,10800,SEO_GOLD_DIRECT,216
https://city2city.ru/rostov-krasnodar,Ростов-на-Дону,Краснодар,8200,SEO_INVEST,216
https://city2city.ru/orenburg-meleuz,Оренбург,Мелеуз,5300,SEO_GOLD,215
https://city2city.ru/krasnodar-anapa,Аэропорт,Анапа,5000,SEO_INVEST,212
https://city2city.ru/ufa-ishimbaj,Уфа,Ишимбай,5100,SEO_INVEST,210
https://city2city.ru/izhevsk-votkinsk,Ижевск,Воткинск,3000,SEO_DEFEND,208
https://city2city.ru/ufa-chelyabinsk,Уфа,Челябинск,12400,SEO_INVEST_DIRECT,207
https://city2city.ru/kazan-oktyabrskij-respublika-bashkortostan,Казань,Октябрьский,12300,SEO_INVEST_DIRECT,206
https://city2city.ru/kazan-aznakaevo,Казань,Азнакаево,9300,SEO_AUTOPILOT,204
https://city2city.ru/severodvinsk-arhangelsk,Северодвинск,Архангельск,3000,SEO_AUTOPILOT,202
https://city2city.ru/kazan-zelenodolsk,Казань,Зеленодольск,3000,SEO_MONITOR,201
https://city2city.ru/samara-ufa,Самара,Уфа,13800,DIRECT_TEST,200
https://city2city.ru/ufa-samara,Уфа,Самара,14000,DIRECT_TEST,200
https://city2city.ru/kazan-yoskar_ola,Международный аэропорт Казань,Йошкар-Ола,5000,SEO_MONITOR,192
https://city2city.ru/moskva-vladimir,Москва,Владимир,5500,SEO_AUTOPILOT,191
https://city2city.ru/vladimir-moskva,Владимир,Москва,5500,SEO_AUTOPILOT,191
https://city2city.ru/tumen-ekaterinburg,городской округ Тюмень,Екатеринбург,9900,SEO_AUTOPILOT,190
https://city2city.ru/kazan-cheboksary,Международный аэропорт Казань,Чебоксары,5100,SEO_MONITOR,190
https://city2city.ru/kemerovo-novokuznetsk,Кемерово,Новокузнецк,6600,SEO_MONITOR,188
https://city2city.ru/murmansk-kirovsk,Мурманск,Кировск,6500,SEO_AUTOPILOT,183
https://city2city.ru/ekaterinburg-tagil,международный аэропорт Кольцово Екатеринбург,Нижний Тагил,4300,SEO_MONITOR,182
https://city2city.ru/ekaterinburg-sibaj-2,Екатеринбург,Сибай,17700,DIRECT_TEST,182
https://city2city.ru/svo-taxi-krasnodar-donetsk,Краснодар,Донецк,13500,DIRECT_TEST,181
https://city2city.ru/orenburg-kazan,Оренбург,Казань,21600,DIRECT_TEST,180
https://city2city.ru/barnaul-gorno-altaysk,Барнаул,Горно-Алтайск,7600,SEO_MONITOR,179
https://city2city.ru/kurgan-tyumen,Курган,Тюмень,6000,SEO_AUTOPILOT,179
https://city2city.ru/sankt-peterburg-velikij-novgorod,Санкт-Петербург,Великий Новгород,6400,SEO_AUTOPILOT,174
https://city2city.ru/ufa-yanaul,Уфа,Янаул,6300,SEO_AUTOPILOT,174
https://city2city.ru/velikiy-novgorod-sankt-peterburg,Великий Новгород,Санкт-Петербург,6300,SEO_AUTOPILOT,174
https://city2city.ru/ekaterinburg-pervouralsk,Екатеринбург,Первоуральск,3000,SEO_AUTOPILOT,172
https://city2city.ru/ufa-ekaterinburg,Уфа,Екатеринбург,15800,DIRECT_TEST,172
https://city2city.ru/ekaterinburg-ufa,международный аэропорт Кольцово Екатеринбург,Уфа,15800,DIRECT_TEST,172
https://city2city.ru/vladivostok-ussurijsk,Владивосток,Уссурийск,3600,SEO_AUTOPILOT,171
https://city2city.ru/kazan-kirov,Международный аэропорт Казань,Киров,11800,DIRECT_TEST,169
https://city2city.ru/chelyabinsk-chebarkul,Челябинск,Чебаркуль,3800,SEO_AUTOPILOT,169
https://city2city.ru/kirov-kazan,Киров,Казань,11800,DIRECT_TEST,169
https://city2city.ru/saratov-balakovo,Саратов,Балаково,5000,SEO_AUTOPILOT,168
https://city2city.ru/svo-taxi-starobelsk-2,,Старобельск,114000,DIRECT_TEST,162
https://city2city.ru/orenburg-novotroiczk,Оренбург,Новотроицк,8100,SEO_AUTOPILOT,162
https://city2city.ru/kostroma-yaroslavl,Кострома,Ярославль,3800,SEO_AUTOPILOT,161
https://city2city.ru/yaroslavl-kostroma,Ярославль,Кострома,3800,SEO_AUTOPILOT,161
https://city2city.ru/penza-moskva,Пенза,Москва,19400,DIRECT_TEST,155
https://city2city.ru/moskva-penza,Москва,Пенза,19400,DIRECT_TEST,155
https://city2city.ru/ekaterinburg-moskva,Екатеринбург,Москва,50200,DIRECT_TEST,154
https://city2city.ru/stavropol-nevinnomyssk,Ставрополь,Невинномысск,3200,SEO_AUTOPILOT,153
https://city2city.ru/izhevsk-agryz,Ижевск,Агрыз,3000,SEO_AUTOPILOT,152
https://city2city.ru/moskva-borovichi,Москва,Боровичи,13000,DIRECT_TEST,151
https://city2city.ru/orenburg-buzuluk,Оренбург,Бузулук,7500,SEO_AUTOPILOT,150
https://city2city.ru/tambov-michurinsk,Тамбов,Мичуринск,3200,SEO_AUTOPILOT,148
https://city2city.ru/ivanovo-yaroslavl,Иваново,Ярославль,4100,SEO_MONITOR,147
https://city2city.ru/orenburg-sol-ileczk,Оренбург,Соль-Илецк,3400,SEO_AUTOPILOT,146
https://city2city.ru/moskva-obninsk,Москва,Обнинск,3500,SEO_AUTOPILOT,145
https://city2city.ru/elista-astraxan,Элиста,Астрахань,9300,SEO_AUTOPILOT,144
https://city2city.ru/smolensk-moskva,Смоленск,Москва,12000,DIRECT_TEST,144
https://city2city.ru/astraxan-elista,Астрахань,Элиста,9300,SEO_AUTOPILOT,144
https://city2city.ru/novosibirsk-berdsk,Новосибирск,Бердск,3000,SEO_AUTOPILOT,143
https://city2city.ru/kostroma-moskva,Кострома,Москва,10000,DIRECT_TEST,142
https://city2city.ru/ekaterinburg-ozyorsk,Екатеринбург,Озерск,4500,SEO_AUTOPILOT,139
https://city2city.ru/tula-novomoskovsk,Тула,Новомосковск,2000,SEO_AUTOPILOT,136
https://city2city.ru/orenburg-moskva,Оренбург,Москва,45200,DIRECT_TEST,136
https://city2city.ru/moskva-orenburg,Москва,Оренбург,45000,DIRECT_TEST,136
https://city2city.ru/izhevsk-perm,Ижевск,Пермь,8500,SEO_MONITOR,136
https://city2city.ru/kirov-syktyvkar,Киров,Сыктывкар,12400,DIRECT_TEST,131
https://city2city.ru/syktyvkar-kirov,Сыктывкар,Киров,12400,DIRECT_TEST,131
https://city2city.ru/kirov-syktyvkar-2,Киров,Сыктывкар,12500,DIRECT_TEST,131
https://city2city.ru/cheboksary-novocheboksarsk,Чебоксары,Новочебоксарск,3000,SEO_AUTOPILOT,130
https://city2city.ru/ufa-izhevsk,Уфа,Ижевск,10200,DIRECT_TEST,130
https://city2city.ru/perm-ekaterinburg,Пермь,Екатеринбург,10800,DIRECT_TEST,129
https://city2city.ru/ekaterinburg-perm,международный аэропорт Кольцово Екатеринбург,Пермь,10800,DIRECT_TEST,129
https://city2city.ru/tula-shhyokino,Тула,Щёкино,3000,SEO_AUTOPILOT,128
https://city2city.ru/murmansk-apatity,Мурманск,Апатиты,6400,SEO_AUTOPILOT,128
https://city2city.ru/sankt-peterburg-pskov,Санкт-Петербург,Псков,9000,SEO_AUTOPILOT,127
https://city2city.ru/vladivostok-naxodka,Владивосток,Находка,7500,SEO_AUTOPILOT,127
https://city2city.ru/oryol-moskva,Орёл,Москва,11000,DIRECT_TEST,127
https://city2city.ru/pskov-piter,Псков,Санкт-Петербург,8700,SEO_AUTOPILOT,127
https://city2city.ru/volgograd-moskva,Волгоград,Москва,29000,DIRECT_TEST,127
https://city2city.ru/kazan-bavly,Казань,Бавлы,10500,DIRECT_TEST,126
https://city2city.ru/belgorod-voronezh,Белгород,Воронеж,7600,SEO_AUTOPILOT,126
https://city2city.ru/kazan-izhevsk,Международный аэропорт Казань,Ижевск,11100,DIRECT_TEST,126
https://city2city.ru/volgograd-doneczk-rostovskaya-oblast,Волгоград,Донецк,11700,DIRECT_TEST,123
https://city2city.ru/lesosibirsk-krasnojarsk,Лесосибирск,Красноярск,9000,SEO_AUTOPILOT,122
https://city2city.ru/krasnoyarsk-lesosibirsk,Красноярск,Лесосибирск,8800,SEO_AUTOPILOT,122
https://city2city.ru/nizhnij-novgorod-kstovo,Нижний Новгород,Кстово,2000,SEO_AUTOPILOT,121
https://city2city.ru/kazan-tujmazy,Казань,Туймазы,11400,DIRECT_TEST,120
https://city2city.ru/voronezh-usman,Воронеж,Усмань,2000,SEO_AUTOPILOT,120
https://city2city.ru/kaluga-tula,Калуга,Тула,3000,SEO_AUTOPILOT,120
https://city2city.ru/samara-buzuluk,Самара,Бузулук,5600,SEO_AUTOPILOT,119
https://city2city.ru/ivanovo-vladimir,Иваново,Владимир,3500,SEO_MONITOR,117
https://city2city.ru/ulan-udje-irkutsk,Улан-Удэ,Иркутск,13500,DIRECT_TEST,117
https://city2city.ru/vladivostok-artyom,Владивосток,Артём,2000,SEO_AUTOPILOT,117
https://city2city.ru/samara-ulyanovsk,Самара,Ульяновск,7200,SEO_AUTOPILOT,116
https://city2city.ru/ulyanovsk-samara,Ульяновск,Самара,7500,SEO_AUTOPILOT,116
https://city2city.ru/syktyvkar-mikun,Сыктывкар,Микунь,4000,SEO_AUTOPILOT,115
https://city2city.ru/moskva-lipetsk,Москва,Липецк,14000,DIRECT_TEST,115
https://city2city.ru/rostov-salsk,Ростов-на-Дону,Сальск,5500,SEO_AUTOPILOT,115
https://city2city.ru/lipeczk-moskva,Липецк,Москва,14100,DIRECT_TEST,115
https://city2city.ru/moskva-ekaterinburg,Москва,Екатеринбург,49800,DIRECT_TEST,115
https://city2city.ru/kursk-kurchatov,Курск,Курчатов,3000,SEO_AUTOPILOT,114
https://city2city.ru/krasnoyarsk-novosibirsk,Красноярск,Новосибирск,23400,DIRECT_TEST,114
https://city2city.ru/krasnoyarsk-abakan,Красноярск,Абакан,12300,DIRECT_TEST,114
https://city2city.ru/novosibirsk-krasnoyarsk,Новосибирск,Красноярск,23400,DIRECT_TEST,114
https://city2city.ru/perm-moskva,Пермь,Москва,44000,DIRECT_TEST,113
https://city2city.ru/murmansk-monchegorsk,Мурманск,Мончегорск,5000,SEO_AUTOPILOT,113
https://city2city.ru/moskva-perm,Москва,Пермь,45500,DIRECT_TEST,113
https://city2city.ru/ekaterinburg-kamensk-uralskij,Екатеринбург,Каменск-Уральский,3600,SEO_AUTOPILOT,113
https://city2city.ru/tyumen-tobolsk,Тюмень,Тобольск,7500,SEO_AUTOPILOT,112
https://city2city.ru/murmansk-snezhnogorsk,Мурманск,Снежногорск,2000,SEO_AUTOPILOT,112
https://city2city.ru/svo-taxi-moskva-mariupol,Москва,Мариуполь,37500,DIRECT_TEST,111
https://city2city.ru/volgograd-elista,Волгоград,Элиста,8800,SEO_AUTOPILOT,111
https://city2city.ru/orenburg-gaj,Оренбург,Гай,8600,SEO_AUTOPILOT,110
https://city2city.ru/blagoveshhensk-belogorsk,Благовещенск,Белогорск,4700,SEO_MONITOR,110
https://city2city.ru/belogorsk-blagoveshhensk,Белогорск,Благовещенск,4700,SEO_MONITOR,110
https://city2city.ru/ivanovo-plyos,Иваново,Плёс,3200,SEO_MONITOR,110
https://city2city.ru/nerjungri-jakutsk,Нерюнгри,Якутск,24300,DIRECT_TEST,109
https://city2city.ru/tyumen-tavda,Тюмень,Тавда,4700,SEO_AUTOPILOT,106
https://city2city.ru/ulyanovsk-dimitrovgrad,Ульяновск,Димитровград,4000,SEO_AUTOPILOT,105
https://city2city.ru/vologda-totma,Вологда,Тотьма,6500,SEO_AUTOPILOT,105
https://city2city.ru/izhevsk-glazov,Ижевск,Глазов,5800,SEO_AUTOPILOT,103
https://city2city.ru/kirov-kotelnich,Киров,Котельнич,4300,SEO_AUTOPILOT,103
https://city2city.ru/nizhnij-novgorod-bor,Нижний Новгород,Бор,36500,DIRECT_TEST,102
https://city2city.ru/kemerovo-yurga,Кемерово,Юрга,4300,SEO_AUTOPILOT,102
https://city2city.ru/aldan-jakutsk,Алдан,Якутск,15800,DIRECT_TEST,100
https://city2city.ru/chelyabinsk-kopejsk,Челябинск,Копейск,3000,SEO_AUTOPILOT,100
https://city2city.ru/astraxan-volgograd,Астрахань,Волгоград,12800,DIRECT_TEST,97
https://city2city.ru/tula-uzlovaya,Тула,Узловая,3000,SEO_AUTOPILOT,97
https://city2city.ru/perm-ufa,Пермь,Уфа,15200,DIRECT_TEST,97
https://city2city.ru/orenburg-sorochinsk,Оренбург,Сорочинск,5600,SEO_AUTOPILOT,97
https://city2city.ru/ufa-perm,Уфа,Пермь,15000,DIRECT_TEST,97
https://city2city.ru/kaluga-obninsk,Калуга,Обнинск,2500,SEO_AUTOPILOT,96
https://city2city.ru/krasnoyarsk-sosnovoborsk,Красноярск,Сосновоборск,2000,SEO_AUTOPILOT,95
https://city2city.ru/irkutsk-shelexov,Иркутск,Шелехов,2000,SEO_AUTOPILOT,94
https://city2city.ru/kursk-voronezh,Курск,Воронеж,6800,SEO_AUTOPILOT,93
https://city2city.ru/ufa-naberezhnye-chelny,Уфа,Набережные Челны,8800,SEO_AUTOPILOT,93
https://city2city.ru/volgograd-kamyshin,Волгоград,Камышин,6300,SEO_AUTOPILOT,93
https://city2city.ru/ivanovo-kostroma,Иваново,Кострома,3000,SEO_AUTOPILOT,93
https://city2city.ru/samara-saratov,Самара,Саратов,12300,DIRECT_TEST,90
https://city2city.ru/saratov-samara,Саратов,Самара,12300,DIRECT_TEST,90
https://city2city.ru/krasnoyarsk-zheleznogorsk,Красноярск,Железногорск,3000,SEO_AUTOPILOT,89
https://city2city.ru/kemerovo-belovo,Кемерово,Белово,3500,SEO_AUTOPILOT,89
https://city2city.ru/kursk-zheleznogorsk,Курск,Железногорск,4000,SEO_AUTOPILOT,89
https://city2city.ru/elista-moskva,Элиста,Москва,38000,DIRECT_TEST,88
https://city2city.ru/lipeczk-voronezh,Липецк,Воронеж,4000,SEO_AUTOPILOT,87
https://city2city.ru/chelyabinsk-moskva,Челябинск,Москва,52500,DIRECT_TEST,87
https://city2city.ru/stavropol-mixajlovsk,Ставрополь,Михайловск,2000,SEO_AUTOPILOT,86
https://city2city.ru/tula-kaluga,Тула,Калуга,3000,SEO_AUTOPILOT,86
https://city2city.ru/tyumen-yalutorovsk,Тюмень,Ялуторовск,3800,SEO_AUTOPILOT,85
https://city2city.ru/tula-domodedovo,Тула,Домодедово,5000,SEO_AUTOPILOT,85
https://city2city.ru/kirov-malmyzh,Киров,Малмыж,8700,SEO_AUTOPILOT,85
https://city2city.ru/orenburg-salavat,Оренбург,Салават,6300,SEO_AUTOPILOT,84
https://city2city.ru/irkutsk-usole-sibirskoe,Иркутск,Усолье-Сибирское,3800,SEO_AUTOPILOT,84
https://city2city.ru/ivanovo-kineshma,Иваново,Кинешма,3800,SEO_AUTOPILOT,83
https://city2city.ru/shelehov-irkutsk,Шелехов,Иркутск,3000,SEO_AUTOPILOT,83
https://city2city.ru/ufa-blagoveshhensk,Уфа,Благовещенск,193400,DIRECT_TEST,82
https://city2city.ru/ekaterinburg-magnitogorsk,международный аэропорт Кольцово Екатеринбург,Магнитогорск,15400,DIRECT_TEST,82
https://city2city.ru/samara-syzran,Самара,Сызрань,5600,SEO_AUTOPILOT,82
https://city2city.ru/kemerovo-prokopevsk,Кемерово,Прокопьевск,6400,SEO_AUTOPILOT,81
https://city2city.ru/lipeczk-gryazi,Липецк,Грязи,3000,SEO_AUTOPILOT,81
https://city2city.ru/orenburg-abdulino,Оренбург,Абдулино,8400,SEO_AUTOPILOT,80
https://city2city.ru/ekaterinburg-verxnyaya-pyshma,Екатеринбург,Верхняя Пышма,2000,SEO_MONITOR,80
https://city2city.ru/belgorod-rossosh,Белгород,Россошь,7800,SEO_MONITOR,79
https://city2city.ru/chelyabinsk-zlatoust,Челябинск,Златоуст,5000,SEO_MONITOR,79
https://city2city.ru/tomsk-seversk,Томск,Северск,3000,SEO_AUTOPILOT,79
https://city2city.ru/belgorod-rossosh-2,Белгород,Россошь,7800,SEO_MONITOR,79
https://city2city.ru/perm-berezniki,Пермь,Березники,6000,SEO_AUTOPILOT,79
https://city2city.ru/pskov-pechory,Псков,Печоры,3000,SEO_AUTOPILOT,79
https://city2city.ru/kursk-rylsk,Курск,Рыльск,4500,SEO_AUTOPILOT,79
https://city2city.ru/nizhnij-novgorod-vyksa,Нижний Новгород,Выкса,5500,SEO_AUTOPILOT,78
https://city2city.ru/ekaterinburg-alapaevsk,Екатеринбург,Алапаевск,5300,SEO_AUTOPILOT,78
https://city2city.ru/kostroma-nerexta,Кострома,Нерехта,2000,SEO_AUTOPILOT,78
https://city2city.ru/chelyabinsk-tyumen,Челябинск,Тюмень,12600,DIRECT_TEST,78
https://city2city.ru/kemerovo-tomsk,Кемерово,Томск,6200,SEO_MONITOR,78
https://city2city.ru/krasnoyarsk-achinsk,Красноярск,Ачинск,5600,SEO_AUTOPILOT,77
https://city2city.ru/ufa-birsk,Уфа,Бирск,3600,SEO_AUTOPILOT,77
https://city2city.ru/kirov-urzhum,Киров,Уржум,6000,SEO_AUTOPILOT,76
https://city2city.ru/mariupol-rostov-na-don,Мариуполь,Ростов-на-Дону,5500,SEO_AUTOPILOT,76
https://city2city.ru/yaroslavl-tutaev,Ярославль,Тутаев,2000,SEO_AUTOPILOT,75
https://city2city.ru/barnaul-novoaltaysk,Барнаул,Новоалтайск,2000,SEO_AUTOPILOT,75
https://city2city.ru/ekaterinburg-severouralsk,Екатеринбург,Североуральск,13200,DIRECT_TEST,74
https://city2city.ru/vladimir-ivanovo,Владимир,Иваново,3500,SEO_AUTOPILOT,74
https://city2city.ru/izhevsk-moskva,Ижевск,Москва,35500,DIRECT_TEST,74
https://city2city.ru/samara-novokuybyshevsk,Самара,Новокуйбышевск,3000,SEO_AUTOPILOT,74
https://city2city.ru/stavropol-mineralnye-vody,Ставрополь,Минеральные Воды,5800,SEO_AUTOPILOT,74
https://city2city.ru/oryol-livny,Орёл,Ливны,5000,SEO_AUTOPILOT,73
https://city2city.ru/ekaterinburg-beloreczk,Екатеринбург,Белорецк,53700,DIRECT_TEST,73
https://city2city.ru/nizhnij-novgorod-gorodecz,Нижний Новгород,Городец,3000,SEO_AUTOPILOT,73
https://city2city.ru/moskva-chelyabinsk,Москва,Челябинск,52500,DIRECT_TEST,73
https://city2city.ru/astraxan-moskva,Астрахань,Москва,41800,DIRECT_TEST,72
https://city2city.ru/kyzyl-abakan,Кызыл,Абакан,11700,DIRECT_TEST,72
https://city2city.ru/saratov-penza,Саратов,Пенза,7000,SEO_AUTOPILOT,71
https://city2city.ru/moskva-dubna,Москва,Дубна,4000,SEO_AUTOPILOT,71
https://city2city.ru/hanty-mansijsk-njagan,Ханты-Мансийск,Нягань,8700,SEO_AUTOPILOT,71
https://city2city.ru/lugansk-volgograd,Луганск,Волгоград,13800,DIRECT_TEST,70
https://city2city.ru/krasnoyarsk-kansk,Красноярск,Канск,6900,SEO_AUTOPILOT,70
https://city2city.ru/kazan-innopolis,Казань,Иннополис,2000,SEO_AUTOPILOT,70
https://city2city.ru/ekaterinburg-asbest,Екатеринбург,Асбест,3800,SEO_AUTOPILOT,70
https://city2city.ru/oryol-mczensk,Орёл,Мценск,3000,SEO_AUTOPILOT,70
https://city2city.ru/svo-taxi-volgograd-lugansk,Волгоград,Луганск,14000,DIRECT_TEST,70
https://city2city.ru/irkutsk-cheremxovo,Иркутск,Черемхово,5200,SEO_AUTOPILOT,69
https://city2city.ru/belgorod-stroitel,Белгород,Строитель,2000,SEO_AUTOPILOT,69
https://city2city.ru/ivanovo-vichuga,Иваново,Вичуга,3400,SEO_AUTOPILOT,69
https://city2city.ru/irkutsk-slyudyanka,Иркутск,Слюдянка,3800,SEO_AUTOPILOT,69
https://city2city.ru/kirov-kirs,Киров,Кирс,6300,SEO_AUTOPILOT,69
https://city2city.ru/saratov-volsk,Саратов,Вольск,5100,SEO_AUTOPILOT,69
https://city2city.ru/kazan-chistopol,Международный аэропорт Казань,Чистополь,5000,SEO_MONITOR,69
https://city2city.ru/izhevsk-neftekamsk,Ижевск,Нефтекамск,4700,SEO_MONITOR,69
https://city2city.ru/saransk-penza,Саранск,Пенза,5000,SEO_AUTOPILOT,68
https://city2city.ru/nizhniy_novgorod-arzamas,Нижний Новгород,Арзамас,4300,SEO_AUTOPILOT,68
https://city2city.ru/penza-saransk,Пенза,Саранск,5200,SEO_AUTOPILOT,68
https://city2city.ru/belgorod-shebekino,Белгород,Шебекино,2000,SEO_AUTOPILOT,68
https://city2city.ru/kazan-belebej,Казань,Белебей,13000,DIRECT_TEST,68
https://city2city.ru/yaroslavl-rostov-velikij,Ярославль,Ростов,3000,SEO_AUTOPILOT,68
https://city2city.ru/vladimir-kovrov,Владимир,Ковров,2500,SEO_AUTOPILOT,67
https://city2city.ru/perm-gubaxa,Пермь,Губаха,6300,SEO_AUTOPILOT,67
https://city2city.ru/tula-aleksin,Тула,Алексин,3000,SEO_AUTOPILOT,67
https://city2city.ru/krasnoyarsk-divnogorsk,Красноярск,Дивногорск,3000,SEO_AUTOPILOT,66
https://city2city.ru/tula-ryazan,Тула,Рязань,5800,SEO_AUTOPILOT,66
https://city2city.ru/volgograd-volgodonsk,Волгоград,Волгодонск,9300,SEO_AUTOPILOT,66
https://city2city.ru/moskva-elista,Москва,Элиста,38000,DIRECT_TEST,66
https://city2city.ru/vladimir-kolchugino,Владимир,Кольчугино,2500,SEO_AUTOPILOT,66
https://city2city.ru/pskov-velikie_luki,Псков,Великие Луки,8200,SEO_AUTOPILOT,66
https://city2city.ru/orenburg-yasnyj,Оренбург,Ясный,13500,DIRECT_TEST,66
https://city2city.ru/ryazan-tula,Рязань,Тула,5500,SEO_AUTOPILOT,66
https://city2city.ru/kazan-tolyatti,Казань,Тольятти,10000,DIRECT_TEST,65
https://city2city.ru/krasnoyarsk-borodino,Красноярск,Бородино,5000,SEO_AUTOPILOT,65
https://city2city.ru/kirov-slobodskoj,Киров,Слободской,2000,SEO_AUTOPILOT,65
https://city2city.ru/penza-serdobsk,Пенза,Сердобск,4100,SEO_AUTOPILOT,65
https://city2city.ru/kazan-nizhniy_novgorod,Международный аэропорт Казань,Нижний Новгород,12600,DIRECT_TEST,64
https://city2city.ru/nizhnij-novgorod-kazan,Нижний Новгород,Казань,11700,DIRECT_TEST,64
https://city2city.ru/chelyabinsk-app-bugristoe,Челябинск,Троицк,4500,SEO_AUTOPILOT,64
https://city2city.ru/xanty-mansijsk-surgut,Ханты-Мансийск,Сургут,9000,SEO_AUTOPILOT,64
https://city2city.ru/yaroslavl-uglich,Ярославль,Углич,4000,SEO_AUTOPILOT,64
https://city2city.ru/moskva-vologda,Москва,Вологда,13800,DIRECT_TEST,63
https://city2city.ru/vologda-moskva,Вологда,Москва,13800,DIRECT_TEST,63
https://city2city.ru/tver-konakovo,Тверь,Конаково,2500,SEO_AUTOPILOT,63
https://city2city.ru/belgorod-valujki,Белгород,Валуйки,5300,SEO_AUTOPILOT,62
https://city2city.ru/svo-taxi-shebekino-belgorod,Шебекино,Белгород,3000,SEO_AUTOPILOT,62
https://city2city.ru/blagoveshhensk-jakutsk,Благовещенск,Якутск,53000,DIRECT_TEST,62
https://city2city.ru/perm-lysva,Пермь,Лысьва,5400,SEO_AUTOPILOT,61
https://city2city.ru/novosibirsk-ob,Новосибирск,Обь,2000,SEO_AUTOPILOT,61
https://city2city.ru/rostov-volgograd,Ростов-на-Дону,Волгоград,14000,DIRECT_TEST,61
https://city2city.ru/volgograd-rostov-na-donu,Волгоград,Ростов-на-Дону,14700,DIRECT_TEST,61
https://city2city.ru/barnaul-alyaysk,Барнаул,Алейск,4900,SEO_AUTOPILOT,61
https://city2city.ru/petrozavodsk-kondopoga,Петрозаводск,Кондопога,3000,SEO_AUTOPILOT,61
https://city2city.ru/lensk-jakutsk,Ленск,Якутск,41200,DIRECT_TEST,61
https://city2city.ru/tomsk-yurga,Томск,Юрга,3000,SEO_AUTOPILOT,61
https://city2city.ru/svo-taxi-samara-lugansk,Самара,Луганск,37500,DIRECT_TEST,60
https://city2city.ru/lugansk-samara,Луганск,Самара,37200,DIRECT_TEST,60
https://city2city.ru/novosibirsk-iskitim,Новосибирск,Искитим,2000,SEO_AUTOPILOT,60
https://city2city.ru/moskva-novomoskovsk,Москва,Новомосковск,7000,SEO_AUTOPILOT,60
https://city2city.ru/valuyki-belgorod,Валуйки,Белгород,4500,SEO_AUTOPILOT,60
https://city2city.ru/svo-taxi-rossosh-voronezh,Россошь,Воронеж,6500,SEO_AUTOPILOT,60
https://city2city.ru/murmansk-olenegorsk,Мурманск,Оленегорск,3800,SEO_AUTOPILOT,60
https://city2city.ru/barnaul-rubtsovsk,Барнаул,Рубцовск,8800,SEO_AUTOPILOT,59
https://city2city.ru/kursk-lgov,Курск,Льгов,2500,SEO_AUTOPILOT,59
https://city2city.ru/ryazan-kolomna,Рязань,Коломна,4300,SEO_AUTOPILOT,59
https://city2city.ru/samara-dimitrovgrad,Самара,Димитровград,4500,SEO_AUTOPILOT,59
https://city2city.ru/vladimir-murom,Владимир,Муром,4700,SEO_AUTOPILOT,58
https://city2city.ru/ufa-bugulma,Уфа,Бугульма,7000,SEO_AUTOPILOT,58
https://city2city.ru/tambov-rasskazovo,Тамбов,Рассказово,2000,SEO_AUTOPILOT,58
https://city2city.ru/perm-solikamsk,Пермь,Соликамск,6400,SEO_AUTOPILOT,58
https://city2city.ru/penza-kuzneczk,Пенза,Кузнецк,4300,SEO_AUTOPILOT,58
https://city2city.ru/ryazan-kasimov,Рязань,Касимов,5400,SEO_AUTOPILOT,58
https://city2city.ru/svo-taxi-gorlovka-moskva,Горловка,Москва,35000,DIRECT_TEST,58
https://city2city.ru/svo-taxi-moskva-gorlovka,Москва,Горловка,46000,DIRECT_TEST,58
https://city2city.ru/krasnodar-mineralnye-vody,Краснодар,Минеральные Воды,12000,DIRECT_TEST,57
https://city2city.ru/tula-efremov,Тула,Ефремов,4500,SEO_AUTOPILOT,57
https://city2city.ru/moskva-aleksin,Москва,Алексин,6000,SEO_AUTOPILOT,57
https://city2city.ru/cheboksary-nizhnij-novgorod,Чебоксары,Нижний Новгород,7000,SEO_AUTOPILOT,57
https://city2city.ru/svo-taxi-donetsk-lugansk,Донецк,Луганск,4500,SEO_AUTOPILOT,57
https://city2city.ru/tumen-chelyabinsk,аэропорт Тюмень (Рощино),Челябинск,12500,DIRECT_TEST,57
https://city2city.ru/sankt-peterburg-ivangorod,Санкт-Петербург,Ивангород,5100,SEO_AUTOPILOT,57
https://city2city.ru/xabarovsk-vladivostok-2,Хабаровск,Владивосток,22500,DIRECT_TEST,56
https://city2city.ru/perm-krasnokamsk,Пермь,Краснокамск,2000,SEO_AUTOPILOT,56
https://city2city.ru/ekaterinburg-sysert,Екатеринбург,Сысерть,3000,SEO_AUTOPILOT,56
https://city2city.ru/cheboksary-czivilsk,Чебоксары,Цивильск,2000,SEO_AUTOPILOT,56
https://city2city.ru/samara-kirov,Самара,Киров,23100,DIRECT_TEST,56
https://city2city.ru/vladivostok-habarovsk,Владивосток,Хабаровск,22600,DIRECT_TEST,56
https://city2city.ru/penza-zarechnyj-penzenskaya-oblast,Пенза,Заречный,40000,DIRECT_TEST,56
https://city2city.ru/saratov-pugachyov,Саратов,Пугачёв,7000,SEO_AUTOPILOT,56
https://city2city.ru/xabarovsk-vladivostok,Хабаровск,Владивосток,22800,DIRECT_TEST,56
https://city2city.ru/tver-kimry,Тверь,Кимры,3000,SEO_AUTOPILOT,56
https://city2city.ru/lipeczk-tambov,Липецк,Тамбов,5000,SEO_AUTOPILOT,56
https://city2city.ru/tambov-lipeczk,Тамбов,Липецк,4900,SEO_AUTOPILOT,56
https://city2city.ru/kirov-samara,Киров,Самара,23100,DIRECT_TEST,56
https://city2city.ru/bratsk-krasnojarsk,Братск,Красноярск,20400,DIRECT_TEST,55
https://city2city.ru/ekaterinburg-miass,Екатеринбург,Миасс,7200,SEO_AUTOPILOT,55
https://city2city.ru/irkutsk-kirensk,Иркутск,Киренск,28500,DIRECT_TEST,55
https://city2city.ru/samara-poxvistnevo,Самара,Похвистнево,5100,SEO_AUTOPILOT,55
https://city2city.ru/velikiy-novgorod-malaya-vishera,Великий Новгород,Малая Вишера,4000,SEO_AUTOPILOT,55
https://city2city.ru/krasnoyarsk-zelenogorsk,Красноярск,Зеленогорск,5100,SEO_AUTOPILOT,55
https://city2city.ru/ekaterinburg-beryozovskij,Екатеринбург,Берёзовский,2000,SEO_MONITOR,55
https://city2city.ru/svo-taxi-rossosh-belgorod,Россошь,Белгород,7800,SEO_AUTOPILOT,55
https://city2city.ru/saratov-xvalynsk,Саратов,Хвалынск,6900,SEO_AUTOPILOT,55
https://city2city.ru/stavropol-kislovodsk,Ставрополь,Кисловодск,6200,SEO_AUTOPILOT,55
https://city2city.ru/orenburg-kuvandyk,Оренбург,Кувандык,6400,SEO_AUTOPILOT,54
https://city2city.ru/ufa-nizhnekamsk,Уфа,Нижнекамск,10200,DIRECT_TEST,54
https://city2city.ru/ekaterinburg-kazan,Екатеринбург,Казань,26700,DIRECT_TEST,54
https://city2city.ru/kursk-belgorod,Курск,Белгород,4000,SEO_AUTOPILOT,54
https://city2city.ru/novosibirsk-yurga,Новосибирск,Юрга,5500,SEO_AUTOPILOT,54
https://city2city.ru/ryazan-skopin,Рязань,Скопин,3600,SEO_AUTOPILOT,53
https://city2city.ru/bryansk-domodedovo,Брянск,Домодедово,12000,DIRECT_TEST,53
https://city2city.ru/vladivostok-yakutsk,Владивосток,Якутск,93000,DIRECT_TEST,53
https://city2city.ru/kemerovo-krasnoyarsk,Кемерово,Красноярск,15800,DIRECT_TEST,53
https://city2city.ru/samara-otradnyj,Самара,Отрадный,3000,SEO_AUTOPILOT,53
https://city2city.ru/samara-chapaevsk,Самара,Чапаевск,3000,SEO_AUTOPILOT,53
https://city2city.ru/orenburg-sterlitamak,Оренбург,Стерлитамак,7200,SEO_AUTOPILOT,53
https://city2city.ru/yakutsk-vladivostok,Якутск,Владивосток,92700,DIRECT_TEST,53
https://city2city.ru/samara-kinel,Самара,Кинель,2000,SEO_AUTOPILOT,53
https://city2city.ru/kirov-murashi,Киров,Мураши,4100,SEO_AUTOPILOT,53
https://city2city.ru/vladimir-gus-xrustalnyj,Владимир,Гусь-Хрустальный,2000,SEO_AUTOPILOT,52
https://city2city.ru/krasnodar-slavyansk-na-kubani,Краснодар,Славянск-на-Кубани,2500,SEO_AUTOPILOT,52
https://city2city.ru/tambov-voronezh,Тамбов,Воронеж,6500,SEO_AUTOPILOT,52
https://city2city.ru/velikiy-novgorod-staraya-russa,Великий Новгород,Старая Русса,3600,SEO_AUTOPILOT,52
https://city2city.ru/omsk-novosibirsk,Омск,Новосибирск,19500,DIRECT_TEST,51
https://city2city.ru/krasnodar-belorechensk,Краснодар,Белореченск,3500,SEO_AUTOPILOT,51
https://city2city.ru/chelyabinsk-orenburg,Челябинск,Оренбург,22400,DIRECT_TEST,51
https://city2city.ru/moskva-valujki,Москва,Валуйки,22500,DIRECT_TEST,51
https://city2city.ru/oryol-zheleznogorsk,Орёл,Железногорск,4000,SEO_AUTOPILOT,51
https://city2city.ru/ufa-asha,Уфа,Аша,4000,SEO_AUTOPILOT,51
https://city2city.ru/kazan-bolgar,Казань,Болгар,6100,SEO_AUTOPILOT,51
https://city2city.ru/svo-taxi-krasnodar-mariupol,Краснодар,Мариуполь,14000,DIRECT_TEST,51
https://city2city.ru/chelyabinsk-satka,Челябинск,Сатка,5500,SEO_AUTOPILOT,51
https://city2city.ru/tambov-kotovsk,Тамбов,Котовск,2000,SEO_AUTOPILOT,51
https://city2city.ru/lipeczk-lebedyan,Липецк,Лебедянь,3000,SEO_AUTOPILOT,50
https://city2city.ru/svo-taxi-rovenki-rossosh,рабочий посёлок Ровеньки,Россошь,2500,SEO_AUTOPILOT,50
https://city2city.ru/pskov-moskva,Псков,Москва,24200,DIRECT_TEST,50
https://city2city.ru/tula-yasnogorsk,Тула,Ясногорск,2000,SEO_AUTOPILOT,50
https://city2city.ru/lipeczk-elecz,Липецк,Елец,3800,SEO_AUTOPILOT,50
https://city2city.ru/tambov-morshansk,Тамбов,Моршанск,4000,SEO_AUTOPILOT,50
https://city2city.ru/tyumen-irbit,Тюмень,Ирбит,6100,SEO_AUTOPILOT,50
https://city2city.ru/svo-taxi-rossosh-rovenki,Россошь,Ровеньки,2500,SEO_AUTOPILOT,50
https://city2city.ru/belgorod-sankt-peterburg,Белгород,Санкт-Петербург,41000,DIRECT_TEST,49
https://city2city.ru/stavropol-moskva,Ставрополь,Москва,42500,DIRECT_TEST,49
https://city2city.ru/samara-oktyabrskiy,Самара,Октябрьский,8400,SEO_AUTOPILOT,49
https://city2city.ru/yakutsk-blagoveshhensk,Якутск,Благовещенск,53000,DIRECT_TEST,49
https://city2city.ru/tver-rzhev-2,Тверь,Ржев,4000,SEO_AUTOPILOT,49
https://city2city.ru/bryansk-smolensk,Брянск,Смоленск,7400,SEO_MONITOR,49
https://city2city.ru/xabarovsk-birobidzhan-2,Хабаровск,Биробиджан,5500,SEO_AUTOPILOT,48
https://city2city.ru/xabarovsk-komsomolsk-na-amure,Хабаровск,Комсомольск-на-Амуре,12000,DIRECT_TEST,48
https://city2city.ru/kaluga-suvorov,Калуга,Суворов,2000,SEO_AUTOPILOT,48
https://city2city.ru/moskva-suzdal,Москва,Суздаль,7000,SEO_AUTOPILOT,48
https://city2city.ru/komsomolsk-na-amure-habarovsk,Комсомольск-на-Амуре,Хабаровск,12000,DIRECT_TEST,48
https://city2city.ru/ekaterinburg-novouralsk,Екатеринбург,Новоуральск,2500,SEO_AUTOPILOT,48
https://city2city.ru/xabarovsk-birobidzhan,Хабаровск,Биробиджан,6300,SEO_AUTOPILOT,48
https://city2city.ru/ekaterinburg-rezh,Екатеринбург,Реж,2500,SEO_AUTOPILOT,48
https://city2city.ru/xabarovsk-komsomolsk-na-amure-2,Хабаровск,Комсомольск-на-Амуре,12000,DIRECT_TEST,48
https://city2city.ru/perm-kungur,Пермь,Кунгур,2500,SEO_AUTOPILOT,47
https://city2city.ru/astraxan-xarabali,Астрахань,Харабали,5300,SEO_AUTOPILOT,47
https://city2city.ru/kurgan-ekaterinburg,Курган,Екатеринбург,11000,DIRECT_TEST,47
https://city2city.ru/tomsk-kemerovo,Томск,Кемерово,6000,SEO_AUTOPILOT,47
https://city2city.ru/ufa-doneczk-rostovskaya-oblast,Уфа,Донецк,56700,DIRECT_TEST,47
https://city2city.ru/bryansk-dyatkovo,Брянск,Дятьково,3000,SEO_AUTOPILOT,47
https://city2city.ru/tula-bogorodiczk,Тула,Богородицк,2000,SEO_AUTOPILOT,47
https://city2city.ru/stavropol-izobilnyj,Ставрополь,Изобильный,2000,SEO_AUTOPILOT,47
https://city2city.ru/krasnoyarsk-kyzyl,Красноярск,Кызыл,24300,DIRECT_TEST,47
https://city2city.ru/ekaterinburg-revda-2,Екатеринбург,Ревда,2000,SEO_AUTOPILOT,47
https://city2city.ru/stavropol-pyatigorsk,Ставрополь,Пятигорск,6300,SEO_AUTOPILOT,47
https://city2city.ru/ekaterinburg-kurgan,международный аэропорт Кольцово Екатеринбург,Курган,11000,DIRECT_TEST,47
https://city2city.ru/kazan-volzhsk,Казань,Волжск,3000,SEO_AUTOPILOT,47
https://city2city.ru/kyzyl-krasnoyarsk,Кызыл,Красноярск,24000,DIRECT_TEST,47
https://city2city.ru/omsk-tara,Омск,Тара,9000,SEO_AUTOPILOT,46
https://city2city.ru/stavropol-essentuki,Ставрополь,Ессентуки,6000,SEO_AUTOPILOT,46
https://city2city.ru/irkutsk-krasnoyarsk,Иркутск,Красноярск,31800,DIRECT_TEST,46
https://city2city.ru/nizhnij-novgorod-zavolzhe,Нижний Новгород,Заволжье,3600,SEO_AUTOPILOT,46
https://city2city.ru/kirov-omutninsk,Киров,Омутнинск,5600,SEO_AUTOPILOT,46
https://city2city.ru/chelyabinsk-orsk,Челябинск,Орск,18300,DIRECT_TEST,46
https://city2city.ru/kemerovo-anzhero-sudzhensk,Кемерово,Анжеро-Судженск,3000,SEO_AUTOPILOT,45
https://city2city.ru/petrozavodsk-sankt-peterburg,Петрозаводск,Санкт-Петербург,12800,DIRECT_TEST,45
https://city2city.ru/krasnodar-astraxan,Краснодар,Астрахань,24800,DIRECT_TEST,45
https://city2city.ru/petrozavodsk-sortavala,Петрозаводск,Сортавала,7400,SEO_AUTOPILOT,45
https://city2city.ru/sankt-peterburg-petrozavodsk,Санкт-Петербург,Петрозаводск,12900,DIRECT_TEST,45
https://city2city.ru/krasnoyarsk-bratsk,Красноярск,Братск,20400,DIRECT_TEST,45
https://city2city.ru/nizhnij-novgorod-pavlovo,Нижний Новгород,Павлово,2500,SEO_AUTOPILOT,44
https://city2city.ru/kemerovo-kiselyovsk,Кемерово,Киселёвск,5000,SEO_AUTOPILOT,44
https://city2city.ru/pskov-ostrov,Псков,Остров,3000,SEO_AUTOPILOT,44
https://city2city.ru/chelyabinsk-yuzhnouralsk,Челябинск,Южноуральск,2500,SEO_AUTOPILOT,44
https://city2city.ru/cheboksary-alatyr,Чебоксары,Алатырь,6000,SEO_AUTOPILOT,44
https://city2city.ru/ekaterinburg-zarechnyj-2,Екатеринбург,Заречный,2000,SEO_AUTOPILOT,44
https://city2city.ru/murmansk-kandalaksha,Мурманск,Кандалакша,7400,SEO_AUTOPILOT,44
https://city2city.ru/kazan-buinsk,Казань,Буинск,4500,SEO_AUTOPILOT,43
https://city2city.ru/kostroma-ivanovo,Кострома,Иваново,3800,SEO_AUTOPILOT,43
https://city2city.ru/tver-bezheczk,Тверь,Бежецк,4000,SEO_AUTOPILOT,43
https://city2city.ru/ryazan-novomichurinsk,Рязань,Новомичуринск,3600,SEO_AUTOPILOT,43
https://city2city.ru/ekaterinburg-orenburg,Екатеринбург,Оренбург,28800,DIRECT_TEST,43
https://city2city.ru/smolensk-yarczevo,Смоленск,Ярцево,3000,SEO_AUTOPILOT,43
https://city2city.ru/kazan-saratov,Казань,Саратов,19600,DIRECT_TEST,42
https://city2city.ru/elista-mineralnye-vody,Элиста,Минеральные Воды,9300,SEO_AUTOPILOT,42
https://city2city.ru/kazan-ekaterinburg,Международный аэропорт Казань,Екатеринбург,26000,DIRECT_TEST,42
https://city2city.ru/kazan-magnitogorsk,Казань,Магнитогорск,26100,DIRECT_TEST,42
https://city2city.ru/nikolaevsk-na-amure-habarovsk,Николаевск-на-Амуре,Хабаровск,27400,DIRECT_TEST,42
https://city2city.ru/xabarovsk-nikolaevsk-na-amure,Хабаровск,Николаевск-на-Амуре,27400,DIRECT_TEST,42
https://city2city.ru/xabarovsk-nikolaevsk-na-amure-2,Хабаровск,Николаевск-на-Амуре,27500,DIRECT_TEST,42
https://city2city.ru/ryazan-mixajlov,Рязань,Михайлов,5500,SEO_AUTOPILOT,42
https://city2city.ru/krasnodar-korenovsk,Краснодар,Кореновск,2000,SEO_AUTOPILOT,42
https://city2city.ru/izhevsk-samara,Ижевск,Самара,16500,DIRECT_TEST,42
https://city2city.ru/kursk-oboyan,Курск,Обоянь,3000,SEO_AUTOPILOT,41
https://city2city.ru/ulyanovsk-syzran,Ульяновск,Сызрань,5000,SEO_AUTOPILOT,41
https://city2city.ru/tula-kireevsk,Тула,Киреевск,3000,SEO_AUTOPILOT,41
https://city2city.ru/krasnodar-apsheronsk,Краснодар,Апшеронск,3500,SEO_AUTOPILOT,41
https://city2city.ru/cheboksary-ulyanovsk,Чебоксары,Ульяновск,7000,SEO_AUTOPILOT,41
https://city2city.ru/bryansk-starodub,Брянск,Стародуб,5000,SEO_AUTOPILOT,41
https://city2city.ru/orenburg-chelyabinsk,Оренбург,Челябинск,22500,DIRECT_TEST,40
https://city2city.ru/voronezh-boguchar,Воронеж,Богучар,7000,SEO_AUTOPILOT,40
https://city2city.ru/blagoveshhensk-zeya,Благовещенск,Зея,15300,DIRECT_TEST,40
https://city2city.ru/lugansk-rostov-na-don,Луганск,Ростов-на-Дону,6000,SEO_AUTOPILOT,40
https://city2city.ru/irkutsk-zima,Иркутск,Зима,8000,SEO_AUTOPILOT,40
https://city2city.ru/irkutsk-severobajkalsk,Иркутск,Северобайкальск,24600,DIRECT_TEST,40
https://city2city.ru/kemerovo-tayga,Кемерово,Тайга,3800,SEO_AUTOPILOT,40
https://city2city.ru/kemerovo-topki,Кемерово,Топки,3000,SEO_AUTOPILOT,39
https://city2city.ru/elista-stavropol,Элиста,Ставрополь,8000,SEO_AUTOPILOT,39
https://city2city.ru/orenburg-ekaterinburg,Оренбург,Екатеринбург,28800,DIRECT_TEST,39
https://city2city.ru/orenburg-oktyabrskij-respublika-bashkortostan,Оренбург,Октябрьский,11400,DIRECT_TEST,39
https://city2city.ru/perm-izhevsk,Пермь,Ижевск,8500,SEO_AUTOPILOT,39
https://city2city.ru/tyumen-talicza,Тюмень,Талица,4700,SEO_AUTOPILOT,39
https://city2city.ru/rostov-perm,Ростов-на-Дону,Пермь,64000,DIRECT_TEST,39
https://city2city.ru/ufa-almetevsk,Уфа,Альметьевск,8800,SEO_AUTOPILOT,39
https://city2city.ru/irkutsk-novosibirsk,Иркутск,Новосибирск,55000,DIRECT_TEST,39
https://city2city.ru/krasnoyarsk-sharypovo,Красноярск,Шарыпово,9400,SEO_AUTOPILOT,38
https://city2city.ru/energodar-simferopol,Энергодар,Симферополь,10500,DIRECT_TEST,38
https://city2city.ru/energodar-ufa,Энергодар,Уфа,65500,DIRECT_TEST,38
https://city2city.ru/nizhnij-novgorod-balaxna,Нижний Новгород,Балахна,2000,SEO_AUTOPILOT,38
https://city2city.ru/energodar-rostov-na-don,Энергодар,Ростов-на-Дону,14000,DIRECT_TEST,38
https://city2city.ru/ekaterinburg-kachkanar,Екатеринбург,Качканар,7500,SEO_AUTOPILOT,38
https://city2city.ru/svo-taxi-krasnodar-lugansk,Краснодар,Луганск,14500,DIRECT_TEST,38
https://city2city.ru/penza-nizhnij-lomov,Пенза,Нижний Ломов,4000,SEO_AUTOPILOT,38
https://city2city.ru/chelyabinsk-emanzhelinsk,Челябинск,Еманжелинск,2000,SEO_AUTOPILOT,38
https://city2city.ru/bryansk-pochep,Брянск,Почеп,2500,SEO_AUTOPILOT,38
https://city2city.ru/kirov-sharya,Киров,Шарья,8800,SEO_AUTOPILOT,38
https://city2city.ru/omsk-isilkul,Омск,Исилькуль,5200,SEO_AUTOPILOT,38
https://city2city.ru/bryansk-oryol,Брянск,Орёл,4000,SEO_AUTOPILOT,38
https://city2city.ru/kazan-vyatskie-polyany,Казань,Вятские Поляны,5000,SEO_AUTOPILOT,38
https://city2city.ru/vologda-yaroslavl,Вологда,Ярославль,6000,SEO_AUTOPILOT,38
https://city2city.ru/yaroslavl-vologda,Ярославль,Вологда,6000,SEO_AUTOPILOT,38
https://city2city.ru/aeroport-gagarin-balakovo,аэропорт Гагарин,Балаково,5100,SEO_MONITOR,37
https://city2city.ru/volgograd-samara,Волгоград,Самара,23600,DIRECT_TEST,37
https://city2city.ru/izhevsk-nizhnekamsk,Ижевск,Нижнекамск,6300,SEO_AUTOPILOT,37
https://city2city.ru/sankt-peterburg-belgorod,Санкт-Петербург,Белгород,41000,DIRECT_TEST,37
https://city2city.ru/ivanovo-suzdal,Иваново,Суздаль,3600,SEO_AUTOPILOT,37
https://city2city.ru/ivanovo-rostov-velikij,Иваново,Ростов,4700,SEO_AUTOPILOT,37
https://city2city.ru/smolensk-bryansk,Смоленск,Брянск,7400,SEO_AUTOPILOT,37
https://city2city.ru/rostov-millerovo,Ростов-на-Дону,Миллерово,6800,SEO_AUTOPILOT,37
https://city2city.ru/samara-volgograd,Самара,Волгоград,24200,DIRECT_TEST,37
https://city2city.ru/samara-izhevsk,Самара,Ижевск,16600,DIRECT_TEST,37
https://city2city.ru/tver-udomlya,Тверь,Удомля,6300,SEO_AUTOPILOT,37
https://city2city.ru/vladivostok-bolshoj-kamen,Владивосток,Большой Камень,5000,SEO_AUTOPILOT,36
https://city2city.ru/samara-penza,Самара,Пенза,12600,DIRECT_TEST,36
https://city2city.ru/rostov-eisk,аэропорт Платов,Ейск,5500,SEO_AUTOPILOT,36
https://city2city.ru/penza-samara,Пенза,Самара,12600,DIRECT_TEST,36
https://city2city.ru/volgograd-surovikino,Волгоград,Суровикино,4000,SEO_AUTOPILOT,36
https://city2city.ru/perm-chajkovskij,Пермь,Чайковский,8000,SEO_AUTOPILOT,36
https://city2city.ru/xanty-mansijsk-yugorsk,Ханты-Мансийск,Югорск,11400,DIRECT_TEST,36
https://city2city.ru/moskva-pervomajsk,Москва,Первомайск,16200,DIRECT_TEST,36
https://city2city.ru/kursk-shhigry,Курск,Щигры,2000,SEO_AUTOPILOT,36
https://city2city.ru/svo-taxi-donetsk-mineralnye-vody-aeroport,Донецк,Минеральные Воды,21000,DIRECT_TEST,36
https://city2city.ru/voronezh-rostov-velikij,Воронеж,Ростов,17000,DIRECT_TEST,36
https://city2city.ru/chelyabinsk-ozyorsk,Челябинск,Озерск,3500,SEO_AUTOPILOT,36
https://city2city.ru/ekaterinburg-nevyansk,Екатеринбург,Невьянск,2500,SEO_AUTOPILOT,36
https://city2city.ru/kazan-laishevo,Казань,Лаишево,3000,SEO_MONITOR,36
https://city2city.ru/krasnoyarsk-tomsk,Красноярск,Томск,17600,DIRECT_TEST,35
https://city2city.ru/vologda-velikiy-ustyug,Вологда,Великий Устюг,13500,DIRECT_TEST,35
https://city2city.ru/chelyabinsk-shhuche,Челябинск,Щучье,3000,SEO_AUTOPILOT,35
https://city2city.ru/kazan-sibaj,Казань,Сибай,28400,DIRECT_TEST,35
https://city2city.ru/chelyabinsk-korkino,Челябинск,Коркино,3000,SEO_AUTOPILOT,35
https://city2city.ru/kemerovo-leninsk-kuznetskiy,Кемерово,Ленинск-Кузнецкий,3000,SEO_AUTOPILOT,35
https://city2city.ru/tomsk-krasnojarsk,Томск,Красноярск,17600,DIRECT_TEST,35
https://city2city.ru/kaluga-maloyaroslavecz,Калуга,Малоярославец,2000,SEO_AUTOPILOT,35
https://city2city.ru/volgograd-znamensk,Волгоград,Знаменск,3800,SEO_AUTOPILOT,35
https://city2city.ru/voronezh-bobrov,Воронеж,Бобров,3000,SEO_AUTOPILOT,34
https://city2city.ru/saratov-volgograd,Саратов,Волгоград,11000,DIRECT_TEST,34
https://city2city.ru/velikiy-novgorod-moskva,Великий Новгород,Москва,17100,DIRECT_TEST,34
https://city2city.ru/vladimir-aleksandrov,Владимир,Александров,4000,SEO_AUTOPILOT,34
https://city2city.ru/izhevsk-ekaterinburg,Ижевск,Екатеринбург,17100,DIRECT_TEST,34
https://city2city.ru/kaluga-kirov-kaluzhskaya-oblast,Калуга,Киров,36000,DIRECT_TEST,34
https://city2city.ru/rostov-samara,Ростов-на-Дону,Самара,38400,DIRECT_TEST,34
https://city2city.ru/perm-dobryanka,Пермь,Добрянка,2000,SEO_AUTOPILOT,34
https://city2city.ru/novosibirsk-rubtsovsk,Новосибирск,Рубцовск,15500,DIRECT_TEST,34
https://city2city.ru/kirov-zuevka,Киров,Зуевка,4500,SEO_AUTOPILOT,34
https://city2city.ru/ekaterinburg-izhevsk,Екатеринбург,Ижевск,17000,DIRECT_TEST,34
https://city2city.ru/penza-kamenka,Пенза,Каменка,3800,SEO_AUTOPILOT,34
https://city2city.ru/volgograd-saratov,Волгоград,Саратов,11000,DIRECT_TEST,34
https://city2city.ru/samara-rostov-na-donu,Самара,Ростов-на-Дону,37500,DIRECT_TEST,34
https://city2city.ru/astraxan-narimanov,Астрахань,Нариманов,2000,SEO_AUTOPILOT,33
https://city2city.ru/krasnodar-vladikavkaz,Краснодар,Владикавказ,18300,DIRECT_TEST,33
https://city2city.ru/novosibirsk-irkutsk,Новосибирск,Иркутск,55000,DIRECT_TEST,33
https://city2city.ru/irkutsk-sayansk,Иркутск,Саянск,8500,SEO_AUTOPILOT,33
https://city2city.ru/saratov-marks,Саратов,Маркс,3200,SEO_AUTOPILOT,33
https://city2city.ru/rostov-mineralnye-vody,Ростов-на-Дону,Минеральные Воды,14400,DIRECT_TEST,33
https://city2city.ru/svo-taxi-boguchar-rossosh,Богучар,Россошь,3800,SEO_AUTOPILOT,33
https://city2city.ru/nizhniy_novgorod-vladimir,Нижний Новгород,Владимир,7000,SEO_AUTOPILOT,33
https://city2city.ru/velikiy-novgorod-pskov,Великий Новгород,Псков,6400,SEO_AUTOPILOT,33
https://city2city.ru/nizhniy_novgorod-cheboksary,Нижний Новгород,Чебоксары,8100,SEO_AUTOPILOT,33
https://city2city.ru/rostov-morozovsk,Ростов-на-Дону,Морозовск,7500,SEO_AUTOPILOT,33
https://city2city.ru/kostroma-volgorechensk,Кострома,Волгореченск,3000,SEO_AUTOPILOT,33
https://city2city.ru/tambov-penza,Тамбов,Пенза,8500,SEO_AUTOPILOT,33
https://city2city.ru/ekaterinburg-nizhnyaya-tura,Екатеринбург,Нижняя Тура,7000,SEO_AUTOPILOT,33
https://city2city.ru/vladimir-nizhnij-novgorod,Владимир,Нижний Новгород,7000,SEO_AUTOPILOT,33
https://city2city.ru/moskva-uglich,Москва,Углич,7000,SEO_AUTOPILOT,33
https://city2city.ru/penza-tambov,Пенза,Тамбов,8700,SEO_AUTOPILOT,33
https://city2city.ru/saratov-atkarsk,Саратов,Аткарск,3000,SEO_AUTOPILOT,32
https://city2city.ru/kostroma-plyos,Кострома,Плёс,3400,SEO_AUTOPILOT,32
https://city2city.ru/kazan-neftekamsk,Казань,Нефтекамск,12400,DIRECT_TEST,32
https://city2city.ru/barnaul-zarinsk,Барнаул,Заринск,3500,SEO_AUTOPILOT,32
https://city2city.ru/voronezh-kalach,Воронеж,Калач,7000,SEO_AUTOPILOT,32
https://city2city.ru/krasnoyarsk-minusinsk,Красноярск,Минусинск,13000,DIRECT_TEST,32
https://city2city.ru/tula-donskoj,Тула,Донской,2000,SEO_AUTOPILOT,32
https://city2city.ru/saransk-kovylkino,Саранск,Ковылкино,3500,SEO_AUTOPILOT,32
https://city2city.ru/samara-bugulma,Самара,Бугульма,7800,SEO_AUTOPILOT,32
https://city2city.ru/kostroma-galich,Кострома,Галич,4500,SEO_AUTOPILOT,32
https://city2city.ru/astraxan-rostov-na-donu,Астрахань,Ростов-на-Дону,23100,DIRECT_TEST,32
https://city2city.ru/nizhniy_novgorod-sarov,Нижний Новгород,Саров,6300,SEO_AUTOPILOT,32
https://city2city.ru/tyumen-zavodoukovsk,Тюмень,Заводоуковск,3600,SEO_AUTOPILOT,32
https://city2city.ru/smolensk-vyazma,Смоленск,Вязьма,5000,SEO_AUTOPILOT,32
https://city2city.ru/krasnoyarsk-nazarovo,Красноярск,Назарово,6200,SEO_AUTOPILOT,32
https://city2city.ru/kazan-buguruslan,Казань,Бугуруслан,11700,DIRECT_TEST,32
https://city2city.ru/kemerovo-beryozovskiy,Кемерово,Берёзовский,55800,DIRECT_TEST,31
https://city2city.ru/tyumen-moskva,Тюмень,Москва,60300,DIRECT_TEST,31
https://city2city.ru/xanty-mansijsk-uraj,Ханты-Мансийск,Урай,12900,DIRECT_TEST,31
https://city2city.ru/orenburg-naberezhnye-chelny,Оренбург,Набережные Челны,16600,DIRECT_TEST,31
https://city2city.ru/velikiy-novgorod-valday,Великий Новгород,Валдай,5000,SEO_AUTOPILOT,31
https://city2city.ru/tula-suvorov,Тула,Суворов,3000,SEO_AUTOPILOT,31
https://city2city.ru/stavropol-elista,Ставрополь,Элиста,8000,SEO_AUTOPILOT,31
https://city2city.ru/olekminsk-jakutsk,Олекминск,Якутск,28800,DIRECT_TEST,31
https://city2city.ru/novosibirsk-kolpashevo,Новосибирск,Колпашево,15000,DIRECT_TEST,31
https://city2city.ru/astraxan-stavropol,Астрахань,Ставрополь,17400,DIRECT_TEST,31
https://city2city.ru/svo-taxi-donetsk-gorlovka,Донецк,Горловка,3200,SEO_AUTOPILOT,31
https://city2city.ru/moskva-syktyvkar,Москва,Сыктывкар,40200,DIRECT_TEST,31
https://city2city.ru/ivanovo-nizhnij-novgorod,Иваново,Нижний Новгород,7500,SEO_AUTOPILOT,31
https://city2city.ru/kirov-kaluga,Киров,Калуга,35000,DIRECT_TEST,31
https://city2city.ru/moskva-tyumen,Москва,Тюмень,59800,DIRECT_TEST,31
https://city2city.ru/krasnoyarsk-irkutsk,Красноярск,Иркутск,31800,DIRECT_TEST,31
https://city2city.ru/saratov-kazan,Саратов,Казань,20400,DIRECT_TEST,31
https://city2city.ru/ekaterinburg-chebarkul,Екатеринбург,Чебаркуль,7800,SEO_AUTOPILOT,31
https://city2city.ru/ufa-aznakaevo,Уфа,Азнакаево,7400,SEO_AUTOPILOT,31
https://city2city.ru/omsk-kalachinsk,Омск,Калачинск,3800,SEO_AUTOPILOT,31
https://city2city.ru/syktyvkar-moskva,Сыктывкар,Москва,40400,DIRECT_TEST,31
https://city2city.ru/kaluga-kozelsk,Калуга,Козельск,3200,SEO_AUTOPILOT,30
https://city2city.ru/voronezh-pavlovsk,Воронеж,Павловск,5000,SEO_AUTOPILOT,30
https://city2city.ru/samara-neftegorsk,Самара,Нефтегорск,3000,SEO_AUTOPILOT,30
https://city2city.ru/kostroma-buj,Кострома,Буй,3800,SEO_AUTOPILOT,30
https://city2city.ru/bryansk-kursk,Брянск,Курск,8500,SEO_AUTOPILOT,30
https://city2city.ru/krasnodar-groznyj,Краснодар,Грозный,20800,DIRECT_TEST,30
https://city2city.ru/krasnodar-maxachkala,Краснодар,Махачкала,26000,DIRECT_TEST,30
https://city2city.ru/belgorod-samara,Белгород,Самара,35500,DIRECT_TEST,30
https://city2city.ru/saransk-moskva,Саранск,Москва,19000,DIRECT_TEST,30
https://city2city.ru/ivanovo-komsomolsk,Иваново,Комсомольск,3000,SEO_AUTOPILOT,30
https://city2city.ru/bryansk-lyudinovo,Брянск,Людиново,3600,SEO_AUTOPILOT,30
https://city2city.ru/tver-lixoslavl,Тверь,Лихославль,2000,SEO_AUTOPILOT,30
https://city2city.ru/belgorod-novyj_oskol,Белгород,Новый Оскол,3500,SEO_AUTOPILOT,30
https://city2city.ru/ulyanovsk-penza,Ульяновск,Пенза,9500,SEO_AUTOPILOT,30
https://city2city.ru/chelyabinsk-kusa,Челябинск,Куса,5500,SEO_AUTOPILOT,30
https://city2city.ru/irkutsk-chita,Иркутск,Чита,32800,DIRECT_TEST,30
https://city2city.ru/penza-ulyanovsk,Пенза,Ульяновск,9600,SEO_AUTOPILOT,30
https://city2city.ru/ufa-novotroiczk,Уфа,Новотроицк,18000,DIRECT_TEST,30
https://city2city.ru/moskva-saransk,Москва,Саранск,18900,DIRECT_TEST,30
https://city2city.ru/oryol-bryansk,Орёл,Брянск,4900,SEO_AUTOPILOT,30
https://city2city.ru/belgorod-lipeck,Белгород,Липецк,11500,DIRECT_TEST,29
https://city2city.ru/svo-taxi-saratov-donetsk,Саратов,Донецк,23000,DIRECT_TEST,29
https://city2city.ru/lipeczk-dankov,Липецк,Данков,2500,SEO_AUTOPILOT,29
https://city2city.ru/samara-mirnyj,Самара,Мирный,168000,DIRECT_TEST,29
https://city2city.ru/voronezh-novovoronezh,Воронеж,Нововоронеж,2000,SEO_AUTOPILOT,29
https://city2city.ru/kursk-oryol,Курск,Орёл,5300,SEO_AUTOPILOT,29
https://city2city.ru/ekaterinburg-zlatoust,Екатеринбург,Златоуст,8100,SEO_AUTOPILOT,29
https://city2city.ru/ufa-mezhgore,Уфа,Межгорье,7000,SEO_AUTOPILOT,29
https://city2city.ru/lipeczk-usman,Липецк,Усмань,2000,SEO_AUTOPILOT,29
https://city2city.ru/samara-perm,Самара,Пермь,26100,DIRECT_TEST,29
https://city2city.ru/perm-vereshhagino,Пермь,Верещагино,4000,SEO_AUTOPILOT,29
https://city2city.ru/saratov-doneczk-rostovskaya-oblast,Саратов,Донецк,23000,DIRECT_TEST,29
https://city2city.ru/belgorod-korocha,Белгород,Короча,3000,SEO_AUTOPILOT,28
https://city2city.ru/perm-kudymkar,Пермь,Кудымкар,6000,SEO_AUTOPILOT,28
https://city2city.ru/kazan-volgograd,Казань,Волгоград,30900,DIRECT_TEST,28
https://city2city.ru/tyumen-sibaj,Тюмень,Сибай,23700,DIRECT_TEST,28
https://city2city.ru/sankt-peterburg-sortavala,Санкт-Петербург,Сортавала,8200,SEO_AUTOPILOT,28
https://city2city.ru/voronezh-gubkin,Воронеж,Губкин,4000,SEO_AUTOPILOT,28
https://city2city.ru/perm-oxansk,Пермь,Оханск,3200,SEO_AUTOPILOT,28
https://city2city.ru/ekaterinburg-shadrinsk,международный аэропорт Кольцово Екатеринбург,Шадринск,6900,SEO_MONITOR,28
https://city2city.ru/orenburg-sibaj,Оренбург,Сибай,10000,DIRECT_TEST,28
https://city2city.ru/nizhnij-novgorod-ardatov-mordoviya,Нижний Новгород,Ардатов,8000,SEO_AUTOPILOT,27
https://city2city.ru/ivanovo-yuzha,Иваново,Южа,3000,SEO_AUTOPILOT,27
https://city2city.ru/kaluga-lyudinovo,Калуга,Людиново,5800,SEO_AUTOPILOT,27
https://city2city.ru/tula-kimovsk,Тула,Кимовск,2000,SEO_AUTOPILOT,27
https://city2city.ru/vladivostok-arsenev,Владивосток,Арсеньев,10000,DIRECT_TEST,27
https://city2city.ru/ekaterinburg-ulyanovsk,Екатеринбург,Ульяновск,30200,DIRECT_TEST,27
https://city2city.ru/saratov-kamyshin,Саратов,Камышин,6300,SEO_AUTOPILOT,27
https://city2city.ru/vladivostok-partizansk,Владивосток,Партизанск,5800,SEO_AUTOPILOT,27
https://city2city.ru/stavropol-novoaleksandrovsk,Ставрополь,Новоалександровск,3600,SEO_AUTOPILOT,27
https://city2city.ru/belgorod-kazan,Белгород,Казань,38600,DIRECT_TEST,27
https://city2city.ru/kazan-orsk,Казань,Орск,29700,DIRECT_TEST,27
https://city2city.ru/novosibirsk-belovo,Новосибирск,Белово,8000,SEO_AUTOPILOT,27
https://city2city.ru/vologda-harovsk,Вологда,Харовск,3500,SEO_AUTOPILOT,27
https://city2city.ru/tambov-uvarovo,Тамбов,Уварово,4300,SEO_AUTOPILOT,27
https://city2city.ru/kazan-belgorod,Казань,Белгород,40400,DIRECT_TEST,27
https://city2city.ru/smolensk-safonovo,Смоленск,Сафоново,3600,SEO_AUTOPILOT,27
https://city2city.ru/samara-tujmazy,Самара,Туймазы,9000,SEO_AUTOPILOT,27
https://city2city.ru/irkutsk-bodajbo,Иркутск,Бодайбо,43800,DIRECT_TEST,27
https://city2city.ru/voronezh-ostrogozhsk,Воронеж,Острогожск,3800,SEO_AUTOPILOT,26
https://city2city.ru/ulyanovsk-cheboksary,Ульяновск,Чебоксары,7000,SEO_AUTOPILOT,26
https://city2city.ru/saratov-balashov,Саратов,Балашов,6400,SEO_AUTOPILOT,26
https://city2city.ru/ekaterinburg-aramil,Екатеринбург,Арамиль,2000,SEO_AUTOPILOT,26
https://city2city.ru/melitopol-rostov-na-don,Мелитополь,Ростов-на-Дону,11000,DIRECT_TEST,26
https://city2city.ru/cheboksary-penza,Чебоксары,Пенза,14000,DIRECT_TEST,26
https://city2city.ru/krasnoyarsk-kemerovo,Красноярск,Кемерово,15900,DIRECT_TEST,26
https://city2city.ru/ufa-ulyanovsk,Уфа,Ульяновск,17700,DIRECT_TEST,26
https://city2city.ru/nizhniy_novgorod-saransk,Нижний Новгород,Саранск,8500,SEO_AUTOPILOT,26
https://city2city.ru/tomsk-strezhevoy,Томск,Стрежевой,72600,DIRECT_TEST,26
https://city2city.ru/ulyanovsk-ufa,Ульяновск,Уфа,17600,DIRECT_TEST,26
https://city2city.ru/tula-belyov,Тула,Белёв,4000,SEO_AUTOPILOT,26
https://city2city.ru/ekaterinburg-krasnoturinsk,Екатеринбург,Краснотурьинск,11600,DIRECT_TEST,26
https://city2city.ru/krasnoyarsk-uzhur,Красноярск,Ужур,8700,SEO_AUTOPILOT,26
https://city2city.ru/rostov-sankt-peterburg,Ростов-на-Дону,Санкт-Петербург,54000,DIRECT_TEST,26
https://city2city.ru/smolensk-elnya,Смоленск,Ельня,3800,SEO_AUTOPILOT,26
https://city2city.ru/sankt-peterburg-rostov-na-don,Санкт-Петербург,Ростов-на-Дону,53700,DIRECT_TEST,26
https://city2city.ru/tula-plavsk,Тула,Плавск,2000,SEO_AUTOPILOT,26
https://city2city.ru/saratov-petrovsk,Саратов,Петровск,4000,SEO_AUTOPILOT,26
https://city2city.ru/krasnodar-sankt-peterburg,Ростов-на-Дону,Санкт-Петербург,61800,DIRECT_TEST,26
https://city2city.ru/kazan-arsk,Казань,Арск,3200,SEO_AUTOPILOT,26
https://city2city.ru/svo-taxi-rostov-na-donu-melitopol,Ростов-на-Дону,Мелитополь,11000,DIRECT_TEST,26
https://city2city.ru/joshkar-ola-volzhsk,Йошкар-Ола,Волжск,3000,SEO_AUTOPILOT,26
https://city2city.ru/saransk-nizhnij-novgorod,Саранск,Нижний Новгород,8500,SEO_AUTOPILOT,26
https://city2city.ru/kazan-malmyzh,Казань,Малмыж,5000,SEO_AUTOPILOT,25
https://city2city.ru/kaluga-tarusa,Калуга,Таруса,2000,SEO_AUTOPILOT,25
https://city2city.ru/irkutsk-ust-ilimsk,Иркутск,Усть-Илимск,27000,DIRECT_TEST,25
https://city2city.ru/tula-lipki,Тула,Липки,2000,SEO_AUTOPILOT,25
https://city2city.ru/kirov-ufa,Киров,Уфа,22500,DIRECT_TEST,25
https://city2city.ru/ekaterinburg-krasnoufimsk,Екатеринбург,Красноуфимск,6000,SEO_AUTOPILOT,25
https://city2city.ru/ufa-kirov,Уфа,Киров,22500,DIRECT_TEST,25
https://city2city.ru/handyga-jakutsk,Хандыга,Якутск,12600,DIRECT_TEST,25
https://city2city.ru/kazan-zainsk,Казань,Заинск,7200,SEO_AUTOPILOT,25
https://city2city.ru/krasnodar-ryazan,Краснодар,Рязань,36500,DIRECT_TEST,25
https://city2city.ru/ekaterinburg-serov,Екатеринбург,Серов,10500,DIRECT_TEST,25
https://city2city.ru/smolensk-roslavl,Смоленск,Рославль,4000,SEO_AUTOPILOT,25
https://city2city.ru/voronezh-nizhnij-novgorod,Воронеж,Нижний Новгород,22200,DIRECT_TEST,25
https://city2city.ru/nizhnij-novgorod-voronezh,Нижний Новгород,Воронеж,22200,DIRECT_TEST,25
https://city2city.ru/samara-pugachyov,Самара,Пугачёв,5900,SEO_AUTOPILOT,25
https://city2city.ru/orenburg-magnitogorsk,Оренбург,Магнитогорск,13400,DIRECT_TEST,25
https://city2city.ru/lugansk-saratov,Луганск,Саратов,24900,DIRECT_TEST,25
https://city2city.ru/volgograd-frolovo,Волгоград,Фролово,4500,SEO_AUTOPILOT,24
https://city2city.ru/kemerovo-barnaul,Кемерово,Барнаул,12000,DIRECT_TEST,24
https://city2city.ru/ufa-surgut,Уфа,Сургут,48600,DIRECT_TEST,24
https://city2city.ru/murmansk-kovdor,Мурманск,Ковдор,8800,SEO_AUTOPILOT,24
https://city2city.ru/ryazan-luxoviczy,Рязань,Луховицы,3000,SEO_AUTOPILOT,24
https://city2city.ru/stavropol-svetlograd,Ставрополь,Светлоград,3800,SEO_AUTOPILOT,24
https://city2city.ru/ekaterinburg-oktyabrskij-5,Екатеринбург,Октябрьский,18500,DIRECT_TEST,24
https://city2city.ru/blagoveshhensk-nerjungri,Благовещенск,Нерюнгри,29400,DIRECT_TEST,24
https://city2city.ru/oryol-smolensk,Орёл,Смоленск,11500,DIRECT_TEST,24
https://city2city.ru/vladimir-vyazniki,Владимир,Вязники,4300,SEO_AUTOPILOT,24
https://city2city.ru/svo-taxi-alchevsk-lugansk,Алчевск,Луганск,2000,SEO_AUTOPILOT,24
https://city2city.ru/saransk-cheboksary,Саранск,Чебоксары,9800,SEO_AUTOPILOT,24
https://city2city.ru/stavropol-astraxan,Ставрополь,Астрахань,17400,DIRECT_TEST,24
https://city2city.ru/smolensk-oryol,Смоленск,Орёл,11400,DIRECT_TEST,24
https://city2city.ru/irkutsk-tulun,Иркутск,Тулун,12000,DIRECT_TEST,24
https://city2city.ru/svo-taxi-lugansk-alchevsk,Луганск,Алчевск,2000,SEO_AUTOPILOT,24
https://city2city.ru/joshkar-ola-kirov,Йошкар-Ола,Киров,9000,SEO_AUTOPILOT,24
https://city2city.ru/novosibirsk-toguchin,Новосибирск,Тогучин,4000,SEO_AUTOPILOT,23
https://city2city.ru/lugansk-voronezh,Луганск,Воронеж,15900,DIRECT_TEST,23
https://city2city.ru/ivanovo-kovrov,Иваново,Ковров,4300,SEO_AUTOPILOT,23
https://city2city.ru/novosibirsk-cherepanovo,Новосибирск,Черепаново,3500,SEO_AUTOPILOT,23
https://city2city.ru/bryansk-trubchevsk,Брянск,Трубчевск,3000,SEO_AUTOPILOT,23
https://city2city.ru/tomsk-omsk,Томск,Омск,26800,DIRECT_TEST,23
https://city2city.ru/yaroslavl-krasnyj-xolm,Ярославль,Красный Холм,6800,SEO_AUTOPILOT,23
https://city2city.ru/ivanovo-privolzhsk,Иваново,Приволжск,2000,SEO_AUTOPILOT,23
https://city2city.ru/ulyanovsk-nizhnij-novgorod,Ульяновск,Нижний Новгород,13000,DIRECT_TEST,23
https://city2city.ru/valuyki-voronezh,Валуйки,Воронеж,7000,SEO_AUTOPILOT,23
https://city2city.ru/perm-chusovoj,Пермь,Чусовой,4000,SEO_AUTOPILOT,23
https://city2city.ru/kirov-uxta,Киров,Ухта,22000,DIRECT_TEST,23
https://city2city.ru/samara-belgorod,Самара,Белгород,36000,DIRECT_TEST,23
https://city2city.ru/penza-cheboksary,Пенза,Чебоксары,14100,DIRECT_TEST,23
https://city2city.ru/petrozavodsk-medvezhegorsk,Петрозаводск,Медвежьегорск,5300,SEO_AUTOPILOT,23
https://city2city.ru/omsk-tomsk,Омск,Томск,26800,DIRECT_TEST,23
https://city2city.ru/moskva-murmansk,Москва,Мурманск,57400,DIRECT_TEST,23
https://city2city.ru/barnaul-tomsk,Барнаул,Томск,14700,DIRECT_TEST,23
https://city2city.ru/astraxan-kamyzyak,Астрахань,Камызяк,3000,SEO_AUTOPILOT,23
https://city2city.ru/habarovsk-jakutsk,Хабаровск,Якутск,69900,DIRECT_TEST,22
https://city2city.ru/ivanovo-rodniki,Иваново,Родники,3000,SEO_AUTOPILOT,22
https://city2city.ru/vologda-vytegra,Вологда,Вытегра,9500,SEO_AUTOPILOT,22
https://city2city.ru/kaluga-meshhovsk,Калуга,Мещовск,2500,SEO_AUTOPILOT,22
https://city2city.ru/volgograd-kazan,Волгоград,Казань,31500,DIRECT_TEST,22
https://city2city.ru/krasnodar-saratov,Краснодар,Саратов,32700,DIRECT_TEST,22
https://city2city.ru/tula-voronezh,Тула,Воронеж,10400,DIRECT_TEST,22
https://city2city.ru/novosibirsk-kyzyl,Новосибирск,Кызыл,38700,DIRECT_TEST,22
https://city2city.ru/krasnodar-nalchik,Краснодар,Нальчик,15000,DIRECT_TEST,22
https://city2city.ru/perm-nytva,Пермь,Нытва,3200,SEO_AUTOPILOT,22
https://city2city.ru/murmansk-kola,Мурманск,Кола,2000,SEO_AUTOPILOT,22
https://city2city.ru/kazan-salavat,Казань,Салават,19800,DIRECT_TEST,22
https://city2city.ru/saratov-ershov,Саратов,Ершов,5900,SEO_AUTOPILOT,22
https://city2city.ru/ekaterinburg-snezhinsk,Екатеринбург,Снежинск,3000,SEO_AUTOPILOT,22
https://city2city.ru/kyzyl-novosibirsk,Кызыл,Новосибирск,38600,DIRECT_TEST,22
https://city2city.ru/ufa-nizhnij-novgorod,Уфа,Нижний Новгород,28200,DIRECT_TEST,22
https://city2city.ru/voronezh-tula,Воронеж,Тула,10500,DIRECT_TEST,22
https://city2city.ru/bryansk-karachev,Брянск,Карачев,3000,SEO_AUTOPILOT,22
https://city2city.ru/novosibirsk-abakan,Новосибирск,Абакан,29500,DIRECT_TEST,22
https://city2city.ru/kazan-kukmor,Казань,Кукмор,5100,SEO_AUTOPILOT,22
https://city2city.ru/lipeczk-zadonsk,Липецк,Задонск,2000,SEO_AUTOPILOT,22
https://city2city.ru/perm-ochyor,Пермь,Очёр,3500,SEO_AUTOPILOT,22
https://city2city.ru/xanty-mansijsk-pyt-yax,Ханты-Мансийск,Пыть-Ях,7800,SEO_AUTOPILOT,22
https://city2city.ru/vladimir-kameshkovo,Владимир,Камешково,2000,SEO_AUTOPILOT,22
https://city2city.ru/orenburg-tolyatti,Оренбург,Тольятти,15200,DIRECT_TEST,21
https://city2city.ru/kazan-mamadysh,Казань,Мамадыш,5600,SEO_AUTOPILOT,21
https://city2city.ru/chelyabinsk-karabash,Челябинск,Карабаш,3500,SEO_AUTOPILOT,21
https://city2city.ru/kursk-sankt-peterburg,Курск,Санкт-Петербург,36800,DIRECT_TEST,21
https://city2city.ru/krasnodar-taganrog,Краснодар,Таганрог,11000,DIRECT_TEST,21
https://city2city.ru/voronezh-samara,Воронеж,Самара,28000,DIRECT_TEST,21
https://city2city.ru/bryansk-novozybkov,Брянск,Новозыбков,6000,SEO_AUTOPILOT,21
https://city2city.ru/saratov-krasnoarmejsk,Саратов,Красноармейск,3600,SEO_AUTOPILOT,21
https://city2city.ru/chelyabinsk-sankt-peterburg,Челябинск,Санкт-Петербург,73200,DIRECT_TEST,21
https://city2city.ru/samara-volzhskij,Самара,Волжский,24000,DIRECT_TEST,21
https://city2city.ru/rostov-proletarsk,Ростов-на-Дону,Пролетарск,6600,SEO_AUTOPILOT,21
https://city2city.ru/kostroma-neya,Кострома,Нея,7000,SEO_AUTOPILOT,21
https://city2city.ru/kazan-novocheboksarsk,Казань,Новочебоксарск,4500,SEO_AUTOPILOT,21
https://city2city.ru/kaluga-smolensk,Калуга,Смоленск,10500,DIRECT_TEST,21
https://city2city.ru/rostov-astrahan,аэропорт Платов,Астрахань,23100,DIRECT_TEST,21
https://city2city.ru/stavropol-anapa,Ставрополь,Анапа,14200,DIRECT_TEST,21
https://city2city.ru/perm-votkinsk,Пермь,Воткинск,7000,SEO_AUTOPILOT,21
https://city2city.ru/voronezh-penza,Воронеж,Пенза,15500,DIRECT_TEST,21
https://city2city.ru/ekaterinburg-voronezh,Екатеринбург,Воронеж,54200,DIRECT_TEST,21
https://city2city.ru/bryansk-sevsk,Брянск,Севск,4000,SEO_AUTOPILOT,21
https://city2city.ru/samara-voronezh,Самара,Воронеж,27900,DIRECT_TEST,21
https://city2city.ru/ekaterinburg-talicza,Екатеринбург,Талица,6500,SEO_AUTOPILOT,21
https://city2city.ru/sankt-peterburg-kursk,Санкт-Петербург,Курск,37000,DIRECT_TEST,21
https://city2city.ru/bryansk-kaluga,Брянск,Калуга,6800,SEO_AUTOPILOT,21
https://city2city.ru/perm-oktyabrskij-respublika-bashkortostan,Пермь,Октябрьский,17500,DIRECT_TEST,21
https://city2city.ru/penza-voronezh,Пенза,Воронеж,15500,DIRECT_TEST,21
https://city2city.ru/izhevsk-naberezhnye-chelny,Ижевск,Набережные Челны,5500,SEO_MONITOR,21
https://city2city.ru/kaluga-bryansk,Калуга,Брянск,7000,SEO_AUTOPILOT,21
https://city2city.ru/yakutsk-xabarovsk,Якутск,Хабаровск,70000,DIRECT_TEST,20
https://city2city.ru/svo-taxi-kpp-valuyki-rossosh,Валуйки,Россошь,5000,SEO_AUTOPILOT,20
https://city2city.ru/kirov-nolinsk,Киров,Нолинск,5200,SEO_AUTOPILOT,20
https://city2city.ru/moskva-vyazniki,Москва,Вязники,9600,SEO_AUTOPILOT,20
https://city2city.ru/ekaterinburg-samara,Екатеринбург,Самара,27200,DIRECT_TEST,20
https://city2city.ru/stavropol-ipatovo,Ставрополь,Ипатово,4700,SEO_AUTOPILOT,20
https://city2city.ru/ekaterinburg-sredneuralsk,Екатеринбург,Среднеуральск,3000,SEO_AUTOPILOT,20
https://city2city.ru/ulyanovsk-inza,Ульяновск,Инза,5400,SEO_AUTOPILOT,20
https://city2city.ru/nizhniy_novgorod-kirov,Нижний Новгород,Киров,17500,DIRECT_TEST,20
https://city2city.ru/saratov-rostov-na-donu,Саратов,Ростов-на-Дону,25000,DIRECT_TEST,20
https://city2city.ru/saratov-orenburg,Саратов,Оренбург,24000,DIRECT_TEST,20
https://city2city.ru/cheboksary-naberezhnye-chelny,Чебоксары,Набережные Челны,12000,DIRECT_TEST,20
https://city2city.ru/svo-taxi-lugansk-stahanov,Луганск,Стаханов,2000,SEO_AUTOPILOT,20
https://city2city.ru/rostov-saratov,Ростов-на-Дону,Саратов,25200,DIRECT_TEST,20
https://city2city.ru/krasnoyarsk-novokuzneczk,Красноярск,Новокузнецк,22200,DIRECT_TEST,20
https://city2city.ru/ulyanovsk-ekaterinburg,Ульяновск,Екатеринбург,30400,DIRECT_TEST,20
https://city2city.ru/kirov-nizhnij-novgorod,Киров,Нижний Новгород,17500,DIRECT_TEST,20
https://city2city.ru/murmansk-gadzhievo,Мурманск,Гаджиево,3400,SEO_AUTOPILOT,20
https://city2city.ru/orenburg-saratov,Оренбург,Саратов,24000,DIRECT_TEST,20
https://city2city.ru/krasnodar-ekaterinburg,Краснодар,Екатеринбург,72300,DIRECT_TEST,19
https://city2city.ru/ulyanovsk-kirov,Ульяновск,Киров,18600,DIRECT_TEST,19
https://city2city.ru/kirov-ulyanovsk,Киров,Ульяновск,18600,DIRECT_TEST,19
https://city2city.ru/vladimir-sudogda,Владимир,Судогда,2000,SEO_AUTOPILOT,19
https://city2city.ru/kaluga-podolsk,Калуга,Подольск,4500,SEO_AUTOPILOT,19
https://city2city.ru/belgorod-alekseevka,Белгород,Алексеевка,38000,DIRECT_TEST,19
https://city2city.ru/joshkar-ola-zvenigovo,Йошкар-Ола,Звенигово,3000,SEO_AUTOPILOT,19
https://city2city.ru/saratov-ufa,Саратов,Уфа,26600,DIRECT_TEST,19
https://city2city.ru/samara-balakovo,Самара,Балаково,8000,SEO_AUTOPILOT,19
https://city2city.ru/samara-cheboksary,Самара,Чебоксары,14200,DIRECT_TEST,19
https://city2city.ru/kursk-bryansk,Курск,Брянск,8600,SEO_AUTOPILOT,19
https://city2city.ru/yaroslavl-gavrilov-yam,Ярославль,Гаврилов-Ям,2000,SEO_AUTOPILOT,19
https://city2city.ru/ufa-saratov,Уфа,Саратов,26700,DIRECT_TEST,19
https://city2city.ru/ekaterinburg-kirov,Екатеринбург,Киров,25500,DIRECT_TEST,19
https://city2city.ru/belgorod-tula,Белгород,Тула,14500,DIRECT_TEST,19
https://city2city.ru/ulyanovsk-tolyatti,Ульяновск,Тольятти,6000,SEO_AUTOPILOT,19
https://city2city.ru/chelyabinsk-shadrinsk,Челябинск,Шадринск,6500,SEO_AUTOPILOT,19
https://city2city.ru/ekaterinburg-kirov-2,Екатеринбург,Киров,25500,DIRECT_TEST,19
https://city2city.ru/kursk-staryj-oskol,Курск,Старый Оскол,4500,SEO_AUTOPILOT,18
https://city2city.ru/rostov-nizhnij-novgorod,Ростов-на-Дону,Нижний Новгород,38500,DIRECT_TEST,18
https://city2city.ru/yaroslavl-vladimir,Ярославль,Владимир,7000,SEO_AUTOPILOT,18
https://city2city.ru/tver-staricza,Тверь,Старица,2500,SEO_AUTOPILOT,18
https://city2city.ru/tver-kashin,Тверь,Кашин,6500,SEO_AUTOPILOT,18
https://city2city.ru/ust-kut-irkutsk,Усть-Кут,Иркутск,29100,DIRECT_TEST,18
https://city2city.ru/samara-nizhnekamsk,Самара,Нижнекамск,10800,DIRECT_TEST,18
https://city2city.ru/tver-borovichi,Тверь,Боровичи,8000,SEO_AUTOPILOT,18
https://city2city.ru/ivanovo-kazan,Иваново,Казань,19000,DIRECT_TEST,18
https://city2city.ru/saratov-novouzensk,Саратов,Новоузенск,6300,SEO_AUTOPILOT,18
https://city2city.ru/xabarovsk-chita-2,Хабаровск,Чита,63000,DIRECT_TEST,18
https://city2city.ru/smolensk-kaluga,Смоленск,Калуга,10500,DIRECT_TEST,18
https://city2city.ru/novosibirsk-mezhdurechensk,Новосибирск,Междуреченск,14000,DIRECT_TEST,18
https://city2city.ru/ufa-tyumen,Уфа,Тюмень,25200,DIRECT_TEST,18
https://city2city.ru/nizhnij-novgorod-kostroma,Нижний Новгород,Кострома,10500,DIRECT_TEST,18
https://city2city.ru/astraxan-axtubinsk,Астрахань,Ахтубинск,9300,SEO_AUTOPILOT,18
https://city2city.ru/svo-taxi-snezhnoe-moskva,Снежное,Москва,33500,DIRECT_TEST,18
https://city2city.ru/kostroma-nizhnij-novgorod,Кострома,Нижний Новгород,9900,SEO_AUTOPILOT,18
https://city2city.ru/samara-nizhnij-novgorod,Самара,Нижний Новгород,21000,DIRECT_TEST,18
https://city2city.ru/vladimir-sobinka,Владимир,Собинка,2000,SEO_AUTOPILOT,18
https://city2city.ru/volgograd-pallasovka,Волгоград,Палласовка,8500,SEO_AUTOPILOT,18
https://city2city.ru/rostov-sochi,Ростов-на-Дону,Сочи,16500,DIRECT_TEST,18
https://city2city.ru/ryazan-novomoskovsk,Рязань,Новомосковск,4900,SEO_AUTOPILOT,18
https://city2city.ru/krasnoyarsk-zaozyornyj,Красноярск,Заозёрный,4900,SEO_AUTOPILOT,18
https://city2city.ru/ufa-bakal,Уфа,Бакал,7000,SEO_AUTOPILOT,18
https://city2city.ru/omsk-tyukalinsk,Омск,Тюкалинск,5000,SEO_AUTOPILOT,18
https://city2city.ru/nizhnij-novgorod-sankt-peterburg,Нижний Новгород,Санкт-Петербург,33900,DIRECT_TEST,18
https://city2city.ru/nizhnij-novgorod-rostov-na-donu,Нижний Новгород,Ростов-на-Дону,38700,DIRECT_TEST,18
https://city2city.ru/vladivostok-spassk-dalnij,Владивосток,Спасск-Дальний,9500,SEO_AUTOPILOT,18
https://city2city.ru/nizhnij-novgorod-samara,Нижний Новгород,Самара,21000,DIRECT_TEST,18
https://city2city.ru/nizhnij-novgorod-rostov-velikij,Нижний Новгород,Ростов,38500,DIRECT_TEST,18
https://city2city.ru/vladimir-yaroslavl,Владимир,Ярославль,7000,SEO_AUTOPILOT,18
https://city2city.ru/tyumen-ufa,Тюмень,Уфа,27000,DIRECT_TEST,18
https://city2city.ru/xabarovsk-chita,Хабаровск,Чита,63200,DIRECT_TEST,18
https://city2city.ru/sankt-peterburg-nizhnij-novgorod,Санкт-Петербург,Нижний Новгород,34200,DIRECT_TEST,18
https://city2city.ru/ivanovo-ryazan,Иваново,Рязань,10500,DIRECT_TEST,18
https://city2city.ru/voronezh-buturlinovka,Воронеж,Бутурлиновка,5500,SEO_AUTOPILOT,18
https://city2city.ru/ekaterinburg-artyomovskij,Екатеринбург,Артёмовский,4200,SEO_AUTOPILOT,18
https://city2city.ru/nizhnij-novgorod-kulebaki,Нижний Новгород,Кулебаки,6500,SEO_AUTOPILOT,18
https://city2city.ru/saratov-nizhnij-novgorod,Саратов,Нижний Новгород,20100,DIRECT_TEST,17
https://city2city.ru/belgorod-vologda,Белгород,Вологда,33900,DIRECT_TEST,17
https://city2city.ru/nizhniy_novgorod-saratov,Нижний Новгород,Саратов,19000,DIRECT_TEST,17
https://city2city.ru/ryazan-korablino,Рязань,Кораблино,3600,SEO_AUTOPILOT,17
https://city2city.ru/samara-chelyabinsk,Самара,Челябинск,26000,DIRECT_TEST,17
https://city2city.ru/tomsk-tayga,Томск,Тайга,6400,SEO_AUTOPILOT,17
https://city2city.ru/kazan-perm,Международный аэропорт Казань,Пермь,20000,DIRECT_TEST,17
https://city2city.ru/ekaterinburg-kushva,Екатеринбург,Кушва,5500,SEO_AUTOPILOT,17
https://city2city.ru/velikiy-novgorod-soltsy,Великий Новгород,Сольцы,3600,SEO_AUTOPILOT,17
https://city2city.ru/orenburg-bugulma,Оренбург,Бугульма,12200,DIRECT_TEST,17
https://city2city.ru/ekaterinburg-turinsk,Екатеринбург,Туринск,8000,SEO_AUTOPILOT,17
https://city2city.ru/kirov-orlov,Киров,Орлов,3400,SEO_AUTOPILOT,17
https://city2city.ru/perm-kirov,Пермь,Киров,14500,DIRECT_TEST,17
https://city2city.ru/kirov-perm,Киров,Пермь,14500,DIRECT_TEST,17
https://city2city.ru/perm-kazan,Пермь,Казань,17500,DIRECT_TEST,17
https://city2city.ru/volgograd-kotelnikovo,Волгоград,Котельниково,6200,SEO_AUTOPILOT,17
https://city2city.ru/saratov-tolyatti,Саратов,Тольятти,12500,DIRECT_TEST,17
https://city2city.ru/tomsk-barnaul,Томск,Барнаул,14500,DIRECT_TEST,17
https://city2city.ru/bryansk-surazh,Брянск,Сураж,5000,SEO_AUTOPILOT,17
https://city2city.ru/kostroma-vologda,Кострома,Вологда,8500,SEO_AUTOPILOT,17
https://city2city.ru/vologda-kostroma,Вологда,Кострома,8500,SEO_AUTOPILOT,17
https://city2city.ru/samara-sochi,Самара,Сочи,54000,DIRECT_TEST,17
https://city2city.ru/stavropol-armavir,Ставрополь,Армавир,3500,SEO_AUTOPILOT,17
https://city2city.ru/samara-almetevsk,Самара,Альметьевск,9000,SEO_AUTOPILOT,17
https://city2city.ru/lipeczk-belgorod,Липецк,Белгород,11500,DIRECT_TEST,17
https://city2city.ru/ryazan-ryazhsk,Рязань,Ряжск,3500,SEO_AUTOPILOT,17
https://city2city.ru/kazan-sterlitamak,Казань,Стерлитамак,18500,DIRECT_TEST,17
https://city2city.ru/volgograd-kotovo,Волгоград,Котово,6800,SEO_AUTOPILOT,17
https://city2city.ru/lipeczk-sokol,Липецк,Сокол,29500,DIRECT_TEST,17
https://city2city.ru/kirov-sovetsk,Киров,Советск,4900,SEO_AUTOPILOT,16
https://city2city.ru/blagoveshhensk-xabarovsk,Благовещенск,Хабаровск,21600,DIRECT_TEST,16
https://city2city.ru/kursk-tula,Курск,Тула,10400,DIRECT_TEST,16
https://city2city.ru/voronezh-borisoglebsk,Воронеж,Борисоглебск,7000,SEO_AUTOPILOT,16
https://city2city.ru/elista-rostov-na-donu,Элиста,Ростов-на-Дону,13500,DIRECT_TEST,16
https://city2city.ru/oryol-tula,Орёл,Тула,5500,SEO_AUTOPILOT,16
https://city2city.ru/tula-kursk,Тула,Курск,10500,DIRECT_TEST,16
https://city2city.ru/volgograd-dubovka,Волгоград,Дубовка,2000,SEO_AUTOPILOT,16
https://city2city.ru/tula-oryol,Тула,Орёл,5500,SEO_AUTOPILOT,16
https://city2city.ru/lugansk-simferopol,Луганск,Симферополь,21500,DIRECT_TEST,16
https://city2city.ru/voronezh-sankt-peterburg,Воронеж,Санкт-Петербург,37000,DIRECT_TEST,16
https://city2city.ru/tula-serpuxov,Тула,Серпухов,2500,SEO_AUTOPILOT,16
https://city2city.ru/tyumen-sovetskij,Тюмень,Советский,31000,DIRECT_TEST,16
https://city2city.ru/ryazan-stroitel,Рязань,Строитель,2000,SEO_AUTOPILOT,16
https://city2city.ru/nizhniy_novgorod-ivanovo,Нижний Новгород,Иваново,7500,SEO_AUTOPILOT,16
https://city2city.ru/tomsk-sharypovo,Томск,Шарыпово,11500,DIRECT_TEST,16
https://city2city.ru/ufa-arxangelsk,Уфа,Архангельск,57300,DIRECT_TEST,16
https://city2city.ru/nizhnij-novgorod-czentralnyj,Нижний Новгород,Центральный,2500,SEO_AUTOPILOT,16
https://city2city.ru/krasnodar-belgorod,Краснодар,Белгород,29000,DIRECT_TEST,16
https://city2city.ru/tver-sankt-peterburg,Тверь,Санкт-Петербург,16000,DIRECT_TEST,16
https://city2city.ru/kemerovo-mariinsk,Кемерово,Мариинск,5000,SEO_AUTOPILOT,16
https://city2city.ru/sankt-peterburg-tver,Санкт-Петербург,Тверь,16200,DIRECT_TEST,16
https://city2city.ru/nizhnij-novgorod-goroxovecz,Нижний Новгород,Гороховец,2500,SEO_AUTOPILOT,16
https://city2city.ru/kirov-yaransk,Киров,Яранск,6500,SEO_AUTOPILOT,16
https://city2city.ru/bryansk-unecha,Брянск,Унеча,5000,SEO_AUTOPILOT,16
https://city2city.ru/belgorod-orel,Белгород,Орёл,9000,SEO_AUTOPILOT,16
https://city2city.ru/xanty-mansijsk-nizhnevartovsk,Ханты-Мансийск,Нижневартовск,15600,DIRECT_TEST,16
https://city2city.ru/svo-taxi-krasnodar-melitopol,Краснодар,Мелитополь,17500,DIRECT_TEST,16
https://city2city.ru/vladivostok-fokino,Владивосток,Фокино,3500,SEO_AUTOPILOT,16
https://city2city.ru/ekaterinburg-nizhnie-sergi,Екатеринбург,Нижние Серги,3000,SEO_AUTOPILOT,16
https://city2city.ru/sankt-peterburg-voronezh,Санкт-Петербург,Воронеж,37000,DIRECT_TEST,16
https://city2city.ru/tambov-belgorod,Тамбов,Белгород,14200,DIRECT_TEST,15
https://city2city.ru/belgorod-nizhnij-novgorod,Белгород,Нижний Новгород,32500,DIRECT_TEST,15
https://city2city.ru/oryol-bolxov,Орёл,Болхов,2000,SEO_AUTOPILOT,15
https://city2city.ru/bryansk-voronezh,Брянск,Воронеж,13500,DIRECT_TEST,15
https://city2city.ru/voronezh-domodedovo,Воронеж,Домодедово,14500,DIRECT_TEST,15
https://city2city.ru/ulyanovsk-barysh,Ульяновск,Барыш,4900,SEO_AUTOPILOT,15
https://city2city.ru/lugansk-belgorod,Луганск,Белгород,20000,DIRECT_TEST,15
https://city2city.ru/svo-taxi-gorlovka-rostov-na-donu,Горловка,Ростов-на-Дону,7000,SEO_AUTOPILOT,15
https://city2city.ru/smolensk-pochinok,Смоленск,Починок,2000,SEO_AUTOPILOT,15
https://city2city.ru/ivanovo-aleksandrov,Иваново,Александров,6500,SEO_AUTOPILOT,15
https://city2city.ru/izhevsk-orenburg,Ижевск,Оренбург,21800,DIRECT_TEST,15
https://city2city.ru/samara-sorochinsk,Самара,Сорочинск,7500,SEO_AUTOPILOT,15
https://city2city.ru/cheboksary-zelenodolsk,Чебоксары,Зеленодольск,3500,SEO_AUTOPILOT,15
https://city2city.ru/volgograd-stavropol,Волгоград,Ставрополь,16500,DIRECT_TEST,15
https://city2city.ru/kirov-raduzhnyj,Киров,Радужный,3000,SEO_AUTOPILOT,15
https://city2city.ru/svo-taxi-rostov-na-donu-gorlovka,Ростов-на-Дону,Горловка,7000,SEO_AUTOPILOT,15
https://city2city.ru/kazan-sochi,Казань,Сочи,59400,DIRECT_TEST,15
https://city2city.ru/orenburg-izhevsk,Оренбург,Ижевск,22000,DIRECT_TEST,15
https://city2city.ru/ekaterinburg-verxnij-tagil,Екатеринбург,Верхний Тагил,3000,SEO_AUTOPILOT,15
https://city2city.ru/moskva-orsk,Москва,Орск,53100,DIRECT_TEST,15
https://city2city.ru/belgorod-tambov,Белгород,Тамбов,14200,DIRECT_TEST,15
https://city2city.ru/barnaul-zmeinogorsk-2,Барнаул,Змеиногорск,9900,SEO_AUTOPILOT,15
https://city2city.ru/kursk-ryazan,Курск,Рязань,15600,DIRECT_TEST,15
https://city2city.ru/ryazan-kursk,Рязань,Курск,15900,DIRECT_TEST,15
https://city2city.ru/krasnoyarsk-uyar,Красноярск,Уяр,4100,SEO_AUTOPILOT,15
https://city2city.ru/kazan-zvenigovo,Казань,Звенигово,3800,SEO_AUTOPILOT,14
https://city2city.ru/barnaul-novokuznetsk,Барнаул,Новокузнецк,12500,DIRECT_TEST,14
https://city2city.ru/belgorod-tver,Белгород,Тверь,24900,DIRECT_TEST,14
https://city2city.ru/omsk-tatarsk,Омск,Татарск,5900,SEO_AUTOPILOT,14
https://city2city.ru/ufa-satka,Уфа,Сатка,7000,SEO_AUTOPILOT,14
https://city2city.ru/rostov-ufa,Ростов-на-Дону,Уфа,52500,DIRECT_TEST,14
https://city2city.ru/yaroslavl-pereslavl-zalesskij,Ярославль,Переславль-Залесский,4000,SEO_AUTOPILOT,14
https://city2city.ru/kirov-oktyabrskij-respublika-bashkortostan,Киров,Октябрьский,2000,SEO_AUTOPILOT,14
https://city2city.ru/xabarovsk-bikin-2,Хабаровск,Бикин,7000,SEO_AUTOPILOT,14
https://city2city.ru/ekaterinburg-gubaxa,Екатеринбург,Губаха,12000,DIRECT_TEST,14
https://city2city.ru/ekaterinburg-kirovgrad,Екатеринбург,Кировград,3000,SEO_AUTOPILOT,14
https://city2city.ru/orenburg-perm,Оренбург,Пермь,27600,DIRECT_TEST,14
https://city2city.ru/krasnoyarsk-tajshet,Красноярск,Тайшет,12000,DIRECT_TEST,14
https://city2city.ru/ufa-rostov-na-donu,Уфа,Ростов-на-Дону,53100,DIRECT_TEST,14
https://city2city.ru/joshkar-ola-yaransk,Йошкар-Ола,Яранск,2500,SEO_AUTOPILOT,14
https://city2city.ru/rostov-tolyatti,Ростов-на-Дону,Тольятти,38000,DIRECT_TEST,14
https://city2city.ru/blagoveshhensk-cziolkovskij,Благовещенск,Циолковский,7400,SEO_AUTOPILOT,14
https://city2city.ru/ufa-agidel,Уфа,Агидель,6600,SEO_AUTOPILOT,14
https://city2city.ru/kazan-abdulino,Казань,Абдулино,13200,DIRECT_TEST,14
https://city2city.ru/ufa-kuvandyk,Уфа,Кувандык,15600,DIRECT_TEST,14
https://city2city.ru/kaluga-oryol,Калуга,Орёл,6500,SEO_AUTOPILOT,14
https://city2city.ru/perm-orenburg,Пермь,Оренбург,27500,DIRECT_TEST,14
https://city2city.ru/nizhniy_novgorod-murom,Нижний Новгород,Муром,5000,SEO_AUTOPILOT,14
https://city2city.ru/tula-dubna,Тула,Дубна,9500,SEO_AUTOPILOT,14
https://city2city.ru/oryol-kaluga,Орёл,Калуга,6500,SEO_AUTOPILOT,14
https://city2city.ru/cheboksary-kozmodemyansk,Чебоксары,Козьмодемьянск,2000,SEO_AUTOPILOT,14
https://city2city.ru/lipeczk-michurinsk,Липецк,Мичуринск,3800,SEO_AUTOPILOT,14
https://city2city.ru/saratov-rtishhevo,Саратов,Ртищево,6200,SEO_AUTOPILOT,14
https://city2city.ru/svo-taxi-lugansk-izvarino,Луганск,Изварино,2000,SEO_AUTOPILOT,14
https://city2city.ru/xabarovsk-bikin,Хабаровск,Бикин,6800,SEO_AUTOPILOT,14
https://city2city.ru/kazan-vladimir,Казань,Владимир,18600,DIRECT_TEST,14
https://city2city.ru/yaroslavl-myshkin,Ярославль,Мышкин,5000,SEO_AUTOPILOT,14
https://city2city.ru/kaluga-suxinichi,Калуга,Сухиничи,3000,SEO_AUTOPILOT,14
https://city2city.ru/ekaterinburg-orsk,Екатеринбург,Орск,24600,DIRECT_TEST,14
https://city2city.ru/smolensk-kursk,Смоленск,Курск,16000,DIRECT_TEST,14
https://city2city.ru/voronezh-livny,Воронеж,Ливны,6000,SEO_AUTOPILOT,14
https://city2city.ru/kazan-penza,Казань,Пенза,15900,DIRECT_TEST,14
https://city2city.ru/kyzyl-turan,Кызыл,Туран,2000,SEO_AUTOPILOT,14
https://city2city.ru/bryansk-obninsk,Брянск,Обнинск,8500,SEO_AUTOPILOT,14
https://city2city.ru/vologda-kirillov,Вологда,Кириллов,4700,SEO_AUTOPILOT,14
https://city2city.ru/penza-perm,Пенза,Пермь,36000,DIRECT_TEST,14
https://city2city.ru/svo-taxi-millerovo-lugansk,Миллерово,Луганск,5500,SEO_AUTOPILOT,14
https://city2city.ru/ekaterinburg-verxnyaya-salda,Екатеринбург,Верхняя Салда,5000,SEO_AUTOPILOT,14
https://city2city.ru/samara-ekaterinburg,Самара,Екатеринбург,27200,DIRECT_TEST,14
https://city2city.ru/novosibirsk-chulym,Новосибирск,Чулым,5000,SEO_AUTOPILOT,13
https://city2city.ru/ryazan-voronezh,Рязань,Воронеж,11500,DIRECT_TEST,13
https://city2city.ru/xanty-mansijsk-nefteyugansk,Ханты-Мансийск,Нефтеюганск,7200,SEO_AUTOPILOT,13
https://city2city.ru/kurgan-kurtamysh,Курган,Куртамыш,2500,SEO_AUTOPILOT,13
https://city2city.ru/rostov-voronezh,Ростов-на-Дону,Воронеж,17400,DIRECT_TEST,13
https://city2city.ru/sankt-peterburg-syktyvkar,Санкт-Петербург,Сыктывкар,45000,DIRECT_TEST,13
https://city2city.ru/xabarovsk-blagoveshhensk,Хабаровск,Благовещенск,21600,DIRECT_TEST,13
https://city2city.ru/kaluga-voronezh,Калуга,Воронеж,13000,DIRECT_TEST,13
https://city2city.ru/joshkar-ola-nizhnij-novgorod,Йошкар-Ола,Нижний Новгород,10500,DIRECT_TEST,13
https://city2city.ru/ulyanovsk-alatyr,Ульяновск,Алатырь,5000,SEO_AUTOPILOT,13
https://city2city.ru/ufa-gaj,Уфа,Гай,18300,DIRECT_TEST,13
https://city2city.ru/ulyanovsk-sankt-peterburg,Ульяновск,Санкт-Петербург,45500,DIRECT_TEST,13
https://city2city.ru/ryazan-voskresensk,Рязань,Воскресенск,4000,SEO_AUTOPILOT,13
https://city2city.ru/chelyabinsk-bajmak,Челябинск,Баймак,13500,DIRECT_TEST,13
https://city2city.ru/ekaterinburg-sankt-peterburg,Екатеринбург,Санкт-Петербург,71100,DIRECT_TEST,13
https://city2city.ru/moskva-surgut,Москва,Сургут,83700,DIRECT_TEST,13
https://city2city.ru/saransk-ardatov-mordoviya,Саранск,Ардатов,7000,SEO_AUTOPILOT,13
https://city2city.ru/saratov-pallasovka,Саратов,Палласовка,6800,SEO_AUTOPILOT,13
https://city2city.ru/tokmak-rostov-na-don,Токмак,Ростов-на-Дону,11000,DIRECT_TEST,13
https://city2city.ru/bryansk-tula,Брянск,Тула,10000,DIRECT_TEST,13
https://city2city.ru/krasnodar-chelyabinsk,Краснодар,Челябинск,71000,DIRECT_TEST,13
https://city2city.ru/volgograd-voronezh,Волгоград,Воронеж,17500,DIRECT_TEST,13
https://city2city.ru/vologda-velsk,Вологда,Вельск,7600,SEO_AUTOPILOT,13
https://city2city.ru/tver-zubczov,Тверь,Зубцов,4000,SEO_AUTOPILOT,13
https://city2city.ru/tula-belgorod,Тула,Белгород,14500,DIRECT_TEST,13
https://city2city.ru/belgorod-volgograd,Белгород,Волгоград,24300,DIRECT_TEST,13
https://city2city.ru/voronezh-ryazan,Воронеж,Рязань,11500,DIRECT_TEST,13
https://city2city.ru/oryol-belgorod,Орёл,Белгород,9000,SEO_AUTOPILOT,13
https://city2city.ru/ryazan-vladimir,Рязань,Владимир,7000,SEO_AUTOPILOT,13
https://city2city.ru/xabarovsk-blagoveshhensk-2,Хабаровск,Благовещенск,22000,DIRECT_TEST,13
https://city2city.ru/kirov-doneczk-rostovskaya-oblast,Киров,Донецк,50500,DIRECT_TEST,13
https://city2city.ru/elista-essentuki,Элиста,Ессентуки,10500,DIRECT_TEST,13
https://city2city.ru/voronezh-volgograd,Воронеж,Волгоград,17500,DIRECT_TEST,13
https://city2city.ru/omsk-nazyvaevsk,Омск,Называевск,6500,SEO_AUTOPILOT,13
https://city2city.ru/ufa-leninogorsk,Уфа,Лениногорск,8000,SEO_AUTOPILOT,13
https://city2city.ru/nizhniy_novgorod-yoshkar-ola,Нижний Новгород,Йошкар-Ола,10500,DIRECT_TEST,13
https://city2city.ru/kazan-chelyabinsk,Казань,Челябинск,28400,DIRECT_TEST,13
https://city2city.ru/stavropol-sochi,Ставрополь,Сочи,14600,DIRECT_TEST,13
https://city2city.ru/vladimir-melenki,Владимир,Меленки,4000,SEO_AUTOPILOT,13
https://city2city.ru/vladimir-ryazan,Владимир,Рязань,7000,SEO_AUTOPILOT,13
https://city2city.ru/ekaterinburg-sochi,Екатеринбург,Сочи,81300,DIRECT_TEST,13
https://city2city.ru/sankt-peterburg-chelyabinsk,Санкт-Петербург,Челябинск,73500,DIRECT_TEST,13
https://city2city.ru/ufa-mixajlovka,Уфа,Михайловка,3000,SEO_AUTOPILOT,13
https://city2city.ru/voronezh-rostov-na-donu,Воронеж,Ростов-на-Дону,17100,DIRECT_TEST,13
https://city2city.ru/svo-taxi-rostov-na-donu-tokmak,Ростов-на-Дону,Токмак,11000,DIRECT_TEST,13
https://city2city.ru/chelyabinsk-kazan,Челябинск,Казань,28800,DIRECT_TEST,13
https://city2city.ru/stavropol-blagodarnyj,Ставрополь,Благодарный,5100,SEO_AUTOPILOT,13
https://city2city.ru/svo-taxi-lugansk-krasnyy-luch,Луганск,Красный Луч,2500,SEO_AUTOPILOT,12
https://city2city.ru/vladivostok-lesozavodsk,Владивосток,Лесозаводск,10500,DIRECT_TEST,12
https://city2city.ru/svo-taxi-krasnyy-luch-lugansk,Красный луч,Луганск,3200,SEO_AUTOPILOT,12
https://city2city.ru/krasnoyarsk-kodinsk,Красноярск,Кодинск,21000,DIRECT_TEST,12
https://city2city.ru/tver-smolensk,Тверь,Смоленск,12500,DIRECT_TEST,12
https://city2city.ru/syktyvkar-emva,Сыктывкар,Емва,4900,SEO_AUTOPILOT,12
https://city2city.ru/kazan-kumertau,Казань,Кумертау,21600,DIRECT_TEST,12
https://city2city.ru/barnaul-omsk,Барнаул,Омск,26000,DIRECT_TEST,12
https://city2city.ru/ryazan-ivanovo,Рязань,Иваново,10500,DIRECT_TEST,12
https://city2city.ru/yaroslavl-nizhnij-novgorod,Ярославль,Нижний Новгород,12000,DIRECT_TEST,12
https://city2city.ru/omsk-krasnoyarsk,Омск,Красноярск,42500,DIRECT_TEST,12
https://city2city.ru/krasnodar-kursk,Краснодар,Курск,32000,DIRECT_TEST,12
https://city2city.ru/chelyabinsk-penza,Челябинск,Пенза,36900,DIRECT_TEST,12
https://city2city.ru/svo-taxi-kamenka-novosibirsk,село Каменка,Новосибирск,114000,DIRECT_TEST,12
https://city2city.ru/rostov-belaya-kalitva,Ростов-на-Дону,Белая Калитва,5500,SEO_AUTOPILOT,12
https://city2city.ru/ufa-tryoxgornyj,Уфа,Трёхгорный,6000,SEO_AUTOPILOT,12
https://city2city.ru/ekaterinburg-verxnij-ufalej,Екатеринбург,Верхний Уфалей,5500,SEO_AUTOPILOT,12
https://city2city.ru/kostroma-makarev,Кострома,Макарьев,6100,SEO_AUTOPILOT,12
https://city2city.ru/kostroma-sharya,Кострома,Шарья,9500,SEO_AUTOPILOT,12
https://city2city.ru/novosibirsk-kupino,Новосибирск,Купино,14000,DIRECT_TEST,12
https://city2city.ru/astraxan-gorod-lagan,Астрахань,Лагань,5800,SEO_AUTOPILOT,12
https://city2city.ru/nizhnij-novgorod-perevoz,Нижний Новгород,Перевоз,3600,SEO_AUTOPILOT,12
https://city2city.ru/ryazan-kashira,Рязань,Кашира,4000,SEO_AUTOPILOT,12
https://city2city.ru/elista-pyatigorsk,Элиста,Пятигорск,9900,SEO_AUTOPILOT,12
https://city2city.ru/kostroma-soligalich,Кострома,Солигалич,6500,SEO_AUTOPILOT,12
https://city2city.ru/kaluga-kurovskoe,Калуга,Куровское,7400,SEO_AUTOPILOT,12
https://city2city.ru/voronezh-chelyabinsk,Воронеж,Челябинск,52200,DIRECT_TEST,12
https://city2city.ru/astraxan-lagan,Астрахань,Лагань,5800,SEO_AUTOPILOT,12
https://city2city.ru/vologda-belgorod,Вологда,Белгород,34000,DIRECT_TEST,12
https://city2city.ru/kazan-urzhum,Казань,Уржум,6800,SEO_AUTOPILOT,12
https://city2city.ru/xabarovsk-ussurijsk,Хабаровск,Уссурийск,20000,DIRECT_TEST,12
https://city2city.ru/ekaterinburg-gornozavodsk,Екатеринбург,Горнозаводск,9500,SEO_AUTOPILOT,12
https://city2city.ru/ryazan-egorevsk,Рязань,Егорьевск,4700,SEO_AUTOPILOT,12
https://city2city.ru/nizhniy_novgorod-yaroslavl,Нижний Новгород,Ярославль,12000,DIRECT_TEST,12
https://city2city.ru/saratov-belgorod,Саратов,Белгород,23200,DIRECT_TEST,12
https://city2city.ru/kurgan-miass,Курган,Миасс,11500,DIRECT_TEST,12
https://city2city.ru/sankt-peterburg-kirishi,Санкт-Петербург,Кириши,5000,SEO_AUTOPILOT,12
https://city2city.ru/sankt-peterburg-anapa,Санкт-Петербург,Анапа,66500,DIRECT_TEST,12
https://city2city.ru/perm-saratov,Пермь,Саратов,38500,DIRECT_TEST,12
https://city2city.ru/chelyabinsk-voronezh,Челябинск,Воронеж,52200,DIRECT_TEST,12
https://city2city.ru/nizhnij-novgorod-vyazniki,Нижний Новгород,Вязники,4000,SEO_AUTOPILOT,12
https://city2city.ru/tver-belgorod,Тверь,Белгород,25000,DIRECT_TEST,12
https://city2city.ru/belgorod-saratov,Белгород,Саратов,23200,DIRECT_TEST,12
https://city2city.ru/krasnoyarsk-omsk,Красноярск,Омск,42500,DIRECT_TEST,12
https://city2city.ru/cheboksary-sterlitamak,Чебоксары,Стерлитамак,24500,DIRECT_TEST,12
https://city2city.ru/nizhnij-novgorod-belgorod,Нижний Новгород,Белгород,32500,DIRECT_TEST,12
https://city2city.ru/belgorod-biryuch,Белгород,Бирюч,4500,SEO_AUTOPILOT,12
https://city2city.ru/voronezh-ertil,Воронеж,Эртиль,4500,SEO_AUTOPILOT,12
https://city2city.ru/krasnodar-samara,Краснодар,Самара,45000,DIRECT_TEST,12
https://city2city.ru/kursk-simferopol,Курск,Симферополь,44500,DIRECT_TEST,12
https://city2city.ru/saratov-kursk,Саратов,Курск,22000,DIRECT_TEST,12
https://city2city.ru/moskva-livny,Москва,Ливны,13500,DIRECT_TEST,12
https://city2city.ru/ufa-tolyatti,Уфа,Тольятти,15000,DIRECT_TEST,12
https://city2city.ru/smolensk-tver,Смоленск,Тверь,12500,DIRECT_TEST,12
https://city2city.ru/perm-osa,Пермь,Оса,4500,SEO_AUTOPILOT,12
https://city2city.ru/syktyvkar-sosnogorsk,Сыктывкар,Сосногорск,9900,SEO_AUTOPILOT,12
https://city2city.ru/nizhnij-novgorod-chkalovsk,Нижний Новгород,Чкаловск,3500,SEO_AUTOPILOT,12
https://city2city.ru/voronezh-oryol,Воронеж,Орёл,10200,DIRECT_TEST,12
https://city2city.ru/stavropol-rostov-na-donu,Ставрополь,Ростов-на-Дону,10200,DIRECT_TEST,12
https://city2city.ru/svo-taxi-kursk-krasnodar,Курск,Краснодар,32000,DIRECT_TEST,12
https://city2city.ru/rostov-stavropol,Ростов-на-Дону,Ставрополь,10200,DIRECT_TEST,12
https://city2city.ru/ryazan-perm,Рязань,Пермь,41000,DIRECT_TEST,12
https://city2city.ru/smolensk-desnogorsk,Смоленск,Десногорск,5200,SEO_AUTOPILOT,12
https://city2city.ru/voronezh-bryansk,Воронеж,Брянск,13400,DIRECT_TEST,12
https://city2city.ru/xabarovsk-ussurijsk-2,Хабаровск,Уссурийск,20000,DIRECT_TEST,12
https://city2city.ru/tambov-kirsanov,Тамбов,Кирсанов,4300,SEO_AUTOPILOT,11
https://city2city.ru/aeroport-pulkovo-velikij-novgorod,аэропорт Пулково,Великий Новгород,6300,SEO_MONITOR,11
https://city2city.ru/petrozavodsk-kem,Петрозаводск,Кемь,12300,DIRECT_TEST,11
https://city2city.ru/tver-yaroslavl,Тверь,Ярославль,10000,DIRECT_TEST,11
https://city2city.ru/tyumen-perm,Тюмень,Пермь,20500,DIRECT_TEST,11
https://city2city.ru/novosibirsk-kuybyshev,Новосибирск,Куйбышев,68000,DIRECT_TEST,11
https://city2city.ru/voronezh-saratov,Воронеж,Саратов,15400,DIRECT_TEST,11
https://city2city.ru/voronezh-ekaterinburg,Воронеж,Екатеринбург,53700,DIRECT_TEST,11
https://city2city.ru/penza-tolyatti,Пенза,Тольятти,10500,DIRECT_TEST,11
https://city2city.ru/penza-kazan,Пенза,Казань,15900,DIRECT_TEST,11
https://city2city.ru/volgograd-kalach-na-donu,Волгоград,Калач-на-Дону,4000,SEO_AUTOPILOT,11
https://city2city.ru/kursk-oktyabrskij-respublika-bashkortostan,Курск,Октябрьский,41500,DIRECT_TEST,11
https://city2city.ru/ufa-ust-katav,Уфа,Усть-Катав,5400,SEO_AUTOPILOT,11
https://city2city.ru/kirov-glazov,Киров,Глазов,7500,SEO_AUTOPILOT,11
https://city2city.ru/saransk-ulyanovsk,Саранск,Ульяновск,6900,SEO_AUTOPILOT,11
https://city2city.ru/saratov-voronezh,Саратов,Воронеж,15400,DIRECT_TEST,11
https://city2city.ru/kemerovo-gurevsk,Кемерово,Гурьевск,5000,SEO_AUTOPILOT,11
https://city2city.ru/tver-bologoe,Тверь,Бологое,5500,SEO_AUTOPILOT,11
https://city2city.ru/ryazan-shaczk,Рязань,Шацк,5400,SEO_AUTOPILOT,11
https://city2city.ru/pskov-gdov,Псков,Гдов,4300,SEO_AUTOPILOT,11
https://city2city.ru/yaroslavl-sankt-peterburg,Ярославль,Санкт-Петербург,23500,DIRECT_TEST,11
https://city2city.ru/kostroma-vladimir,Кострома,Владимир,6500,SEO_AUTOPILOT,11
https://city2city.ru/xanty-mansijsk-sovetskij,Ханты-Мансийск,Советский,11100,DIRECT_TEST,11
https://city2city.ru/tyumen-turinsk,Тюмень,Туринск,5900,SEO_AUTOPILOT,11
https://city2city.ru/rostov-tula,Ростов-на-Дону,Тула,27600,DIRECT_TEST,11
https://city2city.ru/ekaterinburg-surgut,Екатеринбург,Сургут,33800,DIRECT_TEST,11
https://city2city.ru/yaroslavl-kirov,Ярославль,Киров,21000,DIRECT_TEST,11
https://city2city.ru/belgorod-ryazan,Белгород,Рязань,19000,DIRECT_TEST,11
https://city2city.ru/smolensk-rudnya-smolenskaya-oblast,Смоленск,Рудня,3200,SEO_AUTOPILOT,11
https://city2city.ru/chelyabinsk-verxneuralsk,Челябинск,Верхнеуральск,7500,SEO_AUTOPILOT,11
https://city2city.ru/vladimir-kostroma,Владимир,Кострома,6600,SEO_AUTOPILOT,11
https://city2city.ru/saratov-zhirnovsk,Саратов,Жирновск,6400,SEO_AUTOPILOT,11
https://city2city.ru/volgograd-zhirnovsk,Волгоград,Жирновск,9500,SEO_AUTOPILOT,11
https://city2city.ru/svo-taxi-krasnyy-luch-antratsit,Красный луч,Антрацит,2000,SEO_AUTOPILOT,11
https://city2city.ru/ufa-novyj-urengoj,Уфа,Новый Уренгой,71000,DIRECT_TEST,11
https://city2city.ru/vladimir-kazan,Владимир,Казань,18600,DIRECT_TEST,11
https://city2city.ru/irkutsk-tajshet,Иркутск,Тайшет,20000,DIRECT_TEST,11
https://city2city.ru/kostroma-rybinsk,Кострома,Рыбинск,5000,SEO_AUTOPILOT,11
https://city2city.ru/oryol-lipeczk,Орёл,Липецк,9000,SEO_AUTOPILOT,11
https://city2city.ru/murmansk-sankt-peterburg,Мурманск,Санкт-Петербург,40200,DIRECT_TEST,11
https://city2city.ru/volgograd-sevastopol,Волгоград,Севастополь,35100,DIRECT_TEST,11
https://city2city.ru/murmansk-polyarnye-zori,Мурманск,Полярные Зори,6600,SEO_AUTOPILOT,11
https://city2city.ru/yaroslavl-tver,Ярославль,Тверь,10000,DIRECT_TEST,11
https://city2city.ru/sankt-peterburg-murmansk,Санкт-Петербург,Мурманск,40500,DIRECT_TEST,11
https://city2city.ru/volgograd-krasnoslobodsk,Волгоград,Краснослободск,23500,DIRECT_TEST,11
https://city2city.ru/samara-sibaj,Самара,Сибай,22200,DIRECT_TEST,10
https://city2city.ru/samara-adler,Самара,Адлер,55000,DIRECT_TEST,10
https://city2city.ru/svo-taxi-lutugino-lugansk,Лутугино,Луганск,2000,SEO_AUTOPILOT,10
https://city2city.ru/sankt-peterburg-samara,Санкт-Петербург,Самара,53700,DIRECT_TEST,10
https://city2city.ru/ivanovo-sochi,Иваново,Сочи,57000,DIRECT_TEST,10
https://city2city.ru/samara-bavly,Самара,Бавлы,8000,SEO_AUTOPILOT,10
https://city2city.ru/elista-lagan,Элиста,Лагань,9000,SEO_AUTOPILOT,10
https://city2city.ru/omsk-irkutsk,Омск,Иркутск,74000,DIRECT_TEST,10
https://city2city.ru/kaluga-vyazma,Калуга,Вязьма,5500,SEO_AUTOPILOT,10
https://city2city.ru/ivanovo-kursk,Иваново,Курск,25000,DIRECT_TEST,10
https://city2city.ru/kazan-kostroma,Казань,Кострома,21500,DIRECT_TEST,10
https://city2city.ru/kursk-rostov-na-donu,Курск,Ростов-на-Дону,24000,DIRECT_TEST,10
https://city2city.ru/chelyabinsk-nizhnevartovsk,Челябинск,Нижневартовск,42500,DIRECT_TEST,10
https://city2city.ru/sankt-peterburg-ufa,Санкт-Петербург,Уфа,60800,DIRECT_TEST,10
https://city2city.ru/svo-taxi-rossosh-starobelsk,Россошь,Старобельск,14500,DIRECT_TEST,10
https://city2city.ru/volgograd-leninsk,Волгоград,Ленинск,2000,SEO_AUTOPILOT,10
https://city2city.ru/ekaterinburg-degtyarsk,Екатеринбург,Дегтярск,2000,SEO_AUTOPILOT,10
https://city2city.ru/orenburg-ulyanovsk,Оренбург,Ульяновск,19500,DIRECT_TEST,10
https://city2city.ru/bryansk-belgorod,Брянск,Белгород,12500,DIRECT_TEST,10
https://city2city.ru/lipeczk-ryazan,Липецк,Рязань,8000,SEO_AUTOPILOT,10
https://city2city.ru/kirov-naberezhnye-chelny,Киров,Набережные Челны,15000,DIRECT_TEST,10
https://city2city.ru/pskov-porhov,Псков,Порхов,2500,SEO_AUTOPILOT,10
https://city2city.ru/tula-podolsk,Тула,Подольск,4500,SEO_AUTOPILOT,10
https://city2city.ru/ryazan-spassk-ryazanskij,Рязань,Спасск-Рязанский,8500,SEO_AUTOPILOT,10
https://city2city.ru/samara-naberezhnye-chelny,Самара,Набережные Челны,11700,DIRECT_TEST,10
https://city2city.ru/chelyabinsk-nyazepetrovsk,Челябинск,Нязепетровск,6500,SEO_AUTOPILOT,10
https://city2city.ru/volgograd-belgorod,Волгоград,Белгород,24400,DIRECT_TEST,10
https://city2city.ru/ufa-elabuga,Уфа,Елабуга,9600,SEO_AUTOPILOT,10
https://city2city.ru/svo-taxi-lugansk-lutugino,Луганск,Лутугино,2000,SEO_AUTOPILOT,10
https://city2city.ru/ulyanovsk-orenburg,Ульяновск,Оренбург,19600,DIRECT_TEST,10
https://city2city.ru/irkutsk-kemerovo,Иркутск,Кемерово,47400,DIRECT_TEST,10
https://city2city.ru/samara-sankt-peterburg,Самара,Санкт-Петербург,53700,DIRECT_TEST,10
https://city2city.ru/tver-dubna,Тверь,Дубна,4500,SEO_AUTOPILOT,10
https://city2city.ru/kemerovo-osinniki,Кемерово,Осинники,7500,SEO_AUTOPILOT,10
https://city2city.ru/vladivostok-blagoveshhensk,Владивосток,Благовещенск,43600,DIRECT_TEST,10
https://city2city.ru/novosibirsk-yarovoe,Новосибирск,Яровое,12500,DIRECT_TEST,10
https://city2city.ru/kursk-fatezh,Курск,Фатеж,3000,SEO_AUTOPILOT,10
https://city2city.ru/ufa-miass,Уфа,Миасс,9600,SEO_AUTOPILOT,10
https://city2city.ru/pskov-opochka,Псков,Опочка,4000,SEO_AUTOPILOT,10
https://city2city.ru/blagoveshhensk-vladivostok,Благовещенск,Владивосток,42400,DIRECT_TEST,10
https://city2city.ru/irkutsk-omsk,Иркутск,Омск,74100,DIRECT_TEST,10
https://city2city.ru/tomsk-abakan,Томск,Абакан,23700,DIRECT_TEST,10
https://city2city.ru/ekaterinburg-naberezhnye-chelny,Екатеринбург,Набережные Челны,19000,DIRECT_TEST,10
https://city2city.ru/ryazan-lipeczk,Рязань,Липецк,8000,SEO_AUTOPILOT,10
https://city2city.ru/orenburg-sankt-peterburg,Оренбург,Санкт-Петербург,66000,DIRECT_TEST,10
https://city2city.ru/kazan-rostov-na-donu,Казань,Ростов-на-Дону,45900,DIRECT_TEST,10
https://city2city.ru/novosibirsk-kargat,Новосибирск,Каргат,5500,SEO_AUTOPILOT,10
https://city2city.ru/vladivostok-dalnegorsk,Владивосток,Дальнегорск,14700,DIRECT_TEST,10
https://city2city.ru/smolensk-velizh,Смоленск,Велиж,3500,SEO_AUTOPILOT,10
https://city2city.ru/ufa-sankt-peterburg,Уфа,Санкт-Петербург,61200,DIRECT_TEST,10
https://city2city.ru/ekaterinburg-saratov,Екатеринбург,Саратов,39500,DIRECT_TEST,10
https://city2city.ru/elista-gorod-lagan,Элиста,Лагань,38500,DIRECT_TEST,10
https://city2city.ru/penza-chelyabinsk,Пенза,Челябинск,36900,DIRECT_TEST,10
https://city2city.ru/kemerovo-irkutsk,Кемерово,Иркутск,47600,DIRECT_TEST,10
https://city2city.ru/ryazan-sasovo,Рязань,Сасово,6200,SEO_AUTOPILOT,10
https://city2city.ru/nizhnij-novgorod-sergach,Нижний Новгород,Сергач,4500,SEO_AUTOPILOT,10
https://city2city.ru/lugansk-ufa,Луганск,Уфа,51000,DIRECT_TEST,10
https://city2city.ru/blagoveshhensk-ussurijsk,Благовещенск,Уссурийск,41500,DIRECT_TEST,10
https://city2city.ru/ekaterinburg-yuzhnouralsk,Екатеринбург,Южноуральск,9600,SEO_AUTOPILOT,10
https://city2city.ru/orenburg-mednogorsk,Оренбург,Медногорск,6500,SEO_AUTOPILOT,10
https://city2city.ru/svo-taxi-ufa-lugansk,Уфа,Луганск,51500,DIRECT_TEST,10
https://city2city.ru/samara-orsk,Самара,Орск,21000,DIRECT_TEST,10
https://city2city.ru/tver-mozhajsk,Тверь,Можайск,5500,SEO_AUTOPILOT,10
https://city2city.ru/nizhnij-novgorod-semyonov,Нижний Новгород,Семёнов,2500,SEO_AUTOPILOT,10
https://city2city.ru/ryazan-zarajsk,Рязань,Зарайск,2000,SEO_AUTOPILOT,10
https://city2city.ru/ekaterinburg-chusovoj,Екатеринбург,Чусовой,10500,DIRECT_TEST,10
https://city2city.ru/nizhnij-novgorod-orenburg,Нижний Новгород,Оренбург,33000,DIRECT_TEST,9
https://city2city.ru/ryazan-podolsk,Рязань,Подольск,6000,SEO_AUTOPILOT,9
https://city2city.ru/tambov-tula,Тамбов,Тула,11000,DIRECT_TEST,9
https://city2city.ru/blagoveshhensk-birobidzhan,Благовещенск,Биробиджан,15600,DIRECT_TEST,9
https://city2city.ru/ufa-abdulino,Уфа,Абдулино,8600,SEO_AUTOPILOT,9
https://city2city.ru/perm-ulyanovsk,Пермь,Ульяновск,25600,DIRECT_TEST,9
https://city2city.ru/ryazan-tambov,Рязань,Тамбов,8400,SEO_AUTOPILOT,9
https://city2city.ru/perm-chebarkul,Пермь,Чебаркуль,16500,DIRECT_TEST,9
https://city2city.ru/voronezh-sochi,Воронеж,Сочи,33400,DIRECT_TEST,9
https://city2city.ru/oryol-novosil,Орёл,Новосиль,2500,SEO_AUTOPILOT,9
https://city2city.ru/kazan-tambov,Казань,Тамбов,24300,DIRECT_TEST,9
https://city2city.ru/orenburg-nizhnij-novgorod,Оренбург,Нижний Новгород,33000,DIRECT_TEST,9
https://city2city.ru/xanty-mansijsk-tyumen,Ханты-Мансийск,Тюмень,20500,DIRECT_TEST,9
https://city2city.ru/saransk-berezniki,Саранск,Березники,38500,DIRECT_TEST,9
https://city2city.ru/belgorod-smolensk-2,Белгород,Смоленск,20100,DIRECT_TEST,9
https://city2city.ru/voronezh-efremov,Воронеж,Ефремов,6000,SEO_AUTOPILOT,9
https://city2city.ru/izhevsk-vyatskie-polyany,Ижевск,Вятские Поляны,9500,SEO_AUTOPILOT,9
https://city2city.ru/rostov-kurgan,Ростов-на-Дону,Курган,73000,DIRECT_TEST,9
https://city2city.ru/krasnodar-orenburg,Краснодар,Оренбург,56700,DIRECT_TEST,9
https://city2city.ru/cheboksary-yadrin,Чебоксары,Ядрин,2500,SEO_AUTOPILOT,9
https://city2city.ru/oryol-maloarxangelsk,Орёл,Малоархангельск,2500,SEO_AUTOPILOT,9
https://city2city.ru/barnaul-slavgorod,Барнаул,Славгород,13000,DIRECT_TEST,9
https://city2city.ru/tula-kashira,Тула,Кашира,3000,SEO_AUTOPILOT,9
https://city2city.ru/sankt-peterburg-vologda,Санкт-Петербург,Вологда,20000,DIRECT_TEST,9
https://city2city.ru/smolensk-sankt-peterburg,Смоленск,Санкт-Петербург,23400,DIRECT_TEST,9
https://city2city.ru/belgorod-yaroslavl,Белгород,Ярославль,28000,DIRECT_TEST,9
https://city2city.ru/vologda-sankt-peterburg,Вологда,Санкт-Петербург,19600,DIRECT_TEST,9
https://city2city.ru/novosibirsk-alyaysk,Новосибирск,Алейск,10800,DIRECT_TEST,9
https://city2city.ru/nizhnij-novgorod-lukoyanov,Нижний Новгород,Лукоянов,5000,SEO_AUTOPILOT,9
https://city2city.ru/ekaterinburg-krasnouralsk,Екатеринбург,Красноуральск,6000,SEO_AUTOPILOT,9
https://city2city.ru/rostov-kazan,Ростов-на-Дону,Казань,45000,DIRECT_TEST,9
https://city2city.ru/irkutsk-vladivostok,Иркутск,Владивосток,120000,DIRECT_TEST,9
https://city2city.ru/kazan-syktyvkar,Казань,Сыктывкар,25200,DIRECT_TEST,9
https://city2city.ru/tumen-hanty-mansiysk,аэропорт Тюмень (Рощино),Ханты-Мансийск,20000,DIRECT_TEST,9
https://city2city.ru/xabarovsk-sovetskaya-gavan,Хабаровск,Советская Гавань,17100,DIRECT_TEST,9
https://city2city.ru/svo-taxi-orenburg-donetsk,Оренбург,Донецк,54500,DIRECT_TEST,9
https://city2city.ru/voronezh-korocha,Воронеж,Короча,6000,SEO_AUTOPILOT,9
https://city2city.ru/irkutsk-jakutsk,Иркутск,Якутск,96000,DIRECT_TEST,9
https://city2city.ru/rostov-groznyj,Ростов-на-Дону,Грозный,23400,DIRECT_TEST,9
https://city2city.ru/moskva-magnitogorsk,Москва,Магнитогорск,50000,DIRECT_TEST,9
https://city2city.ru/belgorod-vladimir,Белгород,Владимир,25200,DIRECT_TEST,9
https://city2city.ru/irkutsk-bajkalsk,Иркутск,Байкальская улица,5200,SEO_AUTOPILOT,9
https://city2city.ru/ulyanovsk-perm,Ульяновск,Пермь,25600,DIRECT_TEST,9
https://city2city.ru/bryansk-kirov-kaluzhskaya-oblast,Брянск,Киров,41000,DIRECT_TEST,9
https://city2city.ru/tambov-ryazan,Тамбов,Рязань,8400,SEO_AUTOPILOT,9
https://city2city.ru/volgograd-morozovsk,Волгоград,Морозовск,7000,SEO_AUTOPILOT,9
https://city2city.ru/sankt-peterburg-smolensk,Санкт-Петербург,Смоленск,23600,DIRECT_TEST,9
https://city2city.ru/volgograd-sankt-peterburg,Волгоград,Санкт-Петербург,50400,DIRECT_TEST,9
https://city2city.ru/rostov-elista,Ростов-на-Дону,Элиста,13500,DIRECT_TEST,9
https://city2city.ru/samara-volsk,Самара,Вольск,9500,SEO_AUTOPILOT,9
https://city2city.ru/krasnodar-kislovodsk,Краснодар,Кисловодск,13500,DIRECT_TEST,9
https://city2city.ru/nizhnij-novgorod-gorbatov,Нижний Новгород,Горбатов,4000,SEO_AUTOPILOT,9
https://city2city.ru/smolensk-voronezh,Смоленск,Воронеж,20600,DIRECT_TEST,9
https://city2city.ru/ufa-buzuluk,Уфа,Бузулук,14100,DIRECT_TEST,9
https://city2city.ru/kazan-meleuz,Казань,Мелеуз,20500,DIRECT_TEST,9
https://city2city.ru/belgorod-smolensk,Белгород,Смоленск,20100,DIRECT_TEST,9
https://city2city.ru/astraxan-kislovodsk,Астрахань,Кисловодск,20200,DIRECT_TEST,9
https://city2city.ru/voronezh-smolensk,Воронеж,Смоленск,20800,DIRECT_TEST,9
https://city2city.ru/samara-joshkar-ola,Самара,Йошкар-Ола,16000,DIRECT_TEST,9
https://city2city.ru/irkutsk-nizhneudinsk,Иркутск,Нижнеудинск,15600,DIRECT_TEST,9
https://city2city.ru/kurgan-shhuche,Курган,Щучье,5900,SEO_AUTOPILOT,9
https://city2city.ru/xabarovsk-sovetskaya-gavan-2,Хабаровск,Советская Гавань,17500,DIRECT_TEST,9
https://city2city.ru/stavropol-kropotkin,Ставрополь,Кропоткин,4500,SEO_AUTOPILOT,9
https://city2city.ru/penza-spassk,Пенза,Спасск,5400,SEO_AUTOPILOT,9
https://city2city.ru/saransk-krasnoslobodsk,Саранск,Краснослободск,3000,SEO_AUTOPILOT,8
https://city2city.ru/voronezh-vladimir,Воронеж,Владимир,18800,DIRECT_TEST,8
https://city2city.ru/saratov-ryazan,Саратов,Рязань,20000,DIRECT_TEST,8
https://city2city.ru/lipeczk-penza,Липецк,Пенза,12500,DIRECT_TEST,8
https://city2city.ru/moskva-lebedyan,Москва,Лебедянь,11200,DIRECT_TEST,8
https://city2city.ru/ekaterinburg-kopejsk,Екатеринбург,Копейск,6500,SEO_AUTOPILOT,8
https://city2city.ru/murmansk-arhangelsk,Мурманск,Архангельск,48000,DIRECT_TEST,8
https://city2city.ru/samara-ryazan,Самара,Рязань,26000,DIRECT_TEST,8
https://city2city.ru/vladimir-voronezh,Владимир,Воронеж,18800,DIRECT_TEST,8
https://city2city.ru/nizhnij-novgorod-tolyatti,Нижний Новгород,Тольятти,20000,DIRECT_TEST,8
https://city2city.ru/ryazan-spas-klepiki,Рязань,Спас-Клепики,3400,SEO_AUTOPILOT,8
https://city2city.ru/tula-lipeczk,Тула,Липецк,9000,SEO_AUTOPILOT,8
https://city2city.ru/kazan-menzelinsk,Казань,Мензелинск,8500,SEO_AUTOPILOT,8
https://city2city.ru/vladimir-belgorod,Владимир,Белгород,25400,DIRECT_TEST,8
https://city2city.ru/astraxan-sankt-peterburg,Астрахань,Санкт-Петербург,63200,DIRECT_TEST,8
https://city2city.ru/vladimir-kosteryovo,Владимир,Костерёво,2000,SEO_AUTOPILOT,8
https://city2city.ru/kazan-surgut,Казань,Сургут,59800,DIRECT_TEST,8
https://city2city.ru/lipeczk-tula,Липецк,Тула,9000,SEO_AUTOPILOT,8
https://city2city.ru/chelyabinsk-ulyanovsk,Челябинск,Ульяновск,29800,DIRECT_TEST,8
https://city2city.ru/sankt-peterburg-kostroma,Санкт-Петербург,Кострома,26000,DIRECT_TEST,8
https://city2city.ru/ufa-sorochinsk,Уфа,Сорочинск,15600,DIRECT_TEST,8
https://city2city.ru/rostov-anapa,Ростов-на-Дону,Анапа,13000,DIRECT_TEST,8
https://city2city.ru/cheboksary-zvenigovo,Чебоксары,Звенигово,2500,SEO_AUTOPILOT,8
https://city2city.ru/astraxan-kerch,Астрахань,Керчь,32000,DIRECT_TEST,8
https://city2city.ru/blagoveshhensk-shimanovsk,Благовещенск,Шимановск,8800,SEO_AUTOPILOT,8
https://city2city.ru/penza-petrovsk,Пенза,Петровск,4000,SEO_AUTOPILOT,8
https://city2city.ru/ulyanovsk-kuzneczk,Ульяновск,Кузнецк,7000,SEO_AUTOPILOT,8
https://city2city.ru/kostroma-vichuga,Кострома,Вичуга,3000,SEO_AUTOPILOT,8
https://city2city.ru/tyumen-noyabrsk,Тюмень,Ноябрьск,32800,DIRECT_TEST,8
https://city2city.ru/ivanovo-gavrilov-posad,Иваново,Гаврилов Посад,4000,SEO_AUTOPILOT,8
https://city2city.ru/yaroslavl-galich,Ярославль,Галич,6000,SEO_AUTOPILOT,8
https://city2city.ru/kostroma-sankt-peterburg,Кострома,Санкт-Петербург,26100,DIRECT_TEST,8
https://city2city.ru/kazan-sarapul,Казань,Сарапул,11500,DIRECT_TEST,8
https://city2city.ru/kirov-lyudinovo,Киров,Людиново,40000,DIRECT_TEST,8
https://city2city.ru/tambov-pervomajsk,Тамбов,Первомайск,13000,DIRECT_TEST,8
https://city2city.ru/sankt-peterburg-saratov,Санкт-Петербург,Саратов,47000,DIRECT_TEST,8
https://city2city.ru/rostov-dzhankoj,Ростов-на-Дону,Джанкой,16000,DIRECT_TEST,8
https://city2city.ru/penza-rtishhevo,Пенза,Ртищево,5300,SEO_AUTOPILOT,8
https://city2city.ru/rostov-pyatigorsk,Ростов-на-Дону,Пятигорск,15000,DIRECT_TEST,8
https://city2city.ru/krasnodar-elista,Краснодар,Элиста,15300,DIRECT_TEST,8
https://city2city.ru/ufa-bavly,Уфа,Бавлы,6300,SEO_AUTOPILOT,8
https://city2city.ru/ulyanovsk-chelyabinsk,Ульяновск,Челябинск,29800,DIRECT_TEST,8
https://city2city.ru/ivanovo-penza,Иваново,Пенза,16800,DIRECT_TEST,8
https://city2city.ru/yakutsk-tommot,Якутск,Томмот,13500,DIRECT_TEST,8
https://city2city.ru/orenburg-bajmak,Оренбург,Баймак,9000,SEO_AUTOPILOT,8
https://city2city.ru/ivanovo-volgorechensk,Иваново,Волгореченск,2000,SEO_AUTOPILOT,8
https://city2city.ru/bryansk-pskov,Брянск,Псков,21000,DIRECT_TEST,8
https://city2city.ru/ufa-minyar,Уфа,Миньяр,4700,SEO_AUTOPILOT,8
https://city2city.ru/astraxan-kazan,Астрахань,Казань,43800,DIRECT_TEST,8
https://city2city.ru/blagoveshhensk-rajchixinsk,Благовещенск,Райчихинск,5600,SEO_MONITOR,8
https://city2city.ru/ufa-sol-ileczk,Уфа,Соль-Илецк,13500,DIRECT_TEST,8
https://city2city.ru/xabarovsk-belogorsk-2,Хабаровск,Белогорск,20000,DIRECT_TEST,8
https://city2city.ru/kazan-sankt-peterburg,Казань,Санкт-Петербург,45300,DIRECT_TEST,8
https://city2city.ru/penza-lipeczk,Пенза,Липецк,12500,DIRECT_TEST,8
https://city2city.ru/tomsk-anzhero-sudzhensk,Томск,Анжеро-Судженск,4500,SEO_AUTOPILOT,8
https://city2city.ru/ryazan-sankt-peterburg,Рязань,Санкт-Петербург,27200,DIRECT_TEST,8
https://city2city.ru/saratov-sankt-peterburg,Саратов,Санкт-Петербург,47000,DIRECT_TEST,8
https://city2city.ru/smolensk-belgorod,Смоленск,Белгород,19800,DIRECT_TEST,8
https://city2city.ru/blagoveshhensk-tynda,Благовещенск,Тында,23200,DIRECT_TEST,8
https://city2city.ru/kazan-sim,Казань,Сим,20400,DIRECT_TEST,8
https://city2city.ru/izhevsk-ulyanovsk,Ижевск,Ульяновск,17000,DIRECT_TEST,8
https://city2city.ru/penza-gorodishhe-penzenskaya-oblast,Пенза,Городище,2000,SEO_AUTOPILOT,8
https://city2city.ru/saransk-temnikov,Саранск,Темников,5400,SEO_AUTOPILOT,8
https://city2city.ru/elista-kislovodsk,Элиста,Кисловодск,11000,DIRECT_TEST,8
https://city2city.ru/saratov-kalininsk,Саратов,Калининск,4100,SEO_AUTOPILOT,8
https://city2city.ru/kazan-dzerzhinsk,Казань,Дзержинск,14500,DIRECT_TEST,8
https://city2city.ru/irkutsk-svirsk,Иркутск,Свирск,4000,SEO_AUTOPILOT,8
https://city2city.ru/svo-taxi-tokmak-melitopol,Токмак,Мелитополь,2000,SEO_AUTOPILOT,8
https://city2city.ru/tambov-sosnovka,Тамбов,Сосновка,12500,DIRECT_TEST,8
https://city2city.ru/ulyanovsk-novoulyanovsk,Ульяновск,Новоульяновск,2000,SEO_AUTOPILOT,8
https://city2city.ru/ekaterinburg-tavda,Екатеринбург,Тавда,11000,DIRECT_TEST,8
https://city2city.ru/saratov-ekaterinburg,Саратов,Екатеринбург,39500,DIRECT_TEST,8
https://city2city.ru/saratov-staryj-oskol,Саратов,Старый Оскол,19500,DIRECT_TEST,8
https://city2city.ru/svo-taxi-rostov-na-donu-antratsit,Ростов-на-Дону,Антрацит,5000,SEO_AUTOPILOT,8
https://city2city.ru/kaluga-sankt-peterburg,Калуга,Санкт-Петербург,26400,DIRECT_TEST,8
https://city2city.ru/ufa-chernushka,Уфа,Чернушка,8600,SEO_AUTOPILOT,8
https://city2city.ru/sankt-peterburg-ryazan,Санкт-Петербург,Рязань,27500,DIRECT_TEST,8
https://city2city.ru/tver-voronezh,Тверь,Воронеж,21000,DIRECT_TEST,8
https://city2city.ru/svo-taxi-millerovo-donetsk,Миллерово,Донецк,10000,DIRECT_LOW,7
https://city2city.ru/astraxan-novorossijsk,Астрахань,Новороссийск,29000,DIRECT_LOW,7
https://city2city.ru/chelyabinsk-sosnovka,Челябинск,Сосновка,26500,DIRECT_LOW,7
https://city2city.ru/perm-krasnovishersk,Пермь,Красновишерск,9600,IGNORE,7
https://city2city.ru/izhevsk-kambarka,Ижевск,Камбарка,4000,IGNORE,7
https://city2city.ru/ekaterinburg-satka,Екатеринбург,Сатка,9600,IGNORE,7
https://city2city.ru/astraxan-sochi,Астрахань,Сочи,32600,DIRECT_LOW,7
https://city2city.ru/ivanovo-puchezh,Иваново,Пучеж,5000,IGNORE,7
https://city2city.ru/ufa-sochi,Уфа,Сочи,67500,DIRECT_LOW,7
https://city2city.ru/ufa-chebarkul,Уфа,Чебаркуль,10500,DIRECT_LOW,7
https://city2city.ru/saratov-krasnyj-kut,Саратов,Красный Кут,7000,IGNORE,7
https://city2city.ru/novosibirsk-minusinsk,Новосибирск,Минусинск,30500,DIRECT_LOW,7
https://city2city.ru/melitopol-ryazan,Мелитополь,Рязань,40000,DIRECT_LOW,7
https://city2city.ru/sankt-peterburg-ekaterinburg,Санкт-Петербург,Екатеринбург,70800,DIRECT_LOW,7
https://city2city.ru/svo-taxi-bryanka-lugansk,Брянка,Луганск,2000,IGNORE,7
https://city2city.ru/volgograd-nikolaevsk,Волгоград,Николаевск,276000,DIRECT_LOW,7
https://city2city.ru/murmansk-zaozyorsk,Мурманск,Заозёрск,3800,IGNORE,7
https://city2city.ru/svo-taxi-rossosh-smolensk,Россошь,Смоленск,26500,DIRECT_LOW,7
https://city2city.ru/kostroma-kirov,Кострома,Киров,18500,DIRECT_LOW,7
https://city2city.ru/ekaterinburg-troiczk,Екатеринбург,Троицк,51000,DIRECT_LOW,7
https://city2city.ru/kirov-sankt-peterburg,Киров,Санкт-Петербург,46500,DIRECT_LOW,7
https://city2city.ru/moskva-velsk,Москва,Вельск,22000,DIRECT_LOW,7
https://city2city.ru/ekaterinburg-verxoture,Екатеринбург,Верхотурье,9000,IGNORE,7
https://city2city.ru/vladimir-rostov-velikij,Владимир,Ростов,37000,DIRECT_LOW,7
https://city2city.ru/ufa-ryazan,Уфа,Рязань,38500,DIRECT_LOW,7
https://city2city.ru/samara-magnitogorsk,Самара,Магнитогорск,23500,DIRECT_LOW,7
https://city2city.ru/ufa-buguruslan,Уфа,Бугуруслан,10800,DIRECT_LOW,7
https://city2city.ru/ekaterinburg-app-bugristoe,Екатеринбург,Троицк,10500,DIRECT_LOW,7
https://city2city.ru/astraxan-znamensk,Астрахань,Знаменск,11000,DIRECT_LOW,7
https://city2city.ru/tver-vologda,Тверь,Вологда,16000,DIRECT_LOW,7
https://city2city.ru/svo-taxi-snezhnoe-rostov-na-donu,Снежное,Ростов-на-Дону,4500,IGNORE,7
https://city2city.ru/tambov-sochi,Тамбов,Сочи,38500,DIRECT_LOW,7
https://city2city.ru/ryazan-murom,Рязань,Муром,7500,IGNORE,7
https://city2city.ru/kazan-syzran,Казань,Сызрань,10200,DIRECT_LOW,7
https://city2city.ru/samara-chebarkul,Самара,Чебаркуль,24000,DIRECT_LOW,7
https://city2city.ru/yaroslavl-samara,Ярославль,Самара,31000,DIRECT_LOW,7
https://city2city.ru/rostov-kirov-2,Ростов-на-Дону,Киров,53700,DIRECT_LOW,7
https://city2city.ru/orenburg-beloreczk,Оренбург,Белорецк,58200,DIRECT_LOW,7
https://city2city.ru/belgorod-liski,Белгород,Лиски,8000,IGNORE,7
https://city2city.ru/ekaterinburg-verxnyaya-tura,Екатеринбург,Верхняя Тура,6000,IGNORE,7
https://city2city.ru/petrozavodsk-kostomuksha,Петрозаводск,Костомукша,14700,DIRECT_LOW,7
https://city2city.ru/ufa-cheboksary,Уфа,Чебоксары,21000,DIRECT_LOW,7
https://city2city.ru/nizhnij-novgorod-sochi,Нижний Новгород,Сочи,54500,DIRECT_LOW,7
https://city2city.ru/ekaterinburg-app-doneczk,Екатеринбург,Донецк,62500,DIRECT_LOW,7
https://city2city.ru/petrozavodsk-app-lyuttya,Петрозаводск,Костомукша,16500,DIRECT_LOW,7
https://city2city.ru/yaroslavl-belgorod,Ярославль,Белгород,28200,DIRECT_LOW,7
https://city2city.ru/lipeczk-kursk,Липецк,Курск,9900,IGNORE,7
https://city2city.ru/petrozavodsk-suoyarvi,Петрозаводск,Суоярви,4000,IGNORE,7
https://city2city.ru/elista-volgodonsk,Элиста,Волгодонск,7000,IGNORE,7
https://city2city.ru/pskov-novorzhev,Псков,Новоржев,4000,IGNORE,7
https://city2city.ru/izhevsk-kirov,Ижевск,Киров,12800,DIRECT_LOW,7
https://city2city.ru/kirov-belaya-xolunicza,Киров,Белая Холуница,3600,IGNORE,7
https://city2city.ru/kirov-lesnoj,Киров,Лесной,24500,DIRECT_LOW,7
https://city2city.ru/tula-volgograd,Тула,Волгоград,26500,DIRECT_LOW,7
https://city2city.ru/svo-taxi-samara-rubezhnoe,Самара,Рубежное,41000,DIRECT_LOW,7
https://city2city.ru/krasnoyarsk-yurga,Красноярск,Юрга,18500,DIRECT_LOW,7
https://city2city.ru/astraxan-mineralnye-vody,Астрахань,Минеральные Воды,18600,DIRECT_LOW,7
https://city2city.ru/xabarovsk-dalnegorsk,Хабаровск,Дальнегорск,23800,DIRECT_LOW,7
https://city2city.ru/krasnoyarsk-ulan-ude,Красноярск,Улан-Удэ,44700,DIRECT_LOW,7
https://city2city.ru/pskov-staraya_russa,Псков,Старая Русса,6500,IGNORE,7
https://city2city.ru/tyumen-magnitogorsk,Тюмень,Магнитогорск,21600,DIRECT_LOW,7
https://city2city.ru/yaroslavl-kazan,Ярославль,Казань,22500,DIRECT_LOW,7
https://city2city.ru/kaluga-novomoskovsk,Калуга,Новомосковск,5000,IGNORE,7
https://city2city.ru/yaroslavl-lyubim,Ярославль,Любим,3500,IGNORE,7
https://city2city.ru/cheboksary-kirov,Чебоксары,Киров,12000,DIRECT_LOW,7
https://city2city.ru/chelyabinsk-surgut,Челябинск,Сургут,36000,DIRECT_LOW,7
https://city2city.ru/tomsk-mariinsk,Томск,Мариинск,7000,IGNORE,7
https://city2city.ru/ryazan-nizhnij-novgorod,Рязань,Нижний Новгород,12500,DIRECT_LOW,7
https://city2city.ru/smolensk-rossosh,Смоленск,Россошь,27000,DIRECT_LOW,7
https://city2city.ru/kemerovo-belokuriha,Кемерово,Белокуриха,16000,DIRECT_LOW,7
https://city2city.ru/ivanovo-rostov-na-donu,Иваново,Ростов-на-Дону,41000,DIRECT_LOW,7
https://city2city.ru/kazan-tetyushi,Казань,Тетюши,5000,IGNORE,7
https://city2city.ru/kurgan-shumixa,Курган,Шумиха,4500,IGNORE,7
https://city2city.ru/krasnoyarsk-nizhneudinsk,Красноярск,Нижнеудинск,16500,DIRECT_LOW,7
https://city2city.ru/chelyabinsk-krasnogorsk,Челябинск,Красногорск,53000,DIRECT_LOW,7
https://city2city.ru/xabarovsk-dalnegorsk-2,Хабаровск,Дальнегорск,24500,DIRECT_LOW,7
https://city2city.ru/astraxan-ufa,Астрахань,Уфа,50500,DIRECT_LOW,7
https://city2city.ru/ryazan-ufa,Рязань,Уфа,38000,DIRECT_LOW,7
https://city2city.ru/svo-taxi-rostov-na-donu-snezhnoe,Ростов-на-Дону,Снежное,5000,IGNORE,7
https://city2city.ru/kursk-lipeczk,Курск,Липецк,9900,IGNORE,7
https://city2city.ru/nizhnij-novgorod-ryazan,Нижний Новгород,Рязань,13000,DIRECT_LOW,7
https://city2city.ru/ufa-sim,Уфа,Сим,4000,IGNORE,7
https://city2city.ru/cheboksary-volzhsk,Чебоксары,Волжск,3500,IGNORE,7
https://city2city.ru/svo-taxi-severodonetsk-lugansk,Северодонецк,Луганск,3000,IGNORE,6
https://city2city.ru/perm-kizel,Пермь,Кизел,7000,IGNORE,6
https://city2city.ru/volgograd-anapa,Волгоград,Анапа,26400,DIRECT_LOW,6
https://city2city.ru/xabarovsk-amursk-2,Хабаровск,Амурск,13000,DIRECT_LOW,6
https://city2city.ru/samara-kamyshin,Самара,Камышин,18500,DIRECT_LOW,6
https://city2city.ru/kazan-chajkovskij,Казань,Чайковский,13800,DIRECT_LOW,6
https://city2city.ru/kazan-saransk,Международный аэропорт Казань,Саранск,12000,DIRECT_LOW,6
https://city2city.ru/ufa-yuryuzan,Уфа,Юрюзань,6100,IGNORE,6
https://city2city.ru/krasnoyarsk-sorsk,Красноярск,Сорск,13800,DIRECT_LOW,6
https://city2city.ru/stavropol-kurganinsk,Ставрополь,Курганинск,5000,IGNORE,6
https://city2city.ru/stavropol-neftekumsk,Ставрополь,Нефтекумск,8700,IGNORE,6
https://city2city.ru/novosibirsk-zmeinogorsk,Новосибирск,Змеиногорск,17000,DIRECT_LOW,6
https://city2city.ru/krasnodar-novokubansk,Краснодар,Новокубанск,6500,IGNORE,6
https://city2city.ru/ufa-zlatoust,Уфа,Златоуст,8400,IGNORE,6
https://city2city.ru/ufa-vyatskie-polyany,Уфа,Вятские Поляны,14000,DIRECT_LOW,6
https://city2city.ru/penza-belgorod,Пенза,Белгород,23000,DIRECT_LOW,6
https://city2city.ru/yakutsk-irkutsk,Якутск,Иркутск,95000,DIRECT_LOW,6
https://city2city.ru/vladimir-sankt-peterburg,Владимир,Санкт-Петербург,26500,DIRECT_LOW,6
https://city2city.ru/novosibirsk-gurevsk,Новосибирск,Гурьевск,135000,DIRECT_LOW,6
https://city2city.ru/krasnoyarsk-bogotol,Красноярск,Боготол,7200,IGNORE,6
https://city2city.ru/voronezh-dankov,Воронеж,Данков,6500,IGNORE,6
https://city2city.ru/perm-kurgan,Пермь,Курган,21900,DIRECT_LOW,6
https://city2city.ru/ryazan-lesnoj,Рязань,Лесной,3800,IGNORE,6
https://city2city.ru/novosibirsk-divnogorsk,Новосибирск,Дивногорск,23500,DIRECT_LOW,6
https://city2city.ru/perm-sochi,Пермь,Сочи,80000,DIRECT_LOW,6
https://city2city.ru/moskva-buzuluk,Москва,Бузулук,37500,DIRECT_LOW,6
https://city2city.ru/ekaterinburg-tolyatti,Екатеринбург,Тольятти,28000,DIRECT_LOW,6
https://city2city.ru/lugansk-kursk,Луганск,Курск,23000,DIRECT_LOW,6
https://city2city.ru/elista-gorodovikovsk,Элиста,Городовиковск,7200,IGNORE,6
https://city2city.ru/moskva-tobolsk,Москва,Тобольск,67500,DIRECT_LOW,6
https://city2city.ru/ulyanovsk-izhevsk,Ульяновск,Ижевск,17000,DIRECT_LOW,6
https://city2city.ru/xabarovsk-vyazemskij,Хабаровск,Вяземский,4900,IGNORE,6
https://city2city.ru/voronezh-kurchatov,Воронеж,Курчатов,8500,IGNORE,6
https://city2city.ru/krasnoyarsk-chita,Красноярск,Чита,64000,DIRECT_LOW,6
https://city2city.ru/novosibirsk-mariinsk,Новосибирск,Мариинск,15000,DIRECT_LOW,6
https://city2city.ru/ulyanovsk-sengilej,Ульяновск,Сенгилей,2000,IGNORE,6
https://city2city.ru/tula-pushhino,Тула,Пущино,2500,IGNORE,6
https://city2city.ru/barnaul-yarovoe,Барнаул,Яровое,13500,DIRECT_LOW,6
https://city2city.ru/yaroslavl-kovrov,Ярославль,Ковров,6500,IGNORE,6
https://city2city.ru/kazan-voronezh,Казань,Воронеж,31000,DIRECT_LOW,6
https://city2city.ru/chelyabinsk-pervomajskij,Челябинск,посёлок Первомайский,50000,DIRECT_LOW,6
https://city2city.ru/rostov-nizhnekamsk,Ростов-на-Дону,Нижнекамск,48500,DIRECT_LOW,6
https://city2city.ru/ufa-saransk,Уфа,Саранск,25000,DIRECT_LOW,6
https://city2city.ru/blagoveshhensk-obluche,Благовещенск,Облучье,11000,DIRECT_LOW,6
https://city2city.ru/krasnoyarsk-tulun,Красноярск,Тулун,20000,DIRECT_LOW,6
https://city2city.ru/omsk-barnaul,Омск,Барнаул,26200,DIRECT_LOW,6
https://city2city.ru/kaluga-belgorod,Калуга,Белгород,15500,DIRECT_LOW,6
https://city2city.ru/bryansk-simferopol,Брянск,Симферополь,51500,DIRECT_LOW,6
https://city2city.ru/volgograd-penza,Волгоград,Пенза,17500,DIRECT_LOW,6
https://city2city.ru/saransk-kazan,Саранск,Казань,12500,DIRECT_LOW,6
https://city2city.ru/astraxan-tambov,Астрахань,Тамбов,28500,DIRECT_LOW,6
https://city2city.ru/rostov-gorod-zernograd,Ростов-на-Дону,Зерноград,38500,DIRECT_LOW,6
https://city2city.ru/kursk-boguchar,Курск,Богучар,14000,DIRECT_LOW,6
https://city2city.ru/vladimir-oryol,Владимир,Орёл,16500,DIRECT_LOW,6
https://city2city.ru/omsk-kemerovo,Омск,Кемерово,27000,DIRECT_LOW,6
https://city2city.ru/chelyabinsk-kursk,Челябинск,Курск,59700,DIRECT_LOW,6
https://city2city.ru/novosibirsk-uyar,Новосибирск,Уяр,31500,DIRECT_LOW,6
https://city2city.ru/xabarovsk-vyazemskij-2,Хабаровск,Вяземский,4000,IGNORE,6
https://city2city.ru/samara-barysh,Самара,Барыш,9500,IGNORE,6
https://city2city.ru/perm-sankt-peterburg,Пермь,Санкт-Петербург,66000,DIRECT_LOW,6
https://city2city.ru/tyumen-nizhnij-tagil,Тюмень,Нижний Тагил,13200,DIRECT_LOW,6
https://city2city.ru/kursk-kaluga,Курск,Калуга,11000,DIRECT_LOW,6
https://city2city.ru/vladimir-oboyan,Владимир,Обоянь,23400,DIRECT_LOW,6
https://city2city.ru/voronezh-kazan,Воронеж,Казань,31500,DIRECT_LOW,6
https://city2city.ru/sankt-peterburg-tambov,Санкт-Петербург,Тамбов,35100,DIRECT_LOW,6
https://city2city.ru/novosibirsk-anzhero-sudzhensk,Новосибирск,Анжеро-Судженск,10500,DIRECT_LOW,6
https://city2city.ru/kaluga-mosalsk,Калуга,Мосальск,3000,IGNORE,6
https://city2city.ru/rostov-maxachkala,Ростов-на-Дону,Махачкала,27500,DIRECT_LOW,6
https://city2city.ru/ekaterinburg-chernushka,Екатеринбург,Чернушка,9500,IGNORE,6
https://city2city.ru/astraxan-sevastopol,Астрахань,Севастополь,40500,DIRECT_LOW,6
https://city2city.ru/barnaul-abakan,Барнаул,Абакан,34000,DIRECT_LOW,6
https://city2city.ru/tomsk-achinsk,Томск,Ачинск,12500,DIRECT_LOW,6
https://city2city.ru/svo-taxi-lugansk-antratsit,Луганск,Антрацит,2000,IGNORE,6
https://city2city.ru/saratov-arkadak,Саратов,Аркадак,7000,IGNORE,6
https://city2city.ru/penza-sursk,Пенза,Сурск,3200,IGNORE,6
https://city2city.ru/ivanovo-kamenka,Иваново,Каменка,19000,DIRECT_LOW,6
https://city2city.ru/ekaterinburg-kasli,Екатеринбург,Касли,3500,IGNORE,6
https://city2city.ru/vladivostok-dalnerechensk,Владивосток,Дальнереченск,12300,DIRECT_LOW,6
https://city2city.ru/kostroma-kineshma,Кострома,Кинешма,4000,IGNORE,6
https://city2city.ru/moskva-tujmazy,Москва,Туймазы,35000,DIRECT_LOW,6
https://city2city.ru/saransk-insar,Саранск,Инсар,2500,IGNORE,6
https://city2city.ru/novosibirsk-achinsk,Новосибирск,Ачинск,18500,DIRECT_LOW,6
https://city2city.ru/tambov-kazan,Тамбов,Казань,24900,DIRECT_LOW,6
https://city2city.ru/krasnoyarsk-chernogorsk,Красноярск,Черногорск,11700,DIRECT_LOW,6
https://city2city.ru/ekaterinburg-plast,Екатеринбург,Пласт,10000,DIRECT_LOW,6
https://city2city.ru/ekaterinburg-lysva,Екатеринбург,Лысьва,11500,DIRECT_LOW,6
https://city2city.ru/rostov-tambov,Ростов-на-Дону,Тамбов,22500,DIRECT_LOW,6
https://city2city.ru/pskov-kursk,Псков,Курск,29700,DIRECT_LOW,6
https://city2city.ru/samara-aznakaevo,Самара,Азнакаево,9000,IGNORE,6
https://city2city.ru/sankt-peterburg-perm,Санкт-Петербург,Пермь,66000,DIRECT_LOW,6
https://city2city.ru/belgorod-kaluga,Белгород,Калуга,15000,DIRECT_LOW,6
https://city2city.ru/moskva-roslavl,Москва,Рославль,12000,DIRECT_LOW,6
https://city2city.ru/barnaul-kyzyl,Барнаул,Кызыл,45500,DIRECT_LOW,6
https://city2city.ru/kemerovo-sharypovo,Кемерово,Шарыпово,9000,IGNORE,6
https://city2city.ru/ulyanovsk-buinsk,Ульяновск,Буинск,3800,IGNORE,6
https://city2city.ru/orenburg-belebej,Оренбург,Белебей,12000,DIRECT_LOW,6
https://city2city.ru/tula-yaroslavl,Тула,Ярославль,13500,DIRECT_LOW,6
https://city2city.ru/belgorod-velikij-novgorod,Белгород,Великий Новгород,35800,DIRECT_LOW,6
https://city2city.ru/belgorod-penza,Белгород,Пенза,23000,DIRECT_LOW,6
https://city2city.ru/stavropol-kerch,Ставрополь,Керчь,16500,DIRECT_LOW,6
https://city2city.ru/tambov-sankt-peterburg,Тамбов,Санкт-Петербург,35100,DIRECT_LOW,6
https://city2city.ru/kursk-shebekino,Курск,Шебекино,5000,IGNORE,6
https://city2city.ru/penza-volgograd,Пенза,Волгоград,17500,DIRECT_LOW,6
https://city2city.ru/saratov-saransk,Саратов,Саранск,11000,DIRECT_LOW,6
https://city2city.ru/tula-boloxovo,Тула,Болохово,29500,DIRECT_LOW,6
https://city2city.ru/xabarovsk-amursk,Хабаровск,Амурск,12900,DIRECT_LOW,6
https://city2city.ru/svo-taxi-lugansk-severodonetsk,Луганск,Северодонецк,3000,IGNORE,6
https://city2city.ru/svo-taxi-donetsk-starobeshevo,Донецк,Старобешево,2000,IGNORE,6
https://city2city.ru/oryol-vladimir,Орёл,Владимир,16500,DIRECT_LOW,6
https://city2city.ru/rostov-vladikavkaz,Ростов-на-Дону,Владикавказ,21000,DIRECT_LOW,6
https://city2city.ru/novosibirsk-zarinsk,Новосибирск,Заринск,8500,IGNORE,6
https://city2city.ru/omsk-kuybyshev,Омск,Куйбышев,48500,DIRECT_LOW,6
https://city2city.ru/vladimir-sergiev-posad,Владимир,Сергиев Посад,5500,IGNORE,6
https://city2city.ru/kursk-chelyabinsk,Курск,Челябинск,59400,DIRECT_LOW,6
https://city2city.ru/kurgan-perm,Курган,Пермь,21900,DIRECT_LOW,6
https://city2city.ru/barnaul-krasnoyarsk,Барнаул,Красноярск,27600,DIRECT_LOW,6
https://city2city.ru/kursk-pskov,Курск,Псков,29800,DIRECT_LOW,6
https://city2city.ru/yaroslavl-tula,Ярославль,Тула,13500,DIRECT_LOW,6
https://city2city.ru/samara-surgut,Самара,Сургут,61000,DIRECT_LOW,6
https://city2city.ru/samara-abdulino,Самара,Абдулино,8400,IGNORE,6
https://city2city.ru/kazan-buzuluk,Казань,Бузулук,14500,DIRECT_LOW,6
https://city2city.ru/omsk-kupino,Омск,Купино,14000,DIRECT_LOW,6
https://city2city.ru/ulyanovsk-tetyushi,Ульяновск,Тетюши,4300,IGNORE,6
https://city2city.ru/stavropol-simferopol,Ставрополь,Симферополь,22000,DIRECT_LOW,6
https://city2city.ru/nizhnij-novgorod-vorsma,Нижний Новгород,Ворсма,2000,IGNORE,6
https://city2city.ru/bryansk-sankt-peterburg,Брянск,Санкт-Петербург,32400,DIRECT_LOW,6
https://city2city.ru/ryazan-gus-xrustalnyj,Рязань,Гусь-Хрустальный,5400,IGNORE,6
https://city2city.ru/pskov-lipeczk,Псков,Липецк,35700,DIRECT_LOW,5
https://city2city.ru/orenburg-volgograd,Оренбург,Волгоград,35800,DIRECT_LOW,5
https://city2city.ru/ufa-kursk,Уфа,Курск,47500,DIRECT_LOW,5
https://city2city.ru/tambov-volgograd,Тамбов,Волгоград,15800,DIRECT_LOW,5
https://city2city.ru/ulyanovsk-sochi,Ульяновск,Сочи,55000,DIRECT_LOW,5
https://city2city.ru/stavropol-salsk,Ставрополь,Сальск,6400,IGNORE,5
https://city2city.ru/kursk-tambov,Курск,Тамбов,14000,DIRECT_LOW,5
https://city2city.ru/vladimir-kirzhach,Владимир,Киржач,3500,IGNORE,5
https://city2city.ru/smolensk-ryazan,Смоленск,Рязань,17700,DIRECT_LOW,5
https://city2city.ru/oryol-ryazan,Орёл,Рязань,11000,DIRECT_LOW,5
https://city2city.ru/stavropol-nizhnij-novgorod,Ставрополь,Нижний Новгород,46000,DIRECT_LOW,5
https://city2city.ru/yakutsk-krasnoyarsk,Якутск,Красноярск,126000,DIRECT_LOW,5
https://city2city.ru/volgograd-tambov,Волгоград,Тамбов,15800,DIRECT_LOW,5
https://city2city.ru/orenburg-nizhnekamsk,Оренбург,Нижнекамск,17200,DIRECT_LOW,5
https://city2city.ru/rostov-yalta,Ростов-на-Дону,Ялта,23000,DIRECT_LOW,5
https://city2city.ru/ryazan-smolensk,Рязань,Смоленск,17700,DIRECT_LOW,5
https://city2city.ru/astraxan-gelendzhik,Астрахань,Геленджик,29400,DIRECT_LOW,5
https://city2city.ru/kirov-arxangelsk,Киров,Архангельск,34000,DIRECT_LOW,5
https://city2city.ru/vladivostok-chita,Владивосток,Чита,86000,DIRECT_LOW,5
https://city2city.ru/nizhnij-novgorod-rossosh,Нижний Новгород,Россошь,28500,DIRECT_LOW,5
https://city2city.ru/ryazan-stupino,Рязань,Ступино,4500,IGNORE,5
https://city2city.ru/chelyabinsk-rostov-na-donu,Челябинск,Ростов-на-Дону,64000,DIRECT_LOW,5
https://city2city.ru/ufa-anapa,Уфа,Анапа,65000,DIRECT_LOW,5
https://city2city.ru/sankt-peterburg-kaluga,Санкт-Петербург,Калуга,25600,DIRECT_LOW,5
https://city2city.ru/vladimir-kurlovo,Владимир,Курлово,3000,IGNORE,5
https://city2city.ru/voronezh-kostroma,Воронеж,Кострома,25500,DIRECT_LOW,5
https://city2city.ru/krasnodar-kamennomostskij,Краснодар,посёлок Каменномостский,5000,IGNORE,5
https://city2city.ru/kostroma-rostov-velikij,Кострома,Ростов,42500,DIRECT_LOW,5
https://city2city.ru/kostroma-ryazan,Кострома,Рязань,13500,DIRECT_LOW,5
https://city2city.ru/ulyanovsk-saratov,Ульяновск,Саратов,13800,DIRECT_LOW,5
https://city2city.ru/svo-taxi-rostov-na-donu-starobeshevo,Ростов-на-Дону,Старобешево,5000,IGNORE,5
https://city2city.ru/izhevsk-chelyabinsk,Ижевск,Челябинск,22600,DIRECT_LOW,5
https://city2city.ru/penza-sochi,Пенза,Сочи,44000,DIRECT_LOW,5
https://city2city.ru/nizhnij-novgorod-knyaginino,Нижний Новгород,Княгинино,3000,IGNORE,5
https://city2city.ru/voronezh-anapa,Воронеж,Анапа,29500,DIRECT_LOW,5
https://city2city.ru/bryansk-nizhnij-novgorod,Брянск,Нижний Новгород,24600,DIRECT_LOW,5
https://city2city.ru/belgorod-ufa,Белгород,Уфа,48000,DIRECT_LOW,5
https://city2city.ru/ryazan-saransk,Рязань,Саранск,13500,DIRECT_LOW,5
https://city2city.ru/kurgan-petuxovo,Курган,Петухово,6100,IGNORE,5
https://city2city.ru/lugansk-chelyabinsk,Луганск,Челябинск,63500,DIRECT_LOW,5
https://city2city.ru/ryazan-kostroma,Рязань,Кострома,14000,DIRECT_LOW,5
https://city2city.ru/tambov-uryupinsk,Тамбов,Урюпинск,7500,IGNORE,5
https://city2city.ru/krasnoyarsk-ust-ilimsk,Красноярск,Усть-Илимск,29000,DIRECT_LOW,5
https://city2city.ru/ivanovo-ekaterinburg,Иваново,Екатеринбург,45500,DIRECT_LOW,5
https://city2city.ru/sankt-peterburg-cheboksary,Санкт-Петербург,Чебоксары,41000,DIRECT_LOW,5
https://city2city.ru/samara-astraxan,Самара,Астрахань,36900,DIRECT_LOW,5
https://city2city.ru/tver-solnechnogorsk,Тверь,Солнечногорск,3500,IGNORE,5
https://city2city.ru/orenburg-rostov-na-donu,Оренбург,Ростов-на-Дону,50100,DIRECT_LOW,5
https://city2city.ru/chelyabinsk-izhevsk,Челябинск,Ижевск,22600,DIRECT_LOW,5
https://city2city.ru/krasnoyarsk-yakutsk,Красноярск,Якутск,126000,DIRECT_LOW,5
https://city2city.ru/blagoveshhensk-chita,Благовещенск,Чита,45600,DIRECT_LOW,5
https://city2city.ru/kursk-penza,Курск,Пенза,22000,DIRECT_LOW,5
https://city2city.ru/tyumen-nyagan,Тюмень,Нягань,29000,DIRECT_LOW,5
https://city2city.ru/pskov-luga,Псков,Луга,4500,IGNORE,5
https://city2city.ru/krasnoyarsk-vladivostok,Красноярск,Владивосток,132000,DIRECT_LOW,5
https://city2city.ru/svo-taxi-simferopol-kahovka,Симферополь,Каховка,8000,IGNORE,5
https://city2city.ru/saratov-ulyanovsk,Саратов,Ульяновск,14000,DIRECT_LOW,5
https://city2city.ru/yaroslavl-volgorechensk,Ярославль,Волгореченск,3500,IGNORE,5
https://city2city.ru/nizhnij-novgorod-puchezh,Нижний Новгород,Пучеж,5100,IGNORE,5
https://city2city.ru/krasnoyarsk-mariinsk,Красноярск,Мариинск,11000,DIRECT_LOW,5
https://city2city.ru/kursk-dmitriev,Курск,Дмитриев,3500,IGNORE,5
https://city2city.ru/krasnoyarsk-barnaul,Красноярск,Барнаул,27600,DIRECT_LOW,5
https://city2city.ru/perm-kachkanar,Пермь,Качканар,8000,IGNORE,5
https://city2city.ru/smolensk-demidov,Смоленск,Демидов,3000,IGNORE,5
https://city2city.ru/syktyvkar-usinsk,Сыктывкар,Усинск,22000,DIRECT_LOW,5
https://city2city.ru/kursk-vologda,Курск,Вологда,29500,DIRECT_LOW,5
https://city2city.ru/tyumen-kamyshlov,Тюмень,Камышлов,6100,IGNORE,5
https://city2city.ru/perm-neftekamsk,Пермь,Нефтекамск,11000,DIRECT_LOW,5
https://city2city.ru/tyumen-samara,Тюмень,Самара,37000,DIRECT_LOW,5
https://city2city.ru/kyzyl-chadan,Кызыл,Чадан,7000,IGNORE,5
https://city2city.ru/yakutsk-ulan-ude,Якутск,Улан-Удэ,81800,DIRECT_LOW,5
https://city2city.ru/orenburg-syzran,Оренбург,Сызрань,17500,DIRECT_LOW,5
https://city2city.ru/samara-sterlitamak,Самара,Стерлитамак,15800,DIRECT_LOW,5
https://city2city.ru/petrozavodsk-olonecz,Петрозаводск,Олонец,5200,IGNORE,5
https://city2city.ru/kazan-sorochinsk,Казань,Сорочинск,17500,DIRECT_LOW,5
https://city2city.ru/krasnoyarsk-ekaterinburg,Красноярск,Екатеринбург,71000,DIRECT_LOW,5
https://city2city.ru/tver-zapadnaya-dvina,Тверь,Западная Двина,8500,IGNORE,5
https://city2city.ru/ivanovo-noginsk,Иваново,Ногинск,7500,IGNORE,5
https://city2city.ru/tyumen-kazan,Тюмень,Казань,36800,DIRECT_LOW,5
https://city2city.ru/ivanovo-tula,Иваново,Тула,14000,DIRECT_LOW,5
https://city2city.ru/perm-naberezhnye-chelny,Пермь,Набережные Челны,14000,DIRECT_LOW,5
https://city2city.ru/tyumen-uraj,Тюмень,Урай,14400,DIRECT_LOW,5
https://city2city.ru/ivanovo-sankt-peterburg,Иваново,Санкт-Петербург,26800,DIRECT_LOW,5
https://city2city.ru/bryansk-rossosh,Брянск,Россошь,19000,DIRECT_LOW,5
https://city2city.ru/izhevsk-tolyatti,Ижевск,Тольятти,17600,DIRECT_LOW,5
https://city2city.ru/cheboksary-sosnovka,Чебоксары,Сосновка,10000,DIRECT_LOW,5
https://city2city.ru/ufa-kurgan,Уфа,Курган,20800,DIRECT_LOW,5
https://city2city.ru/perm-sevastopol,Пермь,Севастополь,88000,DIRECT_LOW,5
https://city2city.ru/velikiy-novgorod-belgorod,Великий Новгород,Белгород,37500,DIRECT_LOW,5
https://city2city.ru/nizhnij-novgorod-tver,Нижний Новгород,Тверь,18500,DIRECT_LOW,5
https://city2city.ru/nizhniy_novgorod-kineshma,Нижний Новгород,Кинешма,7000,IGNORE,5
https://city2city.ru/belgorod-boguchar,Белгород,Богучар,11000,DIRECT_LOW,5
https://city2city.ru/vladivostok-krasnoyarsk,Владивосток,Красноярск,150000,DIRECT_LOW,5
https://city2city.ru/rostov-orenburg,Ростов-на-Дону,Оренбург,50100,DIRECT_LOW,5
https://city2city.ru/urazovo-belgorod,рабочий посёлок Уразово,Белгород,5000,IGNORE,5
https://city2city.ru/smolensk-dorogobuzh,Смоленск,Дорогобуж,2500,IGNORE,5
https://city2city.ru/saransk-alatyr,Саранск,Алатырь,5300,IGNORE,5
https://city2city.ru/rostov-tver,Ростов-на-Дону,Тверь,38000,DIRECT_LOW,5
https://city2city.ru/perm-voronezh,Пермь,Воронеж,52000,DIRECT_LOW,5
https://city2city.ru/ryazan-oryol,Рязань,Орёл,11000,DIRECT_LOW,5
https://city2city.ru/yakutsk-chita,Якутск,Чита,62000,DIRECT_LOW,5
https://city2city.ru/ekaterinburg-sovetskij-2,Екатеринбург,Советский,21500,DIRECT_LOW,5
https://city2city.ru/tyumen-bajmak,Тюмень,Баймак,25000,DIRECT_LOW,5
https://city2city.ru/svo-taxi-kazan-lugansk,Казань,Луганск,44500,DIRECT_LOW,5
https://city2city.ru/nizhnij-novgorod-ekaterinburg,Нижний Новгород,Екатеринбург,38000,DIRECT_LOW,5
https://city2city.ru/kazan-alatyr,Казань,Алатырь,7500,IGNORE,5
https://city2city.ru/ryazan-kotelniki,Рязань,Котельники,5500,IGNORE,5
https://city2city.ru/saransk-pochinok,Саранск,Починок,31500,DIRECT_LOW,5
https://city2city.ru/stavropol-sankt-peterburg,Ставрополь,Санкт-Петербург,63800,DIRECT_LOW,5
https://city2city.ru/barnaul-berdsk,Барнаул,Бердск,6000,IGNORE,5
https://city2city.ru/kirov-cheboksary,Киров,Чебоксары,11500,DIRECT_LOW,5
https://city2city.ru/krasnoyarsk-xabarovsk,Красноярск,Хабаровск,127500,DIRECT_LOW,5
https://city2city.ru/volgograd-orenburg,Волгоград,Оренбург,35100,DIRECT_LOW,5
https://city2city.ru/belgorod-arxangelsk,Белгород,Архангельск,57000,DIRECT_LOW,5
https://city2city.ru/krasnodar-izhevsk,Краснодар,Ижевск,62000,DIRECT_LOW,5
https://city2city.ru/kurgan-moskva,Курган,Москва,61500,DIRECT_LOW,5
https://city2city.ru/yaroslavl-plyos,Ярославль,Плёс,5200,IGNORE,5
https://city2city.ru/kostroma-voronezh,Кострома,Воронеж,25600,DIRECT_LOW,5
https://city2city.ru/kemerovo-abakan,Кемерово,Абакан,22000,DIRECT_LOW,5
https://city2city.ru/kursk-ufa,Курск,Уфа,47000,DIRECT_LOW,5
https://city2city.ru/astraxan-volzhskij,Астрахань,Волжский,13200,DIRECT_LOW,5
https://city2city.ru/sankt-peterburg-sevastopol,Санкт-Петербург,Севастополь,74600,DIRECT_LOW,5
https://city2city.ru/syktyvkar-kazan,Сыктывкар,Казань,24900,DIRECT_LOW,5
https://city2city.ru/kostroma-cherepovecz,Кострома,Череповец,12500,DIRECT_LOW,5
https://city2city.ru/rostov-chelyabinsk,Ростов-на-Дону,Челябинск,64800,DIRECT_LOW,5
https://city2city.ru/samara-oktyabrsk,Самара,Октябрьск,5300,IGNORE,5
https://city2city.ru/krasnodar-nizhnij-novgorod,Краснодар,Нижний Новгород,47500,DIRECT_LOW,5
https://city2city.ru/kursk-gubkin,Курск,Губкин,4000,IGNORE,5
https://city2city.ru/svo-taxi-rossosh-nizhniy-novgorod,Россошь,Нижний Новгород,28500,DIRECT_LOW,5
https://city2city.ru/penza-kovylkino,Пенза,Ковылкино,5500,IGNORE,5
https://city2city.ru/krasnoyarsk-norilsk,Красноярск,Норильск,60500,DIRECT_LOW,5
https://city2city.ru/kursk-valujki,Курск,Валуйки,9000,IGNORE,5
https://city2city.ru/yaroslavl-suzdal,Ярославль,Суздаль,6000,IGNORE,5
https://city2city.ru/moskva-kirovsk-2,Москва,Кировск,54500,DIRECT_LOW,5
https://city2city.ru/lipeczk-pskov,Липецк,Псков,36000,DIRECT_LOW,5
https://city2city.ru/bryansk-rylsk,Брянск,Рыльск,6500,IGNORE,4
https://city2city.ru/moskva-essentuki,Москва,Ессентуки,47700,DIRECT_LOW,4
https://city2city.ru/ulyanovsk-volgograd,Ульяновск,Волгоград,25000,DIRECT_LOW,4
https://city2city.ru/sankt-peterburg-magnitogorsk,Санкт-Петербург,Магнитогорск,71000,DIRECT_LOW,4
https://city2city.ru/yakutsk-novosibirsk,Якутск,Новосибирск,149400,DIRECT_LOW,4
https://city2city.ru/sankt-peterburg-sochi,Санкт-Петербург,Сочи,70200,DIRECT_LOW,4
https://city2city.ru/voronezh-ivanovo,Воронеж,Иваново,22000,DIRECT_LOW,4
https://city2city.ru/ulyanovsk-nizhnekamsk,Ульяновск,Нижнекамск,10600,DIRECT_LOW,4
https://city2city.ru/tula-nizhnij-novgorod,Тула,Нижний Новгород,18000,DIRECT_LOW,4
https://city2city.ru/ufa-mednogorsk,Уфа,Медногорск,16200,DIRECT_LOW,4
https://city2city.ru/izhevsk-sankt-peterburg,Ижевск,Санкт-Петербург,56000,DIRECT_LOW,4
https://city2city.ru/kirov-anapa,Киров,Анапа,66000,DIRECT_LOW,4
https://city2city.ru/orenburg-tujmazy,Оренбург,Туймазы,12000,DIRECT_LOW,4
https://city2city.ru/ekaterinburg-birsk,Екатеринбург,Бирск,13000,DIRECT_LOW,4
https://city2city.ru/kirov-uren,Киров,Урень,11000,DIRECT_LOW,4
https://city2city.ru/ulyanovsk-joshkar-ola,Ульяновск,Йошкар-Ола,9500,IGNORE,4
https://city2city.ru/ulyanovsk-ryazan,Ульяновск,Рязань,23000,DIRECT_LOW,4
https://city2city.ru/ekaterinburg-yugorsk,Екатеринбург,Югорск,21300,DIRECT_LOW,4
https://city2city.ru/irkutsk-aeroport-ust-kut,аэропорт Иркутск,Усть-Кут,38500,DIRECT_LOW,4
https://city2city.ru/stavropol-novopavlovsk,Ставрополь,Новопавловск,7000,IGNORE,4
https://city2city.ru/krasnodar-ufa,Краснодар,Уфа,59100,DIRECT_LOW,4
https://city2city.ru/sankt-peterburg-kazan,Санкт-Петербург,Казань,45300,DIRECT_LOW,4
https://city2city.ru/smolensk-samara,Смоленск,Самара,44500,DIRECT_LOW,4
https://city2city.ru/kostroma-tver,Кострома,Тверь,12400,DIRECT_LOW,4
https://city2city.ru/svo-taxi-lugansk-starobelsk,Луганск,Старобельск,3000,IGNORE,4
https://city2city.ru/moskva-rylsk,Москва,Рыльск,17100,DIRECT_LOW,4
https://city2city.ru/chelyabinsk-ryazan,Челябинск,Рязань,50500,DIRECT_LOW,4
https://city2city.ru/tula-kolomna,Тула,Коломна,5000,IGNORE,4
https://city2city.ru/tyumen-artyomovskij,Тюмень,Артёмовский,8500,IGNORE,4
https://city2city.ru/orenburg-voronezh,Оренбург,Воронеж,39600,DIRECT_LOW,4
https://city2city.ru/lugansk-bryansk,Луганск,Брянск,29500,DIRECT_LOW,4
https://city2city.ru/volgograd-ufa,Волгоград,Уфа,37400,DIRECT_LOW,4
https://city2city.ru/svo-taxi-rossosh-bryansk,Россошь,Брянск,19000,DIRECT_LOW,4
https://city2city.ru/vladimir-ekaterinburg,Владимир,Екатеринбург,44000,DIRECT_LOW,4
https://city2city.ru/ryazan-ulyanovsk,Рязань,Ульяновск,23100,DIRECT_LOW,4
https://city2city.ru/stavropol-gelendzhik,Ставрополь,Геленджик,14000,DIRECT_LOW,4
https://city2city.ru/syktyvkar-kotlas,Сыктывкар,Котлас,11100,DIRECT_LOW,4
https://city2city.ru/perm-volgograd,Пермь,Волгоград,50000,DIRECT_LOW,4
https://city2city.ru/nizhnij-novgorod-bryansk,Нижний Новгород,Брянск,24900,DIRECT_LOW,4
https://city2city.ru/volgograd-perm,Волгоград,Пермь,49500,DIRECT_LOW,4
https://city2city.ru/petrozavodsk-pudozh,Петрозаводск,Пудож,10500,DIRECT_LOW,4
https://city2city.ru/murmansk-safonovo,Мурманск,Сафоново,63500,DIRECT_LOW,4
https://city2city.ru/nizhniy_novgorod-suzdal,Нижний Новгород,Суздаль,8000,IGNORE,4
https://city2city.ru/nizhnij-novgorod-tula,Нижний Новгород,Тула,18500,DIRECT_LOW,4
https://city2city.ru/moskva-xanty-mansijsk,Москва,Ханты-Мансийск,80000,DIRECT_LOW,4
https://city2city.ru/smolensk-tula,Смоленск,Тула,13500,DIRECT_LOW,4
https://city2city.ru/rostov-vladimir,Ростов-на-Дону,Владимир,37500,DIRECT_LOW,4
https://city2city.ru/xabarovsk-naxodka-2,Хабаровск,Находка,26000,DIRECT_LOW,4
https://city2city.ru/svo-taxi-bryansk-lugansk,Брянск,Луганск,30000,DIRECT_LOW,4
https://city2city.ru/petrozavodsk-belomorsk,Петрозаводск,Беломорск,11500,DIRECT_LOW,4
https://city2city.ru/ryazan-chexov,Рязань,Чехов,6500,IGNORE,4
https://city2city.ru/tver-kostroma,Тверь,Кострома,12400,DIRECT_LOW,4
https://city2city.ru/ivanovo-vyazniki,Иваново,Вязники,5000,IGNORE,4
https://city2city.ru/pskov-ryazan,Псков,Рязань,30200,DIRECT_LOW,4
https://city2city.ru/tula-smolensk,Тула,Смоленск,13500,DIRECT_LOW,4
https://city2city.ru/belgorod-oboyan,Белгород,Обоянь,2500,IGNORE,4
https://city2city.ru/sankt-peterburg-simferopol,Санкт-Петербург,Симферополь,75500,DIRECT_LOW,4
https://city2city.ru/ufa-volgograd,Уфа,Волгоград,37800,DIRECT_LOW,4
https://city2city.ru/ryazan-bronniczy,Рязань,Бронницы,4500,IGNORE,4
https://city2city.ru/xabarovsk-naxodka,Хабаровск,Находка,26000,DIRECT_LOW,4
https://city2city.ru/volgograd-kislovodsk,Волгоград,Кисловодск,19500,DIRECT_LOW,4
https://city2city.ru/kemerovo-gorno-altaysk,Кемерово,Горно-Алтайск,17100,DIRECT_LOW,4
https://city2city.ru/ryazan-volgograd,Рязань,Волгоград,24000,DIRECT_LOW,4
https://city2city.ru/kirov-izhevsk,Киров,Ижевск,12800,DIRECT_LOW,4
https://city2city.ru/kostroma-kazan,Кострома,Казань,21500,DIRECT_LOW,4
https://city2city.ru/saransk-sarov,Саранск,Саров,5500,IGNORE,4
https://city2city.ru/stavropol-voronezh,Ставрополь,Воронеж,27000,DIRECT_LOW,4
https://city2city.ru/ufa-voronezh,Уфа,Воронеж,40200,DIRECT_LOW,4
https://city2city.ru/rostov-temryuk,Ростов-на-Дону,Темрюк,12500,DIRECT_LOW,4
https://city2city.ru/tula-elecz,Тула,Елец,6500,IGNORE,4
https://city2city.ru/svo-taxi-starobelsk-lugansk,Старобельск,Луганск,3000,IGNORE,4
https://city2city.ru/cheboksary-izhevsk,Чебоксары,Ижевск,15500,DIRECT_LOW,4
https://city2city.ru/ryazan-pskov,Рязань,Псков,30000,DIRECT_LOW,4
https://city2city.ru/samara-tula,Самара,Тула,38000,DIRECT_LOW,4
https://city2city.ru/belgorod-obninsk,Белгород,Обнинск,17500,DIRECT_LOW,4
https://city2city.ru/moskva-sibaj,Москва,Сибай,53000,DIRECT_LOW,4
https://city2city.ru/lipeczk-nizhnij-novgorod,Липецк,Нижний Новгород,18300,DIRECT_LOW,4
https://city2city.ru/kaluga-zhukov,Калуга,Жуков,2500,IGNORE,4
https://city2city.ru/volgograd-ryazan,Волгоград,Рязань,24000,DIRECT_LOW,4
https://city2city.ru/belgorod-simferopol,Белгород,Симферополь,41500,DIRECT_LOW,4
https://city2city.ru/sankt-peterburg-kurgan,Санкт-Петербург,Курган,82000,DIRECT_LOW,4
https://city2city.ru/nizhnij-novgorod-sharya,Нижний Новгород,Шарья,9500,IGNORE,4
https://city2city.ru/kirov-tolyatti,Киров,Тольятти,22000,DIRECT_LOW,4
https://city2city.ru/pskov-pytalovo,Псков,Пыталово,3800,IGNORE,4
https://city2city.ru/rostov-majkop,Ростов-на-Дону,Майкоп,10000,DIRECT_LOW,4
https://city2city.ru/voronezh-zadonsk,Воронеж,Задонск,3000,IGNORE,4
https://city2city.ru/cheboksary-lyskovo,Чебоксары,Лысково,5000,IGNORE,4
https://city2city.ru/moskva-kotlas,Москва,Котлас,29500,DIRECT_LOW,4
https://city2city.ru/yaroslavl-murmansk,Ярославль,Мурманск,48000,DIRECT_LOW,4
https://city2city.ru/xanty-mansijsk-kogalym,Ханты-Мансийск,Когалым,14000,DIRECT_LOW,4
https://city2city.ru/kostroma-privolzhsk,Кострома,Приволжск,2000,IGNORE,4
https://city2city.ru/voronezh-orenburg,Воронеж,Оренбург,39600,DIRECT_LOW,4
https://city2city.ru/rostov-majkop-2,Ростов-на-Дону,Майкоп,10000,DIRECT_LOW,4
https://city2city.ru/chelyabinsk-sochi,Челябинск,Сочи,79600,DIRECT_LOW,4
https://city2city.ru/penza-joshkar-ola,Пенза,Йошкар-Ола,17000,DIRECT_LOW,4
https://city2city.ru/cheboksary-syzran,Чебоксары,Сызрань,11000,DIRECT_LOW,4
https://city2city.ru/ekaterinburg-chajkovskij,Екатеринбург,Чайковский,14000,DIRECT_LOW,4
https://city2city.ru/voronezh-ufa,Воронеж,Уфа,40000,DIRECT_LOW,4
https://city2city.ru/samara-belebej,Самара,Белебей,10800,DIRECT_LOW,4
https://city2city.ru/ekaterinburg-rostov-na-don,Екатеринбург,Ростов-на-Дону,66000,DIRECT_LOW,4
https://city2city.ru/vologda-pskov,Вологда,Псков,24000,DIRECT_LOW,4
https://city2city.ru/izhevsk-chernushka,Ижевск,Чернушка,9500,IGNORE,4
https://city2city.ru/petrozavodsk-vytegra,Петрозаводск,Вытегра,7000,IGNORE,4
https://city2city.ru/nizhnij-novgorod-lipeczk,Нижний Новгород,Липецк,18300,DIRECT_LOW,4
https://city2city.ru/ivanovo-anapa,Иваново,Анапа,53600,DIRECT_LOW,4
https://city2city.ru/perm-glazov,Пермь,Глазов,9500,IGNORE,4
https://city2city.ru/elista-anapa,Элиста,Анапа,20500,DIRECT_LOW,4
https://city2city.ru/kaluga-lipeczk,Калуга,Липецк,12000,DIRECT_LOW,4
https://city2city.ru/stavropol-novorossijsk,Ставрополь,Новороссийск,14100,DIRECT_LOW,4
https://city2city.ru/ekaterinburg-nyazepetrovsk,Екатеринбург,Нязепетровск,6500,IGNORE,4
https://city2city.ru/ufa-uxta,Уфа,Ухта,45500,DIRECT_LOW,4
https://city2city.ru/barnaul-cherepanovo-2,Барнаул,Черепаново,4000,IGNORE,4
https://city2city.ru/lugansk-izhevsk,Луганск,Ижевск,53700,DIRECT_LOW,4
https://city2city.ru/krasnodar-bryansk,Краснодар,Брянск,38800,DIRECT_LOW,4
https://city2city.ru/ulyanovsk-orsk,Ульяновск,Орск,29000,DIRECT_LOW,4
https://city2city.ru/tyumen-sochi,Тюмень,Сочи,91200,DIRECT_LOW,3
https://city2city.ru/stavropol-bryansk,Ставрополь,Брянск,40800,DIRECT_LOW,3
https://city2city.ru/lipeczk-gelendzhik,Липецк,Геленджик,34000,DIRECT_LOW,3
https://city2city.ru/belgorod-pskov,Белгород,Псков,34000,DIRECT_LOW,3
https://city2city.ru/bryansk-sochi,Брянск,Сочи,47500,DIRECT_LOW,3
https://city2city.ru/vladivostok-novosibirsk,Владивосток,Новосибирск,174000,DIRECT_LOW,3
https://city2city.ru/moskva-uralskij,Москва,Уральский,41500,DIRECT_LOW,3
https://city2city.ru/svo-taxi-rossosh-kursk,Россошь,Курск,10500,DIRECT_LOW,3
https://city2city.ru/rostov-pskov,Ростов-на-Дону,Псков,56500,DIRECT_LOW,3
https://city2city.ru/ufa-dimitrovgrad,Уфа,Димитровград,15000,DIRECT_LOW,3
https://city2city.ru/stavropol-selo-krasnogvardejskoe,Ставрополь,село Красногвардейское,3500,IGNORE,3
https://city2city.ru/blagoveshhensk-zavitinsk,Благовещенск,Завитинск,5600,IGNORE,3
https://city2city.ru/ryazan-kimovsk,Рязань,Кимовск,4000,IGNORE,3
https://city2city.ru/syktyvkar-samara,Сыктывкар,Самара,35000,DIRECT_LOW,3
https://city2city.ru/rostov-nevinnomyssk,Ростов-на-Дону,Невинномысск,11000,DIRECT_LOW,3
https://city2city.ru/rostov-saransk,Ростов-на-Дону,Саранск,32500,DIRECT_LOW,3
https://city2city.ru/moskva-belebej,Москва,Белебей,37000,DIRECT_LOW,3
https://city2city.ru/tambov-borisoglebsk,Тамбов,Борисоглебск,5000,IGNORE,3
https://city2city.ru/ufa-syzran,Уфа,Сызрань,17500,DIRECT_LOW,3
https://city2city.ru/oryol-dmitrovsk,Орёл,Дмитровск,3000,IGNORE,3
https://city2city.ru/elista-voronezh,Элиста,Воронеж,25000,DIRECT_LOW,3
https://city2city.ru/chelyabinsk-nizhnekamsk,Челябинск,Нижнекамск,22500,DIRECT_LOW,3
https://city2city.ru/kyzyl-shagonar,Кызыл,Шагонар,3500,IGNORE,3
https://city2city.ru/rostov-semikarakorsk,Ростов-на-Дону,Семикаракорск,3500,IGNORE,3
https://city2city.ru/irkutsk-ekaterinburg,Иркутск,Екатеринбург,102000,DIRECT_LOW,3
https://city2city.ru/tyumen-asbest,Тюмень,Асбест,8500,IGNORE,3
https://city2city.ru/kazan-sosnovka,Казань,Сосновка,5500,IGNORE,3
https://city2city.ru/ivanovo-furmanov,Иваново,город Фурманов,2000,IGNORE,3
https://city2city.ru/saratov-ivanteevka,Саратов,Ивантеевка,26500,DIRECT_LOW,3
https://city2city.ru/vladivostok-bikin,Владивосток,Бикин,16000,DIRECT_LOW,3
https://city2city.ru/penza-inza,Пенза,Инза,5100,IGNORE,3
https://city2city.ru/kemerovo-toguchin,Кемерово,Тогучин,6000,IGNORE,3
https://city2city.ru/ufa-penza,Уфа,Пенза,25000,DIRECT_LOW,3
https://city2city.ru/stavropol-ufa,Ставрополь,Уфа,54500,DIRECT_LOW,3
https://city2city.ru/krasnoyarsk-abaza,Красноярск,Абаза,17500,DIRECT_LOW,3
https://city2city.ru/stavropol-gorodovikovsk,Ставрополь,Городовиковск,4000,IGNORE,3
https://city2city.ru/saratov-izhevsk,Саратов,Ижевск,29500,DIRECT_LOW,3
https://city2city.ru/xabarovsk-novosibirsk,Хабаровск,Новосибирск,150500,DIRECT_LOW,3
https://city2city.ru/ufa-stavropol,Уфа,Ставрополь,54500,DIRECT_LOW,3
https://city2city.ru/tyumen-kamensk-uralskij,Тюмень,Каменск-Уральский,9000,IGNORE,3
https://city2city.ru/chelyabinsk-mirnyj,Челябинск,Мирный,144000,DIRECT_LOW,3
https://city2city.ru/nizhnij-novgorod-yurevecz,Нижний Новгород,Юрьевец,6000,IGNORE,3
https://city2city.ru/krasnodar-ulyanovsk,Краснодар,Ульяновск,45500,DIRECT_LOW,3
https://city2city.ru/ryazan-ekaterinburg,Рязань,Екатеринбург,48000,DIRECT_LOW,3
https://city2city.ru/perm-gremyachinsk,Пермь,Гремячинск,5000,IGNORE,3
https://city2city.ru/cheboksary-oktyabrskij-respublika-bashkortostan,Чебоксары,Октябрьский,17000,DIRECT_LOW,3
https://city2city.ru/sankt-peterburg-tyumen,Санкт-Петербург,Тюмень,80500,DIRECT_LOW,3
https://city2city.ru/krasnodar-kaluga,Краснодар,Калуга,38000,DIRECT_LOW,3
https://city2city.ru/izhevsk-yanaul,Ижевск,Янаул,5800,IGNORE,3
https://city2city.ru/bryansk-doneczk-rostovskaya-oblast,Брянск,Донецк,35100,DIRECT_LOW,3
https://city2city.ru/yaroslavl-oryol,Ярославль,Орёл,19000,DIRECT_LOW,3
https://city2city.ru/ufa-novorossijsk,Уфа,Новороссийск,65500,DIRECT_LOW,3
https://city2city.ru/velikiy-novgorod-kirishi,Великий Новгород,Кириши,4000,IGNORE,3
https://city2city.ru/svo-taxi-lugansk-rovenki,Луганск,Ровеньки,14500,DIRECT_LOW,3
https://city2city.ru/tyumen-belgorod,Тюмень,Белгород,73500,DIRECT_LOW,3
https://city2city.ru/kyzyl-minusinsk,Кызыл,Минусинск,11000,DIRECT_LOW,3
https://city2city.ru/saratov-solnechnyj,Саратов,посёлок Солнечный,5000,IGNORE,3
https://city2city.ru/penza-ufa,Пенза,Уфа,24800,DIRECT_LOW,3
https://city2city.ru/volgograd-sochi,Волгоград,Сочи,29500,DIRECT_LOW,3
https://city2city.ru/volgograd-lipeczk,Волгоград,Липецк,19500,DIRECT_LOW,3
https://city2city.ru/lugansk-stavropol,Луганск,Ставрополь,16000,DIRECT_LOW,3
https://city2city.ru/yaroslavl-tejkovo,Ярославль,Тейково,4000,IGNORE,3
https://city2city.ru/rostov-yaroslavl,Ростов-на-Дону,Ярославль,40000,DIRECT_LOW,3
https://city2city.ru/saransk-arzamas,Саранск,Арзамас,5500,IGNORE,3
https://city2city.ru/saransk-inza,Саранск,Инза,3500,IGNORE,3
https://city2city.ru/tomsk-prokopevsk,Томск,Прокопьевск,12000,DIRECT_LOW,3
https://city2city.ru/rostov-kaluga,Ростов-на-Дону,Калуга,30300,DIRECT_LOW,3
https://city2city.ru/orenburg-tyumen,Оренбург,Тюмень,34800,DIRECT_LOW,3
https://city2city.ru/tyumen-kogalym,Тюмень,Когалым,29000,DIRECT_LOW,3
https://city2city.ru/aeroport-pulkovo-ivangorod,аэропорт Пулково,Ивангород,5400,IGNORE,3
https://city2city.ru/yaroslavl-rostov-na-donu,Ярославль,Ростов-на-Дону,40500,DIRECT_LOW,3
https://city2city.ru/svo-taxi-kamenka-nizhniy-novgorod,село Каменка,Нижний Новгород,13500,DIRECT_LOW,3
https://city2city.ru/yaroslavl-kineshma,Ярославль,Кинешма,6000,IGNORE,3
https://city2city.ru/penza-kirsanov,Пенза,Кирсанов,6000,IGNORE,3
https://city2city.ru/oryol-obninsk,Орёл,Обнинск,9000,IGNORE,3
https://city2city.ru/oryol-nizhnij-novgorod,Орёл,Нижний Новгород,26500,DIRECT_LOW,3
https://city2city.ru/petrozavodsk-pitkyaranta,Петрозаводск,Питкяранта,6000,IGNORE,3
https://city2city.ru/rostov-ekaterinburg,Ростов-на-Дону,Екатеринбург,65700,DIRECT_LOW,3
https://city2city.ru/bryansk-stavropol,Брянск,Ставрополь,41000,DIRECT_LOW,3
https://city2city.ru/perm-cherdyn,Пермь,Чердынь,9500,IGNORE,3
https://city2city.ru/kemerovo-myski,Кемерово,Мыски,5000,IGNORE,3
https://city2city.ru/bryansk-lipeczk,Брянск,Липецк,13000,DIRECT_LOW,3
https://city2city.ru/lipeczk-kaluga,Липецк,Калуга,12000,DIRECT_LOW,3
https://city2city.ru/orenburg-chebarkul,Оренбург,Чебаркуль,20000,DIRECT_LOW,3
https://city2city.ru/moskva-nizhnevartovsk,Москва,Нижневартовск,90000,DIRECT_LOW,3
https://city2city.ru/lipeczk-volgograd,Липецк,Волгоград,19500,DIRECT_LOW,3
https://city2city.ru/kazan-agryz,Казань,Агрыз,10000,DIRECT_LOW,3
https://city2city.ru/chelyabinsk-mezhgore,Челябинск,Межгорье,11000,DIRECT_LOW,3
https://city2city.ru/ekaterinburg-berezniki,Екатеринбург,Березники,16500,DIRECT_LOW,3
https://city2city.ru/astraxan-belgorod,Астрахань,Белгород,38000,DIRECT_LOW,3
https://city2city.ru/volgograd-tolyatti,Волгоград,Тольятти,23500,DIRECT_LOW,3
https://city2city.ru/svo-taxi-rovenki-lugansk,рабочий посёлок Ровеньки,Луганск,14500,DIRECT_LOW,3
https://city2city.ru/orenburg-tula,Оренбург,Тула,50000,DIRECT_LOW,3
https://city2city.ru/kazan-chernushka,Казань,Чернушка,18500,DIRECT_LOW,3
https://city2city.ru/kurgan-sibaj,Курган,Сибай,19500,DIRECT_LOW,3
https://city2city.ru/tyumen-orenburg,Тюмень,Оренбург,34800,DIRECT_LOW,3
https://city2city.ru/voronezh-novomoskovsk,Воронеж,Новомосковск,10000,DIRECT_LOW,3
https://city2city.ru/krasnodar-kazan,Краснодар,Казань,51200,DIRECT_LOW,3
https://city2city.ru/volgograd-pyatigorsk,Волгоград,Пятигорск,19000,DIRECT_LOW,3
https://city2city.ru/tula-simferopol,Тула,Симферополь,48000,DIRECT_LOW,3
https://city2city.ru/ryazan-shatura,Рязань,Шатура,4500,IGNORE,3
https://city2city.ru/xanty-mansijsk-ufa,Ханты-Мансийск,Уфа,46500,DIRECT_LOW,3
https://city2city.ru/kurgan-magnitogorsk,Курган,Магнитогорск,17100,DIRECT_LOW,3
https://city2city.ru/arxangelsk-vologda,Архангельск,Вологда,23000,DIRECT_LOW,3
https://city2city.ru/krasnodar-staryj-oskol,Краснодар,Старый Оскол,27900,DIRECT_LOW,3
https://city2city.ru/kazan-barysh,Казань,Барыш,11000,DIRECT_LOW,3
https://city2city.ru/penza-ryazan,Пенза,Рязань,13500,DIRECT_LOW,3
https://city2city.ru/ufa-nefteyugansk,Уфа,Нефтеюганск,47000,DIRECT_LOW,3
https://city2city.ru/ufa-xanty-mansijsk,Уфа,Ханты-Мансийск,48000,DIRECT_LOW,3
https://city2city.ru/ryazan-ozyory,Рязань,Озёры,3000,IGNORE,3
https://city2city.ru/kyzyl-tomsk,Кызыл,Томск,35500,DIRECT_LOW,3
https://city2city.ru/tyumen-nadym,Тюмень,Надым,53100,DIRECT_LOW,3
https://city2city.ru/tula-sankt-peterburg,Тула,Санкт-Петербург,26700,DIRECT_LOW,3
https://city2city.ru/sochi-kazan,Сочи,Казань,59500,DIRECT_LOW,3
https://city2city.ru/barnaul-iskitim-2,Барнаул,Искитим,5500,IGNORE,3
https://city2city.ru/tyumen-sankt-peterburg,Тюмень,Санкт-Петербург,81200,DIRECT_LOW,3
https://city2city.ru/astraxan-zheleznovodsk,Астрахань,Железноводск,19000,DIRECT_LOW,3
https://city2city.ru/sankt-peterburg-izhevsk,Санкт-Петербург,Ижевск,56500,DIRECT_LOW,3
https://city2city.ru/svo-taxi-melitopol-energodar,Мелитополь,Энергодар,3500,IGNORE,3
https://city2city.ru/orenburg-kirov,Оренбург,Киров,31000,DIRECT_LOW,3
https://city2city.ru/ivanovo-naro-fominsk,Иваново,Наро-Фоминск,11500,DIRECT_LOW,3
https://city2city.ru/izhevsk-agidel,Ижевск,Агидель,5000,IGNORE,3
https://city2city.ru/syktyvkar-pechora,Сыктывкар,Печора,17500,DIRECT_LOW,3
https://city2city.ru/aeroport-gagarin-volsk,аэропорт Гагарин,Вольск,4400,IGNORE,3
https://city2city.ru/tambov-boguchar,Тамбов,Богучар,12500,DIRECT_LOW,3
https://city2city.ru/tyumen-petuxovo,Тюмень,Петухово,9900,IGNORE,3
https://city2city.ru/kirov-shaxunya,Киров,Шахунья,9500,IGNORE,3
https://city2city.ru/kurgan-makushino,Курган,Макушино,4000,IGNORE,3
https://city2city.ru/kursk-samara,Курск,Самара,35000,DIRECT_LOW,3
https://city2city.ru/penza-syzran,Пенза,Сызрань,7600,IGNORE,3
https://city2city.ru/ufa-nizhnevartovsk,Уфа,Нижневартовск,55200,DIRECT_LOW,3
https://city2city.ru/kaluga-zhizdra,Калуга,Жиздра,4500,IGNORE,3
https://city2city.ru/yaroslavl-kstovo,Ярославль,Кстово,11500,DIRECT_LOW,3
https://city2city.ru/kursk-sevsk,Курск,Севск,5500,IGNORE,3
https://city2city.ru/astraxan-temryuk,Астрахань,Темрюк,29000,DIRECT_LOW,3
https://city2city.ru/kurgan-selo-sadovoe,Курган,село Садовое,2000,IGNORE,3
https://city2city.ru/kostroma-manturovo,Кострома,Мантурово,8000,IGNORE,3
https://city2city.ru/tula-orenburg,Тула,Оренбург,50000,DIRECT_LOW,3
https://city2city.ru/svo-taxi-rostov-na-donu-stahanov,Ростов-на-Дону,Стаханов,7000,IGNORE,3
https://city2city.ru/yaroslavl-buj,Ярославль,Буй,5500,IGNORE,3
https://city2city.ru/orenburg-novyj-urengoj,Оренбург,Новый Уренгой,80000,DIRECT_LOW,3
https://city2city.ru/orenburg-bavly,Оренбург,Бавлы,11100,DIRECT_LOW,3
https://city2city.ru/tambov-oryol,Тамбов,Орёл,13000,DIRECT_LOW,3
https://city2city.ru/kursk-rossosh,Курск,Россошь,11000,DIRECT_LOW,3
https://city2city.ru/svo-taxi-boguchar-bryansk,Богучар,Брянск,21500,DIRECT_LOW,3
https://city2city.ru/kazan-novyj-urengoj,Казань,Новый Уренгой,82000,DIRECT_LOW,3
https://city2city.ru/kurgan-tobolsk,Курган,Тобольск,13000,DIRECT_LOW,3
https://city2city.ru/kostroma-saratov,Кострома,Саратов,29600,DIRECT_LOW,3
https://city2city.ru/xabarovsk-artyom,Хабаровск,Артём,22000,DIRECT_LOW,3
https://city2city.ru/sankt-peterburg-rybinsk,Санкт-Петербург,Рыбинск,22500,DIRECT_LOW,3
https://city2city.ru/ryazan-kirov,Рязань,Киров,30500,DIRECT_LOW,3
https://city2city.ru/vladimir-shuya,Владимир,Шуя,4000,IGNORE,3
https://city2city.ru/ryazan-penza,Рязань,Пенза,13500,DIRECT_LOW,3
https://city2city.ru/belgorod-sochi,Белгород,Сочи,37000,DIRECT_LOW,3
https://city2city.ru/xanty-mansijsk-ekaterinburg,Ханты-Мансийск,Екатеринбург,30300,DIRECT_LOW,3
https://city2city.ru/sankt-peterburg-tula,Санкт-Петербург,Тула,26700,DIRECT_LOW,3
https://city2city.ru/samara-kursk,Самара,Курск,34600,DIRECT_LOW,3
https://city2city.ru/kursk-volgograd,Курск,Волгоград,24200,DIRECT_LOW,3
https://city2city.ru/kemerovo-zelenogorsk,Кемерово,Зеленогорск,129000,DIRECT_LOW,3
https://city2city.ru/saratov-tula,Саратов,Тула,24000,DIRECT_LOW,3
https://city2city.ru/yaroslavl-kimry,Ярославль,Кимры,7500,IGNORE,3
https://city2city.ru/volgograd-kursk,Волгоград,Курск,24200,DIRECT_LOW,3
https://city2city.ru/volgograd-lgov,Волгоград,Льгов,26700,DIRECT_LOW,3
https://city2city.ru/bryansk-rostov-na-donu,Брянск,Ростов-на-Дону,30900,DIRECT_LOW,3
https://city2city.ru/oryol-tambov,Орёл,Тамбов,13000,DIRECT_LOW,3
https://city2city.ru/xabarovsk-novosibirsk-2,Хабаровск,Новосибирск,150500,DIRECT_LOW,3
https://city2city.ru/orenburg-surgut,Оренбург,Сургут,58200,DIRECT_LOW,3
https://city2city.ru/ufa-sarapul,Уфа,Сарапул,8400,IGNORE,3
https://city2city.ru/blagoveshhensk-ulan-ude,Благовещенск,Улан-Удэ,66000,DIRECT_LOW,2
https://city2city.ru/novosibirsk-kalachinsk,Новосибирск,Калачинск,17000,DIRECT_LOW,2
https://city2city.ru/tomsk-berdsk,Томск,Бердск,9000,IGNORE,2
https://city2city.ru/elista-gelendzhik,Элиста,Геленджик,20000,DIRECT_LOW,2
https://city2city.ru/nizhnij-novgorod-vologda,Нижний Новгород,Вологда,17000,DIRECT_LOW,2
https://city2city.ru/orenburg-neftekamsk,Оренбург,Нефтекамск,17500,DIRECT_LOW,2
https://city2city.ru/chelyabinsk-adler,Челябинск,Адлер,81500,DIRECT_LOW,2
https://city2city.ru/krasnodar-lermontovo,Аэропорт,село Лермонтово,4000,IGNORE,2
https://city2city.ru/pskov-sebezh,Псков,Себеж,5500,IGNORE,2
https://city2city.ru/petrozavodsk-kursk,Петрозаводск,Курск,45900,DIRECT_LOW,2
https://city2city.ru/xanty-mansijsk-tobolsk,Ханты-Мансийск,Тобольск,13000,DIRECT_LOW,2
https://city2city.ru/pskov-belgorod,Псков,Белгород,33800,DIRECT_LOW,2
https://city2city.ru/ryazan-efremov,Рязань,Ефремов,7500,IGNORE,2
https://city2city.ru/ufa-chajkovskij,Уфа,Чайковский,9300,IGNORE,2
https://city2city.ru/vladivostok-birobidzhan,Владивосток,Биробиджан,28500,DIRECT_LOW,2
https://city2city.ru/lipeczk-liski,Липецк,Лиски,7000,IGNORE,2
https://city2city.ru/rostov-vyoshenskaya,Ростов-на-Дону,станица Вешенская,11000,DIRECT_LOW,2
https://city2city.ru/cheboksary-rostov-na-donu,Чебоксары,Ростов-на-Дону,41700,DIRECT_LOW,2
https://city2city.ru/kazan-glazov,Казань,Глазов,17000,DIRECT_LOW,2
https://city2city.ru/voronezh-naro-fominsk,Воронеж,Наро-Фоминск,16500,DIRECT_LOW,2
https://city2city.ru/yaroslavl-poshexone,Ярославль,Пошехонье,4500,IGNORE,2
https://city2city.ru/saratov-frolovo,Саратов,Фролово,10000,DIRECT_LOW,2
https://city2city.ru/sankt-peterburg-laxdenpoxya,Санкт-Петербург,Лахденпохья,7000,IGNORE,2
https://city2city.ru/lipeczk-sankt-peterburg,Липецк,Санкт-Петербург,35500,DIRECT_LOW,2
https://city2city.ru/volgograd-narimanov,Волгоград,Нариманов,11500,DIRECT_LOW,2
https://city2city.ru/saratov-kamenka,Саратов,Каменка,8000,IGNORE,2
https://city2city.ru/perm-tambov,Пермь,Тамбов,45200,DIRECT_LOW,2
https://city2city.ru/rostov-adler,Ростов-на-Дону,Адлер,17000,DIRECT_LOW,2
https://city2city.ru/tambov-perm,Тамбов,Пермь,45200,DIRECT_LOW,2
https://city2city.ru/ufa-tver,Уфа,Тверь,45000,DIRECT_LOW,2
https://city2city.ru/tyumen-kamenka,Тюмень,Каменка,52000,DIRECT_LOW,2
https://city2city.ru/saratov-kotovo,Саратов,Котово,7000,IGNORE,2
https://city2city.ru/tomsk-irkutsk,Томск,Иркутск,49000,DIRECT_LOW,2
https://city2city.ru/ekaterinburg-nyagan,Екатеринбург,Нягань,26100,DIRECT_LOW,2
https://city2city.ru/volgograd-salsk,Волгоград,Сальск,12000,DIRECT_LOW,2
https://city2city.ru/krasnodar-budyonnovsk,Краснодар,Будённовск,15500,DIRECT_LOW,2
https://city2city.ru/pskov-tver,Псков,Тверь,17500,DIRECT_LOW,2
https://city2city.ru/ufa-berezniki,Уфа,Березники,20500,DIRECT_LOW,2
https://city2city.ru/smolensk-mozhajsk,Смоленск,Можайск,8500,IGNORE,2
https://city2city.ru/ivanovo-ufa,Иваново,Уфа,35100,DIRECT_LOW,2
https://city2city.ru/vologda-kazan,Вологда,Казань,32100,DIRECT_LOW,2
https://city2city.ru/bryansk-lokot,Брянск,посёлок Локоть,4300,IGNORE,2
https://city2city.ru/stavropol-samara,Ставрополь,Самара,40200,DIRECT_LOW,2
https://city2city.ru/volgograd-essentuki,Волгоград,Ессентуки,19000,DIRECT_LOW,2
https://city2city.ru/vladimir-lipeczk,Владимир,Липецк,15000,DIRECT_LOW,2
https://city2city.ru/tyumen-novyj-urengoj,Тюмень,Новый Уренгой,45900,DIRECT_LOW,2
https://city2city.ru/vologda-talitsa,Вологда,Талица,2000,IGNORE,2
https://city2city.ru/orenburg-selo-aleksandrovskoe,Оренбург,село Александровское,51900,DIRECT_LOW,2
https://city2city.ru/kirov-luza,Киров,Луза,13500,DIRECT_LOW,2
https://city2city.ru/kursk-manturovo,Курск,Мантурово,34500,DIRECT_LOW,2
https://city2city.ru/kursk-astraxan,Курск,Астрахань,37000,DIRECT_LOW,2
https://city2city.ru/irkutsk-blagoveshhensk,Иркутск,Благовещенск,79000,DIRECT_LOW,2
https://city2city.ru/rostov-bryansk,Ростов-на-Дону,Брянск,31000,DIRECT_LOW,2
https://city2city.ru/irkutsk-bolshoe-goloustnoe,Иркутск,посёлок Большое Голоустное,5000,IGNORE,2
https://city2city.ru/kurgan-ishim,Курган,Ишим,9500,IGNORE,2
https://city2city.ru/saransk-samara,Саранск,Самара,14400,DIRECT_LOW,2
https://city2city.ru/tyumen-salexard,Тюмень,Салехард,66000,DIRECT_LOW,2
https://city2city.ru/nizhnij-novgorod-tambov,Нижний Новгород,Тамбов,16000,DIRECT_LOW,2
https://city2city.ru/ufa-pyt-yax,Уфа,Пыть-Ях,47100,DIRECT_LOW,2
https://city2city.ru/samara-kumertau,Самара,Кумертау,16000,DIRECT_LOW,2
https://city2city.ru/elista-sankt-peterburg,Элиста,Санкт-Петербург,59200,DIRECT_LOW,2
https://city2city.ru/novosibirsk-bratsk,Новосибирск,Братск,49800,DIRECT_LOW,2
https://city2city.ru/ivanovo-samara,Иваново,Самара,27400,DIRECT_LOW,2
https://city2city.ru/ulyanovsk-naberezhnye-chelny,Ульяновск,Набережные Челны,12200,DIRECT_LOW,2
https://city2city.ru/orenburg-almetevsk,Оренбург,Альметьевск,14000,DIRECT_LOW,2
https://city2city.ru/svo-taxi-tula-lugansk,Тула,Луганск,26000,DIRECT_LOW,2
https://city2city.ru/rostov-cherkessk,Ростов-на-Дону,Черкесск,12500,DIRECT_LOW,2
https://city2city.ru/joshkar-ola-urzhum,Йошкар-Ола,Уржум,8000,IGNORE,2
https://city2city.ru/kursk-novyj-oskol,Курск,Новый Оскол,6000,IGNORE,2
https://city2city.ru/svo-taxi-kamenka-smolensk,село Каменка,Смоленск,32000,DIRECT_LOW,2
https://city2city.ru/tomsk-belovo,Томск,Белово,10000,DIRECT_LOW,2
https://city2city.ru/nizhnij-novgorod-volgograd,Нижний Новгород,Волгоград,29500,DIRECT_LOW,2
https://city2city.ru/stavropol-zelenokumsk,Ставрополь,Зеленокумск,7000,IGNORE,2
https://city2city.ru/volgograd-naberezhnye-chelny,Волгоград,Набережные Челны,35600,DIRECT_LOW,2
https://city2city.ru/mariupol-kursk,Мариуполь,Курск,29100,DIRECT_LOW,2
https://city2city.ru/penza-barysh,Пенза,Барыш,6500,IGNORE,2
https://city2city.ru/astraxan-pyatigorsk,Астрахань,Пятигорск,19200,DIRECT_LOW,2
https://city2city.ru/tomsk-gorno-altaysk,Томск,Горно-Алтайск,21000,DIRECT_LOW,2
https://city2city.ru/irkutsk-troiczk,Иркутск,Троицк,153000,DIRECT_LOW,2
https://city2city.ru/lipeczk-sochi,Липецк,Сочи,37500,DIRECT_LOW,2
https://city2city.ru/tula-ufa,Тула,Уфа,45000,DIRECT_LOW,2
https://city2city.ru/ufa-poxvistnevo,Уфа,Похвистнево,10000,DIRECT_LOW,2
https://city2city.ru/ekaterinburg-almetevsk,Екатеринбург,Альметьевск,24500,DIRECT_LOW,2
https://city2city.ru/moskva-sarapul,Москва,Сарапул,35700,DIRECT_LOW,2
https://city2city.ru/krasnodar-gukovo,Краснодар,Гуково,12000,DIRECT_LOW,2
https://city2city.ru/ekaterinburg-stavropol,Екатеринбург,Ставрополь,68500,DIRECT_LOW,2
https://city2city.ru/penza-sankt-peterburg,Пенза,Санкт-Петербург,40500,DIRECT_LOW,2
https://city2city.ru/pskov-nebel,Псков,Невель,186000,DIRECT_LOW,2
https://city2city.ru/mariupol-voronezh,Мариуполь,Воронеж,22200,DIRECT_LOW,2
https://city2city.ru/velikiy-novgorod-porhov,Великий Новгород,Порхов,5000,IGNORE,2
https://city2city.ru/astraxan-ejsk,Астрахань,Ейск,26800,DIRECT_LOW,2
https://city2city.ru/kazan-murom,Казань,Муром,15000,DIRECT_LOW,2
https://city2city.ru/rostov-kostroma,Ростов-на-Дону,Кострома,44000,DIRECT_LOW,2
https://city2city.ru/krasnodar-perm,Краснодар,Пермь,72000,DIRECT_LOW,2
https://city2city.ru/tyumen-kurtamysh,Тюмень,Куртамыш,9500,IGNORE,2
https://city2city.ru/lipeczk-ryazhsk,Липецк,Ряжск,4500,IGNORE,2
https://city2city.ru/chelyabinsk-kurtamysh,Челябинск,Куртамыш,7500,IGNORE,2
https://city2city.ru/krasnoyarsk-gorno-altajsk,Красноярск,Горно-Алтайск,33000,DIRECT_LOW,2
https://city2city.ru/kursk-kostroma,Курск,Кострома,26000,DIRECT_LOW,2
https://city2city.ru/sankt-peterburg-pitkyaranta,Санкт-Петербург,Питкяранта,10500,DIRECT_LOW,2
https://city2city.ru/belgorod-sevastopol,Белгород,Севастополь,44000,DIRECT_LOW,2
https://city2city.ru/ekaterinburg-solikamsk,Екатеринбург,Соликамск,15900,DIRECT_LOW,2
https://city2city.ru/rostov-cheboksary,Ростов-на-Дону,Чебоксары,41500,DIRECT_LOW,2
https://city2city.ru/moskva-tixoreczk,Москва,Тихорецк,37000,DIRECT_LOW,2
https://city2city.ru/rostov-gulkevichi,Ростов-на-Дону,Гулькевичи,7000,IGNORE,2
https://city2city.ru/kemerovo-yarovoe,Кемерово,Яровое,20000,DIRECT_LOW,2
https://city2city.ru/ufa-menzelinsk,Уфа,Мензелинск,7500,IGNORE,2
https://city2city.ru/voronezh-lebedyan,Воронеж,Лебедянь,5500,IGNORE,2
https://city2city.ru/pskov-pustoshka,Псков,Пустошка,5500,IGNORE,2
https://city2city.ru/syktyvkar-nizhniy_novhorod,Сыктывкар,Нижний Новгород,29000,DIRECT_LOW,2
https://city2city.ru/krasnodar-tver,Краснодар,Тверь,46000,DIRECT_LOW,2
https://city2city.ru/smolensk-belyj,Смоленск,Белый,4500,IGNORE,2
https://city2city.ru/orenburg-kurgan,Оренбург,Курган,30500,DIRECT_LOW,2
https://city2city.ru/syktyvkar-izhevsk,Сыктывкар,Ижевск,25000,DIRECT_LOW,2
https://city2city.ru/cheboksary-nizhnekamsk,Чебоксары,Нижнекамск,11000,DIRECT_LOW,2
https://city2city.ru/perm-sokol,Пермь,Сокол,39000,DIRECT_LOW,2
https://city2city.ru/tver-ryazan,Тверь,Рязань,11000,DIRECT_LOW,2
https://city2city.ru/krasnodar-dinskaya,Краснодар,станица Динская,2000,IGNORE,2
https://city2city.ru/perm-chyormoz,Пермь,Чёрмоз,5000,IGNORE,2
https://city2city.ru/krasnodar-blagoveshhensk,Краснодар,Благовещенск,252000,DIRECT_LOW,2
https://city2city.ru/tyumen-pyt-yax,Тюмень,Пыть-Ях,20700,DIRECT_LOW,2
https://city2city.ru/tambov-nizhnij-novgorod,Тамбов,Нижний Новгород,16000,DIRECT_LOW,2
https://city2city.ru/nizhnij-novgorod-valujki,Нижний Новгород,Валуйки,29500,DIRECT_LOW,2
https://city2city.ru/tula-rybnoe,Тула,Рыбное,5000,IGNORE,2
https://city2city.ru/voronezh-novyj-oskol,Воронеж,Новый Оскол,6500,IGNORE,2
https://city2city.ru/vologda-arhangelsk,Вологда,Архангельск,23000,DIRECT_LOW,2
https://city2city.ru/cheboksary-sergach,Чебоксары,Сергач,5000,IGNORE,2
https://city2city.ru/perm-yaroslavl,Пермь,Ярославль,35500,DIRECT_LOW,2
https://city2city.ru/nadvoicy-petrozavodsk,Надвоицы,Петрозаводск,8500,IGNORE,2
https://city2city.ru/stavropol-tixoreczk,Ставрополь,Тихорецк,6500,IGNORE,2
https://city2city.ru/tula-ekaterinburg,Тула,Екатеринбург,55000,DIRECT_LOW,2
https://city2city.ru/stavropol-kazan,Ставрополь,Казань,47500,DIRECT_LOW,2
https://city2city.ru/krasnodar-severskaya,Краснодар,станица Северская,2000,IGNORE,2
https://city2city.ru/irkutsk-vixorevka,Иркутск,Вихоревка,18000,DIRECT_LOW,2
https://city2city.ru/syktyvkar-ekaterinburg,Сыктывкар,Екатеринбург,33000,DIRECT_LOW,2
https://city2city.ru/chelyabinsk-bakal,Челябинск,Бакал,6000,IGNORE,2
https://city2city.ru/lipeczk-bryansk,Липецк,Брянск,13000,DIRECT_LOW,2
https://city2city.ru/krasnoyarsk-bijsk,Красноярск,Бийск,29500,DIRECT_LOW,2
https://city2city.ru/tambov-gryazi,Тамбов,Грязи,3500,IGNORE,2
https://city2city.ru/kyzyl-ak-dovurak,Кызыл,Ак-Довурак,9000,IGNORE,2
https://city2city.ru/rostov-zverevo,Ростов-на-Дону,Зверево,3500,IGNORE,2
https://city2city.ru/vologda-buy,Вологда,Буй,5500,IGNORE,2
https://city2city.ru/tver-krasnyj-xolm,Тверь,Красный Холм,5000,IGNORE,2
https://city2city.ru/astraxan-orenburg,Астрахань,Оренбург,48500,DIRECT_LOW,2
https://city2city.ru/kazan-birsk,Казань,Бирск,16500,DIRECT_LOW,2
https://city2city.ru/kemerovo-salair,Кемерово,Салаир,5000,IGNORE,2
https://city2city.ru/ekaterinburg-solnechnyj,Екатеринбург,посёлок Солнечный,52000,DIRECT_LOW,2
https://city2city.ru/ufa-zainsk,Уфа,Заинск,10000,DIRECT_LOW,2
https://city2city.ru/voronezh-yalta,Воронеж,Ялта,39500,DIRECT_LOW,2
https://city2city.ru/stavropol-krymsk,Ставрополь,Крымск,12500,DIRECT_LOW,2
https://city2city.ru/ekaterinburg-shumixa,Екатеринбург,Шумиха,5000,IGNORE,2
https://city2city.ru/penza-belinskij,Пенза,Белинский,4500,IGNORE,2
https://city2city.ru/stavropol-feodosiya,Ставрополь,Феодосия,19000,DIRECT_LOW,2
https://city2city.ru/ryazan-gryazi,Рязань,Грязи,8500,IGNORE,2
https://city2city.ru/orenburg-belgorod,Оренбург,Белгород,47500,DIRECT_LOW,2
https://city2city.ru/orenburg-astraxan,Оренбург,Астрахань,49000,DIRECT_LOW,2
https://city2city.ru/vologda-sosnovka,Вологда,Сосновка,26500,DIRECT_LOW,2
https://city2city.ru/samara-tambov,Самара,Тамбов,21500,DIRECT_LOW,2
https://city2city.ru/stavropol-volgodonsk,Ставрополь,Волгодонск,10500,DIRECT_LOW,2
https://city2city.ru/krasnoyarsk-surgut,Красноярск,Сургут,79000,DIRECT_LOW,2
https://city2city.ru/lipeczk-obninsk,Липецк,Обнинск,14500,DIRECT_LOW,2
https://city2city.ru/voronezh-sevastopol,Воронеж,Севастополь,40000,DIRECT_LOW,2
https://city2city.ru/ryazan-bryansk,Рязань,Брянск,16000,DIRECT_LOW,2
https://city2city.ru/ekaterinburg-bajmak,Екатеринбург,Баймак,19800,DIRECT_LOW,2
https://city2city.ru/nizhnij-novgorod-uren,Нижний Новгород,Урень,6000,IGNORE,2
https://city2city.ru/ufa-kusa,Уфа,Куса,8500,IGNORE,2
https://city2city.ru/orenburg-nizhnevartovsk,Оренбург,Нижневартовск,64000,DIRECT_LOW,2
https://city2city.ru/samara-zainsk,Самара,Заинск,10000,DIRECT_LOW,2
https://city2city.ru/kazan-agidel,Казань,Агидель,12500,DIRECT_LOW,2
https://city2city.ru/murmansk-revda,Мурманск,Ревда,5100,IGNORE,2
https://city2city.ru/rostov-krasnyj-sulin,Ростов-на-Дону,Красный Сулин,3500,IGNORE,2
https://city2city.ru/rostov-posyolok-orlovskij,Ростов-на-Дону,посёлок Орловский,8000,IGNORE,2
https://city2city.ru/tokmak-samara,Токмак,Самара,49000,DIRECT_LOW,2
https://city2city.ru/tyumen-urengoj,Тюмень,Новый Уренгой,46500,DIRECT_LOW,2
https://city2city.ru/rostov-rodionovo-nesvetajskaya,Ростов-на-Дону,слобода Родионово-Несветайская,3000,IGNORE,2
https://city2city.ru/ekaterinburg-emanzhelinsk,Екатеринбург,Еманжелинск,8000,IGNORE,2
https://city2city.ru/krasnoyarsk-chelyabinsk,Красноярск,Челябинск,70000,DIRECT_LOW,2
https://city2city.ru/ekaterinburg-gaj,Екатеринбург,Гай,25500,DIRECT_LOW,2
https://city2city.ru/kaluga-ruza,Калуга,Руза,5000,IGNORE,2
https://city2city.ru/orenburg-troiczk,Оренбург,Троицк,46000,DIRECT_LOW,2
https://city2city.ru/ulyanovsk-buguruslan,Ульяновск,Бугуруслан,11000,DIRECT_LOW,2
https://city2city.ru/lipeczk-livny,Липецк,Ливны,4500,IGNORE,2
https://city2city.ru/voronezh-mineralnye-vody,Воронеж,Минеральные Воды,31500,DIRECT_LOW,2
https://city2city.ru/aeroport-pulkovo-pskov,аэропорт Пулково,Псков,9000,IGNORE,2
https://city2city.ru/kostroma-suzdal,Кострома,Суздаль,5500,IGNORE,2
https://city2city.ru/kirov-mikun,Киров,Микунь,15500,DIRECT_LOW,2
https://city2city.ru/chelyabinsk-anapa,Челябинск,Анапа,76500,DIRECT_LOW,2
https://city2city.ru/penza-anapa,Пенза,Анапа,40000,DIRECT_LOW,2
https://city2city.ru/ekaterinburg-tula,Екатеринбург,Тула,55500,DIRECT_LOW,2
https://city2city.ru/elista-sochi,Элиста,Сочи,23200,DIRECT_LOW,2
https://city2city.ru/kazan-vologda,Казань,Вологда,31500,DIRECT_LOW,2
https://city2city.ru/kaluga-simferopol,Калуга,Симферополь,50500,DIRECT_LOW,2
https://city2city.ru/lugansk-ryazan,Луганск,Рязань,27600,DIRECT_LOW,2
https://city2city.ru/krasnoyarsk-vixorevka,Красноярск,Вихоревка,26000,DIRECT_LOW,2
https://city2city.ru/smolensk-nizhnij-novgorod,Смоленск,Нижний Новгород,25000,DIRECT_LOW,2
https://city2city.ru/ulyanovsk-bolgar,Ульяновск,Болгар,4500,IGNORE,2
https://city2city.ru/samara-stavropol,Самара,Ставрополь,41000,DIRECT_LOW,2
https://city2city.ru/blagoveshhensk-skovorodino,Благовещенск,Сковородино,19200,DIRECT_LOW,2
https://city2city.ru/orenburg-sochi,Оренбург,Сочи,65600,DIRECT_LOW,2
https://city2city.ru/orenburg-app-ilek,Оренбург,село Илек,4700,IGNORE,2
https://city2city.ru/lipeczk-selo-donskoe,Липецк,село Донское,3000,IGNORE,2
https://city2city.ru/ryazan-kulebaki,Рязань,Кулебаки,9300,IGNORE,2
https://city2city.ru/kemerovo-biysk,Кемерово,Бийск,14000,DIRECT_LOW,2
https://city2city.ru/samara-neftekamsk,Самара,Нефтекамск,16500,DIRECT_LOW,2
https://city2city.ru/kemerovo-iskitim,Кемерово,Искитим,9500,IGNORE,2
https://city2city.ru/saratov-sokol,Саратов,Сокол,38000,DIRECT_LOW,2
https://city2city.ru/yaroslavl-velsk,Ярославль,Вельск,13500,DIRECT_LOW,2
https://city2city.ru/saratov-tyumen,Саратов,Тюмень,50000,DIRECT_LOW,2
https://city2city.ru/voronezh-tuapse,Воронеж,Туапсе,29800,DIRECT_LOW,2
https://city2city.ru/nizhnij-novgorod-syktyvkar,Нижний Новгород,Сыктывкар,29000,DIRECT_LOW,2
https://city2city.ru/smolensk-arxangelsk,Смоленск,Архангельск,50100,DIRECT_LOW,2
https://city2city.ru/vladimir-krasnogorsk,Владимир,Красногорск,7000,IGNORE,2
https://city2city.ru/elista-zheleznovodsk,Элиста,Железноводск,10000,DIRECT_LOW,2
https://city2city.ru/joshkar-ola-naberezhnye-chelny,Йошкар-Ола,Набережные Челны,12000,DIRECT_LOW,2
https://city2city.ru/bryansk-desnogorsk,Брянск,Десногорск,5000,IGNORE,2
https://city2city.ru/kostroma-kursk,Кострома,Курск,26000,DIRECT_LOW,2
https://city2city.ru/krasnodar-georgievsk,Краснодар,Георгиевск,13000,DIRECT_LOW,2
https://city2city.ru/samara-nizhnevartovsk,Самара,Нижневартовск,68000,DIRECT_LOW,2
https://city2city.ru/saratov-kirov,Саратов,Киров,32000,DIRECT_LOW,2
https://city2city.ru/novosibirsk-topki,Новосибирск,Топки,7000,IGNORE,2
https://city2city.ru/ufa-usinsk,Уфа,Усинск,58000,DIRECT_LOW,2
https://city2city.ru/nizhnij-novgorod-plyos,Нижний Новгород,Плёс,9000,IGNORE,2
https://city2city.ru/volgograd-serafimovich,Волгоград,Серафимович,7500,IGNORE,2
https://city2city.ru/oryol-karachev,Орёл,Карачев,2500,IGNORE,2
https://city2city.ru/svo-taxi-krasnyy-luch-rostov-na-donu,Красный луч,Ростов-на-Дону,5000,IGNORE,2
https://city2city.ru/izhevsk-magnitogorsk,Ижевск,Магнитогорск,20000,DIRECT_LOW,2
https://city2city.ru/chelyabinsk-joshkar-ola,Челябинск,Йошкар-Ола,32600,DIRECT_LOW,2
https://city2city.ru/volgograd-nizhnekamsk,Волгоград,Нижнекамск,33900,DIRECT_LOW,2
https://city2city.ru/perm-nizhnekamsk,Пермь,Нижнекамск,14500,DIRECT_LOW,2
https://city2city.ru/oryol-dmitriev,Орёл,Дмитриев,4000,IGNORE,2
https://city2city.ru/vologda-valuyki,Вологда,Валуйки,36500,DIRECT_LOW,2
https://city2city.ru/tver-obninsk,Тверь,Обнинск,8500,IGNORE,2
https://city2city.ru/nizhnij-novgorod-kasimov,Нижний Новгород,Касимов,8000,IGNORE,2
https://city2city.ru/samara-lipeczk,Самара,Липецк,25800,DIRECT_LOW,2
https://city2city.ru/tyumen-narimanov,Тюмень,Нариманов,73500,DIRECT_LOW,2
https://city2city.ru/lipeczk-rostov-na-donu,Липецк,Ростов-на-Дону,21000,DIRECT_LOW,2
https://city2city.ru/tula-voskresensk,Тула,Воскресенск,5500,IGNORE,2
https://city2city.ru/samara-saransk,Самара,Саранск,14400,DIRECT_LOW,2
https://city2city.ru/cheboksary-bugulma,Чебоксары,Бугульма,14000,DIRECT_LOW,2
https://city2city.ru/ryazan-tver,Рязань,Тверь,11000,DIRECT_LOW,2
https://city2city.ru/blagoveshhensk-aldan,Благовещенск,Алдан,37200,DIRECT_LOW,2
https://city2city.ru/segezha-petrozavodsk,Сегежа,Петрозаводск,8000,IGNORE,2
https://city2city.ru/elista-posyolok-komsomolskij,Элиста,посёлок Комсомольский,6000,IGNORE,2
https://city2city.ru/lipeczk-samara,Липецк,Самара,22500,DIRECT_LOW,2
https://city2city.ru/ekaterinburg-cheboksary,Екатеринбург,Чебоксары,31500,DIRECT_LOW,2
https://city2city.ru/moskva-vorkuta,Москва,Воркута,74000,DIRECT_LOW,2
https://city2city.ru/kursk-petrozavodsk,Курск,Петрозаводск,45600,DIRECT_LOW,2
https://city2city.ru/saratov-shixany,Саратов,Шиханы,5000,IGNORE,2
https://city2city.ru/astraxan-voronezh,Астрахань,Воронеж,30000,DIRECT_LOW,1
https://city2city.ru/belgorod-serpuxov,Белгород,Серпухов,17200,DIRECT_LOW,1
https://city2city.ru/bryansk-murom,Брянск,Муром,21400,DIRECT_LOW,1
https://city2city.ru/perm-elabuga,Пермь,Елабуга,13800,DIRECT_LOW,1
https://city2city.ru/syktyvkar-koryazhma,Сыктывкар,Коряжма,10000,DIRECT_LOW,1
https://city2city.ru/samara-inza,Самара,Инза,11000,DIRECT_LOW,1
https://city2city.ru/ryazan-morshansk,Рязань,Моршанск,7400,IGNORE,1
https://city2city.ru/ekaterinburg-yuryuzan,Екатеринбург,Юрюзань,6000,IGNORE,1
https://city2city.ru/lugansk-saransk,Луганск,Саранск,30600,DIRECT_LOW,1
https://city2city.ru/saratov-michurinsk,Саратов,Мичуринск,15500,DIRECT_LOW,1
https://city2city.ru/orenburg-penza,Оренбург,Пенза,25000,DIRECT_LOW,1
https://city2city.ru/samara-meleuz,Самара,Мелеуз,17000,DIRECT_LOW,1
https://city2city.ru/pskov-smolensk,Псков,Смоленск,14000,DIRECT_LOW,1
https://city2city.ru/kostroma-shuya,Кострома,Шуя,4000,IGNORE,1
https://city2city.ru/xabarovsk-ulan-ude-2,Хабаровск,Улан-Удэ,83000,DIRECT_LOW,1
https://city2city.ru/krasnoyarsk-krasnokamensk,Красноярск,Краснокаменск,80500,DIRECT_LOW,1
https://city2city.ru/elista-volzhskij,Элиста,Волжский,9500,IGNORE,1
https://city2city.ru/penza-astraxan,Пенза,Астрахань,30500,DIRECT_LOW,1
https://city2city.ru/ivanovo-lipeczk,Иваново,Липецк,18300,DIRECT_LOW,1
https://city2city.ru/saratov-naberezhnye-chelny,Саратов,Набережные Челны,24500,DIRECT_LOW,1
https://city2city.ru/kirov-koryazhma,Киров,Коряжма,14500,DIRECT_LOW,1
https://city2city.ru/mariupol-kazan,Мариуполь,Казань,50500,DIRECT_LOW,1
https://city2city.ru/pskov-pulkovo,Псков,аэропорт Пулково,8500,IGNORE,1
https://city2city.ru/nizhnij-novgorod-cherepovecz,Нижний Новгород,Череповец,20700,DIRECT_LOW,1
https://city2city.ru/belgorod-petrozavodsk,Белгород,Петрозаводск,50000,DIRECT_LOW,1
https://city2city.ru/vladivostok-vrangel,Владивосток,Посёлок Врангель,6200,IGNORE,1
https://city2city.ru/rostov-budyonnovsk,Ростов-на-Дону,Будённовск,16000,DIRECT_LOW,1
https://city2city.ru/samara-rossosh,Самара,Россошь,30000,DIRECT_LOW,1
https://city2city.ru/ryazan-chuchkovo,Рязань,рабочий посёлок Чучково,5300,IGNORE,1
https://city2city.ru/svo-taxi-kostroma-lugansk,Кострома,Луганск,41500,DIRECT_LOW,1
https://city2city.ru/belgorod-adler,Белгород,Адлер,38000,DIRECT_LOW,1
https://city2city.ru/stavropol-sevastopol,Ставрополь,Севастополь,24500,DIRECT_LOW,1
https://city2city.ru/cheboksary-syktyvkar,Чебоксары,Сыктывкар,23600,DIRECT_LOW,1
https://city2city.ru/velikiy-novgorod-ermolino,Великий Новгород,Ермолино,2000,IGNORE,1
https://city2city.ru/saratov-tambov,Саратов,Тамбов,13500,DIRECT_LOW,1
https://city2city.ru/chelyabinsk-berezniki,Челябинск,Березники,22500,DIRECT_LOW,1
https://city2city.ru/stavropol-selo-donskoe,Ставрополь,село Донское,3000,IGNORE,1
https://city2city.ru/volgograd-oblivskaya,Волгоград,станица Обливская,5900,IGNORE,1
https://city2city.ru/chelyabinsk-nizhnyaya-tura,Челябинск,Нижняя Тура,13500,DIRECT_LOW,1
https://city2city.ru/ekaterinburg-dobryanka,Екатеринбург,Добрянка,13000,DIRECT_LOW,1
https://city2city.ru/chelyabinsk-nizhnij-tagil,Челябинск,Нижний Тагил,10500,DIRECT_LOW,1
https://city2city.ru/saransk-kirov,Саранск,Киров,21400,DIRECT_LOW,1
https://city2city.ru/xabarovsk-svobodnyj-2,Хабаровск,Свободный,23000,DIRECT_LOW,1
https://city2city.ru/penza-tula,Пенза,Тула,19000,DIRECT_LOW,1
https://city2city.ru/saratov-elista,Саратов,Элиста,20000,DIRECT_LOW,1
https://city2city.ru/ryazan-ximki,Рязань,Химки,7000,IGNORE,1
https://city2city.ru/ulyanovsk-bugulma,Ульяновск,Бугульма,13000,DIRECT_LOW,1
https://city2city.ru/tula-penza,Тула,Пенза,19800,DIRECT_LOW,1
https://city2city.ru/ulyanovsk-belgorod,Ульяновск,Белгород,34000,DIRECT_LOW,1
https://city2city.ru/tyumen-beryozovskij,Тюмень,Берёзовский,9800,IGNORE,1
https://city2city.ru/ryazan-staricza,Рязань,Старица,13500,DIRECT_LOW,1
https://city2city.ru/voronezh-saransk,Воронеж,Саранск,19000,DIRECT_LOW,1
https://city2city.ru/kursk-orenburg,Курск,Оренбург,46500,DIRECT_LOW,1
https://city2city.ru/bryansk-tver,Брянск,Тверь,15600,DIRECT_LOW,1
https://city2city.ru/stavropol-saratov,Ставрополь,Саратов,28000,DIRECT_LOW,1
https://city2city.ru/nizhnij-novgorod-kumertau,Нижний Новгород,Кумертау,33600,DIRECT_LOW,1
https://city2city.ru/kostroma-chuxloma,Кострома,Чухлома,5000,IGNORE,1
https://city2city.ru/xabarovsk-obluche-2,Хабаровск,Облучье,10800,DIRECT_LOW,1
https://city2city.ru/penza-sarov,Пенза,Саров,9000,IGNORE,1
https://city2city.ru/ekaterinburg-tobolsk,Екатеринбург,Тобольск,17600,DIRECT_LOW,1
https://city2city.ru/saratov-pyatigorsk,Саратов,Пятигорск,30000,DIRECT_LOW,1
https://city2city.ru/perm-aleksandrovsk,Пермь,Александровск,7000,IGNORE,1
https://city2city.ru/xabarovsk-skovorodino-2,Хабаровск,Сковородино,36500,DIRECT_LOW,1
https://city2city.ru/penza-morshansk,Пенза,Моршанск,8000,IGNORE,1
https://city2city.ru/oryol-rostov-na-donu,Орёл,Ростов-на-Дону,27000,DIRECT_LOW,1
https://city2city.ru/cheboksary-perm,Чебоксары,Пермь,22000,DIRECT_LOW,1
https://city2city.ru/pskov-slanci,Псков,Сланцы,5000,IGNORE,1
https://city2city.ru/kazan-sergach,Казань,Сергач,9000,IGNORE,1
https://city2city.ru/bryansk-novomoskovsk,Брянск,Новомосковск,10500,DIRECT_LOW,1
https://city2city.ru/vologda-belozersk,Вологда,Белозерск,6500,IGNORE,1
https://city2city.ru/smolensk-rylsk,Смоленск,Рыльск,13600,DIRECT_LOW,1
https://city2city.ru/saratov-buzuluk,Саратов,Бузулук,16800,DIRECT_LOW,1
https://city2city.ru/kurgan-yalutorovsk,Курган,Ялуторовск,5500,IGNORE,1
https://city2city.ru/krasnodar-selo-kochubeevskoe,Краснодар,село Кочубеевское,8500,IGNORE,1
https://city2city.ru/bryansk-star,Брянск,посёлок Старь,2000,IGNORE,1
https://city2city.ru/rostov-kanevskaya,Ростов-на-Дону,станица Каневская,5000,IGNORE,1
https://city2city.ru/voronezh-velikie-luki,Воронеж,Великие Луки,29400,DIRECT_LOW,1
https://city2city.ru/syktyvkar-cheboksary,Сыктывкар,Чебоксары,23600,DIRECT_LOW,1
https://city2city.ru/tyumen-bogdanovich,Тюмень,Богданович,7000,IGNORE,1
https://city2city.ru/stavropol-majkop,Ставрополь,Майкоп,6900,IGNORE,1
https://city2city.ru/samara-kuzneck,Самара,Кузнецк,10000,DIRECT_LOW,1
https://city2city.ru/moskva-zlatoust,Москва,Златоуст,48500,DIRECT_LOW,1
https://city2city.ru/rostov-smolensk,Ростов-на-Дону,Смоленск,38500,DIRECT_LOW,1
https://city2city.ru/tver-bryansk,Тверь,Брянск,15600,DIRECT_LOW,1
https://city2city.ru/tyumen-chebarkul,Тюмень,Чебаркуль,15500,DIRECT_LOW,1
https://city2city.ru/penza-rostov-na-donu,Пенза,Ростов-на-Дону,27900,DIRECT_LOW,1
https://city2city.ru/tula-anapa,Тула,Анапа,40000,DIRECT_LOW,1
https://city2city.ru/perm-magnitogorsk,Пермь,Магнитогорск,22000,DIRECT_LOW,1
https://city2city.ru/rostov-kamyshin,Ростов-на-Дону,Камышин,20000,DIRECT_LOW,1
https://city2city.ru/stavropol-otradnaya,Ставрополь,станица Отрадная,7000,IGNORE,1
https://city2city.ru/ivanovo-joshkar-ola,Иваново,Йошкар-Ола,16200,DIRECT_LOW,1
https://city2city.ru/novosibirsk-beryozovskiy,Новосибирск,Берёзовский,48500,DIRECT_LOW,1
https://city2city.ru/smolensk-rzhev,Смоленск,Ржев,9000,IGNORE,1
https://city2city.ru/tula-naro-fominsk,Тула,Наро-Фоминск,6000,IGNORE,1
https://city2city.ru/bryansk-adler,Брянск,Адлер,48000,DIRECT_LOW,1
https://city2city.ru/vladimir-vologda,Владимир,Вологда,13000,DIRECT_LOW,1
https://city2city.ru/izhevsk-joshkar-ola,Ижевск,Йошкар-Ола,15000,DIRECT_LOW,1
https://city2city.ru/yaroslavl-voronezh,Ярославль,Воронеж,23600,DIRECT_LOW,1
https://city2city.ru/penza-sevastopol,Пенза,Севастополь,51500,DIRECT_LOW,1
https://city2city.ru/melitopol-ufa,Мелитополь,Уфа,64000,DIRECT_LOW,1
https://city2city.ru/rostov-pervomajsk,Ростов-на-Дону,Первомайск,32500,DIRECT_LOW,1
https://city2city.ru/krasnodar-betta,Краснодар,хутор Бетта,5000,IGNORE,1
https://city2city.ru/ulyanovsk-aznakaevo,Ульяновск,Азнакаево,13500,DIRECT_LOW,1
https://city2city.ru/samara-glazov,Самара,Глазов,21800,DIRECT_LOW,1
https://city2city.ru/kostroma-kovrov,Кострома,Ковров,6000,IGNORE,1
https://city2city.ru/stavropol-korenovsk,Ставрополь,Кореновск,7500,IGNORE,1
https://city2city.ru/tambov-rtishhevo,Тамбов,Ртищево,8500,IGNORE,1
https://city2city.ru/tambov-valujki,Тамбов,Валуйки,13500,DIRECT_LOW,1
https://city2city.ru/krasnoyarsk-ilanskij,Красноярск,Иланский,7800,IGNORE,1
https://city2city.ru/kirov-vologda,Киров,Вологда,22500,DIRECT_LOW,1
https://city2city.ru/samara-leninogorsk,Самара,Лениногорск,8400,IGNORE,1
https://city2city.ru/krasnoyarsk-artyomovsk,Красноярск,Артёмовск,138000,DIRECT_LOW,1
https://city2city.ru/novosibirsk-osinniki,Новосибирск,Осинники,12000,DIRECT_LOW,1
https://city2city.ru/krasnodar-tolyatti,Краснодар,Тольятти,46000,DIRECT_LOW,1
https://city2city.ru/sankt-peterburg-valujki,Санкт-Петербург,Валуйки,44400,DIRECT_LOW,1
https://city2city.ru/ekaterinburg-oktyabrskij-6,Екатеринбург,посёлок Октябрьский,18500,DIRECT_LOW,1
https://city2city.ru/mariupol-stavropol,Мариуполь,Ставрополь,15500,DIRECT_LOW,1
https://city2city.ru/voronezh-arxangelsk,Воронеж,Архангельск,52000,DIRECT_LOW,1
https://city2city.ru/ryazan-rostov-na-donu,Рязань,Ростов-на-Дону,28500,DIRECT_LOW,1
https://city2city.ru/ivanovo-ermolino,Иваново,Ермолино,12500,DIRECT_LOW,1
https://city2city.ru/ufa-kogalym,Уфа,Когалым,54000,DIRECT_LOW,1
https://city2city.ru/vladimir-anapa,Владимир,Анапа,50000,DIRECT_LOW,1
https://city2city.ru/kazan-poxvistnevo,Казань,Похвистнево,11000,DIRECT_LOW,1
https://city2city.ru/tver-velikij-novgorod,Тверь,Великий Новгород,11000,DIRECT_LOW,1
https://city2city.ru/tula-boguchar,Тула,Богучар,17500,DIRECT_LOW,1
https://city2city.ru/astraxan-budyonnovsk,Астрахань,Будённовск,15000,DIRECT_LOW,1
https://city2city.ru/bryansk-zlynka,Брянск,Злынка,6500,IGNORE,1
https://city2city.ru/astraxan-ryazan,Астрахань,Рязань,36500,DIRECT_LOW,1
https://city2city.ru/svo-taxi-ekaterinburg-lugansk,Екатеринбург,Луганск,65000,DIRECT_LOW,1
https://city2city.ru/saratov-borisoglebsk,Саратов,Борисоглебск,9000,IGNORE,1
https://city2city.ru/lipeczk-boguchar,Липецк,Богучар,11000,DIRECT_LOW,1
https://city2city.ru/samara-sevastopol,Самара,Севастополь,62000,DIRECT_LOW,1
https://city2city.ru/saransk-orenburg,Саранск,Оренбург,26500,DIRECT_LOW,1
https://city2city.ru/kurgan-troiczk,Курган,Троицк,62500,DIRECT_LOW,1
https://city2city.ru/smolensk-rostov-na-donu,Смоленск,Ростов-на-Дону,40200,DIRECT_LOW,1
https://city2city.ru/rostov-mapp-uspenka,Ростов-на-Дону,село Успенка,3500,IGNORE,1
https://city2city.ru/saratov-serdobsk,Саратов,Сердобск,7000,IGNORE,1
https://city2city.ru/krasnoyarsk-shumixa,Красноярск,Шумиха,2000,IGNORE,1
https://city2city.ru/omsk-biysk,Омск,Бийск,29500,DIRECT_LOW,1
https://city2city.ru/melitopol-penza,Мелитополь,Пенза,39500,DIRECT_LOW,1
https://city2city.ru/ivanovo-gavrilov-yam,Иваново,Гаврилов-Ям,2500,IGNORE,1
https://city2city.ru/penza-millerovo,Пенза,Миллерово,21600,DIRECT_LOW,1
https://city2city.ru/ulyanovsk-balakovo,Ульяновск,Балаково,9000,IGNORE,1
https://city2city.ru/petrozavodsk-podporozhe,Петрозаводск,Подпорожье,7000,IGNORE,1
https://city2city.ru/orenburg-cheboksary,Оренбург,Чебоксары,26500,DIRECT_LOW,1
https://city2city.ru/ryazan-yasnogorsk,Рязань,Ясногорск,5500,IGNORE,1
https://city2city.ru/xabarovsk-chelyabinsk-2,Хабаровск,Челябинск,197000,DIRECT_LOW,1
https://city2city.ru/moskva-spassk-ryazanskij,Москва,Спасск-Рязанский,8000,IGNORE,1
https://city2city.ru/astraxan-yalta,Астрахань,Ялта,40400,DIRECT_LOW,1
https://city2city.ru/kursk-naro-fominsk,Курск,Наро-Фоминск,16500,DIRECT_LOW,1
https://city2city.ru/pskov-kingisep-2,Псков,Кингисепп,6500,IGNORE,1
https://city2city.ru/tyumen-voronezh,Тюмень,Воронеж,64000,DIRECT_LOW,1
https://city2city.ru/nizhniy_novgorod-alatyr,Нижний Новгород,Алатырь,8500,IGNORE,1
https://city2city.ru/ekaterinburg-sol-ileczk,Екатеринбург,Соль-Илецк,29500,DIRECT_LOW,1
https://city2city.ru/novosibirsk-sayanogorsk,Новосибирск,Саяногорск,32000,DIRECT_LOW,1
https://city2city.ru/vladivostok-komsomolsk-na-amure,Владивосток,Комсомольск-на-Амуре,34500,DIRECT_LOW,1
https://city2city.ru/barnaul-yurga,Барнаул,Юрга,12500,DIRECT_LOW,1
https://city2city.ru/vologda-vladimir,Вологда,Владимир,12500,DIRECT_LOW,1
https://city2city.ru/tomsk-topki,Томск,Топки,5500,IGNORE,1
https://city2city.ru/kurgan-chebarkul,Курган,Чебаркуль,11000,DIRECT_LOW,1
https://city2city.ru/saratov-sennoj,Саратов,поселок Сенной,3500,IGNORE,1
https://city2city.ru/ufa-tambov,Уфа,Тамбов,33500,DIRECT_LOW,1
https://city2city.ru/chelyabinsk-nizhnij-novgorod,Челябинск,Нижний Новгород,40500,DIRECT_LOW,1
https://city2city.ru/lugansk-kirov,Луганск,Киров,52000,DIRECT_LOW,1
https://city2city.ru/xabarovsk-arsenev,Хабаровск,Арсеньев,18600,DIRECT_LOW,1
https://city2city.ru/petrozavodsk-boksitogorsk,Петрозаводск,Бокситогорск,12500,DIRECT_LOW,1
https://city2city.ru/saratov-povorino,Саратов,Поворино,9000,IGNORE,1
https://city2city.ru/voronezh-semiluki,Воронеж,город Семилуки,3000,IGNORE,1
https://city2city.ru/astraxan-volgodonsk,Астрахань,Волгодонск,16500,DIRECT_LOW,1
https://city2city.ru/samara-xvalynsk,Самара,Хвалынск,9000,IGNORE,1
https://city2city.ru/chelyabinsk-novotroiczk,Челябинск,Новотроицк,19000,DIRECT_LOW,1
https://city2city.ru/izhevsk-sochi,Ижевск,Сочи,70000,DIRECT_LOW,1
https://city2city.ru/xabarovsk-svobodnyj,Хабаровск,Свободный,23000,DIRECT_LOW,1
https://city2city.ru/rostov-goryachij-klyuch,Ростов-на-Дону,Горячий Ключ,10000,DIRECT_LOW,1
https://city2city.ru/joshkar-ola-ufa,Йошкар-Ола,Уфа,20500,DIRECT_LOW,1
https://city2city.ru/tula-sochi,Тула,Сочи,43500,DIRECT_LOW,1
https://city2city.ru/ryazan-ramenskoe,Рязань,Раменское,5000,IGNORE,1
https://city2city.ru/voronezh-yaroslavl,Воронеж,Ярославль,23400,DIRECT_LOW,1
https://city2city.ru/joshkar-ola-saratov,Йошкар-Ола,Саратов,23000,DIRECT_LOW,1
https://city2city.ru/xabarovsk-neryungri,Хабаровск,Нерюнгри,46500,DIRECT_LOW,1
https://city2city.ru/svo-taxi-sochi-aeroport-donetsk,Сочи Аэропорт,Донецк,30000,DIRECT_LOW,1
https://city2city.ru/penza-orenburg,Пенза,Оренбург,24900,DIRECT_LOW,1
https://city2city.ru/saransk-tolyatti,Саранск,Тольятти,12500,DIRECT_LOW,1
https://city2city.ru/xabarovsk-tynda,Хабаровск,Тында,40000,DIRECT_LOW,1
https://city2city.ru/syktyvkar-veliky_ustug,Сыктывкар,Великий Устюг,12000,DIRECT_LOW,1
https://city2city.ru/volgograd-rossosh,Волгоград,Россошь,17000,DIRECT_LOW,1
https://city2city.ru/belgorod-stavropol,Белгород,Ставрополь,31500,DIRECT_LOW,1
https://city2city.ru/krasnoyarsk-sayanogorsk,Красноярск,Саяногорск,14700,DIRECT_LOW,1
https://city2city.ru/perm-sibaj,Пермь,Сибай,26000,DIRECT_LOW,1
https://city2city.ru/kirov-sarapul,Киров,Сарапул,14000,DIRECT_LOW,1
https://city2city.ru/kaluga-protvino,Калуга,Протвино,3000,IGNORE,1
https://city2city.ru/rostov-balakovo,Ростов-на-Дону,Балаково,30500,DIRECT_LOW,1
https://city2city.ru/kirov-mirnyj,Киров,Мирный,41000,DIRECT_LOW,1
https://city2city.ru/nizhnij-novgorod-makarev,Нижний Новгород,Макарьев,3000,IGNORE,1
https://city2city.ru/xabarovsk-aldan,Хабаровск,Алдан,216000,DIRECT_LOW,1
https://city2city.ru/svo-taxi-rostov-na-donu-novosibirsk,Ростов-на-Дону,Новосибирск,111000,DIRECT_LOW,1
https://city2city.ru/voronezh-stroitel,Воронеж,Строитель,7500,IGNORE,1
https://city2city.ru/voronezh-zherdevka,Воронеж,Жердевка,6000,IGNORE,1
https://city2city.ru/lipeczk-efremov,Липецк,Ефремов,4500,IGNORE,1
https://city2city.ru/rostov-kislovodsk,Ростов-на-Дону,Кисловодск,16000,DIRECT_LOW,1
https://city2city.ru/xabarovsk-aldan-2,Хабаровск,Алдан,216000,DIRECT_LOW,1
https://city2city.ru/kirov-belebej,Киров,Белебей,22000,DIRECT_LOW,1
https://city2city.ru/sankt-peterburg-kandalaksha,Санкт-Петербург,Кандалакша,33500,DIRECT_LOW,1
https://city2city.ru/ryazan-sergiev-posad,Рязань,Сергиев Посад,8500,IGNORE,1
https://city2city.ru/voronezh-rasskazovo,Воронеж,Рассказово,7500,IGNORE,1
https://city2city.ru/voronezh-zheleznogorsk,Воронеж,Железногорск,10000,DIRECT_LOW,1
https://city2city.ru/krasnoyarsk-zheleznogorsk-ilimskij,Красноярск,Железногорск-Илимский,135000,DIRECT_LOW,1
https://city2city.ru/kursk-anapa,Курск,Анапа,36500,DIRECT_LOW,1
https://city2city.ru/krasnodar-znamensk,Краснодар,Знаменск,25000,DIRECT_LOW,1
https://city2city.ru/krasnodar-saransk,Краснодар,Саранск,40500,DIRECT_LOW,1
https://city2city.ru/ulyanovsk-xvalynsk,Ульяновск,Хвалынск,7500,IGNORE,1
https://city2city.ru/vladivostok-ulan-ude,Владивосток,Улан-Удэ,106000,DIRECT_LOW,1
https://city2city.ru/petrozavodsk-shuya,Петрозаводск,Шуя,41500,DIRECT_LOW,1
https://city2city.ru/saratov-adler,Саратов,Адлер,43000,DIRECT_LOW,1
https://city2city.ru/samara-salavat,Самара,Салават,16000,DIRECT_LOW,1
https://city2city.ru/tomsk-kiselyovsk,Томск,Киселёвск,11500,DIRECT_LOW,1
https://city2city.ru/samara-gelendzhik,Самара,Геленджик,50500,DIRECT_LOW,1
https://city2city.ru/moskva-novoaleksandrovsk,Москва,Новоалександровск,40500,DIRECT_LOW,1
https://city2city.ru/saratov-orsk,Саратов,Орск,32500,DIRECT_LOW,1
https://city2city.ru/ekaterinburg-volgograd,Екатеринбург,Волгоград,52000,DIRECT_LOW,1
https://city2city.ru/krasnoyarsk-aeroport-emelyanovo-krasnoyarsk,Красноярск,аэропорт Красноярск имени Д.А. Хворостовского,3000,IGNORE,1
https://city2city.ru/moskva-svetlograd,Москва,Светлоград,44000,DIRECT_LOW,1
https://city2city.ru/kazan-simferopol,Казань,Симферополь,63500,DIRECT_LOW,1
https://city2city.ru/yaroslavl-murom,Ярославль,Муром,11000,DIRECT_LOW,1
https://city2city.ru/nizhnij-novgorod-chelyabinsk,Нижний Новгород,Челябинск,40500,DIRECT_LOW,1
https://city2city.ru/krasnodar-zelenokumsk,Краснодар,Зеленокумск,14500,DIRECT_LOW,1
https://city2city.ru/kostroma-tejkovo,Кострома,Тейково,4000,IGNORE,1
https://city2city.ru/rostov-ulyanovsk,Ростов-на-Дону,Ульяновск,39000,DIRECT_LOW,1
https://city2city.ru/kazan-zhigulyovsk,Казань,Жигулёвск,10000,DIRECT_LOW,1
https://city2city.ru/kemerovo-tashtagol,Кемерово,Таштагол,11000,DIRECT_LOW,1
https://city2city.ru/pskov-ivangorod,Псков,Ивангород,7000,IGNORE,1
https://city2city.ru/tambov-staryj-oskol,Тамбов,Старый Оскол,10500,DIRECT_LOW,1
https://city2city.ru/vologda-voronezh,Вологда,Воронеж,29500,DIRECT_LOW,1
https://city2city.ru/stavropol-temryuk,Ставрополь,Темрюк,13500,DIRECT_LOW,1
https://city2city.ru/orenburg-ilinka,Оренбург,село Ильинка,47000,DIRECT_LOW,1
https://city2city.ru/astraxan-penza,Астрахань,Пенза,30500,DIRECT_LOW,1
https://city2city.ru/kirov-saransk,Киров,Саранск,21400,DIRECT_LOW,1
https://city2city.ru/saratov-stavropol,Саратов,Ставрополь,28000,DIRECT_LOW,1
https://city2city.ru/samara-naro-fominsk,Самара,Наро-Фоминск,35000,DIRECT_LOW,1
https://city2city.ru/orenburg-balakovo,Оренбург,Балаково,19500,DIRECT_LOW,1
https://city2city.ru/smolensk-kazan,Смоленск,Казань,36000,DIRECT_LOW,1
https://city2city.ru/saratov-syzran,Саратов,Сызрань,9500,IGNORE,1
https://city2city.ru/krasnoyarsk-dudinka,Красноярск,Дудинка,58500,DIRECT_LOW,1
https://city2city.ru/rostov-essentuki,Ростов-на-Дону,Ессентуки,15500,DIRECT_LOW,1
https://city2city.ru/ufa-krasnoufimsk,Уфа,Красноуфимск,10800,DIRECT_LOW,1
https://city2city.ru/krasnodar-novotitarovskaya,Краснодар,станица Новотитаровская,2000,IGNORE,1
https://city2city.ru/ufa-nizhnij-tagil,Уфа,Нижний Тагил,19500,DIRECT_LOW,1
https://city2city.ru/lipeczk-ivanovo,Липецк,Иваново,18300,DIRECT_LOW,1
https://city2city.ru/rostov-stanicza-taczinskaya,Ростов-на-Дону,станица Тацинская,7200,IGNORE,1
https://city2city.ru/kaluga-kolomna,Калуга,Коломна,6500,IGNORE,1
https://city2city.ru/novosibirsk-sharypovo,Новосибирск,Шарыпово,17000,DIRECT_LOW,1
https://city2city.ru/tyumen-astraxan,Тюмень,Астрахань,74000,DIRECT_LOW,1
https://city2city.ru/stavropol-belgorod,Ставрополь,Белгород,31000,DIRECT_LOW,1
https://city2city.ru/kostroma-pereslavl-zalesskij,Кострома,Переславль-Залесский,6000,IGNORE,1
https://city2city.ru/kazan-chebarkul,Казань,Чебаркуль,26700,DIRECT_LOW,1
https://city2city.ru/perm-anapa,Пермь,Анапа,76500,DIRECT_LOW,1
https://city2city.ru/tyumen-ilinka,Тюмень,село Ильинка,28000,DIRECT_LOW,1
https://city2city.ru/tyumen-bryansk,Тюмень,Брянск,72000,DIRECT_LOW,1
https://city2city.ru/astraxan-lipeczk,Астрахань,Липецк,33500,DIRECT_LOW,1
https://city2city.ru/lipeczk-skopin,Липецк,Скопин,5000,IGNORE,1
https://city2city.ru/tomsk-sayanogorsk,Томск,Саяногорск,26000,DIRECT_LOW,1
https://city2city.ru/lipeczk-ekaterinburg,Липецк,Екатеринбург,53500,DIRECT_LOW,1
https://city2city.ru/rostov-ryazan,Ростов-на-Дону,Рязань,28500,DIRECT_LOW,1
https://city2city.ru/volgograd-kamensk-shaxtinskij,Волгоград,Каменск-Шахтинский,11000,DIRECT_LOW,1
https://city2city.ru/lipeczk-tver,Липецк,Тверь,19500,DIRECT_LOW,1
https://city2city.ru/xabarovsk-tynda-2,Хабаровск,Тында,40000,DIRECT_LOW,1
https://city2city.ru/irkutsk-xuzhir,Иркутск,посёлок Хужир,8800,IGNORE,1
https://city2city.ru/tyumen-langepas,Тюмень,Лангепас,27500,DIRECT_LOW,1
https://city2city.ru/belgorod-chelyabinsk,Белгород,Челябинск,60500,DIRECT_LOW,1
https://city2city.ru/moskva-zelenokumsk,Москва,Зеленокумск,48500,DIRECT_LOW,1
https://city2city.ru/kazan-sevastopol,Казань,Севастополь,66500,DIRECT_LOW,1
https://city2city.ru/krasnoyarsk-zima,Красноярск,Зима,24000,DIRECT_LOW,1
https://city2city.ru/rostov-murmansk,Ростов-на-Дону,Мурманск,93000,DIRECT_LOW,1
https://city2city.ru/volgograd-ekaterinburg,Волгоград,Екатеринбург,51000,DIRECT_LOW,1
https://city2city.ru/yaroslavl-kotlas,Ярославль,Котлас,21500,DIRECT_LOW,1
https://city2city.ru/ivanovo-navoloki,Иваново,Наволоки,3500,IGNORE,1
https://city2city.ru/perm-simferopol,Пермь,Симферополь,85000,DIRECT_LOW,1
https://city2city.ru/tambov-tolyatti,Тамбов,Тольятти,19000,DIRECT_LOW,1
https://city2city.ru/voronezh-zhirnovsk,Воронеж,Жирновск,14500,DIRECT_LOW,1
https://city2city.ru/ryazan-anapa,Рязань,Анапа,41400,DIRECT_LOW,1
https://city2city.ru/ryazan-kurovskoe,Рязань,Куровское,5000,IGNORE,1
https://city2city.ru/ekaterinburg-anapa,Екатеринбург,Анапа,77500,DIRECT_LOW,1
https://city2city.ru/astraxan-saratov,Астрахань,Саратов,24000,DIRECT_LOW,1
https://city2city.ru/stavropol-novokubansk,Ставрополь,Новокубанск,4500,IGNORE,1
https://city2city.ru/nizhnij-novgorod-simferopol,Нижний Новгород,Симферополь,59500,DIRECT_LOW,1
https://city2city.ru/saratov-astraxan,Саратов,Астрахань,24500,DIRECT_LOW,1
https://city2city.ru/smolensk-pskov,Смоленск,Псков,14000,DIRECT_LOW,1
https://city2city.ru/svo-taxi-rubezhnoe-lugansk,Рубежное,Луганск,3500,IGNORE,1
https://city2city.ru/pskov-app-burachki,Псков,Терехова,6000,IGNORE,1
https://city2city.ru/rostov-izhevsk,Ростов-на-Дону,Ижевск,54900,DIRECT_LOW,1
https://city2city.ru/rostov-tyumen,Ростов-на-Дону,Тюмень,75500,DIRECT_LOW,1
https://city2city.ru/tyumen-muravlenko,Тюмень,Муравленко,33500,DIRECT_LOW,1
https://city2city.ru/ufa-noyabrsk,Уфа,Ноябрьск,58000,DIRECT_LOW,1
https://city2city.ru/ulyanovsk-chistopol,Ульяновск,Чистополь,7500,IGNORE,1
https://city2city.ru/ekaterinburg-nizhnevartovsk,Екатеринбург,Нижневартовск,40000,DIRECT_LOW,1
https://city2city.ru/ufa-ivanovo,Уфа,Иваново,36200,DIRECT_LOW,1
https://city2city.ru/volgograd-belaya-kalitva,Волгоград,Белая Калитва,9600,IGNORE,1
https://city2city.ru/stavropol-selo-grachyovka,Ставрополь,село Грачёвка,46500,DIRECT_LOW,1
https://city2city.ru/krasnodar-blagodarnyj,Краснодар,Благодарный,13500,DIRECT_LOW,1
https://city2city.ru/joshkar-ola-ivanovo,Йошкар-Ола,Иваново,17100,DIRECT_LOW,1
https://city2city.ru/voronezh-gelendzhik,Воронеж,Геленджик,30500,DIRECT_LOW,1
https://city2city.ru/rostov-stanicza-kagalniczkaya,Ростов-на-Дону,станица Кагальницкая,3000,IGNORE,1
https://city2city.ru/moskva-glazov,Москва,Глазов,36500,DIRECT_LOW,1
https://city2city.ru/oryol-anapa,Орёл,Анапа,40000,DIRECT_LOW,1
https://city2city.ru/saratov-mixajlovka,Саратов,Михайловка,10500,DIRECT_LOW,1
https://city2city.ru/nizhnij-novgorod-adler,Нижний Новгород,Адлер,56000,DIRECT_LOW,1
https://city2city.ru/irkutsk-zheleznogorsk-ilimskij,Иркутск,Железногорск-Илимский,34000,DIRECT_LOW,1
https://city2city.ru/svo-taxi-kpp-uspenka-donetsk,село Авило-Успенка,Донецк,3000,IGNORE,1
https://city2city.ru/saratov-nizhnij-lomov,Саратов,Нижний Ломов,9500,IGNORE,1
https://city2city.ru/stavropol-adler,Ставрополь,Адлер,15500,DIRECT_LOW,1
https://city2city.ru/sankt-peterburg-orsk,Санкт-Петербург,Орск,74000,DIRECT_LOW,1
https://city2city.ru/krasnoyarsk-blagoveshhensk,Красноярск,Благовещенск,111000,DIRECT_LOW,1
https://city2city.ru/kursk-gelendzhik,Курск,Геленджик,37000,DIRECT_LOW,1
https://city2city.ru/lugansk-kostroma,Луганск,Кострома,41400,DIRECT_LOW,1
https://city2city.ru/xabarovsk-dalnerechensk,Хабаровск,Дальнереченск,10800,DIRECT_LOW,1
https://city2city.ru/rostov-magnitogorsk,Ростов-на-Дону,Магнитогорск,61000,DIRECT_LOW,1
https://city2city.ru/novosibirsk-tayga,Новосибирск,Тайга,10000,DIRECT_LOW,1
https://city2city.ru/smolensk-naro-fominsk,Смоленск,Наро-Фоминск,10500,DIRECT_LOW,1
https://city2city.ru/stavropol-belorechensk,Ставрополь,Белореченск,7500,IGNORE,1
https://city2city.ru/krasnodar-kamyshin,Краснодар,Камышин,28000,DIRECT_LOW,1
https://city2city.ru/volgograd-balashov,Волгоград,Балашов,22000,DIRECT_LOW,1
https://city2city.ru/rostov-murom,Ростов-на-Дону,Муром,34000,DIRECT_LOW,1
