slug;price_economy;price_comfort;distance_km;status
%d1%82%d0%b0%d0%ba%d1%81%d0%b8-%d1%80%d0%be%d1%81%d1%82%d0%be%d0%b2-%d0%b4%d0%b6%d1%83%d0%b1%d0%b3%d0%b0;;;;no_price
%d1%82%d0%b0%d0%ba%d1%81%d0%b8-%d1%80%d0%be%d1%81%d1%82%d0%be%d0%b2-%d0%ba%d0%b0%d0%b1%d0%b0%d1%80%d0%b4%d0%b8%d0%bd%d0%ba%d0%b0;;;;no_price
aeroport-balandino-chebarkul;;;;no_price
aeroport-balandino-kopejsk;;;;no_price
aeroport-balandino-mezhozyornyj;;;;no_price
aeroport-balandino-miass;;;;no_price
aeroport-gagarin-atkarsk;;;;no_price
aeroport-gagarin-gornyj;;;;no_price
aeroport-gagarin-kalininsk;;;;no_price
aeroport-gagarin-marks;;;;no_price
aeroport-gagarin-orenburg;;;;no_price
aeroport-gagarin-privolzhskij;;;;no_price
aeroport-gagarin-rtishhevo;;;;no_price
aeroport-gagarin-sennoj;;;;no_price
aeroport-gagarin-stepnoe;;;;no_price
aeroport-kolczovo-alapaevsk;;;;no_price
aeroport-kolczovo-aramil;;;;no_price
aeroport-kolczovo-asbest;;;;no_price
aeroport-kolczovo-beryozovskij;;;;no_price
aeroport-kolczovo-bogdanovich;;;;no_price
aeroport-kolczovo-degtyarsk;;;;no_price
aeroport-kolczovo-ekaterinburg;;;;no_price
aeroport-kolczovo-irbit;;;;no_price
aeroport-kolczovo-kopejsk;;;;no_price
aeroport-kolczovo-kushva;;;;no_price
aeroport-kolczovo-malysheva;;;;no_price
aeroport-kolczovo-nevyansk;;;;no_price
aeroport-kolczovo-novouralsk;;;;no_price
aeroport-kolczovo-oktyabrskoe;;;;no_price
aeroport-kolczovo-pyshma;;;;no_price
aeroport-kolczovo-reftinskij;;;;no_price
aeroport-kolczovo-revda;;;;no_price
aeroport-kolczovo-shadrinsk;;;;no_price
aeroport-kolczovo-snezhinsk;;;;no_price
aeroport-kolczovo-suxoj-log;;;;no_price
aeroport-kolczovo-sysert;;;;no_price
aeroport-kolczovo-tyumen;;;;no_price
aeroport-kolczovo-uralskij;;;;no_price
aeroport-kolczovo-verxnee-dubrovo;;;;no_price
aeroport-kolczovo-verxnyaya-pyshma;;;;no_price
aeroport-kolczovo-vishnevogorsk;;;;no_price
aeroport-kolczovo-yuzhnyj;;;;no_price
aeroport-kolczovo-zarechnyj;;;;no_price
aeroport-kolczovo-zlatoust;;;;no_price
aeroport-krasnodar-pashkovskij-majkop;;;;no_price
aeroport-krasnodar-pashkovskij-novorossijsk;;;;no_price
aeroport-kurumoch-almetevsk;;;;no_price
aeroport-kurumoch-chapaevsk;;;;no_price
aeroport-kurumoch-czentralnyj;;;;no_price
aeroport-kurumoch-dimitrovgrad;;;;no_price
aeroport-kurumoch-elabuga;;;;no_price
aeroport-kurumoch-kirov;;;;no_price
aeroport-kurumoch-komsomolskij;;;;no_price
aeroport-kurumoch-neftegorsk;;;;no_price
aeroport-kurumoch-nikolaevka;;;;no_price
aeroport-kurumoch-novokujbyshevsk;;;;no_price
aeroport-kurumoch-nurlat;;;;no_price
aeroport-kurumoch-otradnyj;;;;no_price
aeroport-kurumoch-poxvistnevo;;;;no_price
aeroport-kurumoch-pugachyov;;;;no_price
aeroport-kurumoch-roshhinskij;;;;no_price
aeroport-kurumoch-sorochinsk;;;;no_price
aeroport-kurumoch-suxodol;;;;no_price
aeroport-kurumoch-tolyatti;;;;no_price
aeroport-kurumoch-ufa;;;;no_price
aeroport-kurumoch-umyot;;;;no_price
aeroport-kurumoch-ust-kinelskij;;;;no_price
aeroport-kurumoch-zhigulyovsk;;;;no_price
aeroport-pashkovskij-abinsk;;;;no_price
aeroport-pashkovskij-blagodarnyj;;;;no_price
aeroport-pashkovskij-bryuxoveczkaya;;;;no_price
aeroport-pashkovskij-kanevskaya;;;;no_price
aeroport-pashkovskij-kerch;;;;no_price
aeroport-pashkovskij-kropotkin;;;;no_price
aeroport-pashkovskij-labinsk;;;;no_price
aeroport-pashkovskij-majkop;;;;no_price
aeroport-pashkovskij-mostovskoj;;;;no_price
aeroport-pashkovskij-novorossijsk;;;;no_price
aeroport-pashkovskij-severskaya;;;;no_price
aeroport-pashkovskij-ust-labinsk;;;;no_price
aeroport-platov-kamensk-shaxtinskij;;;;no_price
aeroport-platov-kamensk-shaxtinskij-2;;;;no_price
aeroport-pulkovo-borovichi;;;;no_price
aeroport-pulkovo-kamenka;;;;no_price
aeroport-pulkovo-kirishi;;;;no_price
aeroport-pulkovo-kirovsk;;;;no_price
aeroport-pulkovo-malaya-vishera;;;;no_price
aeroport-pulkovo-moskva;;;;no_price
aeroport-pulkovo-oktyabrskij;;;;no_price
aeroport-pulkovo-oktyabrskij-2;;;;no_price
aeroport-pulkovo-ostrov;;;;no_price
aeroport-pulkovo-pikalyovo;;;;no_price
aeroport-pulkovo-sosnovyj-bor;;;;no_price
aeroport-pulkovo-staraya-russa;;;;no_price
aeroport-roshhino-borovskij;;;;no_price
aeroport-roshhino-kargapole;;;;no_price
aeroport-roshhino-talicza;;;;no_price
aeroport-roshhino-tavda;;;;no_price
aeroport-roshhino-yalutorovsk;;;;no_price
aeroport-roshhino-zavodoukovsk;;;;no_price
aeroport-tolmachevo-novosibirsk-belovo;;;;no_price
aeroport-tolmachevo-novosibirsk-berdsk;;;;no_price
aeroport-tolmachevo-novosibirsk-ob;;;;no_price
aeroport-tolmachevo-novosibirsk-prokopevsk;;;;no_price
aeroport-tolmachevo-novosibirsk-rubtsovsk;;;;no_price
aeroport-tolmachevo-novosibirsk-yarovoe;;;;no_price
aeroport-tolmachevo-novosibirsk-yurga;;;;no_price
arxangelsk-adler;;;;no_price
arxangelsk-belgorod;;;;no_price
arxangelsk-beloreczk;;;;no_price
arxangelsk-belyj;;;;no_price
arxangelsk-bereznik;;;;no_price
arxangelsk-berezniki;;;;no_price
arxangelsk-bobrov;;;;no_price
arxangelsk-bor;;;;no_price
arxangelsk-cherepovecz;;;;no_price
arxangelsk-dinskaya;;;;no_price
arxangelsk-dolgoe;;;;no_price
arxangelsk-evpatoriya;;;;no_price
arxangelsk-gagarin;;;;no_price
arxangelsk-glazov;;;;no_price
arxangelsk-ivanovo;;;;no_price
arxangelsk-kargopol;;;;no_price
arxangelsk-kirov;;;;no_price
arxangelsk-komsomolskij;;;;no_price
arxangelsk-konosha;;;;no_price
arxangelsk-koryazhma;;;;no_price
arxangelsk-kotlas;;;;no_price
arxangelsk-kozelsk;;;;no_price
arxangelsk-kursk;;;;no_price
arxangelsk-leningradskaya;;;;no_price
arxangelsk-lesnoj;;;;no_price
arxangelsk-magnitogorsk;;;;no_price
arxangelsk-malinovskij;;;;no_price
arxangelsk-mezen;;;;no_price
arxangelsk-mirnyj;;;;no_price
arxangelsk-moskva;;;;no_price
arxangelsk-murmansk;;;;no_price
arxangelsk-neya;;;;no_price
arxangelsk-novodvinsk;;;;no_price
arxangelsk-nyandoma;;;;no_price
arxangelsk-oktyabrskij;;;;no_price
arxangelsk-oktyabrskoe;;;;no_price
arxangelsk-onega;;;;no_price
arxangelsk-orlov;;;;no_price
arxangelsk-oryol;;;;no_price
arxangelsk-ostrov;;;;no_price
arxangelsk-pervomajskij;;;;no_price
arxangelsk-petrovskij;;;;no_price
arxangelsk-pleseczk;;;;no_price
arxangelsk-polyarnyj;;;;no_price
arxangelsk-pronsk;;;;no_price
arxangelsk-rossosh;;;;no_price
arxangelsk-samara;;;;no_price
arxangelsk-sankt-peterburg;;;;no_price
arxangelsk-selczo;;;;no_price
arxangelsk-severnyj;;;;no_price
arxangelsk-severoonezhsk;;;;no_price
arxangelsk-shenkursk;;;;no_price
arxangelsk-sim;;;;no_price
arxangelsk-smolensk;;;;no_price
arxangelsk-sokol;;;;no_price
arxangelsk-sovetskij;;;;no_price
arxangelsk-sovetskoe;;;;no_price
arxangelsk-staryj-oskol;;;;no_price
arxangelsk-stavropol;;;;no_price
arxangelsk-surgut;;;;no_price
arxangelsk-suvorov;;;;no_price
arxangelsk-svobodnyj;;;;no_price
arxangelsk-syktyvkar;;;;no_price
arxangelsk-ufa;;;;no_price
arxangelsk-valujki;;;;no_price
arxangelsk-velikij-ustyug;;;;no_price
arxangelsk-velsk;;;;no_price
arxangelsk-vladimir;;;;no_price
arxangelsk-vorkuta;;;;no_price
arxangelsk-voronezh;;;;no_price
arxangelsk-voskresenskoe;;;;no_price
arxangelsk-yaroslavl;;;;no_price
arxangelsk-zelenodolsk;;;;no_price
arxangelsk-zheshart;;;;no_price
astraxan-afanasevo;;;;no_price
astraxan-aleksandrov;;;;no_price
astraxan-anapa;;;;no_price
astraxan-armavir;;;;no_price
astraxan-babaevo;;;;no_price
astraxan-belyj;;;;no_price
astraxan-bryansk;;;;no_price
astraxan-chertkovo;;;;no_price
astraxan-dimitrovgrad;;;;no_price
astraxan-divnomorskoe;;;;no_price
astraxan-dno;;;;no_price
astraxan-donskoj;;;;no_price
astraxan-dzerzhinskij;;;;no_price
astraxan-dzhankoj;;;;no_price
astraxan-essentuki;;;;no_price
astraxan-georgievsk;;;;no_price
astraxan-goryachij-klyuch;;;;no_price
astraxan-gryazi;;;;no_price
astraxan-joshkar-ola;;;;no_price
astraxan-kabardinka;;;;no_price
astraxan-kalach;;;;no_price
astraxan-kalach-na-donu;;;;no_price
astraxan-kirov;;;;no_price
astraxan-kirovskij;;;;no_price
astraxan-kolomna;;;;no_price
astraxan-kommunisticheskij;;;;no_price
astraxan-komsomolskij;;;;no_price
astraxan-krasnoarmejsk;;;;no_price
astraxan-krasnyj;;;;no_price
astraxan-kropotkin;;;;no_price
astraxan-krymsk;;;;no_price
astraxan-kursk;;;;no_price
astraxan-leningradskaya;;;;no_price
astraxan-leninskoe;;;;no_price
astraxan-liski;;;;no_price
astraxan-morshansk;;;;no_price
astraxan-murmansk;;;;no_price
astraxan-murom;;;;no_price
astraxan-nevinnomyssk;;;;no_price
astraxan-neya;;;;no_price
astraxan-nizhnij-baskunchak;;;;no_price
astraxan-novomoskovsk;;;;no_price
astraxan-ostrov;;;;no_price
astraxan-pallasovka;;;;no_price
astraxan-pavlovskaya;;;;no_price
astraxan-pavlovskij;;;;no_price
astraxan-pavlovskij-posad;;;;no_price
astraxan-perm;;;;no_price
astraxan-primorskij;;;;no_price
astraxan-privolzhskij;;;;no_price
astraxan-pushkino;;;;no_price
astraxan-rossosh;;;;no_price
astraxan-samara;;;;no_price
astraxan-sarai;;;;no_price
astraxan-serpuxov;;;;no_price
astraxan-severnyj;;;;no_price
astraxan-silikatnyj;;;;no_price
astraxan-simferopol;;;;no_price
astraxan-sovetskij;;;;no_price
astraxan-sovetskoe;;;;no_price
astraxan-svobodnyj;;;;no_price
astraxan-taman;;;;no_price
astraxan-tyumen;;;;no_price
astraxan-vodnyj;;;;no_price
astraxan-volodarsk;;;;no_price
astraxan-vysokij;;;;no_price
astraxan-xvalynsk;;;;no_price
astraxan-yaroslavl;;;;no_price
astraxan-zvyozdnyj;;;;no_price
barnaul-achinsk;;;;no_price
barnaul-asino;;;;no_price
barnaul-barabinsk;;;;no_price
barnaul-belovo;;;;no_price
barnaul-bratsk;;;;no_price
barnaul-gornyak-2;;;;no_price
barnaul-gurevsk;;;;no_price
barnaul-irkutsk;;;;no_price
barnaul-kamen-na-obi;;;;no_price
barnaul-karasuk;;;;no_price
barnaul-kemerovo;;;;no_price
barnaul-kiselyovsk;;;;no_price
barnaul-mezhdurechensk;;;;no_price
barnaul-novosibirsk;;;;no_price
barnaul-ob;;;;no_price
barnaul-zima-2;;;;no_price
belgorod-aleksandrov;;;;no_price
belgorod-alekseevka-2;;;;no_price
belgorod-anapa;;;;no_price
belgorod-armavir;;;;no_price
belgorod-arzamas;;;;no_price
belgorod-astraxan;;;;no_price
belgorod-balashixa;;;;no_price
belgorod-belaya-kalitva;;;;no_price
belgorod-belyj;;;;no_price
belgorod-beryozovo;;;;no_price
belgorod-bobrov;;;;no_price
belgorod-bogorodsk;;;;no_price
belgorod-borisovka;;;;no_price
belgorod-cheboksary;;;;no_price
belgorod-cherepovecz;;;;no_price
belgorod-dmitrievka;;;;no_price
belgorod-dmitrov;;;;no_price
belgorod-domodedovo;;;;no_price
belgorod-dzerzhinsk;;;;no_price
belgorod-dzhankoj;;;;no_price
belgorod-ejsk;;;;no_price
belgorod-elec;;;;no_price
belgorod-elista;;;;no_price
belgorod-elnya;;;;no_price
belgorod-gorodishhe;;;;no_price
belgorod-gorodishhe-2;;;;no_price
belgorod-gorodishhi;;;;no_price
belgorod-grajvoron;;;;no_price
belgorod-gryazi;;;;no_price
belgorod-ivanovo;;;;no_price
belgorod-joshkar-ola;;;;no_price
belgorod-kalach;;;;no_price
belgorod-kalininskaya;;;;no_price
belgorod-kaluga-2;;;;no_price
belgorod-kargopol;;;;no_price
belgorod-kashira;;;;no_price
belgorod-kasimov;;;;no_price
belgorod-kastornoe;;;;no_price
belgorod-kem;;;;no_price
belgorod-kineshma;;;;no_price
belgorod-kireevsk;;;;no_price
belgorod-kirov;;;;no_price
belgorod-kirov-2;;;;no_price
belgorod-komsomolskij;;;;no_price
belgorod-komsomolskij-2;;;;no_price
belgorod-korolyov;;;;no_price
belgorod-kostroma;;;;no_price
belgorod-kotlas;;;;no_price
belgorod-kovrov;;;;no_price
belgorod-krasnaya-polyana;;;;no_price
belgorod-krasnogvardejskoe;;;;no_price
belgorod-krasnoturinsk;;;;no_price
belgorod-krasnyj;;;;no_price
belgorod-kujbyshevo;;;;no_price
belgorod-leningradskaya;;;;no_price
belgorod-lgov;;;;no_price
belgorod-lgov-2;;;;no_price
belgorod-luza;;;;no_price
belgorod-medvenka;;;;no_price
belgorod-mineralnye-vody;;;;no_price
belgorod-mirnyj;;;;no_price
belgorod-mirnyj-2;;;;no_price
belgorod-mirnyj-3;;;;no_price
belgorod-morozovsk;;;;no_price
belgorod-murmansk;;;;no_price
belgorod-nevinnomyssk;;;;no_price
belgorod-neya;;;;no_price
belgorod-nizhnekamsk;;;;no_price
belgorod-nizhnevartovsk;;;;no_price
belgorod-novocheboksarsk;;;;no_price
belgorod-novorossijsk;;;;no_price
belgorod-oktyabrskij;;;;no_price
belgorod-oktyabrskij-2;;;;no_price
belgorod-oktyabrskij-3;;;;no_price
belgorod-oktyabrskij-4;;;;no_price
belgorod-oktyabrskij-5;;;;no_price
belgorod-oktyabrskij-6;;;;no_price
belgorod-oktyabrskij-7;;;;no_price
belgorod-oktyabrskoe;;;;no_price
belgorod-orenburg;;;;no_price
belgorod-orlov;;;;no_price
belgorod-ostrogozhsk;;;;no_price
belgorod-ostrov;;;;no_price
belgorod-ozinki;;;;no_price
belgorod-pavlovsk;;;;no_price
belgorod-perm;;;;no_price
belgorod-posyolok-orlovskij;;;;no_price
belgorod-privolzhsk;;;;no_price
belgorod-proletarskij;;;;no_price
belgorod-promyshlennyj;;;;no_price
belgorod-proxorovka;;;;no_price
belgorod-pugachyov;;;;no_price
belgorod-pyatigorsk;;;;no_price
belgorod-pyatniczkoe;;;;no_price
belgorod-rakitnoe;;;;no_price
belgorod-razumnoe;;;;no_price
belgorod-rostov-na-donu;;;;no_price
belgorod-rzhev;;;;no_price
belgorod-salavat;;;;no_price
belgorod-semikarakorsk;;;;no_price
belgorod-serafimovich;;;;no_price
belgorod-severnyj;;;;no_price
belgorod-sheksna;;;;no_price
belgorod-shhyokino;;;;no_price
belgorod-solnczevo;;;;no_price
belgorod-sosnovka;;;;no_price
belgorod-sosnovka-2;;;;no_price
belgorod-staryj_oskol;;;;no_price
belgorod-surovikino;;;;no_price
belgorod-suvorov;;;;no_price
belgorod-suzemka;;;;no_price
belgorod-svobodnyj;;;;no_price
belgorod-svobodnyj-2;;;;no_price
belgorod-sychyovka;;;;no_price
belgorod-syktyvkar;;;;no_price
belgorod-syzran;;;;no_price
belgorod-tambov-2;;;;no_price
belgorod-temryuk;;;;no_price
belgorod-tolyatti;;;;no_price
belgorod-tuapse;;;;no_price
belgorod-tyumen;;;;no_price
belgorod-ulyanovsk;;;;no_price
belgorod-varvarovka;;;;no_price
belgorod-velikie-luki;;;;no_price
belgorod-velsk;;;;no_price
belgorod-vichuga;;;;no_price
belgorod-volgograd-2;;;;no_price
belgorod-volovo;;;;no_price
belgorod-vyksa;;;;no_price
belgorod-vyselki;;;;no_price
belgorod-vyshnij-volochyok;;;;no_price
belgorod-vytegra;;;;no_price
belgorod-xomutovka;;;;no_price
belgorod-xoxlovo;;;;no_price
belgorod-yalta;;;;no_price
belgorod-yasnyj;;;;no_price
belgorod-yuzhnyj;;;;no_price
belgorod-zelenokumsk;;;;no_price
blagoveshhensk-aeroport-xabarovsk-novyj;;;;no_price
blagoveshhensk-barnaul;;;;no_price
blagoveshhensk-bodajbo;;;;no_price
blagoveshhensk-ekaterinburg;;;;no_price
blagoveshhensk-irkutsk;;;;no_price
blagoveshhensk-kirensk;;;;no_price
blagoveshhensk-krasnoyarsk;;;;no_price
blagoveshhensk-kyzyl;;;;no_price
blagoveshhensk-mishkino;;;;no_price
blagoveshhensk-mogocha;;;;no_price
blagoveshhensk-naxodka;;;;no_price
blagoveshhensk-nizhnevartovsk;;;;no_price
blagoveshhensk-norilsk;;;;no_price
blagoveshhensk-novokuzneczk;;;;no_price
blagoveshhensk-novosibirsk;;;;no_price
blagoveshhensk-novyj-urengoj;;;;no_price
blagoveshhensk-omsk;;;;no_price
blagoveshhensk-surgut;;;;no_price
blagoveshhensk-tyumen;;;;no_price
blagoveshhensk-urengoj;;;;no_price
blagoveshhensk-ust-ilimsk;;;;no_price
blagoveshhensk-yuzhno-saxalinsk;;;;no_price
blagoveshhensk-yuzhnyj;;;;no_price
bryansk-alatyr;;;;no_price
bryansk-aleksandrov;;;;no_price
bryansk-alushta;;;;no_price
bryansk-anapa;;;;no_price
bryansk-app-bugaevka;;;;no_price
bryansk-astraxan;;;;no_price
bryansk-balabanovo;;;;no_price
bryansk-balakovo;;;;no_price
bryansk-bazarnyj-karabulak;;;;no_price
bryansk-belye-berega;;;;no_price
bryansk-belyj;;;;no_price
bryansk-biryuch;;;;no_price
bryansk-boguchar;;;;no_price
bryansk-borovichi;;;;no_price
bryansk-chelyabinsk;;;;no_price
bryansk-chern;;;;no_price
bryansk-czentralnyj;;;;no_price
bryansk-dno;;;;no_price
bryansk-dzerzhinskij;;;;no_price
bryansk-elnya;;;;no_price
bryansk-feodosiya;;;;no_price
bryansk-fokino;;;;no_price
bryansk-frolovo;;;;no_price
bryansk-gorbatov;;;;no_price
bryansk-gornyj;;;;no_price
bryansk-goryachij-klyuch;;;;no_price
bryansk-gubkin;;;;no_price
bryansk-ivanovo;;;;no_price
bryansk-izhevsk;;;;no_price
bryansk-izobilnyj;;;;no_price
bryansk-kashin;;;;no_price
bryansk-kasimov;;;;no_price
bryansk-kazan;;;;no_price
bryansk-kirov;;;;no_price
bryansk-klin;;;;no_price
bryansk-klinczy;;;;no_price
bryansk-kolomna;;;;no_price
bryansk-komsomolskij;;;;no_price
bryansk-krasnogorsk;;;;no_price
bryansk-krasnyj;;;;no_price
bryansk-kujbyshevo;;;;no_price
bryansk-kurgan;;;;no_price
bryansk-labinsk;;;;no_price
bryansk-lgov;;;;no_price
bryansk-lyubim;;;;no_price
bryansk-malaya-vishera;;;;no_price
bryansk-marks;;;;no_price
bryansk-mglin;;;;no_price
bryansk-michurinsk;;;;no_price
bryansk-mirnyj;;;;no_price
bryansk-moskva;;;;no_price
bryansk-naberezhnye-chelny;;;;no_price
bryansk-neya;;;;no_price
bryansk-nizhnij-baskunchak;;;;no_price
bryansk-oktyabrskij;;;;no_price
bryansk-oktyabrskoe;;;;no_price
bryansk-ordzhonikidze;;;;no_price
bryansk-orenburg;;;;no_price
bryansk-orlov;;;;no_price
bryansk-otradnaya;;;;no_price
bryansk-otradnyj;;;;no_price
bryansk-penza;;;;no_price
bryansk-peresvet;;;;no_price
bryansk-pochinok;;;;no_price
bryansk-podolsk;;;;no_price
bryansk-posyolok-orlovskij;;;;no_price
bryansk-pyatigorsk;;;;no_price
bryansk-radicza-krylovka;;;;no_price
bryansk-roslavl;;;;no_price
bryansk-rovenki;;;;no_price
bryansk-rtishhevo;;;;no_price
bryansk-ryazan;;;;no_price
bryansk-rybinsk;;;;no_price
bryansk-rzhev;;;;no_price
bryansk-safonovo;;;;no_price
bryansk-samara;;;;no_price
bryansk-saratov;;;;no_price
bryansk-selczo;;;;no_price
bryansk-sevastopol;;;;no_price
bryansk-shablykino;;;;no_price
bryansk-sim;;;;no_price
bryansk-skopin;;;;no_price
bryansk-sovetsk;;;;no_price
bryansk-sovetskij;;;;no_price
bryansk-sovetskoe;;;;no_price
bryansk-spassk;;;;no_price
bryansk-suxinichi;;;;no_price
bryansk-syzran;;;;no_price
bryansk-tambov;;;;no_price
bryansk-tyumen;;;;no_price
bryansk-ufa;;;;no_price
bryansk-uren;;;;no_price
bryansk-ust-labinsk;;;;no_price
bryansk-velikij-novgorod;;;;no_price
bryansk-vichuga;;;;no_price
bryansk-vidnoe;;;;no_price
bryansk-volodarsk;;;;no_price
bryansk-vyazma;;;;no_price
bryansk-vyksa;;;;no_price
bryansk-vysokij;;;;no_price
bryansk-yaroslavl;;;;no_price
bryansk-yuzhnyj;;;;no_price
bryansk-zhizdra;;;;no_price
bryansk-zhukovka;;;;no_price
bryansk-zhukovskij;;;;no_price
cheboksary-abdulino;;;;no_price
cheboksary-afanasevo;;;;no_price
cheboksary-aleksandrov;;;;no_price
cheboksary-arzamas;;;;no_price
cheboksary-barysh;;;;no_price
cheboksary-bavly;;;;no_price
cheboksary-bor;;;;no_price
cheboksary-chebarkul;;;;no_price
cheboksary-chishmy;;;;no_price
cheboksary-chistopol;;;;no_price
cheboksary-czentralnyj;;;;no_price
cheboksary-dimitrovgrad;;;;no_price
cheboksary-dyurtyuli;;;;no_price
cheboksary-dzerzhinsk;;;;no_price
cheboksary-egorevsk;;;;no_price
cheboksary-ekaterinburg;;;;no_price
cheboksary-elabuga;;;;no_price
cheboksary-elista;;;;no_price
cheboksary-evpatoriya;;;;no_price
cheboksary-gryazi;;;;no_price
cheboksary-ilinogorsk;;;;no_price
cheboksary-joshkar-ola;;;;no_price
cheboksary-kashira;;;;no_price
cheboksary-kazan;;;;no_price
cheboksary-kirillov;;;;no_price
cheboksary-kolomna;;;;no_price
cheboksary-kolyshlej;;;;no_price
cheboksary-korolyov;;;;no_price
cheboksary-kostroma;;;;no_price
cheboksary-kovrov;;;;no_price
cheboksary-krasnogorsk;;;;no_price
cheboksary-krasnogorskij;;;;no_price
cheboksary-krasnyj;;;;no_price
cheboksary-kulebaki;;;;no_price
cheboksary-kumertau;;;;no_price
cheboksary-kursk;;;;no_price
cheboksary-kuzneczk;;;;no_price
cheboksary-lipeczk;;;;no_price
cheboksary-luxovka;;;;no_price
cheboksary-magnitnyj;;;;no_price
cheboksary-mariinskij-posad;;;;no_price
cheboksary-meleuz;;;;no_price
cheboksary-michurinsk;;;;no_price
cheboksary-mixajlov;;;;no_price
cheboksary-moskva;;;;no_price
cheboksary-mozhajsk;;;;no_price
cheboksary-mozhga;;;;no_price
cheboksary-nikolaevka;;;;no_price
cheboksary-nizhnie-vyazovye;;;;no_price
cheboksary-oktyabrskij;;;;no_price
cheboksary-oktyabrskoe;;;;no_price
cheboksary-orenburg;;;;no_price
cheboksary-orsk;;;;no_price
cheboksary-pavlovo;;;;no_price
cheboksary-pavlovskaya;;;;no_price
cheboksary-pavlovskij;;;;no_price
cheboksary-pavlovskij-posad;;;;no_price
cheboksary-ruzaevka;;;;no_price
cheboksary-salavat;;;;no_price
cheboksary-samara;;;;no_price
cheboksary-sankt-peterburg;;;;no_price
cheboksary-saransk;;;;no_price
cheboksary-saratov;;;;no_price
cheboksary-severnyj;;;;no_price
cheboksary-shhyolkovo;;;;no_price
cheboksary-sochi;;;;no_price
cheboksary-solnechnyj;;;;no_price
cheboksary-sorochinsk;;;;no_price
cheboksary-sosnovyj-bor;;;;no_price
cheboksary-sovetskij;;;;no_price
cheboksary-sovetskoe;;;;no_price
cheboksary-stroitel;;;;no_price
cheboksary-tambov;;;;no_price
cheboksary-tixoreczk;;;;no_price
cheboksary-tolyatti;;;;no_price
cheboksary-tujmazy;;;;no_price
cheboksary-tyumen;;;;no_price
cheboksary-ufa;;;;no_price
cheboksary-velikij-novgorod;;;;no_price
cheboksary-vladimir;;;;no_price
cheboksary-volgodonsk;;;;no_price
cheboksary-volgograd;;;;no_price
cheboksary-volzhskij;;;;no_price
cheboksary-vorsma;;;;no_price
cheboksary-vostochnyj;;;;no_price
cheboksary-vyatskie-polyany;;;;no_price
cheboksary-vyksa;;;;no_price
cheboksary-vysokij;;;;no_price
cheboksary-yuzhnyj;;;;no_price
chelyabinsk-alapaevsk;;;;no_price
chelyabinsk-aleksandrov;;;;no_price
chelyabinsk-apatity;;;;no_price
chelyabinsk-arsenevo;;;;no_price
chelyabinsk-asha;;;;no_price
chelyabinsk-ashe;;;;no_price
chelyabinsk-aznakaevo;;;;no_price
chelyabinsk-belgorod;;;;no_price
chelyabinsk-belousovo;;;;no_price
chelyabinsk-belyj;;;;no_price
chelyabinsk-bor;;;;no_price
chelyabinsk-borisovka;;;;no_price
chelyabinsk-borovoj;;;;no_price
chelyabinsk-bryansk;;;;no_price
chelyabinsk-buzuluk;;;;no_price
chelyabinsk-chajkovskij;;;;no_price
chelyabinsk-cherepovecz;;;;no_price
chelyabinsk-chishmy;;;;no_price
chelyabinsk-czentralnyj;;;;no_price
chelyabinsk-desnogorsk;;;;no_price
chelyabinsk-dmitriev;;;;no_price
chelyabinsk-dno;;;;no_price
chelyabinsk-dolgoe;;;;no_price
chelyabinsk-donskoj;;;;no_price
chelyabinsk-dzerzhinskij;;;;no_price
chelyabinsk-elabuga;;;;no_price
chelyabinsk-gagarin;;;;no_price
chelyabinsk-gelendzhik;;;;no_price
chelyabinsk-gornyj;;;;no_price
chelyabinsk-ishimbaj;;;;no_price
chelyabinsk-ivanovo;;;;no_price
chelyabinsk-kalininskaya;;;;no_price
chelyabinsk-kamensk-uralskij;;;;no_price
chelyabinsk-kamyshlov;;;;no_price
chelyabinsk-kartaly;;;;no_price
chelyabinsk-kasli;;;;no_price
chelyabinsk-katav-ivanovsk;;;;no_price
chelyabinsk-kirillov;;;;no_price
chelyabinsk-kirov;;;;no_price
chelyabinsk-kirovgrad;;;;no_price
chelyabinsk-kirovskij;;;;no_price
chelyabinsk-kislovodsk;;;;no_price
chelyabinsk-klin;;;;no_price
chelyabinsk-kolyshlej;;;;no_price
chelyabinsk-kommunisticheskij;;;;no_price
chelyabinsk-komsomolskij;;;;no_price
chelyabinsk-kostroma;;;;no_price
chelyabinsk-krasnoturinsk;;;;no_price
chelyabinsk-krasnouralsk;;;;no_price
chelyabinsk-krasnyj;;;;no_price
chelyabinsk-kujbyshevo;;;;no_price
chelyabinsk-kurchatov;;;;no_price
chelyabinsk-labinsk;;;;no_price
chelyabinsk-leninsk;;;;no_price
chelyabinsk-leninskoe;;;;no_price
chelyabinsk-lesnoj;;;;no_price
chelyabinsk-lgov;;;;no_price
chelyabinsk-lokomotivnyj;;;;no_price
chelyabinsk-magnitka;;;;no_price
chelyabinsk-magnitnyj;;;;no_price
chelyabinsk-malinovskij;;;;no_price
chelyabinsk-malysheva;;;;no_price
chelyabinsk-mezhevoj;;;;no_price
chelyabinsk-minyar;;;;no_price
chelyabinsk-mishkino;;;;no_price
chelyabinsk-mixajlov;;;;no_price
chelyabinsk-mixajlovka;;;;no_price
chelyabinsk-mytishhi;;;;no_price
chelyabinsk-naberezhnye-chelny;;;;no_price
chelyabinsk-nevyansk;;;;no_price
chelyabinsk-neya;;;;no_price
chelyabinsk-nikolaevka;;;;no_price
chelyabinsk-novorossijsk;;;;no_price
chelyabinsk-oktyabrskij;;;;no_price
chelyabinsk-ostrov;;;;no_price
chelyabinsk-pavlovskaya;;;;no_price
chelyabinsk-pavlovskij;;;;no_price
chelyabinsk-perevoz;;;;no_price
chelyabinsk-perm;;;;no_price
chelyabinsk-pervouralsk;;;;no_price
chelyabinsk-petrozavodsk;;;;no_price
chelyabinsk-plast;;;;no_price
chelyabinsk-polyarnyj;;;;no_price
chelyabinsk-pyshma;;;;no_price
chelyabinsk-rezh;;;;no_price
chelyabinsk-roshhinskij;;;;no_price
chelyabinsk-rossosh;;;;no_price
chelyabinsk-rybnoe;;;;no_price
chelyabinsk-salavat;;;;no_price
chelyabinsk-samara;;;;no_price
chelyabinsk-saratov;;;;no_price
chelyabinsk-segezha;;;;no_price
chelyabinsk-sevastopol;;;;no_price
chelyabinsk-severnyj;;;;no_price
chelyabinsk-shumixa;;;;no_price
chelyabinsk-sim;;;;no_price
chelyabinsk-snezhinsk;;;;no_price
chelyabinsk-solikamsk;;;;no_price
chelyabinsk-solnechnyj;;;;no_price
chelyabinsk-sosnovskoe;;;;no_price
chelyabinsk-sovetskij;;;;no_price
chelyabinsk-sovetskoe;;;;no_price
chelyabinsk-sterlitamak;;;;no_price
chelyabinsk-stroitel;;;;no_price
chelyabinsk-suksun;;;;no_price
chelyabinsk-svobodnyj;;;;no_price
chelyabinsk-syzran;;;;no_price
chelyabinsk-tambov;;;;no_price
chelyabinsk-tobolsk;;;;no_price
chelyabinsk-troiczk;;;;no_price
chelyabinsk-tryoxgornyj;;;;no_price
chelyabinsk-tujmazy;;;;no_price
chelyabinsk-tula;;;;no_price
chelyabinsk-uralskij;;;;no_price
chelyabinsk-uspenskoe;;;;no_price
chelyabinsk-ust-katav;;;;no_price
chelyabinsk-verxnij-tagil;;;;no_price
chelyabinsk-verxnij-ufalej;;;;no_price
chelyabinsk-verxnyaya-pyshma;;;;no_price
chelyabinsk-vladimir;;;;no_price
chelyabinsk-volgograd;;;;no_price
chelyabinsk-votkinsk;;;;no_price
chelyabinsk-voznesene;;;;no_price
chelyabinsk-vysokij;;;;no_price
chelyabinsk-ximki;;;;no_price
chelyabinsk-yugorsk;;;;no_price
chelyabinsk-yuryuzan;;;;no_price
chelyabinsk-yuzhnyj;;;;no_price
chelyabinsk-zelenokumsk;;;;no_price
chelyabinsk-zhukov;;;;no_price
donetsk-arhangelsk;;;;no_price
donetsk-astrahan;;;;no_price
donetsk-belgorod;;;;no_price
donetsk-bryansk;;;;no_price
donetsk-cheboksary;;;;no_price
donetsk-kaluga;;;;no_price
donetsk-kostroma;;;;no_price
donetsk-kurgan;;;;no_price
donetsk-kursk;;;;no_price
donetsk-nizhniy-novgorod;;;;no_price
donetsk-oryol;;;;no_price
donetsk-penza;;;;no_price
donetsk-rostov-na-don;;;;no_price
donetsk-ryazan;;;;no_price
donetsk-samara;;;;no_price
donetsk-simferopol;;;;no_price
donetsk-smolensk;;;;no_price
donetsk-tula;;;;no_price
donetsk-tver;;;;no_price
donetsk-ulyanovsk;;;;no_price
donetsk-vladimir;;;;no_price
donetsk-vologda;;;;no_price
donetsk-voronezh;;;;no_price
ekaterinburg-abdulino;;;;no_price
ekaterinburg-alatyr;;;;no_price
ekaterinburg-aleksandrov;;;;no_price
ekaterinburg-alushta;;;;no_price
ekaterinburg-anna;;;;no_price
ekaterinburg-asha;;;;no_price
ekaterinburg-ashe;;;;no_price
ekaterinburg-balakovo;;;;no_price
ekaterinburg-belebej;;;;no_price
ekaterinburg-belinskij;;;;no_price
ekaterinburg-beloyarskij-2;;;;no_price
ekaterinburg-belyj;;;;no_price
ekaterinburg-bereznik;;;;no_price
ekaterinburg-blagoveshhensk;;;;no_price
ekaterinburg-bogdanovich;;;;no_price
ekaterinburg-bor;;;;no_price
ekaterinburg-buzuluk;;;;no_price
ekaterinburg-chudovo;;;;no_price
ekaterinburg-czemzavod;;;;no_price
ekaterinburg-czentralnyj;;;;no_price
ekaterinburg-czentralnyj-2;;;;no_price
ekaterinburg-demidov;;;;no_price
ekaterinburg-dmitriev;;;;no_price
ekaterinburg-domodedovo;;;;no_price
ekaterinburg-dyurtyuli;;;;no_price
ekaterinburg-ershov;;;;no_price
ekaterinburg-feodosiya;;;;no_price
ekaterinburg-furmanov;;;;no_price
ekaterinburg-gagarin;;;;no_price
ekaterinburg-glazov;;;;no_price
ekaterinburg-gornyj;;;;no_price
ekaterinburg-gremyachinsk;;;;no_price
ekaterinburg-gubkinskij;;;;no_price
ekaterinburg-issa;;;;no_price
ekaterinburg-ivanovo;;;;no_price
ekaterinburg-ivdel;;;;no_price
ekaterinburg-izoplit;;;;no_price
ekaterinburg-joshkar-ola;;;;no_price
ekaterinburg-kadnikov;;;;no_price
ekaterinburg-kaluga;;;;no_price
ekaterinburg-kamenka;;;;no_price
ekaterinburg-kamenka-2;;;;no_price
ekaterinburg-kamenka-3;;;;no_price
ekaterinburg-kamenka-4;;;;no_price
ekaterinburg-kamensk-shaxtinskij;;;;no_price
ekaterinburg-kamenskij;;;;no_price
ekaterinburg-kamyshlov;;;;no_price
ekaterinburg-kanash;;;;no_price
ekaterinburg-karpinsk;;;;no_price
ekaterinburg-kashin;;;;no_price
ekaterinburg-katav-ivanovsk;;;;no_price
ekaterinburg-kirillov;;;;no_price
ekaterinburg-kirovskij;;;;no_price
ekaterinburg-kirovskij-2;;;;no_price
ekaterinburg-kola;;;;no_price
ekaterinburg-kommunisticheskij;;;;no_price
ekaterinburg-komsomolskij;;;;no_price
ekaterinburg-komsomolskij-2;;;;no_price
ekaterinburg-kondinskoe;;;;no_price
ekaterinburg-korkino;;;;no_price
ekaterinburg-kostroma;;;;no_price
ekaterinburg-kovdor;;;;no_price
ekaterinburg-krasnokamsk;;;;no_price
ekaterinburg-krasnyj;;;;no_price
ekaterinburg-kudymkar;;;;no_price
ekaterinburg-kujbyshevo;;;;no_price
ekaterinburg-kungur;;;;no_price
ekaterinburg-kurgan-2;;;;no_price
ekaterinburg-kurganinsk;;;;no_price
ekaterinburg-kurtamysh;;;;no_price
ekaterinburg-kuznechnoe;;;;no_price
ekaterinburg-labinsk;;;;no_price
ekaterinburg-leninskoe;;;;no_price
ekaterinburg-lesnoj-2;;;;no_price
ekaterinburg-lesnoj-3;;;;no_price
ekaterinburg-lipeczk;;;;no_price
ekaterinburg-liski;;;;no_price
ekaterinburg-lyubim;;;;no_price
ekaterinburg-magnitnyj;;;;no_price
ekaterinburg-makushino;;;;no_price
ekaterinburg-meleuz;;;;no_price
ekaterinburg-mixajlovsk;;;;no_price
ekaterinburg-mixajlovsk-2;;;;no_price
ekaterinburg-molochnyj;;;;no_price
ekaterinburg-nadym;;;;no_price
ekaterinburg-neftekamsk;;;;no_price
ekaterinburg-neya;;;;no_price
ekaterinburg-nizhnekamsk;;;;no_price
ekaterinburg-nizhnij-novgorod;;;;no_price
ekaterinburg-nizhnyaya-salda;;;;no_price
ekaterinburg-novaya-lyalya;;;;no_price
ekaterinburg-novoilinskij;;;;no_price
ekaterinburg-novorossijsk;;;;no_price
ekaterinburg-novotroiczk;;;;no_price
ekaterinburg-noyabrsk;;;;no_price
ekaterinburg-oktyabrskij-2;;;;no_price
ekaterinburg-oktyabrskij-3;;;;no_price
ekaterinburg-oktyabrskij-4;;;;no_price
ekaterinburg-oktyabrskij-7;;;;no_price
ekaterinburg-oktyabrskoe;;;;no_price
ekaterinburg-ordzhonikidze;;;;no_price
ekaterinburg-orlov;;;;no_price
ekaterinburg-oryol;;;;no_price
ekaterinburg-ostrov;;;;no_price
ekaterinburg-ozyornyj;;;;no_price
ekaterinburg-ozyornyj-2;;;;no_price
ekaterinburg-penza;;;;no_price
ekaterinburg-perm-2;;;;no_price
ekaterinburg-pervomajskij;;;;no_price
ekaterinburg-pervomajskij-2;;;;no_price
ekaterinburg-pervomajskij-3;;;;no_price
ekaterinburg-pervomajskij-4;;;;no_price
ekaterinburg-pionerskij;;;;no_price
ekaterinburg-pionerskij-2;;;;no_price
ekaterinburg-pokrovskoe-2;;;;no_price
ekaterinburg-polyarnyj;;;;no_price
ekaterinburg-pskov;;;;no_price
ekaterinburg-pugachyov;;;;no_price
ekaterinburg-pyt-yax;;;;no_price
ekaterinburg-radishhevo;;;;no_price
ekaterinburg-revda;;;;no_price
ekaterinburg-roshhinskij;;;;no_price
ekaterinburg-rovnoe;;;;no_price
ekaterinburg-roza;;;;no_price
ekaterinburg-ryazan;;;;no_price
ekaterinburg-salexard;;;;no_price
ekaterinburg-sanchursk;;;;no_price
ekaterinburg-saransk;;;;no_price
ekaterinburg-selo-aleksandrovskoe;;;;no_price
ekaterinburg-severnyj;;;;no_price
ekaterinburg-severskaya;;;;no_price
ekaterinburg-shadrinsk-2;;;;no_price
ekaterinburg-shhuche;;;;no_price
ekaterinburg-sim;;;;no_price
ekaterinburg-smolensk;;;;no_price
ekaterinburg-sokol;;;;no_price
ekaterinburg-sosnovyj-bor;;;;no_price
ekaterinburg-sovetskij;;;;no_price
ekaterinburg-sovetskoe;;;;no_price
ekaterinburg-suvorov;;;;no_price
ekaterinburg-suxoj-log;;;;no_price
ekaterinburg-svetlyj;;;;no_price
ekaterinburg-svobodnyj;;;;no_price
ekaterinburg-svobodnyj-2;;;;no_price
ekaterinburg-syktyvkar;;;;no_price
ekaterinburg-tambov;;;;no_price
ekaterinburg-tatishhevo;;;;no_price
ekaterinburg-tayozhnyj;;;;no_price
ekaterinburg-trubchevsk;;;;no_price
ekaterinburg-tujmazy;;;;no_price
ekaterinburg-ufa-2;;;;no_price
ekaterinburg-uralskij;;;;no_price
ekaterinburg-uralskij-2;;;;no_price
ekaterinburg-uspenskoe;;;;no_price
ekaterinburg-ust-katav;;;;no_price
ekaterinburg-ust-labinsk;;;;no_price
ekaterinburg-velikij-ustyug;;;;no_price
ekaterinburg-velsk;;;;no_price
ekaterinburg-vereshhagino;;;;no_price
ekaterinburg-vladimir;;;;no_price
ekaterinburg-vodnyj;;;;no_price
ekaterinburg-volchansk;;;;no_price
ekaterinburg-vostochnyj;;;;no_price
ekaterinburg-votkinsk;;;;no_price
ekaterinburg-voznesenskoe;;;;no_price
ekaterinburg-vyselki;;;;no_price
ekaterinburg-vysokij;;;;no_price
ekaterinburg-xanty-mansijsk;;;;no_price
ekaterinburg-yanaul;;;;no_price
ekaterinburg-yaroslavl;;;;no_price
ekaterinburg-yasnyj;;;;no_price
ekaterinburg-yurgamysh;;;;no_price
ekaterinburg-yuzha;;;;no_price
ekaterinburg-yuzhnyj;;;;no_price
ekaterinburg-zainsk;;;;no_price
ekaterinburg-zarechnyj;;;;no_price
ekaterinburg-zavodoukovsk;;;;no_price
ekaterinburg-zhukov;;;;no_price
ekaterinburg-zhukovskij;;;;no_price
ekaterinburg-zvyozdnyj;;;;no_price
elista-armavir;;;;no_price
elista-belgorod;;;;no_price
elista-cheboksary;;;;no_price
elista-inta;;;;no_price
elista-ipatovo;;;;no_price
elista-kazan;;;;no_price
elista-komsomolsk;;;;no_price
elista-kotelnikovo;;;;no_price
elista-kubinka;;;;no_price
elista-murmansk;;;;no_price
elista-nevinnomyssk;;;;no_price
elista-nizhnij-novgorod;;;;no_price
elista-novorossijsk;;;;no_price
elista-salsk;;;;no_price
elista-saratov;;;;no_price
elista-selo-aleksandrovskoe;;;;no_price
elista-simferopol;;;;no_price
elista-svobodnyj;;;;no_price
elista-tambov;;;;no_price
elista-troiczk;;;;no_price
elista-vysokij;;;;no_price
energodar-voronezh;;;;no_price
irkutsk-abakan;;;;no_price
irkutsk-aeroport-angarsk-2;;;;no_price
irkutsk-aeroport-baykalsk;;;;no_price
irkutsk-aeroport-beryozovskiy-2;;;;no_price
irkutsk-aeroport-bodaybo;;;;no_price
irkutsk-aeroport-bratsk;;;;no_price
irkutsk-aeroport-kirensk;;;;no_price
irkutsk-aeroport-krasnoyarsk;;;;no_price
irkutsk-aeroport-kyzyl;;;;no_price
irkutsk-aeroport-novosibirsk;;;;no_price
irkutsk-aeroport-shelehov-2;;;;no_price
irkutsk-aeroport-slyudyanka;;;;no_price
irkutsk-aeroport-tayga;;;;no_price
irkutsk-aeroport-tulun-2;;;;no_price
irkutsk-aeroport-usole-sibirskoe;;;;no_price
irkutsk-aeroport-ust-ilimsk-2;;;;no_price
irkutsk-aeroport-xabarovsk-novyj;;;;no_price
irkutsk-artyom;;;;no_price
irkutsk-barnaul;;;;no_price
irkutsk-beryozovo;;;;no_price
irkutsk-chebarkul;;;;no_price
irkutsk-chelyabinsk;;;;no_price
irkutsk-gorno-altajsk;;;;no_price
irkutsk-ishim;;;;no_price
irkutsk-kurgan;;;;no_price
irkutsk-kyaxta;;;;no_price
irkutsk-kyzyl;;;;no_price
irkutsk-lesnoj;;;;no_price
irkutsk-magnitogorsk;;;;no_price
irkutsk-mariinsk;;;;no_price
irkutsk-nizhnevartovsk;;;;no_price
irkutsk-novyj-urengoj;;;;no_price
irkutsk-oktyabrskoe;;;;no_price
irkutsk-ordynskoe;;;;no_price
irkutsk-pervomajskij;;;;no_price
irkutsk-prokopevsk;;;;no_price
irkutsk-raduzhnyj;;;;no_price
irkutsk-roza;;;;no_price
irkutsk-sayany;;;;no_price
irkutsk-sim;;;;no_price
irkutsk-sovetskij;;;;no_price
irkutsk-surgut;;;;no_price
irkutsk-suxoj-log;;;;no_price
irkutsk-svobodnyj;;;;no_price
irkutsk-tajga;;;;no_price
irkutsk-tomsk;;;;no_price
irkutsk-topki;;;;no_price
irkutsk-urengoj;;;;no_price
irkutsk-vysokij;;;;no_price
irkutsk-xabarovsk;;;;no_price
irkutsk-xilok;;;;no_price
irkutsk-yuzhno-saxalinsk;;;;no_price
irkutsk-yuzhnyj;;;;no_price
irkutsk-zheleznogorsk;;;;no_price
ivanovo-anna;;;;no_price
ivanovo-arxangelsk;;;;no_price
ivanovo-balashixa;;;;no_price
ivanovo-belgorod;;;;no_price
ivanovo-belyj;;;;no_price
ivanovo-bogorodskoe;;;;no_price
ivanovo-boguchar;;;;no_price
ivanovo-bryansk;;;;no_price
ivanovo-buj;;;;no_price
ivanovo-chamzinka;;;;no_price
ivanovo-chelyabinsk;;;;no_price
ivanovo-cherepovecz;;;;no_price
ivanovo-chernogolovka;;;;no_price
ivanovo-dalnee-konstantinovo;;;;no_price
ivanovo-demidov;;;;no_price
ivanovo-dmitriev;;;;no_price
ivanovo-dmitrov;;;;no_price
ivanovo-domodedovo;;;;no_price
ivanovo-donskoj;;;;no_price
ivanovo-dubrovka;;;;no_price
ivanovo-dzerzhinsk;;;;no_price
ivanovo-dzhankoj;;;;no_price
ivanovo-ejsk;;;;no_price
ivanovo-elektrostal;;;;no_price
ivanovo-gorbatov;;;;no_price
ivanovo-gukovo;;;;no_price
ivanovo-ilinka;;;;no_price
ivanovo-ilinskoe-xovanskoe;;;;no_price
ivanovo-istra;;;;no_price
ivanovo-izhevsk;;;;no_price
ivanovo-kireevsk;;;;no_price
ivanovo-kirzhach;;;;no_price
ivanovo-klin;;;;no_price
ivanovo-kolomna;;;;no_price
ivanovo-kotelniki;;;;no_price
ivanovo-koxma;;;;no_price
ivanovo-krasnoe-na-volge;;;;no_price
ivanovo-krasnogorsk;;;;no_price
ivanovo-krasnyj;;;;no_price
ivanovo-kropotkin;;;;no_price
ivanovo-kurgan;;;;no_price
ivanovo-labinsk;;;;no_price
ivanovo-leninskoe;;;;no_price
ivanovo-likino-dulyovo;;;;no_price
ivanovo-lyuberczy;;;;no_price
ivanovo-lyubim;;;;no_price
ivanovo-magnitnyj;;;;no_price
ivanovo-malmyzh;;;;no_price
ivanovo-mezhevoj;;;;no_price
ivanovo-mirnyj;;;;no_price
ivanovo-molokovo;;;;no_price
ivanovo-moskva;;;;no_price
ivanovo-mstyora;;;;no_price
ivanovo-murom;;;;no_price
ivanovo-nerexta;;;;no_price
ivanovo-neya;;;;no_price
ivanovo-nikologory;;;;no_price
ivanovo-obninsk;;;;no_price
ivanovo-orenburg;;;;no_price
ivanovo-orexovo-zuevo;;;;no_price
ivanovo-orlov;;;;no_price
ivanovo-oryol;;;;no_price
ivanovo-osa;;;;no_price
ivanovo-ozyornyj;;;;no_price
ivanovo-palex;;;;no_price
ivanovo-panino;;;;no_price
ivanovo-pavlovo;;;;no_price
ivanovo-pavlovskaya;;;;no_price
ivanovo-pavlovskij;;;;no_price
ivanovo-pavlovskij-posad;;;;no_price
ivanovo-perm;;;;no_price
ivanovo-petrovskij;;;;no_price
ivanovo-petushki;;;;no_price
ivanovo-potma;;;;no_price
ivanovo-primorskij;;;;no_price
ivanovo-proletarskij;;;;no_price
ivanovo-raduzhnyj;;;;no_price
ivanovo-ramenskoe;;;;no_price
ivanovo-ruza;;;;no_price
ivanovo-ruzaevka;;;;no_price
ivanovo-rybinsk;;;;no_price
ivanovo-saratov;;;;no_price
ivanovo-sergiev-posad;;;;no_price
ivanovo-serpuxov;;;;no_price
ivanovo-severnyj;;;;no_price
ivanovo-sharya;;;;no_price
ivanovo-shatura;;;;no_price
ivanovo-shebekino;;;;no_price
ivanovo-shhyolkovo;;;;no_price
ivanovo-shuya;;;;no_price
ivanovo-sobinka;;;;no_price
ivanovo-solnechnogorsk;;;;no_price
ivanovo-sovetskij;;;;no_price
ivanovo-sovetskoe;;;;no_price
ivanovo-spas-klepiki;;;;no_price
ivanovo-staraya-kupavna;;;;no_price
ivanovo-staraya-vichuga;;;;no_price
ivanovo-stavropol;;;;no_price
ivanovo-stroitel;;;;no_price
ivanovo-suvorov;;;;no_price
ivanovo-svobodnyj;;;;no_price
ivanovo-syktyvkar;;;;no_price
ivanovo-talicza;;;;no_price
ivanovo-tambov;;;;no_price
ivanovo-tejkovo;;;;no_price
ivanovo-tulskij;;;;no_price
ivanovo-tver;;;;no_price
ivanovo-tyoploe;;;;no_price
ivanovo-valujki;;;;no_price
ivanovo-velikooktyabrskij;;;;no_price
ivanovo-volodarsk;;;;no_price
ivanovo-vologda;;;;no_price
ivanovo-voronezh;;;;no_price
ivanovo-voznesenskoe;;;;no_price
ivanovo-vysokij;;;;no_price
ivanovo-ximki;;;;no_price
ivanovo-xotkovo;;;;no_price
ivanovo-yavas;;;;no_price
ivanovo-yurev-polskij;;;;no_price
ivanovo-yurevecz;;;;no_price
ivanovo-zavolzhsk;;;;no_price
ivanovo-zheleznogorsk;;;;no_price
ivanovo-zhukovskij;;;;no_price
izhevsk-aleksandrov;;;;no_price
izhevsk-almetevsk;;;;no_price
izhevsk-arzamas;;;;no_price
izhevsk-bekovo;;;;no_price
izhevsk-belebej;;;;no_price
izhevsk-birsk;;;;no_price
izhevsk-bryansk;;;;no_price
izhevsk-buguruslan;;;;no_price
izhevsk-buzuluk;;;;no_price
izhevsk-chajkovskij;;;;no_price
izhevsk-cheboksary;;;;no_price
izhevsk-chishmy;;;;no_price
izhevsk-czentralnyj;;;;no_price
izhevsk-dmitriev;;;;no_price
izhevsk-dolgoe;;;;no_price
izhevsk-dyurtyuli;;;;no_price
izhevsk-dzerzhinskij;;;;no_price
izhevsk-elabuga;;;;no_price
izhevsk-gagarin;;;;no_price
izhevsk-gubaxa;;;;no_price
izhevsk-inza;;;;no_price
izhevsk-ivanovo;;;;no_price
izhevsk-kamyshlov;;;;no_price
izhevsk-kerch;;;;no_price
izhevsk-kineshma;;;;no_price
izhevsk-krasnogorskij;;;;no_price
izhevsk-krasnokamsk;;;;no_price
izhevsk-krasnyj;;;;no_price
izhevsk-kumertau;;;;no_price
izhevsk-leninskoe;;;;no_price
izhevsk-lesnoj;;;;no_price
izhevsk-lipeczk;;;;no_price
izhevsk-lugovoj;;;;no_price
izhevsk-marks;;;;no_price
izhevsk-mendeleevsk;;;;no_price
izhevsk-miass;;;;no_price
izhevsk-mirnyj;;;;no_price
izhevsk-molochnyj;;;;no_price
izhevsk-murmansk;;;;no_price
izhevsk-myshkin;;;;no_price
izhevsk-nadym;;;;no_price
izhevsk-neya;;;;no_price
izhevsk-nizhnij-novgorod;;;;no_price
izhevsk-nolinsk;;;;no_price
izhevsk-oktyabrsk;;;;no_price
izhevsk-oktyabrskij;;;;no_price
izhevsk-oktyabrskoe;;;;no_price
izhevsk-orsk;;;;no_price
izhevsk-pervomajskij;;;;no_price
izhevsk-pesochnoe;;;;no_price
izhevsk-petrovskij;;;;no_price
izhevsk-pochinok;;;;no_price
izhevsk-poxvistnevo;;;;no_price
izhevsk-promyshlennyj;;;;no_price
izhevsk-pskov;;;;no_price
izhevsk-pugachyov;;;;no_price
izhevsk-raduzhnyj;;;;no_price
izhevsk-rostov-na-donu;;;;no_price
izhevsk-rtishhevo;;;;no_price
izhevsk-ruzaevka;;;;no_price
izhevsk-ryazan;;;;no_price
izhevsk-saratov;;;;no_price
izhevsk-severnyj;;;;no_price
izhevsk-severodvinsk;;;;no_price
izhevsk-shebekino;;;;no_price
izhevsk-shixany;;;;no_price
izhevsk-sim;;;;no_price
izhevsk-simferopol;;;;no_price
izhevsk-sokol;;;;no_price
izhevsk-sosnovka;;;;no_price
izhevsk-staraya-russa;;;;no_price
izhevsk-sterlitamak;;;;no_price
izhevsk-stroitel;;;;no_price
izhevsk-syktyvkar;;;;no_price
izhevsk-tujmazy;;;;no_price
izhevsk-uralskij;;;;no_price
izhevsk-volgograd;;;;no_price
izhevsk-voronezh;;;;no_price
izhevsk-vostochnyj;;;;no_price
izhevsk-vysokij;;;;no_price
izhevsk-yaroslavl;;;;no_price
izhevsk-yuzhnyj;;;;no_price
joshkar-ola-arzamas;;;;no_price
joshkar-ola-astraxan;;;;no_price
joshkar-ola-balashixa;;;;no_price
joshkar-ola-belgorod;;;;no_price
joshkar-ola-belyj;;;;no_price
joshkar-ola-bereznik;;;;no_price
joshkar-ola-berezniki;;;;no_price
joshkar-ola-birsk;;;;no_price
joshkar-ola-bor;;;;no_price
joshkar-ola-chebarkul;;;;no_price
joshkar-ola-cheboksary;;;;no_price
joshkar-ola-czentralnyj;;;;no_price
joshkar-ola-ekaterinburg;;;;no_price
joshkar-ola-glazov;;;;no_price
joshkar-ola-izhevsk;;;;no_price
joshkar-ola-kirovskij;;;;no_price
joshkar-ola-komsomolskij;;;;no_price
joshkar-ola-kozmodemyansk;;;;no_price
joshkar-ola-krasnogorsk;;;;no_price
joshkar-ola-krasnogorskij;;;;no_price
joshkar-ola-krasnooktyabrskij;;;;no_price
joshkar-ola-kukmor;;;;no_price
joshkar-ola-kurgan;;;;no_price
joshkar-ola-kursk;;;;no_price
joshkar-ola-leninskoe;;;;no_price
joshkar-ola-lesnoj;;;;no_price
joshkar-ola-malmyzh;;;;no_price
joshkar-ola-mixajlov;;;;no_price
joshkar-ola-moskva;;;;no_price
joshkar-ola-nizhnekamsk;;;;no_price
joshkar-ola-novocheboksarsk;;;;no_price
joshkar-ola-oktyabrskij;;;;no_price
joshkar-ola-oktyabrskoe;;;;no_price
joshkar-ola-penza;;;;no_price
joshkar-ola-perm;;;;no_price
joshkar-ola-petrozavodsk;;;;no_price
joshkar-ola-samara;;;;no_price
joshkar-ola-saransk;;;;no_price
joshkar-ola-savino;;;;no_price
joshkar-ola-semyonov;;;;no_price
joshkar-ola-silikatnyj;;;;no_price
joshkar-ola-sosnovyj-bor;;;;no_price
joshkar-ola-sovetskij;;;;no_price
joshkar-ola-sovetskoe;;;;no_price
joshkar-ola-tolyatti;;;;no_price
joshkar-ola-ulyanovsk;;;;no_price
joshkar-ola-uxta;;;;no_price
joshkar-ola-verxoshizheme;;;;no_price
joshkar-ola-volgograd;;;;no_price
joshkar-ola-voskresenskoe;;;;no_price
joshkar-ola-vyatskie-polyany;;;;no_price
joshkar-ola-yuzhnyj;;;;no_price
joshkar-ola-zarechnyj;;;;no_price
joshkar-ola-zelenodolsk;;;;no_price
joshkar-ola-zheleznogorsk;;;;no_price
joshkar-ola-znamensk;;;;no_price
kaluga-adler;;;;no_price
kaluga-agoj;;;;no_price
kaluga-aleksandrov;;;;no_price
kaluga-aleksin;;;;no_price
kaluga-anapa;;;;no_price
kaluga-anna;;;;no_price
kaluga-aprelevka;;;;no_price
kaluga-balabanovo;;;;no_price
kaluga-belaya-beryozka;;;;no_price
kaluga-belyj;;;;no_price
kaluga-beryozovo;;;;no_price
kaluga-bogorodiczk;;;;no_price
kaluga-bolxov;;;;no_price
kaluga-bor;;;;no_price
kaluga-borovskij;;;;no_price
kaluga-chexov;;;;no_price
kaluga-czentralnyj;;;;no_price
kaluga-desnogorsk;;;;no_price
kaluga-dmitrov;;;;no_price
kaluga-dolgoprudnyj;;;;no_price
kaluga-domodedovo;;;;no_price
kaluga-donskoj;;;;no_price
kaluga-dubna;;;;no_price
kaluga-duminichi;;;;no_price
kaluga-dyatkovo;;;;no_price
kaluga-efremov;;;;no_price
kaluga-ekaterinburg;;;;no_price
kaluga-ermolino;;;;no_price
kaluga-gagarin;;;;no_price
kaluga-gaj;;;;no_price
kaluga-gelendzhik;;;;no_price
kaluga-goliczyno;;;;no_price
kaluga-gryazi;;;;no_price
kaluga-gubkin;;;;no_price
kaluga-ivanteevka;;;;no_price
kaluga-kamensk-shaxtinskij;;;;no_price
kaluga-kazan;;;;no_price
kaluga-kirov;;;;no_price
kaluga-kirovsk;;;;no_price
kaluga-kirovskij;;;;no_price
kaluga-klin;;;;no_price
kaluga-kondrovo;;;;no_price
kaluga-kostroma;;;;no_price
kaluga-krasnogorsk;;;;no_price
kaluga-krasnyj;;;;no_price
kaluga-kremyonki;;;;no_price
kaluga-kromy;;;;no_price
kaluga-kursk;;;;no_price
kaluga-livny;;;;no_price
kaluga-malinovskij;;;;no_price
kaluga-mczensk;;;;no_price
kaluga-medyn;;;;no_price
kaluga-molochnyj;;;;no_price
kaluga-moskva;;;;no_price
kaluga-mozhajsk;;;;no_price
kaluga-murmansk;;;;no_price
kaluga-naro-fominsk;;;;no_price
kaluga-neya;;;;no_price
kaluga-nizhnij-novgorod;;;;no_price
kaluga-novorossijsk;;;;no_price
kaluga-odinczovo;;;;no_price
kaluga-oktyabrskij;;;;no_price
kaluga-oktyabrskoe;;;;no_price
kaluga-orenburg;;;;no_price
kaluga-orlov;;;;no_price
kaluga-orsk;;;;no_price
kaluga-otradnaya;;;;no_price
kaluga-otradnyj;;;;no_price
kaluga-penza;;;;no_price
kaluga-perm;;;;no_price
kaluga-pionerskij;;;;no_price
kaluga-pokrov;;;;no_price
kaluga-proletarskij;;;;no_price
kaluga-pskov;;;;no_price
kaluga-radishhevo;;;;no_price
kaluga-rostov-na-donu;;;;no_price
kaluga-roza;;;;no_price
kaluga-ryazan;;;;no_price
kaluga-rybnoe;;;;no_price
kaluga-safonovo;;;;no_price
kaluga-samara;;;;no_price
kaluga-saransk;;;;no_price
kaluga-saratov;;;;no_price
kaluga-serpuxov;;;;no_price
kaluga-sevastopol;;;;no_price
kaluga-severnyj;;;;no_price
kaluga-shatura;;;;no_price
kaluga-shhyokino;;;;no_price
kaluga-silikatnyj;;;;no_price
kaluga-solnechnyj;;;;no_price
kaluga-sosenskij;;;;no_price
kaluga-spas-demensk;;;;no_price
kaluga-stavropol;;;;no_price
kaluga-stroitel;;;;no_price
kaluga-stupino;;;;no_price
kaluga-surazh;;;;no_price
kaluga-tambov;;;;no_price
kaluga-tobolsk;;;;no_price
kaluga-tovarkovo;;;;no_price
kaluga-troiczk;;;;no_price
kaluga-tulskij;;;;no_price
kaluga-tver;;;;no_price
kaluga-ufa;;;;no_price
kaluga-ulyanovsk;;;;no_price
kaluga-uzlovaya;;;;no_price
kaluga-venyov;;;;no_price
kaluga-vereya;;;;no_price
kaluga-vladimir;;;;no_price
kaluga-volgograd;;;;no_price
kaluga-volokolamsk;;;;no_price
kaluga-volovo;;;;no_price
kaluga-vorotynsk;;;;no_price
kaluga-voskresensk;;;;no_price
kaluga-voskresenskoe;;;;no_price
kaluga-vysokij;;;;no_price
kaluga-xvojnaya;;;;no_price
kaluga-yalta;;;;no_price
kaluga-yaroslavl;;;;no_price
kaluga-yuxnov;;;;no_price
kaluga-yuzhnyj;;;;no_price
kaluga-zaokskij;;;;no_price
kaluga-zarechnyj;;;;no_price
kaluga-zhukovskij;;;;no_price
kaluga-zvenigorod;;;;no_price
kaluga-zvyozdnyj;;;;no_price
kazan-adler;;;;no_price
kazan-aksubaevo;;;;no_price
kazan-aleksandrov;;;;no_price
kazan-alekseevka;;;;no_price
kazan-anapa;;;;no_price
kazan-armavir;;;;no_price
kazan-arzamas;;;;no_price
kazan-astraxan;;;;no_price
kazan-babaevo;;;;no_price
kazan-bakal;;;;no_price
kazan-balakovo;;;;no_price
kazan-beloreczk;;;;no_price
kazan-belyj;;;;no_price
kazan-blagoveshhensk;;;;no_price
kazan-bogorodskoe;;;;no_price
kazan-bologoe;;;;no_price
kazan-bor;;;;no_price
kazan-bryansk;;;;no_price
kazan-buj;;;;no_price
kazan-chapaevsk;;;;no_price
kazan-chexov;;;;no_price
kazan-chufarovo;;;;no_price
kazan-chupa;;;;no_price
kazan-czentralnyj;;;;no_price
kazan-czilna;;;;no_price
kazan-czivilsk;;;;no_price
kazan-dimitrovgrad;;;;no_price
kazan-dmitriev;;;;no_price
kazan-dolgoe;;;;no_price
kazan-domodedovo;;;;no_price
kazan-donskoj;;;;no_price
kazan-dubrovka;;;;no_price
kazan-dyurtyuli;;;;no_price
kazan-dzhankoj;;;;no_price
kazan-elecz;;;;no_price
kazan-elista;;;;no_price
kazan-ershov;;;;no_price
kazan-fryazino;;;;no_price
kazan-gagarin;;;;no_price
kazan-gorodecz;;;;no_price
kazan-gubkin;;;;no_price
kazan-ishim;;;;no_price
kazan-ishimbaj;;;;no_price
kazan-ivanovo;;;;no_price
kazan-kaluga;;;;no_price
kazan-kambarka;;;;no_price
kazan-kamensk-shaxtinskij;;;;no_price
kazan-kamyshin;;;;no_price
kazan-kamyshlov;;;;no_price
kazan-kargopol;;;;no_price
kazan-kasimov;;;;no_price
kazan-kirovsk;;;;no_price
kazan-kirovskij;;;;no_price
kazan-kola;;;;no_price
kazan-komsomolskij;;;;no_price
kazan-korolyov;;;;no_price
kazan-kostomuksha;;;;no_price
kazan-krasnogorsk;;;;no_price
kazan-krasnogorskij;;;;no_price
kazan-krasnyj;;;;no_price
kazan-krasnyj-kut;;;;no_price
kazan-kstovo;;;;no_price
kazan-kumyony;;;;no_price
kazan-kurgan;;;;no_price
kazan-kursk;;;;no_price
kazan-kuzneczk;;;;no_price
kazan-leningradskaya;;;;no_price
kazan-leninskoe;;;;no_price
kazan-lesnoj;;;;no_price
kazan-magnitnyj;;;;no_price
kazan-majkop;;;;no_price
kazan-majna;;;;no_price
kazan-mariinskij-posad;;;;no_price
kazan-medvedevo;;;;no_price
kazan-mendeleevsk;;;;no_price
kazan-narimanov;;;;no_price
kazan-neya;;;;no_price
kazan-nizhnevartovsk;;;;no_price
kazan-nizhnij-tagil;;;;no_price
kazan-novokujbyshevsk;;;;no_price
kazan-novorossijsk;;;;no_price
kazan-novotroiczk;;;;no_price
kazan-novyj-toryal;;;;no_price
kazan-ochyor;;;;no_price
kazan-oktyabrskij;;;;no_price
kazan-oktyabrskoe;;;;no_price
kazan-ostrov;;;;no_price
kazan-otradnaya;;;;no_price
kazan-otradnyj;;;;no_price
kazan-perevoz;;;;no_price
kazan-pervomajskij;;;;no_price
kazan-petrovskij;;;;no_price
kazan-podolsk;;;;no_price
kazan-polyarnyj;;;;no_price
kazan-posyolok-komsomolskij;;;;no_price
kazan-privolzhsk;;;;no_price
kazan-privolzhskij;;;;no_price
kazan-pskov;;;;no_price
kazan-raduzhnyj;;;;no_price
kazan-ramenskoe;;;;no_price
kazan-rezh;;;;no_price
kazan-rybnoe;;;;no_price
kazan-salexard;;;;no_price
kazan-savinskij;;;;no_price
kazan-sergiev-posad;;;;no_price
kazan-serov;;;;no_price
kazan-severnyj;;;;no_price
kazan-shhyokino;;;;no_price
kazan-shumerlya;;;;no_price
kazan-shuya;;;;no_price
kazan-smolensk;;;;no_price
kazan-sokol;;;;no_price
kazan-solikamsk;;;;no_price
kazan-solnechnyj;;;;no_price
kazan-sovetskij;;;;no_price
kazan-sovetskoe;;;;no_price
kazan-staraya-majna;;;;no_price
kazan-stavropol;;;;no_price
kazan-sudak;;;;no_price
kazan-suzdal;;;;no_price
kazan-svetlyj;;;;no_price
kazan-svobodnyj;;;;no_price
kazan-tbilisskaya;;;;no_price
kazan-tixoreczk;;;;no_price
kazan-tugulym;;;;no_price
kazan-tula;;;;no_price
kazan-tulskij;;;;no_price
kazan-tver;;;;no_price
kazan-tyoploe;;;;no_price
kazan-tyumen;;;;no_price
kazan-urengoj;;;;no_price
kazan-uxta;;;;no_price
kazan-valujki;;;;no_price
kazan-velikie-luki;;;;no_price
kazan-vetluga;;;;no_price
kazan-vodnyj;;;;no_price
kazan-volna;;;;no_price
kazan-volzhskij;;;;no_price
kazan-vorkuta;;;;no_price
kazan-vorsma;;;;no_price
kazan-vostochnyj;;;;no_price
kazan-votkinsk;;;;no_price
kazan-vysokij;;;;no_price
kazan-ximki;;;;no_price
kazan-xolm;;;;no_price
kazan-xvalynsk;;;;no_price
kazan-yadrin;;;;no_price
kazan-yaroslavl;;;;no_price
kazan-yuzhnyj;;;;no_price
kazan-zelyonyj-gorod;;;;no_price
kazan-zvyozdnyj;;;;no_price
kemerovo-achinsk;;;;no_price
kemerovo-alyaysk;;;;no_price
kemerovo-asino;;;;no_price
kemerovo-bolotnoe;;;;no_price
kemerovo-cherepanovo;;;;no_price
kemerovo-kedrovyy;;;;no_price
kemerovo-kolpashevo;;;;no_price
kemerovo-mezhdurechensk;;;;no_price
kemerovo-nazarovo;;;;no_price
kemerovo-omsk;;;;no_price
kirov-adler;;;;no_price
kirov-adygejsk;;;;no_price
kirov-aleksandrov;;;;no_price
kirov-almetevsk;;;;no_price
kirov-alushta;;;;no_price
kirov-armavir;;;;no_price
kirov-artyomovskij;;;;no_price
kirov-arzamas;;;;no_price
kirov-astraxan;;;;no_price
kirov-baltasi;;;;no_price
kirov-belgorod;;;;no_price
kirov-belyj;;;;no_price
kirov-belyj-yar;;;;no_price
kirov-beryozovskij;;;;no_price
kirov-bogorodsk;;;;no_price
kirov-bor;;;;no_price
kirov-borisoglebsk;;;;no_price
kirov-bryansk;;;;no_price
kirov-bugulma;;;;no_price
kirov-chelyabinsk;;;;no_price
kirov-czentralnyj;;;;no_price
kirov-danilovka;;;;no_price
kirov-dmitriev;;;;no_price
kirov-domodedovo;;;;no_price
kirov-dubrovka;;;;no_price
kirov-dzerzhinskij;;;;no_price
kirov-ekaterinburg;;;;no_price
kirov-elan;;;;no_price
kirov-elizavetinskaya;;;;no_price
kirov-feodosiya;;;;no_price
kirov-galich;;;;no_price
kirov-gelendzhik;;;;no_price
kirov-gubaxa;;;;no_price
kirov-gurzuf;;;;no_price
kirov-izmajlovo;;;;no_price
kirov-izobilnyj;;;;no_price
kirov-joshkar-ola;;;;no_price
kirov-kirishi;;;;no_price
kirov-kirov-kaluzhskaya-oblast;;;;no_price
kirov-kirovo-chepeczk;;;;no_price
kirov-kirovsk;;;;no_price
kirov-kirovskij;;;;no_price
kirov-kislovodsk;;;;no_price
kirov-komsomolsk;;;;no_price
kirov-komsomolskij;;;;no_price
kirov-kostroma;;;;no_price
kirov-kotelniki;;;;no_price
kirov-kotelnikovo;;;;no_price
kirov-kotlas;;;;no_price
kirov-kotovsk;;;;no_price
kirov-kovernino;;;;no_price
kirov-kovrov;;;;no_price
kirov-krasnaya-polyana;;;;no_price
kirov-krasnogorskij;;;;no_price
kirov-krasnoufimsk;;;;no_price
kirov-krasnyj;;;;no_price
kirov-kropotkin;;;;no_price
kirov-kujbyshevo;;;;no_price
kirov-kuloj;;;;no_price
kirov-kumertau;;;;no_price
kirov-kungur;;;;no_price
kirov-kurgan;;;;no_price
kirov-kursk;;;;no_price
kirov-kushhyovskaya;;;;no_price
kirov-kushva;;;;no_price
kirov-leningradskaya;;;;no_price
kirov-leninskoe;;;;no_price
kirov-lipeczk;;;;no_price
kirov-lipki;;;;no_price
kirov-losino-petrovskij;;;;no_price
kirov-lyuberczy;;;;no_price
kirov-lyubim;;;;no_price
kirov-magnitogorsk;;;;no_price
kirov-maloyaroslavecz;;;;no_price
kirov-mamadysh;;;;no_price
kirov-marks;;;;no_price
kirov-medvedka;;;;no_price
kirov-miass;;;;no_price
kirov-mineralnye-vody;;;;no_price
kirov-morshansk;;;;no_price
kirov-murmansk;;;;no_price
kirov-nevinnomyssk;;;;no_price
kirov-neya;;;;no_price
kirov-nizhnekamsk;;;;no_price
kirov-noginsk;;;;no_price
kirov-novocheboksarsk;;;;no_price
kirov-novopavlovsk;;;;no_price
kirov-obninsk;;;;no_price
kirov-oktyabrsk;;;;no_price
kirov-oktyabrskij;;;;no_price
kirov-oktyabrskoe;;;;no_price
kirov-orenburg;;;;no_price
kirov-orexovo-zuevo;;;;no_price
kirov-orsk;;;;no_price
kirov-oryol;;;;no_price
kirov-pavlovo;;;;no_price
kirov-pavlovskaya;;;;no_price
kirov-pavlovskij;;;;no_price
kirov-pavlovskij-posad;;;;no_price
kirov-pestovo;;;;no_price
kirov-petrovskij;;;;no_price
kirov-petuxovo;;;;no_price
kirov-pizhma;;;;no_price
kirov-podolsk;;;;no_price
kirov-podporozhe;;;;no_price
kirov-ponazyrevo;;;;no_price
kirov-primorskij;;;;no_price
kirov-priyutovo;;;;no_price
kirov-proletarskij;;;;no_price
kirov-pugachyov;;;;no_price
kirov-pushkino;;;;no_price
kirov-pyatigorsk;;;;no_price
kirov-rezh;;;;no_price
kirov-rossosh;;;;no_price
kirov-rostov-na-donu;;;;no_price
kirov-rovenki;;;;no_price
kirov-ryazan;;;;no_price
kirov-rybinsk;;;;no_price
kirov-saki;;;;no_price
kirov-saratov;;;;no_price
kirov-segezha;;;;no_price
kirov-sergiev-posad;;;;no_price
kirov-serov;;;;no_price
kirov-serpuxov;;;;no_price
kirov-severnyj;;;;no_price
kirov-severomorsk;;;;no_price
kirov-shadrinsk;;;;no_price
kirov-sheksna;;;;no_price
kirov-simferopol;;;;no_price
kirov-smolensk;;;;no_price
kirov-smyshlyaevka;;;;no_price
kirov-solikamsk;;;;no_price
kirov-solnechnyj;;;;no_price
kirov-sortavala;;;;no_price
kirov-sosnogorsk;;;;no_price
kirov-sosnovka;;;;no_price
kirov-sovetskij;;;;no_price
kirov-sovetskoe;;;;no_price
kirov-stavropol;;;;no_price
kirov-stroitel;;;;no_price
kirov-strojkeramika;;;;no_price
kirov-suxinichi;;;;no_price
kirov-svetlyj;;;;no_price
kirov-svobodnyj;;;;no_price
kirov-tambov;;;;no_price
kirov-tujmazy;;;;no_price
kirov-tula;;;;no_price
kirov-tulskij;;;;no_price
kirov-tver;;;;no_price
kirov-tyoploe;;;;no_price
kirov-tyumen;;;;no_price
kirov-uchaly;;;;no_price
kirov-vladimir;;;;no_price
kirov-volgograd;;;;no_price
kirov-volzhskij;;;;no_price
kirov-vorkuta;;;;no_price
kirov-voronezh;;;;no_price
kirov-vyksa;;;;no_price
kirov-vysokij;;;;no_price
kirov-xosta;;;;no_price
kirov-yalta;;;;no_price
kirov-yaroslavl;;;;no_price
kirov-yuzhnyj;;;;no_price
kirov-zelenodolsk;;;;no_price
kirov-zhukov;;;;no_price
kirov-zvenigovo;;;;no_price
kirov-zvyozdnyj;;;;no_price
kostroma-aleksandrov;;;;no_price
kostroma-belebej;;;;no_price
kostroma-belgorod;;;;no_price
kostroma-belyj;;;;no_price
kostroma-bogorodsk;;;;no_price
kostroma-boguchar;;;;no_price
kostroma-bor;;;;no_price
kostroma-cheboksary;;;;no_price
kostroma-chelyabinsk;;;;no_price
kostroma-czentralnyj;;;;no_price
kostroma-domodedovo;;;;no_price
kostroma-dubna;;;;no_price
kostroma-dzhankoj;;;;no_price
kostroma-ekaterinburg;;;;no_price
kostroma-gagarin;;;;no_price
kostroma-gavrilov-yam;;;;no_price
kostroma-goroxovecz;;;;no_price
kostroma-ivanteevka;;;;no_price
kostroma-kaduj;;;;no_price
kostroma-kaluga;;;;no_price
kostroma-kalyazin;;;;no_price
kostroma-kologriv;;;;no_price
kostroma-komsomolskij;;;;no_price
kostroma-konosha;;;;no_price
kostroma-kotlas;;;;no_price
kostroma-krasnyj;;;;no_price
kostroma-lermontov;;;;no_price
kostroma-lipeczk;;;;no_price
kostroma-lokomotivnyj;;;;no_price
kostroma-magnitnyj;;;;no_price
kostroma-mezhdurechensk;;;;no_price
kostroma-myshkin;;;;no_price
kostroma-nikolsk;;;;no_price
kostroma-oktyabrskij;;;;no_price
kostroma-oktyabrskoe;;;;no_price
kostroma-pervomajskij;;;;no_price
kostroma-petrovskij;;;;no_price
kostroma-podolsk;;;;no_price
kostroma-privolzhskij;;;;no_price
kostroma-pskov;;;;no_price
kostroma-rodniki;;;;no_price
kostroma-rostov-na-donu;;;;no_price
kostroma-rzhev;;;;no_price
kostroma-saransk;;;;no_price
kostroma-sergiev-posad;;;;no_price
kostroma-shhyolkovo;;;;no_price
kostroma-sovetskij;;;;no_price
kostroma-sovetskoe;;;;no_price
kostroma-staraya-vichuga;;;;no_price
kostroma-tambov;;;;no_price
kostroma-tula;;;;no_price
kostroma-tumbotino;;;;no_price
kostroma-tutaev;;;;no_price
kostroma-udomlya;;;;no_price
kostroma-ufa;;;;no_price
kostroma-ulyanovsk;;;;no_price
kostroma-uryupinsk;;;;no_price
kostroma-volokonovka;;;;no_price
kostroma-volzhskij;;;;no_price
kostroma-vostochnyj;;;;no_price
kostroma-yuzhnyj;;;;no_price
kostroma-zavolzhe;;;;no_price
krasnodar-abinsk;;;;no_price
krasnodar-adler;;;;no_price
krasnodar-adygejsk;;;;no_price
krasnodar-afipskij;;;;no_price
krasnodar-aleksandrov;;;;no_price
krasnodar-alupka;;;;no_price
krasnodar-alushta;;;;no_price
krasnodar-anna;;;;no_price
krasnodar-armavir;;;;no_price
krasnodar-arzamas;;;;no_price
krasnodar-axtyrskij;;;;no_price
krasnodar-balaklava;;;;no_price
krasnodar-balakovo;;;;no_price
krasnodar-baxchisaraj;;;;no_price
krasnodar-belaya-glina;;;;no_price
krasnodar-belaya-kalitva;;;;no_price
krasnodar-belogorsk;;;;no_price
krasnodar-belyj;;;;no_price
krasnodar-bereznik;;;;no_price
krasnodar-berezniki;;;;no_price
krasnodar-beryozovo;;;;no_price
krasnodar-boguchar;;;;no_price
krasnodar-bologoe;;;;no_price
krasnodar-bryuxoveczkaya;;;;no_price
krasnodar-buzuluk;;;;no_price
krasnodar-chapaevsk;;;;no_price
krasnodar-cherkessk;;;;no_price
krasnodar-chernomorskoe;;;;no_price
krasnodar-chernyanka;;;;no_price
krasnodar-chusovoj;;;;no_price
krasnodar-czentralnyj;;;;no_price
krasnodar-czentralnyj-2;;;;no_price
krasnodar-dankov;;;;no_price
krasnodar-dergachi;;;;no_price
krasnodar-divnomorskoe;;;;no_price
krasnodar-dmitriev;;;;no_price
krasnodar-dolzhanskaya;;;;no_price
krasnodar-domodedovo;;;;no_price
krasnodar-donskoj;;;;no_price
krasnodar-dubrovka;;;;no_price
krasnodar-dzerzhinskij;;;;no_price
krasnodar-dzhankoj;;;;no_price
krasnodar-eisk;;;;no_price
krasnodar-elizavetinskaya;;;;no_price
krasnodar-essentuki;;;;no_price
krasnodar-evpatoriya;;;;no_price
krasnodar-feodosiya;;;;no_price
krasnodar-foros;;;;no_price
krasnodar-furmanov;;;;no_price
krasnodar-gagarin;;;;no_price
krasnodar-gaspra;;;;no_price
krasnodar-gelendgik;;;;no_price
krasnodar-goliczyno;;;;no_price
krasnodar-golubiczkaya;;;;no_price
krasnodar-goryachij-klyuch;;;;no_price
krasnodar-grajvoron;;;;no_price
krasnodar-gryazi;;;;no_price
krasnodar-gubkin;;;;no_price
krasnodar-gulkevichi;;;;no_price
krasnodar-gurzuf;;;;no_price
krasnodar-ipatovo;;;;no_price
krasnodar-ivanovo;;;;no_price
krasnodar-izobilnyj;;;;no_price
krasnodar-joshkar-ola;;;;no_price
krasnodar-kabardinka;;;;no_price
krasnodar-kalach;;;;no_price
krasnodar-kalininskaya;;;;no_price
krasnodar-kamensk-shaxtinskij;;;;no_price
krasnodar-kanevskaya;;;;no_price
krasnodar-kantemirovka;;;;no_price
krasnodar-karpinsk;;;;no_price
krasnodar-kirillov;;;;no_price
krasnodar-kirov;;;;no_price
krasnodar-kirov-2;;;;no_price
krasnodar-klin;;;;no_price
krasnodar-koktebel;;;;no_price
krasnodar-komsomolskij;;;;no_price
krasnodar-komsomolskij-2;;;;no_price
krasnodar-kostroma;;;;no_price
krasnodar-kotovo;;;;no_price
krasnodar-kovrov;;;;no_price
krasnodar-krasnaya-polyana;;;;no_price
krasnodar-krasnogorsk;;;;no_price
krasnodar-krasnogvardejskoe;;;;no_price
krasnodar-krasnyj;;;;no_price
krasnodar-krinicza;;;;no_price
krasnodar-kropotkin;;;;no_price
krasnodar-krylovskaya;;;;no_price
krasnodar-krymsk;;;;no_price
krasnodar-kuchugury;;;;no_price
krasnodar-kujbyshevo;;;;no_price
krasnodar-kulebaki;;;;no_price
krasnodar-kurch;;;;no_price
krasnodar-kurganinsk;;;;no_price
krasnodar-kurortnoe;;;;no_price
krasnodar-kushhyovskaya;;;;no_price
krasnodar-kushva;;;;no_price
krasnodar-labinsk;;;;no_price
krasnodar-lago-naki;;;;no_price
krasnodar-leningradskaya;;;;no_price
krasnodar-leninskoe;;;;no_price
krasnodar-lesnoj;;;;no_price
krasnodar-lesnoj-2;;;;no_price
krasnodar-lesnoj-3;;;;no_price
krasnodar-lipeczk;;;;no_price
krasnodar-livny;;;;no_price
krasnodar-lugovoj;;;;no_price
krasnodar-lyskovo;;;;no_price
krasnodar-lyubim;;;;no_price
krasnodar-magnitnyj;;;;no_price
krasnodar-magnitogorsk;;;;no_price
krasnodar-majkop;;;;no_price
krasnodar-malaya-vishera;;;;no_price
krasnodar-mirnyj;;;;no_price
krasnodar-mirnyj-2;;;;no_price
krasnodar-mirnyj-3;;;;no_price
krasnodar-morozovsk;;;;no_price
krasnodar-mozhga;;;;no_price
krasnodar-naro-fominsk;;;;no_price
krasnodar-nebug;;;;no_price
krasnodar-neftekumsk;;;;no_price
krasnodar-nekrasovskoe;;;;no_price
krasnodar-nekrasovskoe-2;;;;no_price
krasnodar-nevinnomyssk;;;;no_price
krasnodar-neya;;;;no_price
krasnodar-nikolaevka;;;;no_price
krasnodar-nikolaevka-2;;;;no_price
krasnodar-nizhnekamsk;;;;no_price
krasnodar-nizhnevartovsk;;;;no_price
krasnodar-novoaleksandrovsk;;;;no_price
krasnodar-novodvinsk;;;;no_price
krasnodar-novomixajlovka;;;;no_price
krasnodar-novomoskovsk;;;;no_price
krasnodar-novopavlovsk;;;;no_price
krasnodar-novopokrovskaya;;;;no_price
krasnodar-obninsk;;;;no_price
krasnodar-oktyabrskij-2;;;;no_price
krasnodar-oktyabrskij-3;;;;no_price
krasnodar-oktyabrskij-4;;;;no_price
krasnodar-oktyabrskij-5;;;;no_price
krasnodar-oktyabrskij-6;;;;no_price
krasnodar-oktyabrskoe;;;;no_price
krasnodar-olginka;;;;no_price
krasnodar-olginka-2;;;;no_price
krasnodar-ordzhonikidze;;;;no_price
krasnodar-orlov;;;;no_price
krasnodar-orsk;;;;no_price
krasnodar-oryol;;;;no_price
krasnodar-pavlovo;;;;no_price
krasnodar-pavlovskaya;;;;no_price
krasnodar-pavlovskij;;;;no_price
krasnodar-pavlovskij-posad;;;;no_price
krasnodar-penza;;;;no_price
krasnodar-perevoz;;;;no_price
krasnodar-pervoe-maya;;;;no_price
krasnodar-pervomajsk;;;;no_price
krasnodar-pestovo;;;;no_price
krasnodar-petrovskij;;;;no_price
krasnodar-pionerskij;;;;no_price
krasnodar-pionerskij-2;;;;no_price
krasnodar-podolsk;;;;no_price
krasnodar-polevoj;;;;no_price
krasnodar-poltavskaya;;;;no_price
krasnodar-primorskij;;;;no_price
krasnodar-primorsko-axtarsk;;;;no_price
krasnodar-proletarskij;;;;no_price
krasnodar-pskov;;;;no_price
krasnodar-pyatigorsk;;;;no_price
krasnodar-rasskazovo;;;;no_price
krasnodar-rossosh;;;;no_price
krasnodar-rylsk;;;;no_price
krasnodar-saki;;;;no_price
krasnodar-salavat;;;;no_price
krasnodar-salsk;;;;no_price
krasnodar-semikarakorsk;;;;no_price
krasnodar-sennoj;;;;no_price
krasnodar-serpuxov;;;;no_price
krasnodar-sevastopol;;;;no_price
krasnodar-severnyj;;;;no_price
krasnodar-severouralsk;;;;no_price
krasnodar-shalya;;;;no_price
krasnodar-shhigry;;;;no_price
krasnodar-shhyolkino;;;;no_price
krasnodar-sibaj;;;;no_price
krasnodar-simferopol;;;;no_price
krasnodar-skopin;;;;no_price
krasnodar-smolensk;;;;no_price
krasnodar-sochi;;;;no_price
krasnodar-sosnovoborsk;;;;no_price
krasnodar-sovetskij;;;;no_price
krasnodar-sovetskij-2;;;;no_price
krasnodar-sovetskoe;;;;no_price
krasnodar-stanicza-egorlykskaya;;;;no_price
krasnodar-stanicza-sovetskaya;;;;no_price
krasnodar-staricza;;;;no_price
krasnodar-starominskaya;;;;no_price
krasnodar-staroshherbinovskaya;;;;no_price
krasnodar-stavropol;;;;no_price
krasnodar-stepnoe;;;;no_price
krasnodar-sterlitamak;;;;no_price
krasnodar-stroitel;;;;no_price
krasnodar-sudak;;;;no_price
krasnodar-sukko;;;;no_price
krasnodar-svetlyj;;;;no_price
krasnodar-svobodnyj;;;;no_price
krasnodar-svobodnyj-2;;;;no_price
krasnodar-taldom;;;;no_price
krasnodar-taman;;;;no_price
krasnodar-tambov;;;;no_price
krasnodar-tbilisskaya;;;;no_price
krasnodar-tejkovo;;;;no_price
krasnodar-temryuk;;;;no_price
krasnodar-timashyovsk;;;;no_price
krasnodar-tixoreczk;;;;no_price
krasnodar-tlyustenxabl;;;;no_price
krasnodar-toropecz;;;;no_price
krasnodar-tuapse;;;;no_price
krasnodar-tula;;;;no_price
krasnodar-tulskij;;;;no_price
krasnodar-tyoploe;;;;no_price
krasnodar-tyumen;;;;no_price
krasnodar-uralskij;;;;no_price
krasnodar-uralskij-2;;;;no_price
krasnodar-urussu;;;;no_price
krasnodar-uspenskoe;;;;no_price
krasnodar-ust-labinsk;;;;no_price
krasnodar-vardane;;;;no_price
krasnodar-veselovka;;;;no_price
krasnodar-vidnoe;;;;no_price
krasnodar-vityazevo;;;;no_price
krasnodar-vladimir;;;;no_price
krasnodar-vodnyj;;;;no_price
krasnodar-volgodonsk;;;;no_price
krasnodar-volgograd;;;;no_price
krasnodar-volna;;;;no_price
krasnodar-volzhskij;;;;no_price
krasnodar-volzhskij-2;;;;no_price
krasnodar-voronezh;;;;no_price
krasnodar-vostochnyj;;;;no_price
krasnodar-vyazma;;;;no_price
krasnodar-vyselki;;;;no_price
krasnodar-vyshesteblievskaya;;;;no_price
krasnodar-vysokij;;;;no_price
krasnodar-xadyzhensk;;;;no_price
krasnodar-xanty-mansijsk;;;;no_price
krasnodar-yalta;;;;no_price
krasnodar-yaroslavl;;;;no_price
krasnodar-yugorsk;;;;no_price
krasnodar-zapolyarnyj;;;;no_price
krasnodar-zapolyarnyj-2;;;;no_price
krasnodar-zapolyarnyj-3;;;;no_price
krasnodar-zhukovskij;;;;no_price
krasnodar-zlatoust;;;;no_price
krasnodar-zvyozdnyj;;;;no_price
krasnoyarsk-aeroport-xabarovsk-novyj;;;;no_price
krasnoyarsk-aldan;;;;no_price
krasnoyarsk-anzhero-sudzhensk;;;;no_price
krasnoyarsk-asha;;;;no_price
krasnoyarsk-asino;;;;no_price
krasnoyarsk-bajkal;;;;no_price
krasnoyarsk-belovo;;;;no_price
krasnoyarsk-bodajbo;;;;no_price
krasnoyarsk-iskitim;;;;no_price
krasnoyarsk-kargat;;;;no_price
krasnoyarsk-kirensk;;;;no_price
krasnoyarsk-kopejsk;;;;no_price
krasnoyarsk-kurtamysh;;;;no_price
krasnoyarsk-lesnoj;;;;no_price
krasnoyarsk-mezhdurechensk;;;;no_price
krasnoyarsk-miass;;;;no_price
krasnoyarsk-mogocha;;;;no_price
krasnoyarsk-naxodka;;;;no_price
krasnoyarsk-nizhnevartovsk;;;;no_price
krasnoyarsk-novaya-lyalya;;;;no_price
krasnoyarsk-novyj-urengoj;;;;no_price
krasnoyarsk-oktyabrskoe;;;;no_price
krasnoyarsk-partizansk;;;;no_price
krasnoyarsk-pervomajskij;;;;no_price
krasnoyarsk-rubczovsk;;;;no_price
krasnoyarsk-serov;;;;no_price
krasnoyarsk-severobajkalsk;;;;no_price
krasnoyarsk-shagonar;;;;no_price
krasnoyarsk-sim;;;;no_price
krasnoyarsk-sovetskij;;;;no_price
krasnoyarsk-svobodnyj;;;;no_price
krasnoyarsk-svobodnyj-2;;;;no_price
krasnoyarsk-topki;;;;no_price
krasnoyarsk-urengoj;;;;no_price
krasnoyarsk-vysokij;;;;no_price
krasnoyarsk-yuzhno-saxalinsk;;;;no_price
krasnoyarsk-yuzhnyj;;;;no_price
kurgan-adler;;;;no_price
kurgan-aleksandrov;;;;no_price
kurgan-alekseevka;;;;no_price
kurgan-artyomovskij;;;;no_price
kurgan-bashmakovo;;;;no_price
kurgan-belinskij;;;;no_price
kurgan-beloreczk;;;;no_price
kurgan-belyj;;;;no_price
kurgan-bryansk;;;;no_price
kurgan-bugulma;;;;no_price
kurgan-chelyabinsk;;;;no_price
kurgan-chusovoj;;;;no_price
kurgan-czentralnyj;;;;no_price
kurgan-davlekanovo;;;;no_price
kurgan-dzerzhinskij;;;;no_price
kurgan-gaj;;;;no_price
kurgan-gubaxa;;;;no_price
kurgan-inkerman;;;;no_price
kurgan-irbit;;;;no_price
kurgan-ivanovo;;;;no_price
kurgan-joshkar-ola;;;;no_price
kurgan-kamensk-uralskij;;;;no_price
kurgan-kamyshlov;;;;no_price
kurgan-kanash;;;;no_price
kurgan-kazan;;;;no_price
kurgan-kirov;;;;no_price
kurgan-kislovodsk;;;;no_price
kurgan-komsomolskij;;;;no_price
kurgan-krasnyj;;;;no_price
kurgan-kujbyshevo;;;;no_price
kurgan-kursk;;;;no_price
kurgan-lesnoj;;;;no_price
kurgan-matveev-kurgan;;;;no_price
kurgan-mczensk;;;;no_price
kurgan-meleuz;;;;no_price
kurgan-naberezhnye-chelny;;;;no_price
kurgan-neftekamsk;;;;no_price
kurgan-nefteyugansk;;;;no_price
kurgan-neya;;;;no_price
kurgan-nizhnij-tagil;;;;no_price
kurgan-oktyabrskij;;;;no_price
kurgan-oktyabrskoe;;;;no_price
kurgan-orenburg;;;;no_price
kurgan-orsk;;;;no_price
kurgan-plast;;;;no_price
kurgan-pleseczk;;;;no_price
kurgan-pushkino;;;;no_price
kurgan-rostov-na-donu;;;;no_price
kurgan-salsk;;;;no_price
kurgan-samara;;;;no_price
kurgan-sankt-peterburg;;;;no_price
kurgan-saratov;;;;no_price
kurgan-severnyj;;;;no_price
kurgan-shadrinsk;;;;no_price
kurgan-solnechnyj;;;;no_price
kurgan-sovetskij;;;;no_price
kurgan-sovetskoe;;;;no_price
kurgan-staryj-oskol;;;;no_price
kurgan-stroitel;;;;no_price
kurgan-sumkino;;;;no_price
kurgan-tavda;;;;no_price
kurgan-tolyatti;;;;no_price
kurgan-tujmazy;;;;no_price
kurgan-uchaly;;;;no_price
kurgan-ufa;;;;no_price
kurgan-ulyanovsk;;;;no_price
kurgan-uralskij;;;;no_price
kurgan-volgodonsk;;;;no_price
kurgan-volgograd;;;;no_price
kurgan-vologda;;;;no_price
kurgan-vorotynecz;;;;no_price
kurgan-vostochnyj;;;;no_price
kurgan-yasnyj;;;;no_price
kurgan-yuzhnouralsk;;;;no_price
kurgan-yuzhnyj;;;;no_price
kurgan-zhigulyovsk;;;;no_price
kurgan-zvyozdnyj;;;;no_price
kursk-aleksandrov;;;;no_price
kursk-aleksin;;;;no_price
kursk-armavir;;;;no_price
kursk-arxangelsk;;;;no_price
kursk-balakovo;;;;no_price
kursk-balashixa;;;;no_price
kursk-belyj;;;;no_price
kursk-biryuch;;;;no_price
kursk-borisoglebsk;;;;no_price
kursk-borovskij;;;;no_price
kursk-bryuxoveczkaya;;;;no_price
kursk-buzuluk;;;;no_price
kursk-chaplygin;;;;no_price
kursk-cheboksary;;;;no_price
kursk-cherepovecz;;;;no_price
kursk-chernushka;;;;no_price
kursk-chertkovo;;;;no_price
kursk-chexov;;;;no_price
kursk-chusovoj;;;;no_price
kursk-czentralnyj;;;;no_price
kursk-domodedovo;;;;no_price
kursk-dubrovka;;;;no_price
kursk-dzerzhinskij;;;;no_price
kursk-dzhankoj;;;;no_price
kursk-efremov;;;;no_price
kursk-ejsk;;;;no_price
kursk-frolovo;;;;no_price
kursk-gaj;;;;no_price
kursk-goliczyno;;;;no_price
kursk-gorshechnoe;;;;no_price
kursk-gryazi;;;;no_price
kursk-ivanovo;;;;no_price
kursk-izmajlovo;;;;no_price
kursk-joshkar-ola;;;;no_price
kursk-kamenka;;;;no_price
kursk-kamenskij;;;;no_price
kursk-kandalaksha;;;;no_price
kursk-kazan;;;;no_price
kursk-kineshma;;;;no_price
kursk-kirov;;;;no_price
kursk-kolchugino;;;;no_price
kursk-kolomna;;;;no_price
kursk-konakovo;;;;no_price
kursk-kondopoga;;;;no_price
kursk-korenovsk;;;;no_price
kursk-korocha;;;;no_price
kursk-kotlas;;;;no_price
kursk-kotovo;;;;no_price
kursk-kovrov;;;;no_price
kursk-krasnogvardejskoe;;;;no_price
kursk-krasnoturinsk;;;;no_price
kursk-krasnyj;;;;no_price
kursk-krymsk;;;;no_price
kursk-kurgan;;;;no_price
kursk-kurganinsk;;;;no_price
kursk-lebyazhe;;;;no_price
kursk-leninskoe;;;;no_price
kursk-lesnoj;;;;no_price
kursk-lokot;;;;no_price
kursk-lyuberczy;;;;no_price
kursk-lyubim;;;;no_price
kursk-lyudinovo;;;;no_price
kursk-magnitnyj;;;;no_price
kursk-maloarxangelsk;;;;no_price
kursk-malysheva;;;;no_price
kursk-mczensk;;;;no_price
kursk-medyn;;;;no_price
kursk-mirnyj;;;;no_price
kursk-mixajlovka;;;;no_price
kursk-morozovsk;;;;no_price
kursk-moskva;;;;no_price
kursk-murmansk;;;;no_price
kursk-murom;;;;no_price
kursk-naberezhnye-chelny;;;;no_price
kursk-naryshkino;;;;no_price
kursk-nizhnekamsk;;;;no_price
kursk-nizhnij-novgorod;;;;no_price
kursk-nizhnij-tagil;;;;no_price
kursk-novorossijsk;;;;no_price
kursk-novospasskoe;;;;no_price
kursk-obninsk;;;;no_price
kursk-oktyabrskij;;;;no_price
kursk-oktyabrskoe;;;;no_price
kursk-olonecz;;;;no_price
kursk-orlov;;;;no_price
kursk-ostrogozhsk;;;;no_price
kursk-otradnaya;;;;no_price
kursk-otradnyj;;;;no_price
kursk-panino;;;;no_price
kursk-pechora;;;;no_price
kursk-pechory;;;;no_price
kursk-perevoz;;;;no_price
kursk-perm;;;;no_price
kursk-pervomajsk;;;;no_price
kursk-petrovsk;;;;no_price
kursk-petrovskij;;;;no_price
kursk-podolsk;;;;no_price
kursk-povorino;;;;no_price
kursk-pristen;;;;no_price
kursk-pushkino;;;;no_price
kursk-pushkino-moskovskaya-oblast;;;;no_price
kursk-reutov;;;;no_price
kursk-rovenki;;;;no_price
kursk-ryazhsk;;;;no_price
kursk-rybnoe;;;;no_price
kursk-saratov;;;;no_price
kursk-segezha;;;;no_price
kursk-sevastopol;;;;no_price
kursk-severnyj;;;;no_price
kursk-shhyokino;;;;no_price
kursk-smolensk;;;;no_price
kursk-sochi;;;;no_price
kursk-solnechnogorsk;;;;no_price
kursk-spas-klepiki;;;;no_price
kursk-staraya-russa;;;;no_price
kursk-staroshherbinovskaya;;;;no_price
kursk-stavropol;;;;no_price
kursk-sterlitamak;;;;no_price
kursk-stroitel;;;;no_price
kursk-syktyvkar;;;;no_price
kursk-syzran;;;;no_price
kursk-tamala;;;;no_price
kursk-tolyatti;;;;no_price
kursk-tomarovka;;;;no_price
kursk-torzhok;;;;no_price
kursk-trubchevsk;;;;no_price
kursk-tulskij;;;;no_price
kursk-tyumen;;;;no_price
kursk-ulyanovsk;;;;no_price
kursk-uralskij;;;;no_price
kursk-uxta;;;;no_price
kursk-uzlovaya;;;;no_price
kursk-velikie-luki;;;;no_price
kursk-velikij-ustyug;;;;no_price
kursk-velsk;;;;no_price
kursk-verxove;;;;no_price
kursk-vladimir;;;;no_price
kursk-volokolamsk;;;;no_price
kursk-volokonovka;;;;no_price
kursk-volzhskij;;;;no_price
kursk-voskresensk;;;;no_price
kursk-ximki;;;;no_price
kursk-yaroslavl;;;;no_price
kursk-zherdevka;;;;no_price
kursk-zhukov;;;;no_price
kursk-znamenka;;;;no_price
kursk-zvyozdnyj;;;;no_price
kyzyl-barnaul;;;;no_price
kyzyl-bodaybo;;;;no_price
kyzyl-gorno-altaysk;;;;no_price
kyzyl-irkutsk;;;;no_price
kyzyl-kaa-hem;;;;no_price
kyzyl-novokuznetsk;;;;no_price
kyzyl-ust-ilimsk;;;;no_price
lipeczk-aleksandrov;;;;no_price
lipeczk-alekseevka;;;;no_price
lipeczk-armavir;;;;no_price
lipeczk-arzamas;;;;no_price
lipeczk-asha;;;;no_price
lipeczk-ashe;;;;no_price
lipeczk-astraxan;;;;no_price
lipeczk-balashov;;;;no_price
lipeczk-bogorodiczk;;;;no_price
lipeczk-borisovka;;;;no_price
lipeczk-budyonnovsk;;;;no_price
lipeczk-chaplygin;;;;no_price
lipeczk-cheboksary;;;;no_price
lipeczk-chusovoj;;;;no_price
lipeczk-czemzavod;;;;no_price
lipeczk-czentralnyj;;;;no_price
lipeczk-desnogorsk;;;;no_price
lipeczk-domodedovo;;;;no_price
lipeczk-donskoj;;;;no_price
lipeczk-dzerzhinsk;;;;no_price
lipeczk-eleczkij;;;;no_price
lipeczk-elektrostal;;;;no_price
lipeczk-gagarin;;;;no_price
lipeczk-istra;;;;no_price
lipeczk-ivnya;;;;no_price
lipeczk-izhevsk;;;;no_price
lipeczk-kamenka;;;;no_price
lipeczk-kanevskaya;;;;no_price
lipeczk-kashira;;;;no_price
lipeczk-kimry;;;;no_price
lipeczk-kirov;;;;no_price
lipeczk-kirovskij;;;;no_price
lipeczk-kletnya;;;;no_price
lipeczk-klinczy;;;;no_price
lipeczk-korablino;;;;no_price
lipeczk-kostroma;;;;no_price
lipeczk-kozelsk;;;;no_price
lipeczk-krasnogorsk;;;;no_price
lipeczk-krasnyj;;;;no_price
lipeczk-kropotkin;;;;no_price
lipeczk-kurchatov;;;;no_price
lipeczk-leningradskaya;;;;no_price
lipeczk-leninskoe;;;;no_price
lipeczk-lesnoj;;;;no_price
lipeczk-maloyaroslavecz;;;;no_price
lipeczk-miloslavskoe;;;;no_price
lipeczk-mixajlovka;;;;no_price
lipeczk-nikolaevka;;;;no_price
lipeczk-novorossijsk;;;;no_price
lipeczk-novoxopyorsk;;;;no_price
lipeczk-odinczovo;;;;no_price
lipeczk-orenburg;;;;no_price
lipeczk-orlov;;;;no_price
lipeczk-orsk;;;;no_price
lipeczk-oryol;;;;no_price
lipeczk-perevoz;;;;no_price
lipeczk-pervomajsk;;;;no_price
lipeczk-pervomajskij;;;;no_price
lipeczk-petrovskij;;;;no_price
lipeczk-petushki;;;;no_price
lipeczk-podgorenskij;;;;no_price
lipeczk-pokachi;;;;no_price
lipeczk-pugachyov;;;;no_price
lipeczk-pushkino;;;;no_price
lipeczk-ramenskoe;;;;no_price
lipeczk-ramon;;;;no_price
lipeczk-rovenki;;;;no_price
lipeczk-ruzaevka;;;;no_price
lipeczk-shebekino;;;;no_price
lipeczk-simferopol;;;;no_price
lipeczk-smolensk;;;;no_price
lipeczk-solikamsk;;;;no_price
lipeczk-sovetskij;;;;no_price
lipeczk-sovetskoe;;;;no_price
lipeczk-stavropol;;;;no_price
lipeczk-sterlitamak;;;;no_price
lipeczk-svobodnyj;;;;no_price
lipeczk-tulskij;;;;no_price
lipeczk-tyumen;;;;no_price
lipeczk-ulyanovsk;;;;no_price
lipeczk-unecha;;;;no_price
lipeczk-uzlovaya;;;;no_price
lipeczk-vidnoe;;;;no_price
lipeczk-vladimir;;;;no_price
lipeczk-vyksa;;;;no_price
lipeczk-vyshnij-volochyok;;;;no_price
lipeczk-vysokij;;;;no_price
lipeczk-yasnyj;;;;no_price
lipeczk-zelenokumsk;;;;no_price
lipeczk-znamenka;;;;no_price
lipeczk-zvyozdnyj;;;;no_price
lugansk-arhangelsk;;;;no_price
lugansk-ekaterinburg;;;;no_price
lugansk-kaluga;;;;no_price
lugansk-kazan;;;;no_price
lugansk-lipetsk;;;;no_price
lugansk-maykop;;;;no_price
lugansk-nizhniy-novgorod;;;;no_price
lugansk-orenburg;;;;no_price
lugansk-oryol;;;;no_price
lugansk-penza;;;;no_price
lugansk-smolensk;;;;no_price
lugansk-tambov;;;;no_price
lugansk-tula;;;;no_price
lugansk-tver;;;;no_price
lugansk-vladimir;;;;no_price
majkop-kazan;;;;no_price
mariupol-arhangelsk;;;;no_price
mariupol-belgorod;;;;no_price
mariupol-chelyabinsk;;;;no_price
mariupol-kirov;;;;no_price
mariupol-lipetsk;;;;no_price
mariupol-maykop;;;;no_price
mariupol-orenburg;;;;no_price
mariupol-oryol;;;;no_price
mariupol-perm;;;;no_price
mariupol-petrozavodsk;;;;no_price
mariupol-pskov;;;;no_price
mariupol-samara;;;;no_price
mariupol-saratov;;;;no_price
mariupol-simferopol;;;;no_price
mariupol-smolensk;;;;no_price
mariupol-tula;;;;no_price
mariupol-vladimir;;;;no_price
mariupol-volgograd;;;;no_price
mariupol-vologda;;;;no_price
melitopol-bryansk;;;;no_price
melitopol-kostroma;;;;no_price
melitopol-kursk;;;;no_price
melitopol-maykop;;;;no_price
melitopol-perm;;;;no_price
melitopol-saratov;;;;no_price
melitopol-simferopol;;;;no_price
melitopol-stavropol;;;;no_price
melitopol-tula;;;;no_price
melitopol-ulyanovsk;;;;no_price
melitopol-volgograd;;;;no_price
melitopol-voronezh;;;;no_price
moskva-abinsk;;;;no_price
moskva-adler;;;;no_price
moskva-agoj;;;;no_price
moskva-agryz;;;;no_price
moskva-aktyubinskij;;;;no_price
moskva-alatyr;;;;no_price
moskva-aleksandrov;;;;no_price
moskva-alekseevka;;;;no_price
moskva-alekseevka-2;;;;no_price
moskva-alekseevskoe;;;;no_price
moskva-almetevsk;;;;no_price
moskva-alushta;;;;no_price
moskva-anna;;;;no_price
moskva-arkadak;;;;no_price
moskva-arxangelsk;;;;no_price
moskva-arzamas;;;;no_price
moskva-asbest;;;;no_price
moskva-astraxan;;;;no_price
moskva-atkarsk;;;;no_price
moskva-balabanovo;;;;no_price
moskva-balabanovo-2;;;;no_price
moskva-balakovo;;;;no_price
moskva-balashov;;;;no_price
moskva-balaxna;;;;no_price
moskva-barysh;;;;no_price
moskva-bashmakovo;;;;no_price
moskva-baxchisaraj;;;;no_price
moskva-belaya-kalitva;;;;no_price
moskva-belgorod;;;;no_price
moskva-belorechensk;;;;no_price
moskva-belyj;;;;no_price
moskva-belyj-gorodok;;;;no_price
moskva-belyov;;;;no_price
moskva-bereznik;;;;no_price
moskva-berezniki;;;;no_price
moskva-beryozovo;;;;no_price
moskva-beryozovskij;;;;no_price
moskva-bezenchuk;;;;no_price
moskva-bezheczk;;;;no_price
moskva-blagoveshhensk;;;;no_price
moskva-bogorodiczk;;;;no_price
moskva-bogorodsk;;;;no_price
moskva-bogorodskoe;;;;no_price
moskva-bokovskaya;;;;no_price
moskva-bologoe;;;;no_price
moskva-boloxovo;;;;no_price
moskva-bolxov;;;;no_price
moskva-bor;;;;no_price
moskva-borisovka;;;;no_price
moskva-borovichi-2;;;;no_price
moskva-borovoj;;;;no_price
moskva-borovsk;;;;no_price
moskva-borovsk-2;;;;no_price
moskva-borovskij;;;;no_price
moskva-bryansk;;;;no_price
moskva-budogoshh;;;;no_price
moskva-budyonnovsk;;;;no_price
moskva-buguruslan;;;;no_price
moskva-buj;;;;no_price
moskva-buturlinovka;;;;no_price
moskva-bykovo;;;;no_price
moskva-chajkovskij;;;;no_price
moskva-chamzinka;;;;no_price
moskva-chapaevsk;;;;no_price
moskva-chaplygin;;;;no_price
moskva-chebarkul;;;;no_price
moskva-cheboksary;;;;no_price
moskva-cherepovecz;;;;no_price
moskva-chern;;;;no_price
moskva-chernyanka;;;;no_price
moskva-chertkovo;;;;no_price
moskva-chkalovsk;;;;no_price
moskva-chudovo;;;;no_price
moskva-chusovoj;;;;no_price
moskva-czentralnyj;;;;no_price
moskva-czentralnyj-2;;;;no_price
moskva-czivilsk;;;;no_price
moskva-dankov;;;;no_price
moskva-davydovka;;;;no_price
moskva-dedovichi;;;;no_price
moskva-demidov;;;;no_price
moskva-desnogorsk;;;;no_price
moskva-dimitrovgrad;;;;no_price
moskva-divnomorskoe;;;;no_price
moskva-dmitriev;;;;no_price
moskva-dmitrievka;;;;no_price
moskva-dmitrovsk;;;;no_price
moskva-dolgoe;;;;no_price
moskva-donskoj;;;;no_price
moskva-dubrovka;;;;no_price
moskva-dubrovka-2;;;;no_price
moskva-duminichi;;;;no_price
moskva-duminichi-2;;;;no_price
moskva-dyatkovo;;;;no_price
moskva-dyurso;;;;no_price
moskva-dyurtyuli;;;;no_price
moskva-dzerzhinsk;;;;no_price
moskva-dzhalil;;;;no_price
moskva-dzhankoj;;;;no_price
moskva-efremov;;;;no_price
moskva-elabuga;;;;no_price
moskva-elan;;;;no_price
moskva-elatma;;;;no_price
moskva-elecz;;;;no_price
moskva-eleczkij;;;;no_price
moskva-elnya;;;;no_price
moskva-emanzhelinsk;;;;no_price
moskva-ermish;;;;no_price
moskva-ermolino;;;;no_price
moskva-ermolino-2;;;;no_price
moskva-ertil;;;;no_price
moskva-evpatoriya;;;;no_price
moskva-fatezh;;;;no_price
moskva-feodosiya;;;;no_price
moskva-frolovo;;;;no_price
moskva-furmanov;;;;no_price
moskva-fyodorovskij;;;;no_price
moskva-fyodorovskoe;;;;no_price
moskva-gagarin;;;;no_price
moskva-gaj;;;;no_price
moskva-galich;;;;no_price
moskva-gatchina;;;;no_price
moskva-georgievsk;;;;no_price
moskva-golynki;;;;no_price
moskva-gornyj;;;;no_price
moskva-gorodecz;;;;no_price
moskva-gorodishhe;;;;no_price
moskva-gorodishhe-2;;;;no_price
moskva-gorodishhi;;;;no_price
moskva-gryazi;;;;no_price
moskva-gubkin;;;;no_price
moskva-gukovo;;;;no_price
moskva-gurzuf;;;;no_price
moskva-gus-xrustalnyj;;;;no_price
moskva-ilinka;;;;no_price
moskva-imeni-v-i-lenina;;;;no_price
moskva-innopolis;;;;no_price
moskva-insar;;;;no_price
moskva-inzhavino;;;;no_price
moskva-irbit;;;;no_price
moskva-ishimbaj;;;;no_price
moskva-ivanovo;;;;no_price
moskva-izhevsk;;;;no_price
moskva-izmajlovo;;;;no_price
moskva-joshkar-ola;;;;no_price
moskva-kadnikov;;;;no_price
moskva-kadom;;;;no_price
moskva-kadyj;;;;no_price
moskva-kalach;;;;no_price
moskva-kalininskaya;;;;no_price
moskva-kaluga;;;;no_price
moskva-kalyazin;;;;no_price
moskva-kambarka;;;;no_price
moskva-kamenka;;;;no_price
moskva-kamenka-2;;;;no_price
moskva-kamenka-3;;;;no_price
moskva-kamenka-4;;;;no_price
moskva-kamensk-shaxtinskij;;;;no_price
moskva-kamensk-uralskij;;;;no_price
moskva-kamenskij;;;;no_price
moskva-kameshkovo;;;;no_price
moskva-kamyshin;;;;no_price
moskva-kamyshlov;;;;no_price
moskva-kanash;;;;no_price
moskva-karabanovo;;;;no_price
moskva-karachev;;;;no_price
moskva-kargopol;;;;no_price
moskva-kartaly;;;;no_price
moskva-kashin;;;;no_price
moskva-kasimov;;;;no_price
moskva-kastornoe;;;;no_price
moskva-kem;;;;no_price
moskva-kerch;;;;no_price
moskva-kesova-gora;;;;no_price
moskva-kimovsk;;;;no_price
moskva-kimry;;;;no_price
moskva-kinel;;;;no_price
moskva-kineshma;;;;no_price
moskva-kingisepp;;;;no_price
moskva-kireevsk;;;;no_price
moskva-kirillov;;;;no_price
moskva-kirov;;;;no_price
moskva-kirov-2;;;;no_price
moskva-kirovo-chepeczk;;;;no_price
moskva-kirovsk;;;;no_price
moskva-kirovskij;;;;no_price
moskva-kirovskij-2;;;;no_price
moskva-kirsanov;;;;no_price
moskva-kirzhach;;;;no_price
moskva-kislovodsk;;;;no_price
moskva-klinczy;;;;no_price
moskva-kolchugino;;;;no_price
moskva-kommunisticheskij;;;;no_price
moskva-komsomolsk;;;;no_price
moskva-komsomolskij;;;;no_price
moskva-komsomolskij-2;;;;no_price
moskva-konakovo;;;;no_price
moskva-kondrovo;;;;no_price
moskva-kondrovo-2;;;;no_price
moskva-konstantinovsk;;;;no_price
moskva-konyshyovka;;;;no_price
moskva-korablino;;;;no_price
moskva-korenevo;;;;no_price
moskva-korenovsk;;;;no_price
moskva-korocha;;;;no_price
moskva-kosteryovo;;;;no_price
moskva-kostroma;;;;no_price
moskva-kotelnich;;;;no_price
moskva-kotelnikovo;;;;no_price
moskva-kotovo;;;;no_price
moskva-kovrov;;;;no_price
moskva-kovylkino;;;;no_price
moskva-koxma;;;;no_price
moskva-kozelsk;;;;no_price
moskva-kozelsk-2;;;;no_price
moskva-kozmodemyansk;;;;no_price
moskva-krasnaya-gora;;;;no_price
moskva-krasnaya-yaruga;;;;no_price
moskva-krasnoarmejsk;;;;no_price
moskva-krasnogorskij;;;;no_price
moskva-krasnogorskij-2;;;;no_price
moskva-krasnogvardejskoe;;;;no_price
moskva-krasnokamsk;;;;no_price
moskva-krasnoturinsk;;;;no_price
moskva-krasnoufimsk;;;;no_price
moskva-krasnyj;;;;no_price
moskva-krasnyj-kut;;;;no_price
moskva-kremyonki;;;;no_price
moskva-kremyonki-2;;;;no_price
moskva-kromy;;;;no_price
moskva-kropachyovo;;;;no_price
moskva-kropotkin;;;;no_price
moskva-krymsk;;;;no_price
moskva-kstovo;;;;no_price
moskva-kudymkar;;;;no_price
moskva-kukmor;;;;no_price
moskva-kulebaki;;;;no_price
moskva-kungur;;;;no_price
moskva-kurchatov;;;;no_price
moskva-kurgan;;;;no_price
moskva-kurganinsk;;;;no_price
moskva-kurkino;;;;no_price
moskva-kurortnoe;;;;no_price
moskva-kusa;;;;no_price
moskva-kushhyovskaya;;;;no_price
moskva-kuvshinovo;;;;no_price
moskva-kuzhenkino;;;;no_price
moskva-kuznechnoe;;;;no_price
moskva-kuzneczk;;;;no_price
moskva-labinsk;;;;no_price
moskva-lakinsk;;;;no_price
moskva-leningradskaya;;;;no_price
moskva-leninogorsk;;;;no_price
moskva-leninsk;;;;no_price
moskva-leninskoe;;;;no_price
moskva-lermontov;;;;no_price
moskva-lesnoj;;;;no_price
moskva-lesnoj-2;;;;no_price
moskva-lesnoj-3;;;;no_price
moskva-lezhnevo;;;;no_price
moskva-lgov;;;;no_price
moskva-lipki;;;;no_price
moskva-liski;;;;no_price
moskva-luga;;;;no_price
moskva-lugovoj;;;;no_price
moskva-lux;;;;no_price
moskva-lysva;;;;no_price
moskva-lyuban;;;;no_price
moskva-lyubim;;;;no_price
moskva-lyuboxna;;;;no_price
moskva-lyudinovo;;;;no_price
moskva-lyudinovo-2;;;;no_price
moskva-magnitnyj;;;;no_price
moskva-majkop;;;;no_price
moskva-maksatixa;;;;no_price
moskva-maloyaroslavecz;;;;no_price
moskva-maloyaroslavecz-2;;;;no_price
moskva-malysheva;;;;no_price
moskva-manturovo;;;;no_price
moskva-marks;;;;no_price
moskva-mczensk;;;;no_price
moskva-medyn;;;;no_price
moskva-medyn-2;;;;no_price
moskva-melenki;;;;no_price
moskva-meshhovsk;;;;no_price
moskva-meshhovsk-2;;;;no_price
moskva-mglin;;;;no_price
moskva-michurinsk;;;;no_price
moskva-mikun;;;;no_price
moskva-millerovo;;;;no_price
moskva-miloslavskoe;;;;no_price
moskva-mineralnye-vody;;;;no_price
moskva-mirnyj;;;;no_price
moskva-mirnyj-2;;;;no_price
moskva-mirnyj-3;;;;no_price
moskva-mixajlov;;;;no_price
moskva-mixajlovka;;;;no_price
moskva-molochnyj;;;;no_price
moskva-molokovo;;;;no_price
moskva-monchegorsk;;;;no_price
moskva-morshansk;;;;no_price
moskva-mosalsk;;;;no_price
moskva-mosalsk-2;;;;no_price
moskva-mostovskoj;;;;no_price
moskva-murom;;;;no_price
moskva-myshkin;;;;no_price
moskva-naberezhnye-chelny;;;;no_price
moskva-navashino;;;;no_price
moskva-navoloki;;;;no_price
moskva-neftekamsk;;;;no_price
moskva-nekrasovskoe;;;;no_price
moskva-nekrasovskoe-2;;;;no_price
moskva-nelidovo;;;;no_price
moskva-nerexta;;;;no_price
moskva-nevel;;;;no_price
moskva-nevinnomyssk;;;;no_price
moskva-neya;;;;no_price
moskva-nigniy_novgorod;;;;no_price
moskva-nikolaevsk;;;;no_price
moskva-nikolsk;;;;no_price
moskva-nikolsk-2;;;;no_price
moskva-nikolskij;;;;no_price
moskva-nikolskoe;;;;no_price
moskva-nizhnekamsk;;;;no_price
moskva-nizhnij-tagil;;;;no_price
moskva-novoanninskij;;;;no_price
moskva-novocheboksarsk;;;;no_price
moskva-novogurovskij;;;;no_price
moskva-novomichurinsk;;;;no_price
moskva-novorossijsk;;;;no_price
moskva-novosil;;;;no_price
moskva-novospasskoe;;;;no_price
moskva-novotroiczk;;;;no_price
moskva-novouzensk;;;;no_price
moskva-novovoronezh;;;;no_price
moskva-novozybkov;;;;no_price
moskva-novyj-oskol;;;;no_price
moskva-novyj-urengoj;;;;no_price
moskva-nyandoma;;;;no_price
moskva-obninsk-2;;;;no_price
moskva-oboyan;;;;no_price
moskva-odoev;;;;no_price
moskva-oktyabrsk;;;;no_price
moskva-oktyabrskij;;;;no_price
moskva-oktyabrskij-3;;;;no_price
moskva-oktyabrskij-4;;;;no_price
moskva-oktyabrskij-5;;;;no_price
moskva-oktyabrskij-6;;;;no_price
moskva-oktyabrskij-7;;;;no_price
moskva-olenegorsk;;;;no_price
moskva-olenino;;;;no_price
moskva-oparino;;;;no_price
moskva-ordzhonikidze;;;;no_price
moskva-orel;;;;no_price
moskva-orlov;;;;no_price
moskva-orsha;;;;no_price
moskva-osa;;;;no_price
moskva-ostashkov;;;;no_price
moskva-ostrogozhsk;;;;no_price
moskva-ostrov;;;;no_price
moskva-otradnaya;;;;no_price
moskva-otradnoe;;;;no_price
moskva-otradnyj;;;;no_price
moskva-ozyornyj;;;;no_price
moskva-ozyornyj-2;;;;no_price
moskva-palex;;;;no_price
moskva-parfino;;;;no_price
moskva-pavelecz;;;;no_price
moskva-pavlovka;;;;no_price
moskva-pavlovo;;;;no_price
moskva-pavlovo-2;;;;no_price
moskva-pavlovsk;;;;no_price
moskva-pavlovskaya;;;;no_price
moskva-pavlovskij;;;;no_price
moskva-pechora;;;;no_price
moskva-pechory;;;;no_price
moskva-peno;;;;no_price
moskva-pereslavl-zalesskij;;;;no_price
moskva-perevoz;;;;no_price
moskva-pervomajskij;;;;no_price
moskva-pervomajskij-2;;;;no_price
moskva-pervomajskij-3;;;;no_price
moskva-pervomajskij-4;;;;no_price
moskva-pervomajskij-5;;;;no_price
moskva-petrovsk;;;;no_price
moskva-petrovskij;;;;no_price
moskva-petrozavodsk;;;;no_price
moskva-petushki;;;;no_price
moskva-pikalyovo;;;;no_price
moskva-pionerskij;;;;no_price
moskva-pionerskij-2;;;;no_price
moskva-plavsk;;;;no_price
moskva-plyos;;;;no_price
moskva-pochep;;;;no_price
moskva-pochinok;;;;no_price
moskva-pogar;;;;no_price
moskva-pokrov;;;;no_price
moskva-pokrovskoe;;;;no_price
moskva-pokrovskoe-2;;;;no_price
moskva-polevoj;;;;no_price
moskva-polyarnyj;;;;no_price
moskva-porxov;;;;no_price
moskva-posyolok-komsomolskij;;;;no_price
moskva-povorino;;;;no_price
moskva-poxvistnevo;;;;no_price
moskva-primorsko-axtarsk;;;;no_price
moskva-pristen;;;;no_price
moskva-privodino;;;;no_price
moskva-privolzhsk;;;;no_price
moskva-proletarsk;;;;no_price
moskva-proletarskij;;;;no_price
moskva-proxorovka;;;;no_price
moskva-puchezh;;;;no_price
moskva-pudozh;;;;no_price
moskva-pugachyov;;;;no_price
moskva-pushkino;;;;no_price
moskva-pyatigorsk;;;;no_price
moskva-pyatniczkoe;;;;no_price
moskva-pyshma;;;;no_price
moskva-raduzhnyj;;;;no_price
moskva-raduzhnyj-2;;;;no_price
moskva-rasskazovo;;;;no_price
moskva-redkino;;;;no_price
moskva-reshetixa;;;;no_price
moskva-rodniki;;;;no_price
moskva-roshhinskij;;;;no_price
moskva-rossosh;;;;no_price
moskva-rostov-na-don;;;;no_price
moskva-roza;;;;no_price
moskva-rtishhevo;;;;no_price
moskva-rudnya;;;;no_price
moskva-rudnya-2;;;;no_price
moskva-ruzaevka;;;;no_price
moskva-ryazhsk;;;;no_price
moskva-rybinsk;;;;no_price
moskva-rybnoe;;;;no_price
moskva-rzhaksa;;;;no_price
moskva-rzhev;;;;no_price
moskva-safonovo;;;;no_price
moskva-safonovo-2;;;;no_price
moskva-salavat;;;;no_price
moskva-samojlovka;;;;no_price
moskva-sapozhok;;;;no_price
moskva-saratov;;;;no_price
moskva-sarov;;;;no_price
moskva-sasovo;;;;no_price
moskva-satis;;;;no_price
moskva-savino;;;;no_price
moskva-sebezh;;;;no_price
moskva-selczo;;;;no_price
moskva-semikarakorsk;;;;no_price
moskva-semiluki;;;;no_price
moskva-serafimovich;;;;no_price
moskva-serdobsk;;;;no_price
moskva-sergach;;;;no_price
moskva-serov;;;;no_price
moskva-sevastopol;;;;no_price
moskva-severnyj;;;;no_price
moskva-severodvinsk;;;;no_price
moskva-sevsk;;;;no_price
moskva-sharya;;;;no_price
moskva-shaxunya;;;;no_price
moskva-shebekino;;;;no_price
moskva-sheksna;;;;no_price
moskva-shhyokino;;;;no_price
moskva-shumerlya;;;;no_price
moskva-shuya;;;;no_price
moskva-silikatnyj;;;;no_price
moskva-sim;;;;no_price
moskva-simferopol;;;;no_price
moskva-skopin;;;;no_price
moskva-slavyansk-na-kubani;;;;no_price
moskva-smolensk;;;;no_price
moskva-sobinka;;;;no_price
moskva-sochi;;;;no_price
moskva-sokol;;;;no_price
moskva-sol-ileczk;;;;no_price
moskva-solczy;;;;no_price
moskva-solikamsk;;;;no_price
moskva-solnczevo;;;;no_price
moskva-solnechnyj;;;;no_price
moskva-sorochinsk;;;;no_price
moskva-sortavala;;;;no_price
moskva-sosenskij;;;;no_price
moskva-sosenskij-2;;;;no_price
moskva-sosnogorsk;;;;no_price
moskva-sosnovyj-bor;;;;no_price
moskva-sosnovyj-bor-2;;;;no_price
moskva-sovetsk;;;;no_price
moskva-sovetsk-2;;;;no_price
moskva-sovetskij;;;;no_price
moskva-sovetskij-2;;;;no_price
moskva-sovetskoe;;;;no_price
moskva-spas-demensk;;;;no_price
moskva-spas-demensk-2;;;;no_price
moskva-spassk;;;;no_price
moskva-staraya-russa;;;;no_price
moskva-staricza;;;;no_price
moskva-starodub;;;;no_price
moskva-starominskaya;;;;no_price
moskva-staryj-oskol;;;;no_price
moskva-stavropol;;;;no_price
moskva-stavrovo;;;;no_price
moskva-sterlitamak;;;;no_price
moskva-stroitel;;;;no_price
moskva-sudak;;;;no_price
moskva-sudogda;;;;no_price
moskva-sukko;;;;no_price
moskva-surazh;;;;no_price
moskva-surovikino;;;;no_price
moskva-susanino;;;;no_price
moskva-suvorov;;;;no_price
moskva-suxinichi;;;;no_price
moskva-suxinichi-2;;;;no_price
moskva-suzemka;;;;no_price
moskva-svecha;;;;no_price
moskva-svetlogorsk;;;;no_price
moskva-svetlyj;;;;no_price
moskva-svetlyj-yar;;;;no_price
moskva-svobodnyj;;;;no_price
moskva-svobodnyj-2;;;;no_price
moskva-sychyovka;;;;no_price
moskva-syzran;;;;no_price
moskva-tarusa;;;;no_price
moskva-tarusa-2;;;;no_price
moskva-tbilisskaya;;;;no_price
moskva-tejkovo;;;;no_price
moskva-temnikov;;;;no_price
moskva-temryuk;;;;no_price
moskva-tim;;;;no_price
moskva-timashyovsk;;;;no_price
moskva-tixvin;;;;no_price
moskva-tokaryovka;;;;no_price
moskva-tolmachyovo;;;;no_price
moskva-tolyatti;;;;no_price
moskva-torbeevo;;;;no_price
moskva-toropecz;;;;no_price
moskva-torzhok;;;;no_price
moskva-totma;;;;no_price
moskva-troiczk;;;;no_price
moskva-trubchevsk;;;;no_price
moskva-tulskij;;;;no_price
moskva-tuma;;;;no_price
moskva-turki;;;;no_price
moskva-tutaev;;;;no_price
moskva-tyoploe;;;;no_price
moskva-udomlya;;;;no_price
moskva-ufa;;;;no_price
moskva-ulyanovsk;;;;no_price
moskva-unecha;;;;no_price
moskva-uni;;;;no_price
moskva-urengoj;;;;no_price
moskva-uryupinsk;;;;no_price
moskva-urzhum;;;;no_price
moskva-usman;;;;no_price
moskva-uspenskoe;;;;no_price
moskva-uxta;;;;no_price
moskva-uzlovaya;;;;no_price
moskva-valdaj;;;;no_price
moskva-varvarovka;;;;no_price
moskva-velikie-luki;;;;no_price
moskva-velikij-ustyug;;;;no_price
moskva-velizh;;;;no_price
moskva-venyov;;;;no_price
moskva-verxnyaya-maksakovka;;;;no_price
moskva-verxnyaya-pyshma;;;;no_price
moskva-vichuga;;;;no_price
moskva-vinogradnyj;;;;no_price
moskva-vodnyj;;;;no_price
moskva-volgograd;;;;no_price
moskva-volgorechensk;;;;no_price
moskva-volna;;;;no_price
moskva-volsk;;;;no_price
moskva-volzhsk;;;;no_price
moskva-volzhskij;;;;no_price
moskva-volzhskij-2;;;;no_price
moskva-voskresenskoe;;;;no_price
moskva-vostochnyj;;;;no_price
moskva-votkinsk;;;;no_price
moskva-voxtoga;;;;no_price
moskva-vyatskie-polyany;;;;no_price
moskva-vyazma;;;;no_price
moskva-vyborg;;;;no_price
moskva-vyksa;;;;no_price
moskva-vyselki;;;;no_price
moskva-vyshnij-volochyok;;;;no_price
moskva-vysokij;;;;no_price
moskva-vytegra;;;;no_price
moskva-xolm;;;;no_price
moskva-xvalynsk;;;;no_price
moskva-yalta;;;;no_price
moskva-yalutorovsk;;;;no_price
moskva-yarczevo;;;;no_price
moskva-yasnogorsk;;;;no_price
moskva-yasnyj;;;;no_price
moskva-yurev-polskij;;;;no_price
moskva-yurevecz;;;;no_price
moskva-yuxnov;;;;no_price
moskva-yuxnov-2;;;;no_price
moskva-yuzha;;;;no_price
moskva-yuzhnyj;;;;no_price
moskva-zadonsk;;;;no_price
moskva-zalegoshh;;;;no_price
moskva-zaokskij;;;;no_price
moskva-zarechnyj;;;;no_price
moskva-zarechnyj-2;;;;no_price
moskva-zavolzhe;;;;no_price
moskva-zavolzhsk;;;;no_price
moskva-zelenodolsk;;;;no_price
moskva-zelyonyj-gorod;;;;no_price
moskva-zheleznogorsk;;;;no_price
moskva-zherdevka;;;;no_price
moskva-zhigulyovsk;;;;no_price
moskva-zhigulyovsk-2;;;;no_price
moskva-zhirnovsk;;;;no_price
moskva-zhirnovsk-2;;;;no_price
moskva-zhizdra;;;;no_price
moskva-zhizdra-2;;;;no_price
moskva-zhizdra-2-2;;;;no_price
moskva-zhizdra-2-3;;;;no_price
moskva-zhizdra-3;;;;no_price
moskva-zhukov;;;;no_price
moskva-zhukov-2;;;;no_price
moskva-zhukovka;;;;no_price
moskva-znamenka;;;;no_price
moskva-znamenka-2;;;;no_price
moskva-zubczov;;;;no_price
moskva-zubova-polyana;;;;no_price
moskva-zverevo;;;;no_price
moskva-zvyozdnyj;;;;no_price
murmansk-aleksandrovsk;;;;no_price
murmansk-astrahan;;;;no_price
murmansk-balakovo;;;;no_price
murmansk-belgorod;;;;no_price
murmansk-berezniki;;;;no_price
murmansk-bor;;;;no_price
murmansk-cherepovets;;;;no_price
murmansk-elista;;;;no_price
murmansk-harovsk;;;;no_price
murmansk-izhevsk;;;;no_price
murmansk-kaluga;;;;no_price
murmansk-kirov;;;;no_price
murmansk-komsomolskiy;;;;no_price
murmansk-kotlas;;;;no_price
murmansk-krasnyy;;;;no_price
murmansk-leningradskaya;;;;no_price
murmansk-leninskoe;;;;no_price
murmansk-lyubim;;;;no_price
murmansk-magnitogorsk;;;;no_price
murmansk-nizhniy-novgorod;;;;no_price
murmansk-nizhniy-tagil;;;;no_price
murmansk-oktyabrskiy;;;;no_price
murmansk-oktyabrskoe;;;;no_price
murmansk-pavlovo;;;;no_price
murmansk-pervomayskiy;;;;no_price
murmansk-petrozavodsk;;;;no_price
murmansk-promyshlennyy;;;;no_price
murmansk-radishchevo;;;;no_price
murmansk-rostov-na-donu;;;;no_price
murmansk-roza;;;;no_price
murmansk-ryazan;;;;no_price
murmansk-samara;;;;no_price
murmansk-segezha;;;;no_price
murmansk-semyonov;;;;no_price
murmansk-severnyy;;;;no_price
murmansk-severomorsk;;;;no_price
murmansk-sim;;;;no_price
murmansk-simferopol;;;;no_price
murmansk-skalnyy;;;;no_price
murmansk-sosnovyy-bor;;;;no_price
murmansk-sovetskiy;;;;no_price
murmansk-sovetskoe;;;;no_price
murmansk-staraya-russa;;;;no_price
murmansk-staryy-oskol;;;;no_price
murmansk-svobodnyy;;;;no_price
murmansk-tula;;;;no_price
murmansk-tver;;;;no_price
murmansk-ufa;;;;no_price
murmansk-usman;;;;no_price
murmansk-velikiy-novgorod;;;;no_price
murmansk-velikiy-ustyug;;;;no_price
murmansk-velsk;;;;no_price
murmansk-volgograd;;;;no_price
murmansk-volna;;;;no_price
murmansk-vologda;;;;no_price
murmansk-voronezh;;;;no_price
murmansk-yaroslavl;;;;no_price
nizhnij-novgorod-aleksandrov;;;;no_price
nizhnij-novgorod-almetevsk;;;;no_price
nizhnij-novgorod-anna;;;;no_price
nizhnij-novgorod-aprelevka;;;;no_price
nizhnij-novgorod-atyashevo;;;;no_price
nizhnij-novgorod-belinskij;;;;no_price
nizhnij-novgorod-belousovo;;;;no_price
nizhnij-novgorod-belyj;;;;no_price
nizhnij-novgorod-bogdanovich;;;;no_price
nizhnij-novgorod-bogorodsk;;;;no_price
nizhnij-novgorod-boksitogorsk;;;;no_price
nizhnij-novgorod-borovsk;;;;no_price
nizhnij-novgorod-budyonnovsk;;;;no_price
nizhnij-novgorod-chudovo;;;;no_price
nizhnij-novgorod-dmitriev;;;;no_price
nizhnij-novgorod-domodedovo;;;;no_price
nizhnij-novgorod-dubrovka;;;;no_price
nizhnij-novgorod-dyurtyuli;;;;no_price
nizhnij-novgorod-dzerzhinskij;;;;no_price
nizhnij-novgorod-dzhankoj;;;;no_price
nizhnij-novgorod-efremov;;;;no_price
nizhnij-novgorod-elektrostal;;;;no_price
nizhnij-novgorod-elektrougli;;;;no_price
nizhnij-novgorod-elista;;;;no_price
nizhnij-novgorod-elnya;;;;no_price
nizhnij-novgorod-fryazino;;;;no_price
nizhnij-novgorod-gagarin;;;;no_price
nizhnij-novgorod-gornyj;;;;no_price
nizhnij-novgorod-gryazi;;;;no_price
nizhnij-novgorod-gukovo;;;;no_price
nizhnij-novgorod-gus-xrustalnyj;;;;no_price
nizhnij-novgorod-inza;;;;no_price
nizhnij-novgorod-ivanteevka;;;;no_price
nizhnij-novgorod-izhevsk;;;;no_price
nizhnij-novgorod-kaluga;;;;no_price
nizhnij-novgorod-kamenka;;;;no_price
nizhnij-novgorod-kameshkovo;;;;no_price
nizhnij-novgorod-kirovskij;;;;no_price
nizhnij-novgorod-kirzhach;;;;no_price
nizhnij-novgorod-klinczy;;;;no_price
nizhnij-novgorod-kommunisticheskij;;;;no_price
nizhnij-novgorod-komsomolsk;;;;no_price
nizhnij-novgorod-komsomolskij;;;;no_price
nizhnij-novgorod-kosteryovo;;;;no_price
nizhnij-novgorod-kovrov;;;;no_price
nizhnij-novgorod-krasnaya-polyana;;;;no_price
nizhnij-novgorod-krasnogorsk;;;;no_price
nizhnij-novgorod-krasnoslobodsk;;;;no_price
nizhnij-novgorod-krasnyj;;;;no_price
nizhnij-novgorod-kubinka;;;;no_price
nizhnij-novgorod-kujbyshevo;;;;no_price
nizhnij-novgorod-kursk;;;;no_price
nizhnij-novgorod-kuzneczk;;;;no_price
nizhnij-novgorod-leninsk;;;;no_price
nizhnij-novgorod-leninskoe;;;;no_price
nizhnij-novgorod-lesnoj;;;;no_price
nizhnij-novgorod-liski;;;;no_price
nizhnij-novgorod-lixoslavl;;;;no_price
nizhnij-novgorod-lyskovo;;;;no_price
nizhnij-novgorod-lyuberczy;;;;no_price
nizhnij-novgorod-magnitnyj;;;;no_price
nizhnij-novgorod-malinovskij;;;;no_price
nizhnij-novgorod-marks;;;;no_price
nizhnij-novgorod-melenki;;;;no_price
nizhnij-novgorod-michurinsk;;;;no_price
nizhnij-novgorod-mstyora;;;;no_price
nizhnij-novgorod-murmansk;;;;no_price
nizhnij-novgorod-mytishhi;;;;no_price
nizhnij-novgorod-naberezhnye-chelny;;;;no_price
nizhnij-novgorod-naro-fominsk;;;;no_price
nizhnij-novgorod-navashino;;;;no_price
nizhnij-novgorod-nerexta;;;;no_price
nizhnij-novgorod-neya;;;;no_price
nizhnij-novgorod-nizhnyaya-tura;;;;no_price
nizhnij-novgorod-noginsk;;;;no_price
nizhnij-novgorod-novouralsk;;;;no_price
nizhnij-novgorod-novyj-oskol;;;;no_price
nizhnij-novgorod-obninsk;;;;no_price
nizhnij-novgorod-oktyabrskij;;;;no_price
nizhnij-novgorod-oktyabrskoe;;;;no_price
nizhnij-novgorod-orexovo-zuevo;;;;no_price
nizhnij-novgorod-orlov;;;;no_price
nizhnij-novgorod-orsk;;;;no_price
nizhnij-novgorod-oryol;;;;no_price
nizhnij-novgorod-ozyory;;;;no_price
nizhnij-novgorod-palex;;;;no_price
nizhnij-novgorod-pechora;;;;no_price
nizhnij-novgorod-pechory;;;;no_price
nizhnij-novgorod-penza;;;;no_price
nizhnij-novgorod-perm;;;;no_price
nizhnij-novgorod-pervomajsk;;;;no_price
nizhnij-novgorod-pestyaki;;;;no_price
nizhnij-novgorod-pochinok;;;;no_price
nizhnij-novgorod-podolsk;;;;no_price
nizhnij-novgorod-pokrov;;;;no_price
nizhnij-novgorod-pokrovskoe;;;;no_price
nizhnij-novgorod-polevoj;;;;no_price
nizhnij-novgorod-poltavskaya;;;;no_price
nizhnij-novgorod-polyarnyj;;;;no_price
nizhnij-novgorod-proletarskij;;;;no_price
nizhnij-novgorod-pushkino;;;;no_price
nizhnij-novgorod-reshetixa;;;;no_price
nizhnij-novgorod-rodniki;;;;no_price
nizhnij-novgorod-roshal;;;;no_price
nizhnij-novgorod-rybinsk;;;;no_price
nizhnij-novgorod-rylsk;;;;no_price
nizhnij-novgorod-salsk;;;;no_price
nizhnij-novgorod-savino;;;;no_price
nizhnij-novgorod-severnyj;;;;no_price
nizhnij-novgorod-severodvinsk;;;;no_price
nizhnij-novgorod-shaczk;;;;no_price
nizhnij-novgorod-shaxunya;;;;no_price
nizhnij-novgorod-shumerlya;;;;no_price
nizhnij-novgorod-smolensk;;;;no_price
nizhnij-novgorod-sokol;;;;no_price
nizhnij-novgorod-solnechnyj;;;;no_price
nizhnij-novgorod-sosnogorsk;;;;no_price
nizhnij-novgorod-sosnovka;;;;no_price
nizhnij-novgorod-sovetskij;;;;no_price
nizhnij-novgorod-sovetskoe;;;;no_price
nizhnij-novgorod-staryj-oskol;;;;no_price
nizhnij-novgorod-stavropol;;;;no_price
nizhnij-novgorod-surgut;;;;no_price
nizhnij-novgorod-svobodnyj;;;;no_price
nizhnij-novgorod-tatishhevo;;;;no_price
nizhnij-novgorod-tonshaevo;;;;no_price
nizhnij-novgorod-tumbotino;;;;no_price
nizhnij-novgorod-tuzha;;;;no_price
nizhnij-novgorod-tyoploe;;;;no_price
nizhnij-novgorod-tyumen;;;;no_price
nizhnij-novgorod-ufa;;;;no_price
nizhnij-novgorod-ulyanovsk;;;;no_price
nizhnij-novgorod-uspenskoe;;;;no_price
nizhnij-novgorod-velikij-novgorod;;;;no_price
nizhnij-novgorod-verxnij-landex;;;;no_price
nizhnij-novgorod-vetluga;;;;no_price
nizhnij-novgorod-vichuga;;;;no_price
nizhnij-novgorod-vodnyj;;;;no_price
nizhnij-novgorod-volgodonsk;;;;no_price
nizhnij-novgorod-volna;;;;no_price
nizhnij-novgorod-volsk;;;;no_price
nizhnij-novgorod-volzhskij;;;;no_price
nizhnij-novgorod-voskresensk;;;;no_price
nizhnij-novgorod-vostochnyj;;;;no_price
nizhnij-novgorod-vyshnij-volochyok;;;;no_price
nizhnij-novgorod-vysokij;;;;no_price
nizhnij-novgorod-xarp;;;;no_price
nizhnij-novgorod-yasnyj;;;;no_price
nizhnij-novgorod-yuzha;;;;no_price
nizhnij-novgorod-yuzhnyj;;;;no_price
nizhnij-novgorod-zarajsk;;;;no_price
nizhnij-novgorod-zarechnyj;;;;no_price
nizhnij-novgorod-zavolzhskoe;;;;no_price
nizhnij-novgorod-zelenodolsk;;;;no_price
nizhnij-novgorod-zhukov;;;;no_price
nizhnij-novgorod-zverevo;;;;no_price
novosibirsk-bodaybo;;;;no_price
novosibirsk-bolotnoe;;;;no_price
novosibirsk-borodino;;;;no_price
novosibirsk-gorno-altaysk;;;;no_price
novosibirsk-kaltan;;;;no_price
novosibirsk-kamen-na-obi;;;;no_price
novosibirsk-kansk;;;;no_price
novosibirsk-karasuk;;;;no_price
novosibirsk-kirensk;;;;no_price
novosibirsk-kiselyovsk;;;;no_price
novosibirsk-leninsk-kuznetskiy;;;;no_price
novosibirsk-myski;;;;no_price
novosibirsk-nazarovo;;;;no_price
novosibirsk-nizhneudinsk;;;;no_price
novosibirsk-novoaltaysk;;;;no_price
novosibirsk-novokuznetsk;;;;no_price
novosibirsk-omsk;;;;no_price
novosibirsk-prokopevsk;;;;no_price
novosibirsk-seversk;;;;no_price
novosibirsk-slavgorod;;;;no_price
novosibirsk-sorsk;;;;no_price
novosibirsk-strezhevoy;;;;no_price
novosibirsk-tara;;;;no_price
novosibirsk-tatarsk;;;;no_price
novosibirsk-tulun;;;;no_price
novosibirsk-ust-ilimsk;;;;no_price
novosibirsk-ust-kut;;;;no_price
novosibirsk-uzhur;;;;no_price
novosibirsk-zheleznogorsk;;;;no_price
novosibirsk-zima;;;;no_price
omsk-alyaysk;;;;no_price
omsk-bodaybo;;;;no_price
omsk-bogotol;;;;no_price
omsk-gornyak;;;;no_price
omsk-iskitim;;;;no_price
omsk-kiselyovsk;;;;no_price
omsk-leninsk-kuznetskiy;;;;no_price
omsk-norilsk;;;;no_price
omsk-ob;;;;no_price
omsk-zaozyornyy;;;;no_price
omsk-zima;;;;no_price
orenburg-adler;;;;no_price
orenburg-aleksandrov;;;;no_price
orenburg-anapa;;;;no_price
orenburg-belyj;;;;no_price
orenburg-blagoveshhensk;;;;no_price
orenburg-bobrov;;;;no_price
orenburg-bryansk;;;;no_price
orenburg-chernushka;;;;no_price
orenburg-czentralnyj;;;;no_price
orenburg-dmitriev;;;;no_price
orenburg-dzerzhinskij;;;;no_price
orenburg-fyodorovskij;;;;no_price
orenburg-gagarin;;;;no_price
orenburg-gelendzhik;;;;no_price
orenburg-ivanovo;;;;no_price
orenburg-kalininsk;;;;no_price
orenburg-kaluga;;;;no_price
orenburg-kamyshin;;;;no_price
orenburg-kola;;;;no_price
orenburg-komsomolsk;;;;no_price
orenburg-komsomolskij;;;;no_price
orenburg-kotelniki;;;;no_price
orenburg-krasnoufimsk;;;;no_price
orenburg-krasnyj;;;;no_price
orenburg-kujbyshevo;;;;no_price
orenburg-kungur;;;;no_price
orenburg-kursk;;;;no_price
orenburg-kuvshinovo;;;;no_price
orenburg-lgov;;;;no_price
orenburg-lipeczk;;;;no_price
orenburg-mirnyj;;;;no_price
orenburg-mixajlovka;;;;no_price
orenburg-mytishhi;;;;no_price
orenburg-nefteyugansk;;;;no_price
orenburg-neya;;;;no_price
orenburg-orlov;;;;no_price
orenburg-oryol;;;;no_price
orenburg-panino;;;;no_price
orenburg-perevoz;;;;no_price
orenburg-petushki;;;;no_price
orenburg-pionerskij;;;;no_price
orenburg-plast;;;;no_price
orenburg-polyarnyj;;;;no_price
orenburg-poxvistnevo;;;;no_price
orenburg-proletarskij;;;;no_price
orenburg-promyshlennyj;;;;no_price
orenburg-pyatigorsk;;;;no_price
orenburg-pyshma;;;;no_price
orenburg-roza;;;;no_price
orenburg-ryazan;;;;no_price
orenburg-saransk;;;;no_price
orenburg-sarapul;;;;no_price
orenburg-sennoj;;;;no_price
orenburg-sevastopol;;;;no_price
orenburg-shadrinsk;;;;no_price
orenburg-sim;;;;no_price
orenburg-smolensk;;;;no_price
orenburg-solnechnyj;;;;no_price
orenburg-sovetskij;;;;no_price
orenburg-sovetskoe;;;;no_price
orenburg-stavropol;;;;no_price
orenburg-syktyvkar;;;;no_price
orenburg-tambov;;;;no_price
orenburg-tatishhevo;;;;no_price
orenburg-tver;;;;no_price
orenburg-tyoploe;;;;no_price
orenburg-urengoj;;;;no_price
orenburg-uxta;;;;no_price
orenburg-valujki;;;;no_price
orenburg-verxnyaya-pyshma;;;;no_price
orenburg-vorkuta;;;;no_price
orenburg-vyatskie-polyany;;;;no_price
orenburg-vysokij;;;;no_price
orenburg-yanaul;;;;no_price
orenburg-yurev-polskij;;;;no_price
orenburg-yuzhnouralsk;;;;no_price
orenburg-yuzhnyj;;;;no_price
orenburg-zelenodolsk;;;;no_price
orenburg-zhukov;;;;no_price
orenburg-zvyozdnyj;;;;no_price
oryol-aleksin;;;;no_price
oryol-arxangelsk;;;;no_price
oryol-balabanovo;;;;no_price
oryol-belye-berega;;;;no_price
oryol-belyj;;;;no_price
oryol-beryozovskij;;;;no_price
oryol-bogorodiczk;;;;no_price
oryol-borisoglebsk;;;;no_price
oryol-bugulma;;;;no_price
oryol-buzuluk;;;;no_price
oryol-bytosh;;;;no_price
oryol-chajkovskij;;;;no_price
oryol-chern;;;;no_price
oryol-chexov;;;;no_price
oryol-czentralnyj;;;;no_price
oryol-dolgoe;;;;no_price
oryol-domodedovo;;;;no_price
oryol-dorogobuzh;;;;no_price
oryol-dyatkovo;;;;no_price
oryol-ekaterinburg;;;;no_price
oryol-elecz;;;;no_price
oryol-fatezh;;;;no_price
oryol-gagarin;;;;no_price
oryol-gaj;;;;no_price
oryol-ivanovo;;;;no_price
oryol-kem;;;;no_price
oryol-kirov;;;;no_price
oryol-kirovskij;;;;no_price
oryol-klimovo;;;;no_price
oryol-klin;;;;no_price
oryol-klinczy;;;;no_price
oryol-kolomna;;;;no_price
oryol-komsomolskij;;;;no_price
oryol-kotelnich;;;;no_price
oryol-kovrov;;;;no_price
oryol-krasnyj;;;;no_price
oryol-kursk;;;;no_price
oryol-labinsk;;;;no_price
oryol-lebedyan;;;;no_price
oryol-lesnoj;;;;no_price
oryol-lgov;;;;no_price
oryol-loo;;;;no_price
oryol-lugovoj;;;;no_price
oryol-lyudinovo;;;;no_price
oryol-majkop;;;;no_price
oryol-makarev;;;;no_price
oryol-maloyaroslavecz;;;;no_price
oryol-michurinsk;;;;no_price
oryol-mixajlovka;;;;no_price
oryol-novomoskovsk;;;;no_price
oryol-novozybkov;;;;no_price
oryol-oktyabrsk;;;;no_price
oryol-oktyabrskij;;;;no_price
oryol-oktyabrskoe;;;;no_price
oryol-orenburg;;;;no_price
oryol-orlov;;;;no_price
oryol-pavlovsk;;;;no_price
oryol-penza;;;;no_price
oryol-pikalyovo;;;;no_price
oryol-pionerskij;;;;no_price
oryol-plavsk;;;;no_price
oryol-podolsk;;;;no_price
oryol-posyolok-orlovskij;;;;no_price
oryol-roshhinskij;;;;no_price
oryol-roslavl;;;;no_price
oryol-rossosh;;;;no_price
oryol-rovnoe;;;;no_price
oryol-rybinsk;;;;no_price
oryol-samara;;;;no_price
oryol-sankt-peterburg;;;;no_price
oryol-saratov;;;;no_price
oryol-serpuxov;;;;no_price
oryol-sevastopol;;;;no_price
oryol-severnyj;;;;no_price
oryol-sevsk;;;;no_price
oryol-shebekino;;;;no_price
oryol-shhigry;;;;no_price
oryol-shhyokino;;;;no_price
oryol-silikatnyj;;;;no_price
oryol-slobodskoj;;;;no_price
oryol-sochi;;;;no_price
oryol-sokol;;;;no_price
oryol-solnechnogorsk;;;;no_price
oryol-sovetskij;;;;no_price
oryol-sovetskoe;;;;no_price
oryol-staricza;;;;no_price
oryol-starodub;;;;no_price
oryol-staryj-oskol;;;;no_price
oryol-stroitel;;;;no_price
oryol-suxinichi;;;;no_price
oryol-svobodnyj;;;;no_price
oryol-tulskij;;;;no_price
oryol-ufa;;;;no_price
oryol-ulyanovsk;;;;no_price
oryol-valujki;;;;no_price
oryol-volgograd;;;;no_price
oryol-volna;;;;no_price
oryol-vologda;;;;no_price
oryol-volzhsk;;;;no_price
oryol-vorkuta;;;;no_price
oryol-voronezh;;;;no_price
oryol-voskresensk;;;;no_price
oryol-vostochnyj;;;;no_price
oryol-xotkovo;;;;no_price
oryol-yalta;;;;no_price
oryol-yaransk;;;;no_price
oryol-yaroslavl;;;;no_price
oryol-yuzhnyj;;;;no_price
oryol-zhukov;;;;no_price
oryol-zhukovka;;;;no_price
oryol-zmiyovka;;;;no_price
oryol-znamenka;;;;no_price
oryol-zvyozdnyj;;;;no_price
penza-alatyr;;;;no_price
penza-aleksandrov;;;;no_price
penza-alekseevka;;;;no_price
penza-anna;;;;no_price
penza-arkadak;;;;no_price
penza-arzamas;;;;no_price
penza-balakovo;;;;no_price
penza-balashixa;;;;no_price
penza-balashov;;;;no_price
penza-bazarnyj-karabulak;;;;no_price
penza-belyj;;;;no_price
penza-beryozovo;;;;no_price
penza-bor;;;;no_price
penza-bryansk;;;;no_price
penza-chebarkul;;;;no_price
penza-cherepovecz;;;;no_price
penza-chexov;;;;no_price
penza-chusovoj;;;;no_price
penza-czentralnyj;;;;no_price
penza-dimitrovgrad;;;;no_price
penza-dmitriev;;;;no_price
penza-dmitrov;;;;no_price
penza-domodedovo;;;;no_price
penza-dzerzhinsk;;;;no_price
penza-efremov;;;;no_price
penza-ekaterinburg;;;;no_price
penza-ershov;;;;no_price
penza-essentuki;;;;no_price
penza-furmanov;;;;no_price
penza-gagarin;;;;no_price
penza-glazov;;;;no_price
penza-gorodishhe;;;;no_price
penza-gorodishhi;;;;no_price
penza-ivanovo;;;;no_price
penza-izmajlovo;;;;no_price
penza-kadoshkino;;;;no_price
penza-kalach;;;;no_price
penza-kaluga;;;;no_price
penza-kamenskij;;;;no_price
penza-kamyshin;;;;no_price
penza-kirzhach;;;;no_price
penza-kommunisticheskij;;;;no_price
penza-komsomolskij;;;;no_price
penza-kotelniki;;;;no_price
penza-krasnoslobodsk;;;;no_price
penza-kujbyshevo;;;;no_price
penza-kursk;;;;no_price
penza-lermontov;;;;no_price
penza-lesnoj;;;;no_price
penza-livny;;;;no_price
penza-lyuberczy;;;;no_price
penza-majna;;;;no_price
penza-marks;;;;no_price
penza-neya;;;;no_price
penza-nizhnevartovsk;;;;no_price
penza-nizhnij-novgorod;;;;no_price
penza-novocheboksarsk;;;;no_price
penza-nurlat;;;;no_price
penza-orexovo-zuevo;;;;no_price
penza-orlov;;;;no_price
penza-oryol;;;;no_price
penza-perevoz;;;;no_price
penza-petrozavodsk;;;;no_price
penza-petushki;;;;no_price
penza-proletarskij;;;;no_price
penza-pskov;;;;no_price
penza-pugachyov;;;;no_price
penza-raduzhnyj;;;;no_price
penza-rasskazovo;;;;no_price
penza-rodniki;;;;no_price
penza-saratov-2;;;;no_price
penza-selo-stepnoe;;;;no_price
penza-serpuxov;;;;no_price
penza-sharya;;;;no_price
penza-shatki;;;;no_price
penza-stepnoe;;;;no_price
penza-sterlitamak;;;;no_price
penza-stroitel;;;;no_price
penza-sudak;;;;no_price
penza-sura;;;;no_price
penza-suvorov;;;;no_price
penza-svetlyj;;;;no_price
penza-usman;;;;no_price
penza-vladimir;;;;no_price
penza-voskresensk;;;;no_price
penza-vysokij;;;;no_price
penza-yaroslavl;;;;no_price
penza-yuzhnyj;;;;no_price
penza-zarechnyj;;;;no_price
penza-zelenokumsk;;;;no_price
perm-aleksandrov;;;;no_price
perm-astraxan;;;;no_price
perm-balashov;;;;no_price
perm-bekovo;;;;no_price
perm-belgorod;;;;no_price
perm-belyj;;;;no_price
perm-beryozovskij;;;;no_price
perm-bisert;;;;no_price
perm-blagoveshhensk;;;;no_price
perm-bogorodsk;;;;no_price
perm-cheboksary;;;;no_price
perm-chelyabinsk;;;;no_price
perm-chernushka;;;;no_price
perm-czentralnyj;;;;no_price
perm-dinskaya;;;;no_price
perm-dmitriev;;;;no_price
perm-dolgoe;;;;no_price
perm-dzerzhinskij;;;;no_price
perm-egorevsk;;;;no_price
perm-elan;;;;no_price
perm-evpatoriya;;;;no_price
perm-gagarin;;;;no_price
perm-gornozavodsk;;;;no_price
perm-gornyj;;;;no_price
perm-goryachij-klyuch;;;;no_price
perm-ivanovo;;;;no_price
perm-joshkar-ola;;;;no_price
perm-kaluga;;;;no_price
perm-kirovgrad;;;;no_price
perm-kirovsk;;;;no_price
perm-kirovskij;;;;no_price
perm-komsomolskij;;;;no_price
perm-korolyov;;;;no_price
perm-krasnoufimsk;;;;no_price
perm-krasnyj;;;;no_price
perm-kujbyshevo;;;;no_price
perm-kursk;;;;no_price
perm-kusa;;;;no_price
perm-kuvandyk;;;;no_price
perm-langepas;;;;no_price
perm-lebyazhe;;;;no_price
perm-miass;;;;no_price
perm-millerovo;;;;no_price
perm-mirnyj;;;;no_price
perm-nevyansk;;;;no_price
perm-neya;;;;no_price
perm-nizhnevartovsk;;;;no_price
perm-nizhnij-lomov;;;;no_price
perm-nizhnij-novgorod;;;;no_price
perm-nizhnij-tagil;;;;no_price
perm-nolinsk;;;;no_price
perm-novocheboksarsk;;;;no_price
perm-novodvinsk;;;;no_price
perm-novouralsk;;;;no_price
perm-novyj-urengoj;;;;no_price
perm-nurlat;;;;no_price
perm-obninsk;;;;no_price
perm-oktyabrskij;;;;no_price
perm-oktyabrskoe;;;;no_price
perm-omutninsk;;;;no_price
perm-penza;;;;no_price
perm-pervomajskij;;;;no_price
perm-podolsk;;;;no_price
perm-polyarnyj;;;;no_price
perm-proletarskij;;;;no_price
perm-pskov;;;;no_price
perm-revda;;;;no_price
perm-rostov-na-donu;;;;no_price
perm-ryazan;;;;no_price
perm-salavat;;;;no_price
perm-salexard;;;;no_price
perm-samara;;;;no_price
perm-sarapul;;;;no_price
perm-severnyj;;;;no_price
perm-shumixa;;;;no_price
perm-slavyansk-na-kubani;;;;no_price
perm-smolensk;;;;no_price
perm-sol-ileczk;;;;no_price
perm-sovetskij;;;;no_price
perm-sovetskoe;;;;no_price
perm-staroshherbinovskaya;;;;no_price
perm-surgut;;;;no_price
perm-svobodnyj;;;;no_price
perm-syktyvkar;;;;no_price
perm-tolyatti;;;;no_price
perm-tujmazy;;;;no_price
perm-tula;;;;no_price
perm-turki;;;;no_price
perm-tyoploe;;;;no_price
perm-tyumen;;;;no_price
perm-ugleuralskij;;;;no_price
perm-urengoj;;;;no_price
perm-usinsk;;;;no_price
perm-uxta;;;;no_price
perm-verxnij-tagil;;;;no_price
perm-verxnyaya-tura;;;;no_price
perm-vetluzhskij;;;;no_price
perm-vodnyj;;;;no_price
perm-volna;;;;no_price
perm-vorkuta;;;;no_price
perm-vyatskie-polyany;;;;no_price
perm-vysokij;;;;no_price
perm-yuzhnyj;;;;no_price
perm-zainsk;;;;no_price
perm-zhukov;;;;no_price
perm-zlatoust;;;;no_price
petrozavodsk-anapa;;;;no_price
petrozavodsk-belgorod;;;;no_price
petrozavodsk-bor;;;;no_price
petrozavodsk-chelyabinsk;;;;no_price
petrozavodsk-chupa;;;;no_price
petrozavodsk-efremov;;;;no_price
petrozavodsk-fatezh;;;;no_price
petrozavodsk-gaj;;;;no_price
petrozavodsk-joshkar-ola;;;;no_price
petrozavodsk-kamenka;;;;no_price
petrozavodsk-kandalaksha;;;;no_price
petrozavodsk-kirovskij;;;;no_price
petrozavodsk-komsomolsk;;;;no_price
petrozavodsk-komsomolskij;;;;no_price
petrozavodsk-laxdenpoxya;;;;no_price
petrozavodsk-leningradskaya;;;;no_price
petrozavodsk-lesnoj;;;;no_price
petrozavodsk-lgov;;;;no_price
petrozavodsk-lodejnoe-pole;;;;no_price
petrozavodsk-moskva;;;;no_price
petrozavodsk-murmansk;;;;no_price
petrozavodsk-novozybkov;;;;no_price
petrozavodsk-nyandoma;;;;no_price
petrozavodsk-oktyabrskij;;;;no_price
petrozavodsk-oktyabrskoe;;;;no_price
petrozavodsk-olenegorsk;;;;no_price
petrozavodsk-onega;;;;no_price
petrozavodsk-penza;;;;no_price
petrozavodsk-pervomajskij;;;;no_price
petrozavodsk-petrovskij;;;;no_price
petrozavodsk-pskov;;;;no_price
petrozavodsk-rostov-na-donu;;;;no_price
petrozavodsk-severnyj;;;;no_price
petrozavodsk-severodvinsk;;;;no_price
petrozavodsk-solnechnyj;;;;no_price
petrozavodsk-staryj-oskol;;;;no_price
petrozavodsk-tula;;;;no_price
petrozavodsk-velikij-novgorod;;;;no_price
petrozavodsk-vladimir;;;;no_price
petrozavodsk-vologda;;;;no_price
petrozavodsk-voznesenskoe;;;;no_price
petrozavodsk-vyatskie-polyany;;;;no_price
petrozavodsk-vysokij;;;;no_price
petrozavodsk-yaroslavl;;;;no_price
petrozavodsk-zvyozdnyj;;;;no_price
pskov-aleksandrov;;;;no_price
pskov-axtubinsk;;;;no_price
pskov-belyj;;;;no_price
pskov-bologoe;;;;no_price
pskov-bryansk;;;;no_price
pskov-dno;;;;no_price
pskov-domodedovo;;;;no_price
pskov-dzerzhinsk;;;;no_price
pskov-ekaterinburg;;;;no_price
pskov-elektrostal;;;;no_price
pskov-evpatoriya;;;;no_price
pskov-gagarin;;;;no_price
pskov-gatchina;;;;no_price
pskov-issa;;;;no_price
pskov-izhevsk;;;;no_price
pskov-kaluga;;;;no_price
pskov-kamenka;;;;no_price
pskov-kashin;;;;no_price
pskov-kashira;;;;no_price
pskov-kazan;;;;no_price
pskov-kingisep;;;;no_price
pskov-konakovo;;;;no_price
pskov-kostroma;;;;no_price
pskov-kotovo;;;;no_price
pskov-krasnogorsk;;;;no_price
pskov-krasnooktyabrskij;;;;no_price
pskov-krasnyj;;;;no_price
pskov-leningradskaya;;;;no_price
pskov-marks;;;;no_price
pskov-mineralnye-vody;;;;no_price
pskov-murom;;;;no_price
pskov-neya;;;;no_price
pskov-novgorod;;;;no_price
pskov-novosokolniki;;;;no_price
pskov-oktyabrskij;;;;no_price
pskov-oktyabrskoe;;;;no_price
pskov-otradnaya;;;;no_price
pskov-otradnyj;;;;no_price
pskov-parfino;;;;no_price
pskov-pavlovsk;;;;no_price
pskov-pechora;;;;no_price
pskov-penza;;;;no_price
pskov-perm;;;;no_price
pskov-petrozavodsk;;;;no_price
pskov-podolsk;;;;no_price
pskov-podporozhe;;;;no_price
pskov-rossosh;;;;no_price
pskov-rostov-na-donu;;;;no_price
pskov-roza;;;;no_price
pskov-samara;;;;no_price
pskov-selizharovo;;;;no_price
pskov-sergiev-posad;;;;no_price
pskov-shimsk;;;;no_price
pskov-simferopol;;;;no_price
pskov-sovetskij;;;;no_price
pskov-sovetskoe;;;;no_price
pskov-strizhi;;;;no_price
pskov-surgut;;;;no_price
pskov-tula;;;;no_price
pskov-venyov;;;;no_price
pskov-vodnyj;;;;no_price
pskov-volgograd;;;;no_price
pskov-volna;;;;no_price
pskov-vologda;;;;no_price
pskov-vyksa;;;;no_price
pskov-vysokij;;;;no_price
pskov-vytegra;;;;no_price
pskov-yalta;;;;no_price
rostov-abinsk;;;;no_price
rostov-afipskij;;;;no_price
rostov-aleksandrov;;;;no_price
rostov-almetevsk;;;;no_price
rostov-alushta;;;;no_price
rostov-apsheronsk;;;;no_price
rostov-arkadak;;;;no_price
rostov-armavir;;;;no_price
rostov-arxangelsk;;;;no_price
rostov-arzamas;;;;no_price
rostov-atkarsk;;;;no_price
rostov-balashov;;;;no_price
rostov-belgorod;;;;no_price
rostov-belorechensk;;;;no_price
rostov-beloreczk;;;;no_price
rostov-belyj;;;;no_price
rostov-blagodarnyj;;;;no_price
rostov-bogorodiczk;;;;no_price
rostov-boguchar;;;;no_price
rostov-bor;;;;no_price
rostov-borisoglebsk;;;;no_price
rostov-bugulma;;;;no_price
rostov-buguruslan;;;;no_price
rostov-buzuluk;;;;no_price
rostov-chebarkul;;;;no_price
rostov-cheremisinovo;;;;no_price
rostov-cherepovecz;;;;no_price
rostov-chernushka;;;;no_price
rostov-chernyshkovskij;;;;no_price
rostov-chexov;;;;no_price
rostov-czentralnyj;;;;no_price
rostov-czentralnyj-2;;;;no_price
rostov-czimlyansk;;;;no_price
rostov-dagomys;;;;no_price
rostov-dimitrovgrad;;;;no_price
rostov-dmitriev;;;;no_price
rostov-dolgoprudnyj;;;;no_price
rostov-dolzhanskaya;;;;no_price
rostov-domodedovo;;;;no_price
rostov-doneck;;;;no_price
rostov-donskoj;;;;no_price
rostov-dubrovka;;;;no_price
rostov-dzerzhinskij;;;;no_price
rostov-efremov;;;;no_price
rostov-elecz;;;;no_price
rostov-evpatoriya;;;;no_price
rostov-feodosiya;;;;no_price
rostov-gagarin;;;;no_price
rostov-gaj;;;;no_price
rostov-galich;;;;no_price
rostov-gelendzhik;;;;no_price
rostov-georgievsk;;;;no_price
rostov-gorodishhe;;;;no_price
rostov-gorodishhe-2;;;;no_price
rostov-gorodishhi;;;;no_price
rostov-goroxovecz;;;;no_price
rostov-gubkin;;;;no_price
rostov-gukovo;;;;no_price
rostov-ilskij;;;;no_price
rostov-ipatovo;;;;no_price
rostov-irkutsk;;;;no_price
rostov-ivanovo;;;;no_price
rostov-izobilnyj;;;;no_price
rostov-kachkanar;;;;no_price
rostov-kalach;;;;no_price
rostov-kalach-na-donu;;;;no_price
rostov-kalyazin;;;;no_price
rostov-kamenka;;;;no_price
rostov-kamenka-2;;;;no_price
rostov-kamenka-3;;;;no_price
rostov-kamenka-4;;;;no_price
rostov-kamenolomni;;;;no_price
rostov-kamensk-shaxtinskij;;;;no_price
rostov-kamenskij;;;;no_price
rostov-kerch;;;;no_price
rostov-kimry;;;;no_price
rostov-kineshma;;;;no_price
rostov-kirov;;;;no_price
rostov-kirovsk;;;;no_price
rostov-kirovskij;;;;no_price
rostov-kirovskij-2;;;;no_price
rostov-kirsanov;;;;no_price
rostov-kommunisticheskij;;;;no_price
rostov-komsomolsk;;;;no_price
rostov-komsomolskij;;;;no_price
rostov-komsomolskij-2;;;;no_price
rostov-konstantinovsk;;;;no_price
rostov-korenovsk;;;;no_price
rostov-korolyov;;;;no_price
rostov-kovrov;;;;no_price
rostov-kozelsk;;;;no_price
rostov-kozmodemyansk;;;;no_price
rostov-krasnaya-polyana;;;;no_price
rostov-krasnoarmejsk;;;;no_price
rostov-krasnoarmejsk-2;;;;no_price
rostov-krasnogvardejskoe;;;;no_price
rostov-krasnokamsk;;;;no_price
rostov-krasnyj;;;;no_price
rostov-kropotkin;;;;no_price
rostov-krymsk;;;;no_price
rostov-kubinka;;;;no_price
rostov-kuchugury;;;;no_price
rostov-kurganinsk;;;;no_price
rostov-kurortnoe;;;;no_price
rostov-kursk;;;;no_price
rostov-kushhyovskaya;;;;no_price
rostov-labinsk;;;;no_price
rostov-lebedyan;;;;no_price
rostov-leninsk;;;;no_price
rostov-leninskoe;;;;no_price
rostov-lesnoj;;;;no_price
rostov-lesnoj-2;;;;no_price
rostov-lesnoj-3;;;;no_price
rostov-lgov;;;;no_price
rostov-lipeczk;;;;no_price
rostov-liski;;;;no_price
rostov-livny;;;;no_price
rostov-lysva;;;;no_price
rostov-lyubim;;;;no_price
rostov-magnitnyj;;;;no_price
rostov-malinovskij;;;;no_price
rostov-marks;;;;no_price
rostov-mczensk;;;;no_price
rostov-mednogorsk;;;;no_price
rostov-meleuz;;;;no_price
rostov-michurinsk;;;;no_price
rostov-mixajlov;;;;no_price
rostov-mixajlovsk;;;;no_price
rostov-mixajlovsk-2;;;;no_price
rostov-moskva-2;;;;no_price
rostov-mozhga;;;;no_price
rostov-myshkin;;;;no_price
rostov-mytishhi;;;;no_price
rostov-nalchik;;;;no_price
rostov-neftekumsk;;;;no_price
rostov-nerl;;;;no_price
rostov-neya;;;;no_price
rostov-nizhnij-tagil;;;;no_price
rostov-novoaleksandrovsk;;;;no_price
rostov-novokubansk;;;;no_price
rostov-novomoskovsk;;;;no_price
rostov-novorossijsk;;;;no_price
rostov-novotroiczk;;;;no_price
rostov-novozybkov;;;;no_price
rostov-obninsk;;;;no_price
rostov-oktyabrskij;;;;no_price
rostov-oktyabrskij-2;;;;no_price
rostov-oktyabrskij-3;;;;no_price
rostov-oktyabrskij-4;;;;no_price
rostov-oktyabrskij-5;;;;no_price
rostov-oktyabrskij-6;;;;no_price
rostov-oktyabrskij-7;;;;no_price
rostov-oktyabrskoe;;;;no_price
rostov-orlov;;;;no_price
rostov-orsk;;;;no_price
rostov-oryol;;;;no_price
rostov-ostashkov;;;;no_price
rostov-otradnaya;;;;no_price
rostov-otradnyj;;;;no_price
rostov-partenit;;;;no_price
rostov-pavlovo;;;;no_price
rostov-pavlovsk;;;;no_price
rostov-pavlovskij;;;;no_price
rostov-penza;;;;no_price
rostov-perevoz;;;;no_price
rostov-pervomajskij-2;;;;no_price
rostov-pervomajskij-3;;;;no_price
rostov-pervomajskij-4;;;;no_price
rostov-petrovskij;;;;no_price
rostov-petrozavodsk;;;;no_price
rostov-pokrovskoe-2;;;;no_price
rostov-primorskij;;;;no_price
rostov-primorsko-axtarsk;;;;no_price
rostov-proletarskij;;;;no_price
rostov-promyshlennyj;;;;no_price
rostov-pugachyov;;;;no_price
rostov-pushkino;;;;no_price
rostov-pushkino-2;;;;no_price
rostov-rovnoe;;;;no_price
rostov-roza;;;;no_price
rostov-rtishhevo;;;;no_price
rostov-ruzaevka;;;;no_price
rostov-rybinsk;;;;no_price
rostov-saki;;;;no_price
rostov-semibratovo;;;;no_price
rostov-serafimovich;;;;no_price
rostov-serpuxov;;;;no_price
rostov-sevastopol;;;;no_price
rostov-severnyj;;;;no_price
rostov-shebekino;;;;no_price
rostov-shhyolkovo;;;;no_price
rostov-sim;;;;no_price
rostov-simferopol;;;;no_price
rostov-slavyansk-na-kubani;;;;no_price
rostov-sokol;;;;no_price
rostov-solnechnogorsk;;;;no_price
rostov-sovetskij;;;;no_price
rostov-sovetskij-2;;;;no_price
rostov-sovetskoe;;;;no_price
rostov-starodub;;;;no_price
rostov-staryj-oskol;;;;no_price
rostov-stepnoe;;;;no_price
rostov-sukko;;;;no_price
rostov-surgut;;;;no_price
rostov-surovikino;;;;no_price
rostov-suvorov;;;;no_price
rostov-suzdal;;;;no_price
rostov-svetlograd;;;;no_price
rostov-svobodnyj;;;;no_price
rostov-svobodnyj-2;;;;no_price
rostov-talicza;;;;no_price
rostov-talovaya;;;;no_price
rostov-taman;;;;no_price
rostov-tbilisskaya;;;;no_price
rostov-timashyovsk;;;;no_price
rostov-tixoreczk;;;;no_price
rostov-tobolsk;;;;no_price
rostov-troiczk;;;;no_price
rostov-tulskij;;;;no_price
rostov-turki;;;;no_price
rostov-tutaev;;;;no_price
rostov-unecha;;;;no_price
rostov-uralskij;;;;no_price
rostov-uralskij-2;;;;no_price
rostov-usman;;;;no_price
rostov-uspenskoe;;;;no_price
rostov-valujki;;;;no_price
rostov-vasilevo;;;;no_price
rostov-velikij-ustyug;;;;no_price
rostov-vereshhagino;;;;no_price
rostov-vodnyj;;;;no_price
rostov-volna;;;;no_price
rostov-vologda;;;;no_price
rostov-volokolamsk;;;;no_price
rostov-volokonovka;;;;no_price
rostov-volsk;;;;no_price
rostov-volzhskij;;;;no_price
rostov-volzhskij-2;;;;no_price
rostov-voskresensk;;;;no_price
rostov-vostochnyj;;;;no_price
rostov-vysokij;;;;no_price
rostov-yasnyj;;;;no_price
rostov-yazykovo;;;;no_price
rostov-yuzhnyj;;;;no_price
rostov-zadonsk;;;;no_price
rostov-zarajsk;;;;no_price
rostov-zelyonyj-gorod;;;;no_price
rostov-zhukov;;;;no_price
rostov-zhukovskij;;;;no_price
rostov-zubova-polyana;;;;no_price
ryazan-adler;;;;no_price
ryazan-aleksandrov;;;;no_price
ryazan-ardatov;;;;no_price
ryazan-balabanovo;;;;no_price
ryazan-balakovo;;;;no_price
ryazan-balashixa;;;;no_price
ryazan-balashov;;;;no_price
ryazan-belgorod;;;;no_price
ryazan-beloozyorskij;;;;no_price
ryazan-belyj;;;;no_price
ryazan-beryozovo;;;;no_price
ryazan-chelyabinsk;;;;no_price
ryazan-czentralnyj;;;;no_price
ryazan-dmitriev;;;;no_price
ryazan-dobryanka;;;;no_price
ryazan-domodedovo;;;;no_price
ryazan-dubna;;;;no_price
ryazan-dyatkovo;;;;no_price
ryazan-dzerzhinsk;;;;no_price
ryazan-dzerzhinskij;;;;no_price
ryazan-ejsk;;;;no_price
ryazan-izhevsk;;;;no_price
ryazan-kaluga;;;;no_price
ryazan-katav-ivanovsk;;;;no_price
ryazan-kinel;;;;no_price
ryazan-kineshma;;;;no_price
ryazan-kireevsk;;;;no_price
ryazan-kislovodsk;;;;no_price
ryazan-klin;;;;no_price
ryazan-kolyshlej;;;;no_price
ryazan-komsomolskij;;;;no_price
ryazan-konyshyovka;;;;no_price
ryazan-korolyov;;;;no_price
ryazan-kotlas;;;;no_price
ryazan-kozelsk;;;;no_price
ryazan-krasnogorsk;;;;no_price
ryazan-krasnyj;;;;no_price
ryazan-krasnyj-luch;;;;no_price
ryazan-kubinka;;;;no_price
ryazan-kungur;;;;no_price
ryazan-kurkino;;;;no_price
ryazan-lebedyan;;;;no_price
ryazan-leninskoe;;;;no_price
ryazan-lermontov;;;;no_price
ryazan-lgov;;;;no_price
ryazan-livny;;;;no_price
ryazan-lobnya;;;;no_price
ryazan-lugovoj;;;;no_price
ryazan-lyuberczy;;;;no_price
ryazan-magnitnyj;;;;no_price
ryazan-magnitogorsk;;;;no_price
ryazan-malysheva;;;;no_price
ryazan-marks;;;;no_price
ryazan-michurinsk;;;;no_price
ryazan-molochnyj;;;;no_price
ryazan-moskva;;;;no_price
ryazan-murmansk;;;;no_price
ryazan-mytishhi;;;;no_price
ryazan-naberezhnye-chelny;;;;no_price
ryazan-naro-fominsk;;;;no_price
ryazan-noginsk;;;;no_price
ryazan-novorossijsk;;;;no_price
ryazan-nurlat;;;;no_price
ryazan-obninsk;;;;no_price
ryazan-odinczovo;;;;no_price
ryazan-oktyabrskij;;;;no_price
ryazan-oktyabrskoe;;;;no_price
ryazan-olginka;;;;no_price
ryazan-orenburg;;;;no_price
ryazan-orlov;;;;no_price
ryazan-otradnaya;;;;no_price
ryazan-otradnyj;;;;no_price
ryazan-pervomajskij;;;;no_price
ryazan-pionerskij;;;;no_price
ryazan-pobedinka;;;;no_price
ryazan-pokrovskoe;;;;no_price
ryazan-promyshlennyj;;;;no_price
ryazan-pugachyov;;;;no_price
ryazan-radishhevo;;;;no_price
ryazan-rovnoe;;;;no_price
ryazan-rybnoe;;;;no_price
ryazan-rzhev;;;;no_price
ryazan-samara;;;;no_price
ryazan-samojlovka;;;;no_price
ryazan-saratov;;;;no_price
ryazan-sarov;;;;no_price
ryazan-selczo;;;;no_price
ryazan-sengilej;;;;no_price
ryazan-sevastopol;;;;no_price
ryazan-severnyj;;;;no_price
ryazan-shhyokino;;;;no_price
ryazan-shuya;;;;no_price
ryazan-simferopol;;;;no_price
ryazan-sokol;;;;no_price
ryazan-solnechnyj;;;;no_price
ryazan-sovetskij;;;;no_price
ryazan-sovetskoe;;;;no_price
ryazan-spassk;;;;no_price
ryazan-svobodnyj;;;;no_price
ryazan-temnikov;;;;no_price
ryazan-troiczk;;;;no_price
ryazan-tulskij;;;;no_price
ryazan-uralskij;;;;no_price
ryazan-usman;;;;no_price
ryazan-uspenskoe;;;;no_price
ryazan-valujki;;;;no_price
ryazan-velikij-novgorod;;;;no_price
ryazan-venyov;;;;no_price
ryazan-vidnoe;;;;no_price
ryazan-vityazevo;;;;no_price
ryazan-volgodonsk;;;;no_price
ryazan-volna;;;;no_price
ryazan-vologda;;;;no_price
ryazan-vostochnyj;;;;no_price
ryazan-vyazniki;;;;no_price
ryazan-vysokij;;;;no_price
ryazan-xotkovo;;;;no_price
ryazan-yasnyj;;;;no_price
ryazan-yaxroma;;;;no_price
ryazan-zadonsk;;;;no_price
ryazan-zaokskij;;;;no_price
ryazan-zhukovskij;;;;no_price
samara-aeroport-kurumoch;;;;no_price
samara-alatyr;;;;no_price
samara-aleksandrov;;;;no_price
samara-alekseevskoe;;;;no_price
samara-alupka;;;;no_price
samara-anapa;;;;no_price
samara-arxangelsk;;;;no_price
samara-asbest;;;;no_price
samara-bakal;;;;no_price
samara-bazarnyj-syzgan;;;;no_price
samara-beloreczk;;;;no_price
samara-belyj;;;;no_price
samara-birsk;;;;no_price
samara-blagoveshhensk;;;;no_price
samara-boguchar;;;;no_price
samara-bor;;;;no_price
samara-bryansk;;;;no_price
samara-chajkovskij;;;;no_price
samara-chernomorskoe;;;;no_price
samara-chernushka;;;;no_price
samara-chexov;;;;no_price
samara-chishmy;;;;no_price
samara-chusovoj;;;;no_price
samara-czentralnyj;;;;no_price
samara-davlekanovo;;;;no_price
samara-dmitrov;;;;no_price
samara-domodedovo;;;;no_price
samara-dzerzhinskij;;;;no_price
samara-ekaterinovka;;;;no_price
samara-elabuga;;;;no_price
samara-gagarin;;;;no_price
samara-gaj;;;;no_price
samara-gornyj;;;;no_price
samara-kaluga;;;;no_price
samara-kanash;;;;no_price
samara-kirovsk;;;;no_price
samara-kirovskij;;;;no_price
samara-kislovodsk;;;;no_price
samara-komsomolskij;;;;no_price
samara-kotelniki;;;;no_price
samara-kovylkino;;;;no_price
samara-krasnoarmejsk;;;;no_price
samara-krasnyj;;;;no_price
samara-krasnyj-kut;;;;no_price
samara-kujbyshevo;;;;no_price
samara-kurgan;;;;no_price
samara-kuvandyk;;;;no_price
samara-leningradskaya;;;;no_price
samara-leninskoe;;;;no_price
samara-lesnoj;;;;no_price
samara-lyubim;;;;no_price
samara-lyudinovo;;;;no_price
samara-majna;;;;no_price
samara-marks;;;;no_price
samara-mezhdurechensk;;;;no_price
samara-millerovo;;;;no_price
samara-mineralnye-vody;;;;no_price
samara-mixajlovka;;;;no_price
samara-morki;;;;no_price
samara-mozhga;;;;no_price
samara-murmansk;;;;no_price
samara-myshkin;;;;no_price
samara-nefteyugansk;;;;no_price
samara-nekrasovskoe;;;;no_price
samara-nikel;;;;no_price
samara-nikolsk;;;;no_price
samara-nizhnij-tagil;;;;no_price
samara-noginsk;;;;no_price
samara-novocheboksarsk;;;;no_price
samara-novorossijsk;;;;no_price
samara-novotroiczk;;;;no_price
samara-novyj-urengoj;;;;no_price
samara-oboyan;;;;no_price
samara-oktyabrskoe;;;;no_price
samara-orlov;;;;no_price
samara-oryol;;;;no_price
samara-otradnaya;;;;no_price
samara-pervomajsk;;;;no_price
samara-pervomajskij;;;;no_price
samara-petra-dubrava;;;;no_price
samara-petrovsk;;;;no_price
samara-polevoj;;;;no_price
samara-povorino;;;;no_price
samara-promyshlennyj;;;;no_price
samara-pskov;;;;no_price
samara-pushhino;;;;no_price
samara-pyatigorsk;;;;no_price
samara-rovenki;;;;no_price
samara-rovnoe;;;;no_price
samara-ruzaevka;;;;no_price
samara-serov;;;;no_price
samara-severnyj;;;;no_price
samara-shadrinsk;;;;no_price
samara-shhigry;;;;no_price
samara-silikatnyj;;;;no_price
samara-sim;;;;no_price
samara-smolensk;;;;no_price
samara-smyshlyaevka;;;;no_price
samara-solikamsk;;;;no_price
samara-solnechnyj;;;;no_price
samara-sosnovyj-bor;;;;no_price
samara-sovetskij;;;;no_price
samara-sovetskoe;;;;no_price
samara-spas-demensk;;;;no_price
samara-spassk;;;;no_price
samara-spassk-ryazanskij;;;;no_price
samara-staryj-oskol;;;;no_price
samara-stroitel;;;;no_price
samara-strojkeramika;;;;no_price
samara-sudak;;;;no_price
samara-sursk;;;;no_price
samara-svetlyj;;;;no_price
samara-svobodnyj;;;;no_price
samara-syktyvkar;;;;no_price
samara-tetyushi;;;;no_price
samara-tuapse;;;;no_price
samara-tyumen;;;;no_price
samara-umyot;;;;no_price
samara-uralskij;;;;no_price
samara-urengoj;;;;no_price
samara-uryupinsk;;;;no_price
samara-urzhum;;;;no_price
samara-velikij-novgorod;;;;no_price
samara-vladimir;;;;no_price
samara-vodnyj;;;;no_price
samara-volokolamsk;;;;no_price
samara-vyksa;;;;no_price
samara-vysokij;;;;no_price
samara-yalta;;;;no_price
samara-yaroslavl;;;;no_price
samara-yazykovo;;;;no_price
samara-zelenodolsk;;;;no_price
samara-zhigulevsk;;;;no_price
samara-zhigulyovsk;;;;no_price
samara-zolotuxino;;;;no_price
samara-zvenigovo;;;;no_price
samara-zvyozdnyj;;;;no_price
sankt-peterburg-aleksandro-nevskij;;;;no_price
sankt-peterburg-aleksandrov;;;;no_price
sankt-peterburg-aleksin;;;;no_price
sankt-peterburg-armavir;;;;no_price
sankt-peterburg-arxangelsk;;;;no_price
sankt-peterburg-arzamas;;;;no_price
sankt-peterburg-astraxan;;;;no_price
sankt-peterburg-babaevo;;;;no_price
sankt-peterburg-belebej;;;;no_price
sankt-peterburg-belyj;;;;no_price
sankt-peterburg-bezhaniczy;;;;no_price
sankt-peterburg-bezheczk;;;;no_price
sankt-peterburg-blagoveshhensk;;;;no_price
sankt-peterburg-boksitogorsk;;;;no_price
sankt-peterburg-bologoe;;;;no_price
sankt-peterburg-bor;;;;no_price
sankt-peterburg-borovoj;;;;no_price
sankt-peterburg-bryansk;;;;no_price
sankt-peterburg-chajkovskij;;;;no_price
sankt-peterburg-cherepovecz;;;;no_price
sankt-peterburg-chernushka;;;;no_price
sankt-peterburg-chkalovsk;;;;no_price
sankt-peterburg-chudovo;;;;no_price
sankt-peterburg-czentralnyj;;;;no_price
sankt-peterburg-czentralnyj-2;;;;no_price
sankt-peterburg-demyansk;;;;no_price
sankt-peterburg-domodedovo;;;;no_price
sankt-peterburg-dzerzhinsk;;;;no_price
sankt-peterburg-dzerzhinskij;;;;no_price
sankt-peterburg-elista;;;;no_price
sankt-peterburg-fatezh;;;;no_price
sankt-peterburg-frolovo;;;;no_price
sankt-peterburg-furmanov;;;;no_price
sankt-peterburg-fyodorovskij;;;;no_price
sankt-peterburg-gagarin;;;;no_price
sankt-peterburg-gaj;;;;no_price
sankt-peterburg-gavrilov-posad;;;;no_price
sankt-peterburg-gdov;;;;no_price
sankt-peterburg-gelendzhik;;;;no_price
sankt-peterburg-gornyj;;;;no_price
sankt-peterburg-goroxovecz;;;;no_price
sankt-peterburg-ishim;;;;no_price
sankt-peterburg-ivanovo;;;;no_price
sankt-peterburg-kadnikov;;;;no_price
sankt-peterburg-kadom;;;;no_price
sankt-peterburg-kalach;;;;no_price
sankt-peterburg-kalininskaya;;;;no_price
sankt-peterburg-kamenka;;;;no_price
sankt-peterburg-kamenka-2;;;;no_price
sankt-peterburg-kamenka-3;;;;no_price
sankt-peterburg-kamennogorsk;;;;no_price
sankt-peterburg-kamyshin;;;;no_price
sankt-peterburg-karabanovo;;;;no_price
sankt-peterburg-kem;;;;no_price
sankt-peterburg-kerch;;;;no_price
sankt-peterburg-kirillov;;;;no_price
sankt-peterburg-kirov;;;;no_price
sankt-peterburg-kirov-2;;;;no_price
sankt-peterburg-kirovsk;;;;no_price
sankt-peterburg-kirovskij;;;;no_price
sankt-peterburg-kirovskij-2;;;;no_price
sankt-peterburg-kirzhach;;;;no_price
sankt-peterburg-klin;;;;no_price
sankt-peterburg-kommunisticheskij;;;;no_price
sankt-peterburg-komsomolskij;;;;no_price
sankt-peterburg-komsomolskij-2;;;;no_price
sankt-peterburg-kondopoga;;;;no_price
sankt-peterburg-korenovsk;;;;no_price
sankt-peterburg-koryazhma;;;;no_price
sankt-peterburg-kostomuksha;;;;no_price
sankt-peterburg-kotlas;;;;no_price
sankt-peterburg-kovrov;;;;no_price
sankt-peterburg-krasnogorsk;;;;no_price
sankt-peterburg-krasnogvardejskoe;;;;no_price
sankt-peterburg-krasnyj;;;;no_price
sankt-peterburg-kurortnoe;;;;no_price
sankt-peterburg-kuvshinovo;;;;no_price
sankt-peterburg-leningradskaya;;;;no_price
sankt-peterburg-leninsk;;;;no_price
sankt-peterburg-leninskoe;;;;no_price
sankt-peterburg-lermontov;;;;no_price
sankt-peterburg-lermontovo;;;;no_price
sankt-peterburg-lesnoj;;;;no_price
sankt-peterburg-lesnoj-2;;;;no_price
sankt-peterburg-lesnoj-3;;;;no_price
sankt-peterburg-lgov;;;;no_price
sankt-peterburg-lipeczk;;;;no_price
sankt-peterburg-liski;;;;no_price
sankt-peterburg-lodejnoe-pole;;;;no_price
sankt-peterburg-loknya;;;;no_price
sankt-peterburg-lyudinovo;;;;no_price
sankt-peterburg-magnitnyj;;;;no_price
sankt-peterburg-malaya-vishera;;;;no_price
sankt-peterburg-mariinskij-posad;;;;no_price
sankt-peterburg-marks;;;;no_price
sankt-peterburg-medvezhegorsk;;;;no_price
sankt-peterburg-michurinsk;;;;no_price
sankt-peterburg-mikun;;;;no_price
sankt-peterburg-mineralnye-vody;;;;no_price
sankt-peterburg-morshansk;;;;no_price
sankt-peterburg-mytishhi;;;;no_price
sankt-peterburg-naryan-mar;;;;no_price
sankt-peterburg-navoloki;;;;no_price
sankt-peterburg-nekouzskoe;;;;no_price
sankt-peterburg-nevel;;;;no_price
sankt-peterburg-neya;;;;no_price
sankt-peterburg-novomoskovsk;;;;no_price
sankt-peterburg-obninsk;;;;no_price
sankt-peterburg-oktyabrskij;;;;no_price
sankt-peterburg-oktyabrskij-2;;;;no_price
sankt-peterburg-oktyabrskij-3;;;;no_price
sankt-peterburg-oktyabrskij-4;;;;no_price
sankt-peterburg-oktyabrskij-6;;;;no_price
sankt-peterburg-oktyabrskoe;;;;no_price
sankt-peterburg-orenburg;;;;no_price
sankt-peterburg-orlov;;;;no_price
sankt-peterburg-oryol;;;;no_price
sankt-peterburg-ostrov;;;;no_price
sankt-peterburg-otradnaya;;;;no_price
sankt-peterburg-otradnyj;;;;no_price
sankt-peterburg-ozyornyj;;;;no_price
sankt-peterburg-ozyornyj-2;;;;no_price
sankt-peterburg-parfino;;;;no_price
sankt-peterburg-pavlovo;;;;no_price
sankt-peterburg-pavlovsk;;;;no_price
sankt-peterburg-pavlovskaya;;;;no_price
sankt-peterburg-pavlovskij;;;;no_price
sankt-peterburg-pavlovskij-posad;;;;no_price
sankt-peterburg-pechenga;;;;no_price
sankt-peterburg-penza;;;;no_price
sankt-peterburg-pervomajskij;;;;no_price
sankt-peterburg-pervomajskij-2;;;;no_price
sankt-peterburg-pervomajskij-3;;;;no_price
sankt-peterburg-pervomajskij-4;;;;no_price
sankt-peterburg-pesochnoe;;;;no_price
sankt-peterburg-petrovsk;;;;no_price
sankt-peterburg-petrovskij;;;;no_price
sankt-peterburg-pikalyovo;;;;no_price
sankt-peterburg-pionerskij;;;;no_price
sankt-peterburg-pionerskij-2;;;;no_price
sankt-peterburg-podolsk;;;;no_price
sankt-peterburg-podporozhe;;;;no_price
sankt-peterburg-polevoj;;;;no_price
sankt-peterburg-poltavskaya;;;;no_price
sankt-peterburg-polyarnyj;;;;no_price
sankt-peterburg-poshexone;;;;no_price
sankt-peterburg-primorskij;;;;no_price
sankt-peterburg-proletarskij;;;;no_price
sankt-peterburg-pushkino;;;;no_price
sankt-peterburg-pushkino-2;;;;no_price
sankt-peterburg-romanovka;;;;no_price
sankt-peterburg-rossosh;;;;no_price
sankt-peterburg-rostov-velikij;;;;no_price
sankt-peterburg-ruza;;;;no_price
sankt-peterburg-rylsk;;;;no_price
sankt-peterburg-safonovo;;;;no_price
sankt-peterburg-safonovo-2;;;;no_price
sankt-peterburg-saki;;;;no_price
sankt-peterburg-sarapul;;;;no_price
sankt-peterburg-selczo;;;;no_price
sankt-peterburg-semyonov;;;;no_price
sankt-peterburg-sennoj;;;;no_price
sankt-peterburg-sergiev-posad;;;;no_price
sankt-peterburg-serpuxov;;;;no_price
sankt-peterburg-severnyj;;;;no_price
sankt-peterburg-sharya;;;;no_price
sankt-peterburg-shhyolkovo;;;;no_price
sankt-peterburg-sim;;;;no_price
sankt-peterburg-slanczy;;;;no_price
sankt-peterburg-sokolskoe;;;;no_price
sankt-peterburg-solczy;;;;no_price
sankt-peterburg-solnechnogorsk;;;;no_price
sankt-peterburg-solnechnyj;;;;no_price
sankt-peterburg-sosnovyj-bor;;;;no_price
sankt-peterburg-sovetskij;;;;no_price
sankt-peterburg-sovetskij-2;;;;no_price
sankt-peterburg-sovetskoe;;;;no_price
sankt-peterburg-spirovo;;;;no_price
sankt-peterburg-staraya-russa;;;;no_price
sankt-peterburg-staryj-oskol;;;;no_price
sankt-peterburg-stavropol;;;;no_price
sankt-peterburg-strizhi;;;;no_price
sankt-peterburg-stroitel;;;;no_price
sankt-peterburg-sudak;;;;no_price
sankt-peterburg-suoyarvi;;;;no_price
sankt-peterburg-surgut;;;;no_price
sankt-peterburg-svobodnyj;;;;no_price
sankt-peterburg-svobodnyj-2;;;;no_price
sankt-peterburg-tixvin;;;;no_price
sankt-peterburg-tolyatti;;;;no_price
sankt-peterburg-toropecz;;;;no_price
sankt-peterburg-torzhok;;;;no_price
sankt-peterburg-tujmazy;;;;no_price
sankt-peterburg-tulskij;;;;no_price
sankt-peterburg-turki;;;;no_price
sankt-peterburg-tyoploe;;;;no_price
sankt-peterburg-ulyanovsk;;;;no_price
sankt-peterburg-unecha;;;;no_price
sankt-peterburg-uspenskoe;;;;no_price
sankt-peterburg-uxta;;;;no_price
sankt-peterburg-valdaj;;;;no_price
sankt-peterburg-velikie-luki;;;;no_price
sankt-peterburg-verxnyaya-maksakovka;;;;no_price
sankt-peterburg-vichuga;;;;no_price
sankt-peterburg-vladimir;;;;no_price
sankt-peterburg-vodnyj;;;;no_price
sankt-peterburg-volgograd;;;;no_price
sankt-peterburg-volokolamsk;;;;no_price
sankt-peterburg-vorkuta;;;;no_price
sankt-peterburg-voskresenskoe;;;;no_price
sankt-peterburg-vostochnyj;;;;no_price
sankt-peterburg-voxtoga;;;;no_price
sankt-peterburg-voznesenskoe;;;;no_price
sankt-peterburg-vyshnij-volochyok;;;;no_price
sankt-peterburg-vysoczk;;;;no_price
sankt-peterburg-vysokij;;;;no_price
sankt-peterburg-vytegra;;;;no_price
sankt-peterburg-ximki;;;;no_price
sankt-peterburg-xoxlovo;;;;no_price
sankt-peterburg-yaroslavl;;;;no_price
sankt-peterburg-yasnyj;;;;no_price
sankt-peterburg-yuzhnyj;;;;no_price
sankt-peterburg-zapadnaya-dvina;;;;no_price
sankt-peterburg-zarechnyj;;;;no_price
sankt-peterburg-zarechnyj-2;;;;no_price
sankt-peterburg-zhukov;;;;no_price
sankt-peterburg-zhukovskij;;;;no_price
sankt-peterburg-zlatoust;;;;no_price
sankt-peterburg-zubova-polyana;;;;no_price
sankt-peterburg-zvyozdnyj;;;;no_price
saransk-aleksandrov;;;;no_price
saransk-anna;;;;no_price
saransk-ardatov;;;;no_price
saransk-belyj;;;;no_price
saransk-bereznik;;;;no_price
saransk-bogorodskoe;;;;no_price
saransk-bugulma;;;;no_price
saransk-czentralnyj;;;;no_price
saransk-dmitriev;;;;no_price
saransk-dolgoe;;;;no_price
saransk-domodedovo;;;;no_price
saransk-dubna;;;;no_price
saransk-ekaterinburg;;;;no_price
saransk-furmanov;;;;no_price
saransk-gagarin;;;;no_price
saransk-joshkar-ola;;;;no_price
saransk-kadom;;;;no_price
saransk-kaluga;;;;no_price
saransk-kanash;;;;no_price
saransk-kolomna;;;;no_price
saransk-kommunisticheskij;;;;no_price
saransk-kostroma;;;;no_price
saransk-krasnyj;;;;no_price
saransk-kuzhener;;;;no_price
saransk-leningradskaya;;;;no_price
saransk-lyubim;;;;no_price
saransk-mixajlovka;;;;no_price
saransk-mokshan;;;;no_price
saransk-neya;;;;no_price
saransk-nikolsk;;;;no_price
saransk-nizhnij-lomov;;;;no_price
saransk-oktyabrskij;;;;no_price
saransk-oktyabrskoe;;;;no_price
saransk-perevoz;;;;no_price
saransk-proletarskij;;;;no_price
saransk-pushkino;;;;no_price
saransk-rostov-na-donu;;;;no_price
saransk-roza;;;;no_price
saransk-ryazan;;;;no_price
saransk-saratov;;;;no_price
saransk-shumerlya;;;;no_price
saransk-sochi;;;;no_price
saransk-tokaryovka;;;;no_price
saransk-tula;;;;no_price
saransk-ufa;;;;no_price
saransk-vladimir;;;;no_price
saransk-volna;;;;no_price
saransk-voronezh;;;;no_price
saransk-vostochnyj;;;;no_price
saransk-vyksa;;;;no_price
saransk-vysokij;;;;no_price
saransk-zelyonyj-gorod;;;;no_price
saransk-zheleznogorsk;;;;no_price
saransk-zvyozdnyj;;;;no_price
saratov-aleksandrov;;;;no_price
saratov-almetevsk;;;;no_price
saratov-anapa;;;;no_price
saratov-anna;;;;no_price
saratov-arzamas;;;;no_price
saratov-balashixa;;;;no_price
saratov-bashmakovo;;;;no_price
saratov-beloyarskij;;;;no_price
saratov-belyj;;;;no_price
saratov-beryozovo;;;;no_price
saratov-bezenchuk;;;;no_price
saratov-blagoveshhensk;;;;no_price
saratov-bryansk;;;;no_price
saratov-chapaevsk;;;;no_price
saratov-cheboksary;;;;no_price
saratov-chelyabinsk;;;;no_price
saratov-chertkovo;;;;no_price
saratov-czentralnyj;;;;no_price
saratov-dimitrovgrad;;;;no_price
saratov-dolgoprudnyj;;;;no_price
saratov-domodedovo;;;;no_price
saratov-dzerzhinsk;;;;no_price
saratov-ejsk;;;;no_price
saratov-fyodorovskij;;;;no_price
saratov-gagarin;;;;no_price
saratov-gaj;;;;no_price
saratov-gelendzhik;;;;no_price
saratov-glazov;;;;no_price
saratov-gorodishhe;;;;no_price
saratov-gorodishhi;;;;no_price
saratov-gremyachevo;;;;no_price
saratov-inza;;;;no_price
saratov-inzhavino;;;;no_price
saratov-ivanovo;;;;no_price
saratov-kalininskaya;;;;no_price
saratov-kaluga;;;;no_price
saratov-kamensk-shaxtinskij;;;;no_price
saratov-kamensk-uralskij;;;;no_price
saratov-kasimov;;;;no_price
saratov-kimovsk;;;;no_price
saratov-kirovskij;;;;no_price
saratov-kolyshlej;;;;no_price
saratov-komsomolskij;;;;no_price
saratov-kosteryovo;;;;no_price
saratov-kostroma;;;;no_price
saratov-krasnyj;;;;no_price
saratov-krasnyj-luch;;;;no_price
saratov-krymsk;;;;no_price
saratov-kurchatov;;;;no_price
saratov-kurgan;;;;no_price
saratov-kuznechnoe;;;;no_price
saratov-leninsk;;;;no_price
saratov-leninskoe;;;;no_price
saratov-lesnoj;;;;no_price
saratov-lyubim;;;;no_price
saratov-magnitnyj;;;;no_price
saratov-magnitogorsk;;;;no_price
saratov-majkop;;;;no_price
saratov-menzelinsk;;;;no_price
saratov-mirnyj;;;;no_price
saratov-moskva;;;;no_price
saratov-navashino;;;;no_price
saratov-navoloki;;;;no_price
saratov-neftekamsk;;;;no_price
saratov-nerexta;;;;no_price
saratov-nevinnomyssk;;;;no_price
saratov-neya;;;;no_price
saratov-nikolsk;;;;no_price
saratov-novocheboksarsk;;;;no_price
saratov-novorossijsk;;;;no_price
saratov-novospasskoe;;;;no_price
saratov-oktyabrskij;;;;no_price
saratov-oktyabrskoe;;;;no_price
saratov-ordzhonikidze;;;;no_price
saratov-orexovo-zuevo;;;;no_price
saratov-orlov;;;;no_price
saratov-oryol;;;;no_price
saratov-ostrogozhsk;;;;no_price
saratov-otradnaya;;;;no_price
saratov-otradnyj;;;;no_price
saratov-perm;;;;no_price
saratov-pervomajsk;;;;no_price
saratov-pervomajskij;;;;no_price
saratov-petrovskij;;;;no_price
saratov-pionerskij;;;;no_price
saratov-podolsk;;;;no_price
saratov-pokrovskoe;;;;no_price
saratov-poltavskaya;;;;no_price
saratov-posyolok-komsomolskij;;;;no_price
saratov-primorskij;;;;no_price
saratov-privolzhskij;;;;no_price
saratov-radishhevo;;;;no_price
saratov-redkino;;;;no_price
saratov-rovenki;;;;no_price
saratov-rudnya;;;;no_price
saratov-semyonov;;;;no_price
saratov-serpuxov;;;;no_price
saratov-sevastopol;;;;no_price
saratov-shatki;;;;no_price
saratov-simferopol;;;;no_price
saratov-sochi;;;;no_price
saratov-sovetskij;;;;no_price
saratov-starodub;;;;no_price
saratov-stroitel;;;;no_price
saratov-sudak;;;;no_price
saratov-surgut;;;;no_price
saratov-suzdal;;;;no_price
saratov-svecha;;;;no_price
saratov-svobodnyj;;;;no_price
saratov-syktyvkar;;;;no_price
saratov-taldom;;;;no_price
saratov-temryuk;;;;no_price
saratov-tulskij;;;;no_price
saratov-uralskij;;;;no_price
saratov-uryupinsk;;;;no_price
saratov-urzhum;;;;no_price
saratov-uvarovo;;;;no_price
saratov-vladimir;;;;no_price
saratov-vodnyj;;;;no_price
saratov-volna;;;;no_price
saratov-vologda;;;;no_price
saratov-volzhskij;;;;no_price
saratov-vorotynecz;;;;no_price
saratov-vysokij;;;;no_price
saratov-yalta;;;;no_price
saratov-zelyonyj-gorod;;;;no_price
saratov-zherdevka;;;;no_price
saratov-zhigulyovsk;;;;no_price
saratov-zlatoust;;;;no_price
saratov-zvyozdnyj;;;;no_price
smolensk-aleksandrov;;;;no_price
smolensk-bor;;;;no_price
smolensk-czentralnyj;;;;no_price
smolensk-dankov;;;;no_price
smolensk-dmitrov;;;;no_price
smolensk-domodedovo;;;;no_price
smolensk-duxovshhina;;;;no_price
smolensk-dyatkovo;;;;no_price
smolensk-dzerzhinskij;;;;no_price
smolensk-ekaterinburg;;;;no_price
smolensk-gagarin;;;;no_price
smolensk-gryazi;;;;no_price
smolensk-ivanteevka;;;;no_price
smolensk-kamenka;;;;no_price
smolensk-karachev;;;;no_price
smolensk-kimry;;;;no_price
smolensk-kirov;;;;no_price
smolensk-kondrovo;;;;no_price
smolensk-krasnoznamensk;;;;no_price
smolensk-krasnyj-oktyabr;;;;no_price
smolensk-kubinka;;;;no_price
smolensk-kurgan;;;;no_price
smolensk-kuvshinovo;;;;no_price
smolensk-lesnoj;;;;no_price
smolensk-lgov;;;;no_price
smolensk-lipeczk;;;;no_price
smolensk-livny;;;;no_price
smolensk-lyubim;;;;no_price
smolensk-lyudinovo;;;;no_price
smolensk-maloyaroslavecz;;;;no_price
smolensk-mczensk;;;;no_price
smolensk-melenki;;;;no_price
smolensk-mikun;;;;no_price
smolensk-mineralnye-vody;;;;no_price
smolensk-mirnyj;;;;no_price
smolensk-nelidovo;;;;no_price
smolensk-nerexta;;;;no_price
smolensk-nevel;;;;no_price
smolensk-novospasskoe;;;;no_price
smolensk-novozybkov;;;;no_price
smolensk-odinczovo;;;;no_price
smolensk-oktyabrskij;;;;no_price
smolensk-oktyabrskoe;;;;no_price
smolensk-orenburg;;;;no_price
smolensk-orlov;;;;no_price
smolensk-perm;;;;no_price
smolensk-podolsk;;;;no_price
smolensk-poltavskaya;;;;no_price
smolensk-rognedino;;;;no_price
smolensk-rovenki;;;;no_price
smolensk-rudnya;;;;no_price
smolensk-ruza;;;;no_price
smolensk-rybinsk;;;;no_price
smolensk-salavat;;;;no_price
smolensk-selczo;;;;no_price
smolensk-selo-troiczkoe;;;;no_price
smolensk-sevastopol;;;;no_price
smolensk-severnyj;;;;no_price
smolensk-shebekino;;;;no_price
smolensk-shuya;;;;no_price
smolensk-sim;;;;no_price
smolensk-spas-demensk;;;;no_price
smolensk-staraya-russa;;;;no_price
smolensk-stavropol;;;;no_price
smolensk-stroitel;;;;no_price
smolensk-stupino;;;;no_price
smolensk-surazh;;;;no_price
smolensk-suzemka;;;;no_price
smolensk-sychyovka;;;;no_price
smolensk-syzran;;;;no_price
smolensk-tambov;;;;no_price
smolensk-torzhok;;;;no_price
smolensk-trubchevsk;;;;no_price
smolensk-tulskij;;;;no_price
smolensk-unecha;;;;no_price
smolensk-uspenskoe;;;;no_price
smolensk-valujki;;;;no_price
smolensk-velikie-luki;;;;no_price
smolensk-velikij-novgorod;;;;no_price
smolensk-verxnyaya-maksakovka;;;;no_price
smolensk-verxove;;;;no_price
smolensk-vladimir;;;;no_price
smolensk-volgograd;;;;no_price
smolensk-vologda;;;;no_price
smolensk-volokolamsk;;;;no_price
smolensk-vorkuta;;;;no_price
smolensk-vysokij;;;;no_price
smolensk-yakovlevo;;;;no_price
smolensk-yaroslavl;;;;no_price
smolensk-yuzhnyj;;;;no_price
smolensk-zaplyuse;;;;no_price
smolensk-zheleznogorsk;;;;no_price
smolensk-zhizdra;;;;no_price
smolensk-zhukov;;;;no_price
smolensk-zhukovka;;;;no_price
smolensk-zubczov;;;;no_price
sochi-samara;;;;no_price
stavropol-aleksandrov;;;;no_price
stavropol-aleksandrovsk;;;;no_price
stavropol-apastovo;;;;no_price
stavropol-arxangelsk;;;;no_price
stavropol-belaya-glina;;;;no_price
stavropol-belaya-kalitva;;;;no_price
stavropol-belyj;;;;no_price
stavropol-borisoglebsk;;;;no_price
stavropol-budyonnovsk;;;;no_price
stavropol-chexov;;;;no_price
stavropol-czelina;;;;no_price
stavropol-czentralnyj;;;;no_price
stavropol-czentralnyj-2;;;;no_price
stavropol-dmitriev;;;;no_price
stavropol-dolgoe;;;;no_price
stavropol-donskoj;;;;no_price
stavropol-dzhankoj;;;;no_price
stavropol-ekaterinburg;;;;no_price
stavropol-evpatoriya;;;;no_price
stavropol-georgievsk;;;;no_price
stavropol-gryazi;;;;no_price
stavropol-gubkin;;;;no_price
stavropol-ivanovo;;;;no_price
stavropol-kaluga;;;;no_price
stavropol-kamensk-shaxtinskij;;;;no_price
stavropol-kamensk-uralskij;;;;no_price
stavropol-kirov;;;;no_price
stavropol-kirov-2;;;;no_price
stavropol-kirzhach;;;;no_price
stavropol-komsomolskij;;;;no_price
stavropol-komsomolskij-2;;;;no_price
stavropol-konakovo;;;;no_price
stavropol-kovrov;;;;no_price
stavropol-krasnogvardejskoe;;;;no_price
stavropol-krasnyj;;;;no_price
stavropol-krylovskaya;;;;no_price
stavropol-kursk;;;;no_price
stavropol-lermontov;;;;no_price
stavropol-lesnoj;;;;no_price
stavropol-lesnoj-2;;;;no_price
stavropol-lesnoj-3;;;;no_price
stavropol-liman;;;;no_price
stavropol-lipeczk;;;;no_price
stavropol-livny;;;;no_price
stavropol-lyuberczy;;;;no_price
stavropol-lyubim;;;;no_price
stavropol-marks;;;;no_price
stavropol-mixajlovka;;;;no_price
stavropol-mixajlovsk-2;;;;no_price
stavropol-neya;;;;no_price
stavropol-noginsk;;;;no_price
stavropol-novotroiczk;;;;no_price
stavropol-obninsk;;;;no_price
stavropol-oktyabrskij;;;;no_price
stavropol-oktyabrskij-2;;;;no_price
stavropol-oktyabrskij-3;;;;no_price
stavropol-oktyabrskij-4;;;;no_price
stavropol-oktyabrskij-5;;;;no_price
stavropol-oktyabrskij-6;;;;no_price
stavropol-oktyabrskij-7;;;;no_price
stavropol-oktyabrskoe;;;;no_price
stavropol-orenburg;;;;no_price
stavropol-otradnyj;;;;no_price
stavropol-ozyornyj;;;;no_price
stavropol-ozyornyj-2;;;;no_price
stavropol-pavlovo;;;;no_price
stavropol-pavlovsk;;;;no_price
stavropol-pervomajskij;;;;no_price
stavropol-pervomajskij-2;;;;no_price
stavropol-pervomajskij-3;;;;no_price
stavropol-pervomajskij-4;;;;no_price
stavropol-promyshlennyj;;;;no_price
stavropol-rovenki;;;;no_price
stavropol-saki;;;;no_price
stavropol-serov;;;;no_price
stavropol-severnyj;;;;no_price
stavropol-smolensk;;;;no_price
stavropol-starominskaya;;;;no_price
stavropol-tambov;;;;no_price
stavropol-timashyovsk;;;;no_price
stavropol-tolyatti;;;;no_price
stavropol-tuapse;;;;no_price
stavropol-uralskij;;;;no_price
stavropol-uralskij-2;;;;no_price
stavropol-vladimir;;;;no_price
stavropol-volgograd;;;;no_price
stavropol-vologda;;;;no_price
stavropol-xarabali;;;;no_price
stavropol-yalta;;;;no_price
stavropol-yaroslavl;;;;no_price
stavropol-yazykovo;;;;no_price
stavropol-yuzhnyj;;;;no_price
stavropol-zheleznovodsk;;;;no_price
stavropol-zhukov;;;;no_price
stavropol-zvyozdnyj;;;;no_price
syktyvkar-anapa;;;;no_price
syktyvkar-arhangelsk;;;;no_price
syktyvkar-balashixa;;;;no_price
syktyvkar-belgorod;;;;no_price
syktyvkar-bugulma;;;;no_price
syktyvkar-cherepovec;;;;no_price
syktyvkar-czentralnyj;;;;no_price
syktyvkar-danilovka;;;;no_price
syktyvkar-dzhankoj;;;;no_price
syktyvkar-ivanovo;;;;no_price
syktyvkar-kirovo-chepeczk;;;;no_price
syktyvkar-krasnyj;;;;no_price
syktyvkar-kuloj;;;;no_price
syktyvkar-kursk;;;;no_price
syktyvkar-lesnoj;;;;no_price
syktyvkar-lyubim;;;;no_price
syktyvkar-makarev;;;;no_price
syktyvkar-marks;;;;no_price
syktyvkar-neya;;;;no_price
syktyvkar-noginsk;;;;no_price
syktyvkar-ordzhonikidze;;;;no_price
syktyvkar-orenburg;;;;no_price
syktyvkar-pechory;;;;no_price
syktyvkar-perevoz;;;;no_price
syktyvkar-perm;;;;no_price
syktyvkar-pervomajskij;;;;no_price
syktyvkar-rossosh;;;;no_price
syktyvkar-rybinsk;;;;no_price
syktyvkar-sankt-peterburg;;;;no_price
syktyvkar-saratov;;;;no_price
syktyvkar-sevastopol;;;;no_price
syktyvkar-slobodskoj;;;;no_price
syktyvkar-sovetsk;;;;no_price
syktyvkar-tambov;;;;no_price
syktyvkar-troiczk;;;;no_price
syktyvkar-velsk;;;;no_price
syktyvkar-vladimir;;;;no_price
syktyvkar-volna;;;;no_price
syktyvkar-vologda;;;;no_price
syktyvkar-vorkuta;;;;no_price
syktyvkar-vuktyl;;;;no_price
syktyvkar-vysokij;;;;no_price
syktyvkar-yuzhnyj;;;;no_price
tambov-adler;;;;no_price
tambov-aleksandro-nevskij;;;;no_price
tambov-aleksandrov;;;;no_price
tambov-alekseevka;;;;no_price
tambov-alekseevka-belgorodskaya-oblast;;;;no_price
tambov-anapa;;;;no_price
tambov-astraxan;;;;no_price
tambov-balashixa;;;;no_price
tambov-balashov;;;;no_price
tambov-belinskij;;;;no_price
tambov-bogorodsk;;;;no_price
tambov-bryansk;;;;no_price
tambov-buzuluk;;;;no_price
tambov-chaplygin;;;;no_price
tambov-cheboksary;;;;no_price
tambov-chelyabinsk;;;;no_price
tambov-cherepovecz;;;;no_price
tambov-chern;;;;no_price
tambov-chexov;;;;no_price
tambov-chudovo;;;;no_price
tambov-dankov;;;;no_price
tambov-dmitriev;;;;no_price
tambov-domodedovo;;;;no_price
tambov-donskoj;;;;no_price
tambov-efremov;;;;no_price
tambov-ekaterinburg;;;;no_price
tambov-eleczkij;;;;no_price
tambov-elista;;;;no_price
tambov-gagarin;;;;no_price
tambov-ishim;;;;no_price
tambov-ivanovo;;;;no_price
tambov-kaluga;;;;no_price
tambov-kesova-gora;;;;no_price
tambov-kimovsk;;;;no_price
tambov-kirillov;;;;no_price
tambov-kirov;;;;no_price
tambov-kislovodsk;;;;no_price
tambov-komsomolskij;;;;no_price
tambov-kostroma;;;;no_price
tambov-krasnoarmejsk;;;;no_price
tambov-krasnogorsk;;;;no_price
tambov-kubinka;;;;no_price
tambov-kujbyshevo;;;;no_price
tambov-kursk;;;;no_price
tambov-lebedyan;;;;no_price
tambov-leningradskaya;;;;no_price
tambov-leninogorsk;;;;no_price
tambov-leninskoe;;;;no_price
tambov-liski;;;;no_price
tambov-marks;;;;no_price
tambov-mczensk;;;;no_price
tambov-meleuz;;;;no_price
tambov-mglin;;;;no_price
tambov-mirnyj;;;;no_price
tambov-moskva;;;;no_price
tambov-murmansk;;;;no_price
tambov-novoanninskij;;;;no_price
tambov-novomichurinsk;;;;no_price
tambov-novonikolaevskij;;;;no_price
tambov-oktyabrskij;;;;no_price
tambov-oktyabrskoe;;;;no_price
tambov-orenburg;;;;no_price
tambov-orexovo-zuevo;;;;no_price
tambov-orlov;;;;no_price
tambov-perevoz;;;;no_price
tambov-pervomajskij;;;;no_price
tambov-petrovskij;;;;no_price
tambov-pionerskij;;;;no_price
tambov-ponyri;;;;no_price
tambov-proletarskij;;;;no_price
tambov-promyshlennyj;;;;no_price
tambov-pugachyov;;;;no_price
tambov-raduzhnyj;;;;no_price
tambov-rostov-na-donu;;;;no_price
tambov-ruza;;;;no_price
tambov-ryazhsk;;;;no_price
tambov-rylsk;;;;no_price
tambov-rzhaksa;;;;no_price
tambov-samara;;;;no_price
tambov-saratov;;;;no_price
tambov-sasovo;;;;no_price
tambov-semiluki;;;;no_price
tambov-serafimovich;;;;no_price
tambov-serdobsk;;;;no_price
tambov-severnyj;;;;no_price
tambov-shebekino;;;;no_price
tambov-shepsi;;;;no_price
tambov-shhyolkovo;;;;no_price
tambov-simferopol;;;;no_price
tambov-skopin;;;;no_price
tambov-smolensk;;;;no_price
tambov-sosnovskoe;;;;no_price
tambov-sovetskij;;;;no_price
tambov-sovetskoe;;;;no_price
tambov-stavropol;;;;no_price
tambov-stepnoe;;;;no_price
tambov-stroitel;;;;no_price
tambov-surovikino;;;;no_price
tambov-suzemka;;;;no_price
tambov-svecha;;;;no_price
tambov-svetlograd;;;;no_price
tambov-svobodnyj;;;;no_price
tambov-syktyvkar;;;;no_price
tambov-tamala;;;;no_price
tambov-tejkovo;;;;no_price
tambov-tokaryovka;;;;no_price
tambov-turki;;;;no_price
tambov-tyumen;;;;no_price
tambov-ufa;;;;no_price
tambov-umyot;;;;no_price
tambov-uspenskoe;;;;no_price
tambov-vardane;;;;no_price
tambov-vologda;;;;no_price
tambov-vyazma;;;;no_price
tambov-vysokij;;;;no_price
tambov-xomutovo;;;;no_price
tambov-yaroslavl;;;;no_price
tambov-zadonsk;;;;no_price
tambov-zelenodolsk;;;;no_price
tambov-zemetchino;;;;no_price
tambov-zherdevka;;;;no_price
tambov-zhirnovsk;;;;no_price
tambov-zubova-polyana;;;;no_price
taxinovorossiya;;;;no_price
tokmak-astrahan;;;;no_price
tokmak-ulyanovsk;;;;no_price
tokmak-volgograd;;;;no_price
tomsk-biysk;;;;no_price
tomsk-bodaybo;;;;no_price
tomsk-bolotnoe;;;;no_price
tomsk-divnogorsk;;;;no_price
tomsk-karasuk;;;;no_price
tomsk-leninsk-kuznetskiy;;;;no_price
tomsk-minusinsk;;;;no_price
tomsk-myski;;;;no_price
tomsk-novokuznetsk;;;;no_price
tomsk-rubtsovsk;;;;no_price
tomsk-uzhur;;;;no_price
tomsk-vihorevka;;;;no_price
tomsk-zheleznogorsk;;;;no_price
tomsk-zima;;;;no_price
tula-adler;;;;no_price
tula-aleksandrov;;;;no_price
tula-armavir;;;;no_price
tula-arxipo-osipovka;;;;no_price
tula-arzamas;;;;no_price
tula-balabanovo;;;;no_price
tula-balashixa;;;;no_price
tula-belinskij;;;;no_price
tula-belyj;;;;no_price
tula-birsk;;;;no_price
tula-bogorodsk;;;;no_price
tula-borisoglebsk;;;;no_price
tula-borovsk;;;;no_price
tula-bronniczy;;;;no_price
tula-bryansk;;;;no_price
tula-chaplygin;;;;no_price
tula-chelyabinsk;;;;no_price
tula-cherepovecz;;;;no_price
tula-chexov;;;;no_price
tula-czentralnyj;;;;no_price
tula-dmitriev;;;;no_price
tula-dmitrov;;;;no_price
tula-dolgoprudnyj;;;;no_price
tula-dubovka;;;;no_price
tula-dzerzhinskij;;;;no_price
tula-dzhankoj;;;;no_price
tula-dzhubga;;;;no_price
tula-ejsk;;;;no_price
tula-fatezh;;;;no_price
tula-feodosiya;;;;no_price
tula-fokino;;;;no_price
tula-gagarin;;;;no_price
tula-gelendzhik;;;;no_price
tula-istra;;;;no_price
tula-ivanovo;;;;no_price
tula-kaduj;;;;no_price
tula-karachev;;;;no_price
tula-kazan;;;;no_price
tula-kirov;;;;no_price
tula-kirovskij;;;;no_price
tula-klin;;;;no_price
tula-kondrovo;;;;no_price
tula-konyshyovka;;;;no_price
tula-korolyov;;;;no_price
tula-kosteryovo;;;;no_price
tula-kostroma;;;;no_price
tula-kozelsk;;;;no_price
tula-krasnogorsk;;;;no_price
tula-krasnyj;;;;no_price
tula-leninsk;;;;no_price
tula-leninskoe;;;;no_price
tula-lgov;;;;no_price
tula-maloyaroslavecz;;;;no_price
tula-mczensk;;;;no_price
tula-michurinsk;;;;no_price
tula-murmansk;;;;no_price
tula-murom;;;;no_price
tula-mytishhi;;;;no_price
tula-neya;;;;no_price
tula-novomichurinsk;;;;no_price
tula-obninsk;;;;no_price
tula-odinczovo;;;;no_price
tula-oktyabrskij;;;;no_price
tula-oktyabrskoe;;;;no_price
tula-orexovo-zuevo;;;;no_price
tula-orlov;;;;no_price
tula-ozyornyj;;;;no_price
tula-ozyory;;;;no_price
tula-pavlovo;;;;no_price
tula-pereslavl-zalesskij;;;;no_price
tula-perm;;;;no_price
tula-pervomajskij;;;;no_price
tula-petrovskij;;;;no_price
tula-petrozavodsk;;;;no_price
tula-pionerskij;;;;no_price
tula-pokrov;;;;no_price
tula-privolzhsk;;;;no_price
tula-proletarsk;;;;no_price
tula-pskov;;;;no_price
tula-pushkino;;;;no_price
tula-raduzhnyj;;;;no_price
tula-rodniki;;;;no_price
tula-rostov-na-donu;;;;no_price
tula-rostov-velikij;;;;no_price
tula-ruza;;;;no_price
tula-rylsk;;;;no_price
tula-rzhev;;;;no_price
tula-saki;;;;no_price
tula-samara;;;;no_price
tula-saransk;;;;no_price
tula-saratov;;;;no_price
tula-sasovo;;;;no_price
tula-savino;;;;no_price
tula-sergiev-posad;;;;no_price
tula-sevastopol;;;;no_price
tula-severnyj;;;;no_price
tula-shatura;;;;no_price
tula-shhyolkovo;;;;no_price
tula-silikatnyj;;;;no_price
tula-sim;;;;no_price
tula-skopin;;;;no_price
tula-solnechnogorsk;;;;no_price
tula-sovetsk;;;;no_price
tula-sovetskij;;;;no_price
tula-sovetskoe;;;;no_price
tula-staryj-oskol;;;;no_price
tula-stroitel;;;;no_price
tula-stupino;;;;no_price
tula-svobodnyj;;;;no_price
tula-talicza;;;;no_price
tula-tambov;;;;no_price
tula-tarusa;;;;no_price
tula-temryuk;;;;no_price
tula-tolyatti;;;;no_price
tula-tonshaevo;;;;no_price
tula-tulskij;;;;no_price
tula-tver;;;;no_price
tula-tyumen;;;;no_price
tula-udomlya;;;;no_price
tula-ulyanovsk;;;;no_price
tula-usman;;;;no_price
tula-uxta;;;;no_price
tula-valujki;;;;no_price
tula-vologda;;;;no_price
tula-vostochnyj;;;;no_price
tula-voznesenskoe;;;;no_price
tula-vyselki;;;;no_price
tula-vysokij;;;;no_price
tula-vytegra;;;;no_price
tula-ximki;;;;no_price
tula-yarczevo;;;;no_price
tula-yasnyj;;;;no_price
tula-yuzhnyj;;;;no_price
tula-zadonsk;;;;no_price
tula-zaokskij;;;;no_price
tula-zarajsk;;;;no_price
tula-zheleznogorsk;;;;no_price
tula-zhirnovsk;;;;no_price
tula-zhukov;;;;no_price
tula-zhukovskij;;;;no_price
tver-andreapol;;;;no_price
tver-armavir;;;;no_price
tver-babaevo;;;;no_price
tver-balashixa;;;;no_price
tver-belinskij;;;;no_price
tver-belyj;;;;no_price
tver-boguchar;;;;no_price
tver-borovskij;;;;no_price
tver-chajkovskij;;;;no_price
tver-czentralnyj;;;;no_price
tver-dedovsk;;;;no_price
tver-dmitriev;;;;no_price
tver-domodedovo;;;;no_price
tver-donskoj;;;;no_price
tver-dubrovka;;;;no_price
tver-gagarin;;;;no_price
tver-gaj;;;;no_price
tver-gavrilov-yam;;;;no_price
tver-gelendzhik;;;;no_price
tver-gorodishhi;;;;no_price
tver-ivanovo;;;;no_price
tver-izoplit;;;;no_price
tver-kalininskaya;;;;no_price
tver-kaluga;;;;no_price
tver-kalyazin;;;;no_price
tver-kamyshin;;;;no_price
tver-kazan;;;;no_price
tver-kirov;;;;no_price
tver-klin;;;;no_price
tver-kommunisticheskij;;;;no_price
tver-komsomolskij;;;;no_price
tver-korolyov;;;;no_price
tver-kozlovo;;;;no_price
tver-krasnogorsk;;;;no_price
tver-krasnoznamensk;;;;no_price
tver-krasnyj;;;;no_price
tver-kuvshinovo;;;;no_price
tver-kuzneczk;;;;no_price
tver-leningradskaya;;;;no_price
tver-lesnoj;;;;no_price
tver-lipeczk;;;;no_price
tver-lobnya;;;;no_price
tver-losino-petrovskij;;;;no_price
tver-lyuberczy;;;;no_price
tver-malaya-vishera;;;;no_price
tver-malysheva;;;;no_price
tver-miass;;;;no_price
tver-mirnyj;;;;no_price
tver-molokovo;;;;no_price
tver-murmansk;;;;no_price
tver-murom;;;;no_price
tver-mytishhi;;;;no_price
tver-nelidovo;;;;no_price
tver-nevel;;;;no_price
tver-neya;;;;no_price
tver-nizhnij-novgorod;;;;no_price
tver-novomoskovsk;;;;no_price
tver-novorossijsk;;;;no_price
tver-novoxopyorsk;;;;no_price
tver-novozavidovskij;;;;no_price
tver-odinczovo;;;;no_price
tver-oktyabrsk;;;;no_price
tver-oktyabrskij;;;;no_price
tver-oktyabrskoe;;;;no_price
tver-ordzhonikidze;;;;no_price
tver-orenburg;;;;no_price
tver-ozyornyj;;;;no_price
tver-pervomajskij;;;;no_price
tver-petrovskij;;;;no_price
tver-podolsk;;;;no_price
tver-proletarskij;;;;no_price
tver-pskov;;;;no_price
tver-pyatigorsk;;;;no_price
tver-rostov-na-donu;;;;no_price
tver-ruza;;;;no_price
tver-sergach;;;;no_price
tver-sergiev-posad;;;;no_price
tver-simferopol;;;;no_price
tver-sochi;;;;no_price
tver-sokol;;;;no_price
tver-sonkovo;;;;no_price
tver-sovetskij;;;;no_price
tver-sovetskoe;;;;no_price
tver-stanicza-kurskaya;;;;no_price
tver-stroitel;;;;no_price
tver-svobodnyj;;;;no_price
tver-sychyovka;;;;no_price
tver-taldom;;;;no_price
tver-toropecz;;;;no_price
tver-torzhok;;;;no_price
tver-tula;;;;no_price
tver-tulskij;;;;no_price
tver-tyumen;;;;no_price
tver-ufa;;;;no_price
tver-velikie-luki;;;;no_price
tver-velikooktyabrskij;;;;no_price
tver-vesegonsk;;;;no_price
tver-volgograd;;;;no_price
tver-volna;;;;no_price
tver-volokolamsk;;;;no_price
tver-volzhskij;;;;no_price
tver-vostochnyj;;;;no_price
tver-vyshnij-volochyok;;;;no_price
tver-vysokij;;;;no_price
tver-ximki;;;;no_price
tver-xolm;;;;no_price
tver-yaxroma;;;;no_price
tver-yurev-polskij;;;;no_price
tver-yuzhnyj;;;;no_price
tver-zavolzhskoe;;;;no_price
tver-zhukovskij;;;;no_price
tyumen-adler;;;;no_price
tyumen-alapaevsk;;;;no_price
tyumen-aleksandrov;;;;no_price
tyumen-almetevsk;;;;no_price
tyumen-anna;;;;no_price
tyumen-asha;;;;no_price
tyumen-ashe;;;;no_price
tyumen-belyj;;;;no_price
tyumen-beryozovo;;;;no_price
tyumen-blagoveshhensk;;;;no_price
tyumen-bor;;;;no_price
tyumen-buzuluk;;;;no_price
tyumen-cheboksary;;;;no_price
tyumen-chernushka;;;;no_price
tyumen-czentralnyj;;;;no_price
tyumen-dmitriev;;;;no_price
tyumen-dno;;;;no_price
tyumen-evpatoriya;;;;no_price
tyumen-gubkinskij;;;;no_price
tyumen-gus-xrustalnyj;;;;no_price
tyumen-kanash;;;;no_price
tyumen-kirov;;;;no_price
tyumen-komsomolskij;;;;no_price
tyumen-korkino;;;;no_price
tyumen-kotelnich;;;;no_price
tyumen-kotlas;;;;no_price
tyumen-krasnooktyabrskij;;;;no_price
tyumen-krasnoufimsk;;;;no_price
tyumen-krasnouralsk;;;;no_price
tyumen-krasnyj;;;;no_price
tyumen-kungur;;;;no_price
tyumen-kurortnoe;;;;no_price
tyumen-kursk;;;;no_price
tyumen-leningradskaya;;;;no_price
tyumen-lesnoj;;;;no_price
tyumen-lipeczk;;;;no_price
tyumen-magnitnyj;;;;no_price
tyumen-mozhga;;;;no_price
tyumen-naberezhnye-chelny;;;;no_price
tyumen-neya;;;;no_price
tyumen-nizhnekamsk;;;;no_price
tyumen-nizhnij-novgorod;;;;no_price
tyumen-novonikolaevskij;;;;no_price
tyumen-novopokrovka;;;;no_price
tyumen-oktyabrskij;;;;no_price
tyumen-oktyabrskoe;;;;no_price
tyumen-ordzhonikidze;;;;no_price
tyumen-ostrov;;;;no_price
tyumen-polevoj;;;;no_price
tyumen-polyarnyj;;;;no_price
tyumen-rodniki;;;;no_price
tyumen-rostov-na-donu;;;;no_price
tyumen-roza;;;;no_price
tyumen-rtishhevo;;;;no_price
tyumen-rybinsk;;;;no_price
tyumen-salavat;;;;no_price
tyumen-saratov;;;;no_price
tyumen-selo-dubovskoe;;;;no_price
tyumen-selo-troiczkoe;;;;no_price
tyumen-semyonov;;;;no_price
tyumen-serov;;;;no_price
tyumen-sim;;;;no_price
tyumen-solnechnyj;;;;no_price
tyumen-sovetskoe;;;;no_price
tyumen-stroitel;;;;no_price
tyumen-tambov;;;;no_price
tyumen-tujmazy;;;;no_price
tyumen-tula;;;;no_price
tyumen-tulskij;;;;no_price
tyumen-tver;;;;no_price
tyumen-tyoploe;;;;no_price
tyumen-ulyanovsk;;;;no_price
tyumen-uralskij;;;;no_price
tyumen-venyov;;;;no_price
tyumen-verxnij-ufalej;;;;no_price
tyumen-verxnyaya-salda;;;;no_price
tyumen-vidnoe;;;;no_price
tyumen-vladimir;;;;no_price
tyumen-volgograd;;;;no_price
tyumen-volna;;;;no_price
tyumen-vorkuta;;;;no_price
tyumen-vostochnyj;;;;no_price
tyumen-votkinsk;;;;no_price
tyumen-vyatskie-polyany;;;;no_price
tyumen-vysokij;;;;no_price
tyumen-xolm;;;;no_price
tyumen-yasnyj;;;;no_price
tyumen-yuzhnouralsk;;;;no_price
tyumen-yuzhnyj;;;;no_price
tyumen-zarechnyj;;;;no_price
tyumen-zvyozdnyj;;;;no_price
ufa-aleksandrov;;;;no_price
ufa-arsk;;;;no_price
ufa-asbest;;;;no_price
ufa-ashe;;;;no_price
ufa-astraxan;;;;no_price
ufa-belgorod;;;;no_price
ufa-belogorsk;;;;no_price
ufa-belorechensk;;;;no_price
ufa-belyj;;;;no_price
ufa-bereznik;;;;no_price
ufa-bogorodskoe;;;;no_price
ufa-bryansk;;;;no_price
ufa-cherepovecz;;;;no_price
ufa-czentralnyj;;;;no_price
ufa-dmitriev;;;;no_price
ufa-dzerzhinsk;;;;no_price
ufa-dzerzhinskij;;;;no_price
ufa-elan;;;;no_price
ufa-gagarin;;;;no_price
ufa-gorbatov;;;;no_price
ufa-gornyj;;;;no_price
ufa-gorodecz;;;;no_price
ufa-kalininskaya;;;;no_price
ufa-kaluga;;;;no_price
ufa-kamyshin;;;;no_price
ufa-kashira;;;;no_price
ufa-kasimov;;;;no_price
ufa-katav-ivanovsk;;;;no_price
ufa-kirovskij;;;;no_price
ufa-kolchugino;;;;no_price
ufa-kommunisticheskij;;;;no_price
ufa-komsomolskij;;;;no_price
ufa-kopejsk;;;;no_price
ufa-korolyov;;;;no_price
ufa-kostroma;;;;no_price
ufa-kotelnikovo;;;;no_price
ufa-krasnogorskij;;;;no_price
ufa-krasnoturinsk;;;;no_price
ufa-krasnouralsk;;;;no_price
ufa-krasnyj;;;;no_price
ufa-kstovo;;;;no_price
ufa-kungur;;;;no_price
ufa-leninskoe;;;;no_price
ufa-lesnoj;;;;no_price
ufa-lyubim;;;;no_price
ufa-magnitnyj;;;;no_price
ufa-mamadysh;;;;no_price
ufa-marks;;;;no_price
ufa-mendeleevsk;;;;no_price
ufa-mirnyj;;;;no_price
ufa-molochnyj;;;;no_price
ufa-murmansk;;;;no_price
ufa-mytishhi;;;;no_price
ufa-nadym;;;;no_price
ufa-neya;;;;no_price
ufa-nizhnyaya-tura;;;;no_price
ufa-novokujbyshevsk;;;;no_price
ufa-ochyor;;;;no_price
ufa-oktyabrsk;;;;no_price
ufa-oktyabrskoe;;;;no_price
ufa-olenegorsk;;;;no_price
ufa-orexovo-zuevo;;;;no_price
ufa-orlov;;;;no_price
ufa-oryol;;;;no_price
ufa-ostrov;;;;no_price
ufa-ozyorsk;;;;no_price
ufa-pavlovo;;;;no_price
ufa-pavlovskaya;;;;no_price
ufa-pavlovskij;;;;no_price
ufa-pervomajskij;;;;no_price
ufa-petrovskij;;;;no_price
ufa-pionerskij;;;;no_price
ufa-plast;;;;no_price
ufa-pugachyov;;;;no_price
ufa-revda;;;;no_price
ufa-rodniki;;;;no_price
ufa-rossosh;;;;no_price
ufa-roza;;;;no_price
ufa-semyonov;;;;no_price
ufa-serpuxov;;;;no_price
ufa-severnyj;;;;no_price
ufa-sharya;;;;no_price
ufa-solnechnogorsk;;;;no_price
ufa-sovetskij;;;;no_price
ufa-sovetskoe;;;;no_price
ufa-stroitel;;;;no_price
ufa-sudogda;;;;no_price
ufa-svobodnyj;;;;no_price
ufa-tula;;;;no_price
ufa-urengoj;;;;no_price
ufa-velikij-novgorod;;;;no_price
ufa-venyov;;;;no_price
ufa-verxnij-ufalej;;;;no_price
ufa-vidnoe;;;;no_price
ufa-volna;;;;no_price
ufa-vologda;;;;no_price
ufa-volokonovka;;;;no_price
ufa-vostochnyj;;;;no_price
ufa-votkinsk;;;;no_price
ufa-vysokij;;;;no_price
ufa-vytegra;;;;no_price
ufa-xolm;;;;no_price
ufa-yaroslavl;;;;no_price
ufa-yuzhnouralsk;;;;no_price
ufa-yuzhnyj;;;;no_price
ufa-zauralskij;;;;no_price
ufa-zelyonyj-gorod;;;;no_price
ufa-zhigulyovsk;;;;no_price
ufa-zhukov;;;;no_price
ulyanovsk-aleksandrov;;;;no_price
ulyanovsk-almetevsk;;;;no_price
ulyanovsk-anapa;;;;no_price
ulyanovsk-app-rovenki;;;;no_price
ulyanovsk-ardatov-mordoviya;;;;no_price
ulyanovsk-atyashevo;;;;no_price
ulyanovsk-beloreczk;;;;no_price
ulyanovsk-belye-berega;;;;no_price
ulyanovsk-belyj;;;;no_price
ulyanovsk-bezenchuk;;;;no_price
ulyanovsk-chajkovskij;;;;no_price
ulyanovsk-chamzinka;;;;no_price
ulyanovsk-czentralnyj;;;;no_price
ulyanovsk-dmitriev;;;;no_price
ulyanovsk-efremov;;;;no_price
ulyanovsk-gagarin;;;;no_price
ulyanovsk-gaj;;;;no_price
ulyanovsk-glazov;;;;no_price
ulyanovsk-gorodishhe;;;;no_price
ulyanovsk-gorodishhi;;;;no_price
ulyanovsk-gryazi;;;;no_price
ulyanovsk-ilinka;;;;no_price
ulyanovsk-izmajlovo;;;;no_price
ulyanovsk-kaduj;;;;no_price
ulyanovsk-kaluga;;;;no_price
ulyanovsk-kamenka;;;;no_price
ulyanovsk-kinel;;;;no_price
ulyanovsk-kirovskij;;;;no_price
ulyanovsk-kolomna;;;;no_price
ulyanovsk-konstantinovsk;;;;no_price
ulyanovsk-korolyov;;;;no_price
ulyanovsk-kostroma;;;;no_price
ulyanovsk-kovrov;;;;no_price
ulyanovsk-krasnaya-polyana;;;;no_price
ulyanovsk-krasnoufimsk;;;;no_price
ulyanovsk-krasnyj;;;;no_price
ulyanovsk-krymsk;;;;no_price
ulyanovsk-kstovo;;;;no_price
ulyanovsk-kujbyshevo;;;;no_price
ulyanovsk-kurchatov;;;;no_price
ulyanovsk-kurgan;;;;no_price
ulyanovsk-kursk;;;;no_price
ulyanovsk-leninsk;;;;no_price
ulyanovsk-leninskoe;;;;no_price
ulyanovsk-lesnoj;;;;no_price
ulyanovsk-lipeczk;;;;no_price
ulyanovsk-lobnya;;;;no_price
ulyanovsk-lokomotivnyj;;;;no_price
ulyanovsk-lukoyanov;;;;no_price
ulyanovsk-lysye-gory;;;;no_price
ulyanovsk-malmyzh;;;;no_price
ulyanovsk-mamadysh;;;;no_price
ulyanovsk-marks;;;;no_price
ulyanovsk-mczensk;;;;no_price
ulyanovsk-mendeleevsk;;;;no_price
ulyanovsk-michurinsk;;;;no_price
ulyanovsk-mixajlov;;;;no_price
ulyanovsk-moskva;;;;no_price
ulyanovsk-narimanov;;;;no_price
ulyanovsk-neftegorsk;;;;no_price
ulyanovsk-novokujbyshevsk;;;;no_price
ulyanovsk-novorossijsk;;;;no_price
ulyanovsk-novyj-urengoj;;;;no_price
ulyanovsk-oktyabrsk;;;;no_price
ulyanovsk-oktyabrskoe;;;;no_price
ulyanovsk-orlov;;;;no_price
ulyanovsk-oryol;;;;no_price
ulyanovsk-pavlovo;;;;no_price
ulyanovsk-pervomajskij;;;;no_price
ulyanovsk-promyshlennyj;;;;no_price
ulyanovsk-pugachyov;;;;no_price
ulyanovsk-rostov-na-donu;;;;no_price
ulyanovsk-rovenki;;;;no_price
ulyanovsk-rzhev;;;;no_price
ulyanovsk-saransk;;;;no_price
ulyanovsk-sevastopol;;;;no_price
ulyanovsk-severnyj;;;;no_price
ulyanovsk-simferopol;;;;no_price
ulyanovsk-sosnovka;;;;no_price
ulyanovsk-sredneuralsk;;;;no_price
ulyanovsk-staraya-russa;;;;no_price
ulyanovsk-surgut;;;;no_price
ulyanovsk-tula;;;;no_price
ulyanovsk-tulskij;;;;no_price
ulyanovsk-tyumen;;;;no_price
ulyanovsk-uchaly;;;;no_price
ulyanovsk-urengoj;;;;no_price
ulyanovsk-urzhum;;;;no_price
ulyanovsk-usinsk;;;;no_price
ulyanovsk-uvarovo;;;;no_price
ulyanovsk-uzlovaya;;;;no_price
ulyanovsk-velikie-luki;;;;no_price
ulyanovsk-vereshhagino;;;;no_price
ulyanovsk-vladimir;;;;no_price
ulyanovsk-vodnyj;;;;no_price
ulyanovsk-volokolamsk;;;;no_price
ulyanovsk-volsk;;;;no_price
ulyanovsk-volzhsk;;;;no_price
ulyanovsk-voronezh;;;;no_price
ulyanovsk-vostochnyj;;;;no_price
ulyanovsk-vyatskie-polyany;;;;no_price
ulyanovsk-vysokij;;;;no_price
ulyanovsk-yalta;;;;no_price
ulyanovsk-yaroslavl;;;;no_price
ulyanovsk-zavolzhe;;;;no_price
ulyanovsk-zavolzhsk;;;;no_price
ulyanovsk-zavolzhskoe;;;;no_price
ulyanovsk-zhukovka;;;;no_price
urazovo-voronezh;;;;no_price
valuyki-arhangelsk;;;;no_price
valuyki-kazan;;;;no_price
valuyki-kursk;;;;no_price
valuyki-nizhniy-novgorod;;;;no_price
valuyki-orenburg;;;;no_price
valuyki-oryol;;;;no_price
valuyki-ryazan;;;;no_price
valuyki-smolensk;;;;no_price
valuyki-tambov;;;;no_price
valuyki-tula;;;;no_price
valuyki-volgograd;;;;no_price
valuyki-vologda;;;;no_price
velikiy-novgorod-aleksandrov;;;;no_price
velikiy-novgorod-balashov;;;;no_price
velikiy-novgorod-belyy;;;;no_price
velikiy-novgorod-bor;;;;no_price
velikiy-novgorod-bronnitsy;;;;no_price
velikiy-novgorod-bryansk;;;;no_price
velikiy-novgorod-budogoshch;;;;no_price
velikiy-novgorod-cheboksary;;;;no_price
velikiy-novgorod-cherepovets;;;;no_price
velikiy-novgorod-dmitriev;;;;no_price
velikiy-novgorod-dno;;;;no_price
velikiy-novgorod-domodedovo;;;;no_price
velikiy-novgorod-dubrovka;;;;no_price
velikiy-novgorod-dzerzhinskiy;;;;no_price
velikiy-novgorod-hotkovo;;;;no_price
velikiy-novgorod-kalach;;;;no_price
velikiy-novgorod-kamenka;;;;no_price
velikiy-novgorod-konakovo;;;;no_price
velikiy-novgorod-kromy;;;;no_price
velikiy-novgorod-lahdenpohya;;;;no_price
velikiy-novgorod-lesnoy;;;;no_price
velikiy-novgorod-medyn;;;;no_price
velikiy-novgorod-murmansk;;;;no_price
velikiy-novgorod-nizhniy-novgorod;;;;no_price
velikiy-novgorod-oktyabrskiy;;;;no_price
velikiy-novgorod-oktyabrskoe;;;;no_price
velikiy-novgorod-pankovka;;;;no_price
velikiy-novgorod-pechora;;;;no_price
velikiy-novgorod-pechory;;;;no_price
velikiy-novgorod-petrozavodsk;;;;no_price
velikiy-novgorod-rostov-velikiy;;;;no_price
velikiy-novgorod-ryazan;;;;no_price
velikiy-novgorod-rzhev;;;;no_price
velikiy-novgorod-samara;;;;no_price
velikiy-novgorod-savinskiy;;;;no_price
velikiy-novgorod-sebezh;;;;no_price
velikiy-novgorod-smolensk;;;;no_price
velikiy-novgorod-sosnovyy-bor;;;;no_price
velikiy-novgorod-suoyarvi;;;;no_price
velikiy-novgorod-tihvin;;;;no_price
velikiy-novgorod-tver;;;;no_price
velikiy-novgorod-ufa;;;;no_price
velikiy-novgorod-velikie-luki;;;;no_price
velikiy-novgorod-volgograd;;;;no_price
velikiy-novgorod-voskresenskoe;;;;no_price
velikiy-novgorod-vyksa;;;;no_price
velikiy-novgorod-vyshniy-volochyok;;;;no_price
velikiy-novgorod-yakovlevo;;;;no_price
velikiy-novgorod-yaroslavl;;;;no_price
velikiy-novgorod-zmiyovka;;;;no_price
vladimir-alatyr;;;;no_price
vladimir-aleksandrovsk;;;;no_price
vladimir-almetevsk;;;;no_price
vladimir-arsenevo;;;;no_price
vladimir-arxangelsk;;;;no_price
vladimir-babaevo;;;;no_price
vladimir-balashixa;;;;no_price
vladimir-balaxna;;;;no_price
vladimir-bekovo;;;;no_price
vladimir-belyj;;;;no_price
vladimir-blagodarnyj;;;;no_price
vladimir-borovskij;;;;no_price
vladimir-chajkovskij;;;;no_price
vladimir-cheboksary;;;;no_price
vladimir-chelyabinsk;;;;no_price
vladimir-cherepovecz;;;;no_price
vladimir-chexov;;;;no_price
vladimir-dmitriev;;;;no_price
vladimir-domodedovo;;;;no_price
vladimir-dubna;;;;no_price
vladimir-dubrovka;;;;no_price
vladimir-dyurtyuli;;;;no_price
vladimir-dzerzhinsk;;;;no_price
vladimir-dzhankoj;;;;no_price
vladimir-egorevsk;;;;no_price
vladimir-ekaterinovka;;;;no_price
vladimir-elektrogorsk;;;;no_price
vladimir-elektrostal;;;;no_price
vladimir-ershov;;;;no_price
vladimir-fryazino;;;;no_price
vladimir-fyodorovskij;;;;no_price
vladimir-gagarin;;;;no_price
vladimir-gavrilov-posad;;;;no_price
vladimir-goliczyno;;;;no_price
vladimir-gornyj;;;;no_price
vladimir-gorodishhe;;;;no_price
vladimir-gorodishhi;;;;no_price
vladimir-kaluga;;;;no_price
vladimir-kamensk-uralskij;;;;no_price
vladimir-karabanovo;;;;no_price
vladimir-kashira;;;;no_price
vladimir-kasimov;;;;no_price
vladimir-kineshma;;;;no_price
vladimir-kirov;;;;no_price
vladimir-kolomna;;;;no_price
vladimir-korolyov;;;;no_price
vladimir-kotelniki;;;;no_price
vladimir-koxma;;;;no_price
vladimir-krasnyj;;;;no_price
vladimir-kstovo;;;;no_price
vladimir-kujbyshevo;;;;no_price
vladimir-kursk;;;;no_price
vladimir-lakinsk;;;;no_price
vladimir-leningradskaya;;;;no_price
vladimir-leninsk;;;;no_price
vladimir-lermontov;;;;no_price
vladimir-lesnoj;;;;no_price
vladimir-likino-dulyovo;;;;no_price
vladimir-lyuberczy;;;;no_price
vladimir-lyubim;;;;no_price
vladimir-lyudinovo;;;;no_price
vladimir-miass;;;;no_price
vladimir-morozovsk;;;;no_price
vladimir-mytishhi;;;;no_price
vladimir-naro-fominsk;;;;no_price
vladimir-nerexta;;;;no_price
vladimir-neya;;;;no_price
vladimir-nizhnij-tagil;;;;no_price
vladimir-noginsk;;;;no_price
vladimir-novomichurinsk;;;;no_price
vladimir-nyazepetrovsk;;;;no_price
vladimir-oktyabrskij;;;;no_price
vladimir-oktyabrskoe;;;;no_price
vladimir-orexovo-zuevo;;;;no_price
vladimir-orlov;;;;no_price
vladimir-orsk;;;;no_price
vladimir-pavlovo;;;;no_price
vladimir-pavlovskaya;;;;no_price
vladimir-pavlovskij-posad;;;;no_price
vladimir-penza;;;;no_price
vladimir-pereslavl-zalesskij;;;;no_price
vladimir-perevoz;;;;no_price
vladimir-petrozavodsk;;;;no_price
vladimir-petushki;;;;no_price
vladimir-podolsk;;;;no_price
vladimir-pokrov;;;;no_price
vladimir-primorskij;;;;no_price
vladimir-pyatigorsk;;;;no_price
vladimir-raduzhnyj;;;;no_price
vladimir-ramenskoe;;;;no_price
vladimir-reutov;;;;no_price
vladimir-rostov-na-donu;;;;no_price
vladimir-rybinsk;;;;no_price
vladimir-samara;;;;no_price
vladimir-saransk;;;;no_price
vladimir-saratov;;;;no_price
vladimir-sasovo;;;;no_price
vladimir-serpuxov;;;;no_price
vladimir-sevastopol;;;;no_price
vladimir-severnyj;;;;no_price
vladimir-shebekino;;;;no_price
vladimir-shhyolkovo;;;;no_price
vladimir-sim;;;;no_price
vladimir-simferopol;;;;no_price
vladimir-smolensk;;;;no_price
vladimir-sochi;;;;no_price
vladimir-sokol;;;;no_price
vladimir-solnechnogorsk;;;;no_price
vladimir-solnechnyj;;;;no_price
vladimir-stavropol;;;;no_price
vladimir-stroitel;;;;no_price
vladimir-stupino;;;;no_price
vladimir-sudak;;;;no_price
vladimir-suvorov;;;;no_price
vladimir-suxodol;;;;no_price
vladimir-syktyvkar;;;;no_price
vladimir-syzran;;;;no_price
vladimir-tejkovo;;;;no_price
vladimir-tolyatti;;;;no_price
vladimir-tutaev;;;;no_price
vladimir-tyumen;;;;no_price
vladimir-uglich;;;;no_price
vladimir-ulyanovsk;;;;no_price
vladimir-uralskij;;;;no_price
vladimir-usman;;;;no_price
vladimir-velizh;;;;no_price
vladimir-vereya;;;;no_price
vladimir-verxnee-dubrovo;;;;no_price
vladimir-vichuga;;;;no_price
vladimir-vidnoe;;;;no_price
vladimir-vodnyj;;;;no_price
vladimir-volginskij;;;;no_price
vladimir-volgograd;;;;no_price
vladimir-vorkuta;;;;no_price
vladimir-vostochnyj;;;;no_price
vladimir-vyksa;;;;no_price
vladimir-yurev-polskij;;;;no_price
vladimir-yurevecz;;;;no_price
vladimir-zarechnyj;;;;no_price
vladimir-zhukov;;;;no_price
vladimir-zhukovskij;;;;no_price
vladivostok-aeroport-artyom-vladivostok;;;;no_price
vladivostok-aeroport-xabarovsk-novyj;;;;no_price
vladivostok-barnaul;;;;no_price
vladivostok-bodajbo;;;;no_price
vladivostok-chelyabinsk;;;;no_price
vladivostok-dunaj;;;;no_price
vladivostok-ekaterinburg;;;;no_price
vladivostok-irkutsk;;;;no_price
vladivostok-kamensk-uralskij;;;;no_price
vladivostok-kansk;;;;no_price
vladivostok-kemerovo;;;;no_price
vladivostok-kirensk;;;;no_price
vladivostok-kyzyl;;;;no_price
vladivostok-lesnoj;;;;no_price
vladivostok-lugovoj;;;;no_price
vladivostok-makarov;;;;no_price
vladivostok-nikolaevka;;;;no_price
vladivostok-nizhnevartovsk;;;;no_price
vladivostok-novyj-urengoj;;;;no_price
vladivostok-omsk;;;;no_price
vladivostok-severobajkalsk;;;;no_price
vladivostok-sim;;;;no_price
vladivostok-skovorodino;;;;no_price
vladivostok-sovetskij;;;;no_price
vladivostok-surgut;;;;no_price
vladivostok-svobodnyj;;;;no_price
vladivostok-svobodnyj-2;;;;no_price
vladivostok-tatarsk;;;;no_price
vladivostok-uralskij;;;;no_price
vladivostok-urengoj;;;;no_price
vladivostok-ust-ilimsk;;;;no_price
vladivostok-vanino;;;;no_price
vladivostok-vyazemskij;;;;no_price
vladivostok-vysokij;;;;no_price
vladivostok-yuzhno-saxalinsk;;;;no_price
vladivostok-yuzhnyj;;;;no_price
vladivostok-zima;;;;no_price
volgograd-aleksandrov;;;;no_price
volgograd-alekseevskoe;;;;no_price
volgograd-almetevsk;;;;no_price
volgograd-anna;;;;no_price
volgograd-astraxan;;;;no_price
volgograd-axtubinsk;;;;no_price
volgograd-balashixa;;;;no_price
volgograd-belyj;;;;no_price
volgograd-blagoveshhensk;;;;no_price
volgograd-budyonnovsk;;;;no_price
volgograd-bugulma;;;;no_price
volgograd-cheboksary;;;;no_price
volgograd-chekalin;;;;no_price
volgograd-chelyabinsk;;;;no_price
volgograd-czentralnyj;;;;no_price
volgograd-donskoj;;;;no_price
volgograd-dzerzhinsk;;;;no_price
volgograd-dzerzhinskij;;;;no_price
volgograd-dzhalil;;;;no_price
volgograd-dzhankoj;;;;no_price
volgograd-dzhubga;;;;no_price
volgograd-elan;;;;no_price
volgograd-eleczkij;;;;no_price
volgograd-gagarin;;;;no_price
volgograd-gelendzhik;;;;no_price
volgograd-glazov;;;;no_price
volgograd-gornyj;;;;no_price
volgograd-gorodishhi;;;;no_price
volgograd-gubaxa;;;;no_price
volgograd-gukovo;;;;no_price
volgograd-gulkevichi;;;;no_price
volgograd-gurzuf;;;;no_price
volgograd-gus-xrustalnyj;;;;no_price
volgograd-izhevsk;;;;no_price
volgograd-joshkar-ola;;;;no_price
volgograd-kalach;;;;no_price
volgograd-kaluga;;;;no_price
volgograd-kirov;;;;no_price
volgograd-kirovsk;;;;no_price
volgograd-kirovskij;;;;no_price
volgograd-kolomna;;;;no_price
volgograd-kommunisticheskij;;;;no_price
volgograd-komsomolskij;;;;no_price
volgograd-konstantinovsk;;;;no_price
volgograd-krasnoarmejsk;;;;no_price
volgograd-krasnooktyabrskij;;;;no_price
volgograd-krasnyj;;;;no_price
volgograd-krasnyj-oktyabr;;;;no_price
volgograd-kropotkin;;;;no_price
volgograd-krymsk;;;;no_price
volgograd-kubinka;;;;no_price
volgograd-kurgan;;;;no_price
volgograd-kuzneczk;;;;no_price
volgograd-labinsk;;;;no_price
volgograd-leninskoe;;;;no_price
volgograd-livny;;;;no_price
volgograd-magnitnyj;;;;no_price
volgograd-marks;;;;no_price
volgograd-mczensk;;;;no_price
volgograd-milyutinskaya;;;;no_price
volgograd-mixajlovka;;;;no_price
volgograd-monchegorsk;;;;no_price
volgograd-murmansk;;;;no_price
volgograd-mytishhi;;;;no_price
volgograd-nefteyugansk;;;;no_price
volgograd-neya;;;;no_price
volgograd-nizhnij-novgorod;;;;no_price
volgograd-nizhnij-tagil;;;;no_price
volgograd-noginsk;;;;no_price
volgograd-novoanninskij;;;;no_price
volgograd-novonikolaevskij;;;;no_price
volgograd-novorossijsk;;;;no_price
volgograd-novyj-urengoj;;;;no_price
volgograd-odinczovo;;;;no_price
volgograd-oktyabrsk;;;;no_price
volgograd-oktyabrskij;;;;no_price
volgograd-oktyabrskoe;;;;no_price
volgograd-orexovo-zuevo;;;;no_price
volgograd-orlov;;;;no_price
volgograd-oryol;;;;no_price
volgograd-ostrov;;;;no_price
volgograd-pavlovo;;;;no_price
volgograd-pereslavl-zalesskij;;;;no_price
volgograd-perevoz;;;;no_price
volgograd-podolsk;;;;no_price
volgograd-polyarnyj;;;;no_price
volgograd-povorino;;;;no_price
volgograd-poxvistnevo;;;;no_price
volgograd-proletarskij;;;;no_price
volgograd-pskov;;;;no_price
volgograd-rasskazovo;;;;no_price
volgograd-salexard;;;;no_price
volgograd-samojlovka;;;;no_price
volgograd-sasovo;;;;no_price
volgograd-semyonov;;;;no_price
volgograd-serdobsk;;;;no_price
volgograd-sergiev-posad;;;;no_price
volgograd-severnyj;;;;no_price
volgograd-shalya;;;;no_price
volgograd-simferopol;;;;no_price
volgograd-smolensk;;;;no_price
volgograd-sosenskij;;;;no_price
volgograd-sovetskij;;;;no_price
volgograd-sovetskoe;;;;no_price
volgograd-surgut;;;;no_price
volgograd-svecha;;;;no_price
volgograd-svetlyj;;;;no_price
volgograd-svetlyj-yar;;;;no_price
volgograd-tbilisskaya;;;;no_price
volgograd-timashyovsk;;;;no_price
volgograd-tula;;;;no_price
volgograd-turki;;;;no_price
volgograd-tver;;;;no_price
volgograd-tyoploe;;;;no_price
volgograd-tyumen;;;;no_price
volgograd-ulyanovsk;;;;no_price
volgograd-urengoj;;;;no_price
volgograd-ust-labinsk;;;;no_price
volgograd-valujki;;;;no_price
volgograd-velikie-luki;;;;no_price
volgograd-velikij-novgorod;;;;no_price
volgograd-verxnij-baskunchak;;;;no_price
volgograd-vladimir;;;;no_price
volgograd-vodnyj;;;;no_price
volgograd-volzhsk;;;;no_price
volgograd-vorkuta;;;;no_price
volgograd-vyezdnoe;;;;no_price
volgograd-vysokij;;;;no_price
volgograd-xadyzhensk;;;;no_price
volgograd-xarabali;;;;no_price
volgograd-yalta;;;;no_price
volgograd-yaroslavl;;;;no_price
volgograd-yurev-polskij;;;;no_price
volgograd-yuzhnyj;;;;no_price
volgograd-zapolyarnyj;;;;no_price
volgograd-zheleznogorsk;;;;no_price
volgograd-zhigulyovsk;;;;no_price
volgograd-zhukov;;;;no_price
volgograd-zhukovskij;;;;no_price
vologda-aleksandrov;;;;no_price
vologda-apatity;;;;no_price
vologda-babaevo;;;;no_price
vologda-belyy;;;;no_price
vologda-bor;;;;no_price
vologda-borovichi;;;;no_price
vologda-chehov;;;;no_price
vologda-dzerzhinsk;;;;no_price
vologda-gagarin;;;;no_price
vologda-ivanovo;;;;no_price
vologda-kamenka;;;;no_price
vologda-kargopol;;;;no_price
vologda-kirov;;;;no_price
vologda-kirovskiy;;;;no_price
vologda-koryazhma;;;;no_price
vologda-kotlas;;;;no_price
vologda-krasavino;;;;no_price
vologda-krasnyy;;;;no_price
vologda-kuloy;;;;no_price
vologda-kurgan;;;;no_price
vologda-kursk;;;;no_price
vologda-kuvshinovo;;;;no_price
vologda-leningradskaya;;;;no_price
vologda-lermontov;;;;no_price
vologda-magnitogorsk;;;;no_price
vologda-marks;;;;no_price
vologda-mikun;;;;no_price
vologda-molochnyy;;;;no_price
vologda-murmansk;;;;no_price
vologda-naro-fominsk;;;;no_price
vologda-nizhniy-novgorod;;;;no_price
vologda-oktyabrskiy;;;;no_price
vologda-oktyabrskoe;;;;no_price
vologda-olenegorsk;;;;no_price
vologda-orlov;;;;no_price
vologda-oryol;;;;no_price
vologda-ostrov;;;;no_price
vologda-pervomayskiy;;;;no_price
vologda-pestovo;;;;no_price
vologda-petrozavodsk;;;;no_price
vologda-plyos;;;;no_price
vologda-podolsk;;;;no_price
vologda-prechistenskoe;;;;no_price
vologda-proletarskiy;;;;no_price
vologda-pugachyov;;;;no_price
vologda-rossosh;;;;no_price
vologda-rostov-na-donu;;;;no_price
vologda-ryazan;;;;no_price
vologda-rybinsk;;;;no_price
vologda-rybnoe;;;;no_price
vologda-rzhev;;;;no_price
vologda-saratov;;;;no_price
vologda-semyonov;;;;no_price
vologda-sergiev-posad;;;;no_price
vologda-severnyy;;;;no_price
vologda-severodvinsk;;;;no_price
vologda-shchyolkovo;;;;no_price
vologda-smolensk;;;;no_price
vologda-sokol;;;;no_price
vologda-sovetskiy;;;;no_price
vologda-sovetskoe;;;;no_price
vologda-stavropol;;;;no_price
vologda-stroitel;;;;no_price
vologda-surgut;;;;no_price
vologda-svobodnyy;;;;no_price
vologda-syktyvkar;;;;no_price
vologda-tambov;;;;no_price
vologda-torzhok;;;;no_price
vologda-tsentralnyy;;;;no_price
vologda-tuapse;;;;no_price
vologda-tula;;;;no_price
vologda-tver;;;;no_price
vologda-tyaykovo;;;;no_price
vologda-ufa;;;;no_price
vologda-uholovo;;;;no_price
vologda-vohtoga;;;;no_price
vologda-zarechnyy;;;;no_price
vologda-zelyonyy-gorod;;;;no_price
voronezh-aleksandrov;;;;no_price
voronezh-alekseevka;;;;no_price
voronezh-alekseevka-2;;;;no_price
voronezh-aleksin;;;;no_price
voronezh-astraxan;;;;no_price
voronezh-balakovo;;;;no_price
voronezh-bashmakovo;;;;no_price
voronezh-belaya-glina;;;;no_price
voronezh-belyj;;;;no_price
voronezh-beryozovo;;;;no_price
voronezh-biryuch;;;;no_price
voronezh-bogorodsk;;;;no_price
voronezh-borovichi;;;;no_price
voronezh-budyonnovsk;;;;no_price
voronezh-cheremisinovo;;;;no_price
voronezh-chernyanka;;;;no_price
voronezh-chkalovsk;;;;no_price
voronezh-chudovo;;;;no_price
voronezh-czentralnyj;;;;no_price
voronezh-czentralnyj-2;;;;no_price
voronezh-dagomys;;;;no_price
voronezh-dimitrovgrad;;;;no_price
voronezh-dmitriev;;;;no_price
voronezh-dmitrievka;;;;no_price
voronezh-dmitrov;;;;no_price
voronezh-dolgoe;;;;no_price
voronezh-donskoj;;;;no_price
voronezh-duxovniczkoe;;;;no_price
voronezh-dzerzhinsk;;;;no_price
voronezh-dzerzhinskij;;;;no_price
voronezh-elan;;;;no_price
voronezh-elecz;;;;no_price
voronezh-elista;;;;no_price
voronezh-essentuki;;;;no_price
voronezh-fatezh;;;;no_price
voronezh-feodosiya;;;;no_price
voronezh-frolovo;;;;no_price
voronezh-galich;;;;no_price
voronezh-gorshechnoe;;;;no_price
voronezh-gribanovskij;;;;no_price
voronezh-gryazi;;;;no_price
voronezh-gubkinskij;;;;no_price
voronezh-ilovlya;;;;no_price
voronezh-istra;;;;no_price
voronezh-ivnya;;;;no_price
voronezh-izhevsk;;;;no_price
voronezh-kabardinka;;;;no_price
voronezh-kalininsk;;;;no_price
voronezh-kaluga;;;;no_price
voronezh-kamenka;;;;no_price
voronezh-kamenka-2;;;;no_price
voronezh-kamenka-4;;;;no_price
voronezh-kamenskij;;;;no_price
voronezh-kamyshin;;;;no_price
voronezh-kastornoe;;;;no_price
voronezh-kerch;;;;no_price
voronezh-kireevsk;;;;no_price
voronezh-kirov;;;;no_price
voronezh-kirov-2;;;;no_price
voronezh-kirsanov;;;;no_price
voronezh-klinczy;;;;no_price
voronezh-kola;;;;no_price
voronezh-korolyov;;;;no_price
voronezh-kovrov;;;;no_price
voronezh-koxma;;;;no_price
voronezh-krasnye-baki;;;;no_price
voronezh-krasnyj;;;;no_price
voronezh-kudymkar;;;;no_price
voronezh-kulebaki;;;;no_price
voronezh-kurkino;;;;no_price
voronezh-kuzneczk;;;;no_price
voronezh-leningradskaya;;;;no_price
voronezh-leninsk;;;;no_price
voronezh-leninskoe;;;;no_price
voronezh-lesnoj;;;;no_price
voronezh-lesnoj-2;;;;no_price
voronezh-lesnoj-3;;;;no_price
voronezh-lgov;;;;no_price
voronezh-lokomotivnyj;;;;no_price
voronezh-lyubim;;;;no_price
voronezh-magnitnyj;;;;no_price
voronezh-magnitogorsk;;;;no_price
voronezh-marks;;;;no_price
voronezh-maslova-pristan;;;;no_price
voronezh-mezhdurechenskij;;;;no_price
voronezh-miass;;;;no_price
voronezh-michurinsk;;;;no_price
voronezh-millerovo;;;;no_price
voronezh-mixajlov;;;;no_price
voronezh-molochnyj;;;;no_price
voronezh-murmansk;;;;no_price
voronezh-navlya;;;;no_price
voronezh-nevinnomyssk;;;;no_price
voronezh-neya;;;;no_price
voronezh-nizhnij-kislyaj;;;;no_price
voronezh-nizhnij-lomov;;;;no_price
voronezh-noginsk;;;;no_price
voronezh-novoaleksandrovsk;;;;no_price
voronezh-novocheboksarsk;;;;no_price
voronezh-novonikolaevskij;;;;no_price
voronezh-novorossijsk;;;;no_price
voronezh-novoxopyorskij;;;;no_price
voronezh-novozybkov;;;;no_price
voronezh-obninsk;;;;no_price
voronezh-oboyan;;;;no_price
voronezh-odinczovo;;;;no_price
voronezh-oktyabrskij;;;;no_price
voronezh-oktyabrskij-2;;;;no_price
voronezh-oktyabrskij-3;;;;no_price
voronezh-oktyabrskij-4;;;;no_price
voronezh-oktyabrskij-5;;;;no_price
voronezh-oktyabrskij-6;;;;no_price
voronezh-oktyabrskij-7;;;;no_price
voronezh-oktyabrskoe;;;;no_price
voronezh-olxovatka;;;;no_price
voronezh-orexovo-zuevo;;;;no_price
voronezh-orlov;;;;no_price
voronezh-osa;;;;no_price
voronezh-otradnaya;;;;no_price
voronezh-otradnyj;;;;no_price
voronezh-pavlovskaya;;;;no_price
voronezh-pavlovskij;;;;no_price
voronezh-perm;;;;no_price
voronezh-podgorenskij;;;;no_price
voronezh-podolsk;;;;no_price
voronezh-pogar;;;;no_price
voronezh-polevoj;;;;no_price
voronezh-povorino;;;;no_price
voronezh-proletarij;;;;no_price
voronezh-proletarskij;;;;no_price
voronezh-protvino;;;;no_price
voronezh-pugachyov;;;;no_price
voronezh-pyatigorsk;;;;no_price
voronezh-pyatniczkoe;;;;no_price
voronezh-rakitnoe;;;;no_price
voronezh-ramenskoe;;;;no_price
voronezh-razumnoe;;;;no_price
voronezh-ruza;;;;no_price
voronezh-ryazhsk;;;;no_price
voronezh-rybinsk;;;;no_price
voronezh-rylsk;;;;no_price
voronezh-salsk;;;;no_price
voronezh-sarov;;;;no_price
voronezh-serpuxov;;;;no_price
voronezh-severnyj;;;;no_price
voronezh-sevsk;;;;no_price
voronezh-shebekino;;;;no_price
voronezh-shhigry;;;;no_price
voronezh-shhyokino;;;;no_price
voronezh-shhyolkino;;;;no_price
voronezh-simferopol;;;;no_price
voronezh-skopin;;;;no_price
voronezh-solczy;;;;no_price
voronezh-soligalich;;;;no_price
voronezh-solnechnyj;;;;no_price
voronezh-sortavala;;;;no_price
voronezh-sosnovka;;;;no_price
voronezh-sosnovka-2;;;;no_price
voronezh-sovetskij;;;;no_price
voronezh-sovetskij-2;;;;no_price
voronezh-sovetskoe;;;;no_price
voronezh-spassk;;;;no_price
voronezh-stanicza-kazanskaya;;;;no_price
voronezh-staricza;;;;no_price
voronezh-starodub;;;;no_price
voronezh-stavropol;;;;no_price
voronezh-strelicza;;;;no_price
voronezh-strunino;;;;no_price
voronezh-surgut;;;;no_price
voronezh-suvorov;;;;no_price
voronezh-svobodnyj;;;;no_price
voronezh-svobodnyj-2;;;;no_price
voronezh-timashyovsk;;;;no_price
voronezh-tolyatti;;;;no_price
voronezh-tulskij;;;;no_price
voronezh-tver;;;;no_price
voronezh-tyumen;;;;no_price
voronezh-udomlya;;;;no_price
voronezh-ulyanovsk;;;;no_price
voronezh-uralskij;;;;no_price
voronezh-uralskij-2;;;;no_price
voronezh-uvarovo;;;;no_price
voronezh-uzlovaya;;;;no_price
voronezh-valdaj;;;;no_price
voronezh-valujki;;;;no_price
voronezh-vejdelevka;;;;no_price
voronezh-vidnoe;;;;no_price
voronezh-vodnyj;;;;no_price
voronezh-vologda;;;;no_price
voronezh-vorsma;;;;no_price
voronezh-vostochnyj;;;;no_price
voronezh-vyazma;;;;no_price
voronezh-vyksa;;;;no_price
voronezh-vyoshenskaya;;;;no_price
voronezh-vyselki;;;;no_price
voronezh-vysokij;;;;no_price
voronezh-xoxolskij;;;;no_price
voronezh-yarczevo;;;;no_price
voronezh-yasnyj;;;;no_price
voronezh-zarechnyj;;;;no_price
voronezh-zarechnyj-2;;;;no_price
voronezh-zhukov;;;;no_price
voronezh-znamenka;;;;no_price
voronezh-znamenka-2;;;;no_price
voronezh-zvenigorod;;;;no_price
voronezh-zvyozdnyj;;;;no_price
xabarovsk-angarsk;;;;no_price
xabarovsk-angarsk-2;;;;no_price
xabarovsk-arsenev-2;;;;no_price
xabarovsk-artyom-2;;;;no_price
xabarovsk-barnaul;;;;no_price
xabarovsk-barnaul-2;;;;no_price
xabarovsk-belogorsk;;;;no_price
xabarovsk-bira;;;;no_price
xabarovsk-bodajbo;;;;no_price
xabarovsk-bodajbo-2;;;;no_price
xabarovsk-bolshoj-kamen;;;;no_price
xabarovsk-bolshoj-kamen-2;;;;no_price
xabarovsk-chelyabinsk;;;;no_price
xabarovsk-dalnerechensk-2;;;;no_price
xabarovsk-ekaterinburg;;;;no_price
xabarovsk-ekaterinburg-2;;;;no_price
xabarovsk-fokino;;;;no_price
xabarovsk-fokino-2;;;;no_price
xabarovsk-irkutsk;;;;no_price
xabarovsk-irkutsk-2;;;;no_price
xabarovsk-kirensk;;;;no_price
xabarovsk-kirensk-2;;;;no_price
xabarovsk-krasnoyarsk;;;;no_price
xabarovsk-krasnoyarsk-2;;;;no_price
xabarovsk-kurgan;;;;no_price
xabarovsk-kurgan-2;;;;no_price
xabarovsk-kyzyl;;;;no_price
xabarovsk-kyzyl-2;;;;no_price
xabarovsk-lesnoj;;;;no_price
xabarovsk-lesnoj-2;;;;no_price
xabarovsk-malysheva;;;;no_price
xabarovsk-neryungri-2;;;;no_price
xabarovsk-nizhnevartovsk;;;;no_price
xabarovsk-nizhnevartovsk-2;;;;no_price
xabarovsk-novyj-urengoj;;;;no_price
xabarovsk-novyj-urengoj-2;;;;no_price
xabarovsk-obluche;;;;no_price
xabarovsk-pervomajskij;;;;no_price
xabarovsk-pervomajskij-2;;;;no_price
xabarovsk-priamurskij;;;;no_price
xabarovsk-shimanovsk;;;;no_price
xabarovsk-shimanovsk-2;;;;no_price
xabarovsk-skovorodino;;;;no_price
xabarovsk-sovetskij;;;;no_price
xabarovsk-sovetskij-2;;;;no_price
xabarovsk-sovgavan;;;;no_price
xabarovsk-sovgavan-2;;;;no_price
xabarovsk-surgut;;;;no_price
xabarovsk-surgut-2;;;;no_price
xabarovsk-tomsk;;;;no_price
xabarovsk-tomsk-2;;;;no_price
xabarovsk-tryoxgornyj;;;;no_price
xabarovsk-tryoxgornyj-2;;;;no_price
xabarovsk-tyumen;;;;no_price
xabarovsk-tyumen-2;;;;no_price
xabarovsk-ulan-ude;;;;no_price
xabarovsk-urengoj;;;;no_price
xabarovsk-urengoj-2;;;;no_price
xabarovsk-ust-ilimsk;;;;no_price
xabarovsk-ust-ilimsk-2;;;;no_price
xabarovsk-yuzhno-saxalinsk;;;;no_price
xabarovsk-yuzhno-saxalinsk-2;;;;no_price
xabarovsk-yuzhnyj;;;;no_price
xabarovsk-yuzhnyj-2;;;;no_price
xabarovsk-zaozyornyj;;;;no_price
xabarovsk-zaozyornyj-2;;;;no_price
xabarovsk-zima;;;;no_price
xabarovsk-zima-2;;;;no_price
xanty-mansijsk-anna;;;;no_price
xanty-mansijsk-bajmak;;;;no_price
xanty-mansijsk-beryozovo;;;;no_price
xanty-mansijsk-gagarin;;;;no_price
xanty-mansijsk-igrim;;;;no_price
xanty-mansijsk-kaluga;;;;no_price
xanty-mansijsk-kirov;;;;no_price
xanty-mansijsk-lyantor;;;;no_price
xanty-mansijsk-megion;;;;no_price
xanty-mansijsk-mezhdurechensk;;;;no_price
xanty-mansijsk-moskva;;;;no_price
xanty-mansijsk-nadym;;;;no_price
xanty-mansijsk-neya;;;;no_price
xanty-mansijsk-oktyabrskij;;;;no_price
xanty-mansijsk-oktyabrskoe;;;;no_price
xanty-mansijsk-orenburg;;;;no_price
xanty-mansijsk-perm;;;;no_price
xanty-mansijsk-pervouralsk;;;;no_price
xanty-mansijsk-raduzhnyj;;;;no_price
xanty-mansijsk-sibaj;;;;no_price
xanty-mansijsk-sovetskoe;;;;no_price
xanty-mansijsk-vostochnyj;;;;no_price
xanty-mansijsk-vysokij;;;;no_price
xanty-mansijsk-yuzhnyj;;;;no_price
yakutsk-aeroport-xabarovsk-novyj;;;;no_price
yakutsk-belokurixa;;;;no_price
yakutsk-bodajbo;;;;no_price
yakutsk-dudinka;;;;no_price
yakutsk-kemerovo;;;;no_price
yakutsk-kirensk;;;;no_price
yakutsk-komsomolsk-na-amure;;;;no_price
yakutsk-kyzyl;;;;no_price
yakutsk-naxodka;;;;no_price
yakutsk-nizhnevartovsk;;;;no_price
yakutsk-norilsk;;;;no_price
yakutsk-novyj-urengoj;;;;no_price
yakutsk-oktyabrskoe;;;;no_price
yakutsk-omsk;;;;no_price
yakutsk-surgut;;;;no_price
yakutsk-tyumen;;;;no_price
yakutsk-urengoj;;;;no_price
yakutsk-ussurijsk;;;;no_price
yakutsk-ust-ilimsk;;;;no_price
yakutsk-yuzhno-saxalinsk;;;;no_price
yakutsk-yuzhnyj;;;;no_price
yakutsk-zima;;;;no_price
yaroslavl-aleksandrov;;;;no_price
yaroslavl-arxangelsk;;;;no_price
yaroslavl-arzamas;;;;no_price
yaroslavl-astraxan;;;;no_price
yaroslavl-balakirevo;;;;no_price
yaroslavl-belinskij;;;;no_price
yaroslavl-bogorodiczk;;;;no_price
yaroslavl-boguchar;;;;no_price
yaroslavl-bor;;;;no_price
yaroslavl-borovichi;;;;no_price
yaroslavl-bryansk;;;;no_price
yaroslavl-chajkovskij;;;;no_price
yaroslavl-cherepovecz;;;;no_price
yaroslavl-chexov;;;;no_price
yaroslavl-czentralnyj;;;;no_price
yaroslavl-domodedovo;;;;no_price
yaroslavl-dzerzhinsk;;;;no_price
yaroslavl-dzerzhinskij;;;;no_price
yaroslavl-dzhubga;;;;no_price
yaroslavl-ekaterinburg;;;;no_price
yaroslavl-fyodorovskij;;;;no_price
yaroslavl-gavrilovka;;;;no_price
yaroslavl-gorodecz;;;;no_price
yaroslavl-ivanovo;;;;no_price
yaroslavl-izhevsk;;;;no_price
yaroslavl-kaluga;;;;no_price
yaroslavl-kalyazin;;;;no_price
yaroslavl-karabanovo;;;;no_price
yaroslavl-kashin;;;;no_price
yaroslavl-klin;;;;no_price
yaroslavl-komsomolsk;;;;no_price
yaroslavl-konosha;;;;no_price
yaroslavl-korolyov;;;;no_price
yaroslavl-krasnogorsk;;;;no_price
yaroslavl-krasnyj;;;;no_price
yaroslavl-krasnyj-oktyabr;;;;no_price
yaroslavl-krylovskaya;;;;no_price
yaroslavl-kursk;;;;no_price
yaroslavl-lakinsk;;;;no_price
yaroslavl-leningradskaya;;;;no_price
yaroslavl-lesnoj;;;;no_price
yaroslavl-lgov;;;;no_price
yaroslavl-lugovoj;;;;no_price
yaroslavl-lytkarino;;;;no_price
yaroslavl-marks;;;;no_price
yaroslavl-nerexta;;;;no_price
yaroslavl-nikologory;;;;no_price
yaroslavl-noginsk;;;;no_price
yaroslavl-oktyabrskij;;;;no_price
yaroslavl-oktyabrskoe;;;;no_price
yaroslavl-orexovo-zuevo;;;;no_price
yaroslavl-orlov;;;;no_price
yaroslavl-panino;;;;no_price
yaroslavl-pavlovskaya;;;;no_price
yaroslavl-pavlovskij;;;;no_price
yaroslavl-pavlovskij-posad;;;;no_price
yaroslavl-penza;;;;no_price
yaroslavl-perm;;;;no_price
yaroslavl-pervomajskij;;;;no_price
yaroslavl-pesochnoe;;;;no_price
yaroslavl-petrovskij;;;;no_price
yaroslavl-petrozavodsk;;;;no_price
yaroslavl-petushki;;;;no_price
yaroslavl-pionerskij;;;;no_price
yaroslavl-pochinok;;;;no_price
yaroslavl-proletarskij;;;;no_price
yaroslavl-promyshlennyj;;;;no_price
yaroslavl-pushkino;;;;no_price
yaroslavl-pyatigorsk;;;;no_price
yaroslavl-pyatniczkoe;;;;no_price
yaroslavl-ramenskoe;;;;no_price
yaroslavl-rodniki;;;;no_price
yaroslavl-ryazhsk;;;;no_price
yaroslavl-safonovo;;;;no_price
yaroslavl-savino;;;;no_price
yaroslavl-savinskij;;;;no_price
yaroslavl-sergiev-posad;;;;no_price
yaroslavl-sheksna;;;;no_price
yaroslavl-sim;;;;no_price
yaroslavl-skopin;;;;no_price
yaroslavl-slanczy;;;;no_price
yaroslavl-smolensk;;;;no_price
yaroslavl-sokol;;;;no_price
yaroslavl-sovetskij;;;;no_price
yaroslavl-sovetskoe;;;;no_price
yaroslavl-stavropol;;;;no_price
yaroslavl-stroitel;;;;no_price
yaroslavl-stupino;;;;no_price
yaroslavl-sudislavl;;;;no_price
yaroslavl-svetlyj;;;;no_price
yaroslavl-svobodnyj;;;;no_price
yaroslavl-tambov;;;;no_price
yaroslavl-tarusa;;;;no_price
yaroslavl-torzhok;;;;no_price
yaroslavl-ufa;;;;no_price
yaroslavl-ulyanovsk;;;;no_price
yaroslavl-velikij-novgorod;;;;no_price
yaroslavl-vichuga;;;;no_price
yaroslavl-vodnyj;;;;no_price
yaroslavl-volgograd;;;;no_price
yaroslavl-volsk;;;;no_price
yaroslavl-volzhskij;;;;no_price
yaroslavl-vorkuta;;;;no_price
yaroslavl-voskresensk;;;;no_price
yaroslavl-voznesenskoe;;;;no_price
yaroslavl-vysokij;;;;no_price
yaroslavl-xolm;;;;no_price
yaroslavl-xotkovo;;;;no_price
yaroslavl-yasnyj;;;;no_price
yaroslavl-zavolzhe;;;;no_price
yaroslavl-zavolzhsk;;;;no_price
yaroslavl-zavolzhskoe;;;;no_price
yaroslavl-zhukovskij;;;;no_price
