url;gorod1;gorod2;rasstoyanie
https://city2city.ru/aeroport-gagarin-marks.html;аэропорт Гагарин;Маркс;
https://city2city.ru/aeroport-gagarin-orenburg.html;аэропорт Гагарин;Оренбург;
https://city2city.ru/aeroport-kolczovo-oktyabrskoe.html;аэропорт Екатеринбург (Кольцово) имени А.Н. Демидова;посёлок городского типа Октябрьское;
https://city2city.ru/aeroport-kolczovo-pyshma.html;аэропорт Екатеринбург (Кольцово) имени А.Н. Демидова;посёлок городского типа Пышма;
https://city2city.ru/aeroport-kolczovo-shadrinsk.html;аэропорт Екатеринбург (Кольцово) имени А.Н. Демидова;Шадринск;
https://city2city.ru/aeroport-kolczovo-verxnyaya-pyshma.html;аэропорт Екатеринбург (Кольцово) имени А.Н. Демидова;Верхняя Пышма;
https://city2city.ru/aeroport-kolczovo-vishnevogorsk.html;аэропорт Екатеринбург (Кольцово) имени А.Н. Демидова;посёлок городского типа Вишневогорск;
https://city2city.ru/aeroport-krasnodar-pashkovskij-majkop.html;аэропорт Краснодар (Пашковский) имени Екатерины II;Майкоп;
https://city2city.ru/aeroport-krasnodar-pashkovskij-novorossijsk.html;аэропорт Краснодар (Пашковский) имени Екатерины II;Новороссийск;
https://city2city.ru/aeroport-kurumoch-czentralnyj.html;аэропорт Самара (Курумоч) имени С.П. Королева;Центральный;
https://city2city.ru/aeroport-pashkovskij-blagodarnyj.html;аэропорт Краснодар (Пашковский) имени Екатерины II;Благодарный;
https://city2city.ru/aeroport-pashkovskij-bryuxoveczkaya.html;аэропорт Краснодар (Пашковский) имени Екатерины II;станица Брюховецкая;
https://city2city.ru/aeroport-pashkovskij-kanevskaya.html;аэропорт Краснодар (Пашковский) имени Екатерины II;станица Каневская;
https://city2city.ru/aeroport-pashkovskij-kerch.html;аэропорт Краснодар (Пашковский) имени Екатерины II;Керчь;
https://city2city.ru/aeroport-pashkovskij-majkop.html;аэропорт Краснодар (Пашковский) имени Екатерины II;Майкоп;
https://city2city.ru/aeroport-pashkovskij-novorossijsk.html;аэропорт Краснодар (Пашковский) имени Екатерины II;Новороссийск;
https://city2city.ru/aeroport-pulkovo-pikalyovo.html;аэропорт Пулково;Пикалёво;
https://city2city.ru/aeroport-pulkovo-staraya-russa.html;аэропорт Пулково;Старая Русса;
https://city2city.ru/aeroport-roshhino-kargapole.html;аэропорт Тюмень (Рощино);посёлок Каргаполье;
https://city2city.ru/aeroport-tolmachevo-novosibirsk-ob.html;Новосибирск (Толмачёво) терминал Б;Обь;
https://city2city.ru/arxangelsk-belyj.html;Архангельск;Белый;
https://city2city.ru/arxangelsk-bereznik.html;Архангельск;рабочий посёлок Березник;
https://city2city.ru/arxangelsk-berezniki.html;Архангельск;Березники;
https://city2city.ru/arxangelsk-bor.html;Архангельск;Бор;
https://city2city.ru/arxangelsk-gagarin.html;Архангельск;Гагарин;
https://city2city.ru/arxangelsk-kirov.html;Архангельск;Киров;
https://city2city.ru/arxangelsk-komsomolskij.html;Архангельск;рабочий посёлок Комсомольский;
https://city2city.ru/arxangelsk-kotlas.html;Архангельск;Котлас;
https://city2city.ru/arxangelsk-kursk.html;Архангельск;Курск;
https://city2city.ru/arxangelsk-lesnoj.html;Архангельск;Лесной;
https://city2city.ru/arxangelsk-malinovskij.html;Архангельск;посёлок городского типа Малиновский;
https://city2city.ru/arxangelsk-mirnyj.html;Архангельск;Мирный;
https://city2city.ru/arxangelsk-moskva.html;Архангельск;Москва;
https://city2city.ru/arxangelsk-novodvinsk.html;Архангельск;Новодвинск;
https://city2city.ru/arxangelsk-oktyabrskij.html;Архангельск;поселок Октябрьский;
https://city2city.ru/arxangelsk-oktyabrskoe.html;Архангельск;посёлок городского типа Октябрьское;
https://city2city.ru/arxangelsk-orlov.html;Архангельск;Орлов;
https://city2city.ru/arxangelsk-oryol.html;Архангельск;Орёл;
https://city2city.ru/arxangelsk-ostrov.html;Архангельск;Остров;
https://city2city.ru/arxangelsk-pervomajskij.html;Архангельск;посёлок Первомайский;
https://city2city.ru/arxangelsk-pleseczk.html;Архангельск;рабочий посёлок Плесецк;
https://city2city.ru/arxangelsk-rossosh.html;Архангельск;Россошь;
https://city2city.ru/arxangelsk-sim.html;Архангельск;Сим;
https://city2city.ru/arxangelsk-smolensk.html;Архангельск;Смоленск;
https://city2city.ru/arxangelsk-sokol.html;Архангельск;Сокол;
https://city2city.ru/arxangelsk-sovetskij.html;Архангельск;Советский;
https://city2city.ru/arxangelsk-sovetskoe.html;Архангельск;посёлок городского типа Советское;
https://city2city.ru/arxangelsk-staryj-oskol.html;Архангельск;Старый Оскол;
https://city2city.ru/arxangelsk-surgut.html;Архангельск;Сургут;
https://city2city.ru/arxangelsk-suvorov.html;Архангельск;Суворов;
https://city2city.ru/arxangelsk-ufa.html;Архангельск;Уфа;
https://city2city.ru/arxangelsk-valujki.html;Архангельск;Валуйки;
https://city2city.ru/arxangelsk-velsk.html;Архангельск;Вельск;
https://city2city.ru/arxangelsk-vladimir.html;Архангельск;Владимир;
https://city2city.ru/arxangelsk-vorkuta.html;Архангельск;Воркута;
https://city2city.ru/arxangelsk-voskresenskoe.html;Архангельск;рабочий посёлок Воскресенское;
https://city2city.ru/arxangelsk-zheshart.html;Архангельск;поселок городского типа Жешарт;
https://city2city.ru/astraxan-aleksandrov.html;Астрахань;Александров;
https://city2city.ru/astraxan-anapa.html;Астрахань;Анапа;
https://city2city.ru/astraxan-chertkovo.html;Астрахань;посёлок городского типа Чертково;
https://city2city.ru/astraxan-dno.html;Астрахань;Дно;
https://city2city.ru/astraxan-donskoj.html;Астрахань;Донской;
https://city2city.ru/astraxan-dzerzhinskij.html;Астрахань;Дзержинский;
https://city2city.ru/astraxan-gryazi.html;Астрахань;Грязи;
https://city2city.ru/astraxan-joshkar-ola.html;Астрахань;Йошкар-Ола;
https://city2city.ru/astraxan-kalach.html;Астрахань;Калач;
https://city2city.ru/astraxan-kalach-na-donu.html;Астрахань;Калач-на-Дону;
https://city2city.ru/astraxan-kirov.html;Астрахань;Киров;
https://city2city.ru/astraxan-kirovskij.html;Астрахань;поселок городского типа Кировский;
https://city2city.ru/astraxan-kolomna.html;Астрахань;Коломна;
https://city2city.ru/astraxan-krasnyj.html;Астрахань;поселок городского типа Красный;
https://city2city.ru/astraxan-leningradskaya.html;Астрахань;станица Ленинградская;
https://city2city.ru/astraxan-liski.html;Астрахань;Лиски;
https://city2city.ru/astraxan-morshansk.html;Астрахань;Моршанск;
https://city2city.ru/astraxan-murmansk.html;Астрахань;Мурманск;
https://city2city.ru/astraxan-murom.html;Астрахань;Муром;
https://city2city.ru/astraxan-neya.html;Астрахань;Нея;
https://city2city.ru/astraxan-pavlovskaya.html;Астрахань;станица Павловская;
https://city2city.ru/astraxan-pavlovskij.html;Астрахань;рабочий посёлок Павловский;
https://city2city.ru/astraxan-pushkino.html;Астрахань;посёлок городского типа Пушкино;
https://city2city.ru/astraxan-rossosh.html;Астрахань;Россошь;
https://city2city.ru/astraxan-sarai.html;Астрахань;рабочий посёлок Сараи;
https://city2city.ru/astraxan-severnyj.html;Астрахань;посёлок городского типа Северный;
https://city2city.ru/astraxan-silikatnyj.html;Астрахань;рабочий посёлок Силикатный;
https://city2city.ru/astraxan-sovetskij.html;Астрахань;Советский;
https://city2city.ru/astraxan-sovetskoe.html;Астрахань;посёлок городского типа Советское;
https://city2city.ru/astraxan-svobodnyj.html;Астрахань;посёлок городского типа Свободный;
https://city2city.ru/astraxan-tyumen.html;Астрахань;Тюмень;
https://city2city.ru/astraxan-vodnyj.html;Астрахань;посёлок городского типа Водный;
https://city2city.ru/astraxan-xvalynsk.html;Астрахань;Хвалынск;
https://city2city.ru/barnaul-achinsk.html;Барнаул;Ачинск;
https://city2city.ru/barnaul-asino.html;Барнаул;город Асино;
https://city2city.ru/barnaul-barabinsk.html;Барнаул;Барабинск;
https://city2city.ru/barnaul-belovo.html;Барнаул;Белово;
https://city2city.ru/barnaul-bratsk.html;Барнаул;Братск;
https://city2city.ru/barnaul-gurevsk.html;Барнаул;Гурьевск;
https://city2city.ru/barnaul-kamen-na-obi.html;Барнаул;Камень-на-Оби;
https://city2city.ru/barnaul-karasuk.html;Барнаул;Карасук;
https://city2city.ru/barnaul-kemerovo.html;Барнаул;Кемерово;
https://city2city.ru/barnaul-ob.html;Барнаул;Обь;
https://city2city.ru/belgorod-arzamas.html;Белгород;Арзамас;
https://city2city.ru/belgorod-belyj.html;Белгород;Белый;
https://city2city.ru/belgorod-beryozovo.html;Белгород;посёлок городского типа Берёзово;
https://city2city.ru/belgorod-bogorodsk.html;Белгород;Богородск;
https://city2city.ru/belgorod-borisovka.html;Белгород;посёлок городского типа Борисовка;
https://city2city.ru/belgorod-dzerzhinsk.html;Белгород;Дзержинск;
https://city2city.ru/belgorod-dzhankoj.html;Белгород;Джанкой;
https://city2city.ru/belgorod-elista.html;Белгород;Элиста;
https://city2city.ru/belgorod-kalach.html;Белгород;Калач;
https://city2city.ru/belgorod-kalininskaya.html;Белгород;станица Калининская;
https://city2city.ru/belgorod-kargopol.html;Белгород;Каргополь;
https://city2city.ru/belgorod-kem.html;Белгород;Кемь;
https://city2city.ru/belgorod-kineshma.html;Белгород;Кинешма;
https://city2city.ru/belgorod-kireevsk.html;Белгород;Киреевск;
https://city2city.ru/belgorod-kirov.html;Белгород;Киров;
https://city2city.ru/belgorod-komsomolskij.html;Белгород;поселок городского типа Комсомольский;
https://city2city.ru/belgorod-korolyov.html;Белгород;Королёв;
https://city2city.ru/belgorod-krasnogvardejskoe.html;Белгород;село Красногвардейское;
https://city2city.ru/belgorod-krasnyj.html;Белгород;поселок городского типа Красный;
https://city2city.ru/belgorod-kujbyshevo.html;Белгород;село Куйбышево;
https://city2city.ru/belgorod-lgov.html;Белгород;Дмитриев;
https://city2city.ru/belgorod-luza.html;Белгород;Луза;
https://city2city.ru/belgorod-medvenka.html;Белгород;посёлок городского типа Медвенка;
https://city2city.ru/belgorod-mirnyj.html;Белгород;Мирный;
https://city2city.ru/belgorod-morozovsk.html;Белгород;Морозовск;
https://city2city.ru/belgorod-nizhnevartovsk.html;Белгород;Нижневартовск;
https://city2city.ru/belgorod-oktyabrskij.html;Белгород;поселок городского типа Октябрьский;
https://city2city.ru/belgorod-oktyabrskoe.html;Белгород;посёлок городского типа Октябрьское;
https://city2city.ru/belgorod-orlov.html;Белгород;Орлов;
https://city2city.ru/belgorod-ostrov.html;Белгород;Остров;
https://city2city.ru/belgorod-ozinki.html;Белгород;рабочий посёлок Озинки;
https://city2city.ru/belgorod-privolzhsk.html;Белгород;Приволжск;
https://city2city.ru/belgorod-proxorovka.html;Белгород;посёлок городского типа Прохоровка;
https://city2city.ru/belgorod-pugachyov.html;Белгород;Пугачёв;
https://city2city.ru/belgorod-razumnoe.html;Белгород;посёлок городского типа Разумное;
https://city2city.ru/belgorod-salavat.html;Белгород;Салават;
https://city2city.ru/belgorod-semikarakorsk.html;Белгород;Семикаракорск;
https://city2city.ru/belgorod-severnyj.html;Белгород;посёлок городского типа Северный;
https://city2city.ru/belgorod-sheksna.html;Белгород;рабочий посёлок Шексна;
https://city2city.ru/belgorod-surovikino.html;Белгород;Суровикино;
https://city2city.ru/belgorod-svobodnyj.html;Белгород;поселок Свободный;
https://city2city.ru/belgorod-temryuk.html;Белгород;Темрюк;
https://city2city.ru/belgorod-tuapse.html;Белгород;Туапсе;
https://city2city.ru/belgorod-velsk.html;Белгород;Вельск;
https://city2city.ru/belgorod-vyksa.html;Белгород;Выкса;
https://city2city.ru/belgorod-vyselki.html;Белгород;станица Выселки;
https://city2city.ru/belgorod-yasnyj.html;Белгород;Ясный;
https://city2city.ru/belgorod-yuzhnyj.html;Белгород;рабочий поселок Южный;
https://city2city.ru/belgorod-zelenokumsk.html;Белгород;Зеленокумск;
https://city2city.ru/blagoveshhensk-aeroport-xabarovsk-novyj.html;Благовещенск;аэропорт Хабаровск (Новый) имени Г.И. Невельского;
https://city2city.ru/blagoveshhensk-barnaul.html;Благовещенск;Барнаул;
https://city2city.ru/blagoveshhensk-bodajbo.html;Благовещенск;Бодайбо;
https://city2city.ru/blagoveshhensk-ekaterinburg.html;Благовещенск;Екатеринбург;
https://city2city.ru/blagoveshhensk-kirensk.html;Благовещенск;Киренск;
https://city2city.ru/blagoveshhensk-krasnoyarsk.html;Благовещенск;Красноярск;
https://city2city.ru/blagoveshhensk-kyzyl.html;Благовещенск;Кызыл;
https://city2city.ru/blagoveshhensk-mogocha.html;Благовещенск;Могоча;
https://city2city.ru/blagoveshhensk-naxodka.html;Благовещенск;Находка;
https://city2city.ru/blagoveshhensk-nizhnevartovsk.html;Благовещенск;Нижневартовск;
https://city2city.ru/blagoveshhensk-norilsk.html;Благовещенск;Норильск;
https://city2city.ru/blagoveshhensk-novokuzneczk.html;Благовещенск;Новокузнецк;
https://city2city.ru/blagoveshhensk-novyj-urengoj.html;Благовещенск;Новый Уренгой;
https://city2city.ru/blagoveshhensk-omsk.html;Благовещенск;Омск;
https://city2city.ru/blagoveshhensk-surgut.html;Благовещенск;Сургут;
https://city2city.ru/blagoveshhensk-tyumen.html;Благовещенск;Тюмень;
https://city2city.ru/blagoveshhensk-urengoj.html;Благовещенск;Новый Уренгой;
https://city2city.ru/blagoveshhensk-ust-ilimsk.html;Благовещенск;Усть-Илимск;
https://city2city.ru/blagoveshhensk-yuzhno-saxalinsk.html;Благовещенск;Южно-Сахалинск;
https://city2city.ru/bryansk-balabanovo.html;Брянск;Балабаново;
https://city2city.ru/bryansk-belye-berega.html;Брянск;посёлок Белые Берега;
https://city2city.ru/bryansk-belyj.html;Брянск;Белый;
https://city2city.ru/bryansk-czentralnyj.html;Брянск;Центральный;
https://city2city.ru/bryansk-dno.html;Брянск;Дно;
https://city2city.ru/bryansk-feodosiya.html;Брянск;Феодосия;
https://city2city.ru/bryansk-fokino.html;Брянск;Фокино;
https://city2city.ru/bryansk-gubkin.html;Брянск;Губкин;
https://city2city.ru/bryansk-izhevsk.html;Брянск;Ижевск;
https://city2city.ru/bryansk-kasimov.html;Брянск;Касимов;
https://city2city.ru/bryansk-klin.html;Брянск;Клин;
https://city2city.ru/bryansk-klinczy.html;Брянск;Клинцы;
https://city2city.ru/bryansk-kolomna.html;Брянск;Коломна;
https://city2city.ru/bryansk-labinsk.html;Брянск;Лабинск;
https://city2city.ru/bryansk-lyubim.html;Брянск;Любим;
https://city2city.ru/bryansk-marks.html;Брянск;Маркс;
https://city2city.ru/bryansk-neya.html;Брянск;Нея;
https://city2city.ru/bryansk-nizhnij-baskunchak.html;Брянск;посёлок городского типа Нижний Баскунчак;
https://city2city.ru/bryansk-oktyabrskoe.html;Брянск;посёлок городского типа Октябрьское;
https://city2city.ru/bryansk-orlov.html;Брянск;Орлов;
https://city2city.ru/bryansk-otradnaya.html;Брянск;станица Отрадная;
https://city2city.ru/bryansk-podolsk.html;Брянск;Подольск;
https://city2city.ru/bryansk-rybinsk.html;Брянск;Рыбинск;
https://city2city.ru/bryansk-selczo.html;Брянск;Сельцо;
https://city2city.ru/bryansk-sevastopol.html;Брянск;Севастополь;
https://city2city.ru/bryansk-sim.html;Брянск;Сим;
https://city2city.ru/bryansk-sovetsk.html;Брянск;Советск;
https://city2city.ru/bryansk-sovetskij.html;Брянск;Советский;
https://city2city.ru/bryansk-sovetskoe.html;Брянск;посёлок городского типа Советское;
https://city2city.ru/bryansk-spassk.html;Брянск;Спасск;
https://city2city.ru/bryansk-uren.html;Брянск;Урень;
https://city2city.ru/bryansk-ust-labinsk.html;Брянск;Усть-Лабинск;
https://city2city.ru/bryansk-velikij-novgorod.html;Брянск;Великий Новгород;
https://city2city.ru/bryansk-vichuga.html;Брянск;Вичуга;
https://city2city.ru/bryansk-vidnoe.html;Брянск;садовое товарищество Видное;
https://city2city.ru/bryansk-vyazma.html;Брянск;Вязьма;
https://city2city.ru/bryansk-yaroslavl.html;Брянск;Ярославль;
https://city2city.ru/bryansk-zhukovka.html;Брянск;Жуковка;
https://city2city.ru/cheboksary-aleksandrov.html;Чебоксары;Александров;
https://city2city.ru/cheboksary-bavly.html;Чебоксары;Бавлы;
https://city2city.ru/cheboksary-bor.html;Чебоксары;Бор;
https://city2city.ru/cheboksary-chishmy.html;Чебоксары;деревня Чишмы;
https://city2city.ru/cheboksary-czentralnyj.html;Чебоксары;Центральный;
https://city2city.ru/cheboksary-egorevsk.html;Чебоксары;Егорьевск;
https://city2city.ru/cheboksary-elista.html;Чебоксары;Элиста;
https://city2city.ru/cheboksary-evpatoriya.html;Чебоксары;Евпатория;
https://city2city.ru/cheboksary-ilinogorsk.html;Чебоксары;посёлок городского типа Ильиногорск;
https://city2city.ru/cheboksary-kashira.html;Чебоксары;Кашира;
https://city2city.ru/cheboksary-kirillov.html;Чебоксары;Кириллов;
https://city2city.ru/cheboksary-korolyov.html;Чебоксары;Королёв;
https://city2city.ru/cheboksary-kovrov.html;Чебоксары;Ковров;
https://city2city.ru/cheboksary-krasnyj.html;Чебоксары;поселок городского типа Красный;
https://city2city.ru/cheboksary-lipeczk.html;Чебоксары;Липецк;
https://city2city.ru/cheboksary-mixajlov.html;Чебоксары;Михайлов;
https://city2city.ru/cheboksary-mozhga.html;Чебоксары;село Можга;
https://city2city.ru/cheboksary-nikolaevka.html;Чебоксары;деревня Николаевка;
https://city2city.ru/cheboksary-nizhnie-vyazovye.html;Чебоксары;посёлок городского типа Нижние Вязовые;
https://city2city.ru/cheboksary-pavlovskaya.html;Чебоксары;станица Павловская;
https://city2city.ru/cheboksary-pavlovskij.html;Чебоксары;рабочий посёлок Павловский;
https://city2city.ru/cheboksary-pavlovskij-posad.html;Чебоксары;Павловский Посад;
https://city2city.ru/cheboksary-saransk.html;Чебоксары;Саранск;
https://city2city.ru/cheboksary-severnyj.html;Чебоксары;посёлок городского типа Северный;
https://city2city.ru/cheboksary-shhyolkovo.html;Чебоксары;Щёлково;
https://city2city.ru/cheboksary-sochi.html;Чебоксары;Сочи;
https://city2city.ru/cheboksary-solnechnyj.html;Чебоксары;посёлок Солнечный;
https://city2city.ru/cheboksary-sorochinsk.html;Чебоксары;Сорочинск;
https://city2city.ru/cheboksary-sovetskij.html;Чебоксары;Советский;
https://city2city.ru/cheboksary-sovetskoe.html;Чебоксары;посёлок городского типа Советское;
https://city2city.ru/cheboksary-stroitel.html;Чебоксары;Строитель;
https://city2city.ru/cheboksary-tixoreczk.html;Чебоксары;Тихорецк;
https://city2city.ru/cheboksary-tujmazy.html;Чебоксары;Туймазы;
https://city2city.ru/cheboksary-volgodonsk.html;Чебоксары;Волгодонск;
https://city2city.ru/cheboksary-volgograd.html;Чебоксары;Волгоград;
https://city2city.ru/cheboksary-vorsma.html;Чебоксары;Ворсма;
https://city2city.ru/cheboksary-vostochnyj.html;Чебоксары;посёлок городского типа Восточный;
https://city2city.ru/cheboksary-vysokij.html;Чебоксары;посёлок городского типа Высокий;
https://city2city.ru/chelyabinsk-aleksandrov.html;Челябинск;Александров;
https://city2city.ru/chelyabinsk-asha.html;Челябинск;Аша;
https://city2city.ru/chelyabinsk-ashe.html;Челябинск;микрорайон Аше;
https://city2city.ru/chelyabinsk-aznakaevo.html;Челябинск;Азнакаево;
https://city2city.ru/chelyabinsk-belyj.html;Челябинск;Белый;
https://city2city.ru/chelyabinsk-bor.html;Челябинск;Бор;
https://city2city.ru/chelyabinsk-borovoj.html;Челябинск;поселок городского типа Боровой;
https://city2city.ru/chelyabinsk-cherepovecz.html;Челябинск;Череповец;
https://city2city.ru/chelyabinsk-desnogorsk.html;Челябинск;Десногорск;
https://city2city.ru/chelyabinsk-dmitriev.html;Челябинск;Дмитриев;
https://city2city.ru/chelyabinsk-donskoj.html;Челябинск;Донской;
https://city2city.ru/chelyabinsk-dzerzhinskij.html;Челябинск;Дзержинский;
https://city2city.ru/chelyabinsk-ishimbaj.html;Челябинск;Ишимбай;
https://city2city.ru/chelyabinsk-ivanovo.html;Челябинск;Иваново;
https://city2city.ru/chelyabinsk-kartaly.html;Челябинск;Карталы;
https://city2city.ru/chelyabinsk-kasli.html;Челябинск;Касли;
https://city2city.ru/chelyabinsk-kirillov.html;Челябинск;Кириллов;
https://city2city.ru/chelyabinsk-kirovskij.html;Челябинск;поселок городского типа Кировский;
https://city2city.ru/chelyabinsk-kislovodsk.html;Челябинск;Кисловодск;
https://city2city.ru/chelyabinsk-kolyshlej.html;Челябинск;рабочий посёлок Колышлей;
https://city2city.ru/chelyabinsk-kommunisticheskij.html;Челябинск;посёлок городского типа Коммунистический;
https://city2city.ru/chelyabinsk-krasnouralsk.html;Челябинск;Красноуральск;
https://city2city.ru/chelyabinsk-krasnyj.html;Челябинск;поселок городского типа Красный;
https://city2city.ru/chelyabinsk-labinsk.html;Челябинск;Лабинск;
https://city2city.ru/chelyabinsk-leninsk.html;Челябинск;Ленинск;
https://city2city.ru/chelyabinsk-leninskoe.html;Челябинск;посёлок городского типа Ленинское;
https://city2city.ru/chelyabinsk-lgov.html;Челябинск;Льгов;
https://city2city.ru/chelyabinsk-lokomotivnyj.html;Челябинск;посёлок городского типа Локомотивный;
https://city2city.ru/chelyabinsk-magnitnyj.html;Челябинск;посёлок Магнитный;
https://city2city.ru/chelyabinsk-mixajlov.html;Челябинск;Михайлов;
https://city2city.ru/chelyabinsk-mixajlovka.html;Челябинск;Михайловка;
https://city2city.ru/chelyabinsk-neya.html;Челябинск;Нея;
https://city2city.ru/chelyabinsk-ostrov.html;Челябинск;Остров;
https://city2city.ru/chelyabinsk-pavlovskaya.html;Челябинск;станица Павловская;
https://city2city.ru/chelyabinsk-pavlovskij.html;Челябинск;рабочий посёлок Павловский;
https://city2city.ru/chelyabinsk-perm.html;Челябинск;Пермь;
https://city2city.ru/chelyabinsk-petrozavodsk.html;Челябинск;Петрозаводск;
https://city2city.ru/chelyabinsk-plast.html;Челябинск;Пласт;
https://city2city.ru/chelyabinsk-pyshma.html;Челябинск;посёлок городского типа Пышма;
https://city2city.ru/chelyabinsk-samara.html;Челябинск;Самара;
https://city2city.ru/chelyabinsk-sevastopol.html;Челябинск;Севастополь;
https://city2city.ru/chelyabinsk-shumixa.html;Челябинск;Шумиха;
https://city2city.ru/chelyabinsk-snezhinsk.html;Челябинск;Снежинск;
https://city2city.ru/chelyabinsk-solnechnyj.html;Челябинск;посёлок Солнечный;
https://city2city.ru/chelyabinsk-sovetskij.html;Челябинск;Советский;
https://city2city.ru/chelyabinsk-sovetskoe.html;Челябинск;посёлок городского типа Советское;
https://city2city.ru/chelyabinsk-suksun.html;Челябинск;рабочий посёлок Суксун;
https://city2city.ru/chelyabinsk-svobodnyj.html;Челябинск;посёлок городского типа Свободный;
https://city2city.ru/chelyabinsk-tambov.html;Челябинск;Тамбов;
https://city2city.ru/chelyabinsk-troiczk.html;Челябинск;Троицк;
https://city2city.ru/chelyabinsk-uralskij.html;Челябинск;посёлок городского типа Уральский;
https://city2city.ru/chelyabinsk-uspenskoe.html;Челябинск;село Успенское;
https://city2city.ru/chelyabinsk-verxnij-tagil.html;Челябинск;Верхний Тагил;
https://city2city.ru/chelyabinsk-verxnij-ufalej.html;Челябинск;Верхний Уфалей;
https://city2city.ru/chelyabinsk-votkinsk.html;Челябинск;Воткинск;
https://city2city.ru/chelyabinsk-voznesene.html;Челябинск;городской посёлок Вознесенье;
https://city2city.ru/chelyabinsk-vysokij.html;Челябинск;посёлок городского типа Высокий;
https://city2city.ru/chelyabinsk-ximki.html;Челябинск;Химки;
https://city2city.ru/chelyabinsk-zhukov.html;Челябинск;Жуков;
https://city2city.ru/donetsk-bryansk.html;Донецк;Брянск;
https://city2city.ru/donetsk-penza.html;Донецк;Пенза;
https://city2city.ru/donetsk-simferopol.html;Донецк;Симферополь;
https://city2city.ru/donetsk-tula.html;Донецк;Тула;
https://city2city.ru/ekaterinburg-belinskij.html;Екатеринбург;Белинский;
https://city2city.ru/ekaterinburg-belyj.html;Екатеринбург;Белый;
https://city2city.ru/ekaterinburg-bogdanovich.html;Екатеринбург;Богданович;
https://city2city.ru/ekaterinburg-bor.html;Екатеринбург;Бор;
https://city2city.ru/ekaterinburg-chudovo.html;Екатеринбург;деревня Чудово;
https://city2city.ru/ekaterinburg-czentralnyj.html;Екатеринбург;поселок городского типа Центральный;
https://city2city.ru/ekaterinburg-dmitriev.html;Екатеринбург;Дмитриев;
https://city2city.ru/ekaterinburg-ershov.html;Екатеринбург;Ершов;
https://city2city.ru/ekaterinburg-furmanov.html;Екатеринбург;город Фурманов;
https://city2city.ru/ekaterinburg-glazov.html;Екатеринбург;Глазов;
https://city2city.ru/ekaterinburg-gornyj.html;Екатеринбург;село Горный Щит;
https://city2city.ru/ekaterinburg-gubkinskij.html;Екатеринбург;Губкинский;
https://city2city.ru/ekaterinburg-issa.html;Екатеринбург;посёлок городского типа Исса;
https://city2city.ru/ekaterinburg-ivdel.html;Екатеринбург;Ивдель;
https://city2city.ru/ekaterinburg-kamenka.html;Екатеринбург;рабочий посёлок Каменка;
https://city2city.ru/ekaterinburg-kamensk-shaxtinskij.html;Екатеринбург;Каменск-Шахтинский;
https://city2city.ru/ekaterinburg-kamenskij.html;Екатеринбург;посёлок Каменский;
https://city2city.ru/ekaterinburg-kamyshlov.html;Екатеринбург;Камышлов;
https://city2city.ru/ekaterinburg-kirillov.html;Екатеринбург;Кириллов;
https://city2city.ru/ekaterinburg-kommunisticheskij.html;Екатеринбург;посёлок городского типа Коммунистический;
https://city2city.ru/ekaterinburg-komsomolskij.html;Екатеринбург;поселок городского типа Комсомольский;
https://city2city.ru/ekaterinburg-korkino.html;Екатеринбург;Коркино;
https://city2city.ru/ekaterinburg-kovdor.html;Екатеринбург;Ковдор;
https://city2city.ru/ekaterinburg-krasnokamsk.html;Екатеринбург;Краснокамск;
https://city2city.ru/ekaterinburg-kurganinsk.html;Екатеринбург;Курганинск;
https://city2city.ru/ekaterinburg-kuznechnoe.html;Екатеринбург;городской посёлок Кузнечное;
https://city2city.ru/ekaterinburg-labinsk.html;Екатеринбург;Усть-Лабинск;
https://city2city.ru/ekaterinburg-leninskoe.html;Екатеринбург;посёлок городского типа Ленинское;
https://city2city.ru/ekaterinburg-lipeczk.html;Екатеринбург;Липецк;
https://city2city.ru/ekaterinburg-lyubim.html;Екатеринбург;Любим;
https://city2city.ru/ekaterinburg-magnitnyj.html;Екатеринбург;посёлок Магнитный;
https://city2city.ru/ekaterinburg-meleuz.html;Екатеринбург;Мелеуз;
https://city2city.ru/ekaterinburg-molochnyj.html;Екатеринбург;поселок городского типа Молочный;
https://city2city.ru/ekaterinburg-novaya-lyalya.html;Екатеринбург;Новая Ляля;
https://city2city.ru/ekaterinburg-novoilinskij.html;Екатеринбург;рабочий посёлок Новоильинский;
https://city2city.ru/ekaterinburg-oktyabrskoe.html;Екатеринбург;посёлок городского типа Октябрьское;
https://city2city.ru/ekaterinburg-ostrov.html;Екатеринбург;Остров;
https://city2city.ru/ekaterinburg-ozyornyj.html;Екатеринбург;Озёрный переулок;
https://city2city.ru/ekaterinburg-pervomajskij.html;Екатеринбург;посёлок Первомайский;
https://city2city.ru/ekaterinburg-pionerskij.html;Екатеринбург;посёлок Пионерский;
https://city2city.ru/ekaterinburg-revda.html;Екатеринбург;поселок городского типа Ревда;
https://city2city.ru/ekaterinburg-sanchursk.html;Екатеринбург;посёлок городского типа Санчурск;
https://city2city.ru/ekaterinburg-selo-aleksandrovskoe.html;Екатеринбург;село Александровское;
https://city2city.ru/ekaterinburg-sokol.html;Екатеринбург;Сокол;
https://city2city.ru/ekaterinburg-suvorov.html;Екатеринбург;Суворов;
https://city2city.ru/ekaterinburg-suxoj-log.html;Екатеринбург;Сухой Лог;
https://city2city.ru/ekaterinburg-svetlyj.html;Екатеринбург;поселок Светлый;
https://city2city.ru/ekaterinburg-svobodnyj.html;Екатеринбург;поселок Свободный;
https://city2city.ru/ekaterinburg-uralskij.html;Екатеринбург;Уральский;
https://city2city.ru/ekaterinburg-uspenskoe.html;Екатеринбург;село Успенское;
https://city2city.ru/ekaterinburg-ust-katav.html;Екатеринбург;Усть-Катав;
https://city2city.ru/ekaterinburg-velsk.html;Екатеринбург;Вельск;
https://city2city.ru/ekaterinburg-vladimir.html;Екатеринбург;Владимир;
https://city2city.ru/ekaterinburg-vodnyj.html;Екатеринбург;посёлок городского типа Водный;
https://city2city.ru/ekaterinburg-vostochnyj.html;Екатеринбург;посёлок городского типа Восточный;
https://city2city.ru/ekaterinburg-voznesenskoe.html;Екатеринбург;деревня Вознесенское;
https://city2city.ru/ekaterinburg-vyselki.html;Екатеринбург;станица Выселки;
https://city2city.ru/ekaterinburg-vysokij.html;Екатеринбург;посёлок городского типа Высокий;
https://city2city.ru/ekaterinburg-yurgamysh.html;Екатеринбург;поселок городского типа Юргамыш;
https://city2city.ru/ekaterinburg-zarechnyj.html;Екатеринбург;Заречный;
https://city2city.ru/ekaterinburg-zhukov.html;Екатеринбург;Жуков;
https://city2city.ru/ekaterinburg-zvyozdnyj.html;Екатеринбург;посёлок городского типа Звёздный;
https://city2city.ru/elista-komsomolsk.html;Элиста;Комсомольск;
https://city2city.ru/elista-nevinnomyssk.html;Элиста;Невинномысск;
https://city2city.ru/elista-nizhnij-novgorod.html;Элиста;Нижний Новгород;
https://city2city.ru/elista-saratov.html;Элиста;Саратов;
https://city2city.ru/elista-tambov.html;Элиста;Тамбов;
https://city2city.ru/elista-troiczk.html;Элиста;Троицк;
https://city2city.ru/energodar-voronezh.html;Энергодар;Воронеж;
https://city2city.ru/irkutsk-aeroport-bodaybo.html;аэропорт Иркутск;Бодайбо;
https://city2city.ru/irkutsk-aeroport-kirensk.html;аэропорт Иркутск;Киренск;
https://city2city.ru/irkutsk-aeroport-novosibirsk.html;аэропорт Иркутск;Новосибирск;
https://city2city.ru/irkutsk-aeroport-usole-sibirskoe.html;аэропорт Иркутск;Усолье-Сибирское;
https://city2city.ru/irkutsk-aeroport-xabarovsk-novyj.html;Иркутск;аэропорт Хабаровск (Новый) имени Г.И. Невельского;
https://city2city.ru/irkutsk-beryozovo.html;Иркутск;посёлок городского типа Берёзово;
https://city2city.ru/irkutsk-chebarkul.html;Иркутск;Чебаркуль;
https://city2city.ru/irkutsk-gorno-altajsk.html;Иркутск;Горно-Алтайск;
https://city2city.ru/irkutsk-ishim.html;Иркутск;Ишим;
https://city2city.ru/irkutsk-kurgan.html;Иркутск;Курган;
https://city2city.ru/irkutsk-lesnoj.html;Иркутск;Лесной;
https://city2city.ru/irkutsk-magnitogorsk.html;Иркутск;Магнитогорск;
https://city2city.ru/irkutsk-mariinsk.html;Иркутск;Мариинск;
https://city2city.ru/irkutsk-nizhnevartovsk.html;Иркутск;Нижневартовск;
https://city2city.ru/irkutsk-oktyabrskoe.html;Иркутск;посёлок городского типа Октябрьское;
https://city2city.ru/irkutsk-ordynskoe.html;Иркутск;рабочий посёлок Ордынское;
https://city2city.ru/irkutsk-prokopevsk.html;Иркутск;Прокопьевск;
https://city2city.ru/irkutsk-raduzhnyj.html;Иркутск;Радужный;
https://city2city.ru/irkutsk-roza.html;Иркутск;посёлок городского типа Роза;
https://city2city.ru/irkutsk-sim.html;Иркутск;Сим;
https://city2city.ru/irkutsk-sovetskij.html;Иркутск;Советский;
https://city2city.ru/irkutsk-surgut.html;Иркутск;Сургут;
https://city2city.ru/irkutsk-svobodnyj.html;Иркутск;посёлок городского типа Свободный;
https://city2city.ru/irkutsk-tomsk.html;Иркутск;Томск;
https://city2city.ru/irkutsk-topki.html;Иркутск;Топки;
https://city2city.ru/irkutsk-urengoj.html;Иркутск;Новый Уренгой;
https://city2city.ru/irkutsk-vysokij.html;Иркутск;посёлок городского типа Высокий;
https://city2city.ru/irkutsk-xabarovsk.html;Иркутск;Хабаровск;
https://city2city.ru/irkutsk-yuzhno-saxalinsk.html;Иркутск;Южно-Сахалинск;
https://city2city.ru/irkutsk-zheleznogorsk.html;Иркутск;Железногорск;
https://city2city.ru/ivanovo-anna.html;Иваново;посёлок городского типа Анна;
https://city2city.ru/ivanovo-belyj.html;Иваново;Белый;
https://city2city.ru/ivanovo-chamzinka.html;Иваново;посёлок городского типа Чамзинка;
https://city2city.ru/ivanovo-chelyabinsk.html;Иваново;Челябинск;
https://city2city.ru/ivanovo-cherepovecz.html;Иваново;Череповец;
https://city2city.ru/ivanovo-dalnee-konstantinovo.html;Иваново;посёлок городского типа Дальнее Константиново;
https://city2city.ru/ivanovo-demidov.html;Иваново;Демидов;
https://city2city.ru/ivanovo-dmitriev.html;Иваново;Дмитриев;
https://city2city.ru/ivanovo-gorbatov.html;Иваново;Горбатов;
https://city2city.ru/ivanovo-gukovo.html;Иваново;Гуково;
https://city2city.ru/ivanovo-ilinka.html;Иваново;село Ильинка;
https://city2city.ru/ivanovo-ilinskoe-xovanskoe.html;Иваново;поселок городского типа Ильинское-Хованское;
https://city2city.ru/ivanovo-istra.html;Иваново;Истра;
https://city2city.ru/ivanovo-kireevsk.html;Иваново;Киреевск;
https://city2city.ru/ivanovo-klin.html;Иваново;Клин;
https://city2city.ru/ivanovo-kotelniki.html;Иваново;Котельники;
https://city2city.ru/ivanovo-koxma.html;Иваново;Кохма;
https://city2city.ru/ivanovo-krasnogorsk.html;Иваново;Красногорск;
https://city2city.ru/ivanovo-krasnyj.html;Иваново;поселок городского типа Красный;
https://city2city.ru/ivanovo-kropotkin.html;Иваново;Кропоткин;
https://city2city.ru/ivanovo-leninskoe.html;Иваново;посёлок городского типа Ленинское;
https://city2city.ru/ivanovo-magnitnyj.html;Иваново;посёлок Магнитный;
https://city2city.ru/ivanovo-malmyzh.html;Иваново;Малмыж;
https://city2city.ru/ivanovo-mezhevoj.html;Иваново;посёлок городского типа Межевой;
https://city2city.ru/ivanovo-molokovo.html;Иваново;поселок городского типа Молоково;
https://city2city.ru/ivanovo-neya.html;Иваново;Нея;
https://city2city.ru/ivanovo-orenburg.html;Иваново;Оренбург;
https://city2city.ru/ivanovo-orlov.html;Иваново;Орлов;
https://city2city.ru/ivanovo-oryol.html;Иваново;Орёл;
https://city2city.ru/ivanovo-osa.html;Иваново;Оса;
https://city2city.ru/ivanovo-panino.html;Иваново;рабочий посёлок Панино;
https://city2city.ru/ivanovo-pavlovskaya.html;Иваново;станица Павловская;
https://city2city.ru/ivanovo-perm.html;Иваново;Пермь;
https://city2city.ru/ivanovo-petrovskij.html;Иваново;поселок городского типа Петровский;
https://city2city.ru/ivanovo-potma.html;Иваново;посёлок городского типа Потьма;
https://city2city.ru/ivanovo-proletarskij.html;Иваново;посёлок городского типа Пролетарский;
https://city2city.ru/ivanovo-raduzhnyj.html;Иваново;Радужный;
https://city2city.ru/ivanovo-ruza.html;Иваново;Руза;
https://city2city.ru/ivanovo-sergiev-posad.html;Иваново;Сергиев Посад;
https://city2city.ru/ivanovo-severnyj.html;Иваново;посёлок городского типа Северный;
https://city2city.ru/ivanovo-sharya.html;Иваново;Шарья;
https://city2city.ru/ivanovo-shebekino.html;Иваново;Шебекино;
https://city2city.ru/ivanovo-shhyolkovo.html;Иваново;Щёлково;
https://city2city.ru/ivanovo-sovetskij.html;Иваново;Советский;
https://city2city.ru/ivanovo-sovetskoe.html;Иваново;посёлок городского типа Советское;
https://city2city.ru/ivanovo-spas-klepiki.html;Иваново;Спас-Клепики;
https://city2city.ru/ivanovo-staraya-kupavna.html;Иваново;Старая Купавна;
https://city2city.ru/ivanovo-stavropol.html;Иваново;Ставрополь;
https://city2city.ru/ivanovo-svobodnyj.html;Иваново;посёлок городского типа Свободный;
https://city2city.ru/ivanovo-tejkovo.html;Иваново;Тейково;
https://city2city.ru/ivanovo-tyoploe.html;Иваново;рабочий посёлок Тёплое;
https://city2city.ru/ivanovo-valujki.html;Иваново;Валуйки;
https://city2city.ru/ivanovo-velikooktyabrskij.html;Иваново;поселок городского типа Великооктябрьский;
https://city2city.ru/ivanovo-volodarsk.html;Иваново;Володарск;
https://city2city.ru/ivanovo-voznesenskoe.html;Иваново;деревня Вознесенское;
https://city2city.ru/ivanovo-vysokij.html;Иваново;посёлок городского типа Высокий;
https://city2city.ru/ivanovo-ximki.html;Иваново;Химки;
https://city2city.ru/ivanovo-yavas.html;Иваново;рабочий посёлок Явас;
https://city2city.ru/ivanovo-zheleznogorsk.html;Иваново;Железногорск;
https://city2city.ru/ivanovo-zhukovskij.html;Иваново;Жуковский;
https://city2city.ru/izhevsk-aleksandrov.html;Ижевск;Александров;
https://city2city.ru/izhevsk-arzamas.html;Ижевск;Арзамас;
https://city2city.ru/izhevsk-bekovo.html;Ижевск;рабочий посёлок Беково;
https://city2city.ru/izhevsk-birsk.html;Ижевск;Бирск;
https://city2city.ru/izhevsk-buzuluk.html;Ижевск;Бузулук;
https://city2city.ru/izhevsk-dmitriev.html;Ижевск;Дмитриев;
https://city2city.ru/izhevsk-dzerzhinskij.html;Ижевск;Дзержинский;
https://city2city.ru/izhevsk-elabuga.html;Ижевск;Елабуга;
https://city2city.ru/izhevsk-gagarin.html;Ижевск;Гагарин;
https://city2city.ru/izhevsk-inza.html;Ижевск;Инза;
https://city2city.ru/izhevsk-ivanovo.html;Ижевск;Иваново;
https://city2city.ru/izhevsk-kamyshlov.html;Ижевск;Камышлов;
https://city2city.ru/izhevsk-kerch.html;Ижевск;Керчь;
https://city2city.ru/izhevsk-kineshma.html;Ижевск;Кинешма;
https://city2city.ru/izhevsk-krasnyj.html;Ижевск;поселок городского типа Красный;
https://city2city.ru/izhevsk-leninskoe.html;Ижевск;посёлок городского типа Ленинское;
https://city2city.ru/izhevsk-lesnoj.html;Ижевск;Лесной;
https://city2city.ru/izhevsk-marks.html;Ижевск;Маркс;
https://city2city.ru/izhevsk-miass.html;Ижевск;Миасс;
https://city2city.ru/izhevsk-mirnyj.html;Ижевск;Мирный;
https://city2city.ru/izhevsk-oktyabrsk.html;Ижевск;Октябрьск;
https://city2city.ru/izhevsk-oktyabrskoe.html;Ижевск;посёлок городского типа Октябрьское;
https://city2city.ru/izhevsk-pesochnoe.html;Ижевск;Песочное шоссе;
https://city2city.ru/izhevsk-petrovskij.html;Ижевск;поселок городского типа Петровский;
https://city2city.ru/izhevsk-pochinok.html;Ижевск;Починок;
https://city2city.ru/izhevsk-poxvistnevo.html;Ижевск;Похвистнево;
https://city2city.ru/izhevsk-promyshlennyj.html;Ижевск;посёлок городского типа Промышленный;
https://city2city.ru/izhevsk-pskov.html;Ижевск;Псков;
https://city2city.ru/izhevsk-rtishhevo.html;Ижевск;Ртищево;
https://city2city.ru/izhevsk-severnyj.html;Ижевск;посёлок городского типа Северный;
https://city2city.ru/izhevsk-severodvinsk.html;Ижевск;Северодвинск;
https://city2city.ru/izhevsk-shebekino.html;Ижевск;Шебекино;
https://city2city.ru/izhevsk-sim.html;Ижевск;Сим;
https://city2city.ru/izhevsk-sokol.html;Ижевск;Сокол;
https://city2city.ru/izhevsk-stroitel.html;Ижевск;Строитель;
https://city2city.ru/izhevsk-uralskij.html;Ижевск;посёлок городского типа Уральский;
https://city2city.ru/izhevsk-vostochnyj.html;Ижевск;посёлок городского типа Восточный;
https://city2city.ru/izhevsk-yaroslavl.html;Ижевск;Ярославль;
https://city2city.ru/joshkar-ola-arzamas.html;Йошкар-Ола;Арзамас;
https://city2city.ru/joshkar-ola-balashixa.html;Йошкар-Ола;Балашиха;
https://city2city.ru/joshkar-ola-birsk.html;Йошкар-Ола;Бирск;
https://city2city.ru/joshkar-ola-glazov.html;Йошкар-Ола;Глазов;
https://city2city.ru/joshkar-ola-kirovskij.html;Йошкар-Ола;поселок городского типа Кировский;
https://city2city.ru/joshkar-ola-komsomolskij.html;Йошкар-Ола;рабочий посёлок Комсомольский;
https://city2city.ru/joshkar-ola-kursk.html;Йошкар-Ола;Курск;
https://city2city.ru/joshkar-ola-moskva.html;Йошкар-Ола;Москва;
https://city2city.ru/joshkar-ola-uxta.html;Йошкар-Ола;Ухта;
https://city2city.ru/joshkar-ola-voskresenskoe.html;Йошкар-Ола;рабочий посёлок Воскресенское;
https://city2city.ru/joshkar-ola-znamensk.html;Йошкар-Ола;Знаменск;
https://city2city.ru/kaluga-anna.html;Калуга;посёлок городского типа Анна;
https://city2city.ru/kaluga-balabanovo.html;Калуга;Балабаново;
https://city2city.ru/kaluga-belyj.html;Калуга;Белый;
https://city2city.ru/kaluga-beryozovo.html;Калуга;посёлок городского типа Берёзово;
https://city2city.ru/kaluga-bor.html;Калуга;Бор;
https://city2city.ru/kaluga-czentralnyj.html;Калуга;Центральный;
https://city2city.ru/kaluga-dolgoprudnyj.html;Калуга;Долгопрудный;
https://city2city.ru/kaluga-domodedovo.html;Калуга;Домодедово;
https://city2city.ru/kaluga-dyatkovo.html;Калуга;Дятьково;
https://city2city.ru/kaluga-gryazi.html;Калуга;Грязи;
https://city2city.ru/kaluga-gubkin.html;Калуга;Губкин;
https://city2city.ru/kaluga-ivanteevka.html;Калуга;Ивантеевка;
https://city2city.ru/kaluga-kirovskij.html;Калуга;поселок городского типа Кировский;
https://city2city.ru/kaluga-krasnyj.html;Калуга;поселок городского типа Красный;
https://city2city.ru/kaluga-kremyonki.html;Калуга;Кремёнки;
https://city2city.ru/kaluga-kromy.html;Калуга;посёлок городского типа Кромы;
https://city2city.ru/kaluga-molochnyj.html;Калуга;поселок городского типа Молочный;
https://city2city.ru/kaluga-neya.html;Калуга;Нея;
https://city2city.ru/kaluga-oktyabrskij.html;Калуга;поселок Октябрьский;
https://city2city.ru/kaluga-oktyabrskoe.html;Калуга;посёлок городского типа Октябрьское;
https://city2city.ru/kaluga-orlov.html;Калуга;Орлов;
https://city2city.ru/kaluga-orsk.html;Калуга;Орск;
https://city2city.ru/kaluga-otradnaya.html;Калуга;станица Отрадная;
https://city2city.ru/kaluga-otradnyj.html;Калуга;Отрадный;
https://city2city.ru/kaluga-pionerskij.html;Калуга;посёлок городского типа Пионерский;
https://city2city.ru/kaluga-pskov.html;Калуга;Псков;
https://city2city.ru/kaluga-radishhevo.html;Калуга;посёлок городского типа Радищево;
https://city2city.ru/kaluga-roza.html;Калуга;посёлок городского типа Роза;
https://city2city.ru/kaluga-rybnoe.html;Калуга;Рыбное;
https://city2city.ru/kaluga-safonovo.html;Калуга;Сафоново;
https://city2city.ru/kaluga-samara.html;Калуга;Самара;
https://city2city.ru/kaluga-saransk.html;Калуга;Саранск;
https://city2city.ru/kaluga-serpuxov.html;Калуга;Серпухов;
https://city2city.ru/kaluga-shatura.html;Калуга;Шатура;
https://city2city.ru/kaluga-stavropol.html;Калуга;Ставрополь;
https://city2city.ru/kaluga-surazh.html;Калуга;Сураж;
https://city2city.ru/kaluga-tobolsk.html;Калуга;Тобольск;
https://city2city.ru/kaluga-tovarkovo.html;Калуга;деревня Товарково;
https://city2city.ru/kaluga-tver.html;Калуга;Тверь;
https://city2city.ru/kaluga-ulyanovsk.html;Калуга;Ульяновск;
https://city2city.ru/kaluga-volokolamsk.html;Калуга;Волоколамск;
https://city2city.ru/kaluga-vorotynsk.html;Калуга;посёлок Воротынск;
https://city2city.ru/kaluga-voskresensk.html;Калуга;Воскресенск;
https://city2city.ru/kaluga-vysokij.html;Калуга;посёлок городского типа Высокий;
https://city2city.ru/kaluga-yalta.html;Калуга;Ялта;
https://city2city.ru/kaluga-yaroslavl.html;Калуга;Ярославль;
https://city2city.ru/kaluga-yuzhnyj.html;Калуга;рабочий поселок Южный;
https://city2city.ru/kaluga-zarechnyj.html;Калуга;Заречный;
https://city2city.ru/kazan-aksubaevo.html;Казань;село Новое Аксубаево;
https://city2city.ru/kazan-aleksandrov.html;Казань;Александров;
https://city2city.ru/kazan-alekseevka.html;Казань;село Алексеевка;
https://city2city.ru/kazan-babaevo.html;Казань;Бабаево;
https://city2city.ru/kazan-beloreczk.html;Казань;Белорецк;
https://city2city.ru/kazan-blagoveshhensk.html;Казань;Благовещенск;
https://city2city.ru/kazan-bologoe.html;Казань;Бологое;
https://city2city.ru/kazan-bor.html;Казань;Бор;
https://city2city.ru/kazan-bryansk.html;Казань;Брянск;
https://city2city.ru/kazan-buj.html;Казань;Буй;
https://city2city.ru/kazan-chapaevsk.html;Казань;Чапаевск;
https://city2city.ru/kazan-chexov.html;Казань;Чехов;
https://city2city.ru/kazan-chupa.html;Казань;посёлок городского типа Чупа;
https://city2city.ru/kazan-dimitrovgrad.html;Казань;Димитровград;
https://city2city.ru/kazan-dmitriev.html;Казань;Дмитриев;
https://city2city.ru/kazan-dolgoe.html;Казань;деревня Долгое;
https://city2city.ru/kazan-domodedovo.html;Казань;Домодедово;
https://city2city.ru/kazan-elecz.html;Казань;Елец;
https://city2city.ru/kazan-ershov.html;Казань;Ершов;
https://city2city.ru/kazan-gorodecz.html;Казань;Городец;
https://city2city.ru/kazan-kamensk-shaxtinskij.html;Казань;Каменск-Шахтинский;
https://city2city.ru/kazan-kargopol.html;Казань;Каргополь;
https://city2city.ru/kazan-kasimov.html;Казань;Касимов;
https://city2city.ru/kazan-kola.html;Казань;Кола;
https://city2city.ru/kazan-korolyov.html;Казань;Королёв;
https://city2city.ru/kazan-krasnogorsk.html;Казань;Красногорск;
https://city2city.ru/kazan-krasnogorskij.html;Казань;посёлок городского типа Красногорский;
https://city2city.ru/kazan-krasnyj-kut.html;Казань;Красный Кут;
https://city2city.ru/kazan-kumyony.html;Казань;посёлок городского типа Кумёны;
https://city2city.ru/kazan-leninskoe.html;Казань;посёлок городского типа Ленинское;
https://city2city.ru/kazan-magnitnyj.html;Казань;посёлок Магнитный;
https://city2city.ru/kazan-majna.html;Казань;поселок городского типа Старая Майна;
https://city2city.ru/kazan-medvedevo.html;Казань;посёлок городского типа Медведево;
https://city2city.ru/kazan-mendeleevsk.html;Казань;Менделеевск;
https://city2city.ru/kazan-neya.html;Казань;Нея;
https://city2city.ru/kazan-nizhnij-tagil.html;Казань;Нижний Тагил;
https://city2city.ru/kazan-ochyor.html;Казань;Очёр;
https://city2city.ru/kazan-ostrov.html;Казань;Остров;
https://city2city.ru/kazan-otradnyj.html;Казань;Отрадный;
https://city2city.ru/kazan-perevoz.html;Казань;Перевоз;
https://city2city.ru/kazan-pervomajskij.html;Казань;посёлок Первомайский;
https://city2city.ru/kazan-polyarnyj.html;Казань;Полярный;
https://city2city.ru/kazan-posyolok-komsomolskij.html;Казань;посёлок Комсомольский;
https://city2city.ru/kazan-privolzhsk.html;Казань;Приволжск;
https://city2city.ru/kazan-privolzhskij.html;Казань;рабочий посёлок Приволжский;
https://city2city.ru/kazan-rybnoe.html;Казань;Рыбное;
https://city2city.ru/kazan-salexard.html;Казань;Салехард;
https://city2city.ru/kazan-savinskij.html;Казань;рабочий посёлок Савинский;
https://city2city.ru/kazan-serov.html;Казань;Серов;
https://city2city.ru/kazan-severnyj.html;Казань;посёлок городского типа Северный;
https://city2city.ru/kazan-sokol.html;Казань;Сокол;
https://city2city.ru/kazan-sovetskij.html;Казань;Советский;
https://city2city.ru/kazan-sovetskoe.html;Казань;посёлок городского типа Советское;
https://city2city.ru/kazan-staraya-majna.html;Казань;поселок городского типа Старая Майна;
https://city2city.ru/kazan-sudak.html;Казань;Судак;
https://city2city.ru/kazan-svobodnyj.html;Казань;посёлок городского типа Свободный;
https://city2city.ru/kazan-tbilisskaya.html;Казань;станица Тбилисская;
https://city2city.ru/kazan-tugulym.html;Казань;посёлок городского типа Тугулым;
https://city2city.ru/kazan-tyoploe.html;Казань;рабочий посёлок Тёплое;
https://city2city.ru/kazan-vetluga.html;Казань;Ветлуга;
https://city2city.ru/kazan-vostochnyj.html;Казань;посёлок городского типа Восточный;
https://city2city.ru/kazan-vysokij.html;Казань;посёлок городского типа Высокий;
https://city2city.ru/kazan-ximki.html;Казань;Химки;
https://city2city.ru/kazan-xvalynsk.html;Казань;Хвалынск;
https://city2city.ru/kazan-yuzhnyj.html;Казань;рабочий поселок Южный;
https://city2city.ru/kemerovo-alyaysk.html;Кемерово;Алейск;
https://city2city.ru/kemerovo-cherepanovo.html;Кемерово;Черепаново;
https://city2city.ru/kemerovo-kedrovyy.html;Кемерово;город Кедровый;
https://city2city.ru/kemerovo-kolpashevo.html;Кемерово;Колпашево;
https://city2city.ru/kemerovo-mezhdurechensk.html;Кемерово;Междуреченск;
https://city2city.ru/kemerovo-nazarovo.html;Кемерово;Назарово;
https://city2city.ru/kemerovo-omsk.html;Кемерово;Омск;
https://city2city.ru/kirov-adygejsk.html;Киров;Адыгейск;
https://city2city.ru/kirov-alushta.html;Киров;Алушта;
https://city2city.ru/kirov-artyomovskij.html;Киров;Артёмовский;
https://city2city.ru/kirov-arzamas.html;Киров;Арзамас;
https://city2city.ru/kirov-belgorod.html;Киров;Белгород;
https://city2city.ru/kirov-belyj.html;Киров;Белый;
https://city2city.ru/kirov-beryozovskij.html;Киров;Берёзовский;
https://city2city.ru/kirov-bor.html;Киров;Бор;
https://city2city.ru/kirov-czentralnyj.html;Киров;Центральный;
https://city2city.ru/kirov-dmitriev.html;Киров;Дмитриев;
https://city2city.ru/kirov-dzerzhinskij.html;Киров;Дзержинский;
https://city2city.ru/kirov-elan.html;Киров;рабочий посёлок Елань;
https://city2city.ru/kirov-elizavetinskaya.html;Киров;станица Елизаветинская;
https://city2city.ru/kirov-feodosiya.html;Киров;Феодосия;
https://city2city.ru/kirov-galich.html;Киров;Галич;
https://city2city.ru/kirov-gurzuf.html;Киров;посёлок городского типа Гурзуф;
https://city2city.ru/kirov-izmajlovo.html;Киров;поселок городского типа Измайлово;
https://city2city.ru/kirov-izobilnyj.html;Киров;Изобильный;
https://city2city.ru/kirov-joshkar-ola.html;Киров;Йошкар-Ола;
https://city2city.ru/kirov-kirishi.html;Киров;Кириши;
https://city2city.ru/kirov-kotelnikovo.html;Киров;Котельниково;
https://city2city.ru/kirov-kotovsk.html;Киров;Котовск;
https://city2city.ru/kirov-kovernino.html;Киров;деревня Ковернино;
https://city2city.ru/kirov-krasnogorskij.html;Киров;посёлок городского типа Красногорский;
https://city2city.ru/kirov-krasnyj.html;Киров;поселок городского типа Красный;
https://city2city.ru/kirov-kropotkin.html;Киров;Кропоткин;
https://city2city.ru/kirov-kujbyshevo.html;Киров;село Куйбышево;
https://city2city.ru/kirov-kumertau.html;Киров;Кумертау;
https://city2city.ru/kirov-kurgan.html;Киров;Курган;
https://city2city.ru/kirov-leningradskaya.html;Киров;станица Ленинградская;
https://city2city.ru/kirov-leninskoe.html;Киров;посёлок городского типа Ленинское;
https://city2city.ru/kirov-lipeczk.html;Киров;Липецк;
https://city2city.ru/kirov-lipki.html;Киров;Липки;
https://city2city.ru/kirov-losino-petrovskij.html;Киров;Лосино-Петровский;
https://city2city.ru/kirov-lyuberczy.html;Киров;Люберцы;
https://city2city.ru/kirov-magnitogorsk.html;Киров;Магнитогорск;
https://city2city.ru/kirov-marks.html;Киров;Маркс;
https://city2city.ru/kirov-miass.html;Киров;Миасс;
https://city2city.ru/kirov-morshansk.html;Киров;Моршанск;
https://city2city.ru/kirov-nevinnomyssk.html;Киров;Невинномысск;
https://city2city.ru/kirov-neya.html;Киров;Нея;
https://city2city.ru/kirov-novocheboksarsk.html;Киров;Новочебоксарск;
https://city2city.ru/kirov-novopavlovsk.html;Киров;Новопавловск;
https://city2city.ru/kirov-oktyabrsk.html;Киров;Октябрьск;
https://city2city.ru/kirov-oktyabrskij.html;Киров;поселок Октябрьский;
https://city2city.ru/kirov-oktyabrskoe.html;Киров;посёлок городского типа Октябрьское;
https://city2city.ru/kirov-orexovo-zuevo.html;Киров;Орехово-Зуево;
https://city2city.ru/kirov-orsk.html;Киров;Орск;
https://city2city.ru/kirov-pavlovskaya.html;Киров;станица Павловская;
https://city2city.ru/kirov-pavlovskij.html;Киров;рабочий посёлок Павловский;
https://city2city.ru/kirov-pavlovskij-posad.html;Киров;Павловский Посад;
https://city2city.ru/kirov-pestovo.html;Киров;деревня Пестово;
https://city2city.ru/kirov-petrovskij.html;Киров;поселок городского типа Петровский;
https://city2city.ru/kirov-petuxovo.html;Киров;Петухово;
https://city2city.ru/kirov-podolsk.html;Киров;Подольск;
https://city2city.ru/kirov-podporozhe.html;Киров;Подпорожье;
https://city2city.ru/kirov-primorskij.html;Киров;посёлок городского типа Приморский;
https://city2city.ru/kirov-priyutovo.html;Киров;поселок городского типа Приютово;
https://city2city.ru/kirov-proletarskij.html;Киров;посёлок городского типа Пролетарский;
https://city2city.ru/kirov-pugachyov.html;Киров;Пугачёв;
https://city2city.ru/kirov-pushkino.html;Киров;посёлок городского типа Пушкино;
https://city2city.ru/kirov-rezh.html;Киров;Реж;
https://city2city.ru/kirov-rossosh.html;Киров;Россошь;
https://city2city.ru/kirov-rybinsk.html;Киров;Рыбинск;
https://city2city.ru/kirov-saki.html;Киров;Саки;
https://city2city.ru/kirov-segezha.html;Киров;Сегежа;
https://city2city.ru/kirov-serov.html;Киров;Серов;
https://city2city.ru/kirov-serpuxov.html;Киров;Серпухов;
https://city2city.ru/kirov-severnyj.html;Киров;посёлок городского типа Северный;
https://city2city.ru/kirov-smyshlyaevka.html;Киров;посёлок городского типа Смышляевка;
https://city2city.ru/kirov-sortavala.html;Киров;Сортавала;
https://city2city.ru/kirov-sovetskij.html;Киров;Советский;
https://city2city.ru/kirov-sovetskoe.html;Киров;посёлок городского типа Советское;
https://city2city.ru/kirov-strojkeramika.html;Киров;посёлок городского типа Стройкерамика;
https://city2city.ru/kirov-svetlyj.html;Киров;поселок Светлый;
https://city2city.ru/kirov-tambov.html;Киров;Тамбов;
https://city2city.ru/kirov-tula.html;Киров;Тула;
https://city2city.ru/kirov-tulskij.html;Киров;посёлок Тульский;
https://city2city.ru/kirov-uchaly.html;Киров;село Учалы;
https://city2city.ru/kirov-volzhskij.html;Киров;Волжский;
https://city2city.ru/kirov-xosta.html;Киров;поселок Хоста;
https://city2city.ru/kirov-yaroslavl.html;Киров;Ярославль;
https://city2city.ru/kirov-zhukov.html;Киров;Жуков;
https://city2city.ru/kirov-zvenigovo.html;Киров;Звенигово;
https://city2city.ru/kostroma-belebej.html;Кострома;Белебей;
https://city2city.ru/kostroma-belyj.html;Кострома;Белый;
https://city2city.ru/kostroma-bor.html;Кострома;Бор;
https://city2city.ru/kostroma-czentralnyj.html;Кострома;Центральный;
https://city2city.ru/kostroma-dzhankoj.html;Кострома;Джанкой;
https://city2city.ru/kostroma-gagarin.html;Кострома;Гагарин;
https://city2city.ru/kostroma-komsomolskij.html;Кострома;рабочий посёлок Комсомольский;
https://city2city.ru/kostroma-konosha.html;Кострома;рабочий посёлок Коноша;
https://city2city.ru/kostroma-krasnyj.html;Кострома;поселок городского типа Красный;
https://city2city.ru/kostroma-lermontov.html;Кострома;Лермонтов;
https://city2city.ru/kostroma-magnitnyj.html;Кострома;посёлок Магнитный;
https://city2city.ru/kostroma-mezhdurechensk.html;Кострома;посёлок городского типа Междуреченск;
https://city2city.ru/kostroma-myshkin.html;Кострома;Мышкин;
https://city2city.ru/kostroma-oktyabrskij.html;Кострома;поселок Октябрьский;
https://city2city.ru/kostroma-oktyabrskoe.html;Кострома;посёлок городского типа Октябрьское;
https://city2city.ru/kostroma-pervomajskij.html;Кострома;посёлок Первомайский;
https://city2city.ru/kostroma-petrovskij.html;Кострома;поселок городского типа Петровский;
https://city2city.ru/kostroma-pskov.html;Кострома;Псков;
https://city2city.ru/kostroma-rostov-na-donu.html;Кострома;Ростов-на-Дону;
https://city2city.ru/kostroma-sergiev-posad.html;Кострома;Сергиев Посад;
https://city2city.ru/kostroma-sovetskij.html;Кострома;Советский;
https://city2city.ru/kostroma-sovetskoe.html;Кострома;посёлок городского типа Советское;
https://city2city.ru/kostroma-staraya-vichuga.html;Кострома;поселок городского типа Старая Вичуга;
https://city2city.ru/kostroma-tumbotino.html;Кострома;посёлок городского типа Тумботино;
https://city2city.ru/kostroma-tutaev.html;Кострома;Тутаев;
https://city2city.ru/kostroma-udomlya.html;Кострома;Удомля;
https://city2city.ru/kostroma-volokonovka.html;Кострома;посёлок городского типа Волоконовка;
https://city2city.ru/kostroma-volzhskij.html;Кострома;Волжский;
https://city2city.ru/kostroma-vostochnyj.html;Кострома;посёлок городского типа Восточный;
https://city2city.ru/kostroma-yuzhnyj.html;Кострома;рабочий поселок Южный;
https://city2city.ru/kostroma-zavolzhe.html;Кострома;Заволжье;
https://city2city.ru/krasnodar-abinsk.html;Краснодар;Абинск;
https://city2city.ru/krasnodar-afipskij.html;Краснодар;посёлок городского типа Афипский;
https://city2city.ru/krasnodar-aleksandrov.html;Краснодар;Александров;
https://city2city.ru/krasnodar-alushta.html;Краснодар;Алушта;
https://city2city.ru/krasnodar-anna.html;Краснодар;посёлок городского типа Анна;
https://city2city.ru/krasnodar-arzamas.html;Краснодар;Арзамас;
https://city2city.ru/krasnodar-belaya-kalitva.html;Краснодар;Белая Калитва;
https://city2city.ru/krasnodar-bereznik.html;Краснодар;рабочий посёлок Березник;
https://city2city.ru/krasnodar-berezniki.html;Краснодар;Березники;
https://city2city.ru/krasnodar-beryozovo.html;Краснодар;посёлок городского типа Берёзово;
https://city2city.ru/krasnodar-bryuxoveczkaya.html;Краснодар;станица Брюховецкая;
https://city2city.ru/krasnodar-chusovoj.html;Краснодар;Чусовой;
https://city2city.ru/krasnodar-czentralnyj.html;Краснодар;поселок городского типа Центральный;
https://city2city.ru/krasnodar-dergachi.html;Краснодар;посёлок городского типа Дергачи;
https://city2city.ru/krasnodar-divnomorskoe.html;Аэропорт;село Дивноморское;
https://city2city.ru/krasnodar-dubrovka.html;Краснодар;деревня Дубровка;
https://city2city.ru/krasnodar-dzerzhinskij.html;Краснодар;Дзержинский;
https://city2city.ru/krasnodar-elizavetinskaya.html;Краснодар;станица Елизаветинская;
https://city2city.ru/krasnodar-foros.html;Краснодар;посёлок городского типа Форос;
https://city2city.ru/krasnodar-furmanov.html;Краснодар;город Фурманов;
https://city2city.ru/krasnodar-gagarin.html;Краснодар;Гагарин;
https://city2city.ru/krasnodar-golubiczkaya.html;Краснодар;станица Голубицкая;
https://city2city.ru/krasnodar-grajvoron.html;Краснодар;Грайворон;
https://city2city.ru/krasnodar-kabardinka.html;Аэропорт;село Кабардинка;
https://city2city.ru/krasnodar-kalach.html;Краснодар;Калач;
https://city2city.ru/krasnodar-kalininskaya.html;Краснодар;станица Калининская;
https://city2city.ru/krasnodar-kantemirovka.html;Краснодар;рабочий посёлок Кантемировка;
https://city2city.ru/krasnodar-karpinsk.html;Краснодар;Карпинск;
https://city2city.ru/krasnodar-klin.html;Краснодар;Клин;
https://city2city.ru/krasnodar-krasnogorsk.html;Краснодар;Красногорск;
https://city2city.ru/krasnodar-kropotkin.html;Краснодар;Кропоткин;
https://city2city.ru/krasnodar-krymsk.html;Краснодар;Крымск;
https://city2city.ru/krasnodar-kuchugury.html;Краснодар;посёлок Кучугуры;
https://city2city.ru/krasnodar-kujbyshevo.html;Краснодар;село Куйбышево;
https://city2city.ru/krasnodar-kurganinsk.html;Краснодар;Курганинск;
https://city2city.ru/krasnodar-kurortnoe.html;Краснодар;посёлок городского типа Курортное;
https://city2city.ru/krasnodar-kushhyovskaya.html;Краснодар;станица Кущёвская;
https://city2city.ru/krasnodar-kushva.html;Краснодар;Кушва;
https://city2city.ru/krasnodar-leningradskaya.html;Краснодар;станица Ленинградская;
https://city2city.ru/krasnodar-leninskoe.html;Краснодар;посёлок городского типа Ленинское;
https://city2city.ru/krasnodar-lugovoj.html;Краснодар;посёлок городского типа Луговой;
https://city2city.ru/krasnodar-lyskovo.html;Краснодар;Лысково;
https://city2city.ru/krasnodar-lyubim.html;Краснодар;Любим;
https://city2city.ru/krasnodar-magnitnyj.html;Краснодар;посёлок Магнитный;
https://city2city.ru/krasnodar-magnitogorsk.html;Краснодар;Магнитогорск;
https://city2city.ru/krasnodar-malaya-vishera.html;Краснодар;Малая Вишера;
https://city2city.ru/krasnodar-mirnyj.html;Краснодар;Мирный;
https://city2city.ru/krasnodar-morozovsk.html;Краснодар;Морозовск;
https://city2city.ru/krasnodar-mozhga.html;Краснодар;село Можга;
https://city2city.ru/krasnodar-nebug.html;Аэропорт;село Небуг;
https://city2city.ru/krasnodar-nekrasovskoe.html;Краснодар;посёлок городского типа Некрасовское;
https://city2city.ru/krasnodar-nikolaevka.html;Краснодар;рабочий посёлок Николаевка;
https://city2city.ru/krasnodar-nizhnekamsk.html;Краснодар;Нижнекамск;
https://city2city.ru/krasnodar-novodvinsk.html;Краснодар;Новодвинск;
https://city2city.ru/krasnodar-novomixajlovka.html;Краснодар;курорт Новомихайловка;
https://city2city.ru/krasnodar-novomoskovsk.html;Ростов-на-Дону;Новомосковск;
https://city2city.ru/krasnodar-novopavlovsk.html;Краснодар;Новопавловск;
https://city2city.ru/krasnodar-obninsk.html;Краснодар;Обнинск;
https://city2city.ru/krasnodar-olginka.html;Аэропорт;село Ольгинка;
https://city2city.ru/krasnodar-orlov.html;Краснодар;Орлов;
https://city2city.ru/krasnodar-pavlovskij.html;Краснодар;рабочий посёлок Павловский;
https://city2city.ru/krasnodar-pervomajsk.html;Краснодар;Первомайск;
https://city2city.ru/krasnodar-pestovo.html;Краснодар;деревня Пестово;
https://city2city.ru/krasnodar-polevoj.html;Краснодар;посёлок Полевой;
https://city2city.ru/krasnodar-poltavskaya.html;Краснодар;станица Полтавская;
https://city2city.ru/krasnodar-primorsko-axtarsk.html;Краснодар;Приморско-Ахтарск;
https://city2city.ru/krasnodar-saki.html;Краснодар;Саки;
https://city2city.ru/krasnodar-severouralsk.html;Краснодар;Североуральск;
https://city2city.ru/krasnodar-sibaj.html;Краснодар;Сибай;
https://city2city.ru/krasnodar-skopin.html;Краснодар;Скопин;
https://city2city.ru/krasnodar-sosnovoborsk.html;Краснодар;рабочий посёлок Сосновоборск;
https://city2city.ru/krasnodar-sovetskij.html;Краснодар;посёлок городского типа Советский;
https://city2city.ru/krasnodar-sovetskoe.html;Краснодар;посёлок городского типа Советское;
https://city2city.ru/krasnodar-starominskaya.html;Краснодар;станица Староминская;
https://city2city.ru/krasnodar-sterlitamak.html;Краснодар;Стерлитамак;
https://city2city.ru/krasnodar-stroitel.html;Краснодар;Строитель;
https://city2city.ru/krasnodar-sudak.html;Краснодар;Судак;
https://city2city.ru/krasnodar-svobodnyj.html;Краснодар;поселок Свободный;
https://city2city.ru/krasnodar-taman.html;Краснодар;станица Тамань;
https://city2city.ru/krasnodar-tbilisskaya.html;Краснодар;станица Тбилисская;
https://city2city.ru/krasnodar-tejkovo.html;Краснодар;Тейково;
https://city2city.ru/krasnodar-tixoreczk.html;Краснодар;Тихорецк;
https://city2city.ru/krasnodar-toropecz.html;Краснодар;Торопец;
https://city2city.ru/krasnodar-urussu.html;Краснодар;поселок городского типа Уруссу;
https://city2city.ru/krasnodar-ust-labinsk.html;Краснодар;Усть-Лабинск;
https://city2city.ru/krasnodar-vidnoe.html;Краснодар;садовое товарищество Видное;
https://city2city.ru/krasnodar-vityazevo.html;Краснодар;село Витязево;
https://city2city.ru/krasnodar-volgograd.html;Краснодар;Волгоград;
https://city2city.ru/krasnodar-volna.html;Краснодар;посёлок Волна;
https://city2city.ru/krasnodar-vostochnyj.html;Краснодар;посёлок городского типа Восточный;
https://city2city.ru/krasnodar-vyazma.html;Краснодар;Вязьма;
https://city2city.ru/krasnodar-vyshesteblievskaya.html;Краснодар;станица Вышестеблиевская;
https://city2city.ru/krasnodar-vysokij.html;Краснодар;посёлок городского типа Высокий;
https://city2city.ru/krasnodar-xanty-mansijsk.html;Краснодар;Ханты-Мансийск;
https://city2city.ru/krasnodar-yugorsk.html;Краснодар;Югорск;
https://city2city.ru/krasnodar-zapolyarnyj.html;Краснодар;поселок городского типа Заполярный;
https://city2city.ru/krasnoyarsk-asha.html;Красноярск;Аша;
https://city2city.ru/krasnoyarsk-bajkal.html;Красноярск;село Сахюрта;
https://city2city.ru/krasnoyarsk-iskitim.html;Красноярск;Искитим;
https://city2city.ru/krasnoyarsk-kargat.html;Красноярск;Каргат;
https://city2city.ru/krasnoyarsk-kopejsk.html;Красноярск;Копейск;
https://city2city.ru/krasnoyarsk-lesnoj.html;Красноярск;Лесной;
https://city2city.ru/krasnoyarsk-miass.html;Красноярск;Миасс;
https://city2city.ru/krasnoyarsk-naxodka.html;Красноярск;Находка;
https://city2city.ru/krasnoyarsk-novaya-lyalya.html;Красноярск;Новая Ляля;
https://city2city.ru/krasnoyarsk-novyj-urengoj.html;Красноярск;Новый Уренгой;
https://city2city.ru/krasnoyarsk-oktyabrskoe.html;Красноярск;посёлок городского типа Октябрьское;
https://city2city.ru/krasnoyarsk-serov.html;Красноярск;Серов;
https://city2city.ru/krasnoyarsk-sovetskij.html;Красноярск;Советский;
https://city2city.ru/krasnoyarsk-svobodnyj.html;Красноярск;посёлок городского типа Свободный;
https://city2city.ru/krasnoyarsk-urengoj.html;Красноярск;Новый Уренгой;
https://city2city.ru/krasnoyarsk-vysokij.html;Красноярск;посёлок городского типа Высокий;
https://city2city.ru/krasnoyarsk-yuzhno-saxalinsk.html;Красноярск;Южно-Сахалинск;
https://city2city.ru/kurgan-aleksandrov.html;Курган;Александров;
https://city2city.ru/kurgan-alekseevka.html;Курган;село Алексеевка;
https://city2city.ru/kurgan-bashmakovo.html;Курган;рабочий посёлок Башмаково;
https://city2city.ru/kurgan-belinskij.html;Курган;Белинский;
https://city2city.ru/kurgan-belyj.html;Курган;Белый;
https://city2city.ru/kurgan-bugulma.html;Курган;Бугульма;
https://city2city.ru/kurgan-chelyabinsk.html;Курган;Челябинск;
https://city2city.ru/kurgan-chusovoj.html;Курган;Чусовой;
https://city2city.ru/kurgan-czentralnyj.html;Курган;Центральный;
https://city2city.ru/kurgan-dzerzhinskij.html;Курган;Дзержинский;
https://city2city.ru/kurgan-gubaxa.html;Курган;Губаха;
https://city2city.ru/kurgan-inkerman.html;Курган;Инкерман;
https://city2city.ru/kurgan-kanash.html;Курган;деревня Канаш;
https://city2city.ru/kurgan-kirov.html;Курган;Киров;
https://city2city.ru/kurgan-kislovodsk.html;Курган;Кисловодск;
https://city2city.ru/kurgan-komsomolskij.html;Курган;рабочий посёлок Комсомольский;
https://city2city.ru/kurgan-kujbyshevo.html;Курган;село Куйбышево;
https://city2city.ru/kurgan-kursk.html;Курган;Курск;
https://city2city.ru/kurgan-lesnoj.html;Курган;Лесной;
https://city2city.ru/kurgan-mczensk.html;Курган;Мценск;
https://city2city.ru/kurgan-naberezhnye-chelny.html;Курган;Набережные Челны;
https://city2city.ru/kurgan-neya.html;Курган;Нея;
https://city2city.ru/kurgan-nizhnij-tagil.html;Курган;Нижний Тагил;
https://city2city.ru/kurgan-oktyabrskij.html;Курган;поселок Октябрьский;
https://city2city.ru/kurgan-oktyabrskoe.html;Курган;посёлок городского типа Октябрьское;
https://city2city.ru/kurgan-orsk.html;Курган;Орск;
https://city2city.ru/kurgan-plast.html;Курган;Пласт;
https://city2city.ru/kurgan-pleseczk.html;Курган;рабочий посёлок Плесецк;
https://city2city.ru/kurgan-pushkino.html;Курган;посёлок городского типа Пушкино;
https://city2city.ru/kurgan-rostov-na-donu.html;Курган;Ростов-на-Дону;
https://city2city.ru/kurgan-salsk.html;Курган;Сальск;
https://city2city.ru/kurgan-severnyj.html;Курган;посёлок городского типа Северный;
https://city2city.ru/kurgan-shadrinsk.html;Курган;Шадринск;
https://city2city.ru/kurgan-solnechnyj.html;Курган;посёлок Солнечный;
https://city2city.ru/kurgan-sovetskij.html;Курган;Советский;
https://city2city.ru/kurgan-sovetskoe.html;Курган;посёлок городского типа Советское;
https://city2city.ru/kurgan-staryj-oskol.html;Курган;Старый Оскол;
https://city2city.ru/kurgan-stroitel.html;Курган;Строитель;
https://city2city.ru/kurgan-uralskij.html;Курган;посёлок городского типа Уральский;
https://city2city.ru/kurgan-volgodonsk.html;Курган;Волгодонск;
https://city2city.ru/kurgan-vologda.html;Курган;Вологда;
https://city2city.ru/kurgan-yuzhnyj.html;Курган;рабочий поселок Южный;
https://city2city.ru/kurgan-zhigulyovsk.html;Курган;Жигулёвск;
https://city2city.ru/kurgan-zvyozdnyj.html;Курган;посёлок городского типа Звёздный;
https://city2city.ru/kursk-aleksandrov.html;Курск;Александров;
https://city2city.ru/kursk-balashixa.html;Курск;Балашиха;
https://city2city.ru/kursk-belyj.html;Курск;Белый;
https://city2city.ru/kursk-borovskij.html;Курск;посёлок городского типа Боровский;
https://city2city.ru/kursk-bryuxoveczkaya.html;Курск;станица Брюховецкая;
https://city2city.ru/kursk-buzuluk.html;Курск;Бузулук;
https://city2city.ru/kursk-chertkovo.html;Курск;посёлок городского типа Чертково;
https://city2city.ru/kursk-chexov.html;Курск;Чехов;
https://city2city.ru/kursk-chusovoj.html;Курск;Чусовой;
https://city2city.ru/kursk-dzerzhinskij.html;Курск;Дзержинский;
https://city2city.ru/kursk-dzhankoj.html;Курск;Джанкой;
https://city2city.ru/kursk-ejsk.html;Курск;Ейск;
https://city2city.ru/kursk-frolovo.html;Курск;Фролово;
https://city2city.ru/kursk-gaj.html;Курск;Гай;
https://city2city.ru/kursk-goliczyno.html;Курск;Голицыно;
https://city2city.ru/kursk-kamenka.html;Курск;Каменка;
https://city2city.ru/kursk-kamenskij.html;Курск;посёлок Каменский;
https://city2city.ru/kursk-kineshma.html;Курск;Кинешма;
https://city2city.ru/kursk-korenovsk.html;Курск;Кореновск;
https://city2city.ru/kursk-kotlas.html;Курск;Котлас;
https://city2city.ru/kursk-kotovo.html;Курск;Котово;
https://city2city.ru/kursk-krasnogvardejskoe.html;Курск;село Красногвардейское;
https://city2city.ru/kursk-krasnyj.html;Курск;поселок городского типа Красный;
https://city2city.ru/kursk-kurgan.html;Курск;Курган;
https://city2city.ru/kursk-leninskoe.html;Курск;посёлок городского типа Ленинское;
https://city2city.ru/kursk-lesnoj.html;Курск;Лесной;
https://city2city.ru/kursk-lyubim.html;Курск;Любим;
https://city2city.ru/kursk-magnitnyj.html;Курск;посёлок Магнитный;
https://city2city.ru/kursk-medyn.html;Курск;Медынь;
https://city2city.ru/kursk-morozovsk.html;Курск;Морозовск;
https://city2city.ru/kursk-nizhnekamsk.html;Курск;Нижнекамск;
https://city2city.ru/kursk-nizhnij-tagil.html;Курск;Нижний Тагил;
https://city2city.ru/kursk-novorossijsk.html;Курск;Новороссийск;
https://city2city.ru/kursk-obninsk.html;Курск;Обнинск;
https://city2city.ru/kursk-oktyabrskij.html;Курск;поселок Октябрьский;
https://city2city.ru/kursk-oktyabrskoe.html;Курск;посёлок городского типа Октябрьское;
https://city2city.ru/kursk-orlov.html;Курск;Орлов;
https://city2city.ru/kursk-otradnaya.html;Курск;станица Отрадная;
https://city2city.ru/kursk-otradnyj.html;Курск;Отрадный;
https://city2city.ru/kursk-pechora.html;Курск;Печора;
https://city2city.ru/kursk-pechory.html;Курск;Печоры;
https://city2city.ru/kursk-perm.html;Курск;Пермь;
https://city2city.ru/kursk-pervomajsk.html;Курск;Первомайск;
https://city2city.ru/kursk-petrovskij.html;Курск;поселок городского типа Петровский;
https://city2city.ru/kursk-povorino.html;Курск;Поворино;
https://city2city.ru/kursk-pushkino.html;Курск;посёлок городского типа Пушкино;
https://city2city.ru/kursk-pushkino-moskovskaya-oblast.html;Курск;Пушкино;
https://city2city.ru/kursk-reutov.html;Курск;Реутов;
https://city2city.ru/kursk-rybnoe.html;Курск;Рыбное;
https://city2city.ru/kursk-saratov.html;Курск;Саратов;
https://city2city.ru/kursk-segezha.html;Курск;Сегежа;
https://city2city.ru/kursk-sevastopol.html;Курск;Севастополь;
https://city2city.ru/kursk-shhyokino.html;Курск;Щёкино;
https://city2city.ru/kursk-smolensk.html;Курск;Смоленск;
https://city2city.ru/kursk-spas-klepiki.html;Курск;Спас-Клепики;
https://city2city.ru/kursk-staroshherbinovskaya.html;Курск;станица Старощербиновская;
https://city2city.ru/kursk-syktyvkar.html;Курск;Сыктывкар;
https://city2city.ru/kursk-tomarovka.html;Курск;посёлок городского типа Томаровка;
https://city2city.ru/kursk-torzhok.html;Курск;Торжок;
https://city2city.ru/kursk-uralskij.html;Курск;посёлок городского типа Уральский;
https://city2city.ru/kursk-uzlovaya.html;Курск;Узловая;
https://city2city.ru/kursk-velsk.html;Курск;Вельск;
https://city2city.ru/kursk-verxove.html;Курск;посёлок городского типа Верховье;
https://city2city.ru/kursk-voskresensk.html;Курск;Воскресенск;
https://city2city.ru/kursk-zherdevka.html;Курск;Жердевка;
https://city2city.ru/kursk-zhukov.html;Курск;Жуков;
https://city2city.ru/kursk-znamenka.html;Курск;посёлок городского типа Знаменка;
https://city2city.ru/kursk-zvyozdnyj.html;Курск;посёлок городского типа Звёздный;
https://city2city.ru/kyzyl-barnaul.html;Кызыл;Барнаул;
https://city2city.ru/kyzyl-bodaybo.html;Кызыл;Бодайбо;
https://city2city.ru/kyzyl-kaa-hem.html;Кызыл;посёлок городского типа Каа-Хем;
https://city2city.ru/lipeczk-armavir.html;Липецк;Армавир;
https://city2city.ru/lipeczk-asha.html;Липецк;Аша;
https://city2city.ru/lipeczk-ashe.html;Липецк;микрорайон Аше;
https://city2city.ru/lipeczk-balashov.html;Липецк;Балашов;
https://city2city.ru/lipeczk-budyonnovsk.html;Липецк;Будённовск;
https://city2city.ru/lipeczk-chaplygin.html;Липецк;Чаплыгин;
https://city2city.ru/lipeczk-desnogorsk.html;Липецк;Десногорск;
https://city2city.ru/lipeczk-donskoj.html;Липецк;Донской;
https://city2city.ru/lipeczk-dzerzhinsk.html;Липецк;Дзержинск;
https://city2city.ru/lipeczk-elektrostal.html;Липецк;Электросталь;
https://city2city.ru/lipeczk-gagarin.html;Липецк;Гагарин;
https://city2city.ru/lipeczk-istra.html;Липецк;Истра;
https://city2city.ru/lipeczk-ivnya.html;Липецк;посёлок городского типа Ивня;
https://city2city.ru/lipeczk-kanevskaya.html;Липецк;станица Каневская;
https://city2city.ru/lipeczk-kashira.html;Липецк;Кашира;
https://city2city.ru/lipeczk-kirovskij.html;Липецк;поселок городского типа Кировский;
https://city2city.ru/lipeczk-korablino.html;Липецк;Кораблино;
https://city2city.ru/lipeczk-krasnogorsk.html;Липецк;Красногорск;
https://city2city.ru/lipeczk-kropotkin.html;Липецк;Кропоткин;
https://city2city.ru/lipeczk-kurchatov.html;Липецк;Курчатов;
https://city2city.ru/lipeczk-leningradskaya.html;Липецк;станица Ленинградская;
https://city2city.ru/lipeczk-leninskoe.html;Липецк;посёлок городского типа Ленинское;
https://city2city.ru/lipeczk-mixajlovka.html;Липецк;Михайловка;
https://city2city.ru/lipeczk-novorossijsk.html;Липецк;Новороссийск;
https://city2city.ru/lipeczk-novoxopyorsk.html;Липецк;Новохопёрск;
https://city2city.ru/lipeczk-odinczovo.html;Липецк;Одинцово;
https://city2city.ru/lipeczk-orlov.html;Липецк;Орлов;
https://city2city.ru/lipeczk-oryol.html;Липецк;Орёл;
https://city2city.ru/lipeczk-podgorenskij.html;Липецк;посёлок городского типа Подгоренский;
https://city2city.ru/lipeczk-pokachi.html;Липецк;Покачи;
https://city2city.ru/lipeczk-pugachyov.html;Липецк;Пугачёв;
https://city2city.ru/lipeczk-ramenskoe.html;Липецк;Раменское;
https://city2city.ru/lipeczk-sovetskij.html;Липецк;Советский;
https://city2city.ru/lipeczk-sovetskoe.html;Липецк;посёлок городского типа Советское;
https://city2city.ru/lipeczk-stavropol.html;Липецк;Ставрополь;
https://city2city.ru/lipeczk-sterlitamak.html;Липецк;Стерлитамак;
https://city2city.ru/lipeczk-tulskij.html;Липецк;посёлок Тульский;
https://city2city.ru/lipeczk-vyshnij-volochyok.html;Липецк;Вышний Волочёк;
https://city2city.ru/lipeczk-vysokij.html;Липецк;посёлок городского типа Высокий;
https://city2city.ru/lipeczk-znamenka.html;Липецк;посёлок городского типа Знаменка;
https://city2city.ru/lugansk-arhangelsk.html;Луганск;Архангельск;
https://city2city.ru/lugansk-maykop.html;Луганск;Майкоп;
https://city2city.ru/lugansk-smolensk.html;Луганск;Смоленск;
https://city2city.ru/mariupol-arhangelsk.html;Мариуполь;Архангельск;
https://city2city.ru/mariupol-kirov.html;Мариуполь;Киров;
https://city2city.ru/mariupol-perm.html;Мариуполь;Пермь;
https://city2city.ru/moskva-alatyr.html;Москва;Алатырь;
https://city2city.ru/moskva-arxangelsk.html;Москва;Архангельск;
https://city2city.ru/moskva-arzamas.html;Москва;Арзамас;
https://city2city.ru/moskva-balabanovo.html;Москва;Балабаново;
https://city2city.ru/moskva-bashmakovo.html;Москва;рабочий посёлок Башмаково;
https://city2city.ru/moskva-belyov.html;Москва;Белёв;
https://city2city.ru/moskva-bezenchuk.html;Москва;посёлок городского типа Безенчук;
https://city2city.ru/moskva-blagoveshhensk.html;Москва;Благовещенск;
https://city2city.ru/moskva-bogorodsk.html;Москва;Богородск;
https://city2city.ru/moskva-bokovskaya.html;Москва;станица Боковская;
https://city2city.ru/moskva-bologoe.html;Москва;Бологое;
https://city2city.ru/moskva-bor.html;Москва;Бор;
https://city2city.ru/moskva-borovoj.html;Москва;поселок городского типа Боровой;
https://city2city.ru/moskva-borovsk.html;Москва;Боровск;
https://city2city.ru/moskva-bykovo.html;Москва;рабочий посёлок Быково;
https://city2city.ru/moskva-chamzinka.html;Москва;посёлок городского типа Чамзинка;
https://city2city.ru/moskva-chapaevsk.html;Москва;Чапаевск;
https://city2city.ru/moskva-cherepovecz.html;Москва;Череповец;
https://city2city.ru/moskva-chusovoj.html;Москва;Чусовой;
https://city2city.ru/moskva-dankov.html;Москва;Данков;
https://city2city.ru/moskva-demidov.html;Москва;Демидов;
https://city2city.ru/moskva-dmitrovsk.html;Москва;Дмитровск;
https://city2city.ru/moskva-dolgoe.html;Москва;деревня Долгое;
https://city2city.ru/moskva-donskoj.html;Москва;Донской;
https://city2city.ru/moskva-duminichi.html;Москва;посёлок городского типа Думиничи;
https://city2city.ru/moskva-dyurso.html;Москва;село Абрау-Дюрсо;
https://city2city.ru/moskva-elecz.html;Москва;Елец;
https://city2city.ru/moskva-eleczkij.html;Москва;посёлок городского типа Елецкий;
https://city2city.ru/moskva-ermish.html;Москва;рабочий посёлок Ермишь;
https://city2city.ru/moskva-ermolino.html;Москва;Ермолино;
https://city2city.ru/moskva-ertil.html;Москва;Эртиль;
https://city2city.ru/moskva-fatezh.html;Москва;Фатеж;
https://city2city.ru/moskva-feodosiya.html;Москва;Феодосия;
https://city2city.ru/moskva-frolovo.html;Москва;Фролово;
https://city2city.ru/moskva-fyodorovskij.html;Москва;посёлок городского типа Фёдоровский;
https://city2city.ru/moskva-fyodorovskoe.html;Москва;Фёдоровское городское поселение;
https://city2city.ru/moskva-gagarin.html;Москва;Гагарин;
https://city2city.ru/moskva-gaj.html;Москва;Гай;
https://city2city.ru/moskva-golynki.html;Москва;поселок городского типа Голынки;
https://city2city.ru/moskva-gornyj.html;Москва;село Горный Щит;
https://city2city.ru/moskva-gorodishhe.html;Москва;Городище;
https://city2city.ru/moskva-gus-xrustalnyj.html;Москва;Гусь-Хрустальный;
https://city2city.ru/moskva-innopolis.html;Москва;Иннополис;
https://city2city.ru/moskva-irbit.html;Москва;Ирбит;
https://city2city.ru/moskva-ishimbaj.html;Москва;Ишимбай;
https://city2city.ru/moskva-joshkar-ola.html;Москва;Йошкар-Ола;
https://city2city.ru/moskva-kambarka.html;Москва;Камбарка;
https://city2city.ru/moskva-kamensk-shaxtinskij.html;Москва;Каменск-Шахтинский;
https://city2city.ru/moskva-kamyshlov.html;Москва;Камышлов;
https://city2city.ru/moskva-kasimov.html;Москва;Касимов;
https://city2city.ru/moskva-kimry.html;Москва;Кимры;
https://city2city.ru/moskva-kineshma.html;Москва;Кинешма;
https://city2city.ru/moskva-kirillov.html;Москва;Кириллов;
https://city2city.ru/moskva-kirovskij.html;Москва;посёлок городского типа Кировский;
https://city2city.ru/moskva-kislovodsk.html;Москва;Кисловодск;
https://city2city.ru/moskva-klinczy.html;Москва;Клинцы;
https://city2city.ru/moskva-kolchugino.html;Москва;Кольчугино;
https://city2city.ru/moskva-komsomolsk.html;Москва;Комсомольская площадь;
https://city2city.ru/moskva-konakovo.html;Москва;Конаково;
https://city2city.ru/moskva-korablino.html;Москва;Кораблино;
https://city2city.ru/moskva-korocha.html;Москва;Короча;
https://city2city.ru/moskva-kovrov.html;Москва;Ковров;
https://city2city.ru/moskva-koxma.html;Москва;Кохма;
https://city2city.ru/moskva-krasnaya-gora.html;Москва;посёлок городского типа Красная Гора;
https://city2city.ru/moskva-krasnoarmejsk.html;Москва;Красноармейск;
https://city2city.ru/moskva-krasnogorskij.html;Москва;посёлок городского типа Красногорский;
https://city2city.ru/moskva-krasnokamsk.html;Москва;Краснокамск;
https://city2city.ru/moskva-kromy.html;Москва;посёлок городского типа Кромы;
https://city2city.ru/moskva-kropachyovo.html;Москва;посёлок городского типа Кропачёво;
https://city2city.ru/moskva-krymsk.html;Москва;Крымск;
https://city2city.ru/moskva-kstovo.html;Москва;Кстово;
https://city2city.ru/moskva-kudymkar.html;Москва;Кудымкар;
https://city2city.ru/moskva-kukmor.html;Москва;Кукмор;
https://city2city.ru/moskva-kurganinsk.html;Москва;Курганинск;
https://city2city.ru/moskva-kurortnoe.html;Москва;посёлок городского типа Курортное;
https://city2city.ru/moskva-kuznechnoe.html;Москва;городской посёлок Кузнечное;
https://city2city.ru/moskva-lermontov.html;Москва;Лермонтов;
https://city2city.ru/moskva-lesnoj.html;Москва;поселок Лесной;
https://city2city.ru/moskva-lezhnevo.html;Москва;посёлок городского типа Лежнево;
https://city2city.ru/moskva-lgov.html;Москва;Льгов;
https://city2city.ru/moskva-lipki.html;Москва;Липки;
https://city2city.ru/moskva-lyubim.html;Москва;Любим;
https://city2city.ru/moskva-maksatixa.html;Москва;поселок городского типа Максатиха;
https://city2city.ru/moskva-maloyaroslavecz.html;Москва;Малоярославец;
https://city2city.ru/moskva-medyn.html;Москва;Медынь;
https://city2city.ru/moskva-meshhovsk.html;Москва;Мещовск;
https://city2city.ru/moskva-mikun.html;Москва;Микунь;
https://city2city.ru/moskva-millerovo.html;Москва;Миллерово;
https://city2city.ru/moskva-mineralnye-vody.html;Москва;Минеральные Воды;
https://city2city.ru/moskva-mirnyj.html;Москва;Мирный;
https://city2city.ru/moskva-mixajlov.html;Москва;Михайлов;
https://city2city.ru/moskva-molokovo.html;Москва;поселок городского типа Молоково;
https://city2city.ru/moskva-morshansk.html;Москва;Моршанск;
https://city2city.ru/moskva-murom.html;Москва;Муром;
https://city2city.ru/moskva-myshkin.html;Москва;Мышкин;
https://city2city.ru/moskva-navoloki.html;Москва;Наволоки;
https://city2city.ru/moskva-nekrasovskoe.html;Москва;посёлок городского типа Некрасовское;
https://city2city.ru/moskva-neya.html;Москва;Нея;
https://city2city.ru/moskva-nikolaevsk.html;Москва;Николаевск;
https://city2city.ru/moskva-nikolsk.html;Москва;Никольск;
https://city2city.ru/moskva-novorossijsk.html;Москва;Новороссийск;
https://city2city.ru/moskva-novozybkov.html;Москва;Новозыбков;
https://city2city.ru/moskva-novyj-oskol.html;Москва;Новый Оскол;
https://city2city.ru/moskva-oboyan.html;Москва;Обоянь;
https://city2city.ru/moskva-oktyabrsk.html;Москва;Октябрьск;
https://city2city.ru/moskva-olenino.html;Москва;посёлок городского типа Оленино;
https://city2city.ru/moskva-oparino.html;Москва;посёлок городского типа Опарино;
https://city2city.ru/moskva-ostashkov.html;Москва;деревня Осташково;
https://city2city.ru/moskva-ostrogozhsk.html;Москва;Острогожск;
https://city2city.ru/moskva-ostrov.html;Москва;Остров;
https://city2city.ru/moskva-ozyornyj.html;Москва;посёлок городского типа Озёрный;
https://city2city.ru/moskva-pavlovka.html;Москва;посёлок городского типа Павловка;
https://city2city.ru/moskva-pavlovo.html;Москва;городской посёлок Павлово;
https://city2city.ru/moskva-pavlovsk.html;Москва;Павловск;
https://city2city.ru/moskva-pechora.html;Москва;Печора;
https://city2city.ru/moskva-pechory.html;Москва;Печоры;
https://city2city.ru/moskva-pereslavl-zalesskij.html;Москва;Переславль-Залесский;
https://city2city.ru/moskva-petrovskij.html;Москва;поселок городского типа Петровский;
https://city2city.ru/moskva-petushki.html;Москва;Петушки;
https://city2city.ru/moskva-pionerskij.html;Москва;посёлок Пионерский;
https://city2city.ru/moskva-pogar.html;Москва;посёлок Погар;
https://city2city.ru/moskva-pokrov.html;Москва;Покров;
https://city2city.ru/moskva-pokrovskoe.html;Москва;посёлок городского типа Покровское;
https://city2city.ru/moskva-polyarnyj.html;Москва;Полярный;
https://city2city.ru/moskva-primorsko-axtarsk.html;Москва;Приморско-Ахтарск;
https://city2city.ru/moskva-pristen.html;Москва;посёлок городского типа Пристень;
https://city2city.ru/moskva-privolzhsk.html;Москва;Приволжск;
https://city2city.ru/moskva-pugachyov.html;Москва;Пугачёв;
https://city2city.ru/moskva-pushkino.html;Москва;посёлок городского типа Пушкино;
https://city2city.ru/moskva-pyatniczkoe.html;Москва;посёлок городского типа Пятницкое;
https://city2city.ru/moskva-pyshma.html;Москва;посёлок городского типа Пышма;
https://city2city.ru/moskva-rudnya.html;Москва;Рудня;
https://city2city.ru/moskva-ryazhsk.html;Москва;Ряжск;
https://city2city.ru/moskva-rybinsk.html;Москва;Рыбинск;
https://city2city.ru/moskva-rzhaksa.html;Москва;посёлок городского типа Ржакса;
https://city2city.ru/moskva-rzhev.html;Москва;Ржев;
https://city2city.ru/moskva-safonovo.html;Москва;Сафоново;
https://city2city.ru/moskva-satis.html;Москва;посёлок городского типа Сатис;
https://city2city.ru/moskva-semikarakorsk.html;Москва;Семикаракорск;
https://city2city.ru/moskva-severnyj.html;Москва;посёлок городского типа Северный;
https://city2city.ru/moskva-shhyokino.html;Москва;Щёкино;
https://city2city.ru/moskva-shumerlya.html;Москва;деревня Шумерля;
https://city2city.ru/moskva-shuya.html;Москва;Шуя;
https://city2city.ru/moskva-skopin.html;Москва;Скопин;
https://city2city.ru/moskva-sokol.html;Москва;Сокол;
https://city2city.ru/moskva-solnczevo.html;Москва;посёлок городского типа Солнцево;
https://city2city.ru/moskva-solnechnyj.html;Москва;посёлок Солнечный;
https://city2city.ru/moskva-sovetskij.html;Москва;поселок городского типа Советский;
https://city2city.ru/moskva-sovetskoe.html;Москва;посёлок городского типа Советское;
https://city2city.ru/moskva-staryj-oskol.html;Москва;Старый Оскол;
https://city2city.ru/moskva-stavropol.html;Москва;Ставрополь;
https://city2city.ru/moskva-stroitel.html;Москва;Строитель;
https://city2city.ru/moskva-sudak.html;Москва;Судак;
https://city2city.ru/moskva-susanino.html;Москва;поселок городского типа Сусанино;
https://city2city.ru/moskva-suvorov.html;Москва;Суворов;
https://city2city.ru/moskva-svetlyj.html;Москва;поселок Светлый;
https://city2city.ru/moskva-svetlyj-yar.html;Москва;рабочий посёлок Светлый Яр;
https://city2city.ru/moskva-svobodnyj.html;Москва;поселок Свободный;
https://city2city.ru/moskva-tarusa.html;Москва;Таруса;
https://city2city.ru/moskva-tbilisskaya.html;Москва;станица Тбилисская;
https://city2city.ru/moskva-tokaryovka.html;Москва;рабочий посёлок Токарёвка;
https://city2city.ru/moskva-tolmachyovo.html;Москва;городской посёлок Толмачёво;
https://city2city.ru/moskva-tolyatti.html;Москва;Тольятти;
https://city2city.ru/moskva-torzhok.html;Москва;Торжок;
https://city2city.ru/moskva-totma.html;Москва;Тотьма;
https://city2city.ru/moskva-tuma.html;Москва;посёлок городского типа Тума;
https://city2city.ru/moskva-uni.html;Москва;посёлок городского типа Уни;
https://city2city.ru/moskva-uzlovaya.html;Москва;Узловая;
https://city2city.ru/moskva-valdaj.html;Москва;Валдай;
https://city2city.ru/moskva-velikie-luki.html;Москва;Великие Луки;
https://city2city.ru/moskva-venyov.html;Москва;город Венёв;
https://city2city.ru/moskva-verxnyaya-maksakovka.html;Москва;посёлок городского типа Верхняя Максаковка;
https://city2city.ru/moskva-verxnyaya-pyshma.html;Москва;Верхняя Пышма;
https://city2city.ru/moskva-vinogradnyj.html;Москва;поселок Виноградный;
https://city2city.ru/moskva-volgorechensk.html;Москва;Волгореченск;
https://city2city.ru/moskva-volzhsk.html;Москва;Волжск;
https://city2city.ru/moskva-voskresenskoe.html;Москва;рабочий посёлок Воскресенское;
https://city2city.ru/moskva-votkinsk.html;Москва;Воткинск;
https://city2city.ru/moskva-vyazma.html;Москва;Вязьма;
https://city2city.ru/moskva-vyshnij-volochyok.html;Москва;Вышний Волочёк;
https://city2city.ru/moskva-yalta.html;Москва;Ялта;
https://city2city.ru/moskva-yalutorovsk.html;Москва;Ялуторовск;
https://city2city.ru/moskva-yarczevo.html;Москва;Ярцево;
https://city2city.ru/moskva-yurevecz.html;Москва;Юрьевец;
https://city2city.ru/moskva-yuzhnyj.html;Москва;рабочий поселок Южный;
https://city2city.ru/moskva-zarechnyj.html;Москва;Заречный;
https://city2city.ru/moskva-zelyonyj-gorod.html;Москва;курортный посёлок Зелёный Город;
https://city2city.ru/moskva-zhigulyovsk.html;Москва;Жигулёвск;
https://city2city.ru/moskva-zhirnovsk.html;Москва;Жирновск;
https://city2city.ru/moskva-zhukov.html;Москва;Жуков;
https://city2city.ru/moskva-znamenka.html;Москва;посёлок городского типа Знаменка;
https://city2city.ru/moskva-zubczov.html;Москва;Зубцов;
https://city2city.ru/moskva-zubova-polyana.html;Москва;посёлок городского типа Зубова Поляна;
https://city2city.ru/murmansk-balakovo.html;Мурманск;Балаково;
https://city2city.ru/murmansk-harovsk.html;Мурманск;Харовск;
https://city2city.ru/murmansk-izhevsk.html;Мурманск;Ижевск;
https://city2city.ru/murmansk-kirov.html;Мурманск;Киров;
https://city2city.ru/murmansk-komsomolskiy.html;Мурманск;рабочий посёлок Комсомольский;
https://city2city.ru/murmansk-kotlas.html;Мурманск;Котлас;
https://city2city.ru/murmansk-krasnyy.html;Мурманск;поселок городского типа Красный;
https://city2city.ru/murmansk-leningradskaya.html;Мурманск;станица Ленинградская;
https://city2city.ru/murmansk-leninskoe.html;Мурманск;посёлок городского типа Ленинское;
https://city2city.ru/murmansk-magnitogorsk.html;Мурманск;Магнитогорск;
https://city2city.ru/murmansk-nizhniy-tagil.html;Мурманск;Нижний Тагил;
https://city2city.ru/murmansk-oktyabrskiy.html;Мурманск;поселок Октябрьский;
https://city2city.ru/murmansk-oktyabrskoe.html;Мурманск;посёлок городского типа Октябрьское;
https://city2city.ru/murmansk-pervomayskiy.html;Мурманск;посёлок Первомайский;
https://city2city.ru/murmansk-promyshlennyy.html;Мурманск;посёлок городского типа Промышленный;
https://city2city.ru/murmansk-roza.html;Мурманск;посёлок городского типа Роза;
https://city2city.ru/murmansk-ryazan.html;Мурманск;Рязань;
https://city2city.ru/murmansk-semyonov.html;Мурманск;Семёнов;
https://city2city.ru/murmansk-severnyy.html;Мурманск;посёлок городского типа Северный;
https://city2city.ru/murmansk-sim.html;Мурманск;Сим;
https://city2city.ru/murmansk-simferopol.html;Мурманск;Симферополь;
https://city2city.ru/murmansk-sovetskiy.html;Мурманск;Советский;
https://city2city.ru/murmansk-sovetskoe.html;Мурманск;посёлок городского типа Советское;
https://city2city.ru/murmansk-ufa.html;Мурманск;Уфа;
https://city2city.ru/murmansk-usman.html;Мурманск;Усмань;
https://city2city.ru/murmansk-velikiy-novgorod.html;Мурманск;Великий Новгород;
https://city2city.ru/murmansk-volgograd.html;Мурманск;Волгоград;
https://city2city.ru/murmansk-volna.html;Мурманск;посёлок Волна;
https://city2city.ru/nizhnij-novgorod-anna.html;Нижний Новгород;посёлок городского типа Анна;
https://city2city.ru/nizhnij-novgorod-belousovo.html;Нижний Новгород;Белоусово;
https://city2city.ru/nizhnij-novgorod-belyj.html;Нижний Новгород;Белый;
https://city2city.ru/nizhnij-novgorod-bogdanovich.html;Нижний Новгород;Богданович;
https://city2city.ru/nizhnij-novgorod-borovsk.html;Нижний Новгород;Боровск;
https://city2city.ru/nizhnij-novgorod-chudovo.html;Нижний Новгород;деревня Чудово;
https://city2city.ru/nizhnij-novgorod-dmitriev.html;Нижний Новгород;Дмитриев;
https://city2city.ru/nizhnij-novgorod-domodedovo.html;Нижний Новгород;Домодедово;
https://city2city.ru/nizhnij-novgorod-dzerzhinskij.html;Нижний Новгород;Дзержинский;
https://city2city.ru/nizhnij-novgorod-dzhankoj.html;Нижний Новгород;Джанкой;
https://city2city.ru/nizhnij-novgorod-fryazino.html;Нижний Новгород;Фрязино;
https://city2city.ru/nizhnij-novgorod-gagarin.html;Нижний Новгород;Гагарин;
https://city2city.ru/nizhnij-novgorod-gornyj.html;Нижний Новгород;село Горный Щит;
https://city2city.ru/nizhnij-novgorod-gukovo.html;Нижний Новгород;Гуково;
https://city2city.ru/nizhnij-novgorod-inza.html;Нижний Новгород;Инза;
https://city2city.ru/nizhnij-novgorod-ivanteevka.html;Нижний Новгород;Ивантеевка;
https://city2city.ru/nizhnij-novgorod-kirovskij.html;Нижний Новгород;поселок городского типа Кировский;
https://city2city.ru/nizhnij-novgorod-klinczy.html;Нижний Новгород;Клинцы;
https://city2city.ru/nizhnij-novgorod-kommunisticheskij.html;Нижний Новгород;посёлок городского типа Коммунистический;
https://city2city.ru/nizhnij-novgorod-komsomolsk.html;Нижний Новгород;Комсомольск;
https://city2city.ru/nizhnij-novgorod-komsomolskij.html;Нижний Новгород;рабочий посёлок Комсомольский;
https://city2city.ru/nizhnij-novgorod-kosteryovo.html;Нижний Новгород;Костерёво;
https://city2city.ru/nizhnij-novgorod-krasnaya-polyana.html;Нижний Новгород;посёлок городского типа Красная Поляна;
https://city2city.ru/nizhnij-novgorod-krasnyj.html;Нижний Новгород;поселок городского типа Красный;
https://city2city.ru/nizhnij-novgorod-kuzneczk.html;Нижний Новгород;Кузнецк;
https://city2city.ru/nizhnij-novgorod-leninsk.html;Нижний Новгород;Ленинск;
https://city2city.ru/nizhnij-novgorod-leninskoe.html;Нижний Новгород;посёлок городского типа Ленинское;
https://city2city.ru/nizhnij-novgorod-lesnoj.html;Нижний Новгород;Лесной;
https://city2city.ru/nizhnij-novgorod-liski.html;Нижний Новгород;Лиски;
https://city2city.ru/nizhnij-novgorod-lixoslavl.html;Нижний Новгород;Лихославль;
https://city2city.ru/nizhnij-novgorod-lyskovo.html;Нижний Новгород;Лысково;
https://city2city.ru/nizhnij-novgorod-lyuberczy.html;Нижний Новгород;Люберцы;
https://city2city.ru/nizhnij-novgorod-magnitnyj.html;Нижний Новгород;посёлок Магнитный;
https://city2city.ru/nizhnij-novgorod-malinovskij.html;Нижний Новгород;посёлок городского типа Малиновский;
https://city2city.ru/nizhnij-novgorod-marks.html;Нижний Новгород;Маркс;
https://city2city.ru/nizhnij-novgorod-melenki.html;Нижний Новгород;Меленки;
https://city2city.ru/nizhnij-novgorod-naro-fominsk.html;Нижний Новгород;Наро-Фоминск;
https://city2city.ru/nizhnij-novgorod-nerexta.html;Нижний Новгород;Нерехта;
https://city2city.ru/nizhnij-novgorod-nizhnyaya-tura.html;Нижний Новгород;Нижняя Тура;
https://city2city.ru/nizhnij-novgorod-novyj-oskol.html;Нижний Новгород;Новый Оскол;
https://city2city.ru/nizhnij-novgorod-oktyabrskoe.html;Нижний Новгород;посёлок городского типа Октябрьское;
https://city2city.ru/nizhnij-novgorod-ozyory.html;Нижний Новгород;Озёры;
https://city2city.ru/nizhnij-novgorod-pechora.html;Нижний Новгород;Печора;
https://city2city.ru/nizhnij-novgorod-pechory.html;Нижний Новгород;Печоры;
https://city2city.ru/nizhnij-novgorod-penza.html;Нижний Новгород;Пенза;
https://city2city.ru/nizhnij-novgorod-pokrovskoe.html;Нижний Новгород;деревня Покровское;
https://city2city.ru/nizhnij-novgorod-polevoj.html;Нижний Новгород;посёлок Полевой;
https://city2city.ru/nizhnij-novgorod-polyarnyj.html;Нижний Новгород;Полярный;
https://city2city.ru/nizhnij-novgorod-proletarskij.html;Нижний Новгород;посёлок городского типа Пролетарский;
https://city2city.ru/nizhnij-novgorod-pushkino.html;Нижний Новгород;посёлок городского типа Пушкино;
https://city2city.ru/nizhnij-novgorod-roshal.html;Нижний Новгород;Рошаль;
https://city2city.ru/nizhnij-novgorod-salsk.html;Нижний Новгород;Сальск;
https://city2city.ru/nizhnij-novgorod-sokol.html;Нижний Новгород;Сокол;
https://city2city.ru/nizhnij-novgorod-solnechnyj.html;Нижний Новгород;посёлок Солнечный;
https://city2city.ru/nizhnij-novgorod-surgut.html;Нижний Новгород;Сургут;
https://city2city.ru/nizhnij-novgorod-svobodnyj.html;Нижний Новгород;посёлок городского типа Свободный;
https://city2city.ru/nizhnij-novgorod-tatishhevo.html;Нижний Новгород;посёлок городского типа Татищево;
https://city2city.ru/nizhnij-novgorod-tuzha.html;Нижний Новгород;посёлок городского типа Тужа;
https://city2city.ru/nizhnij-novgorod-tyumen.html;Нижний Новгород;Тюмень;
https://city2city.ru/nizhnij-novgorod-ufa.html;Нижний Новгород;Уфа;
https://city2city.ru/nizhnij-novgorod-ulyanovsk.html;Нижний Новгород;Ульяновск;
https://city2city.ru/nizhnij-novgorod-uspenskoe.html;Нижний Новгород;село Успенское;
https://city2city.ru/nizhnij-novgorod-velikij-novgorod.html;Нижний Новгород;Великий Новгород;
https://city2city.ru/nizhnij-novgorod-verxnij-landex.html;Нижний Новгород;поселок городского типа Верхний Ландех;
https://city2city.ru/nizhnij-novgorod-vostochnyj.html;Нижний Новгород;посёлок городского типа Восточный;
https://city2city.ru/nizhnij-novgorod-vysokij.html;Нижний Новгород;посёлок городского типа Высокий;
https://city2city.ru/nizhnij-novgorod-yasnyj.html;Нижний Новгород;Ясный;
https://city2city.ru/nizhnij-novgorod-yuzhnyj.html;Нижний Новгород;рабочий поселок Южный;
https://city2city.ru/nizhnij-novgorod-zarechnyj.html;Нижний Новгород;Заречный;
https://city2city.ru/nizhnij-novgorod-zavolzhskoe.html;Нижний Новгород;Заволжское сельское поселение;
https://city2city.ru/nizhnij-novgorod-zhukov.html;Нижний Новгород;Жуков;
https://city2city.ru/nizhnij-novgorod-zverevo.html;Нижний Новгород;Зверево;
https://city2city.ru/novosibirsk-bodaybo.html;Новосибирск;Бодайбо;
https://city2city.ru/novosibirsk-bolotnoe.html;Новосибирск;город Болотное;
https://city2city.ru/novosibirsk-borodino.html;Новосибирск;Бородино;
https://city2city.ru/novosibirsk-kamen-na-obi.html;Новосибирск;Камень-на-Оби;
https://city2city.ru/novosibirsk-karasuk.html;Новосибирск;Карасук;
https://city2city.ru/novosibirsk-leninsk-kuznetskiy.html;Новосибирск;Ленинск-Кузнецкий;
https://city2city.ru/novosibirsk-nizhneudinsk.html;Новосибирск;Нижнеудинск;
https://city2city.ru/novosibirsk-novoaltaysk.html;Новосибирск;Новоалтайск;
https://city2city.ru/novosibirsk-prokopevsk.html;Новосибирск;Прокопьевск;
https://city2city.ru/novosibirsk-sorsk.html;Новосибирск;Сорск;
https://city2city.ru/novosibirsk-tara.html;Новосибирск;Тара;
https://city2city.ru/novosibirsk-ust-ilimsk.html;Новосибирск;Усть-Илимск;
https://city2city.ru/novosibirsk-ust-kut.html;Новосибирск;Усть-Кут;
https://city2city.ru/novosibirsk-zima.html;Новосибирск;Зима;
https://city2city.ru/omsk-alyaysk.html;Омск;Алейск;
https://city2city.ru/omsk-bodaybo.html;Омск;Бодайбо;
https://city2city.ru/omsk-bogotol.html;Омск;Боготол;
https://city2city.ru/omsk-gornyak.html;Омск;Горняк;
https://city2city.ru/omsk-iskitim.html;Омск;Искитим;
https://city2city.ru/omsk-kiselyovsk.html;Омск;Киселёвск;
https://city2city.ru/omsk-leninsk-kuznetskiy.html;Омск;Ленинск-Кузнецкий;
https://city2city.ru/omsk-norilsk.html;Омск;Норильск;
https://city2city.ru/omsk-ob.html;Омск;Обь;
https://city2city.ru/omsk-zima.html;Омск;Зима;
https://city2city.ru/orenburg-blagoveshhensk.html;Оренбург;Благовещенск;
https://city2city.ru/orenburg-bobrov.html;Оренбург;Бобров;
https://city2city.ru/orenburg-bryansk.html;Оренбург;Брянск;
https://city2city.ru/orenburg-czentralnyj.html;Оренбург;Центральный;
https://city2city.ru/orenburg-dmitriev.html;Оренбург;Дмитриев;
https://city2city.ru/orenburg-fyodorovskij.html;Оренбург;посёлок городского типа Фёдоровский;
https://city2city.ru/orenburg-gagarin.html;Оренбург;Гагарин;
https://city2city.ru/orenburg-kamyshin.html;Оренбург;Камышин;
https://city2city.ru/orenburg-kola.html;Оренбург;Кола;
https://city2city.ru/orenburg-komsomolskij.html;Оренбург;рабочий посёлок Комсомольский;
https://city2city.ru/orenburg-krasnyj.html;Оренбург;поселок городского типа Красный;
https://city2city.ru/orenburg-kungur.html;Оренбург;Кунгур;
https://city2city.ru/orenburg-kuvshinovo.html;Оренбург;Кувшиново;
https://city2city.ru/orenburg-lgov.html;Оренбург;Льгов;
https://city2city.ru/orenburg-mirnyj.html;Оренбург;Мирный;
https://city2city.ru/orenburg-mytishhi.html;Оренбург;Мытищи;
https://city2city.ru/orenburg-neya.html;Оренбург;Нея;
https://city2city.ru/orenburg-orlov.html;Оренбург;Орлов;
https://city2city.ru/orenburg-panino.html;Оренбург;рабочий посёлок Панино;
https://city2city.ru/orenburg-perevoz.html;Оренбург;Перевоз;
https://city2city.ru/orenburg-petushki.html;Оренбург;Петушки;
https://city2city.ru/orenburg-pionerskij.html;Оренбург;посёлок городского типа Пионерский;
https://city2city.ru/orenburg-polyarnyj.html;Оренбург;Полярный;
https://city2city.ru/orenburg-poxvistnevo.html;Оренбург;Похвистнево;
https://city2city.ru/orenburg-proletarskij.html;Оренбург;посёлок городского типа Пролетарский;
https://city2city.ru/orenburg-pyshma.html;Оренбург;посёлок городского типа Пышма;
https://city2city.ru/orenburg-sarapul.html;Оренбург;Сарапул;
https://city2city.ru/orenburg-shadrinsk.html;Оренбург;Шадринск;
https://city2city.ru/orenburg-sim.html;Оренбург;Сим;
https://city2city.ru/orenburg-sovetskij.html;Оренбург;Советский;
https://city2city.ru/orenburg-sovetskoe.html;Оренбург;посёлок городского типа Советское;
https://city2city.ru/orenburg-tyoploe.html;Оренбург;рабочий посёлок Тёплое;
https://city2city.ru/orenburg-uxta.html;Оренбург;Ухта;
https://city2city.ru/orenburg-verxnyaya-pyshma.html;Оренбург;Верхняя Пышма;
https://city2city.ru/orenburg-vorkuta.html;Оренбург;Воркута;
https://city2city.ru/orenburg-vyatskie-polyany.html;Оренбург;Вятские Поляны;
https://city2city.ru/orenburg-vysokij.html;Оренбург;посёлок городского типа Высокий;
https://city2city.ru/orenburg-yanaul.html;Оренбург;Янаул;
https://city2city.ru/orenburg-yurev-polskij.html;Оренбург;Юрьев-Польский;
https://city2city.ru/orenburg-yuzhnyj.html;Оренбург;рабочий поселок Южный;
https://city2city.ru/orenburg-zhukov.html;Оренбург;Жуков;
https://city2city.ru/orenburg-zvyozdnyj.html;Оренбург;посёлок городского типа Звёздный;
https://city2city.ru/oryol-beryozovskij.html;Орёл;Берёзовский;
https://city2city.ru/oryol-ekaterinburg.html;Орёл;Екатеринбург;
https://city2city.ru/oryol-gagarin.html;Орёл;Гагарин;
https://city2city.ru/oryol-gaj.html;Орёл;Гай;
https://city2city.ru/oryol-klin.html;Орёл;Клин;
https://city2city.ru/oryol-klinczy.html;Орёл;Клинцы;
https://city2city.ru/oryol-krasnyj.html;Орёл;поселок городского типа Красный;
https://city2city.ru/oryol-kursk.html;Орёл;Курск;
https://city2city.ru/oryol-lebedyan.html;Орёл;Лебедянь;
https://city2city.ru/oryol-lyudinovo.html;Орёл;Людиново;
https://city2city.ru/oryol-majkop.html;Орёл;Майкоп;
https://city2city.ru/oryol-maloyaroslavecz.html;Орёл;Малоярославец;
https://city2city.ru/oryol-novomoskovsk.html;Орёл;Новомосковск;
https://city2city.ru/oryol-novozybkov.html;Орёл;Новозыбков;
https://city2city.ru/oryol-penza.html;Орёл;Пенза;
https://city2city.ru/oryol-podolsk.html;Орёл;Подольск;
https://city2city.ru/oryol-posyolok-orlovskij.html;Орёл;посёлок Орловский;
https://city2city.ru/oryol-roshhinskij.html;Орёл;поселок городского типа Рощинский;
https://city2city.ru/oryol-rybinsk.html;Орёл;Рыбинск;
https://city2city.ru/oryol-shebekino.html;Орёл;Шебекино;
https://city2city.ru/oryol-shhigry.html;Орёл;Щигры;
https://city2city.ru/oryol-sochi.html;Орёл;Сочи;
https://city2city.ru/oryol-starodub.html;Орёл;Стародуб;
https://city2city.ru/oryol-stroitel.html;Орёл;Строитель;
https://city2city.ru/oryol-svobodnyj.html;Орёл;посёлок городского типа Свободный;
https://city2city.ru/oryol-valujki.html;Орёл;Валуйки;
https://city2city.ru/oryol-volna.html;Орёл;посёлок Волна;
https://city2city.ru/oryol-vologda.html;Орёл;Вологда;
https://city2city.ru/oryol-volzhsk.html;Орёл;Волжск;
https://city2city.ru/oryol-vorkuta.html;Орёл;Воркута;
https://city2city.ru/oryol-voronezh.html;Орёл;Воронеж;
https://city2city.ru/oryol-voskresensk.html;Орёл;Воскресенск;
https://city2city.ru/oryol-xotkovo.html;Орёл;Хотьково;
https://city2city.ru/oryol-zmiyovka.html;Орёл;посёлок городского типа Змиёвка;
https://city2city.ru/oryol-zvyozdnyj.html;Орёл;посёлок городского типа Звёздный;
https://city2city.ru/penza-anna.html;Пенза;посёлок городского типа Анна;
https://city2city.ru/penza-arzamas.html;Пенза;Арзамас;
https://city2city.ru/penza-balashov.html;Пенза;Балашов;
https://city2city.ru/penza-belyj.html;Пенза;Белый;
https://city2city.ru/penza-cherepovecz.html;Пенза;Череповец;
https://city2city.ru/penza-dmitriev.html;Пенза;Дмитриев;
https://city2city.ru/penza-dzerzhinsk.html;Пенза;Дзержинск;
https://city2city.ru/penza-efremov.html;Пенза;Ефремов;
https://city2city.ru/penza-gagarin.html;Пенза;Гагарин;
https://city2city.ru/penza-ivanovo.html;Пенза;Иваново;
https://city2city.ru/penza-izmajlovo.html;Пенза;поселок городского типа Измайлово;
https://city2city.ru/penza-kamenskij.html;Пенза;посёлок Каменский;
https://city2city.ru/penza-komsomolskij.html;Пенза;рабочий посёлок Комсомольский;
https://city2city.ru/penza-kujbyshevo.html;Пенза;село Куйбышево;
https://city2city.ru/penza-lermontov.html;Пенза;Лермонтов;
https://city2city.ru/penza-majna.html;Пенза;поселок городского типа Старая Майна;
https://city2city.ru/penza-neya.html;Пенза;Нея;
https://city2city.ru/penza-nizhnij-novgorod.html;Пенза;Нижний Новгород;
https://city2city.ru/penza-novocheboksarsk.html;Пенза;Новочебоксарск;
https://city2city.ru/penza-nurlat.html;Пенза;село Нурлаты;
https://city2city.ru/penza-orexovo-zuevo.html;Пенза;Орехово-Зуево;
https://city2city.ru/penza-selo-stepnoe.html;Пенза;село Степное;
https://city2city.ru/penza-serpuxov.html;Пенза;Серпухов;
https://city2city.ru/penza-stepnoe.html;Пенза;село Степное;
https://city2city.ru/penza-sura.html;Пенза;рабочий посёлок Сура;
https://city2city.ru/penza-suvorov.html;Пенза;Суворов;
https://city2city.ru/penza-svetlyj.html;Пенза;поселок Светлый;
https://city2city.ru/penza-vysokij.html;Пенза;посёлок городского типа Высокий;
https://city2city.ru/penza-yaroslavl.html;Пенза;Ярославль;
https://city2city.ru/penza-yuzhnyj.html;Пенза;рабочий поселок Южный;
https://city2city.ru/penza-zelenokumsk.html;Пенза;Зеленокумск;
https://city2city.ru/perm-beryozovskij.html;Пермь;Берёзовский;
https://city2city.ru/perm-bisert.html;Пермь;посёлок городского типа Бисерть;
https://city2city.ru/perm-blagoveshhensk.html;Пермь;Благовещенск;
https://city2city.ru/perm-chelyabinsk.html;Пермь;Челябинск;
https://city2city.ru/perm-chernushka.html;Пермь;Чернушка;
https://city2city.ru/perm-dinskaya.html;Пермь;станица Динская;
https://city2city.ru/perm-dmitriev.html;Пермь;Дмитриев;
https://city2city.ru/perm-dolgoe.html;Пермь;деревня Долгое;
https://city2city.ru/perm-dzerzhinskij.html;Пермь;Дзержинский;
https://city2city.ru/perm-egorevsk.html;Пермь;Егорьевск;
https://city2city.ru/perm-gornozavodsk.html;Пермь;Горнозаводск;
https://city2city.ru/perm-gornyj.html;Пермь;село Горный Щит;
https://city2city.ru/perm-goryachij-klyuch.html;Пермь;Горячий Ключ;
https://city2city.ru/perm-ivanovo.html;Пермь;Иваново;
https://city2city.ru/perm-joshkar-ola.html;Пермь;Йошкар-Ола;
https://city2city.ru/perm-kirovsk.html;Пермь;Кировск;
https://city2city.ru/perm-kirovskij.html;Пермь;поселок городского типа Кировский;
https://city2city.ru/perm-krasnyj.html;Пермь;поселок городского типа Красный;
https://city2city.ru/perm-kujbyshevo.html;Пермь;село Куйбышево;
https://city2city.ru/perm-kusa.html;Пермь;Куса;
https://city2city.ru/perm-lebyazhe.html;Пермь;рабочий посёлок Лебяжье;
https://city2city.ru/perm-nevyansk.html;Пермь;Невьянск;
https://city2city.ru/perm-neya.html;Пермь;Нея;
https://city2city.ru/perm-nizhnij-lomov.html;Пермь;Нижний Ломов;
https://city2city.ru/perm-nolinsk.html;Пермь;Нолинск;
https://city2city.ru/perm-novocheboksarsk.html;Пермь;Новочебоксарск;
https://city2city.ru/perm-novodvinsk.html;Пермь;Новодвинск;
https://city2city.ru/perm-novouralsk.html;Пермь;Новоуральск;
https://city2city.ru/perm-novyj-urengoj.html;Пермь;Новый Уренгой;
https://city2city.ru/perm-obninsk.html;Пермь;Обнинск;
https://city2city.ru/perm-oktyabrskij.html;Пермь;поселок Октябрьский;
https://city2city.ru/perm-oktyabrskoe.html;Пермь;посёлок городского типа Октябрьское;
https://city2city.ru/perm-penza.html;Пермь;Пенза;
https://city2city.ru/perm-pervomajskij.html;Пермь;посёлок Первомайский;
https://city2city.ru/perm-proletarskij.html;Пермь;посёлок городского типа Пролетарский;
https://city2city.ru/perm-pskov.html;Пермь;Псков;
https://city2city.ru/perm-rostov-na-donu.html;Пермь;Ростов-на-Дону;
https://city2city.ru/perm-ryazan.html;Пермь;Рязань;
https://city2city.ru/perm-samara.html;Пермь;Самара;
https://city2city.ru/perm-severnyj.html;Пермь;посёлок городского типа Северный;
https://city2city.ru/perm-sovetskij.html;Пермь;Советский;
https://city2city.ru/perm-sovetskoe.html;Пермь;посёлок городского типа Советское;
https://city2city.ru/perm-svobodnyj.html;Пермь;посёлок городского типа Свободный;
https://city2city.ru/perm-tujmazy.html;Пермь;Туймазы;
https://city2city.ru/perm-tyoploe.html;Пермь;рабочий посёлок Тёплое;
https://city2city.ru/perm-tyumen.html;Пермь;Тюмень;
https://city2city.ru/perm-urengoj.html;Пермь;Новый Уренгой;
https://city2city.ru/perm-uxta.html;Пермь;Ухта;
https://city2city.ru/perm-vetluzhskij.html;Пермь;посёлок городского типа Ветлужский;
https://city2city.ru/perm-volna.html;Пермь;посёлок Волна;
https://city2city.ru/perm-vorkuta.html;Пермь;Воркута;
https://city2city.ru/perm-vysokij.html;Пермь;посёлок городского типа Высокий;
https://city2city.ru/perm-zainsk.html;Пермь;Заинск;
https://city2city.ru/petrozavodsk-bor.html;Петрозаводск;Бор;
https://city2city.ru/petrozavodsk-chelyabinsk.html;Петрозаводск;Челябинск;
https://city2city.ru/petrozavodsk-chupa.html;Петрозаводск;посёлок городского типа Чупа;
https://city2city.ru/petrozavodsk-efremov.html;Петрозаводск;Ефремов;
https://city2city.ru/petrozavodsk-kamenka.html;Петрозаводск;Каменка;
https://city2city.ru/petrozavodsk-kirovskij.html;Петрозаводск;поселок городского типа Кировский;
https://city2city.ru/petrozavodsk-komsomolskij.html;Петрозаводск;рабочий посёлок Комсомольский;
https://city2city.ru/petrozavodsk-lesnoj.html;Петрозаводск;Лесной;
https://city2city.ru/petrozavodsk-lgov.html;Петрозаводск;Льгов;
https://city2city.ru/petrozavodsk-lodejnoe-pole.html;Петрозаводск;Лодейное Поле;
https://city2city.ru/petrozavodsk-moskva.html;Петрозаводск;Москва;
https://city2city.ru/petrozavodsk-nyandoma.html;Петрозаводск;Няндома;
https://city2city.ru/petrozavodsk-oktyabrskij.html;Петрозаводск;поселок Октябрьский;
https://city2city.ru/petrozavodsk-oktyabrskoe.html;Петрозаводск;посёлок городского типа Октябрьское;
https://city2city.ru/petrozavodsk-onega.html;Петрозаводск;Онега;
https://city2city.ru/petrozavodsk-penza.html;Петрозаводск;Пенза;
https://city2city.ru/petrozavodsk-pervomajskij.html;Петрозаводск;посёлок Первомайский;
https://city2city.ru/petrozavodsk-petrovskij.html;Петрозаводск;поселок городского типа Петровский;
https://city2city.ru/petrozavodsk-pskov.html;Петрозаводск;Псков;
https://city2city.ru/petrozavodsk-rostov-na-donu.html;Петрозаводск;Ростов-на-Дону;
https://city2city.ru/petrozavodsk-severnyj.html;Петрозаводск;посёлок городского типа Северный;
https://city2city.ru/petrozavodsk-solnechnyj.html;Петрозаводск;посёлок Солнечный;
https://city2city.ru/petrozavodsk-staryj-oskol.html;Петрозаводск;Старый Оскол;
https://city2city.ru/petrozavodsk-vladimir.html;Петрозаводск;Владимир;
https://city2city.ru/petrozavodsk-yaroslavl.html;Петрозаводск;Ярославль;
https://city2city.ru/pskov-aleksandrov.html;Псков;Александров;
https://city2city.ru/pskov-axtubinsk.html;Псков;Ахтубинск;
https://city2city.ru/pskov-belyj.html;Псков;Белый;
https://city2city.ru/pskov-bologoe.html;Псков;Бологое;
https://city2city.ru/pskov-domodedovo.html;Псков;Домодедово;
https://city2city.ru/pskov-dzerzhinsk.html;Псков;Дзержинск;
https://city2city.ru/pskov-evpatoriya.html;Псков;Евпатория;
https://city2city.ru/pskov-gatchina.html;Псков;Гатчина;
https://city2city.ru/pskov-izhevsk.html;Псков;Ижевск;
https://city2city.ru/pskov-kamenka.html;Псков;Каменка;
https://city2city.ru/pskov-kashira.html;Псков;Кашира;
https://city2city.ru/pskov-kostroma.html;Псков;Кострома;
https://city2city.ru/pskov-krasnogorsk.html;Псков;Красногорск;
https://city2city.ru/pskov-krasnooktyabrskij.html;Псков;посёлок городского типа Краснооктябрьский;
https://city2city.ru/pskov-krasnyj.html;Псков;поселок городского типа Красный;
https://city2city.ru/pskov-leningradskaya.html;Псков;станица Ленинградская;
https://city2city.ru/pskov-murom.html;Псков;Муром;
https://city2city.ru/pskov-otradnyj.html;Псков;Отрадный;
https://city2city.ru/pskov-parfino.html;Псков;посёлок городского типа Парфино;
https://city2city.ru/pskov-pavlovsk.html;Псков;Павловск;
https://city2city.ru/pskov-pechora.html;Псков;Печора;
https://city2city.ru/pskov-petrozavodsk.html;Псков;Петрозаводск;
https://city2city.ru/pskov-podolsk.html;Псков;Подольск;
https://city2city.ru/pskov-rossosh.html;Псков;Россошь;
https://city2city.ru/pskov-sergiev-posad.html;Псков;Сергиев Посад;
https://city2city.ru/pskov-simferopol.html;Псков;Симферополь;
https://city2city.ru/pskov-sovetskij.html;Псков;Советский;
https://city2city.ru/pskov-sovetskoe.html;Псков;посёлок городского типа Советское;
https://city2city.ru/pskov-tula.html;Псков;Тула;
https://city2city.ru/pskov-venyov.html;Псков;город Венёв;
https://city2city.ru/pskov-vodnyj.html;Псков;посёлок городского типа Водный;
https://city2city.ru/pskov-volgograd.html;Псков;Волгоград;
https://city2city.ru/pskov-volna.html;Псков;посёлок Волна;
https://city2city.ru/pskov-vyksa.html;Псков;Выкса;
https://city2city.ru/pskov-vytegra.html;Псков;Вытегра;
https://city2city.ru/rostov-abinsk.html;Ростов-на-Дону;Абинск;
https://city2city.ru/rostov-afipskij.html;Ростов-на-Дону;посёлок городского типа Афипский;
https://city2city.ru/rostov-alushta.html;Ростов-на-Дону;Алушта;
https://city2city.ru/rostov-apsheronsk.html;Ростов-на-Дону;Апшеронск;
https://city2city.ru/rostov-arkadak.html;Ростов-на-Дону;Аркадак;
https://city2city.ru/rostov-arzamas.html;Ростов-на-Дону;Арзамас;
https://city2city.ru/rostov-atkarsk.html;Ростов-на-Дону;Аткарск;
https://city2city.ru/rostov-belgorod.html;Ростов-на-Дону;Белгород;
https://city2city.ru/rostov-blagodarnyj.html;Ростов-на-Дону;Благодарный;
https://city2city.ru/rostov-bogorodiczk.html;Ростов-на-Дону;Богородицк;
https://city2city.ru/rostov-bor.html;Ростов-на-Дону;Бор;
https://city2city.ru/rostov-cheremisinovo.html;Ростов-на-Дону;посёлок городского типа Черемисиново;
https://city2city.ru/rostov-czentralnyj.html;Ростов-на-Дону;поселок городского типа Центральный;
https://city2city.ru/rostov-dimitrovgrad.html;Ростов-на-Дону;Димитровград;
https://city2city.ru/rostov-dmitriev.html;Ростов-на-Дону;Дмитриев;
https://city2city.ru/rostov-domodedovo.html;Ростов-на-Дону;Домодедово;
https://city2city.ru/rostov-evpatoriya.html;Ростов-на-Дону;Евпатория;
https://city2city.ru/rostov-gorodishhe.html;Ростов-на-Дону;Городище;
https://city2city.ru/rostov-gorodishhi.html;Ростов-на-Дону;посёлок городского типа Городищи;
https://city2city.ru/rostov-goroxovecz.html;Ростов-на-Дону;Гороховец;
https://city2city.ru/rostov-gukovo.html;Ростов-на-Дону;Гуково;
https://city2city.ru/rostov-ilskij.html;Ростов-на-Дону;посёлок городского типа Ильский;
https://city2city.ru/rostov-kalach.html;Ростов-на-Дону;Калач;
https://city2city.ru/rostov-kamenka.html;Ростов-на-Дону;рабочий посёлок Каменка;
https://city2city.ru/rostov-kamensk-shaxtinskij.html;Ростов-на-Дону;Каменск-Шахтинский;
https://city2city.ru/rostov-kamenskij.html;Ростов-на-Дону;посёлок Каменский;
https://city2city.ru/rostov-kimry.html;Ростов-на-Дону;Кимры;
https://city2city.ru/rostov-kirovskij.html;Ростов-на-Дону;посёлок городского типа Кировский;
https://city2city.ru/rostov-kirsanov.html;Ростов-на-Дону;Кирсанов;
https://city2city.ru/rostov-kommunisticheskij.html;Ростов-на-Дону;посёлок городского типа Коммунистический;
https://city2city.ru/rostov-komsomolsk.html;Ростов-на-Дону;Комсомольск;
https://city2city.ru/rostov-komsomolskij.html;Ростов-на-Дону;поселок городского типа Комсомольский;
https://city2city.ru/rostov-korolyov.html;Ростов-на-Дону;Королёв;
https://city2city.ru/rostov-kozelsk.html;Ростов-на-Дону;Козельск;
https://city2city.ru/rostov-kuchugury.html;Ростов-на-Дону;посёлок Кучугуры;
https://city2city.ru/rostov-kushhyovskaya.html;Ростов-на-Дону;станица Кущёвская;
https://city2city.ru/rostov-labinsk.html;Ростов-на-Дону;Усть-Лабинск;
https://city2city.ru/rostov-lebedyan.html;Ростов-на-Дону;Лебедянь;
https://city2city.ru/rostov-leninsk.html;Ростов-на-Дону;Ленинск;
https://city2city.ru/rostov-leninskoe.html;Ростов-на-Дону;посёлок городского типа Ленинское;
https://city2city.ru/rostov-lesnoj.html;Ростов-на-Дону;поселок Лесной;
https://city2city.ru/rostov-lgov.html;Ростов-на-Дону;Льгов;
https://city2city.ru/rostov-liski.html;Ростов-на-Дону;Лиски;
https://city2city.ru/rostov-lysva.html;Ростов-на-Дону;Лысьва;
https://city2city.ru/rostov-magnitnyj.html;Ростов-на-Дону;посёлок Магнитный;
https://city2city.ru/rostov-malinovskij.html;Ростов-на-Дону;посёлок городского типа Малиновский;
https://city2city.ru/rostov-mczensk.html;Ростов-на-Дону;Мценск;
https://city2city.ru/rostov-mixajlovsk.html;Ростов-на-Дону;Михайловск;
https://city2city.ru/rostov-mozhga.html;Ростов-на-Дону;село Можга;
https://city2city.ru/rostov-nalchik.html;Ростов-на-Дону;Нальчик;
https://city2city.ru/rostov-nerl.html;Ростов-на-Дону;поселок городского типа Нерль;
https://city2city.ru/rostov-neya.html;Ростов-на-Дону;Нея;
https://city2city.ru/rostov-novokubansk.html;Ростов-на-Дону;Новокубанск;
https://city2city.ru/rostov-novomoskovsk.html;Ростов-на-Дону;Новомосковск;
https://city2city.ru/rostov-novorossijsk.html;Ростов-на-Дону;Новороссийск;
https://city2city.ru/rostov-novotroiczk.html;Ростов-на-Дону;Новотроицк;
https://city2city.ru/rostov-novozybkov.html;Ростов-на-Дону;Новозыбков;
https://city2city.ru/rostov-obninsk.html;Ростов-на-Дону;Обнинск;
https://city2city.ru/rostov-oktyabrskij.html;Ростов-на-Дону;поселок городского типа Октябрьский;
https://city2city.ru/rostov-oktyabrskoe.html;Ростов-на-Дону;посёлок городского типа Октябрьское;
https://city2city.ru/rostov-orlov.html;Ростов-на-Дону;Орлов;
https://city2city.ru/rostov-orsk.html;Ростов-на-Дону;Орск;
https://city2city.ru/rostov-otradnaya.html;Ростов-на-Дону;станица Отрадная;
https://city2city.ru/rostov-otradnyj.html;Ростов-на-Дону;Отрадный;
https://city2city.ru/rostov-pavlovsk.html;Ростов-на-Дону;Павловск;
https://city2city.ru/rostov-pavlovskij.html;Ростов-на-Дону;рабочий посёлок Павловский;
https://city2city.ru/rostov-penza.html;Ростов-на-Дону;Пенза;
https://city2city.ru/rostov-perevoz.html;Ростов-на-Дону;Перевоз;
https://city2city.ru/rostov-petrozavodsk.html;Ростов-на-Дону;Петрозаводск;
https://city2city.ru/rostov-primorsko-axtarsk.html;Ростов-на-Дону;Приморско-Ахтарск;
https://city2city.ru/rostov-proletarskij.html;Ростов-на-Дону;посёлок городского типа Пролетарский;
https://city2city.ru/rostov-promyshlennyj.html;Ростов-на-Дону;посёлок городского типа Промышленный;
https://city2city.ru/rostov-pugachyov.html;Ростов-на-Дону;Пугачёв;
https://city2city.ru/rostov-pushkino.html;Ростов-на-Дону;Пушкино;
https://city2city.ru/rostov-rovnoe.html;Ростов-на-Дону;поселок городского типа Ровное;
https://city2city.ru/rostov-roza.html;Ростов-на-Дону;посёлок городского типа Роза;
https://city2city.ru/rostov-ruzaevka.html;Ростов-на-Дону;село Рузаевка;
https://city2city.ru/rostov-serpuxov.html;Ростов-на-Дону;Серпухов;
https://city2city.ru/rostov-sevastopol.html;Ростов-на-Дону;Севастополь;
https://city2city.ru/rostov-severnyj.html;Ростов-на-Дону;посёлок городского типа Северный;
https://city2city.ru/rostov-shebekino.html;Ростов-на-Дону;Шебекино;
https://city2city.ru/rostov-shhyolkovo.html;Ростов-на-Дону;Щёлково;
https://city2city.ru/rostov-simferopol.html;Ростов-на-Дону;Симферополь;
https://city2city.ru/rostov-sokol.html;Ростов-на-Дону;Сокол;
https://city2city.ru/rostov-sovetskij.html;Ростов-на-Дону;посёлок городского типа Советский;
https://city2city.ru/rostov-sovetskoe.html;Ростов-на-Дону;посёлок городского типа Советское;
https://city2city.ru/rostov-starodub.html;Ростов-на-Дону;Стародуб;
https://city2city.ru/rostov-svetlograd.html;Ростов-на-Дону;Светлоград;
https://city2city.ru/rostov-talicza.html;Ростов-на-Дону;Талица;
https://city2city.ru/rostov-talovaya.html;Ростов-на-Дону;посёлок Таловая;
https://city2city.ru/rostov-tobolsk.html;Ростов-на-Дону;Тобольск;
https://city2city.ru/rostov-tulskij.html;Ростов-на-Дону;посёлок Тульский;
https://city2city.ru/rostov-turki.html;Ростов-на-Дону;посёлок городского типа Турки;
https://city2city.ru/rostov-unecha.html;Ростов-на-Дону;Унеча;
https://city2city.ru/rostov-uralskij.html;Ростов-на-Дону;Уральский;
https://city2city.ru/rostov-usman.html;Ростов-на-Дону;Усмань;
https://city2city.ru/rostov-valujki.html;Ростов-на-Дону;Валуйки;
https://city2city.ru/rostov-vasilevo.html;Ростов-на-Дону;посёлок городского типа Васильево;
https://city2city.ru/rostov-vereshhagino.html;Ростов-на-Дону;Верещагино;
https://city2city.ru/rostov-vodnyj.html;Ростов-на-Дону;посёлок городского типа Водный;
https://city2city.ru/rostov-volna.html;Ростов-на-Дону;посёлок Волна;
https://city2city.ru/rostov-volokonovka.html;Ростов-на-Дону;посёлок городского типа Волоконовка;
https://city2city.ru/rostov-vostochnyj.html;Ростов-на-Дону;посёлок городского типа Восточный;
https://city2city.ru/rostov-vysokij.html;Ростов-на-Дону;посёлок городского типа Высокий;
https://city2city.ru/rostov-yazykovo.html;Ростов-на-Дону;поселок городского типа Языково;
https://city2city.ru/rostov-zadonsk.html;Ростов-на-Дону;Задонск;
https://city2city.ru/rostov-zarajsk.html;Ростов-на-Дону;Зарайск;
https://city2city.ru/rostov-zhukovskij.html;Ростов-на-Дону;Жуковский;
https://city2city.ru/rostov-zubova-polyana.html;Ростов-на-Дону;посёлок городского типа Зубова Поляна;
https://city2city.ru/ryazan-ardatov.html;Рязань;рабочий посёлок Ардатов;
https://city2city.ru/ryazan-balabanovo.html;Рязань;Балабаново;
https://city2city.ru/ryazan-balakovo.html;Рязань;Балаково;
https://city2city.ru/ryazan-beloozyorskij.html;Рязань;Белоозёрский;
https://city2city.ru/ryazan-beryozovo.html;Рязань;посёлок городского типа Берёзово;
https://city2city.ru/ryazan-czentralnyj.html;Рязань;Центральный;
https://city2city.ru/ryazan-dmitriev.html;Рязань;Дмитриев;
https://city2city.ru/ryazan-dzerzhinsk.html;Рязань;Дзержинск;
https://city2city.ru/ryazan-dzerzhinskij.html;Рязань;Дзержинский;
https://city2city.ru/ryazan-kineshma.html;Рязань;Кинешма;
https://city2city.ru/ryazan-kislovodsk.html;Рязань;Кисловодск;
https://city2city.ru/ryazan-komsomolskij.html;Рязань;рабочий посёлок Комсомольский;
https://city2city.ru/ryazan-krasnyj.html;Рязань;поселок городского типа Красный;
https://city2city.ru/ryazan-krasnyj-luch.html;Рязань;поселок городского типа Красный Луч;
https://city2city.ru/ryazan-kungur.html;Рязань;Кунгур;
https://city2city.ru/ryazan-leninskoe.html;Рязань;посёлок городского типа Ленинское;
https://city2city.ru/ryazan-lermontov.html;Рязань;Лермонтов;
https://city2city.ru/ryazan-magnitnyj.html;Рязань;посёлок Магнитный;
https://city2city.ru/ryazan-marks.html;Рязань;Маркс;
https://city2city.ru/ryazan-molochnyj.html;Рязань;поселок городского типа Молочный;
https://city2city.ru/ryazan-murmansk.html;Рязань;Мурманск;
https://city2city.ru/ryazan-nurlat.html;Рязань;село Нурлаты;
https://city2city.ru/ryazan-olginka.html;Рязань;село Ольгинка;
https://city2city.ru/ryazan-orlov.html;Рязань;Орлов;
https://city2city.ru/ryazan-otradnaya.html;Рязань;станица Отрадная;
https://city2city.ru/ryazan-otradnyj.html;Рязань;Отрадный;
https://city2city.ru/ryazan-pobedinka.html;Рязань;поселок городского типа Побединка;
https://city2city.ru/ryazan-pokrovskoe.html;Рязань;деревня Покровское;
https://city2city.ru/ryazan-pugachyov.html;Рязань;Пугачёв;
https://city2city.ru/ryazan-rovnoe.html;Рязань;поселок городского типа Ровное;
https://city2city.ru/ryazan-samojlovka.html;Рязань;посёлок городского типа Самойловка;
https://city2city.ru/ryazan-sengilej.html;Рязань;Сенгилей;
https://city2city.ru/ryazan-shuya.html;Рязань;Шуя;
https://city2city.ru/ryazan-sokol.html;Рязань;Сокол;
https://city2city.ru/ryazan-solnechnyj.html;Рязань;посёлок Солнечный;
https://city2city.ru/ryazan-sovetskij.html;Рязань;Советский;
https://city2city.ru/ryazan-sovetskoe.html;Рязань;посёлок городского типа Советское;
https://city2city.ru/ryazan-spassk.html;Рязань;Спасск;
https://city2city.ru/ryazan-svobodnyj.html;Рязань;посёлок городского типа Свободный;
https://city2city.ru/ryazan-temnikov.html;Рязань;Темников;
https://city2city.ru/ryazan-uralskij.html;Рязань;посёлок городского типа Уральский;
https://city2city.ru/ryazan-usman.html;Рязань;Усмань;
https://city2city.ru/ryazan-uspenskoe.html;Рязань;село Успенское;
https://city2city.ru/ryazan-vityazevo.html;Рязань;село Витязево;
https://city2city.ru/ryazan-volgodonsk.html;Рязань;Волгодонск;
https://city2city.ru/ryazan-vostochnyj.html;Рязань;посёлок городского типа Восточный;
https://city2city.ru/ryazan-xotkovo.html;Рязань;Хотьково;
https://city2city.ru/ryazan-yasnyj.html;Рязань;Ясный;
https://city2city.ru/ryazan-zadonsk.html;Рязань;Задонск;
https://city2city.ru/samara-aleksandrov.html;Самара;Александров;
https://city2city.ru/samara-alekseevskoe.html;Самара;посёлок городского типа Алексеевское;
https://city2city.ru/samara-arxangelsk.html;Самара;Архангельск;
https://city2city.ru/samara-asbest.html;Самара;Асбест;
https://city2city.ru/samara-bakal.html;Самара;Бакал;
https://city2city.ru/samara-birsk.html;Самара;Бирск;
https://city2city.ru/samara-chernushka.html;Самара;Чернушка;
https://city2city.ru/samara-chexov.html;Самара;Чехов;
https://city2city.ru/samara-chishmy.html;Самара;деревня Чишмы;
https://city2city.ru/samara-chusovoj.html;Самара;Чусовой;
https://city2city.ru/samara-czentralnyj.html;Самара;Центральный;
https://city2city.ru/samara-kaluga.html;Самара;Калуга;
https://city2city.ru/samara-kislovodsk.html;Самара;Кисловодск;
https://city2city.ru/samara-kovylkino.html;Самара;Ковылкино;
https://city2city.ru/samara-krasnyj.html;Самара;поселок городского типа Красный;
https://city2city.ru/samara-krasnyj-kut.html;Самара;Красный Кут;
https://city2city.ru/samara-kurgan.html;Самара;Курган;
https://city2city.ru/samara-leninskoe.html;Самара;посёлок городского типа Ленинское;
https://city2city.ru/samara-lyubim.html;Самара;Любим;
https://city2city.ru/samara-nekrasovskoe.html;Самара;посёлок городского типа Некрасовское;
https://city2city.ru/samara-nizhnij-tagil.html;Самара;Нижний Тагил;
https://city2city.ru/samara-noginsk.html;Самара;Ногинск;
https://city2city.ru/samara-novocheboksarsk.html;Самара;Новочебоксарск;
https://city2city.ru/samara-novorossijsk.html;Самара;Новороссийск;
https://city2city.ru/samara-novyj-urengoj.html;Самара;Новый Уренгой;
https://city2city.ru/samara-oboyan.html;Самара;Обоянь;
https://city2city.ru/samara-oktyabrskoe.html;Самара;посёлок городского типа Октябрьское;
https://city2city.ru/samara-orlov.html;Самара;Орлов;
https://city2city.ru/samara-pervomajskij.html;Самара;посёлок Первомайский;
https://city2city.ru/samara-polevoj.html;Самара;посёлок Полевой;
https://city2city.ru/samara-promyshlennyj.html;Самара;посёлок городского типа Промышленный;
https://city2city.ru/samara-pushhino.html;Самара;Пущино;
https://city2city.ru/samara-rovenki.html;Самара;посёлок городского типа Ровеньки;
https://city2city.ru/samara-serov.html;Самара;Серов;
https://city2city.ru/samara-shhigry.html;Самара;Щигры;
https://city2city.ru/samara-sim.html;Самара;Сим;
https://city2city.ru/samara-smyshlyaevka.html;Самара;посёлок городского типа Смышляевка;
https://city2city.ru/samara-solnechnyj.html;Самара;посёлок Солнечный;
https://city2city.ru/samara-sovetskij.html;Самара;Советский;
https://city2city.ru/samara-sovetskoe.html;Самара;посёлок городского типа Советское;
https://city2city.ru/samara-spas-demensk.html;Самара;Спас-Деменск;
https://city2city.ru/samara-svetlyj.html;Самара;поселок Светлый;
https://city2city.ru/samara-svobodnyj.html;Самара;посёлок городского типа Свободный;
https://city2city.ru/samara-tuapse.html;Самара;Туапсе;
https://city2city.ru/samara-urengoj.html;Самара;Новый Уренгой;
https://city2city.ru/samara-vodnyj.html;Самара;посёлок городского типа Водный;
https://city2city.ru/samara-vysokij.html;Самара;посёлок городского типа Высокий;
https://city2city.ru/samara-zhigulevsk.html;Самара;Жигулёвск;
https://city2city.ru/samara-zhigulyovsk.html;Самара;Жигулёвск;
https://city2city.ru/samara-zolotuxino.html;Самара;посёлок городского типа Золотухино;
https://city2city.ru/samara-zvenigovo.html;Самара;Звенигово;
https://city2city.ru/sankt-peterburg-aleksandro-nevskij.html;Санкт-Петербург;рабочий посёлок Александро-Невский;
https://city2city.ru/sankt-peterburg-aleksandrov.html;Санкт-Петербург;Александров;
https://city2city.ru/sankt-peterburg-babaevo.html;Санкт-Петербург;Бабаево;
https://city2city.ru/sankt-peterburg-bezheczk.html;Санкт-Петербург;Бежецк;
https://city2city.ru/sankt-peterburg-blagoveshhensk.html;Санкт-Петербург;Благовещенск;
https://city2city.ru/sankt-peterburg-bor.html;Санкт-Петербург;Бор;
https://city2city.ru/sankt-peterburg-chajkovskij.html;Санкт-Петербург;Чайковский;
https://city2city.ru/sankt-peterburg-chernushka.html;Санкт-Петербург;Чернушка;
https://city2city.ru/sankt-peterburg-dzerzhinskij.html;Санкт-Петербург;Дзержинский;
https://city2city.ru/sankt-peterburg-frolovo.html;Санкт-Петербург;Фролово;
https://city2city.ru/sankt-peterburg-furmanov.html;Санкт-Петербург;город Фурманов;
https://city2city.ru/sankt-peterburg-ishim.html;Санкт-Петербург;Ишим;
https://city2city.ru/sankt-peterburg-kadnikov.html;Санкт-Петербург;город Кадников;
https://city2city.ru/sankt-peterburg-kamenka.html;Санкт-Петербург;поселок городского типа Каменка;
https://city2city.ru/sankt-peterburg-kamennogorsk.html;Санкт-Петербург;Каменногорск;
https://city2city.ru/sankt-peterburg-karabanovo.html;Санкт-Петербург;Карабаново;
https://city2city.ru/sankt-peterburg-kem.html;Санкт-Петербург;Кемь;
https://city2city.ru/sankt-peterburg-klin.html;Санкт-Петербург;Клин;
https://city2city.ru/sankt-peterburg-kommunisticheskij.html;Санкт-Петербург;посёлок городского типа Коммунистический;
https://city2city.ru/sankt-peterburg-komsomolskij.html;Санкт-Петербург;поселок городского типа Комсомольский;
https://city2city.ru/sankt-peterburg-kondopoga.html;Санкт-Петербург;Кондопога;
https://city2city.ru/sankt-peterburg-krasnogorsk.html;Санкт-Петербург;Красногорск;
https://city2city.ru/sankt-peterburg-leninskoe.html;Санкт-Петербург;посёлок городского типа Ленинское;
https://city2city.ru/sankt-peterburg-lermontovo.html;Санкт-Петербург;село Лермонтово;
https://city2city.ru/sankt-peterburg-lesnoj.html;Санкт-Петербург;поселок Лесной;
https://city2city.ru/sankt-peterburg-lgov.html;Санкт-Петербург;Льгов;
https://city2city.ru/sankt-peterburg-lodejnoe-pole.html;Санкт-Петербург;Лодейное Поле;
https://city2city.ru/sankt-peterburg-lyudinovo.html;Санкт-Петербург;Людиново;
https://city2city.ru/sankt-peterburg-mariinskij-posad.html;Санкт-Петербург;Мариинский Посад;
https://city2city.ru/sankt-peterburg-marks.html;Санкт-Петербург;Маркс;
https://city2city.ru/sankt-peterburg-naryan-mar.html;Санкт-Петербург;Нарьян-Мар;
https://city2city.ru/sankt-peterburg-navoloki.html;Санкт-Петербург;Наволоки;
https://city2city.ru/sankt-peterburg-nevel.html;Санкт-Петербург;Невель;
https://city2city.ru/sankt-peterburg-oktyabrskij.html;Санкт-Петербург;поселок городского типа Октябрьский;
https://city2city.ru/sankt-peterburg-ostrov.html;Санкт-Петербург;Остров;
https://city2city.ru/sankt-peterburg-otradnaya.html;Санкт-Петербург;станица Отрадная;
https://city2city.ru/sankt-peterburg-otradnyj.html;Санкт-Петербург;Отрадный;
https://city2city.ru/sankt-peterburg-pavlovskaya.html;Санкт-Петербург;станица Павловская;
https://city2city.ru/sankt-peterburg-pechenga.html;Санкт-Петербург;городское поселение Печенга;
https://city2city.ru/sankt-peterburg-pervomajskij.html;Санкт-Петербург;посёлок Первомайский;
https://city2city.ru/sankt-peterburg-pionerskij.html;Санкт-Петербург;посёлок Пионерский;
https://city2city.ru/sankt-peterburg-polevoj.html;Санкт-Петербург;посёлок Полевой;
https://city2city.ru/sankt-peterburg-poltavskaya.html;Санкт-Петербург;станица Полтавская;
https://city2city.ru/sankt-peterburg-polyarnyj.html;Санкт-Петербург;Полярный;
https://city2city.ru/sankt-peterburg-poshexone.html;Санкт-Петербург;Пошехонье;
https://city2city.ru/sankt-peterburg-primorskij.html;Санкт-Петербург;посёлок городского типа Приморский;
https://city2city.ru/sankt-peterburg-pushkino.html;Санкт-Петербург;Пушкино;
https://city2city.ru/sankt-peterburg-romanovka.html;Санкт-Петербург;село Романовка;
https://city2city.ru/sankt-peterburg-rostov-velikij.html;Санкт-Петербург;Ростов;
https://city2city.ru/sankt-peterburg-saki.html;Санкт-Петербург;Саки;
https://city2city.ru/sankt-peterburg-selczo.html;Санкт-Петербург;Сельцо;
https://city2city.ru/sankt-peterburg-semyonov.html;Санкт-Петербург;Семёнов;
https://city2city.ru/sankt-peterburg-sennoj.html;Санкт-Петербург;поселок Сенной;
https://city2city.ru/sankt-peterburg-serpuxov.html;Санкт-Петербург;Серпухов;
https://city2city.ru/sankt-peterburg-slanczy.html;Санкт-Петербург;Сланцы;
https://city2city.ru/sankt-peterburg-sokolskoe.html;Санкт-Петербург;посёлок городского типа Сокольское;
https://city2city.ru/sankt-peterburg-solnechnogorsk.html;Санкт-Петербург;Солнечногорск;
https://city2city.ru/sankt-peterburg-solnechnyj.html;Санкт-Петербург;посёлок Солнечный;
https://city2city.ru/sankt-peterburg-sosnovyj-bor.html;Санкт-Петербург;посёлок городского типа Сосновый Бор;
https://city2city.ru/sankt-peterburg-sovetskij.html;Санкт-Петербург;посёлок городского типа Советский;
https://city2city.ru/sankt-peterburg-sovetskoe.html;Санкт-Петербург;посёлок городского типа Советское;
https://city2city.ru/sankt-peterburg-staraya-russa.html;Санкт-Петербург;Старая Русса;
https://city2city.ru/sankt-peterburg-svobodnyj.html;Санкт-Петербург;поселок Свободный;
https://city2city.ru/sankt-peterburg-tixvin.html;Санкт-Петербург;Тихвин;
https://city2city.ru/sankt-peterburg-torzhok.html;Санкт-Петербург;Торжок;
https://city2city.ru/sankt-peterburg-tujmazy.html;Санкт-Петербург;Туймазы;
https://city2city.ru/sankt-peterburg-tulskij.html;Санкт-Петербург;посёлок Тульский;
https://city2city.ru/sankt-peterburg-turki.html;Санкт-Петербург;посёлок городского типа Турки;
https://city2city.ru/sankt-peterburg-ulyanovsk.html;Санкт-Петербург;Ульяновск;
https://city2city.ru/sankt-peterburg-unecha.html;Санкт-Петербург;Унеча;
https://city2city.ru/sankt-peterburg-uspenskoe.html;Санкт-Петербург;село Успенское;
https://city2city.ru/sankt-peterburg-voznesenskoe.html;Санкт-Петербург;деревня Вознесенское;
https://city2city.ru/sankt-peterburg-xoxlovo.html;Санкт-Петербург;рабочий посёлок Хохлово;
https://city2city.ru/sankt-peterburg-yaroslavl.html;Санкт-Петербург;Ярославль;
https://city2city.ru/sankt-peterburg-yasnyj.html;Санкт-Петербург;Ясный;
https://city2city.ru/sankt-peterburg-zarechnyj.html;Санкт-Петербург;Заречный;
https://city2city.ru/saransk-aleksandrov.html;Саранск;Александров;
https://city2city.ru/saransk-ardatov.html;Саранск;рабочий посёлок Ардатов;
https://city2city.ru/saransk-belyj.html;Саранск;Белый;
https://city2city.ru/saransk-bogorodskoe.html;Саранск;посёлок городского типа Богородское;
https://city2city.ru/saransk-bugulma.html;Саранск;Бугульма;
https://city2city.ru/saransk-czentralnyj.html;Саранск;Центральный;
https://city2city.ru/saransk-dolgoe.html;Саранск;деревня Долгое;
https://city2city.ru/saransk-domodedovo.html;Саранск;Домодедово;
https://city2city.ru/saransk-furmanov.html;Саранск;город Фурманов;
https://city2city.ru/saransk-gagarin.html;Саранск;Гагарин;
https://city2city.ru/saransk-kadom.html;Саранск;рабочий посёлок Кадом;
https://city2city.ru/saransk-kaluga.html;Саранск;Калуга;
https://city2city.ru/saransk-kanash.html;Саранск;деревня Канаш;
https://city2city.ru/saransk-kommunisticheskij.html;Саранск;посёлок городского типа Коммунистический;
https://city2city.ru/saransk-kostroma.html;Саранск;Кострома;
https://city2city.ru/saransk-krasnyj.html;Саранск;поселок городского типа Красный;
https://city2city.ru/saransk-kuzhener.html;Саранск;посёлок городского типа Куженер;
https://city2city.ru/saransk-lyubim.html;Саранск;Любим;
https://city2city.ru/saransk-neya.html;Саранск;Нея;
https://city2city.ru/saransk-oktyabrskij.html;Саранск;поселок Октябрьский;
https://city2city.ru/saransk-oktyabrskoe.html;Саранск;посёлок городского типа Октябрьское;
https://city2city.ru/saransk-perevoz.html;Саранск;Перевоз;
https://city2city.ru/saransk-proletarskij.html;Саранск;посёлок городского типа Пролетарский;
https://city2city.ru/saransk-roza.html;Саранск;посёлок городского типа Роза;
https://city2city.ru/saransk-tokaryovka.html;Саранск;рабочий посёлок Токарёвка;
https://city2city.ru/saransk-volna.html;Саранск;посёлок Волна;
https://city2city.ru/saransk-vostochnyj.html;Саранск;посёлок городского типа Восточный;
https://city2city.ru/saransk-zelyonyj-gorod.html;Саранск;курортный посёлок Зелёный Город;
https://city2city.ru/saransk-zheleznogorsk.html;Саранск;Железногорск;
https://city2city.ru/saransk-zvyozdnyj.html;Саранск;посёлок городского типа Звёздный;
https://city2city.ru/saratov-almetevsk.html;Саратов;Альметьевск;
https://city2city.ru/saratov-anapa.html;Саратов;Анапа;
https://city2city.ru/saratov-bashmakovo.html;Саратов;рабочий посёлок Башмаково;
https://city2city.ru/saratov-belyj.html;Саратов;Белый;
https://city2city.ru/saratov-beryozovo.html;Саратов;посёлок городского типа Берёзово;
https://city2city.ru/saratov-bezenchuk.html;Саратов;посёлок городского типа Безенчук;
https://city2city.ru/saratov-gaj.html;Саратов;Гай;
https://city2city.ru/saratov-glazov.html;Саратов;Глазов;
https://city2city.ru/saratov-gorodishhe.html;Саратов;рабочий посёлок Городище;
https://city2city.ru/saratov-gorodishhi.html;Саратов;посёлок городского типа Городищи;
https://city2city.ru/saratov-inzhavino.html;Саратов;посёлок городского типа Инжавино;
https://city2city.ru/saratov-kalininskaya.html;Саратов;станица Калининская;
https://city2city.ru/saratov-kamensk-shaxtinskij.html;Саратов;Каменск-Шахтинский;
https://city2city.ru/saratov-kamensk-uralskij.html;Саратов;Каменск-Уральский;
https://city2city.ru/saratov-kasimov.html;Саратов;Касимов;
https://city2city.ru/saratov-kimovsk.html;Саратов;Кимовск;
https://city2city.ru/saratov-komsomolskij.html;Саратов;рабочий посёлок Комсомольский;
https://city2city.ru/saratov-kosteryovo.html;Саратов;Костерёво;
https://city2city.ru/saratov-krasnyj.html;Саратов;поселок городского типа Красный;
https://city2city.ru/saratov-kurchatov.html;Саратов;Курчатов;
https://city2city.ru/saratov-leninsk.html;Саратов;Ленинск;
https://city2city.ru/saratov-leninskoe.html;Саратов;посёлок городского типа Ленинское;
https://city2city.ru/saratov-lyubim.html;Саратов;Любим;
https://city2city.ru/saratov-magnitnyj.html;Саратов;посёлок Магнитный;
https://city2city.ru/saratov-menzelinsk.html;Саратов;Мензелинск;
https://city2city.ru/saratov-navashino.html;Саратов;Навашино;
https://city2city.ru/saratov-navoloki.html;Саратов;Наволоки;
https://city2city.ru/saratov-neya.html;Саратов;Нея;
https://city2city.ru/saratov-novocheboksarsk.html;Саратов;Новочебоксарск;
https://city2city.ru/saratov-novospasskoe.html;Саратов;посёлок городского типа Новоспасское;
https://city2city.ru/saratov-oktyabrskij.html;Саратов;поселок Октябрьский;
https://city2city.ru/saratov-oktyabrskoe.html;Саратов;посёлок городского типа Октябрьское;
https://city2city.ru/saratov-ordzhonikidze.html;Саратов;посёлок городского типа Орджоникидзе;
https://city2city.ru/saratov-orlov.html;Саратов;Орлов;
https://city2city.ru/saratov-oryol.html;Саратов;Орёл;
https://city2city.ru/saratov-otradnaya.html;Саратов;станица Отрадная;
https://city2city.ru/saratov-perm.html;Саратов;Пермь;
https://city2city.ru/saratov-pervomajskij.html;Саратов;посёлок Первомайский;
https://city2city.ru/saratov-petrovskij.html;Саратов;поселок городского типа Петровский;
https://city2city.ru/saratov-pionerskij.html;Саратов;посёлок городского типа Пионерский;
https://city2city.ru/saratov-poltavskaya.html;Саратов;станица Полтавская;
https://city2city.ru/saratov-posyolok-komsomolskij.html;Саратов;посёлок Комсомольский;
https://city2city.ru/saratov-primorskij.html;Саратов;посёлок городского типа Приморский;
https://city2city.ru/saratov-redkino.html;Саратов;посёлок городского типа Редкино;
https://city2city.ru/saratov-rudnya.html;Саратов;рабочий посёлок Рудня;
https://city2city.ru/saratov-semyonov.html;Саратов;Семёнов;
https://city2city.ru/saratov-serpuxov.html;Саратов;Серпухов;
https://city2city.ru/saratov-sevastopol.html;Саратов;Севастополь;
https://city2city.ru/saratov-sovetskij.html;Саратов;Советский;
https://city2city.ru/saratov-starodub.html;Саратов;Стародуб;
https://city2city.ru/saratov-stroitel.html;Саратов;Строитель;
https://city2city.ru/saratov-svecha.html;Саратов;посёлок городского типа Свеча;
https://city2city.ru/saratov-taldom.html;Саратов;Талдом;
https://city2city.ru/saratov-temryuk.html;Саратов;Темрюк;
https://city2city.ru/saratov-urzhum.html;Саратов;Уржум;
https://city2city.ru/saratov-vladimir.html;Саратов;Владимир;
https://city2city.ru/saratov-volzhskij.html;Саратов;Волжский;
https://city2city.ru/saratov-vorotynecz.html;Саратов;поселок городского типа Воротынец;
https://city2city.ru/saratov-zelyonyj-gorod.html;Саратов;курортный посёлок Зелёный Город;
https://city2city.ru/smolensk-bor.html;Смоленск;Бор;
https://city2city.ru/smolensk-dmitrov.html;Смоленск;Дмитров;
https://city2city.ru/smolensk-dyatkovo.html;Смоленск;Дятьково;
https://city2city.ru/smolensk-gagarin.html;Смоленск;Гагарин;
https://city2city.ru/smolensk-gryazi.html;Смоленск;Грязи;
https://city2city.ru/smolensk-karachev.html;Смоленск;Карачев;
https://city2city.ru/smolensk-kirov.html;Смоленск;Киров;
https://city2city.ru/smolensk-livny.html;Смоленск;Ливны;
https://city2city.ru/smolensk-lyubim.html;Смоленск;Любим;
https://city2city.ru/smolensk-mikun.html;Смоленск;Микунь;
https://city2city.ru/smolensk-nelidovo.html;Смоленск;Нелидово;
https://city2city.ru/smolensk-novozybkov.html;Смоленск;Новозыбков;
https://city2city.ru/smolensk-oktyabrskij.html;Смоленск;поселок Октябрьский;
https://city2city.ru/smolensk-oktyabrskoe.html;Смоленск;посёлок городского типа Октябрьское;
https://city2city.ru/smolensk-perm.html;Смоленск;Пермь;
https://city2city.ru/smolensk-podolsk.html;Смоленск;Подольск;
https://city2city.ru/smolensk-poltavskaya.html;Смоленск;станица Полтавская;
https://city2city.ru/smolensk-rognedino.html;Смоленск;поселок Рогнедино;
https://city2city.ru/smolensk-rudnya.html;Смоленск;рабочий посёлок Рудня;
https://city2city.ru/smolensk-stroitel.html;Смоленск;Строитель;
https://city2city.ru/smolensk-suzemka.html;Смоленск;посёлок Суземка;
https://city2city.ru/smolensk-torzhok.html;Смоленск;Торжок;
https://city2city.ru/smolensk-velikie-luki.html;Смоленск;Великие Луки;
https://city2city.ru/smolensk-volgograd.html;Смоленск;Волгоград;
https://city2city.ru/smolensk-volokolamsk.html;Смоленск;Волоколамск;
https://city2city.ru/smolensk-yakovlevo.html;Смоленск;посёлок городского типа Яковлево;
https://city2city.ru/smolensk-yuzhnyj.html;Смоленск;рабочий поселок Южный;
https://city2city.ru/smolensk-zheleznogorsk.html;Смоленск;Железногорск;
https://city2city.ru/smolensk-zhizdra.html;Смоленск;Жиздра;
https://city2city.ru/smolensk-zubczov.html;Смоленск;Зубцов;
https://city2city.ru/sochi-samara.html;Сочи;Самара;
https://city2city.ru/stavropol-aleksandrov.html;Ставрополь;Александров;
https://city2city.ru/stavropol-aleksandrovsk.html;Ставрополь;Александровск;
https://city2city.ru/stavropol-apastovo.html;Ставрополь;поселок городского типа Апастово;
https://city2city.ru/stavropol-arxangelsk.html;Ставрополь;Архангельск;
https://city2city.ru/stavropol-belyj.html;Ставрополь;Белый;
https://city2city.ru/stavropol-budyonnovsk.html;Ставрополь;Будённовск;
https://city2city.ru/stavropol-chexov.html;Ставрополь;Чехов;
https://city2city.ru/stavropol-czelina.html;Ставрополь;посёлок Целина;
https://city2city.ru/stavropol-czentralnyj.html;Ставрополь;поселок городского типа Центральный;
https://city2city.ru/stavropol-donskoj.html;Ставрополь;Донской;
https://city2city.ru/stavropol-georgievsk.html;Ставрополь;Георгиевск;
https://city2city.ru/stavropol-gryazi.html;Ставрополь;Грязи;
https://city2city.ru/stavropol-gubkin.html;Ставрополь;Губкин;
https://city2city.ru/stavropol-kaluga.html;Ставрополь;Калуга;
https://city2city.ru/stavropol-kamensk-uralskij.html;Ставрополь;Каменск-Уральский;
https://city2city.ru/stavropol-kirov.html;Ставрополь;Киров;
https://city2city.ru/stavropol-kirzhach.html;Ставрополь;Киржач;
https://city2city.ru/stavropol-komsomolskij.html;Ставрополь;поселок городского типа Комсомольский;
https://city2city.ru/stavropol-konakovo.html;Ставрополь;Конаково;
https://city2city.ru/stavropol-krasnyj.html;Ставрополь;поселок городского типа Красный;
https://city2city.ru/stavropol-lesnoj.html;Ставрополь;поселок Лесной;
https://city2city.ru/stavropol-livny.html;Ставрополь;Ливны;
https://city2city.ru/stavropol-lyuberczy.html;Ставрополь;Люберцы;
https://city2city.ru/stavropol-lyubim.html;Ставрополь;Любим;
https://city2city.ru/stavropol-marks.html;Ставрополь;Маркс;
https://city2city.ru/stavropol-neya.html;Ставрополь;Нея;
https://city2city.ru/stavropol-noginsk.html;Ставрополь;Ногинск;
https://city2city.ru/stavropol-novotroiczk.html;Ставрополь;Новотроицк;
https://city2city.ru/stavropol-oktyabrskij.html;Ставрополь;поселок городского типа Октябрьский;
https://city2city.ru/stavropol-oktyabrskoe.html;Ставрополь;посёлок городского типа Октябрьское;
https://city2city.ru/stavropol-ozyornyj.html;Ставрополь;Озёрный переулок;
https://city2city.ru/stavropol-pavlovo.html;Ставрополь;Павлово;
https://city2city.ru/stavropol-pervomajskij.html;Ставрополь;посёлок Первомайский;
https://city2city.ru/stavropol-rovenki.html;Ставрополь;посёлок городского типа Ровеньки;
https://city2city.ru/stavropol-serov.html;Ставрополь;Серов;
https://city2city.ru/stavropol-uralskij.html;Ставрополь;Уральский;
https://city2city.ru/stavropol-vladimir.html;Ставрополь;Владимир;
https://city2city.ru/stavropol-volgograd.html;Ставрополь;Волгоград;
https://city2city.ru/stavropol-vologda.html;Ставрополь;Вологда;
https://city2city.ru/stavropol-yaroslavl.html;Ставрополь;Ярославль;
https://city2city.ru/stavropol-yazykovo.html;Ставрополь;поселок городского типа Языково;
https://city2city.ru/stavropol-yuzhnyj.html;Ставрополь;рабочий поселок Южный;
https://city2city.ru/stavropol-zhukov.html;Ставрополь;Жуков;
https://city2city.ru/stavropol-zvyozdnyj.html;Ставрополь;посёлок городского типа Звёздный;
https://city2city.ru/syktyvkar-balashixa.html;Сыктывкар;Балашиха;
https://city2city.ru/syktyvkar-krasnyj.html;Сыктывкар;поселок городского типа Красный;
https://city2city.ru/syktyvkar-kuloj.html;Сыктывкар;рабочий посёлок Кулой;
https://city2city.ru/syktyvkar-kursk.html;Сыктывкар;Курск;
https://city2city.ru/syktyvkar-lesnoj.html;Сыктывкар;Лесной;
https://city2city.ru/syktyvkar-marks.html;Сыктывкар;Маркс;
https://city2city.ru/syktyvkar-neya.html;Сыктывкар;Нея;
https://city2city.ru/syktyvkar-perevoz.html;Сыктывкар;Перевоз;
https://city2city.ru/syktyvkar-rybinsk.html;Сыктывкар;Рыбинск;
https://city2city.ru/syktyvkar-sankt-peterburg.html;Сыктывкар;Санкт-Петербург;
https://city2city.ru/syktyvkar-saratov.html;Сыктывкар;Саратов;
https://city2city.ru/syktyvkar-slobodskoj.html;Сыктывкар;Слободской;
https://city2city.ru/syktyvkar-sovetsk.html;Сыктывкар;Советск;
https://city2city.ru/syktyvkar-tambov.html;Сыктывкар;Тамбов;
https://city2city.ru/syktyvkar-vladimir.html;Сыктывкар;Владимир;
https://city2city.ru/syktyvkar-volna.html;Сыктывкар;посёлок Волна;
https://city2city.ru/syktyvkar-vorkuta.html;Сыктывкар;Воркута;
https://city2city.ru/syktyvkar-yuzhnyj.html;Сыктывкар;рабочий поселок Южный;
https://city2city.ru/tambov-anapa.html;Тамбов;Анапа;
https://city2city.ru/tambov-astraxan.html;Тамбов;Астрахань;
https://city2city.ru/tambov-balashixa.html;Тамбов;Балашиха;
https://city2city.ru/tambov-belinskij.html;Тамбов;Белинский;
https://city2city.ru/tambov-bryansk.html;Тамбов;Брянск;
https://city2city.ru/tambov-cheboksary.html;Тамбов;Чебоксары;
https://city2city.ru/tambov-cherepovecz.html;Тамбов;Череповец;
https://city2city.ru/tambov-chern.html;Тамбов;рабочий посёлок Чернь;
https://city2city.ru/tambov-chexov.html;Тамбов;Чехов;
https://city2city.ru/tambov-chudovo.html;Тамбов;деревня Чудово;
https://city2city.ru/tambov-dankov.html;Тамбов;Данков;
https://city2city.ru/tambov-dmitriev.html;Тамбов;Дмитриев;
https://city2city.ru/tambov-domodedovo.html;Тамбов;Домодедово;
https://city2city.ru/tambov-efremov.html;Тамбов;Ефремов;
https://city2city.ru/tambov-eleczkij.html;Тамбов;посёлок городского типа Елецкий;
https://city2city.ru/tambov-gagarin.html;Тамбов;Гагарин;
https://city2city.ru/tambov-ishim.html;Тамбов;Ишим;
https://city2city.ru/tambov-kesova-gora.html;Тамбов;посёлок городского типа Кесова Гора;
https://city2city.ru/tambov-kirillov.html;Тамбов;Кириллов;
https://city2city.ru/tambov-kirov.html;Тамбов;Киров;
https://city2city.ru/tambov-kislovodsk.html;Тамбов;Кисловодск;
https://city2city.ru/tambov-komsomolskij.html;Тамбов;рабочий посёлок Комсомольский;
https://city2city.ru/tambov-krasnoarmejsk.html;Тамбов;Красноармейск;
https://city2city.ru/tambov-kubinka.html;Тамбов;Кубинка;
https://city2city.ru/tambov-kujbyshevo.html;Тамбов;село Куйбышево;
https://city2city.ru/tambov-lebedyan.html;Тамбов;Лебедянь;
https://city2city.ru/tambov-leningradskaya.html;Тамбов;станица Ленинградская;
https://city2city.ru/tambov-leninogorsk.html;Тамбов;Лениногорск;
https://city2city.ru/tambov-leninskoe.html;Тамбов;посёлок городского типа Ленинское;
https://city2city.ru/tambov-marks.html;Тамбов;Маркс;
https://city2city.ru/tambov-mczensk.html;Тамбов;Мценск;
https://city2city.ru/tambov-meleuz.html;Тамбов;Мелеуз;
https://city2city.ru/tambov-mglin.html;Тамбов;Мглин;
https://city2city.ru/tambov-oktyabrskij.html;Тамбов;поселок Октябрьский;
https://city2city.ru/tambov-oktyabrskoe.html;Тамбов;посёлок городского типа Октябрьское;
https://city2city.ru/tambov-orlov.html;Тамбов;Орлов;
https://city2city.ru/tambov-perevoz.html;Тамбов;Перевоз;
https://city2city.ru/tambov-petrovskij.html;Тамбов;поселок городского типа Петровский;
https://city2city.ru/tambov-pionerskij.html;Тамбов;посёлок городского типа Пионерский;
https://city2city.ru/tambov-ponyri.html;Тамбов;посёлок городского типа Поныри;
https://city2city.ru/tambov-proletarskij.html;Тамбов;посёлок городского типа Пролетарский;
https://city2city.ru/tambov-promyshlennyj.html;Тамбов;посёлок городского типа Промышленный;
https://city2city.ru/tambov-raduzhnyj.html;Тамбов;Радужный;
https://city2city.ru/tambov-ruza.html;Тамбов;Руза;
https://city2city.ru/tambov-rzhaksa.html;Тамбов;посёлок городского типа Ржакса;
https://city2city.ru/tambov-serafimovich.html;Тамбов;Серафимович;
https://city2city.ru/tambov-severnyj.html;Тамбов;посёлок городского типа Северный;
https://city2city.ru/tambov-shepsi.html;Тамбов;село Шепси;
https://city2city.ru/tambov-shhyolkovo.html;Тамбов;Щёлково;
https://city2city.ru/tambov-simferopol.html;Тамбов;Симферополь;
https://city2city.ru/tambov-sosnovskoe.html;Тамбов;рабочий посёлок Сосновское;
https://city2city.ru/tambov-sovetskij.html;Тамбов;Советский;
https://city2city.ru/tambov-sovetskoe.html;Тамбов;посёлок городского типа Советское;
https://city2city.ru/tambov-stroitel.html;Тамбов;Строитель;
https://city2city.ru/tambov-surovikino.html;Тамбов;Суровикино;
https://city2city.ru/tambov-suzemka.html;Тамбов;посёлок Суземка;
https://city2city.ru/tambov-svecha.html;Тамбов;посёлок городского типа Свеча;
https://city2city.ru/tambov-svetlograd.html;Тамбов;Светлоград;
https://city2city.ru/tambov-svobodnyj.html;Тамбов;посёлок городского типа Свободный;
https://city2city.ru/tambov-uspenskoe.html;Тамбов;село Успенское;
https://city2city.ru/tambov-vardane.html;Тамбов;посёлок Вардане;
https://city2city.ru/tambov-vyazma.html;Тамбов;Вязьма;
https://city2city.ru/tambov-vysokij.html;Тамбов;посёлок городского типа Высокий;
https://city2city.ru/tambov-xomutovo.html;Тамбов;посёлок городского типа Хомутово;
https://city2city.ru/tambov-zelenodolsk.html;Тамбов;Зеленодольск;
https://city2city.ru/tambov-zemetchino.html;Тамбов;рабочий посёлок Земетчино;
https://city2city.ru/tambov-zherdevka.html;Тамбов;Жердевка;
https://city2city.ru/tomsk-bodaybo.html;Томск;Бодайбо;
https://city2city.ru/tomsk-bolotnoe.html;Томск;город Болотное;
https://city2city.ru/tomsk-divnogorsk.html;Томск;Дивногорск;
https://city2city.ru/tomsk-novokuznetsk.html;Томск;Новокузнецк;
https://city2city.ru/tomsk-uzhur.html;Томск;Ужур;
https://city2city.ru/tomsk-vihorevka.html;Томск;Вихоревка;
https://city2city.ru/tomsk-zheleznogorsk.html;Томск;Железногорск;
https://city2city.ru/tomsk-zima.html;Томск;Зима;
https://city2city.ru/tula-armavir.html;Тула;Армавир;
https://city2city.ru/tula-arzamas.html;Тула;Арзамас;
https://city2city.ru/tula-belinskij.html;Тула;Белинский;
https://city2city.ru/tula-belyj.html;Тула;Белый;
https://city2city.ru/tula-birsk.html;Тула;Бирск;
https://city2city.ru/tula-borovsk.html;Тула;Боровск;
https://city2city.ru/tula-chaplygin.html;Тула;Чаплыгин;
https://city2city.ru/tula-dmitriev.html;Тула;Дмитриев;
https://city2city.ru/tula-dmitrov.html;Тула;Дмитров;
https://city2city.ru/tula-dolgoprudnyj.html;Тула;Долгопрудный;
https://city2city.ru/tula-dzerzhinskij.html;Тула;Дзержинский;
https://city2city.ru/tula-kaduj.html;Тула;рабочий посёлок Кадуй;
https://city2city.ru/tula-kirov.html;Тула;Киров;
https://city2city.ru/tula-kondrovo.html;Тула;Кондрово;
https://city2city.ru/tula-konyshyovka.html;Тула;посёлок городского типа Конышёвка;
https://city2city.ru/tula-kozelsk.html;Тула;Козельск;
https://city2city.ru/tula-krasnyj.html;Тула;поселок городского типа Красный;
https://city2city.ru/tula-maloyaroslavecz.html;Тула;Малоярославец;
https://city2city.ru/tula-mczensk.html;Тула;Мценск;
https://city2city.ru/tula-michurinsk.html;Тула;Мичуринск;
https://city2city.ru/tula-murmansk.html;Тула;Мурманск;
https://city2city.ru/tula-obninsk.html;Тула;Обнинск;
https://city2city.ru/tula-oktyabrskij.html;Тула;поселок Октябрьский;
https://city2city.ru/tula-oktyabrskoe.html;Тула;посёлок городского типа Октябрьское;
https://city2city.ru/tula-ozyornyj.html;Тула;посёлок городского типа Озёрный;
https://city2city.ru/tula-ozyory.html;Тула;Озёры;
https://city2city.ru/tula-pavlovo.html;Тула;Павлово;
https://city2city.ru/tula-petrovskij.html;Тула;поселок городского типа Петровский;
https://city2city.ru/tula-pionerskij.html;Тула;посёлок городского типа Пионерский;
https://city2city.ru/tula-pokrov.html;Тула;Покров;
https://city2city.ru/tula-privolzhsk.html;Тула;Приволжск;
https://city2city.ru/tula-proletarsk.html;Тула;Пролетарск;
https://city2city.ru/tula-pushkino.html;Тула;посёлок городского типа Пушкино;
https://city2city.ru/tula-raduzhnyj.html;Тула;Радужный;
https://city2city.ru/tula-rodniki.html;Тула;Родники;
https://city2city.ru/tula-rostov-na-donu.html;Тула;Ростов-на-Дону;
https://city2city.ru/tula-rostov-velikij.html;Тула;Ростов;
https://city2city.ru/tula-rylsk.html;Тула;Рыльск;
https://city2city.ru/tula-rzhev.html;Тула;Ржев;
https://city2city.ru/tula-saransk.html;Тула;Саранск;
https://city2city.ru/tula-sasovo.html;Тула;Сасово;
https://city2city.ru/tula-savino.html;Тула;деревня Савино;
https://city2city.ru/tula-severnyj.html;Тула;посёлок городского типа Северный;
https://city2city.ru/tula-sim.html;Тула;Сим;
https://city2city.ru/tula-solnechnogorsk.html;Тула;Солнечногорск;
https://city2city.ru/tula-sovetsk.html;Тула;Советск;
https://city2city.ru/tula-sovetskij.html;Тула;Советский;
https://city2city.ru/tula-sovetskoe.html;Тула;посёлок городского типа Советское;
https://city2city.ru/tula-staryj-oskol.html;Тула;Старый Оскол;
https://city2city.ru/tula-svobodnyj.html;Тула;посёлок городского типа Свободный;
https://city2city.ru/tula-talicza.html;Тула;Талица;
https://city2city.ru/tula-temryuk.html;Тула;Темрюк;
https://city2city.ru/tula-tolyatti.html;Тула;Тольятти;
https://city2city.ru/tula-tonshaevo.html;Тула;деревня Малое Тоншаево;
https://city2city.ru/tula-tyumen.html;Тула;Тюмень;
https://city2city.ru/tula-uxta.html;Тула;Ухта;
https://city2city.ru/tula-voznesenskoe.html;Тула;деревня Вознесенское;
https://city2city.ru/tula-vysokij.html;Тула;посёлок городского типа Высокий;
https://city2city.ru/tula-yasnyj.html;Тула;Ясный;
https://city2city.ru/tula-zhukov.html;Тула;Жуков;
https://city2city.ru/tver-armavir.html;Тверь;Армавир;
https://city2city.ru/tver-babaevo.html;Тверь;Бабаево;
https://city2city.ru/tver-borovskij.html;Тверь;посёлок городского типа Боровский;
https://city2city.ru/tver-chajkovskij.html;Тверь;Чайковский;
https://city2city.ru/tver-dmitriev.html;Тверь;Дмитриев;
https://city2city.ru/tver-donskoj.html;Тверь;Донской;
https://city2city.ru/tver-dubrovka.html;Тверь;деревня Дубровка;
https://city2city.ru/tver-gaj.html;Тверь;Гай;
https://city2city.ru/tver-gavrilov-yam.html;Тверь;Гаврилов-Ям;
https://city2city.ru/tver-gorodishhi.html;Тверь;посёлок городского типа Городищи;
https://city2city.ru/tver-izoplit.html;Тверь;посёлок городского типа Изоплит;
https://city2city.ru/tver-kalininskaya.html;Тверь;станица Калининская;
https://city2city.ru/tver-kaluga.html;Тверь;Калуга;
https://city2city.ru/tver-kamyshin.html;Тверь;Камышин;
https://city2city.ru/tver-kirov.html;Тверь;Киров;
https://city2city.ru/tver-klin.html;Тверь;Клин;
https://city2city.ru/tver-kommunisticheskij.html;Тверь;посёлок городского типа Коммунистический;
https://city2city.ru/tver-komsomolskij.html;Тверь;рабочий посёлок Комсомольский;
https://city2city.ru/tver-korolyov.html;Тверь;Королёв;
https://city2city.ru/tver-krasnogorsk.html;Тверь;Красногорск;
https://city2city.ru/tver-krasnyj.html;Тверь;поселок городского типа Красный;
https://city2city.ru/tver-kuvshinovo.html;Тверь;Кувшиново;
https://city2city.ru/tver-kuzneczk.html;Тверь;Кузнецк;
https://city2city.ru/tver-leningradskaya.html;Тверь;станица Ленинградская;
https://city2city.ru/tver-lobnya.html;Тверь;Лобня;
https://city2city.ru/tver-losino-petrovskij.html;Тверь;Лосино-Петровский;
https://city2city.ru/tver-lyuberczy.html;Тверь;Люберцы;
https://city2city.ru/tver-malysheva.html;Тверь;рабочий поселок Малышева;
https://city2city.ru/tver-miass.html;Тверь;Миасс;
https://city2city.ru/tver-mirnyj.html;Тверь;Мирный;
https://city2city.ru/tver-mytishhi.html;Тверь;Мытищи;
https://city2city.ru/tver-nelidovo.html;Тверь;Нелидово;
https://city2city.ru/tver-nevel.html;Тверь;Невель;
https://city2city.ru/tver-neya.html;Тверь;Нея;
https://city2city.ru/tver-novoxopyorsk.html;Тверь;Новохопёрск;
https://city2city.ru/tver-oktyabrsk.html;Тверь;Октябрьск;
https://city2city.ru/tver-oktyabrskij.html;Тверь;поселок Октябрьский;
https://city2city.ru/tver-oktyabrskoe.html;Тверь;посёлок городского типа Октябрьское;
https://city2city.ru/tver-ordzhonikidze.html;Тверь;посёлок городского типа Орджоникидзе;
https://city2city.ru/tver-pervomajskij.html;Тверь;посёлок Первомайский;
https://city2city.ru/tver-petrovskij.html;Тверь;поселок городского типа Петровский;
https://city2city.ru/tver-proletarskij.html;Тверь;посёлок городского типа Пролетарский;
https://city2city.ru/tver-pyatigorsk.html;Тверь;Пятигорск;
https://city2city.ru/tver-sochi.html;Тверь;Сочи;
https://city2city.ru/tver-sovetskij.html;Тверь;Советский;
https://city2city.ru/tver-sovetskoe.html;Тверь;посёлок городского типа Советское;
https://city2city.ru/tver-stroitel.html;Тверь;Строитель;
https://city2city.ru/tver-svobodnyj.html;Тверь;посёлок городского типа Свободный;
https://city2city.ru/tver-volzhskij.html;Тверь;Волжский;
https://city2city.ru/tver-vyshnij-volochyok.html;Тверь;Вышний Волочёк;
https://city2city.ru/tver-ximki.html;Тверь;Химки;
https://city2city.ru/tver-xolm.html;Тверь;деревня Холм;
https://city2city.ru/tver-yuzhnyj.html;Тверь;рабочий поселок Южный;
https://city2city.ru/tver-zhukovskij.html;Тверь;Жуковский;
https://city2city.ru/tyumen-adler.html;Тюмень;Адлер;
https://city2city.ru/tyumen-aleksandrov.html;Тюмень;Александров;
https://city2city.ru/tyumen-almetevsk.html;Тюмень;Альметьевск;
https://city2city.ru/tyumen-anna.html;Тюмень;посёлок городского типа Анна;
https://city2city.ru/tyumen-ashe.html;Тюмень;микрорайон Аше;
https://city2city.ru/tyumen-belyj.html;Тюмень;Белый;
https://city2city.ru/tyumen-bor.html;Тюмень;Бор;
https://city2city.ru/tyumen-czentralnyj.html;Тюмень;Центральный;
https://city2city.ru/tyumen-dmitriev.html;Тюмень;Дмитриев;
https://city2city.ru/tyumen-dno.html;Тюмень;Дно;
https://city2city.ru/tyumen-evpatoriya.html;Тюмень;Евпатория;
https://city2city.ru/tyumen-komsomolskij.html;Тюмень;рабочий посёлок Комсомольский;
https://city2city.ru/tyumen-kotelnich.html;Тюмень;Котельнич;
https://city2city.ru/tyumen-kotlas.html;Тюмень;Котлас;
https://city2city.ru/tyumen-krasnooktyabrskij.html;Тюмень;посёлок городского типа Краснооктябрьский;
https://city2city.ru/tyumen-krasnoufimsk.html;Тюмень;Красноуфимск;
https://city2city.ru/tyumen-krasnyj.html;Тюмень;поселок городского типа Красный;
https://city2city.ru/tyumen-kurortnoe.html;Тюмень;посёлок городского типа Курортное;
https://city2city.ru/tyumen-kursk.html;Тюмень;Курск;
https://city2city.ru/tyumen-magnitnyj.html;Тюмень;посёлок Магнитный;
https://city2city.ru/tyumen-mozhga.html;Тюмень;село Можга;
https://city2city.ru/tyumen-neya.html;Тюмень;Нея;
https://city2city.ru/tyumen-nizhnekamsk.html;Тюмень;Нижнекамск;
https://city2city.ru/tyumen-novopokrovka.html;Тюмень;рабочий посёлок Новопокровка;
https://city2city.ru/tyumen-polevoj.html;Тюмень;посёлок Полевой;
https://city2city.ru/tyumen-polyarnyj.html;Тюмень;Полярный;
https://city2city.ru/tyumen-rodniki.html;Тюмень;Родники;
https://city2city.ru/tyumen-rtishhevo.html;Тюмень;Ртищево;
https://city2city.ru/tyumen-saratov.html;Тюмень;Саратов;
https://city2city.ru/tyumen-selo-dubovskoe.html;Тюмень;село Дубовское;
https://city2city.ru/tyumen-semyonov.html;Тюмень;Семёнов;
https://city2city.ru/tyumen-sovetskoe.html;Тюмень;посёлок городского типа Советское;
https://city2city.ru/tyumen-stroitel.html;Тюмень;Строитель;
https://city2city.ru/tyumen-tulskij.html;Тюмень;посёлок Тульский;
https://city2city.ru/tyumen-tver.html;Тюмень;Тверь;
https://city2city.ru/tyumen-tyoploe.html;Тюмень;рабочий посёлок Тёплое;
https://city2city.ru/tyumen-uralskij.html;Тюмень;посёлок городского типа Уральский;
https://city2city.ru/tyumen-venyov.html;Тюмень;город Венёв;
https://city2city.ru/tyumen-vidnoe.html;Тюмень;садовое товарищество Видное;
https://city2city.ru/tyumen-vladimir.html;Тюмень;Владимир;
https://city2city.ru/tyumen-vorkuta.html;Тюмень;Воркута;
https://city2city.ru/tyumen-vyatskie-polyany.html;Тюмень;Вятские Поляны;
https://city2city.ru/tyumen-vysokij.html;Тюмень;посёлок городского типа Высокий;
https://city2city.ru/tyumen-xolm.html;Тюмень;деревня Холм;
https://city2city.ru/tyumen-yuzhnyj.html;Тюмень;рабочий поселок Южный;
https://city2city.ru/tyumen-zarechnyj.html;Тюмень;Заречный;
https://city2city.ru/ufa-asbest.html;Уфа;Асбест;
https://city2city.ru/ufa-ashe.html;Уфа;микрорайон Аше;
https://city2city.ru/ufa-belogorsk.html;Уфа;Белогорск;
https://city2city.ru/ufa-belyj.html;Уфа;Белый;
https://city2city.ru/ufa-bereznik.html;Уфа;рабочий посёлок Березник;
https://city2city.ru/ufa-bogorodskoe.html;Уфа;посёлок городского типа Богородское;
https://city2city.ru/ufa-bryansk.html;Уфа;Брянск;
https://city2city.ru/ufa-dmitriev.html;Уфа;Дмитриев;
https://city2city.ru/ufa-dzerzhinskij.html;Уфа;Дзержинский;
https://city2city.ru/ufa-elan.html;Уфа;рабочий посёлок Елань;
https://city2city.ru/ufa-gorbatov.html;Уфа;Горбатов;
https://city2city.ru/ufa-kamyshin.html;Уфа;Камышин;
https://city2city.ru/ufa-kashira.html;Уфа;Кашира;
https://city2city.ru/ufa-kirovskij.html;Уфа;поселок городского типа Кировский;
https://city2city.ru/ufa-kolchugino.html;Уфа;Кольчугино;
https://city2city.ru/ufa-kopejsk.html;Уфа;Копейск;
https://city2city.ru/ufa-korolyov.html;Уфа;Королёв;
https://city2city.ru/ufa-krasnogorskij.html;Уфа;посёлок городского типа Красногорский;
https://city2city.ru/ufa-kstovo.html;Уфа;Кстово;
https://city2city.ru/ufa-leninskoe.html;Уфа;посёлок городского типа Ленинское;
https://city2city.ru/ufa-lesnoj.html;Уфа;Лесной;
https://city2city.ru/ufa-lyubim.html;Уфа;Любим;
https://city2city.ru/ufa-marks.html;Уфа;Маркс;
https://city2city.ru/ufa-mirnyj.html;Уфа;Мирный;
https://city2city.ru/ufa-molochnyj.html;Уфа;поселок городского типа Молочный;
https://city2city.ru/ufa-neya.html;Уфа;Нея;
https://city2city.ru/ufa-nizhnyaya-tura.html;Уфа;Нижняя Тура;
https://city2city.ru/ufa-olenegorsk.html;Уфа;Оленегорск;
https://city2city.ru/ufa-orlov.html;Уфа;Орлов;
https://city2city.ru/ufa-oryol.html;Уфа;Орёл;
https://city2city.ru/ufa-ostrov.html;Уфа;Остров;
https://city2city.ru/ufa-pavlovskaya.html;Уфа;станица Павловская;
https://city2city.ru/ufa-pervomajskij.html;Уфа;посёлок Первомайский;
https://city2city.ru/ufa-petrovskij.html;Уфа;поселок городского типа Петровский;
https://city2city.ru/ufa-pionerskij.html;Уфа;посёлок городского типа Пионерский;
https://city2city.ru/ufa-rodniki.html;Уфа;Родники;
https://city2city.ru/ufa-roza.html;Уфа;посёлок городского типа Роза;
https://city2city.ru/ufa-semyonov.html;Уфа;Семёнов;
https://city2city.ru/ufa-sharya.html;Уфа;Шарья;
https://city2city.ru/ufa-solnechnogorsk.html;Уфа;Солнечногорск;
https://city2city.ru/ufa-stroitel.html;Уфа;Строитель;
https://city2city.ru/ufa-urengoj.html;Уфа;Новый Уренгой;
https://city2city.ru/ufa-venyov.html;Уфа;город Венёв;
https://city2city.ru/ufa-volna.html;Уфа;посёлок Волна;
https://city2city.ru/ufa-vologda.html;Уфа;Вологда;
https://city2city.ru/ufa-vostochnyj.html;Уфа;посёлок городского типа Восточный;
https://city2city.ru/ufa-vysokij.html;Уфа;посёлок городского типа Высокий;
https://city2city.ru/ufa-vytegra.html;Уфа;Вытегра;
https://city2city.ru/ufa-yuzhnyj.html;Уфа;рабочий поселок Южный;
https://city2city.ru/ufa-zauralskij.html;Уфа;посёлок городского типа Зауральский;
https://city2city.ru/ufa-zelyonyj-gorod.html;Уфа;курортный посёлок Зелёный Город;
https://city2city.ru/ufa-zhukov.html;Уфа;Жуков;
https://city2city.ru/ulyanovsk-app-rovenki.html;Ульяновск;село Нижняя Серебрянка;
https://city2city.ru/ulyanovsk-belyj.html;Ульяновск;Белый;
https://city2city.ru/ulyanovsk-chajkovskij.html;Ульяновск;Чайковский;
https://city2city.ru/ulyanovsk-dmitriev.html;Ульяновск;Дмитриев;
https://city2city.ru/ulyanovsk-efremov.html;Ульяновск;Ефремов;
https://city2city.ru/ulyanovsk-gagarin.html;Ульяновск;Гагарин;
https://city2city.ru/ulyanovsk-gaj.html;Ульяновск;Гай;
https://city2city.ru/ulyanovsk-ilinka.html;Ульяновск;село Ильинка;
https://city2city.ru/ulyanovsk-kaduj.html;Ульяновск;рабочий посёлок Кадуй;
https://city2city.ru/ulyanovsk-kinel.html;Ульяновск;Кинель;
https://city2city.ru/ulyanovsk-kirovskij.html;Ульяновск;поселок городского типа Кировский;
https://city2city.ru/ulyanovsk-konstantinovsk.html;Ульяновск;Константиновск;
https://city2city.ru/ulyanovsk-korolyov.html;Ульяновск;Королёв;
https://city2city.ru/ulyanovsk-kovrov.html;Ульяновск;Ковров;
https://city2city.ru/ulyanovsk-krasnaya-polyana.html;Ульяновск;посёлок городского типа Красная Поляна;
https://city2city.ru/ulyanovsk-krasnoufimsk.html;Ульяновск;Красноуфимск;
https://city2city.ru/ulyanovsk-krasnyj.html;Ульяновск;поселок городского типа Красный;
https://city2city.ru/ulyanovsk-kujbyshevo.html;Ульяновск;село Куйбышево;
https://city2city.ru/ulyanovsk-kurchatov.html;Ульяновск;Курчатов;
https://city2city.ru/ulyanovsk-leninsk.html;Ульяновск;Ленинск;
https://city2city.ru/ulyanovsk-leninskoe.html;Ульяновск;посёлок городского типа Ленинское;
https://city2city.ru/ulyanovsk-lipeczk.html;Ульяновск;Липецк;
https://city2city.ru/ulyanovsk-lobnya.html;Ульяновск;Лобня;
https://city2city.ru/ulyanovsk-lokomotivnyj.html;Ульяновск;посёлок городского типа Локомотивный;
https://city2city.ru/ulyanovsk-lukoyanov.html;Ульяновск;Лукоянов;
https://city2city.ru/ulyanovsk-lysye-gory.html;Ульяновск;посёлок городского типа Лысые Горы;
https://city2city.ru/ulyanovsk-marks.html;Ульяновск;Маркс;
https://city2city.ru/ulyanovsk-mendeleevsk.html;Ульяновск;Менделеевск;
https://city2city.ru/ulyanovsk-michurinsk.html;Ульяновск;Мичуринск;
https://city2city.ru/ulyanovsk-mixajlov.html;Ульяновск;Михайлов;
https://city2city.ru/ulyanovsk-novorossijsk.html;Ульяновск;Новороссийск;
https://city2city.ru/ulyanovsk-novyj-urengoj.html;Ульяновск;Новый Уренгой;
https://city2city.ru/ulyanovsk-oktyabrsk.html;Ульяновск;Октябрьск;
https://city2city.ru/ulyanovsk-oktyabrskoe.html;Ульяновск;посёлок городского типа Октябрьское;
https://city2city.ru/ulyanovsk-orlov.html;Ульяновск;Орлов;
https://city2city.ru/ulyanovsk-pavlovo.html;Ульяновск;Павлово;
https://city2city.ru/ulyanovsk-pervomajskij.html;Ульяновск;посёлок Первомайский;
https://city2city.ru/ulyanovsk-rovenki.html;Ульяновск;посёлок городского типа Ровеньки;
https://city2city.ru/ulyanovsk-rzhev.html;Ульяновск;Ржев;
https://city2city.ru/ulyanovsk-saransk.html;Ульяновск;Саранск;
https://city2city.ru/ulyanovsk-severnyj.html;Ульяновск;посёлок городского типа Северный;
https://city2city.ru/ulyanovsk-sredneuralsk.html;Ульяновск;Среднеуральск;
https://city2city.ru/ulyanovsk-tulskij.html;Ульяновск;посёлок Тульский;
https://city2city.ru/ulyanovsk-urengoj.html;Ульяновск;Новый Уренгой;
https://city2city.ru/ulyanovsk-usinsk.html;Ульяновск;Усинск;
https://city2city.ru/ulyanovsk-uzlovaya.html;Ульяновск;Узловая;
https://city2city.ru/ulyanovsk-velikie-luki.html;Ульяновск;Великие Луки;
https://city2city.ru/ulyanovsk-vodnyj.html;Ульяновск;посёлок городского типа Водный;
https://city2city.ru/ulyanovsk-vyatskie-polyany.html;Ульяновск;Вятские Поляны;
https://city2city.ru/ulyanovsk-vysokij.html;Ульяновск;посёлок городского типа Высокий;
https://city2city.ru/ulyanovsk-zavolzhsk.html;Ульяновск;Заволжск;
https://city2city.ru/ulyanovsk-zavolzhskoe.html;Ульяновск;Заволжское сельское поселение;
https://city2city.ru/ulyanovsk-zhukovka.html;Ульяновск;Жуковка;
https://city2city.ru/valuyki-arhangelsk.html;Валуйки;Архангельск;
https://city2city.ru/valuyki-kazan.html;Валуйки;Казань;
https://city2city.ru/valuyki-smolensk.html;Валуйки;Смоленск;
https://city2city.ru/valuyki-vologda.html;Валуйки;Вологда;
https://city2city.ru/velikiy-novgorod-cheboksary.html;Великий Новгород;Чебоксары;
https://city2city.ru/velikiy-novgorod-kamenka.html;Великий Новгород;Каменка;
https://city2city.ru/velikiy-novgorod-konakovo.html;Великий Новгород;Конаково;
https://city2city.ru/velikiy-novgorod-oktyabrskiy.html;Великий Новгород;поселок Октябрьский;
https://city2city.ru/velikiy-novgorod-pechora.html;Великий Новгород;Печора;
https://city2city.ru/velikiy-novgorod-pechory.html;Великий Новгород;Печоры;
https://city2city.ru/velikiy-novgorod-ryazan.html;Великий Новгород;Рязань;
https://city2city.ru/velikiy-novgorod-rzhev.html;Великий Новгород;Ржев;
https://city2city.ru/velikiy-novgorod-samara.html;Великий Новгород;Самара;
https://city2city.ru/velikiy-novgorod-sebezh.html;Великий Новгород;Себеж;
https://city2city.ru/velikiy-novgorod-ufa.html;Великий Новгород;Уфа;
https://city2city.ru/velikiy-novgorod-voskresenskoe.html;Великий Новгород;рабочий посёлок Воскресенское;
https://city2city.ru/vladimir-arsenevo.html;Владимир;рабочий посёлок Арсеньево;
https://city2city.ru/vladimir-babaevo.html;Владимир;Бабаево;
https://city2city.ru/vladimir-balashixa.html;Владимир;Балашиха;
https://city2city.ru/vladimir-balaxna.html;Владимир;Балахна;
https://city2city.ru/vladimir-belyj.html;Владимир;Белый;
https://city2city.ru/vladimir-borovskij.html;Владимир;посёлок городского типа Боровский;
https://city2city.ru/vladimir-chajkovskij.html;Владимир;Чайковский;
https://city2city.ru/vladimir-chelyabinsk.html;Владимир;Челябинск;
https://city2city.ru/vladimir-chexov.html;Владимир;Чехов;
https://city2city.ru/vladimir-domodedovo.html;Владимир;Домодедово;
https://city2city.ru/vladimir-dubrovka.html;Владимир;деревня Дубровка;
https://city2city.ru/vladimir-dyurtyuli.html;Владимир;село Дюртюли;
https://city2city.ru/vladimir-dzhankoj.html;Владимир;Джанкой;
https://city2city.ru/vladimir-ekaterinovka.html;Владимир;посёлок городского типа Екатериновка;
https://city2city.ru/vladimir-elektrogorsk.html;Владимир;Электрогорск;
https://city2city.ru/vladimir-fryazino.html;Владимир;Фрязино;
https://city2city.ru/vladimir-gavrilov-posad.html;Владимир;Гаврилов Посад;
https://city2city.ru/vladimir-goliczyno.html;Владимир;Голицыно;
https://city2city.ru/vladimir-kamensk-uralskij.html;Владимир;Каменск-Уральский;
https://city2city.ru/vladimir-kashira.html;Владимир;Кашира;
https://city2city.ru/vladimir-kirov.html;Владимир;Киров;
https://city2city.ru/vladimir-kotelniki.html;Владимир;Котельники;
https://city2city.ru/vladimir-krasnyj.html;Владимир;поселок городского типа Красный;
https://city2city.ru/vladimir-kujbyshevo.html;Владимир;село Куйбышево;
https://city2city.ru/vladimir-lakinsk.html;Владимир;Лакинск;
https://city2city.ru/vladimir-lermontov.html;Владимир;Лермонтов;
https://city2city.ru/vladimir-lesnoj.html;Владимир;Лесной;
https://city2city.ru/vladimir-likino-dulyovo.html;Владимир;Ликино-Дулёво;
https://city2city.ru/vladimir-lyudinovo.html;Владимир;Людиново;
https://city2city.ru/vladimir-miass.html;Владимир;Миасс;
https://city2city.ru/vladimir-naro-fominsk.html;Владимир;Наро-Фоминск;
https://city2city.ru/vladimir-nerexta.html;Владимир;Нерехта;
https://city2city.ru/vladimir-neya.html;Владимир;Нея;
https://city2city.ru/vladimir-nizhnij-tagil.html;Владимир;Нижний Тагил;
https://city2city.ru/vladimir-nyazepetrovsk.html;Владимир;Нязепетровск;
https://city2city.ru/vladimir-orexovo-zuevo.html;Владимир;Орехово-Зуево;
https://city2city.ru/vladimir-orlov.html;Владимир;Орлов;
https://city2city.ru/vladimir-orsk.html;Владимир;Орск;
https://city2city.ru/vladimir-pavlovskaya.html;Владимир;станица Павловская;
https://city2city.ru/vladimir-perevoz.html;Владимир;Перевоз;
https://city2city.ru/vladimir-petushki.html;Владимир;Петушки;
https://city2city.ru/vladimir-pokrov.html;Владимир;Покров;
https://city2city.ru/vladimir-raduzhnyj.html;Владимир;Радужный;
https://city2city.ru/vladimir-reutov.html;Владимир;Реутов;
https://city2city.ru/vladimir-sasovo.html;Владимир;Сасово;
https://city2city.ru/vladimir-severnyj.html;Владимир;посёлок городского типа Северный;
https://city2city.ru/vladimir-shebekino.html;Владимир;Шебекино;
https://city2city.ru/vladimir-syktyvkar.html;Владимир;Сыктывкар;
https://city2city.ru/vladimir-tolyatti.html;Владимир;Тольятти;
https://city2city.ru/vladimir-tutaev.html;Владимир;Тутаев;
https://city2city.ru/vladimir-tyumen.html;Владимир;Тюмень;
https://city2city.ru/vladimir-uralskij.html;Владимир;посёлок городского типа Уральский;
https://city2city.ru/vladimir-vereya.html;Владимир;Верея;
https://city2city.ru/vladimir-vichuga.html;Владимир;Вичуга;
https://city2city.ru/vladimir-vidnoe.html;Владимир;садовое товарищество Видное;
https://city2city.ru/vladimir-vodnyj.html;Владимир;посёлок городского типа Водный;
https://city2city.ru/vladimir-volgograd.html;Владимир;Волгоград;
https://city2city.ru/vladimir-yurev-polskij.html;Владимир;Юрьев-Польский;
https://city2city.ru/vladimir-zhukovskij.html;Владимир;Жуковский;
https://city2city.ru/vladivostok-aeroport-artyom-vladivostok.html;Владивосток;аэропорт Владивосток (Кневичи) имени В.К. Арсеньева;
https://city2city.ru/vladivostok-aeroport-xabarovsk-novyj.html;Владивосток;аэропорт Хабаровск (Новый) имени Г.И. Невельского;
https://city2city.ru/vladivostok-kamensk-uralskij.html;Владивосток;Каменск-Уральский;
https://city2city.ru/vladivostok-kansk.html;Владивосток;Канск;
https://city2city.ru/vladivostok-kemerovo.html;Владивосток;Кемерово;
https://city2city.ru/vladivostok-kirensk.html;Владивосток;Киренск;
https://city2city.ru/vladivostok-lesnoj.html;Владивосток;Лесной;
https://city2city.ru/vladivostok-makarov.html;Владивосток;Макаров;
https://city2city.ru/vladivostok-sim.html;Владивосток;Сим;
https://city2city.ru/vladivostok-skovorodino.html;Владивосток;Сковородино;
https://city2city.ru/vladivostok-surgut.html;Владивосток;Сургут;
https://city2city.ru/vladivostok-svobodnyj.html;Владивосток;Свободный;
https://city2city.ru/vladivostok-tatarsk.html;Владивосток;Татарск;
https://city2city.ru/vladivostok-urengoj.html;Владивосток;Новый Уренгой;
https://city2city.ru/vladivostok-ust-ilimsk.html;Владивосток;Усть-Илимск;
https://city2city.ru/vladivostok-yuzhno-saxalinsk.html;Владивосток;Южно-Сахалинск;
https://city2city.ru/vladivostok-zima.html;Владивосток;Зима;
https://city2city.ru/volgograd-almetevsk.html;Волгоград;Альметьевск;
https://city2city.ru/volgograd-anna.html;Волгоград;посёлок городского типа Анна;
https://city2city.ru/volgograd-axtubinsk.html;Волгоград;Ахтубинск;
https://city2city.ru/volgograd-belyj.html;Волгоград;Белый;
https://city2city.ru/volgograd-blagoveshhensk.html;Волгоград;Благовещенск;
https://city2city.ru/volgograd-chekalin.html;Волгоград;Чекалин;
https://city2city.ru/volgograd-dzerzhinsk.html;Волгоград;Дзержинск;
https://city2city.ru/volgograd-dzerzhinskij.html;Волгоград;Дзержинский;
https://city2city.ru/volgograd-dzhalil.html;Волгоград;посёлок городского типа Джалиль;
https://city2city.ru/volgograd-elan.html;Волгоград;рабочий посёлок Елань;
https://city2city.ru/volgograd-gagarin.html;Волгоград;Гагарин;
https://city2city.ru/volgograd-glazov.html;Волгоград;Глазов;
https://city2city.ru/volgograd-gorodishhi.html;Волгоград;посёлок городского типа Городищи;
https://city2city.ru/volgograd-gukovo.html;Волгоград;Гуково;
https://city2city.ru/volgograd-gulkevichi.html;Волгоград;Гулькевичи;
https://city2city.ru/volgograd-izhevsk.html;Волгоград;Ижевск;
https://city2city.ru/volgograd-kalach.html;Волгоград;Калач;
https://city2city.ru/volgograd-kirov.html;Волгоград;Киров;
https://city2city.ru/volgograd-kirovsk.html;Волгоград;Кировск;
https://city2city.ru/volgograd-krasnoarmejsk.html;Волгоград;Красноармейск;
https://city2city.ru/volgograd-krasnooktyabrskij.html;Волгоград;посёлок городского типа Краснооктябрьский;
https://city2city.ru/volgograd-krasnyj.html;Волгоград;поселок городского типа Красный;
https://city2city.ru/volgograd-labinsk.html;Волгоград;Лабинск;
https://city2city.ru/volgograd-livny.html;Волгоград;Ливны;
https://city2city.ru/volgograd-magnitnyj.html;Волгоград;посёлок Магнитный;
https://city2city.ru/volgograd-mczensk.html;Волгоград;Мценск;
https://city2city.ru/volgograd-milyutinskaya.html;Волгоград;станица Милютинская;
https://city2city.ru/volgograd-mixajlovka.html;Волгоград;Михайловка;
https://city2city.ru/volgograd-mytishhi.html;Волгоград;Мытищи;
https://city2city.ru/volgograd-neya.html;Волгоград;Нея;
https://city2city.ru/volgograd-nizhnij-tagil.html;Волгоград;Нижний Тагил;
https://city2city.ru/volgograd-novyj-urengoj.html;Волгоград;Новый Уренгой;
https://city2city.ru/volgograd-odinczovo.html;Волгоград;Одинцово;
https://city2city.ru/volgograd-oktyabrskij.html;Волгоград;поселок Октябрьский;
https://city2city.ru/volgograd-oktyabrskoe.html;Волгоград;посёлок городского типа Октябрьское;
https://city2city.ru/volgograd-orexovo-zuevo.html;Волгоград;Орехово-Зуево;
https://city2city.ru/volgograd-orlov.html;Волгоград;Орлов;
https://city2city.ru/volgograd-pavlovo.html;Волгоград;Павлово;
https://city2city.ru/volgograd-podolsk.html;Волгоград;Подольск;
https://city2city.ru/volgograd-polyarnyj.html;Волгоград;Полярный;
https://city2city.ru/volgograd-poxvistnevo.html;Волгоград;Похвистнево;
https://city2city.ru/volgograd-proletarskij.html;Волгоград;посёлок городского типа Пролетарский;
https://city2city.ru/volgograd-salexard.html;Волгоград;Салехард;
https://city2city.ru/volgograd-serdobsk.html;Волгоград;Сердобск;
https://city2city.ru/volgograd-severnyj.html;Волгоград;посёлок городского типа Северный;
https://city2city.ru/volgograd-svecha.html;Волгоград;посёлок городского типа Свеча;
https://city2city.ru/volgograd-svetlyj.html;Волгоград;поселок Светлый;
https://city2city.ru/volgograd-svetlyj-yar.html;Волгоград;рабочий посёлок Светлый Яр;
https://city2city.ru/volgograd-tbilisskaya.html;Волгоград;станица Тбилисская;
https://city2city.ru/volgograd-timashyovsk.html;Волгоград;Тимашевск;
https://city2city.ru/volgograd-turki.html;Волгоград;посёлок городского типа Турки;
https://city2city.ru/volgograd-tver.html;Волгоград;Тверь;
https://city2city.ru/volgograd-tyoploe.html;Волгоград;рабочий посёлок Тёплое;
https://city2city.ru/volgograd-urengoj.html;Волгоград;Новый Уренгой;
https://city2city.ru/volgograd-ust-labinsk.html;Волгоград;Усть-Лабинск;
https://city2city.ru/volgograd-valujki.html;Волгоград;Валуйки;
https://city2city.ru/volgograd-velikie-luki.html;Волгоград;Великие Луки;
https://city2city.ru/volgograd-velikij-novgorod.html;Волгоград;Великий Новгород;
https://city2city.ru/volgograd-vladimir.html;Волгоград;Владимир;
https://city2city.ru/volgograd-vorkuta.html;Волгоград;Воркута;
https://city2city.ru/volgograd-vyezdnoe.html;Волгоград;рабочий посёлок Выездное;
https://city2city.ru/volgograd-xadyzhensk.html;Волгоград;Хадыженск;
https://city2city.ru/volgograd-yaroslavl.html;Волгоград;Ярославль;
https://city2city.ru/volgograd-zapolyarnyj.html;Волгоград;поселок городского типа Заполярный;
https://city2city.ru/volgograd-zhukovskij.html;Волгоград;Жуковский;
https://city2city.ru/vologda-apatity.html;Вологда;Апатиты;
https://city2city.ru/vologda-babaevo.html;Вологда;Бабаево;
https://city2city.ru/vologda-belyy.html;Вологда;Белый;
https://city2city.ru/vologda-chehov.html;Вологда;Чехов;
https://city2city.ru/vologda-dzerzhinsk.html;Вологда;Дзержинск;
https://city2city.ru/vologda-kargopol.html;Вологда;Каргополь;
https://city2city.ru/vologda-koryazhma.html;Вологда;Коряжма;
https://city2city.ru/vologda-krasnyy.html;Вологда;поселок городского типа Красный;
https://city2city.ru/vologda-kurgan.html;Вологда;Курган;
https://city2city.ru/vologda-lermontov.html;Вологда;Лермонтов;
https://city2city.ru/vologda-marks.html;Вологда;Маркс;
https://city2city.ru/vologda-nizhniy-novgorod.html;Вологда;Нижний Новгород;
https://city2city.ru/vologda-oktyabrskiy.html;Вологда;поселок Октябрьский;
https://city2city.ru/vologda-oktyabrskoe.html;Вологда;посёлок городского типа Октябрьское;
https://city2city.ru/vologda-olenegorsk.html;Вологда;Оленегорск;
https://city2city.ru/vologda-orlov.html;Вологда;Орлов;
https://city2city.ru/vologda-oryol.html;Вологда;Орёл;
https://city2city.ru/vologda-ostrov.html;Вологда;Остров;
https://city2city.ru/vologda-pestovo.html;Вологда;деревня Пестово;
https://city2city.ru/vologda-podolsk.html;Вологда;Подольск;
https://city2city.ru/vologda-prechistenskoe.html;Вологда;Пречистенское сельское поселение;
https://city2city.ru/vologda-proletarskiy.html;Вологда;посёлок городского типа Пролетарский;
https://city2city.ru/vologda-pugachyov.html;Вологда;Пугачёв;
https://city2city.ru/vologda-rybnoe.html;Вологда;Рыбное;
https://city2city.ru/vologda-rzhev.html;Вологда;Ржев;
https://city2city.ru/vologda-semyonov.html;Вологда;Семёнов;
https://city2city.ru/vologda-severnyy.html;Вологда;посёлок городского типа Северный;
https://city2city.ru/vologda-shchyolkovo.html;Вологда;Щёлково;
https://city2city.ru/vologda-sokol.html;Вологда;Сокол;
https://city2city.ru/vologda-sovetskiy.html;Вологда;Советский;
https://city2city.ru/vologda-sovetskoe.html;Вологда;посёлок городского типа Советское;
https://city2city.ru/vologda-stroitel.html;Вологда;Строитель;
https://city2city.ru/vologda-torzhok.html;Вологда;Торжок;
https://city2city.ru/vologda-tuapse.html;Вологда;Туапсе;
https://city2city.ru/vologda-vohtoga.html;Вологда;деревня Вохтога;
https://city2city.ru/vologda-zelyonyy-gorod.html;Вологда;курортный посёлок Зелёный Город;
https://city2city.ru/voronezh-alekseevka.html;Воронеж;Алексеевка;
https://city2city.ru/voronezh-belaya-glina.html;Воронеж;село Белая Глина;
https://city2city.ru/voronezh-budyonnovsk.html;Воронеж;Будённовск;
https://city2city.ru/voronezh-chkalovsk.html;Воронеж;Чкаловск;
https://city2city.ru/voronezh-czentralnyj.html;Воронеж;поселок городского типа Центральный;
https://city2city.ru/voronezh-dimitrovgrad.html;Воронеж;Димитровград;
https://city2city.ru/voronezh-dmitriev.html;Воронеж;Дмитриев;
https://city2city.ru/voronezh-dmitrov.html;Воронеж;Дмитров;
https://city2city.ru/voronezh-dzerzhinsk.html;Воронеж;Дзержинск;
https://city2city.ru/voronezh-gryazi.html;Воронеж;Грязи;
https://city2city.ru/voronezh-ilovlya.html;Воронеж;рабочий посёлок Иловля;
https://city2city.ru/voronezh-ivnya.html;Воронеж;посёлок городского типа Ивня;
https://city2city.ru/voronezh-izhevsk.html;Воронеж;Ижевск;
https://city2city.ru/voronezh-kalininsk.html;Воронеж;Калининск;
https://city2city.ru/voronezh-kamenka.html;Воронеж;рабочий посёлок Каменка;
https://city2city.ru/voronezh-kamenskij.html;Воронеж;посёлок Каменский;
https://city2city.ru/voronezh-kastornoe.html;Воронеж;посёлок городского типа Касторное;
https://city2city.ru/voronezh-kireevsk.html;Воронеж;Киреевск;
https://city2city.ru/voronezh-kudymkar.html;Воронеж;Кудымкар;
https://city2city.ru/voronezh-kuzneczk.html;Воронеж;Кузнецк;
https://city2city.ru/voronezh-leningradskaya.html;Воронеж;станица Ленинградская;
https://city2city.ru/voronezh-leninsk.html;Воронеж;Ленинск;
https://city2city.ru/voronezh-leninskoe.html;Воронеж;посёлок городского типа Ленинское;
https://city2city.ru/voronezh-lesnoj.html;Воронеж;поселок Лесной;
https://city2city.ru/voronezh-lgov.html;Воронеж;Льгов;
https://city2city.ru/voronezh-lokomotivnyj.html;Воронеж;посёлок городского типа Локомотивный;
https://city2city.ru/voronezh-magnitnyj.html;Воронеж;посёлок Магнитный;
https://city2city.ru/voronezh-mezhdurechenskij.html;Воронеж;посёлок городского типа Междуреченский;
https://city2city.ru/voronezh-michurinsk.html;Воронеж;Мичуринск;
https://city2city.ru/voronezh-mixajlov.html;Воронеж;Михайлов;
https://city2city.ru/voronezh-navlya.html;Воронеж;рабочий посёлок Навля;
https://city2city.ru/voronezh-neya.html;Воронеж;Нея;
https://city2city.ru/voronezh-noginsk.html;Воронеж;Ногинск;
https://city2city.ru/voronezh-novoaleksandrovsk.html;Воронеж;Новоалександровск;
https://city2city.ru/voronezh-oktyabrskij.html;Воронеж;поселок городского типа Октябрьский;
https://city2city.ru/voronezh-oktyabrskoe.html;Воронеж;посёлок городского типа Октябрьское;
https://city2city.ru/voronezh-osa.html;Воронеж;Оса;
https://city2city.ru/voronezh-otradnaya.html;Воронеж;станица Отрадная;
https://city2city.ru/voronezh-otradnyj.html;Воронеж;Отрадный;
https://city2city.ru/voronezh-pavlovskaya.html;Воронеж;станица Павловская;
https://city2city.ru/voronezh-pavlovskij.html;Воронеж;рабочий посёлок Павловский;
https://city2city.ru/voronezh-podolsk.html;Воронеж;Подольск;
https://city2city.ru/voronezh-povorino.html;Воронеж;Поворино;
https://city2city.ru/voronezh-rakitnoe.html;Воронеж;посёлок городского типа Ракитное;
https://city2city.ru/voronezh-ramenskoe.html;Воронеж;Раменское;
https://city2city.ru/voronezh-salsk.html;Воронеж;Сальск;
https://city2city.ru/voronezh-sarov.html;Воронеж;Саров;
https://city2city.ru/voronezh-shhyokino.html;Воронеж;Щёкино;
https://city2city.ru/voronezh-solczy.html;Воронеж;Сольцы;
https://city2city.ru/voronezh-sovetskij.html;Воронеж;посёлок городского типа Советский;
https://city2city.ru/voronezh-sovetskoe.html;Воронеж;посёлок городского типа Советское;
https://city2city.ru/voronezh-strunino.html;Воронеж;город Струнино;
https://city2city.ru/voronezh-suvorov.html;Воронеж;Суворов;
https://city2city.ru/voronezh-svobodnyj.html;Воронеж;поселок Свободный;
https://city2city.ru/voronezh-timashyovsk.html;Воронеж;Тимашевск;
https://city2city.ru/voronezh-tulskij.html;Воронеж;посёлок Тульский;
https://city2city.ru/voronezh-tyumen.html;Воронеж;Тюмень;
https://city2city.ru/voronezh-udomlya.html;Воронеж;Удомля;
https://city2city.ru/voronezh-valujki.html;Воронеж;Валуйки;
https://city2city.ru/voronezh-vologda.html;Воронеж;Вологда;
https://city2city.ru/voronezh-vostochnyj.html;Воронеж;посёлок городского типа Восточный;
https://city2city.ru/voronezh-vyselki.html;Воронеж;станица Выселки;
https://city2city.ru/voronezh-yasnyj.html;Воронеж;Ясный;
https://city2city.ru/voronezh-zarechnyj.html;Воронеж;Заречный;
https://city2city.ru/voronezh-znamenka.html;Воронеж;посёлок городского типа Знаменка;
https://city2city.ru/voronezh-zvenigorod.html;Воронеж;Звенигород;
https://city2city.ru/xabarovsk-angarsk.html;Хабаровск;Ангарск;
https://city2city.ru/xabarovsk-barnaul.html;Хабаровск;Барнаул;
https://city2city.ru/xabarovsk-belogorsk.html;Хабаровск;Белогорск;
https://city2city.ru/xabarovsk-bira.html;Хабаровск;посёлок Бира;
https://city2city.ru/xabarovsk-bodajbo.html;Хабаровск;Бодайбо;
https://city2city.ru/xabarovsk-fokino.html;Хабаровск;Фокино;
https://city2city.ru/xabarovsk-irkutsk.html;Хабаровск;Иркутск;
https://city2city.ru/xabarovsk-kirensk.html;Хабаровск;Киренск;
https://city2city.ru/xabarovsk-krasnoyarsk.html;Хабаровск;Красноярск;
https://city2city.ru/xabarovsk-kurgan.html;Хабаровск;Курган;
https://city2city.ru/xabarovsk-kyzyl.html;Хабаровск;Кызыл;
https://city2city.ru/xabarovsk-lesnoj.html;Хабаровск;Лесной;
https://city2city.ru/xabarovsk-malysheva.html;Хабаровск;рабочий поселок Малышева;
https://city2city.ru/xabarovsk-nizhnevartovsk.html;Хабаровск;Нижневартовск;
https://city2city.ru/xabarovsk-novyj-urengoj.html;Хабаровск;Новый Уренгой;
https://city2city.ru/xabarovsk-obluche.html;Хабаровск;Облучье;
https://city2city.ru/xabarovsk-pervomajskij.html;Хабаровск;посёлок Первомайский;
https://city2city.ru/xabarovsk-skovorodino.html;Хабаровск;Сковородино;
https://city2city.ru/xabarovsk-sovetskij.html;Хабаровск;Советский;
https://city2city.ru/xabarovsk-sovgavan.html;Хабаровск;Советская Гавань;
https://city2city.ru/xabarovsk-surgut.html;Хабаровск;Сургут;
https://city2city.ru/xabarovsk-tomsk.html;Хабаровск;Томск;
https://city2city.ru/xabarovsk-tryoxgornyj.html;Хабаровск;Трёхгорный;
https://city2city.ru/xabarovsk-tyumen.html;Хабаровск;Тюмень;
https://city2city.ru/xabarovsk-ulan-ude.html;Хабаровск;Улан-Удэ;
https://city2city.ru/xabarovsk-urengoj.html;Хабаровск;Новый Уренгой;
https://city2city.ru/xabarovsk-ust-ilimsk.html;Хабаровск;Усть-Илимск;
https://city2city.ru/xabarovsk-yuzhno-saxalinsk.html;Хабаровск;Южно-Сахалинск;
https://city2city.ru/xabarovsk-yuzhnyj.html;Хабаровск;рабочий поселок Южный;
https://city2city.ru/xanty-mansijsk-anna.html;Ханты-Мансийск;посёлок городского типа Анна;
https://city2city.ru/xanty-mansijsk-kirov.html;Ханты-Мансийск;Киров;
https://city2city.ru/xanty-mansijsk-lyantor.html;Ханты-Мансийск;Лянтор;
https://city2city.ru/xanty-mansijsk-mezhdurechensk.html;Ханты-Мансийск;посёлок городского типа Междуреченск;
https://city2city.ru/xanty-mansijsk-neya.html;Ханты-Мансийск;Нея;
https://city2city.ru/xanty-mansijsk-oktyabrskij.html;Ханты-Мансийск;поселок Октябрьский;
https://city2city.ru/xanty-mansijsk-oktyabrskoe.html;Ханты-Мансийск;посёлок городского типа Октябрьское;
https://city2city.ru/xanty-mansijsk-pervouralsk.html;Ханты-Мансийск;Первоуральск;
https://city2city.ru/xanty-mansijsk-sovetskoe.html;Ханты-Мансийск;посёлок городского типа Советское;
https://city2city.ru/xanty-mansijsk-vostochnyj.html;Ханты-Мансийск;посёлок городского типа Восточный;
https://city2city.ru/yakutsk-aeroport-xabarovsk-novyj.html;Якутск;аэропорт Хабаровск (Новый) имени Г.И. Невельского;
https://city2city.ru/yakutsk-belokurixa.html;Якутск;Белокуриха;
https://city2city.ru/yakutsk-dudinka.html;Якутск;Дудинка;
https://city2city.ru/yakutsk-kemerovo.html;Якутск;Кемерово;
https://city2city.ru/yakutsk-kirensk.html;Якутск;Киренск;
https://city2city.ru/yakutsk-oktyabrskoe.html;Якутск;посёлок городского типа Октябрьское;
https://city2city.ru/yakutsk-omsk.html;Якутск;Омск;
https://city2city.ru/yakutsk-surgut.html;Якутск;Сургут;
https://city2city.ru/yakutsk-ust-ilimsk.html;Якутск;Усть-Илимск;
https://city2city.ru/yakutsk-yuzhno-saxalinsk.html;Якутск;Южно-Сахалинск;
https://city2city.ru/yakutsk-zima.html;Якутск;Зима;
https://city2city.ru/yaroslavl-aleksandrov.html;Ярославль;Александров;
https://city2city.ru/yaroslavl-balakirevo.html;Ярославль;посёлок городского типа Балакирево;
https://city2city.ru/yaroslavl-boguchar.html;Ярославль;Богучар;
https://city2city.ru/yaroslavl-cherepovecz.html;Ярославль;Череповец;
https://city2city.ru/yaroslavl-chexov.html;Ярославль;Чехов;
https://city2city.ru/yaroslavl-domodedovo.html;Ярославль;Домодедово;
https://city2city.ru/yaroslavl-dzhubga.html;Ярославль;посёлок городского типа Джубга;
https://city2city.ru/yaroslavl-gavrilovka.html;Ярославль;рабочий посёлок Гавриловка;
https://city2city.ru/yaroslavl-karabanovo.html;Ярославль;Карабаново;
https://city2city.ru/yaroslavl-kashin.html;Ярославль;Кашин;
https://city2city.ru/yaroslavl-konosha.html;Ярославль;рабочий посёлок Коноша;
https://city2city.ru/yaroslavl-krasnyj.html;Ярославль;поселок городского типа Красный;
https://city2city.ru/yaroslavl-krasnyj-oktyabr.html;Ярославль;посёлок городского типа Красный Октябрь;
https://city2city.ru/yaroslavl-krylovskaya.html;Ярославль;станица Крыловская;
https://city2city.ru/yaroslavl-lakinsk.html;Ярославль;Лакинск;
https://city2city.ru/yaroslavl-leningradskaya.html;Ярославль;станица Ленинградская;
https://city2city.ru/yaroslavl-lesnoj.html;Ярославль;Лесной;
https://city2city.ru/yaroslavl-lgov.html;Ярославль;Льгов;
https://city2city.ru/yaroslavl-nerexta.html;Ярославль;Нерехта;
https://city2city.ru/yaroslavl-oktyabrskoe.html;Ярославль;посёлок городского типа Октябрьское;
https://city2city.ru/yaroslavl-panino.html;Ярославль;рабочий посёлок Панино;
https://city2city.ru/yaroslavl-pavlovskaya.html;Ярославль;станица Павловская;
https://city2city.ru/yaroslavl-pavlovskij.html;Ярославль;рабочий посёлок Павловский;
https://city2city.ru/yaroslavl-pervomajskij.html;Ярославль;посёлок Первомайский;
https://city2city.ru/yaroslavl-petrozavodsk.html;Ярославль;Петрозаводск;
https://city2city.ru/yaroslavl-petushki.html;Ярославль;Петушки;
https://city2city.ru/yaroslavl-pionerskij.html;Ярославль;посёлок городского типа Пионерский;
https://city2city.ru/yaroslavl-pochinok.html;Ярославль;Починок;
https://city2city.ru/yaroslavl-promyshlennyj.html;Ярославль;посёлок городского типа Промышленный;
https://city2city.ru/yaroslavl-pushkino.html;Ярославль;посёлок городского типа Пушкино;
https://city2city.ru/yaroslavl-pyatniczkoe.html;Ярославль;посёлок городского типа Пятницкое;
https://city2city.ru/yaroslavl-ramenskoe.html;Ярославль;Раменское;
https://city2city.ru/yaroslavl-rodniki.html;Ярославль;Родники;
https://city2city.ru/yaroslavl-ryazhsk.html;Ярославль;Ряжск;
https://city2city.ru/yaroslavl-safonovo.html;Ярославль;Сафоново;
https://city2city.ru/yaroslavl-sokol.html;Ярославль;Сокол;
https://city2city.ru/yaroslavl-sovetskij.html;Ярославль;Советский;
https://city2city.ru/yaroslavl-sovetskoe.html;Ярославль;посёлок городского типа Советское;
https://city2city.ru/yaroslavl-stroitel.html;Ярославль;Строитель;
https://city2city.ru/yaroslavl-stupino.html;Ярославль;Ступино;
https://city2city.ru/yaroslavl-svetlyj.html;Ярославль;поселок Светлый;
https://city2city.ru/yaroslavl-svobodnyj.html;Ярославль;посёлок городского типа Свободный;
https://city2city.ru/yaroslavl-tambov.html;Ярославль;Тамбов;
https://city2city.ru/yaroslavl-volsk.html;Ярославль;Вольск;
https://city2city.ru/yaroslavl-volzhskij.html;Ярославль;Волжский;
https://city2city.ru/yaroslavl-vorkuta.html;Ярославль;Воркута;
https://city2city.ru/yaroslavl-voznesenskoe.html;Ярославль;деревня Вознесенское;
https://city2city.ru/yaroslavl-xolm.html;Ярославль;деревня Холм;
https://city2city.ru/yaroslavl-yasnyj.html;Ярославль;Ясный;
https://city2city.ru/yaroslavl-zavolzhe.html;Ярославль;Заволжье;
https://city2city.ru/yaroslavl-zhukovskij.html;Ярославль;Жуковский;
