city_from,city_to,page_url,distance_km,duration_hours,price
аэропорт Томск (Богашёво) имени Н.И. Камова,Северск,https://city2city.ru/aeroport-bogashyovo-seversk,40,1.0,3000
аэропорт Томск (Богашёво) имени Н.И. Камова,Юрга,https://city2city.ru/aeroport-bogashyovo-yurga,125,2.0,4500
аэропорт Гагарин,Балаково,https://city2city.ru/aeroport-gagarin-balakovo,155,2.0,5100
аэропорт Гагарин,Вольск,https://city2city.ru/aeroport-gagarin-volsk,121,1.5,4400
аэропорт Екатеринбург (Кольцово) имени А.Н. Демидова,Челябинск,https://city2city.ru/aeroport-kolczovo-chelyabinsk,200,3.0,6000
аэропорт Екатеринбург (Кольцово) имени А.Н. Демидова,Каменск-Уральский,https://city2city.ru/aeroport-kolczovo-kamensk-uralskij,100,1.5,3600
аэропорт Екатеринбург (Кольцово) имени А.Н. Демидова,Курган,https://city2city.ru/aeroport-kolczovo-kurgan,360,5.0,10800
аэропорт Екатеринбург (Кольцово) имени А.Н. Демидова,Миасс,https://city2city.ru/aeroport-kolczovo-miass,230,3.5,6900
аэропорт Екатеринбург (Кольцово) имени А.Н. Демидова,Нижний Тагил,https://city2city.ru/aeroport-kolczovo-nizhnij-tagil,141,2.0,5100
аэропорт Екатеринбург (Кольцово) имени А.Н. Демидова,Первоуральск,https://city2city.ru/aeroport-kolczovo-pervouralsk,60,1.0,3000
аэропорт Краснодар (Пашковский) имени Екатерины II,Донецк,https://city2city.ru/aeroport-krasnodar-pashkovskij-doneczk-rostovskaya-oblast,437,6.0,13100
аэропорт Самара (Курумоч) имени С.П. Королева,Бугуруслан,https://city2city.ru/aeroport-kurumoch-buguruslan,185,2.5,6100
аэропорт Самара (Курумоч) имени С.П. Королева,Бузулук,https://city2city.ru/aeroport-kurumoch-buzuluk,200,3.0,6000
аэропорт Самара (Курумоч) имени С.П. Королева,52А-3,https://city2city.ru/aeroport-kurumoch-granicza-kazaxstan,300,4.5,9000
аэропорт Самара (Курумоч) имени С.П. Королева,Оренбург,https://city2city.ru/aeroport-kurumoch-orenburg,440,6.5,13200
аэропорт Самара (Курумоч) имени С.П. Королева,Первомайск,https://city2city.ru/aeroport-kurumoch-pervomajsk,632,9.0,19000
аэропорт Самара (Курумоч) имени С.П. Королева,Сызрань,https://city2city.ru/aeroport-kurumoch-syzran,152,2.0,5000
Аэропорт Платов,село Бугаёвка,https://city2city.ru/aeroport-platov-app-bugaevka,363,5.0,10900
аэропорт Пулково,Ивангород,https://city2city.ru/aeroport-pulkovo-ivangorod,165,2.5,5400
аэропорт Пулково,Мурманск,https://city2city.ru/aeroport-pulkovo-murmansk,1370,19.5,41100
аэропорт Пулково,Псков,https://city2city.ru/aeroport-pulkovo-pskov,300,4.5,9000
аэропорт Пулково,Тихвин,https://city2city.ru/aeroport-pulkovo-tixvin,225,3.0,6800
аэропорт Пулково,Великий Новгород,https://city2city.ru/aeroport-pulkovo-velikij-novgorod,190,2.5,6300
Новосибирск (Толмачёво) терминал Б,Новоалтайск,https://city2city.ru/aeroport-tolmachevo-novosibirsk-novoaltaysk,222,3.0,8000
Алдан,Якутск,https://city2city.ru/aldan-jakutsk,525,7.5,15800
Архангельск,Вологда,https://city2city.ru/arxangelsk-vologda,765,11.0,23000
Астрахань,Адлер,https://city2city.ru/astraxan-adler,1110,16.0,33300
Астрахань,село Котяевка,https://city2city.ru/astraxan-app-karauzek,60,1.0,3000
Астрахань,Ахтубинск,https://city2city.ru/astraxan-axtubinsk,310,4.5,9300
Астрахань,Белгород,https://city2city.ru/astraxan-belgorod,1260,18.0,38000
Астрахань,Будённовск,https://city2city.ru/astraxan-budyonnovsk,500,7.0,15000
Астрахань,Ейск,https://city2city.ru/astraxan-ejsk,895,13.0,26800
Астрахань,Элиста,https://city2city.ru/astraxan-elista,310,4.5,9300
Астрахань,Феодосия,https://city2city.ru/astraxan-feodosiya,1165,16.5,35000
Астрахань,Геленджик,https://city2city.ru/astraxan-gelendzhik,980,14.0,29400
Астрахань,Лагань,https://city2city.ru/astraxan-gorod-lagan,175,2.5,5800
Астрахань,52А-3,https://city2city.ru/astraxan-granicza-kazaxstan,70,1.0,3200
Астрахань,село Ильинка,https://city2city.ru/astraxan-ilinka,20,0.5,2000
Астрахань,Каменск-Шахтинский,https://city2city.ru/astraxan-kamensk-shaxtinskij,775,11.0,23200
Астрахань,Камызяк,https://city2city.ru/astraxan-kamyzyak,35,1.0,3000
Астрахань,Казань,https://city2city.ru/astraxan-kazan,1460,21.0,43800
Астрахань,Керчь,https://city2city.ru/astraxan-kerch,1070,15.5,32000
Астрахань,Кисловодск,https://city2city.ru/astraxan-kislovodsk,675,9.5,20200
Астрахань,посёлок городского типа Козлово,https://city2city.ru/astraxan-kozlovo,55,1.0,2000
Астрахань,поселок городского типа Красные Баррикады,https://city2city.ru/astraxan-krasnye-barrikady,30,0.5,2000
Астрахань,Лагань,https://city2city.ru/astraxan-lagan,175,2.5,5800
Астрахань,рабочий посёлок Лиман,https://city2city.ru/astraxan-liman,105,1.5,3800
Астрахань,Липецк,https://city2city.ru/astraxan-lipeczk,1110,16.0,33500
Астрахань,Минеральные Воды,https://city2city.ru/astraxan-mineralnye-vody,620,9.0,18600
Астрахань,Москва,https://city2city.ru/astraxan-moskva,1395,20.0,41800
Астрахань,Нариманов,https://city2city.ru/astraxan-narimanov,45,0.5,2000
Астрахань,Нефтекумск,https://city2city.ru/astraxan-neftekumsk,420,6.0,12500
Астрахань,Нижний Новгород,https://city2city.ru/astraxan-nizhnij-novgorod,1410,20.0,42500
Астрахань,Новороссийск,https://city2city.ru/astraxan-novorossijsk,970,14.0,29000
Астрахань,Оренбург,https://city2city.ru/astraxan-orenburg,1620,23.0,48500
Астрахань,Пенза,https://city2city.ru/astraxan-penza,1010,14.5,30500
Астрахань,посёлок городского типа Цаган Аман,https://city2city.ru/astraxan-posyolok-czagan-aman,180,2.5,5900
Астрахань,посёлок Комсомольский,https://city2city.ru/astraxan-posyolok-komsomolskij,235,3.5,7000
Астрахань,поселок Яшкуль,https://city2city.ru/astraxan-posyolok-yashkul,225,3.0,6800
Астрахань,Пятигорск,https://city2city.ru/astraxan-pyatigorsk,640,9.0,19200
Астрахань,Ростов-на-Дону,https://city2city.ru/astraxan-rostov-na-donu,770,11.0,23100
Астрахань,Рязань,https://city2city.ru/astraxan-ryazan,1220,17.5,36500
Астрахань,Санкт-Петербург,https://city2city.ru/astraxan-sankt-peterburg,2105,30.0,63200
Астрахань,Саратов,https://city2city.ru/astraxan-saratov,800,11.5,24000
Астрахань,Севастополь,https://city2city.ru/astraxan-sevastopol,1350,19.5,40500
Астрахань,Сочи,https://city2city.ru/astraxan-sochi,1085,15.5,32600
Астрахань,станица Курская,https://city2city.ru/astraxan-stanicza-kurskaya,540,7.5,16000
Астрахань,Старица,https://city2city.ru/astraxan-staricza,1620,23.0,48500
Астрахань,Ставрополь,https://city2city.ru/astraxan-stavropol,580,8.5,17400
Астрахань,Тамбов,https://city2city.ru/astraxan-tambov,950,13.5,28500
Астрахань,Темрюк,https://city2city.ru/astraxan-temryuk,970,14.0,29000
Астрахань,Туапсе,https://city2city.ru/astraxan-tuapse,970,14.0,29000
Астрахань,Уфа,https://city2city.ru/astraxan-ufa,1680,24.0,50500
Астрахань,Валуйки,https://city2city.ru/astraxan-valujki,1150,16.5,34500
Астрахань,посёлок городского типа Верхний Баскунчак,https://city2city.ru/astraxan-verxnij-baskunchak,340,5.0,10200
Астрахань,поселок городского типа Волго-Каспийский,https://city2city.ru/astraxan-volgo-kaspijskij,25,0.5,2000
Астрахань,Волгодонск,https://city2city.ru/astraxan-volgodonsk,550,8.0,16500
Астрахань,Волгоград,https://city2city.ru/astraxan-volgograd,425,6.0,12800
Астрахань,Волжский,https://city2city.ru/astraxan-volzhskij,440,6.5,13200
Астрахань,Воронеж,https://city2city.ru/astraxan-voronezh,1000,14.5,30000
Астрахань,Харабали,https://city2city.ru/astraxan-xarabali,160,2.5,5300
Астрахань,Ялта,https://city2city.ru/astraxan-yalta,1345,19.0,40400
Астрахань,Заволжское сельское поселение,https://city2city.ru/astraxan-zavolzhskoe,140,2.0,4000
Астрахань,Зеленокумск,https://city2city.ru/astraxan-zelenokumsk,560,8.0,17000
Астрахань,Железноводск,https://city2city.ru/astraxan-zheleznovodsk,640,9.0,19000
Астрахань,Знаменск,https://city2city.ru/astraxan-znamensk,360,5.0,11000
Барнаул,Абакан,https://city2city.ru/barnaul-abakan,1140,16.5,34000
Барнаул,Новосибирск (Толмачёво) терминал Б,https://city2city.ru/barnaul-aeroport-tolmachevo-novosibirsk,255,3.5,7500
Барнаул,Алейск,https://city2city.ru/barnaul-alyaysk,135,2.0,4900
Барнаул,Белокуриха,https://city2city.ru/barnaul-belokuriha,225,3.0,6800
Барнаул,Бердск,https://city2city.ru/barnaul-berdsk,195,3.0,6000
Барнаул,Бийск,https://city2city.ru/barnaul-biysk-2,160,2.5,5300
Барнаул,Черепаново,https://city2city.ru/barnaul-cherepanovo-2,135,2.0,4000
Барнаул,Горно-Алтайск,https://city2city.ru/barnaul-gorno-altaysk,255,3.5,7600
Барнаул,Искитим,https://city2city.ru/barnaul-iskitim-2,180,2.5,5500
Барнаул,Красноярск,https://city2city.ru/barnaul-krasnoyarsk,920,13.0,27600
Барнаул,Кызыл,https://city2city.ru/barnaul-kyzyl,1520,21.5,45500
Барнаул,Новоалтайск,https://city2city.ru/barnaul-novoaltaysk,20,0.5,2000
Барнаул,Новокузнецк,https://city2city.ru/barnaul-novokuznetsk,410,6.0,12500
Барнаул,Омск,https://city2city.ru/barnaul-omsk,875,12.5,26000
Барнаул,Рубцовск,https://city2city.ru/barnaul-rubtsovsk,295,4.0,8800
Барнаул,Славгород,https://city2city.ru/barnaul-slavgorod,440,6.5,13000
Барнаул,Томск,https://city2city.ru/barnaul-tomsk,490,7.0,14700
Барнаул,Яровое,https://city2city.ru/barnaul-yarovoe,450,6.5,13500
Барнаул,Юрга,https://city2city.ru/barnaul-yurga,410,6.0,12500
Барнаул,Заринск,https://city2city.ru/barnaul-zarinsk,115,1.5,3500
Барнаул,Змеиногорск,https://city2city.ru/barnaul-zmeinogorsk-2,330,4.5,9900
Белгород,Адлер,https://city2city.ru/belgorod-adler,1260,18.0,38000
Белгород,Алексеевка,https://city2city.ru/belgorod-alekseevka,1260,18.0,38000
Белгород,село Колотиловка,https://city2city.ru/belgorod-app-kolotilovka,100,1.5,3600
Белгород,Архангельск,https://city2city.ru/belgorod-arxangelsk,1900,27.0,57000
Белгород,Бирюч,https://city2city.ru/belgorod-biryuch,150,2.0,4500
Белгород,Богучар,https://city2city.ru/belgorod-boguchar,360,5.0,11000
Белгород,Боровичи,https://city2city.ru/belgorod-borovichi,1100,15.5,33000
Белгород,Челябинск,https://city2city.ru/belgorod-chelyabinsk,2010,28.5,60500
Белгород,посёлок городского типа Чернянка,https://city2city.ru/belgorod-chernyanka,105,1.5,3800
Белгород,Екатеринбург,https://city2city.ru/belgorod-ekaterinburg,2165,31.0,65000
Белгород,А-350,https://city2city.ru/belgorod-granicza-kitaj,78,1.0,3500
Белгород,М-3 Украина,https://city2city.ru/belgorod-granicza-ukraina,150,2.0,5000
Белгород,посёлок городского типа Ивня,https://city2city.ru/belgorod-ivnya,75,1.0,2000
Белгород,Калуга,https://city2city.ru/belgorod-kaluga,505,7.0,15000
Белгород,станица Каневская,https://city2city.ru/belgorod-kanevskaya,867,12.5,26000
Белгород,Казань,https://city2city.ru/belgorod-kazan,1285,18.5,38600
Белгород,Керчь,https://city2city.ru/belgorod-kerch,1190,17.0,35500
Белгород,Короча,https://city2city.ru/belgorod-korocha,55,1.0,3000
Белгород,посёлок городского типа Красная Яруга,https://city2city.ru/belgorod-krasnaya-yaruga,80,1.0,2500
Белгород,посёлок городского типа Красный Октябрь,https://city2city.ru/belgorod-krasnyj-oktyabr,35,0.5,2000
Белгород,Липецк,https://city2city.ru/belgorod-lipeck,385,5.5,11500
Белгород,Лиски,https://city2city.ru/belgorod-liski,260,3.5,8000
Белгород,Ливны,https://city2city.ru/belgorod-livny,300,4.5,9000
Белгород,посёлок городского типа Маслова Пристань,https://city2city.ru/belgorod-maslova-pristan,20,0.5,2000
Белгород,Миллерово,https://city2city.ru/belgorod-millerovo,480,7.0,14500
Белгород,Москва,https://city2city.ru/belgorod-moskva,660,9.5,19800
Белгород,Муром,https://city2city.ru/belgorod-murom,970,14.0,29000
Белгород,Наро-Фоминск,https://city2city.ru/belgorod-naro-fominsk,620,9.0,18500
Белгород,Нижний Новгород,https://city2city.ru/belgorod-nizhnij-novgorod,1080,15.5,32500
Белгород,Новый Оскол,https://city2city.ru/belgorod-novyj_oskol,110,1.5,3500
Белгород,Обнинск,https://city2city.ru/belgorod-obninsk,590,8.5,17500
Белгород,Обоянь,https://city2city.ru/belgorod-oboyan,80,1.0,2500
Белгород,Орёл,https://city2city.ru/belgorod-orel,300,4.5,9000
Белгород,Пенза,https://city2city.ru/belgorod-penza,765,11.0,23000
Белгород,Петрозаводск,https://city2city.ru/belgorod-petrozavodsk,1660,23.5,50000
Белгород,Псков,https://city2city.ru/belgorod-pskov,1135,16.0,34000
Белгород,Раменское,https://city2city.ru/belgorod-ramenskoe,690,10.0,20700
Белгород,Россошь,https://city2city.ru/belgorod-rossosh,260,3.5,7800
Белгород,Россошь,https://city2city.ru/belgorod-rossosh-2,260,3.5,7800
Белгород,посёлок городского типа Ровеньки,https://city2city.ru/belgorod-rovenki,240,3.5,7200
Белгород,Рязань,https://city2city.ru/belgorod-ryazan,640,9.0,19000
Белгород,Рыльск,https://city2city.ru/belgorod-rylsk,230,3.5,7000
Белгород,Самара,https://city2city.ru/belgorod-samara,1190,17.0,35500
Белгород,Санкт-Петербург,https://city2city.ru/belgorod-sankt-peterburg,1365,19.5,41000
Белгород,Саратов,https://city2city.ru/belgorod-saratov,775,11.0,23200
Белгород,село Троицкое,https://city2city.ru/belgorod-selo-troiczkoe,135,2.0,4000
Белгород,Серпухов,https://city2city.ru/belgorod-serpuxov,573,8.0,17200
Белгород,Севастополь,https://city2city.ru/belgorod-sevastopol,1470,21.0,44000
Белгород,Шебекино,https://city2city.ru/belgorod-shebekino,35,0.5,2000
Белгород,Симферополь,https://city2city.ru/belgorod-simferopol,1380,19.5,41500
Белгород,Смоленск,https://city2city.ru/belgorod-smolensk,670,9.5,20100
Белгород,Смоленск,https://city2city.ru/belgorod-smolensk-2,670,9.5,20100
Белгород,Сочи,https://city2city.ru/belgorod-sochi,1230,17.5,37000
Белгород,Ставрополь,https://city2city.ru/belgorod-stavropol,1055,15.0,31500
Белгород,Строитель,https://city2city.ru/belgorod-stroitel,25,0.5,2000
Белгород,Тамбов,https://city2city.ru/belgorod-tambov,475,7.0,14200
Белгород,посёлок городского типа Томаровка,https://city2city.ru/belgorod-tomarovka,30,0.5,2000
Белгород,Тула,https://city2city.ru/belgorod-tula,485,7.0,14500
Белгород,Тверь,https://city2city.ru/belgorod-tver,830,12.0,24900
Белгород,Уфа,https://city2city.ru/belgorod-ufa,1600,23.0,48000
Белгород,посёлок городского типа Уразово,https://city2city.ru/belgorod-urazovo,160,2.5,5300
Белгород,Валуйки,https://city2city.ru/belgorod-valujki,147,2.0,5300
Белгород,посёлок городского типа Вейделевка,https://city2city.ru/belgorod-vejdelevka,175,2.5,5000
Белгород,Великий Новгород,https://city2city.ru/belgorod-velikij-novgorod,1195,17.0,35800
Белгород,Владимир,https://city2city.ru/belgorod-vladimir,840,12.0,25200
Белгород,Волгоград,https://city2city.ru/belgorod-volgograd,810,11.5,24300
Белгород,Вологда,https://city2city.ru/belgorod-vologda,1130,16.0,33900
Белгород,посёлок городского типа Волоконовка,https://city2city.ru/belgorod-volokonovka,115,1.5,3500
Белгород,Воронеж,https://city2city.ru/belgorod-voronezh,255,3.5,7600
Белгород,посёлок городского типа Яковлево,https://city2city.ru/belgorod-yakovlevo,30,0.5,2000
Белгород,Ярославль,https://city2city.ru/belgorod-yaroslavl,935,13.5,28000
Белогорск,Благовещенск,https://city2city.ru/belogorsk-blagoveshhensk,130,2.0,4700
Благовещенск,Алдан,https://city2city.ru/blagoveshhensk-aldan,1240,17.5,37200
Благовещенск,Белогорск,https://city2city.ru/blagoveshhensk-belogorsk,130,2.0,4700
Благовещенск,Биробиджан,https://city2city.ru/blagoveshhensk-birobidzhan,520,7.5,15600
Благовещенск,Чита,https://city2city.ru/blagoveshhensk-chita,1520,21.5,45600
Благовещенск,Циолковский,https://city2city.ru/blagoveshhensk-cziolkovskij,245,3.5,7400
Благовещенск,Якутск,https://city2city.ru/blagoveshhensk-jakutsk,1765,25.0,53000
Благовещенск,Комсомольск-на-Амуре,https://city2city.ru/blagoveshhensk-komsomolsk-na-amure,1090,15.5,32500
Благовещенск,поселок городского типа Кульдур,https://city2city.ru/blagoveshhensk-kuldur,430,6.0,13000
Благовещенск,Нерюнгри,https://city2city.ru/blagoveshhensk-nerjungri,980,14.0,29400
Благовещенск,Облучье,https://city2city.ru/blagoveshhensk-obluche,360,5.0,11000
Благовещенск,Райчихинск,https://city2city.ru/blagoveshhensk-rajchixinsk,170,2.5,5600
Благовещенск,Шимановск,https://city2city.ru/blagoveshhensk-shimanovsk,295,4.0,8800
Благовещенск,Сковородино,https://city2city.ru/blagoveshhensk-skovorodino,640,9.0,19200
Благовещенск,Свободный,https://city2city.ru/blagoveshhensk-svobodnyj,155,2.0,5100
Благовещенск,Томмот,https://city2city.ru/blagoveshhensk-tommot,1320,19.0,39500
Благовещенск,Тында,https://city2city.ru/blagoveshhensk-tynda,775,11.0,23200
Благовещенск,Углегорск,https://city2city.ru/blagoveshhensk-uglegorsk,5200,74.5,156000
Благовещенск,Улан-Удэ,https://city2city.ru/blagoveshhensk-ulan-ude,2200,31.5,66000
Благовещенск,Уссурийск,https://city2city.ru/blagoveshhensk-ussurijsk,1390,20.0,41500
Благовещенск,Владивосток,https://city2city.ru/blagoveshhensk-vladivostok,1415,20.0,42400
Благовещенск,Хабаровск,https://city2city.ru/blagoveshhensk-xabarovsk,720,10.5,21600
Благовещенск,Завитинск,https://city2city.ru/blagoveshhensk-zavitinsk,170,2.5,5600
Благовещенск,Зея,https://city2city.ru/blagoveshhensk-zeya,510,7.5,15300
Братск,Иркутск,https://city2city.ru/bratsk-irkutsk,620,9.0,18500
Братск,Красноярск,https://city2city.ru/bratsk-krasnojarsk,680,9.5,20400
Брянск,Адлер,https://city2city.ru/bryansk-adler,1600,23.0,48000
Брянск,посёлок Белая Берёзка,https://city2city.ru/bryansk-belaya-beryozka,130,2.0,4700
Брянск,Белгород,https://city2city.ru/bryansk-belgorod,420,6.0,12500
Брянск,посёлок Бытошь,https://city2city.ru/bryansk-bytosh,80,1.0,2500
Брянск,Десногорск,https://city2city.ru/bryansk-desnogorsk,175,2.5,5000
Брянск,Домодедово,https://city2city.ru/bryansk-domodedovo,400,5.5,12000
Брянск,Донецк,https://city2city.ru/bryansk-doneczk-rostovskaya-oblast,1170,16.5,35100
Брянск,деревня Дубровка,https://city2city.ru/bryansk-dubrovka,90,1.5,4000
Брянск,Дятьково,https://city2city.ru/bryansk-dyatkovo,45,1.0,3000
Брянск,Геленджик,https://city2city.ru/bryansk-gelendzhik,1470,21.0,44000
Брянск,посёлок Ивот,https://city2city.ru/bryansk-ivot,60,1.0,2000
Брянск,Калуга,https://city2city.ru/bryansk-kaluga,225,3.0,6800
Брянск,Каменка,https://city2city.ru/bryansk-kamenka,780,11.0,23500
Брянск,Карачев,https://city2city.ru/bryansk-karachev,45,1.0,3000
Брянск,Киров,https://city2city.ru/bryansk-kirov-kaluzhskaya-oblast,1370,19.5,41000
Брянск,посёлок городского типа Клетня,https://city2city.ru/bryansk-kletnya,95,1.5,4300
Брянск,посёлок Климово,https://city2city.ru/bryansk-klimovo,215,3.0,6400
Брянск,посёлок Комаричи,https://city2city.ru/bryansk-komarichi,130,2.0,4000
Брянск,посёлок городского типа Красная Гора,https://city2city.ru/bryansk-krasnaya-gora,230,3.5,7000
Брянск,Курск,https://city2city.ru/bryansk-kursk,285,4.0,8500
Брянск,Липецк,https://city2city.ru/bryansk-lipeczk,430,6.0,13000
Брянск,Ливны,https://city2city.ru/bryansk-livny,270,4.0,8000
Брянск,посёлок Локоть,https://city2city.ru/bryansk-lokot,95,1.5,4300
Брянск,Людиново,https://city2city.ru/bryansk-lyudinovo,80,1.0,3600
Брянск,Муром,https://city2city.ru/bryansk-murom,715,10.0,21400
Брянск,Наро-Фоминск,https://city2city.ru/bryansk-naro-fominsk,320,4.5,9500
Брянск,рабочий посёлок Навля,https://city2city.ru/bryansk-navlya,60,1.0,2000
Брянск,Нижний Новгород,https://city2city.ru/bryansk-nizhnij-novgorod,820,11.5,24600
Брянск,Новомосковск,https://city2city.ru/bryansk-novomoskovsk,351,5.0,10500
Брянск,Новозыбков,https://city2city.ru/bryansk-novozybkov,200,3.0,6000
Брянск,Обнинск,https://city2city.ru/bryansk-obninsk,285,4.0,8500
Брянск,Орёл,https://city2city.ru/bryansk-oryol,130,2.0,4000
Брянск,Почеп,https://city2city.ru/bryansk-pochep,80,1.0,2500
Брянск,посёлок Погар,https://city2city.ru/bryansk-pogar,125,2.0,4500
Брянск,Псков,https://city2city.ru/bryansk-pskov,705,10.0,21000
Брянск,поселок Рогнедино,https://city2city.ru/bryansk-rognedino,100,1.5,3000
Брянск,Россошь,https://city2city.ru/bryansk-rossosh,630,9.0,19000
Брянск,Ростов-на-Дону,https://city2city.ru/bryansk-rostov-na-donu,1030,14.5,30900
Брянск,Рыльск,https://city2city.ru/bryansk-rylsk,210,3.0,6500
Брянск,Санкт-Петербург,https://city2city.ru/bryansk-sankt-peterburg,1080,15.5,32400
Брянск,село Троицкое,https://city2city.ru/bryansk-selo-troiczkoe,110,1.5,4000
Брянск,Севск,https://city2city.ru/bryansk-sevsk,140,2.0,4000
Брянск,Симферополь,https://city2city.ru/bryansk-simferopol,1720,24.5,51500
Брянск,Смоленск,https://city2city.ru/bryansk-smolensk,245,3.5,7400
Брянск,Сочи,https://city2city.ru/bryansk-sochi,1580,22.5,47500
Брянск,посёлок Старь,https://city2city.ru/bryansk-star,65,1.0,2000
Брянск,Стародуб,https://city2city.ru/bryansk-starodub,140,2.0,5000
Брянск,Ставрополь,https://city2city.ru/bryansk-stavropol,1365,19.5,41000
Брянск,Сураж,https://city2city.ru/bryansk-surazh,165,2.5,5000
Брянск,посёлок Суземка,https://city2city.ru/bryansk-suzemka,160,2.5,5000
Брянск,Трубчевск,https://city2city.ru/bryansk-trubchevsk,95,1.5,3000
Брянск,Тула,https://city2city.ru/bryansk-tula,330,4.5,10000
Брянск,Тверь,https://city2city.ru/bryansk-tver,520,7.5,15600
Брянск,Унеча,https://city2city.ru/bryansk-unecha,140,2.0,5000
Брянск,Воронеж,https://city2city.ru/bryansk-voronezh,445,6.5,13500
Брянск,посёлок городского типа Выгоничи,https://city2city.ru/bryansk-vygonichi,30,0.5,2000
Брянск,Хвалынск,https://city2city.ru/bryansk-xvalynsk,1196,17.0,35900
Брянск,Злынка,https://city2city.ru/bryansk-zlynka,215,3.0,6500
Чебоксары,Алатырь,https://city2city.ru/cheboksary-alatyr,195,3.0,6000
Чебоксары,Белебей,https://city2city.ru/cheboksary-belebej,590,8.5,17500
Чебоксары,Бугульма,https://city2city.ru/cheboksary-bugulma,460,6.5,14000
Чебоксары,Цивильск,https://city2city.ru/cheboksary-czivilsk,35,0.5,2000
Чебоксары,деревня Дубровка,https://city2city.ru/cheboksary-dubrovka,1143,16.5,34300
Чебоксары,52А-3,https://city2city.ru/cheboksary-granicza-kazaxstan,830,12.0,25000
Чебоксары,Ижевск,https://city2city.ru/cheboksary-izhevsk,520,7.5,15500
Чебоксары,деревня Канаш,https://city2city.ru/cheboksary-kanash,180,2.5,5900
Чебоксары,Киров,https://city2city.ru/cheboksary-kirov,395,5.5,12000
Чебоксары,рабочий посёлок Комсомольский,https://city2city.ru/cheboksary-komsomolskij,540,7.5,16000
Чебоксары,село Козловка,https://city2city.ru/cheboksary-kozlovka,95,1.5,3000
Чебоксары,Козьмодемьянск,https://city2city.ru/cheboksary-kozmodemyansk,70,1.0,2000
Чебоксары,Красноармейск,https://city2city.ru/cheboksary-krasnoarmejsk,740,10.5,22000
Чебоксары,Кстово,https://city2city.ru/cheboksary-kstovo,215,3.0,6500
Чебоксары,Лысково,https://city2city.ru/cheboksary-lyskovo,160,2.5,5000
Чебоксары,Магнитогорск,https://city2city.ru/cheboksary-magnitogorsk,1035,15.0,31000
Чебоксары,Набережные Челны,https://city2city.ru/cheboksary-naberezhnye-chelny,405,6.0,12000
Чебоксары,Нижнекамск,https://city2city.ru/cheboksary-nizhnekamsk,370,5.5,11000
Чебоксары,Нижний Новгород,https://city2city.ru/cheboksary-nizhnij-novgorod,240,3.5,7000
Чебоксары,Новочебоксарск,https://city2city.ru/cheboksary-novocheboksarsk,15,1.0,3000
Чебоксары,Обнинск,https://city2city.ru/cheboksary-obninsk,770,11.0,23100
Чебоксары,Октябрьский,https://city2city.ru/cheboksary-oktyabrskij-respublika-bashkortostan,560,8.0,17000
Чебоксары,Пенза,https://city2city.ru/cheboksary-penza,470,6.5,14000
Чебоксары,Пермь,https://city2city.ru/cheboksary-perm,725,10.5,22000
Чебоксары,поселок городского типа Пильна,https://city2city.ru/cheboksary-pilna,175,2.5,5000
Чебоксары,посёлок Комсомольский,https://city2city.ru/cheboksary-posyolok-komsomolskij,260,3.5,8000
Чебоксары,Ростов-на-Дону,https://city2city.ru/cheboksary-rostov-na-donu,1390,20.0,41700
Чебоксары,Сергач,https://city2city.ru/cheboksary-sergach,165,2.5,5000
Чебоксары,деревня Шумерля,https://city2city.ru/cheboksary-shumerlya,105,1.5,3000
Чебоксары,Сосновка,https://city2city.ru/cheboksary-sosnovka,340,5.0,10000
Чебоксары,Стерлитамак,https://city2city.ru/cheboksary-sterlitamak,820,11.5,24500
Чебоксары,рабочий посёлок Сурское,https://city2city.ru/cheboksary-surskoe,235,3.5,7000
Чебоксары,Сыктывкар,https://city2city.ru/cheboksary-syktyvkar,785,11.0,23600
Чебоксары,Сызрань,https://city2city.ru/cheboksary-syzran,370,5.5,11000
Чебоксары,Ульяновск,https://city2city.ru/cheboksary-ulyanovsk,240,3.5,7000
Чебоксары,рабочий посёлок Васильсурск,https://city2city.ru/cheboksary-vasilsursk,100,1.5,3000
Чебоксары,Волжск,https://city2city.ru/cheboksary-volzhsk,110,1.5,3500
Чебоксары,поселок городского типа Воротынец,https://city2city.ru/cheboksary-vorotynecz,100,1.5,3000
Чебоксары,Ядрин,https://city2city.ru/cheboksary-yadrin,80,1.0,2500
Чебоксары,Яранск,https://city2city.ru/cheboksary-yaransk,175,2.5,5000
Чебоксары,посёлок городского типа Юрино,https://city2city.ru/cheboksary-yurino,85,1.0,2500
Чебоксары,Зеленодольск,https://city2city.ru/cheboksary-zelenodolsk,120,1.5,3500
Чебоксары,Звенигово,https://city2city.ru/cheboksary-zvenigovo,85,1.0,2500
Челябинск,,https://city2city.ru/cheljabinsk-beloreck,285,4.0,8600
Челябинск,,https://city2city.ru/cheljabinsk-kurgan,270,4.0,8100
Челябинск,,https://city2city.ru/cheljabinsk-magnitogorsk,310,4.5,9300
Челябинск,,https://city2city.ru/cheljabinsk-sibaj,380,5.5,11400
Челябинск,,https://city2city.ru/cheljabinsk-uchaly,190,2.5,6300
Челябинск,Адлер,https://city2city.ru/chelyabinsk-adler,2720,39.0,81500
Челябинск,Анапа,https://city2city.ru/chelyabinsk-anapa,2555,36.5,76500
Челябинск,Троицк,https://city2city.ru/chelyabinsk-app-bugristoe,150,2.0,4500
Челябинск,Баймак,https://city2city.ru/chelyabinsk-bajmak,450,6.5,13500
Челябинск,Бакал,https://city2city.ru/chelyabinsk-bakal,205,3.0,6000
Челябинск,посёлок городского типа Бердяуш,https://city2city.ru/chelyabinsk-berdyaush,190,2.5,5500
Челябинск,Березники,https://city2city.ru/chelyabinsk-berezniki,750,10.5,22500
Челябинск,Чебаркуль,https://city2city.ru/chelyabinsk-chebarkul,85,1.0,3800
Челябинск,Димитровград,https://city2city.ru/chelyabinsk-dimitrovgrad,900,13.0,27000
Челябинск,деревня Дубровка,https://city2city.ru/chelyabinsk-dubrovka,50,0.5,2000
Челябинск,Екатеринбург,https://city2city.ru/chelyabinsk-ekaterinburg,210,3.0,6300
Челябинск,рабочий посёлок Елань,https://city2city.ru/chelyabinsk-elan,1540,22.0,46000
Челябинск,Еманжелинск,https://city2city.ru/chelyabinsk-emanzhelinsk,55,1.0,2000
Челябинск,52А-3,https://city2city.ru/chelyabinsk-granicza-kazaxstan,150,2.0,5000
Челябинск,Ижевск,https://city2city.ru/chelyabinsk-izhevsk,755,11.0,22600
Челябинск,Йошкар-Ола,https://city2city.ru/chelyabinsk-joshkar-ola,1088,15.5,32600
Челябинск,Карабаш,https://city2city.ru/chelyabinsk-karabash,110,1.5,3500
Челябинск,посёлок Каргаполье,https://city2city.ru/chelyabinsk-kargapole,275,4.0,8000
Челябинск,Казань,https://city2city.ru/chelyabinsk-kazan,960,13.5,28800
Челябинск,Копейск,https://city2city.ru/chelyabinsk-kopejsk,15,1.0,3000
Челябинск,Коркино,https://city2city.ru/chelyabinsk-korkino,40,1.0,3000
Челябинск,Красногорск,https://city2city.ru/chelyabinsk-krasnogorsk,1770,25.5,53000
Челябинск,посёлок городского типа Красногорский,https://city2city.ru/chelyabinsk-krasnogorskij,70,1.0,2000
Челябинск,посёлок городского типа Кропачёво,https://city2city.ru/chelyabinsk-kropachyovo,275,4.0,8000
Челябинск,Курск,https://city2city.ru/chelyabinsk-kursk,1990,28.5,59700
Челябинск,Куртамыш,https://city2city.ru/chelyabinsk-kurtamysh,250,3.5,7500
Челябинск,Куса,https://city2city.ru/chelyabinsk-kusa,180,2.5,5500
Челябинск,Кувандык,https://city2city.ru/chelyabinsk-kuvandyk,650,9.5,19500
Челябинск,Кузнецк,https://city2city.ru/chelyabinsk-kuzneczk,1140,16.5,34000
Челябинск,Макушино,https://city2city.ru/chelyabinsk-makushino,400,5.5,12000
Челябинск,посёлок Красный Камень,https://city2city.ru/chelyabinsk-mapp-krasnyj-kamen,2400,34.5,72000
Челябинск,Медногорск,https://city2city.ru/chelyabinsk-mednogorsk,690,10.0,20500
Челябинск,Межгорье,https://city2city.ru/chelyabinsk-mezhgore,370,5.5,11000
Челябинск,посёлок городского типа Межозёрный,https://city2city.ru/chelyabinsk-mezhozyornyj,215,3.0,6500
Челябинск,Миасс,https://city2city.ru/chelyabinsk-miass,105,1.5,3800
Челябинск,Мирный,https://city2city.ru/chelyabinsk-mirnyj,4800,68.5,144000
Челябинск,Москва,https://city2city.ru/chelyabinsk-moskva,1745,25.0,52500
Челябинск,Нижнекамск,https://city2city.ru/chelyabinsk-nizhnekamsk,750,10.5,22500
Челябинск,Нижневартовск,https://city2city.ru/chelyabinsk-nizhnevartovsk,1420,20.5,42500
Челябинск,Нижний Новгород,https://city2city.ru/chelyabinsk-nizhnij-novgorod,1350,19.5,40500
Челябинск,Нижний Тагил,https://city2city.ru/chelyabinsk-nizhnij-tagil,350,5.0,10500
Челябинск,Нижняя Тура,https://city2city.ru/chelyabinsk-nizhnyaya-tura,450,6.5,13500
Челябинск,Новотроицк,https://city2city.ru/chelyabinsk-novotroiczk,630,9.0,19000
Челябинск,Новый Уренгой,https://city2city.ru/chelyabinsk-novyj-urengoj,1940,27.5,58000
Челябинск,Ноябрьск,https://city2city.ru/chelyabinsk-noyabrsk,1500,21.5,45000
Челябинск,Нязепетровск,https://city2city.ru/chelyabinsk-nyazepetrovsk,220,3.0,6500
Челябинск,посёлок городского типа Октябрьское,https://city2city.ru/chelyabinsk-oktyabrskoe,2700,38.5,81000
Челябинск,Оренбург,https://city2city.ru/chelyabinsk-orenburg,745,10.5,22400
Челябинск,Орск,https://city2city.ru/chelyabinsk-orsk,610,8.5,18300
Челябинск,Озерск,https://city2city.ru/chelyabinsk-ozyorsk,115,1.5,3500
Челябинск,Пенза,https://city2city.ru/chelyabinsk-penza,1230,17.5,36900
Челябинск,посёлок Первомайский,https://city2city.ru/chelyabinsk-pervomajskij,1660,23.5,50000
Челябинск,поселок городского типа Петровский,https://city2city.ru/chelyabinsk-petrovskij,760,11.0,23000
Челябинск,Петухово,https://city2city.ru/chelyabinsk-petuxovo,450,6.5,13500
Челябинск,посёлок городского типа Рефтинский,https://city2city.ru/chelyabinsk-reftinskij,280,4.0,8500
Челябинск,Ростов-на-Дону,https://city2city.ru/chelyabinsk-rostov-na-donu,2130,30.5,64000
Челябинск,посёлок городского типа Роза,https://city2city.ru/chelyabinsk-roza,35,0.5,2000
Челябинск,Рязань,https://city2city.ru/chelyabinsk-ryazan,1690,24.0,50500
Челябинск,Санкт-Петербург,https://city2city.ru/chelyabinsk-sankt-peterburg,2440,35.0,73200
Челябинск,Сатка,https://city2city.ru/chelyabinsk-satka,190,2.5,5500
Челябинск,село Степное,https://city2city.ru/chelyabinsk-selo-stepnoe,170,2.5,5000
Челябинск,Шадринск,https://city2city.ru/chelyabinsk-shadrinsk,215,3.0,6500
Челябинск,Щучье,https://city2city.ru/chelyabinsk-shhuche,100,1.5,3000
Челябинск,Симферополь,https://city2city.ru/chelyabinsk-simferopol,2840,40.5,85000
Челябинск,посёлок городского типа Смолино,https://city2city.ru/chelyabinsk-smolino,1400,20.0,42000
Челябинск,Сочи,https://city2city.ru/chelyabinsk-sochi,2655,38.0,79600
Челябинск,Сосновка,https://city2city.ru/chelyabinsk-sosnovka,890,12.5,26500
Челябинск,Сургут,https://city2city.ru/chelyabinsk-surgut,1195,17.0,36000
Челябинск,Сысерть,https://city2city.ru/chelyabinsk-sysert,165,2.5,5000
Челябинск,Тюмень,https://city2city.ru/chelyabinsk-tyumen,420,6.0,12600
Челябинск,Уфа,https://city2city.ru/chelyabinsk-ufa,415,6.0,12400
Челябинск,Ульяновск,https://city2city.ru/chelyabinsk-ulyanovsk,995,14.0,29800
Челябинск,Валуйки,https://city2city.ru/chelyabinsk-valujki,2010,28.5,60300
Челябинск,Верхнеуральск,https://city2city.ru/chelyabinsk-verxneuralsk,245,3.5,7500
Челябинск,посёлок городского типа Вишневогорск,https://city2city.ru/chelyabinsk-vishnevogorsk,155,2.0,4500
Челябинск,Воронеж,https://city2city.ru/chelyabinsk-voronezh,1740,25.0,52200
Челябинск,поселок городского типа Юргамыш,https://city2city.ru/chelyabinsk-yurgamysh,210,3.0,6500
Челябинск,Южноуральск,https://city2city.ru/chelyabinsk-yuzhnouralsk,90,1.5,2500
Челябинск,посёлок городского типа Зауральский,https://city2city.ru/chelyabinsk-zauralskij,55,1.0,2000
Челябинск,Златоуст,https://city2city.ru/chelyabinsk-zlatoust,150,2.0,5000
Донецк,,https://city2city.ru/donetsk-chelyabinsk,2250,32.0,67500
Донецк,,https://city2city.ru/donetsk-ekaterinburg,2280,32.5,68500
Донецк,,https://city2city.ru/donetsk-kazan,1580,22.5,47500
Донецк,,https://city2city.ru/donetsk-kirov,1860,26.5,56000
Донецк,,https://city2city.ru/donetsk-maykop,540,7.5,22000
Донецк,,https://city2city.ru/donetsk-orenburg,1770,25.5,53000
Донецк,,https://city2city.ru/donetsk-perm,2220,31.5,66500
Донецк,,https://city2city.ru/donetsk-saransk,1160,16.5,35000
Донецк,,https://city2city.ru/donetsk-saratov,970,14.0,29000
Донецк,,https://city2city.ru/donetsk-tambov,870,12.5,26000
Донецк,,https://city2city.ru/donetsk-ufa,1910,27.5,57300
Донецк,,https://city2city.ru/donetsk-volgograd,620,9.0,18600
Донецк,,https://city2city.ru/donetsk-yoshkar-ola,1560,22.5,47000
Екатеринбург,посёлок городского типа Ачит,https://city2city.ru/ekaterinburg-achit,180,2.5,5900
Екатеринбург,Алапаевск,https://city2city.ru/ekaterinburg-alapaevsk,160,2.5,5300
Екатеринбург,Альметьевск,https://city2city.ru/ekaterinburg-almetevsk,810,11.5,24500
Екатеринбург,Анапа,https://city2city.ru/ekaterinburg-anapa,2590,37.0,77500
Екатеринбург,Троицк,https://city2city.ru/ekaterinburg-app-bugristoe,350,5.0,10500
Екатеринбург,Донецк,https://city2city.ru/ekaterinburg-app-doneczk,2090,30.0,62500
Екатеринбург,село Алимбетовка,https://city2city.ru/ekaterinburg-app-orsk,830,12.0,25000
Екатеринбург,Арамиль,https://city2city.ru/ekaterinburg-aramil,25,0.5,2000
Екатеринбург,посёлок городского типа Арти,https://city2city.ru/ekaterinburg-arti,170,2.5,5600
Екатеринбург,Артёмовский,https://city2city.ru/ekaterinburg-artyomovskij,116,1.5,4200
Екатеринбург,Асбест,https://city2city.ru/ekaterinburg-asbest,85,1.0,3800
Екатеринбург,посёлок городского типа Атиг,https://city2city.ru/ekaterinburg-atig,90,1.5,4000
Екатеринбург,Баймак,https://city2city.ru/ekaterinburg-bajmak,660,9.5,19800
Екатеринбург,Белорецк,https://city2city.ru/ekaterinburg-beloreczk,1790,25.5,53700
Екатеринбург,посёлок городского типа Белоярский,https://city2city.ru/ekaterinburg-beloyarskij,55,1.0,2000
Екатеринбург,Березники,https://city2city.ru/ekaterinburg-berezniki,550,8.0,16500
Екатеринбург,Берёзовский,https://city2city.ru/ekaterinburg-beryozovskij,20,0.5,2000
Екатеринбург,Бирск,https://city2city.ru/ekaterinburg-birsk,440,6.5,13000
Екатеринбург,посёлок городского типа Бисерть,https://city2city.ru/ekaterinburg-bisert,105,1.5,3000
Екатеринбург,Чайковский,https://city2city.ru/ekaterinburg-chajkovskij,470,6.5,14000
Екатеринбург,Чебаркуль,https://city2city.ru/ekaterinburg-chebarkul,260,3.5,7800
Екатеринбург,Чебоксары,https://city2city.ru/ekaterinburg-cheboksary,1045,15.0,31500
международный аэропорт Кольцово Екатеринбург,,https://city2city.ru/ekaterinburg-chelyabinsk,210,3.0,6300
Екатеринбург,Челябинск,https://city2city.ru/ekaterinburg-chelyabinsk-2,210,3.0,6500
Екатеринбург,Чернушка,https://city2city.ru/ekaterinburg-chernushka,310,4.5,9500
Екатеринбург,Чусовой,https://city2city.ru/ekaterinburg-chusovoj,350,5.0,10500
Екатеринбург,Дегтярск,https://city2city.ru/ekaterinburg-degtyarsk,65,1.0,2000
Екатеринбург,Добрянка,https://city2city.ru/ekaterinburg-dobryanka,430,6.0,13000
Екатеринбург,посёлок городского типа Дружинино,https://city2city.ru/ekaterinburg-druzhinino,85,1.0,3800
Екатеринбург,рабочий посёлок Елань,https://city2city.ru/ekaterinburg-elan,252,3.5,7600
Екатеринбург,Еманжелинск,https://city2city.ru/ekaterinburg-emanzhelinsk,265,4.0,8000
Екатеринбург,Гай,https://city2city.ru/ekaterinburg-gaj,850,12.0,25500
Екатеринбург,посёлок городского типа Гари,https://city2city.ru/ekaterinburg-gari,510,7.5,15500
Екатеринбург,Геленджик,https://city2city.ru/ekaterinburg-gelendzhik,2620,37.5,78500
Екатеринбург,Горнозаводск,https://city2city.ru/ekaterinburg-gornozavodsk,310,4.5,9500
Екатеринбург,Губаха,https://city2city.ru/ekaterinburg-gubaxa,400,5.5,12000
Екатеринбург,,https://city2city.ru/ekaterinburg-irbit,205,3.0,6200
Екатеринбург,Ирбит,https://city2city.ru/ekaterinburg-irbit-2,205,3.0,6200
Екатеринбург,Ишим,https://city2city.ru/ekaterinburg-ishim,620,9.0,18500
Екатеринбург,Ижевск,https://city2city.ru/ekaterinburg-izhevsk,565,8.0,17000
Екатеринбург,Качканар,https://city2city.ru/ekaterinburg-kachkanar,255,3.5,7500
Екатеринбург,Каменск-Уральский,https://city2city.ru/ekaterinburg-kamensk-uralskij,100,1.5,3600
Екатеринбург,посёлок городского типа Карабаш,https://city2city.ru/ekaterinburg-karabash,185,2.5,5500
Екатеринбург,посёлок Каргаполье,https://city2city.ru/ekaterinburg-kargapole,2030,29.0,61000
Екатеринбург,Касли,https://city2city.ru/ekaterinburg-kasli,120,1.5,3500
Екатеринбург,Казань,https://city2city.ru/ekaterinburg-kazan,890,12.5,26700
Екатеринбург,Киров,https://city2city.ru/ekaterinburg-kirov,850,12.0,25500
Екатеринбург,Киров,https://city2city.ru/ekaterinburg-kirov-2,850,12.0,25500
Екатеринбург,Кировград,https://city2city.ru/ekaterinburg-kirovgrad,95,1.5,3000
Екатеринбург,Кирс,https://city2city.ru/ekaterinburg-kirs,730,10.5,22000
Екатеринбург,Когалым,https://city2city.ru/ekaterinburg-kogalym,1300,18.5,39000
Екатеринбург,Копейск,https://city2city.ru/ekaterinburg-kopejsk,220,3.0,6500
Екатеринбург,Краснотурьинск,https://city2city.ru/ekaterinburg-krasnoturinsk,385,5.5,11600
Екатеринбург,Красноуфимск,https://city2city.ru/ekaterinburg-krasnoufimsk,200,3.0,6000
Екатеринбург,Красноуральск,https://city2city.ru/ekaterinburg-krasnouralsk,205,3.0,6000
международный аэропорт Кольцово Екатеринбург,,https://city2city.ru/ekaterinburg-kurgan,365,5.0,11000
Екатеринбург,Кушва,https://city2city.ru/ekaterinburg-kushva,190,2.5,5500
Екатеринбург,деревня Кузино,https://city2city.ru/ekaterinburg-kuzino,95,1.5,4300
Екатеринбург,поселок Лесной,https://city2city.ru/ekaterinburg-lesnoj,235,3.5,7000
Екатеринбург,Лысьва,https://city2city.ru/ekaterinburg-lysva,380,5.5,11500
международный аэропорт Кольцово Екатеринбург,,https://city2city.ru/ekaterinburg-magnitogorsk,515,7.5,15400
Екатеринбург,Магнитогорск,https://city2city.ru/ekaterinburg-magnitogorsk-2,520,7.5,15600
Екатеринбург,рабочий поселок Малышева,https://city2city.ru/ekaterinburg-malysheva,100,1.5,3000
Екатеринбург,посёлок городского типа Махнёво,https://city2city.ru/ekaterinburg-maxnyovo,240,3.5,7000
Екатеринбург,Миасс,https://city2city.ru/ekaterinburg-miass,240,3.5,7200
Екатеринбург,поселок городского типа Мишкино,https://city2city.ru/ekaterinburg-mishkino,460,6.5,14000
Екатеринбург,Москва,https://city2city.ru/ekaterinburg-moskva,1675,24.0,50200
Екатеринбург,Набережные Челны,https://city2city.ru/ekaterinburg-naberezhnye-chelny,625,9.0,19000
Екатеринбург,Невьянск,https://city2city.ru/ekaterinburg-nevyansk,90,1.5,2500
Екатеринбург,Нижневартовск,https://city2city.ru/ekaterinburg-nizhnevartovsk,1340,19.0,40000
Екатеринбург,Нижние Серги,https://city2city.ru/ekaterinburg-nizhnie-sergi,100,1.5,3000
Екатеринбург,Нижняя Тура,https://city2city.ru/ekaterinburg-nizhnyaya-tura,235,3.5,7000
Екатеринбург,Новоуральск,https://city2city.ru/ekaterinburg-novouralsk,80,1.0,2500
Екатеринбург,Нягань,https://city2city.ru/ekaterinburg-nyagan,870,12.5,26100
Екатеринбург,Нязепетровск,https://city2city.ru/ekaterinburg-nyazepetrovsk,215,3.0,6500
Екатеринбург,поселок городского типа Октябрьский,https://city2city.ru/ekaterinburg-oktyabrskij,620,9.0,18500
Екатеринбург,Октябрьский,https://city2city.ru/ekaterinburg-oktyabrskij-5,620,9.0,18500
Екатеринбург,посёлок Октябрьский,https://city2city.ru/ekaterinburg-oktyabrskij-6,620,9.0,18500
Екатеринбург,Оренбург,https://city2city.ru/ekaterinburg-orenburg,960,13.5,28800
Екатеринбург,Орск,https://city2city.ru/ekaterinburg-orsk,820,11.5,24600
Екатеринбург,Озерск,https://city2city.ru/ekaterinburg-ozyorsk,145,2.0,4500
Екатеринбург,посёлок городского типа Палкино,https://city2city.ru/ekaterinburg-palkino,2500,35.5,75000
Екатеринбург,посёлок городского типа Пелым,https://city2city.ru/ekaterinburg-pelym,640,9.0,19000
международный аэропорт Кольцово Екатеринбург,,https://city2city.ru/ekaterinburg-perm,360,5.0,10800
Екатеринбург,Первоуральск,https://city2city.ru/ekaterinburg-pervouralsk,45,1.0,3000
Екатеринбург,Петухово,https://city2city.ru/ekaterinburg-petuxovo,550,8.0,16500
Екатеринбург,Пласт,https://city2city.ru/ekaterinburg-plast,330,4.5,10000
Екатеринбург,посёлок городского типа Покровское,https://city2city.ru/ekaterinburg-pokrovskoe,1710,24.5,51500
Екатеринбург,посёлок городского типа Приобье,https://city2city.ru/ekaterinburg-priobe,930,13.5,28000
Екатеринбург,посёлок городского типа Пышма,https://city2city.ru/ekaterinburg-pyshma,25,1.0,3000
Екатеринбург,посёлок городского типа Рефтинский,https://city2city.ru/ekaterinburg-reftinskij,105,1.5,3800
Екатеринбург,Ревда,https://city2city.ru/ekaterinburg-revda-2,50,0.5,2000
Екатеринбург,Реж,https://city2city.ru/ekaterinburg-rezh,85,1.0,2500
Екатеринбург,Ростов-на-Дону,https://city2city.ru/ekaterinburg-rostov-na-don,2200,31.5,66000
Екатеринбург,Самара,https://city2city.ru/ekaterinburg-samara,905,13.0,27200
Екатеринбург,Санкт-Петербург,https://city2city.ru/ekaterinburg-sankt-peterburg,2370,34.0,71100
Екатеринбург,Саратов,https://city2city.ru/ekaterinburg-saratov,1315,19.0,39500
Екатеринбург,деревня Большой Сарс,https://city2city.ru/ekaterinburg-sars,235,3.5,7000
Екатеринбург,Сатка,https://city2city.ru/ekaterinburg-satka,320,4.5,9600
Екатеринбург,село Красногвардейское,https://city2city.ru/ekaterinburg-selo-krasnogvardejskoe,2800,40.0,84000
Екатеринбург,Серов,https://city2city.ru/ekaterinburg-serov,350,5.0,10500
Екатеринбург,Севастополь,https://city2city.ru/ekaterinburg-sevastopol,2960,42.5,89000
Екатеринбург,Североуральск,https://city2city.ru/ekaterinburg-severouralsk,440,6.5,13200
международный аэропорт Кольцово Екатеринбург,,https://city2city.ru/ekaterinburg-shadrinsk,230,3.5,6900
Екатеринбург,посёлок городского типа Шаля,https://city2city.ru/ekaterinburg-shalya,255,3.5,7600
Екатеринбург,Шарья,https://city2city.ru/ekaterinburg-sharya,1135,16.0,34000
Екатеринбург,Шумиха,https://city2city.ru/ekaterinburg-shumixa,175,2.5,5000
Екатеринбург,,https://city2city.ru/ekaterinburg-sibaj,590,8.5,17700
Екатеринбург,Сибай,https://city2city.ru/ekaterinburg-sibaj-2,590,8.5,17700
Екатеринбург,Снежинск,https://city2city.ru/ekaterinburg-snezhinsk,105,1.5,3000
Екатеринбург,Сочи,https://city2city.ru/ekaterinburg-sochi,2710,38.5,81300
Екатеринбург,Соль-Илецк,https://city2city.ru/ekaterinburg-sol-ileczk,990,14.0,29500
Екатеринбург,Соликамск,https://city2city.ru/ekaterinburg-solikamsk,530,7.5,15900
Екатеринбург,посёлок Солнечный,https://city2city.ru/ekaterinburg-solnechnyj,1740,25.0,52000
Екатеринбург,поселок городского типа Сосьва,https://city2city.ru/ekaterinburg-sosva,460,6.5,13800
Екатеринбург,Советский,https://city2city.ru/ekaterinburg-sovetskij-2,720,10.5,21500
Екатеринбург,Среднеуральск,https://city2city.ru/ekaterinburg-sredneuralsk,25,1.0,3000
Екатеринбург,поселок городского типа Староуткинск,https://city2city.ru/ekaterinburg-staroutkinsk,120,1.5,4300
Екатеринбург,Ставрополь,https://city2city.ru/ekaterinburg-stavropol,2290,32.5,68500
Екатеринбург,Стерлитамак,https://city2city.ru/ekaterinburg-sterlitamak,645,9.0,19400
Екатеринбург,рабочий посёлок Суксун,https://city2city.ru/ekaterinburg-suksun,230,3.5,7000
Екатеринбург,Сургут,https://city2city.ru/ekaterinburg-surgut,1125,16.0,33800
Екатеринбург,Сысерть,https://city2city.ru/ekaterinburg-sysert,50,1.0,3000
международный аэропорт Кольцово Екатеринбург,,https://city2city.ru/ekaterinburg-tagil,95,1.5,4300
Екатеринбург,Талица,https://city2city.ru/ekaterinburg-talicza,220,3.0,6500
Екатеринбург,Тавда,https://city2city.ru/ekaterinburg-tavda,360,5.0,11000
Екатеринбург,Тобольск,https://city2city.ru/ekaterinburg-tobolsk,585,8.5,17600
Екатеринбург,Тольятти,https://city2city.ru/ekaterinburg-tolyatti,940,13.5,28000
Екатеринбург,Троицк,https://city2city.ru/ekaterinburg-troiczk,1700,24.5,51000
Екатеринбург,Туапсе,https://city2city.ru/ekaterinburg-tuapse,2620,37.5,78500
Екатеринбург,посёлок городского типа Тугулым,https://city2city.ru/ekaterinburg-tugulym,270,4.0,8000
Екатеринбург,Тула,https://city2city.ru/ekaterinburg-tula,1850,26.5,55500
Екатеринбург,Туринск,https://city2city.ru/ekaterinburg-turinsk,260,3.5,8000
Екатеринбург,Тверь,https://city2city.ru/ekaterinburg-tver,1850,26.5,55500
Екатеринбург,рабочий посёлок Тёплая Гора,https://city2city.ru/ekaterinburg-tyoplaya-gora,265,4.0,8000
Екатеринбург,Тюмень,https://city2city.ru/ekaterinburg-tyumen,330,4.5,9900
Екатеринбург,село Учалы,https://city2city.ru/ekaterinburg-uchaly,340,5.0,10200
международный аэропорт Кольцово Екатеринбург,,https://city2city.ru/ekaterinburg-ufa,525,7.5,15800
Екатеринбург,Ульяновск,https://city2city.ru/ekaterinburg-ulyanovsk,1005,14.5,30200
Екатеринбург,Урай,https://city2city.ru/ekaterinburg-uraj,740,10.5,22000
Екатеринбург,городской округ Верх-Нейвинский,https://city2city.ru/ekaterinburg-verx-nejvinskij,80,1.0,2500
Екатеринбург,посёлок городского типа Верхнее Дуброво,https://city2city.ru/ekaterinburg-verxnee-dubrovo,45,0.5,2000
Екатеринбург,поселок городского типа Верхние Серги,https://city2city.ru/ekaterinburg-verxnie-sergi,100,1.5,3600
Екатеринбург,Верхний Тагил,https://city2city.ru/ekaterinburg-verxnij-tagil,100,1.5,3000
Екатеринбург,Верхний Уфалей,https://city2city.ru/ekaterinburg-verxnij-ufalej,180,2.5,5500
Екатеринбург,Верхняя Пышма,https://city2city.ru/ekaterinburg-verxnyaya-pyshma,25,0.5,2000
Екатеринбург,Верхняя Салда,https://city2city.ru/ekaterinburg-verxnyaya-salda,175,2.5,5000
Екатеринбург,посёлок городского типа Верхняя Синячиха,https://city2city.ru/ekaterinburg-verxnyaya-sinyachixa,170,2.5,5000
Екатеринбург,Верхняя Тура,https://city2city.ru/ekaterinburg-verxnyaya-tura,205,3.0,6000
Екатеринбург,Верхотурье,https://city2city.ru/ekaterinburg-verxoture,300,4.5,9000
Екатеринбург,посёлок городского типа Вишневогорск,https://city2city.ru/ekaterinburg-vishnevogorsk,145,2.0,4500
Екатеринбург,Волгоград,https://city2city.ru/ekaterinburg-volgograd,1735,25.0,52000
Екатеринбург,Воронеж,https://city2city.ru/ekaterinburg-voronezh,1805,26.0,54200
Екатеринбург,Югорск,https://city2city.ru/ekaterinburg-yugorsk,710,10.0,21300
Екатеринбург,Юрюзань,https://city2city.ru/ekaterinburg-yuryuzan,205,3.0,6000
Екатеринбург,Южноуральск,https://city2city.ru/ekaterinburg-yuzhnouralsk,320,4.5,9600
Екатеринбург,Заречный,https://city2city.ru/ekaterinburg-zarechnyj-2,55,1.0,2000
Екатеринбург,Златоуст,https://city2city.ru/ekaterinburg-zlatoust,270,4.0,8100
Элиста,Анапа,https://city2city.ru/elista-anapa,690,10.0,20500
Элиста,село Архипо-Осиповка,https://city2city.ru/elista-arxipo-osipovka,610,8.5,18500
Элиста,Астрахань,https://city2city.ru/elista-astraxan,310,4.5,9300
Элиста,Будённовск,https://city2city.ru/elista-budyonnovsk,210,3.0,6500
Элиста,Ессентуки,https://city2city.ru/elista-essentuki,350,5.0,10500
Элиста,Геленджик,https://city2city.ru/elista-gelendzhik,670,9.5,20000
Элиста,Лагань,https://city2city.ru/elista-gorod-lagan,1280,18.5,38500
Элиста,Городовиковск,https://city2city.ru/elista-gorodovikovsk,240,3.5,7200
Элиста,52А-3,https://city2city.ru/elista-granicza-kazaxstan,380,5.5,11500
Элиста,Кисловодск,https://city2city.ru/elista-kislovodsk,365,5.0,11000
Элиста,рабочий посёлок Комсомольский,https://city2city.ru/elista-komsomolskij,200,3.0,6000
Элиста,посёлок городского типа Кожва,https://city2city.ru/elista-kozhva,2710,38.5,81500
Элиста,Лагань,https://city2city.ru/elista-lagan,300,4.5,9000
Элиста,рабочий посёлок Лиман,https://city2city.ru/elista-liman,320,4.5,9600
Элиста,Минеральные Воды,https://city2city.ru/elista-mineralnye-vody,310,4.5,9300
Элиста,Москва,https://city2city.ru/elista-moskva,1265,18.0,38000
Элиста,село Пляхо,https://city2city.ru/elista-plyaxo,620,9.0,18500
Элиста,посёлок Большой Царын,https://city2city.ru/elista-posyolok-bolshoj-czaryn,265,4.0,8000
Элиста,посёлок городского типа Цаган Аман,https://city2city.ru/elista-posyolok-czagan-aman,310,4.5,9300
Элиста,поселок Ики-Бурул,https://city2city.ru/elista-posyolok-iki-burul,70,1.0,3200
Элиста,поселок Кетченеры,https://city2city.ru/elista-posyolok-ketchenery,120,1.5,4300
Элиста,посёлок Комсомольский,https://city2city.ru/elista-posyolok-komsomolskij,200,3.0,6000
Элиста,поселок Яшкуль,https://city2city.ru/elista-posyolok-yashkul,90,1.5,4000
Элиста,посёлок Зимовники,https://city2city.ru/elista-posyolok-zimovniki,180,2.5,5900
Элиста,Пятигорск,https://city2city.ru/elista-pyatigorsk,330,4.5,9900
Элиста,село Ремонтное,https://city2city.ru/elista-remontnoe,70,1.0,2000
Элиста,Ростов-на-Дону,https://city2city.ru/elista-rostov-na-donu,450,6.5,13500
Элиста,Санкт-Петербург,https://city2city.ru/elista-sankt-peterburg,1975,28.0,59200
Элиста,село Арзгир,https://city2city.ru/elista-selo-arzgir,140,2.0,4000
Элиста,село Дивное,https://city2city.ru/elista-selo-divnoe,100,1.5,3000
Элиста,село Малые Дербеты,https://city2city.ru/elista-selo-malye-derbety,195,3.0,6400
Элиста,село Приютное,https://city2city.ru/elista-selo-priyutnoe,65,1.0,3000
Элиста,село Садовое,https://city2city.ru/elista-selo-sadovoe,175,2.5,5800
Элиста,село Троицкое,https://city2city.ru/elista-selo-troiczkoe,530,7.5,15900
Элиста,село Яшалта,https://city2city.ru/elista-selo-yashalta,210,3.0,6300
Элиста,село Заветное,https://city2city.ru/elista-selo-zavetnoe,140,2.0,4000
Элиста,Сочи,https://city2city.ru/elista-sochi,775,11.0,23200
Элиста,Ставрополь,https://city2city.ru/elista-stavropol,265,4.0,8000
Элиста,Волгодонск,https://city2city.ru/elista-volgodonsk,235,3.5,7000
Элиста,Волгоград,https://city2city.ru/elista-volgograd,295,4.0,8800
Элиста,Волжский,https://city2city.ru/elista-volzhskij,320,4.5,9500
Элиста,Воронеж,https://city2city.ru/elista-voronezh,835,12.0,25000
Элиста,Ялта,https://city2city.ru/elista-yalta,1025,14.5,30800
Элиста,рабочий посёлок Юганец,https://city2city.ru/elista-yuganecz,1326,19.0,39800
Элиста,Железноводск,https://city2city.ru/elista-zheleznovodsk,330,4.5,10000
Энергодар,,https://city2city.ru/energodar-rostov-na-don,460,6.5,14000
Энергодар,,https://city2city.ru/energodar-simferopol,350,5.0,10500
Энергодар,,https://city2city.ru/energodar-ufa,2190,31.5,65500
Енисейск,Красноярск,https://city2city.ru/enisejsk-krasnojarsk,340,5.0,10200
Хабаровск,Якутск,https://city2city.ru/habarovsk-jakutsk,2330,33.5,69900
Хандыга,Якутск,https://city2city.ru/handyga-jakutsk,420,6.0,12600
Ханты-Мансийск,Нягань,https://city2city.ru/hanty-mansijsk-njagan,290,4.0,8700
Иркутск,аэропорт Улан-Удэ (Байкал),https://city2city.ru/irkutsk-aeroport-bajkal-ulan-ude,460,6.5,13800
аэропорт Иркутск,Усть-Кут,https://city2city.ru/irkutsk-aeroport-ust-kut,960,13.5,38500
Иркутск,Ангарск,https://city2city.ru/irkutsk-angarsk,45,1.0,3000
Иркутск,поселок Аршан,https://city2city.ru/irkutsk-arshan,210,3.0,6300
Иркутск,село Сахюрта,https://city2city.ru/irkutsk-bajkal,330,4.5,9900
Иркутск,Байкальская улица,https://city2city.ru/irkutsk-bajkalsk,145,2.0,5200
Иркутск,Благовещенск,https://city2city.ru/irkutsk-blagoveshhensk,2640,37.5,79000
Иркутск,Бодайбо,https://city2city.ru/irkutsk-bodajbo,1460,21.0,43800
Иркутск,посёлок Большое Голоустное,https://city2city.ru/irkutsk-bolshoe-goloustnoe,123,2.0,5000
Иркутск,Черемхово,https://city2city.ru/irkutsk-cheremxovo,145,2.0,5200
Иркутск,Чита,https://city2city.ru/irkutsk-chita,1095,15.5,32800
Иркутск,Екатеринбург,https://city2city.ru/irkutsk-ekaterinburg,3400,48.5,102000
Иркутск,село Ташанта,https://city2city.ru/irkutsk-granicza-mongolii,680,9.5,20400
Иркутск,Якутск,https://city2city.ru/irkutsk-jakutsk,3200,45.5,96000
Иркутск,рабочий посёлок Магистральный,https://city2city.ru/irkutsk-kavykta,2220,31.5,66600
Иркутск,Кемерово,https://city2city.ru/irkutsk-kemerovo,1580,22.5,47400
Иркутск,Киренск,https://city2city.ru/irkutsk-kirensk,950,13.5,28500
Иркутск,Красноярск,https://city2city.ru/irkutsk-krasnoyarsk,1060,15.0,31800
Иркутск,рабочий посёлок Култук,https://city2city.ru/irkutsk-kultuk,95,1.5,4300
Иркутск,село Листвянка,https://city2city.ru/irkutsk-listvyanka,70,1.0,3200
Иркутск,посёлок городского типа Луговой,https://city2city.ru/irkutsk-lugovoj,3400,48.5,102000
Иркутск,село Выдрино,https://city2city.ru/irkutsk-mamaj,195,3.0,6400
Иркутск,село Сахюрта,https://city2city.ru/irkutsk-mrs,295,4.0,8800
Иркутск,Нерюнгри,https://city2city.ru/irkutsk-neryungri,2380,34.0,71500
Иркутск,Нижнеудинск,https://city2city.ru/irkutsk-nizhneudinsk,520,7.5,15600
Иркутск,Новосибирск,https://city2city.ru/irkutsk-novosibirsk,1835,26.0,55000
Иркутск,Омск,https://city2city.ru/irkutsk-omsk,2470,35.5,74100
Иркутск,село Сахюрта,https://city2city.ru/irkutsk-ostrov-olxon,295,4.0,8800
Иркутск,Саянск,https://city2city.ru/irkutsk-sayansk,285,4.0,8500
Иркутск,Северобайкальск,https://city2city.ru/irkutsk-severobajkalsk,820,11.5,24600
Иркутск,Шелехов,https://city2city.ru/irkutsk-shelexov,20,0.5,2000
Иркутск,Слюдянка,https://city2city.ru/irkutsk-slyudyanka,105,1.5,3800
Иркутск,Свирск,https://city2city.ru/irkutsk-svirsk,130,2.0,4000
Иркутск,Тайшет,https://city2city.ru/irkutsk-tajshet,670,9.5,20000
Иркутск,Троицк,https://city2city.ru/irkutsk-troiczk,5100,73.0,153000
Иркутск,Тулун,https://city2city.ru/irkutsk-tulun,400,5.5,12000
Иркутск,село Тунка,https://city2city.ru/irkutsk-tunkinskaya-dolina,300,4.5,9000
Иркутск,Усолье-Сибирское,https://city2city.ru/irkutsk-usole-sibirskoe,85,1.0,3800
Иркутск,Усть-Илимск,https://city2city.ru/irkutsk-ust-ilimsk,900,13.0,27000
Иркутск,Вихоревка,https://city2city.ru/irkutsk-vixorevka,600,8.5,18000
Иркутск,Владивосток,https://city2city.ru/irkutsk-vladivostok,4000,57.0,120000
Иркутск,посёлок Хужир,https://city2city.ru/irkutsk-xuzhir,295,4.0,8800
Иркутск,Железногорск-Илимский,https://city2city.ru/irkutsk-zheleznogorsk-ilimskij,846,12.0,34000
Иркутск,Зима,https://city2city.ru/irkutsk-zima,270,4.0,8000
Иваново,Адлер,https://city2city.ru/ivanovo-adler,1930,27.5,58000
Иваново,Александров,https://city2city.ru/ivanovo-aleksandrov,210,3.0,6500
Иваново,Анапа,https://city2city.ru/ivanovo-anapa,1785,25.5,53600
Иваново,Чкаловск,https://city2city.ru/ivanovo-chkalovsk,155,2.0,4500
Иваново,Екатеринбург,https://city2city.ru/ivanovo-ekaterinburg,1515,21.5,45500
Иваново,Ермолино,https://city2city.ru/ivanovo-ermolino,410,6.0,12500
Иваново,город Фурманов,https://city2city.ru/ivanovo-furmanov,35,0.5,2000
Иваново,Гаврилов Посад,https://city2city.ru/ivanovo-gavrilov-posad,90,1.5,4000
Иваново,Гаврилов-Ям,https://city2city.ru/ivanovo-gavrilov-yam,80,1.0,2500
Иваново,Геленджик,https://city2city.ru/ivanovo-gelendzhik,1800,25.5,54000
Иваново,52А-3,https://city2city.ru/ivanovo-granicza-kazaxstan,1320,19.0,39600
Иваново,Гусь-Хрустальный,https://city2city.ru/ivanovo-gus-xrustalnyj,185,2.5,5500
Иваново,Йошкар-Ола,https://city2city.ru/ivanovo-joshkar-ola,540,7.5,16200
Иваново,Каменка,https://city2city.ru/ivanovo-kamenka,640,9.0,19000
Иваново,Казань,https://city2city.ru/ivanovo-kazan,635,9.0,19000
Иваново,Кинешма,https://city2city.ru/ivanovo-kineshma,105,1.5,3800
Иваново,посёлок городского типа Колобово,https://city2city.ru/ivanovo-kolobovo,50,1.0,3000
Иваново,Комсомольск,https://city2city.ru/ivanovo-komsomolsk,55,1.0,3000
Иваново,Кострома,https://city2city.ru/ivanovo-kostroma,105,1.5,3000
Иваново,Ковров,https://city2city.ru/ivanovo-kovrov,95,1.5,4300
Иваново,Курск,https://city2city.ru/ivanovo-kursk,825,12.0,25000
Иваново,посёлок городского типа Лежнево,https://city2city.ru/ivanovo-lezhnevo,30,0.5,2000
Иваново,Липецк,https://city2city.ru/ivanovo-lipeczk,610,8.5,18300
Иваново,посёлок городского типа Лух,https://city2city.ru/ivanovo-lux,95,1.5,4300
Иваново,Наро-Фоминск,https://city2city.ru/ivanovo-naro-fominsk,390,5.5,11500
Иваново,Наволоки,https://city2city.ru/ivanovo-navoloki,110,1.5,3500
Иваново,поселок городского типа Нерль,https://city2city.ru/ivanovo-nerl,280,4.0,8500
Иваново,Нижний Новгород,https://city2city.ru/ivanovo-nizhnij-novgorod,245,3.5,7500
Иваново,Ногинск,https://city2city.ru/ivanovo-noginsk,255,3.5,7500
Иваново,Пенза,https://city2city.ru/ivanovo-penza,561,8.0,16800
Иваново,посёлок городского типа Пестяки,https://city2city.ru/ivanovo-pestyaki,125,2.0,4500
Иваново,Плёс,https://city2city.ru/ivanovo-plyos,70,1.0,3200
Иваново,Подольск,https://city2city.ru/ivanovo-podolsk,340,5.0,10000
Иваново,посёлок Комсомольский,https://city2city.ru/ivanovo-posyolok-komsomolskij,36,1.0,3000
Иваново,Приволжск,https://city2city.ru/ivanovo-privolzhsk,50,0.5,2000
Иваново,Пучеж,https://city2city.ru/ivanovo-puchezh,160,2.5,5000
Иваново,Родники,https://city2city.ru/ivanovo-rodniki,55,1.0,3000
Иваново,Ростов-на-Дону,https://city2city.ru/ivanovo-rostov-na-donu,1360,19.5,41000
Иваново,Ростов,https://city2city.ru/ivanovo-rostov-velikij,130,2.0,4700
Иваново,посёлок городского типа Ровеньки,https://city2city.ru/ivanovo-rovenki,1060,15.0,31800
Иваново,Рязань,https://city2city.ru/ivanovo-ryazan,350,5.0,10500
Иваново,Самара,https://city2city.ru/ivanovo-samara,915,13.0,27400
Иваново,Санкт-Петербург,https://city2city.ru/ivanovo-sankt-peterburg,895,13.0,26800
Иваново,деревня Савино,https://city2city.ru/ivanovo-savino,65,1.0,2000
Иваново,Сочи,https://city2city.ru/ivanovo-sochi,1905,27.0,57000
Иваново,Суздаль,https://city2city.ru/ivanovo-suzdal,80,1.0,3600
Иваново,Тула,https://city2city.ru/ivanovo-tula,475,7.0,14000
Иваново,Уфа,https://city2city.ru/ivanovo-ufa,1170,16.5,35100
Иваново,Углич,https://city2city.ru/ivanovo-uglich,215,3.0,6500
Иваново,Ульяновск,https://city2city.ru/ivanovo-ulyanovsk,670,9.5,20100
Иваново,Вичуга,https://city2city.ru/ivanovo-vichuga,75,1.0,3400
Иваново,Владимир,https://city2city.ru/ivanovo-vladimir,115,1.5,3500
Иваново,Волгореченск,https://city2city.ru/ivanovo-volgorechensk,60,1.0,2000
Иваново,Вязники,https://city2city.ru/ivanovo-vyazniki,170,2.5,5000
Иваново,Выкса,https://city2city.ru/ivanovo-vyksa,295,4.0,9000
Иваново,Ярославль,https://city2city.ru/ivanovo-yaroslavl,115,1.5,4100
Иваново,Южа,https://city2city.ru/ivanovo-yuzha,95,1.5,3000
Ижевск,Агидель,https://city2city.ru/izhevsk-agidel,170,2.5,5000
Ижевск,Агрыз,https://city2city.ru/izhevsk-agryz,40,1.0,3000
Ижевск,Бугульма,https://city2city.ru/izhevsk-bugulma,330,4.5,10000
Ижевск,Чебаркуль,https://city2city.ru/izhevsk-chebarkul,670,9.5,20100
Ижевск,Челябинск,https://city2city.ru/izhevsk-chelyabinsk,755,11.0,22600
Ижевск,Чернушка,https://city2city.ru/izhevsk-chernushka,310,4.5,9500
Ижевск,Екатеринбург,https://city2city.ru/izhevsk-ekaterinburg,570,8.0,17100
Ижевск,Глазов,https://city2city.ru/izhevsk-glazov,175,2.5,5800
Ижевск,52А-3,https://city2city.ru/izhevsk-granicza-kazaxstan,800,11.5,24000
Ижевск,Йошкар-Ола,https://city2city.ru/izhevsk-joshkar-ola,495,7.0,15000
Ижевск,Камбарка,https://city2city.ru/izhevsk-kambarka,110,1.5,4000
Ижевск,Казань,https://city2city.ru/izhevsk-kazan,365,5.0,11000
Ижевск,посёлок городского типа Кильмезь,https://city2city.ru/izhevsk-kilmez,185,2.5,6100
Ижевск,Киров,https://city2city.ru/izhevsk-kirov,425,6.0,12800
Ижевск,Кунгур,https://city2city.ru/izhevsk-kungur,370,5.5,11000
Ижевск,Магнитогорск,https://city2city.ru/izhevsk-magnitogorsk,675,9.5,20000
Ижевск,Москва,https://city2city.ru/izhevsk-moskva,1180,17.0,35500
Ижевск,село Можга,https://city2city.ru/izhevsk-mozhga,95,1.5,4300
Ижевск,Набережные Челны,https://city2city.ru/izhevsk-naberezhnye-chelny,190,2.5,5500
Ижевск,Нефтекамск,https://city2city.ru/izhevsk-neftekamsk,130,2.0,4700
Ижевск,Нижнекамск,https://city2city.ru/izhevsk-nizhnekamsk,210,3.0,6300
Ижевск,Омутнинск,https://city2city.ru/izhevsk-omutninsk,420,6.0,12500
Ижевск,Оренбург,https://city2city.ru/izhevsk-orenburg,725,10.5,21800
Ижевск,Пенза,https://city2city.ru/izhevsk-penza,880,12.5,26400
Ижевск,Пермь,https://city2city.ru/izhevsk-perm,280,4.0,8500
Ижевск,Самара,https://city2city.ru/izhevsk-samara,555,8.0,16500
Ижевск,Санкт-Петербург,https://city2city.ru/izhevsk-sankt-peterburg,1875,27.0,56000
Ижевск,Сарапул,https://city2city.ru/izhevsk-sarapul,70,1.0,3200
Ижевск,Сочи,https://city2city.ru/izhevsk-sochi,2340,33.5,70000
Ижевск,Соль-Илецк,https://city2city.ru/izhevsk-sol-ileczk,790,11.5,23500
Ижевск,Тольятти,https://city2city.ru/izhevsk-tolyatti,585,8.5,17600
Ижевск,Тюмень,https://city2city.ru/izhevsk-tyumen,930,13.5,28000
Ижевск,Уфа,https://city2city.ru/izhevsk-ufa,340,5.0,10200
Ижевск,Ульяновск,https://city2city.ru/izhevsk-ulyanovsk,570,8.0,17000
Ижевск,Верещагино,https://city2city.ru/izhevsk-vereshhagino,205,3.0,6000
Ижевск,Воткинск,https://city2city.ru/izhevsk-votkinsk,65,1.0,3000
Ижевск,Вятские Поляны,https://city2city.ru/izhevsk-vyatskie-polyany,320,4.5,9500
Ижевск,Янаул,https://city2city.ru/izhevsk-yanaul,175,2.5,5800
Йошкар-Ола,Иваново,https://city2city.ru/joshkar-ola-ivanovo,570,8.0,17100
Йошкар-Ола,деревня Канаш,https://city2city.ru/joshkar-ola-kanash,160,2.5,5000
Йошкар-Ола,Казань,https://city2city.ru/joshkar-ola-kazan,145,2.0,4500
Йошкар-Ола,посёлок городского типа Кикнур,https://city2city.ru/joshkar-ola-kiknur,130,2.0,4000
Йошкар-Ола,посёлок городского типа Килемары,https://city2city.ru/joshkar-ola-kilemary,80,1.0,2500
Йошкар-Ола,Киров,https://city2city.ru/joshkar-ola-kirov,300,4.5,9000
Йошкар-Ола,Кострома,https://city2city.ru/joshkar-ola-kostroma,620,9.0,18600
Йошкар-Ола,Котельнич,https://city2city.ru/joshkar-ola-kotelnich,215,3.0,6500
Йошкар-Ола,посёлок городского типа Куженер,https://city2city.ru/joshkar-ola-kuzhener,75,1.0,3400
Йошкар-Ола,Лысково,https://city2city.ru/joshkar-ola-lyskovo,250,3.5,7500
Йошкар-Ола,поселок городского типа Мари-Турек,https://city2city.ru/joshkar-ola-mari-turek,130,2.0,4000
Йошкар-Ола,посёлок городского типа Морки,https://city2city.ru/joshkar-ola-morki,110,1.5,3500
Йошкар-Ола,Набережные Челны,https://city2city.ru/joshkar-ola-naberezhnye-chelny,395,5.5,12000
Йошкар-Ола,Нижний Новгород,https://city2city.ru/joshkar-ola-nizhnij-novgorod,350,5.0,10500
Йошкар-Ола,посёлок городского типа Новый Торъял,https://city2city.ru/joshkar-ola-novyj-toryal,80,1.0,3600
Йошкар-Ола,посёлок городского типа Оршанка,https://city2city.ru/joshkar-ola-orshanka,35,1.0,3000
Йошкар-Ола,посёлок городского типа Параньга,https://city2city.ru/joshkar-ola-paranga,110,1.5,4000
Йошкар-Ола,посёлок городского типа Пижанка,https://city2city.ru/joshkar-ola-pizhanka,130,2.0,4000
Йошкар-Ола,Ростов-на-Дону,https://city2city.ru/joshkar-ola-rostov-na-donu,1490,21.5,44500
Йошкар-Ола,посёлок городского типа Санчурск,https://city2city.ru/joshkar-ola-sanchursk,55,1.0,3000
Йошкар-Ола,Саратов,https://city2city.ru/joshkar-ola-saratov,765,11.0,23000
Йошкар-Ола,посёлок городского типа Сернур,https://city2city.ru/joshkar-ola-sernur,90,1.5,2500
Йошкар-Ола,посёлок городского типа Шаранга,https://city2city.ru/joshkar-ola-sharanga,140,2.0,4000
Йошкар-Ола,Сочи,https://city2city.ru/joshkar-ola-sochi,2030,29.0,61000
Йошкар-Ола,посёлок Солнечный,https://city2city.ru/joshkar-ola-solnechnyj,890,12.5,26500
Йошкар-Ола,городское поселение Суслонгер,https://city2city.ru/joshkar-ola-suslonger,45,1.0,3000
Йошкар-Ола,Уфа,https://city2city.ru/joshkar-ola-ufa,685,10.0,20500
Йошкар-Ола,Уржум,https://city2city.ru/joshkar-ola-urzhum,260,3.5,8000
Йошкар-Ола,Волжск,https://city2city.ru/joshkar-ola-volzhsk,100,1.5,3000
Йошкар-Ола,Яранск,https://city2city.ru/joshkar-ola-yaransk,85,1.0,2500
Йошкар-Ола,Ярославль,https://city2city.ru/joshkar-ola-yaroslavl,700,10.0,21000
Йошкар-Ола,посёлок городского типа Юрино,https://city2city.ru/joshkar-ola-yurino,205,3.0,6200
Йошкар-Ола,Звенигово,https://city2city.ru/joshkar-ola-zvenigovo,95,1.5,3000
Калуга,Белгород,https://city2city.ru/kaluga-belgorod,515,7.5,15500
Калуга,Белёв,https://city2city.ru/kaluga-belyov,100,1.5,3000
Калуга,Боровск,https://city2city.ru/kaluga-borovsk,95,1.5,3000
Калуга,Брянск,https://city2city.ru/kaluga-bryansk,225,3.0,7000
Калуга,Джанкой,https://city2city.ru/kaluga-dzhankoj,1688,24.0,50600
Калуга,Электросталь,https://city2city.ru/kaluga-elektrostal,237,3.5,7100
Калуга,52А-3,https://city2city.ru/kaluga-granicza-kazaxstan,1300,18.5,39000
Калуга,поселок городского типа Гремячево,https://city2city.ru/kaluga-gremyachevo,620,9.0,18500
Калуга,Киров,https://city2city.ru/kaluga-kirov-kaluzhskaya-oblast,1200,17.0,36000
Калуга,Коломна,https://city2city.ru/kaluga-kolomna,220,3.0,6500
Калуга,Козельск,https://city2city.ru/kaluga-kozelsk,70,1.0,3200
Калуга,Куровское,https://city2city.ru/kaluga-kurovskoe,245,3.5,7400
Калуга,Липецк,https://city2city.ru/kaluga-lipeczk,400,5.5,12000
Калуга,посёлок Лоо,https://city2city.ru/kaluga-loo,1540,22.0,46200
Калуга,Людиново,https://city2city.ru/kaluga-lyudinovo,175,2.5,5800
Калуга,Малоярославец,https://city2city.ru/kaluga-maloyaroslavecz,70,1.0,2000
Калуга,Мещовск,https://city2city.ru/kaluga-meshhovsk,85,1.0,2500
Калуга,Мосальск,https://city2city.ru/kaluga-mosalsk,95,1.5,3000
Калуга,Новомосковск,https://city2city.ru/kaluga-novomoskovsk,165,2.5,5000
Калуга,Обнинск,https://city2city.ru/kaluga-obninsk,85,1.0,2500
Калуга,Орёл,https://city2city.ru/kaluga-oryol,210,3.0,6500
Калуга,Подольск,https://city2city.ru/kaluga-podolsk,155,2.0,4500
Калуга,посёлок городского типа Полотняный Завод,https://city2city.ru/kaluga-polotnyanyj-zavod,35,1.0,3000
Калуга,Протвино,https://city2city.ru/kaluga-protvino,100,1.5,3000
Калуга,Руза,https://city2city.ru/kaluga-ruza,165,2.5,5000
Калуга,Санкт-Петербург,https://city2city.ru/kaluga-sankt-peterburg,880,12.5,26400
Калуга,Шебекино,https://city2city.ru/kaluga-shebekino,550,8.0,16500
Калуга,Симферополь,https://city2city.ru/kaluga-simferopol,1680,24.0,50500
Калуга,Смоленск,https://city2city.ru/kaluga-smolensk,350,5.0,10500
Калуга,Сочи,https://city2city.ru/kaluga-sochi,1545,22.0,46500
Калуга,Солнечногорск,https://city2city.ru/kaluga-solnechnogorsk,223,3.0,6700
Калуга,Суворов,https://city2city.ru/kaluga-suvorov,55,1.0,2000
Калуга,Сухиничи,https://city2city.ru/kaluga-suxinichi,100,1.5,3000
Калуга,Таруса,https://city2city.ru/kaluga-tarusa,70,1.0,2000
Калуга,Тула,https://city2city.ru/kaluga-tula,105,1.5,3000
Калуга,Воронеж,https://city2city.ru/kaluga-voronezh,435,6.0,13000
Калуга,Вязьма,https://city2city.ru/kaluga-vyazma,180,2.5,5500
Калуга,Жиздра,https://city2city.ru/kaluga-zhizdra,150,2.0,4500
Калуга,Жуков,https://city2city.ru/kaluga-zhukov,90,1.5,2500
Казань,Абдулино,https://city2city.ru/kazan-abdulino,440,6.5,13200
Казань,Агидель,https://city2city.ru/kazan-agidel,410,6.0,12500
Казань,Агрыз,https://city2city.ru/kazan-agryz,340,5.0,10000
Казань,посёлок городского типа Актюбинский,https://city2city.ru/kazan-aktyubinskij,295,4.0,8800
Казань,Алатырь,https://city2city.ru/kazan-alatyr,250,3.5,7500
Казань,посёлок городского типа Алексеевское,https://city2city.ru/kazan-alekseevskoe,95,1.5,4300
Международный аэропорт Казань,,https://city2city.ru/kazan-almetevsk,265,4.0,8000
Казань,поселок городского типа Апастово,https://city2city.ru/kazan-apastovo,115,1.5,4100
Казань,Арск,https://city2city.ru/kazan-arsk,70,1.0,3200
Казань,Архангельск,https://city2city.ru/kazan-arxangelsk,1420,20.5,42500
Казань,Азнакаево,https://city2city.ru/kazan-aznakaevo,310,4.5,9300
Казань,посёлок городского типа Балтаси,https://city2city.ru/kazan-baltasi,105,1.5,3800
Казань,Барыш,https://city2city.ru/kazan-barysh,360,5.0,11000
Казань,Бавлы,https://city2city.ru/kazan-bavly,350,5.0,10500
Казань,Белебей,https://city2city.ru/kazan-belebej,435,6.0,13000
Казань,Белгород,https://city2city.ru/kazan-belgorod,1345,19.0,40400
Казань,Бирск,https://city2city.ru/kazan-birsk,550,8.0,16500
Казань,Муниципальное образование поселок городского типа Богатые Сабы,https://city2city.ru/kazan-bogatye-saby,105,1.5,3800
Казань,Болгар,https://city2city.ru/kazan-bolgar,185,2.5,6100
Международный аэропорт Казань,,https://city2city.ru/kazan-bugulma,320,4.5,9600
Казань,Бугуруслан,https://city2city.ru/kazan-buguruslan,390,5.5,11700
Казань,Буинск,https://city2city.ru/kazan-buinsk,145,2.0,4500
Казань,Бузулук,https://city2city.ru/kazan-buzuluk,490,7.0,14500
Казань,Чайковский,https://city2city.ru/kazan-chajkovskij,460,6.5,13800
Казань,Чебаркуль,https://city2city.ru/kazan-chebarkul,890,12.5,26700
Международный аэропорт Казань,,https://city2city.ru/kazan-cheboksary,155,2.0,5100
Казань,Челябинск,https://city2city.ru/kazan-chelyabinsk,945,13.5,28400
Казань,посёлок городского типа Чердаклы,https://city2city.ru/kazan-cherdakly,270,4.0,8000
Казань,Чернушка,https://city2city.ru/kazan-chernushka,610,8.5,18500
Казань,деревня Чишмы,https://city2city.ru/kazan-chishmy,520,7.5,15500
Международный аэропорт Казань,,https://city2city.ru/kazan-chistopol,140,2.0,5000
Казань,Дзержинск,https://city2city.ru/kazan-dzerzhinsk,490,7.0,14500
Казань,посёлок городского типа Джалиль,https://city2city.ru/kazan-dzhalil,300,4.5,9000
Международный аэропорт Казань,,https://city2city.ru/kazan-ekaterinburg,865,12.5,26000
Казань,,https://city2city.ru/kazan-elabuga,210,3.0,6300
Казань,Глазов,https://city2city.ru/kazan-glazov,560,8.0,17000
Казань,52А-3,https://city2city.ru/kazan-granicza-kazaxstan,760,11.0,22800
Казань,Иннополис,https://city2city.ru/kazan-innopolis,40,0.5,2000
Международный аэропорт Казань,,https://city2city.ru/kazan-izhevsk,370,5.5,11100
Казань,поселок городского типа Камские Поляны,https://city2city.ru/kazan-kamskie-polyany,185,2.5,6100
Казань,посёлок городского типа Камское Устье,https://city2city.ru/kazan-kamskoe-uste,120,1.5,4300
Казань,деревня Канаш,https://city2city.ru/kazan-kanash,175,2.5,5000
Казань,Карабаш,https://city2city.ru/kazan-karabash,890,12.5,26500
Казань,посёлок городского типа Кильмезь,https://city2city.ru/kazan-kilmez,200,3.0,6000
Казань,Кинель,https://city2city.ru/kazan-kinel,370,5.5,11000
Международный аэропорт Казань,,https://city2city.ru/kazan-kirov,395,5.5,11800
Казань,Кисловодск,https://city2city.ru/kazan-kislovodsk,1700,24.5,51000
Казань,Кострома,https://city2city.ru/kazan-kostroma,715,10.0,21500
Казань,село Козловка,https://city2city.ru/kazan-kozlovka,85,1.0,2500
Казань,посёлок городского типа Куйбышевский Затон,https://city2city.ru/kazan-kujbyshevskij-zaton,125,2.0,4500
Казань,Кукмор,https://city2city.ru/kazan-kukmor,155,2.0,5100
Казань,Кумертау,https://city2city.ru/kazan-kumertau,720,10.5,21600
Казань,Лаишево,https://city2city.ru/kazan-laishevo,60,1.0,3000
Казань,рабочий посёлок Лебяжье,https://city2city.ru/kazan-lebyazhe,275,4.0,8000
Казань,,https://city2city.ru/kazan-leninogorsk,290,4.0,8700
Казань,Лысково,https://city2city.ru/kazan-lyskovo,314,4.5,9400
Казань,Магнитогорск,https://city2city.ru/kazan-magnitogorsk,870,12.5,26100
Казань,Малмыж,https://city2city.ru/kazan-malmyzh,140,2.0,5000
Казань,Мамадыш,https://city2city.ru/kazan-mamadysh,170,2.5,5600
Казань,поселок городского типа Мари-Турек,https://city2city.ru/kazan-mari-turek,185,2.5,5500
Казань,Мелеуз,https://city2city.ru/kazan-meleuz,680,9.5,20500
Казань,Мензелинск,https://city2city.ru/kazan-menzelinsk,290,4.0,8500
Казань,Миасс,https://city2city.ru/kazan-miass,850,12.0,25500
Казань,посёлок городского типа Морки,https://city2city.ru/kazan-morki,115,1.5,4100
Казань,Москва,https://city2city.ru/kazan-moskva,810,11.5,24300
Казань,село Можга,https://city2city.ru/kazan-mozhga,300,4.5,9000
Казань,Мурманск,https://city2city.ru/kazan-murmansk,2800,40.0,84000
Казань,Муром,https://city2city.ru/kazan-murom,500,7.0,15000
Международный аэропорт Казань,,https://city2city.ru/kazan-nab_chelny,250,3.5,7500
Казань,Наро-Фоминск,https://city2city.ru/kazan-naro-fominsk,890,12.5,26500
Казань,Нефтекамск,https://city2city.ru/kazan-neftekamsk,415,6.0,12400
Казань,деревня Николаевка,https://city2city.ru/kazan-nikolaevka,2200,31.5,66000
Международный аэропорт Казань,,https://city2city.ru/kazan-nizhnekamsk,200,3.0,6000
Казань,посёлок городского типа Нижние Вязовые,https://city2city.ru/kazan-nizhnie-vyazovye,65,1.0,2000
Казань,Нижний Ломов,https://city2city.ru/kazan-nizhnij-lomov,580,8.5,17400
Международный аэропорт Казань,,https://city2city.ru/kazan-nizhniy_novgorod,420,6.0,12600
Казань,Новочебоксарск,https://city2city.ru/kazan-novocheboksarsk,150,2.0,4500
Казань,Новый Уренгой,https://city2city.ru/kazan-novyj-urengoj,2740,39.0,82000
Казань,село Нурлаты,https://city2city.ru/kazan-nurlat,225,3.0,6800
Казань,Октябрьский,https://city2city.ru/kazan-oktyabrskij-respublika-bashkortostan,410,6.0,12300
Казань,Оренбург,https://city2city.ru/kazan-orenburg,730,10.5,21900
Казань,Орск,https://city2city.ru/kazan-orsk,990,14.0,29700
Казань,посёлок городского типа Параньга,https://city2city.ru/kazan-paranga,135,2.0,4000
Казань,Пенза,https://city2city.ru/kazan-penza,530,7.5,15900
Международный аэропорт Казань,,https://city2city.ru/kazan-perm,665,9.5,20000
Казань,Похвистнево,https://city2city.ru/kazan-poxvistnevo,360,5.0,11000
Казань,поселок городского типа Приютово,https://city2city.ru/kazan-priyutovo,450,6.5,13500
Казань,Россошь,https://city2city.ru/kazan-rossosh,1195,17.0,36000
Казань,Ростов-на-Дону,https://city2city.ru/kazan-rostov-na-donu,1530,22.0,45900
Казань,посёлок городского типа Рыбная Слобода,https://city2city.ru/kazan-rybnaya-sloboda,90,1.5,4000
Казань,Салават,https://city2city.ru/kazan-salavat,660,9.5,19800
Международный аэропорт Казань,,https://city2city.ru/kazan-samara,375,5.5,11200
Казань,Санкт-Петербург,https://city2city.ru/kazan-sankt-peterburg,1510,21.5,45300
Международный аэропорт Казань,,https://city2city.ru/kazan-saransk,405,6.0,12000
Казань,Сарапул,https://city2city.ru/kazan-sarapul,390,5.5,11500
Казань,Саратов,https://city2city.ru/kazan-saratov,655,9.5,19600
Казань,Сергач,https://city2city.ru/kazan-sergach,300,4.5,9000
Казань,посёлок городского типа Сернур,https://city2city.ru/kazan-sernur,165,2.5,5000
Казань,Севастополь,https://city2city.ru/kazan-sevastopol,2210,31.5,66500
Казань,посёлок городского типа Шаранга,https://city2city.ru/kazan-sharanga,280,4.0,8500
Казань,Сибай,https://city2city.ru/kazan-sibaj,945,13.5,28400
Казань,Сим,https://city2city.ru/kazan-sim,680,9.5,20400
Казань,Симферополь,https://city2city.ru/kazan-simferopol,2120,30.5,63500
Казань,Сочи,https://city2city.ru/kazan-sochi,1980,28.5,59400
Казань,Соль-Илецк,https://city2city.ru/kazan-sol-ileczk,800,11.5,24000
Казань,Сорочинск,https://city2city.ru/kazan-sorochinsk,580,8.5,17500
Казань,Сосновка,https://city2city.ru/kazan-sosnovka,185,2.5,5500
Казань,посёлок городского типа Сосновый Бор,https://city2city.ru/kazan-sosnovyj-bor,260,3.5,7800
Казань,посёлок городского типа Старая Кулатка,https://city2city.ru/kazan-staraya-kulatka,450,6.5,13500
Казань,Стерлитамак,https://city2city.ru/kazan-sterlitamak,620,9.0,18500
Казань,Сургут,https://city2city.ru/kazan-surgut,1995,28.5,59800
Казань,городское поселение Суслонгер,https://city2city.ru/kazan-suslonger,105,1.5,3000
Казань,Сыктывкар,https://city2city.ru/kazan-syktyvkar,840,12.0,25200
Казань,Сызрань,https://city2city.ru/kazan-syzran,340,5.0,10200
Казань,Тамбов,https://city2city.ru/kazan-tambov,810,11.5,24300
Казань,Тетюши,https://city2city.ru/kazan-tetyushi,150,2.0,5000
Казань,Тольятти,https://city2city.ru/kazan-tolyatti,340,5.0,10000
Казань,Туймазы,https://city2city.ru/kazan-tujmazy,379,5.5,11400
Казань,село Учалы,https://city2city.ru/kazan-uchaly,890,12.5,26500
Международный аэропорт Казань,,https://city2city.ru/kazan-ufa,530,7.5,15900
Международный аэропорт Казань,,https://city2city.ru/kazan-ulyanovsk,220,3.0,6600
Казань,поселок городского типа Уруссу,https://city2city.ru/kazan-urussu,370,5.5,11100
Казань,Уржум,https://city2city.ru/kazan-urzhum,225,3.0,6800
Казань,посёлок городского типа Васильево,https://city2city.ru/kazan-vasilevo,880,12.5,26400
Казань,Владимир,https://city2city.ru/kazan-vladimir,620,9.0,18600
Казань,Волгоград,https://city2city.ru/kazan-volgograd,1030,14.5,30900
Казань,Вологда,https://city2city.ru/kazan-vologda,1050,15.0,31500
Казань,Волжск,https://city2city.ru/kazan-volzhsk,60,1.0,3000
Казань,Воронеж,https://city2city.ru/kazan-voronezh,1035,15.0,31000
Казань,Вятские Поляны,https://city2city.ru/kazan-vyatskie-polyany,165,2.5,5000
Казань,Янаул,https://city2city.ru/kazan-yanaul,470,6.5,14100
Казань,Яранск,https://city2city.ru/kazan-yaransk,230,3.5,7000
Международный аэропорт Казань,,https://city2city.ru/kazan-yoskar_ola,150,2.0,5000
Казань,Заинск,https://city2city.ru/kazan-zainsk,240,3.5,7200
Казань,Зеленодольск,https://city2city.ru/kazan-zelenodolsk,45,1.0,3000
Казань,Жигулёвск,https://city2city.ru/kazan-zhigulyovsk,340,5.0,10000
Казань,Звенигово,https://city2city.ru/kazan-zvenigovo,85,1.0,3800
Кемерово,Абакан,https://city2city.ru/kemerovo-abakan,730,10.5,22000
Кемерово,Новосибирск (Толмачёво) терминал Б,https://city2city.ru/kemerovo-aeroport-tolmachevo-novosibirsk,290,4.0,8500
Кемерово,Анжеро-Судженск,https://city2city.ru/kemerovo-anzhero-sudzhensk,100,1.5,3000
Кемерово,Барнаул,https://city2city.ru/kemerovo-barnaul,395,5.5,12000
Кемерово,Белокуриха,https://city2city.ru/kemerovo-belokuriha,540,7.5,16000
Кемерово,Белово,https://city2city.ru/kemerovo-belovo,120,1.5,3500
Кемерово,Бердск,https://city2city.ru/kemerovo-berdsk,285,4.0,8500
Кемерово,Берёзовский,https://city2city.ru/kemerovo-beryozovskiy,1860,26.5,55800
Кемерово,Бийск,https://city2city.ru/kemerovo-biysk,470,6.5,14000
Кемерово,Боготол,https://city2city.ru/kemerovo-bogotol,290,4.0,8500
Кемерово,Горно-Алтайск,https://city2city.ru/kemerovo-gorno-altaysk,570,8.0,17100
Кемерово,Гурьевск,https://city2city.ru/kemerovo-gurevsk,150,2.0,5000
Кемерово,Иркутск,https://city2city.ru/kemerovo-irkutsk,1585,22.5,47600
Кемерово,Искитим,https://city2city.ru/kemerovo-iskitim,310,4.5,9500
Кемерово,Калтан,https://city2city.ru/kemerovo-kaltan,260,3.5,8000
Кемерово,Киселёвск,https://city2city.ru/kemerovo-kiselyovsk,175,2.5,5000
Кемерово,Красноярск,https://city2city.ru/kemerovo-krasnoyarsk,525,7.5,15800
Кемерово,Ленинск-Кузнецкий,https://city2city.ru/kemerovo-leninsk-kuznetskiy,100,1.5,3000
Кемерово,Мариинск,https://city2city.ru/kemerovo-mariinsk,175,2.5,5000
Кемерово,Мыски,https://city2city.ru/kemerovo-myski,165,2.5,5000
Кемерово,Новокузнецк,https://city2city.ru/kemerovo-novokuznetsk,220,3.0,6600
Кемерово,Новосибирск,https://city2city.ru/kemerovo-novosibirsk,260,3.5,7800
Кемерово,Осинники,https://city2city.ru/kemerovo-osinniki,245,3.5,7500
Кемерово,Прокопьевск,https://city2city.ru/kemerovo-prokopevsk,195,3.0,6400
Кемерово,Салаир,https://city2city.ru/kemerovo-salair,165,2.5,5000
Кемерово,Шарыпово,https://city2city.ru/kemerovo-sharypovo,300,4.5,9000
Кемерово,Таштагол,https://city2city.ru/kemerovo-tashtagol,370,5.5,11000
Кемерово,Тайга,https://city2city.ru/kemerovo-tayga,105,1.5,3800
Кемерово,Тогучин,https://city2city.ru/kemerovo-toguchin,195,3.0,6000
Кемерово,Томск,https://city2city.ru/kemerovo-tomsk,205,3.0,6200
Кемерово,Топки,https://city2city.ru/kemerovo-topki,35,1.0,3000
Кемерово,Яровое,https://city2city.ru/kemerovo-yarovoe,670,9.5,20000
Кемерово,Юрга,https://city2city.ru/kemerovo-yurga,95,1.5,4300
Кемерово,Заринск,https://city2city.ru/kemerovo-zarinsk,310,4.5,9500
Кемерово,Зеленогорск,https://city2city.ru/kemerovo-zelenogorsk,4300,61.5,129000
Киров,посёлок городского типа Афанасьево,https://city2city.ru/kirov-afanasevo,245,3.5,7400
Киров,Анапа,https://city2city.ru/kirov-anapa,2195,31.5,66000
Киров,посёлок городского типа Арбаж,https://city2city.ru/kirov-arbazh,210,3.0,6500
Киров,посёлок городского типа Аркуль,https://city2city.ru/kirov-arkul,180,2.5,5500
Киров,Архангельск,https://city2city.ru/kirov-arxangelsk,1130,16.0,34000
Киров,Белая Холуница,https://city2city.ru/kirov-belaya-xolunicza,80,1.0,3600
Киров,Белебей,https://city2city.ru/kirov-belebej,740,10.5,22000
Киров,посёлок городского типа Богородское,https://city2city.ru/kirov-bogorodskoe,430,6.0,13000
Киров,поселок городского типа Бурмакино,https://city2city.ru/kirov-burmakino,45,1.0,3000
Киров,Чебоксары,https://city2city.ru/kirov-cheboksary,390,5.5,11500
Киров,посёлок городского типа Даровской,https://city2city.ru/kirov-darovskoj,180,2.5,5500
Киров,посёлок городского типа Демьяново,https://city2city.ru/kirov-demyanovo,295,4.0,8800
Киров,Донецк,https://city2city.ru/kirov-doneczk-rostovskaya-oblast,1690,24.0,50500
Киров,Донской,https://city2city.ru/kirov-donskoj,1181,17.0,35400
Киров,Елабуга,https://city2city.ru/kirov-elabuga,460,6.5,14000
Киров,Ершов,https://city2city.ru/kirov-ershov,1040,15.0,31200
Киров,посёлок городского типа Фалёнки,https://city2city.ru/kirov-falyonki,150,2.0,4500
Киров,Глазов,https://city2city.ru/kirov-glazov,245,3.5,7500
Киров,52А-3,https://city2city.ru/kirov-granicza-kazaxstan,1050,15.0,31500
Киров,река Старая Граница,https://city2city.ru/kirov-granicza-ukraina,1500,21.5,45000
Киров,Ижевск,https://city2city.ru/kirov-izhevsk,425,6.0,12800
Киров,Калуга,https://city2city.ru/kirov-kaluga,1170,16.5,35000
Киров,Каменск-Шахтинский,https://city2city.ru/kirov-kamensk-shaxtinskij,960,13.5,29000
Киров,Казань,https://city2city.ru/kirov-kazan,395,5.5,11800
Киров,посёлок городского типа Кикнур,https://city2city.ru/kirov-kiknur,265,4.0,8000
Киров,посёлок городского типа Кильмезь,https://city2city.ru/kirov-kilmez,245,3.5,7400
Киров,Кирс,https://city2city.ru/kirov-kirs,190,2.5,6300
Киров,Коряжма,https://city2city.ru/kirov-koryazhma,490,7.0,14500
Киров,Котельнич,https://city2city.ru/kirov-kotelnich,120,1.5,4300
Киров,посёлок городского типа Кумёны,https://city2city.ru/kirov-kumyony,70,1.0,3200
Киров,посёлок городского типа Лальск,https://city2city.ru/kirov-lalsk,420,6.0,12500
Киров,рабочий посёлок Лебяжье,https://city2city.ru/kirov-lebyazhe,180,2.5,5500
Киров,Лесной,https://city2city.ru/kirov-lesnoj,810,11.5,24500
Киров,Луза,https://city2city.ru/kirov-luza,450,6.5,13500
Киров,посёлок городского типа Лёвинцы,https://city2city.ru/kirov-lyovinczy,40,0.5,2000
Киров,Людиново,https://city2city.ru/kirov-lyudinovo,1340,19.0,40000
Киров,Малмыж,https://city2city.ru/kirov-malmyzh,290,4.0,8700
Киров,поселок городского типа Мари-Турек,https://city2city.ru/kirov-mari-turek,270,4.0,8000
Киров,Микунь,https://city2city.ru/kirov-mikun,520,7.5,15500
Киров,Миллерово,https://city2city.ru/kirov-millerovo,1540,22.0,46000
Киров,Мирный,https://city2city.ru/kirov-mirnyj,1370,19.5,41000
Киров,село Можга,https://city2city.ru/kirov-mozhga,410,6.0,12500
Киров,Мураши,https://city2city.ru/kirov-murashi,115,1.5,4100
Киров,посёлок городского типа Мурыгино,https://city2city.ru/kirov-murygino,30,0.5,2000
Киров,Набережные Челны,https://city2city.ru/kirov-naberezhnye-chelny,500,7.0,15000
Киров,посёлок городского типа Нагорск,https://city2city.ru/kirov-nagorsk,125,2.0,4500
Киров,Нефтекамск,https://city2city.ru/kirov-neftekamsk,540,7.5,16200
Киров,посёлок городского типа Нема,https://city2city.ru/kirov-nema,155,2.0,5100
Киров,посёлок городского типа Нижнеивкино,https://city2city.ru/kirov-nizhneivkino,50,1.0,3000
Киров,Нижний Новгород,https://city2city.ru/kirov-nizhnij-novgorod,580,8.5,17500
Киров,Нолинск,https://city2city.ru/kirov-nolinsk,145,2.0,5200
Киров,посёлок городского типа Новый Торъял,https://city2city.ru/kirov-novyj-toryal,260,3.5,8000
Киров,Октябрьский,https://city2city.ru/kirov-oktyabrskij-respublika-bashkortostan,30,0.5,2000
Киров,Омутнинск,https://city2city.ru/kirov-omutninsk,170,2.5,5600
Киров,посёлок городского типа Опарино,https://city2city.ru/kirov-oparino,180,2.5,5900
Киров,посёлок городского типа Оричи,https://city2city.ru/kirov-orichi,50,1.0,3000
Киров,Орлов,https://city2city.ru/kirov-orlov,75,1.0,3400
Киров,Пермь,https://city2city.ru/kirov-perm,490,7.0,14500
Киров,посёлок Первомайский,https://city2city.ru/kirov-pervomajskij,1090,15.5,32500
Киров,посёлок городского типа Песковка,https://city2city.ru/kirov-peskovka,225,3.0,6800
Киров,посёлок городского типа Пинюг,https://city2city.ru/kirov-pinyug,235,3.5,7000
Киров,посёлок городского типа Пижанка,https://city2city.ru/kirov-pizhanka,170,2.5,5600
Киров,посёлок городского типа Подосиновец,https://city2city.ru/kirov-podosinovecz,285,4.0,8600
Киров,Радужный,https://city2city.ru/kirov-raduzhnyj,15,1.0,3000
Киров,посёлок городского типа Рудничный,https://city2city.ru/kirov-rudnichnyj,3400,48.5,102000
Киров,Самара,https://city2city.ru/kirov-samara,770,11.0,23100
Киров,посёлок городского типа Санчурск,https://city2city.ru/kirov-sanchursk,275,4.0,8000
Киров,Санкт-Петербург,https://city2city.ru/kirov-sankt-peterburg,1545,22.0,46500
Киров,Саранск,https://city2city.ru/kirov-saransk,715,10.0,21400
Киров,Сарапул,https://city2city.ru/kirov-sarapul,470,6.5,14000
Киров,посёлок городского типа Сернур,https://city2city.ru/kirov-sernur,230,3.5,7000
Киров,Шарья,https://city2city.ru/kirov-sharya,295,4.0,8800
Киров,Шахунья,https://city2city.ru/kirov-shaxunya,320,4.5,9500
Киров,Слободской,https://city2city.ru/kirov-slobodskoj,35,0.5,2000
Киров,Сочи,https://city2city.ru/kirov-sochi,2330,33.5,70000
Киров,посёлок городского типа Сосновый Бор,https://city2city.ru/kirov-sosnovyj-bor,15,1.0,3000
Киров,Советск,https://city2city.ru/kirov-sovetsk,135,2.0,4900
Киров,Спас-Деменск,https://city2city.ru/kirov-spas-demensk,1450,20.5,43500
Киров,Стерлитамак,https://city2city.ru/kirov-sterlitamak,920,13.0,27500
Киров,деревня Стрижи,https://city2city.ru/kirov-strizhi,30,1.0,3000
Киров,посёлок городского типа Суна,https://city2city.ru/kirov-suna,105,1.5,3800
Киров,посёлок городского типа Свеча,https://city2city.ru/kirov-svecha,175,2.5,5000
Киров,посёлок городского типа Светлополянск,https://city2city.ru/kirov-svetlopolyansk,205,3.0,6200
Киров,Сыктывкар,https://city2city.ru/kirov-syktyvkar,415,6.0,12400
Киров,Сыктывкар,https://city2city.ru/kirov-syktyvkar-2,415,6.0,12500
Киров,Тольятти,https://city2city.ru/kirov-tolyatti,740,10.5,22000
Киров,посёлок городского типа Тужа,https://city2city.ru/kirov-tuzha,230,3.5,7000
Киров,Уфа,https://city2city.ru/kirov-ufa,750,10.5,22500
Киров,Ульяновск,https://city2city.ru/kirov-ulyanovsk,620,9.0,18600
Киров,посёлок городского типа Уни,https://city2city.ru/kirov-uni,195,3.0,6400
Киров,Урень,https://city2city.ru/kirov-uren,370,5.5,11000
Киров,Уржум,https://city2city.ru/kirov-urzhum,200,3.0,6000
Киров,Ухта,https://city2city.ru/kirov-uxta,730,10.5,22000
Киров,посёлок городского типа Вахруши,https://city2city.ru/kirov-vaxrushi,105,1.5,3800
Киров,Великий Устюг,https://city2city.ru/kirov-velikij-ustyug,600,8.5,18000
Киров,посёлок городского типа Верхошижемье,https://city2city.ru/kirov-verxoshizheme,85,1.0,2500
Киров,Вологда,https://city2city.ru/kirov-vologda,745,10.5,22500
Киров,посёлок городского типа Восточный,https://city2city.ru/kirov-vostochnyj,185,2.5,5500
Киров,Вятские Поляны,https://city2city.ru/kirov-vyatskie-polyany,340,5.0,10000
Киров,Яранск,https://city2city.ru/kirov-yaransk,215,3.0,6500
Киров,посёлок городского типа Юрья,https://city2city.ru/kirov-yurya,65,1.0,2000
Киров,Зуевка,https://city2city.ru/kirov-zuevka,125,2.0,4500
Комсомольск-на-Амуре,Хабаровск,https://city2city.ru/komsomolsk-na-amure-habarovsk,400,5.5,12000
Кострома,Анапа,https://city2city.ru/kostroma-anapa,1840,26.5,55000
Кострома,Буй,https://city2city.ru/kostroma-buj,105,1.5,3800
Кострома,Череповец,https://city2city.ru/kostroma-cherepovecz,410,6.0,12500
Кострома,поселок городского типа Чистые Боры,https://city2city.ru/kostroma-chistye-bory,90,1.5,2500
Кострома,Чухлома,https://city2city.ru/kostroma-chuxloma,175,2.5,5000
Кострома,Долгопрудный,https://city2city.ru/kostroma-dolgoprudnyj,340,5.0,10200
Кострома,город Фурманов,https://city2city.ru/kostroma-furmanov,75,1.0,2000
Кострома,Галич,https://city2city.ru/kostroma-galich,125,2.0,4500
Кострома,52А-3,https://city2city.ru/kostroma-granicza-kazaxstan,1400,20.0,42000
Кострома,Иваново,https://city2city.ru/kostroma-ivanovo,105,1.5,3800
Кострома,Йошкар-Ола,https://city2city.ru/kostroma-joshkar-ola,620,9.0,18600
Кострома,посёлок городского типа Кадый,https://city2city.ru/kostroma-kadyj,145,2.0,4500
Кострома,Казань,https://city2city.ru/kostroma-kazan,715,10.0,21500
Кострома,Кинешма,https://city2city.ru/kostroma-kineshma,135,2.0,4000
Кострома,Киров,https://city2city.ru/kostroma-kirov,615,9.0,18500
Кострома,Коломна,https://city2city.ru/kostroma-kolomna,450,6.5,13500
Кострома,Ковров,https://city2city.ru/kostroma-kovrov,195,3.0,6000
Кострома,посёлок городского типа Красное-на-Волге,https://city2city.ru/kostroma-krasnoe-na-volge,35,1.0,3000
Кострома,Курск,https://city2city.ru/kostroma-kursk,875,12.5,26000
Кострома,Макарьев,https://city2city.ru/kostroma-makarev,185,2.5,6100
Кострома,Мантурово,https://city2city.ru/kostroma-manturovo,260,3.5,8000
Кострома,Москва,https://city2city.ru/kostroma-moskva,335,5.0,10000
Кострома,посёлок городского типа Некрасовское,https://city2city.ru/kostroma-nekrasovskoe,45,0.5,2000
Кострома,Нерехта,https://city2city.ru/kostroma-nerexta,45,0.5,2000
Кострома,Нея,https://city2city.ru/kostroma-neya,230,3.5,7000
Кострома,Нижний Новгород,https://city2city.ru/kostroma-nizhnij-novgorod,330,4.5,9900
Кострома,Обнинск,https://city2city.ru/kostroma-obninsk,450,6.5,13500
Кострома,Переславль-Залесский,https://city2city.ru/kostroma-pereslavl-zalesskij,200,3.0,6000
Кострома,Песочное шоссе,https://city2city.ru/kostroma-pesochnoe,940,13.5,28000
Кострома,Плёс,https://city2city.ru/kostroma-plyos,75,1.0,3400
Кострома,поселок городского типа Поназырево,https://city2city.ru/kostroma-ponazyrevo,370,5.5,11000
Кострома,Приволжск,https://city2city.ru/kostroma-privolzhsk,55,1.0,2000
Кострома,Пудож,https://city2city.ru/kostroma-pudozh,700,10.0,21000
Кострома,Ростов,https://city2city.ru/kostroma-rostov-velikij,1420,20.5,42500
Кострома,Рязань,https://city2city.ru/kostroma-ryazan,455,6.5,13500
Кострома,Рыбинск,https://city2city.ru/kostroma-rybinsk,170,2.5,5000
Кострома,село Старое Сандово,https://city2city.ru/kostroma-sandovo,343,5.0,10300
Кострома,Санкт-Петербург,https://city2city.ru/kostroma-sankt-peterburg,870,12.5,26100
Кострома,Саратов,https://city2city.ru/kostroma-saratov,987,14.0,29600
Кострома,Шарья,https://city2city.ru/kostroma-sharya,320,4.5,9500
Кострома,Шуя,https://city2city.ru/kostroma-shuya,125,2.0,4000
Кострома,Сочи,https://city2city.ru/kostroma-sochi,1960,28.0,59000
Кострома,Солигалич,https://city2city.ru/kostroma-soligalich,220,3.0,6500
Кострома,посёлок городского типа Сосновый Бор,https://city2city.ru/kostroma-sosnovyj-bor,940,13.5,28000
Кострома,посёлок городского типа Судиславль,https://city2city.ru/kostroma-sudislavl,50,1.0,3000
Кострома,Суджа,https://city2city.ru/kostroma-sudzha,970,14.0,29100
Кострома,поселок городского типа Сусанино,https://city2city.ru/kostroma-susanino,60,1.0,2000
Кострома,Суздаль,https://city2city.ru/kostroma-suzdal,185,2.5,5500
Кострома,Тейково,https://city2city.ru/kostroma-tejkovo,140,2.0,4000
Кострома,Тверь,https://city2city.ru/kostroma-tver,415,6.0,12400
Кострома,Валуйки,https://city2city.ru/kostroma-valujki,1090,15.5,32700
Кострома,Великий Новгород,https://city2city.ru/kostroma-velikij-novgorod,695,10.0,20800
Кострома,Вичуга,https://city2city.ru/kostroma-vichuga,105,1.5,3000
Кострома,Владимир,https://city2city.ru/kostroma-vladimir,220,3.0,6500
Кострома,Волгореченск,https://city2city.ru/kostroma-volgorechensk,45,1.0,3000
Кострома,Вологда,https://city2city.ru/kostroma-vologda,280,4.0,8500
Кострома,Воронеж,https://city2city.ru/kostroma-voronezh,855,12.0,25600
Кострома,Ярославль,https://city2city.ru/kostroma-yaroslavl,85,1.0,3800
Кострома,Заволжск,https://city2city.ru/kostroma-zavolzhsk,130,2.0,4000
Аэропорт,Анапа,https://city2city.ru/krasnodar-anapa,165,2.5,5000
Краснодар,село Колотиловка,https://city2city.ru/krasnodar-app-kolotilovka,1100,15.5,33000
Краснодар,село Алимбетовка,https://city2city.ru/krasnodar-app-orsk,2230,32.0,67000
Краснодар,село Верхний Ларс,https://city2city.ru/krasnodar-app-verxnij-lars,650,9.5,19500
Краснодар,Апшеронск,https://city2city.ru/krasnodar-apsheronsk,120,1.5,3500
Краснодар,Астрахань,https://city2city.ru/krasnodar-astraxan,825,12.0,24800
Краснодар,Белгород,https://city2city.ru/krasnodar-belgorod,975,14.0,29000
Краснодар,Белореченск,https://city2city.ru/krasnodar-belorechensk,110,1.5,3500
Краснодар,хутор Бетта,https://city2city.ru/krasnodar-betta,175,2.5,5000
Краснодар,Благодарный,https://city2city.ru/krasnodar-blagodarnyj,450,6.5,13500
Краснодар,Благовещенск,https://city2city.ru/krasnodar-blagoveshhensk,8400,120.0,252000
Краснодар,Брянск,https://city2city.ru/krasnodar-bryansk,1295,18.5,38800
Краснодар,Будённовск,https://city2city.ru/krasnodar-budyonnovsk,510,7.5,15500
Краснодар,Челябинск,https://city2city.ru/krasnodar-chelyabinsk,2375,34.0,71000
Краснодар,станица Даховская,https://city2city.ru/krasnodar-daxovskaya,180,2.5,5500
Краснодар,станица Динская,https://city2city.ru/krasnodar-dinskaya,45,0.5,2000
Краснодар,деревня Долгое,https://city2city.ru/krasnodar-dolgoe,1050,15.0,31500
Краснодар,село Абрау-Дюрсо,https://city2city.ru/krasnodar-dyurso,180,2.5,5500
Краснодар,село Джигинка,https://city2city.ru/krasnodar-dzhiginka,150,2.0,4500
Аэропорт,поселок городского типа Джубга,https://city2city.ru/krasnodar-dzhubga,130,2.0,4000
Краснодар,Екатеринбург,https://city2city.ru/krasnodar-ekaterinburg,2410,34.5,72300
Краснодар,Элиста,https://city2city.ru/krasnodar-elista,510,7.5,15300
Краснодар,посёлок городского типа Энем,https://city2city.ru/krasnodar-enem,15,0.5,2000
Краснодар,посёлок городского типа Фёдоровский,https://city2city.ru/krasnodar-fyodorovskij,205,3.0,6000
Краснодар,Георгиевск,https://city2city.ru/krasnodar-georgievsk,440,6.5,13000
Краснодар,52А-3,https://city2city.ru/krasnodar-granicza-kazaxstan,880,12.5,26400
Краснодар,М-3 Украина,https://city2city.ru/krasnodar-granicza-ukraina,400,5.5,12000
Краснодар,Грозный,https://city2city.ru/krasnodar-groznyj,695,10.0,20800
Краснодар,Гуково,https://city2city.ru/krasnodar-gukovo,400,5.5,12000
Краснодар,поселок Гузерипль,https://city2city.ru/krasnodar-guzeripl,220,3.0,6500
Краснодар,посёлок городского типа Ильский,https://city2city.ru/krasnodar-ilskij,50,0.5,2000
Краснодар,Ижевск,https://city2city.ru/krasnodar-izhevsk,2065,29.5,62000
Краснодар,Калуга,https://city2city.ru/krasnodar-kaluga,1265,18.0,38000
Краснодар,посёлок Каменномостский,https://city2city.ru/krasnodar-kamennomostskij,175,2.5,5000
Краснодар,Камышин,https://city2city.ru/krasnodar-kamyshin,930,13.5,28000
Краснодар,Казань,https://city2city.ru/krasnodar-kazan,1705,24.5,51200
Краснодар,Кемерово,https://city2city.ru/krasnodar-kemerovo,4215,60.0,126500
Краснодар,Кисловодск,https://city2city.ru/krasnodar-kislovodsk,450,6.5,13500
Краснодар,Кореновск,https://city2city.ru/krasnodar-korenovsk,75,1.0,2000
Краснодар,Котельниково,https://city2city.ru/krasnodar-kotelnikovo,520,7.5,15500
Краснодар,поселок городского типа Красный Луч,https://city2city.ru/krasnodar-krasnyj-luch,450,6.5,13500
Краснодар,Курск,https://city2city.ru/krasnodar-kursk,1060,15.0,32000
Краснодар,Кузнецк,https://city2city.ru/krasnodar-kuzneczk,1320,19.0,39600
Аэропорт,село Лермонтово,https://city2city.ru/krasnodar-lermontovo,135,2.0,4000
Краснодар,посёлок городского типа Гячрыпш,https://city2city.ru/krasnodar-mapp-psou,350,5.0,10500
Краснодар,село Успенка,https://city2city.ru/krasnodar-mapp-uspenka,400,5.5,12000
Краснодар,Махачкала,https://city2city.ru/krasnodar-maxachkala,860,12.5,26000
Краснодар,Минеральные Воды,https://city2city.ru/krasnodar-mineralnye-vody,405,6.0,12000
Краснодар,Михайловка,https://city2city.ru/krasnodar-mixajlovka,790,11.5,23500
Краснодар,Москва,https://city2city.ru/krasnodar-moskva,1350,19.3,40500
Краснодар,поселок городского типа Мостовской,https://city2city.ru/krasnodar-mostovskoj,225,3.0,7000
Краснодар,Нальчик,https://city2city.ru/krasnodar-nalchik,500,7.0,15000
Краснодар,Нижний Новгород,https://city2city.ru/krasnodar-nizhnij-novgorod,1580,22.5,47500
Краснодар,Новокубанск,https://city2city.ru/krasnodar-novokubansk,210,3.0,6500
Краснодар,Новороссийск,https://city2city.ru/krasnodar-novorossijsk,165,2.5,5000
Краснодар,станица Новотитаровская,https://city2city.ru/krasnodar-novotitarovskaya,30,0.5,2000
Краснодар,поселок городского типа Октябрьский,https://city2city.ru/krasnodar-oktyabrskij,1810,26.0,54500
Краснодар,поселок Октябрьский,https://city2city.ru/krasnodar-oktyabrskij-7,700,10.0,21000
Краснодар,Оренбург,https://city2city.ru/krasnodar-orenburg,1890,27.0,56700
Краснодар,Пермь,https://city2city.ru/krasnodar-perm,2405,34.5,72000
Краснодар,посёлок Пригородный,https://city2city.ru/krasnodar-posyolok-prigorodnyj,840,12.0,25000
Краснодар,Ростов-на-Дону,https://city2city.ru/krasnodar-rostov-na-donu,285,4.0,8500
Краснодар,посёлок городского типа Ровеньки,https://city2city.ru/krasnodar-rovenki,800,11.5,24000
Краснодар,Рязань,https://city2city.ru/krasnodar-ryazan,1220,17.5,36500
Краснодар,Самара,https://city2city.ru/krasnodar-samara,1500,21.5,45000
Ростов-на-Дону,Санкт-Петербург,https://city2city.ru/krasnodar-sankt-peterburg,2060,29.5,61800
Краснодар,Саранск,https://city2city.ru/krasnodar-saransk,1350,19.5,40500
Краснодар,Саратов,https://city2city.ru/krasnodar-saratov,1090,15.5,32700
Краснодар,село Кочубеевское,https://city2city.ru/krasnodar-selo-kochubeevskoe,290,4.0,8500
Краснодар,село Красногвардейское,https://city2city.ru/krasnodar-selo-krasnogvardejskoe,250,3.5,7500
Краснодар,село Новоселицкое,https://city2city.ru/krasnodar-selo-novoseliczkoe,440,6.5,13000
Краснодар,станица Северская,https://city2city.ru/krasnodar-severskaya,40,0.5,2000
Краснодар,Славянск-на-Кубани,https://city2city.ru/krasnodar-slavyansk-na-kubani,85,1.0,2500
Краснодар,Старый Оскол,https://city2city.ru/krasnodar-staryj-oskol,930,13.5,27900
Краснодар,Светлоград,https://city2city.ru/krasnodar-svetlograd,380,5.5,11500
Краснодар,Сыктывкар,https://city2city.ru/krasnodar-syktyvkar,2450,35.0,73500
Краснодар,Таганрог,https://city2city.ru/krasnodar-taganrog,360,5.0,11000
Краснодар,Тольятти,https://city2city.ru/krasnodar-tolyatti,1540,22.0,46000
Краснодар,Тверь,https://city2city.ru/krasnodar-tver,1540,22.0,46000
Краснодар,Уфа,https://city2city.ru/krasnodar-ufa,1970,28.0,59100
Краснодар,Ульяновск,https://city2city.ru/krasnodar-ulyanovsk,1515,21.5,45500
Краснодар,Владикавказ,https://city2city.ru/krasnodar-vladikavkaz,610,8.5,18300
Краснодар,Владивосток,https://city2city.ru/krasnodar-vladivostok,9730,139.0,292000
Краснодар,Вологда,https://city2city.ru/krasnodar-vologda,1805,26.0,54000
Краснодар,село Хамышки,https://city2city.ru/krasnodar-xamyshki,205,3.0,6000
Краснодар,посёлок городского типа Яблоновский,https://city2city.ru/krasnodar-yablonovskij,10,0.5,2000
Краснодар,рабочий поселок Южный,https://city2city.ru/krasnodar-yuzhnyj,20,0.5,2000
Краснодар,Зеленокумск,https://city2city.ru/krasnodar-zelenokumsk,480,7.0,14500
Краснодар,Знаменск,https://city2city.ru/krasnodar-znamensk,830,12.0,25000
Красноярск,Абакан,https://city2city.ru/krasnoyarsk-abakan,410,6.0,12300
Красноярск,Абаза,https://city2city.ru/krasnoyarsk-abaza,590,8.5,17500
Красноярск,Ачинск,https://city2city.ru/krasnoyarsk-achinsk,170,2.5,5600
Красноярск,аэропорт Красноярск имени Д.А. Хворостовского,https://city2city.ru/krasnoyarsk-aeroport-emelyanovo-krasnoyarsk,40,1.0,3000
Красноярск,Алейск,https://city2city.ru/krasnoyarsk-alejsk,1060,15.0,32000
Красноярск,Алзамай,https://city2city.ru/krasnoyarsk-alzamaj,460,6.5,14000
Красноярск,Ангарск,https://city2city.ru/krasnoyarsk-angarsk,1010,14.5,30500
Красноярск,село Арей,https://city2city.ru/krasnoyarsk-arej,1910,27.5,57500
Красноярск,Артёмовск,https://city2city.ru/krasnoyarsk-artyomovsk,4600,65.5,138000
Красноярск,Барнаул,https://city2city.ru/krasnoyarsk-barnaul,920,13.0,27600
Красноярск,Белокуриха,https://city2city.ru/krasnoyarsk-belokurixa,1060,15.0,32000
Красноярск,Бийск,https://city2city.ru/krasnoyarsk-bijsk,990,14.0,29500
Красноярск,Благовещенск,https://city2city.ru/krasnoyarsk-blagoveshhensk,3700,53.0,111000
Красноярск,Боготол,https://city2city.ru/krasnoyarsk-bogotol,240,3.5,7200
Красноярск,Бородино,https://city2city.ru/krasnoyarsk-borodino,150,2.0,5000
Красноярск,Братск,https://city2city.ru/krasnoyarsk-bratsk,680,9.5,20400
Красноярск,поселок Бузим,https://city2city.ru/krasnoyarsk-buzim,75,1.0,2000
Красноярск,Челябинск,https://city2city.ru/krasnoyarsk-chelyabinsk,2335,33.5,70000
Красноярск,Черемхово,https://city2city.ru/krasnoyarsk-cheremxovo,920,13.0,27500
Красноярск,Черногорск,https://city2city.ru/krasnoyarsk-chernogorsk,390,5.5,11700
Красноярск,Чита,https://city2city.ru/krasnoyarsk-chita,2135,30.5,64000
Красноярск,Дивногорск,https://city2city.ru/krasnoyarsk-divnogorsk,40,1.0,3000
Красноярск,Дудинка,https://city2city.ru/krasnoyarsk-dudinka,1950,28.0,58500
Красноярск,Екатеринбург,https://city2city.ru/krasnoyarsk-ekaterinburg,2365,34.0,71000
Красноярск,Енисейск,https://city2city.ru/krasnoyarsk-enisejsk,335,5.0,10000
Красноярск,турбаза Ергаки,https://city2city.ru/krasnoyarsk-ergaki,620,9.0,18600
Красноярск,Горно-Алтайск,https://city2city.ru/krasnoyarsk-gorno-altajsk,1095,15.5,33000
Красноярск,село Ташанта,https://city2city.ru/krasnoyarsk-granicza-mongolii,1100,15.5,33000
Красноярск,Игарка,https://city2city.ru/krasnoyarsk-igarka,1670,24.0,50000
Красноярск,Иланский,https://city2city.ru/krasnoyarsk-ilanskij,260,3.5,7800
Красноярск,Иркутск,https://city2city.ru/krasnoyarsk-irkutsk,1060,15.0,31800
Красноярск,Канск,https://city2city.ru/krasnoyarsk-kansk,230,3.5,6900
Красноярск,город Кедровый,https://city2city.ru/krasnoyarsk-kedrovyj,60,1.0,2000
Красноярск,Кемерово,https://city2city.ru/krasnoyarsk-kemerovo,530,7.5,15900
Красноярск,Кодинск,https://city2city.ru/krasnoyarsk-kodinsk,700,10.0,21000
Красноярск,Краснокаменск,https://city2city.ru/krasnoyarsk-krasnokamensk,2690,38.5,80500
Красноярск,Кызыл,https://city2city.ru/krasnoyarsk-kyzyl,810,11.5,24300
Красноярск,Ленинск-Кузнецкий,https://city2city.ru/krasnoyarsk-leninsk-kuzneczkij,4100,58.5,123000
Красноярск,Лесосибирск,https://city2city.ru/krasnoyarsk-lesosibirsk,295,4.0,8800
Красноярск,Мариинск,https://city2city.ru/krasnoyarsk-mariinsk,370,5.5,11000
Красноярск,Минусинск,https://city2city.ru/krasnoyarsk-minusinsk,430,6.0,13000
Красноярск,Назарово,https://city2city.ru/krasnoyarsk-nazarovo,205,3.0,6200
Красноярск,Нижнеудинск,https://city2city.ru/krasnoyarsk-nizhneudinsk,550,8.0,16500
Красноярск,Норильск,https://city2city.ru/krasnoyarsk-norilsk,2020,29.0,60500
Красноярск,Новокузнецк,https://city2city.ru/krasnoyarsk-novokuzneczk,740,10.5,22200
Красноярск,Новосибирск,https://city2city.ru/krasnoyarsk-novosibirsk,780,11.0,23400
Красноярск,Омск,https://city2city.ru/krasnoyarsk-omsk,1415,20.0,42500
Красноярск,посёлок городского типа Приисковый,https://city2city.ru/krasnoyarsk-priiskovyj,430,6.0,12900
Красноярск,Прокопьевск,https://city2city.ru/krasnoyarsk-prokopevsk,720,10.5,21500
Красноярск,Саяногорск,https://city2city.ru/krasnoyarsk-sayanogorsk,490,7.0,14700
Красноярск,Саянск,https://city2city.ru/krasnoyarsk-sayansk,800,11.5,24000
Красноярск,Шарыпово,https://city2city.ru/krasnoyarsk-sharypovo,315,4.5,9400
Красноярск,посёлок городского типа Шерегеш,https://city2city.ru/krasnoyarsk-sheregesh,900,13.0,27000
Красноярск,Шумиха,https://city2city.ru/krasnoyarsk-shumixa,60,1.0,2000
Красноярск,Сорск,https://city2city.ru/krasnoyarsk-sorsk,460,6.5,13800
Красноярск,Сосновоборск,https://city2city.ru/krasnoyarsk-sosnovoborsk,40,0.5,2000
Красноярск,Сургут,https://city2city.ru/krasnoyarsk-surgut,2640,37.5,79000
Красноярск,Тайшет,https://city2city.ru/krasnoyarsk-tajshet,400,5.5,12000
Красноярск,посёлок городского типа Таёжный,https://city2city.ru/krasnoyarsk-tayozhnyj,540,7.5,16200
Красноярск,Томск,https://city2city.ru/krasnoyarsk-tomsk,585,8.5,17600
Красноярск,Тулун,https://city2city.ru/krasnoyarsk-tulun,660,9.5,20000
Красноярск,Тюмень,https://city2city.ru/krasnoyarsk-tyumen,2040,29.0,61200
Красноярск,Улан-Удэ,https://city2city.ru/krasnoyarsk-ulan-ude,1490,21.5,44700
Красноярск,Усолье-Сибирское,https://city2city.ru/krasnoyarsk-usole-sibirskoe,2870,41.0,86000
Красноярск,Усть-Илимск,https://city2city.ru/krasnoyarsk-ust-ilimsk,960,13.5,29000
Красноярск,Усть-Кут,https://city2city.ru/krasnoyarsk-ust-kut,1230,17.5,36900
Красноярск,Уяр,https://city2city.ru/krasnoyarsk-uyar,115,1.5,4100
Красноярск,Ужур,https://city2city.ru/krasnoyarsk-uzhur,290,4.0,8700
Красноярск,Вихоревка,https://city2city.ru/krasnoyarsk-vixorevka,870,12.5,26000
Красноярск,Владивосток,https://city2city.ru/krasnoyarsk-vladivostok,4400,63.0,132000
Красноярск,Хабаровск,https://city2city.ru/krasnoyarsk-xabarovsk,4245,60.5,127500
Красноярск,Якутск,https://city2city.ru/krasnoyarsk-yakutsk,4205,60.0,126000
Красноярск,Яровое,https://city2city.ru/krasnoyarsk-yarovoe,1180,17.0,35500
Красноярск,Юрга,https://city2city.ru/krasnoyarsk-yurga,610,8.5,18500
Красноярск,Заозёрный,https://city2city.ru/krasnoyarsk-zaozyornyj,135,2.0,4900
Красноярск,Зеленогорск,https://city2city.ru/krasnoyarsk-zelenogorsk,155,2.0,5100
Красноярск,Железногорск,https://city2city.ru/krasnoyarsk-zheleznogorsk,60,1.0,3000
Красноярск,Железногорск-Илимский,https://city2city.ru/krasnoyarsk-zheleznogorsk-ilimskij,4500,64.5,135000
Красноярск,Зима,https://city2city.ru/krasnoyarsk-zima,800,11.5,24000
Красноярск,Златоуст,https://city2city.ru/krasnoyarsk-zlatoust,2510,36.0,75500
Курган,поселок Украинец,https://city2city.ru/kurgan-app-zverinogolovskoe,130,2.0,4700
Курган,Берёзовский,https://city2city.ru/kurgan-beryozovskij,370,5.5,11000
Курган,Чебаркуль,https://city2city.ru/kurgan-chebarkul,370,5.5,11000
Курган,Екатеринбург,https://city2city.ru/kurgan-ekaterinburg,365,5.0,11000
Курган,рабочий посёлок Елань,https://city2city.ru/kurgan-elan,1800,25.5,54000
Курган,52А-3,https://city2city.ru/kurgan-granicza-kazaxstan,230,3.5,6900
Курган,Ишим,https://city2city.ru/kurgan-ishim,320,4.5,9500
Курган,Ижевск,https://city2city.ru/kurgan-izhevsk,965,14.0,29000
Курган,посёлок Каргаполье,https://city2city.ru/kurgan-kargapole,85,1.0,2500
Курган,Копейск,https://city2city.ru/kurgan-kopejsk,265,4.0,8000
Курган,Куртамыш,https://city2city.ru/kurgan-kurtamysh,90,1.5,2500
Курган,рабочий посёлок Лебяжье,https://city2city.ru/kurgan-lebyazhe,1350,19.5,40500
Курган,село Лукино,https://city2city.ru/kurgan-lukino,1710,24.5,51500
Курган,Магнитогорск,https://city2city.ru/kurgan-magnitogorsk,570,8.0,17100
Курган,Макушино,https://city2city.ru/kurgan-makushino,140,2.0,4000
Курган,Миасс,https://city2city.ru/kurgan-miass,390,5.5,11500
Курган,поселок городского типа Мишкино,https://city2city.ru/kurgan-mishkino,105,1.5,3800
Курган,Москва,https://city2city.ru/kurgan-moskva,2050,29.5,61500
Курган,поселок городского типа Мостовской,https://city2city.ru/kurgan-mostovskoj,2660,38.0,80000
Курган,Нижневартовск,https://city2city.ru/kurgan-nizhnevartovsk,1200,17.0,36000
Курган,Пенза,https://city2city.ru/kurgan-penza,1505,21.5,45200
Курган,Пермь,https://city2city.ru/kurgan-perm,730,10.5,21900
Курган,Петухово,https://city2city.ru/kurgan-petuxovo,185,2.5,6100
Курган,село Садовое,https://city2city.ru/kurgan-selo-sadovoe,30,0.5,2000
Курган,Щучье,https://city2city.ru/kurgan-shhuche,180,2.5,5900
Курган,Шумиха,https://city2city.ru/kurgan-shumixa,150,2.0,4500
Курган,Сибай,https://city2city.ru/kurgan-sibaj,650,9.5,19500
Курган,Ставрополь,https://city2city.ru/kurgan-stavropol,2490,35.5,74700
Курган,Сургут,https://city2city.ru/kurgan-surgut,980,14.0,29500
Курган,Тобольск,https://city2city.ru/kurgan-tobolsk,435,6.0,13000
Курган,Троицк,https://city2city.ru/kurgan-troiczk,2080,29.5,62500
Курган,Тюмень,https://city2city.ru/kurgan-tyumen,200,3.0,6000
Курган,посёлок городского типа Варгаши,https://city2city.ru/kurgan-vargashi,40,1.0,3000
Курган,Ялуторовск,https://city2city.ru/kurgan-yalutorovsk,190,2.5,5500
Курган,поселок городского типа Юргамыш,https://city2city.ru/kurgan-yurgamysh,65,1.0,3000
Курган,Заводоуковск,https://city2city.ru/kurgan-zavodoukovsk,200,3.0,6000
Курск,село Алексеевка,https://city2city.ru/kursk-alekseevka,1190,17.0,35500
Курск,Анапа,https://city2city.ru/kursk-anapa,1215,17.5,36500
Курск,село Колотиловка,https://city2city.ru/kursk-app-kolotilovka,170,2.5,5000
Курск,село Козино,https://city2city.ru/kursk-app-krupecz,195,3.0,6000
Курск,Астрахань,https://city2city.ru/kursk-astraxan,1230,17.5,37000
Курск,Белгород,https://city2city.ru/kursk-belgorod,140,2.0,4000
Курск,Богучар,https://city2city.ru/kursk-boguchar,460,6.5,14000
Курск,Брянск,https://city2city.ru/kursk-bryansk,285,4.0,8600
Курск,Челябинск,https://city2city.ru/kursk-chelyabinsk,1980,28.5,59400
Курск,посёлок городского типа Черемисиново,https://city2city.ru/kursk-cheremisinovo,90,1.5,4000
Курск,Дмитриев,https://city2city.ru/kursk-dmitriev,110,1.5,3500
Курск,Фатеж,https://city2city.ru/kursk-fatezh,45,1.0,3000
Курск,Геленджик,https://city2city.ru/kursk-gelendzhik,1230,17.5,37000
Курск,посёлок городского типа Глушково,https://city2city.ru/kursk-glushkovo,170,2.5,5000
Курск,52А-3,https://city2city.ru/kursk-granicza-kazaxstan,1100,15.5,33000
Курск,река Старая Граница,https://city2city.ru/kursk-granicza-ukraina,290,4.0,8500
Курск,Губкин,https://city2city.ru/kursk-gubkin,130,2.0,4000
Курск,посёлок городского типа Иванино,https://city2city.ru/kursk-ivanino,60,1.0,2000
Курск,посёлок городского типа Ивня,https://city2city.ru/kursk-ivnya,90,1.5,2500
Курск,Калуга,https://city2city.ru/kursk-kaluga,370,5.5,11000
Курск,посёлок городского типа Касторное,https://city2city.ru/kursk-kastornoe,160,2.5,5000
Курск,посёлок городского типа Колпна,https://city2city.ru/kursk-kolpna,105,1.5,3000
Курск,посёлок городского типа Конышёвка,https://city2city.ru/kursk-konyshyovka,115,1.5,3500
Курск,посёлок городского типа Коренево,https://city2city.ru/kursk-korenevo,135,2.0,4900
Курск,Кострома,https://city2city.ru/kursk-kostroma,865,12.5,26000
Курск,посёлок городского типа Красная Яруга,https://city2city.ru/kursk-krasnaya-yaruga,150,2.0,4500
Курск,посёлок городского типа Кромы,https://city2city.ru/kursk-kromy,120,1.5,3500
Курск,посёлок городского типа Кшенский,https://city2city.ru/kursk-kshenskij,135,2.0,4900
Курск,Курчатов,https://city2city.ru/kursk-kurchatov,45,1.0,3000
Курск,Льгов,https://city2city.ru/kursk-lgov,85,1.0,2500
Курск,Липецк,https://city2city.ru/kursk-lipeczk,330,4.5,9900
Курск,Ливны,https://city2city.ru/kursk-livny,175,2.5,5000
Курск,Мантурово,https://city2city.ru/kursk-manturovo,1150,16.5,34500
Курск,посёлок городского типа Медвенка,https://city2city.ru/kursk-medvenka,45,0.5,2000
Курск,Наро-Фоминск,https://city2city.ru/kursk-naro-fominsk,550,8.0,16500
Курск,посёлок городского типа Новокасторное,https://city2city.ru/kursk-novokastornoe,150,2.0,4500
Курск,Новый Оскол,https://city2city.ru/kursk-novyj-oskol,200,3.0,6000
Курск,Обоянь,https://city2city.ru/kursk-oboyan,65,1.0,3000
Курск,Октябрьский,https://city2city.ru/kursk-oktyabrskij-respublika-bashkortostan,1383,20.0,41500
Курск,посёлок городского типа Олымский,https://city2city.ru/kursk-olymskij,160,2.5,5000
Курск,Оренбург,https://city2city.ru/kursk-orenburg,1550,22.0,46500
Курск,Орёл,https://city2city.ru/kursk-oryol,160,2.5,5300
Курск,Пенза,https://city2city.ru/kursk-penza,735,10.5,22000
Курск,Петрозаводск,https://city2city.ru/kursk-petrozavodsk,1520,21.5,45600
Курск,посёлок Полевой,https://city2city.ru/kursk-polevoj,1980,28.5,59500
Курск,посёлок городского типа Поныри,https://city2city.ru/kursk-ponyri,80,1.0,3600
Курск,посёлок городского типа Прохоровка,https://city2city.ru/kursk-proxorovka,140,2.0,4000
Курск,посёлок городского типа Прямицыно,https://city2city.ru/kursk-pryamiczyno,25,0.5,2000
Курск,Псков,https://city2city.ru/kursk-pskov,995,14.0,29800
Курск,посёлок городского типа Ракитное,https://city2city.ru/kursk-rakitnoe,125,2.0,4000
Курск,Россошь,https://city2city.ru/kursk-rossosh,370,5.5,11000
Курск,Ростов-на-Дону,https://city2city.ru/kursk-rostov-na-donu,800,11.5,24000
Курск,Рязань,https://city2city.ru/kursk-ryazan,520,7.5,15600
Курск,Рыльск,https://city2city.ru/kursk-rylsk,125,2.0,4500
Курск,Самара,https://city2city.ru/kursk-samara,1160,16.5,35000
Курск,Санкт-Петербург,https://city2city.ru/kursk-sankt-peterburg,1225,17.5,36800
Курск,Севск,https://city2city.ru/kursk-sevsk,185,2.5,5500
Курск,Шебекино,https://city2city.ru/kursk-shebekino,175,2.5,5000
Курск,Щигры,https://city2city.ru/kursk-shhigry,60,1.0,2000
Курск,Симферополь,https://city2city.ru/kursk-simferopol,1480,21.0,44500
Курск,посёлок городского типа Солнцево,https://city2city.ru/kursk-solnczevo,75,1.0,2000
Курск,посёлок Солнечный,https://city2city.ru/kursk-solnechnyj,620,9.0,18500
Курск,Старый Оскол,https://city2city.ru/kursk-staryj-oskol,150,2.0,4500
Курск,Суджа,https://city2city.ru/kursk-sudzha,100,1.5,3600
Курск,Тамбов,https://city2city.ru/kursk-tambov,460,6.5,14000
Курск,посёлок городского типа Тим,https://city2city.ru/kursk-tim,75,1.0,3400
Курск,Тула,https://city2city.ru/kursk-tula,345,5.0,10400
Курск,Тверь,https://city2city.ru/kursk-tver,690,10.0,20700
Курск,посёлок городского типа Тёткино,https://city2city.ru/kursk-tyotkino,200,3.0,6000
Курск,Уфа,https://city2city.ru/kursk-ufa,1575,22.5,47000
Курск,Валуйки,https://city2city.ru/kursk-valujki,295,4.0,9000
Курск,Волгоград,https://city2city.ru/kursk-volgograd,805,11.5,24200
Курск,Вологда,https://city2city.ru/kursk-vologda,990,14.0,29500
Курск,Воронеж,https://city2city.ru/kursk-voronezh,225,3.0,6800
Курск,посёлок городского типа Хомутовка,https://city2city.ru/kursk-xomutovka,160,2.5,5000
Курск,Железногорск,https://city2city.ru/kursk-zheleznogorsk,110,1.5,4000
Курск,посёлок городского типа Золотухино,https://city2city.ru/kursk-zolotuxino,50,1.0,3000
Кызыл,Абакан,https://city2city.ru/kyzyl-abakan,390,5.5,11700
Кызыл,Ак-Довурак,https://city2city.ru/kyzyl-ak-dovurak,300,4.5,9000
Кызыл,Чадан,https://city2city.ru/kyzyl-chadan,225,3.0,7000
Кызыл,Кемерово,https://city2city.ru/kyzyl-kemerovo,1120,16.0,33500
Кызыл,Красноярск,https://city2city.ru/kyzyl-krasnoyarsk,800,11.5,24000
Кызыл,Минусинск,https://city2city.ru/kyzyl-minusinsk,370,5.5,11000
Кызыл,Новосибирск,https://city2city.ru/kyzyl-novosibirsk,1285,18.5,38600
Кызыл,Саяногорск,https://city2city.ru/kyzyl-sayanogorsk,410,6.0,12500
Кызыл,Шагонар,https://city2city.ru/kyzyl-shagonar,115,1.5,3500
Кызыл,Томск,https://city2city.ru/kyzyl-tomsk,1180,17.0,35500
Кызыл,Туран,https://city2city.ru/kyzyl-turan,75,1.0,2000
Кызыл,Заозёрный,https://city2city.ru/kyzyl-zaozyornyy,960,13.5,29000
Ленск,Якутск,https://city2city.ru/lensk-jakutsk,1375,19.5,41200
Лесосибирск,Красноярск,https://city2city.ru/lesosibirsk-krasnojarsk,300,4.5,9000
Липецк,Адлер,https://city2city.ru/lipeczk-adler,1260,18.0,38000
Липецк,Белгород,https://city2city.ru/lipeczk-belgorod,390,5.5,11500
Липецк,Богучар,https://city2city.ru/lipeczk-boguchar,360,5.0,11000
Липецк,Брянск,https://city2city.ru/lipeczk-bryansk,430,6.0,13000
Липецк,Данков,https://city2city.ru/lipeczk-dankov,90,1.5,2500
Липецк,Дмитров,https://city2city.ru/lipeczk-dmitrov,550,8.0,16500
Липецк,Ефремов,https://city2city.ru/lipeczk-efremov,150,2.0,4500
Липецк,Ейск,https://city2city.ru/lipeczk-ejsk,870,12.5,26000
Липецк,Екатеринбург,https://city2city.ru/lipeczk-ekaterinburg,1780,25.5,53500
Липецк,Елец,https://city2city.ru/lipeczk-elecz,85,1.0,3800
Липецк,Геленджик,https://city2city.ru/lipeczk-gelendzhik,1130,16.0,34000
Липецк,52А-3,https://city2city.ru/lipeczk-granicza-kazaxstan,940,13.5,28200
Липецк,Грязи,https://city2city.ru/lipeczk-gryazi,40,1.0,3000
Липецк,Иваново,https://city2city.ru/lipeczk-ivanovo,610,8.5,18300
Липецк,Калуга,https://city2city.ru/lipeczk-kaluga,400,5.5,12000
Липецк,Казань,https://city2city.ru/lipeczk-kazan,930,13.5,28000
Липецк,Курск,https://city2city.ru/lipeczk-kursk,330,4.5,9900
Липецк,Лебедянь,https://city2city.ru/lipeczk-lebedyan,65,1.0,3000
Липецк,Лиски,https://city2city.ru/lipeczk-liski,230,3.5,7000
Липецк,Ливны,https://city2city.ru/lipeczk-livny,155,2.0,4500
Липецк,Мичуринск,https://city2city.ru/lipeczk-michurinsk,85,1.0,3800
Липецк,Моршанск,https://city2city.ru/lipeczk-morshansk,215,3.0,6500
Липецк,Москва,https://city2city.ru/lipeczk-moskva,470,6.5,14100
Липецк,Нижний Новгород,https://city2city.ru/lipeczk-nizhnij-novgorod,610,8.5,18300
Липецк,Обнинск,https://city2city.ru/lipeczk-obninsk,480,7.0,14500
Липецк,посёлок городского типа Октябрьское,https://city2city.ru/lipeczk-oktyabrskoe,45,0.5,2000
Липецк,Пенза,https://city2city.ru/lipeczk-penza,420,6.0,12500
Липецк,Псков,https://city2city.ru/lipeczk-pskov,1200,17.0,36000
Липецк,Ростов-на-Дону,https://city2city.ru/lipeczk-rostov-na-donu,700,10.0,21000
Липецк,Рязань,https://city2city.ru/lipeczk-ryazan,265,4.0,8000
Липецк,Ряжск,https://city2city.ru/lipeczk-ryazhsk,145,2.0,4500
Липецк,Самара,https://city2city.ru/lipeczk-samara,750,10.5,22500
Липецк,Санкт-Петербург,https://city2city.ru/lipeczk-sankt-peterburg,1180,17.0,35500
Липецк,село Донское,https://city2city.ru/lipeczk-selo-donskoe,55,1.0,3000
Липецк,село Троицкое,https://city2city.ru/lipeczk-selo-troiczkoe,230,3.5,7000
Липецк,Скопин,https://city2city.ru/lipeczk-skopin,170,2.5,5000
Липецк,Сочи,https://city2city.ru/lipeczk-sochi,1250,18.0,37500
Липецк,Сокол,https://city2city.ru/lipeczk-sokol,980,14.0,29500
Липецк,Старый Оскол,https://city2city.ru/lipeczk-staryj-oskol,255,3.5,7500
Липецк,Тамбов,https://city2city.ru/lipeczk-tambov,140,2.0,5000
Липецк,Тула,https://city2city.ru/lipeczk-tula,295,4.0,9000
Липецк,Тверь,https://city2city.ru/lipeczk-tver,650,9.5,19500
Липецк,Уфа,https://city2city.ru/lipeczk-ufa,1260,18.0,38000
Липецк,Усмань,https://city2city.ru/lipeczk-usman,75,1.0,2000
Липецк,Валуйки,https://city2city.ru/lipeczk-valujki,360,5.0,11000
Липецк,Волгоград,https://city2city.ru/lipeczk-volgograd,650,9.5,19500
Липецк,поселок Волово,https://city2city.ru/lipeczk-volovo,160,2.5,5000
Липецк,Воронеж,https://city2city.ru/lipeczk-voronezh,125,2.0,4000
Липецк,Задонск,https://city2city.ru/lipeczk-zadonsk,60,1.0,2000
Луганск,,https://city2city.ru/lugansk-astrahan,870,12.5,26000
Луганск,,https://city2city.ru/lugansk-belgorod,660,9.5,20000
Луганск,,https://city2city.ru/lugansk-bryansk,990,14.0,29500
Луганск,,https://city2city.ru/lugansk-chelyabinsk,2120,30.5,63500
Луганск,,https://city2city.ru/lugansk-izhevsk,1790,25.5,53700
Луганск,,https://city2city.ru/lugansk-kirov,1730,24.5,52000
Луганск,,https://city2city.ru/lugansk-kostroma,1380,19.5,41400
Луганск,,https://city2city.ru/lugansk-kursk,760,11.0,23000
Луганск,,https://city2city.ru/lugansk-perm,2070,29.5,62000
Луганск,,https://city2city.ru/lugansk-rostov-na-don,195,3.0,6000
Луганск,,https://city2city.ru/lugansk-ryazan,920,13.0,27600
Луганск,,https://city2city.ru/lugansk-samara,1240,17.5,37200
Луганск,,https://city2city.ru/lugansk-saransk,1020,14.5,30600
Луганск,,https://city2city.ru/lugansk-saratov,830,12.0,24900
Луганск,,https://city2city.ru/lugansk-simferopol,710,10.0,21500
Луганск,,https://city2city.ru/lugansk-stavropol,540,7.5,16000
Луганск,,https://city2city.ru/lugansk-ufa,1700,24.5,51000
Луганск,,https://city2city.ru/lugansk-volgograd,460,6.5,13800
Луганск,,https://city2city.ru/lugansk-voronezh,530,7.5,15900
Луганск,,https://city2city.ru/lugansk-yoshkar-ola,1420,20.5,42500
Мариуполь,,https://city2city.ru/mariupol-kazan,1680,24.0,50500
Мариуполь,,https://city2city.ru/mariupol-kursk,970,14.0,29100
Мариуполь,,https://city2city.ru/mariupol-rostov-na-don,185,2.5,5500
Мариуполь,,https://city2city.ru/mariupol-stavropol,520,7.5,15500
Мариуполь,,https://city2city.ru/mariupol-ufa,1920,27.5,57500
Мариуполь,,https://city2city.ru/mariupol-voronezh,740,10.5,22200
Мелитополь,,https://city2city.ru/melitopol-penza,1310,18.5,39500
Мелитополь,,https://city2city.ru/melitopol-rostov-na-don,370,5.5,11000
Мелитополь,,https://city2city.ru/melitopol-ryazan,1340,19.0,40000
Мелитополь,,https://city2city.ru/melitopol-ufa,2140,30.5,64000
Москва,Алексин,https://city2city.ru/moskva-aleksin,170,2.5,6000
Москва,рабочий посёлок Ардатов,https://city2city.ru/moskva-ardatov-2,670,9.5,20000
Москва,Армавир,https://city2city.ru/moskva-armavir,1370,19.5,41000
Москва,Баймак,https://city2city.ru/moskva-bajmak,1760,25.0,53000
Москва,Белебей,https://city2city.ru/moskva-belebej,1230,17.5,37000
Москва,Белоусово,https://city2city.ru/moskva-belousovo,115,1.5,3500
Москва,Благодарный,https://city2city.ru/moskva-blagodarnyj,1570,22.5,47000
Москва,Боровичи,https://city2city.ru/moskva-borovichi,430,6.0,13000
Москва,Бузулук,https://city2city.ru/moskva-buzuluk,1250,18.0,37500
Москва,посёлок городского типа Чагода,https://city2city.ru/moskva-chagoda,570,8.0,17000
Москва,Челябинск,https://city2city.ru/moskva-chelyabinsk,1755,25.0,52500
Москва,посёлок городского типа Демянск,https://city2city.ru/moskva-demyansk,480,7.0,14500
Москва,станица Должанская,https://city2city.ru/moskva-dolzhanskaya,1310,18.5,39500
Москва,Донецк,https://city2city.ru/moskva-doneczk-rostovskaya-oblast,980,14.0,29500
Москва,Дубна,https://city2city.ru/moskva-dubna,135,2.0,4000
Москва,Екатеринбург,https://city2city.ru/moskva-ekaterinburg,1660,23.5,49800
Москва,Элиста,https://city2city.ru/moskva-elista,1265,18.0,38000
Москва,Ессентуки,https://city2city.ru/moskva-essentuki,1590,22.5,47700
Москва,Глазов,https://city2city.ru/moskva-glazov,1220,17.5,36500
Москва,посёлок городского типа Глушково,https://city2city.ru/moskva-glushkovo,640,9.0,19000
Москва,станица Голубицкая,https://city2city.ru/moskva-golubiczkaya,1490,21.5,44500
Москва,посёлок городского типа Гусь-Железный,https://city2city.ru/moskva-gus-zheleznyj,300,4.5,9000
Москва,рабочий посёлок Кантемировка,https://city2city.ru/moskva-kantemirovka,810,11.5,24300
Москва,Казань,https://city2city.ru/moskva-kazan,805,11.5,24200
Москва,Кировск,https://city2city.ru/moskva-kirovsk-2,1820,26.0,54500
Москва,Котлас,https://city2city.ru/moskva-kotlas,990,14.0,29500
Москва,поселок городского типа Красный Луч,https://city2city.ru/moskva-krasnyj-luch,1100,15.5,33000
Москва,посёлок Кучугуры,https://city2city.ru/moskva-kuchugury,1530,22.0,46000
Москва,рабочий посёлок Кулой,https://city2city.ru/moskva-kuloj,760,11.0,22800
Москва,Лебедянь,https://city2city.ru/moskva-lebedyan,375,5.5,11200
Москва,,https://city2city.ru/moskva-lipetsk,470,6.5,14000
Москва,Ливны,https://city2city.ru/moskva-livny,450,6.5,13500
Москва,посёлок Локоть,https://city2city.ru/moskva-lokot,460,6.5,14000
Москва,Лукоянов,https://city2city.ru/moskva-lukoyanov,520,7.5,15600
Москва,Магнитогорск,https://city2city.ru/moskva-magnitogorsk,1665,24.0,50000
Москва,Мурманск,https://city2city.ru/moskva-murmansk,1915,27.5,57400
Москва,Надым,https://city2city.ru/moskva-nadym,3800,54.5,114000
Москва,поселок городского типа Нерль,https://city2city.ru/moskva-nerl,195,3.0,6000
Москва,Нижневартовск,https://city2city.ru/moskva-nizhnevartovsk,3000,43.0,90000
Москва,Новоалександровск,https://city2city.ru/moskva-novoaleksandrovsk,1350,19.5,40500
Москва,Новомосковск,https://city2city.ru/moskva-novomoskovsk,225,3.0,7000
Москва,Ноябрьск,https://city2city.ru/moskva-noyabrsk,3100,44.5,93000
Москва,станица Обливская,https://city2city.ru/moskva-oblivskaya,1060,15.0,32000
Москва,Обнинск,https://city2city.ru/moskva-obninsk,120,1.5,3500
Москва,деревня Окуловка,https://city2city.ru/moskva-okulovka,430,6.0,13000
Москва,Оренбург,https://city2city.ru/moskva-orenburg,1505,21.5,45000
Москва,Орск,https://city2city.ru/moskva-orsk,1770,25.5,53100
Москва,рабочий посёлок Озинки,https://city2city.ru/moskva-ozinki,1160,16.5,35000
Москва,Палласовка,https://city2city.ru/moskva-pallasovka,1080,15.5,32500
Москва,Пенза,https://city2city.ru/moskva-penza,645,9.0,19400
Москва,Пермь,https://city2city.ru/moskva-perm,1510,21.5,45500
Москва,Первомайск,https://city2city.ru/moskva-pervomajsk,540,7.5,16200
Москва,деревня Пестово,https://city2city.ru/moskva-pestovo,550,8.0,16500
Москва,Санкт-Петербург,https://city2city.ru/moskva-piter,700,10.0,21000
Москва,рабочий посёлок Плесецк,https://city2city.ru/moskva-pleseczk,1240,17.5,37000
Москва,посёлок городского типа Цаган Аман,https://city2city.ru/moskva-posyolok-czagan-aman,1250,18.0,37500
Москва,посёлок городского типа Радченко,https://city2city.ru/moskva-radchenko,145,2.0,4500
Москва,Рославль,https://city2city.ru/moskva-roslavl,400,5.5,12000
Москва,Ростов,https://city2city.ru/moskva-rostov-velikij,1080,15.5,32500
Москва,посёлок городского типа Ровеньки,https://city2city.ru/moskva-rovenki,780,11.0,23500
Москва,Рязань,https://city2city.ru/moskva-ryazan,200,3.0,6000
Москва,Рыльск,https://city2city.ru/moskva-rylsk,570,8.0,17100
Москва,Салехард,https://city2city.ru/moskva-salexard,4100,58.5,123000
Москва,Самара,https://city2city.ru/moskva-samara,1080,15.5,32500
Москва,Саранск,https://city2city.ru/moskva-saransk,630,9.0,18900
Москва,Сарапул,https://city2city.ru/moskva-sarapul,1190,17.0,35700
Москва,посёлок городского типа Селижарово,https://city2city.ru/moskva-selizharovo,330,4.5,10000
Москва,Сибай,https://city2city.ru/moskva-sibaj,1760,25.0,53000
Москва,посёлок городского типа Сокольское,https://city2city.ru/moskva-sokolskoe,540,7.5,16200
Москва,Спасск-Рязанский,https://city2city.ru/moskva-spassk-ryazanskij,260,3.5,8000
Москва,посёлок городского типа Старая Торопа,https://city2city.ru/moskva-staraya-toropa,400,5.5,12000
Москва,Сургут,https://city2city.ru/moskva-surgut,2790,40.0,83700
Москва,Суздаль,https://city2city.ru/moskva-suzdal,230,3.5,7000
Москва,Светлоград,https://city2city.ru/moskva-svetlograd,1460,21.0,44000
Москва,Сыктывкар,https://city2city.ru/moskva-syktyvkar,1340,19.0,40200
Москва,станица Тамань,https://city2city.ru/moskva-taman,1550,22.0,46500
Москва,Тихорецк,https://city2city.ru/moskva-tixoreczk,1240,17.5,37000
Москва,Тобольск,https://city2city.ru/moskva-tobolsk,2245,32.0,67500
Москва,Туймазы,https://city2city.ru/moskva-tujmazy,1170,16.5,35000
Москва,Тула,https://city2city.ru/moskva-tula,185,2.5,5500
Москва,Тверь,https://city2city.ru/moskva-tver,165,2.5,5400
Москва,Тюмень,https://city2city.ru/moskva-tyumen,1995,28.5,59800
Москва,Углич,https://city2city.ru/moskva-uglich,235,3.5,7000
Москва,поселок городского типа Угловка,https://city2city.ru/moskva-uglovka,410,6.0,12500
Москва,Уральский,https://city2city.ru/moskva-uralskij,1380,19.5,41500
Москва,посёлок городского типа Уразово,https://city2city.ru/moskva-urazovo,780,11.0,23400
Москва,Усинск,https://city2city.ru/moskva-usinsk,2040,29.0,61000
Москва,Валуйки,https://city2city.ru/moskva-valujki,750,10.5,22500
Москва,Вельск,https://city2city.ru/moskva-velsk,730,10.5,22000
Москва,Владимир,https://city2city.ru/moskva-vladimir,185,2.5,5500
Москва,Вологда,https://city2city.ru/moskva-vologda,460,6.5,13800
Москва,посёлок городского типа Волоконовка,https://city2city.ru/moskva-volokonovka,740,10.5,22000
Москва,Воркута,https://city2city.ru/moskva-vorkuta,2470,35.5,74000
Москва,Воронеж,https://city2city.ru/moskva-voronezh,515,7.5,15400
Москва,деревня Вознесенское,https://city2city.ru/moskva-voznesenskoe,450,6.5,13500
Москва,Вязники,https://city2city.ru/moskva-vyazniki,320,4.5,9600
Москва,станица Вешенская,https://city2city.ru/moskva-vyoshenskaya,900,13.0,27000
Москва,Ханты-Мансийск,https://city2city.ru/moskva-xanty-mansijsk,2670,38.0,80000
Москва,Харабали,https://city2city.ru/moskva-xarabali,1260,18.0,38000
Москва,Ярославль,https://city2city.ru/moskva-yaroslavl,265,4.0,8000
Москва,Зеленокумск,https://city2city.ru/moskva-zelenokumsk,1620,23.0,48500
Москва,рабочий посёлок Земетчино,https://city2city.ru/moskva-zemetchino,520,7.5,15500
Москва,Златоуст,https://city2city.ru/moskva-zlatoust,1620,23.0,48500
Мурманск,Апатиты,https://city2city.ru/murmansk-apatity,195,3.0,6400
Мурманск,Архангельск,https://city2city.ru/murmansk-arhangelsk,1600,23.0,48000
Мурманск,посёлок городского типа Чупа,https://city2city.ru/murmansk-chupa,370,5.5,11000
Мурманск,Домодедово,https://city2city.ru/murmansk-domodedovo,1990,28.5,59700
Мурманск,Гаджиево,https://city2city.ru/murmansk-gadzhievo,75,1.0,3400
Мурманск,Кандалакша,https://city2city.ru/murmansk-kandalaksha,245,3.5,7400
Мурманск,посёлок городского типа Кильдинстрой,https://city2city.ru/murmansk-kildinstroy,25,0.5,2000
Мурманск,Кировск,https://city2city.ru/murmansk-kirovsk,210,3.0,6500
Мурманск,Кола,https://city2city.ru/murmansk-kola,10,0.5,2000
Мурманск,Ковдор,https://city2city.ru/murmansk-kovdor,295,4.0,8800
Мурманск,посёлок городского типа Лоухи,https://city2city.ru/murmansk-louhi,390,5.5,11500
Мурманск,Медвежьегорск,https://city2city.ru/murmansk-medvezhegorsk,780,11.0,23500
Мурманск,поселок городского типа Молочный,https://city2city.ru/murmansk-molochnyy,15,1.0,3000
Мурманск,Мончегорск,https://city2city.ru/murmansk-monchegorsk,140,2.0,5000
Мурманск,поселок городского типа Мурмаши,https://city2city.ru/murmansk-murmashi,25,0.5,2000
Мурманск,поселок городского типа Никель,https://city2city.ru/murmansk-nikel,190,2.5,6300
Мурманск,Оленегорск,https://city2city.ru/murmansk-olenegorsk,105,1.5,3800
Мурманск,городское поселение Печенга,https://city2city.ru/murmansk-pechenga,140,2.0,5000
Мурманск,Полярные Зори,https://city2city.ru/murmansk-polyarnye-zori,220,3.0,6600
Мурманск,Полярный,https://city2city.ru/murmansk-polyarnyy,60,1.0,3000
Мурманск,посёлок городского типа Пяозерский,https://city2city.ru/murmansk-pyaozerskiy,490,7.0,14500
Мурманск,Ревда,https://city2city.ru/murmansk-revda,155,2.0,5100
Мурманск,Сафоново,https://city2city.ru/murmansk-safonovo,2110,30.0,63500
Мурманск,Санкт-Петербург,https://city2city.ru/murmansk-sankt-peterburg,1340,19.0,40200
Мурманск,Сасово,https://city2city.ru/murmansk-sasovo,2104,30.0,63100
Мурманск,Снежногорск,https://city2city.ru/murmansk-snezhnogorsk,65,1.0,2000
Мурманск,Сыктывкар,https://city2city.ru/murmansk-syktyvkar,2129,30.5,63900
Мурманск,городское поселение Туманный,https://city2city.ru/murmansk-tumannyy,135,2.0,4900
Мурманск,поселок городского типа Умба,https://city2city.ru/murmansk-umba,360,5.0,10800
Мурманск,поселок городского типа Верхнетуломский,https://city2city.ru/murmansk-verhnetulomskiy,75,1.0,2000
Мурманск,Заозёрск,https://city2city.ru/murmansk-zaozyorsk,105,1.5,3800
Мурманск,поселок городского типа Заполярный,https://city2city.ru/murmansk-zapolyarnyy,160,2.5,5300
Мурманск,поселок городского типа Зеленоборск,https://city2city.ru/murmansk-zelenoborsk,3500,50.0,105000
Мурманск,посёлок городского типа Зеленоборский,https://city2city.ru/murmansk-zelenoborskiy,290,4.0,8500
Надвоицы,Петрозаводск,https://city2city.ru/nadvoicy-petrozavodsk,285,4.0,8500
Нерюнгри,Якутск,https://city2city.ru/nerjungri-jakutsk,810,11.5,24300
Николаевск-на-Амуре,Хабаровск,https://city2city.ru/nikolaevsk-na-amure-habarovsk,915,13.0,27400
Нижний Новгород,Адлер,https://city2city.ru/nizhnij-novgorod-adler,1860,26.5,56000
Нижний Новгород,посёлок городского типа Афанасьево,https://city2city.ru/nizhnij-novgorod-afanasevo,830,12.0,25000
Нижний Новгород,Алексеевка,https://city2city.ru/nizhnij-novgorod-alekseevka-belgorodskaya-oblast,910,13.0,27500
Нижний Новгород,рабочий посёлок Ардатов,https://city2city.ru/nizhnij-novgorod-ardatov,275,4.0,8000
Нижний Новгород,Ардатов,https://city2city.ru/nizhnij-novgorod-ardatov-mordoviya,275,4.0,8000
Нижний Новгород,посёлок городского типа Арья,https://city2city.ru/nizhnij-novgorod-arya,185,2.5,5500
Нижний Новгород,Астрахань,https://city2city.ru/nizhnij-novgorod-astraxan,1420,20.5,42500
Нижний Новгород,Балахна,https://city2city.ru/nizhnij-novgorod-balaxna,40,0.5,2000
Нижний Новгород,Белгород,https://city2city.ru/nizhnij-novgorod-belgorod,1090,15.5,32500
Нижний Новгород,муниципальное образование рабочий посёлок Большое Козино,https://city2city.ru/nizhnij-novgorod-bolshoe-kozino,30,0.5,2000
Нижний Новгород,посёлок городского типа Большое Мурашкино,https://city2city.ru/nizhnij-novgorod-bolshoe-murashkino,90,1.5,4000
Нижний Новгород,Бор,https://city2city.ru/nizhnij-novgorod-bor,1210,17.5,36500
Нижний Новгород,Брянск,https://city2city.ru/nizhnij-novgorod-bryansk,830,12.0,24900
Нижний Новгород,поселок городского типа Бутурлино,https://city2city.ru/nizhnij-novgorod-buturlino,120,1.5,3500
Нижний Новгород,Чебаркуль,https://city2city.ru/nizhnij-novgorod-chebarkul,1280,18.5,38400
Нижний Новгород,Челябинск,https://city2city.ru/nizhnij-novgorod-chelyabinsk,1350,19.5,40500
Нижний Новгород,Череповец,https://city2city.ru/nizhnij-novgorod-cherepovecz,690,10.0,20700
Нижний Новгород,Чкаловск,https://city2city.ru/nizhnij-novgorod-chkalovsk,110,1.5,3500
Нижний Новгород,Центральный,https://city2city.ru/nizhnij-novgorod-czentralnyj,90,1.5,2500
Нижний Новгород,посёлок городского типа Дальнее Константиново,https://city2city.ru/nizhnij-novgorod-dalnee-konstantinovo,80,1.0,2500
Нижний Новгород,Дзержинск,https://city2city.ru/nizhnij-novgorod-dzerzhinsk,40,0.5,2000
Нижний Новгород,Егорьевск,https://city2city.ru/nizhnij-novgorod-egorevsk,420,6.0,12500
Нижний Новгород,Екатеринбург,https://city2city.ru/nizhnij-novgorod-ekaterinburg,1270,18.0,38000
Нижний Новгород,Елабуга,https://city2city.ru/nizhnij-novgorod-elabuga,660,9.5,20000
Нижний Новгород,посёлок городского типа Фролищи,https://city2city.ru/nizhnij-novgorod-frolishhi,105,1.5,3000
Нижний Новгород,Геленджик,https://city2city.ru/nizhnij-novgorod-gelendzhik,1730,24.5,52000
Нижний Новгород,поселок городского типа Гидроторф,https://city2city.ru/nizhnij-novgorod-gidrotorf,45,0.5,2000
Нижний Новгород,Горбатов,https://city2city.ru/nizhnij-novgorod-gorbatov,90,1.5,4000
Нижний Новгород,рабочий посёлок Горбатовка,https://city2city.ru/nizhnij-novgorod-gorbatovka,30,0.5,2000
Нижний Новгород,Городец,https://city2city.ru/nizhnij-novgorod-gorodecz,65,1.0,3000
Нижний Новгород,Гороховец,https://city2city.ru/nizhnij-novgorod-goroxovecz,90,1.5,2500
Нижний Новгород,52А-3,https://city2city.ru/nizhnij-novgorod-granicza-kazaxstan,1000,14.5,30000
Нижний Новгород,М-3 Украина,https://city2city.ru/nizhnij-novgorod-granicza-ukraina,980,14.0,29500
Нижний Новгород,поселок городского типа Гремячево,https://city2city.ru/nizhnij-novgorod-gremyachevo,175,2.5,5000
Нижний Новгород,посёлок городского типа Ильиногорск,https://city2city.ru/nizhnij-novgorod-ilinogorsk,75,1.0,2000
Нижний Новгород,деревня Канаш,https://city2city.ru/nizhnij-novgorod-kanash,320,4.5,9500
Нижний Новгород,Касимов,https://city2city.ru/nizhnij-novgorod-kasimov,270,4.0,8000
Нижний Новгород,Казань,https://city2city.ru/nizhnij-novgorod-kazan,390,5.5,11700
Нижний Новгород,Княгинино,https://city2city.ru/nizhnij-novgorod-knyaginino,105,1.5,3000
Нижний Новгород,Кострома,https://city2city.ru/nizhnij-novgorod-kostroma,350,5.0,10500
Нижний Новгород,Котельнич,https://city2city.ru/nizhnij-novgorod-kotelnich,488,7.0,14600
Нижний Новгород,деревня Ковернино,https://city2city.ru/nizhnij-novgorod-kovernino,125,2.0,4500
Нижний Новгород,Ковылкино,https://city2city.ru/nizhnij-novgorod-kovylkino,320,4.5,9500
Нижний Новгород,Красные Баки-Варнавино,https://city2city.ru/nizhnij-novgorod-krasnye-baki,150,2.0,4500
Нижний Новгород,Кстово,https://city2city.ru/nizhnij-novgorod-kstovo,30,0.5,2000
Нижний Новгород,Кулебаки,https://city2city.ru/nizhnij-novgorod-kulebaki,210,3.0,6500
Нижний Новгород,Кумертау,https://city2city.ru/nizhnij-novgorod-kumertau,1119,16.0,33600
Нижний Новгород,Липецк,https://city2city.ru/nizhnij-novgorod-lipeczk,610,8.5,18300
Нижний Новгород,село Лукино,https://city2city.ru/nizhnij-novgorod-lukino,35,0.5,2000
Нижний Новгород,Лукоянов,https://city2city.ru/nizhnij-novgorod-lukoyanov,175,2.5,5000
Нижний Новгород,Макарьев,https://city2city.ru/nizhnij-novgorod-makarev,100,1.5,3000
Нижний Новгород,посёлок городского типа Малое Козино,https://city2city.ru/nizhnij-novgorod-maloe-kozino,40,0.5,2000
Нижний Новгород,Москва,https://city2city.ru/nizhnij-novgorod-moskva,440,6.5,13000
Нижний Новгород,рабочий посёлок Мухтолово,https://city2city.ru/nizhnij-novgorod-muxtolovo,155,2.0,5100
Нижний Новгород,Новочебоксарск,https://city2city.ru/nizhnij-novgorod-novocheboksarsk,255,3.5,7500
Нижний Новгород,Оренбург,https://city2city.ru/nizhnij-novgorod-orenburg,1100,15.5,33000
Нижний Новгород,поселок городского типа Осинки,https://city2city.ru/nizhnij-novgorod-osinki,70,1.0,2000
Нижний Новгород,Павлово,https://city2city.ru/nizhnij-novgorod-pavlovo,80,1.0,2500
Нижний Новгород,Переславль-Залесский,https://city2city.ru/nizhnij-novgorod-pereslavl-zalesskij,370,5.5,11100
Нижний Новгород,Перевоз,https://city2city.ru/nizhnij-novgorod-perevoz,100,1.5,3600
Нижний Новгород,поселок городского типа Пильна,https://city2city.ru/nizhnij-novgorod-pilna,180,2.5,5500
Нижний Новгород,посёлок городского типа Пижма,https://city2city.ru/nizhnij-novgorod-pizhma,310,4.5,9500
Нижний Новгород,Плёс,https://city2city.ru/nizhnij-novgorod-plyos,300,4.5,9000
Нижний Новгород,Пучеж,https://city2city.ru/nizhnij-novgorod-puchezh,155,2.0,5100
Нижний Новгород,Россошь,https://city2city.ru/nizhnij-novgorod-rossosh,950,13.5,28500
Нижний Новгород,Ростов-на-Дону,https://city2city.ru/nizhnij-novgorod-rostov-na-donu,1290,18.5,38700
Нижний Новгород,Ростов,https://city2city.ru/nizhnij-novgorod-rostov-velikij,1290,18.5,38500
Нижний Новгород,посёлок городского типа Ровеньки,https://city2city.ru/nizhnij-novgorod-rovenki,980,14.0,29400
Нижний Новгород,Рязань,https://city2city.ru/nizhnij-novgorod-ryazan,430,6.0,13000
Нижний Новгород,Самара,https://city2city.ru/nizhnij-novgorod-samara,700,10.0,21000
Нижний Новгород,Санкт-Петербург,https://city2city.ru/nizhnij-novgorod-sankt-peterburg,1130,16.0,33900
Нижний Новгород,Семёнов,https://city2city.ru/nizhnij-novgorod-semyonov,80,1.0,2500
Нижний Новгород,Сергач,https://city2city.ru/nizhnij-novgorod-sergach,150,2.0,4500
Нижний Новгород,Сергиев Посад,https://city2city.ru/nizhnij-novgorod-sergiev-posad,450,6.5,13500
Нижний Новгород,Севастополь,https://city2city.ru/nizhnij-novgorod-sevastopol,2070,29.5,62000
Нижний Новгород,посёлок городского типа Шаранга,https://city2city.ru/nizhnij-novgorod-sharanga,285,4.0,8500
Нижний Новгород,Шарья,https://city2city.ru/nizhnij-novgorod-sharya,320,4.5,9500
Нижний Новгород,рабочий посёлок Шатки,https://city2city.ru/nizhnij-novgorod-shatki,140,2.0,4000
Нижний Новгород,Шуя,https://city2city.ru/nizhnij-novgorod-shuya,225,3.0,7000
Нижний Новгород,Симферополь,https://city2city.ru/nizhnij-novgorod-simferopol,1980,28.5,59500
Нижний Новгород,посёлок городского типа Смолино,https://city2city.ru/nizhnij-novgorod-smolino,60,1.0,2000
Нижний Новгород,Сочи,https://city2city.ru/nizhnij-novgorod-sochi,1820,26.0,54500
Нижний Новгород,посёлок городского типа Сокольское,https://city2city.ru/nizhnij-novgorod-sokolskoe,140,2.0,5000
Нижний Новгород,рабочий посёлок Сосновское,https://city2city.ru/nizhnij-novgorod-sosnovskoe,100,1.5,3000
Нижний Новгород,деревня Сухобезводное,https://city2city.ru/nizhnij-novgorod-suxobezvodnoe,120,1.5,4300
Нижний Новгород,поселок городского типа Суходол,https://city2city.ru/nizhnij-novgorod-suxodol,720,10.5,21600
Нижний Новгород,Сыктывкар,https://city2city.ru/nizhnij-novgorod-syktyvkar,970,14.0,29000
Нижний Новгород,Тамбов,https://city2city.ru/nizhnij-novgorod-tambov,540,7.5,16000
Нижний Новгород,Темников,https://city2city.ru/nizhnij-novgorod-temnikov,290,4.0,8500
Нижний Новгород,Тольятти,https://city2city.ru/nizhnij-novgorod-tolyatti,660,9.5,20000
Нижний Новгород,деревня Новое Тонкино,https://city2city.ru/nizhnij-novgorod-tonkino,260,3.5,8000
Нижний Новгород,Тула,https://city2city.ru/nizhnij-novgorod-tula,610,8.5,18500
Нижний Новгород,Тверь,https://city2city.ru/nizhnij-novgorod-tver,610,8.5,18500
Нижний Новгород,Урень,https://city2city.ru/nizhnij-novgorod-uren,205,3.0,6000
Нижний Новгород,городское поселение рабочий посёлок Вача,https://city2city.ru/nizhnij-novgorod-vacha,110,1.5,3500
Нижний Новгород,Валуйки,https://city2city.ru/nizhnij-novgorod-valujki,980,14.0,29500
Нижний Новгород,поселок городского типа Варнавино,https://city2city.ru/nizhnij-novgorod-varnavino,185,2.5,5500
Нижний Новгород,рабочий посёлок Васильсурск,https://city2city.ru/nizhnij-novgorod-vasilsursk,275,4.0,8000
Нижний Новгород,посёлок городского типа Ветлужский,https://city2city.ru/nizhnij-novgorod-vetluzhskij,150,2.0,4500
Нижний Новгород,Волгоград,https://city2city.ru/nizhnij-novgorod-volgograd,990,14.0,29500
Нижний Новгород,Володарск,https://city2city.ru/nizhnij-novgorod-volodarsk,65,1.0,2000
Нижний Новгород,Вологда,https://city2city.ru/nizhnij-novgorod-vologda,560,8.0,17000
Нижний Новгород,Воронеж,https://city2city.ru/nizhnij-novgorod-voronezh,740,10.5,22200
Нижний Новгород,поселок городского типа Воротынец,https://city2city.ru/nizhnij-novgorod-vorotynecz,145,2.0,4500
Нижний Новгород,Ворсма,https://city2city.ru/nizhnij-novgorod-vorsma,65,1.0,2000
Нижний Новгород,рабочий посёлок Воскресенское,https://city2city.ru/nizhnij-novgorod-voskresenskoe,145,2.0,4500
Нижний Новгород,деревня Вознесенское,https://city2city.ru/nizhnij-novgorod-voznesenskoe,225,3.0,7000
Нижний Новгород,Вязники,https://city2city.ru/nizhnij-novgorod-vyazniki,125,2.0,4000
Нижний Новгород,Выкса,https://city2city.ru/nizhnij-novgorod-vyksa,190,2.5,5500
Нижний Новгород,рабочий посёлок Юганец,https://city2city.ru/nizhnij-novgorod-yuganecz,65,1.0,2000
Нижний Новгород,Юрьевец,https://city2city.ru/nizhnij-novgorod-yurevecz,200,3.0,6000
Нижний Новгород,посёлок городского типа Юрино,https://city2city.ru/nizhnij-novgorod-yurino,235,3.5,7000
Нижний Новгород,Заволжье,https://city2city.ru/nizhnij-novgorod-zavolzhe,80,1.0,3600
Нижний Новгород,курортный посёлок Зелёный Город,https://city2city.ru/nizhnij-novgorod-zelyonyj-gorod,25,1.0,3000
Нижний Новгород,рабочий посёлок Желнино,https://city2city.ru/nizhnij-novgorod-zhelnino,55,1.0,2000
Нижний Новгород,Звенигово,https://city2city.ru/nizhnij-novgorod-zvenigovo,320,4.5,9500
Нижний Новгород,Алатырь,https://city2city.ru/nizhniy_novgorod-alatyr,280,4.0,8500
Нижний Новгород,Арзамас,https://city2city.ru/nizhniy_novgorod-arzamas,120,1.5,4300
Нижний Новгород,Чебоксары,https://city2city.ru/nizhniy_novgorod-cheboksary,270,4.0,8100
Нижний Новгород,Иваново,https://city2city.ru/nizhniy_novgorod-ivanovo,245,3.5,7500
Нижний Новгород,Кинешма,https://city2city.ru/nizhniy_novgorod-kineshma,240,3.5,7000
Нижний Новгород,Киров,https://city2city.ru/nizhniy_novgorod-kirov,580,8.5,17500
Нижний Новгород,Муром,https://city2city.ru/nizhniy_novgorod-murom,170,2.5,5000
Нижний Новгород,Саранск,https://city2city.ru/nizhniy_novgorod-saransk,290,4.0,8500
Нижний Новгород,Саратов,https://city2city.ru/nizhniy_novgorod-saratov,640,9.0,19000
Нижний Новгород,Саров,https://city2city.ru/nizhniy_novgorod-sarov,190,2.5,6300
Нижний Новгород,посёлок городского типа Сатис,https://city2city.ru/nizhniy_novgorod-satis,185,2.5,5500
Нижний Новгород,Суздаль,https://city2city.ru/nizhniy_novgorod-suzdal,260,3.5,8000
Нижний Новгород,Владимир,https://city2city.ru/nizhniy_novgorod-vladimir,240,3.5,7000
Нижний Новгород,Ярославль,https://city2city.ru/nizhniy_novgorod-yaroslavl,400,5.5,12000
Нижний Новгород,Йошкар-Ола,https://city2city.ru/nizhniy_novgorod-yoshkar-ola,350,5.0,10500
Новосибирск,Абакан,https://city2city.ru/novosibirsk-abakan,990,14.0,29500
Новосибирск,Ачинск,https://city2city.ru/novosibirsk-achinsk,610,8.5,18500
Новосибирск,Алейск,https://city2city.ru/novosibirsk-alyaysk,360,5.0,10800
Новосибирск,Анжеро-Судженск,https://city2city.ru/novosibirsk-anzhero-sudzhensk,350,5.0,10500
Новосибирск,город Асино,https://city2city.ru/novosibirsk-asino,420,6.0,12500
Новосибирск,Белово,https://city2city.ru/novosibirsk-belovo,270,4.0,8000
Новосибирск,Бердск,https://city2city.ru/novosibirsk-berdsk,40,1.0,3000
Новосибирск,Берёзовский,https://city2city.ru/novosibirsk-beryozovskiy,1610,23.0,48500
Новосибирск,Братск,https://city2city.ru/novosibirsk-bratsk,1660,23.5,49800
Новосибирск,Черепаново,https://city2city.ru/novosibirsk-cherepanovo,110,1.5,3500
Новосибирск,Чулым,https://city2city.ru/novosibirsk-chulym,140,2.0,5000
Новосибирск,Дивногорск,https://city2city.ru/novosibirsk-divnogorsk,780,11.0,23500
Новосибирск,Гурьевск,https://city2city.ru/novosibirsk-gurevsk,4500,64.5,135000
Новосибирск,Иркутск,https://city2city.ru/novosibirsk-irkutsk,1835,26.0,55000
Новосибирск,Искитим,https://city2city.ru/novosibirsk-iskitim,60,1.0,2000
Новосибирск,Калачинск,https://city2city.ru/novosibirsk-kalachinsk,560,8.0,17000
Новосибирск,Каргат,https://city2city.ru/novosibirsk-kargat,180,2.5,5500
Новосибирск,Колпашево,https://city2city.ru/novosibirsk-kolpashevo,500,7.0,15000
Новосибирск,Красноярск,https://city2city.ru/novosibirsk-krasnoyarsk,780,11.0,23400
Новосибирск,Купино,https://city2city.ru/novosibirsk-kupino,470,6.5,14000
Новосибирск,Куйбышев,https://city2city.ru/novosibirsk-kuybyshev,2270,32.5,68000
Новосибирск,Кызыл,https://city2city.ru/novosibirsk-kyzyl,1290,18.5,38700
Новосибирск,Мариинск,https://city2city.ru/novosibirsk-mariinsk,430,6.0,15000
Новосибирск,Междуреченск,https://city2city.ru/novosibirsk-mezhdurechensk,460,6.5,14000
Новосибирск,Минусинск,https://city2city.ru/novosibirsk-minusinsk,1010,14.5,30500
Новосибирск,Обь,https://city2city.ru/novosibirsk-ob,25,0.5,2000
Новосибирск,Осинники,https://city2city.ru/novosibirsk-osinniki,400,5.5,12000
Новосибирск,Рубцовск,https://city2city.ru/novosibirsk-rubtsovsk,520,7.5,15500
Новосибирск,Саяногорск,https://city2city.ru/novosibirsk-sayanogorsk,1070,15.5,32000
Новосибирск,Шарыпово,https://city2city.ru/novosibirsk-sharypovo,560,8.0,17000
Новосибирск,Тайга,https://city2city.ru/novosibirsk-tayga,340,5.0,10000
Новосибирск,Тогучин,https://city2city.ru/novosibirsk-toguchin,110,1.5,4000
Новосибирск,Топки,https://city2city.ru/novosibirsk-topki,235,3.5,7000
Новосибирск,Уяр,https://city2city.ru/novosibirsk-uyar,890,12.5,31500
Новосибирск,Яровое,https://city2city.ru/novosibirsk-yarovoe,410,6.0,12500
Новосибирск,Юрга,https://city2city.ru/novosibirsk-yurga,180,2.5,5500
Новосибирск,Заринск,https://city2city.ru/novosibirsk-zarinsk,285,4.0,8500
Новосибирск,Змеиногорск,https://city2city.ru/novosibirsk-zmeinogorsk,560,8.0,17000
Олекминск,Якутск,https://city2city.ru/olekminsk-jakutsk,960,13.5,28800
Омск,Абакан,https://city2city.ru/omsk-abakan,1620,23.0,48500
аэропорт Омск (Центральный) имени Д.М. Карбышева,аэропорт Омск (Центральный) имени Д.М. Карбышева,https://city2city.ru/omsk-aeroport-karbysheva-yarovoe,700,10.0,21000
Омск,Барабинск,https://city2city.ru/omsk-barabinsk,340,5.0,10000
Омск,Барнаул,https://city2city.ru/omsk-barnaul,875,12.5,26200
Омск,Белокуриха,https://city2city.ru/omsk-belokuriha,1060,15.0,32000
Омск,Бийск,https://city2city.ru/omsk-biysk,990,14.0,29500
Омск,Горно-Алтайск,https://city2city.ru/omsk-gorno-altaysk,1090,15.5,32700
Омск,Иркутск,https://city2city.ru/omsk-irkutsk,2475,35.5,74000
Омск,Исилькуль,https://city2city.ru/omsk-isilkul,145,2.0,5200
Омск,Калачинск,https://city2city.ru/omsk-kalachinsk,85,1.0,3800
Омск,Карасук,https://city2city.ru/omsk-karasuk,580,8.5,17500
Омск,Кемерово,https://city2city.ru/omsk-kemerovo,900,13.0,27000
Омск,Красноярск,https://city2city.ru/omsk-krasnoyarsk,1420,20.5,42500
Омск,Купино,https://city2city.ru/omsk-kupino,470,6.5,14000
Омск,Куйбышев,https://city2city.ru/omsk-kuybyshev,1620,23.0,48500
Омск,Называевск,https://city2city.ru/omsk-nazyvaevsk,210,3.0,6500
Омск,Новосибирск,https://city2city.ru/omsk-novosibirsk,645,9.0,19500
Омск,Рубцовск,https://city2city.ru/omsk-rubtsovsk,810,11.5,24500
Омск,Славгород,https://city2city.ru/omsk-slavgorod,610,8.5,18500
Омск,Тара,https://city2city.ru/omsk-tara,300,4.5,9000
Омск,Татарск,https://city2city.ru/omsk-tatarsk,180,2.5,5900
Омск,Томск,https://city2city.ru/omsk-tomsk,895,13.0,26800
Омск,Тюкалинск,https://city2city.ru/omsk-tyukalinsk,140,2.0,5000
Омск,Яровое,https://city2city.ru/omsk-yarovoe,620,9.0,18500
Омск,Юрга,https://city2city.ru/omsk-yurga,810,11.5,24500
Оренбург,Абдулино,https://city2city.ru/orenburg-abdulino,280,4.0,8400
Оренбург,Альметьевск,https://city2city.ru/orenburg-almetevsk,460,6.5,14000
Оренбург,село Илек,https://city2city.ru/orenburg-app-ilek,130,2.0,4700
Оренбург,Астрахань,https://city2city.ru/orenburg-astraxan,1630,23.5,49000
Оренбург,Азнакаево,https://city2city.ru/orenburg-aznakaevo,430,6.0,13000
Оренбург,Баймак,https://city2city.ru/orenburg-bajmak,300,4.5,9000
Оренбург,Балаково,https://city2city.ru/orenburg-balakovo,650,9.5,19500
Оренбург,Бавлы,https://city2city.ru/orenburg-bavly,370,5.5,11100
Оренбург,Белебей,https://city2city.ru/orenburg-belebej,400,5.5,12000
Оренбург,Белгород,https://city2city.ru/orenburg-belgorod,1585,22.5,47500
Оренбург,Белорецк,https://city2city.ru/orenburg-beloreczk,1940,27.5,58200
Оренбург,Бугульма,https://city2city.ru/orenburg-bugulma,405,6.0,12200
Оренбург,Бугуруслан,https://city2city.ru/orenburg-buguruslan,360,5.0,10800
Оренбург,Бузулук,https://city2city.ru/orenburg-buzuluk,250,3.5,7500
Оренбург,Чебаркуль,https://city2city.ru/orenburg-chebarkul,670,9.5,20000
Оренбург,Чебоксары,https://city2city.ru/orenburg-cheboksary,880,12.6,26500
Оренбург,Челябинск,https://city2city.ru/orenburg-chelyabinsk,750,10.5,22500
Оренбург,Чистополь,https://city2city.ru/orenburg-chistopol,590,8.5,17500
Оренбург,Димитровград,https://city2city.ru/orenburg-dimitrovgrad,550,8.0,16500
Оренбург,село Дмитриевка,https://city2city.ru/orenburg-dmitrievka,360,5.0,11000
Оренбург,Джанкой,https://city2city.ru/orenburg-dzhankoj,2190,31.5,65500
Оренбург,Екатеринбург,https://city2city.ru/orenburg-ekaterinburg,960,13.5,28800
Оренбург,Гай,https://city2city.ru/orenburg-gaj,285,4.0,8600
Оренбург,село Горный Щит,https://city2city.ru/orenburg-gornyj,920,13.0,27500
Оренбург,рабочий посёлок Городище,https://city2city.ru/orenburg-gorodishhe,55,1.0,3000
Оренбург,52А-3,https://city2city.ru/orenburg-granicza-kazaxstan,170,2.5,5600
Оренбург,река Старая Граница,https://city2city.ru/orenburg-granicza-ukraina,1500,21.5,45000
Оренбург,село Ильинка,https://city2city.ru/orenburg-ilinka,1560,22.5,47000
Оренбург,Ишимбай,https://city2city.ru/orenburg-ishimbaj,230,3.5,6900
Оренбург,Ижевск,https://city2city.ru/orenburg-izhevsk,725,10.5,22000
Оренбург,Карталы,https://city2city.ru/orenburg-kartaly,570,8.0,17000
Оренбург,Казань,https://city2city.ru/orenburg-kazan,720,10.5,21600
Оренбург,Кинель,https://city2city.ru/orenburg-kinel,400,5.5,12000
Оренбург,Киров,https://city2city.ru/orenburg-kirov,1030,14.5,31000
Оренбург,Кумертау,https://city2city.ru/orenburg-kumertau,140,2.0,5000
Оренбург,Курган,https://city2city.ru/orenburg-kurgan,1015,14.5,30500
Оренбург,Кувандык,https://city2city.ru/orenburg-kuvandyk,195,3.0,6400
Оренбург,Лениногорск,https://city2city.ru/orenburg-leninogorsk,430,6.0,13000
Оренбург,Магнитогорск,https://city2city.ru/orenburg-magnitogorsk,445,6.5,13400
Оренбург,село Погодаево,https://city2city.ru/orenburg-mapp-mashtakovo,350,5.0,10500
Оренбург,село Жайсан,https://city2city.ru/orenburg-mapp-sagarchin,165,2.5,5400
Оренбург,Медногорск,https://city2city.ru/orenburg-mednogorsk,220,3.0,6500
Оренбург,Мелеуз,https://city2city.ru/orenburg-meleuz,160,2.5,5300
Оренбург,Москва,https://city2city.ru/orenburg-moskva,1505,21.5,45200
Оренбург,Набережные Челны,https://city2city.ru/orenburg-naberezhnye-chelny,555,8.0,16600
Оренбург,Нефтекамск,https://city2city.ru/orenburg-neftekamsk,590,8.5,17500
Оренбург,деревня Николаевка,https://city2city.ru/orenburg-nikolaevka,2400,34.5,72000
Оренбург,Нижнекамск,https://city2city.ru/orenburg-nizhnekamsk,575,8.0,17200
Оренбург,Нижневартовск,https://city2city.ru/orenburg-nizhnevartovsk,2140,30.5,64000
Оренбург,Нижний Новгород,https://city2city.ru/orenburg-nizhnij-novgorod,1100,15.5,33000
Оренбург,Новотроицк,https://city2city.ru/orenburg-novotroiczk,270,4.0,8100
Оренбург,Новый Уренгой,https://city2city.ru/orenburg-novyj-urengoj,2660,38.0,80000
Оренбург,поселок Октябрьский,https://city2city.ru/orenburg-oktyabrskij,380,5.5,11400
Оренбург,Октябрьский,https://city2city.ru/orenburg-oktyabrskij-respublika-bashkortostan,380,5.5,11400
Оренбург,посёлок городского типа Октябрьское,https://city2city.ru/orenburg-oktyabrskoe,80,1.0,2500
Оренбург,Орск,https://city2city.ru/orenburg-orsk,275,4.0,8200
Оренбург,Отрадный,https://city2city.ru/orenburg-otradnyj,380,5.5,11500
Оренбург,посёлок городского типа Павловка,https://city2city.ru/orenburg-pavlovka,20,0.5,2000
Оренбург,Пенза,https://city2city.ru/orenburg-penza,835,12.0,25000
Оренбург,Пермь,https://city2city.ru/orenburg-perm,920,13.0,27600
Оренбург,Первомайск,https://city2city.ru/orenburg-pervomajsk,1050,15.0,31500
Оренбург,посёлок Первомайский,https://city2city.ru/orenburg-pervomajskij,440,6.5,13200
Оренбург,посёлок Пригородный,https://city2city.ru/orenburg-posyolok-prigorodnyj,20,0.5,2000
Оренбург,поселок городского типа Приютово,https://city2city.ru/orenburg-priyutovo,25,0.5,2000
Оренбург,Ростов-на-Дону,https://city2city.ru/orenburg-rostov-na-donu,1670,24.0,50100
Оренбург,посёлок городского типа Ровеньки,https://city2city.ru/orenburg-rovenki,1480,21.0,44400
Оренбург,Салават,https://city2city.ru/orenburg-salavat,210,3.0,6300
Оренбург,Самара,https://city2city.ru/orenburg-samara,415,6.0,12400
Оренбург,Санкт-Петербург,https://city2city.ru/orenburg-sankt-peterburg,2200,31.5,66000
Оренбург,Саратов,https://city2city.ru/orenburg-saratov,800,11.5,24000
Оренбург,село Александровское,https://city2city.ru/orenburg-selo-aleksandrovskoe,1730,24.5,51900
Оренбург,село Грачёвка,https://city2city.ru/orenburg-selo-grachyovka,250,3.5,7500
Оренбург,село Троицкое,https://city2city.ru/orenburg-selo-troiczkoe,190,2.5,5500
Оренбург,посёлок городского типа Северный,https://city2city.ru/orenburg-severnyj,1580,22.5,47500
Оренбург,Сибай,https://city2city.ru/orenburg-sibaj,335,5.0,10000
Оренбург,Сочи,https://city2city.ru/orenburg-sochi,2185,31.0,65600
Оренбург,Соль-Илецк,https://city2city.ru/orenburg-sol-ileczk,75,1.0,3400
Оренбург,Сорочинск,https://city2city.ru/orenburg-sorochinsk,170,2.5,5600
Оренбург,Старица,https://city2city.ru/orenburg-staricza,1750,25.0,52500
Оренбург,село Степное,https://city2city.ru/orenburg-stepnoe,15,0.5,2000
Оренбург,Стерлитамак,https://city2city.ru/orenburg-sterlitamak,240,3.5,7200
Оренбург,Сургут,https://city2city.ru/orenburg-surgut,1940,27.5,58200
Оренбург,поселок Светлый,https://city2city.ru/orenburg-svetlyj,40,1.0,3000
Оренбург,Сызрань,https://city2city.ru/orenburg-syzran,580,8.5,17500
Оренбург,Тольятти,https://city2city.ru/orenburg-tolyatti,505,7.0,15200
Оренбург,Троицк,https://city2city.ru/orenburg-troiczk,1530,22.0,46000
Оренбург,Туймазы,https://city2city.ru/orenburg-tujmazy,400,5.5,12000
Оренбург,Тула,https://city2city.ru/orenburg-tula,1675,24.0,50000
Оренбург,Тюмень,https://city2city.ru/orenburg-tyumen,1160,16.5,34800
Оренбург,село Учалы,https://city2city.ru/orenburg-uchaly,570,8.0,17000
Оренбург,Уфа,https://city2city.ru/orenburg-ufa,370,5.5,11100
Оренбург,Ульяновск,https://city2city.ru/orenburg-ulyanovsk,650,9.5,19500
Оренбург,посёлок городского типа Уральский,https://city2city.ru/orenburg-uralskij,920,13.0,27500
Оренбург,Владимир,https://city2city.ru/orenburg-vladimir,1310,18.5,39500
Оренбург,Волгоград,https://city2city.ru/orenburg-volgograd,1195,17.0,35800
Оренбург,Воронеж,https://city2city.ru/orenburg-voronezh,1320,19.0,39600
Оренбург,Выкса,https://city2city.ru/orenburg-vyksa,1220,17.5,36500
Оренбург,Ясный,https://city2city.ru/orenburg-yasnyj,450,6.5,13500
Орёл,Анапа,https://city2city.ru/oryol-anapa,1330,19.0,40000
Орёл,Белгород,https://city2city.ru/oryol-belgorod,300,4.5,9000
Орёл,Белёв,https://city2city.ru/oryol-belyov,110,1.5,3500
Орёл,Березники,https://city2city.ru/oryol-berezniki,1180,17.0,35500
Орёл,Болхов,https://city2city.ru/oryol-bolxov,60,1.0,2000
Орёл,Брянск,https://city2city.ru/oryol-bryansk,135,2.0,4900
Орёл,Челябинск,https://city2city.ru/oryol-chelyabinsk,2090,30.0,62500
Орёл,Дмитриев,https://city2city.ru/oryol-dmitriev,135,2.0,4000
Орёл,Дмитровск,https://city2city.ru/oryol-dmitrovsk,95,1.5,3000
Орёл,Ефремов,https://city2city.ru/oryol-efremov,185,2.5,5500
Орёл,Ейск,https://city2city.ru/oryol-ejsk,1080,15.5,32500
Орёл,Геленджик,https://city2city.ru/oryol-gelendzhik,1340,19.0,40000
Орёл,посёлок городского типа Глазуновка,https://city2city.ru/oryol-glazunovka,65,1.0,2000
Орёл,52А-3,https://city2city.ru/oryol-granicza-kazaxstan,1180,17.0,35500
Орёл,Калуга,https://city2city.ru/oryol-kaluga,210,3.0,6500
Орёл,Карачев,https://city2city.ru/oryol-karachev,85,1.0,2500
Орёл,посёлок городского типа Колпна,https://city2city.ru/oryol-kolpna,125,2.0,4000
Орёл,посёлок городского типа Кромы,https://city2city.ru/oryol-kromy,50,1.0,3000
Орёл,Липецк,https://city2city.ru/oryol-lipeczk,295,4.0,9000
Орёл,Ливны,https://city2city.ru/oryol-livny,140,2.0,5000
Орёл,Малоархангельск,https://city2city.ru/oryol-maloarxangelsk,80,1.0,2500
Орёл,Мценск,https://city2city.ru/oryol-mczensk,55,1.0,3000
Орёл,Москва,https://city2city.ru/oryol-moskva,360,5.0,11000
Орёл,деревня Нарышкино,https://city2city.ru/oryol-naryshkino,25,0.5,2000
Орёл,Нижний Новгород,https://city2city.ru/oryol-nizhnij-novgorod,890,12.5,26500
Орёл,Новосиль,https://city2city.ru/oryol-novosil,85,1.0,2500
Орёл,Обнинск,https://city2city.ru/oryol-obninsk,295,4.0,9000
Орёл,деревня Покровское,https://city2city.ru/oryol-pokrovskoe,960,13.5,29000
Орёл,Ростов-на-Дону,https://city2city.ru/oryol-rostov-na-donu,900,13.0,27000
Орёл,Рязань,https://city2city.ru/oryol-ryazan,360,5.0,11000
Орёл,посёлок городского типа Шаблыкино,https://city2city.ru/oryol-shablykino,75,1.0,2000
Орёл,Смоленск,https://city2city.ru/oryol-smolensk,380,5.5,11500
Орёл,Тамбов,https://city2city.ru/oryol-tambov,430,6.0,13000
Орёл,Тула,https://city2city.ru/oryol-tula,185,2.5,5500
Орёл,посёлок городского типа Верховье,https://city2city.ru/oryol-verxove,225,3.0,7000
Орёл,Владимир,https://city2city.ru/oryol-vladimir,550,8.0,16500
Орёл,посёлок городского типа Хомутово,https://city2city.ru/oryol-xomutovo,120,1.5,3500
Орёл,посёлок городского типа Хотынец,https://city2city.ru/oryol-xotynecz,70,1.0,2000
Орёл,посёлок городского типа Залегощь,https://city2city.ru/oryol-zalegoshh,70,1.0,2000
Орёл,Железногорск,https://city2city.ru/oryol-zheleznogorsk,110,1.5,4000
Пенза,Анапа,https://city2city.ru/penza-anapa,1330,19.0,40000
Пенза,Астрахань,https://city2city.ru/penza-astraxan,1020,14.5,30500
Пенза,Барыш,https://city2city.ru/penza-barysh,220,3.0,6500
Пенза,рабочий посёлок Башмаково,https://city2city.ru/penza-bashmakovo,160,2.5,5300
Пенза,рабочий посёлок Беково,https://city2city.ru/penza-bekovo,155,2.0,5100
Пенза,Белгород,https://city2city.ru/penza-belgorod,775,11.0,23000
Пенза,Белинский,https://city2city.ru/penza-belinskij,125,2.0,4500
Пенза,село Чаадаевка,https://city2city.ru/penza-chaadaevka,80,1.0,3600
Пенза,Чебоксары,https://city2city.ru/penza-cheboksary,470,6.5,14100
Пенза,Челябинск,https://city2city.ru/penza-chelyabinsk,1230,17.5,36900
Пенза,посёлок городского типа Чертково,https://city2city.ru/penza-chertkovo,690,10.0,20500
Пенза,рабочий посёлок Елань,https://city2city.ru/penza-elan,420,6.0,12500
Пенза,посёлок городского типа Евлашево,https://city2city.ru/penza-evlashevo,140,2.0,4000
Пенза,Городище,https://city2city.ru/penza-gorodishhe-penzenskaya-oblast,50,0.5,2000
Пенза,52А-3,https://city2city.ru/penza-granicza-kazaxstan,560,8.0,16800
Пенза,Инсар,https://city2city.ru/penza-insar,155,2.0,4500
Пенза,Инза,https://city2city.ru/penza-inza,155,2.0,5100
Пенза,посёлок городского типа Исса,https://city2city.ru/penza-issa,95,1.5,4300
Пенза,Ижевск,https://city2city.ru/penza-izhevsk,880,12.5,26400
Пенза,Йошкар-Ола,https://city2city.ru/penza-joshkar-ola,560,8.0,17000
Пенза,село Кабардинка,https://city2city.ru/penza-kabardinka,1380,19.5,41500
Пенза,Каменка,https://city2city.ru/penza-kamenka,105,1.5,3800
Пенза,поселок городского типа Карсун,https://city2city.ru/penza-karsun,220,3.0,6500
Пенза,Казань,https://city2city.ru/penza-kazan,530,7.5,15900
Пенза,Киров,https://city2city.ru/penza-kirov,860,12.5,26000
Пенза,Кирсанов,https://city2city.ru/penza-kirsanov,205,3.0,6000
Пенза,рабочий посёлок Колышлей,https://city2city.ru/penza-kolyshlej,75,1.0,3400
Пенза,Ковылкино,https://city2city.ru/penza-kovylkino,180,2.5,5500
Пенза,Курган,https://city2city.ru/penza-kurgan,1515,21.5,45400
Пенза,Кузнецк,https://city2city.ru/penza-kuzneczk,120,1.5,4300
Пенза,село Лермонтово,https://city2city.ru/penza-lermontovo,1320,19.0,39600
Пенза,Липецк,https://city2city.ru/penza-lipeczk,420,6.0,12500
Пенза,рабочий посёлок Лунино,https://city2city.ru/penza-lunino,55,1.0,3000
Пенза,Миллерово,https://city2city.ru/penza-millerovo,720,10.5,21600
Пенза,Минеральные Воды,https://city2city.ru/penza-mineralnye-vody,1245,18.0,37500
Пенза,рабочий посёлок Мокшан,https://city2city.ru/penza-mokshan,40,1.0,3000
Пенза,Моршанск,https://city2city.ru/penza-morshansk,275,4.0,8000
Пенза,Москва,https://city2city.ru/penza-moskva,645,9.0,19400
Пенза,деревня Николаевка,https://city2city.ru/penza-nikolaevka,1670,24.0,50000
Пенза,село Никольск,https://city2city.ru/penza-nikolsk,110,1.5,4000
Пенза,Нижний Ломов,https://city2city.ru/penza-nizhnij-lomov,110,1.5,4000
Пенза,посёлок городского типа Новоспасское,https://city2city.ru/penza-novospasskoe,205,3.0,6000
Пенза,Октябрьский,https://city2city.ru/penza-oktyabrskij-respublika-bashkortostan,660,9.5,19800
Пенза,Оренбург,https://city2city.ru/penza-orenburg,830,12.0,24900
Пенза,рабочий посёлок Пачелма,https://city2city.ru/penza-pachelma,140,2.0,5000
Пенза,посёлок городского типа Павловка,https://city2city.ru/penza-pavlovka,810,11.5,24500
Пенза,Пермь,https://city2city.ru/penza-perm,1205,17.0,36000
Пенза,Петровск,https://city2city.ru/penza-petrovsk,125,2.0,4000
Пенза,Россошь,https://city2city.ru/penza-rossosh,645,9.0,19500
Пенза,Ростов-на-Дону,https://city2city.ru/penza-rostov-na-donu,930,13.5,27900
Пенза,Ртищево,https://city2city.ru/penza-rtishhevo,160,2.5,5300
Пенза,село Рузаевка,https://city2city.ru/penza-ruzaevka,120,1.5,3500
Пенза,Рязань,https://city2city.ru/penza-ryazan,450,6.5,13500
Пенза,Салават,https://city2city.ru/penza-salavat,920,13.0,27500
Пенза,Самара,https://city2city.ru/penza-samara,420,6.0,12600
Пенза,Санкт-Петербург,https://city2city.ru/penza-sankt-peterburg,1350,19.5,40500
Пенза,Саранск,https://city2city.ru/penza-saransk,145,2.0,5200
Пенза,Саров,https://city2city.ru/penza-sarov,300,4.5,9000
Пенза,Сердобск,https://city2city.ru/penza-serdobsk,115,1.5,4100
Пенза,Севастополь,https://city2city.ru/penza-sevastopol,1710,24.5,51500
Пенза,Шацк,https://city2city.ru/penza-shaczk,281,4.0,8400
Пенза,посёлок городского типа Шемышейка,https://city2city.ru/penza-shemyshejka,55,1.0,3000
Пенза,Сочи,https://city2city.ru/penza-sochi,1465,21.0,44000
Пенза,Сосновка,https://city2city.ru/penza-sosnovka,330,4.5,10000
Пенза,рабочий посёлок Сосновоборск,https://city2city.ru/penza-sosnovoborsk,3600,51.5,108000
Пенза,Спасск,https://city2city.ru/penza-spassk,165,2.5,5400
Пенза,Сурск,https://city2city.ru/penza-sursk,70,1.0,3200
Пенза,Сызрань,https://city2city.ru/penza-syzran,255,3.5,7600
Пенза,рабочий посёлок Тамала,https://city2city.ru/penza-tamala,165,2.5,5400
Пенза,Тамбов,https://city2city.ru/penza-tambov,290,4.0,8700
Пенза,Тольятти,https://city2city.ru/penza-tolyatti,350,5.0,10500
Пенза,посёлок городского типа Торбеево,https://city2city.ru/penza-torbeevo,205,3.0,6000
Пенза,Тула,https://city2city.ru/penza-tula,625,9.0,19000
Пенза,Уфа,https://city2city.ru/penza-ufa,825,12.0,24800
Пенза,Ульяновск,https://city2city.ru/penza-ulyanovsk,320,4.5,9600
Пенза,Волгоград,https://city2city.ru/penza-volgograd,585,8.5,17500
Пенза,Вольск,https://city2city.ru/penza-volsk,274,4.0,8200
Пенза,Воронеж,https://city2city.ru/penza-voronezh,510,7.5,15500
Пенза,Хвалынск,https://city2city.ru/penza-xvalynsk,280,4.0,8500
Пенза,рабочий посёлок Явас,https://city2city.ru/penza-yavas,240,3.5,7000
Пенза,Заречный,https://city2city.ru/penza-zarechnyj-penzenskaya-oblast,1330,19.0,40000
Пенза,рабочий посёлок Земетчино,https://city2city.ru/penza-zemetchino,210,3.0,6300
Пенза,рабочий посёлок Золотарёвка,https://city2city.ru/penza-zolotaryovka,30,1.0,3000
Пенза,посёлок городского типа Зубова Поляна,https://city2city.ru/penza-zubova-polyana,195,3.0,6000
Пермь,посёлок городского типа Ачит,https://city2city.ru/perm-achit,185,2.5,5500
Пермь,Адлер,https://city2city.ru/perm-adler,2730,39.0,82000
Пермь,посёлок городского типа Афанасьево,https://city2city.ru/perm-afanasevo,1110,16.0,33300
Пермь,Александровск,https://city2city.ru/perm-aleksandrovsk,240,3.5,7000
Пермь,Альметьевск,https://city2city.ru/perm-almetevsk,560,8.0,17000
Пермь,Анапа,https://city2city.ru/perm-anapa,2555,36.5,76500
Пермь,Белебей,https://city2city.ru/perm-belebej,600,8.5,18000
Пермь,рабочий посёлок Березник,https://city2city.ru/perm-bereznik,200,3.0,6000
Пермь,Березники,https://city2city.ru/perm-berezniki,195,3.0,6000
Пермь,Чайковский,https://city2city.ru/perm-chajkovskij,265,4.0,8000
Пермь,Чебаркуль,https://city2city.ru/perm-chebarkul,550,8.0,16500
Пермь,Чердынь,https://city2city.ru/perm-cherdyn,310,4.5,9500
Пермь,Чусовой,https://city2city.ru/perm-chusovoj,135,2.0,4000
Пермь,Чёрмоз,https://city2city.ru/perm-chyormoz,165,2.5,5000
Пермь,Добрянка,https://city2city.ru/perm-dobryanka,75,1.0,2000
Пермь,Екатеринбург,https://city2city.ru/perm-ekaterinburg,360,5.0,10800
Пермь,Елабуга,https://city2city.ru/perm-elabuga,460,6.5,13800
Пермь,посёлок городского типа Гари,https://city2city.ru/perm-gari,940,13.5,28200
Пермь,Глазов,https://city2city.ru/perm-glazov,310,4.5,9500
Пермь,52А-3,https://city2city.ru/perm-granicza-kazaxstan,1100,15.5,33000
Пермь,река Старая Граница,https://city2city.ru/perm-granicza-ukraina,750,10.5,22500
Пермь,Гремячинск,https://city2city.ru/perm-gremyachinsk,175,2.5,5000
Пермь,Губаха,https://city2city.ru/perm-gubaxa,210,3.0,6300
Пермь,Ижевск,https://city2city.ru/perm-izhevsk,280,4.0,8500
Пермь,Качканар,https://city2city.ru/perm-kachkanar,275,4.0,8000
Пермь,Камбарка,https://city2city.ru/perm-kambarka,350,5.0,10500
Пермь,Казань,https://city2city.ru/perm-kazan,590,8.5,17500
Пермь,Киров,https://city2city.ru/perm-kirov,490,7.0,14500
Пермь,Кирс,https://city2city.ru/perm-kirs,1360,19.5,41000
Пермь,Кизел,https://city2city.ru/perm-kizel,230,3.5,7000
Пермь,Краснокамск,https://city2city.ru/perm-krasnokamsk,35,0.5,2000
Пермь,Красновишерск,https://city2city.ru/perm-krasnovishersk,320,4.5,9600
Пермь,Кудымкар,https://city2city.ru/perm-kudymkar,200,3.0,6000
Пермь,Кунгур,https://city2city.ru/perm-kungur,90,1.5,2500
Пермь,Курган,https://city2city.ru/perm-kurgan,730,10.5,21900
Пермь,рабочий посёлок Кусье-Александровский,https://city2city.ru/perm-kuse-aleksandrovskij,190,2.5,5500
Пермь,Лысьва,https://city2city.ru/perm-lysva,165,2.5,5400
Пермь,Магнитогорск,https://city2city.ru/perm-magnitogorsk,735,10.5,22000
Пермь,Москва,https://city2city.ru/perm-moskva,1465,21.0,44000
Пермь,Набережные Челны,https://city2city.ru/perm-naberezhnye-chelny,470,6.5,14000
Пермь,Нефтекамск,https://city2city.ru/perm-neftekamsk,370,5.5,11000
Пермь,Нижнекамск,https://city2city.ru/perm-nizhnekamsk,490,7.0,14500
Пермь,рабочий посёлок Новая Ляда,https://city2city.ru/perm-novaya-lyada,1500,21.5,45000
Пермь,рабочий посёлок Новоильинский,https://city2city.ru/perm-novoilinskij,80,1.0,2500
Пермь,рабочий посёлок Ныроб,https://city2city.ru/perm-nyrob,350,5.0,10500
Пермь,Нытва,https://city2city.ru/perm-nytva,70,1.0,3200
Пермь,Очёр,https://city2city.ru/perm-ochyor,110,1.5,3500
Пермь,Октябрьский,https://city2city.ru/perm-oktyabrskij-respublika-bashkortostan,590,8.5,17500
Пермь,Оренбург,https://city2city.ru/perm-orenburg,920,13.0,27500
Пермь,Оса,https://city2city.ru/perm-osa,145,2.0,4500
Пермь,посёлок городского типа Оверята,https://city2city.ru/perm-overyata,35,0.5,2000
Пермь,Оханск,https://city2city.ru/perm-oxansk,70,1.0,3200
Пермь,рабочий посёлок Пашия,https://city2city.ru/perm-pashiya,185,2.5,5500
Пермь,Павловск,https://city2city.ru/perm-pavlovsk,1820,26.0,54500
Пермь,Первоуральск,https://city2city.ru/perm-pervouralsk,330,4.5,10000
Пермь,посёлок городского типа Полазна,https://city2city.ru/perm-polazna,45,1.0,3000
Пермь,Санкт-Петербург,https://city2city.ru/perm-sankt-peterburg,2205,31.5,66000
Пермь,рабочий посёлок Сараны,https://city2city.ru/perm-sarany,215,3.0,6500
Пермь,Саратов,https://city2city.ru/perm-saratov,1280,18.5,38500
Пермь,деревня Большой Сарс,https://city2city.ru/perm-sars,200,3.0,6000
Пермь,деревня Савино,https://city2city.ru/perm-savino,1190,17.0,35500
Пермь,Серов,https://city2city.ru/perm-serov,430,6.0,13000
Пермь,Севастополь,https://city2city.ru/perm-sevastopol,2940,42.0,88000
Пермь,Сибай,https://city2city.ru/perm-sibaj,860,12.5,26000
Пермь,Симферополь,https://city2city.ru/perm-simferopol,2830,40.5,85000
Пермь,рабочий посёлок Скальный,https://city2city.ru/perm-skalnyj,155,2.0,4500
Пермь,Сочи,https://city2city.ru/perm-sochi,2675,38.0,80000
Пермь,Сокол,https://city2city.ru/perm-sokol,1300,18.5,39000
Пермь,Соликамск,https://city2city.ru/perm-solikamsk,215,3.0,6400
Пермь,посёлок городского типа Сосновый Бор,https://city2city.ru/perm-sosnovyj-bor,510,7.5,15500
Пермь,рабочий посёлок Суксун,https://city2city.ru/perm-suksun,135,2.0,4000
Пермь,Тамбов,https://city2city.ru/perm-tambov,1505,21.5,45200
Пермь,рабочий посёлок Тёплая Гора,https://city2city.ru/perm-tyoplaya-gora,95,1.5,3000
Пермь,село Учалы,https://city2city.ru/perm-uchaly,610,8.5,18500
Пермь,Уфа,https://city2city.ru/perm-ufa,505,7.0,15200
Пермь,Ульяновск,https://city2city.ru/perm-ulyanovsk,855,12.0,25600
Пермь,посёлок городского типа Уральский,https://city2city.ru/perm-uralskij,85,1.0,3800
Пермь,Усолье,https://city2city.ru/perm-usole,200,3.0,6000
Пермь,посёлок городского типа Усьва,https://city2city.ru/perm-usva,190,2.5,6300
Пермь,Верещагино,https://city2city.ru/perm-vereshhagino,135,2.0,4000
Пермь,Волгоград,https://city2city.ru/perm-volgograd,1675,24.0,50000
Пермь,Воронеж,https://city2city.ru/perm-voronezh,1725,24.5,52000
Пермь,Воткинск,https://city2city.ru/perm-votkinsk,225,3.0,7000
Пермь,рабочий посёлок Всеволодо-Вильва,https://city2city.ru/perm-vsevolodo-vilva,230,3.5,7000
Пермь,рабочий посёлок Хохлово,https://city2city.ru/perm-xoxlovo,1600,23.0,48000
Пермь,рабочий посёлок Яйва,https://city2city.ru/perm-yajva,210,3.0,6500
Пермь,Ярославль,https://city2city.ru/perm-yaroslavl,1180,17.0,35500
Пермь,посёлок городского типа Звёздный,https://city2city.ru/perm-zvyozdnyj,45,0.5,2000
Петрозаводск,Ивангород,https://city2city.ru/petrozavodsk-app-ivangorod,580,8.5,17500
Петрозаводск,Костомукша,https://city2city.ru/petrozavodsk-app-lyuttya,550,8.0,16500
Петрозаводск,Беломорск,https://city2city.ru/petrozavodsk-belomorsk,380,5.5,11500
Петрозаводск,Бокситогорск,https://city2city.ru/petrozavodsk-boksitogorsk,410,6.0,12500
Петрозаводск,Ивангород,https://city2city.ru/petrozavodsk-ivangorod,570,8.0,17000
Петрозаводск,посёлок городского типа Калевала,https://city2city.ru/petrozavodsk-kalevala,550,8.0,16500
Петрозаводск,Кемь,https://city2city.ru/petrozavodsk-kem,410,6.0,12300
Петрозаводск,Кондопога,https://city2city.ru/petrozavodsk-kondopoga,55,1.0,3000
Петрозаводск,Костомукша,https://city2city.ru/petrozavodsk-kostomuksha,490,7.0,14700
Петрозаводск,Курск,https://city2city.ru/petrozavodsk-kursk,1530,22.0,45900
Петрозаводск,посёлок городского типа Лоухи,https://city2city.ru/petrozavodsk-louxi,550,8.0,16500
Петрозаводск,Медвежьегорск,https://city2city.ru/petrozavodsk-medvezhegorsk,160,2.5,5300
Петрозаводск,посёлок городского типа Муезерский,https://city2city.ru/petrozavodsk-muezerskij,440,6.5,13000
Петрозаводск,Олонец,https://city2city.ru/petrozavodsk-olonecz,145,2.0,5200
Петрозаводск,Печоры,https://city2city.ru/petrozavodsk-pechory,753,11.0,22600
Петрозаводск,Питкяранта,https://city2city.ru/petrozavodsk-pitkyaranta,200,3.0,6000
Петрозаводск,Подпорожье,https://city2city.ru/petrozavodsk-podporozhe,230,3.5,7000
Петрозаводск,Павлова Пряжа,https://city2city.ru/petrozavodsk-pryazha,50,0.5,2000
Петрозаводск,Пудож,https://city2city.ru/petrozavodsk-pudozh,350,5.0,10500
Петрозаводск,Санкт-Петербург,https://city2city.ru/petrozavodsk-sankt-peterburg,425,6.0,12800
Петрозаводск,Шуя,https://city2city.ru/petrozavodsk-shuya,1390,20.0,41500
Петрозаводск,Сортавала,https://city2city.ru/petrozavodsk-sortavala,245,3.5,7400
Петрозаводск,Суоярви,https://city2city.ru/petrozavodsk-suoyarvi,130,2.0,4000
Петрозаводск,Воронеж,https://city2city.ru/petrozavodsk-voronezh,1525,22.0,45800
Петрозаводск,городской посёлок Вознесенье,https://city2city.ru/petrozavodsk-voznesene,2750,39.5,82500
Петрозаводск,посёлок городского типа Вяртсиля,https://city2city.ru/petrozavodsk-vyartsilya,285,4.0,8500
Петрозаводск,Вытегра,https://city2city.ru/petrozavodsk-vytegra,225,3.0,7000
Псков,поселок Кендеши,https://city2city.ru/pskov-app-brunishevo,70,1.0,3200
Псков,Терехова,https://city2city.ru/pskov-app-burachki,200,3.0,6000
Псков,посёлок Куничина Гора,https://city2city.ru/pskov-app-kunichina-gora,55,1.0,3000
Псков,деревня Новая Лудонка,https://city2city.ru/pskov-app-ludonka,125,2.0,4500
Псков,Костомукша,https://city2city.ru/pskov-app-lyuttya,1250,18.0,37500
Псков,Белгород,https://city2city.ru/pskov-belgorod,1125,16.0,33800
Псков,посёлок городского типа Бежаницы,https://city2city.ru/pskov-bezhaniczy,180,2.5,5500
Псков,Боровичи,https://city2city.ru/pskov-borovichi,400,5.5,12000
Псков,посёлок городского типа Дедовичи,https://city2city.ru/pskov-dedovichi,125,2.0,4000
Псков,Гдов,https://city2city.ru/pskov-gdov,120,1.5,4300
Псков,23113,https://city2city.ru/pskov-granicza-estoniya,60,1.0,3000
Псков,А3,https://city2city.ru/pskov-granicza-latviya,60,1.0,3000
Псков,103,https://city2city.ru/pskov-granicza-litva,800,11.5,24000
Псков,посёлок городского типа Идрица,https://city2city.ru/pskov-idricza,190,2.5,5500
Псков,Ивангород,https://city2city.ru/pskov-ivangorod,240,3.5,7000
Псков,Кингисепп,https://city2city.ru/pskov-kingisep-2,220,3.0,6500
Псков,Клин,https://city2city.ru/pskov-klin,700,10.0,21000
Псков,деревня Горланово,https://city2city.ru/pskov-kpp_shumilkino,65,1.0,3000
Псков,деревня Уболенка,https://city2city.ru/pskov-kpp_ubylinka,120,1.5,4300
Псков,посёлок городского типа Красногородск,https://city2city.ru/pskov-krasnogorodsk,160,2.5,5300
Псков,рабочий посёлок Кунья,https://city2city.ru/pskov-kunya,5000,71.5,150000
Псков,Курск,https://city2city.ru/pskov-kursk,990,14.0,29700
Псков,Липецк,https://city2city.ru/pskov-lipeczk,1190,17.0,35700
Псков,рабочий посёлок Локня,https://city2city.ru/pskov-loknya,205,3.0,6000
Псков,Луга,https://city2city.ru/pskov-luga,145,2.0,4500
Псков,Москва,https://city2city.ru/pskov-moskva,805,11.5,24200
Псков,Невель,https://city2city.ru/pskov-nebel,6200,88.5,186000
Псков,Новоржев,https://city2city.ru/pskov-novorzhev,140,2.0,4000
Псков,деревня Окуловка,https://city2city.ru/pskov-okulovka,360,5.0,11000
Псков,Опочка,https://city2city.ru/pskov-opochka,130,2.0,4000
Псков,Орёл,https://city2city.ru/pskov-oryol,833,12.0,25000
Псков,Остров,https://city2city.ru/pskov-ostrov,55,1.0,3000
Псков,посёлок городского типа Палкино,https://city2city.ru/pskov-palkino,40,0.5,2000
Псков,Печоры,https://city2city.ru/pskov-pechory,55,1.0,3000
Псков,Санкт-Петербург,https://city2city.ru/pskov-piter,290,4.0,8700
Псков,рабочий посёлок Плюсса,https://city2city.ru/pskov-plyussa,105,1.5,3000
Псков,Порхов,https://city2city.ru/pskov-porhov,85,1.0,2500
Псков,аэропорт Пулково,https://city2city.ru/pskov-pulkovo,280,4.0,8500
Псков,рабочий посёлок Пушкинские Горы,https://city2city.ru/pskov-pushkinskie-gory,115,1.5,4100
Псков,Пустошка,https://city2city.ru/pskov-pustoshka,190,2.5,5500
Псков,Пыталово,https://city2city.ru/pskov-pytalovo,105,1.5,3800
Псков,Рязань,https://city2city.ru/pskov-ryazan,1005,14.5,30200
Псков,Рыльск,https://city2city.ru/pskov-rylsk,920,13.0,27600
Псков,Себеж,https://city2city.ru/pskov-sebezh,190,2.5,5500
Псков,Сланцы,https://city2city.ru/pskov-slanci,165,2.5,5000
Псков,Смоленск,https://city2city.ru/pskov-smolensk,460,6.5,14000
Псков,Старая Русса,https://city2city.ru/pskov-staraya_russa,215,3.0,6500
Псков,посёлок городского типа Струги Красные,https://city2city.ru/pskov-strugi-krasnye,80,1.0,2500
Псков,Тверь,https://city2city.ru/pskov-tver,580,8.5,17500
Псков,посёлок городского типа Усвяты,https://city2city.ru/pskov-usvyaty,304,4.5,9100
Псков,Валуйки,https://city2city.ru/pskov-valujki,1570,22.5,47000
Псков,Великие Луки,https://city2city.ru/pskov-velikie_luki,275,4.0,8200
Псков,Воронеж,https://city2city.ru/pskov-voronezh,1325,19.0,39800
Псков,посёлок городского типа Заплюсье,https://city2city.ru/pskov-zaplyuse,110,1.5,3500
Ростов-на-Дону,Адлер,https://city2city.ru/rostov-adler,570,8.0,17000
Ростов-на-Дону,Анапа,https://city2city.ru/rostov-anapa,430,6.0,13000
Ростов-на-Дону,село Колотиловка,https://city2city.ru/rostov-app-kolotilovka,800,11.5,24000
Ростов-на-Дону,село Верхний Ларс,https://city2city.ru/rostov-app-verxnij-lars,730,10.5,22000
Ростов-на-Дону,слобода Машлыкино,https://city2city.ru/rostov-app-voloshino,260,3.5,8000
аэропорт Платов,,https://city2city.ru/rostov-astrahan,770,11.0,23100
Ростов-на-Дону,Балаково,https://city2city.ru/rostov-balakovo,1020,14.5,30500
Ростов-на-Дону,село Белая Глина,https://city2city.ru/rostov-belaya-glina,190,2.5,5500
Ростов-на-Дону,Белая Калитва,https://city2city.ru/rostov-belaya-kalitva,180,2.5,5500
Ростов-на-Дону,станица Боковская,https://city2city.ru/rostov-bokovskaya,350,5.0,10500
Ростов-на-Дону,слобода Большая Мартыновка,https://city2city.ru/rostov-bolshaya-martynovka,195,3.0,6400
Ростов-на-Дону,Брянск,https://city2city.ru/rostov-bryansk,1040,15.0,31000
Ростов-на-Дону,станица Брюховецкая,https://city2city.ru/rostov-bryuxoveczkaya,200,3.0,6000
Ростов-на-Дону,Будённовск,https://city2city.ru/rostov-budyonnovsk,540,7.5,16000
Ростов-на-Дону,Чебоксары,https://city2city.ru/rostov-cheboksary,1390,20.0,41500
Ростов-на-Дону,Челябинск,https://city2city.ru/rostov-chelyabinsk,2160,31.0,64800
Ростов-на-Дону,Черкесск,https://city2city.ru/rostov-cherkessk,420,6.0,12500
Ростов-на-Дону,посёлок городского типа Чертково,https://city2city.ru/rostov-chertkovo,300,4.5,9000
Ростов-на-Дону,посёлок Целина,https://city2city.ru/rostov-czelina,140,2.0,4000
Ростов-на-Дону,станица Даховская,https://city2city.ru/rostov-daxovskaya,390,5.5,11500
Ростов-на-Дону,станица Динская,https://city2city.ru/rostov-dinskaya,245,3.5,7500
Ростов-на-Дону,Донецк,https://city2city.ru/rostov-doneczk-rostovskaya-oblast,170,2.5,5000
Ростов-на-Дону,Джанкой,https://city2city.ru/rostov-dzhankoj,530,7.5,16000
аэропорт Платов,,https://city2city.ru/rostov-eisk,180,2.5,5500
Ростов-на-Дону,Екатеринбург,https://city2city.ru/rostov-ekaterinburg,2190,31.5,65700
Ростов-на-Дону,посёлок городского типа Екатериновка,https://city2city.ru/rostov-ekaterinovka,810,11.5,24500
Ростов-на-Дону,Элиста,https://city2city.ru/rostov-elista,450,6.5,13500
Ростов-на-Дону,Ессентуки,https://city2city.ru/rostov-essentuki,510,7.5,15500
Ростов-на-Дону,Гаврилов-Ям,https://city2city.ru/rostov-gavrilov-yam,1350,19.5,40500
Ростов-на-Дону,станица Голубицкая,https://city2city.ru/rostov-golubiczkaya,420,6.0,12500
Ростов-на-Дону,село Горный Щит,https://city2city.ru/rostov-gornyj,400,5.5,12000
Ростов-на-Дону,Зерноград,https://city2city.ru/rostov-gorod-zernograd,1290,18.5,38500
Ростов-на-Дону,Городовиковск,https://city2city.ru/rostov-gorodovikovsk,240,3.5,7000
Ростов-на-Дону,Горячий Ключ,https://city2city.ru/rostov-goryachij-klyuch,340,5.0,10000
Ростов-на-Дону,Грозный,https://city2city.ru/rostov-groznyj,780,11.0,23400
Ростов-на-Дону,Гулькевичи,https://city2city.ru/rostov-gulkevichi,240,3.5,7000
Ростов-на-Дону,поселок Гузерипль,https://city2city.ru/rostov-guzeripl,420,6.0,12500
Ростов-на-Дону,поселок городского типа Ильинское-Хованское,https://city2city.ru/rostov-ilinskoe-xovanskoe,1020,14.5,30500
Ростов-на-Дону,Ижевск,https://city2city.ru/rostov-izhevsk,1830,26.0,54900
Ростов-на-Дону,Йошкар-Ола,https://city2city.ru/rostov-joshkar-ola,1480,21.0,44500
Ростов-на-Дону,Калуга,https://city2city.ru/rostov-kaluga,1010,14.5,30300
Ростов-на-Дону,посёлок Каменномостский,https://city2city.ru/rostov-kamennomostskij,370,5.5,11000
Ростов-на-Дону,Камышин,https://city2city.ru/rostov-kamyshin,660,9.5,20000
Ростов-на-Дону,станица Каневская,https://city2city.ru/rostov-kanevskaya,165,2.5,5000
Ростов-на-Дону,Казань,https://city2city.ru/rostov-kazan,1500,21.5,45000
Ростов-на-Дону,Кемерово,https://city2city.ru/rostov-kemerovo,4000,57.0,120000
Ростов-на-Дону,Киров,https://city2city.ru/rostov-kirov-2,1790,25.5,53700
Ростов-на-Дону,Кисловодск,https://city2city.ru/rostov-kislovodsk,530,7.5,16000
Ростов-на-Дону,Коломна,https://city2city.ru/rostov-kolomna,1030,14.5,31000
Ростов-на-Дону,Кострома,https://city2city.ru/rostov-kostroma,1470,21.0,44000
Ростов-на-Дону,Котельниково,https://city2city.ru/rostov-kotelnikovo,340,5.0,10000
Ростов-на-Дону,Краснодар,https://city2city.ru/rostov-krasnodar,275,4.0,8200
Ростов-на-Дону,поселок городского типа Красный Луч,https://city2city.ru/rostov-krasnyj-luch,185,2.5,6100
Ростов-на-Дону,Красный Сулин,https://city2city.ru/rostov-krasnyj-sulin,120,1.5,3500
Ростов-на-Дону,станица Крыловская,https://city2city.ru/rostov-krylovskaya,120,1.5,3500
Ростов-на-Дону,село Куйбышево,https://city2city.ru/rostov-kujbyshevo,130,2.0,4000
Ростов-на-Дону,Курган,https://city2city.ru/rostov-kurgan,2440,35.0,73000
Ростов-на-Дону,станица Ленинградская,https://city2city.ru/rostov-leningradskaya,120,1.5,3500
Ростов-на-Дону,посёлок Лоо,https://city2city.ru/rostov-loo,520,7.5,15500
Ростов-на-Дону,Магнитогорск,https://city2city.ru/rostov-magnitogorsk,2040,29.0,61000
Ростов-на-Дону,Майкоп,https://city2city.ru/rostov-majkop,330,4.5,10000
Ростов-на-Дону,Майкоп,https://city2city.ru/rostov-majkop-2,330,4.5,10000
Ростов-на-Дону,село Успенка,https://city2city.ru/rostov-mapp-uspenka,120,1.5,3500
Ростов-на-Дону,хутор Максимов,https://city2city.ru/rostov-mapp-veselo-voznesenka,130,2.0,4000
Ростов-на-Дону,посёлок Матвеев Курган,https://city2city.ru/rostov-matveev-kurgan,95,1.5,4300
Ростов-на-Дону,Махачкала,https://city2city.ru/rostov-maxachkala,920,13.0,27500
Ростов-на-Дону,посёлок Мезмай,https://city2city.ru/rostov-mezmaj,410,6.0,12500
Ростов-на-Дону,Миллерово,https://city2city.ru/rostov-millerovo,225,3.0,6800
Ростов-на-Дону,станица Милютинская,https://city2city.ru/rostov-milyutinskaya,270,4.0,8000
Ростов-на-Дону,Минеральные Воды,https://city2city.ru/rostov-mineralnye-vody,480,7.0,14400
Ростов-на-Дону,Михайловка,https://city2city.ru/rostov-mixajlovka,510,7.5,15500
Ростов-на-Дону,Морозовск,https://city2city.ru/rostov-morozovsk,250,3.5,7500
Ростов-на-Дону,Москва,https://city2city.ru/rostov-moskva,1080,15.5,32400
Ростов-на-Дону,поселок городского типа Мостовской,https://city2city.ru/rostov-mostovskoj,370,5.5,11000
Ростов-на-Дону,Мурманск,https://city2city.ru/rostov-murmansk,3100,44.5,93000
Ростов-на-Дону,Муром,https://city2city.ru/rostov-murom,1130,16.0,34000
Ростов-на-Дону,Набережные Челны,https://city2city.ru/rostov-naberezhnye-chelny,1690,24.0,50700
Ростов-на-Дону,Наро-Фоминск,https://city2city.ru/rostov-naro-fominsk,1110,16.0,33500
Ростов-на-Дону,Невинномысск,https://city2city.ru/rostov-nevinnomyssk,370,5.5,11000
Ростов-на-Дону,Нижнекамск,https://city2city.ru/rostov-nizhnekamsk,1610,23.0,48500
Ростов-на-Дону,Нижний Новгород,https://city2city.ru/rostov-nizhnij-novgorod,1280,18.5,38500
Ростов-на-Дону,станица Новопокровская,https://city2city.ru/rostov-novopokrovskaya,215,3.0,6500
Ростов-на-Дону,станица Обливская,https://city2city.ru/rostov-oblivskaya,370,5.5,11000
Ростов-на-Дону,Оренбург,https://city2city.ru/rostov-orenburg,1670,24.0,50100
Ростов-на-Дону,парк Лога,https://city2city.ru/rostov-park-loga,155,2.0,5100
Ростов-на-Дону,станица Павловская,https://city2city.ru/rostov-pavlovskaya,135,2.0,4900
Ростов-на-Дону,Переславль-Залесский,https://city2city.ru/rostov-pereslavl-zalesskij,1230,17.5,37000
Ростов-на-Дону,Пермь,https://city2city.ru/rostov-perm,2130,30.5,64000
Ростов-на-Дону,Первомайск,https://city2city.ru/rostov-pervomajsk,1090,15.5,32500
Ростов-на-Дону,посёлок Первомайский,https://city2city.ru/rostov-pervomajskij,10,0.5,2000
Ростов-на-Дону,Петровск,https://city2city.ru/rostov-petrovsk,940,13.5,28000
Ростов-на-Дону,посёлок городского типа Покровское,https://city2city.ru/rostov-pokrovskoe,80,1.0,2500
Ростов-на-Дону,посёлок Орловский,https://city2city.ru/rostov-posyolok-orlovskij,265,4.0,8000
Ростов-на-Дону,посёлок городского типа Тарасовский,https://city2city.ru/rostov-posyolok-tarasovskij,190,2.5,5500
Ростов-на-Дону,посёлок Зимовники,https://city2city.ru/rostov-posyolok-zimovniki,275,4.0,8200
Ростов-на-Дону,Пролетарск,https://city2city.ru/rostov-proletarsk,220,3.0,6600
Ростов-на-Дону,Псков,https://city2city.ru/rostov-pskov,1880,27.0,56500
Ростов-на-Дону,Пятигорск,https://city2city.ru/rostov-pyatigorsk,500,7.0,15000
Ростов-на-Дону,село Ремонтное,https://city2city.ru/rostov-remontnoe,390,5.5,11500
Ростов-на-Дону,слобода Родионово-Несветайская,https://city2city.ru/rostov-rodionovo-nesvetajskaya,60,1.0,3000
Ростов-на-Дону,Ростов,https://city2city.ru/rostov-rostov-velikij,1300,18.5,39000
Ростов-на-Дону,посёлок городского типа Ровеньки,https://city2city.ru/rostov-rovenki,540,7.5,16200
Ростов-на-Дону,Рязань,https://city2city.ru/rostov-ryazan,950,13.5,28500
Ростов-на-Дону,Сальск,https://city2city.ru/rostov-salsk,185,2.5,5500
Ростов-на-Дону,Самара,https://city2city.ru/rostov-samara,1280,18.5,38400
Ростов-на-Дону,Санкт-Петербург,https://city2city.ru/rostov-sankt-peterburg,1800,25.5,54000
Ростов-на-Дону,Саранск,https://city2city.ru/rostov-saransk,1080,15.5,32500
Ростов-на-Дону,Саратов,https://city2city.ru/rostov-saratov,840,12.0,25200
Ростов-на-Дону,село Дивное,https://city2city.ru/rostov-selo-divnoe,360,5.0,11000
Ростов-на-Дону,село Дубовское,https://city2city.ru/rostov-selo-dubovskoe,300,4.5,9000
Ростов-на-Дону,село Красногвардейское,https://city2city.ru/rostov-selo-krasnogvardejskoe,230,3.5,7000
Ростов-на-Дону,село Песчанокопское,https://city2city.ru/rostov-selo-peschanokopskoe,170,2.5,5000
Ростов-на-Дону,село Яшалта,https://city2city.ru/rostov-selo-yashalta,250,3.5,7500
Ростов-на-Дону,село Заветное,https://city2city.ru/rostov-selo-zavetnoe,400,5.5,12000
Ростов-на-Дону,Семикаракорск,https://city2city.ru/rostov-semikarakorsk,120,1.5,3500
Ростов-на-Дону,слобода Кашары,https://city2city.ru/rostov-sloboda-kashary,260,3.5,8000
Ростов-на-Дону,Смоленск,https://city2city.ru/rostov-smolensk,1290,18.5,38500
Ростов-на-Дону,Сочи,https://city2city.ru/rostov-sochi,550,8.0,16500
Ростов-на-Дону,станица Багаевская,https://city2city.ru/rostov-stanicza-bagaevskaya,90,1.5,2500
Ростов-на-Дону,станица Егорлыкская,https://city2city.ru/rostov-stanicza-egorlykskaya,120,1.5,3500
Ростов-на-Дону,станица Кагальницкая,https://city2city.ru/rostov-stanicza-kagalniczkaya,55,1.0,3000
Ростов-на-Дону,станица Казанская,https://city2city.ru/rostov-stanicza-kazanskaya,370,5.5,11100
Ростов-на-Дону,станица Советская,https://city2city.ru/rostov-stanicza-sovetskaya,320,4.5,9500
Ростов-на-Дону,станица Тацинская,https://city2city.ru/rostov-stanicza-taczinskaya,240,3.5,7200
Ростов-на-Дону,станица Староминская,https://city2city.ru/rostov-starominskaya,115,1.5,3500
Ростов-на-Дону,станица Старощербиновская,https://city2city.ru/rostov-staroshherbinovskaya,145,2.0,4500
Ростов-на-Дону,Ставрополь,https://city2city.ru/rostov-stavropol,340,5.0,10200
Ростов-на-Дону,Стерлитамак,https://city2city.ru/rostov-sterlitamak,1770,25.5,53000
Ростов-на-Дону,Сызрань,https://city2city.ru/rostov-syzran,1150,16.5,34500
Аэропорт Платов,Таганрог,https://city2city.ru/rostov-taganrog,80,1.0,2500
Ростов-на-Дону,Тамбов,https://city2city.ru/rostov-tambov,750,10.5,22500
Ростов-на-Дону,Темрюк,https://city2city.ru/rostov-temryuk,410,6.0,12500
Ростов-на-Дону,Тольятти,https://city2city.ru/rostov-tolyatti,1260,18.0,38000
Ростов-на-Дону,Туапсе,https://city2city.ru/rostov-tuapse,430,6.0,13000
Ростов-на-Дону,Туймазы,https://city2city.ru/rostov-tujmazy,1568,22.5,47000
Ростов-на-Дону,Тула,https://city2city.ru/rostov-tula,920,13.0,27600
Ростов-на-Дону,Тверь,https://city2city.ru/rostov-tver,1270,18.0,38000
Ростов-на-Дону,Тюмень,https://city2city.ru/rostov-tyumen,2520,36.0,75500
Ростов-на-Дону,Уфа,https://city2city.ru/rostov-ufa,1750,25.0,52500
Ростов-на-Дону,Углич,https://city2city.ru/rostov-uglich,1360,19.5,41000
Ростов-на-Дону,Ульяновск,https://city2city.ru/rostov-ulyanovsk,1300,18.5,39000
Ростов-на-Дону,посёлок городского типа Усть-Донецкий,https://city2city.ru/rostov-ust-doneczkij,140,2.0,5000
Ростов-на-Дону,Великий Новгород,https://city2city.ru/rostov-velikij-novgorod,1650,23.5,49500
Ростов-на-Дону,Владикавказ,https://city2city.ru/rostov-vladikavkaz,700,10.0,21000
Ростов-на-Дону,Владимир,https://city2city.ru/rostov-vladimir,1250,18.0,37500
Аэропорт Платов,Волгодонск,https://city2city.ru/rostov-volgodonsk,240,3.5,7200
Ростов-на-Дону,Волгоград,https://city2city.ru/rostov-volgograd,470,6.5,14000
Ростов-на-Дону,Воронеж,https://city2city.ru/rostov-voronezh,580,8.5,17400
Ростов-на-Дону,станица Вешенская,https://city2city.ru/rostov-vyoshenskaya,360,5.0,11000
Ростов-на-Дону,станица Выселки,https://city2city.ru/rostov-vyselki,140,2.0,4000
Ростов-на-Дону,Ялта,https://city2city.ru/rostov-yalta,760,11.0,23000
Ростов-на-Дону,Ярославль,https://city2city.ru/rostov-yaroslavl,1340,19.0,40000
Ростов-на-Дону,Зеленокумск,https://city2city.ru/rostov-zelenokumsk,550,8.0,16500
Ростов-на-Дону,Железноводск,https://city2city.ru/rostov-zheleznovodsk,490,7.0,14500
Ростов-на-Дону,Зверево,https://city2city.ru/rostov-zverevo,120,1.5,3500
Рязань,рабочий посёлок Александро-Невский,https://city2city.ru/ryazan-aleksandro-nevskij,145,2.0,5200
Рязань,Анапа,https://city2city.ru/ryazan-anapa,1380,19.5,41400
Рязань,Астрахань,https://city2city.ru/ryazan-astraxan,1250,18.0,37500
Рязань,Богородицк,https://city2city.ru/ryazan-bogorodiczk,175,2.5,5000
Рязань,Бронницы,https://city2city.ru/ryazan-bronniczy,145,2.0,4500
Рязань,Брянск,https://city2city.ru/ryazan-bryansk,535,7.5,16000
Рязань,Чаплыгин,https://city2city.ru/ryazan-chaplygin,185,2.5,5500
Рязань,Чебоксары,https://city2city.ru/ryazan-cheboksary,650,9.5,19500
Рязань,Чехов,https://city2city.ru/ryazan-chexov,210,3.0,6500
Рязань,рабочий посёлок Чучково,https://city2city.ru/ryazan-chuchkovo,160,2.5,5300
Рязань,посёлок городского типа Дальнее Константиново,https://city2city.ru/ryazan-dalnee-konstantinovo,440,6.5,13000
Рязань,Ефремов,https://city2city.ru/ryazan-efremov,255,3.5,7500
Рязань,Егорьевск,https://city2city.ru/ryazan-egorevsk,130,2.0,4700
Рязань,Екатеринбург,https://city2city.ru/ryazan-ekaterinburg,1605,23.0,48000
Рязань,поселок городского типа Елатьма,https://city2city.ru/ryazan-elatma,195,3.0,6000
Рязань,Электросталь,https://city2city.ru/ryazan-elektrostal,190,2.5,5500
Рязань,рабочий посёлок Ермишь,https://city2city.ru/ryazan-ermish,260,3.5,8000
Рязань,посёлок городского типа Фёдоровский,https://city2city.ru/ryazan-fyodorovskij,790,11.5,23500
Рязань,Геленджик,https://city2city.ru/ryazan-gelendzhik,1390,20.0,41500
Рязань,52А-3,https://city2city.ru/ryazan-granicza-kazaxstan,1000,14.5,30000
Рязань,река Старая Граница,https://city2city.ru/ryazan-granicza-ukraina,650,9.5,19500
Рязань,Грязи,https://city2city.ru/ryazan-gryazi,290,4.0,8500
Рязань,Гусь-Хрустальный,https://city2city.ru/ryazan-gus-xrustalnyj,165,2.5,5400
Рязань,посёлок городского типа Гусь-Железный,https://city2city.ru/ryazan-gus-zheleznyj,150,2.0,4500
Рязань,Иваново,https://city2city.ru/ryazan-ivanovo,350,5.0,10500
Рязань,рабочий посёлок Кадом,https://city2city.ru/ryazan-kadom,265,4.0,8000
Рязань,Кашира,https://city2city.ru/ryazan-kashira,135,2.0,4000
Рязань,Касимов,https://city2city.ru/ryazan-kasimov,165,2.5,5400
Рязань,Кимовск,https://city2city.ru/ryazan-kimovsk,125,2.0,4000
Рязань,Киров,https://city2city.ru/ryazan-kirov,1020,14.5,30500
Рязань,Коломна,https://city2city.ru/ryazan-kolomna,95,1.5,4300
Рязань,Кораблино,https://city2city.ru/ryazan-korablino,100,1.5,3600
Рязань,Кострома,https://city2city.ru/ryazan-kostroma,460,6.6,14000
Рязань,Котельники,https://city2city.ru/ryazan-kotelniki,180,2.5,5500
Рязань,Кулебаки,https://city2city.ru/ryazan-kulebaki,311,4.5,9300
Рязань,Куровское,https://city2city.ru/ryazan-kurovskoe,160,2.5,5000
Рязань,Курск,https://city2city.ru/ryazan-kursk,530,7.5,15900
Рязань,Лесной,https://city2city.ru/ryazan-lesnoj,85,1.0,3800
Рязань,Липецк,https://city2city.ru/ryazan-lipeczk,265,4.0,8000
Рязань,Луховицы,https://city2city.ru/ryazan-luxoviczy,65,1.0,3000
Рязань,Меленки,https://city2city.ru/ryazan-melenki,215,3.0,6500
Рязань,рабочий посёлок Милославское,https://city2city.ru/ryazan-miloslavskoe,135,2.0,4900
Рязань,Михайлов,https://city2city.ru/ryazan-mixajlov,190,2.5,5500
Рязань,Моршанск,https://city2city.ru/ryazan-morshansk,245,3.5,7400
Рязань,Муром,https://city2city.ru/ryazan-murom,255,3.5,7500
Рязань,Нижний Новгород,https://city2city.ru/ryazan-nizhnij-novgorod,420,6.0,12500
Рязань,Новомичуринск,https://city2city.ru/ryazan-novomichurinsk,80,1.0,3600
Рязань,Новомосковск,https://city2city.ru/ryazan-novomoskovsk,135,2.0,4900
Рязань,Орехово-Зуево,https://city2city.ru/ryazan-orexovo-zuevo,195,3.0,6000
Рязань,Орёл,https://city2city.ru/ryazan-oryol,360,5.0,11000
Рязань,Озёры,https://city2city.ru/ryazan-ozyory,105,1.5,3000
Рязань,рабочий посёлок Панино,https://city2city.ru/ryazan-panino,145,2.0,4500
Рязань,поселок городского типа Павелец,https://city2city.ru/ryazan-pavelecz,125,2.0,4000
Рязань,Пенза,https://city2city.ru/ryazan-penza,445,6.5,13500
Рязань,Пермь,https://city2city.ru/ryazan-perm,1375,19.5,41000
Рязань,Пителино,https://city2city.ru/ryazan-pitelino,230,3.5,7000
Рязань,Подольск,https://city2city.ru/ryazan-podolsk,200,3.0,6000
Рязань,рабочий посёлок Пронск,https://city2city.ru/ryazan-pronsk,65,1.0,3000
Рязань,Псков,https://city2city.ru/ryazan-pskov,1000,14.5,30000
Рязань,Раменское,https://city2city.ru/ryazan-ramenskoe,160,2.5,5000
Рязань,Ростов-на-Дону,https://city2city.ru/ryazan-rostov-na-donu,950,13.5,28500
Рязань,Ряжск,https://city2city.ru/ryazan-ryazhsk,115,1.5,3500
Рязань,Санкт-Петербург,https://city2city.ru/ryazan-sankt-peterburg,905,13.0,27200
Рязань,рабочий посёлок Сапожок,https://city2city.ru/ryazan-sapozhok,140,2.0,5000
Рязань,рабочий посёлок Сараи,https://city2city.ru/ryazan-sarai,175,2.5,5800
Рязань,Саранск,https://city2city.ru/ryazan-saransk,445,6.5,13500
Рязань,Сасово,https://city2city.ru/ryazan-sasovo,205,3.0,6200
Рязань,Сергиев Посад,https://city2city.ru/ryazan-sergiev-posad,280,4.0,8500
Рязань,Серпухов,https://city2city.ru/ryazan-serpuxov,205,3.0,6000
Рязань,Шацк,https://city2city.ru/ryazan-shaczk,165,2.5,5400
Рязань,Шатура,https://city2city.ru/ryazan-shatura,155,2.0,4500
Рязань,рабочий посёлок Шилово,https://city2city.ru/ryazan-shilovo,105,1.5,3800
Рязань,Скопин,https://city2city.ru/ryazan-skopin,100,1.5,3600
Рязань,Смоленск,https://city2city.ru/ryazan-smolensk,590,8.5,17700
Рязань,Сочи,https://city2city.ru/ryazan-sochi,1500,21.5,45000
Рязань,посёлок городского типа Сосновый Бор,https://city2city.ru/ryazan-sosnovyj-bor,30,0.5,2000
Рязань,Спас-Клепики,https://city2city.ru/ryazan-spas-klepiki,75,1.0,3400
Рязань,Спасск-Рязанский,https://city2city.ru/ryazan-spassk-ryazanskij,280,4.0,8500
Рязань,Старица,https://city2city.ru/ryazan-staricza,450,6.5,13500
Рязань,рабочий посёлок Старожилово,https://city2city.ru/ryazan-starozhilovo,55,1.0,3000
Рязань,Ставрополь,https://city2city.ru/ryazan-stavropol,1285,18.5,38500
Рязань,Строитель,https://city2city.ru/ryazan-stroitel,15,0.5,2000
Рязань,Ступино,https://city2city.ru/ryazan-stupino,150,2.0,4500
Рязань,Тамбов,https://city2city.ru/ryazan-tambov,280,4.0,8400
Рязань,посёлок городского типа Торбеево,https://city2city.ru/ryazan-torbeevo,290,4.0,8500
Рязань,Тула,https://city2city.ru/ryazan-tula,180,2.5,5500
Рязань,посёлок городского типа Тума,https://city2city.ru/ryazan-tuma,105,1.5,3800
Рязань,Тверь,https://city2city.ru/ryazan-tver,375,5.5,11000
Рязань,Уфа,https://city2city.ru/ryazan-ufa,1270,18.0,38000
Рязань,Ульяновск,https://city2city.ru/ryazan-ulyanovsk,770,11.0,23100
Рязань,рабочий посёлок Ухолово,https://city2city.ru/ryazan-uxolovo,125,2.0,4500
Рязань,Узловая,https://city2city.ru/ryazan-uzlovaya,150,2.0,4500
Рязань,Владимир,https://city2city.ru/ryazan-vladimir,235,3.5,7000
Рязань,Волгоград,https://city2city.ru/ryazan-volgograd,800,11.5,24000
Рязань,Воронеж,https://city2city.ru/ryazan-voronezh,390,5.5,11500
Рязань,Воскресенск,https://city2city.ru/ryazan-voskresensk,130,2.0,4000
Рязань,Химки,https://city2city.ru/ryazan-ximki,230,3.5,7000
Рязань,Ярославль,https://city2city.ru/ryazan-yaroslavl,465,6.5,14000
Рязань,Ясногорск,https://city2city.ru/ryazan-yasnogorsk,190,2.5,5500
Рязань,Зарайск,https://city2city.ru/ryazan-zarajsk,75,1.0,2000
Рязань,посёлок городского типа Зубова Поляна,https://city2city.ru/ryazan-zubova-polyana,255,3.5,7500
Самара,Абдулино,https://city2city.ru/samara-abdulino,280,4.0,8400
Самара,Адлер,https://city2city.ru/samara-adler,1830,26.0,55000
Самара,Агрыз,https://city2city.ru/samara-agryz,520,7.5,15500
Самара,село Новое Аксубаево,https://city2city.ru/samara-aksubaevo,240,3.5,7000
Самара,посёлок городского типа Актюбинский,https://city2city.ru/samara-aktyubinskij,300,4.5,9000
Самара,село Алексеевка,https://city2city.ru/samara-alekseevka,55,1.0,2000
Самара,Альметьевск,https://city2city.ru/samara-almetevsk,300,4.5,9000
Самара,село Илек,https://city2city.ru/samara-app-ilek,390,5.5,11500
Самара,Астрахань,https://city2city.ru/samara-astraxan,1230,17.5,36900
Самара,Азнакаево,https://city2city.ru/samara-aznakaevo,300,4.5,9000
Самара,Баймак,https://city2city.ru/samara-bajmak,720,10.5,21500
Самара,Балаково,https://city2city.ru/samara-balakovo,260,3.5,8000
Самара,Балашов,https://city2city.ru/samara-balashov,630,9.0,19000
Самара,Барыш,https://city2city.ru/samara-barysh,310,4.5,9500
Самара,Бавлы,https://city2city.ru/samara-bavly,265,4.0,8000
Самара,Белебей,https://city2city.ru/samara-belebej,360,5.0,10800
Самара,Белгород,https://city2city.ru/samara-belgorod,1195,17.0,36000
Самара,посёлок городского типа Безенчук,https://city2city.ru/samara-bezenchuk,85,1.0,2500
Самара,Болгар,https://city2city.ru/samara-bolgar,265,4.0,8000
Самара,Бугульма,https://city2city.ru/samara-bugulma,260,3.5,7800
Самара,,https://city2city.ru/samara-buguruslan,180,2.5,5900
Самара,Бузулук,https://city2city.ru/samara-buzuluk,170,2.5,5600
Самара,Чапаевск,https://city2city.ru/samara-chapaevsk,45,1.0,3000
Самара,Чебаркуль,https://city2city.ru/samara-chebarkul,800,11.5,24000
Самара,,https://city2city.ru/samara-cheboksary,475,7.0,14200
Самара,Челябинск,https://city2city.ru/samara-chelyabinsk,870,12.5,26000
Самара,посёлок городского типа Чердаклы,https://city2city.ru/samara-cherdakly,205,3.0,6000
Самара,Димитровград,https://city2city.ru/samara-dimitrovgrad,150,2.0,4500
Самара,село Дмитриевка,https://city2city.ru/samara-dmitrievka,65,1.0,2000
Самара,посёлок городского типа Духовницкое,https://city2city.ru/samara-duxovniczkoe,255,3.5,7500
Самара,Джанкой,https://city2city.ru/samara-dzhankoj,1800,25.5,54000
Самара,Екатеринбург,https://city2city.ru/samara-ekaterinburg,905,13.0,27200
Самара,Ершов,https://city2city.ru/samara-ershov,300,4.5,9000
Самара,Геленджик,https://city2city.ru/samara-gelendzhik,1690,24.0,50500
Самара,Глазов,https://city2city.ru/samara-glazov,725,10.5,21800
Самара,52А-3,https://city2city.ru/samara-granicza-kazaxstan,310,4.5,9300
Самара,М-3 Украина,https://city2city.ru/samara-granicza-ukraina,1100,15.5,33000
Самара,Инсар,https://city2city.ru/samara-insar,557,8.0,16700
Самара,Инза,https://city2city.ru/samara-inza,370,5.5,11000
Самара,Иваново,https://city2city.ru/samara-ivanovo,920,13.0,27600
Самара,Ивантеевка,https://city2city.ru/samara-ivanteevka,1100,15.5,33000
Самара,Ижевск,https://city2city.ru/samara-izhevsk,555,8.0,16600
Самара,Йошкар-Ола,https://city2city.ru/samara-joshkar-ola,525,7.5,16000
Самара,Камышин,https://city2city.ru/samara-kamyshin,620,9.0,18500
Самара,Казань,https://city2city.ru/samara-kazan,365,5.0,11000
Самара,Кинель,https://city2city.ru/samara-kinel,45,0.5,2000
Самара,Киров,https://city2city.ru/samara-kirov,770,11.0,23100
Самара,Кумертау,https://city2city.ru/samara-kumertau,540,7.5,16000
Самара,Курск,https://city2city.ru/samara-kursk,1155,16.5,34600
Самара,Кузнецк,https://city2city.ru/samara-kuzneck,330,4.5,10000
Самара,рабочий посёлок Кузоватово,https://city2city.ru/samara-kuzovatovo,245,3.5,7500
Самара,Лениногорск,https://city2city.ru/samara-leninogorsk,280,4.0,8400
Самара,Липецк,https://city2city.ru/samara-lipeczk,860,12.5,25800
Самара,Магнитогорск,https://city2city.ru/samara-magnitogorsk,780,11.0,23500
Самара,село Погодаево,https://city2city.ru/samara-mapp-mashtakovo,310,4.5,9300
Самара,Мелеуз,https://city2city.ru/samara-meleuz,560,8.0,17000
Самара,Миасс,https://city2city.ru/samara-miass,780,11.0,23500
Самара,Мирный,https://city2city.ru/samara-mirnyj,5600,80.0,168000
Самара,Москва,https://city2city.ru/samara-moskva,1095,15.5,33000
Самара,Набережные Челны,https://city2city.ru/samara-naberezhnye-chelny,390,5.5,11700
Самара,Наро-Фоминск,https://city2city.ru/samara-naro-fominsk,1170,16.5,35000
Самара,Нефтегорск,https://city2city.ru/samara-neftegorsk,100,1.5,3000
Самара,Нефтекамск,https://city2city.ru/samara-neftekamsk,550,8.0,16500
Самара,деревня Николаевка,https://city2city.ru/samara-nikolaevka,270,4.0,8000
Самара,Нижнекамск,https://city2city.ru/samara-nizhnekamsk,360,5.0,10800
Самара,Нижневартовск,https://city2city.ru/samara-nizhnevartovsk,2260,32.5,68000
Самара,Нижний Новгород,https://city2city.ru/samara-nizhnij-novgorod,700,10.0,21000
Самара,поселок городского типа Новая Майна,https://city2city.ru/samara-novaya-majna,140,2.0,4000
Самара,Новокуйбышевск,https://city2city.ru/samara-novokuybyshevsk,20,1.0,3000
Самара,поселок городского типа Новосемейкино,https://city2city.ru/samara-novosemejkino,35,0.5,2000
Самара,посёлок городского типа Новоспасское,https://city2city.ru/samara-novospasskoe,245,3.5,7500
Самара,село Нурлаты,https://city2city.ru/samara-nurlat,180,2.5,5900
Самара,Октябрьск,https://city2city.ru/samara-oktyabrsk,160,2.5,5300
Самара,Октябрьский,https://city2city.ru/samara-oktyabrskiy,280,4.0,8400
Самара,Оренбург,https://city2city.ru/samara-orenburg,415,6.0,12400
Самара,Орск,https://city2city.ru/samara-orsk,700,10.0,21000
Самара,поселок городского типа Осинки,https://city2city.ru/samara-osinki,70,1.0,2000
Самара,Отрадный,https://city2city.ru/samara-otradnyj,95,1.5,3000
Самара,рабочий посёлок Озинки,https://city2city.ru/samara-ozinki,410,6.0,12500
Самара,посёлок городского типа Павловка,https://city2city.ru/samara-pavlovka,400,5.5,12000
Самара,Пенза,https://city2city.ru/samara-penza,420,6.0,12600
Самара,Пермь,https://city2city.ru/samara-perm,870,12.5,26100
Самара,Первомайский проспект,https://city2city.ru/samara-pervomajskij-2,110,1.5,4000
Самара,Похвистнево,https://city2city.ru/samara-poxvistnevo,155,2.0,5100
Самара,поселок городского типа Приютово,https://city2city.ru/samara-priyutovo,410,6.0,12500
Самара,Пугачёв,https://city2city.ru/samara-pugachyov,180,2.5,5900
Самара,поселок городского типа Рощинский,https://city2city.ru/samara-roshhinskij,40,1.0,3000
Самара,Россошь,https://city2city.ru/samara-rossosh,1000,14.5,30000
Самара,Ростов-на-Дону,https://city2city.ru/samara-rostov-na-donu,1250,18.0,37500
Самара,Рязань,https://city2city.ru/samara-ryazan,865,12.5,26000
Самара,Салават,https://city2city.ru/samara-salavat,530,7.5,16000
Самара,Санкт-Петербург,https://city2city.ru/samara-sankt-peterburg,1790,25.5,53700
Самара,Саранск,https://city2city.ru/samara-saransk,480,7.0,14400
Самара,Сарапул,https://city2city.ru/samara-sarapul,580,8.5,17500
Самара,Саратов,https://city2city.ru/samara-saratov,410,6.0,12300
Самара,село Грачёвка,https://city2city.ru/samara-selo-grachyovka,660,9.5,20000
Самара,Севастополь,https://city2city.ru/samara-sevastopol,2060,29.5,62000
Самара,Сибай,https://city2city.ru/samara-sibaj,740,10.5,22200
Самара,Сочи,https://city2city.ru/samara-sochi,1795,25.5,54000
Самара,Соль-Илецк,https://city2city.ru/samara-sol-ileczk,490,7.0,14700
Самара,Сорочинск,https://city2city.ru/samara-sorochinsk,250,3.5,7500
Самара,посёлок городского типа Старая Кулатка,https://city2city.ru/samara-staraya-kulatka,300,4.5,9000
Самара,Ставрополь,https://city2city.ru/samara-stavropol,1365,19.5,41000
Самара,Стерлитамак,https://city2city.ru/samara-sterlitamak,525,7.5,15800
Самара,Сургут,https://city2city.ru/samara-surgut,2035,29.0,61000
Самара,поселок городского типа Суходол,https://city2city.ru/samara-suxodol,115,1.5,4100
Самара,Сызрань,https://city2city.ru/samara-syzran,170,2.5,5600
Самара,Тамбов,https://city2city.ru/samara-tambov,710,10.0,21500
Самара,Тольятти,https://city2city.ru/samara-tolyatti,90,1.5,4000
Самара,Туймазы,https://city2city.ru/samara-tujmazy,300,4.5,9000
Самара,Тула,https://city2city.ru/samara-tula,1265,18.0,38000
Самара,Тверь,https://city2city.ru/samara-tver,1270,18.0,38000
Самара,село Учалы,https://city2city.ru/samara-uchaly,800,11.5,24000
Самара,Уфа,https://city2city.ru/samara-ufa,460,6.5,13800
Самара,Ульяновск,https://city2city.ru/samara-ulyanovsk,240,3.5,7200
Самара,Уральск,https://city2city.ru/samara-uralsk,290,4.0,8700
Самара,поселок городского типа Уруссу,https://city2city.ru/samara-urussu,295,4.0,9000
Самара,Усинск,https://city2city.ru/samara-usinsk,1960,28.0,59000
Самара,Волгоград,https://city2city.ru/samara-volgograd,805,11.5,24200
Самара,Вольск,https://city2city.ru/samara-volsk,310,4.5,9500
Самара,Волжский,https://city2city.ru/samara-volzhskij,800,11.5,24000
Самара,Воронеж,https://city2city.ru/samara-voronezh,930,13.5,27900
Самара,Хвалынск,https://city2city.ru/samara-xvalynsk,300,4.5,9000
Самара,рабочий поселок Южный,https://city2city.ru/samara-yuzhnyj,140,2.0,4000
Самара,Заинск,https://city2city.ru/samara-zainsk,340,5.0,10000
Санкт-Петербург,Анапа,https://city2city.ru/sankt-peterburg-anapa,2220,31.5,66500
Санкт-Петербург,Апатиты,https://city2city.ru/sankt-peterburg-apatity,1210,17.5,36300
Санкт-Петербург,Белгород,https://city2city.ru/sankt-peterburg-belgorod,1375,19.5,41000
Санкт-Петербург,Боровичи,https://city2city.ru/sankt-peterburg-borovichi,320,4.5,9500
Санкт-Петербург,Чебоксары,https://city2city.ru/sankt-peterburg-cheboksary,1360,19.5,41000
Санкт-Петербург,Челябинск,https://city2city.ru/sankt-peterburg-chelyabinsk,2450,35.0,73500
Санкт-Петербург,посёлок городского типа Дедовичи,https://city2city.ru/sankt-peterburg-dedovichi,330,4.5,10000
Санкт-Петербург,Екатеринбург,https://city2city.ru/sankt-peterburg-ekaterinburg,2360,33.5,70800
Санкт-Петербург,Ивангород,https://city2city.ru/sankt-peterburg-ivangorod,155,2.0,5100
Санкт-Петербург,Ижевск,https://city2city.ru/sankt-peterburg-izhevsk,1880,27.0,56500
Санкт-Петербург,Калуга,https://city2city.ru/sankt-peterburg-kaluga,855,12.0,25600
Санкт-Петербург,Кандалакша,https://city2city.ru/sankt-peterburg-kandalaksha,1110,16.0,33500
Санкт-Петербург,Казань,https://city2city.ru/sankt-peterburg-kazan,1510,21.5,45300
Санкт-Петербург,Кириши,https://city2city.ru/sankt-peterburg-kirishi,170,2.5,5000
Санкт-Петербург,Кострома,https://city2city.ru/sankt-peterburg-kostroma,865,12.5,26000
Санкт-Петербург,деревня Койдула,https://city2city.ru/sankt-peterburg-kpp-kunichnaya-gora,350,5.0,10500
Санкт-Петербург,деревня Горланово,https://city2city.ru/sankt-peterburg-kpp-shumilkino,360,5.0,10800
Санкт-Петербург,деревня Уболенка,https://city2city.ru/sankt-peterburg-kpp-ubylinka,410,6.0,12300
Санкт-Петербург,Курган,https://city2city.ru/sankt-peterburg-kurgan,2730,39.0,82000
Санкт-Петербург,Курск,https://city2city.ru/sankt-peterburg-kursk,1235,17.5,37000
Санкт-Петербург,городской посёлок Кузнечное,https://city2city.ru/sankt-peterburg-kuznechnoe,180,2.5,5500
Санкт-Петербург,Лахденпохья,https://city2city.ru/sankt-peterburg-laxdenpoxya,235,3.5,7000
Санкт-Петербург,поселок городского типа Любытино,https://city2city.ru/sankt-peterburg-lyubytino,310,4.5,9500
Санкт-Петербург,Магнитогорск,https://city2city.ru/sankt-peterburg-magnitogorsk,2365,34.0,71000
Санкт-Петербург,Москва,https://city2city.ru/sankt-peterburg-moskva,705,10.0,21200
Санкт-Петербург,Мурманск,https://city2city.ru/sankt-peterburg-murmansk,1345,19.0,40500
Санкт-Петербург,рабочий посёлок Неболчи,https://city2city.ru/sankt-peterburg-nebolchi,350,5.0,10500
Санкт-Петербург,Нижний Новгород,https://city2city.ru/sankt-peterburg-nizhnij-novgorod,1140,16.5,34200
Санкт-Петербург,деревня Окуловка,https://city2city.ru/sankt-peterburg-okulovka,285,4.0,8600
Санкт-Петербург,Орск,https://city2city.ru/sankt-peterburg-orsk,2470,35.5,74000
Санкт-Петербург,Пермь,https://city2city.ru/sankt-peterburg-perm,2205,31.5,66000
Санкт-Петербург,деревня Пестово,https://city2city.ru/sankt-peterburg-pestovo,440,6.5,13000
Санкт-Петербург,Петрозаводск,https://city2city.ru/sankt-peterburg-petrozavodsk,430,6.0,12900
Санкт-Петербург,Питкяранта,https://city2city.ru/sankt-peterburg-pitkyaranta,350,5.0,10500
Санкт-Петербург,Порхов,https://city2city.ru/sankt-peterburg-porxov,800,11.5,24000
Санкт-Петербург,Псков,https://city2city.ru/sankt-peterburg-pskov,295,4.0,9000
Санкт-Петербург,рабочий посёлок Пушкинские Горы,https://city2city.ru/sankt-peterburg-pushkinskie-gory,400,5.5,12000
Санкт-Петербург,Ростов-на-Дону,https://city2city.ru/sankt-peterburg-rostov-na-don,1790,25.5,53700
Санкт-Петербург,Рязань,https://city2city.ru/sankt-peterburg-ryazan,910,13.0,27500
Санкт-Петербург,Рыбинск,https://city2city.ru/sankt-peterburg-rybinsk,750,10.5,22500
Санкт-Петербург,Самара,https://city2city.ru/sankt-peterburg-samara,1790,25.5,53700
Санкт-Петербург,Саранск,https://city2city.ru/sankt-peterburg-saransk,1330,19.0,40000
Санкт-Петербург,Саратов,https://city2city.ru/sankt-peterburg-saratov,1565,22.5,47000
Санкт-Петербург,Сегежа,https://city2city.ru/sankt-peterburg-segezha,680,9.5,20500
Санкт-Петербург,Севастополь,https://city2city.ru/sankt-peterburg-sevastopol,2485,35.5,74600
Санкт-Петербург,Симферополь,https://city2city.ru/sankt-peterburg-simferopol,2510,36.0,75500
Санкт-Петербург,Смоленск,https://city2city.ru/sankt-peterburg-smolensk,785,11.0,23600
Санкт-Петербург,Сочи,https://city2city.ru/sankt-peterburg-sochi,2340,33.5,70200
Санкт-Петербург,Сортавала,https://city2city.ru/sankt-peterburg-sortavala,275,4.0,8200
Санкт-Петербург,Светлогорск,https://city2city.ru/sankt-peterburg-svetlogorsk,1060,15.0,32000
Санкт-Петербург,Сыктывкар,https://city2city.ru/sankt-peterburg-syktyvkar,1505,21.5,45000
Санкт-Петербург,Тамбов,https://city2city.ru/sankt-peterburg-tambov,1170,16.5,35100
Санкт-Петербург,Тула,https://city2city.ru/sankt-peterburg-tula,890,12.5,26700
Санкт-Петербург,Тверь,https://city2city.ru/sankt-peterburg-tver,540,7.5,16200
Санкт-Петербург,Тюмень,https://city2city.ru/sankt-peterburg-tyumen,2690,38.5,80500
Санкт-Петербург,Удомля,https://city2city.ru/sankt-peterburg-udomlya,460,6.5,14000
Санкт-Петербург,Уфа,https://city2city.ru/sankt-peterburg-ufa,2025,29.0,60800
Санкт-Петербург,посёлок городского типа Уразово,https://city2city.ru/sankt-peterburg-urazovo,1490,21.5,44700
Санкт-Петербург,Валуйки,https://city2city.ru/sankt-peterburg-valujki,1480,21.0,44400
Санкт-Петербург,Великий Новгород,https://city2city.ru/sankt-peterburg-velikij-novgorod,195,3.0,6400
Санкт-Петербург,Вологда,https://city2city.ru/sankt-peterburg-vologda,660,9.5,20000
Санкт-Петербург,Воронеж,https://city2city.ru/sankt-peterburg-voronezh,1230,17.5,37000
Санкт-Петербург,городской посёлок Вознесенье,https://city2city.ru/sankt-peterburg-voznesene,2180,31.0,65500
Санкт-Петербург,деревня Хвойная,https://city2city.ru/sankt-peterburg-xvojnaya,400,5.5,12000
Саранск,Алатырь,https://city2city.ru/saransk-alatyr,160,2.5,5300
Саранск,Ардатов,https://city2city.ru/saransk-ardatov-mordoviya,225,3.0,7000
Саранск,Арзамас,https://city2city.ru/saransk-arzamas,180,2.5,5500
Саранск,село Атяшево,https://city2city.ru/saransk-atyashevo,85,1.0,3800
Саранск,Березники,https://city2city.ru/saransk-berezniki,1290,18.5,38500
Саранск,посёлок городского типа Чамзинка,https://city2city.ru/saransk-chamzinka,55,1.0,3000
Саранск,Чебоксары,https://city2city.ru/saransk-cheboksary,325,4.5,9800
Саранск,Димитровград,https://city2city.ru/saransk-dimitrovgrad,320,4.5,9500
Саранск,52А-3,https://city2city.ru/saransk-granicza-kazaxstan,700,10.0,21000
Саранск,Инсар,https://city2city.ru/saransk-insar,85,1.0,2500
Саранск,Инза,https://city2city.ru/saransk-inza,110,1.5,3500
Саранск,посёлок городского типа Исса,https://city2city.ru/saransk-issa,60,1.0,2000
Саранск,рабочий посёлок Кадошкино,https://city2city.ru/saransk-kadoshkino,85,1.0,3800
Саранск,Казань,https://city2city.ru/saransk-kazan,420,6.0,12500
Саранск,Киров,https://city2city.ru/saransk-kirov,715,10.0,21400
Саранск,рабочий посёлок Комсомольский,https://city2city.ru/saransk-komsomolskij,530,7.5,16000
Саранск,Ковылкино,https://city2city.ru/saransk-kovylkino,110,1.5,3500
Саранск,Краснослободск,https://city2city.ru/saransk-krasnoslobodsk,105,1.5,3000
Саранск,Лукоянов,https://city2city.ru/saransk-lukoyanov,115,1.5,3500
Саранск,рабочий посёлок Луховка,https://city2city.ru/saransk-luxovka,2920,41.5,87500
Саранск,Москва,https://city2city.ru/saransk-moskva,635,9.0,19000
Саранск,Мытищи,https://city2city.ru/saransk-mytishhi,640,9.0,19200
Саранск,Нижний Новгород,https://city2city.ru/saransk-nizhnij-novgorod,285,4.0,8500
Саранск,Оренбург,https://city2city.ru/saransk-orenburg,885,12.5,26500
Саранск,посёлок городского типа Озёрный,https://city2city.ru/saransk-ozyornyj,3100,44.5,93000
Саранск,Пенза,https://city2city.ru/saransk-penza,150,2.0,5000
Саранск,Починок,https://city2city.ru/saransk-pochinok,1050,15.0,31500
Саранск,посёлок Комсомольский,https://city2city.ru/saransk-posyolok-komsomolskij,60,1.0,2000
Саранск,посёлок городского типа Потьма,https://city2city.ru/saransk-potma,205,3.0,6000
Саранск,село Рузаевка,https://city2city.ru/saransk-ruzaevka,25,0.5,2000
Саранск,Самара,https://city2city.ru/saransk-samara,480,7.0,14400
Саранск,Санкт-Петербург,https://city2city.ru/saransk-sankt-peterburg,1325,19.0,40000
Саранск,Саров,https://city2city.ru/saransk-sarov,180,2.5,5500
Саранск,Сергач,https://city2city.ru/saransk-sergach,190,2.5,5500
Саранск,рабочий посёлок Шатки,https://city2city.ru/saransk-shatki,145,2.0,4500
Саранск,Соль-Илецк,https://city2city.ru/saransk-sol-ileczk,938,13.5,28100
Саранск,рабочий посёлок Сура,https://city2city.ru/saransk-sura,70,1.0,2000
Саранск,рабочий посёлок Сурское,https://city2city.ru/saransk-surskoe,115,1.5,3500
Саранск,Темников,https://city2city.ru/saransk-temnikov,165,2.5,5400
Саранск,Тольятти,https://city2city.ru/saransk-tolyatti,410,6.0,12500
Саранск,посёлок городского типа Торбеево,https://city2city.ru/saransk-torbeevo,165,2.5,5000
Саранск,Ульяновск,https://city2city.ru/saransk-ulyanovsk,229,3.5,6900
Саранск,Волгоград,https://city2city.ru/saransk-volgograd,710,10.0,21500
Саранск,рабочий посёлок Ялга,https://city2city.ru/saransk-yalga,10,0.5,2000
Саранск,рабочий посёлок Явас,https://city2city.ru/saransk-yavas,190,2.5,5500
Саранск,посёлок городского типа Зубова Поляна,https://city2city.ru/saransk-zubova-polyana,205,3.0,6200
Саратов,Адлер,https://city2city.ru/saratov-adler,1430,20.5,43000
Саратов,село Алексеевка,https://city2city.ru/saratov-alekseevka,450,6.5,13500
Саратов,Стурскуг,https://city2city.ru/saratov-app-borisoglebsk,2900,41.5,87000
Саратов,село Алимбетовка,https://city2city.ru/saratov-app-orsk,1100,15.5,33000
Саратов,рабочий посёлок Озинки,https://city2city.ru/saratov-app-ozinki,340,5.0,10200
Саратов,Аркадак,https://city2city.ru/saratov-arkadak,240,3.5,7000
Саратов,Астрахань,https://city2city.ru/saratov-astraxan,810,11.5,24500
Саратов,Аткарск,https://city2city.ru/saratov-atkarsk,100,1.5,3000
Саратов,Балаково,https://city2city.ru/saratov-balakovo,165,2.5,5000
Саратов,Балашов,https://city2city.ru/saratov-balashov,215,3.0,6400
Саратов,посёлок городского типа Базарный Карабулак,https://city2city.ru/saratov-bazarnyj-karabulak,105,1.5,3800
Саратов,рабочий посёлок Беково,https://city2city.ru/saratov-bekovo,285,4.0,8500
Саратов,Белгород,https://city2city.ru/saratov-belgorod,775,11.0,23200
Саратов,Богучар,https://city2city.ru/saratov-boguchar,520,7.5,15600
Саратов,Борисоглебск,https://city2city.ru/saratov-borisoglebsk,295,4.0,9000
Саратов,Бугуруслан,https://city2city.ru/saratov-buguruslan,600,8.5,18000
Саратов,Бузулук,https://city2city.ru/saratov-buzuluk,560,8.0,16800
Саратов,посёлок городского типа Дергачи,https://city2city.ru/saratov-dergachi,225,3.0,6800
Саратов,Донецк,https://city2city.ru/saratov-doneczk-rostovskaya-oblast,760,11.0,23000
Саратов,посёлок городского типа Духовницкое,https://city2city.ru/saratov-duxovniczkoe,260,3.5,8000
Саратов,Джанкой,https://city2city.ru/saratov-dzhankoj,1370,19.5,41000
Саратов,Екатеринбург,https://city2city.ru/saratov-ekaterinburg,1315,19.0,39500
Саратов,посёлок городского типа Екатериновка,https://city2city.ru/saratov-ekaterinovka,150,2.0,4500
Саратов,рабочий посёлок Елань,https://city2city.ru/saratov-elan,230,3.5,7000
Саратов,Элиста,https://city2city.ru/saratov-elista,670,9.5,20000
Саратов,Ершов,https://city2city.ru/saratov-ershov,180,2.5,5900
Саратов,Фролово,https://city2city.ru/saratov-frolovo,330,4.5,10000
Саратов,село Горный Щит,https://city2city.ru/saratov-gornyj,260,3.5,7800
Саратов,52А-3,https://city2city.ru/saratov-granicza-kazaxstan,350,5.0,10500
Саратов,река Старая Граница,https://city2city.ru/saratov-granicza-ukraina,700,10.0,21000
Саратов,Ивантеевка,https://city2city.ru/saratov-ivanteevka,880,12.5,26500
Саратов,Ижевск,https://city2city.ru/saratov-izhevsk,980,14.0,29500
Саратов,Калининск,https://city2city.ru/saratov-kalininsk,115,1.5,4100
Саратов,Каменка,https://city2city.ru/saratov-kamenka,270,4.0,8000
Саратов,посёлок Каменский,https://city2city.ru/saratov-kamenskij,110,1.5,3500
Саратов,Камышин,https://city2city.ru/saratov-kamyshin,190,2.5,6300
Саратов,Казань,https://city2city.ru/saratov-kazan,680,9.5,20400
Саратов,Киров,https://city2city.ru/saratov-kirov,1070,15.5,32000
Саратов,Кирсанов,https://city2city.ru/saratov-kirsanov,400,5.5,12000
Саратов,Котово,https://city2city.ru/saratov-kotovo,240,3.5,7000
Саратов,Ковылкино,https://city2city.ru/saratov-kovylkino,390,5.5,11500
Саратов,Красноармейск,https://city2city.ru/saratov-krasnoarmejsk,80,1.0,3600
Саратов,Красный Кут,https://city2city.ru/saratov-krasnyj-kut,235,3.5,7000
Саратов,посёлок городского типа Красный Октябрь,https://city2city.ru/saratov-krasnyj-oktyabr,235,3.5,7000
Саратов,Кумертау,https://city2city.ru/saratov-kumertau,930,13.5,28000
Саратов,Курск,https://city2city.ru/saratov-kursk,740,10.5,22000
Саратов,Кузнецк,https://city2city.ru/saratov-kuzneczk,230,3.5,7000
Саратов,Липецк,https://city2city.ru/saratov-lipeczk,590,8.5,17500
Саратов,посёлок городского типа Лысые Горы,https://city2city.ru/saratov-lysye-gory,620,9.0,18500
Саратов,посёлок городского типа Изварино,https://city2city.ru/saratov-mapp-izvarino,780,11.0,23500
Саратов,Маркс,https://city2city.ru/saratov-marks,70,1.0,3200
Саратов,Мичуринск,https://city2city.ru/saratov-michurinsk,520,7.5,15500
Саратов,Миллерово,https://city2city.ru/saratov-millerovo,650,9.5,19500
Саратов,Минеральные Воды,https://city2city.ru/saratov-mineralnye-vody,1035,15.0,31000
Саратов,Михайловка,https://city2city.ru/saratov-mixajlovka,350,5.0,10500
Саратов,рабочий посёлок Мокроус,https://city2city.ru/saratov-mokrous,120,1.5,4300
Саратов,Набережные Челны,https://city2city.ru/saratov-naberezhnye-chelny,815,11.5,24500
Саратов,Нижний Ломов,https://city2city.ru/saratov-nizhnij-lomov,320,4.5,9500
Саратов,Нижний Новгород,https://city2city.ru/saratov-nizhnij-novgorod,670,9.5,20100
Саратов,Новомосковск,https://city2city.ru/saratov-novomoskovsk,770,11.0,23000
Саратов,Новоузенск,https://city2city.ru/saratov-novouzensk,210,3.0,6300
Саратов,посёлок городского типа Новые Бурасы,https://city2city.ru/saratov-novye-burasy,75,1.0,3400
Саратов,Оренбург,https://city2city.ru/saratov-orenburg,800,11.5,24000
Саратов,Орск,https://city2city.ru/saratov-orsk,1080,15.5,32500
Саратов,рабочий посёлок Озинки,https://city2city.ru/saratov-ozinki,295,4.0,8800
Саратов,Палласовка,https://city2city.ru/saratov-pallasovka,225,3.0,6800
Саратов,посёлок городского типа Павловка,https://city2city.ru/saratov-pavlovka,800,11.5,24000
Саратов,Пенза,https://city2city.ru/saratov-penza,225,3.0,7000
Саратов,Петровск,https://city2city.ru/saratov-petrovsk,110,1.5,4000
Саратов,Поворино,https://city2city.ru/saratov-povorino,295,4.0,9000
Саратов,Пугачёв,https://city2city.ru/saratov-pugachyov,235,3.5,7000
Саратов,Пятигорск,https://city2city.ru/saratov-pyatigorsk,1000,14.5,30000
Саратов,село Романовка,https://city2city.ru/saratov-romanovka,260,3.5,8000
Саратов,Ростов-на-Дону,https://city2city.ru/saratov-rostov-na-donu,840,12.0,25000
Саратов,поселок городского типа Ровное,https://city2city.ru/saratov-rovnoe,105,1.5,3800
Саратов,Ртищево,https://city2city.ru/saratov-rtishhevo,205,3.0,6200
Саратов,Рязань,https://city2city.ru/saratov-ryazan,660,9.5,20000
Саратов,Самара,https://city2city.ru/saratov-samara,410,6.0,12300
Саратов,посёлок городского типа Самойловка,https://city2city.ru/saratov-samojlovka,195,3.0,6400
Саратов,Санкт-Петербург,https://city2city.ru/saratov-sankt-peterburg,1560,22.5,47000
Саратов,Саранск,https://city2city.ru/saratov-saransk,360,5.0,11000
Саратов,село Садовое,https://city2city.ru/saratov-selo-sadovoe,100,1.5,3000
Саратов,село Старая Полтавка,https://city2city.ru/saratov-selo-staraya-poltavka,155,2.0,5100
Саратов,поселок Сенной,https://city2city.ru/saratov-sennoj,115,1.5,3500
Саратов,Сердобск,https://city2city.ru/saratov-serdobsk,235,3.5,7000
Саратов,Шиханы,https://city2city.ru/saratov-shixany,140,2.0,5000
Саратов,Сокол,https://city2city.ru/saratov-sokol,1260,18.0,38000
Саратов,рабочий посёлок Соколовый,https://city2city.ru/saratov-sokolovyj,45680,652.5,1370500
Саратов,посёлок Солнечный,https://city2city.ru/saratov-solnechnyj,170,2.5,5000
Саратов,Сосновка,https://city2city.ru/saratov-sosnovka,85,1.0,2500
Саратов,посёлок городского типа Советское,https://city2city.ru/saratov-sovetskoe,85,1.0,2500
Саратов,Старый Оскол,https://city2city.ru/saratov-staryj-oskol,650,9.5,19500
Саратов,Ставрополь,https://city2city.ru/saratov-stavropol,935,13.5,28000
Саратов,село Степное,https://city2city.ru/saratov-stepnoe,80,1.0,2500
Саратов,поселок Светлый,https://city2city.ru/saratov-svetlyj,45,1.0,3000
Саратов,Сызрань,https://city2city.ru/saratov-syzran,310,4.5,9500
Саратов,Тамбов,https://city2city.ru/saratov-tambov,450,6.5,13500
Саратов,посёлок городского типа Татищево,https://city2city.ru/saratov-tatishhevo,45,0.5,2000
Саратов,Тольятти,https://city2city.ru/saratov-tolyatti,420,6.0,12500
Саратов,Тула,https://city2city.ru/saratov-tula,805,11.5,24000
Саратов,посёлок городского типа Турки,https://city2city.ru/saratov-turki,270,4.0,8000
Саратов,Тюмень,https://city2city.ru/saratov-tyumen,1660,23.5,50000
Саратов,Уфа,https://city2city.ru/saratov-ufa,885,12.5,26600
Саратов,Ульяновск,https://city2city.ru/saratov-ulyanovsk,465,6.5,14000
Саратов,Волгоград,https://city2city.ru/saratov-volgograd,375,5.5,11000
Саратов,Вольск,https://city2city.ru/saratov-volsk,155,2.0,5100
Саратов,Воронеж,https://city2city.ru/saratov-voronezh,515,7.5,15400
Саратов,рабочий посёлок Воскресенское,https://city2city.ru/saratov-voskresenskoe,110,1.5,3500
Саратов,Химки,https://city2city.ru/saratov-ximki,370,5.5,11100
Саратов,Хвалынск,https://city2city.ru/saratov-xvalynsk,230,3.5,6900
Саратов,Ярославль,https://city2city.ru/saratov-yaroslavl,1015,14.5,30400
Саратов,Жирновск,https://city2city.ru/saratov-zhirnovsk,195,3.0,6400
Сегежа,Петрозаводск,https://city2city.ru/segezha-petrozavodsk,265,4.0,8000
Северодвинск,Архангельск,https://city2city.ru/severodvinsk-arhangelsk,45,1.0,3000
Шелехов,Иркутск,https://city2city.ru/shelehov-irkutsk,20,1.0,3000
Смоленск,Терехова,https://city2city.ru/smolensk-app-burachki,350,5.0,10500
Смоленск,деревня Красная Горка,https://city2city.ru/smolensk-app-krasnaya-gorka,80,1.0,2500
Смоленск,Архангельск,https://city2city.ru/smolensk-arxangelsk,1670,24.0,50100
Смоленск,Белгород,https://city2city.ru/smolensk-belgorod,660,9.5,19800
Смоленск,Белый,https://city2city.ru/smolensk-belyj,155,2.0,4500
Смоленск,Брянск,https://city2city.ru/smolensk-bryansk,245,3.5,7400
Смоленск,Демидов,https://city2city.ru/smolensk-demidov,95,1.5,3000
Смоленск,Десногорск,https://city2city.ru/smolensk-desnogorsk,145,2.0,5200
Смоленск,Дорогобуж,https://city2city.ru/smolensk-dorogobuzh,90,1.5,2500
Смоленск,Ельня,https://city2city.ru/smolensk-elnya,105,1.5,3800
Смоленск,поселок городского типа Голынки,https://city2city.ru/smolensk-golynki,50,0.5,2000
Смоленск,М-1,https://city2city.ru/smolensk-granicza-belorussiya,80,1.0,3600
Смоленск,52А-3,https://city2city.ru/smolensk-granicza-kazaxstan,1550,22.0,46500
Смоленск,река Старая Граница,https://city2city.ru/smolensk-granicza-ukraina,810,11.5,24500
Смоленск,Калуга,https://city2city.ru/smolensk-kaluga,350,5.0,10500
Смоленск,посёлок городского типа Кардымово,https://city2city.ru/smolensk-kardymovo,30,1.0,3000
Смоленск,Казань,https://city2city.ru/smolensk-kazan,1205,17.0,36000
Смоленск,Клинцы,https://city2city.ru/smolensk-klinczy,340,5.0,10000
Смоленск,поселок городского типа Красный,https://city2city.ru/smolensk-krasnyj,50,1.0,3000
Смоленск,Курск,https://city2city.ru/smolensk-kursk,525,7.5,16000
Смоленск,посёлок городского типа Монастырщина,https://city2city.ru/smolensk-monastyrshhina,55,1.0,2000
Смоленск,Москва,https://city2city.ru/smolensk-moskva,400,5.5,12000
Смоленск,Можайск,https://city2city.ru/smolensk-mozhajsk,290,4.0,8500
Смоленск,посёлок городского типа Мурыгино,https://city2city.ru/smolensk-murygino,1330,19.0,40000
Смоленск,Наро-Фоминск,https://city2city.ru/smolensk-naro-fominsk,350,5.0,10500
Смоленск,Нижний Новгород,https://city2city.ru/smolensk-nizhnij-novgorod,830,12.0,25000
Смоленск,Обнинск,https://city2city.ru/smolensk-obninsk,360,5.0,11000
Смоленск,поселок городского типа Орша,https://city2city.ru/smolensk-orsha,120,1.5,4300
Смоленск,Орёл,https://city2city.ru/smolensk-oryol,380,5.5,11400
Смоленск,посёлок городского типа Озёрный,https://city2city.ru/smolensk-ozyornyj,590,8.5,17500
Смоленск,Починок,https://city2city.ru/smolensk-pochinok,50,0.5,2000
Смоленск,посёлок городского типа Пржевальское,https://city2city.ru/smolensk-przhevalskoe,120,1.5,4300
Смоленск,Псков,https://city2city.ru/smolensk-pskov,460,6.5,14000
Смоленск,Рославль,https://city2city.ru/smolensk-roslavl,110,1.5,4000
Смоленск,Россошь,https://city2city.ru/smolensk-rossosh,900,13.0,27000
Смоленск,Ростов-на-Дону,https://city2city.ru/smolensk-rostov-na-donu,1340,19.0,40200
Смоленск,Рудня,https://city2city.ru/smolensk-rudnya-smolenskaya-oblast,70,1.0,3200
Смоленск,Рязань,https://city2city.ru/smolensk-ryazan,590,8.5,17700
Смоленск,Рыльск,https://city2city.ru/smolensk-rylsk,454,6.5,13600
Смоленск,Ржев,https://city2city.ru/smolensk-rzhev,300,4.5,9000
Смоленск,Сафоново,https://city2city.ru/smolensk-safonovo,100,1.5,3600
Смоленск,Самара,https://city2city.ru/smolensk-samara,1490,21.5,44500
Смоленск,Санкт-Петербург,https://city2city.ru/smolensk-sankt-peterburg,780,11.0,23400
Смоленск,Серпухов,https://city2city.ru/smolensk-serpuxov,420,6.0,12500
Смоленск,поселок городского типа Шумячи,https://city2city.ru/smolensk-shumyachi,130,2.0,4000
Смоленск,Сочи,https://city2city.ru/smolensk-sochi,1885,27.0,56500
Смоленск,Старый Оскол,https://city2city.ru/smolensk-staryj-oskol,650,9.5,19500
Смоленск,Тула,https://city2city.ru/smolensk-tula,450,6.5,13500
Смоленск,Тверь,https://city2city.ru/smolensk-tver,410,6.0,12500
Смоленск,Велиж,https://city2city.ru/smolensk-velizh,120,1.5,3500
Смоленск,посёлок городского типа Верхнеднепровский,https://city2city.ru/smolensk-verxnedneprovskij,100,1.5,3000
Смоленск,посёлок городского типа Волоконовка,https://city2city.ru/smolensk-volokonovka,760,11.0,23000
Смоленск,Воронеж,https://city2city.ru/smolensk-voronezh,685,10.0,20600
Смоленск,Вязьма,https://city2city.ru/smolensk-vyazma,170,2.5,5000
Смоленск,посёлок городского типа Хиславичи,https://city2city.ru/smolensk-xislavichi,80,1.0,3600
Смоленск,посёлок городского типа Холм-Жирковский,https://city2city.ru/smolensk-xolm-zhirkovskij,155,2.0,4500
Смоленск,рабочий посёлок Хохлово,https://city2city.ru/smolensk-xoxlovo,680,9.5,20500
Смоленск,Ярцево,https://city2city.ru/smolensk-yarczevo,60,1.0,3000
Смоленск,посёлок городского типа Жарковский,https://city2city.ru/smolensk-zharkovskij,160,2.5,5000
Сочи,Казань,https://city2city.ru/sochi-kazan,1985,28.5,59500
Ставрополь,Адлер,https://city2city.ru/stavropol-adler,510,7.5,15500
Ставрополь,Анапа,https://city2city.ru/stavropol-anapa,475,7.0,14200
Ставрополь,Армавир,https://city2city.ru/stavropol-armavir,120,1.5,3500
Ставрополь,Астрахань,https://city2city.ru/stavropol-astraxan,580,8.5,17400
Ставрополь,Белгород,https://city2city.ru/stavropol-belgorod,1040,15.0,31000
Ставрополь,Белореченск,https://city2city.ru/stavropol-belorechensk,250,3.5,7500
Ставрополь,Благодарный,https://city2city.ru/stavropol-blagodarnyj,155,2.0,5100
Ставрополь,Брянск,https://city2city.ru/stavropol-bryansk,1360,19.5,40800
Ставрополь,Челябинск,https://city2city.ru/stavropol-chelyabinsk,2210,31.5,66500
Ставрополь,посёлок городского типа Дальнее Константиново,https://city2city.ru/stavropol-dalnee-konstantinovo,1498,21.5,44900
Ставрополь,станица Даховская,https://city2city.ru/stavropol-daxovskaya,280,4.0,8500
Ставрополь,станица Должанская,https://city2city.ru/stavropol-dolzhanskaya,440,6.5,13000
Ставрополь,Донецк,https://city2city.ru/stavropol-doneczk-rostovskaya-oblast,550,8.0,16500
Ставрополь,Дубовка,https://city2city.ru/stavropol-dubovka,610,8.5,18500
Ставрополь,посёлок городского типа Джубга,https://city2city.ru/stavropol-dzhubga,390,5.5,11500
Ставрополь,Элиста,https://city2city.ru/stavropol-elista,265,4.0,8000
Ставрополь,Ессентуки,https://city2city.ru/stavropol-essentuki,200,3.0,6000
Ставрополь,Феодосия,https://city2city.ru/stavropol-feodosiya,630,9.0,19000
Ставрополь,Геленджик,https://city2city.ru/stavropol-gelendzhik,460,6.5,14000
Ставрополь,станица Голубицкая,https://city2city.ru/stavropol-golubiczkaya,460,6.5,14000
Ставрополь,Городовиковск,https://city2city.ru/stavropol-gorodovikovsk,135,2.0,4000
Ставрополь,Гулькевичи,https://city2city.ru/stavropol-gulkevichi,180,2.5,5500
Ставрополь,Ипатово,https://city2city.ru/stavropol-ipatovo,130,2.0,4700
Ставрополь,Изобильный,https://city2city.ru/stavropol-izobilnyj,55,1.0,2000
Ставрополь,село Кабардинка,https://city2city.ru/stavropol-kabardinka,470,6.5,14000
Ставрополь,посёлок Каменномостский,https://city2city.ru/stavropol-kamennomostskij,260,3.5,8000
Ставрополь,Камышин,https://city2city.ru/stavropol-kamyshin,750,10.5,22500
Ставрополь,Казань,https://city2city.ru/stavropol-kazan,1590,22.5,47500
Ставрополь,Керчь,https://city2city.ru/stavropol-kerch,550,8.0,16500
Ставрополь,Кисловодск,https://city2city.ru/stavropol-kislovodsk,205,3.0,6200
Ставрополь,Кореновск,https://city2city.ru/stavropol-korenovsk,255,3.5,7500
Ставрополь,Кропоткин,https://city2city.ru/stavropol-kropotkin,155,2.0,4500
Ставрополь,Крымск,https://city2city.ru/stavropol-krymsk,420,6.0,12500
Ставрополь,Курган,https://city2city.ru/stavropol-kurgan,2490,35.5,74700
Ставрополь,Курганинск,https://city2city.ru/stavropol-kurganinsk,175,2.5,5000
Ставрополь,Усть-Лабинск,https://city2city.ru/stavropol-labinsk,165,2.5,5000
Ставрополь,Майкоп,https://city2city.ru/stavropol-majkop,230,3.5,6900
Ставрополь,Минеральные Воды,https://city2city.ru/stavropol-mineralnye-vody,175,2.5,5800
Ставрополь,Михайловск,https://city2city.ru/stavropol-mixajlovsk,15,0.5,2000
Ставрополь,Москва,https://city2city.ru/stavropol-moskva,1410,20.0,42500
Ставрополь,поселок городского типа Мостовской,https://city2city.ru/stavropol-mostovskoj,195,3.0,6000
Ставрополь,Нефтекумск,https://city2city.ru/stavropol-neftekumsk,290,4.0,8700
Ставрополь,Невинномысск,https://city2city.ru/stavropol-nevinnomyssk,70,1.0,3200
Ставрополь,Нижний Новгород,https://city2city.ru/stavropol-nizhnij-novgorod,1540,22.0,46000
Ставрополь,Новоалександровск,https://city2city.ru/stavropol-novoaleksandrovsk,100,1.5,3600
Ставрополь,Новокубанск,https://city2city.ru/stavropol-novokubansk,145,2.0,4500
Ставрополь,Новопавловск,https://city2city.ru/stavropol-novopavlovsk,225,3.0,7000
Ставрополь,Новороссийск,https://city2city.ru/stavropol-novorossijsk,470,6.5,14100
Ставрополь,станица Отрадная,https://city2city.ru/stavropol-otradnaya,225,3.0,7000
Ставрополь,Пермь,https://city2city.ru/stavropol-perm,2210,31.5,66500
Ставрополь,Приморско-Ахтарск,https://city2city.ru/stavropol-primorsko-axtarsk,400,5.5,12000
Ставрополь,Пятигорск,https://city2city.ru/stavropol-pyatigorsk,190,2.5,6300
Ставрополь,Ростов-на-Дону,https://city2city.ru/stavropol-rostov-na-donu,340,5.0,10200
Ставрополь,Сальск,https://city2city.ru/stavropol-salsk,195,3.0,6400
Ставрополь,Самара,https://city2city.ru/stavropol-samara,1340,19.0,40200
Ставрополь,Санкт-Петербург,https://city2city.ru/stavropol-sankt-peterburg,2125,30.5,63800
Ставрополь,Саратов,https://city2city.ru/stavropol-saratov,935,13.5,28000
Ставрополь,село Александровское,https://city2city.ru/stavropol-selo-aleksandrovskoe,110,1.5,4000
Ставрополь,село Арзгир,https://city2city.ru/stavropol-selo-arzgir,215,3.0,6400
Ставрополь,село Дивное,https://city2city.ru/stavropol-selo-divnoe,170,2.5,5600
Ставрополь,село Донское,https://city2city.ru/stavropol-selo-donskoe,50,1.0,3000
Ставрополь,село Грачёвка,https://city2city.ru/stavropol-selo-grachyovka,1550,22.0,46500
Ставрополь,село Кочубеевское,https://city2city.ru/stavropol-selo-kochubeevskoe,60,1.0,3000
Ставрополь,село Красногвардейское,https://city2city.ru/stavropol-selo-krasnogvardejskoe,120,1.5,3500
Ставрополь,село Курсавка,https://city2city.ru/stavropol-selo-kursavka,130,2.0,4000
Ставрополь,село Летняя Ставка,https://city2city.ru/stavropol-selo-letnyaya-stavka,135,2.0,4900
Ставрополь,село Левокумское,https://city2city.ru/stavropol-selo-levokumskoe,265,4.0,8000
Ставрополь,село Малые Дербеты,https://city2city.ru/stavropol-selo-malye-derbety,480,7.0,14500
Ставрополь,село Новоселицкое,https://city2city.ru/stavropol-selo-novoseliczkoe,150,2.0,4500
Ставрополь,село Приютное,https://city2city.ru/stavropol-selo-priyutnoe,210,3.0,6500
Ставрополь,село Степное,https://city2city.ru/stavropol-selo-stepnoe,300,4.5,9000
Ставрополь,село Яшалта,https://city2city.ru/stavropol-selo-yashalta,190,2.5,5500
Ставрополь,село Заветное,https://city2city.ru/stavropol-selo-zavetnoe,400,5.5,12000
Ставрополь,Севастополь,https://city2city.ru/stavropol-sevastopol,820,11.5,24500
Ставрополь,Симферополь,https://city2city.ru/stavropol-simferopol,740,10.5,22000
Ставрополь,Сочи,https://city2city.ru/stavropol-sochi,485,7.0,14600
Ставрополь,станица Егорлыкская,https://city2city.ru/stavropol-stanicza-egorlykskaya,230,3.5,7000
Ставрополь,станица Курская,https://city2city.ru/stavropol-stanicza-kurskaya,310,4.5,9300
Ставрополь,станица Советская,https://city2city.ru/stavropol-stanicza-sovetskaya,130,2.0,4000
Ставрополь,село Степное,https://city2city.ru/stavropol-stepnoe,1010,14.5,30500
Ставрополь,Светлоград,https://city2city.ru/stavropol-svetlograd,85,1.0,3800
Ставрополь,станица Тбилисская,https://city2city.ru/stavropol-tbilisskaya,185,2.5,5500
Ставрополь,Темрюк,https://city2city.ru/stavropol-temryuk,450,6.5,13500
Ставрополь,Тихорецк,https://city2city.ru/stavropol-tixoreczk,210,3.0,6500
Ставрополь,Уфа,https://city2city.ru/stavropol-ufa,1815,26.0,54500
Ставрополь,село Успенское,https://city2city.ru/stavropol-uspenskoe,90,1.5,2500
Ставрополь,Усть-Лабинск,https://city2city.ru/stavropol-ust-labinsk,240,3.5,7000
Ставрополь,Волгодонск,https://city2city.ru/stavropol-volgodonsk,350,5.0,10500
Ставрополь,Воронеж,https://city2city.ru/stavropol-voronezh,900,13.0,27000
Ставрополь,Зеленокумск,https://city2city.ru/stavropol-zelenokumsk,235,3.5,7000
Сватово,,https://city2city.ru/svatovo-belgorod,820,11.5,24500
Сватово,,https://city2city.ru/svatovo-kazan,1620,23.0,48600
Алчевск,,https://city2city.ru/svo-taxi-alchevsk-lugansk,45,0.5,2000
Богучар,,https://city2city.ru/svo-taxi-boguchar-bryansk,710,10.0,21500
Богучар,,https://city2city.ru/svo-taxi-boguchar-rossosh,105,1.5,3800
Богучар,,https://city2city.ru/svo-taxi-boguchar-saratov,520,7.5,15500
Брянка,,https://city2city.ru/svo-taxi-bryanka-lugansk,55,1.0,2000
Брянск,Луганск,https://city2city.ru/svo-taxi-bryansk-lugansk,1000,14.5,30000
Донецк,,https://city2city.ru/svo-taxi-donetsk-gorlovka,70,1.0,3200
Донецк,,https://city2city.ru/svo-taxi-donetsk-lugansk,150,2.0,4500
Донецк,,https://city2city.ru/svo-taxi-donetsk-mineralnye-vody-aeroport,700,10.0,21000
Донецк,,https://city2city.ru/svo-taxi-donetsk-novopetrovka,180,2.5,15000
Донецк,,https://city2city.ru/svo-taxi-donetsk-starobeshevo,40,0.5,2000
Донецк,,https://city2city.ru/svo-taxi-donetsk-yurevka,1000,14.5,30000
Екатеринбург,Луганск,https://city2city.ru/svo-taxi-ekaterinburg-lugansk,2160,31.0,65000
Горловка,,https://city2city.ru/svo-taxi-gorlovka-moskva,1160,16.5,35000
Горловка,,https://city2city.ru/svo-taxi-gorlovka-rostov-na-donu,225,3.0,7000
Иваново,,https://city2city.ru/svo-taxi-ivanovo-lugansk,1330,19.0,40000
посёлок городского типа Изварино,,https://city2city.ru/svo-taxi-izvarino-lugansk,65,1.0,2000
село Каменка,,https://city2city.ru/svo-taxi-kamenka-nizhniy-novgorod,450,6.5,13500
село Каменка,,https://city2city.ru/svo-taxi-kamenka-novosibirsk,3800,54.5,114000
село Каменка,,https://city2city.ru/svo-taxi-kamenka-smolensk,970,14.0,32000
Казань,Луганск,https://city2city.ru/svo-taxi-kazan-lugansk,1490,21.5,44500
Кострома,Луганск,https://city2city.ru/svo-taxi-kostroma-lugansk,1390,20.0,41500
село Авило-Успенка,,https://city2city.ru/svo-taxi-kpp-uspenka-donetsk,100,1.5,3000
Валуйки,,https://city2city.ru/svo-taxi-kpp-valuyki-rossosh,170,2.5,5000
Краснодар,,https://city2city.ru/svo-taxi-krasnodar-donetsk,450,6.5,13500
Краснодар,,https://city2city.ru/svo-taxi-krasnodar-lugansk,480,7.0,14500
Краснодар,,https://city2city.ru/svo-taxi-krasnodar-mariupol,470,6.5,14000
Краснодар,,https://city2city.ru/svo-taxi-krasnodar-melitopol,590,8.5,17500
Красный луч,,https://city2city.ru/svo-taxi-krasnyy-luch-antratsit,15,0.5,2000
Красный луч,,https://city2city.ru/svo-taxi-krasnyy-luch-lugansk,70,1.0,3200
Красный луч,,https://city2city.ru/svo-taxi-krasnyy-luch-mariupol,210,3.0,6500
Красный луч,,https://city2city.ru/svo-taxi-krasnyy-luch-rostov-na-donu,165,2.5,5000
Кременная,,https://city2city.ru/svo-taxi-kremennaya-lugansk,115,1.5,3500
Курск,Краснодар,https://city2city.ru/svo-taxi-kursk-krasnodar,1060,15.0,32000
Луганск,,https://city2city.ru/svo-taxi-lugansk-alchevsk,45,0.5,2000
Луганск,,https://city2city.ru/svo-taxi-lugansk-antratsit,65,1.0,2000
Луганск,,https://city2city.ru/svo-taxi-lugansk-izvarino,65,1.0,2000
Луганск,,https://city2city.ru/svo-taxi-lugansk-krasnyy-luch,80,1.0,2500
Луганск,,https://city2city.ru/svo-taxi-lugansk-lutugino,25,0.5,2000
Луганск,,https://city2city.ru/svo-taxi-lugansk-rovenki,490,7.0,14500
Луганск,,https://city2city.ru/svo-taxi-lugansk-severodonetsk,100,1.5,3000
Луганск,,https://city2city.ru/svo-taxi-lugansk-stahanov,60,1.0,2000
Луганск,,https://city2city.ru/svo-taxi-lugansk-starobelsk,95,1.5,3000
Лутугино,,https://city2city.ru/svo-taxi-lutugino-lugansk,25,0.5,2000
Мариуполь,,https://city2city.ru/svo-taxi-mariupol-kpp-vesyolo-voznesenka,60,1.0,2000
Мариуполь,,https://city2city.ru/svo-taxi-mariupol-yurevka,120,1.5,3500
Мелитополь,,https://city2city.ru/svo-taxi-melitopol-dneprorudnoe,95,1.5,3000
Мелитополь,,https://city2city.ru/svo-taxi-melitopol-energodar,120,1.5,3500
Миллерово,,https://city2city.ru/svo-taxi-millerovo-donetsk,340,5.0,10000
Миллерово,,https://city2city.ru/svo-taxi-millerovo-lugansk,185,2.5,5500
Минеральные Воды Аэропорт,,https://city2city.ru/svo-taxi-mineralnye-vody-aeroport-donetsk,700,10.0,21000
Москва,,https://city2city.ru/svo-taxi-moskva-gorlovka,1320,19.0,46000
Москва,,https://city2city.ru/svo-taxi-moskva-mariupol,1250,18.0,37500
Нижний Новгород,село Большой Суходол,https://city2city.ru/svo-taxi-nizhniy-novgorod-bolshoy-suhodol,90,1.5,2500
село Новопетровка,,https://city2city.ru/svo-taxi-novopetrovka-donetsk,1680,24.0,50500
Оренбург,Донецк,https://city2city.ru/svo-taxi-orenburg-donetsk,1810,26.0,54500
Пенза,Мариуполь,https://city2city.ru/svo-taxi-penza-mariupol,1100,15.5,33000
Россошь,,https://city2city.ru/svo-taxi-rossosh-belgorod,260,3.5,7800
Россошь,,https://city2city.ru/svo-taxi-rossosh-bryansk,630,9.0,19000
Россошь,,https://city2city.ru/svo-taxi-rossosh-kursk,355,5.0,10500
Россошь,,https://city2city.ru/svo-taxi-rossosh-nizhniy-novgorod,950,13.5,28500
Россошь,,https://city2city.ru/svo-taxi-rossosh-rovenki,85,1.0,2500
Россошь,,https://city2city.ru/svo-taxi-rossosh-severodonetsk,500,7.0,15000
Россошь,,https://city2city.ru/svo-taxi-rossosh-smolensk,880,12.5,26500
Россошь,,https://city2city.ru/svo-taxi-rossosh-starobelsk,490,7.0,14500
Россошь,,https://city2city.ru/svo-taxi-rossosh-voronezh,215,3.0,6500
Ростов-на-Дону,,https://city2city.ru/svo-taxi-rostov-na-donu-antratsit,165,2.5,5000
Ростов-на-Дону,,https://city2city.ru/svo-taxi-rostov-na-donu-energodar,470,6.5,14000
Ростов-на-Дону,,https://city2city.ru/svo-taxi-rostov-na-donu-gorlovka,225,3.0,7000
Ростов-на-Дону,,https://city2city.ru/svo-taxi-rostov-na-donu-kazachi-lageri,55,1.0,2000
Ростов-на-Дону,,https://city2city.ru/svo-taxi-rostov-na-donu-melitopol,370,5.5,11000
Ростов-на-Дону,,https://city2city.ru/svo-taxi-rostov-na-donu-novosibirsk,3700,53.0,111000
Ростов-на-Дону,,https://city2city.ru/svo-taxi-rostov-na-donu-severodonetsk,300,4.5,22000
Ростов-на-Дону,,https://city2city.ru/svo-taxi-rostov-na-donu-snezhnoe,160,2.5,5000
Ростов-на-Дону,,https://city2city.ru/svo-taxi-rostov-na-donu-stahanov,235,3.5,7000
Ростов-на-Дону,,https://city2city.ru/svo-taxi-rostov-na-donu-starobeshevo,175,2.5,5000
Ростов-на-Дону,,https://city2city.ru/svo-taxi-rostov-na-donu-tokmak,370,5.5,11000
рабочий посёлок Ровеньки,,https://city2city.ru/svo-taxi-rovenki-lugansk,480,7.0,14500
рабочий посёлок Ровеньки,,https://city2city.ru/svo-taxi-rovenki-rossosh,90,1.5,2500
Рубежное,,https://city2city.ru/svo-taxi-rubezhnoe-lugansk,115,1.5,3500
Самара,Луганск,https://city2city.ru/svo-taxi-samara-lugansk,1250,18.0,37500
Самара,Рубежное,https://city2city.ru/svo-taxi-samara-rubezhnoe,1360,19.5,41000
Санкт-Петербург,,https://city2city.ru/svo-taxi-sankt-peterburg-stahanov,1830,26.0,62000
Саратов,Донецк,https://city2city.ru/svo-taxi-saratov-donetsk,760,11.0,23000
Северодонецк,,https://city2city.ru/svo-taxi-severodonetsk-lugansk,100,1.5,3000
Шебекино,,https://city2city.ru/svo-taxi-shebekino-belgorod,35,1.0,3000
Симферополь,Каховка,https://city2city.ru/svo-taxi-simferopol-kahovka,275,4.0,8000
Снежное,,https://city2city.ru/svo-taxi-snezhnoe-moskva,1110,16.0,33500
Снежное,,https://city2city.ru/svo-taxi-snezhnoe-rostov-na-donu,155,2.0,4500
Сочи Аэропорт,,https://city2city.ru/svo-taxi-sochi-aeroport-donetsk,790,11.5,30000
Кадиевка / Стаханов,,https://city2city.ru/svo-taxi-stahanov-krasnyy-luch,65,1.0,2000
Кадиевка / Стаханов,,https://city2city.ru/svo-taxi-stahanov-lugansk,60,1.0,3000
Кадиевка / Стаханов,,https://city2city.ru/svo-taxi-stahanov-rostov-na-donu,235,3.5,7000
,,https://city2city.ru/svo-taxi-starobelsk-2,3800,54.5,114000
Старобельск,,https://city2city.ru/svo-taxi-starobelsk-lugansk,95,1.5,3000
Сватово,,https://city2city.ru/svo-taxi-svatovo-lugansk,155,2.0,4500
Токмак,,https://city2city.ru/svo-taxi-tokmak-melitopol,60,1.0,2000
Тула,Луганск,https://city2city.ru/svo-taxi-tula-lugansk,870,12.5,26000
Уфа,Луганск,https://city2city.ru/svo-taxi-ufa-lugansk,1710,24.5,51500
Волгоград,Луганск,https://city2city.ru/svo-taxi-volgograd-lugansk,470,6.5,14000
село Юрьевка,,https://city2city.ru/svo-taxi-yurevka-donetsk,145,2.0,5200
Сыктывкар,поселок городского типа Благоево,https://city2city.ru/syktyvkar-blagoevo,310,4.5,9300
Сыктывкар,Чебоксары,https://city2city.ru/syktyvkar-cheboksary,785,11.0,23600
Сыктывкар,Екатеринбург,https://city2city.ru/syktyvkar-ekaterinburg,1105,16.0,33000
Сыктывкар,Емва,https://city2city.ru/syktyvkar-emva,135,2.0,4900
Сыктывкар,Ижевск,https://city2city.ru/syktyvkar-izhevsk,835,12.0,25000
Сыктывкар,Казань,https://city2city.ru/syktyvkar-kazan,830,12.0,24900
Сыктывкар,Киров,https://city2city.ru/syktyvkar-kirov,415,6.0,12400
Сыктывкар,Коряжма,https://city2city.ru/syktyvkar-koryazhma,340,5.0,10000
Сыктывкар,Котлас,https://city2city.ru/syktyvkar-kotlas,370,5.5,11100
Сыктывкар,посёлок городского типа Кожва,https://city2city.ru/syktyvkar-kozhva,580,8.5,17500
Сыктывкар,посёлок городского типа Краснозатонский,https://city2city.ru/syktyvkar-krasnozatonskij,10,0.5,2000
Сыктывкар,Микунь,https://city2city.ru/syktyvkar-mikun,110,1.5,4000
Сыктывкар,Москва,https://city2city.ru/syktyvkar-moskva,1345,19.0,40400
Сыктывкар,посёлок городского типа Нижнеивкино,https://city2city.ru/syktyvkar-nizhneivkino,460,6.5,14000
Сыктывкар,поселок городского типа Нижний Одес,https://city2city.ru/syktyvkar-nizhnij-odes,400,5.5,12000
Сыктывкар,Нижний Новгород,https://city2city.ru/syktyvkar-nizhniy_novhorod,960,13.5,29000
Сыктывкар,Печора,https://city2city.ru/syktyvkar-pechora,590,8.5,17500
Сыктывкар,Самара,https://city2city.ru/syktyvkar-samara,1160,16.5,35000
Сыктывкар,поселок городского типа Синдор,https://city2city.ru/syktyvkar-sindor,195,3.0,6400
Сыктывкар,Сосногорск,https://city2city.ru/syktyvkar-sosnogorsk,330,4.5,9900
Сыктывкар,посёлок городского типа Троицко-Печорск,https://city2city.ru/syktyvkar-troiczko-pechorsk,500,7.0,15000
Сыктывкар,Уфа,https://city2city.ru/syktyvkar-ufa,1170,16.5,35100
Сыктывкар,рабочий посёлок Урдома,https://city2city.ru/syktyvkar-urdoma,250,3.5,7500
Сыктывкар,Усинск,https://city2city.ru/syktyvkar-usinsk,730,10.5,22000
Сыктывкар,поселок городского типа Усогорск,https://city2city.ru/syktyvkar-usogorsk,270,4.0,8100
Сыктывкар,село Усть-Цильма,https://city2city.ru/syktyvkar-ust_cimla,700,10.0,21000
Сыктывкар,Великий Устюг,https://city2city.ru/syktyvkar-veliky_ustug,400,5.5,12000
Сыктывкар,посёлок городского типа Верхняя Максаковка,https://city2city.ru/syktyvkar-verxnyaya-maksakovka,20,0.5,2000
Сыктывкар,городское поселение Войвож,https://city2city.ru/syktyvkar-vojvozh,430,6.0,13000
Сыктывкар,Вятские Поляны,https://city2city.ru/syktyvkar-vyatskie-polyany,750,10.5,22500
Сыктывкар,рабочий посёлок Вычегодский,https://city2city.ru/syktyvkar-vychegodskij,320,4.5,9600
Сыктывкар,посёлок городского типа Ярега,https://city2city.ru/syktyvkar-yarega,330,4.5,10000
Сыктывкар,поселок городского типа Жешарт,https://city2city.ru/syktyvkar-zheshart,125,2.0,4500
Тамбов,Белгород,https://city2city.ru/tambov-belgorod,475,7.0,14200
Тамбов,Богучар,https://city2city.ru/tambov-boguchar,420,6.0,12500
Тамбов,Борисоглебск,https://city2city.ru/tambov-borisoglebsk,175,2.5,5000
Тамбов,село Дмитриевка,https://city2city.ru/tambov-dmitrievka,710,10.0,21500
Тамбов,рабочий посёлок Гавриловка,https://city2city.ru/tambov-gavrilovka,120,1.5,3500
Тамбов,52А-3,https://city2city.ru/tambov-granicza-kazaxstan,780,11.0,23400
Тамбов,река Старая Граница,https://city2city.ru/tambov-granicza-ukraina,450,6.5,13500
Тамбов,Грязи,https://city2city.ru/tambov-gryazi,110,1.5,3500
Тамбов,посёлок городского типа Инжавино,https://city2city.ru/tambov-inzhavino,105,1.5,3800
Тамбов,Йошкар-Ола,https://city2city.ru/tambov-joshkar-ola,815,11.5,24500
Тамбов,Каменка,https://city2city.ru/tambov-kamenka,220,3.0,6500
Тамбов,Казань,https://city2city.ru/tambov-kazan,830,12.0,24900
Тамбов,Кирсанов,https://city2city.ru/tambov-kirsanov,95,1.5,4300
Тамбов,Котовск,https://city2city.ru/tambov-kotovsk,25,0.5,2000
Тамбов,Липецк,https://city2city.ru/tambov-lipeczk,135,2.0,4900
Тамбов,посёлок городского типа Лух,https://city2city.ru/tambov-lux,600,8.5,18000
Тамбов,Мичуринск,https://city2city.ru/tambov-michurinsk,70,1.0,3200
Тамбов,рабочий посёлок Мордово,https://city2city.ru/tambov-mordovo,90,1.5,4000
Тамбов,Моршанск,https://city2city.ru/tambov-morshansk,90,1.5,4000
Тамбов,рабочий посёлок Мучкапский,https://city2city.ru/tambov-muchkapskij,160,2.5,5300
Тамбов,Нижний Новгород,https://city2city.ru/tambov-nizhnij-novgorod,540,7.5,16000
Тамбов,рабочий посёлок Новая Ляда,https://city2city.ru/tambov-novaya-lyada,15,1.0,3000
Тамбов,Орёл,https://city2city.ru/tambov-oryol,430,6.0,13000
Тамбов,Павловск,https://city2city.ru/tambov-pavlovsk,350,5.0,10500
Тамбов,Пенза,https://city2city.ru/tambov-penza,290,4.0,8500
Тамбов,Пермь,https://city2city.ru/tambov-perm,1505,21.5,45200
Тамбов,Первомайск,https://city2city.ru/tambov-pervomajsk,430,6.0,13000
Тамбов,Рассказово,https://city2city.ru/tambov-rasskazovo,30,0.5,2000
Тамбов,Ртищево,https://city2city.ru/tambov-rtishhevo,290,4.0,8500
Тамбов,Рязань,https://city2city.ru/tambov-ryazan,280,4.0,8400
Тамбов,Санкт-Петербург,https://city2city.ru/tambov-sankt-peterburg,1170,16.5,35100
Тамбов,Сочи,https://city2city.ru/tambov-sochi,1290,18.5,38500
Тамбов,Сосновка,https://city2city.ru/tambov-sosnovka,410,6.0,12500
Тамбов,Старый Оскол,https://city2city.ru/tambov-staryj-oskol,350,5.0,10500
Тамбов,Тольятти,https://city2city.ru/tambov-tolyatti,635,9.0,19000
Тамбов,Тула,https://city2city.ru/tambov-tula,370,5.5,11000
Тамбов,Ульяновск,https://city2city.ru/tambov-ulyanovsk,610,8.5,18500
Тамбов,Урюпинск,https://city2city.ru/tambov-uryupinsk,250,3.5,7500
Тамбов,Уварово,https://city2city.ru/tambov-uvarovo,120,1.5,4300
Тамбов,Валуйки,https://city2city.ru/tambov-valujki,450,6.5,13500
Тамбов,Волгоград,https://city2city.ru/tambov-volgograd,525,7.5,15800
Тамбов,Воронеж,https://city2city.ru/tambov-voronezh,220,3.0,6500
Тамбов,посёлок городского типа Знаменка,https://city2city.ru/tambov-znamenka,45,0.5,2000
Токмак,,https://city2city.ru/tokmak-rostov-na-don,360,5.0,11000
Токмак,,https://city2city.ru/tokmak-samara,1630,23.5,49000
Токмак,,https://city2city.ru/tokmak-simferopol,310,4.5,9500
Томск,Абакан,https://city2city.ru/tomsk-abakan,790,11.5,23700
Томск,Ачинск,https://city2city.ru/tomsk-achinsk,410,6.0,12500
Томск,Новосибирск (Толмачёво) терминал Б,https://city2city.ru/tomsk-aeroport-tolmachevo-novosibirsk,320,4.5,9500
Томск,Алейск,https://city2city.ru/tomsk-alyaysk,620,9.0,18500
Томск,Анжеро-Судженск,https://city2city.ru/tomsk-anzhero-sudzhensk,150,2.0,4500
Томск,город Асино,https://city2city.ru/tomsk-asino,115,1.5,4100
Томск,Барнаул,https://city2city.ru/tomsk-barnaul,490,7.0,14500
Томск,Белокуриха,https://city2city.ru/tomsk-belokuriha,680,9.5,20500
Томск,Белово,https://city2city.ru/tomsk-belovo,330,4.5,10000
Томск,рабочий посёлок Белый Яр,https://city2city.ru/tomsk-belyy-yar,460,6.5,13800
Томск,Бердск,https://city2city.ru/tomsk-berdsk,295,4.0,9000
Томск,Горно-Алтайск,https://city2city.ru/tomsk-gorno-altaysk,705,10.0,21000
Томск,Иркутск,https://city2city.ru/tomsk-irkutsk,1640,23.5,49000
Томск,город Кедровый,https://city2city.ru/tomsk-kedrovyy,450,6.5,13500
Томск,Кемерово,https://city2city.ru/tomsk-kemerovo,205,3.0,6000
Томск,Киселёвск,https://city2city.ru/tomsk-kiselyovsk,380,5.5,11500
Томск,Колпашево,https://city2city.ru/tomsk-kolpashevo,320,4.5,9600
Томск,Красноярск,https://city2city.ru/tomsk-krasnojarsk,585,8.5,17600
Томск,Мариинск,https://city2city.ru/tomsk-mariinsk,225,3.0,7000
Томск,Междуреченск,https://city2city.ru/tomsk-mezhdurechensk,520,7.5,15500
Томск,Новосибирск,https://city2city.ru/tomsk-novosibirsk,260,3.5,8000
Томск,Омск,https://city2city.ru/tomsk-omsk,895,13.0,26800
Томск,Прокопьевск,https://city2city.ru/tomsk-prokopevsk,400,5.5,12000
Томск,Саяногорск,https://city2city.ru/tomsk-sayanogorsk,870,12.5,26000
Томск,Северск,https://city2city.ru/tomsk-seversk,20,1.0,3000
Томск,Шарыпово,https://city2city.ru/tomsk-sharypovo,390,5.5,11500
Томск,Стрежевой,https://city2city.ru/tomsk-strezhevoy,2420,34.5,72600
Томск,Таштагол,https://city2city.ru/tomsk-tashtagol,580,8.5,17500
Томск,Тайга,https://city2city.ru/tomsk-tayga,215,3.0,6400
Томск,Топки,https://city2city.ru/tomsk-topki,190,2.5,5500
Томск,Яровое,https://city2city.ru/tomsk-yarovoe,660,9.5,19800
Томск,Юрга,https://city2city.ru/tomsk-yurga,105,1.5,3000
Тула,Алексин,https://city2city.ru/tula-aleksin,65,1.0,3000
Тула,Анапа,https://city2city.ru/tula-anapa,1330,19.0,40000
Тула,рабочий посёлок Арсеньево,https://city2city.ru/tula-arsenevo,105,1.5,3800
Тула,Белгород,https://city2city.ru/tula-belgorod,490,7.0,14500
Тула,Белёв,https://city2city.ru/tula-belyov,125,2.0,4000
Тула,Богородицк,https://city2city.ru/tula-bogorodiczk,70,1.0,2000
Тула,Богучар,https://city2city.ru/tula-boguchar,580,8.5,17500
Тула,Болохово,https://city2city.ru/tula-boloxovo,990,14.0,29500
Тула,Чебоксары,https://city2city.ru/tula-cheboksary,835,12.0,25000
Тула,рабочий посёлок Чернь,https://city2city.ru/tula-chern,110,1.5,3500
Тула,Домодедово,https://city2city.ru/tula-domodedovo,160,2.5,5000
Тула,Донской,https://city2city.ru/tula-donskoj,60,1.0,2000
Тула,Дубна,https://city2city.ru/tula-dubna,320,4.5,9500
Тула,Ефремов,https://city2city.ru/tula-efremov,145,2.0,4500
Тула,Екатеринбург,https://city2city.ru/tula-ekaterinburg,1830,26.0,55000
Тула,Елец,https://city2city.ru/tula-elecz,220,3.0,6500
Тула,станица Голубицкая,https://city2city.ru/tula-golubiczkaya,1320,19.0,39500
Тула,52А-3,https://city2city.ru/tula-granicza-kazaxstan,1200,17.0,36000
Тула,посёлок городского типа Грибановский,https://city2city.ru/tula-gribanovskij,515,7.5,15400
Тула,село Ильинка,https://city2city.ru/tula-ilinka,2900,41.5,87000
Тула,Калуга,https://city2city.ru/tula-kaluga,105,1.5,3000
Тула,Кашира,https://city2city.ru/tula-kashira,100,1.5,3000
Тула,Кимовск,https://city2city.ru/tula-kimovsk,75,1.0,2000
Тула,Киреевск,https://city2city.ru/tula-kireevsk,45,1.0,3000
Тула,Коломна,https://city2city.ru/tula-kolomna,170,2.5,5000
Тула,рабочий посёлок Куркино,https://city2city.ru/tula-kurkino,125,2.0,4000
Тула,Курск,https://city2city.ru/tula-kursk,355,5.0,10500
Тула,Липецк,https://city2city.ru/tula-lipeczk,295,4.0,9000
Тула,Липки,https://city2city.ru/tula-lipki,40,0.5,2000
Тула,Миллерово,https://city2city.ru/tula-millerovo,700,10.0,21000
Тула,Москва,https://city2city.ru/tula-moskva,185,2.5,5500
Тула,Наро-Фоминск,https://city2city.ru/tula-naro-fominsk,205,3.0,6000
Тула,Нижний Новгород,https://city2city.ru/tula-nizhnij-novgorod,600,8.5,18000
Тула,рабочий посёлок Новогуровский,https://city2city.ru/tula-novogurovskij,45,0.5,2000
Тула,Новомосковск,https://city2city.ru/tula-novomoskovsk,60,1.0,2000
Тула,рабочий посёлок Одоев,https://city2city.ru/tula-odoev,80,1.0,3600
Тула,Оренбург,https://city2city.ru/tula-orenburg,1675,24.0,50000
Тула,Орёл,https://city2city.ru/tula-oryol,190,2.5,5500
Тула,поселок городского типа Павелец,https://city2city.ru/tula-pavelecz,140,2.0,4000
Тула,Пенза,https://city2city.ru/tula-penza,659,9.5,19800
Тула,Пителино,https://city2city.ru/tula-pitelino,410,6.0,12500
Тула,Плавск,https://city2city.ru/tula-plavsk,70,1.0,2000
Тула,Подольск,https://city2city.ru/tula-podolsk,150,2.0,4500
Тула,посёлок городского типа Пролетарский,https://city2city.ru/tula-proletarskij,476,7.0,14300
Тула,Пущино,https://city2city.ru/tula-pushhino,90,1.5,2500
Тула,Рязань,https://city2city.ru/tula-ryazan,175,2.5,5800
Тула,Рыбное,https://city2city.ru/tula-rybnoe,160,2.5,5000
Тула,Санкт-Петербург,https://city2city.ru/tula-sankt-peterburg,890,12.5,26700
Тула,Серпухов,https://city2city.ru/tula-serpuxov,90,1.5,2500
Тула,Шацк,https://city2city.ru/tula-shaczk,340,5.0,10000
Тула,Щёкино,https://city2city.ru/tula-shhyokino,25,1.0,3000
Тула,Симферополь,https://city2city.ru/tula-simferopol,1600,23.0,48000
Тула,посёлок городского типа Славный,https://city2city.ru/tula-slavnyj,135,2.0,4000
Тула,Смоленск,https://city2city.ru/tula-smolensk,450,6.5,13500
Тула,Сочи,https://city2city.ru/tula-sochi,1450,20.5,43500
Тула,Суворов,https://city2city.ru/tula-suvorov,95,1.5,3000
Тула,Суздаль,https://city2city.ru/tula-suzdal,400,5.5,12000
Тула,деревня Товарково,https://city2city.ru/tula-tovarkovo,80,1.0,2500
Тула,рабочий посёлок Тёплое,https://city2city.ru/tula-tyoploe,80,1.0,2500
Тула,Уфа,https://city2city.ru/tula-ufa,1495,21.5,45000
Тула,Узловая,https://city2city.ru/tula-uzlovaya,50,1.0,3000
Тула,город Венёв,https://city2city.ru/tula-venyov,55,1.0,3000
Тула,Владимир,https://city2city.ru/tula-vladimir,360,5.0,11000
Тула,Волгоград,https://city2city.ru/tula-volgograd,880,12.5,26500
Тула,поселок Волово,https://city2city.ru/tula-volovo,100,1.5,3000
Тула,Воронеж,https://city2city.ru/tula-voronezh,345,5.0,10400
Тула,Воскресенск,https://city2city.ru/tula-voskresensk,185,2.5,5500
Тула,рабочий посёлок Воскресенское,https://city2city.ru/tula-voskresenskoe,2310,33.0,69500
Тула,Ярославль,https://city2city.ru/tula-yaroslavl,455,6.5,13500
Тула,Ясногорск,https://city2city.ru/tula-yasnogorsk,50,0.5,2000
Тула,Звенигород,https://city2city.ru/tula-zvenigorod,210,3.0,6500
аэропорт Тюмень (Рощино),,https://city2city.ru/tumen-chelyabinsk,420,6.0,12500
городской округ Тюмень,,https://city2city.ru/tumen-ekaterinburg,330,4.5,9900
аэропорт Тюмень (Рощино),,https://city2city.ru/tumen-hanty-mansiysk,670,9.5,20000
Тверь,Белгород,https://city2city.ru/tver-belgorod,835,12.0,25000
Тверь,посёлок городского типа Белый Городок,https://city2city.ru/tver-belyj-gorodok,285,4.0,8500
Тверь,Бежецк,https://city2city.ru/tver-bezheczk,125,2.0,4000
Тверь,Бологое,https://city2city.ru/tver-bologoe,190,2.5,5500
Тверь,муниципальное образование рабочий посёлок Большое Козино,https://city2city.ru/tver-bolshoe-kozino,640,9.0,19000
Тверь,Боровичи,https://city2city.ru/tver-borovichi,265,4.0,8000
Тверь,Брянск,https://city2city.ru/tver-bryansk,520,7.5,15600
Тверь,Дубна,https://city2city.ru/tver-dubna,125,2.0,4500
Тверь,Ейск,https://city2city.ru/tver-ejsk,1450,20.5,43500
Тверь,посёлок городского типа Фирово,https://city2city.ru/tver-firovo,240,3.5,7000
Тверь,рабочий посёлок Городище,https://city2city.ru/tver-gorodishhe,1150,16.5,34500
Тверь,52А-3,https://city2city.ru/tver-granicza-kazaxstan,1400,20.0,42000
Тверь,посёлок городского типа Калашниково,https://city2city.ru/tver-kalashnikovo,100,1.5,3600
Тверь,Кашин,https://city2city.ru/tver-kashin,215,3.0,6500
Тверь,посёлок городского типа Кесова Гора,https://city2city.ru/tver-kesova-gora,180,2.5,5500
Тверь,Кимры,https://city2city.ru/tver-kimry,100,1.5,3000
Тверь,Конаково,https://city2city.ru/tver-konakovo,80,1.0,2500
Тверь,Кострома,https://city2city.ru/tver-kostroma,415,6.0,12400
Тверь,Красный Холм,https://city2city.ru/tver-krasnyj-xolm,170,2.5,5000
Тверь,Курск,https://city2city.ru/tver-kursk,700,10.0,21000
Тверь,село Куженкино,https://city2city.ru/tver-kuzhenkino,185,2.5,5500
Тверь,Лихославль,https://city2city.ru/tver-lixoslavl,65,1.0,2000
Тверь,поселок городского типа Максатиха,https://city2city.ru/tver-maksatixa,120,1.5,3500
Тверь,посёлок городского типа Малое Козино,https://city2city.ru/tver-maloe-kozino,640,9.0,19000
Тверь,Москва,https://city2city.ru/tver-moskva,170,2.5,5000
Тверь,Можайск,https://city2city.ru/tver-mozhajsk,190,2.5,5500
Тверь,Обнинск,https://city2city.ru/tver-obninsk,285,4.0,8500
Тверь,деревня Окуловка,https://city2city.ru/tver-okulovka,270,4.0,8000
Тверь,поселок городского типа Орша,https://city2city.ru/tver-orsha,520,7.5,15500
Тверь,деревня Осташково,https://city2city.ru/tver-ostashkov,195,3.0,6000
Тверь,посёлок городского типа Пено,https://city2city.ru/tver-peno,230,3.5,7000
Тверь,рабочий посёлок Первое Мая,https://city2city.ru/tver-pervoe-maya,600,8.5,18000
Тверь,посёлок городского типа Радченко,https://city2city.ru/tver-radchenko,35,1.0,3000
Тверь,поселок городского типа Рамешки,https://city2city.ru/tver-rameshki,65,1.0,2000
Тверь,посёлок городского типа Редкино,https://city2city.ru/tver-redkino,35,0.5,2000
Тверь,Рязань,https://city2city.ru/tver-ryazan,375,5.5,11000
Тверь,Ржев,https://city2city.ru/tver-rzhev-2,125,2.0,4000
Тверь,село Старое Сандово,https://city2city.ru/tver-sandovo,240,3.5,7000
Тверь,Санкт-Петербург,https://city2city.ru/tver-sankt-peterburg,535,7.5,16000
Тверь,посёлок городского типа Селижарово,https://city2city.ru/tver-selizharovo,215,3.0,6400
Тверь,Серпухов,https://city2city.ru/tver-serpuxov,310,4.5,9500
Тверь,Севастополь,https://city2city.ru/tver-sevastopol,1965,28.0,59000
Тверь,Смоленск,https://city2city.ru/tver-smolensk,410,6.0,12500
Тверь,Солнечногорск,https://city2city.ru/tver-solnechnogorsk,115,1.5,3500
Тверь,посёлок городского типа Спирово,https://city2city.ru/tver-spirovo,125,2.0,4000
Тверь,посёлок городского типа Старая Торопа,https://city2city.ru/tver-staraya-toropa,300,4.5,9000
Тверь,Старица,https://city2city.ru/tver-staricza,80,1.0,2500
Тверь,посёлок городского типа Суховерково,https://city2city.ru/tver-suxoverkovo,45,0.5,2000
Тверь,Удомля,https://city2city.ru/tver-udomlya,190,2.5,6300
Тверь,Валдай,https://city2city.ru/tver-valdaj,235,3.5,7000
Тверь,Валуйки,https://city2city.ru/tver-valujki,940,13.5,28200
Тверь,посёлок городского типа Васильевский Мох,https://city2city.ru/tver-vasilevskij-mox,25,0.5,2000
Тверь,Великий Новгород,https://city2city.ru/tver-velikij-novgorod,365,5.0,11000
Тверь,Владимир,https://city2city.ru/tver-vladimir,350,5.0,10500
Тверь,Вологда,https://city2city.ru/tver-vologda,525,7.5,16000
Тверь,Воронеж,https://city2city.ru/tver-voronezh,695,10.0,21000
Тверь,Ярославль,https://city2city.ru/tver-yaroslavl,335,5.0,10000
Тверь,Западная Двина,https://city2city.ru/tver-zapadnaya-dvina,280,4.0,8500
Тверь,Зубцов,https://city2city.ru/tver-zubczov,130,2.0,4000
Тверь,Звенигород,https://city2city.ru/tver-zvenigorod,175,2.5,5000
Тында,Якутск,https://city2city.ru/tynda-jakutsk,990,14.0,29700
Тюмень,поселок Украинец,https://city2city.ru/tyumen-app-zverinogolovskoe,330,4.5,10000
Тюмень,Артёмовский,https://city2city.ru/tyumen-artyomovskij,290,4.0,8500
Тюмень,Асбест,https://city2city.ru/tyumen-asbest,290,4.0,8500
Тюмень,Астрахань,https://city2city.ru/tyumen-astraxan,2460,35.0,74000
Тюмень,Баймак,https://city2city.ru/tyumen-bajmak,830,12.0,25000
Тюмень,Белгород,https://city2city.ru/tyumen-belgorod,2455,35.0,73500
Тюмень,Белоярский,https://city2city.ru/tyumen-beloyarskij,275,4.0,8000
Тюмень,Берёзовский,https://city2city.ru/tyumen-beryozovskij,327,4.5,9800
Тюмень,посёлок городского типа Богандинский,https://city2city.ru/tyumen-bogandinskij,45,1.0,3000
Тюмень,Богданович,https://city2city.ru/tyumen-bogdanovich,230,3.5,7000
Тюмень,поселок городского типа Боровой,https://city2city.ru/tyumen-borovoj,700,10.0,21000
Тюмень,посёлок городского типа Боровский,https://city2city.ru/tyumen-borovskij,20,0.5,2000
Тюмень,Брянск,https://city2city.ru/tyumen-bryansk,2395,34.0,72000
Тюмень,Чебаркуль,https://city2city.ru/tyumen-chebarkul,510,7.5,15500
Тюмень,рабочий посёлок Елань,https://city2city.ru/tyumen-elan,30,1.0,3000
Тюмень,посёлок городского типа Голышманово,https://city2city.ru/tyumen-golyshmanovo,225,3.0,6800
Тюмень,52А-3,https://city2city.ru/tyumen-granicza-kazaxstan,370,5.5,11100
Тюмень,посёлок городского типа Игрим,https://city2city.ru/tyumen-igrim,1131,16.0,33900
Тюмень,село Ильинка,https://city2city.ru/tyumen-ilinka,930,13.5,28000
Тюмень,поселок городского типа Ильинское-Хованское,https://city2city.ru/tyumen-ilinskoe-xovanskoe,2030,29.0,61000
Тюмень,Ирбит,https://city2city.ru/tyumen-irbit,185,2.5,6100
Тюмень,Ижевск,https://city2city.ru/tyumen-izhevsk,930,13.5,28000
Тюмень,Каменка,https://city2city.ru/tyumen-kamenka,1730,24.5,52000
Тюмень,Каменск-Уральский,https://city2city.ru/tyumen-kamensk-uralskij,305,4.5,9000
Тюмень,Камышлов,https://city2city.ru/tyumen-kamyshlov,185,2.5,6100
Тюмень,Карабаш,https://city2city.ru/tyumen-karabash,470,6.5,14000
Тюмень,посёлок Каргаполье,https://city2city.ru/tyumen-kargapole,180,2.5,5900
Тюмень,Казань,https://city2city.ru/tyumen-kazan,1225,17.5,36800
Тюмень,Когалым,https://city2city.ru/tyumen-kogalym,960,13.5,29000
Тюмень,посёлок городского типа Кондинское,https://city2city.ru/tyumen-kondinskoe,160,2.5,5000
Тюмень,Копейск,https://city2city.ru/tyumen-kopejsk,410,6.0,12300
Тюмень,Куртамыш,https://city2city.ru/tyumen-kurtamysh,310,4.5,9500
Тюмень,Лангепас,https://city2city.ru/tyumen-langepas,920,13.0,27500
Тюмень,рабочий посёлок Лебяжье,https://city2city.ru/tyumen-lebyazhe,255,3.5,7500
Тюмень,посёлок городского типа Луговой,https://city2city.ru/tyumen-lugovoj,2080,29.5,62500
Тюмень,Магнитогорск,https://city2city.ru/tyumen-magnitogorsk,720,10.5,21600
Тюмень,Макушино,https://city2city.ru/tyumen-makushino,290,4.0,8700
Тюмень,село Успенка,https://city2city.ru/tyumen-mapp-uspenka,2600,37.0,78000
Тюмень,Мегион,https://city2city.ru/tyumen-megion,980,14.0,29500
Тюмень,посёлок городского типа Междуреченский,https://city2city.ru/tyumen-mezhdurechenskij,360,5.0,11000
Тюмень,Миасс,https://city2city.ru/tyumen-miass,520,7.5,15500
Тюмень,поселок городского типа Мишкино,https://city2city.ru/tyumen-mishkino,295,4.0,9000
Тюмень,рабочий посёлок Мокроус,https://city2city.ru/tyumen-mokrous,1600,23.0,48000
Тюмень,Москва,https://city2city.ru/tyumen-moskva,2010,28.5,60300
Тюмень,Муравленко,https://city2city.ru/tyumen-muravlenko,1120,16.0,33500
Тюмень,Надым,https://city2city.ru/tyumen-nadym,1770,25.5,53100
Тюмень,Нариманов,https://city2city.ru/tyumen-narimanov,2450,35.0,73500
Тюмень,Нижний Тагил,https://city2city.ru/tyumen-nizhnij-tagil,440,6.5,13200
Тюмень,Новотроицк,https://city2city.ru/tyumen-novotroiczk,1040,15.0,31000
Тюмень,Новый Уренгой,https://city2city.ru/tyumen-novyj-urengoj,1530,22.0,45900
Тюмень,Ноябрьск,https://city2city.ru/tyumen-noyabrsk,1095,15.5,32800
Тюмень,Нягань,https://city2city.ru/tyumen-nyagan,960,13.5,29000
Тюмень,Оренбург,https://city2city.ru/tyumen-orenburg,1160,16.5,34800
Тюмень,Орск,https://city2city.ru/tyumen-orsk,1030,14.5,30900
Тюмень,Пенза,https://city2city.ru/tyumen-penza,1625,23.0,49000
Тюмень,Пермь,https://city2city.ru/tyumen-perm,690,10.0,20500
Тюмень,Петухово,https://city2city.ru/tyumen-petuxovo,330,4.5,9900
Тюмень,посёлок городского типа Пойковский,https://city2city.ru/tyumen-pojkovskij,770,11.0,23000
Тюмень,деревня Покровское,https://city2city.ru/tyumen-pokrovskoe,2040,29.0,61000
Тюмень,посёлок городского типа Приобье,https://city2city.ru/tyumen-priobe,1020,14.5,30500
Тюмень,посёлок городского типа Пышма,https://city2city.ru/tyumen-pyshma,340,5.0,10200
Тюмень,Пыть-Ях,https://city2city.ru/tyumen-pyt-yax,690,10.0,20700
Тюмень,Реж,https://city2city.ru/tyumen-rezh,300,4.5,9000
Тюмень,Салехард,https://city2city.ru/tyumen-salexard,2200,31.5,66000
Тюмень,Самара,https://city2city.ru/tyumen-samara,1235,17.5,37000
Тюмень,Санкт-Петербург,https://city2city.ru/tyumen-sankt-peterburg,2705,38.5,81200
Тюмень,рабочий посёлок Сазоново,https://city2city.ru/tyumen-sazonovo,2400,34.5,72000
Тюмень,посёлок городского типа Северный,https://city2city.ru/tyumen-severnyj,410,6.0,12300
Тюмень,Щучье,https://city2city.ru/tyumen-shhuche,370,5.5,11000
Тюмень,Шумиха,https://city2city.ru/tyumen-shumixa,350,5.0,10500
Тюмень,Сибай,https://city2city.ru/tyumen-sibaj,790,11.5,23700
Тюмень,Симферополь,https://city2city.ru/tyumen-simferopol,3200,45.5,96000
Тюмень,Сочи,https://city2city.ru/tyumen-sochi,3040,43.5,91200
Тюмень,посёлок городского типа Сосновый Бор,https://city2city.ru/tyumen-sosnovyj-bor,260,3.5,7800
Тюмень,Советский,https://city2city.ru/tyumen-sovetskij,1040,15.0,31000
Тюмень,посёлок Сумкино,https://city2city.ru/tyumen-sumkino,230,3.5,7000
Тюмень,Сухой Лог,https://city2city.ru/tyumen-suxoj-log,560,8.0,17000
Тюмень,Талица,https://city2city.ru/tyumen-talicza,130,2.0,4700
Тюмень,Тарко-Сале,https://city2city.ru/tyumen-tarko-sale,1400,20.0,42000
Тюмень,Тавда,https://city2city.ru/tyumen-tavda,130,2.0,4700
Тюмень,Тобольск,https://city2city.ru/tyumen-tobolsk,245,3.5,7500
Тюмень,посёлок городского типа Тугулым,https://city2city.ru/tyumen-tugulym,60,1.0,3000
Тюмень,Туринск,https://city2city.ru/tyumen-turinsk,180,2.5,5900
Тюмень,село Учалы,https://city2city.ru/tyumen-uchaly,610,8.5,18500
Тюмень,Уфа,https://city2city.ru/tyumen-ufa,900,13.0,27000
Тюмень,Урай,https://city2city.ru/tyumen-uraj,480,7.0,14400
Тюмень,Новый Уренгой,https://city2city.ru/tyumen-urengoj,1550,22.0,46500
Тюмень,посёлок городского типа Варгаши,https://city2city.ru/tyumen-vargashi,300,4.5,9000
Тюмень,Верхняя Пышма,https://city2city.ru/tyumen-verxnyaya-pyshma,340,5.0,10000
Тюмень,рабочий посёлок Винзили,https://city2city.ru/tyumen-vinzili,35,1.0,3000
Тюмень,Воронеж,https://city2city.ru/tyumen-voronezh,2135,30.5,64000
Тюмень,Ялуторовск,https://city2city.ru/tyumen-yalutorovsk,85,1.0,3800
Тюмень,Югорск,https://city2city.ru/tyumen-yugorsk,1000,14.5,30000
Тюмень,поселок городского типа Юргамыш,https://city2city.ru/tyumen-yurgamysh,255,3.5,7500
Тюмень,Заводоуковск,https://city2city.ru/tyumen-zavodoukovsk,100,1.5,3600
Тюмень,Златоуст,https://city2city.ru/tyumen-zlatoust,550,8.0,16500
Уфа,Абдулино,https://city2city.ru/ufa-abdulino,285,4.0,8600
Уфа,Адлер,https://city2city.ru/ufa-adler,2320,33.0,69500
Уфа,,https://city2city.ru/ufa-agidel,220,3.0,6600
Уфа,посёлок городского типа Актюбинский,https://city2city.ru/ufa-aktyubinskij,265,4.0,8000
Уфа,село Алексеевка,https://city2city.ru/ufa-alekseevka,540,7.5,16000
Уфа,Альметьевск,https://city2city.ru/ufa-almetevsk,295,4.0,8800
Уфа,Анапа,https://city2city.ru/ufa-anapa,2160,31.0,65000
Уфа,деревня Красная Горка,https://city2city.ru/ufa-app-krasnaya-gorka,1800,25.5,54000
Уфа,Архангельск,https://city2city.ru/ufa-arxangelsk,1910,27.5,57300
Уфа,Аша,https://city2city.ru/ufa-asha,110,1.5,4000
Уфа,Азнакаево,https://city2city.ru/ufa-aznakaevo,245,3.5,7400
Уфа,Баймак,https://city2city.ru/ufa-bajmak,410,6.0,12300
Уфа,Бакал,https://city2city.ru/ufa-bakal,225,3.0,7000
Уфа,Бавлы,https://city2city.ru/ufa-bavly,210,3.0,6300
Уфа,,https://city2city.ru/ufa-belebej,200,3.0,6000
Уфа,,https://city2city.ru/ufa-beloreck,260,3.5,7800
Уфа,посёлок городского типа Бердяуш,https://city2city.ru/ufa-berdyaush,255,3.5,7500
Уфа,Березники,https://city2city.ru/ufa-berezniki,690,10.0,20500
Уфа,Бирск,https://city2city.ru/ufa-birsk,100,1.5,3600
Уфа,Благовещенск,https://city2city.ru/ufa-blagoveshhensk,6445,92.0,193400
Уфа,Бугульма,https://city2city.ru/ufa-bugulma,235,3.5,7000
Уфа,Бугуруслан,https://city2city.ru/ufa-buguruslan,360,5.0,10800
Уфа,Бузулук,https://city2city.ru/ufa-buzuluk,470,6.5,14100
Уфа,Чайковский,https://city2city.ru/ufa-chajkovskij,310,4.5,9300
Уфа,Чебаркуль,https://city2city.ru/ufa-chebarkul,350,5.0,10500
Уфа,Чебоксары,https://city2city.ru/ufa-cheboksary,700,10.0,21000
Уфа,,https://city2city.ru/ufa-chelyabinsk,415,6.0,12400
Уфа,Чернушка,https://city2city.ru/ufa-chernushka,285,4.0,8600
Уфа,деревня Чишмы,https://city2city.ru/ufa-chishmy,55,1.0,3000
Уфа,Чистополь,https://city2city.ru/ufa-chistopol,430,6.0,13000
Уфа,деревня Давлеканово,https://city2city.ru/ufa-davlekanovo,105,1.5,3800
Уфа,Димитровград,https://city2city.ru/ufa-dimitrovgrad,500,7.0,15000
Уфа,село Дмитриевка,https://city2city.ru/ufa-dmitrievka,20,1.0,3000
Уфа,Донецк,https://city2city.ru/ufa-doneczk-rostovskaya-oblast,1890,27.0,56700
Уфа,село Дюртюли,https://city2city.ru/ufa-dyurtyuli,125,2.0,4500
Уфа,посёлок городского типа Джалиль,https://city2city.ru/ufa-dzhalil,270,4.0,8000
Уфа,,https://city2city.ru/ufa-ekaterinburg,525,7.5,15800
Уфа,Елабуга,https://city2city.ru/ufa-elabuga,320,4.5,9600
Уфа,Евпатория,https://city2city.ru/ufa-evpatoriya,2520,36.0,75600
Уфа,посёлок городского типа Фёдоровский,https://city2city.ru/ufa-fyodorovskij,210,3.0,6500
Уфа,Гай,https://city2city.ru/ufa-gaj,610,8.5,18300
Уфа,Геленджик,https://city2city.ru/ufa-gelendzhik,2140,30.5,64000
Уфа,,https://city2city.ru/ufa-ishimbaj,155,2.0,5100
Уфа,Иваново,https://city2city.ru/ufa-ivanovo,1205,17.0,36200
Уфа,Ижевск,https://city2city.ru/ufa-izhevsk,340,5.0,10200
Уфа,Йошкар-Ола,https://city2city.ru/ufa-joshkar-ola,715,10.0,21500
Уфа,Камбарка,https://city2city.ru/ufa-kambarka,235,3.5,7000
Уфа,Казань,https://city2city.ru/ufa-kazan,550,8.0,16500
Уфа,Киров,https://city2city.ru/ufa-kirov,750,10.5,22500
Уфа,Когалым,https://city2city.ru/ufa-kogalym,1800,25.5,54000
Уфа,Коркино,https://city2city.ru/ufa-korkino,420,6.0,12500
Уфа,Красноуфимск,https://city2city.ru/ufa-krasnoufimsk,360,5.0,10800
Уфа,Красный Холм,https://city2city.ru/ufa-krasnyj-xolm,190,2.5,5500
Уфа,посёлок городского типа Кропачёво,https://city2city.ru/ufa-kropachyovo,150,2.0,4500
Уфа,,https://city2city.ru/ufa-kumertau,245,3.5,7400
Уфа,Курган,https://city2city.ru/ufa-kurgan,695,10.0,20800
Уфа,Курск,https://city2city.ru/ufa-kursk,1585,22.5,47500
Уфа,Куса,https://city2city.ru/ufa-kusa,285,4.0,8500
Уфа,Кувандык,https://city2city.ru/ufa-kuvandyk,520,7.5,15600
Уфа,Лениногорск,https://city2city.ru/ufa-leninogorsk,265,4.0,8000
Уфа,,https://city2city.ru/ufa-magnitogorsk,340,5.0,10200
Уфа,Медногорск,https://city2city.ru/ufa-mednogorsk,540,7.5,16200
Уфа,,https://city2city.ru/ufa-meleuz,210,3.0,6300
Уфа,Мелеуз,https://city2city.ru/ufa-meleuz-2,210,3.0,6500
Уфа,Мензелинск,https://city2city.ru/ufa-menzelinsk,245,3.5,7500
Уфа,посёлок городского типа Межевой,https://city2city.ru/ufa-mezhevoj,235,3.5,7000
Уфа,Межгорье,https://city2city.ru/ufa-mezhgore,225,3.0,7000
Уфа,Миасс,https://city2city.ru/ufa-miass,320,4.5,9600
Уфа,Миллерово,https://city2city.ru/ufa-millerovo,1560,22.5,46800
Уфа,Миньяр,https://city2city.ru/ufa-minyar,130,2.0,4700
Уфа,поселок городского типа Мишкино,https://city2city.ru/ufa-mishkino,130,2.0,4700
Уфа,Михайловка,https://city2city.ru/ufa-mixajlovka,15,1.0,3000
Уфа,Москва,https://city2city.ru/ufa-moskva,1330,19.0,40000
Уфа,село Можга,https://city2city.ru/ufa-mozhga,400,5.5,12000
Уфа,,https://city2city.ru/ufa-naberezhnye-chelny,295,4.0,8800
Уфа,,https://city2city.ru/ufa-neftekams,210,3.0,6300
Уфа,Нефтеюганск,https://city2city.ru/ufa-nefteyugansk,1570,22.5,47000
Уфа,деревня Николаевка,https://city2city.ru/ufa-nikolaevka,590,8.5,17500
Уфа,,https://city2city.ru/ufa-nizhnekamsk,340,5.0,10200
Уфа,Нижневартовск,https://city2city.ru/ufa-nizhnevartovsk,1840,26.5,55200
Уфа,Нижний Новгород,https://city2city.ru/ufa-nizhnij-novgorod,940,13.5,28200
Уфа,Нижний Тагил,https://city2city.ru/ufa-nizhnij-tagil,650,9.5,19500
Уфа,посёлок городского типа Новомихайловский,https://city2city.ru/ufa-novomixajlovka,2100,30.0,63000
Уфа,Новороссийск,https://city2city.ru/ufa-novorossijsk,2180,31.0,65500
Уфа,Новотроицк,https://city2city.ru/ufa-novotroiczk,600,8.5,18000
Уфа,Новый Уренгой,https://city2city.ru/ufa-novyj-urengoj,2370,34.0,71000
Уфа,Ноябрьск,https://city2city.ru/ufa-noyabrsk,1930,27.5,58000
Уфа,село Нурлаты,https://city2city.ru/ufa-nurlat,420,6.0,12500
Уфа,,https://city2city.ru/ufa-oktjabrskij,185,2.5,6100
Уфа,,https://city2city.ru/ufa-orenburg,370,5.5,11100
Уфа,Орск,https://city2city.ru/ufa-orsk,600,8.5,18000
Уфа,Оса,https://city2city.ru/ufa-osa,390,5.5,11500
Уфа,посёлок городского типа Павловка,https://city2city.ru/ufa-pavlovka,110,1.5,4000
Уфа,Пенза,https://city2city.ru/ufa-penza,830,12.0,25000
Уфа,,https://city2city.ru/ufa-perm,500,7.0,15000
Уфа,Подольск,https://city2city.ru/ufa-podolsk,1350,19.5,40500
Уфа,Похвистнево,https://city2city.ru/ufa-poxvistnevo,340,5.0,10000
Уфа,поселок городского типа Приютово,https://city2city.ru/ufa-priyutovo,225,3.0,6800
Уфа,Пыть-Ях,https://city2city.ru/ufa-pyt-yax,1570,22.5,47100
Уфа,Ростов-на-Дону,https://city2city.ru/ufa-rostov-na-donu,1770,25.5,53100
Уфа,Рязань,https://city2city.ru/ufa-ryazan,1280,18.5,38500
Уфа,,https://city2city.ru/ufa-salavat,160,2.5,5300
Уфа,,https://city2city.ru/ufa-samara,465,6.5,14000
Уфа,Санкт-Петербург,https://city2city.ru/ufa-sankt-peterburg,2040,29.0,61200
Уфа,Саранск,https://city2city.ru/ufa-saransk,835,12.0,25000
Уфа,Сарапул,https://city2city.ru/ufa-sarapul,280,4.0,8400
Уфа,Саратов,https://city2city.ru/ufa-saratov,890,12.5,26700
Уфа,Сатка,https://city2city.ru/ufa-satka,235,3.5,7000
Уфа,Севастополь,https://city2city.ru/ufa-sevastopol,2520,36.0,75500
Уфа,,https://city2city.ru/ufa-sibaj,410,6.0,12300
Уфа,Сим,https://city2city.ru/ufa-sim,130,2.0,4000
Уфа,Симферополь,https://city2city.ru/ufa-simferopol,2440,35.0,73000
Уфа,Сочи,https://city2city.ru/ufa-sochi,2250,32.0,67500
Уфа,Соль-Илецк,https://city2city.ru/ufa-sol-ileczk,450,6.5,13500
Уфа,Соликамск,https://city2city.ru/ufa-solikamsk,720,10.5,21500
Уфа,Сорочинск,https://city2city.ru/ufa-sorochinsk,520,7.5,15600
Уфа,Ставрополь,https://city2city.ru/ufa-stavropol,1815,26.0,54500
Уфа,,https://city2city.ru/ufa-sterlitamak,125,2.0,4500
Уфа,Сургут,https://city2city.ru/ufa-surgut,1620,23.0,48600
Уфа,Сыктывкар,https://city2city.ru/ufa-syktyvkar,1160,16.5,35000
Уфа,Сызрань,https://city2city.ru/ufa-syzran,580,8.5,17500
Уфа,Тамбов,https://city2city.ru/ufa-tambov,1115,16.0,33500
Уфа,Тольятти,https://city2city.ru/ufa-tolyatti,500,7.0,15000
Уфа,Троицк,https://city2city.ru/ufa-troiczk,480,7.0,14500
Уфа,Трёхгорный,https://city2city.ru/ufa-tryoxgornyj,195,3.0,6000
Уфа,,https://city2city.ru/ufa-tujmazy,175,2.5,5800
Уфа,Тверь,https://city2city.ru/ufa-tver,1505,21.5,45000
Уфа,Тюмень,https://city2city.ru/ufa-tyumen,840,12.0,25200
Уфа,село Учалы,https://city2city.ru/ufa-uchaly,350,5.0,10500
Уфа,Ульяновск,https://city2city.ru/ufa-ulyanovsk,590,8.5,17700
Уфа,поселок городского типа Уруссу,https://city2city.ru/ufa-urussu,200,3.0,6000
Уфа,Усинск,https://city2city.ru/ufa-usinsk,1930,27.5,58000
Уфа,Усть-Катав,https://city2city.ru/ufa-ust-katav,165,2.5,5400
Уфа,Ухта,https://city2city.ru/ufa-uxta,1510,21.5,45500
Уфа,посёлок городского типа Вишневогорск,https://city2city.ru/ufa-vishnevogorsk,446,6.5,13400
Уфа,Владимир,https://city2city.ru/ufa-vladimir,1150,16.5,34500
Уфа,Волгоград,https://city2city.ru/ufa-volgograd,1260,18.0,37800
Уфа,Воронеж,https://city2city.ru/ufa-voronezh,1340,19.0,40200
Уфа,Вятские Поляны,https://city2city.ru/ufa-vyatskie-polyany,460,6.5,14000
Уфа,Ханты-Мансийск,https://city2city.ru/ufa-xanty-mansijsk,1600,23.0,48000
Уфа,Янаул,https://city2city.ru/ufa-yanaul,210,3.0,6300
Уфа,Ясный,https://city2city.ru/ufa-yasnyj,760,11.0,23000
Уфа,поселок городского типа Языково,https://city2city.ru/ufa-yazykovo,80,1.0,3600
Уфа,Юрюзань,https://city2city.ru/ufa-yuryuzan,185,2.5,6100
Уфа,Заинск,https://city2city.ru/ufa-zainsk,340,5.0,10000
Уфа,Зеленодольск,https://city2city.ru/ufa-zelenodolsk,580,8.5,17500
Уфа,Златоуст,https://city2city.ru/ufa-zlatoust,280,4.0,8400
Уфа,посёлок городского типа Знаменка,https://city2city.ru/ufa-znamenka,930,13.5,28000
Уфа,посёлок городского типа Звёздный,https://city2city.ru/ufa-zvyozdnyj,340,5.0,10200
Ухта,Сыктывкар,https://city2city.ru/uhta-syktyvkar,320,4.5,9600
Улан-Удэ,Иркутск,https://city2city.ru/ulan-udje-irkutsk,450,6.5,13500
Ульяновск,Алатырь,https://city2city.ru/ulyanovsk-alatyr,170,2.5,5000
Ульяновск,село Варваринка,https://city2city.ru/ulyanovsk-app-nikolaevka,1200,17.0,36000
Ульяновск,рабочий посёлок Ардатов,https://city2city.ru/ulyanovsk-ardatov,185,2.5,5500
Ульяновск,Азнакаево,https://city2city.ru/ulyanovsk-aznakaevo,450,6.5,13500
Ульяновск,Балаково,https://city2city.ru/ulyanovsk-balakovo,295,4.0,9000
Ульяновск,Барыш,https://city2city.ru/ulyanovsk-barysh,135,2.0,4900
Ульяновск,поселок городского типа Базарный Сызган,https://city2city.ru/ulyanovsk-bazarnyj-syzgan,170,2.5,5600
Ульяновск,Белгород,https://city2city.ru/ulyanovsk-belgorod,1135,16.0,34000
Ульяновск,посёлок городского типа Белый Яр,https://city2city.ru/ulyanovsk-belyj-yar,1210,17.5,36500
Ульяновск,Болгар,https://city2city.ru/ulyanovsk-bolgar,125,2.0,4500
Ульяновск,Бугульма,https://city2city.ru/ulyanovsk-bugulma,440,6.5,13000
Ульяновск,Бугуруслан,https://city2city.ru/ulyanovsk-buguruslan,360,5.0,11000
Ульяновск,Буинск,https://city2city.ru/ulyanovsk-buinsk,85,1.0,3800
Ульяновск,Бузулук,https://city2city.ru/ulyanovsk-buzuluk,440,6.5,13000
Ульяновск,Чебоксары,https://city2city.ru/ulyanovsk-cheboksary,240,3.5,7000
Ульяновск,Челябинск,https://city2city.ru/ulyanovsk-chelyabinsk,995,14.0,29800
Ульяновск,посёлок городского типа Чердаклы,https://city2city.ru/ulyanovsk-cherdakly,35,1.0,3000
Ульяновск,Чистополь,https://city2city.ru/ulyanovsk-chistopol,250,3.5,7500
Ульяновск,рабочий поселок Чуфарово,https://city2city.ru/ulyanovsk-chufarovo,95,1.5,4300
Ульяновск,поселок городского типа Цемзавод,https://city2city.ru/ulyanovsk-czemzavod,70,1.0,2000
Ульяновск,поселок городского типа Цильна,https://city2city.ru/ulyanovsk-czilna,40,1.0,3000
Ульяновск,Димитровград,https://city2city.ru/ulyanovsk-dimitrovgrad,90,1.5,4000
Ульяновск,Екатеринбург,https://city2city.ru/ulyanovsk-ekaterinburg,1015,14.5,30400
Ульяновск,посёлок городского типа Глотовка,https://city2city.ru/ulyanovsk-glotovka,145,2.0,4500
Ульяновск,52А-3,https://city2city.ru/ulyanovsk-granicza-kazaxstan,600,8.5,18000
Ульяновск,река Старая Граница,https://city2city.ru/ulyanovsk-granicza-ukraina,1100,15.5,33000
Ульяновск,поселок городского типа Игнатовка,https://city2city.ru/ulyanovsk-ignatovka,80,1.0,2500
Ульяновск,Инза,https://city2city.ru/ulyanovsk-inza,165,2.5,5400
Ульяновск,рабочий поселок Ишеевка,https://city2city.ru/ulyanovsk-isheevka,20,0.5,2000
Ульяновск,Ишимбай,https://city2city.ru/ulyanovsk-ishimbaj,685,10.0,20600
Ульяновск,Иваново,https://city2city.ru/ulyanovsk-ivanovo,685,10.0,20600
Ульяновск,Ижевск,https://city2city.ru/ulyanovsk-izhevsk,570,8.0,17000
Ульяновск,Йошкар-Ола,https://city2city.ru/ulyanovsk-joshkar-ola,320,4.5,9500
Ульяновск,деревня Канаш,https://city2city.ru/ulyanovsk-kanash,170,2.5,5000
Ульяновск,поселок городского типа Карсун,https://city2city.ru/ulyanovsk-karsun,100,1.5,3000
Ульяновск,Казань,https://city2city.ru/ulyanovsk-kazan,220,3.0,6600
Ульяновск,Киров,https://city2city.ru/ulyanovsk-kirov,620,9.0,18600
Ульяновск,посёлок городского типа Красный Гуляй,https://city2city.ru/ulyanovsk-krasnyj-gulyaj,40,1.0,3000
Ульяновск,Кузнецк,https://city2city.ru/ulyanovsk-kuzneczk,240,3.5,7000
Ульяновск,рабочий посёлок Кузоватово,https://city2city.ru/ulyanovsk-kuzovatovo,110,1.5,4000
Ульяновск,посёлок городского типа Луговой,https://city2city.ru/ulyanovsk-lugovoj,2730,39.0,82000
Ульяновск,поселок городского типа Старая Майна,https://city2city.ru/ulyanovsk-majna,75,1.0,2000
Ульяновск,поселок городского типа Мулловка,https://city2city.ru/ulyanovsk-mullovka,75,1.0,2000
Ульяновск,Набережные Челны,https://city2city.ru/ulyanovsk-naberezhnye-chelny,405,6.0,12200
Ульяновск,деревня Николаевка,https://city2city.ru/ulyanovsk-nikolaevka,1160,16.5,35000
Ульяновск,Нижнекамск,https://city2city.ru/ulyanovsk-nizhnekamsk,355,5.0,10600
Ульяновск,Нижний Новгород,https://city2city.ru/ulyanovsk-nizhnij-novgorod,440,6.5,13000
Ульяновск,Новочебоксарск,https://city2city.ru/ulyanovsk-novocheboksarsk,250,3.5,7500
Ульяновск,посёлок городского типа Новоспасское,https://city2city.ru/ulyanovsk-novospasskoe,165,2.5,5000
Ульяновск,Новоульяновск,https://city2city.ru/ulyanovsk-novoulyanovsk,25,0.5,2000
Ульяновск,село Нурлаты,https://city2city.ru/ulyanovsk-nurlat,215,3.0,6500
Ульяновск,поселок Октябрьский,https://city2city.ru/ulyanovsk-oktyabrskij,1240,17.5,37000
Ульяновск,Оренбург,https://city2city.ru/ulyanovsk-orenburg,655,9.5,19600
Ульяновск,Орск,https://city2city.ru/ulyanovsk-orsk,970,14.0,29000
Ульяновск,Отрадный,https://city2city.ru/ulyanovsk-otradnyj,280,4.0,8500
Ульяновск,посёлок городского типа Павловка,https://city2city.ru/ulyanovsk-pavlovka,680,9.5,20500
Ульяновск,Пенза,https://city2city.ru/ulyanovsk-penza,320,4.5,9500
Ульяновск,Пермь,https://city2city.ru/ulyanovsk-perm,855,12.0,25600
Ульяновск,посёлок городского типа Радищево,https://city2city.ru/ulyanovsk-radishhevo,205,3.0,6000
Ульяновск,Рязань,https://city2city.ru/ulyanovsk-ryazan,765,11.0,23000
Ульяновск,Самара,https://city2city.ru/ulyanovsk-samara,250,3.5,7500
Ульяновск,Санкт-Петербург,https://city2city.ru/ulyanovsk-sankt-peterburg,1520,21.5,45500
Ульяновск,Саратов,https://city2city.ru/ulyanovsk-saratov,460,6.5,13800
Ульяновск,Сенгилей,https://city2city.ru/ulyanovsk-sengilej,70,1.0,2000
Ульяновск,деревня Шумерля,https://city2city.ru/ulyanovsk-shumerlya,230,3.5,7000
Ульяновск,рабочий посёлок Силикатный,https://city2city.ru/ulyanovsk-silikatnyj,45,1.0,3000
Ульяновск,Сочи,https://city2city.ru/ulyanovsk-sochi,1825,26.0,55000
Ульяновск,посёлок городского типа Старая Кулатка,https://city2city.ru/ulyanovsk-staraya-kulatka,225,3.0,6800
Ульяновск,поселок городского типа Старая Майна,https://city2city.ru/ulyanovsk-staraya-majna,60,1.0,2000
Ульяновск,поселок городского типа Старотимошкино,https://city2city.ru/ulyanovsk-starotimoshkino,105,1.5,3800
Ульяновск,рабочий посёлок Сурское,https://city2city.ru/ulyanovsk-surskoe,125,2.0,4000
Ульяновск,Сыктывкар,https://city2city.ru/ulyanovsk-syktyvkar,1010,14.5,30500
Ульяновск,Сызрань,https://city2city.ru/ulyanovsk-syzran,140,2.0,5000
Ульяновск,посёлок городского типа Тереньга,https://city2city.ru/ulyanovsk-terenga,75,1.0,2000
Ульяновск,Тетюши,https://city2city.ru/ulyanovsk-tetyushi,95,1.5,4300
Ульяновск,Тольятти,https://city2city.ru/ulyanovsk-tolyatti,195,3.0,6000
Ульяновск,Уфа,https://city2city.ru/ulyanovsk-ufa,585,8.5,17600
Ульяновск,рабочий посёлок Вешкайма,https://city2city.ru/ulyanovsk-veshkajma,125,2.0,4000
Ульяновск,Волгоград,https://city2city.ru/ulyanovsk-volgograd,835,12.0,25000
Ульяновск,Хвалынск,https://city2city.ru/ulyanovsk-xvalynsk,245,3.5,7500
Ульяновск,поселок городского типа Языково,https://city2city.ru/ulyanovsk-yazykovo,330,4.5,10000
Ульяновск,поселок городского типа Жадовка,https://city2city.ru/ulyanovsk-zhadovka,150,2.0,4500
рабочий посёлок Уразово,,https://city2city.ru/urazovo-belgorod,160,2.5,5000
Усть-Кут,Иркутск,https://city2city.ru/ust-kut-irkutsk,970,14.0,29100
Валуйки,,https://city2city.ru/valuyki-belgorod,145,2.0,4500
Валуйки,,https://city2city.ru/valuyki-voronezh,240,3.5,7000
Великий Новгород,посёлок Куничина Гора,https://city2city.ru/velikiy-novgorod-app-kunichina-gora,270,4.0,8000
Великий Новгород,деревня Горланово,https://city2city.ru/velikiy-novgorod-app-shumilkino,280,4.0,8500
Великий Новгород,Белгород,https://city2city.ru/velikiy-novgorod-belgorod,1250,18.0,37500
Великий Новгород,деревня Чудово,https://city2city.ru/velikiy-novgorod-chudovo,80,1.0,3600
Великий Новгород,посёлок городского типа Демянск,https://city2city.ru/velikiy-novgorod-demyansk,190,2.5,6300
Великий Новгород,Ермолино,https://city2city.ru/velikiy-novgorod-ermolino,15,0.5,2000
Великий Новгород,деревня Холм,https://city2city.ru/velikiy-novgorod-holm,205,3.0,6000
Великий Новгород,деревня Хвойная,https://city2city.ru/velikiy-novgorod-hvoynaya,260,3.5,8000
Великий Новгород,Ивангород,https://city2city.ru/velikiy-novgorod-ivangorod,280,4.0,8500
Великий Новгород,Кириши,https://city2city.ru/velikiy-novgorod-kirishi,130,2.0,4000
Великий Новгород,деревня Крестцы,https://city2city.ru/velikiy-novgorod-kresttsy,90,1.5,4000
Великий Новгород,поселок городского типа Любытино,https://city2city.ru/velikiy-novgorod-lyubytino,180,2.5,5900
Великий Новгород,Малая Вишера,https://city2city.ru/velikiy-novgorod-malaya-vishera,90,1.5,4000
Великий Новгород,Москва,https://city2city.ru/velikiy-novgorod-moskva,570,8.0,17100
Великий Новгород,рабочий посёлок Неболчи,https://city2city.ru/velikiy-novgorod-nebolchi,225,3.0,7000
Великий Новгород,деревня Окуловка,https://city2city.ru/velikiy-novgorod-okulovka,150,2.0,5000
Великий Новгород,посёлок городского типа Парфино,https://city2city.ru/velikiy-novgorod-parfino,120,1.5,3500
Великий Новгород,деревня Пестово,https://city2city.ru/velikiy-novgorod-pestovo,300,4.5,9000
Великий Новгород,Порхов,https://city2city.ru/velikiy-novgorod-porhov,160,2.5,5000
Великий Новгород,посёлок городского типа Пролетарий,https://city2city.ru/velikiy-novgorod-proletariy,35,1.0,3000
Великий Новгород,Псков,https://city2city.ru/velikiy-novgorod-pskov,215,3.0,6400
Великий Новгород,Санкт-Петербург,https://city2city.ru/velikiy-novgorod-sankt-peterburg,190,2.5,6300
Великий Новгород,деревня Савино,https://city2city.ru/velikiy-novgorod-savino,15,0.5,2000
Великий Новгород,Шимский район,https://city2city.ru/velikiy-novgorod-shimsk,50,1.0,3000
Великий Новгород,Сольцы,https://city2city.ru/velikiy-novgorod-soltsy,80,1.0,3600
Великий Новгород,Старая Русса,https://city2city.ru/velikiy-novgorod-staraya-russa,100,1.5,3600
Великий Новгород,поселок городского типа Угловка,https://city2city.ru/velikiy-novgorod-uglovka,175,2.5,5800
Великий Новгород,Валдай,https://city2city.ru/velikiy-novgorod-valday,140,2.0,5000
Великий Новгород,Вологда,https://city2city.ru/velikiy-novgorod-vologda,600,8.5,18000
Владимир,Александров,https://city2city.ru/vladimir-aleksandrov,125,2.0,4000
Владимир,Анапа,https://city2city.ru/vladimir-anapa,1670,24.0,50000
Владимир,посёлок городского типа Балакирево,https://city2city.ru/vladimir-balakirevo,140,2.0,4000
Владимир,Белгород,https://city2city.ru/vladimir-belgorod,845,12.0,25400
Владимир,посёлок городского типа Дружинино,https://city2city.ru/vladimir-druzhinino,1400,20.0,42000
Владимир,Екатеринбург,https://city2city.ru/vladimir-ekaterinburg,1470,21.0,44000
Владимир,52А-3,https://city2city.ru/vladimir-granicza-kazaxstan,270,4.0,8100
Владимир,Гусь-Хрустальный,https://city2city.ru/vladimir-gus-xrustalnyj,70,1.0,2000
Владимир,Иваново,https://city2city.ru/vladimir-ivanovo,115,1.5,3500
Владимир,Камешково,https://city2city.ru/vladimir-kameshkovo,50,0.5,2000
Владимир,Казань,https://city2city.ru/vladimir-kazan,620,9.0,18600
Владимир,Киржач,https://city2city.ru/vladimir-kirzhach,120,1.5,3500
Владимир,Кольчугино,https://city2city.ru/vladimir-kolchugino,80,1.0,2500
Владимир,Костерёво,https://city2city.ru/vladimir-kosteryovo,60,1.0,2000
Владимир,Кострома,https://city2city.ru/vladimir-kostroma,220,3.0,6600
Владимир,Ковров,https://city2city.ru/vladimir-kovrov,85,1.0,2500
Владимир,посёлок городского типа Красная Горбатка,https://city2city.ru/vladimir-krasnaya-gorbatka,120,1.5,4300
Владимир,Красногорск,https://city2city.ru/vladimir-krasnogorsk,230,3.5,7000
Владимир,Курлово,https://city2city.ru/vladimir-kurlovo,95,1.5,3000
Владимир,Липецк,https://city2city.ru/vladimir-lipeczk,500,7.0,15000
Владимир,рабочий поселок Малышева,https://city2city.ru/vladimir-malysheva,1570,22.5,47000
Владимир,Меленки,https://city2city.ru/vladimir-melenki,135,2.0,4000
Владимир,Москва,https://city2city.ru/vladimir-moskva,185,2.5,5500
Владимир,посёлок городского типа Мстёра,https://city2city.ru/vladimir-mstyora,120,1.5,3500
Владимир,Муром,https://city2city.ru/vladimir-murom,130,2.0,4700
Владимир,поселок городского типа Нерль,https://city2city.ru/vladimir-nerl,240,3.5,7000
Владимир,посёлок городского типа Никологоры,https://city2city.ru/vladimir-nikologory,120,1.5,3500
Владимир,Нижний Новгород,https://city2city.ru/vladimir-nizhnij-novgorod,240,3.5,7000
Владимир,Обоянь,https://city2city.ru/vladimir-oboyan,780,11.0,23400
Владимир,Оренбург,https://city2city.ru/vladimir-orenburg,1315,19.0,39500
Владимир,Орёл,https://city2city.ru/vladimir-oryol,550,8.0,16500
Владимир,Ростов,https://city2city.ru/vladimir-rostov-velikij,1240,17.5,37000
Владимир,Рязань,https://city2city.ru/vladimir-ryazan,235,3.5,7000
Владимир,Санкт-Петербург,https://city2city.ru/vladimir-sankt-peterburg,885,12.5,26500
Владимир,Сергиев Посад,https://city2city.ru/vladimir-sergiev-posad,190,2.5,5500
Владимир,деревня Шумерля,https://city2city.ru/vladimir-shumerlya,440,6.5,13000
Владимир,Шуя,https://city2city.ru/vladimir-shuya,125,2.0,4000
Владимир,Собинка,https://city2city.ru/vladimir-sobinka,40,0.5,2000
Владимир,посёлок городского типа Ставрово,https://city2city.ru/vladimir-stavrovo,30,1.0,3000
Владимир,Судогда,https://city2city.ru/vladimir-sudogda,35,0.5,2000
Владимир,Суздаль,https://city2city.ru/vladimir-suzdal,35,1.0,3000
Владимир,Вологда,https://city2city.ru/vladimir-vologda,425,6.0,13000
Владимир,Воронеж,https://city2city.ru/vladimir-voronezh,625,9.0,18800
Владимир,Вязники,https://city2city.ru/vladimir-vyazniki,120,1.5,4300
Владимир,Ярославль,https://city2city.ru/vladimir-yaroslavl,230,3.5,7000
Владимир,посёлок городского типа Зубова Поляна,https://city2city.ru/vladimir-zubova-polyana,370,5.5,11000
Владивосток,Алдан,https://city2city.ru/vladivostok-aldan,2560,36.5,77000
Владивосток,Арсеньев,https://city2city.ru/vladivostok-arsenev,239,3.5,10000
Владивосток,Артём,https://city2city.ru/vladivostok-artyom,50,0.5,2000
Владивосток,Бикин,https://city2city.ru/vladivostok-bikin,540,7.5,16000
Владивосток,Биробиджан,https://city2city.ru/vladivostok-birobidzhan,950,13.5,28500
Владивосток,Благовещенск,https://city2city.ru/vladivostok-blagoveshhensk,1455,21.0,43600
Владивосток,Большой Камень,https://city2city.ru/vladivostok-bolshoj-kamen,115,1.5,5000
Владивосток,Чита,https://city2city.ru/vladivostok-chita,2865,41.0,86000
Владивосток,Дальнегорск,https://city2city.ru/vladivostok-dalnegorsk,490,7.0,14700
Владивосток,Дальнереченск,https://city2city.ru/vladivostok-dalnerechensk,410,6.0,12300
Владивосток,Фокино,https://city2city.ru/vladivostok-fokino,120,1.5,3500
Владивосток,курортный посёлок Горные Ключи,https://city2city.ru/vladivostok-gornye-klyuchi-shmakovka,310,4.5,9300
Владивосток,Хабаровск,https://city2city.ru/vladivostok-habarovsk,755,11.0,22600
Владивосток,Комсомольск-на-Амуре,https://city2city.ru/vladivostok-komsomolsk-na-amure,1150,16.5,34500
Владивосток,Красноярск,https://city2city.ru/vladivostok-krasnoyarsk,5000,71.5,150000
Владивосток,Лесозаводск,https://city2city.ru/vladivostok-lesozavodsk,350,5.0,10500
Владивосток,посёлок Ливадия,https://city2city.ru/vladivostok-livadiya,170,2.5,5600
Владивосток,Находка,https://city2city.ru/vladivostok-naxodka,185,2.5,7500
Владивосток,Нерюнгри,https://city2city.ru/vladivostok-neryungri,2305,33.0,69200
Владивосток,Николаевск-на-Амуре,https://city2city.ru/vladivostok-nikolaevsk-na-amure,1665,24.0,50000
Владивосток,Новосибирск,https://city2city.ru/vladivostok-novosibirsk,5800,83.0,174000
Владивосток,населенный пункт Остров Большой Олений (Русский Маяк),https://city2city.ru/vladivostok-ostrov-russkij,40,1.0,3000
Владивосток,Партизанск,https://city2city.ru/vladivostok-partizansk,175,2.5,5800
Владивосток,посёлок городского типа Славянка,https://city2city.ru/vladivostok-slavyanka,180,2.5,5900
Владивосток,Спасск-Дальний,https://city2city.ru/vladivostok-spassk-dalnij,226,3.0,9500
Владивосток,Улан-Удэ,https://city2city.ru/vladivostok-ulan-ude,3525,50.5,106000
Владивосток,Уссурийск,https://city2city.ru/vladivostok-ussurijsk,100,1.5,3600
Владивосток,Посёлок Врангель,https://city2city.ru/vladivostok-vrangel,205,3.0,6200
Владивосток,Якутск,https://city2city.ru/vladivostok-yakutsk,3100,44.5,93000
Волгоград,Анапа,https://city2city.ru/volgograd-anapa,880,12.5,26400
Волгоград,Балашов,https://city2city.ru/volgograd-balashov,740,10.5,22000
Волгоград,Белая Калитва,https://city2city.ru/volgograd-belaya-kalitva,320,4.5,9600
Волгоград,Белгород,https://city2city.ru/volgograd-belgorod,815,11.5,24400
Волгоград,станица Боковская,https://city2city.ru/volgograd-bokovskaya,265,4.0,8000
Волгоград,Борисоглебск,https://city2city.ru/volgograd-borisoglebsk,370,5.5,11000
Волгоград,рабочий посёлок Быково,https://city2city.ru/volgograd-bykovo,970,14.0,29000
Волгоград,посёлок городского типа Чертково,https://city2city.ru/volgograd-chertkovo,490,7.0,14500
Волгоград,Цимлянск,https://city2city.ru/volgograd-czimlyansk,313,4.5,9400
Волгоград,рабочий посёлок Даниловка,https://city2city.ru/volgograd-danilovka,235,3.5,7000
Волгоград,станица Должанская,https://city2city.ru/volgograd-dolzhanskaya,700,10.0,21000
Волгоград,Донецк,https://city2city.ru/volgograd-doneczk-rostovskaya-oblast,390,5.5,11700
Волгоград,Дубовка,https://city2city.ru/volgograd-dubovka,50,0.5,2000
Волгоград,Ейск,https://city2city.ru/volgograd-ejsk,665,9.5,20000
Волгоград,Екатеринбург,https://city2city.ru/volgograd-ekaterinburg,1695,24.0,51000
Волгоград,рабочий посёлок Елань-Коленовский,https://city2city.ru/volgograd-elan-kolenovskij,385,5.5,11600
Волгоград,Элиста,https://city2city.ru/volgograd-elista,295,4.0,8800
Волгоград,Ессентуки,https://city2city.ru/volgograd-essentuki,640,9.0,19000
Волгоград,Фролово,https://city2city.ru/volgograd-frolovo,145,2.0,4500
Волгоград,рабочий посёлок Городище,https://city2city.ru/volgograd-gorodishhe,14,1.0,3000
Волгоград,52А-3,https://city2city.ru/volgograd-granicza-kazaxstan,300,4.5,9000
Волгоград,рабочий посёлок Иловля,https://city2city.ru/volgograd-ilovlya,85,1.0,3800
Волгоград,Калач-на-Дону,https://city2city.ru/volgograd-kalach-na-donu,90,1.5,4000
Волгоград,Каменск-Шахтинский,https://city2city.ru/volgograd-kamensk-shaxtinskij,365,5.0,11000
Волгоград,Камышин,https://city2city.ru/volgograd-kamyshin,190,2.5,6300
Волгоград,Казань,https://city2city.ru/volgograd-kazan,1050,15.0,31500
Волгоград,Кисловодск,https://city2city.ru/volgograd-kislovodsk,650,9.5,19500
Волгоград,Котельниково,https://city2city.ru/volgograd-kotelnikovo,205,3.0,6200
Волгоград,Котово,https://city2city.ru/volgograd-kotovo,225,3.0,6800
Волгоград,Краснослободск,https://city2city.ru/volgograd-krasnoslobodsk,790,11.5,23500
Волгоград,поселок городского типа Красный Луч,https://city2city.ru/volgograd-krasnyj-luch,500,7.0,15000
Волгоград,Курск,https://city2city.ru/volgograd-kursk,805,11.5,24200
Волгоград,Лагань,https://city2city.ru/volgograd-lagan,590,8.5,17500
Волгоград,Ленинск,https://city2city.ru/volgograd-leninsk,65,1.0,2000
Волгоград,Льгов,https://city2city.ru/volgograd-lgov,890,12.5,26700
Волгоград,Липецк,https://city2city.ru/volgograd-lipeczk,650,9.5,19500
Волгоград,посёлок городского типа Изварино,https://city2city.ru/volgograd-mapp-izvarino,410,6.0,12300
Волгоград,Миллерово,https://city2city.ru/volgograd-millerovo,390,5.5,11500
Волгоград,Минеральные Воды,https://city2city.ru/volgograd-mineralnye-vody,600,8.5,18000
Волгоград,Морозовск,https://city2city.ru/volgograd-morozovsk,235,3.5,7000
Волгоград,Москва,https://city2city.ru/volgograd-moskva,970,14.0,29000
Волгоград,Набережные Челны,https://city2city.ru/volgograd-naberezhnye-chelny,1185,17.0,35600
Волгоград,Нариманов,https://city2city.ru/volgograd-narimanov,380,5.5,11500
Волгоград,Николаевск,https://city2city.ru/volgograd-nikolaevsk,9200,131.5,276000
Волгоград,Нижнекамск,https://city2city.ru/volgograd-nizhnekamsk,1130,16.0,33900
Волгоград,посёлок городского типа Нижний Баскунчак,https://city2city.ru/volgograd-nizhnij-baskunchak,205,3.0,6200
Волгоград,станица Обливская,https://city2city.ru/volgograd-oblivskaya,180,2.5,5900
Волгоград,Оренбург,https://city2city.ru/volgograd-orenburg,1170,16.5,35100
Волгоград,поселок городского типа Осинки,https://city2city.ru/volgograd-osinki,750,10.5,22500
Волгоград,Палласовка,https://city2city.ru/volgograd-pallasovka,285,4.0,8500
Волгоград,парк Лога,https://city2city.ru/volgograd-park-loga,380,5.5,11500
Волгоград,Пенза,https://city2city.ru/volgograd-penza,585,8.5,17500
Волгоград,Пермь,https://city2city.ru/volgograd-perm,1655,23.5,49500
Волгоград,посёлок городского типа Цаган Аман,https://city2city.ru/volgograd-posyolok-czagan-aman,250,3.5,7500
Волгоград,поселок Кетченеры,https://city2city.ru/volgograd-posyolok-ketchenery,180,2.5,5900
Волгоград,посёлок Комсомольский,https://city2city.ru/volgograd-posyolok-komsomolskij,500,7.0,15000
Волгоград,посёлок Орловский,https://city2city.ru/volgograd-posyolok-orlovskij,335,5.0,10000
Волгоград,посёлок Зимовники,https://city2city.ru/volgograd-posyolok-zimovniki,290,4.0,8500
Волгоград,Пятигорск,https://city2city.ru/volgograd-pyatigorsk,640,9.0,19000
Волгоград,Россошь,https://city2city.ru/volgograd-rossosh,565,8.0,17000
Волгоград,Ростов-на-Дону,https://city2city.ru/volgograd-rostov-na-donu,490,7.0,14700
Волгоград,рабочий посёлок Рудня,https://city2city.ru/volgograd-rudnya,1400,20.0,42000
Волгоград,Рязань,https://city2city.ru/volgograd-ryazan,800,11.5,24000
Волгоград,Сальск,https://city2city.ru/volgograd-salsk,400,5.5,12000
Волгоград,Самара,https://city2city.ru/volgograd-samara,785,11.0,23600
Волгоград,Санкт-Петербург,https://city2city.ru/volgograd-sankt-peterburg,1680,24.0,50400
Волгоград,Саратов,https://city2city.ru/volgograd-saratov,375,5.5,11000
Волгоград,село Дубовское,https://city2city.ru/volgograd-selo-dubovskoe,250,3.5,7500
Волгоград,село Малые Дербеты,https://city2city.ru/volgograd-selo-malye-derbety,100,1.5,3600
Волгоград,село Мокрая Ольховка,https://city2city.ru/volgograd-selo-olxovka,251,3.5,7500
Волгоград,село Садовое,https://city2city.ru/volgograd-selo-sadovoe,120,1.5,4300
Волгоград,село Старая Полтавка,https://city2city.ru/volgograd-selo-staraya-poltavka,360,5.0,11000
Волгоград,Семикаракорск,https://city2city.ru/volgograd-semikarakorsk,390,5.5,11500
Волгоград,Серафимович,https://city2city.ru/volgograd-serafimovich,255,3.5,7500
Волгоград,Севастополь,https://city2city.ru/volgograd-sevastopol,1170,16.5,35100
Волгоград,Сочи,https://city2city.ru/volgograd-sochi,990,14.0,29500
Волгоград,рабочий посёлок Средняя Ахтуба,https://city2city.ru/volgograd-srednyaya-axtuba,30,0.5,2000
Волгоград,станица Клетская,https://city2city.ru/volgograd-stanicza-kletskaya,180,2.5,5900
Волгоград,станица Кумылженская,https://city2city.ru/volgograd-stanicza-kumylzhenskaya,235,3.5,7000
Волгоград,Ставрополь,https://city2city.ru/volgograd-stavropol,555,8.0,16500
Волгоград,село Степное,https://city2city.ru/volgograd-stepnoe,105,1.5,3000
Волгоград,Суровикино,https://city2city.ru/volgograd-surovikino,140,2.0,4000
Волгоград,поселок городского типа Суходол,https://city2city.ru/volgograd-suxodol,50,1.0,3000
Волгоград,Сызрань,https://city2city.ru/volgograd-syzran,680,9.5,20500
Волгоград,Тамбов,https://city2city.ru/volgograd-tambov,525,7.5,15800
Волгоград,Тольятти,https://city2city.ru/volgograd-tolyatti,790,11.5,23500
Волгоград,Туапсе,https://city2city.ru/volgograd-tuapse,880,12.5,26500
Волгоград,Уфа,https://city2city.ru/volgograd-ufa,1245,18.0,37400
Волгоград,Урюпинск,https://city2city.ru/volgograd-uryupinsk,340,5.0,10200
Волгоград,Волгодонск,https://city2city.ru/volgograd-volgodonsk,310,4.5,9300
Волгоград,Волжский,https://city2city.ru/volgograd-volzhskij,25,1.0,3000
Волгоград,Воронеж,https://city2city.ru/volgograd-voronezh,580,8.5,17500
Волгоград,станица Вешенская,https://city2city.ru/volgograd-vyoshenskaya,320,4.5,9500
Волгоград,Жирновск,https://city2city.ru/volgograd-zhirnovsk,310,4.5,9500
Волгоград,Знаменск,https://city2city.ru/volgograd-znamensk,105,1.5,3800
Вологда,Архангельск,https://city2city.ru/vologda-arhangelsk,765,11.0,23000
Вологда,Белгород,https://city2city.ru/vologda-belgorod,1135,16.0,34000
Вологда,Белозерск,https://city2city.ru/vologda-belozersk,215,3.0,6500
Вологда,Буй,https://city2city.ru/vologda-buy,190,2.5,5500
Вологда,город Грязовец,https://city2city.ru/vologda-gryazovets,45,1.0,3000
Вологда,Харовск,https://city2city.ru/vologda-harovsk,110,1.5,3500
Вологда,город Кадников,https://city2city.ru/vologda-kadnikov,45,0.5,2000
Вологда,Казань,https://city2city.ru/vologda-kazan,1070,15.5,32100
Вологда,Кириллов,https://city2city.ru/vologda-kirillov,130,2.0,4700
Вологда,Кострома,https://city2city.ru/vologda-kostroma,280,4.0,8500
Вологда,рабочий посёлок Куркино,https://city2city.ru/vologda-kurkino,470,6.5,14000
Вологда,Москва,https://city2city.ru/vologda-moskva,460,6.5,13800
Вологда,село Никольск,https://city2city.ru/vologda-nikolsk,410,6.0,12300
Вологда,Няндома,https://city2city.ru/vologda-nyandoma,460,6.5,14000
Вологда,Псков,https://city2city.ru/vologda-pskov,805,11.5,24000
Вологда,Санкт-Петербург,https://city2city.ru/vologda-sankt-peterburg,655,9.5,19600
Вологда,рабочий посёлок Шексна,https://city2city.ru/vologda-sheksna,85,1.0,2500
Вологда,Сосновка,https://city2city.ru/vologda-sosnovka,890,12.5,26500
Вологда,Талица,https://city2city.ru/vologda-talitsa,35,0.5,2000
Вологда,Тотьма,https://city2city.ru/vologda-totma,210,3.0,6500
Вологда,Углич,https://city2city.ru/vologda-uglich,295,4.0,9000
Вологда,Валуйки,https://city2city.ru/vologda-valuyki,1220,17.5,36500
Вологда,Великий Устюг,https://city2city.ru/vologda-velikiy-ustyug,450,6.5,13500
Вологда,Вельск,https://city2city.ru/vologda-velsk,255,3.5,7600
Вологда,Владимир,https://city2city.ru/vologda-vladimir,410,6.0,12500
Вологда,Воронеж,https://city2city.ru/vologda-voronezh,980,14.0,29500
Вологда,рабочий посёлок Вожега,https://city2city.ru/vologda-vozhega,175,2.5,5000
Вологда,Вытегра,https://city2city.ru/vologda-vytegra,320,4.5,9500
Вологда,Яранск,https://city2city.ru/vologda-yaransk,654,9.5,19600
Вологда,Ярославль,https://city2city.ru/vologda-yaroslavl,195,3.0,6000
Воронеж,Адлер,https://city2city.ru/voronezh-adler,1140,16.5,34000
Воронеж,Анапа,https://city2city.ru/voronezh-anapa,990,14.0,29500
Воронеж,посёлок городского типа Анна,https://city2city.ru/voronezh-anna,100,1.5,3600
Воронеж,Архангельск,https://city2city.ru/voronezh-arxangelsk,1740,25.0,52000
Воронеж,Бобров,https://city2city.ru/voronezh-bobrov,100,1.5,3000
Воронеж,Богучар,https://city2city.ru/voronezh-boguchar,240,3.5,7000
Воронеж,Борисоглебск,https://city2city.ru/voronezh-borisoglebsk,225,3.0,7000
Воронеж,поселок городского типа Боровой,https://city2city.ru/voronezh-borovoj,1150,16.5,34500
Воронеж,Брянск,https://city2city.ru/voronezh-bryansk,445,6.5,13400
Воронеж,Бутурлиновка,https://city2city.ru/voronezh-buturlinovka,180,2.5,5500
Воронеж,Бузулук,https://city2city.ru/voronezh-buzuluk,1080,15.5,32400
Воронеж,Челябинск,https://city2city.ru/voronezh-chelyabinsk,1740,25.0,52200
Воронеж,Данков,https://city2city.ru/voronezh-dankov,210,3.0,6500
Воронеж,посёлок Давыдовка,https://city2city.ru/voronezh-davydovka,85,1.0,3800
Воронеж,Домодедово,https://city2city.ru/voronezh-domodedovo,480,7.0,14500
Воронеж,Ефремов,https://city2city.ru/voronezh-efremov,200,3.0,6000
Воронеж,Ейск,https://city2city.ru/voronezh-ejsk,755,11.0,22600
Воронеж,Екатеринбург,https://city2city.ru/voronezh-ekaterinburg,1790,25.5,53700
Воронеж,Эртиль,https://city2city.ru/voronezh-ertil,125,2.0,4500
Воронеж,Геленджик,https://city2city.ru/voronezh-gelendzhik,1010,14.5,30500
Воронеж,52А-3,https://city2city.ru/voronezh-granicza-kazaxstan,870,12.5,26100
Воронеж,поселок городского типа Гремячево,https://city2city.ru/voronezh-gremyachevo,610,8.5,18500
Воронеж,Губкин,https://city2city.ru/voronezh-gubkin,140,2.0,4000
Воронеж,Иваново,https://city2city.ru/voronezh-ivanovo,740,10.5,22000
Воронеж,Калач,https://city2city.ru/voronezh-kalach,230,3.5,7000
Воронеж,посёлок городского типа Каменка,https://city2city.ru/voronezh-kamenka-3,440,6.5,13000
Воронеж,рабочий посёлок Кантемировка,https://city2city.ru/voronezh-kantemirovka,295,4.0,9000
Воронеж,Касимов,https://city2city.ru/voronezh-kasimov,470,6.5,14000
Воронеж,Казань,https://city2city.ru/voronezh-kazan,1050,15.0,31500
Воронеж,Клин,https://city2city.ru/voronezh-klin,620,9.0,18500
Воронеж,Короча,https://city2city.ru/voronezh-korocha,205,3.0,6000
Воронеж,Кострома,https://city2city.ru/voronezh-kostroma,850,12.0,25500
Воронеж,Курчатов,https://city2city.ru/voronezh-kurchatov,290,4.0,8500
Воронеж,Усть-Лабинск,https://city2city.ru/voronezh-labinsk,900,13.0,27000
Воронеж,рабочий посёлок Латная,https://city2city.ru/voronezh-latnaya,30,0.5,2000
Воронеж,Лебедянь,https://city2city.ru/voronezh-lebedyan,190,2.5,5500
Воронеж,Ливны,https://city2city.ru/voronezh-livny,200,3.0,6000
Воронеж,Минеральные Воды,https://city2city.ru/voronezh-mineralnye-vody,1045,15.0,31500
Воронеж,рабочий посёлок Мордово,https://city2city.ru/voronezh-mordovo,140,2.0,4000
Воронеж,Моршанск,https://city2city.ru/voronezh-morshansk,310,4.5,9500
Воронеж,Москва,https://city2city.ru/voronezh-moskva,515,7.5,15400
Воронеж,Набережные Челны,https://city2city.ru/voronezh-naberezhnye-chelny,1230,17.5,36900
Воронеж,Наро-Фоминск,https://city2city.ru/voronezh-naro-fominsk,550,8.0,16500
Воронеж,Нижний Новгород,https://city2city.ru/voronezh-nizhnij-novgorod,740,10.5,22200
Воронеж,Новомосковск,https://city2city.ru/voronezh-novomoskovsk,330,4.5,10000
Воронеж,Нововоронеж,https://city2city.ru/voronezh-novovoronezh,45,0.5,2000
Воронеж,Новый Оскол,https://city2city.ru/voronezh-novyj-oskol,220,3.0,6500
Воронеж,Опочка,https://city2city.ru/voronezh-opochka,1120,16.0,33600
Воронеж,Оренбург,https://city2city.ru/voronezh-orenburg,1320,19.0,39600
Воронеж,Орёл,https://city2city.ru/voronezh-oryol,340,5.0,10200
Воронеж,Острогожск,https://city2city.ru/voronezh-ostrogozhsk,105,1.5,3800
Воронеж,рабочий посёлок Панино,https://city2city.ru/voronezh-panino,70,1.0,2000
Воронеж,парк Лога,https://city2city.ru/voronezh-park-loga,430,6.0,13000
Воронеж,Павловск,https://city2city.ru/voronezh-pavlovsk,170,2.5,5000
Воронеж,Пенза,https://city2city.ru/voronezh-penza,510,7.5,15500
Воронеж,Петрозаводск,https://city2city.ru/voronezh-petrozavodsk,1525,22.0,45800
Воронеж,Псков,https://city2city.ru/voronezh-pskov,1325,19.0,39800
Воронеж,рабочий посёлок Рамонь,https://city2city.ru/voronezh-ramon,40,0.5,2000
Воронеж,Рассказово,https://city2city.ru/voronezh-rasskazovo,255,3.5,7500
Воронеж,Ростов-на-Дону,https://city2city.ru/voronezh-rostov-na-donu,570,8.0,17100
Воронеж,Ростов,https://city2city.ru/voronezh-rostov-velikij,570,8.0,17000
Воронеж,посёлок городского типа Ровеньки,https://city2city.ru/voronezh-rovenki,270,4.0,8000
Воронеж,Рязань,https://city2city.ru/voronezh-ryazan,390,5.5,11500
Воронеж,Самара,https://city2city.ru/voronezh-samara,935,13.5,28000
Воронеж,Санкт-Петербург,https://city2city.ru/voronezh-sankt-peterburg,1225,17.5,37000
Воронеж,Саранск,https://city2city.ru/voronezh-saransk,630,9.0,19000
Воронеж,Саратов,https://city2city.ru/voronezh-saratov,515,7.5,15400
Воронеж,село Троицкое,https://city2city.ru/voronezh-selo-troiczkoe,110,1.5,3500
Воронеж,город Семилуки,https://city2city.ru/voronezh-semiluki,20,1.0,3000
Воронеж,Сергиев Посад,https://city2city.ru/voronezh-sergiev-posad,600,8.5,18000
Воронеж,Севастополь,https://city2city.ru/voronezh-sevastopol,1340,19.0,40000
Воронеж,рабочий посёлок Шилово,https://city2city.ru/voronezh-shilovo,15,1.0,3000
Воронеж,Смоленск,https://city2city.ru/voronezh-smolensk,695,10.0,20800
Воронеж,Сочи,https://city2city.ru/voronezh-sochi,1115,16.0,33400
Воронеж,станица Тацинская,https://city2city.ru/voronezh-stanicza-taczinskaya,529,7.5,15900
Воронеж,Строитель,https://city2city.ru/voronezh-stroitel,255,3.5,7500
Воронеж,Ступино,https://city2city.ru/voronezh-stupino,410,6.0,12500
Воронеж,посёлок Таловая,https://city2city.ru/voronezh-talovaya,160,2.5,5000
Воронеж,Темрюк,https://city2city.ru/voronezh-temryuk,970,14.0,29000
Воронеж,рабочий посёлок Токарёвка,https://city2city.ru/voronezh-tokaryovka,170,2.5,5000
Воронеж,Туапсе,https://city2city.ru/voronezh-tuapse,995,14.0,29800
Воронеж,Тула,https://city2city.ru/voronezh-tula,345,5.0,10500
Воронеж,Уфа,https://city2city.ru/voronezh-ufa,1335,19.0,40000
Воронеж,посёлок городского типа Уразово,https://city2city.ru/voronezh-urazovo,240,3.5,7000
Воронеж,Усмань,https://city2city.ru/voronezh-usman,75,1.0,2000
Воронеж,Великие Луки,https://city2city.ru/voronezh-velikie-luki,980,14.0,29400
Воронеж,Владимир,https://city2city.ru/voronezh-vladimir,625,9.0,18800
Воронеж,Волгоград,https://city2city.ru/voronezh-volgograd,580,8.5,17500
Воронеж,посёлок городского типа Волоконовка,https://city2city.ru/voronezh-volokonovka,220,3.0,6500
Воронеж,поселок Волово,https://city2city.ru/voronezh-volovo,155,2.0,4500
Воронеж,рабочий посёлок Хохлово,https://city2city.ru/voronezh-xoxlovo,250,3.5,7500
Воронеж,Ялта,https://city2city.ru/voronezh-yalta,1320,19.0,39500
Воронеж,Ярославль,https://city2city.ru/voronezh-yaroslavl,780,11.0,23400
Воронеж,рабочий поселок Южный,https://city2city.ru/voronezh-yuzhnyj,330,4.5,10000
Воронеж,Задонск,https://city2city.ru/voronezh-zadonsk,95,1.5,3000
Воронеж,Железногорск,https://city2city.ru/voronezh-zheleznogorsk,330,4.5,10000
Воронеж,Жердевка,https://city2city.ru/voronezh-zherdevka,205,3.0,6000
Воронеж,Жирновск,https://city2city.ru/voronezh-zhirnovsk,480,7.0,14500
Хабаровск,Алдан,https://city2city.ru/xabarovsk-aldan,7200,103.0,216000
Хабаровск,Алдан,https://city2city.ru/xabarovsk-aldan-2,7200,103.0,216000
Хабаровск,Амурск,https://city2city.ru/xabarovsk-amursk,430,6.0,12900
Хабаровск,Амурск,https://city2city.ru/xabarovsk-amursk-2,430,6.0,13000
Хабаровск,Арсеньев,https://city2city.ru/xabarovsk-arsenev,620,9.0,18600
Хабаровск,Артём,https://city2city.ru/xabarovsk-artyom,730,10.5,22000
Хабаровск,Белогорск,https://city2city.ru/xabarovsk-belogorsk-2,670,9.5,20000
Хабаровск,Бикин,https://city2city.ru/xabarovsk-bikin,225,3.0,6800
Хабаровск,Бикин,https://city2city.ru/xabarovsk-bikin-2,225,3.0,7000
Хабаровск,посёлок Бира,https://city2city.ru/xabarovsk-bira-2,235,3.5,7000
Хабаровск,поселок городского типа Биракан,https://city2city.ru/xabarovsk-birakan,295,4.0,9000
Хабаровск,поселок городского типа Биракан,https://city2city.ru/xabarovsk-birakan-2,295,4.0,9000
Хабаровск,Биробиджан,https://city2city.ru/xabarovsk-birobidzhan,190,2.5,6300
Хабаровск,Биробиджан,https://city2city.ru/xabarovsk-birobidzhan-2,190,2.5,5500
Хабаровск,Благовещенск,https://city2city.ru/xabarovsk-blagoveshhensk,720,10.5,21600
Хабаровск,Благовещенск,https://city2city.ru/xabarovsk-blagoveshhensk-2,730,10.5,22000
Хабаровск,Челябинск,https://city2city.ru/xabarovsk-chelyabinsk-2,6575,94.0,197000
Хабаровск,Чита,https://city2city.ru/xabarovsk-chita,2105,30.0,63200
Хабаровск,Чита,https://city2city.ru/xabarovsk-chita-2,2105,30.0,63000
Хабаровск,Дальнегорск,https://city2city.ru/xabarovsk-dalnegorsk,795,11.5,23800
Хабаровск,Дальнегорск,https://city2city.ru/xabarovsk-dalnegorsk-2,820,11.5,24500
Хабаровск,Дальнереченск,https://city2city.ru/xabarovsk-dalnerechensk,360,5.0,10800
Хабаровск,курортный посёлок Горные Ключи,https://city2city.ru/xabarovsk-gornye-klyuchi-shmakovka,440,6.5,13200
Хабаровск,курортный посёлок Горные Ключи,https://city2city.ru/xabarovsk-gornye-klyuchi-shmakovka-2,440,6.5,13200
Хабаровск,поселок городского типа Известковый,https://city2city.ru/xabarovsk-izvestkovyj,310,4.5,9500
Хабаровск,поселок городского типа Известковый,https://city2city.ru/xabarovsk-izvestkovyj-2,430,6.0,12900
Хабаровск,Комсомольск-на-Амуре,https://city2city.ru/xabarovsk-komsomolsk-na-amure,400,5.5,12000
Хабаровск,Комсомольск-на-Амуре,https://city2city.ru/xabarovsk-komsomolsk-na-amure-2,400,5.5,12000
Хабаровск,поселок городского типа Кульдур,https://city2city.ru/xabarovsk-kuldur,320,4.5,9600
Хабаровск,поселок городского типа Кульдур,https://city2city.ru/xabarovsk-kuldur-2,320,4.5,9600
Хабаровск,Лесозаводск,https://city2city.ru/xabarovsk-lesozavodsk,420,6.0,12500
Хабаровск,Лесозаводск,https://city2city.ru/xabarovsk-lesozavodsk-2,420,6.0,12500
Хабаровск,посёлок Ливадия,https://city2city.ru/xabarovsk-livadiya-2,860,12.5,26000
Хабаровск,рабочий поселок Малышева,https://city2city.ru/xabarovsk-malysheva-2,6600,94.5,198000
Хабаровск,Находка,https://city2city.ru/xabarovsk-naxodka,870,12.5,26000
Хабаровск,Находка,https://city2city.ru/xabarovsk-naxodka-2,870,12.5,26000
Хабаровск,Нерюнгри,https://city2city.ru/xabarovsk-neryungri,1550,22.0,46500
Хабаровск,посёлок городского типа Николаевка,https://city2city.ru/xabarovsk-nikolaevka,7700,110.0,231000
Хабаровск,посёлок городского типа Николаевка,https://city2city.ru/xabarovsk-nikolaevka-2,45,1.0,3000
Хабаровск,Николаевск-на-Амуре,https://city2city.ru/xabarovsk-nikolaevsk-na-amure,915,13.0,27400
Хабаровск,Николаевск-на-Амуре,https://city2city.ru/xabarovsk-nikolaevsk-na-amure-2,910,13.0,27500
Хабаровск,Новосибирск,https://city2city.ru/xabarovsk-novosibirsk,5020,71.5,150500
Хабаровск,Новосибирск,https://city2city.ru/xabarovsk-novosibirsk-2,5020,71.5,150500
Хабаровск,Облучье,https://city2city.ru/xabarovsk-obluche-2,360,5.0,10800
Хабаровск,Партизанск,https://city2city.ru/xabarovsk-partizansk,860,12.5,26000
Хабаровск,поселок городского типа Приамурский,https://city2city.ru/xabarovsk-priamurskij-2,25,0.5,2000
Хабаровск,Сковородино,https://city2city.ru/xabarovsk-skovorodino-2,1210,17.5,36500
Хабаровск,посёлок городского типа Смидович,https://city2city.ru/xabarovsk-smidovich,110,1.5,3500
Хабаровск,посёлок городского типа Смидович,https://city2city.ru/xabarovsk-smidovich-2,110,1.5,4000
Хабаровск,Советская Гавань,https://city2city.ru/xabarovsk-sovetskaya-gavan,570,8.0,17100
Хабаровск,Советская Гавань,https://city2city.ru/xabarovsk-sovetskaya-gavan-2,580,8.5,17500
Хабаровск,Спасск-Дальний,https://city2city.ru/xabarovsk-spassk-dalnij,550,8.0,16500
Хабаровск,Свободный,https://city2city.ru/xabarovsk-svobodnyj,760,11.0,23000
Хабаровск,Свободный,https://city2city.ru/xabarovsk-svobodnyj-2,760,11.0,23000
Хабаровск,посёлок городского типа Таёжный,https://city2city.ru/xabarovsk-tayozhnyj,400,5.5,12000
Хабаровск,посёлок городского типа Таёжный,https://city2city.ru/xabarovsk-tayozhnyj-2,400,5.5,12000
Хабаровск,посёлок городского типа Теплоозёрск,https://city2city.ru/xabarovsk-teploozyorsk,280,4.0,8500
Хабаровск,посёлок городского типа Теплоозёрск,https://city2city.ru/xabarovsk-teploozyorsk-2,280,4.0,8500
Хабаровск,Троицк,https://city2city.ru/xabarovsk-troiczk,6700,95.5,201000
Хабаровск,Тында,https://city2city.ru/xabarovsk-tynda,1340,19.0,40000
Хабаровск,Тында,https://city2city.ru/xabarovsk-tynda-2,1340,19.0,40000
Хабаровск,Улан-Удэ,https://city2city.ru/xabarovsk-ulan-ude-2,2770,39.5,83000
Хабаровск,Уссурийск,https://city2city.ru/xabarovsk-ussurijsk,665,9.5,20000
Хабаровск,Уссурийск,https://city2city.ru/xabarovsk-ussurijsk-2,660,9.5,20000
Хабаровск,посёлок городского типа Ванино,https://city2city.ru/xabarovsk-vanino,540,7.5,16200
Хабаровск,посёлок городского типа Ванино,https://city2city.ru/xabarovsk-vanino-2,540,7.5,16200
Хабаровск,Владивосток,https://city2city.ru/xabarovsk-vladivostok,760,11.0,22800
Хабаровск,Владивосток,https://city2city.ru/xabarovsk-vladivostok-2,750,10.5,22500
Хабаровск,посёлок городского типа Волочаевка-2,https://city2city.ru/xabarovsk-volochaevka-2,55,1.0,3000
Хабаровск,посёлок городского типа Волочаевка-2,https://city2city.ru/xabarovsk-volochaevka-2-2,55,1.0,3000
Хабаровск,Вяземский,https://city2city.ru/xabarovsk-vyazemskij,135,2.0,4900
Хабаровск,Вяземский,https://city2city.ru/xabarovsk-vyazemskij-2,130,2.0,4000
Хабаровск,Завитинск,https://city2city.ru/xabarovsk-zavitinsk-2,550,8.0,16500
Хабаровск,Зея,https://city2city.ru/xabarovsk-zeya,1080,15.5,32500
Ханты-Мансийск,поселок городского типа Андра,https://city2city.ru/xanty-mansijsk-andra,390,5.5,11500
Ханты-Мансийск,Челябинск,https://city2city.ru/xanty-mansijsk-chelyabinsk,1130,16.0,34000
Ханты-Мансийск,Екатеринбург,https://city2city.ru/xanty-mansijsk-ekaterinburg,1010,14.5,30300
Ханты-Мансийск,52А-3,https://city2city.ru/xanty-mansijsk-granicza-kazaxstan,910,13.0,27300
Ханты-Мансийск,Когалым,https://city2city.ru/xanty-mansijsk-kogalym,470,6.5,14000
Ханты-Мансийск,посёлок городского типа Кондинское,https://city2city.ru/xanty-mansijsk-kondinskoe,431,6.0,17500
Ханты-Мансийск,посёлок городского типа Малиновский,https://city2city.ru/xanty-mansijsk-malinovskij,420,6.0,12500
Ханты-Мансийск,посёлок городского типа Междуреченский,https://city2city.ru/xanty-mansijsk-mezhdurechenskij,550,8.0,16500
Ханты-Мансийск,Межгорье,https://city2city.ru/xanty-mansijsk-mezhgore,1484,21.0,59500
Ханты-Мансийск,Нефтеюганск,https://city2city.ru/xanty-mansijsk-nefteyugansk,240,3.5,7200
Ханты-Мансийск,Нижневартовск,https://city2city.ru/xanty-mansijsk-nizhnevartovsk,520,7.5,15600
Ханты-Мансийск,посёлок городского типа Пойковский,https://city2city.ru/xanty-mansijsk-pojkovskij,185,2.5,6100
Ханты-Мансийск,посёлок городского типа Приобье,https://city2city.ru/xanty-mansijsk-priobe,450,6.5,13500
Ханты-Мансийск,Пыть-Ях,https://city2city.ru/xanty-mansijsk-pyt-yax,260,3.5,7800
Ханты-Мансийск,Советский,https://city2city.ru/xanty-mansijsk-sovetskij,370,5.5,11100
Ханты-Мансийск,Сургут,https://city2city.ru/xanty-mansijsk-surgut,300,4.5,9000
Ханты-Мансийск,посёлок городского типа Талинка,https://city2city.ru/xanty-mansijsk-talinka,190,2.5,6300
Ханты-Мансийск,посёлок городского типа Таёжный,https://city2city.ru/xanty-mansijsk-tayozhnyj,430,6.0,13000
Ханты-Мансийск,Тобольск,https://city2city.ru/xanty-mansijsk-tobolsk,440,6.5,13000
Ханты-Мансийск,Тюмень,https://city2city.ru/xanty-mansijsk-tyumen,680,9.5,20500
Ханты-Мансийск,Уфа,https://city2city.ru/xanty-mansijsk-ufa,1550,22.0,46500
Ханты-Мансийск,Урай,https://city2city.ru/xanty-mansijsk-uraj,430,6.0,12900
Ханты-Мансийск,Югорск,https://city2city.ru/xanty-mansijsk-yugorsk,380,5.5,11400
Якутск,аэропорт Владивосток (Кневичи) имени В.К. Арсеньева,https://city2city.ru/yakutsk-aeroport-artyom-vladivostok,3100,44.5,93000
Якутск,аэропорт Улан-Удэ (Байкал),https://city2city.ru/yakutsk-aeroport-bajkal-ulan-ude,2800,40.0,84000
Якутск,аэропорт Новосибирск (Толмачёво) имени А.И. Покрышкина,https://city2city.ru/yakutsk-aeroport-tolmachevo-novosibirsk,5100,73.0,153000
Якутск,Белогорск,https://city2city.ru/yakutsk-belogorsk,1680,24.0,50500
Якутск,Благовещенск,https://city2city.ru/yakutsk-blagoveshhensk,1765,25.0,53000
Якутск,Чита,https://city2city.ru/yakutsk-chita,2065,29.5,62000
Якутск,Екатеринбург,https://city2city.ru/yakutsk-ekaterinburg,6585,94.0,197500
Якутск,Иркутск,https://city2city.ru/yakutsk-irkutsk,3165,45.0,95000
Якутск,Красноярск,https://city2city.ru/yakutsk-krasnoyarsk,4205,60.0,126000
Якутск,Новосибирск,https://city2city.ru/yakutsk-novosibirsk,4980,71.0,149400
Якутск,Сковородино,https://city2city.ru/yakutsk-skovorodino,1160,16.5,35000
Якутск,Свободный,https://city2city.ru/yakutsk-svobodnyj,1610,23.0,48500
Якутск,Томмот,https://city2city.ru/yakutsk-tommot,450,6.5,13500
Якутск,Тында,https://city2city.ru/yakutsk-tynda,990,14.0,29700
Якутск,Улан-Удэ,https://city2city.ru/yakutsk-ulan-ude,2725,39.0,81800
Якутск,Владивосток,https://city2city.ru/yakutsk-vladivostok,3090,44.0,92700
Якутск,Хабаровск,https://city2city.ru/yakutsk-xabarovsk,2335,33.5,70000
Ярославль,Адлер,https://city2city.ru/yaroslavl-adler,7600,108.5,228000
Ярославль,Анапа,https://city2city.ru/yaroslavl-anapa,1770,25.5,53000
Ярославль,Белгород,https://city2city.ru/yaroslavl-belgorod,940,13.5,28200
Ярославль,Буй,https://city2city.ru/yaroslavl-buj,185,2.5,5500
Ярославль,поселок городского типа Бурмакино,https://city2city.ru/yaroslavl-burmakino,45,0.5,2000
Ярославль,город Фурманов,https://city2city.ru/yaroslavl-furmanov,145,2.0,4500
Ярославль,Галич,https://city2city.ru/yaroslavl-galich,205,3.0,6000
Ярославль,Гаврилов-Ям,https://city2city.ru/yaroslavl-gavrilov-yam,50,0.5,2000
Ярославль,52А-3,https://city2city.ru/yaroslavl-granicza-kazaxstan,1470,21.0,44100
Ярославль,поселок городского типа Ильинское-Хованское,https://city2city.ru/yaroslavl-ilinskoe-xovanskoe,340,5.0,10000
Ярославль,Йошкар-Ола,https://city2city.ru/yaroslavl-joshkar-ola,690,10.0,20700
Ярославль,Карабихское сельское поселение,https://city2city.ru/yaroslavl-karabixskoe,20,0.5,2000
Ярославль,Казань,https://city2city.ru/yaroslavl-kazan,750,10.5,22500
Ярославль,Кимры,https://city2city.ru/yaroslavl-kimry,245,3.5,7500
Ярославль,Кинешма,https://city2city.ru/yaroslavl-kineshma,205,3.0,6000
Ярославль,Киреевск,https://city2city.ru/yaroslavl-kireevsk,490,7.0,14500
Ярославль,Киров,https://city2city.ru/yaroslavl-kirov,700,10.0,21000
Ярославль,Кольчугино,https://city2city.ru/yaroslavl-kolchugino,220,3.0,6500
Ярославль,Кострома,https://city2city.ru/yaroslavl-kostroma,85,1.0,3800
Ярославль,Котлас,https://city2city.ru/yaroslavl-kotlas,710,10.0,21500
Ярославль,Ковров,https://city2city.ru/yaroslavl-kovrov,215,3.0,6500
Ярославль,посёлок городского типа Красное-на-Волге,https://city2city.ru/yaroslavl-krasnoe-na-volge,120,1.5,3500
Ярославль,сельское поселение Красный Профинтерн,https://city2city.ru/yaroslavl-krasnyj-profintern,40,1.0,3000
Ярославль,Красный Холм,https://city2city.ru/yaroslavl-krasnyj-xolm,225,3.0,6800
Ярославль,Кстово,https://city2city.ru/yaroslavl-kstovo,380,5.5,11500
Ярославль,Любим,https://city2city.ru/yaroslavl-lyubim,110,1.5,3500
Ярославль,Макарьев,https://city2city.ru/yaroslavl-makarev,450,6.5,13500
Ярославль,Москва,https://city2city.ru/yaroslavl-moskva,265,4.0,8000
Ярославль,Мурманск,https://city2city.ru/yaroslavl-murmansk,1595,23.0,48000
Ярославль,Муром,https://city2city.ru/yaroslavl-murom,360,5.0,11000
Ярославль,Мышкин,https://city2city.ru/yaroslavl-myshkin,150,2.0,5000
Ярославль,Мытищи,https://city2city.ru/yaroslavl-mytishhi,250,3.5,7500
Ярославль,Наро-Фоминск,https://city2city.ru/yaroslavl-naro-fominsk,360,5.0,11000
Ярославль,посёлок городского типа Некрасовское,https://city2city.ru/yaroslavl-nekrasovskoe,45,0.5,2000
Ярославль,Нижний Новгород,https://city2city.ru/yaroslavl-nizhnij-novgorod,400,5.5,12000
Ярославль,Орёл,https://city2city.ru/yaroslavl-oryol,640,9.0,19000
Ярославль,Переславль-Залесский,https://city2city.ru/yaroslavl-pereslavl-zalesskij,125,2.0,4000
Ярославль,Петровск,https://city2city.ru/yaroslavl-petrovsk,920,13.0,27500
Ярославль,Плёс,https://city2city.ru/yaroslavl-plyos,145,2.0,5200
Ярославль,Подольск,https://city2city.ru/yaroslavl-podolsk,314,4.5,9400
Ярославль,Пошехонье,https://city2city.ru/yaroslavl-poshexone,150,2.0,4500
Ярославль,посёлок городского типа Пречистое,https://city2city.ru/yaroslavl-prechistoe,100,1.5,3000
Ярославль,Приволжск,https://city2city.ru/yaroslavl-privolzhsk,125,2.0,4000
Ярославль,Ростов-на-Дону,https://city2city.ru/yaroslavl-rostov-na-donu,1350,19.5,40500
Ярославль,Ростов,https://city2city.ru/yaroslavl-rostov-velikij,60,1.0,3000
Ярославль,Рязань,https://city2city.ru/yaroslavl-ryazan,470,6.5,14000
Ярославль,Рыбинск,https://city2city.ru/yaroslavl-rybinsk,85,1.0,3800
Ярославль,Самара,https://city2city.ru/yaroslavl-samara,1030,14.5,31000
Ярославль,Санкт-Петербург,https://city2city.ru/yaroslavl-sankt-peterburg,780,11.0,23500
Ярославль,Саратов,https://city2city.ru/yaroslavl-saratov,1020,14.5,30600
Ярославль,поселок городского типа Семибратово,https://city2city.ru/yaroslavl-semibratovo,45,0.5,2000
Ярославль,Шарья,https://city2city.ru/yaroslavl-sharya,400,5.5,12000
Ярославль,Шуя,https://city2city.ru/yaroslavl-shuya,150,2.0,4500
Ярославль,Сочи,https://city2city.ru/yaroslavl-sochi,1890,27.0,56500
Ярославль,посёлок городского типа Сосновый Бор,https://city2city.ru/yaroslavl-sosnovyj-bor,50,0.5,2000
Ярославль,Суздаль,https://city2city.ru/yaroslavl-suzdal,195,3.0,6000
Ярославль,Тейково,https://city2city.ru/yaroslavl-tejkovo,140,2.0,4000
Ярославль,Тула,https://city2city.ru/yaroslavl-tula,455,6.5,13500
Ярославль,Тутаев,https://city2city.ru/yaroslavl-tutaev,35,0.5,2000
Ярославль,Тверь,https://city2city.ru/yaroslavl-tver,335,5.0,10000
Ярославль,Углич,https://city2city.ru/yaroslavl-uglich,110,1.5,4000
Ярославль,Вельск,https://city2city.ru/yaroslavl-velsk,451,6.5,13500
Ярославль,Владимир,https://city2city.ru/yaroslavl-vladimir,235,3.5,7000
Ярославль,Волгореченск,https://city2city.ru/yaroslavl-volgorechensk,115,1.5,3500
Ярославль,Вологда,https://city2city.ru/yaroslavl-vologda,195,3.0,6000
Ярославль,Воронеж,https://city2city.ru/yaroslavl-voronezh,785,11.0,23600
