slug;source;freq;position;channel;priority_group;priority_label;segment_orig;federal_count;regional_count;yandex_count;top10_domains;city_from;city_to;price
kazan-leninogorsk;old;42076;;SEO;B_INVEST;SEO инвестиции;SEO_INVEST;1;5;0;vezet.ru|kazan1.taximaxim.ru|taxi.yandex.ru|yandex.ru|m.avito.ru|2gis.ru|116.ru|kazan.taptaxi.su|taxiomega.ru|kazan.taxipoehali.ru;Казань;Лениногорск;8700
kazan-elabuga;old;42076;;SEO;C_HARD;SEO сложная конкуренция;SEO_HARD;1;3;0;taxi.yandex.ru|kazan1.taximaxim.ru|vezet.ru|m.avito.ru|yandex.ru|2gis.ru|116.ru|city-mobil.ru|kazan.taxipoehali.ru|zoon.ru;Казань;Елабуга;6300
ekaterinburg-sibaj;old;40889;;DIRECT;G_DIRECT_ONLY;Только Директ;DIRECT_ONLY;1;3;0;taxi.yandex.ru|yekaterinburg.taximaxim.ru|2gis.ru|yandex.ru|www.3101010.ru|vezet.ru|66.ru|www.avito.ru|taxiomega.ru|uslugi.yandex.ru;Екатеринбург;Сибай;17700
ekaterinburg-irbit;old;40889;;SEO;C_HARD;SEO сложная конкуренция;SEO_HARD;1;3;0;taxi.yandex.ru|yekaterinburg.taximaxim.ru|2gis.ru|yandex.ru|www.3101010.ru|vezet.ru|66.ru|www.avito.ru|taxiomega.ru|uslugi.yandex.ru;Екатеринбург;Ирбит;6200
cheljabinsk-magnitogorsk;old;28072;;SEO;C_HARD;SEO сложная конкуренция;SEO_HARD;0;3;0;taxi.yandex.ru|chelyabinsk.taximaxim.ru|2gis.ru|vezet.ru|yandex.ru|chelyabinsk.taxipoehali.ru|city-mobil.ru|chelyabinsk.flamp.ru|www.222-2-222.ru|driver174.ru;Челябинск;Магнитогорск;9300
cheljabinsk-uchaly;old;28072;;SEO;C_HARD;SEO сложная конкуренция;SEO_HARD;0;3;0;taxi.yandex.ru|chelyabinsk.taximaxim.ru|2gis.ru|vezet.ru|yandex.ru|chelyabinsk.taxipoehali.ru|city-mobil.ru|chelyabinsk.flamp.ru|www.222-2-222.ru|driver174.ru;Челябинск;село Учалы;6300
cheljabinsk-sibaj;old;28072;;DIRECT;G_DIRECT_ONLY;Только Директ;DIRECT_ONLY;0;3;0;taxi.yandex.ru|chelyabinsk.taximaxim.ru|2gis.ru|vezet.ru|yandex.ru|chelyabinsk.taxipoehali.ru|city-mobil.ru|chelyabinsk.flamp.ru|www.222-2-222.ru|driver174.ru;Челябинск;Сибай;11400
cheljabinsk-beloreck;old;28072;;SEO;C_HARD;SEO сложная конкуренция;SEO_HARD;1;3;0;taxi.yandex.ru|chelyabinsk.taximaxim.ru|2gis.ru|vezet.ru|yandex.ru|chelyabinsk.taxipoehali.ru|city-mobil.ru|chelyabinsk.flamp.ru|www.222-2-222.ru|www.avito.ru;Челябинск;Белорецк;8600
cheljabinsk-kurgan;old;28072;;SEO;C_HARD;SEO сложная конкуренция;SEO_HARD;0;3;0;taxi.yandex.ru|chelyabinsk.taximaxim.ru|2gis.ru|yandex.ru|vezet.ru|chelyabinsk.taxipoehali.ru|city-mobil.ru|chelyabinsk.flamp.ru|driver174.ru|www.222-2-222.ru;Челябинск;Курган;8100
rostov-rostov-velikij;old;19134;;SEO+DIRECT;B_INVEST;SEO инвестиции + Директ;SEO_INVEST_DIRECT;1;13;0;taxi.yandex.ru|rostov-na-donu1.taximaxim.ru|2gis.ru|vezet.ru|yandex.ru|kubtaxi.ru|www.avito.ru|city-mobil.ru|uslugi.yandex.ru|zoon.ru|catalogtaksi.ru|taksi-gorod.ru|xn-----6kckdgfipty1aaca1adgndr.xn--p1ai|www.yell.ru|www.2306306.com|www.komandirovka.ru|vk.com|tourism.rostov-gorod.ru|perevozka24.com|go.yandex|taxiizrostova.ru|161.ru|redtaxi.ru|rutaxi.ru|rostov-na-donu.sky-transfer.ru|taxi.transferplustravel.com|taxieconom.ru|alex-transport.ru|taxi-leader.ru|555don.ru;Ростов-на-Дону;Ростов;39000
donetsk-kirov;old;10273;;SEO+DIRECT;B_INVEST;SEO инвестиции + Директ;SEO_INVEST_DIRECT;1;5;0;taxi977.ru|yandex.ru|www.avito.ru|taxi666.ru|uslugi.yandex.ru|dnr.taxi|deshevotaxi.ru|faeton24.ru|t.me|taxigoroda.ru;Донецк;Киров;56000
donetsk-volgograd;old;10273;;DIRECT;G_DIRECT_ONLY;Только Директ;DIRECT_ONLY;1;4;0;taxi977.ru|yandex.ru|taxi666.ru|faeton24.ru|deshevotaxi.ru|www.avito.ru|umnyestroiteli.ru|uslugi.yandex.ru|t.me|dnr.taxi;Донецк;Волгоград;18600
donetsk-chelyabinsk;old;10273;;SEO+DIRECT;B_INVEST;SEO инвестиции + Директ;SEO_INVEST_DIRECT;1;5;0;taxi977.ru|yandex.ru|www.avito.ru|taxi666.ru|uslugi.yandex.ru|dnr.taxi|deshevotaxi.ru|faeton24.ru|t.me|taxi-ignat.ru;Донецк;Челябинск;67500
donetsk-saransk;old;10273;;SEO+DIRECT;B_INVEST;SEO инвестиции + Директ;SEO_INVEST_DIRECT;1;5;0;taxi977.ru|yandex.ru|www.avito.ru|taxi666.ru|uslugi.yandex.ru|deshevotaxi.ru|dnr.taxi|faeton24.ru|taxi-ignat.ru|www.rustore.ru;Донецк;Саранск;35000
donetsk-saratov;old;10273;;SEO+DIRECT;B_INVEST;SEO инвестиции + Директ;SEO_INVEST_DIRECT;1;5;0;taxi977.ru|yandex.ru|www.avito.ru|taxi666.ru|uslugi.yandex.ru|dnr.taxi|deshevotaxi.ru|faeton24.ru|t.me|taxi-ignat.ru;Донецк;Саратов;29000
donetsk-yoshkar-ola;old;10273;;SEO+DIRECT;B_INVEST;SEO инвестиции + Директ;SEO_INVEST_DIRECT;1;5;0;taxi977.ru|yandex.ru|www.avito.ru|taxi666.ru|uslugi.yandex.ru|dnr.taxi|deshevotaxi.ru|faeton24.ru|t.me|taxi-ignat.ru;Донецк;Йошкар-Ола;47000
donetsk-tambov;old;10273;;SEO+DIRECT;B_INVEST;SEO инвестиции + Директ;SEO_INVEST_DIRECT;1;5;0;taxi977.ru|yandex.ru|www.avito.ru|taxi666.ru|uslugi.yandex.ru|dnr.taxi|deshevotaxi.ru|faeton24.ru|t.me|taxi-ignat.ru;Донецк;Тамбов;26000
donetsk-kazan;old;10273;;SEO+DIRECT;B_INVEST;SEO инвестиции + Директ;SEO_INVEST_DIRECT;1;5;0;taxi977.ru|yandex.ru|www.avito.ru|taxi666.ru|uslugi.yandex.ru|dnr.taxi|deshevotaxi.ru|faeton24.ru|t.me|taxi-ignat.ru;Донецк;Казань;47500
donetsk-ufa;old;10273;;SEO+DIRECT;B_INVEST;SEO инвестиции + Директ;SEO_INVEST_DIRECT;1;5;0;taxi977.ru|yandex.ru|www.avito.ru|taxi666.ru|dnr.taxi|uslugi.yandex.ru|faeton24.ru|deshevotaxi.ru|t.me|taxigoroda.ru;Донецк;Уфа;57300
donetsk-ekaterinburg;old;10273;;SEO+DIRECT;B_INVEST;SEO инвестиции + Директ;SEO_INVEST_DIRECT;1;5;0;taxi977.ru|yandex.ru|www.avito.ru|taxi666.ru|uslugi.yandex.ru|dnr.taxi|deshevotaxi.ru|faeton24.ru|t.me|taxi-ignat.ru;Донецк;Екатеринбург;68500
donetsk-orenburg;old;10273;;DIRECT;G_DIRECT_ONLY;Только Директ;DIRECT_ONLY;1;4;0;taxi977.ru|yandex.ru|www.avito.ru|taxi666.ru|yandex.ru|uslugi.yandex.ru|dnr.taxi|deshevotaxi.ru|faeton24.ru|t.me;Донецк;Оренбург;53000
donetsk-maykop;old;10273;;SEO+DIRECT;B_INVEST;SEO инвестиции + Директ;SEO_INVEST_DIRECT;1;5;0;taxi977.ru|yandex.ru|www.avito.ru|taxi666.ru|uslugi.yandex.ru|dnr.taxi|deshevotaxi.ru|faeton24.ru|t.me|taxi-ignat.ru;Донецк;Майкоп;22000
donetsk-perm;old;10273;;SEO+DIRECT;B_INVEST;SEO инвестиции + Директ;SEO_INVEST_DIRECT;1;5;0;taxi977.ru|yandex.ru|www.avito.ru|taxi666.ru|uslugi.yandex.ru|dnr.taxi|deshevotaxi.ru|faeton24.ru|taxi-ignat.ru|umnyestroiteli.ru;Донецк;Пермь;66500
oryol-orlov;new;9253;2;SEO;C_HARD;SEO сложная конкуренция;SEO_HARD_NEW;16;10;3;taksisvo.ru|city2city.ru|deshevotaxi.ru|mejgorodtaxi.ru|takse.ru|orol.taximaxim.ru|taxitops.ru|orol.taxipoehali.ru|taxi.yandex.ru|intaxi.ru;;;
ufa-oktyabrskoe;new;1786;28;SEO;F_AUTOPILOT;SEO автопилот;SEO_AUTOPILOT_NEW;13;10;4;oktyabrsky-ufa.ru|www.avito.ru|yandex.ru|go.yandex|sky-transfer.ru|perevozka24.com|vk.com|kiwitaxi.ru|taxi-bashkiria.ru|yandex.ru;;;
ufa-oktjabrskij;old;1786;;SEO;B_INVEST;SEO инвестиции;SEO_INVEST;1;19;0;taxi.yandex.ru|ufa.taximaxim.ru|2gis.ru|vezet.ru|yandex.ru|ufa1.ru|ufa.taxipoehali.ru|www.yell.ru|m.avito.ru|city-mobil.ru|uslugi.yandex.ru|zoon.ru|go.yandex|ufa.flamp.ru|taxiufa.ru|rutaxi.ru|ufa.taptaxi.su|vip-taxi-ufa.ru|taximini-ufa.ru|taksi-ufa.ru|perevozka24.com|taxi-mini.ru|taxi-nomera.ru|vse-taxi.com|rutaxist.ru|taxitops.ru|taxieconom.ru|taxi-mini-ufa.ru|taxi-ufa.ru|taxiufa.com;Уфа;Октябрьский;6100
bratsk-irkutsk;old;1371;;SEO+DIRECT;B_INVEST;SEO инвестиции + Директ;SEO_INVEST_DIRECT;1;5;0;www.avito.ru|taxi-38.ru|taxibrik.ru|taxicab-irkutsk-bratsk.ru|yandex.ru|taxi-ckolesa.ru|2gis.ru|drivee.com|www.yell.ru|sky-transfer.ru;Братск;Иркутск;18500
ufa-salavat;old;1196;;SEO;B_INVEST;SEO инвестиции;SEO_INVEST;1;19;0;taxi.yandex.ru|ufa.taximaxim.ru|2gis.ru|vezet.ru|yandex.ru|ufa1.ru|ufa.taxipoehali.ru|m.avito.ru|www.yell.ru|city-mobil.ru|uslugi.yandex.ru|zoon.ru|ufa.flamp.ru|go.yandex|taxiufa.ru|ufa.taptaxi.su|rutaxi.ru|vip-taxi-ufa.ru|taximini-ufa.ru|taksi-ufa.ru|perevozka24.com|taxi-mini.ru|taxi-nomera.ru|rutaxist.ru|vse-taxi.com|taxitops.ru|taxieconom.ru|taxi-mini-ufa.ru|taxi-ufa.ru|taxiufa.com;Уфа;Салават;5300
ufa-kumertau;old;1157;;SEO;B_INVEST;SEO инвестиции;SEO_INVEST;1;19;0;taxi.yandex.ru|ufa.taximaxim.ru|2gis.ru|vezet.ru|yandex.ru|ufa1.ru|ufa.taxipoehali.ru|m.avito.ru|www.yell.ru|city-mobil.ru|uslugi.yandex.ru|zoon.ru|ufa.flamp.ru|go.yandex|taxiufa.ru|ufa.taptaxi.su|rutaxi.ru|vip-taxi-ufa.ru|taximini-ufa.ru|taksi-ufa.ru|perevozka24.com|taxi-mini.ru|taxi-nomera.ru|rutaxist.ru|taxitops.ru|vse-taxi.com|taxieconom.ru|taxi-mini-ufa.ru|taxi-ufa.ru|taxiufa.com;Уфа;Кумертау;7400
ufa-sterlitamak;old;1155;;SEO;B_INVEST;SEO инвестиции;SEO_INVEST;1;19;0;taxi.yandex.ru|ufa.taximaxim.ru|2gis.ru|vezet.ru|yandex.ru|ufa1.ru|ufa.taxipoehali.ru|m.avito.ru|www.yell.ru|city-mobil.ru|uslugi.yandex.ru|zoon.ru|ufa.flamp.ru|go.yandex|taxiufa.ru|ufa.taptaxi.su|rutaxi.ru|vip-taxi-ufa.ru|taximini-ufa.ru|taksi-ufa.ru|perevozka24.com|taxi-mini.ru|taxi-nomera.ru|rutaxist.ru|vse-taxi.com|taxitops.ru|taxieconom.ru|taxi-mini-ufa.ru|taxi-ufa.ru|taxiufa.com;Уфа;Стерлитамак;4500
ufa-belebej;old;1125;;SEO;B_INVEST;SEO инвестиции;SEO_INVEST;1;19;0;taxi.yandex.ru|ufa.taximaxim.ru|2gis.ru|vezet.ru|yandex.ru|ufa1.ru|ufa.taxipoehali.ru|m.avito.ru|www.yell.ru|city-mobil.ru|uslugi.yandex.ru|zoon.ru|go.yandex|ufa.flamp.ru|taxiufa.ru|ufa.taptaxi.su|rutaxi.ru|vip-taxi-ufa.ru|taximini-ufa.ru|perevozka24.com|taksi-ufa.ru|taxi-mini.ru|taxi-nomera.ru|rutaxist.ru|vse-taxi.com|taxitops.ru|taxieconom.ru|taxi-mini-ufa.ru|taxi-ufa.ru|taxiufa.com;Уфа;Белебей;6000
ufa-tujmazy;old;1077;;SEO;B_INVEST;SEO инвестиции;SEO_INVEST;1;19;0;taxi.yandex.ru|ufa.taximaxim.ru|2gis.ru|vezet.ru|yandex.ru|ufa1.ru|ufa.taxipoehali.ru|www.yell.ru|m.avito.ru|city-mobil.ru|uslugi.yandex.ru|zoon.ru|go.yandex|ufa.flamp.ru|taxiufa.ru|ufa.taptaxi.su|rutaxi.ru|vip-taxi-ufa.ru|taximini-ufa.ru|perevozka24.com|taksi-ufa.ru|taxi-mini.ru|taxi-nomera.ru|vse-taxi.com|rutaxist.ru|taxitops.ru|taxieconom.ru|taxi-mini-ufa.ru|taxi-ufa.ru|taxiufa.com;Уфа;Туймазы;5800
orenburg-orsk;old;1062;11;SEO;A_GOLD;SEO Gold - быстрые победы;SEO_GOLD;3;11;0;www.avito.ru|orsk-oren.ru|yandex.ru|kiwitaxi.ru|1taxopark.ru|taxi555.ru|rustransfer.org|taxi.drive-luxe.ru|vk.com|yandex.ru|city2city.ru|t.me|pda.board.orsk.ru|taxi-cosmos.ru|www.rome2rio.com|transfers.unitaxi.ru|youla.ru|orskoren.ru|taxi-orenburg-orsk.ru|xn-----6kcgkkspc6ahcxddeek8a.xn--p1ai|nexttax.ru|orentransfer.ru|taxi-lider64.ru|mezhgorod-rf.ru|xn-----8kcbkk0ancxjfuddqepk.xn--p1ai|taksi-gorod.ru|taxi533.ru|taksisvo.ru|ok.ru|orsk-orenburg.turbo.site;Оренбург;Орск;8200
izhevsk-kazan;old;1026;;DIRECT;G_DIRECT_ONLY;Только Директ;DIRECT_ONLY;2;4;0;www.avito.ru|yandex.ru|kiwitaxi.ru|izhevsk.taxi24h.ru|uslugi.yandex.ru|vk.com|izhevsk.taksi24.taxi|xn----7sbhlekbng7dgc.xn--p1ai|ugtaxi.ru|taxi533.ru;Ижевск;Казань;11000
rostov-doneck;new;989;23;SEO;F_AUTOPILOT;SEO автопилот;SEO_AUTOPILOT_NEW;6;16;1;xn-----6kckdgfipty1aaca1adgndr.xn--p1ai|sky-transfer.ru|www.avito.ru|taxi-atlas.com|yandex.ru|taxi-ug.ru|kubtaxi.ru|tratatur.ru|don-voyage.ru|ug.taxi;;;
chelyabinsk-ekaterinburg;old;962;;SEO;C_HARD;SEO сложная конкуренция;SEO_HARD;2;5;0;intercity74.ru|www.avito.ru|driver174.ru|chelyabinsk.sevastopol24.taxi|taxidesyatka.ru|taksi-gorod.ru|taxi555.ru|kiwitaxi.ru|uslugi.yandex.ru|taxi533.ru;Челябинск;Екатеринбург;6300
kurgan-matveev-kurgan;new;867;;SEO;C_HARD;SEO сложная конкуренция;SEO_HARD_NEW;17;9;3;yandex.ru|www.avito.ru|uslugi.yandex.ru|2gis.ru|zoon.ru|catalogtaksi.ru|deshevotaxi.ru|taksi-mius.clients.site|rutaxist.ru|yandex.ru;;;
ufa-beloreck;old;860;;SEO;B_INVEST;SEO инвестиции;SEO_INVEST;1;19;0;taxi.yandex.ru|ufa.taximaxim.ru|2gis.ru|vezet.ru|yandex.ru|ufa1.ru|ufa.taxipoehali.ru|m.avito.ru|www.yell.ru|city-mobil.ru|uslugi.yandex.ru|zoon.ru|ufa.flamp.ru|go.yandex|taxiufa.ru|ufa.taptaxi.su|rutaxi.ru|vip-taxi-ufa.ru|taximini-ufa.ru|perevozka24.com|taksi-ufa.ru|taxi-mini.ru|taxi-nomera.ru|rutaxist.ru|vse-taxi.com|taxitops.ru|taxieconom.ru|taxi-mini-ufa.ru|taxi-ufa.ru|taxiufa.com;Уфа;Белорецк;7800
ufa-meleuz;old;835;;SEO;B_INVEST;SEO инвестиции;SEO_INVEST;1;19;0;taxi.yandex.ru|ufa.taximaxim.ru|2gis.ru|vezet.ru|yandex.ru|ufa1.ru|ufa.taxipoehali.ru|m.avito.ru|www.yell.ru|city-mobil.ru|uslugi.yandex.ru|zoon.ru|ufa.flamp.ru|go.yandex|taxiufa.ru|ufa.taptaxi.su|rutaxi.ru|vip-taxi-ufa.ru|taximini-ufa.ru|perevozka24.com|taksi-ufa.ru|taxi-mini.ru|taxi-nomera.ru|rutaxist.ru|taxitops.ru|vse-taxi.com|taxieconom.ru|taxi-mini-ufa.ru|taxi-ufa.ru|taxiufa.com;Уфа;Мелеуз;6300
moskva-doneczk-rostovskaya-oblast;old;818;;SEO+DIRECT;B_INVEST;SEO инвестиции + Директ;SEO_INVEST_DIRECT;1;22;0;sky-transfer.ru|moskva.taxi24h.ru|taxi-yugtaxi.ru|yandex.ru|www.avito.ru|www.taximasters.ru|msk.taxi|taxi555.ru|taksi-gorod.ru|xn----7sbyhcmnbsdikx.xn--p1ai|taksireal.ru|ugtaxi.ru|don-voyage.ru|cabway.ru|ug.taxi|taksisvo.ru|levtransfer.ru|taxi-cosmos.ru|kubtaxi.ru|mezhgorod-rf.ru|moskva.sevastopol24.taxi|unit-transfer.ru|taxi-mobil.ru|wing-taxi.ru|taxi-svobodnoe.ru|alfataxi82.ru|tratatur.ru|moskva.yalta-24.taxi|unit21.ru|taxi533.ru;Москва;Донецк;29500
ufa-orenburg;old;791;;SEO+DIRECT;B_INVEST;SEO инвестиции + Директ;SEO_INVEST_DIRECT;1;19;0;taxi.yandex.ru|ufa.taximaxim.ru|2gis.ru|vezet.ru|yandex.ru|ufa1.ru|ufa.taxipoehali.ru|www.yell.ru|m.avito.ru|city-mobil.ru|uslugi.yandex.ru|zoon.ru|go.yandex|ufa.flamp.ru|taxiufa.ru|ufa.taptaxi.su|rutaxi.ru|vip-taxi-ufa.ru|taximini-ufa.ru|taksi-ufa.ru|perevozka24.com|taxi-mini.ru|taxi-nomera.ru|rutaxist.ru|vse-taxi.com|taxitops.ru|taxieconom.ru|taxi-mini-ufa.ru|taxi-ufa.ru|taxiufa.com;Уфа;Оренбург;11100
orenburg-ufa;old;791;20;SEO+DIRECT;A_GOLD;SEO Gold + Директ;SEO_GOLD_DIRECT;2;16;0;www.avito.ru|taxi56.tb.ru|orenburg-ufa-taxi.ru|ufa.sky-transfer.ru|vk.com|vk.link|kiwitaxi.ru|t.me|ufa-orenburg-ufa.ru|yandex.ru|taksi-gorod.ru|orenburg.taksi24.taxi|yandex.ru|taxi24online.ru|taxi533.ru|korona-taksi.ru|www.mezhgorod.taxi|nexttax.ru|mezhgorod-rf.ru|city2city.ru|rustransfer.org|taxi555.ru|xn--80ajkhneomg.xn--p1ai|orenburg.taxi24h.ru|taxi-russia.su|taxiorenufaoren.orgs.biz|taxi56ru.ru|ufaoren.ru|orentransfer.ru|orenburg.gde.ru;Оренбург;Уфа;11100
moskva-vostochnyj;new;761;;SEO;B_INVEST;SEO инвестиции;SEO_INVEST_NEW;8;16;2;oldtaxi.ru|msk.svoetaksi.ru|kiwitaxi.ru|ugtaxi.ru|www.taxi-accord.ru|2gis.ru|taxi-mobil.ru|drive-luxe.ru|moskva.taxideshevo.com|taksi-moskva24.ru;;;
moskva-rostov-velikij;old;723;;SEO+DIRECT;B_INVEST;SEO инвестиции + Директ;SEO_INVEST_DIRECT;1;26;0;www.avito.ru|taxi.ugtravel.com|ug-transfer.online|sky-transfer.ru|alfataxi82.ru|moskva.taxi24h.ru|ug.taxi|taxi555.ru|taksi-gorod.ru|taxi-bereg.ru|msk.taxiarkadiya.ru|kubtaxi.ru|msk.taxi|moskva.sevastopol24.taxi|chestnyi-transfer.ru|taxi-svobodnoe.ru|taksi-mezhgorod.ru|www.taxi2000.ru|ab-taxi.ru|tratatur.ru|www.mezhgorod.taxi|moskva.taxi-krim.com|www.taximasters.ru|ugtaxi.ru|sochi.taxi|1taxopark.ru|taxi.transferplustravel.com|sip.taxi|taxi-mobil.ru|izvozchik.su;Москва;Ростов;32500
ufa-sibaj;old;721;;SEO+DIRECT;B_INVEST;SEO инвестиции + Директ;SEO_INVEST_DIRECT;1;19;0;taxi.yandex.ru|ufa.taximaxim.ru|2gis.ru|vezet.ru|yandex.ru|ufa1.ru|ufa.taxipoehali.ru|m.avito.ru|www.yell.ru|city-mobil.ru|uslugi.yandex.ru|zoon.ru|ufa.flamp.ru|go.yandex|taxiufa.ru|ufa.taptaxi.su|rutaxi.ru|vip-taxi-ufa.ru|taximini-ufa.ru|taksi-ufa.ru|perevozka24.com|taxi-mini.ru|taxi-nomera.ru|rutaxist.ru|vse-taxi.com|taxitops.ru|taxieconom.ru|taxi-mini-ufa.ru|taxi-ufa.ru|taxiufa.com;Уфа;Сибай;12300
samara-buguruslan;old;706;;SEO;B_INVEST;SEO инвестиции;SEO_INVEST;1;12;0;taxi.yandex.ru|vezet.ru|2gis.ru|samara.taximaxim.ru|yandex.ru|www.avito.ru|city-mobil.ru|drivee.com|samara.taxipoehali.ru|uslugi.yandex.ru|zoon.ru|xn----7sbabxukdmwuiegm.xn--p1ai|samara.taptaxi.su|taxi-samara.ru|vk.com|www.yell.ru|perevozka24.com|go.yandex|drugoigorod.ru|rutaxi.ru|frantbusiness.ru|www.komandirovka.ru|taxi-nomera.ru|www.orgpage.ru|perevozchik163.ru|souzviptaxi.ru|samara.yp.ru|xn----7sbaab2cnl1bgij.xn--p1ai|taxi-nomer.ru|taxi-leader.ru;Самара;Бугуруслан;5900
krasnodar-novorossijsk;old;641;;SEO;B_INVEST;SEO инвестиции;SEO_INVEST;2;25;0;kubtaxi.ru|www.avito.ru|taxi-ug.ru|tratatur.ru|alfataxi82.ru|taksi-krasnodar-novorossiysk.ru|krasnodar.sky-transfer.ru|krasnodar.taxi24h.ru|taxiresort.ru|transferoff.ru|kiwitaxi.ru|perfect-taxi.ru|ugtaxi.ru|yandex.ru|taxi.ugtravel.com|msk.taxi|autoyellow.ru|taksi-gorod.ru|taxi-svobodnoe.ru|taxi.transferplustravel.com|taxi533.ru|krasnodar.taksi24.taxi|krasnodar.simferopol-aeroport.taxi|ug.taxi|geltaxi.ru|www.taxisea.ru|taxi-krasnodar-aeroport.ru|taxi-novorossiysk-krasnodar.ru|www.krd-taxi.ru|sochi.taxi;Краснодар;Новороссийск;5000
ekaterinburg-chelyabinsk;old;626;;SEO;C_HARD;SEO сложная конкуренция;SEO_HARD;2;3;0;yandex.ru|2gis.ru|www.tourister.ru|www.avito.ru|kiwitaxi.ru|taxi-avantime.ru|willway.ru|transfers.unitaxi.ru|uslugi.yandex.ru|ekaterinburg.rustransfer.org;международный аэропорт Кольцово Екатеринбург;Челябинск;6300
orenburg-belyj;new;585;;SEO;B_INVEST;SEO инвестиции;SEO_INVEST_NEW;12;11;2;taxibeloe.ru|vk.com|yandex.ru|2gis.ru|taxi-beloe.tvoe.taxi|zoon.ru|apps.apple.com|orenburg.flamp.ru|otzovik.com|yandex.ru;;;
uhta-syktyvkar;old;537;19;SEO;A_GOLD;SEO Gold - быстрые победы;SEO_GOLD;1;15;0;timan.taxi|vk.com|taxi555.ru|www.avito.ru|timan11.orgs.biz|rustransfer.org|yandex.ru|www.mezhgorod.taxi|www.a2b.ru|yandex.ru|1taxopark.ru|takse.ru|obltaxi.ru|catalogtaksi.ru|zoon.ru|deshevotaxi.ru|vse-taxi.com|taxivezde.ru|city2city.ru|taxi-nomera.ru|www.taxi-love.ru|2gis.ru|xn----etb1b.xn--p1ai|mejgorodtaxi.ru|sky-transfer.ru|taxi-ukhta-komi-republic-ru.taxigator.ru|xn--80a9aci.xn--80akxkdedu.xn--p1acf|web.archive.org|timan-taxi.clients.site|uslugio.com;Ухта;Сыктывкар;9600
enisejsk-krasnojarsk;old;535;7;DIRECT;G_DIRECT_ONLY;Только Директ;DIRECT_ONLY;0;2;0;vk.com|poputka-komfort.ru|yandex.ru|1taxopark.ru|taxi555.ru|yandex.ru|city2city.ru|takse.ru|m.ok.ru|www.mezhgorod.taxi;Енисейск;Красноярск;10200
moskva-tula;old;522;;SEO;B_INVEST;SEO инвестиции;SEO_INVEST;1;16;0;taxi.yandex.ru|moskva.taximaxim.ru|city-mobil.ru|vezet.ru|yandex.ru|journal.sovcombank.ru|msk.taxovichkof.ru|taximoskva.com|drivee.com|2gis.ru|m.avito.ru|xn----7sbb4ajch8bfab.xn--p1ai|uslugi.yandex.ru|oldtaxi.ru|moskva.taxipoehali.ru|t-j.ru|zoon.ru|www.taximasters.ru|www.taxi-ritm.ru|go.yandex|moskva.taxideshevo.com|taxi555.ru|msk.taxi-protaxi.ru|tradetaxi.ru|msk.svoetaksi.ru|nyt.ru|taxi-angel.ru|taxispeed.ru|www.taxi-accord.ru|taksi-moskva24.ru;Москва;Тула;5500
tula-moskva;old;522;;SEO;B_INVEST;SEO инвестиции;SEO_INVEST;2;20;0;www.avito.ru|xn----7sbbu0aptdhddiv.xn--p1ai|kubtaxi.ru|tula.taksi24.taxi|chestnyi-transfer.ru|msk.taxi|tula-moskva.ru|taxi-ug.ru|taxi-mobil.ru|ug.taxi|kiwitaxi.ru|yandex.ru|tula.taxi24h.ru|www.taxi2000.ru|taxi555.ru|ugtaxi.ru|uslugi.yandex.ru|xn----7sbyhcmnbsdikx.xn--p1ai|taxi24online.ru|taxi.yandex.ru|1taxopark.ru|mezhgorod-rf.ru|wing-taxi.ru|taksi-gorod.ru|taxivezde.ru|www.taxi-rokada.ru|www.mezhgorod.taxi|taxi533.ru|transfer71.ru|vk.com;Тула;Москва;5500
kirov-kirov-kaluzhskaya-oblast;new;498;;SEO;C_HARD;SEO сложная конкуренция;SEO_HARD_NEW;16;10;2;yandex.ru|taxi-nomera.ru|2gis.ru|vk.com|perevozka24.com|intaxi.ru|m.ok.ru|1taxopark.ru|taxi.yandex.ru|zoon.ru;;;
krasnodar-simferopol;new;492;;SEO;B_INVEST;SEO инвестиции;SEO_INVEST_NEW;3;25;1;www.avito.ru|alfataxi82.ru|taxi-ug.ru|kubtaxi.ru|tratatur.ru|yandex.ru|ugtaxi.ru|ug.taxi|krasnodar.taxi24h.ru|krasnodar.sky-transfer.ru;;;
kazan-almetevsk;old;479;;SEO;C_HARD;SEO сложная конкуренция;SEO_HARD;2;2;0;taxi-airport-kazan.ru|www.avito.ru|yandex.ru|kiwitaxi.ru|2gis.ru|taxw.ru|uslugi.yandex.ru|www.tourister.ru|transfer-kazan.ru|vc.ru;Международный аэропорт Казань;Альметьевск;8000
krasnoyarsk-enisejsk;old;476;10;SEO+DIRECT;A_GOLD;SEO Gold + Директ;SEO_GOLD_DIRECT;2;14;0;vk.com|poputka-komfort.ru|taxi555.ru|1taxopark.ru|nyt.ru|yandex.ru|obltaxi.ru|vk.link|www.mezhgorod.taxi|city2city.ru|rustransfer.org|jupiter-tmc.ru|m.ok.ru|catalogtaksi.ru|www.taxi-love.ru|deshevotaxi.ru|yandex.ru|www.rome2rio.com|ru-travel.org|www.avito.ru|mezhgorod-taksi.ru|www.taxi2000.ru|taksi-gorod.ru|taxivezde.ru|taxi-nomera.ru|transfer124.ru|takse.ru|mezhgorod.taxi-ekvator.ru|t.me|kiwitaxi.ru;Красноярск;Енисейск;10000
krasnodar-gelendgik;new;475;;SEO;B_INVEST;SEO инвестиции;SEO_INVEST_NEW;7;21;1;kubtaxi.ru|www.avito.ru|taxi-ug.ru|geltaxi.ru|alfataxi82.ru|tratatur.ru|transferoff.ru|krasnodar.taxi24h.ru|krasnodar.sky-transfer.ru|kiwitaxi.ru;;;
samara-tolyatti;old;475;16;SEO;A_GOLD;SEO Gold - быстрые победы;SEO_GOLD;2;19;0;go.yandex|www.avito.ru|yandex.ru|taxi.yandex.ru|xn----7sbabxukdmwuiegm.xn--p1ai|taxi533.ru|samara.taksi24.taxi|mejgorodtaxi.ru|perevozchik163.ru|taksi-gorod.ru|unit-transfer.ru|taksisvo.ru|samara.sky-transfer.ru|willway.ru|kiwitaxi.ru|city2city.ru|taxi-samara.su|taxi24online.ru|vk.com|rustransfer.org|samara.yalta-24.taxi|samara.taxi24h.ru|taxi-cosmos.ru|www.mezhgorod.taxi|transfers.unitaxi.ru|taxivezde.ru|catalogtaksi.ru|uslugi.yandex.ru|xn----7sbybhiuvgfca2ktb.xn--p1ai|xn--80aaaa4blk7afhi.xn--p1ai;Самара;Тольятти;4000
kazan-nizhnekamsk;old;474;;SEO;C_HARD;SEO сложная конкуренция;SEO_HARD;2;2;0;taxi-airport-kazan.ru|www.avito.ru|yandex.ru|kiwitaxi.ru|2gis.ru|taxw.ru|uslugi.yandex.ru|www.tourister.ru|transfer-kazan.ru|vc.ru;Международный аэропорт Казань;Нижнекамск;6000
kazan-nab_chelny;old;464;;SEO;C_HARD;SEO сложная конкуренция;SEO_HARD;2;2;0;taxi-airport-kazan.ru|www.avito.ru|yandex.ru|kiwitaxi.ru|2gis.ru|taxw.ru|uslugi.yandex.ru|www.tourister.ru|transfer-kazan.ru|vc.ru;Международный аэропорт Казань;Набережные Челны;7500
ryazan-moskva;new;461;;SEO;B_INVEST;SEO инвестиции;SEO_INVEST_NEW;11;14;2;www.avito.ru|rzn-transfer.ru|drivee.com|yandex.ru|kubtaxi.ru|uslugi.yandex.ru|ug.taxi|taxi555.ru|www.taxi2000.ru|kiwitaxi.ru;;;
moskva-ryazan;old;461;;SEO;B_INVEST;SEO инвестиции;SEO_INVEST;1;17;0;taxi.yandex.ru|moskva.taximaxim.ru|vezet.ru|city-mobil.ru|yandex.ru|msk.taxovichkof.ru|taximoskva.com|drivee.com|journal.sovcombank.ru|2gis.ru|m.avito.ru|xn----7sbb4ajch8bfab.xn--p1ai|uslugi.yandex.ru|oldtaxi.ru|zoon.ru|moskva.taxipoehali.ru|go.yandex|t-j.ru|moskva.taxideshevo.com|www.taxi-ritm.ru|www.taximasters.ru|tradetaxi.ru|taxi555.ru|msk.taxi-protaxi.ru|msk.svoetaksi.ru|taxispeed.ru|rezidenttaxi.ru|taxi-angel.ru|taxi-mobil.ru|taksi-moskva24.ru;Москва;Рязань;6000
kazan-bugulma;old;459;;SEO;C_HARD;SEO сложная конкуренция;SEO_HARD;2;3;0;taxi-airport-kazan.ru|www.avito.ru|yandex.ru|kiwitaxi.ru|taxw.ru|2gis.ru|uslugi.yandex.ru|www.tourister.ru|transfer-kazan.ru|kazan.rustransfer.org;Международный аэропорт Казань;Бугульма;9600
elista-volgograd;old;456;;SEO;C_HARD;SEO сложная конкуренция;SEO_HARD;2;4;0;www.avito.ru|alphatour.ru|vk.com|kubtaxi.ru|elista.taksi24.taxi|elista.taxi24h.ru|tratatur.ru|kiwitaxi.ru|elista.aeroport-simferopol.taxi|yandex.ru;Элиста;Волгоград;8800
orenburg-kumertau;old;456;10;SEO;A_GOLD;SEO Gold - быстрые победы;SEO_GOLD;4;16;0;www.avito.ru|vk.com|taxi555.ru|taksisvo.ru|nexttax.ru|yandex.ru|kiwitaxi.ru|rustransfer.org|www.taxi2000.ru|city2city.ru|1taxopark.ru|taksi-gorod.ru|taxi.drive-luxe.ru|www.mezhgorod.taxi|taxivezde.ru|xn----7sbyhcmnbsdikx.xn--p1ai|obltaxi.ru|taxi-russia.su|catalogtaksi.ru|takse.ru|korona-taksi.ru|vse-taxi.com|www.rome2rio.com|orenburg-ufa.ru|www.intui.travel|www.blablacar.ru|kumertau-orenburg-kumertau-taxi.orgs.biz|deshevotaxi.ru|xn--80ajkhneomg.xn--p1ai|mejgorodtaxi.ru;Оренбург;Кумертау;5000
samara-aeroport-kurumoch;new;451;;SEO;C_HARD;SEO сложная конкуренция;SEO_HARD_NEW;15;8;4;www.avito.ru|yandex.ru|uslugi.yandex.ru|2gis.ru|samara-airport.com|www.tourister.ru|kiwitaxi.ru|vk.com|xn----7sbabxukdmwuiegm.xn--p1ai|dzen.ru;;;
sankt-peterburg-moskva;old;449;23;SEO+DIRECT;B_INVEST;SEO инвестиции + Директ;SEO_INVEST_DIRECT;1;19;0;sky-transfer.ru|www.avito.ru|sankt-peterburg.taxi24h.ru|taxi-mobil.ru|ug.taxi|taxideshevo.com|ugtaxi.ru|1taxopark.ru|sankt-peterburg.taksi24.taxi|kairos-buss.ru|piter.yalta-24.taxi|go.yandex|taxi533.ru|www.taxi2000.ru|taxi.yandex.ru|xn----7sbyhcmnbsdikx.xn--p1ai|sankt-peterburg.sevastopol24.taxi|msk.taxi|wing-taxi.ru|unit-transfer.ru|vk.com|taxitoday.ru|city2city.ru|dzen.ru|taksi-gorod.ru|t.me|sankt-peterburg.taxi-krim.com|autolux-plus.ru|mejgorod-taxi.ru|miniven-piter.ru;Санкт-Петербург;Москва;21200
moskva-piter;old;449;;SEO+DIRECT;B_INVEST;SEO инвестиции + Директ;SEO_INVEST_DIRECT;1;16;0;taxi.yandex.ru|moskva.taximaxim.ru|vezet.ru|city-mobil.ru|yandex.ru|taximoskva.com|msk.taxovichkof.ru|m.avito.ru|drivee.com|2gis.ru|moskva.taxipoehali.ru|journal.sovcombank.ru|oldtaxi.ru|uslugi.yandex.ru|zoon.ru|xn----7sbb4ajch8bfab.xn--p1ai|moskva.taxideshevo.com|taxi555.ru|www.taximasters.ru|go.yandex|nyt.ru|tradetaxi.ru|www.taxi-ritm.ru|taxispeed.ru|t-j.ru|msk.svoetaksi.ru|www.utaxi-msk.ru|taxi-mobil.ru|taksi-moskva24.ru|msk.taxi-protaxi.ru;Москва;Санкт-Петербург;21000
krasnodar-sevastopol;new;420;;SEO;B_INVEST;SEO инвестиции;SEO_INVEST_NEW;3;25;1;kubtaxi.ru|alfataxi82.ru|www.avito.ru|yandex.ru|taxi-ug.ru|krasnodar.taksi24.taxi|tratatur.ru|krasnodar.sevastopol24.taxi|krasnodar.sky-transfer.ru|taxi-svobodnoe.ru;;;
moskva-troiczk;new;416;;SEO;C_HARD;SEO сложная конкуренция;SEO_HARD_NEW;13;12;3;taxi.yandex.ru|yandex.ru|taxilux-troitsk.ru|2gis.ru|www.utaxi-msk.ru|nyt.ru|uslugi.yandex.ru|www.taxi2000.ru|taxi-mobil.ru|oldtaxi.ru;;;
moskva-leningradskaya;new;406;;SEO;B_INVEST;SEO инвестиции;SEO_INVEST_NEW;7;17;1;ugtaxi.ru|kiwitaxi.ru|xn--80akxkdedu.xn--p1acf|taksi777.ru|taxi555.ru|taxi.yandex.ru|6694036.ru|transferug.ru|mezhgorod-taksi.ru|oldtaxi.ru;;;
kazan-moskva;old;399;;DIRECT;G_DIRECT_ONLY;Только Директ;DIRECT_ONLY;1;5;0;www.avito.ru|cvo-taxi.ru|kazan.taxiarkadiya.ru|kazan.taxi24h.ru|kazan.taksi24.taxi|t.me|1taxopark.ru|go.yandex|mezhgorod.pro|ugtaxi.ru;Казань;Москва;24300
aeroport-kolczovo-ekaterinburg;new;395;;SEO;B_INVEST;SEO инвестиции;SEO_INVEST_NEW;12;9;3;yandex.ru|2gis.ru|www.avito.ru|kiwitaxi.ru|www.tourister.ru|uslugi.yandex.ru|willway.ru|taxi.yandex.ru|transfers.unitaxi.ru|zagorod-taxi.ru;;;
kazan-samara;old;385;;DIRECT;G_DIRECT_ONLY;Только Директ;DIRECT_ONLY;2;3;0;taxi-airport-kazan.ru|www.avito.ru|yandex.ru|kiwitaxi.ru|2gis.ru|taxw.ru|uslugi.yandex.ru|www.tourister.ru|transfer-kazan.ru|kazan.rustransfer.org;Международный аэропорт Казань;Самара;11200
samara-kazan;old;385;11;SEO+DIRECT;A_GOLD;SEO Gold + Директ;SEO_GOLD_DIRECT;2;19;0;www.avito.ru|sky-transfer.ru|vk.com|dzen.ru|xn----7sbabxukdmwuiegm.xn--p1ai|samara.taxi24h.ru|kiwitaxi.ru|transfer-kazan.ru|ug.taxi|1taxopark.ru|city2city.ru|korona-taksi.ru|samara.taxi-krim.com|taxivezde.ru|kazan-samara-kazan.ru|24samara-kazan.ru|xn----7sbabaa8bwaxh1bi5l.xn--p1ai|samara.taksi24.taxi|taxi24online.ru|xn----7sbaaba2cwaor0ai8m.xn--p1ai|taxikawai.ru|www.mezhgorod.taxi|taxi533.ru|taksi-gorod.ru|unit-transfer.ru|taksisvo.ru|mejgorod-taxi.ru|ugtaxi.ru|rustransfer.org|transfers.unitaxi.ru;Самара;Казань;11000
izhevsk-ufa;old;384;;DIRECT;G_DIRECT_ONLY;Только Директ;DIRECT_ONLY;2;4;0;xn----7sbhlelr9clk.xn--p1ai|www.avito.ru|vk.com|izhevsk-ufa.tb.ru|sky-transfer.ru|izhevsk.taksi24.taxi|www.yell.ru|taksi-gorod.ru|kiwitaxi.ru|taxi-izhevsk.ru;Ижевск;Уфа;10200
sankt-peterburg-borovichi;old;382;;SEO;B_INVEST;SEO инвестиции;SEO_INVEST;1;18;0;vk.com|yandex.ru|borovichi-taxi.orgs.biz|taxi555.ru|taxideshevo.com|taxi.drive-luxe.ru|1taxopark.ru|taksisvo.ru|unit-transfer.ru|yandex.ru|www.taxi2000.ru|taxivezde.ru|rustransfer.org|vk.link|ugtravel.com|www.avito.ru|2gis.ru|taxi-cosmos.ru|radartaxi.ru|takse.ru|taxitoday.ru|www.taxi-love.ru|prtaxi.ru|obltaxi.ru|www.taxi-rokada.ru|web.archive.org|taksi-borovichi-sankt.clients.site|xn----7sbebjgab2at5brxcj5g.xn--p1ai|dilizhans-mezhgorod.clients.site|catalogtaksi.ru;Санкт-Петербург;Боровичи;9500
volgograd-uryupinsk;old;369;5;SEO+DIRECT;A_GOLD;SEO Gold + Директ;SEO_GOLD_DIRECT;1;22;0;kubtaxi.ru|taxi555.ru|tratatur.ru|taxi-ug.ru|city2city.ru|www.taxi2000.ru|taksi-gorod.ru|www.mezhgorod.taxi|taksisvo.ru|rustransfer.org|unit-transfer.ru|takse.ru|taxi.drive-luxe.ru|mobilodeon.ru|1taxopark.ru|obltaxi.ru|taxivezde.ru|taxi-cosmos.ru|taxi-russia.su|catalogtaksi.ru|vk.com|deshevotaxi.ru|mejgorodtaxi.ru|korona-taksi.ru|ru-travel.org|www.avito.ru|www.taxi-love.ru|www.transfer34.ru|regionaltaxi.ru|taxi-nomer.ru;Волгоград;Урюпинск;10200
voronezh-moskva;old;366;;SEO+DIRECT;B_INVEST;SEO инвестиции + Директ;SEO_INVEST_DIRECT;1;22;0;voronezh.sky-transfer.ru|www.avito.ru|voronezh.taxi24h.ru|voronezh.taksi24.taxi|cvo-taxi.ru|www.vezdevoz.ru|www.taxi2000.ru|ugtaxi.ru|taxi-svobodnoe.ru|ug.taxi|kubtaxi.ru|taxi-mobil.ru|transferug.ru|tratatur.ru|taxi555.ru|taxi-russia.su|uslugi.yandex.ru|toptransfer.pro|t.me|taxi-ug.ru|chestnyi-transfer.ru|wing-taxi.ru|msk.taxi|taxi-bereg.ru|1taxopark.ru|taksisvo.ru|taksi-gorod.ru|transfer36.ru|xn----7sbyhcmnbsdikx.xn--p1ai|mezhgorod-rf.ru;Воронеж;Москва;15400
moskva-voronezh;old;366;;SEO+DIRECT;B_INVEST;SEO инвестиции + Директ;SEO_INVEST_DIRECT;1;16;0;taxi.yandex.ru|moskva.taximaxim.ru|vezet.ru|city-mobil.ru|yandex.ru|taximoskva.com|msk.taxovichkof.ru|journal.sovcombank.ru|drivee.com|2gis.ru|www.avito.ru|xn----7sbb4ajch8bfab.xn--p1ai|uslugi.yandex.ru|oldtaxi.ru|moskva.taxipoehali.ru|zoon.ru|t-j.ru|www.taximasters.ru|moskva.taxideshevo.com|www.taxi-ritm.ru|go.yandex|taxi555.ru|tradetaxi.ru|msk.svoetaksi.ru|taxi-angel.ru|msk.taxi-protaxi.ru|taksi-moskva24.ru|taxispeed.ru|nyt.ru|www.utaxi-msk.ru;Москва;Воронеж;15400
belgorod-moskva;old;365;;SEO+DIRECT;B_INVEST;SEO инвестиции + Директ;SEO_INVEST_DIRECT;1;7;0;www.avito.ru|taxi555.ru|ugtaxi.ru|kubtaxi.ru|tratatur.ru|yandex.ru|taxi-mobil.ru|sochi.taxi|taksisvo.ru|ug.taxi;Белгород;Москва;19800
samara-orenburg;old;359;23;SEO+DIRECT;B_INVEST;SEO инвестиции + Директ;SEO_INVEST_DIRECT;2;17;0;www.avito.ru|sky-transfer.ru|vk.com|samara.taksi24.taxi|taxi24online.ru|xn----8sbaabmm4deiwdfk0a.xn--p1ai|www.xn-----7kcbaaphbhdai9a3awnjra5bnrctq.xn--p1ai|yandex.ru|kiwitaxi.ru|taxi533.ru|taksisvo.ru|1taxopark.ru|xn----7sbabxukdmwuiegm.xn--p1ai|xn----ftbdbf8asar.xn--p1ai|taksi-gorod.ru|taxi-cosmos.ru|dzen.ru|rustransfer.org|jupiter-tmc.ru|samara.taxi24h.ru|www.mezhgorod.taxi|taxi555.ru|city2city.ru|rf-taxi.ru|mejgorod-taxi.ru|taxilargus.ru|unit-transfer.ru|taxikawai.ru|samara-airport.com|taxi.drive-luxe.ru;Самара;Оренбург;12400
orenburg-samara;old;359;25;SEO+DIRECT;B_INVEST;SEO инвестиции + Директ;SEO_INVEST_DIRECT;2;19;0;www.avito.ru|yandex.ru|xn----8sbaabmm4deiwdfk0a.xn--p1ai|vk.com|sky-transfer.ru|xn----ftbdbf8asar.xn--p1ai|nexttax.ru|taxi533.ru|rustransfer.org|mejgorodtaxi.ru|www.mezhgorod.taxi|taplink.cc|taksi-gorod.ru|orenburg.taxi24h.ru|taksisvo.ru|taxivezde.ru|taxi.drive-luxe.ru|taxi555.ru|orenburg.taksi24.taxi|taxi-cosmos.ru|jupiter-tmc.ru|korona-taksi.ru|www.taxi-love.ru|mezhgorod-rf.ru|city2city.ru|kiwitaxi.ru|taxi-russia.su|orentransfer.ru|taxikawai.ru|taxi-lider64.ru;Оренбург;Самара;12400
tomsk-kolpashevo;old;337;;SEO;B_INVEST;SEO инвестиции;SEO_INVEST;1;18;0;royalcars54.ru|vk.com|vezunchik70.orgs.biz|rustransfer.org|kolpashevo.gde.ru|ok.ru|www.mezhgorod.taxi|1taxopark.ru|obltaxi.ru|taxi.drive-luxe.ru|takse.ru|taxi24online.ru|www.taxi-love.ru|taxi-russia.su|taxivezde.ru|www.taxi-rokada.ru|uslugi.yandex.ru|catalogtaksi.ru|deshevotaxi.ru|vse-taxi.com|tomx.ru|www.taxi2000.ru|perevozka24.com|mezhgorod-taksi.ru|www.intui.travel|mejgorodtaxi.ru|taxi-nomera.ru|tomsk.regtorg.ru|2gis.ru|transfergid.ru;Томск;Колпашево;9600
tomsk-novosibirsk;old;333;;SEO;B_INVEST;SEO инвестиции;SEO_INVEST;2;18;0;sky-transfer.ru|go.yandex|drivee.com|royalcars54.ru|www.avito.ru|transfer70.ru|ubitaxi.ru|yandex.ru|taxitolmachevo.ru|taksi-gorod.ru|transfer-novosibirsk.ru|taxi533.ru|taxi555.ru|taxi24online.ru|turtransfer.ru|rustransfer.org|ugtaxi.ru|1taxopark.ru|go.ridence.ru|kiwitaxi.ru|taxivezde.ru|transferug.ru|mezhgorod-rf.ru|taxi.drive-luxe.ru|jupiter-tmc.ru|taxi-novosibirsk-mezhgorod.ru|www.taxi-love.ru|taximinivan54.ru|xn-----6kcge7adblcfrpkeb1beegecf.xn--p1ai|starcars54.ru;Томск;Новосибирск;8000
ufa-magnitogorsk;old;327;;SEO+DIRECT;B_INVEST;SEO инвестиции + Директ;SEO_INVEST_DIRECT;1;19;0;taxi.yandex.ru|ufa.taximaxim.ru|2gis.ru|vezet.ru|yandex.ru|ufa.taxipoehali.ru|ufa1.ru|www.yell.ru|m.avito.ru|city-mobil.ru|uslugi.yandex.ru|zoon.ru|go.yandex|ufa.flamp.ru|taxiufa.ru|ufa.taptaxi.su|rutaxi.ru|vip-taxi-ufa.ru|taximini-ufa.ru|taksi-ufa.ru|perevozka24.com|taxi-mini.ru|taxi-nomera.ru|taxieconom.ru|deshevotaxi.ru|taxi-mini-ufa.ru|taxi-ufa.ru|toptaxi.org|taxiufa.com|taxi-miniufa.ru;Уфа;Магнитогорск;10200
moskva-nigniy_novgorod;new;325;;SEO;B_INVEST;SEO инвестиции;SEO_INVEST_NEW;8;18;1;drivee.com|www.avito.ru|moskva.taxi24h.ru|kiwitaxi.ru|cvo-taxi.ru|taxi555.ru|ug.taxi|yandex.ru|ugtaxi.ru|taxi-van.ru;;;
joshkar-ola-kazan;old;325;;SEO;C_HARD;SEO сложная конкуренция;SEO_HARD;2;4;0;www.avito.ru|go.yandex|ugtaxi.ru|vk.com|kiwitaxi.ru|taxi-russia.su|1taxopark.ru|www.transfer12.ru|perevozka24.com|uslugi.yandex.ru;Йошкар-Ола;Казань;4500
nizhnij-novgorod-moskva;old;325;;SEO+DIRECT;B_INVEST;SEO инвестиции + Директ;SEO_INVEST_DIRECT;2;21;0;www.avito.ru|taxi555.ru|drivee.com|yandex.ru|nizhniy-novgorod.taxi24h.ru|tratatur.ru|xn----7sbyhcmnbsdikx.xn--p1ai|ug.taxi|kubtaxi.ru|unit-transfer.ru|nizhniy-novgorod.taksi24.taxi|go.yandex|www.taxi2000.ru|taxigorkovskoe.ru|kiwitaxi.ru|taksi-gorod.ru|www.taxi-rokada.ru|taxi-mobil.ru|taxivezde.ru|nizhniy-novgorod.taxi-krim.com|ugtaxi.ru|taxi-russia.su|msk.taxi|minivan-nn.ru|wing-taxi.ru|diveevo-transfer.ru|taxi-van.ru|xn--80aesgcvcug0d.su|chestnyi-transfer.ru|taxi-cosmos.ru;Нижний Новгород;Москва;13000
moskva-ufa;new;323;;SEO;B_INVEST;SEO инвестиции;SEO_INVEST_NEW;5;21;0;www.avito.ru|moskva.taxi24h.ru|ug.taxi|moskva.sevastopol24.taxi|unit-transfer.ru|msk.taxi|taxi-bereg.ru|taxi533.ru|moskva.taksi24.taxi|taxidaleko.ru;;;
barnaul-novosibirsk;new;323;;SEO;B_INVEST;SEO инвестиции;SEO_INVEST_NEW;13;7;2;barnaul.sky-transfer.ru|www.avito.ru|go.yandex|royalcars54.ru|drivee.com|ugtaxi.ru|kiwitaxi.ru|go.ridence.ru|willway.ru|altay-transfer.ru;;;
ufa-moskva;old;323;;SEO+DIRECT;B_INVEST;SEO инвестиции + Директ;SEO_INVEST_DIRECT;1;28;0;www.avito.ru|sky-transfer.ru|ug.taxi|cvo-taxi.ru|ugtaxi.ru|ufa.sevastopol24.taxi|taxi555.ru|taxi533.ru|taxi.yandex.ru|taksi-ufa.ru|ufa.taxi24h.ru|taximini-ufa.ru|www.mezhgorod.taxi|taksisvo.ru|wing-taxi.ru|taxiufa.ru|ufa.yalta-24.taxi|obltaxi.ru|taksi-gorod.ru|korona-taksi.ru|msk.taxi|taxi24online.ru|www.taxi-love.ru|vse-taxi.com|mobilodeon.ru|taxivezde.ru|ufa.simferopol-aeroport.taxi|toptaxi.org|taxi-cosmos.ru|radartaxi.ru;Уфа;Москва;40000
tver-moskva;old;307;;SEO;B_INVEST;SEO инвестиции;SEO_INVEST;2;22;0;www.avito.ru|tver.taxi24h.ru|taxi-tver.com|ugtaxi.ru|ug.taxi|sky-transfer.ru|tver.taksi24.taxi|www.taxi2000.ru|kubtaxi.ru|msk.taxi|kiwitaxi.ru|taxi555.ru|taxi-mobil.ru|taksi-gorod.ru|www.taxi-rokada.ru|1taxopark.ru|wing-taxi.ru|mezhgorod-rf.ru|taxivezde.ru|vse-taxi.com|taxi-russia.ru|vc.ru|xn----7sbyhcmnbsdikx.xn--80adxhks|radartaxi.ru|my-intercity.ru|transfertver.ru|xn----7sbyhcmghbyi1l.xn--80adxhks|www.taxi-maxi.ru|deshevotaxi.ru|korona-taksi.ru;Тверь;Москва;5000
moskva-tver;old;307;;SEO;B_INVEST;SEO инвестиции;SEO_INVEST;1;17;0;taxi.yandex.ru|moskva.taximaxim.ru|vezet.ru|city-mobil.ru|yandex.ru|msk.taxovichkof.ru|taximoskva.com|journal.sovcombank.ru|drivee.com|2gis.ru|www.avito.ru|xn----7sbb4ajch8bfab.xn--p1ai|oldtaxi.ru|uslugi.yandex.ru|moskva.taxipoehali.ru|zoon.ru|go.yandex|t-j.ru|moskva.taxideshevo.com|www.taxi-ritm.ru|www.taximasters.ru|taxi555.ru|tradetaxi.ru|taxi-angel.ru|msk.svoetaksi.ru|msk.taxi-protaxi.ru|rezidenttaxi.ru|taxispeed.ru|taksi-moskva24.ru|taxi-mobil.ru;Москва;Тверь;5400
moskva-belgorod;new;303;;SEO;B_INVEST;SEO инвестиции;SEO_INVEST_NEW;8;20;1;sky-transfer.ru|www.avito.ru|www.taxi2000.ru|moskva.taxi24h.ru|taxidaleko.ru|taxi555.ru|msk.taxiarkadiya.ru|taksi-gorod.ru|ugtaxi.ru|moskva.taksi24.taxi;;;
ekaterinburg-tyumen;old;303;;SEO;C_HARD;SEO сложная конкуренция;SEO_HARD;2;5;0;www.avito.ru|kiwitaxi.ru|ugtaxi.ru|willway.ru|taksi-gorod.ru|nexttax.ru|xn-----6kccfjdehdbgxjti1a2ala5bhdewr6a.xn--p1ai|unit-transfer.ru|sky-transfer.ru|taksi-ekb.ru;Екатеринбург;Тюмень;9900
kirov-vyatskie-polyany;old;300;;SEO+DIRECT;B_INVEST;SEO инвестиции + Директ;SEO_INVEST_DIRECT;2;16;0;www.avito.ru|vk.com|taxi-vp-kirov.vp43.ru|yandex.ru|taksisvo.ru|yandex.ru|taksikirov.ru|jupiter-tmc.ru|1taxopark.ru|taxivezde.ru|taxi555.ru|taxi.drive-luxe.ru|www.taxi-love.ru|www.taxi2000.ru|delovoy-kirov.ru|korona-taksi.ru|mejgorodtaxi.ru|taxi-cosmos.ru|taxi-russia.su|takse.ru|taxi-mini.ru|www.rome2rio.com|uslugi.yandex.ru|catalogtaksi.ru|vse-taxi.com|routes43.ru|deshevotaxi.ru|xn------5cdlcsvcdodem4aoflzfdpg9t9cj.xn--p1ai|www.blablacar.ru|ru-travel.org;Киров;Вятские Поляны;10000
kemerovo-novosibirsk;old;299;;SEO;B_INVEST;SEO инвестиции;SEO_INVEST;1;5;0;kemerovo.sky-transfer.ru|www.avito.ru|royalcars54.ru|go.yandex|drivee.com|ugtaxi.ru|turtransfer.ru|taxi533.ru|transfer-novosibirsk.ru|willway.ru;Кемерово;Новосибирск;7800
vladimir-suzdal;old;298;11;SEO;A_GOLD;SEO Gold - быстрые победы;SEO_GOLD;2;17;0;go.yandex|taxi555.ru|www.tourister.ru|kiwitaxi.ru|xn----7sbyhcmnbsdikx.xn--p1ai|xn--33-6kcu3bqdcefbvh.xn--p1ai|transfer-vlad33.ru|transfers.unitaxi.ru|www.taxi2000.ru|taksisvo.ru|city2city.ru|ru-travel.org|mejgorodtaxi.ru|catalogtaksi.ru|obltaxi.ru|taxivezde.ru|www.taxi-love.ru|ubitaxi.ru|deshevotaxi.ru|takse.ru|uslugi.yandex.ru|jupiter-tmc.ru|taxi-vladimir-vladimir-oblast-ru.taxigator.ru|2gis.ru|taxigorkovskoe.ru|xn--33-6kc6aj6be.xn--p1ai|mezhdugorodnee-taksi-moskva.ru|transfer-taxi33.ru|www.avito.ru|mezhgorod-taksi.ru;Владимир;Суздаль;3000
blagoveshhensk-svobodnyj;old;297;3;SEO;D_DEFEND;SEO защита позиций;SEO_DEFEND;1;3;0;www.avito.ru|t.me|city2city.ru|catalogtaksi.ru|2gis.ru|rustransfer.org|takse.ru|jupiter-tmc.ru|uslugi.yandex.ru|deshevotaxi.ru;Благовещенск;Свободный;5100
ufa-orsk;old;296;;SEO+DIRECT;B_INVEST;SEO инвестиции + Директ;SEO_INVEST_DIRECT;1;14;0;xn----7sb5apkgji.xn--p1ai|ufa.sky-transfer.ru|www.avito.ru|orskufa.ru|yandex.ru|vk.com|taxi555.ru|orskufa.com|2gis.ru|yandex.ru|rustransfer.org|zoon.ru|orskufa.tb.ru|orsk-ufa.turbo.site|taxiufa.ru|taxi533.ru|jupiter-tmc.ru|obltaxi.ru|taksi-ufa.ru|taksi-gorod.ru|taksisvo.ru|taxi-orsk-ufa-orsk.clients.site|taxibulgakovo.ru|www.orgpage.ru|taxi-cosmos.ru|taximini-ufa.ru|ufaorsk.ru|m.ok.ru|orskufa.clients.site|vse-taxi.com;Уфа;Орск;18000
moskva-samara;old;290;;SEO+DIRECT;B_INVEST;SEO инвестиции + Директ;SEO_INVEST_DIRECT;1;27;0;cvo-taxi.ru|sky-transfer.ru|www.avito.ru|moskva.taxi24h.ru|msk.taxiarkadiya.ru|moskva.sevastopol24.taxi|unit-transfer.ru|wing-taxi.ru|taxi533.ru|taxi-bereg.ru|taxi-mobil.ru|taksi-gorod.ru|moskva.taksi24.taxi|ab-taxi.ru|ug.taxi|www.taximasters.ru|www.taxi2000.ru|zakaz.mezhgorod.taxi|msk.taxi|oldtaxi.ru|korona-taksi.ru|moskva.taxi-krim.com|1taxopark.ru|taxidaleko.ru|minivans.taxi|www.taxi-love.ru|taxivezde.ru|ugtaxi.ru|www.100mtaxi.ru|izvozchik.su;Москва;Самара;32500
samara-moskva;old;290;;SEO+DIRECT;B_INVEST;SEO инвестиции + Директ;SEO_INVEST_DIRECT;1;25;0;www.avito.ru|cvo-taxi.ru|samara.taxi24h.ru|samara.sky-transfer.ru|xn----7sbabxukdmwuiegm.xn--p1ai|samara.taksi24.taxi|taxi24online.ru|taxi-mobil.ru|unit-transfer.ru|taxi533.ru|ugtaxi.ru|ug.taxi|taxi555.ru|taksi-gorod.ru|wing-taxi.ru|go.yandex|samara.taxi-krim.com|www.taxi2000.ru|dzen.ru|msk.taxi|taksisvo.ru|kubtaxi.ru|taxi.drive-luxe.ru|jupiter-tmc.ru|www.mezhgorod.taxi|www.taxi-love.ru|www.taxi-rokada.ru|samara.aeroport-simferopol.taxi|taxivezde.ru|taxi-cosmos.ru;Самара;Москва;33000
ufa-bajmak;old;289;16;SEO+DIRECT;A_GOLD;SEO Gold + Директ;SEO_GOLD_DIRECT;0;20;0;baymak-ufa.ru|vk.com|taxiufa.ru|www.mezhgorod.taxi|www.taxi2000.ru|taksisvo.ru|taxivezde.ru|rustransfer.org|yandex.ru|yandex.ru|taksi-gorod.ru|mejgorodtaxi.ru|tenchat.ru|taxi.drive-luxe.ru|taxi-cosmos.ru|city2city.ru|taxi24online.ru|taxibulgakovo.ru|taximini-ufa.ru|taksi-ufa.ru|xn----7sbp3acjidhfbkt.su|toptaxi.org|taximinimalka.ru|uslugi.yandex.ru|interesnoe.me|yulsy-taxi.orgs.biz|taxiufabaimak.turbo.site|taxiufa.com|taxiufa.su|takse.ru;Уфа;Баймак;12300
moskva-kazan;old;288;;SEO+DIRECT;B_INVEST;SEO инвестиции + Директ;SEO_INVEST_DIRECT;1;25;0;cvo-taxi.ru|m.avito.ru|moskva.taksi24.taxi|msk.taxiarkadiya.ru|msk.taxi|sky-transfer.ru|ugtaxi.ru|taxi-mobil.ru|moskva.sevastopol24.taxi|1taxopark.ru|taxi533.ru|oldtaxi.ru|moskva.taxi24h.ru|transfer-kazan.ru|wing-taxi.ru|moskva.taxi-krim.com|moskva.taxideshevo.com|zakaz.mezhgorod.taxi|cabway.ru|www.taximasters.ru|ug.taxi|yandex.ru|taxi555.ru|taxi-russia.ru|unit-transfer.ru|izvozchik.su|taxi24online.ru|rustransfer.org|moskva.yalta-24.taxi|taxivezde.ru;Москва;Казань;24200
volgograd-volzhskij;old;286;6;SEO;A_GOLD;SEO Gold - быстрые победы;SEO_GOLD;2;20;0;www.avito.ru|deshevotaxi.ru|taksisvo.ru|kiwitaxi.ru|1taxopark.ru|city2city.ru|www.mezhgorod.taxi|unit-transfer.ru|taxivezde.ru|taxi555.ru|mejgorod-taxi.ru|catalogtaksi.ru|taxi.drive-luxe.ru|vse-taxi.com|transfers.unitaxi.ru|www.volgograd.kp.ru|yandex.ru|mejgorodtaxi.ru|mobilodeon.ru|taksi-gorod.ru|taxi-nomera.ru|www.tourister.ru|volgatransfervlg.ru|www.taxi-love.ru|perevozka24.com|mezhgorod-taksi.ru|www.transfer34.ru|regionaltaxi.ru|xn-----6kcbjgajkayxqg5agch5alsp3c.xn--p1ai|uslugi.yandex.ru;Волгоград;Волжский;3000
kursk-moskva;new;281;;SEO;B_INVEST;SEO инвестиции;SEO_INVEST_NEW;9;18;1;www.avito.ru|yandex.ru|kursk.taxi24h.ru|taxi-comfort.ru|taxi555.ru|xn----7sbyhcmnbsdikx.xn--p1ai|chestnyi-transfer.ru|taksi-gorod.ru|kubtaxi.ru|taksisvo.ru;;;
barnaul-belokuriha;old;280;;SEO;C_HARD;SEO сложная конкуренция;SEO_HARD;2;5;0;barnaul.sky-transfer.ru|royalcars54.ru|www.avito.ru|transfer-belokuriha.ru|taksi-gorod.ru|kiwitaxi.ru|dzen.ru|yandex.ru|www.taxi2000.ru|transfers.unitaxi.ru;Барнаул;Белокуриха;6800
irkutsk-angarsk;old;278;8;SEO;D_DEFEND;SEO защита позиций;SEO_DEFEND;2;5;0;go.yandex|taksi-gorod.ru|www.avito.ru|kiwitaxi.ru|rustransfer.org|deshevotaxi.ru|taxi533.ru|city2city.ru|www.tourister.ru|transfers.unitaxi.ru;Иркутск;Ангарск;3000
kazan-ufa;old;276;;DIRECT;G_DIRECT_ONLY;Только Директ;DIRECT_ONLY;2;2;0;taxi-airport-kazan.ru|www.avito.ru|yandex.ru|kiwitaxi.ru|2gis.ru|taxw.ru|uslugi.yandex.ru|www.tourister.ru|transfer-kazan.ru|vc.ru;Международный аэропорт Казань;Уфа;15900
ufa-kazan;old;276;;SEO+DIRECT;B_INVEST;SEO инвестиции + Директ;SEO_INVEST_DIRECT;1;23;0;www.avito.ru|vk.com|sky-transfer.ru|taxibelka.ru|ufakzn.ru|ufa.taxi24h.ru|ufa.sevastopol24.taxi|taxiufa.ru|taxi24online.ru|taxi533.ru|taksi-gorod.ru|taksi-ufa.ru|transfer-kazan.ru|ug.taxi|erataxi.ru|taxivezde.ru|www.mezhgorod.taxi|ufa.taksi24.taxi|jupiter-tmc.ru|taxi.drive-luxe.ru|mezhgorod-rf.ru|taxi-mini.ru|rustransfer.org|yandex.ru|ugtravel.com|taxibulgakovo.ru|taxi-cosmos.ru|taksiavtotrans.tilda.ws|ufa.taxi-krim.com|transferug.ru;Уфа;Казань;16500
krasnodar-moskva;old;271;;SEO+DIRECT;B_INVEST;SEO инвестиции + Директ;SEO_INVEST_DIRECT;1;25;0;sky-transfer.ru|www.avito.ru|taxi-ug.ru|kubtaxi.ru|alfataxi82.ru|taxi.ugtravel.com|perfect-taxi.ru|tratatur.ru|krasnodar.taxi24h.ru|taxi533.ru|ugtaxi.ru|krasnodar.taksi24.taxi|ug.taxi|transferoff.ru|taxiresort.ru|www.taxi2000.ru|taxi.transferplustravel.com|msk.taxi|sip.taxi|taxi-mobil.ru|simfer-taxi.ru|xn--123-eddpm8f6d.xn--p1ai|www.taxi-transfer-travel.ru|taxi-bereg.ru|taxi24online.ru|taksisvo.ru|krasnodar.aeroport-simferopol.taxi|transfer-tur.ru|yandex.ru|autoyellow.ru;Краснодар;Москва;40500
yaroslavl-moskva;old;269;;SEO;B_INVEST;SEO инвестиции;SEO_INVEST;2;19;0;sky-transfer.ru|www.avito.ru|yaroslavl.taxi24h.ru|yartransfer.ru|yandex.ru|kiwitaxi.ru|yatransfer76.ru|uslugi.yandex.ru|berlina76.ru|ugtaxi.ru|xn----7sbyhcmnbsdikx.xn--p1ai|taxi555.ru|lux-express76.ru|yaroslavl.taksi24.taxi|besttransfer.ru|yarion.vercel.app|ug.taxi|taxi-russia.ru|msk.taxi|1taxopark.ru|taxi24online.ru|www.taxi2000.ru|wing-taxi.ru|carway76.ru|transfers.unitaxi.ru|taxi-mobil.ru|yaroslavl-transfer.ru|reis76.ru|transfery76.ru|taxivezde.ru;Ярославль;Москва;8000
moskva-yaroslavl;old;269;;SEO;B_INVEST;SEO инвестиции;SEO_INVEST;1;16;0;taxi.yandex.ru|moskva.taximaxim.ru|vezet.ru|city-mobil.ru|yandex.ru|msk.taxovichkof.ru|taximoskva.com|journal.sovcombank.ru|drivee.com|2gis.ru|www.avito.ru|xn----7sbb4ajch8bfab.xn--p1ai|www.taxi-ritm.ru|uslugi.yandex.ru|oldtaxi.ru|zoon.ru|moskva.taxipoehali.ru|go.yandex|t-j.ru|moskva.taxideshevo.com|www.taximasters.ru|taxi555.ru|tradetaxi.ru|msk.svoetaksi.ru|msk.taxi-protaxi.ru|taxi-angel.ru|taxispeed.ru|rezidenttaxi.ru|www.taxi-accord.ru|nyt.ru;Москва;Ярославль;8000
moskva-rostov-na-don;new;261;;SEO;B_INVEST;SEO инвестиции;SEO_INVEST_NEW;5;25;0;sky-transfer.ru|www.avito.ru|alfataxi82.ru|taxi.ugtravel.com|msk.taxiarkadiya.ru|moskva.taxi24h.ru|taxi555.ru|ug.taxi|msk.taxi|kubtaxi.ru;;;
rostov-moskva;old;261;30;SEO+DIRECT;B_INVEST;SEO инвестиции + Директ;SEO_INVEST_DIRECT;1;22;0;sky-transfer.ru|www.avito.ru|taxi.ugtravel.com|alfataxi82.ru|taksi-gorod.ru|cvo-taxi.ru|kubtaxi.ru|rostov.taxi24h.ru|yandex.ru|taxi533.ru|ug.taxi|tratatur.ru|simfer-taxi.ru|rostov.taksi24.taxi|1taxopark.ru|www.taxi2000.ru|taxi-bereg.ru|taxi555.ru|sochi.taxi|taxi-mobil.ru|sip.taxi|msk.taxi|rostov.yalta-24.taxi|avto-kruiz.com|uslugi.yandex.ru|xn-----6kckdgfipty1aaca1adgndr.xn--p1ai|taxivezde.ru|www.taxi-transfer-travel.ru|unit-transfer.ru|city2city.ru;Ростов-на-Дону;Москва;32400
chelyabinsk-ufa;old;251;;SEO+DIRECT;B_INVEST;SEO инвестиции + Директ;SEO_INVEST_DIRECT;1;6;0;www.avito.ru|intercity74.ru|sky-transfer.ru|driver174.ru|chelyabinsk.taxi24h.ru|www.mezhgorod.taxi|taxidesyatka.ru|vk.com|chelyabinsk.taksi24.taxi|uralavtotaxi.ru;Челябинск;Уфа;12400
ufa-neftekams;old;249;;SEO;B_INVEST;SEO инвестиции;SEO_INVEST;1;18;0;taxi.yandex.ru|ufa.taximaxim.ru|2gis.ru|vezet.ru|ufa1.ru|yandex.ru|ufa.taxipoehali.ru|www.yell.ru|m.avito.ru|city-mobil.ru|zoon.ru|go.yandex|uslugi.yandex.ru|ufa.flamp.ru|rutaxi.ru|taxiufa.ru|ufa.taptaxi.su|vip-taxi-ufa.ru|taximini-ufa.ru|perevozka24.com|taksi-ufa.ru|taxi-mini.ru|taxi-nomera.ru|prufy.ru|vse-taxi.com|taxitops.ru|taxi-mini-ufa.ru|taxi-ufa.ru|taxiufa.com|rutaxist.ru;Уфа;Нефтекамск;6300
kazan-orenburg;old;247;;SEO+DIRECT;B_INVEST;SEO инвестиции + Директ;SEO_INVEST_DIRECT;1;8;0;taximejgorod.ru|www.avito.ru|kazan.taxiarkadiya.ru|orenburg-kazan-taxi.ru|kazan.taxi24h.ru|taksi-gorod.ru|kazan.sevastopol24.taxi|kazan.taksi24.taxi|taxi533.ru|yandex.ru;Казань;Оренбург;21900
nizhnij-novgorod-dzerzhinsk;old;242;;SEO;B_INVEST;SEO инвестиции;SEO_INVEST;2;19;0;go.yandex|unit-transfer.ru|taxi.yandex.ru|kiwitaxi.ru|taxigorkovskoe.ru|taksisvo.ru|1taxopark.ru|taxi.drive-luxe.ru|www.mezhgorod.taxi|yandex.ru|catalogtaksi.ru|mejgorod-taxi.ru|2gis.ru|taxivezde.ru|deshevotaxi.ru|vse-taxi.com|mezhgorod-rf.ru|www.avito.ru|ru-travel.org|obltaxi.ru|uslugi.yandex.ru|transfers.unitaxi.ru|jupiter-tmc.ru|perevozka24.com|www.taxi-love.ru|mejgorodtaxi.ru|taxi-nomera.ru|taximezhgorod24.ru|xn-----6kcnbecgjov3axagazifr.xn--p1ai|mezhgorod-taksi.ru;Нижний Новгород;Дзержинск;2000
donetsk-rostov-na-don;new;239;;SEO;B_INVEST;SEO инвестиции;SEO_INVEST_NEW;6;15;0;sky-transfer.ru|taxi-atlas.com|taxi-atlas.com|don-voyage.ru|avto-kruiz.com|avto-kruiz.com|xn-----6kckdgfipty1aaca1adgndr.xn--p1ai|alfataxi82.ru|taxi-yugtaxi.ru|donetsk.taksi24.taxi;;;
izhevsk-sarapul;old;239;8;SEO;D_DEFEND;SEO защита позиций;SEO_DEFEND;2;5;0;m.avito.ru|taxi5.online|xn----7sbhlekbng7dgc.xn--p1ai|catalogtaksi.ru|taxi24online.ru|kiwitaxi.ru|taksisvo.ru|city2city.ru|xn----7sbyhcmnbsdikx.xn--p1ai|taxi555.ru;Ижевск;Сарапул;3200
rostov-doneczk-rostovskaya-oblast;old;239;20;SEO;A_GOLD;SEO Gold - быстрые победы;SEO_GOLD;1;18;0;sky-transfer.ru|www.avito.ru|xn-----6kckdgfipty1aaca1adgndr.xn--p1ai|yandex.ru|xn--b1afanhqckwdt2czc.xn--p1ai|kubtaxi.ru|alfataxi82.ru|taxi-ug.ru|don-voyage.ru|tratatur.ru|taksi-gorod.ru|ug.taxi|taxi-yugtaxi.ru|taxi-atlas.com|perfect-taxi.ru|rostov.taxi24h.ru|azov-travel.ru|unit-transfer.ru|taxi533.ru|city2city.ru|xn--80aafg9bdcdsmgb.xn--p1ai|ugtravel.com|avto-kruiz.com|rostov.taksi24.taxi|taksisvo.ru|vk.com|deshevotaxi.ru|taxi-svobodnoe.ru|taksi-transfer.ru|taxi-bereg.ru;Ростов-на-Дону;Донецк;5000
moskva-kaluga;new;238;;SEO;B_INVEST;SEO инвестиции;SEO_INVEST_NEW;7;23;0;sky-transfer.ru|taxi-mobil.ru|www.avito.ru|moskva.taxi24h.ru|oldtaxi.ru|taxi555.ru|kubtaxi.ru|ugtaxi.ru|www.taximasters.ru|msk.taxiarkadiya.ru;;;
kaluga-moskva;new;238;;SEO;B_INVEST;SEO инвестиции;SEO_INVEST_NEW;9;18;2;yandex.ru|taxi-mobil.ru|ugtaxi.ru|kaluga.taxi24h.ru|kubtaxi.ru|taxi-russia.su|m.avito.ru|tratatur.ru|transfer40.com|kaluga.taksi24.taxi;;;
chelyabinsk-miass;old;237;7;SEO;A_GOLD;SEO Gold - быстрые победы;SEO_GOLD;1;6;0;www.avito.ru|intercity74.ru|taxidesyatka.ru|driver174.ru|sky-transfer.ru|taxi555.ru|city2city.ru|uralavtotaxi.ru|taksi-gorod.ru|rustransfer.org;Челябинск;Миасс;3800
kazan-ulyanovsk;old;234;;SEO;C_HARD;SEO сложная конкуренция;SEO_HARD;2;2;0;taxi-airport-kazan.ru|www.avito.ru|yandex.ru|kiwitaxi.ru|2gis.ru|taxw.ru|uslugi.yandex.ru|www.tourister.ru|transfer-kazan.ru|vc.ru;Международный аэропорт Казань;Ульяновск;6600
ulyanovsk-kazan;old;234;18;SEO;A_GOLD;SEO Gold - быстрые победы;SEO_GOLD;3;18;0;www.avito.ru|go.yandex|ulyanovsk.taxi24h.ru|ugtaxi.ru|ulyanovsk.sevastopol24.taxi|yandex.ru|kiwitaxi.ru|rustransfer.org|taxi555.ru|uslugi.yandex.ru|transfer-kazan.ru|taksi-gorod.ru|taksisvo.ru|1taxopark.ru|taxi-russia.su|taxi533.ru|taxi24online.ru|city2city.ru|transfers.unitaxi.ru|www.mezhgorod.taxi|taxi.drive-luxe.ru|taxivezde.ru|jupiter-tmc.ru|kazan.taxiarkadiya.ru|mejgorod-taxi.ru|vk.com|ru-travel.org|mezhgorod-rf.ru|ulyanovsk.taxi-krim.com|www.intui.travel;Ульяновск;Казань;6600
yaroslavl-rybinsk;old;226;14;SEO;A_GOLD;SEO Gold - быстрые победы;SEO_GOLD;3;21;0;www.avito.ru|xn----7sbyhcmnbsdikx.xn--p1ai|kiwitaxi.ru|catalogtaksi.ru|taxivezde.ru|transfers.unitaxi.ru|yatransfer76.ru|deshevotaxi.ru|taxi533.ru|taksisvo.ru|taxi555.ru|www.mezhgorod.taxi|1taxopark.ru|city2city.ru|mejgorod-taxi.ru|www.tourister.ru|takse.ru|obltaxi.ru|mejgorodtaxi.ru|www.taxi-love.ru|www.intui.travel|taksi-services.ru|vse-taxi.com|mezhdugorodnee-taxi24.ru|perevozka24.com|ubitaxi.ru|taxi-yaroslavl-yaroslavl-oblast-ru.taxigator.ru|mezhgorod-taksi.ru|ratour.ru|mezhdugorodnee-taksi.ru;Ярославль;Рыбинск;3800
krasnodar-sochi;new;222;23;SEO;F_AUTOPILOT;SEO автопилот;SEO_AUTOPILOT_NEW;6;22;2;kubtaxi.ru|m.avito.ru|krasnodar.sky-transfer.ru|taxi-krasnodar-aeroport.ru|tratatur.ru|taxi-ug.ru|yandex.ru|taxi.ugtravel.com|krasnodar.taxi24h.ru|alfataxi82.ru;;;
samara-uralsk;old;222;10;SEO;A_GOLD;SEO Gold - быстрые победы;SEO_GOLD;3;16;0;www.avito.ru|samara-uralsk.ru|yandex.ru|souzviptaxi.ru|uralsk-samara.ru|www.olx.kz|kiwitaxi.ru|t.me|ok.ru|city2city.ru|vk.com|unit-transfer.ru|taxi-drive24.com|obyavleniya.kaspi.kz|perevozka24.kz|rustransfer.org|taxivipsamara.ru|korona-taksi.ru|perevozchik163.ru|youla.ru|dzen.ru|samara.kupiprodai.ru|taxi-drive24-samara.ru|taxiuralsk.ru|taksi-samara-uralsk-samara.clients.site|taksi-region-samara-uralsk.clients.site|taxi-ex-press.ru|taksi-samara.clients.site|taxi-vezet.kz|taximezhgorod.simdif.com;Самара;Уральск;8700
sankt-peterburg-leningradskaya;new;218;5;SEO;A_GOLD;SEO Gold - быстрые победы;SEO_GOLD_NEW;12;14;4;taxitoday.ru|old.taxovichkof.ru|taxideshevo.com|yandex.ru|city2city.ru|ugtaxi.ru|taxi628.ru|m.avito.ru|utaxi-spb.ru|uslugi.yandex.ru;;;
murmansk-polyarnyy;old;218;4;SEO;A_GOLD;SEO Gold - быстрые победы;SEO_GOLD;1;18;0;vk.com|taxi555.ru|www.taxi2000.ru|city2city.ru|deshevotaxi.ru|severnaja-transfernaja.clients.site|1taxopark.ru|kiwitaxi.ru|taksi-gorod.ru|catalogtaksi.ru|route51.ru|taxi.drive-luxe.ru|taxivezde.ru|yandex.ru|zoon.ru|2gis.ru|stk51.ru|pervoetaxi.orgs.biz|uslugi.yandex.ru|obltaxi.ru|taximurmansk.ru|transfers.unitaxi.ru|www.taxi-love.ru|rutaxist.ru|taxi-nomera.ru|murmansk.nashaspravka.ru|taxidrom.com|mejgorodtaxi.ru|taxitelephone.ru|xn--i1adgcei2f3a.xn--80akxkdedu.xn--p1acf;Мурманск;Полярный;3000
krasnodar-rostov-na-donu;old;216;;SEO;B_INVEST;SEO инвестиции;SEO_INVEST;2;23;0;kubtaxi.ru|krasnodar.sky-transfer.ru|www.avito.ru|tratatur.ru|taxi-ug.ru|krasnodar.taksi24.taxi|alfataxi82.ru|taksi-gorod.ru|taxi-bereg.ru|yandex.ru|taxiresort.ru|krasnodar.taxi24h.ru|kiwitaxi.ru|ug.taxi|www.taxisea.ru|perfect-taxi.ru|go.yandex|transfers.unitaxi.ru|centertaxi-krd.ru|taxi.ugtravel.com|ugtaxi.ru|taxi-svobodnoe.ru|taxi-kuban.ru|autoyellow.ru|transferoff.ru|ugtravel.ru|taxi24online.ru|taxi533.ru|transfervkrimu.ru|www.krd-taxi.ru;Краснодар;Ростов-на-Дону;8500
orenburg-buguruslan;old;216;15;SEO+DIRECT;A_GOLD;SEO Gold + Директ;SEO_GOLD_DIRECT;2;18;0;www.avito.ru|vk.com|taksisvo.ru|taxi555.ru|taxivezde.ru|1taxopark.ru|xn----7sbyhcmnbsdikx.xn--p1ai|yandex.ru|www.taxi2000.ru|mejgorodtaxi.ru|taxi533.ru|nexttax.ru|taxi-cosmos.ru|rustransfer.org|city2city.ru|ok.ru|deshevotaxi.ru|www.taxi-love.ru|www.rome2rio.com|obltaxi.ru|taxi-russia.su|takse.ru|catalogtaksi.ru|www.taxi-rokada.ru|taxi-nomer.ru|taxi-nomera.ru|www.blablacar.ru|vse-taxi.com|yandex.ru|mezhgorod-taksi.ru;Оренбург;Бугуруслан;10800
rostov-krasnodar;old;216;;SEO;B_INVEST;SEO инвестиции;SEO_INVEST;2;23;0;www.avito.ru|yandex.ru|rostov-na-donu.sky-transfer.ru|alfataxi82.ru|transfervkrimu.ru|autoyellow.ru|cvo-taxi.ru|tratatur.ru|taxi.ugtravel.com|taksi-gorod.ru|rostov.taxi24h.ru|simfer-taxi.ru|perfect-taxi.ru|kiwitaxi.ru|kubtaxi.ru|rostov.taksi24.taxi|ug.taxi|ugtaxi.ru|rostov.taxi-krim.com|taxi.transferplustravel.com|ugtravel.ru|unit-transfer.ru|rustransfer.org|alex-transport.ru|transfers.unitaxi.ru|transferug.ru|taxi-ug.ru|taxi-cosmos.ru|taxi-svobodnoe.ru|taxi-bereg.ru;Ростов-на-Дону;Краснодар;8200
orenburg-meleuz;old;215;8;SEO;A_GOLD;SEO Gold - быстрые победы;SEO_GOLD;2;19;0;www.avito.ru|vk.com|orenburg-ufa.ru|taxivezde.ru|rustransfer.org|taksisvo.ru|taxi555.ru|city2city.ru|yandex.ru|taxi.drive-luxe.ru|www.rome2rio.com|www.taxi2000.ru|1taxopark.ru|taxi-russia.su|ab-taxi.ru|jupiter-tmc.ru|takse.ru|www.intui.travel|www.taxi-love.ru|www.taxi-rokada.ru|obltaxi.ru|taxi56.tb.ru|taxi-nomera.ru|catalogtaksi.ru|deshevotaxi.ru|taksi-prestizh--102.clients.site|xn--80ajkhneomg.xn--p1ai|taxi56ru.ru|vse-taxi.com|korona-taksi.ru;Оренбург;Мелеуз;5300
krasnodar-yalta;new;212;;SEO;B_INVEST;SEO инвестиции;SEO_INVEST_NEW;3;23;1;kubtaxi.ru|taxi-ug.ru|www.avito.ru|alfataxi82.ru|tratatur.ru|krasnodar.sky-transfer.ru|krasnodar.taxi24h.ru|yandex.ru|taxi-bereg.ru|taxi-krasnodar-aeroport.ru;;;
krasnodar-anapa;old;212;;SEO;B_INVEST;SEO инвестиции;SEO_INVEST;2;20;0;geltaxi.ru|kubtaxi.ru|tratatur.ru|www.avito.ru|anapa-taxi-transfer.ru|taxi-ug.ru|uslugi.yandex.ru|anapa.taxovichkof.ru|yandex.ru|kiwitaxi.ru|taxi.yandex.ru|taxianapa.com|viptaxi-anapa.ru|taxi.transferplustravel.com|anapa.taximaxim.ru|transfer.open-anapa.ru|www.tourister.ru|taxiresort.ru|vk.com|taxi-anapa-transfer.ru|ugtaxi.ru|taxi.ugtravel.com|anapa-taxi.com|www.txanapa.ru|taxi-anapa-aeroport.ru|taxi-airport-anapa.ru|transfer-anapa-aeroport.ru|taxi-anapa-online.ru|www.aaqaero.ru|deshevotaxi.ru;Аэропорт;Анапа;5000
ufa-ishimbaj;old;210;;SEO;B_INVEST;SEO инвестиции;SEO_INVEST;1;19;0;taxi.yandex.ru|ufa.taximaxim.ru|2gis.ru|vezet.ru|yandex.ru|ufa1.ru|ufa.taxipoehali.ru|m.avito.ru|www.yell.ru|city-mobil.ru|uslugi.yandex.ru|zoon.ru|ufa.flamp.ru|go.yandex|taxiufa.ru|ufa.taptaxi.su|rutaxi.ru|vip-taxi-ufa.ru|taximini-ufa.ru|perevozka24.com|taksi-ufa.ru|taxi-mini.ru|taxi-nomera.ru|rutaxist.ru|taxitops.ru|vse-taxi.com|taxieconom.ru|taxi-mini-ufa.ru|taxi-ufa.ru|taxiufa.com;Уфа;Ишимбай;5100
izhevsk-votkinsk;old;208;7;SEO;D_DEFEND;SEO защита позиций;SEO_DEFEND;1;4;0;kiwitaxi.ru|taksisvo.ru|vk.com|taxi555.ru|1taxopark.ru|xn----7sbhlekbng7dgc.xn--p1ai|city2city.ru|xn----7sbyhcmnbsdikx.xn--p1ai|www.taxi2000.ru|obltaxi.ru;Ижевск;Воткинск;3000
ufa-chelyabinsk;old;207;;SEO+DIRECT;B_INVEST;SEO инвестиции + Директ;SEO_INVEST_DIRECT;1;19;0;taxi.yandex.ru|ufa.taximaxim.ru|2gis.ru|vezet.ru|yandex.ru|ufa1.ru|ufa.taxipoehali.ru|www.yell.ru|m.avito.ru|city-mobil.ru|uslugi.yandex.ru|zoon.ru|ufa.flamp.ru|go.yandex|taxiufa.ru|ufa.taptaxi.su|rutaxi.ru|vip-taxi-ufa.ru|taximini-ufa.ru|perevozka24.com|taksi-ufa.ru|taxi-mini.ru|taxi-nomera.ru|rutaxist.ru|taxitops.ru|vse-taxi.com|taxieconom.ru|taxi-mini-ufa.ru|taxi-ufa.ru|taxiufa.com;Уфа;Челябинск;12400
kazan-oktyabrskij-respublika-bashkortostan;old;206;;SEO+DIRECT;B_INVEST;SEO инвестиции + Директ;SEO_INVEST_DIRECT;1;5;0;taxibelka.ru|www.avito.ru|taxi555.ru|vk.com|taxi-kazan.com|1taxopark.ru|mezhgorod-rf.ru|transfer-kazan.ru|taxi533.ru|yandex.ru;Казань;Октябрьский;12300
moskva-sochi;new;204;;SEO;B_INVEST;SEO инвестиции;SEO_INVEST_NEW;9;19;2;www.avito.ru|kubtaxi.ru|cvo-taxi.ru|moskva.sky-transfer.ru|moskva.taxi24h.ru|yandex.ru|moskva.yalta-24.taxi|taxi555.ru|www.taxi2000.ru|ug.taxi;;;
kazan-aznakaevo;old;204;;SEO;F_AUTOPILOT;SEO автопилот;SEO_AUTOPILOT;0;5;0;kazan.taxiarkadiya.ru|mezhgorod.pro|aznakaevo-rt.ru|transfer-kazan.ru|www.rome2rio.com|taxi.drive-luxe.ru|www.taxi2000.ru|1taxopark.ru|taxi555.ru|yandex.ru;Казань;Азнакаево;9300
severodvinsk-arhangelsk;old;202;14;SEO;F_AUTOPILOT;SEO автопилот;SEO_AUTOPILOT;2;14;0;go.yandex|www.pegas-29.ru|vk.com|www.avito.ru|premium29.ru|29pegas.ru|kiwitaxi.ru|catalogtaksi.ru|1taxopark.ru|deshevotaxi.ru|www.mezhgorod.taxi|taxi.drive-luxe.ru|www.taxi2000.ru|city2city.ru|taxivezde.ru|rustransfer.org|taksi-gorod.ru|vse-taxi.com|taxi.yandex.ru|transfers.unitaxi.ru|teshka.ru|takse.ru|mejgorodtaxi.ru|arh.flynow.ru|xn--b1aafcbuoxfthj.xn--80akxkdedu.xn--p1acf|ru-travel.org|www.rome2rio.com|perevozka24.com|www.taxi-love.ru|yandex.ru;Северодвинск;Архангельск;3000
krasnodar-majkop;new;201;;DIRECT;H_DIRECT_TEST;Директ тест;POTENTIAL_DIRECT_NEW;9;19;0;kubtaxi.ru|www.avito.ru|taxi-ug.ru|taxi.ugtravel.com|tratatur.ru|krasnodar.taxi24h.ru|taxiresort.ru|krasnodar.taksi24.taxi|kiwitaxi.ru|rustransfer.org;;;
kazan-zelenodolsk;old;201;7;SEO;E_MONITOR;SEO мониторинг;SEO_MONITOR;2;5;0;go.yandex|kazan.taxiarkadiya.ru|kiwitaxi.ru|taxi555.ru|taksi-gorod.ru|1taxopark.ru|city2city.ru|taxi533.ru|ugtaxi.ru|www.avito.ru;Казань;Зеленодольск;3000
samara-ufa;old;200;24;DIRECT;H_DIRECT_TEST;Директ тест;DIRECT_TEST;1;24;0;cvo-taxi.ru|www.avito.ru|sky-transfer.ru|xn----7sbabxukdmwuiegm.xn--p1ai|samara.taksi24.taxi|taxi533.ru|taxi24online.ru|www.mezhgorod.taxi|taksi-gorod.ru|unit-transfer.ru|samara.sevastopol24.taxi|ug.taxi|samara.taxi24h.ru|samara.taxi-krim.com|mejgorod-taxi.ru|taxivezde.ru|taksisvo.ru|rf-taxi.ru|taxibulgakovo.ru|www.xn-----7kcbaaphbhdai9a3awnjra5bnrctq.xn--p1ai|rustransfer.org|taxiufa.ru|taxi-cosmos.ru|city2city.ru|xn----7sbp3acjidhfbkt.su|samara-airport.com|taxi-samara.su|transfer63.ru|mezhgorod-taksi.clients.site|mejgorodtaxi.ru;Самара;Уфа;13800
ufa-samara;old;200;;DIRECT;H_DIRECT_TEST;Директ тест;DIRECT_TEST;1;18;0;taxi.yandex.ru|ufa.taximaxim.ru|2gis.ru|vezet.ru|ufa1.ru|yandex.ru|ufa.taxipoehali.ru|m.avito.ru|www.yell.ru|city-mobil.ru|zoon.ru|go.yandex|uslugi.yandex.ru|ufa.flamp.ru|rutaxi.ru|taxiufa.ru|ufa.taptaxi.su|vip-taxi-ufa.ru|taximini-ufa.ru|perevozka24.com|taksi-ufa.ru|taxi-mini.ru|taxi-nomera.ru|prufy.ru|vse-taxi.com|taxitops.ru|taxi-mini-ufa.ru|taxi-ufa.ru|taxiufa.com|rutaxist.ru;Уфа;Самара;14000
moskva-ivanovo;new;199;;DIRECT;H_DIRECT_TEST;Директ тест;POTENTIAL_DIRECT_NEW;11;17;2;www.avito.ru|sky-transfer.ru|www.100mtaxi.ru|moskva.taksi24.taxi|www.taximasters.ru|msk.taxiarkadiya.ru|ab-taxi.ru|oldtaxi.ru|www.taxi2000.ru|moskva.taxi24h.ru;;;
ivanovo-moskva;new;199;;DIRECT;H_DIRECT_TEST;Директ тест;POTENTIAL_DIRECT_NEW;12;12;4;sky-transfer.ru|yandex.ru|kubtaxi.ru|m.avito.ru|2gis.ru|kiwitaxi.ru|uslugi.yandex.ru|www.taxi2000.ru|ivanovotransfer.ru|ivanovo.taxi24h.ru;;;
arxangelsk-onega;new;197;;DIRECT;H_DIRECT_TEST;Директ тест;POTENTIAL_DIRECT_NEW;20;5;0;onega.su|taxi555.ru|1taxopark.ru|taksi-gorod.ru|www.taxi2000.ru|rustransfer.org|kiwitaxi.ru|vk.link|obltaxi.ru|takse.ru;;;
kazan-yoskar_ola;old;192;;SEO;E_MONITOR;SEO мониторинг;SEO_MONITOR;3;2;0;taxi-airport-kazan.ru|yandex.ru|kiwitaxi.ru|www.avito.ru|2gis.ru|uslugi.yandex.ru|www.tourister.ru|vc.ru|kazan.rustransfer.org|www.intui.travel;Международный аэропорт Казань;Йошкар-Ола;5000
moskva-vladimir;old;191;;SEO;F_AUTOPILOT;SEO автопилот;SEO_AUTOPILOT;1;16;0;taxi.yandex.ru|moskva.taximaxim.ru|vezet.ru|city-mobil.ru|yandex.ru|taximoskva.com|msk.taxovichkof.ru|drivee.com|journal.sovcombank.ru|2gis.ru|www.avito.ru|xn----7sbb4ajch8bfab.xn--p1ai|moskva.taxipoehali.ru|uslugi.yandex.ru|oldtaxi.ru|zoon.ru|www.taximasters.ru|t-j.ru|moskva.taxideshevo.com|www.taxi-ritm.ru|go.yandex|tradetaxi.ru|taxi555.ru|msk.svoetaksi.ru|msk.taxi-protaxi.ru|taxi-angel.ru|taksi-moskva24.ru|taxispeed.ru|nyt.ru|www.utaxi-msk.ru;Москва;Владимир;5500
vladimir-moskva;old;191;;SEO;F_AUTOPILOT;SEO автопилот;SEO_AUTOPILOT;2;19;0;vladimir.taxi24h.ru|uslugi.yandex.ru|taxi555.ru|vladimir.taksi24.taxi|xn--33-6kcu3bqdcefbvh.xn--p1ai|ug.taxi|yandex.ru|kiwitaxi.ru|taxi24online.ru|www.taxi2000.ru|xn----7sbyhcmnbsdikx.xn--p1ai|msk.taxi|transfer-vlad33.ru|vladimir.skidkom.ru|taxi-mobil.ru|1taxopark.ru|ugtaxi.ru|transfers.unitaxi.ru|taxi-russia.su|xn----7sbbhlczaxnd8adiem2b.xn--80adxhks|www.taxi-rokada.ru|wing-taxi.ru|www.avito.ru|xn--33-6kca8fg.xn--p1ai|vladimir.taxi-krim.com|mejgorod-taxi.ru|xn--33-6kc6aj6be.xn--p1ai|taxivezde.ru|perevozka24.com|taxi533.ru;Владимир;Москва;5500
cheboksary-kazan;new;190;;DIRECT;H_DIRECT_TEST;Директ тест;POTENTIAL_DIRECT_NEW;15;11;3;go.yandex|www.avito.ru|taxiarkadiya.ru|vk.com|yandex.ru|kiwitaxi.ru|uslugi.yandex.ru|taxiboss.biz|ugtaxi.ru|taxi24online.ru;;;
tumen-ekaterinburg;old;190;;SEO;F_AUTOPILOT;SEO автопилот;SEO_AUTOPILOT;1;18;0;yandex.ru|2gis.ru|taxi.yandex.ru|tyumen.taximaxim.ru|vezet.ru|tyumen.taxovichkof.ru|tyumen.taxipoehali.ru|drivee.com|zoon.ru|m.avito.ru|city-mobil.ru|tyumen.flamp.ru|uslugi.yandex.ru|perevozka24.com|taxi-business.com|www.yell.ru|taxiomega.ru|rutaxi.ru|taxi-455555.ru|taxitops.ru|intaxi.ru|www.estaxi.ru|top10a.ru|catalogtaksi.ru|taxigoroda.ru|vse-taxi.com|taxieconom.ru|deshevotaxi.ru|taxi-nomera.ru|eurotaxi72.ru;городской округ Тюмень;Екатеринбург;9900
kazan-cheboksary;old;190;;SEO;E_MONITOR;SEO мониторинг;SEO_MONITOR;2;2;0;taxi-airport-kazan.ru|www.avito.ru|yandex.ru|kiwitaxi.ru|2gis.ru|taxw.ru|uslugi.yandex.ru|www.tourister.ru|transfer-kazan.ru|vc.ru;Международный аэропорт Казань;Чебоксары;5100
kemerovo-novokuznetsk;old;188;;SEO;E_MONITOR;SEO мониторинг;SEO_MONITOR;2;6;0;royalcars54.ru|sky-transfer.ru|www.avito.ru|rustransfer.org|taksi-gorod.ru|kiwitaxi.ru|1taxopark.ru|taxi533.ru|catalogtaksi.ru|taxikemerovo.ru;Кемерово;Новокузнецк;6600
murmansk-kirovsk;old;183;;SEO;F_AUTOPILOT;SEO автопилот;SEO_AUTOPILOT;3;15;0;www.avito.ru|perfect-taxi.ru|taksi-gorod.ru|www.mezhgorod.taxi|go.ridence.ru|taximurmansk.ru|1taxopark.ru|vc.ru|rustransfer.org|vk.com|kiwitaxi.ru|taxi.drive-luxe.ru|goridence.ru|ru-travel.org|transfers.unitaxi.ru|uslugi.yandex.ru|jupiter-tmc.ru|catalogtaksi.ru|www.taxi-love.ru|deshevotaxi.ru|www.rome2rio.com|www.intui.travel|mezhgorod-taksi.ru|arctic-bus.ru|tenchat.ru|mejgorodtaxi.ru|taxi-russia.ru|sky-transfer.ru|transfergid.ru|transport-services.ru;Мурманск;Кировск;6500
ekaterinburg-tagil;old;182;;SEO;E_MONITOR;SEO мониторинг;SEO_MONITOR;2;3;0;yandex.ru|2gis.ru|www.tourister.ru|kiwitaxi.ru|www.avito.ru|taxi-avantime.ru|willway.ru|transfers.unitaxi.ru|uslugi.yandex.ru|ekaterinburg.rustransfer.org;международный аэропорт Кольцово Екатеринбург;Нижний Тагил;4300
svo-taxi-krasnodar-donetsk;old;181;;DIRECT;H_DIRECT_TEST;Директ тест;DIRECT_TEST;1;14;0;taxi.yandex.ru|krasnodar.taximaxim.ru|yandex.ru|2gis.ru|vezet.ru|www.avito.ru|city-mobil.ru|zoon.ru|uslugi.yandex.ru|krasnodar.taxipoehali.ru|drivee.com|krasnodar.taxovichkof.ru|krasnodar.flamp.ru|www.auto-krasnodar.ru|go.yandex|www.yell.ru|firstaxi.ru|perevozka24.com|kubtaxi.ru|rutaxi.ru|teleportpro.org|taxisaturn.ru|transport.globser.ru|krasnodar.taptaxi.su|krasnodarskoe-taxi.ru|93.ru|www.krd-taxi.ru|perfect-taxi.ru|centertaxi-krd.ru|krasnodar.taxikaskad.ru;Краснодар;Донецк;13500
orenburg-kazan;old;180;26;DIRECT;H_DIRECT_TEST;Директ тест;DIRECT_TEST;1;24;0;taximejgorod.ru|www.avito.ru|orenburg-kazan-taxi.ru|nexttax.ru|vk.com|orenburg.taxi24h.ru|taxi533.ru|sky-transfer.ru|taksi-gorod.ru|taxi555.ru|ab-taxi.ru|ugtaxi.ru|transfer-kazan.ru|orenburg.taksi24.taxi|taxivezde.ru|taksisvo.ru|rustransfer.org|www.mezhgorod.taxi|taxi.drive-luxe.ru|orenburg.taxi-krim.com|jupiter-tmc.ru|t.me|www.taxi-love.ru|taxi-cosmos.ru|orentransfer.ru|city2city.ru|mejgorodtaxi.ru|catalogtaksi.ru|orenburg.aeroport-simferopol.taxi|obltaxi.ru;Оренбург;Казань;21600
barnaul-gorno-altaysk;old;179;9;SEO;E_MONITOR;SEO мониторинг;SEO_MONITOR;2;3;0;barnaul.sky-transfer.ru|www.avito.ru|royalcars54.ru|kiwitaxi.ru|rustransfer.org|taxi555.ru|willway.ru|1taxopark.ru|city2city.ru|vk.com;Барнаул;Горно-Алтайск;7600
kurgan-tyumen;old;179;24;SEO;F_AUTOPILOT;SEO автопилот;SEO_AUTOPILOT;2;17;0;www.avito.ru|taxi555.ru|1taxopark.ru|kiwitaxi.ru|taxi-russia.su|www.taxi2000.ru|vse-taxi.com|taxivezde.ru|rustransfer.org|www.rome2rio.com|jupiter-tmc.ru|transfers.unitaxi.ru|mezhgorod-rf.ru|catalogtaksi.ru|nexttax.ru|www.mezhgorod.taxi|obltaxi.ru|deshevotaxi.ru|ru-travel.org|www.taxi-love.ru|mejgorodtaxi.ru|taxi-kurgan-kurgan-oblast-ru.taxigator.ru|xn--72-glcedg4btat.xn--p1ai|city2city.ru|vk.com|mezhgorod-taksi.ru|taxi-nomera.ru|poehalinataxi.online|taxy-curgan-tumen-cene.orgs.biz|nashetaxsi.ru;Курган;Тюмень;6000
sankt-peterburg-velikij-novgorod;old;174;18;SEO;F_AUTOPILOT;SEO автопилот;SEO_AUTOPILOT;2;22;0;www.avito.ru|sky-transfer.ru|drivee.com|taxi555.ru|ugtaxi.ru|taxideshevo.com|vk.com|kiwitaxi.ru|taxi533.ru|www.taxi2000.ru|taxitoday.ru|xn--80acuhrfsebr.xn--p1ai|taksisvo.ru|unit-transfer.ru|transfers.unitaxi.ru|taxi.drive-luxe.ru|avtorenda.ru|city2city.ru|mejgorod-taxi.ru|deshevotaxi.ru|intercity-taxispb.ru|taxivezde.ru|vtstaxi.ru|www.taxi-love.ru|catalogtaksi.ru|taxi-cosmos.ru|www.daleko-taxi.ru|taxi-spb-online.ru|xn----7sbebjgab2at5brxcj5g.xn--p1ai|poehalinataxi.online;Санкт-Петербург;Великий Новгород;6400
ufa-yanaul;old;174;17;SEO;F_AUTOPILOT;SEO автопилот;SEO_AUTOPILOT;1;19;0;www.avito.ru|vk.com|taxiufa.ru|taxi24online.ru|taksi-ufa.ru|t.me|taxi555.ru|www.mezhgorod.taxi|taksi-gorod.ru|yandex.ru|taximini-ufa.ru|taxivezde.ru|mejgorodtaxi.ru|taksisvo.ru|rustransfer.org|deshevotaxi.ru|city2city.ru|jupiter-tmc.ru|catalogtaksi.ru|www.tourister.ru|m.ok.ru|takse.ru|taxibulgakovo.ru|www.rome2rio.com|taxi-mini.ru|taxiufayanaul.turbo.site|taxiufa.com|taxiufa.su|toptaxi.org|mobilodeon.ru;Уфа;Янаул;6300
velikiy-novgorod-sankt-peterburg;old;174;14;SEO;F_AUTOPILOT;SEO автопилот;SEO_AUTOPILOT;2;22;0;www.avito.ru|sky-transfer.ru|drivee.com|vk.com|taxi555.ru|kiwitaxi.ru|ugtaxi.ru|taxivezde.ru|www.mezhgorod.taxi|taxi533.ru|transfers.unitaxi.ru|taxi.drive-luxe.ru|vtstaxi.ru|city2city.ru|taksisvo.ru|deshevotaxi.ru|catalogtaksi.ru|rustransfer.org|www.taxi-love.ru|vse-taxi.com|taxi-cosmos.ru|uslugi.yandex.ru|korona-taksi.ru|taxi-nomera.ru|perevozka24.com|mezhgorod-taksi.ru|taxitaksi.ru|xn--80afdpcl3cf.xn--p1ai|obltaxi.ru|ru-travel.org;Великий Новгород;Санкт-Петербург;6300
moskva-krasnogvardejskoe;new;173;;DIRECT;H_DIRECT_TEST;Директ тест;POTENTIAL_DIRECT_NEW;15;10;3;taxi555.ru|nyt.ru|ugtaxi.ru|taximoskva.com|yandex.ru|1taxopark.ru|oldtaxi.ru|kiwitaxi.ru|www.taxi-accord.ru|taxivezde.ru;;;
ekaterinburg-pervouralsk;old;172;;SEO;F_AUTOPILOT;SEO автопилот;SEO_AUTOPILOT;1;7;0;go.yandex|kiwitaxi.ru|ugtaxi.ru|taxi.drive-luxe.ru|taxivezde.ru|taxi555.ru|taxi533.ru|willway.ru|taksisvo.ru|catalogtaksi.ru;Екатеринбург;Первоуральск;3000
ufa-ekaterinburg;old;172;;DIRECT;H_DIRECT_TEST;Директ тест;DIRECT_TEST;1;19;0;ufa.taximaxim.ru|taxi.yandex.ru|vezet.ru|2gis.ru|yandex.ru|ufa1.ru|m.avito.ru|city-mobil.ru|ufa.taxipoehali.ru|www.yell.ru|go.yandex|uslugi.yandex.ru|zoon.ru|taximini-ufa.ru|vip-taxi-ufa.ru|ufa.flamp.ru|ufa.taptaxi.su|taxiufa.ru|rutaxi.ru|perevozka24.com|taxi-nomera.ru|taxitops.ru|taxiufa.su|taxi-mini-ufa.ru|taxi-ufa.ru|taxiufa.com|rutaxist.ru|taxi-miniufa.ru|taxi902.ru|taxieconom.ru;Уфа;Екатеринбург;15800
ekaterinburg-ufa;old;172;;DIRECT;H_DIRECT_TEST;Директ тест;DIRECT_TEST;2;3;0;yandex.ru|2gis.ru|www.tourister.ru|www.avito.ru|kiwitaxi.ru|taxi-avantime.ru|willway.ru|transfers.unitaxi.ru|uslugi.yandex.ru|taksi-gorod.ru;международный аэропорт Кольцово Екатеринбург;Уфа;15800
vladivostok-ussurijsk;old;171;4;SEO;F_AUTOPILOT;SEO автопилот;SEO_AUTOPILOT;3;13;0;go.yandex|sky-transfer.ru|deshevotaxi.ru|city2city.ru|kiwitaxi.ru|transfers.unitaxi.ru|rustransfer.org|drive125.ru|www.tourister.ru|catalogtaksi.ru|ratour.ru|takse.ru|2gis.ru|busser.su|taxi.yandex.ru|unit-transfer.ru|www.farpost.ru|www.rome2rio.com|ru-travel.org|taxi-vladivostok-primorsky-krai-ru.taxigator.ru|mezhgorod-taksi.ru|www.intui.travel|ubitaxi.ru|vse-taxi.com|www.avito.ru|iprim.ru|vladivostok.perivoz.ru|transfergid.ru|taxi-nomera.ru|xn----8sbear7aqwdih2a.xn--p1ai;Владивосток;Уссурийск;3600
kazan-kirov;old;169;;DIRECT;H_DIRECT_TEST;Директ тест;DIRECT_TEST;3;2;0;taxi-airport-kazan.ru|www.avito.ru|yandex.ru|kiwitaxi.ru|2gis.ru|uslugi.yandex.ru|www.tourister.ru|vc.ru|kazan.rustransfer.org|www.intui.travel;Международный аэропорт Казань;Киров;11800
chelyabinsk-chebarkul;old;169;;SEO;F_AUTOPILOT;SEO автопилот;SEO_AUTOPILOT;0;8;0;taxidesyatka.ru|intercity74.ru|uralavtotaxi.ru|driver174.ru|taxi555.ru|taksi-gorod.ru|www.taxi2000.ru|taxivezde.ru|taxi.drive-luxe.ru|catalogtaksi.ru;Челябинск;Чебаркуль;3800
kirov-kazan;old;169;18;DIRECT;H_DIRECT_TEST;Директ тест;DIRECT_TEST;1;22;0;www.avito.ru|vk.com|taksikirov.ru|transfer-kazan.ru|jupiter-tmc.ru|kirov.taxi24h.ru|ugtaxi.ru|taxi-russia.su|taxi533.ru|kirov.taksi24.taxi|taxi555.ru|taksisvo.ru|taksi-gorod.ru|rustransfer.org|taxivezde.ru|kirov.yalta-24.taxi|yandex.ru|city2city.ru|taxi-cosmos.ru|korona-taksi.ru|kirov.taxi-krim.com|auto-tur43.ru|www.taxi-love.ru|radartaxi.ru|mezhgorod.pro|mejgorodtaxi.ru|catalogtaksi.ru|vse-taxi.com|taxi-nomera.ru|routes43.ru;Киров;Казань;11800
saratov-balakovo;old;168;;SEO;F_AUTOPILOT;SEO автопилот;SEO_AUTOPILOT;2;17;0;m.avito.ru|kubtaxi.ru|yandex.ru|taxi-ug.ru|taxi-russia.su|taksisvo.ru|tratatur.ru|transfer64.ru|1taxopark.ru|taxi555.ru|xn----7sbyhcmnbsdikx.xn--p1ai|kiwitaxi.ru|xn--80aaachchgjsvilh7aagb2ans.xn--p1ai|taxi533.ru|transfers.unitaxi.ru|vk.com|taxivezde.ru|taxigorkovskoe.ru|uslugi.yandex.ru|www.mezhgorod.taxi|jupiter-tmc.ru|mezhgorod-rf.ru|korona-taksi.ru|taxi-cosmos.ru|vse-taxi.com|mb-taxi.ru|catalogtaksi.ru|rustransfer.org|xn--64-6kcmfehorvzazhm.xn--p1ai|uslugio.com;Саратов;Балаково;5000
moskva-saratov;new;167;;DIRECT;H_DIRECT_TEST;Директ тест;POTENTIAL_DIRECT_NEW;8;21;0;www.avito.ru|sky-transfer.ru|moskva.taxi24h.ru|ug.taxi|vk.com|kubtaxi.ru|ab-taxi.ru|www.taximasters.ru|taxidaleko.ru|www.taxi2000.ru;;;
saratov-moskva;new;167;;DIRECT;H_DIRECT_TEST;Директ тест;POTENTIAL_DIRECT_NEW;12;17;0;www.avito.ru|saratov.sky-transfer.ru|saratov.sevastopol24.taxi|saratov.taxi24h.ru|ug.taxi|xn----7sbyhcmnbsdikx.xn--p1ai|vk.com|tratatur.ru|www.taxi2000.ru|www.taxi-rokada.ru;;;
volgograd-belyj;new;165;11;NONE;Z_LOW_PRIORITY;Низкий приоритет (новые);LOW_PRIORITY;15;10;3;vk.com|taksisvo.ru|catalogtaxi.ru|rutaxist.ru|deshevotaxi.ru|mejgorodtaxi.ru|mezhgorod-taksi.ru|m.ok.ru|yandex.ru|ru-travel.org;;;
orenburg-novotroiczk;old;162;4;SEO;F_AUTOPILOT;SEO автопилот;SEO_AUTOPILOT;3;14;0;www.avito.ru|kiwitaxi.ru|taxi555.ru|city2city.ru|rustransfer.org|novtroisk.ru|www.mezhgorod.taxi|taksi-gorod.ru|1taxopark.ru|taxi533.ru|korona-taksi.ru|taxi.drive-luxe.ru|taxi-russia.su|taksisvo.ru|youla.ru|jupiter-tmc.ru|taxi-cosmos.ru|novotroitsk-orenburg.clients.site|takse.ru|transfers.unitaxi.ru|vk.com|nexttax.ru|uslugi.yandex.ru|board.ntsk.ru|uslugio.com|m.ok.ru|vse-taxi.com|orsk-oren.ru|catalogtaxi.ru|transfergid.ru;Оренбург;Новотроицк;8100
kostroma-yaroslavl;old;161;10;SEO;F_AUTOPILOT;SEO автопилот;SEO_AUTOPILOT;2;24;0;kostroma.taksi24.taxi|kiwitaxi.ru|kostroma.taxi24h.ru|transfers.unitaxi.ru|rustransfer.org|catalogtaksi.ru|1taxopark.ru|www.avito.ru|taxi555.ru|city2city.ru|taxi533.ru|www.mezhgorod.taxi|taxi.drive-luxe.ru|deshevotaxi.ru|taksisvo.ru|taxivezde.ru|kostroma.taxi-krim.com|mejgorodtaxi.ru|ru-travel.org|mezhdugorodnee-taxi24.ru|www.taxi-love.ru|vse-taxi.com|transfer-44.ru|ubitaxi.ru|www.rome2rio.com|kostroma.simferopol-aeroport.taxi|taksi-services.ru|kostroma.aeroport-simferopol.taxi|transfer44.ru|mezhgorod-taksi.ru;Кострома;Ярославль;3800
yaroslavl-kostroma;old;161;9;SEO;F_AUTOPILOT;SEO автопилот;SEO_AUTOPILOT;2;23;0;www.avito.ru|catalogtaksi.ru|kiwitaxi.ru|taxi555.ru|yaroslavl.taxi24h.ru|1taxopark.ru|transfers.unitaxi.ru|yaroslavl.simferopol-aeroport.taxi|city2city.ru|yaroslavl.taxi-krim.com|deshevotaxi.ru|jupiter-tmc.ru|www.taxi-love.ru|vse-taxi.com|mejgorodtaxi.ru|yaroslavl.aeroport-simferopol.taxi|yaroslavl.yalta-24.taxi|yatransfer76.ru|mobilodeon.ru|taksi-services.ru|mejgorod-taxi.ru|taxi533.ru|taksisvo.ru|taxivezde.ru|ru-travel.org|ubitaxi.ru|transfergid.ru|taxi-nomera.ru|mezhdugorodnee-taxi24.ru|mezhgorod-taksi.ru;Ярославль;Кострома;3800
krasnodar-kurch;new;160;;DIRECT;H_DIRECT_TEST;Директ тест;POTENTIAL_DIRECT_NEW;5;22;1;kubtaxi.ru|www.taxi-transfer-travel.ru|tratatur.ru|yandex.ru|taxi.ugtravel.com|taxi-ug.ru|ugtravel.ru|taxi.transferplustravel.com|krasnodar.taxi24h.ru|krasnodar.kerch24.taxi;;;
moskva-krasnyj;new;156;;DIRECT;H_DIRECT_TEST;Директ тест;POTENTIAL_DIRECT_NEW;10;19;2;ugtaxi.ru|taxispeed.ru|www.mezhgorod.taxi|www.taxi-love.ru|taksi777.ru|redtaxi.ru|taksi-mezhgorod.ru|taxi.yandex.ru|taxi-mobil.ru|mezhgorod-taksi.ru;;;
krasnodar-eisk;new;155;;DIRECT;H_DIRECT_TEST;Директ тест;POTENTIAL_DIRECT_NEW;9;20;0;kubtaxi.ru|taxi-ug.ru|tratatur.ru|kiwitaxi.ru|taxi.ugtravel.com|krasnodar.sky-transfer.ru|taxi-krasnodar-aeroport.ru|ugtaxi.ru|taxi-123.ru|willway.ru;;;
penza-moskva;old;155;26;DIRECT;H_DIRECT_TEST;Директ тест;DIRECT_TEST;1;23;0;www.avito.ru|cvo-taxi.ru|ug.taxi|msk.taxi|taxi533.ru|ugtaxi.ru|www.taxi2000.ru|penza.taksi24.taxi|wing-taxi.ru|penza.taxi24h.ru|taxi555.ru|taxi-mobil.ru|taxivezde.ru|mezhgorod-rf.ru|ab-taxi.ru|taksisvo.ru|rustransfer.org|www.mezhgorod.taxi|taksi-gorod.ru|1taxopark.ru|www.taxi-love.ru|uslugio.com|taxi-russia.su|www.taxi-rokada.ru|penza.taxi-krim.com|city2city.ru|vse-taxi.com|xn----7sbyhcmghbyi1l.xn--80adxhks|vk.com|taxi-cosmos.ru;Пенза;Москва;19400
moskva-penza;old;155;19;DIRECT;H_DIRECT_TEST;Директ тест;DIRECT_TEST;1;25;0;cvo-taxi.ru|www.avito.ru|taxi-mobil.ru|moskva.taksi24.taxi|www.taximasters.ru|yandex.ru|ug.taxi|taksi-gorod.ru|zakaz.mezhgorod.taxi|taxi555.ru|taxi-bereg.ru|1taxopark.ru|moskva.taxi24h.ru|taxi533.ru|moskva.sevastopol24.taxi|www.taxi2000.ru|taxidaleko.ru|ab-taxi.ru|city2city.ru|msk.taxi|unit-transfer.ru|ugtaxi.ru|cabway.ru|moskva.yalta-24.taxi|taksi-mezhgorod.ru|www.taxi-love.ru|wing-taxi.ru|taxivezde.ru|taxi-cosmos.ru|logitaxi.ru;Москва;Пенза;19400
ekaterinburg-moskva;old;154;;DIRECT;H_DIRECT_TEST;Директ тест;DIRECT_TEST;0;9;0;ugtaxi.ru|yekaterinburg.taxi24h.ru|yekaterinburg.sevastopol24.taxi|msk.taxi|taksi-gorod.ru|1taxopark.ru|wing-taxi.ru|taxi533.ru|chestnyi-transfer.ru|vse-taxi.com;Екатеринбург;Москва;50200
stavropol-nevinnomyssk;old;153;;SEO;F_AUTOPILOT;SEO автопилот;SEO_AUTOPILOT;3;19;0;go.yandex|kubtaxi.ru|taxi-ug.ru|tratatur.ru|www.avito.ru|kiwitaxi.ru|1taxopark.ru|www.taxi2000.ru|taxi555.ru|ugtravel.com|taxi.drive-luxe.ru|perfect-taxi.ru|rustransfer.org|taksisvo.ru|taxivezde.ru|catalogtaksi.ru|obltaxi.ru|transfers.unitaxi.ru|uslugi.yandex.ru|yandex.ru|mejgorod-taxi.ru|deshevotaxi.ru|www.taxi-love.ru|vse-taxi.com|taxi-nomera.ru|ru-travel.org|www.intui.travel|transfer-stavropol.ru|www.rome2rio.com|mejgorodtaxi.ru;Ставрополь;Невинномысск;3200
izhevsk-agryz;old;152;;SEO;F_AUTOPILOT;SEO автопилот;SEO_AUTOPILOT;1;6;0;go.yandex|1taxopark.ru|www.taxi2000.ru|taxi555.ru|transfers.unitaxi.ru|xn----7sbhlekbng7dgc.xn--p1ai|kiwitaxi.ru|taksisvo.ru|taksi-gorod.ru|rustransfer.org;Ижевск;Агрыз;3000
moskva-borovichi;old;151;;DIRECT;H_DIRECT_TEST;Директ тест;DIRECT_TEST;1;16;0;taxi.yandex.ru|moskva.taximaxim.ru|vezet.ru|city-mobil.ru|yandex.ru|msk.taxovichkof.ru|taximoskva.com|drivee.com|journal.sovcombank.ru|2gis.ru|m.avito.ru|xn----7sbb4ajch8bfab.xn--p1ai|uslugi.yandex.ru|oldtaxi.ru|moskva.taxipoehali.ru|zoon.ru|go.yandex|moskva.taxideshevo.com|t-j.ru|www.taxi-ritm.ru|www.taximasters.ru|tradetaxi.ru|taxi555.ru|msk.taxi-protaxi.ru|msk.svoetaksi.ru|taxispeed.ru|taxi-mobil.ru|taksi-moskva24.ru|nyt.ru|rezidenttaxi.ru;Москва;Боровичи;13000
moskva-neya;new;150;8;NONE;Z_LOW_PRIORITY;Низкий приоритет (новые);LOW_PRIORITY;15;12;0;www.taxi2000.ru|taxi555.ru|ab-taxi.ru|zakaz.mezhgorod.taxi|1taxopark.ru|wing-taxi.ru|mezhgorod.taxi-ekvator.ru|city2city.ru|www.taxi-love.ru|taxivezde.ru;;;
orenburg-buzuluk;old;150;8;SEO;F_AUTOPILOT;SEO автопилот;SEO_AUTOPILOT;2;18;0;www.avito.ru|vk.com|xn----ftbdbf8asar.xn--p1ai|taxivezde.ru|rustransfer.org|yandex.ru|taxi555.ru|city2city.ru|taksisvo.ru|nexttax.ru|taxi.drive-luxe.ru|taksi-gorod.ru|taxi-cosmos.ru|1taxopark.ru|www.blablacar.ru|perevozka24.com|korona-taksi.ru|taxi-russia.su|sky-transfer.ru|deshevotaxi.ru|ok.ru|www.taxi-love.ru|mejgorodtaxi.ru|otvezem.pro|catalogtaksi.ru|orentransfer.ru|taxi-nomera.ru|vse-taxi.com|www.rome2rio.com|xn----8sbnojigiuni.xn--p1ai;Оренбург;Бузулук;7500
tambov-michurinsk;old;148;11;SEO;F_AUTOPILOT;SEO автопилот;SEO_AUTOPILOT;2;21;0;www.avito.ru|go.yandex|kubtaxi.ru|tratatur.ru|kiwitaxi.ru|taxi-ug.ru|taxi533.ru|rustransfer.org|mejgorod-taxi.ru|www.taxi2000.ru|city2city.ru|taxi555.ru|taxi.drive-luxe.ru|www.mezhgorod.taxi|taksisvo.ru|catalogtaksi.ru|takse.ru|deshevotaxi.ru|taxivezde.ru|taxi.yandex.ru|mb-taxi.ru|www.taxi-love.ru|mejgorodtaxi.ru|jupiter-tmc.ru|taxi-nomera.ru|mezhgorod-taksi.ru|obltaxi.ru|ru-travel.org|vse-taxi.com|xn--80acd2blu.xn--80akxkdedu.xn--p1acf;Тамбов;Мичуринск;3200
kazan-oktyabrskij;new;147;26;SEO;F_AUTOPILOT;SEO автопилот;SEO_AUTOPILOT_NEW;14;13;1;taxibelka.ru|www.avito.ru|vk.com|taxi555.ru|taxi-kazan.com|mezhgorod-rf.ru|taxi533.ru|1taxopark.ru|transfer-kazan.ru|yandex.ru;;;
kazan-oktyabrskoe;new;147;25;SEO;F_AUTOPILOT;SEO автопилот;SEO_AUTOPILOT_NEW;14;13;1;taxibelka.ru|www.avito.ru|taxi555.ru|taxi-kazan.com|vk.com|transfer-kazan.ru|yandex.ru|1taxopark.ru|mezhgorod-rf.ru|ugtaxi.ru;;;
ivanovo-yaroslavl;old;147;7;SEO;E_MONITOR;SEO мониторинг;SEO_MONITOR;2;6;0;sky-transfer.ru|ivanovo.sevastopol24.taxi|ivanovo.taxi24h.ru|www.avito.ru|xn----7sbbhbow1bfkbndml0b.xn--p1ai|kiwitaxi.ru|city2city.ru|rustransfer.org|taxi555.ru|ivanovo-transfer37.ru;Иваново;Ярославль;4100
orenburg-sol-ileczk;old;146;12;SEO;F_AUTOPILOT;SEO автопилот;SEO_AUTOPILOT;3;17;0;www.avito.ru|taksi-gorod.ru|taxi555.ru|www.mezhgorod.taxi|transfers.unitaxi.ru|kiwitaxi.ru|nexttax.ru|1taxopark.ru|taksisvo.ru|rustransfer.org|www.rome2rio.com|city2city.ru|jupiter-tmc.ru|taxi.drive-luxe.ru|mejgorodtaxi.ru|www.intui.travel|taxivezde.ru|www.taxi-rokada.ru|vk.com|takse.ru|ru-travel.org|deshevotaxi.ru|www.taxi-love.ru|catalogtaksi.ru|transfergid.ru|obltaxi.ru|orenburg.nashaspravka.ru|orentransfer.ru|taxi-nomera.ru|2gis.ru;Оренбург;Соль-Илецк;3400
moskva-obninsk;old;145;;SEO;F_AUTOPILOT;SEO автопилот;SEO_AUTOPILOT;2;24;0;msk.taxiarkadiya.ru|taxi555.ru|oldtaxi.ru|www.avito.ru|xn----7sbyhcmnbsdikx.xn--p1ai|www.mezhgorod.taxi|www.taxi2000.ru|kiwitaxi.ru|taxi-mobil.ru|ugtaxi.ru|msk.taxi|www.taxi-accord.ru|ab-taxi.ru|wing-taxi.ru|1taxopark.ru|logitaxi.ru|taxi533.ru|taksisvo.ru|www.taxi-love.ru|www.taxi-rokada.ru|taxivezde.ru|drive-luxe.ru|www.taximasters.ru|mezhgorod.taxi-ekvator.ru|taxi-van.ru|xn----7sbyhcmghbyi1l.xn--80adxhks|mos.taxitoday.ru|www.100mtaxi.ru|rustransfer.org|mezhdugorodnee-taksi-moskva.ru;Москва;Обнинск;3500
moskva-smolensk;new;144;;DIRECT;H_DIRECT_TEST;Директ тест;POTENTIAL_DIRECT_NEW;7;21;0;moskva.taxi24h.ru|moskva.sky-transfer.ru|www.avito.ru|www.mezhgorod.taxi|ug.taxi|taxi-mobil.ru|kubtaxi.ru|taksi-mezhgorod.ru|oldtaxi.ru|kiwitaxi.ru;;;
elista-astraxan;old;144;;SEO;F_AUTOPILOT;SEO автопилот;SEO_AUTOPILOT;1;6;0;alphatour.ru|www.avito.ru|elista.sevastopol24.taxi|elista.taxi24h.ru|elista.taxi-krim.com|tratatur.ru|kubtaxi.ru|taxi555.ru|www.mezhgorod.taxi|yandex.ru;Элиста;Астрахань;9300
smolensk-moskva;old;144;12;DIRECT;H_DIRECT_TEST;Директ тест;DIRECT_TEST;2;25;0;smolensk.taksi24.taxi|www.avito.ru|ug.taxi|smolensk.taxi24h.ru|taksi-gorod.ru|taxi555.ru|taxi-mobil.ru|kiwitaxi.ru|www.taxi2000.ru|turtransfer.ru|taxi533.ru|city2city.ru|transfer67.ru|smolensk.yalta-24.taxi|taxivezde.ru|1taxopark.ru|ugtravel.com|taksisvo.ru|taxi-russia.ru|www.taxi-rokada.ru|www.mezhgorod.taxi|www.taxi-love.ru|wing-taxi.ru|rustransfer.org|moskva.sky-transfer.ru|taxi-cosmos.ru|smolensk.taxi-krim.com|deshevotaxi.ru|radartaxi.ru|taksi-mezhgorod.ru;Смоленск;Москва;12000
astraxan-elista;old;144;9;SEO;F_AUTOPILOT;SEO автопилот;SEO_AUTOPILOT;1;5;0;www.avito.ru|astrahan.taxi24h.ru|taksi-gorod.ru|taxi-ug.ru|kubtaxi.ru|tratatur.ru|astrahan.taksi24.taxi|1taxopark.ru|city2city.ru|alphatour.ru;Астрахань;Элиста;9300
novosibirsk-berdsk;old;143;9;SEO;F_AUTOPILOT;SEO автопилот;SEO_AUTOPILOT;3;15;0;go.yandex|drivee.com|willway.ru|www.taxi2000.ru|kiwitaxi.ru|taxivezde.ru|taxi.drive-luxe.ru|1taxopark.ru|city2city.ru|taxi.yandex.ru|www.mezhgorod.taxi|takse.ru|royalcars54.ru|transfers.unitaxi.ru|catalogtaksi.ru|rustransfer.org|jupiter-tmc.ru|vse-taxi.com|ru-travel.org|www.avito.ru|deshevotaxi.ru|perevozka24.com|uslugi.yandex.ru|mezhgorod-taksi.ru|taksi-gorod.ru|www.intui.travel|www.transfer154.ru|taxigorod54.ru|starcars54.ru|yandex.ru;Новосибирск;Бердск;3000
moskva-kostroma;new;142;;DIRECT;H_DIRECT_TEST;Директ тест;POTENTIAL_DIRECT_NEW;9;18;1;taxidaleko.ru|taxi-mobil.ru|www.avito.ru|yandex.ru|www.taximasters.ru|moskva.taxi24h.ru|xn----7sbyhcmnbsdikx.xn--p1ai|wing-taxi.ru|kiwitaxi.ru|moskva.taksi24.taxi;;;
kostroma-moskva;old;142;22;DIRECT;H_DIRECT_TEST;Директ тест;DIRECT_TEST;2;20;0;m.avito.ru|yandex.ru|transfer-44.ru|taxi-mobil.ru|uslugi.yandex.ru|taxidaleko.ru|kostroma-transfer.ru|www.taxi2000.ru|intercity44.ru|kostroma.sevastopol24.taxi|taxi-russia.ru|kostroma-moskva.ru|kostromatranstur.ru|transfer-kostroma.ru|kiwitaxi.ru|xn----7sbyhcmnbsdikx.xn--p1ai|wing-taxi.ru|ugtaxi.ru|taxi555.ru|taksisvo.ru|1taxopark.ru|city2city.ru|rustransfer.org|msk.taxi|transfer-kostroma.clients.site|taxi533.ru|www.taxi-rokada.ru|taxivezde.ru|transfers.unitaxi.ru|transfer44.ru;Кострома;Москва;10000
ekaterinburg-ozyorsk;old;139;;SEO;F_AUTOPILOT;SEO автопилот;SEO_AUTOPILOT;1;5;0;haski-travel74.ru|taksi-ekb.ru|www.avito.ru|taxi.drive-luxe.ru|ugtravel.ru|taxi555.ru|1taxopark.ru|www.taxi2000.ru|xn-----6kccfjdehdbgxjti1a2ala5bhdewr6a.xn--p1ai|taxivezde.ru;Екатеринбург;Озерск;4500
moskva-orlov;new;138;;DIRECT;H_DIRECT_TEST;Директ тест;POTENTIAL_DIRECT_NEW;11;16;0;www.mezhgorod.taxi|1taxopark.ru|www.taxi-love.ru|rustransfer.org|jupiter-tmc.ru|mos.taxitoday.ru|taxi-mobil.ru|obltaxi.ru|moskva.taxi24h.ru|ug.taxi;;;
moskva-svobodnyj;new;137;8;NONE;Z_LOW_PRIORITY;Низкий приоритет (новые);LOW_PRIORITY;12;13;3;taxi.yandex.ru|www.mezhgorod.taxi|www.taxi2000.ru|www.avito.ru|yandex.ru|taxi.drive-luxe.ru|1taxopark.ru|city2city.ru|deshevotaxi.ru|catalogtaksi.ru;;;
krasnodar-labinsk;new;136;;DIRECT;H_DIRECT_TEST;Директ тест;POTENTIAL_DIRECT_NEW;13;14;1;kubtaxi.ru|taxi-ug.ru|tratatur.ru|kiwitaxi.ru|ugtaxi.ru|taxiresort.ru|www.avito.ru|perfect-taxi.ru|transferoff.ru|1taxopark.ru;;;
tula-novomoskovsk;old;136;;SEO;F_AUTOPILOT;SEO автопилот;SEO_AUTOPILOT;1;21;0;xn----7sbbu0aptdhddiv.xn--p1ai|kubtaxi.ru|tratatur.ru|go.yandex|1taxopark.ru|taxi24online.ru|deshevotaxi.ru|taxi-ug.ru|taksisvo.ru|rustransfer.org|mejgorod-taxi.ru|taxi533.ru|transfer71.ru|www.taxi2000.ru|www.mezhgorod.taxi|catalogtaksi.ru|xn----7sbyhcmnbsdikx.xn--p1ai|obltaxi.ru|taxi.drive-luxe.ru|www.taxi-love.ru|vse-taxi.com|www.avito.ru|taksi-services.ru|taxi.yandex.ru|yandex.ru|taxomarket.ru|taxi-nomera.ru|taxi-mezhgorod24.ru|mezhgorod-taksi.ru|xn--80affnblthori.xn--p1ai;Тула;Новомосковск;2000
orenburg-moskva;old;136;15;DIRECT;H_DIRECT_TEST;Директ тест;DIRECT_TEST;2;24;0;www.avito.ru|cvo-taxi.ru|ugtaxi.ru|1taxopark.ru|orenburg.taxi24h.ru|taxi533.ru|taksi-gorod.ru|korona-taksi.ru|taksisvo.ru|www.mezhgorod.taxi|msk.taxi|orenburg.taksi24.taxi|taxi555.ru|taxivezde.ru|city2city.ru|www.blablacar.ru|mezhgorod-rf.ru|vse-taxi.com|taxi-cosmos.ru|www.taxi-love.ru|radartaxi.ru|wing-taxi.ru|1tmehgorod.ru|taximilen.ru|mejgorodtaxi.ru|obltaxi.ru|transferug.ru|taksi-go.ru|taxi-vizov.ru|orenburg.aeroport-simferopol.taxi;Оренбург;Москва;45200
moskva-orenburg;old;136;;DIRECT;H_DIRECT_TEST;Директ тест;DIRECT_TEST;1;23;0;cvo-taxi.ru|www.avito.ru|moskva.taxi24h.ru|sky-transfer.ru|taxi533.ru|moskva.taksi24.taxi|taksi-gorod.ru|taxi555.ru|ugtravel.com|moskva.taxi-krim.com|chestnyi-transfer.ru|taksisvo.ru|www.taxi2000.ru|www.taximasters.ru|1taxopark.ru|taxivezde.ru|msk.taxi|mejgorod-taxi.ru|taxi-cosmos.ru|radartaxi.ru|www.taxi-love.ru|izvozchik.su|mezhgorod-rf.ru|moskva.aeroport-simferopol.taxi|cabway.ru|vse-taxi.com|mejgorodtaxi.ru|moskva.simferopol-aeroport.taxi|1tmehgorod.ru|catalogtaxi.ru;Москва;Оренбург;45000
izhevsk-perm;old;136;;SEO;E_MONITOR;SEO мониторинг;SEO_MONITOR;2;6;0;www.avito.ru|xn----7sbhlekbng7dgc.xn--p1ai|taxi-izhevsk.ru|kiwitaxi.ru|1taxopark.ru|transfers.unitaxi.ru|taksisvo.ru|izhevsk.taksi24.taxi|izhevsk.taxi24h.ru|taxi24online.ru;Ижевск;Пермь;8500
krasnodar-goryachij-klyuch;new;135;;DIRECT;H_DIRECT_TEST;Директ тест;POTENTIAL_DIRECT_NEW;7;20;1;kubtaxi.ru|go.yandex|taxi-ug.ru|tratatur.ru|transferoff.ru|krasnodar.sevastopol24.taxi|kiwitaxi.ru|krasnodar.taksi24.taxi|perfect-taxi.ru|krasnodar.taxi24h.ru;;;
moskva-belyj;new;134;;DIRECT;H_DIRECT_TEST;Директ тест;POTENTIAL_DIRECT_NEW;11;16;3;ugtaxi.ru|www.mezhgorod.taxi|taksi777.ru|taksisvo.ru|www.taxi-love.ru|taksi-mezhgorod.ru|taxi-daleko.ru|mb-taxi.ru|yandex.ru|deshevotaxi.ru;;;
tambov-moskva;new;131;;DIRECT;H_DIRECT_TEST;Директ тест;POTENTIAL_DIRECT_NEW;10;17;0;www.avito.ru|msk.taxi|taxi-mobil.ru|kubtaxi.ru|sky-transfer.ru|www.taxi2000.ru|tambov.taxi24h.ru|taxidaleko.ru|xn----7sbyhcmnbsdikx.xn--p1ai|taxi-ug.ru;;;
kirov-syktyvkar;old;131;16;DIRECT;H_DIRECT_TEST;Директ тест;DIRECT_TEST;2;22;0;vk.com|www.taxi43-11.ru|www.avito.ru|kiwitaxi.ru|1taxopark.ru|rustransfer.org|sky-transfer.ru|taxi.drive-luxe.ru|www.mezhgorod.taxi|taksikirovsaktuvkarkirov.orgs.biz|vse-taxi.com|catalogtaksi.ru|www.taxi-love.ru|obltaxi.ru|korona-taksi.ru|city2city.ru|vk.link|jupiter-tmc.ru|taxi-nomera.ru|taxi-mini.ru|deshevotaxi.ru|taxi-russia.su|taksikirov.ru|mejgorodtaxi.ru|taxivezde.ru|www.taxi2000.ru|taximezhgorod.ru|mezhgorod-rf.ru|taxi-cosmos.ru|taxi555.ru;Киров;Сыктывкар;12400
syktyvkar-kirov;old;131;6;DIRECT;H_DIRECT_TEST;Директ тест;DIRECT_TEST;3;19;0;vk.com|taximezhgorod.ru|www.avito.ru|www.taxi43-11.ru|1taxopark.ru|city2city.ru|www.mezhgorod.taxi|kiwitaxi.ru|www.taxi2000.ru|taxivezde.ru|rustransfer.org|taxi.drive-luxe.ru|deshevotaxi.ru|taxi-cosmos.ru|obltaxi.ru|www.taxi-love.ru|catalogtaksi.ru|jupiter-tmc.ru|vk.link|taxi-russia.ru|taxi-nomera.ru|club53971447.orgs.biz|mezhgorod-taksi.ru|vse-taxi.com|www.blablacar.ru|taxi-syktyvkar-komi-republic-ru.taxigator.ru|www.rome2rio.com|vk.me|taksikirovsaktuvkar.wixsite.com|mejgorodtaxi.ru;Сыктывкар;Киров;12400
moskva-bryansk;new;130;;DIRECT;H_DIRECT_TEST;Директ тест;POTENTIAL_DIRECT_NEW;8;21;1;sky-transfer.ru|www.avito.ru|moskva.taxi24h.ru|taxi555.ru|taxidaleko.ru|taxi-mobil.ru|kubtaxi.ru|taxi-bereg.ru|kiwitaxi.ru|www.taxi2000.ru;;;
bryansk-moskva;new;130;;DIRECT;H_DIRECT_TEST;Директ тест;POTENTIAL_DIRECT_NEW;12;18;1;sky-transfer.ru|www.avito.ru|yandex.ru|bryansk.taxi24h.ru|ug.taxi|kubtaxi.ru|kiwitaxi.ru|ab-taxi.ru|bryansk.taksi24.taxi|tratatur.ru;;;
cheboksary-novocheboksarsk;old;130;10;SEO;F_AUTOPILOT;SEO автопилот;SEO_AUTOPILOT;0;7;0;yandex.ru|catalogtaksi.ru|novocheboksarsk1.taximaxim.ru|1taxopark.ru|taksi-gorod.ru|taxi555.ru|taxi.drive-luxe.ru|www.taxi2000.ru|mejgorodtaxi.ru|city2city.ru;Чебоксары;Новочебоксарск;3000
ufa-izhevsk;old;130;19;DIRECT;H_DIRECT_TEST;Директ тест;DIRECT_TEST;3;19;0;xn----7sbhlelr9clk.xn--p1ai|www.avito.ru|sky-transfer.ru|vk.com|www.yell.ru|kiwitaxi.ru|ufa.taxi24h.ru|ufa.sevastopol24.taxi|www.rome2rio.com|taksi-gorod.ru|taxi555.ru|www.mezhgorod.taxi|taxi24online.ru|taksi-ufa.ru|rustransfer.org|taxi533.ru|taxiufa.ru|ufa-izhevsk-ufa.orgs.biz|city2city.ru|taksisvo.ru|izhevsk-ufa.tb.ru|taximini-ufa.ru|www.intui.travel|xn----7sbp3acjidhfbkt.su|taxi-mini.ru|ufa.simferopol-aeroport.taxi|taxivezde.ru|deshevotaxi.ru|taxiufaizhevsk.turbo.site|vse-taxi.com;Уфа;Ижевск;10200
perm-ekaterinburg;old;129;16;DIRECT;H_DIRECT_TEST;Директ тест;DIRECT_TEST;2;20;0;www.avito.ru|perm.taxi24h.ru|uralavtotaxi.ru|taxi-realtransfer-mejgorod.ru|kiwitaxi.ru|ugtaxi.ru|perm.sevastopol24.taxi|willway.ru|transferug.ru|taksi-gorod.ru|taxi24online.ru|perm.taksi24.taxi|transfers.unitaxi.ru|rustransfer.org|vk.com|city2city.ru|taxi533.ru|taxi-perm.su|ru-travel.org|jupiter-tmc.ru|taksisvo.ru|mezhgorod-rf.ru|korona-taksi.ru|taxi.drive-luxe.ru|www.taxi-love.ru|xn--159-5cd4bl3cf.xn--p1ai|go.yandex|taxi.yandex.ru|perm.taxi-krim.com|perm.aeroport-simferopol.taxi;Пермь;Екатеринбург;10800
ekaterinburg-perm;old;129;;DIRECT;H_DIRECT_TEST;Директ тест;DIRECT_TEST;2;3;0;yandex.ru|2gis.ru|www.tourister.ru|www.avito.ru|kiwitaxi.ru|taxi-avantime.ru|willway.ru|transfers.unitaxi.ru|uslugi.yandex.ru|ekaterinburg.rustransfer.org;международный аэропорт Кольцово Екатеринбург;Пермь;10800
tula-shhyokino;old;128;7;SEO;F_AUTOPILOT;SEO автопилот;SEO_AUTOPILOT;0;17;0;taxi555.ru|xn----7sbbu0aptdhddiv.xn--p1ai|kubtaxi.ru|taksi-gorod.ru|1taxopark.ru|taxi-ug.ru|city2city.ru|tratatur.ru|taksisvo.ru|deshevotaxi.ru|mejgorod-taxi.ru|catalogtaksi.ru|xn----7sbyhcmnbsdikx.xn--p1ai|takse.ru|www.mezhgorod.taxi|obltaxi.ru|taxivezde.ru|vse-taxi.com|yandex.ru|ru-travel.org|www.taxi2000.ru|www.rome2rio.com|taxi.yandex.ru|zoon.ru|2gis.ru|mejgorodtaxi.ru|mobilodeon.ru|shchekino.taximaxim.ru|mezhgorod-taksi.ru|taxomarket.ru;Тула;Щёкино;3000
murmansk-apatity;old;128;;SEO;F_AUTOPILOT;SEO автопилот;SEO_AUTOPILOT;3;20;0;perfect-taxi.ru|www.avito.ru|sky-transfer.ru|taxi555.ru|taximurmansk.ru|rustransfer.org|1taxopark.ru|transfers.unitaxi.ru|taxivezde.ru|catalogtaksi.ru|kiwitaxi.ru|obltaxi.ru|vk.com|jupiter-tmc.ru|uslugi.yandex.ru|deshevotaxi.ru|www.taxi-love.ru|www.intui.travel|mejgorodtaxi.ru|takse.ru|ktk51transfer.ru|ru-travel.org|uni-transfers.com|www.taxi2000.ru|transfergid.ru|taxi-nomera.ru|www.rome2rio.com|ubitaxi.ru|taksi-gorod.ru|taxi-russia.ru;Мурманск;Апатиты;6400
moskva-orel;new;127;;DIRECT;H_DIRECT_TEST;Директ тест;POTENTIAL_DIRECT_NEW;10;18;1;taxi-mobil.ru|moskva.taxi24h.ru|www.avito.ru|www.taximasters.ru|ug.taxi|taxi-bereg.ru|kiwitaxi.ru|taksi-gorod.ru|oldtaxi.ru|msk.taxiarkadiya.ru;;;
moskva-volgograd;new;127;;DIRECT;H_DIRECT_TEST;Директ тест;POTENTIAL_DIRECT_NEW;4;24;0;ug.taxi|www.avito.ru|cvo-taxi.ru|moskva.taxi24h.ru|unit-transfer.ru|taksi-gorod.ru|moskva.taksi24.taxi|taxidaleko.ru|taxi533.ru|tratatur.ru;;;
sankt-peterburg-pskov;old;127;;SEO;F_AUTOPILOT;SEO автопилот;SEO_AUTOPILOT;2;26;0;sky-transfer.ru|www.avito.ru|ugtaxi.ru|sankt-peterburg.taksi24.taxi|sankt-peterburg.taxi24h.ru|kiwitaxi.ru|taxitoday.ru|taxi533.ru|taxideshevo.com|unit-transfer.ru|avtorenda.ru|sankt-peterburg.taxi-krim.com|piter.yalta-24.taxi|vtstaxi.ru|taxi.drive-luxe.ru|taxi555.ru|ug.taxi|glavtaxi-spb.ru|mejgorod-taxi.ru|www.taxi-love.ru|silvertransfer.ru|catalogtaksi.ru|rustransfer.org|deshevotaxi.ru|intercity-taxispb.ru|poehalinataxi.online|neva-cars.ru|sankt-peterburg.simferopol-aeroport.taxi|taxi-cosmos.ru|taxi-nomera.ru;Санкт-Петербург;Псков;9000
vladivostok-naxodka;old;127;8;SEO;F_AUTOPILOT;SEO автопилот;SEO_AUTOPILOT;2;14;0;go.yandex|busser.su|kiwitaxi.ru|sky-transfer.ru|t.me|taksi-gorod.ru|www.farpost.ru|city2city.ru|rustransfer.org|2gis.ru|catalogtaksi.ru|1tmehgorod.ru|unit-transfer.ru|transfers.unitaxi.ru|deshevotaxi.ru|takse.ru|mejgorodtaxi.ru|drive125.ru|vse-taxi.com|ru-travel.org|mezhgorod-taksi.ru|iprim.ru|www.intui.travel|taxi-vladivostok-primorsky-krai-ru.taxigator.ru|www.rome2rio.com|taxi.yandex.ru|www.tourister.ru|www.vl.ru|ubitaxi.ru|www.taximezgorod.com;Владивосток;Находка;7500
oryol-moskva;old;127;;DIRECT;H_DIRECT_TEST;Директ тест;DIRECT_TEST;2;23;0;www.avito.ru|orel.taxi24h.ru|sky-transfer.ru|orel.taksi24.taxi|ug.taxi|taxi555.ru|kiwitaxi.ru|msk.taxi|taxi-mobil.ru|taksi-gorod.ru|yandex.ru|vk.com|www.taxi2000.ru|wing-taxi.ru|rustransfer.org|taxi533.ru|www.taxi-love.ru|xn----7sbyhcmnbsdikx.xn--p1ai|ugtaxi.ru|orel.taxi-krim.com|www.mezhgorod.taxi|orel.simferopol-aeroport.taxi|www.taxi-rokada.ru|taxivezde.ru|uslugio.com|sochi.taxi|taxi-cosmos.ru|uslugi.yandex.ru|taxi-russia.su|vse-taxi.com;Орёл;Москва;11000
pskov-piter;old;127;17;SEO;F_AUTOPILOT;SEO автопилот;SEO_AUTOPILOT;2;25;0;sky-transfer.ru|ugtaxi.ru|www.avito.ru|taxi555.ru|ug.taxi|taksi-gorod.ru|kiwitaxi.ru|pskov.sevastopol24.taxi|taxi533.ru|pskov.taxi24h.ru|rustransfer.org|transfers.unitaxi.ru|vtstaxi.ru|taxi.drive-luxe.ru|www.taxi2000.ru|mejgorod-taxi.ru|city2city.ru|pskov.yalta-24.taxi|deshevotaxi.ru|www.taxi-love.ru|taxivezde.ru|catalogtaksi.ru|transferug.ru|korona-taksi.ru|vse-taxi.com|taxi-cosmos.ru|xn--80afdpcl3cf.xn--p1ai|pskov.taxi-krim.com|xn--b1apmck.xn--80akxkdedu.xn--p1acf|mejgorodtaxi.ru;Псков;Санкт-Петербург;8700
volgograd-moskva;old;127;;DIRECT;H_DIRECT_TEST;Директ тест;DIRECT_TEST;1;26;0;sky-transfer.ru|www.avito.ru|volgograd.taxi24h.ru|ug.taxi|taksi-gorod.ru|volgograd.taksi24.taxi|kubtaxi.ru|taksisvo.ru|taxi-ug.ru|ugtaxi.ru|wing-taxi.ru|1taxopark.ru|taxi533.ru|www.taxi2000.ru|taxi-mobil.ru|jupiter-tmc.ru|ab-taxi.ru|msk.taxi|mejgorod-taxi.ru|www.taxi-love.ru|unit-transfer.ru|mezhgorod-rf.ru|cvo-taxi.ru|rustransfer.org|taxi-russia.su|volgograd.sevastopol24.taxi|taxivezde.ru|www.mezhgorod.taxi|volgograd.simferopol-aeroport.taxi|vse-taxi.com;Волгоград;Москва;29000
moskva-czentralnyj;new;126;2;SEO;F_AUTOPILOT;SEO автопилот;SEO_AUTOPILOT_NEW;10;16;3;taxi.yandex.ru|city2city.ru|kiwitaxi.ru|oldtaxi.ru|ugtaxi.ru|yandex.ru|www.megapolistaxi.ru|moskva.taxideshevo.com|taximoskva.com|vezet.ru;;;
kazan-bavly;old;126;;DIRECT;H_DIRECT_TEST;Директ тест;DIRECT_TEST;1;4;0;www.avito.ru|vk.com|taxi555.ru|yandex.ru|taxibelka.ru|taksisvo.ru|1taxopark.ru|www.taxi2000.ru|yandex.ru|ugtravel.com;Казань;Бавлы;10500
belgorod-voronezh;old;126;;SEO;F_AUTOPILOT;SEO автопилот;SEO_AUTOPILOT;2;7;0;www.avito.ru|kubtaxi.ru|belgorod.taxi24h.ru|sochi.taxi|taxi-russia.ru|kiwitaxi.ru|taxi533.ru|tratatur.ru|taxi-ug.ru|ug.taxi;Белгород;Воронеж;7600
kazan-izhevsk;old;126;;DIRECT;H_DIRECT_TEST;Директ тест;DIRECT_TEST;2;3;0;taxi-airport-kazan.ru|www.avito.ru|yandex.ru|kiwitaxi.ru|2gis.ru|taxw.ru|uslugi.yandex.ru|www.tourister.ru|transfer-kazan.ru|kazan.rustransfer.org;Международный аэропорт Казань;Ижевск;11100
moskva-severnyj;new;125;6;NONE;Z_LOW_PRIORITY;Низкий приоритет (новые);LOW_PRIORITY;14;13;2;2gis.ru|oldtaxi.ru|www.yell.ru|ugtaxi.ru|www.megapolistaxi.ru|city2city.ru|www.mezhgorod.taxi|wing-taxi.ru|1taxopark.ru|taksisvo.ru;;;
izhevsk-chajkovskij;new;124;;DIRECT;H_DIRECT_TEST;Директ тест;POTENTIAL_DIRECT_NEW;21;3;2;www.avito.ru|taxi555.ru|vk.com|yandex.ru|www.rome2rio.com|taksisvo.ru|kiwitaxi.ru|rustransfer.org|taxivezde.ru|taksi-gorod.ru;;;
volgograd-doneczk-rostovskaya-oblast;old;123;;DIRECT;H_DIRECT_TEST;Директ тест;DIRECT_TEST;1;24;0;kubtaxi.ru|taxi-yugtaxi.ru|dzen.ru|taksi-gorod.ru|volgograd.taxi24h.ru|tratatur.ru|1taxopark.ru|taxi533.ru|taxi-cosmos.ru|1tmehgorod.ru|ug.taxi|mejgorod-taxi.ru|taxi-bereg.ru|taxi-svobodnoe.ru|taxi555.ru|volgograd.taksi24.taxi|volgograd.simferopol-aeroport.taxi|taksisvo.ru|msk.taxi|obltaxi.ru|www.avito.ru|ab-taxi.ru|www.taxi2000.ru|taxivezde.ru|taxi.drive-luxe.ru|www.taxi-love.ru|mezhgorod-rf.ru|cvo-taxi.ru|mejgorodtaxi.ru|sochi.taxi;Волгоград;Донецк;11700
ufa-yuzhnyj;new;122;2;NONE;Z_LOW_PRIORITY;Низкий приоритет (новые);LOW_PRIORITY;18;10;4;kiwitaxi.ru|city2city.ru|catalogtaksi.ru|transfers.unitaxi.ru|taxi.yandex.ru|m.avito.ru|ufa.taximaxim.ru|yandex.ru|vezet.ru|2gis.ru;;;
lesosibirsk-krasnojarsk;old;122;5;SEO;F_AUTOPILOT;SEO автопилот;SEO_AUTOPILOT;2;16;0;vk.com|1taxopark.ru|taxi555.ru|poputka-komfort.ru|city2city.ru|yandex.ru|taxi.drive-luxe.ru|rustransfer.org|ru-travel.org|vse-taxi.com|transfers.unitaxi.ru|starbus-arenda.ru|catalogtaksi.ru|www.taxi-love.ru|www.avito.ru|www.rome2rio.com|intaxi.ru|deshevotaxi.ru|takse.ru|mezhgorod-taksi.ru|taksi-gorod.ru|ubitaxi.ru|taxivezde.ru|uslugio.com|xn--90ahjbkbwtebe.xn--80akxkdedu.xn--p1acf|www.taxi2000.ru|obltaxi.ru|perevozka24.com|2gis.ru|kiwitaxi.ru;Лесосибирск;Красноярск;9000
krasnoyarsk-lesosibirsk;old;122;4;SEO;F_AUTOPILOT;SEO автопилот;SEO_AUTOPILOT;3;14;0;vk.com|1taxopark.ru|www.mezhgorod.taxi|city2city.ru|takse.ru|yandex.ru|rustransfer.org|kiwitaxi.ru|poputka-komfort.ru|taksi-gorod.ru|catalogtaksi.ru|taxi.drive-luxe.ru|www.taxi2000.ru|vse-taxi.com|taxivezde.ru|www.yell.ru|starbus-arenda.ru|www.taxi-love.ru|deshevotaxi.ru|www.intui.travel|vk.link|www.avito.ru|taxi-nomera.ru|www.rome2rio.com|mezhgorod-taksi.ru|transfer124.ru|taxi-krasnoyarsk-krasnoyarsk-krai-ru.taxigator.ru|ru-travel.org|xn--24-6kchk7b2h.xn--p1ai|uslugio.com;Красноярск;Лесосибирск;8800
moskva-aleksandrov;new;121;;DIRECT;H_DIRECT_TEST;Директ тест;POTENTIAL_DIRECT_NEW;9;15;0;taxi555.ru|www.taxi2000.ru|www.mezhgorod.taxi|1taxopark.ru|ab-taxi.ru|www.taxi-love.ru|mos.taxitoday.ru|drive-luxe.ru|xn----7sbyhcmghbyi1l.xn--80adxhks|taxispeed.ru;;;
nizhnij-novgorod-kstovo;old;121;;SEO;F_AUTOPILOT;SEO автопилот;SEO_AUTOPILOT;2;17;0;go.yandex|unit-transfer.ru|taxigorkovskoe.ru|taksisvo.ru|taxivezde.ru|www.taxi2000.ru|yandex.ru|catalogtaksi.ru|www.rome2rio.com|kiwitaxi.ru|taksi-gorod.ru|taxi.yandex.ru|1taxopark.ru|taxi555.ru|takse.ru|mejgorod-taxi.ru|xn----7sbyhcmnbsdikx.xn--p1ai|taxi.drive-luxe.ru|deshevotaxi.ru|diveevo-transfer.ru|www.avito.ru|mezhgorod-rf.ru|minivan-nn.ru|www.taxi-love.ru|jupiter-tmc.ru|vse-taxi.com|ta52.ru|mejgorodtaxi.ru|taximezhgorod24.ru|bibi-bot.ru;Нижний Новгород;Кстово;2000
murmansk-severomorsk;new;120;;DIRECT;H_DIRECT_TEST;Директ тест;POTENTIAL_DIRECT_NEW;23;5;2;1taxopark.ru|catalogtaksi.ru|deshevotaxi.ru|taxi.drive-luxe.ru|taksi-gorod.ru|taxivezde.ru|kiwitaxi.ru|ubitaxi.ru|taxi555.ru|rustransfer.org;;;
kazan-tujmazy;old;120;;DIRECT;H_DIRECT_TEST;Директ тест;DIRECT_TEST;1;6;0;taxibelka.ru|vk.com|www.avito.ru|yandex.ru|taxi555.ru|taksi-tujmazy-kazan.clients.site|taksi-gorod.ru|1taxopark.ru|ugtaxi.ru|taksisvo.ru;Казань;Туймазы;11400
voronezh-usman;old;120;;SEO;F_AUTOPILOT;SEO автопилот;SEO_AUTOPILOT;2;20;0;catalogtaksi.ru|tratatur.ru|kubtaxi.ru|deshevotaxi.ru|taxi555.ru|rustransfer.org|1taxopark.ru|taxi-ug.ru|taxi.drive-luxe.ru|taksisvo.ru|www.taxi2000.ru|mezhgorod-rf.ru|taxivezde.ru|vse-taxi.com|obltaxi.ru|mezhgorod-taksi.ru|ru-travel.org|takse.ru|mejgorodtaxi.ru|uslugi.yandex.ru|mb-taxi.ru|www.taxi-love.ru|m.avito.ru|kiwitaxi.ru|www.rome2rio.com|taksi-services.ru|mobilodeon.ru|transfer36.ru|taksi-gorod.ru|taxi-nomera.ru;Воронеж;Усмань;2000
kaluga-tula;old;120;;SEO;F_AUTOPILOT;SEO автопилот;SEO_AUTOPILOT;0;8;0;kubtaxi.ru|sky-transfer.ru|ug.taxi|tratatur.ru|kaluga.sevastopol24.taxi|kaluga.taxi24h.ru|1taxopark.ru|kaluga.taksi24.taxi|transfer40.com|mejgorod-taxi.ru;Калуга;Тула;3000
samara-buzuluk;old;119;20;SEO;F_AUTOPILOT;SEO автопилот;SEO_AUTOPILOT;3;19;0;otvezem.pro|vk.com|www.avito.ru|samara.sky-transfer.ru|kiwitaxi.ru|taxi24online.ru|taxi555.ru|taksi-gorod.ru|www.xn-----7kcbaaphbhdai9a3awnjra5bnrctq.xn--p1ai|dzen.ru|1taxopark.ru|taksisvo.ru|transfers.unitaxi.ru|www.intui.travel|deshevotaxi.ru|taxi-samara.su|rustransfer.org|www.mezhgorod.taxi|taxi.drive-luxe.ru|city2city.ru|obltaxi.ru|korona-taksi.ru|ubitaxi.ru|taxivezde.ru|jupiter-tmc.ru|taxikawai.ru|xn----7sbp3acjidhfbkt.su|www.taxi-love.ru|taxi-cosmos.ru|perevozchik163.ru;Самара;Бузулук;5600
krasnodar-krasnyj;new;118;8;SEO;F_AUTOPILOT;SEO автопилот;SEO_AUTOPILOT_NEW;8;21;2;kubtaxi.ru|perfect-taxi.ru|ugtaxi.ru|taxi.ugtravel.com|kiwitaxi.ru|transferoff.ru|taxi-ug.ru|city2city.ru|krasnodar.taxi24h.ru|taxiresort.ru;;;
joshkar-ola-cheboksary;new;117;;DIRECT;H_DIRECT_TEST;Директ тест;POTENTIAL_DIRECT_NEW;17;9;1;www.avito.ru|vk.com|www.taxi2000.ru|kiwitaxi.ru|taxi-russia.su|taxi555.ru|taxiarkadiya.ru|1taxopark.ru|www.mezhgorod.taxi|rustransfer.org;;;
ekaterinburg-uralskij;new;117;1;NONE;Z_LOW_PRIORITY;Низкий приоритет (новые);LOW_PRIORITY;19;6;4;city2city.ru|www.mezhgorod.taxi|taxi.drive-luxe.ru|obltaxi.ru|www.intui.travel|taxi-yekaterinburg-sverdlovsk-oblast-ru.taxigator.ru|taksi-ekb.ru|mezhgorod-taksi.ru|go.yandex|www.avito.ru;;;
cheboksary-joshkar-ola;new;117;;DIRECT;H_DIRECT_TEST;Директ тест;POTENTIAL_DIRECT_NEW;16;10;1;www.avito.ru|sky-transfer.ru|vk.com|taxiarkadiya.ru|unit21.ru|taxi-russia.su|taxi555.ru|www.mezhgorod.taxi|taxi24online.ru|kiwitaxi.ru;;;
ivanovo-vladimir;old;117;;SEO;E_MONITOR;SEO мониторинг;SEO_MONITOR;2;6;0;xn----7sbbhbow1bfkbndml0b.xn--p1ai|ivanovo.taxi24h.ru|kiwitaxi.ru|catalogtaksi.ru|ivanovo.taksi24.taxi|1taxopark.ru|rustransfer.org|www.avito.ru|taxi533.ru|taksisvo.ru;Иваново;Владимир;3500
ulan-udje-irkutsk;old;117;4;DIRECT;H_DIRECT_TEST;Директ тест;DIRECT_TEST;2;15;0;rustransfer.org|www.avito.ru|catalogtaksi.ru|city2city.ru|www.yell.ru|jupiter-tmc.ru|express138.ru|2gis.ru|deshevotaxi.ru|1tmehgorod.ru|mezhgorod-rf.ru|taksi-gorod.ru|ru-travel.org|vse-taxi.com|mejgorodtaxi.ru|www.intui.travel|vk.com|transfere.ru|mezhgorod-taksi.ru|taxi-ulan-ude-buryatia-ru.taxigator.ru|taxicab-irkutsk-bratsk.ru|taxi-nomera.ru|invite.viber.com|transfergid.ru|uslugi.yandex.ru|taxi-nomer.com|www.transfer38.ru|perevozka24.com|baikalholiday.ru|www.rome2rio.com;Улан-Удэ;Иркутск;13500
vladivostok-artyom;old;117;;SEO;F_AUTOPILOT;SEO автопилот;SEO_AUTOPILOT;2;15;0;go.yandex|2gis.ru|sky-transfer.ru|deshevotaxi.ru|kiwitaxi.ru|taxi.yandex.ru|rustransfer.org|vk.com|drive125.ru|www.intui.travel|vse-taxi.com|taxi-nomera.ru|catalogtaksi.ru|ru-travel.org|mezhgorod-taksi.ru|xn----8sbba8abcp7dh.xn--p1ai|www.rome2rio.com|taxi-vladivostok-primorsky-krai-ru.taxigator.ru|vladivostok.taximaxim.ru|taxomarket.ru|www.tourister.ru|www.farpost.ru|www.vl.ru|unit-transfer.ru|taxiomega.ru|vezet.ru|perevozka24.com|vladivostok.flamp.ru|catalogtaxi.ru|www.taximezgorod.com;Владивосток;Артём;2000
kirov-kirovskij;new;116;;DIRECT;H_DIRECT_TEST;Директ тест;POTENTIAL_DIRECT_NEW;17;10;4;yandex.ru|www.xn----7sbhwbjc7arfi.xn--p1ai|2gis.ru|taxi.yandex.ru|vezet.ru|vk.com|taxitops.ru|kirov.taximaxim.ru|kirov.taptaxi.su|yandex.ru;;;
samara-ulyanovsk;old;116;24;SEO;F_AUTOPILOT;SEO автопилот;SEO_AUTOPILOT;2;20;0;www.avito.ru|xn----7sbabxukdmwuiegm.xn--p1ai|samara.taxi24h.ru|samara.yalta-24.taxi|taxi533.ru|vk.com|taksi-gorod.ru|taksisvo.ru|taxi-samara.su|kiwitaxi.ru|dzen.ru|samara.sky-transfer.ru|jupiter-tmc.ru|taxi-cosmos.ru|taxi555.ru|rustransfer.org|unit-transfer.ru|1taxopark.ru|mejgorod-taxi.ru|taxi.drive-luxe.ru|www.mezhgorod.taxi|obltaxi.ru|transfers.unitaxi.ru|city2city.ru|samara.taxi-krim.com|taxikawai.ru|samara.aeroport-simferopol.taxi|rf-taxi.ru|takse.ru|www.xn-----6kcb2bleqpadhldcfolvb0gxf.xn--p1ai;Самара;Ульяновск;7200
ulyanovsk-samara;old;116;10;SEO;F_AUTOPILOT;SEO автопилот;SEO_AUTOPILOT;2;21;0;www.avito.ru|kiwitaxi.ru|taxi-russia.su|ulyanovsk.taxi24h.ru|jupiter-tmc.ru|taxi555.ru|taxi24online.ru|taxi.drive-luxe.ru|transfers.unitaxi.ru|city2city.ru|1taxopark.ru|taxi-cosmos.ru|rustransfer.org|obltaxi.ru|vse-taxi.com|takse.ru|catalogtaksi.ru|vk.com|www.taxi-love.ru|deshevotaxi.ru|ulyanovsk.yalta-24.taxi|uslugi.yandex.ru|taksi-gorod.ru|taxikawai.ru|taxivezde.ru|taxi533.ru|ab-taxi.ru|taksisvo.ru|mejgorod-taxi.ru|ru-travel.org;Ульяновск;Самара;7500
syktyvkar-mikun;old;115;6;SEO;F_AUTOPILOT;SEO автопилот;SEO_AUTOPILOT;2;17;0;www.avito.ru|www.taxi2000.ru|vk.com|taxi555.ru|xn----7sbyhcmnbsdikx.xn--p1ai|city2city.ru|rustransfer.org|taxivezde.ru|1taxopark.ru|yandex.ru|perevozka24.com|deshevotaxi.ru|taxi.drive-luxe.ru|www.rome2rio.com|catalogtaksi.ru|jupiter-tmc.ru|takse.ru|obltaxi.ru|www.taxi-love.ru|www.taxi-rokada.ru|taxi-syktyvkar-komi-republic-ru.taxigator.ru|mezhgorod-taksi.ru|www.intui.travel|ru-travel.org|mejgorodtaxi.ru|syktyvkar.nashaspravka.ru|taxi-russia.ru|uslugio.com|taxi-nomera.ru|transfergid.ru;Сыктывкар;Микунь;4000
moskva-lipetsk;old;115;;DIRECT;H_DIRECT_TEST;Директ тест;DIRECT_TEST;1;16;0;taxi.yandex.ru|vezet.ru|drivee.com|moskva.taximaxim.ru|www.avito.ru|msk.taxovichkof.ru|journal.sovcombank.ru|city-mobil.ru|2gis.ru|yandex.ru|xn----7sbb4ajch8bfab.xn--p1ai|www.taxi-ritm.ru|uslugi.yandex.ru|oldtaxi.ru|moskva.taxipoehali.ru|zoon.ru|t-j.ru|moskva.taxideshevo.com|go.yandex|tradetaxi.ru|msk.svoetaksi.ru|nyt.ru|taximoskva.com|taksi-moskva24.ru|msk.taxi-protaxi.ru|www.taximasters.ru|taxispeed.ru|taxi-angel.ru|taxi555.ru|www.taxi-accord.ru;Москва;Липецк;14000
rostov-salsk;old;115;;SEO;F_AUTOPILOT;SEO автопилот;SEO_AUTOPILOT;1;19;0;tratatur.ru|kubtaxi.ru|taxi-ug.ru|www.mezhgorod.taxi|mezhgorod-rf.ru|ugtaxi.ru|1taxopark.ru|taksisvo.ru|ugtravel.com|mejgorod-taxi.ru|taxivezde.ru|perfect-taxi.ru|taksi-gorod.ru|rustransfer.org|taxi-cosmos.ru|xn-----6kckdgfipty1aaca1adgndr.xn--p1ai|mig24transfer.ru|takse.ru|vse-taxi.com|www.intui.travel|mejgorodtaxi.ru|xn--b1afanhqckwdt2czc.xn--p1ai|alex-transport.ru|transfers.unitaxi.ru|obltaxi.ru|deshevotaxi.ru|7verst.clients.site|catalogtaksi.ru|www.taxi-love.ru|ugtravel.ru;Ростов-на-Дону;Сальск;5500
lipeczk-moskva;old;115;22;DIRECT;H_DIRECT_TEST;Директ тест;DIRECT_TEST;2;23;0;www.avito.ru|lipetsk.taxi24h.ru|kubtaxi.ru|ug.taxi|www.taxi2000.ru|taxi-mobil.ru|lipetsk.taksi24.taxi|tratatur.ru|kiwitaxi.ru|msk.taxi|xn----7sbyhcmnbsdikx.xn--p1ai|sky-transfer.ru|1taxopark.ru|wing-taxi.ru|ugtaxi.ru|taxi-ug.ru|transfer48.ru|rustransfer.org|www.taxi-rokada.ru|taksi-gorod.ru|lipetsk.sevastopol24.taxi|city2city.ru|taxi533.ru|taxivezde.ru|www.mezhgorod.taxi|mejgorod-taxi.ru|taksisvo.ru|www.taxi-love.ru|taxi-cosmos.ru|xn----7sbyhcmnbsdikx.xn--80adxhks;Липецк;Москва;14100
moskva-ekaterinburg;old;115;18;DIRECT;H_DIRECT_TEST;Директ тест;DIRECT_TEST;0;25;0;ugtaxi.ru|wing-taxi.ru|moskva.sevastopol24.taxi|taksi-gorod.ru|cabway.ru|sky-transfer.ru|oldtaxi.ru|moskva.taxi24h.ru|1taxopark.ru|taxi533.ru|www.mezhgorod.taxi|korona-taksi.ru|msk.taxi|taksisvo.ru|moskva.taksi24.taxi|unit-transfer.ru|www.100mtaxi.ru|city2city.ru|mejgorod-taxi.ru|www.taxi-love.ru|ug.taxi|moskva.taxideshevo.com|taksi777.ru|t.me|taxivezde.ru|vse-taxi.com|taxi.yandex.ru|taxi-cosmos.ru|ru-travel.org|mezhgorod-taksi.ru;Москва;Екатеринбург;49800
novosibirsk-novokuznetsk;new;114;;DIRECT;H_DIRECT_TEST;Директ тест;POTENTIAL_DIRECT_NEW;13;12;1;taxitolmachevo.ru|royalcars54.ru|abv-auto.com|sky-transfer.ru|www.avito.ru|starcars54.ru|aa-go.ru|kiwitaxi.ru|taxi533.ru|rustransfer.org;;;
kursk-kurchatov;old;114;8;SEO;F_AUTOPILOT;SEO автопилот;SEO_AUTOPILOT;1;18;0;go.yandex|xn----7sbyhcmnbsdikx.xn--p1ai|catalogtaxi.ru|www.taxi2000.ru|taxi555.ru|catalogtaksi.ru|taksi-gorod.ru|city2city.ru|1taxopark.ru|rustransfer.org|taksisvo.ru|takse.ru|taxi.drive-luxe.ru|yandex.ru|obltaxi.ru|taxivezde.ru|deshevotaxi.ru|ru-travel.org|jupiter-tmc.ru|mezhgorod-taksi.ru|www.taxi-love.ru|taxi-kursk-kursk-oblast-ru.taxigator.ru|m.avito.ru|mejgorodtaxi.ru|taxi-nomera.ru|kursk.nashaspravka.ru|uslugi.yandex.ru|vk.com|taxi.yandex.ru|taxi-nomer.ru;Курск;Курчатов;3000
krasnoyarsk-novosibirsk;old;114;10;DIRECT;H_DIRECT_TEST;Директ тест;DIRECT_TEST;1;17;0;sky-transfer.ru|www.avito.ru|ugtravel.com|www.mezhgorod.taxi|royalcars54.ru|taksi-gorod.ru|www.taxi2000.ru|rustransfer.org|1taxopark.ru|city2city.ru|willway.ru|jupiter-tmc.ru|taxi533.ru|vse-taxi.com|taxivezde.ru|catalogtaksi.ru|taxi.drive-luxe.ru|radartaxi.ru|mezhgorod-rf.ru|www.taxi-love.ru|abv-auto.com|deshevotaxi.ru|unit21.ru|mezhgorod-taksi.ru|taksiporossii.ru|starcars54.ru|transferug.ru|xn--24-6kchk7b2h.xn--p1ai|transfergid.ru|vk.com;Красноярск;Новосибирск;23400
krasnoyarsk-abakan;old;114;9;DIRECT;H_DIRECT_TEST;Директ тест;DIRECT_TEST;2;17;0;www.avito.ru|taxi555.ru|nyt.ru|kiwitaxi.ru|taksi-gorod.ru|1taxopark.ru|vk.com|taxi533.ru|city2city.ru|rustransfer.org|takse.ru|vse-taxi.com|www.mezhgorod.taxi|obltaxi.ru|transfers.unitaxi.ru|jupiter-tmc.ru|taxivezde.ru|mezhgorod-rf.ru|taxi.drive-luxe.ru|xn--80atblfjdfd2l.xn--80akxkdedu.xn--p1acf|www.taxi-love.ru|catalogtaksi.ru|mejgorodtaxi.ru|deshevotaxi.ru|yandex.ru|mezhgorod-taksi.ru|www.tourister.ru|poputka-komfort.ru|taxi-krasnoyarsk-krasnoyarsk-krai-ru.taxigator.ru|transfergid.ru;Красноярск;Абакан;12300
novosibirsk-krasnoyarsk;old;114;9;DIRECT;H_DIRECT_TEST;Директ тест;DIRECT_TEST;2;19;0;royalcars54.ru|abv-auto.com|sky-transfer.ru|starcars54.ru|willway.ru|1taxopark.ru|rustransfer.org|aa-go.ru|city2city.ru|www.avito.ru|www.mezhgorod.taxi|taxi.drive-luxe.ru|www.taxi-love.ru|www.intui.travel|catalogtaksi.ru|jupiter-tmc.ru|taxi-russia.su|transferug.ru|viptaxinsk.ru|ugtaxi.ru|deshevotaxi.ru|radartaxi.ru|taxi533.ru|taksi-gorod.ru|taxi-nomera.ru|taxivezde.ru|mezhgorod-rf.ru|citytransferpro.ru|mejgorodtaxi.ru|www.transfer154.ru;Новосибирск;Красноярск;23400
perm-moskva;old;113;;DIRECT;H_DIRECT_TEST;Директ тест;DIRECT_TEST;1;26;0;www.avito.ru|wing-taxi.ru|ugtaxi.ru|perm.taxi24h.ru|taxi24online.ru|taksi-gorod.ru|uralavtotaxi.ru|taxi-realtransfer-mejgorod.ru|taxi533.ru|taxivezde.ru|taxi-cosmos.ru|perm.sevastopol24.taxi|taxi-perm.su|taksisvo.ru|1taxopark.ru|korona-taksi.ru|msk.taxi|taxi555.ru|www.taxi-love.ru|go.yandex|xn----7sbyhmmrebi.xn--p1ai|perm.taxi-krim.com|vse-taxi.com|www.mezhgorod.taxi|taksi-go.ru|deshevotaxi.ru|taxi-nomera.ru|obltaxi.ru|taximilen.ru|taxi.yandex.ru;Пермь;Москва;44000
murmansk-monchegorsk;old;113;7;SEO;F_AUTOPILOT;SEO автопилот;SEO_AUTOPILOT;2;19;0;taksi-gorod.ru|www.taxi2000.ru|taxi555.ru|www.mezhgorod.taxi|taxivezde.ru|deshevotaxi.ru|city2city.ru|1taxopark.ru|taximurmansk.ru|yandex.ru|kiwitaxi.ru|www.rome2rio.com|catalogtaksi.ru|takse.ru|taxi.drive-luxe.ru|rustransfer.org|www.taxi-rokada.ru|obltaxi.ru|jupiter-tmc.ru|transfers.unitaxi.ru|www.taxi-love.ru|www.avito.ru|uslugi.yandex.ru|mejgorodtaxi.ru|www.tourister.ru|viptransfer51.ru|taxi-nomera.ru|transfergid.ru|taxi-russia.ru|transport-services.ru;Мурманск;Мончегорск;5000
moskva-perm;old;113;;DIRECT;H_DIRECT_TEST;Директ тест;DIRECT_TEST;1;25;0;moskva.taxi24h.ru|moskva.taksi24.taxi|wing-taxi.ru|taxi533.ru|unit-transfer.ru|www.mezhgorod.taxi|taksi-gorod.ru|oldtaxi.ru|ugtaxi.ru|1taxopark.ru|taksisvo.ru|msk.taxi|cabway.ru|www.avito.ru|www.100mtaxi.ru|taxi-realtransfer-mejgorod.ru|mejgorod-taxi.ru|taxivezde.ru|taxi-cosmos.ru|moskva.taxi-krim.com|mos.taxitoday.ru|moskva.aeroport-simferopol.taxi|www.taxi-love.ru|taksi-go.ru|taksicentr.ru|xn--80akxkdedu.xn--p1acf|izvozchik.su|moskva.simferopol-aeroport.taxi|deshevotaxi.ru|mezhgorod-taksi.ru;Москва;Пермь;45500
ekaterinburg-kamensk-uralskij;old;113;9;SEO;F_AUTOPILOT;SEO автопилот;SEO_AUTOPILOT;1;5;0;go.yandex|taxi555.ru|xn-----6kccfjdehdbgxjti1a2ala5bhdewr6a.xn--p1ai|www.taxi2000.ru|taksi-ekb.ru|nexttax.ru|kiwitaxi.ru|www.mezhgorod.taxi|city2city.ru|unit-transfer.ru;Екатеринбург;Каменск-Уральский;3600
tyumen-tobolsk;old;112;15;SEO;F_AUTOPILOT;SEO автопилот;SEO_AUTOPILOT;2;19;0;www.avito.ru|xn--72-glcedg4btat.xn--p1ai|kiwitaxi.ru|nexttax.ru|www.taxi2000.ru|www.mezhgorod.taxi|taksi-gorod.ru|vk.com|taxi555.ru|taxivezde.ru|willway.ru|taxi.drive-luxe.ru|obltaxi.ru|taksisvo.ru|city2city.ru|taxi-russia.su|1taxopark.ru|rustransfer.org|vse-taxi.com|catalogtaksi.ru|perevozka24.com|www.taxi-love.ru|mejgorodtaxi.ru|deshevotaxi.ru|ru-travel.org|uslugi.yandex.ru|transfergid.ru|www.xn-----6kcnfedeptyfoja5ajpo7rmb.xn--p1ai|transfers.unitaxi.ru|taxi-business.com;Тюмень;Тобольск;7500
murmansk-snezhnogorsk;old;112;;SEO;F_AUTOPILOT;SEO автопилот;SEO_AUTOPILOT;0;20;0;catalogtaksi.ru|taxi555.ru|sky-transfer.ru|taxivezde.ru|xn----7sbyhcmnbsdikx.xn--p1ai|1taxopark.ru|ab-taxi.ru|taxi.drive-luxe.ru|taksi-gorod.ru|takse.ru|ktk51transfer.ru|rustransfer.org|www.taxi2000.ru|obltaxi.ru|www.taxi-love.ru|jupiter-tmc.ru|deshevotaxi.ru|ru-travel.org|mejgorodtaxi.ru|mezhgorod-taksi.ru|www.rome2rio.com|vk.com|taxi-nomera.ru|uslugi.yandex.ru|transport-services.ru|xn--80aueagpkl.xn--80akxkdedu.xn--p1acf|taxidrom.com|www.taxi-rokada.ru|taximurmansk.ru|severnaja-transfernaja.clients.site;Мурманск;Снежногорск;2000
svo-taxi-moskva-mariupol;old;111;;DIRECT;H_DIRECT_TEST;Директ тест;DIRECT_TEST;1;16;0;taxi.yandex.ru|moskva.taximaxim.ru|city-mobil.ru|vezet.ru|yandex.ru|taximoskva.com|msk.taxovichkof.ru|drivee.com|journal.sovcombank.ru|2gis.ru|www.avito.ru|xn----7sbb4ajch8bfab.xn--p1ai|uslugi.yandex.ru|moskva.taxipoehali.ru|oldtaxi.ru|zoon.ru|t-j.ru|www.taximasters.ru|moskva.taxideshevo.com|www.taxi-ritm.ru|go.yandex|taxi555.ru|msk.svoetaksi.ru|tradetaxi.ru|taxi-angel.ru|taksi-moskva24.ru|rezidenttaxi.ru|msk.taxi-protaxi.ru|taxispeed.ru|nyt.ru;Москва;Мариуполь;37500
volgograd-elista;old;111;17;SEO;F_AUTOPILOT;SEO автопилот;SEO_AUTOPILOT;2;20;0;www.avito.ru|alphatour.ru|kiwitaxi.ru|volgograd.taxi24h.ru|taksi-gorod.ru|kubtaxi.ru|vk.com|tratatur.ru|volgograd.taxi-krim.com|rustransfer.org|unit-transfer.ru|taxi555.ru|transfers.unitaxi.ru|taxi.drive-luxe.ru|taxi-cosmos.ru|www.mezhgorod.taxi|city2city.ru|volgograd.aeroport-simferopol.taxi|volgograd.taksi24.taxi|taxi-russia.su|volgograd.simferopol-aeroport.taxi|taxi-ug.ru|taxi533.ru|cabway.ru|taxi-bereg.ru|mezhgorod-rf.ru|takse.ru|mejgorod-taxi.ru|jupiter-tmc.ru|sochi.taxi;Волгоград;Элиста;8800
tver-torzhok;new;110;;DIRECT;H_DIRECT_TEST;Директ тест;POTENTIAL_DIRECT_NEW;16;9;0;taxi555.ru|deshevotaxi.ru|taxi-tver.com|vk.com|www.taxi2000.ru|catalogtaksi.ru|1taxopark.ru|ab-taxi.ru|taxi.drive-luxe.ru|taxivezde.ru;;;
orenburg-gaj;old;110;8;SEO;F_AUTOPILOT;SEO автопилот;SEO_AUTOPILOT;2;17;0;www.avito.ru|rustransfer.org|vk.com|taksi-gorod.ru|ab-taxi.ru|1taxopark.ru|taxi555.ru|city2city.ru|yandex.ru|www.taxi2000.ru|www.mezhgorod.taxi|perevozka24.com|taxivezde.ru|nexttax.ru|jupiter-tmc.ru|taksisvo.ru|obltaxi.ru|mejgorodtaxi.ru|taxi-russia.su|catalogtaksi.ru|takse.ru|www.blablacar.ru|taxi-lider64.ru|www.taxi-love.ru|deshevotaxi.ru|www.rome2rio.com|mobilodeon.ru|xn--80aft.xn--80akxkdedu.xn--p1acf|taxi-nomera.ru|2gis.ru;Оренбург;Гай;8600
blagoveshhensk-belogorsk;old;110;2;SEO;E_MONITOR;SEO мониторинг;SEO_MONITOR;1;3;0;www.avito.ru|city2city.ru|catalogtaksi.ru|rustransfer.org|deshevotaxi.ru|www.rome2rio.com|t.me|2gis.ru|ru-travel.org|uslugi.yandex.ru;Благовещенск;Белогорск;4700
belogorsk-blagoveshhensk;old;110;4;SEO;E_MONITOR;SEO мониторинг;SEO_MONITOR;1;3;0;www.avito.ru|perevozka24.com|2gis.ru|city2city.ru|yandex.ru|rustransfer.org|catalogtaksi.ru|uslugi.yandex.ru|uslugio.com|yandex.ru;Белогорск;Благовещенск;4700
ivanovo-plyos;old;110;;SEO;E_MONITOR;SEO мониторинг;SEO_MONITOR;2;4;0;www.avito.ru|taksisvo.ru|kiwitaxi.ru|ubitaxi.ru|www.rome2rio.com|taxi555.ru|xn----7sbyhcmnbsdikx.xn--p1ai|xn----7sbbhbow1bfkbndml0b.xn--p1ai|1taxopark.ru|sky-transfer.ru;Иваново;Плёс;3200
saratov-gagarin;new;109;;DIRECT;H_DIRECT_TEST;Директ тест;POTENTIAL_DIRECT_NEW;17;3;2;www.avito.ru|transfer64.ru|uslugi.yandex.ru|kiwitaxi.ru|yandex.ru|www.tourister.ru|1taxopark.ru|2gis.ru|taksisvo.ru|rustransfer.org;;;
nerjungri-jakutsk;old;109;12;DIRECT;H_DIRECT_TEST;Директ тест;DIRECT_TEST;2;10;0;www.avito.ru|yandex.ru|uslugi.yandex.ru|neryungri.gde.ru|2gis.ru|uslugio.com|vk.com|rustransfer.org|sakha.kupiprodai.ru|catalogtaksi.ru|kuplusrazu.ru|city2city.ru|perevozka24.com|m.ok.ru|doska.ykt.ru|www.rome2rio.com|vk.link|youla.ru|call-taxi.ru|portaluslug.ru|deshevotaxi.ru|taxibaza.net|takse.ru|mezhgorod-taksi.ru|taksi-gorod.ru|xn--c1adkrbrc3i.xn--80akxkdedu.xn--p1acf|taxigoroda.ru|po-krupnomu.ru|transfergid.ru|neriungri.spravker.ru;Нерюнгри;Якутск;24300
aeroport-kurumoch-tolyatti;new;107;;DIRECT;H_DIRECT_TEST;Директ тест;POTENTIAL_DIRECT_NEW;20;3;4;www.avito.ru|uslugi.yandex.ru|xn----7sbybhiuvgfca2ktb.xn--p1ai|yandex.ru|kiwitaxi.ru|taksi-gorod.ru|rustransfer.org|taksisvo.ru|perevozchik163.ru|yandex.ru;;;
volgograd-kirovskij;new;106;;DIRECT;H_DIRECT_TEST;Директ тест;POTENTIAL_DIRECT_NEW;14;9;3;yandex.ru|2gis.ru|www.yell.ru|volgograd.spravker.ru|volgograd.blizko.ru|taxivolgograd.ru|kiwitaxi.ru|catalogtaxi.ru|www.volgograd.kp.ru|taxi.yandex.ru;;;
tyumen-tavda;old;106;14;SEO;F_AUTOPILOT;SEO автопилот;SEO_AUTOPILOT;2;17;0;nexttax.ru|www.avito.ru|www.taxi2000.ru|taxi555.ru|kiwitaxi.ru|vk.com|www.mezhgorod.taxi|taksisvo.ru|obltaxi.ru|taksi-gorod.ru|rustransfer.org|1taxopark.ru|jupiter-tmc.ru|city2city.ru|www.taxi-love.ru|transfers.unitaxi.ru|taxivezde.ru|takse.ru|catalogtaksi.ru|www.rome2rio.com|ru-travel.org|taxi-russia.su|780express.ru|2gis.ru|mejgorodtaxi.ru|deshevotaxi.ru|catalogtaxi.ru|taxi-nomera.ru|xn----7sbyhcmghbyi1l.xn--80adxhks|ubitaxi.ru;Тюмень;Тавда;4700
ulyanovsk-dimitrovgrad;old;105;8;SEO;F_AUTOPILOT;SEO автопилот;SEO_AUTOPILOT;2;19;0;go.yandex|www.avito.ru|1taxopark.ru|vk.com|taxi555.ru|kiwitaxi.ru|taxi24online.ru|city2city.ru|www.mezhgorod.taxi|rustransfer.org|catalogtaksi.ru|taksisvo.ru|xn----7sbyhcmnbsdikx.xn--p1ai|taxi.drive-luxe.ru|taxivezde.ru|takse.ru|mejgorod-taxi.ru|vse-taxi.com|transfers.unitaxi.ru|mobilodeon.ru|obltaxi.ru|deshevotaxi.ru|jupiter-tmc.ru|www.taxi-love.ru|taxi.yandex.ru|mejgorodtaxi.ru|www.tourister.ru|mezhgorod-taksi.ru|taxi-nomera.ru|taxi-ulyanovsk-ulyanovsk-oblast-ru.taxigator.ru;Ульяновск;Димитровград;4000
vologda-totma;old;105;;SEO;F_AUTOPILOT;SEO автопилот;SEO_AUTOPILOT;0;21;0;vk.com|taxi555.ru|www.taxi2000.ru|ab-taxi.ru|rustransfer.org|www.mezhgorod.taxi|takse.ru|yandex.ru|1taxopark.ru|taxivezde.ru|taksisvo.ru|catalogtaksi.ru|taxi.drive-luxe.ru|www.taxi-rokada.ru|www.taxi-love.ru|t.me|deshevotaxi.ru|korona-taksi.ru|obltaxi.ru|ru-travel.org|mezhgorod-taksi.ru|yandex.ru|taxi-russia.ru|mejgorodtaxi.ru|www.rome2rio.com|taxi-vologda-vologda-oblast-ru.taxigator.ru|xn--80adde7arb.xn--80akxkdedu.xn--p1acf|transfer35.ru|taxi-nomera.ru|taxitaksi.ru;Вологда;Тотьма;6500
donetsk-samara;new;104;;DIRECT;H_DIRECT_TEST;Директ тест;POTENTIAL_DIRECT_NEW;8;17;1;taksisvo.ru|donetsk.taxi24h.ru|den-taxi.ru|avto-kruiz.com|dzen.ru|taxi533.ru|donetsk.aeroport-simferopol.taxi|donetsk.alushta24.taxi|taxi-cosmos.ru|donetsk.taksi24.taxi;;;
izhevsk-glazov;old;103;9;SEO;F_AUTOPILOT;SEO автопилот;SEO_AUTOPILOT;1;5;0;catalogtaksi.ru|taxi-izhevsk.ru|xn----7sbhlekbng7dgc.xn--p1ai|kiwitaxi.ru|taksisvo.ru|1taxopark.ru|taxi555.ru|taxi24online.ru|city2city.ru|xn----7sbp3acjidhfbkt.su;Ижевск;Глазов;5800
kirov-kotelnich;old;103;4;SEO;F_AUTOPILOT;SEO автопилот;SEO_AUTOPILOT;2;18;0;taksikirov.ru|taxi555.ru|taxi.drive-luxe.ru|city2city.ru|catalogtaksi.ru|taksisvo.ru|www.taxi2000.ru|deshevotaxi.ru|1taxopark.ru|taxi-russia.su|takse.ru|taxivezde.ru|ab-taxi.ru|taxi-mini.ru|obltaxi.ru|routes43.ru|yandex.ru|www.intui.travel|www.taxi-love.ru|mejgorodtaxi.ru|mezhgorod-taksi.ru|vk.com|mobilodeon.ru|xn---40-edd3al3ap.xn--80akxkdedu.xn--p1acf|m.avito.ru|xn--80aaahzdndlon5ak.xn--p1ai|taxi-kirov-kirov-oblast-ru.taxigator.ru|taxi.yandex.ru|taxikama.tb.ru|www.xn----7sbhwbjc7arfi.xn--p1ai;Киров;Котельнич;4300
nizhnij-novgorod-bor;old;102;;DIRECT;H_DIRECT_TEST;Директ тест;DIRECT_TEST;1;16;0;go.yandex|yandex.ru|1taxopark.ru|2gis.ru|uslugi.yandex.ru|m.avito.ru|mezhgorod-rf.ru|obltaxi.ru|taksisvo.ru|taxigorkovskoe.ru|taxi.drive-luxe.ru|xn----7sbyhcmnbsdikx.xn--p1ai|taxi555.ru|taksi-gorod.ru|mejgorod-taxi.ru|tvoy-bor.ru|vse-taxi.com|city-mobil.ru|www.yell.ru|catalogtaksi.ru|deshevotaxi.ru|apps.apple.com|zoon.ru|mejgorodtaxi.ru|perevozka24.com|www.taxi-love.ru|taxi.yandex.ru|taximezhgorod24.ru|taxivezde.ru|taxomarket.ru;Нижний Новгород;Бор;36500
kemerovo-yurga;old;102;4;SEO;F_AUTOPILOT;SEO автопилот;SEO_AUTOPILOT;0;8;0;taxi555.ru|taksi-gorod.ru|catalogtaksi.ru|city2city.ru|rustransfer.org|1taxopark.ru|www.mezhgorod.taxi|www.taxi2000.ru|vse-taxi.com|deshevotaxi.ru;Кемерово;Юрга;4300
moskva-vysokij;new;100;1;SEO;F_AUTOPILOT;SEO автопилот;SEO_AUTOPILOT_NEW;11;13;4;city2city.ru|taxi.yandex.ru|ugtaxi.ru|oldtaxi.ru|deshevotaxi.ru|merssel.vip|uslugi.yandex.ru|www.taximasters.ru|taxi-vip.moscow|yandex.ru;;;
aldan-jakutsk;old;100;8;DIRECT;H_DIRECT_TEST;Директ тест;DIRECT_TEST;2;2;0;www.avito.ru|uslugio.com|catalogtaksi.ru|2gis.ru|vk.com|yandex.ru|rustransfer.org|city2city.ru|takse.ru|youla.ru;Алдан;Якутск;15800
chelyabinsk-kopejsk;old;100;;SEO;F_AUTOPILOT;SEO автопилот;SEO_AUTOPILOT;1;8;0;taksisvo.ru|taksi-gorod.ru|kiwitaxi.ru|taxi555.ru|1taxopark.ru|uralavtotaxi.ru|ab-taxi.ru|taxipremier.ru|www.taxi2000.ru|taxi.drive-luxe.ru;Челябинск;Копейск;3000
astraxan-volgograd;old;97;;DIRECT;H_DIRECT_TEST;Директ тест;DIRECT_TEST;1;8;0;www.avito.ru|astrahan.taxi24h.ru|kubtaxi.ru|taksi-gorod.ru|ugtaxi.ru|tratatur.ru|ug.taxi|astrahan.taksi24.taxi|rustransfer.org|sochi.taxi;Астрахань;Волгоград;12800
tula-uzlovaya;old;97;10;SEO;F_AUTOPILOT;SEO автопилот;SEO_AUTOPILOT;0;19;0;kubtaxi.ru|xn----7sbbu0aptdhddiv.xn--p1ai|taxi-ug.ru|deshevotaxi.ru|taxi555.ru|www.taxi-love.ru|1taxopark.ru|tratatur.ru|xn----7sbyhcmnbsdikx.xn--p1ai|city2city.ru|www.mezhgorod.taxi|www.taxi2000.ru|rustransfer.org|taxi.drive-luxe.ru|2gis.ru|www.taxi-rokada.ru|taxivezde.ru|catalogtaksi.ru|taksisvo.ru|obltaxi.ru|takse.ru|mobilodeon.ru|taxomarket.ru|ru-travel.org|www.rome2rio.com|transfer71.ru|mejgorodtaxi.ru|mezhgorod-taksi.ru|taksi-services.ru|taxi-nomera.ru;Тула;Узловая;3000
perm-ufa;old;97;25;DIRECT;H_DIRECT_TEST;Директ тест;DIRECT_TEST;1;22;0;sky-transfer.ru|www.avito.ru|uralavtotaxi.ru|taxi24online.ru|vk.com|perm.taxi24h.ru|taksi-gorod.ru|taxi533.ru|taxi-realtransfer-mejgorod.ru|yandex.ru|rustransfer.org|perm.sevastopol24.taxi|www.mezhgorod.taxi|www.taxi2000.ru|taksisvo.ru|taxivezde.ru|perm.taksi24.taxi|taxi-perm.su|vse-taxi.com|1taxopark.ru|jupiter-tmc.ru|korona-taksi.ru|perm.taxi-krim.com|xn----7sbp3acjidhfbkt.su|city2city.ru|taxi.drive-luxe.ru|taxi-cosmos.ru|www.taxi-love.ru|xn----7sbyhmmrebi.xn--p1ai|mejgorodtaxi.ru;Пермь;Уфа;15200
orenburg-sorochinsk;old;97;9;SEO;F_AUTOPILOT;SEO автопилот;SEO_AUTOPILOT;3;17;0;www.avito.ru|vk.com|1taxopark.ru|taksisvo.ru|taxi555.ru|www.mezhgorod.taxi|www.taxi2000.ru|www.taxi-love.ru|city2city.ru|yandex.ru|deshevotaxi.ru|taxivezde.ru|taksi-gorod.ru|taxi.drive-luxe.ru|nexttax.ru|www.rome2rio.com|mejgorodtaxi.ru|www.blablacar.ru|takse.ru|www.intui.travel|taxi-russia.su|obltaxi.ru|ok.ru|t.me|taxi-nomera.ru|catalogtaksi.ru|perevozka24.com|taxi-nomer.ru|uslugio.com|taxigoroda.ru;Оренбург;Сорочинск;5600
ufa-perm;old;97;;DIRECT;H_DIRECT_TEST;Директ тест;DIRECT_TEST;1;19;0;ufa.taximaxim.ru|taxi.yandex.ru|vezet.ru|2gis.ru|yandex.ru|ufa1.ru|m.avito.ru|city-mobil.ru|ufa.taxipoehali.ru|www.yell.ru|go.yandex|uslugi.yandex.ru|zoon.ru|vip-taxi-ufa.ru|ufa.flamp.ru|ufa.taptaxi.su|rutaxi.ru|perevozka24.com|taxi-nomera.ru|taxitops.ru|taximini-ufa.ru|taxiufa.ru|taxiufa.su|taxi-mini-ufa.ru|taxi-ufa.ru|taxiufa.com|rutaxist.ru|taxi-miniufa.ru|taxi902.ru|taxieconom.ru;Уфа;Пермь;15000
kaluga-obninsk;old;96;;SEO;F_AUTOPILOT;SEO автопилот;SEO_AUTOPILOT;0;8;0;go.yandex|kubtaxi.ru|catalogtaxi.ru|taxi555.ru|tratatur.ru|taksisvo.ru|catalogtaksi.ru|taxi533.ru|taxi-ug.ru|deshevotaxi.ru;Калуга;Обнинск;2500
moskva-pushkino;new;95;8;NONE;Z_LOW_PRIORITY;Низкий приоритет (новые);LOW_PRIORITY;12;13;2;taxi.yandex.ru|oldtaxi.ru|taxi-mobil.ru|taxi555.ru|ab-taxi.ru|kiwitaxi.ru|www.mezhgorod.taxi|city2city.ru|logitaxi.ru|taximoskva.com;;;
krasnoyarsk-sosnovoborsk;old;95;;SEO;F_AUTOPILOT;SEO автопилот;SEO_AUTOPILOT;2;17;0;go.yandex|2gis.ru|xn----7sbyhcmnbsdikx.xn--p1ai|taxi555.ru|catalogtaksi.ru|1taxopark.ru|kiwitaxi.ru|taxi.drive-luxe.ru|deshevotaxi.ru|www.taxi2000.ru|takse.ru|vse-taxi.com|sosnovoborsk.taximaxim.ru|www.taxi-rokada.ru|obltaxi.ru|mezhgorod-taksi.ru|taxivezde.ru|uslugi.yandex.ru|taxi-nomera.ru|www.taxi-love.ru|zoon.ru|taxi.yandex.ru|yandex.ru|taxi-krasnoyarsk-krasnoyarsk-krai-ru.taxigator.ru|sosnovoborsk.taxipoehali.ru|www.rome2rio.com|www.intui.travel|transfer124.ru|vk.com|www.yell.ru;Красноярск;Сосновоборск;2000
moskva-kirov;new;94;;DIRECT;H_DIRECT_TEST;Директ тест;POTENTIAL_DIRECT_NEW;8;20;0;kubtaxi.ru|taxi-mobil.ru|www.taxi2000.ru|moskva.taxi24h.ru|oldtaxi.ru|msk.taxi|ugtaxi.ru|taxi555.ru|zakaz.mezhgorod.taxi|moskva.taksi24.taxi;;;
moskva-ulyanovsk;new;94;;DIRECT;H_DIRECT_TEST;Директ тест;POTENTIAL_DIRECT_NEW;7;22;0;taxi-mobil.ru|www.avito.ru|msk.taxi|oldtaxi.ru|taxi555.ru|taxidaleko.ru|ugtaxi.ru|taxi533.ru|www.taxi2000.ru|www.taximasters.ru;;;
ulyanovsk-moskva;new;94;;DIRECT;H_DIRECT_TEST;Директ тест;POTENTIAL_DIRECT_NEW;12;16;0;www.avito.ru|taxi555.ru|ulyanovsk.taxi24h.ru|taxi-russia.su|taxi-mobil.ru|taksi-gorod.ru|ugtaxi.ru|taxi533.ru|xn----7sbyhcmnbsdikx.xn--p1ai|1taxopark.ru;;;
irkutsk-shelexov;old;94;;SEO;F_AUTOPILOT;SEO автопилот;SEO_AUTOPILOT;0;5;0;taksi-gorod.ru|catalogtaksi.ru|rustransfer.org|deshevotaxi.ru|2gis.ru|yandex.ru|ru-travel.org|jupiter-tmc.ru|www.transfer38.ru|takse.ru;Иркутск;Шелехов;2000
moskva-simferopol;new;93;;DIRECT;H_DIRECT_TEST;Директ тест;POTENTIAL_DIRECT_NEW;2;27;0;cvo-taxi.ru|alfataxi82.ru|www.avito.ru|moskva.taxi24h.ru|msk.taxi|taxi.ugtravel.com|ug-transfer.online|moskva.taxi-krim.com|ugtaxi.ru|taksi24.taxi;;;
moskva-tulskij;new;93;1;SEO;F_AUTOPILOT;SEO автопилот;SEO_AUTOPILOT_NEW;7;18;2;city2city.ru|moskva.taxi24h.ru|xn----7sbbu0aptdhddiv.xn--p1ai|www.avito.ru|taxi555.ru|moskva.sky-transfer.ru|taxi-mobil.ru|drive-luxe.ru|oldtaxi.ru|transferug.ru;;;
moskva-yuzhnyj;new;93;3;NONE;Z_LOW_PRIORITY;Низкий приоритет (новые);LOW_PRIORITY;12;14;3;ugtaxi.ru|uslugi.yandex.ru|city2city.ru|yandex.ru|taxi.yandex.ru|oldtaxi.ru|taximoskva.com|taxi555.ru|deshevotaxi.ru|www.taxi-accord.ru;;;
kursk-voronezh;old;93;10;SEO;F_AUTOPILOT;SEO автопилот;SEO_AUTOPILOT;2;23;0;www.avito.ru|kubtaxi.ru|kursk.sevastopol24.taxi|taxi555.ru|kiwitaxi.ru|tratatur.ru|kursk.taxi24h.ru|unit-transfer.ru|taxi-ug.ru|city2city.ru|www.taxi2000.ru|rustransfer.org|transfers.unitaxi.ru|taxi-russia.su|jupiter-tmc.ru|taxi-cosmos.ru|taxi.drive-luxe.ru|catalogtaxi.ru|sochi.taxi|taxi-svobodnoe.ru|ug.taxi|taksi-gorod.ru|www.rome2rio.com|taksisvo.ru|taxi533.ru|mejgorod-taxi.ru|taxivezde.ru|mezhgorod-rf.ru|kursk.taxi-krim.com|www.taxi-love.ru;Курск;Воронеж;6800
ufa-naberezhnye-chelny;old;93;;SEO;F_AUTOPILOT;SEO автопилот;SEO_AUTOPILOT;1;19;0;taxi.yandex.ru|ufa.taximaxim.ru|2gis.ru|vezet.ru|yandex.ru|ufa1.ru|ufa.taxipoehali.ru|www.yell.ru|m.avito.ru|city-mobil.ru|uslugi.yandex.ru|zoon.ru|ufa.flamp.ru|go.yandex|taxiufa.ru|ufa.taptaxi.su|rutaxi.ru|vip-taxi-ufa.ru|taximini-ufa.ru|perevozka24.com|taksi-ufa.ru|taxi-mini.ru|taxi-nomera.ru|rutaxist.ru|vse-taxi.com|taxitops.ru|taxieconom.ru|taxi-mini-ufa.ru|taxi-ufa.ru|taxiufa.com;Уфа;Набережные Челны;8800
volgograd-kamyshin;old;93;13;SEO;F_AUTOPILOT;SEO автопилот;SEO_AUTOPILOT;3;22;0;kubtaxi.ru|m.avito.ru|taxi-ug.ru|tratatur.ru|taxi-russia.su|taxi555.ru|taxi533.ru|kiwitaxi.ru|1taxopark.ru|www.mezhgorod.taxi|unit-transfer.ru|mejgorod-taxi.ru|city2city.ru|taksi-gorod.ru|rustransfer.org|catalogtaksi.ru|taksisvo.ru|obltaxi.ru|taxi-cosmos.ru|takse.ru|taxivezde.ru|taxi.drive-luxe.ru|vse-taxi.com|transfers.unitaxi.ru|ru-travel.org|www.taxi-love.ru|www.intui.travel|www.transfer34.ru|volgatransfervlg.ru|deshevotaxi.ru;Волгоград;Камышин;6300
ivanovo-kostroma;old;93;;SEO;F_AUTOPILOT;SEO автопилот;SEO_AUTOPILOT;1;7;0;ivanovo.sevastopol24.taxi|ivanovo.taxi24h.ru|ivanovo.yalta-24.taxi|catalogtaksi.ru|kiwitaxi.ru|1taxopark.ru|ivanovo.taksi24.taxi|taxi533.ru|xn----7sbbhbow1bfkbndml0b.xn--p1ai|rustransfer.org;Иваново;Кострома;3000
krasnodar-evpatoriya;new;92;25;SEO;F_AUTOPILOT;SEO автопилот;SEO_AUTOPILOT_NEW;4;24;1;kubtaxi.ru|taxi-ug.ru|krasnodar.taxi24h.ru|yandex.ru|www.avito.ru|tratatur.ru|ug.taxi|krasnodar.sevastopol24.taxi|ugtaxi.ru|krasnodar.taksi24.taxi;;;
samara-saratov;old;90;22;DIRECT;H_DIRECT_TEST;Директ тест;DIRECT_TEST;1;24;0;www.xn-----7kcbaaphbhdai9a3awnjra5bnrctq.xn--p1ai|kubtaxi.ru|xn----7sbabxukdmwuiegm.xn--p1ai|www.avito.ru|samara.sky-transfer.ru|tratatur.ru|taxi533.ru|ug.taxi|samara.taxi24h.ru|samara.taksi24.taxi|samara.sevastopol24.taxi|www.mezhgorod.taxi|taksisvo.ru|unit-transfer.ru|1taxopark.ru|mejgorod-taxi.ru|taxi-ug.ru|taxivezde.ru|taksi-gorod.ru|taxi-samara.su|taxi-cosmos.ru|city2city.ru|rustransfer.org|taxi-svobodnoe.ru|vse-taxi.com|samara.aeroport-simferopol.taxi|taxi-lider64.ru|www.taxi-love.ru|samara.simferopol-aeroport.taxi|taxi-po-svetu.ru;Самара;Саратов;12300
saratov-samara;old;90;16;DIRECT;H_DIRECT_TEST;Директ тест;DIRECT_TEST;2;23;0;www.avito.ru|saratov.sky-transfer.ru|saratov.taxi24h.ru|tratatur.ru|saratov.sevastopol24.taxi|taksi-gorod.ru|ug.taxi|kubtaxi.ru|saratov.taxi-krim.com|taxi533.ru|taxi555.ru|www.mezhgorod.taxi|taksisvo.ru|taxi-ug.ru|taxi24online.ru|city2city.ru|transfers.unitaxi.ru|vse-taxi.com|rustransfer.org|www.xn-----7kcbaaphbhdai9a3awnjra5bnrctq.xn--p1ai|mezhgorod-rf.ru|taxi-russia.su|taxi.drive-luxe.ru|kiwitaxi.ru|mejgorod-taxi.ru|jupiter-tmc.ru|www.taxi-love.ru|taxi-lider64.ru|taxivezde.ru|saratov.aeroport-simferopol.taxi;Саратов;Самара;12300
krasnoyarsk-zheleznogorsk;old;89;3;SEO;F_AUTOPILOT;SEO автопилот;SEO_AUTOPILOT;2;18;0;1taxopark.ru|kiwitaxi.ru|city2city.ru|www.taxi2000.ru|taxivezde.ru|www.avito.ru|2gis.ru|transfers.unitaxi.ru|taksi-gorod.ru|taxi.drive-luxe.ru|www.mezhgorod.taxi|yandex.ru|vse-taxi.com|catalogtaksi.ru|mezhgorod-taksi.ru|airport-service-taxi.ru|deshevotaxi.ru|taxomarket.ru|taksi-aeroport.clients.site|ecodomtaxi.ru|perevozka24.com|taxi-nomera.ru|www.rome2rio.com|taxi-krasnoyarsk-krasnoyarsk-krai-ru.taxigator.ru|ubitaxi.ru|ru-travel.org|xn--80atblfjdfd2l.xn--80akxkdedu.xn--p1acf|zoon.ru|taxicity26.ru|www.yell.ru;Красноярск;Железногорск;3000
kemerovo-belovo;old;89;;SEO;F_AUTOPILOT;SEO автопилот;SEO_AUTOPILOT;1;7;0;taxi555.ru|royalcars54.ru|deshevotaxi.ru|catalogtaksi.ru|taxivezde.ru|rustransfer.org|taksi-gorod.ru|kiwitaxi.ru|obltaxi.ru|1taxopark.ru;Кемерово;Белово;3500
kursk-zheleznogorsk;old;89;5;SEO;F_AUTOPILOT;SEO автопилот;SEO_AUTOPILOT;1;22;0;kubtaxi.ru|taxi-ug.ru|catalogtaksi.ru|tratatur.ru|city2city.ru|1taxopark.ru|taxi555.ru|unit-transfer.ru|www.avito.ru|www.mezhgorod.taxi|taxivezde.ru|taxi.drive-luxe.ru|deshevotaxi.ru|obltaxi.ru|rustransfer.org|www.taxi-love.ru|www.rome2rio.com|taxi-nomera.ru|taxi-russia.su|mejgorodtaxi.ru|vse-taxi.com|mezhgorod-taksi.ru|www.xn----7sbkecbh0cgqaodggm2b.xn--p1ai|taksi-gorod.ru|mejgorod-taxi.ru|taksisvo.ru|xn----7sbyhcmnbsdikx.xn--p1ai|www.taxi2000.ru|vrn-taxi.ru|mobilodeon.ru;Курск;Железногорск;4000
elista-moskva;old;88;;DIRECT;H_DIRECT_TEST;Директ тест;DIRECT_TEST;1;6;0;www.avito.ru|vk.com|cvo-taxi.ru|sky-transfer.ru|elista.taksi24.taxi|elista.taxi24h.ru|msk.taxi|taksi-gorod.ru|1taxopark.ru|yandex.ru;Элиста;Москва;38000
ivanovo-shuya;new;87;;DIRECT;H_DIRECT_TEST;Директ тест;POTENTIAL_DIRECT_NEW;20;5;2;go.yandex|catalogtaksi.ru|1taxopark.ru|taksisvo.ru|taxi555.ru|www.taxi2000.ru|xn----7sbyhcmnbsdikx.xn--p1ai|taxi.drive-luxe.ru|rustransfer.org|taxivezde.ru;;;
lipeczk-voronezh;old;87;;SEO;F_AUTOPILOT;SEO автопилот;SEO_AUTOPILOT;1;26;0;kubtaxi.ru|tratatur.ru|kiwitaxi.ru|lipetsk.taxi24h.ru|www.taxi2000.ru|taxi-ug.ru|taksi-gorod.ru|lipetsk.yalta-24.taxi|rustransfer.org|taxi555.ru|taksisvo.ru|lipetsk.taksi24.taxi|taxi.drive-luxe.ru|ug.taxi|transfers.unitaxi.ru|catalogtaksi.ru|taxivezde.ru|1taxopark.ru|taxi533.ru|vk.com|www.mezhgorod.taxi|taxi-russia.su|vse-taxi.com|obltaxi.ru|mejgorod-taxi.ru|taksi-go.ru|ubitaxi.ru|lipetsk.aeroport-simferopol.taxi|taksi-services.ru|www.taxi-love.ru;Липецк;Воронеж;4000
chelyabinsk-moskva;old;87;;DIRECT;H_DIRECT_TEST;Директ тест;DIRECT_TEST;1;7;0;intercity74.ru|www.avito.ru|driver174.ru|ab-taxi.ru|chelyabinsk.taxi24h.ru|ug.taxi|sky-transfer.ru|chelyabinsk.taksi24.taxi|taksi-gorod.ru|ugtaxi.ru;Челябинск;Москва;52500
stavropol-mixajlovsk;old;86;10;SEO;F_AUTOPILOT;SEO автопилот;SEO_AUTOPILOT;1;20;0;kubtaxi.ru|mikhaylovsk1.taximaxim.ru|www.avito.ru|catalogtaksi.ru|taksi-gorod.ru|1taxopark.ru|taxi-ug.ru|taxivezde.ru|2gis.ru|city2city.ru|xn----7sbyhcmnbsdikx.xn--p1ai|ugtaxi.ru|yandex.ru|ab-taxi.ru|taksisvo.ru|tratatur.ru|deshevotaxi.ru|mejgorod-taxi.ru|taxi-nomera.ru|rustransfer.org|vse-taxi.com|www.taxi-love.ru|stavropol.nashaspravka.ru|mikhaylovsk1.taxipoehali.ru|zoon.ru|catalogtaxi.ru|obltaxi.ru|uslugi.yandex.ru|mejgorodtaxi.ru|mezhgorod-taksi.ru;Ставрополь;Михайловск;2000
tula-kaluga;old;86;;SEO;F_AUTOPILOT;SEO автопилот;SEO_AUTOPILOT;1;24;0;kubtaxi.ru|www.taxi-love.ru|tula.taxi24h.ru|sky-transfer.ru|transfer71.com|ug.taxi|taxi-ug.ru|tratatur.ru|tula.taksi24.taxi|taxi-russia.su|1taxopark.ru|taxi24online.ru|xn----7sbbu0aptdhddiv.xn--p1ai|taxi533.ru|catalogtaksi.ru|mejgorod-taxi.ru|m.avito.ru|tula.taxi-krim.com|taxivezde.ru|transfer71.ru|taxi.drive-luxe.ru|rustransfer.org|www.mezhgorod.taxi|taksisvo.ru|tula.yalta-24.taxi|jupiter-tmc.ru|tula.simferopol-aeroport.taxi|taksi-services.ru|ru-travel.org|tula.aeroport-simferopol.taxi;Тула;Калуга;3000
tyumen-yalutorovsk;old;85;10;SEO;F_AUTOPILOT;SEO автопилот;SEO_AUTOPILOT;2;16;0;taxi555.ru|xn--72-glcedg4btat.xn--p1ai|taksisvo.ru|deshevotaxi.ru|rustransfer.org|nexttax.ru|www.taxi2000.ru|www.avito.ru|yandex.ru|city2city.ru|vse-taxi.com|catalogtaksi.ru|jupiter-tmc.ru|takse.ru|taxivezde.ru|taxi.drive-luxe.ru|vk.com|1taxopark.ru|www.taxi-love.ru|ru-travel.org|obltaxi.ru|www.intui.travel|mejgorodtaxi.ru|taxi-nomera.ru|tyumen.nashaspravka.ru|perevozka24.com|www.rome2rio.com|mezhgorod-taksi.ru|taxi-tyumen-tyumen-oblast-ru.taxigator.ru|xn--e1aner7ci.xn--80akxkdedu.xn--p1acf;Тюмень;Ялуторовск;3800
tula-domodedovo;old;85;;SEO;F_AUTOPILOT;SEO автопилот;SEO_AUTOPILOT;2;22;0;www.avito.ru|xn----7sbbu0aptdhddiv.xn--p1ai|tula.taxi24h.ru|tula.taksi24.taxi|taxi555.ru|kubtaxi.ru|transfer71.com|tratatur.ru|wing-taxi.ru|taxi24online.ru|kiwitaxi.ru|xn----7sbyhcmnbsdikx.xn--p1ai|www.taxi2000.ru|rustransfer.org|taxi-ug.ru|tula.taxi-krim.com|1taxopark.ru|transfer71.ru|msk.taxi|transfers.unitaxi.ru|taxivezde.ru|taxi-mobil.ru|www.taximasters.ru|xn----7sbhhaag7bmtbdb7bp.xn--p1ai|ru-travel.org|tula.simferopol-aeroport.taxi|catalogtaksi.ru|www.taxi-rokada.ru|tula.aeroport-simferopol.taxi|taxi-russia.su;Тула;Домодедово;5000
kirov-malmyzh;old;85;22;SEO;F_AUTOPILOT;SEO автопилот;SEO_AUTOPILOT;1;19;0;vk.com|taxi555.ru|taksikirov.ru|xn----7sbyhcmnbsdikx.xn--p1ai|taxivezde.ru|1taxopark.ru|taxi.drive-luxe.ru|taxi-cosmos.ru|www.taxi2000.ru|taxi-russia.su|takse.ru|rustransfer.org|catalogtaksi.ru|taksisvo.ru|obltaxi.ru|www.taxi-love.ru|www.taxi-rokada.ru|taxi-mini.ru|deshevotaxi.ru|mezhgorod-taksi.ru|jupiter-tmc.ru|city2city.ru|yandex.ru|routes43.ru|taxi-nomera.ru|mejgorodtaxi.ru|xn--80aaahzdndlon5ak.xn--p1ai|taxikama.tb.ru|m.avito.ru|www.xn----7sbhwbjc7arfi.xn--p1ai;Киров;Малмыж;8700
voronezh-belyj;new;84;2;SEO;F_AUTOPILOT;SEO автопилот;SEO_AUTOPILOT_NEW;8;16;0;zoon.ru|city2city.ru|www.orgpage.ru|intaxi.ru|deshevotaxi.ru|renta36.ru|taxitops.ru|catalogtaksi.ru|voronezh.yp.ru|spravkataxi.ru;;;
ekaterinburg-yuzhnyj;new;84;;DIRECT;H_DIRECT_TEST;Директ тест;POTENTIAL_DIRECT_NEW;18;9;4;2gis.ru|kiwitaxi.ru|ugtaxi.ru|yandex.ru|radartaxi.ru|transfers.unitaxi.ru|deshevotaxi.ru|catalogtaksi.ru|uslugi.yandex.ru|yekaterinburg.taximaxim.ru;;;
orenburg-salavat;old;84;5;SEO;F_AUTOPILOT;SEO автопилот;SEO_AUTOPILOT;2;18;0;www.avito.ru|vk.com|taksi-gorod.ru|taxi555.ru|city2city.ru|www.taxi2000.ru|rustransfer.org|yandex.ru|taxi533.ru|xn----7sbyhcmnbsdikx.xn--p1ai|taksisvo.ru|1taxopark.ru|taxi.drive-luxe.ru|takse.ru|mezhgorod-rf.ru|taxi-russia.su|taxivezde.ru|jupiter-tmc.ru|vse-taxi.com|catalogtaksi.ru|deshevotaxi.ru|www.taxi-love.ru|1tmehgorod.ru|mejgorodtaxi.ru|obltaxi.ru|www.blablacar.ru|sky-transfer.ru|orenburg-ufa.ru|taksi-prestizh--102.clients.site|taxi56ru.ru;Оренбург;Салават;6300
irkutsk-usole-sibirskoe;old;84;6;SEO;F_AUTOPILOT;SEO автопилот;SEO_AUTOPILOT;1;6;0;catalogtaksi.ru|taksi-gorod.ru|deshevotaxi.ru|rustransfer.org|www.transfer38.ru|city2city.ru|takse.ru|www.avito.ru|ru-travel.org|vse-taxi.com;Иркутск;Усолье-Сибирское;3800
moskva-leninskoe;new;83;;DIRECT;H_DIRECT_TEST;Директ тест;POTENTIAL_DIRECT_NEW;10;16;2;ugtaxi.ru|www.mezhgorod.taxi|sky-transfer.ru|taxi.yandex.ru|moskva.taxideshevo.com|taksi777.ru|taximoskva.com|taksisvo.ru|xn----7sbyhcmnbsdikx.xn--p1ai|wing-taxi.ru;;;
novosibirsk-gorno-altaysk;new;83;13;SEO;F_AUTOPILOT;SEO автопилот;SEO_AUTOPILOT_NEW;12;10;0;sky-transfer.ru|royalcars54.ru|www.avito.ru|starcars54.ru|taxi555.ru|aa-go.ru|abv-auto.com|ugtravel.ru|willway.ru|kiwitaxi.ru;;;
ivanovo-kineshma;old;83;9;SEO;F_AUTOPILOT;SEO автопилот;SEO_AUTOPILOT;1;6;0;taxi555.ru|www.taxi2000.ru|1taxopark.ru|catalogtaksi.ru|xn----7sbyhcmnbsdikx.xn--p1ai|www.avito.ru|deshevotaxi.ru|taksisvo.ru|city2city.ru|rustransfer.org;Иваново;Кинешма;3800
shelehov-irkutsk;old;83;6;SEO;F_AUTOPILOT;SEO автопилот;SEO_AUTOPILOT;0;15;0;catalogtaksi.ru|yandex.ru|2gis.ru|taksi-gorod.ru|rustransfer.org|city2city.ru|deshevotaxi.ru|shelekhov.taximaxim.ru|vse-taxi.com|uslugi.yandex.ru|ru-travel.org|takse.ru|shelekhov.taxipoehali.ru|www.rome2rio.com|taxi-shelekhov-irkutsk-oblast-ru.taxigator.ru|xn--b1afaxq5br.xn--80akxkdedu.xn--p1acf|perevozka24.com|www.transfer38.ru|mezhgorod-taksi.ru|jupiter-tmc.ru|www.yell.ru|taxomarket.ru|taxi-gid.ru|shelekhov.spravker.ru|taxi-nomera.ru|transfers.unitaxi.ru|intaxi.ru|zoon.ru|express138.ru|vk.com;Шелехов;Иркутск;3000
moskva-izmajlovo;new;82;;DIRECT;H_DIRECT_TEST;Директ тест;POTENTIAL_DIRECT_NEW;10;13;3;yandex.ru|oldtaxi.ru|nyt.ru|taximoskva.com|2gis.ru|www.yell.ru|taxi-mobil.ru|taxi.yandex.ru|ugtaxi.ru|www.taxi-accord.ru;;;
ufa-blagoveshhensk;old;82;11;DIRECT;H_DIRECT_TEST;Директ тест;DIRECT_TEST;1;22;0;go.yandex|sky-transfer.ru|taxiufa.ru|taximini-ufa.ru|taksisvo.ru|taxi555.ru|toptaxi.org|taxi24online.ru|yandex.ru|www.avito.ru|city2city.ru|taxivezde.ru|www.rome2rio.com|taxi.drive-luxe.ru|catalogtaksi.ru|taksi-gorod.ru|taxibulgakovo.ru|taxi-mini.ru|mezhgorod-rf.ru|taxiufablagoveshensk.turbo.site|obltaxi.ru|deshevotaxi.ru|2gis.ru|mejgorodtaxi.ru|taxiufa.su|vse-taxi.com|taxi902.ru|taxiufa.com|vk.com|www.transfer02.ru;Уфа;Благовещенск;193400
ekaterinburg-magnitogorsk;old;82;;DIRECT;H_DIRECT_TEST;Директ тест;DIRECT_TEST;2;3;0;yandex.ru|2gis.ru|www.tourister.ru|www.avito.ru|kiwitaxi.ru|taxi-avantime.ru|willway.ru|transfers.unitaxi.ru|uslugi.yandex.ru|ekaterinburg.rustransfer.org;международный аэропорт Кольцово Екатеринбург;Магнитогорск;15400
samara-syzran;old;82;16;SEO;F_AUTOPILOT;SEO автопилот;SEO_AUTOPILOT;2;21;0;www.avito.ru|dzen.ru|1taxopark.ru|samara.sky-transfer.ru|xn----7sbabxukdmwuiegm.xn--p1ai|taxi533.ru|taksisvo.ru|taksi-gorod.ru|kiwitaxi.ru|vse-taxi.com|mezhgorod-rf.ru|taxi-samara.su|xn----7sbyhcmnbsdikx.xn--p1ai|unit-transfer.ru|taxi555.ru|city2city.ru|taxi.yandex.ru|catalogtaksi.ru|vk.com|mejgorod-taxi.ru|taxi-cosmos.ru|taxivezde.ru|www.mezhgorod.taxi|perevozchik163.ru|obltaxi.ru|www.taxi-love.ru|taxikawai.ru|mejgorodtaxi.ru|transfers.unitaxi.ru|deshevotaxi.ru;Самара;Сызрань;5600
kemerovo-prokopevsk;old;81;4;SEO;F_AUTOPILOT;SEO автопилот;SEO_AUTOPILOT;0;7;0;royalcars54.ru|sky-transfer.ru|catalogtaksi.ru|city2city.ru|taxi533.ru|www.mezhgorod.taxi|1taxopark.ru|rustransfer.org|taxi555.ru|www.taxi2000.ru;Кемерово;Прокопьевск;6400
lipeczk-gryazi;old;81;4;SEO;F_AUTOPILOT;SEO автопилот;SEO_AUTOPILOT;1;20;0;go.yandex|kubtaxi.ru|taksi-gorod.ru|city2city.ru|1taxopark.ru|tratatur.ru|taxi555.ru|deshevotaxi.ru|taxi-ug.ru|uslugi.yandex.ru|rustransfer.org|catalogtaksi.ru|taksisvo.ru|xn----7sbyhcmnbsdikx.xn--p1ai|taxi.drive-luxe.ru|taxi.yandex.ru|www.mezhgorod.taxi|taxivezde.ru|obltaxi.ru|takse.ru|www.taxi2000.ru|gryazi.taximaxim.ru|ru-travel.org|www.taxi-love.ru|mejgorodtaxi.ru|mb-taxi.ru|mezhdugorodnee-taxi24.ru|2gis.ru|mezhgorod-taksi.ru|m.avito.ru;Липецк;Грязи;3000
orenburg-abdulino;old;80;12;SEO;F_AUTOPILOT;SEO автопилот;SEO_AUTOPILOT;2;18;0;taxi-amt.ru|rustransfer.org|vk.com|taxivezde.ru|taxi555.ru|www.mezhgorod.taxi|taxi.drive-luxe.ru|ab-taxi.ru|yandex.ru|1taxopark.ru|www.taxi2000.ru|city2city.ru|taksisvo.ru|obltaxi.ru|www.taxi-rokada.ru|mejgorodtaxi.ru|takse.ru|www.taxi-love.ru|taxi-russia.su|catalogtaksi.ru|deshevotaxi.ru|www.intui.travel|taxi-nomera.ru|minibus.biletyplus.ru|www.rome2rio.com|mobilodeon.ru|abdulino-orenburg.orgs.biz|taxi-orenburg-orenburg-oblast-ru.taxigator.ru|www.avito.ru|xn--90aee6admdx.xn--80akxkdedu.xn--p1acf;Оренбург;Абдулино;8400
ekaterinburg-verxnyaya-pyshma;old;80;5;SEO;E_MONITOR;SEO мониторинг;SEO_MONITOR;1;4;0;1taxopark.ru|kiwitaxi.ru|verkhnyaya-pyshma1.taximaxim.ru|taxivezde.ru|city2city.ru|ugtravel.com|2gis.ru|willway.ru|catalogtaksi.ru|www.taxi2000.ru;Екатеринбург;Верхняя Пышма;2000
moskva-pervomajskij;new;79;15;SEO;F_AUTOPILOT;SEO автопилот;SEO_AUTOPILOT_NEW;10;17;2;uslugi.yandex.ru|ugtaxi.ru|taxi-mobil.ru|moskva.taxi24h.ru|taxispeed.ru|moskva.taxideshevo.com|moskva.sevastopol24.taxi|moskva.taksi24.taxi|www.mezhgorod.taxi|taksi-gorod.ru;;;
belgorod-staryj_oskol;new;79;;DIRECT;H_DIRECT_TEST;Директ тест;POTENTIAL_DIRECT_NEW;18;11;0;kubtaxi.ru|tratatur.ru|kiwitaxi.ru|taksi-gorod.ru|taxi555.ru|rustransfer.org|www.mezhgorod.taxi|1taxopark.ru|taksisvo.ru|taxi-cosmos.ru;;;
pskov-pechora;new;79;7;NONE;Z_LOW_PRIORITY;Низкий приоритет (новые);LOW_PRIORITY;22;4;0;taksi-gorod.ru|taxi.drive-luxe.ru|catalogtaksi.ru|xn----7sbyhcmnbsdikx.xn--p1ai|taxivezde.ru|1taxopark.ru|city2city.ru|taxi555.ru|www.mezhgorod.taxi|takse.ru;;;
belgorod-rossosh;old;79;10;SEO;E_MONITOR;SEO мониторинг;SEO_MONITOR;2;5;0;www.avito.ru|kubtaxi.ru|taxi555.ru|levtransfer.ru|youla.ru|tratatur.ru|yandex.ru|rustransfer.org|taxi-cosmos.ru|city2city.ru;Белгород;Россошь;7800
chelyabinsk-zlatoust;old;79;;SEO;E_MONITOR;SEO мониторинг;SEO_MONITOR;2;5;0;intercity74.ru|driver174.ru|www.avito.ru|taxidesyatka.ru|taxi533.ru|taksi-gorod.ru|kiwitaxi.ru|uslugi.yandex.ru|taxi555.ru|catalogtaksi.ru;Челябинск;Златоуст;5000
tomsk-seversk;old;79;15;SEO;F_AUTOPILOT;SEO автопилот;SEO_AUTOPILOT;2;16;0;www.taxi2000.ru|taksi-gorod.ru|taxi555.ru|1taxopark.ru|deshevotaxi.ru|kiwitaxi.ru|catalogtaksi.ru|seversk.taximaxim.ru|rustransfer.org|vse-taxi.com|taxivezde.ru|2gis.ru|www.taxi-love.ru|taxi24online.ru|city2city.ru|taxi.drive-luxe.ru|takse.ru|ru-travel.org|yandex.ru|www.rustore.ru|taxikomfort70.ru|m.avito.ru|mejgorodtaxi.ru|www.rome2rio.com|uslugi.yandex.ru|seversk.spravker.ru|vk.com|taxi-nomera.ru|apps.apple.com|mezhgorod-taksi.ru;Томск;Северск;3000
perm-berezniki;old;79;;SEO;F_AUTOPILOT;SEO автопилот;SEO_AUTOPILOT;3;20;0;www.avito.ru|taxi555.ru|taksisvo.ru|taxi24online.ru|taxi-realtransfer-mejgorod.ru|www.mezhgorod.taxi|taxi533.ru|www.taxi2000.ru|taxi-perm.su|1taxopark.ru|catalogtaksi.ru|deshevotaxi.ru|kiwitaxi.ru|taxivezde.ru|obltaxi.ru|www.intui.travel|rustransfer.org|mezhgorod-rf.ru|transfers.unitaxi.ru|www.taxi-love.ru|vse-taxi.com|yandex.ru|catalogtaxi.ru|perevozka24.com|xn--159-5cd4bl3cf.xn--p1ai|mejgorodtaxi.ru|mobilodeon.ru|xn----7sbyhmmrebi.xn--p1ai|vk.com|transfergid.ru;Пермь;Березники;6000
pskov-pechory;old;79;4;SEO;F_AUTOPILOT;SEO автопилот;SEO_AUTOPILOT;2;18;0;taksi-gorod.ru|xn----7sbyhcmnbsdikx.xn--p1ai|1taxopark.ru|city2city.ru|catalogtaksi.ru|taxi555.ru|taxivezde.ru|taxi.drive-luxe.ru|www.mezhgorod.taxi|www.rome2rio.com|catalogtaxi.ru|www.avito.ru|obltaxi.ru|deshevotaxi.ru|www.taxi2000.ru|takse.ru|rustransfer.org|uslugi.yandex.ru|www.taxi-love.ru|ru-travel.org|mezhgorod-taksi.ru|www.intui.travel|vk.com|vtstaxi.ru|jupiter-tmc.ru|taxi-nomera.ru|mejgorodtaxi.ru|xn--80afdpcl3cf.xn--p1ai|taxi-mezhgorod24.ru|taxi-pskov-pskov-oblast-ru.taxigator.ru;Псков;Печоры;3000
kursk-rylsk;old;79;2;SEO;F_AUTOPILOT;SEO автопилот;SEO_AUTOPILOT;1;20;0;taxi555.ru|city2city.ru|www.taxi2000.ru|catalogtaksi.ru|www.avito.ru|taksi-gorod.ru|taksisvo.ru|1taxopark.ru|xn----7sbyhcmnbsdikx.xn--p1ai|www.mezhgorod.taxi|taxi-cosmos.ru|taxi.drive-luxe.ru|unit-transfer.ru|deshevotaxi.ru|takse.ru|korona-taksi.ru|www.taxi-love.ru|www.rome2rio.com|obltaxi.ru|mezhgorod-rf.ru|www.taxi-rokada.ru|rustransfer.org|taxi-russia.su|uslugi.yandex.ru|taxi-kursk-kursk-oblast-ru.taxigator.ru|yandex.ru|mejgorodtaxi.ru|mezhgorod-taksi.ru|taxiregionika.ru|ok.ru;Курск;Рыльск;4500
tula-tulskij;new;78;;DIRECT;H_DIRECT_TEST;Директ тест;POTENTIAL_DIRECT_NEW;19;5;4;tula.taximaxim.ru|catalogtaksi.ru|tula.taxipoehali.ru|taxi.yandex.ru|vezet.ru|2gis.ru|yandex.ru|www.avito.ru|uslugi.yandex.ru|drivee.com;;;
ulyanovsk-zavolzhskoe;new;78;10;NONE;Z_LOW_PRIORITY;Низкий приоритет (новые);LOW_PRIORITY;17;5;3;yandex.ru|2gis.ru|www.yell.ru|zoon.ru|ulyanovsk.spravker.ru|taxi.yandex.ru|ulyanovsk.taxovichkof.ru|ulyanovsk.taximaxim.ru|ulyanovsk.jsprav.ru|city2city.ru;;;
nizhnij-novgorod-vyksa;old;78;;SEO;F_AUTOPILOT;SEO автопилот;SEO_AUTOPILOT;3;19;0;taxigorkovskoe.ru|kiwitaxi.ru|taxi-russia.su|taxivezde.ru|catalogtaksi.ru|taxi555.ru|www.taxi2000.ru|taksisvo.ru|www.avito.ru|taxi.drive-luxe.ru|1taxopark.ru|obltaxi.ru|rustransfer.org|takse.ru|deshevotaxi.ru|minivan-nn.ru|mezhgorod-rf.ru|www.taxi-love.ru|diveevo-transfer.ru|mejgorodtaxi.ru|www.rome2rio.com|www.intui.travel|taxomarket.ru|mb-taxi.ru|perevozka24.com|mezhgorod-taksi.ru|taximezhgorod24.ru|mobilodeon.ru|www.transfer152.ru|minivan-go.ru;Нижний Новгород;Выкса;5500
ekaterinburg-alapaevsk;old;78;9;SEO;F_AUTOPILOT;SEO автопилот;SEO_AUTOPILOT;0;5;0;taxi555.ru|taxivezde.ru|catalogtaksi.ru|xn-----6kccfjdehdbgxjti1a2ala5bhdewr6a.xn--p1ai|1taxopark.ru|xn----7sbyhcmnbsdikx.xn--p1ai|willway.ru|taksisvo.ru|city2city.ru|taksi-gorod.ru;Екатеринбург;Алапаевск;5300
kostroma-nerexta;old;78;;SEO;F_AUTOPILOT;SEO автопилот;SEO_AUTOPILOT;0;22;0;deshevotaxi.ru|catalogtaksi.ru|www.taxi2000.ru|transfers.unitaxi.ru|taxi555.ru|xn----7sbyhcmnbsdikx.xn--p1ai|rustransfer.org|taksisvo.ru|taxi.drive-luxe.ru|1taxopark.ru|taxivezde.ru|obltaxi.ru|www.taxi-rokada.ru|takse.ru|mezhgorod-taksi.ru|mejgorodtaxi.ru|www.taxi-love.ru|ru-travel.org|taxi-kostroma-kostroma-oblast-ru.taxigator.ru|kostroma.nashaspravka.ru|taxi-nomera.ru|taksi-services.ru|ubitaxi.ru|uslugi.yandex.ru|zoon.ru|kostroma.taximaxim.ru|transfer44.ru|mezhdugorodnee-taksi.ru|y-taxi.ru|www.rome2rio.com;Кострома;Нерехта;2000
chelyabinsk-tyumen;old;78;10;DIRECT;H_DIRECT_TEST;Директ тест;DIRECT_TEST;1;5;0;www.avito.ru|intercity74.ru|driver174.ru|taxidesyatka.ru|taksi-gorod.ru|1taxopark.ru|rustransfer.org|taxivezde.ru|taxi533.ru|city2city.ru;Челябинск;Тюмень;12600
kemerovo-tomsk;old;78;9;SEO;E_MONITOR;SEO мониторинг;SEO_MONITOR;2;5;0;royalcars54.ru|www.avito.ru|sky-transfer.ru|taksi-gorod.ru|taxi555.ru|kiwitaxi.ru|rustransfer.org|1taxopark.ru|city2city.ru|taxi533.ru;Кемерово;Томск;6200
sankt-peterburg-podporozhe;new;77;;DIRECT;H_DIRECT_TEST;Директ тест;POTENTIAL_DIRECT_NEW;15;13;2;taxideshevo.com|vk.com|taxi555.ru|taksisvo.ru|yandex.ru|ab-taxi.ru|www.mezhgorod.taxi|unit-transfer.ru|taxivezde.ru|www.taxi2000.ru;;;
krasnoyarsk-achinsk;old;77;6;SEO;F_AUTOPILOT;SEO автопилот;SEO_AUTOPILOT;3;17;0;taxi555.ru|catalogtaksi.ru|taksi-gorod.ru|kiwitaxi.ru|rustransfer.org|city2city.ru|1taxopark.ru|vse-taxi.com|deshevotaxi.ru|supl.biz|transfers.unitaxi.ru|jupiter-tmc.ru|obltaxi.ru|www.avito.ru|www.taxi-love.ru|taxivezde.ru|ru-travel.org|unit21.ru|www.intui.travel|mezhgorod-taksi.ru|taxi-krasnoyarsk-krasnoyarsk-krai-ru.taxigator.ru|taxi-nomera.ru|taksiporossii.ru|taxomarket.ru|transfer124.ru|taxi.drive-luxe.ru|takse.ru|xn--24-6kchk7b2h.xn--p1ai|zakazattaxi.ru|go.yandex;Красноярск;Ачинск;5600
ufa-birsk;old;77;14;SEO;F_AUTOPILOT;SEO автопилот;SEO_AUTOPILOT;2;18;0;go.yandex|www.avito.ru|taxi555.ru|kiwitaxi.ru|uslugi.yandex.ru|taksi-ufa.ru|rustransfer.org|taksisvo.ru|taxi24online.ru|taksi-gorod.ru|taxi.drive-luxe.ru|taximini-ufa.ru|taxiufa.ru|city2city.ru|vk.com|mejgorodtaxi.ru|taxivezde.ru|deshevotaxi.ru|catalogtaksi.ru|takse.ru|taxi-mini.ru|birsk-ufa.ru|taxiufabirsk.turbo.site|taxiufa.su|taxi902.ru|taxiufa.com|ru-travel.org|xn----7sbp3acjidhfbkt.su|yandex.ru|www.tourister.ru;Уфа;Бирск;3600
kirov-urzhum;old;76;14;SEO;F_AUTOPILOT;SEO автопилот;SEO_AUTOPILOT;2;18;0;vk.com|taxi555.ru|taksikirov.ru|yandex.ru|taksisvo.ru|xn----7sbyhcmnbsdikx.xn--p1ai|1taxopark.ru|rustransfer.org|vk.link|taxi-mini.ru|taxivezde.ru|www.taxi-rokada.ru|taxi.drive-luxe.ru|city2city.ru|www.taxi2000.ru|mejgorodtaxi.ru|www.taxi-love.ru|taxi-russia.su|www.rome2rio.com|catalogtaksi.ru|routes43.ru|mezhgorod-taksi.ru|taxiurzhumkirov43.orgs.biz|deshevotaxi.ru|taxi-nomera.ru|takse.ru|m.avito.ru|www.intui.travel|taksi-gorod.ru|xn--80aaahzdndlon5ak.xn--p1ai;Киров;Уржум;6000
mariupol-rostov-na-don;old;76;;SEO;F_AUTOPILOT;SEO автопилот;SEO_AUTOPILOT;1;19;0;taxi-ignat.ru|taxi977.ru|yandex.ru|taxi-inter.ru|uslugi.yandex.ru|xn--80aqjbmffz8f.net|www.avito.ru|www.don-taxi.ru|mariupol.faeton24.ru|statustaxi.online|arteltaxi.ru|taxi505.ru|m.ok.ru|ignattaxi.tvoe.taxi|kartataxi.ru|t.me|perevozka24.com|vk.com|taxitelephone.ru|taxi636.ru|xn----8sbyhh7ae4e.xn--p1ai|www.rustore.ru|mariupol.taxi24h.ru|taksi-gorod.ru|mariupol.taksi24.taxi|taxi666.ru|taxieconom.ru|deshevotaxi.ru|taxi-nomer.ru|mezhgorod-rf.ru;Мариуполь;Ростов-на-Дону;5500
volgograd-astraxan;new;75;;DIRECT;H_DIRECT_TEST;Директ тест;POTENTIAL_DIRECT_NEW;10;18;0;volgograd.taxi24h.ru|www.avito.ru|kubtaxi.ru|tratatur.ru|volgograd.taksi24.taxi|ugtaxi.ru|kiwitaxi.ru|taksi-gorod.ru|taxi-ug.ru|taxi-bereg.ru;;;
ryazan-domodedovo;new;75;;DIRECT;H_DIRECT_TEST;Директ тест;POTENTIAL_DIRECT_NEW;12;13;2;rzn-transfer.ru|www.avito.ru|uslugi.yandex.ru|yandex.ru|transfer-rzn-62.ru|ryazan.taxi24h.ru|xn--62-6kcu3afovo.xn--p1ai|xn--62-6kcu3bqdgfy.xn--p1ai|ryazan.yalta-24.taxi|kubtaxi.ru;;;
yaroslavl-tutaev;old;75;;SEO;F_AUTOPILOT;SEO автопилот;SEO_AUTOPILOT;3;18;0;kiwitaxi.ru|1taxopark.ru|taxi.drive-luxe.ru|taxi555.ru|taksisvo.ru|www.taxi2000.ru|taxivezde.ru|catalogtaksi.ru|xn----7sbyhcmnbsdikx.xn--p1ai|takse.ru|deshevotaxi.ru|obltaxi.ru|www.taxi-love.ru|www.rome2rio.com|mejgorodtaxi.ru|taxi-nomera.ru|2gis.ru|taxi-yaroslavl-yaroslavl-oblast-ru.taxigator.ru|ru-travel.org|taxi499.ru|www.intui.travel|mezhgorod-taksi.ru|taksi-services.ru|uslugi.yandex.ru|www.avito.ru|rustransfer.org|mezhdugorodnee-taxi24.ru|mobilodeon.ru|xn--80aezclli6gta.xn--80akxkdedu.xn--p1acf|mezhdugorodnee-taksi.ru;Ярославль;Тутаев;2000
barnaul-novoaltaysk;old;75;;SEO;F_AUTOPILOT;SEO автопилот;SEO_AUTOPILOT;0;7;0;deshevotaxi.ru|willway.ru|taxi555.ru|taksi-gorod.ru|1taxopark.ru|ab-taxi.ru|catalogtaksi.ru|takse.ru|rustransfer.org|taxivezde.ru;Барнаул;Новоалтайск;2000
krasnodar-temryuk;new;74;10;SEO;F_AUTOPILOT;SEO автопилот;SEO_AUTOPILOT_NEW;7;21;0;taxi-ug.ru|kubtaxi.ru|tratatur.ru|taxi.ugtravel.com|taxi-krasnodar-aeroport.ru|www.avito.ru|ugtaxi.ru|kiwitaxi.ru|willway.ru|city2city.ru;;;
yaroslavl-ivanovo;new;74;;DIRECT;H_DIRECT_TEST;Директ тест;POTENTIAL_DIRECT_NEW;14;14;0;yaroslavl.taxi24h.ru|www.avito.ru|kiwitaxi.ru|yatransfer76.ru|taxi-russia.ru|yaroslavl.sevastopol24.taxi|xn----7sbbhbow1bfkbndml0b.xn--p1ai|taxi555.ru|1taxopark.ru|taxi533.ru;;;
ekaterinburg-severouralsk;old;74;2;DIRECT;H_DIRECT_TEST;Директ тест;DIRECT_TEST;0;5;0;taxi555.ru|city2city.ru|vk.com|nexttax.ru|rustransfer.org|taxivezde.ru|1taxopark.ru|www.taxi2000.ru|taxi.drive-luxe.ru|takse.ru;Екатеринбург;Североуральск;13200
vladimir-ivanovo;old;74;;SEO;F_AUTOPILOT;SEO автопилот;SEO_AUTOPILOT;2;22;0;taxi555.ru|catalogtaksi.ru|uslugi.yandex.ru|vladimir.taksi24.taxi|vladimir.taxi24h.ru|www.transfer33.ru|xn--33-6kcu3bqdcefbvh.xn--p1ai|taxi533.ru|taxi24online.ru|vladimir.sevastopol24.taxi|rustransfer.org|taxivezde.ru|xn----7sbbhbow1bfkbndml0b.xn--p1ai|kiwitaxi.ru|transfer-vlad33.ru|mezhgorod-rf.ru|www.mezhgorod.taxi|taksisvo.ru|www.taxi-love.ru|taxi.drive-luxe.ru|mejgorod-taxi.ru|jupiter-tmc.ru|transfers.unitaxi.ru|ru-travel.org|mezhgorod-taksi.ru|vse-taxi.com|taxi-russia.su|taxigorkovskoe.ru|www.avito.ru|vladimir.taxi-krim.com;Владимир;Иваново;3500
izhevsk-moskva;old;74;;DIRECT;H_DIRECT_TEST;Директ тест;DIRECT_TEST;1;9;0;www.avito.ru|izhevsk.taxi24h.ru|taxi-izhevsk.ru|ugtaxi.ru|cvo-taxi.ru|wing-taxi.ru|taksi-gorod.ru|taxi533.ru|taxi24online.ru|taxi555.ru;Ижевск;Москва;35500
samara-novokuybyshevsk;old;74;8;SEO;F_AUTOPILOT;SEO автопилот;SEO_AUTOPILOT;2;18;0;taxi.drive-luxe.ru|taxi555.ru|1taxopark.ru|yandex.ru|taksi-gorod.ru|www.xn-----7kcbaaphbhdai9a3awnjra5bnrctq.xn--p1ai|taksisvo.ru|city2city.ru|unit-transfer.ru|deshevotaxi.ru|kiwitaxi.ru|rustransfer.org|www.mezhgorod.taxi|catalogtaksi.ru|mejgorod-taxi.ru|vse-taxi.com|dzen.ru|taxivezde.ru|takse.ru|m.avito.ru|www.taxi-love.ru|obltaxi.ru|samara-airport.com|ru-travel.org|uslugi.yandex.ru|taxi.yandex.ru|taxi-nomera.ru|taxi-samara-samara-oblast-ru.taxigator.ru|transfers.unitaxi.ru|2gis.ru;Самара;Новокуйбышевск;3000
stavropol-mineralnye-vody;old;74;12;SEO;F_AUTOPILOT;SEO автопилот;SEO_AUTOPILOT;2;23;0;go.yandex|www.avito.ru|kubtaxi.ru|stavropol.taxi24h.ru|taxi-minvodi-aeroport.ru|tratatur.ru|perfect-taxi.ru|stavropol.taksi24.taxi|kiwitaxi.ru|uslugi.yandex.ru|taxi-ug.ru|city2city.ru|taxi.transferplustravel.com|autoyellow.ru|ugtaxi.ru|stavropol.taxi-krim.com|taxi-more.ru|ug.taxi|taksi-gorod.ru|stavropol.aeroport-simferopol.taxi|stavtransfer.ru|taxi-russia.su|sochi.taxi|catalogtaksi.ru|deshevotaxi.ru|vse-taxi.com|den-taxi.ru|transfers.unitaxi.ru|skytaxi-kmv.ru|transfer-stavropol.ru;Ставрополь;Минеральные Воды;5800
oryol-livny;old;73;3;SEO;F_AUTOPILOT;SEO автопилот;SEO_AUTOPILOT;1;19;0;vk.com|catalogtaksi.ru|city2city.ru|taksi-gorod.ru|1taxopark.ru|taxi555.ru|taxi.drive-luxe.ru|ok.ru|yandex.ru|taksisvo.ru|www.taxi2000.ru|obltaxi.ru|taxivezde.ru|taxi-russia.su|www.rome2rio.com|mobilodeon.ru|mejgorodtaxi.ru|rustransfer.org|deshevotaxi.ru|uslugi.yandex.ru|mezhgorod-taksi.ru|taksi-services.ru|www.avito.ru|www.taxi-love.ru|taxi-mezhgorod24.ru|taksi-orel-livny.clients.site|xn--e1amhi.xn--80akxkdedu.xn--p1acf|perevozka24.com|takse.ru|ru.taxigator.ru;Орёл;Ливны;5000
ekaterinburg-beloreczk;old;73;;DIRECT;H_DIRECT_TEST;Директ тест;DIRECT_TEST;1;5;0;vk.com|www.avito.ru|taksi-ekb.ru|taxi555.ru|1taxopark.ru|www.taxi2000.ru|taxi.drive-luxe.ru|taksisvo.ru|yandex.ru|nexttax.ru;Екатеринбург;Белорецк;53700
nizhnij-novgorod-gorodecz;old;73;4;SEO;F_AUTOPILOT;SEO автопилот;SEO_AUTOPILOT;2;18;0;go.yandex|taxigorkovskoe.ru|taxi555.ru|city2city.ru|www.avito.ru|minivan-nn.ru|www.taxi2000.ru|taksisvo.ru|1taxopark.ru|obltaxi.ru|diveevo-transfer.ru|taksi-gorod.ru|catalogtaksi.ru|mezhgorod-rf.ru|takse.ru|taxi.drive-luxe.ru|rustransfer.org|vse-taxi.com|taxivezde.ru|deshevotaxi.ru|mejgorodtaxi.ru|www.taxi-love.ru|www.intui.travel|mb-taxi.ru|taximezhgorod24.ru|taxomarket.ru|transfergid.ru|uslugi.yandex.ru|xn--80aesgcvcug0d.su|vk.com;Нижний Новгород;Городец;3000
moskva-chelyabinsk;old;73;;DIRECT;H_DIRECT_TEST;Директ тест;DIRECT_TEST;1;25;0;moskva.taxi24h.ru|ugtaxi.ru|sky-transfer.ru|ug.taxi|www.avito.ru|ab-taxi.ru|msk.taxi|taksi-gorod.ru|moskva.taksi24.taxi|cabway.ru|unit-transfer.ru|1taxopark.ru|moskva.sevastopol24.taxi|intercity74.ru|oldtaxi.ru|taksisvo.ru|www.taximasters.ru|www.mezhgorod.taxi|wing-taxi.ru|taxivezde.ru|taxi-cosmos.ru|www.taxi-love.ru|mejgorod-taxi.ru|moskva.aeroport-simferopol.taxi|taksi777.ru|www.100mtaxi.ru|transferug.ru|radartaxi.ru|vse-taxi.com|unit21.ru;Москва;Челябинск;52500
krasnodar-belyj;new;72;;DIRECT;H_DIRECT_TEST;Директ тест;POTENTIAL_DIRECT_NEW;13;11;3;yandex.ru|www.avito.ru|xn--80abmqgd3aj9g.xn--p1ai|kubtaxi.ru|2gis.ru|taxi.yandex.ru|catalogtaxi.ru|catalogtaksi.ru|kuban.ayle.ru|igormylnikovchannel.ru;;;
krasnodar-feodosiya;new;72;;DIRECT;H_DIRECT_TEST;Директ тест;POTENTIAL_DIRECT_NEW;4;24;1;kubtaxi.ru|taxi-ug.ru|www.avito.ru|tratatur.ru|yandex.ru|krasnodar.feodosiya.taxi|krasnodar.sky-transfer.ru|krasnodar.taxi24h.ru|ugtaxi.ru|perfect-taxi.ru;;;
astraxan-moskva;old;72;;DIRECT;H_DIRECT_TEST;Директ тест;DIRECT_TEST;1;8;0;www.avito.ru|ug.taxi|taxi555.ru|kubtaxi.ru|cvo-taxi.ru|astrahan.taxi-krim.com|tratatur.ru|astrahan.taxi24h.ru|taxi-ug.ru|astrahan.taksi24.taxi;Астрахань;Москва;41800
kyzyl-abakan;old;72;7;DIRECT;H_DIRECT_TEST;Директ тест;DIRECT_TEST;1;12;0;vk.com|rustransfer.org|mezhgorod-rf.ru|taxi533.ru|www.avito.ru|yandex.ru|city2city.ru|jupiter-tmc.ru|takse.ru|deshevotaxi.ru|mejgorodtaxi.ru|vse-taxi.com|ru-travel.org|catalogtaksi.ru|www.rome2rio.com|perevozka24.com|taxi-nomera.ru|minibus.biletyplus.ru|transfergid.ru|zoon.ru|2gis.ru|mezhgorod-taksi.ru|xn--g1afe6db.xn--80akxkdedu.xn--p1acf|tuva.ayle.ru|abakan-transfer.ru|uslugi.yandex.ru|xn-----6kcbaaf5cctfcoy6cn0ob.xn--p1ai|zakazattaxi.ru|car4you.su|nomerki.top;Кызыл;Абакан;11700
moskva-michurinsk;new;71;;DIRECT;H_DIRECT_TEST;Директ тест;POTENTIAL_DIRECT_NEW;10;18;0;taxi555.ru|sky-transfer.ru|taxi-mobil.ru|www.taxi2000.ru|www.mezhgorod.taxi|ab-taxi.ru|ugtaxi.ru|1taxopark.ru|tratatur.ru|xn----7sbyhcmnbsdikx.xn--p1ai;;;
moskva-vodnyj;new;71;;DIRECT;H_DIRECT_TEST;Директ тест;POTENTIAL_DIRECT_NEW;12;7;2;vodnoetaxi.ru|ugtaxi.ru|taxi555.ru|taximoskva.com|nyt.ru|zoon.ru|oldtaxi.ru|1taxopark.ru|www.yell.ru|yandex.ru;;;
saratov-penza;old;71;;SEO;F_AUTOPILOT;SEO автопилот;SEO_AUTOPILOT;2;25;0;www.avito.ru|sky-transfer.ru|saratov.yalta-24.taxi|saratov.taksi24.taxi|tratatur.ru|kiwitaxi.ru|taxi-ug.ru|saratov.taxi24h.ru|kubtaxi.ru|www.taxi2000.ru|taksi-gorod.ru|taxi533.ru|1taxopark.ru|saratov.taxi-krim.com|rustransfer.org|taxi24online.ru|taxivezde.ru|mezhgorod-rf.ru|taxi-cosmos.ru|taksisvo.ru|taxi.drive-luxe.ru|www.mezhgorod.taxi|catalogtaksi.ru|taxi-russia.su|ug.taxi|www.taxi-love.ru|transfers.unitaxi.ru|mejgorod-taxi.ru|obltaxi.ru|mb-taxi.ru;Саратов;Пенза;7000
moskva-dubna;old;71;;SEO;F_AUTOPILOT;SEO автопилот;SEO_AUTOPILOT;2;22;0;www.taxi2000.ru|taxi-mobil.ru|ab-taxi.ru|taxi-russia.ru|taxi555.ru|oldtaxi.ru|xn----7sbyhcmnbsdikx.xn--p1ai|ugtaxi.ru|taximoskva.com|wing-taxi.ru|kiwitaxi.ru|1taxopark.ru|taksi-gorod.ru|www.taxi-love.ru|www.mezhgorod.taxi|taksisvo.ru|www.avito.ru|www.taxi-rokada.ru|ugtravel.ru|taxivezde.ru|mejgorod-taxi.ru|taxispeed.ru|drive-luxe.ru|xn--80aqf2ac.xn--c1acbe2apap.xn--80adxhks|uslugi.yandex.ru|mezhgorod.taxi-ekvator.ru|mos.taxitoday.ru|www.100mtaxi.ru|logitaxi.ru|deshevotaxi.ru;Москва;Дубна;4000
hanty-mansijsk-njagan;old;71;3;SEO;F_AUTOPILOT;SEO автопилот;SEO_AUTOPILOT;0;6;0;www.mezhgorod.taxi|catalogtaksi.ru|city2city.ru|vse-taxi.com|rustransfer.org|www.taxi2000.ru|sky-transfer.ru|takse.ru|1taxopark.ru|yandex.ru;Ханты-Мансийск;Нягань;8700
lugansk-volgograd;old;70;;DIRECT;H_DIRECT_TEST;Директ тест;DIRECT_TEST;1;15;0;estlugansk.ru|lugansk.taxi|yandex.ru|600.taxi|www.avito.ru|dzen.ru|959.xn--p1ai|arteltaxi.ru|vk.com|uslugi.yandex.ru|ok.ru|taxi-alliance.turbo.site|deshevotaxi.ru|t.me|www.rustore.ru|perevozka24.com|horeca-lg.ru|taksi-gorod.ru|taxigoroda.ru|apps.apple.com|lugansk.sky-transfer.ru|lugansk.taksi24.taxi|lugansk.taxi24h.ru|lugansk.taxiarkadiya.ru|takse.ru|taxi-lugansk.ru|taxi-lnr.ru|zvs-lg.ru|434.taxi|xn-----6kcbqgcdjrv0afza5ajp5i.xn--p1ai;Луганск;Волгоград;13800
krasnoyarsk-kansk;old;70;2;SEO;F_AUTOPILOT;SEO автопилот;SEO_AUTOPILOT;3;16;0;www.avito.ru|city2city.ru|taxi555.ru|taksi-gorod.ru|1taxopark.ru|kiwitaxi.ru|rustransfer.org|taxivezde.ru|takse.ru|catalogtaksi.ru|deshevotaxi.ru|obltaxi.ru|vse-taxi.com|www.taxi-love.ru|jupiter-tmc.ru|taxi-krasnoyarsk-krasnoyarsk-krai-ru.taxigator.ru|www.intui.travel|krasnoyarsk.sky-transfer.ru|www.rome2rio.com|uslugio.com|xn--80atblfjdfd2l.xn--80akxkdedu.xn--p1acf|mezhgorod-taksi.ru|xn--24-6kchk7b2h.xn--p1ai|uslugi.yandex.ru|vk.com|2gis.ru|kansk.taximaxim.ru|perevozka24.com|taxi-nomera.ru|taxi-gid.ru;Красноярск;Канск;6900
kazan-innopolis;old;70;;SEO;F_AUTOPILOT;SEO автопилот;SEO_AUTOPILOT;1;5;0;taksisvo.ru|kiwitaxi.ru|uslugi.yandex.ru|go.ridence.ru|transfer-kazan.ru|taksi-gorod.ru|t.me|ru-travel.org|rustransfer.org|transfers.unitaxi.ru;Казань;Иннополис;2000
ekaterinburg-asbest;old;70;6;SEO;F_AUTOPILOT;SEO автопилот;SEO_AUTOPILOT;0;5;0;go.yandex|taxivezde.ru|1taxopark.ru|takse.ru|catalogtaksi.ru|city2city.ru|www.taxi2000.ru|willway.ru|www.mezhgorod.taxi|taxi24online.ru;Екатеринбург;Асбест;3800
oryol-mczensk;old;70;2;SEO;F_AUTOPILOT;SEO автопилот;SEO_AUTOPILOT;1;19;0;go.yandex|city2city.ru|catalogtaksi.ru|1taxopark.ru|taksi-gorod.ru|www.mezhgorod.taxi|vk.com|taksisvo.ru|obltaxi.ru|takse.ru|taxivezde.ru|rustransfer.org|taxi.drive-luxe.ru|vse-taxi.com|deshevotaxi.ru|mejgorodtaxi.ru|mezhgorod-taksi.ru|www.avito.ru|www.taxi-rokada.ru|taksi-services.ru|www.taxi-love.ru|taxi-oryol-oryol-oblast-ru.taxigator.ru|jupiter-tmc.ru|ru-travel.org|orel.nashaspravka.ru|taxi-nomera.ru|mobilodeon.ru|taxi-mezhgorod24.ru|mezhdugorodnee-taksi.ru|xn--e1amhi.xn--80akxkdedu.xn--p1acf;Орёл;Мценск;3000
svo-taxi-volgograd-lugansk;old;70;;DIRECT;H_DIRECT_TEST;Директ тест;DIRECT_TEST;1;24;0;sky-transfer.ru|volgograd.taxi24h.ru|taxi-yugtaxi.ru|www.avito.ru|taxi-cosmos.ru|taksi-gorod.ru|taxi-bereg.ru|kubtaxi.ru|rustransfer.org|ug.taxi|taxi-svobodnoe.ru|taxi533.ru|taxiaero-simferopol.ru|taksisvo.ru|mejgorod-taxi.ru|sochi.taxi|takse.ru|volgograd.simferopol-aeroport.taxi|xn--b1afanhqckwdt2czc.xn--p1ai|ru-travel.org|mezhgorod-rf.ru|deshevotaxi.ru|taxi-vizov.ru|catalogtaksi.ru|taksi-tur.ru|minivan-go.ru|mejgorodtaxi.ru|mezhgorod-taksi.ru|taxi-tour.ru|den-taxi.ru;Волгоград;Луганск;14000
irkutsk-cheremxovo;old;69;4;SEO;F_AUTOPILOT;SEO автопилот;SEO_AUTOPILOT;0;6;0;deshevotaxi.ru|taksi-gorod.ru|rustransfer.org|city2city.ru|catalogtaksi.ru|takse.ru|sky-transfer.ru|mezhgorod-taksi.ru|yandex.ru|jupiter-tmc.ru;Иркутск;Черемхово;5200
belgorod-stroitel;old;69;;SEO;F_AUTOPILOT;SEO автопилот;SEO_AUTOPILOT;0;8;0;yandex.ru|1taxopark.ru|taxi.yandex.ru|taxi555.ru|deshevotaxi.ru|taxi.drive-luxe.ru|www.mezhgorod.taxi|catalogtaksi.ru|taxivezde.ru|rustransfer.org;Белгород;Строитель;2000
ivanovo-vichuga;old;69;9;SEO;F_AUTOPILOT;SEO автопилот;SEO_AUTOPILOT;0;8;0;catalogtaksi.ru|1taxopark.ru|taksi-gorod.ru|taxi555.ru|taxi.drive-luxe.ru|deshevotaxi.ru|www.taxi2000.ru|taksisvo.ru|city2city.ru|rustransfer.org;Иваново;Вичуга;3400
irkutsk-slyudyanka;old;69;7;SEO;F_AUTOPILOT;SEO автопилот;SEO_AUTOPILOT;1;6;0;sky-transfer.ru|www.avito.ru|deshevotaxi.ru|supl.biz|taksi-gorod.ru|rustransfer.org|city2city.ru|www.transfer38.ru|ru-travel.org|catalogtaksi.ru;Иркутск;Слюдянка;3800
kirov-kirs;old;69;6;SEO;F_AUTOPILOT;SEO автопилот;SEO_AUTOPILOT;0;19;0;vk.com|1taxopark.ru|taxi555.ru|www.mezhgorod.taxi|taxi-russia.su|city2city.ru|rustransfer.org|deshevotaxi.ru|catalogtaksi.ru|www.taxi-love.ru|yandex.ru|routes43.ru|taksikirov.ru|taxivezde.ru|takse.ru|mejgorodtaxi.ru|mezhgorod-taksi.ru|mobilodeon.ru|taksisvo.ru|www.taxi2000.ru|taxi-mini.ru|xn--80aaahzdndlon5ak.xn--p1ai|taxi-kirov-kirov-oblast-ru.taxigator.ru|obltaxi.ru|delovoy-kirov.ru|xn---40-edd3al3ap.xn--80akxkdedu.xn--p1acf|www.taxi-rokada.ru|taxi.drive-luxe.ru|taxigoroda.ru|kirs.spravker.ru;Киров;Кирс;6300
saratov-volsk;old;69;12;SEO;F_AUTOPILOT;SEO автопилот;SEO_AUTOPILOT;2;23;0;www.avito.ru|taksi-gorod.ru|taxi-ug.ru|kubtaxi.ru|tratatur.ru|www.taxi2000.ru|taxi555.ru|taxi.drive-luxe.ru|www.mezhgorod.taxi|taxi-cosmos.ru|taxi-russia.su|city2city.ru|1taxopark.ru|takse.ru|catalogtaksi.ru|taxi533.ru|deshevotaxi.ru|obltaxi.ru|rustransfer.org|taksisvo.ru|mejgorod-taxi.ru|taxivezde.ru|transfers.unitaxi.ru|jupiter-tmc.ru|www.taxi-love.ru|www.intui.travel|mejgorodtaxi.ru|korona-taksi.ru|perevozka24.com|mezhgorod-taksi.ru;Саратов;Вольск;5100
kazan-chistopol;old;69;;SEO;E_MONITOR;SEO мониторинг;SEO_MONITOR;2;3;0;www.avito.ru|taxi-airport-kazan.ru|yandex.ru|kiwitaxi.ru|www.tourister.ru|2gis.ru|taxw.ru|uslugi.yandex.ru|kazan.rustransfer.org|transfer-kazan.ru;Международный аэропорт Казань;Чистополь;5000
izhevsk-neftekamsk;old;69;8;SEO;E_MONITOR;SEO мониторинг;SEO_MONITOR;2;5;0;taxi-izhevsk.ru|www.avito.ru|kiwitaxi.ru|xn----7sbhlekbng7dgc.xn--p1ai|takse.ru|catalogtaksi.ru|taxi24online.ru|city2city.ru|taxi533.ru|rustransfer.org;Ижевск;Нефтекамск;4700
krasnodar-adler;new;68;;DIRECT;H_DIRECT_TEST;Директ тест;POTENTIAL_DIRECT_NEW;5;23;1;kubtaxi.ru|tratatur.ru|taxi-ug.ru|www.avito.ru|perfect-taxi.ru|kiwitaxi.ru|yandex.ru|taxi-bereg.ru|krasnodar.taxi24h.ru|krasnodar.sky-transfer.ru;;;
tula-leninskoe;new;68;;DIRECT;H_DIRECT_TEST;Директ тест;POTENTIAL_DIRECT_NEW;19;8;2;2gis.ru|yandex.ru|zoon.ru|1taxopark.ru|taxi.drive-luxe.ru|xn----7sbyhcmnbsdikx.xn--p1ai|www.taxi2000.ru|tula.yp.ru|taksisvo.ru|taxivezde.ru;;;
saransk-penza;old;68;5;SEO;F_AUTOPILOT;SEO автопилот;SEO_AUTOPILOT;2;19;0;taxi555.ru|kiwitaxi.ru|catalogtaksi.ru|taxi-russia.su|city2city.ru|taksisvo.ru|taxi.drive-luxe.ru|rustransfer.org|taxivezde.ru|1taxopark.ru|www.avito.ru|obltaxi.ru|jupiter-tmc.ru|transfers.unitaxi.ru|vse-taxi.com|korona-taksi.ru|ru-travel.org|www.taxi-love.ru|taxi-nomera.ru|deshevotaxi.ru|uni-transfers.com|www.rome2rio.com|mezhgorod-taksi.ru|taxi-saransk-mordovia-ru.taxigator.ru|mejgorodtaxi.ru|perevozka24.com|minibus.biletyplus.ru|mobilodeon.ru|vk.com|2gis.ru;Саранск;Пенза;5000
nizhniy_novgorod-arzamas;old;68;9;SEO;F_AUTOPILOT;SEO автопилот;SEO_AUTOPILOT;2;20;0;taxigorkovskoe.ru|unit-transfer.ru|taksi-gorod.ru|minivan-nn.ru|kiwitaxi.ru|taksisvo.ru|transfers.unitaxi.ru|xn----7sbyhcmnbsdikx.xn--p1ai|city2city.ru|taxi555.ru|1taxopark.ru|catalogtaksi.ru|diveevo-transfer.ru|obltaxi.ru|taxivezde.ru|www.mezhgorod.taxi|mejgorod-taxi.ru|mezhgorod-rf.ru|vse-taxi.com|taxi.drive-luxe.ru|taxi-russia.su|www.avito.ru|rustransfer.org|www.taxi-love.ru|mejgorodtaxi.ru|perevozka24.com|deshevotaxi.ru|mobilodeon.ru|taxomarket.ru|jupiter-tmc.ru;Нижний Новгород;Арзамас;4300
penza-saransk;old;68;12;SEO;F_AUTOPILOT;SEO автопилот;SEO_AUTOPILOT;3;19;0;www.avito.ru|rustransfer.org|taxi-russia.su|kiwitaxi.ru|1taxopark.ru|taxi555.ru|jupiter-tmc.ru|taxi.drive-luxe.ru|deshevotaxi.ru|catalogtaksi.ru|www.mezhgorod.taxi|city2city.ru|obltaxi.ru|www.taxi-love.ru|vse-taxi.com|ru-travel.org|transfers.unitaxi.ru|www.intui.travel|taxi-nomera.ru|mejgorodtaxi.ru|mobilodeon.ru|minibus.biletyplus.ru|mezhgorod-rf.ru|xn--80aaahzdndlon5ak.xn--p1ai|taxi-penza-penza-oblast-ru.taxigator.ru|taxivezde.ru|www.taxi2000.ru|ubitaxi.ru|taksisvo.ru|mezhgorod-taksi.ru;Пенза;Саранск;5200
belgorod-shebekino;old;68;;SEO;F_AUTOPILOT;SEO автопилот;SEO_AUTOPILOT;1;5;0;xn----7sbyhcmnbsdikx.xn--p1ai|taxi555.ru|deshevotaxi.ru|www.avito.ru|levtransfer.ru|taksi-gorod.ru|www.mezhgorod.taxi|mezhgorod-rf.ru|vk.com|1taxopark.ru;Белгород;Шебекино;2000
kazan-belebej;old;68;;DIRECT;H_DIRECT_TEST;Директ тест;DIRECT_TEST;0;9;0;taxibelka.ru|kazan.taxiarkadiya.ru|vk.com|ugtaxi.ru|rustransfer.org|www.taxi2000.ru|taxi.drive-luxe.ru|transfer-kazan.ru|www.mezhgorod.taxi|taksisvo.ru;Казань;Белебей;13000
yaroslavl-rostov-velikij;old;68;7;SEO;F_AUTOPILOT;SEO автопилот;SEO_AUTOPILOT;2;23;0;go.yandex|yatransfer76.ru|xn----7sbyhcmnbsdikx.xn--p1ai|taxi555.ru|kiwitaxi.ru|taksisvo.ru|city2city.ru|kubtaxi.ru|catalogtaksi.ru|1taxopark.ru|www.avito.ru|taxivezde.ru|transfers.unitaxi.ru|ugtaxi.ru|ug.taxi|deshevotaxi.ru|taxi-cosmos.ru|www.taxi-love.ru|mezhgorod-taksi.ru|obltaxi.ru|yaroslavl.taxi24h.ru|ubitaxi.ru|yaroslavl.sevastopol24.taxi|taxi-nomera.ru|www.tourister.ru|mejgorodtaxi.ru|taksi-services.ru|mezhdugorodnee-taxi24.ru|taksi-gorod.ru|yaroslavl.simferopol-aeroport.taxi;Ярославль;Ростов;3000
kurgan-chelyabinsk;new;67;30;NONE;Z_LOW_PRIORITY;Низкий приоритет (новые);LOW_PRIORITY;17;9;0;kiwitaxi.ru|taxi555.ru|www.avito.ru|ab-taxi.ru|taxi-russia.su|rustransfer.org|1taxopark.ru|vse-taxi.com|catalogtaksi.ru|www.mezhgorod.taxi;;;
vladimir-kovrov;old;67;;SEO;F_AUTOPILOT;SEO автопилот;SEO_AUTOPILOT;1;22;0;taxi555.ru|xn--33-6kcu3bqdcefbvh.xn--p1ai|taksi-gorod.ru|1taxopark.ru|catalogtaksi.ru|taksisvo.ru|taxi533.ru|transfer-vlad33.ru|mejgorod-taxi.ru|taxivezde.ru|xn----7sbyhcmnbsdikx.xn--p1ai|www.taxi-love.ru|www.avito.ru|deshevotaxi.ru|mezhgorod-rf.ru|www.mezhgorod.taxi|www.taxi2000.ru|mezhgorod-taksi.ru|obltaxi.ru|rustransfer.org|vse-taxi.com|taxi-vladimir-vladimir-oblast-ru.taxigator.ru|mejgorodtaxi.ru|jupiter-tmc.ru|taxi-nomera.ru|taksi-services.ru|uslugi.yandex.ru|mobilodeon.ru|transfer-taxi33.ru|www.autotransfer33.ru;Владимир;Ковров;2500
perm-gubaxa;old;67;14;SEO;F_AUTOPILOT;SEO автопилот;SEO_AUTOPILOT;2;20;0;sky-transfer.ru|www.avito.ru|taxi-perm.su|taxi555.ru|uralavtotaxi.ru|taxi24online.ru|catalogtaksi.ru|takse.ru|www.mezhgorod.taxi|taksi-gorod.ru|obltaxi.ru|taksisvo.ru|1taxopark.ru|city2city.ru|rustransfer.org|taxivezde.ru|taxi.drive-luxe.ru|www.taxi-love.ru|xn----7sbp3acjidhfbkt.su|1tmehgorod.ru|deshevotaxi.ru|vk.com|mejgorodtaxi.ru|mezhgorod-taksi.ru|www.rome2rio.com|www.intui.travel|www.perm-taxi-region.ru|taxi-nomera.ru|taxi-perm-perm-krai-ru.taxigator.ru|mediakub.net;Пермь;Губаха;6300
tula-aleksin;old;67;12;SEO;F_AUTOPILOT;SEO автопилот;SEO_AUTOPILOT;1;21;0;kubtaxi.ru|taxi555.ru|catalogtaksi.ru|taxi24online.ru|taxi-ug.ru|go.yandex|tratatur.ru|xn----7sbbu0aptdhddiv.xn--p1ai|taksi-gorod.ru|xn----7sbyhcmnbsdikx.xn--p1ai|taxivezde.ru|city2city.ru|rustransfer.org|www.taxi2000.ru|mejgorod-taxi.ru|obltaxi.ru|www.mezhgorod.taxi|taksisvo.ru|takse.ru|transfer71.ru|taksi-services.ru|deshevotaxi.ru|m.avito.ru|www.rome2rio.com|mezhgorod-taksi.ru|mejgorodtaxi.ru|taxi.yandex.ru|taxi-mezhgorod24.ru|taxi-nomera.ru|taxomarket.ru;Тула;Алексин;3000
ekaterinburg-severnyj;new;66;;DIRECT;H_DIRECT_TEST;Директ тест;POTENTIAL_DIRECT_NEW;19;5;4;kiwitaxi.ru|ugtaxi.ru|taksisvo.ru|yandex.ru|deshevotaxi.ru|yekaterinburg.taximaxim.ru|mejgorodtaxi.ru|vezet.ru|taxi.yandex.ru|transfers.unitaxi.ru;;;
krasnoyarsk-divnogorsk;old;66;11;SEO;F_AUTOPILOT;SEO автопилот;SEO_AUTOPILOT;2;17;0;go.yandex|kiwitaxi.ru|taxivezde.ru|1taxopark.ru|www.taxi2000.ru|ab-taxi.ru|takse.ru|taksi-gorod.ru|taxi555.ru|catalogtaksi.ru|city2city.ru|xn----7sbyhcmnbsdikx.xn--p1ai|taxi.drive-luxe.ru|rustransfer.org|obltaxi.ru|unit21.ru|deshevotaxi.ru|www.taxi-love.ru|divnogorsk.taximaxim.ru|transfers.unitaxi.ru|airport-service-taxi.ru|2gis.ru|vse-taxi.com|www.rome2rio.com|xn--80atblfjdfd2l.xn--80akxkdedu.xn--p1acf|mezhgorod-taksi.ru|ru-travel.org|www.avito.ru|vk.com|taxi.yandex.ru;Красноярск;Дивногорск;3000
tula-ryazan;old;66;;SEO;F_AUTOPILOT;SEO автопилот;SEO_AUTOPILOT;1;24;0;tula.taksi24.taxi|tula.taxi24h.ru|www.avito.ru|kubtaxi.ru|tratatur.ru|1taxopark.ru|xn----7sbbu0aptdhddiv.xn--p1ai|taxi-ug.ru|taxi555.ru|taksi-gorod.ru|ug.taxi|mezhgorod-rf.ru|tula.taxi-krim.com|www.mezhgorod.taxi|taxi-russia.su|taxivezde.ru|taxi533.ru|tula.simferopol-aeroport.taxi|catalogtaksi.ru|ab-taxi.ru|taxi.drive-luxe.ru|transfer71.ru|www.taxi-love.ru|mejgorod-taxi.ru|rustransfer.org|taksisvo.ru|tula.aeroport-simferopol.taxi|vse-taxi.com|obltaxi.ru|takse.ru;Тула;Рязань;5800
volgograd-volgodonsk;old;66;6;SEO;F_AUTOPILOT;SEO автопилот;SEO_AUTOPILOT;2;20;0;www.avito.ru|ug.taxi|tratatur.ru|taxi533.ru|kubtaxi.ru|city2city.ru|kiwitaxi.ru|sochi.taxi|taxi-russia.su|1taxopark.ru|mejgorod-taxi.ru|unit-transfer.ru|taxi.transferplustravel.com|taxi-cosmos.ru|catalogtaksi.ru|taksi-gorod.ru|mezhgorod-rf.ru|ab-taxi.ru|www.mezhgorod.taxi|taksisvo.ru|rustransfer.org|jupiter-tmc.ru|ru-travel.org|1tmehgorod.ru|korona-taksi.ru|www.taxi-love.ru|www.rome2rio.com|www.transfer34.ru|mejgorodtaxi.ru|vse-taxi.com;Волгоград;Волгодонск;9300
moskva-elista;old;66;26;DIRECT;H_DIRECT_TEST;Директ тест;DIRECT_TEST;1;23;0;cvo-taxi.ru|vk.com|www.avito.ru|moskva.taxi24h.ru|moskva.taksi24.taxi|moskva.sevastopol24.taxi|taxi555.ru|cabway.ru|ugtaxi.ru|yandex.ru|taksi-gorod.ru|msk.taxi|taxi533.ru|wing-taxi.ru|mezhgorod-rf.ru|moskva.taxi-krim.com|www.taxi-love.ru|mejgorod-taxi.ru|moskva.aeroport-simferopol.taxi|drive-luxe.ru|moskva.kerch24.taxi|taxivezde.ru|sochi.taxi|taxi-cosmos.ru|taxi-po-rossii.ru|city2city.ru|deshevotaxi.ru|mos.taxitoday.ru|moskva.simferopol-aeroport.taxi|korona-taksi.ru;Москва;Элиста;38000
vladimir-kolchugino;old;66;;SEO;F_AUTOPILOT;SEO автопилот;SEO_AUTOPILOT;2;21;0;taxi555.ru|kiwitaxi.ru|takse.ru|catalogtaksi.ru|taksi-gorod.ru|www.taxi-love.ru|xn----7sbyhcmnbsdikx.xn--p1ai|xn--33-6kcu3bqdcefbvh.xn--p1ai|ab-taxi.ru|taxivezde.ru|taksisvo.ru|www.mezhgorod.taxi|transfer-vlad33.ru|rustransfer.org|taxi-vladimir-vladimir-oblast-ru.taxigator.ru|mezhgorod-taksi.ru|www.taxi2000.ru|mejgorodtaxi.ru|obltaxi.ru|mobilodeon.ru|deshevotaxi.ru|www.avito.ru|ru-travel.org|jupiter-tmc.ru|taksi-services.ru|mezhdugorodnee-taksi-moskva.ru|transfergid.ru|taxi24online.ru|order-taxi.ru|www.rome2rio.com;Владимир;Кольчугино;2500
pskov-velikie_luki;old;66;4;SEO;F_AUTOPILOT;SEO автопилот;SEO_AUTOPILOT;2;20;0;catalogtaksi.ru|taxi555.ru|taxi.drive-luxe.ru|city2city.ru|1taxopark.ru|takse.ru|xn----7sbyhcmnbsdikx.xn--p1ai|taxi-cosmos.ru|yandex.ru|mejgorod-taxi.ru|rustransfer.org|korona-taksi.ru|deshevotaxi.ru|taxivezde.ru|www.taxi-love.ru|vk.com|vtstaxi.ru|vse-taxi.com|mejgorodtaxi.ru|m.avito.ru|www.intui.travel|taxi-pskov-pskov-oblast-ru.taxigator.ru|taxi-nomera.ru|internet-taksi.ru|taxi-mezhgorod24.ru|taxi-russia.ru|xn--b1apmck.xn--80akxkdedu.xn--p1acf|taxitaksi.ru|xn--80afdpcl3cf.xn--p1ai|mezhgorod-taksi.ru;Псков;Великие Луки;8200
orenburg-yasnyj;old;66;8;DIRECT;H_DIRECT_TEST;Директ тест;DIRECT_TEST;1;16;0;www.avito.ru|1taxopark.ru|vk.com|yandex.ru|taxi555.ru|www.mezhgorod.taxi|rustransfer.org|city2city.ru|jupiter-tmc.ru|www.taxi-love.ru|perevozka24.com|obltaxi.ru|www.rome2rio.com|taxi-russia.su|2gis.ru|transfergid.ru|taxi-nomera.ru|deshevotaxi.ru|uslugi.yandex.ru|catalogtaksi.ru|yandex.ru|nexttax.ru|takse.ru|orenyasn.orgs.biz|mobilodeon.ru|taksisvo.ru|mejgorodtaxi.ru|taxivezde.ru|www.taxi2000.ru|taxi-nomer.ru;Оренбург;Ясный;13500
ryazan-tula;old;66;;SEO;F_AUTOPILOT;SEO автопилот;SEO_AUTOPILOT;1;24;0;www.avito.ru|ryazan.taxi24h.ru|taksi-gorod.ru|rzn-transfer.ru|kubtaxi.ru|tratatur.ru|1taxopark.ru|taxi555.ru|ryazan.taksi24.taxi|transfer-rzn-62.ru|vezet-go.ru|transfers.unitaxi.ru|taxi.drive-luxe.ru|taxi-ug.ru|catalogtaksi.ru|rustransfer.org|www.mezhgorod.taxi|taxi-russia.su|www.taxi2000.ru|ug.taxi|www.taxi-love.ru|ryazan.taxi-krim.com|taxi533.ru|taxivezde.ru|taksisvo.ru|obltaxi.ru|uslugi.yandex.ru|mezhgorod-rf.ru|ryazan.aeroport-simferopol.taxi|deshevotaxi.ru;Рязань;Тула;5500
volgograd-axtubinsk;new;65;4;NONE;Z_LOW_PRIORITY;Низкий приоритет (новые);LOW_PRIORITY;20;8;0;www.avito.ru|kubtaxi.ru|taxi-ug.ru|city2city.ru|www.taxi2000.ru|tratatur.ru|taxi-russia.su|taksi-gorod.ru|catalogtaksi.ru|taxi555.ru;;;
kazan-tolyatti;old;65;;DIRECT;H_DIRECT_TEST;Директ тест;DIRECT_TEST;2;6;0;t.me|kazan.taxi24h.ru|www.avito.ru|kiwitaxi.ru|taxi-airport-kazan.ru|mezhgorod.pro|taxi-kazan.su|transfers.unitaxi.ru|kazan.taksi24.taxi|taxi555.ru;Казань;Тольятти;10000
krasnoyarsk-borodino;old;65;2;SEO;F_AUTOPILOT;SEO автопилот;SEO_AUTOPILOT;2;15;0;vk.com|city2city.ru|taxivezde.ru|taxi555.ru|1taxopark.ru|xn----7sbyhcmnbsdikx.xn--p1ai|takse.ru|yandex.ru|obltaxi.ru|rustransfer.org|jupiter-tmc.ru|catalogtaksi.ru|www.taxi2000.ru|taxi.drive-luxe.ru|vse-taxi.com|www.yell.ru|2gis.ru|deshevotaxi.ru|mezhgorod-taksi.ru|www.taxi-love.ru|m.avito.ru|taxomarket.ru|www.rome2rio.com|www.intui.travel|taxi-nomera.ru|xn--80atblfjdfd2l.xn--80akxkdedu.xn--p1acf|uslugi.yandex.ru|taksi-gorod.ru|taxi-krasnoyarsk-krasnoyarsk-krai-ru.taxigator.ru|rutaxist.ru;Красноярск;Бородино;5000
kirov-slobodskoj;old;65;;SEO;F_AUTOPILOT;SEO автопилот;SEO_AUTOPILOT;2;18;0;taksikirov.ru|go.yandex|taksisvo.ru|takse.ru|www.taxi2000.ru|taxi555.ru|catalogtaksi.ru|sky-transfer.ru|xn----7sbyhcmnbsdikx.xn--p1ai|1taxopark.ru|ab-taxi.ru|taxivezde.ru|deshevotaxi.ru|taxi.drive-luxe.ru|obltaxi.ru|www.taxi-love.ru|rustransfer.org|taxi-mini.ru|mejgorodtaxi.ru|yandex.ru|ru-travel.org|jupiter-tmc.ru|taxi-kirov-kirov-oblast-ru.taxigator.ru|taxi-nomera.ru|uslugi.yandex.ru|www.avito.ru|www.xn----7sbhwbjc7arfi.xn--p1ai|routes43.ru|taxi.yandex.ru|www.intui.travel;Киров;Слободской;2000
penza-serdobsk;old;65;4;SEO;F_AUTOPILOT;SEO автопилот;SEO_AUTOPILOT;1;18;0;taxi555.ru|deshevotaxi.ru|catalogtaksi.ru|city2city.ru|takse.ru|taxi.drive-luxe.ru|1taxopark.ru|www.mezhgorod.taxi|obltaxi.ru|rustransfer.org|jupiter-tmc.ru|taxi-russia.su|mejgorodtaxi.ru|uslugi.yandex.ru|www.rome2rio.com|taxi-penza-penza-oblast-ru.taxigator.ru|www.avito.ru|www.taxi-love.ru|taxi-nomera.ru|serdobsk.taximaxim.ru|vk.com|penza.nashaspravka.ru|y-taxi.ru|ru-travel.org|mezhgorod-taksi.ru|xn--80ajgxi.xn--80akxkdedu.xn--p1acf|taksisvo.ru|xn----7sbyhcmnbsdikx.xn--p1ai|taxivezde.ru|www.taxi2000.ru;Пенза;Сердобск;4100
moskva-oktyabrskij;new;64;21;SEO;F_AUTOPILOT;SEO автопилот;SEO_AUTOPILOT_NEW;10;15;1;taxi555.ru|ab-taxi.ru|taxi-mobil.ru|zakaz.mezhgorod.taxi|taxi.drive-luxe.ru|ugtaxi.ru|1taxopark.ru|taxi533.ru|www.taxi-love.ru|taksi-gorod.ru;;;
kazan-nizhniy_novgorod;old;64;;DIRECT;H_DIRECT_TEST;Директ тест;DIRECT_TEST;2;2;0;taxi-airport-kazan.ru|kiwitaxi.ru|yandex.ru|www.avito.ru|2gis.ru|taxw.ru|uslugi.yandex.ru|www.tourister.ru|transfer-kazan.ru|vc.ru;Международный аэропорт Казань;Нижний Новгород;12600
nizhnij-novgorod-kazan;old;64;19;DIRECT;H_DIRECT_TEST;Директ тест;DIRECT_TEST;2;23;0;www.avito.ru|nizhniy-novgorod.taxi24h.ru|nizhniy-novgorod.yalta-24.taxi|unit-transfer.ru|kiwitaxi.ru|taxigorkovskoe.ru|ugtaxi.ru|taxi-russia.su|taksisvo.ru|minivan-nn.ru|ug.taxi|taxi533.ru|transfer-kazan.ru|nizhniy-novgorod.taxi-krim.com|transfers.unitaxi.ru|taxivezde.ru|go.ridence.ru|taksi-gorod.ru|city2city.ru|mejgorod-taxi.ru|www.mezhgorod.taxi|www.taxi-love.ru|jupiter-tmc.ru|vse-taxi.com|transferug.ru|diveevo-transfer.ru|catalogtaksi.ru|vk.com|mejgorodtaxi.ru|taxi-cosmos.ru;Нижний Новгород;Казань;11700
chelyabinsk-app-bugristoe;old;64;;SEO;F_AUTOPILOT;SEO автопилот;SEO_AUTOPILOT;1;6;0;intercity74.ru|taxidesyatka.ru|driver174.ru|kiwitaxi.ru|1taxopark.ru|taxi555.ru|deshevotaxi.ru|taksisvo.ru|www.mezhgorod.taxi|www.taxi2000.ru;Челябинск;Троицк;4500
xanty-mansijsk-surgut;old;64;6;SEO;F_AUTOPILOT;SEO автопилот;SEO_AUTOPILOT;3;16;0;taxi555.ru|rustransfer.org|www.avito.ru|taxi.drive-luxe.ru|catalogtaksi.ru|city2city.ru|1taxopark.ru|takse.ru|obltaxi.ru|deshevotaxi.ru|www.taxi-love.ru|www.taxi2000.ru|vse-taxi.com|taxivezde.ru|willway.ru|kiwitaxi.ru|jupiter-tmc.ru|taxi-russia.su|transfers.unitaxi.ru|ru-travel.org|mejgorodtaxi.ru|www.intui.travel|uslugio.com|xn----7sbb6afgkgd4bce0b1f.xn--80akxkdedu.xn--p1acf|ubitaxi.ru|xn----7sbabkja6axyo1c.xn--p1ai|2gis.ru|transfergid.ru|taksi-gorod.ru|taxomarket.ru;Ханты-Мансийск;Сургут;9000
yaroslavl-uglich;old;64;1;SEO;F_AUTOPILOT;SEO автопилот;SEO_AUTOPILOT;2;21;0;city2city.ru|xn----7sbyhcmnbsdikx.xn--p1ai|taxi555.ru|catalogtaksi.ru|taksi-gorod.ru|www.mezhgorod.taxi|taksisvo.ru|obltaxi.ru|taxi.drive-luxe.ru|takse.ru|deshevotaxi.ru|taxivezde.ru|mejgorodtaxi.ru|taksi-services.ru|taxi-yaroslavl-yaroslavl-oblast-ru.taxigator.ru|www.taxi-love.ru|www.taxi-rokada.ru|www.intui.travel|www.avito.ru|mezhgorod-taksi.ru|taxi-nomera.ru|taxi-mezhgorod24.ru|xn--80aezclli6gta.xn--80akxkdedu.xn--p1acf|www.rome2rio.com|transfergid.ru|vk.com|y-taxi.ru|uslugi.yandex.ru|mezhdugorodnee-taksi.ru|rustransfer.org;Ярославль;Углич;4000
moskva-vologda;old;63;18;DIRECT;H_DIRECT_TEST;Директ тест;DIRECT_TEST;2;24;0;www.taxi2000.ru|taxi-mobil.ru|taxi555.ru|moskva.taxi24h.ru|www.avito.ru|moskva.taksi24.taxi|sky-transfer.ru|wing-taxi.ru|www.taxi-love.ru|ab-taxi.ru|ugtaxi.ru|msk.taxi|moskva.aeroport-simferopol.taxi|taxivezde.ru|moskva.taxi-krim.com|taxi533.ru|1taxopark.ru|city2city.ru|www.mezhgorod.taxi|mb-taxi.ru|mezhgorod.taxi-ekvator.ru|kiwitaxi.ru|taksisvo.ru|rustransfer.org|logitaxi.ru|taxidaleko.ru|www.taximasters.ru|xn----7sbyhcmnbsdikx.xn--p1ai|drive-luxe.ru|moskva.yalta-24.taxi;Москва;Вологда;13800
vologda-moskva;old;63;17;DIRECT;H_DIRECT_TEST;Директ тест;DIRECT_TEST;1;21;0;www.avito.ru|taxi555.ru|vologda.taxi24h.ru|xn----7sbyhcmnbsdikx.xn--p1ai|www.taxi2000.ru|taksi-gorod.ru|taxi-mobil.ru|yandex.ru|ugtaxi.ru|vologda.taksi24.taxi|taxi533.ru|wing-taxi.ru|msk.taxi|taxivezde.ru|rustransfer.org|mejgorod-taxi.ru|city2city.ru|taksisvo.ru|obltaxi.ru|xn----7sbyhcmnbsdikx.xn--80adxhks|korona-taksi.ru|www.mezhgorod.taxi|www.taxi-rokada.ru|jupiter-tmc.ru|xn----7sbyhcmghbyi1l.xn--80adxhks|transfer35.ru|radartaxi.ru|taxi-cosmos.ru|ru-travel.org|xn--80adde7arb.xn--80akxkdedu.xn--p1acf;Вологда;Москва;13800
tver-konakovo;old;63;;SEO;F_AUTOPILOT;SEO автопилот;SEO_AUTOPILOT;2;19;0;taxi555.ru|catalogtaksi.ru|1taxopark.ru|taksisvo.ru|taxi.drive-luxe.ru|taxi-tver.com|www.taxi2000.ru|rustransfer.org|www.mezhgorod.taxi|deshevotaxi.ru|obltaxi.ru|xn----7sbyhcmnbsdikx.xn--p1ai|takse.ru|vk.com|oblastnoe-taxi.ru|mezhgorod-taksi.ru|ru-travel.org|taksi-services.ru|mejgorodtaxi.ru|kiwitaxi.ru|zelenoglazoetaxi.online|www.rome2rio.com|taxi-mezhgorod24.ru|taxi-nomera.ru|www.avito.ru|my-intercity.ru|mezhdugorodnee-taksi.ru|yandex.ru|xn----7sbgnfw0acspf.xn--p1ai|taxi-tver-tver-oblast-ru.taxigator.ru;Тверь;Конаково;2500
krasnodar-armavir;new;62;;DIRECT;H_DIRECT_TEST;Директ тест;POTENTIAL_DIRECT_NEW;11;17;0;kubtaxi.ru|taxi-ug.ru|tratatur.ru|taxi.ugtravel.com|willway.ru|www.avito.ru|kiwitaxi.ru|transferoff.ru|ugtaxi.ru|www.krd-taxi.ru;;;
oryol-svobodnyj;new;62;21;NONE;Z_LOW_PRIORITY;Низкий приоритет (новые);LOW_PRIORITY;15;11;4;taksisvo.ru|deshevotaxi.ru|xn--e1amhi.xn--80akxkdedu.xn--p1acf|taxi.yandex.ru|catalogtaksi.ru|orol.taximaxim.ru|taksi-services.ru|yandex.ru|vezet.ru|taxitops.ru;;;
belgorod-valujki;old;62;;SEO;F_AUTOPILOT;SEO автопилот;SEO_AUTOPILOT;0;8;0;t.me|catalogtaksi.ru|kubtaxi.ru|taxi-ug.ru|taxi555.ru|levtransfer.ru|taksi-gorod.ru|takse.ru|taxi.drive-luxe.ru|taxi-russia.ru;Белгород;Валуйки;5300
svo-taxi-shebekino-belgorod;old;62;;SEO;F_AUTOPILOT;SEO автопилот;SEO_AUTOPILOT;1;18;0;vk.com|taxi.yandex.ru|yandex.ru|uslugi.yandex.ru|www.avito.ru|2gis.ru|perevozka24.com|taxi-nomera.ru|taxieconom.ru|dzen.ru|t.me|mezhgorod-rf.ru|levtransfer.ru|rutaxist.ru|intaxi.ru|taksi-gorod.ru|beltaxi31.ru|taxirun.ru|deshevotaxi.ru|xn-----6kcbqgcdjrv0afza5ajp5i.xn--p1ai|uslugio.com|taxigoroda.ru|taxitops.ru|taxi-mobil.ru|taxitelephone.ru|otvet.mail.ru|taxi555.ru|apkpure.net|taxidelivery.ru|catalogtaksi.ru;Шебекино;Белгород;3000
blagoveshhensk-jakutsk;old;62;7;DIRECT;H_DIRECT_TEST;Директ тест;DIRECT_TEST;1;3;0;doska.ykt.ru|2gis.ru|taksi-gorod.ru|vk.com|taxi533.ru|mezhgorod-rf.ru|city2city.ru|takse.ru|vse-taxi.com|www.avito.ru;Благовещенск;Якутск;53000
perm-lysva;old;61;9;SEO;F_AUTOPILOT;SEO автопилот;SEO_AUTOPILOT;2;20;0;taxi555.ru|taksisvo.ru|vk.com|catalogtaksi.ru|kiwitaxi.ru|taxi24online.ru|1taxopark.ru|taxi-perm.su|city2city.ru|rustransfer.org|www.taxi-love.ru|deshevotaxi.ru|taxivezde.ru|obltaxi.ru|takse.ru|transfers.unitaxi.ru|xn----7sbp3acjidhfbkt.su|mejgorodtaxi.ru|www.perm-taxi-region.ru|www.avito.ru|taxi.yandex.ru|taxi-nomera.ru|taxi-perm-perm-krai-ru.taxigator.ru|www.rome2rio.com|xn--80aaahzdndlon5ak.xn--p1ai|taxinomerok.ru|uslugi.yandex.ru|taxi-realtransfer-mejgorod.ru|mezhgorod-taksi.ru|www.taxi-rokada.ru;Пермь;Лысьва;5400
novosibirsk-ob;old;61;;SEO;F_AUTOPILOT;SEO автопилот;SEO_AUTOPILOT;2;15;0;2gis.ru|yandex.ru|willway.ru|1taxopark.ru|taxi555.ru|zoon.ru|obltaxi.ru|xn----7sbyhcmnbsdikx.xn--p1ai|kiwitaxi.ru|deshevotaxi.ru|novosibirsk.flamp.ru|catalogtaksi.ru|taksi-gorod.ru|www.yell.ru|vk.com|rustransfer.org|vse-taxi.com|taxieconom.ru|ob.spravker.ru|uslugi.yandex.ru|mezhgorod-taksi.ru|taxi-nomera.ru|taxi-novosibirsk-novosibirsk-oblast-ru.taxigator.ru|perevozka24.com|royalcars54.ru|www.taxi2000.ru|www.transfer154.ru|transfers.unitaxi.ru|www.avito.ru|xn--90absbknhbvge.xn--80akxkdedu.xn--p1acf;Новосибирск;Обь;2000
rostov-volgograd;old;61;;DIRECT;H_DIRECT_TEST;Директ тест;DIRECT_TEST;1;24;0;kubtaxi.ru|www.avito.ru|ugtaxi.ru|tratatur.ru|rostov.taxi24h.ru|sky-transfer.ru|taxi-svobodnoe.ru|taxi-yugtaxi.ru|taxi533.ru|unit-transfer.ru|perfect-taxi.ru|uslugi.yandex.ru|simfer-taxi.ru|rostov.sevastopol24.taxi|taksi-gorod.ru|rostov.taksi24.taxi|msk.taxi|rustransfer.org|taxi-ug.ru|taksisvo.ru|geltaxi.ru|ug.taxi|avto-kruiz.com|taxi.drive-luxe.ru|taxi-bereg.ru|ugtravel.com|rostov.yalta-24.taxi|mejgorod-taxi.ru|rostov.taxi-krim.com|mezhgorod-rf.ru;Ростов-на-Дону;Волгоград;14000
volgograd-rostov-na-donu;old;61;8;DIRECT;H_DIRECT_TEST;Директ тест;DIRECT_TEST;1;24;0;www.avito.ru|volgograd.taxi24h.ru|taxi-yugtaxi.ru|ugtaxi.ru|sky-transfer.ru|taxi-ug.ru|busines-express.ru|city2city.ru|taxi-bereg.ru|volgograd.taksi24.taxi|taxi-svobodnoe.ru|taksi-gorod.ru|tratatur.ru|kubtaxi.ru|volgograd.taxi-krim.com|taxi533.ru|unit-transfer.ru|msk.taxi|taxi-russia.su|mejgorod-taxi.ru|ug.taxi|taxi.transferplustravel.com|taksisvo.ru|mezhgorod-rf.ru|www.mezhgorod.taxi|taxi.drive-luxe.ru|taxi-cosmos.ru|taksi-tur.ru|yandex.ru|volgograd.simferopol-aeroport.taxi;Волгоград;Ростов-на-Дону;14700
barnaul-alyaysk;old;61;7;SEO;F_AUTOPILOT;SEO автопилот;SEO_AUTOPILOT;0;6;0;taxi555.ru|catalogtaksi.ru|aa-go.ru|willway.ru|taxi.drive-luxe.ru|1taxopark.ru|city2city.ru|rustransfer.org|www.taxi2000.ru|deshevotaxi.ru;Барнаул;Алейск;4900
petrozavodsk-kondopoga;old;61;10;SEO;F_AUTOPILOT;SEO автопилот;SEO_AUTOPILOT;2;19;0;deshevotaxi.ru|taxi555.ru|taxi.drive-luxe.ru|1taxopark.ru|catalogtaksi.ru|vk.com|kiwitaxi.ru|takse.ru|yandex.ru|city2city.ru|vtstaxi.ru|rustransfer.org|www.taxi-love.ru|jupiter-tmc.ru|vse-taxi.com|go.ridence.ru|ru-travel.org|www.intui.travel|taxi-mezhgorod24.ru|taxi-nomera.ru|mezhgorod-taksi.ru|cheap-taxi24.ru|taksi-gorod.ru|mejgorodtaxi.ru|taxi-besovets-republic-of-karelia-ru.taxigator.ru|www.taxi2000.ru|taxivezde.ru|www.taxi-rokada.ru|www.rome2rio.com|internet-taksi.ru;Петрозаводск;Кондопога;3000
lensk-jakutsk;old;61;8;DIRECT;H_DIRECT_TEST;Директ тест;DIRECT_TEST;2;14;0;vk.com|catalogtaksi.ru|doska.ykt.ru|jupiter-tmc.ru|2gis.ru|rustransfer.org|www.avito.ru|city2city.ru|takse.ru|yandex.ru|yakutsk.gde.ru|deshevotaxi.ru|mezhgorod-taksi.ru|youla.ru|xn--e1akbju.xn--80akxkdedu.xn--p1acf|hottabychtaksi.tilda.ws|uslugi.yandex.ru|t.me|taxigator.ru|yandex.ru|perevozka24.com|transfergid.ru|lensk2.taximaxim.ru|taxigoroda.ru|taxi-nomera.ru|gorodlensk.ru|www.orgpage.ru|taxitops.ru|intaxi.ru|rutaxist.ru;Ленск;Якутск;41200
tomsk-yurga;old;61;14;SEO;F_AUTOPILOT;SEO автопилот;SEO_AUTOPILOT;3;17;0;www.avito.ru|taksi-gorod.ru|taxi555.ru|catalogtaksi.ru|kiwitaxi.ru|www.taxi2000.ru|taxi.drive-luxe.ru|rustransfer.org|yandex.ru|1taxopark.ru|obltaxi.ru|taxi24online.ru|taxivezde.ru|city2city.ru|www.taxi-love.ru|takse.ru|vse-taxi.com|transfers.unitaxi.ru|taxi-russia.su|deshevotaxi.ru|ru-travel.org|tomx.ru|vk.com|mezhgorod-taksi.ru|www.intui.travel|ubitaxi.ru|xn-----6kcco1ancrtzfegf1r.xn--p1ai|taxi70.ru|ubertarif.ru|tomsk-yurga-tax-ot-tomska-do-yur.orgs.biz;Томск;Юрга;3000
moskva-astraxan;new;60;;DIRECT;H_DIRECT_TEST;Директ тест;POTENTIAL_DIRECT_NEW;4;23;0;cvo-taxi.ru|www.avito.ru|kubtaxi.ru|ug.taxi|taxidaleko.ru|oldtaxi.ru|moskva.sevastopol24.taxi|taksi-gorod.ru|moskva.taxi-krim.com|msk.taxi;;;
krasnodar-dzhankoj;new;60;17;SEO;F_AUTOPILOT;SEO автопилот;SEO_AUTOPILOT_NEW;2;25;1;ugtaxi.ru|taxi-ug.ru|geltaxi.ru|taxi-svobodnoe.ru|alfataxi82.ru|taxi-bereg.ru|krasnodar.taxi24h.ru|kubtaxi.ru|yandex.ru|ug.taxi;;;
rostov-belyj;new;60;6;SEO;F_AUTOPILOT;SEO автопилот;SEO_AUTOPILOT_NEW;9;7;2;www.2306306.com|yandex.ru|www.yell.ru|vk.com|2gis.ru|city2city.ru|www.komandirovka.ru|otzovik.com|taxieconom.ru|yandex.ru;;;
chelyabinsk-oktyabrskij;new;60;;DIRECT;H_DIRECT_TEST;Директ тест;POTENTIAL_DIRECT_NEW;23;4;1;taxidesyatka.ru|driver174.ru|taxi555.ru|taxi533.ru|1taxopark.ru|taksisvo.ru|taxi.drive-luxe.ru|www.taxi2000.ru|catalogtaksi.ru|rustransfer.org;;;
svo-taxi-samara-lugansk;old;60;24;DIRECT;H_DIRECT_TEST;Директ тест;DIRECT_TEST;1;21;0;lugansk.sky-transfer.ru|taksi-gorod.ru|taxi-svobodnoe.ru|samara.aeroport-simferopol.taxi|rustransfer.org|xn----7sbabxukdmwuiegm.xn--p1ai|taksisvo.ru|dzen.ru|samara.taxi24h.ru|taxi533.ru|taxi-cosmos.ru|taxi-bereg.ru|korona-taksi.ru|takse.ru|jupiter-tmc.ru|samara.taksi24.taxi|samara.taxi-krim.com|www.avito.ru|ug.taxi|mejgorod-taxi.ru|t.me|unit-transfer.ru|samara.simferopol-aeroport.taxi|city2city.ru|mezhgorod-rf.ru|ta-57.ru|taxi163.pro|deshevotaxi.ru|catalogtaksi.ru|den-taxi.ru;Самара;Луганск;37500
lugansk-samara;old;60;;DIRECT;H_DIRECT_TEST;Директ тест;DIRECT_TEST;1;15;0;estlugansk.ru|lugansk.taxi|yandex.ru|www.avito.ru|dzen.ru|arteltaxi.ru|vk.com|959.xn--p1ai|uslugi.yandex.ru|ok.ru|t.me|www.rustore.ru|perevozka24.com|horeca-lg.ru|apps.apple.com|lugansk.sky-transfer.ru|taxigoroda.ru|lugansk.taxiarkadiya.ru|600.taxi|taxi-alliance.turbo.site|deshevotaxi.ru|taxi-lugansk.ru|taksi-gorod.ru|434.taxi|taxi-lnr.ru|lugansk.taxi24h.ru|lugansk.taksi24.taxi|takse.ru|zvs-lg.ru|lugansk.spravker.ru;Луганск;Самара;37200
novosibirsk-iskitim;old;60;;SEO;F_AUTOPILOT;SEO автопилот;SEO_AUTOPILOT;2;15;0;go.yandex|drivee.com|willway.ru|kiwitaxi.ru|1taxopark.ru|aa-go.ru|taxi555.ru|taxivezde.ru|takse.ru|www.taxi2000.ru|mezhgorod-taksi.ru|taxomarket.ru|catalogtaksi.ru|www.taxi-love.ru|taxi.yandex.ru|deshevotaxi.ru|rustransfer.org|obltaxi.ru|yandex.ru|www.rome2rio.com|taxi-nomera.ru|catalogtaxi.ru|ru-travel.org|novosibirsk.fis.ru|2gis.ru|taxi-novosibirsk-novosibirsk-oblast-ru.taxigator.ru|www.transfer154.ru|www.intui.travel|viptaxinsk.ru|www.yell.ru;Новосибирск;Искитим;2000
moskva-novomoskovsk;old;60;;SEO;F_AUTOPILOT;SEO автопилот;SEO_AUTOPILOT;2;22;0;sky-transfer.ru|ugtaxi.ru|taxi-mobil.ru|kiwitaxi.ru|xn----7sbyhcmnbsdikx.xn--p1ai|taxi555.ru|www.taxi2000.ru|cabway.ru|1taxopark.ru|www.mezhgorod.taxi|ab-taxi.ru|www.avito.ru|taxi533.ru|taxi.drive-luxe.ru|www.taxi-love.ru|mejgorod-taxi.ru|www.taximasters.ru|xn----7sbyhcmghbyi1l.xn--80adxhks|logitaxi.ru|taxivezde.ru|taksisvo.ru|wing-taxi.ru|xn----7sbyhcmnbsdikx.xn--80adxhks|www.taxi-rokada.ru|rustransfer.org|mezhgorod.taxi-ekvator.ru|taksi777.ru|taksi-mezhgorod.ru|radartaxi.ru|xn--80akxkdedu.xn--p1acf;Москва;Новомосковск;7000
valuyki-belgorod;old;60;;SEO;F_AUTOPILOT;SEO автопилот;SEO_AUTOPILOT;1;20;0;yandex.ru|zoon.ru|taxi.yandex.ru|2gis.ru|www.avito.ru|taxi-nomera.ru|rutaxist.ru|vk.com|uslugi.yandex.ru|perevozka24.com|vse-taxi.com|taximaxim.ru|russiantaxi-valuiki.clients.site|taxigoroda.ru|valuyki.taxiarkadiya.ru|taksi-gorod.ru|xn-----6kcbqgcdjrv0afza5ajp5i.xn--p1ai|intaxi.ru|uslugio.com|spravkataxi.ru|deshevotaxi.ru|taxieconom.ru|taxitops.ru|belgorod.spravker.ru|taxi-nomer.ru|taxi-po-svetu.ru|taxi24online.ru|taksi-valujki-31.clients.site|t.me|taksi-valujki-mezhdugorodnee.clients.site;Валуйки;Белгород;4500
svo-taxi-rossosh-voronezh;old;60;;SEO;F_AUTOPILOT;SEO автопилот;SEO_AUTOPILOT;1;17;0;yandex.ru|2gis.ru|m.avito.ru|vk.com|uslugi.yandex.ru|zoon.ru|taksirossosh.clients.site|perevozka24.com|edinaja-sluzhba-taksi-ulitsa-pravdy.clients.site|taxi.yandex.ru|rutaxist.ru|qq-taxi.ru|vse-taxi.com|vk.link|fleeka.ru|rossosh.spravker.ru|glasstaxi.ru|taxieconom.ru|taxigoroda.ru|taxi-po-svetu.ru|uslugio.com|deshevotaxi.ru|rossosh.jsprav.ru|intaxi.ru|taxirossosh.ru|xn--80aqfrakfdac9e4b.xn--p1ai|taksi-rossosh-taxi.clients.site|taksi-rossosh.clients.site|m.ok.ru|taksi-rossosh-1694403943.clients.site;Россошь;Воронеж;6500
murmansk-olenegorsk;old;60;10;SEO;F_AUTOPILOT;SEO автопилот;SEO_AUTOPILOT;2;17;0;taximurmansk.ru|catalogtaksi.ru|1taxopark.ru|deshevotaxi.ru|taxi555.ru|www.mezhgorod.taxi|kiwitaxi.ru|www.taxi2000.ru|takse.ru|city2city.ru|taxivezde.ru|severnaja-transfernaja.clients.site|rustransfer.org|uslugi.yandex.ru|obltaxi.ru|mezhgorod.taxi-ekvator.ru|jupiter-tmc.ru|www.taxi-love.ru|ru-travel.org|mejgorodtaxi.ru|mezhgorod-taksi.ru|www.intui.travel|taxi-nomera.ru|arctic-bus.ru|taksi-gorod.ru|transfergid.ru|carsrent.ru|transport-services.ru|vk.com|www.rome2rio.com;Мурманск;Оленегорск;3800
moskva-dzhankoj;new;59;;DIRECT;H_DIRECT_TEST;Директ тест;POTENTIAL_DIRECT_NEW;5;21;0;ug-transfer.online|moskva.taxi24h.ru|taxi-mobil.ru|taxi-ug.ru|kubtaxi.ru|ugtaxi.ru|moskva.sevastopol24.taxi|cabway.ru|tratatur.ru|wing-taxi.ru;;;
moskva-otradnaya;new;59;26;SEO;F_AUTOPILOT;SEO автопилот;SEO_AUTOPILOT_NEW;11;17;3;oldtaxi.ru|yandex.ru|ugtaxi.ru|taxi555.ru|wing-taxi.ru|ug.taxi|www.megapolistaxi.ru|taximoskva.com|zoon.ru|www.yell.ru;;;
moskva-otradnoe;new;59;;DIRECT;H_DIRECT_TEST;Директ тест;POTENTIAL_DIRECT_NEW;11;17;3;yandex.ru|oldtaxi.ru|uslugi.yandex.ru|taxi555.ru|zoon.ru|www.megapolistaxi.ru|taximoskva.com|nyt.ru|www.yell.ru|moskva.taxi24h.ru;;;
moskva-otradnyj;new;59;14;SEO;F_AUTOPILOT;SEO автопилот;SEO_AUTOPILOT_NEW;10;18;2;oldtaxi.ru|ugtaxi.ru|ab-taxi.ru|taxi555.ru|1taxopark.ru|wing-taxi.ru|www.mezhgorod.taxi|ug.taxi|yandex.ru|moskva.taxi24h.ru;;;
barnaul-rubtsovsk;old;59;;SEO;F_AUTOPILOT;SEO автопилот;SEO_AUTOPILOT;1;6;0;barnaul.sky-transfer.ru|royalcars54.ru|taksi-gorod.ru|kiwitaxi.ru|taxi555.ru|www.mezhgorod.taxi|www.taxi2000.ru|aa-go.ru|taxi533.ru|willway.ru;Барнаул;Рубцовск;8800
kursk-lgov;old;59;;SEO;F_AUTOPILOT;SEO автопилот;SEO_AUTOPILOT;1;19;0;unit-transfer.ru|catalogtaksi.ru|deshevotaxi.ru|www.taxi2000.ru|taksi-gorod.ru|taxi.drive-luxe.ru|taxi555.ru|www.mezhgorod.taxi|www.taxi-love.ru|1taxopark.ru|takse.ru|m.avito.ru|taksisvo.ru|rustransfer.org|obltaxi.ru|vk.com|taxivezde.ru|jupiter-tmc.ru|catalogtaxi.ru|ru-travel.org|mejgorodtaxi.ru|uslugi.yandex.ru|taxi-kursk-kursk-oblast-ru.taxigator.ru|xn-----6kcbqgcdjrv0afza5ajp5i.xn--p1ai|www.rome2rio.com|xn--j1aarei.xn--80akxkdedu.xn--p1acf|mezhgorod-taksi.ru|taxiregionika.ru|taxi-nomer.ru|xn----7sbqaakepxhlwjl4f7d.xn--p1ai;Курск;Льгов;2500
ryazan-kolomna;old;59;9;SEO;F_AUTOPILOT;SEO автопилот;SEO_AUTOPILOT;1;21;0;kubtaxi.ru|1taxopark.ru|tratatur.ru|taxi533.ru|rzn-transfer.ru|taxi555.ru|taksi-gorod.ru|taxi-ug.ru|city2city.ru|taxi.drive-luxe.ru|www.taxi2000.ru|taxivezde.ru|taksisvo.ru|rustransfer.org|www.taxi-love.ru|vse-taxi.com|catalogtaksi.ru|deshevotaxi.ru|uslugi.yandex.ru|www.tourister.ru|www.avito.ru|takse.ru|obltaxi.ru|mejgorodtaxi.ru|mezhgorod-taksi.ru|transfer62.ru|transfergid.ru|xn--80antj7do.xn--80akxkdedu.xn--p1acf|taxi-mezhgorod24.ru|www.rome2rio.com;Рязань;Коломна;4300
samara-dimitrovgrad;old;59;;SEO;F_AUTOPILOT;SEO автопилот;SEO_AUTOPILOT;2;21;0;xn----7sbabxukdmwuiegm.xn--p1ai|dzen.ru|1taxopark.ru|taxi555.ru|vk.com|unit-transfer.ru|taxivezde.ru|www.mezhgorod.taxi|taksisvo.ru|taxi24online.ru|vse-taxi.com|taksi-gorod.ru|kiwitaxi.ru|mejgorod-taxi.ru|taxi.drive-luxe.ru|www.taxi2000.ru|mezhgorod-rf.ru|mejgorodtaxi.ru|rustransfer.org|taxi-cosmos.ru|transfers.unitaxi.ru|takse.ru|taxi-samara.su|taxi-po-svetu.ru|www.taxi-love.ru|xn----7sbaab2cnl1bgij.xn--p1ai|taxikawai.ru|www.avito.ru|perevozchik163.ru|catalogtaksi.ru;Самара;Димитровград;4500
sankt-peterburg-zvyozdnyj;new;58;10;SEO;F_AUTOPILOT;SEO автопилот;SEO_AUTOPILOT_NEW;12;8;3;zvezdny-taxi.ru|zvezdny-arenda.ru|yandex.ru|www.avito.ru|2gis.ru|zoon.ru|vk.com|taxovichkof.ru|sky-transfer.ru|city2city.ru;;;
vladimir-murom;old;58;;SEO;F_AUTOPILOT;SEO автопилот;SEO_AUTOPILOT;1;22;0;taxi533.ru|1taxopark.ru|deshevotaxi.ru|xn--33-6kcu3bqdcefbvh.xn--p1ai|taksisvo.ru|transfer-vlad33.ru|mezhgorod-rf.ru|taxi.drive-luxe.ru|www.mezhgorod.taxi|rustransfer.org|catalogtaksi.ru|xn----7sbyhcmnbsdikx.xn--p1ai|taxi555.ru|www.taxi2000.ru|taxivezde.ru|vse-taxi.com|mejgorod-taxi.ru|www.taxi-love.ru|ru-travel.org|mezhgorod-taksi.ru|mejgorodtaxi.ru|obltaxi.ru|taxi-russia.su|taxi-vladimir-vladimir-oblast-ru.taxigator.ru|taksi-services.ru|www.avito.ru|mobilodeon.ru|transfergid.ru|mezhdugorodnee-taksi-moskva.ru|tratatur.ru;Владимир;Муром;4700
ufa-bugulma;old;58;10;SEO;F_AUTOPILOT;SEO автопилот;SEO_AUTOPILOT;2;20;0;taksi-ufa.ru|taxi555.ru|www.taxi2000.ru|taximini-ufa.ru|yandex.ru|taxi533.ru|taxi24online.ru|rustransfer.org|1taxopark.ru|city2city.ru|ab-taxi.ru|www.rome2rio.com|www.avito.ru|taksi-gorod.ru|taxivezde.ru|taxiufa.ru|taksisvo.ru|mejgorodtaxi.ru|catalogtaksi.ru|obltaxi.ru|vse-taxi.com|taxi-mini.ru|www.taxi-love.ru|xn----7sbp3acjidhfbkt.su|www.intui.travel|taxiufa.com|takse.ru|minibus.biletyplus.ru|ru-travel.org|taxiufabugulma.turbo.site;Уфа;Бугульма;7000
tambov-rasskazovo;old;58;;SEO;F_AUTOPILOT;SEO автопилот;SEO_AUTOPILOT;1;20;0;kubtaxi.ru|taxi-ug.ru|go.yandex|taxi555.ru|taksisvo.ru|xn----7sbyhcmnbsdikx.xn--p1ai|1taxopark.ru|taxi.drive-luxe.ru|taxi.yandex.ru|tratatur.ru|deshevotaxi.ru|rustransfer.org|catalogtaksi.ru|www.taxi2000.ru|taxivezde.ru|obltaxi.ru|www.mezhgorod.taxi|www.taxi-love.ru|mezhgorod.taxi-ekvator.ru|mejgorodtaxi.ru|takse.ru|mb-taxi.ru|www.rome2rio.com|mezhgorod-taksi.ru|tvolk.ru|taxi-nomera.ru|www.avito.ru|mobilodeon.ru|jupiter-tmc.ru|perevozka24.com;Тамбов;Рассказово;2000
perm-solikamsk;old;58;3;SEO;F_AUTOPILOT;SEO автопилот;SEO_AUTOPILOT;3;21;0;uralavtotaxi.ru|www.avito.ru|city2city.ru|taksisvo.ru|taxi-perm.su|taxi24online.ru|www.mezhgorod.taxi|taxi555.ru|deshevotaxi.ru|taksi-gorod.ru|www.taxi2000.ru|rustransfer.org|1taxopark.ru|kiwitaxi.ru|catalogtaksi.ru|taxi.drive-luxe.ru|taxivezde.ru|obltaxi.ru|takse.ru|vse-taxi.com|transfers.unitaxi.ru|www.taxi-love.ru|jupiter-tmc.ru|www.perm-taxi-region.ru|xn----7sbp3acjidhfbkt.su|vk.com|mejgorodtaxi.ru|taxi-nomera.ru|taxi-realtransfer-mejgorod.ru|www.intui.travel;Пермь;Соликамск;6400
penza-kuzneczk;old;58;3;SEO;F_AUTOPILOT;SEO автопилот;SEO_AUTOPILOT;2;18;0;www.avito.ru|tratatur.ru|city2city.ru|deshevotaxi.ru|www.mezhgorod.taxi|taksisvo.ru|www.taxi2000.ru|taxivezde.ru|taxi.drive-luxe.ru|vse-taxi.com|rustransfer.org|taxi-russia.su|1taxopark.ru|obltaxi.ru|mejgorodtaxi.ru|catalogtaksi.ru|jupiter-tmc.ru|kuzneck.taxigost.com|takse.ru|www.taxi-love.ru|mezhgorod-taksi.ru|mobilodeon.ru|taxi-nomera.ru|www.intui.travel|xn--80aaahzdndlon5ak.xn--p1ai|taxi-penza-penza-oblast-ru.taxigator.ru|www.rome2rio.com|perevozka24.com|xn--80ajgxi.xn--80akxkdedu.xn--p1acf|vk.com;Пенза;Кузнецк;4300
ryazan-kasimov;old;58;9;SEO;F_AUTOPILOT;SEO автопилот;SEO_AUTOPILOT;0;22;0;kubtaxi.ru|tratatur.ru|deshevotaxi.ru|taksi-gorod.ru|www.taxi2000.ru|taxi-ug.ru|taxi555.ru|catalogtaksi.ru|city2city.ru|taxi.drive-luxe.ru|1taxopark.ru|taksisvo.ru|www.mezhgorod.taxi|rustransfer.org|ab-taxi.ru|www.taxi-love.ru|taxi-russia.su|taxivezde.ru|obltaxi.ru|www.taxi-rokada.ru|xn----7sbyhcmnbsdikx.xn--p1ai|takse.ru|mejgorodtaxi.ru|mobilodeon.ru|rzn-transfer.ru|www.rome2rio.com|transfer62.ru|taxi-mezhgorod24.ru|taxinomerok.ru|sky-avto.ru;Рязань;Касимов;5400
svo-taxi-gorlovka-moskva;old;58;;DIRECT;H_DIRECT_TEST;Директ тест;DIRECT_TEST;1;17;0;mozaika.biz|vk.com|t.me|uslugi.yandex.ru|yandex.ru|taplink.cc|perevozka24.com|www.avito.ru|gorlovka.taxi24h.ru|mezhgorod-rf.ru|www.rustore.ru|taxi-gorlovka.ru|gorlovka.taksi24.taxi|taksi-gorod.ru|taxi-vokrug.ru|dnr.sevastopol24.taxi|taxitelephone.ru|xn-----6kcbqgcdjrv0afza5ajp5i.xn--p1ai|gorlovka.jsprav.ru|gorlovka.taxiarkadiya.ru|vk.me|deshevotaxi.ru|kartataxi.ru|catalogtaksi.ru|gorlovka.simferopol-aeroport.taxi|taksisvo.ru|taxieconom.ru|taxisource.ru|taxi-yugtaxi.ru|takse.ru;Горловка;Москва;35000
svo-taxi-moskva-gorlovka;old;58;;DIRECT;H_DIRECT_TEST;Директ тест;DIRECT_TEST;1;16;0;taxi.yandex.ru|moskva.taximaxim.ru|city-mobil.ru|vezet.ru|yandex.ru|taximoskva.com|msk.taxovichkof.ru|drivee.com|journal.sovcombank.ru|2gis.ru|www.avito.ru|xn----7sbb4ajch8bfab.xn--p1ai|uslugi.yandex.ru|moskva.taxipoehali.ru|oldtaxi.ru|zoon.ru|t-j.ru|www.taximasters.ru|moskva.taxideshevo.com|www.taxi-ritm.ru|go.yandex|rezidenttaxi.ru|msk.svoetaksi.ru|taxi555.ru|tradetaxi.ru|taxi-angel.ru|taksi-moskva24.ru|msk.taxi-protaxi.ru|taxispeed.ru|nyt.ru;Москва;Горловка;46000
kirov-kirovo-chepeczk;new;57;;DIRECT;H_DIRECT_TEST;Директ тест;POTENTIAL_DIRECT_NEW;24;5;3;go.yandex|taksikirov.ru|taxi.drive-luxe.ru|catalogtaksi.ru|takse.ru|jupiter-tmc.ru|www.taxi2000.ru|taxi555.ru|1taxopark.ru|www.taxi-love.ru;;;
krasnodar-mineralnye-vody;old;57;;DIRECT;H_DIRECT_TEST;Директ тест;DIRECT_TEST;2;24;0;kubtaxi.ru|tratatur.ru|taxi-ug.ru|www.avito.ru|alfataxi82.ru|transferoff.ru|taxi-bereg.ru|krasnodar.taxi24h.ru|perfect-taxi.ru|krasnodar.aeroport-simferopol.taxi|krasnodar.taxi-krim.com|krasnodar.taksi24.taxi|ugtaxi.ru|taxi-svobodnoe.ru|kiwitaxi.ru|taxiresort.ru|willway.ru|taxi-kuban.ru|ug.taxi|www.taxisea.ru|www.krd-taxi.ru|skytaxi-kmv.ru|taxi-tour.ru|sochi.taxi|geltaxi.ru|taxi.transferplustravel.com|crimea-intime.ru|yandex.ru|centertaxi-krd.ru|mercedestaxi.ru;Краснодар;Минеральные Воды;12000
tula-efremov;old;57;;SEO;F_AUTOPILOT;SEO автопилот;SEO_AUTOPILOT;1;23;0;taxi-ug.ru|kubtaxi.ru|xn----7sbbu0aptdhddiv.xn--p1ai|taxi555.ru|tratatur.ru|taxi-russia.su|rustransfer.org|www.mezhgorod.taxi|deshevotaxi.ru|takse.ru|www.taxi-love.ru|catalogtaksi.ru|obltaxi.ru|mejgorodtaxi.ru|mobilodeon.ru|www.avito.ru|taxi.drive-luxe.ru|mezhgorod-taksi.ru|www.taksi-moskva-tula.ru|mezhdugorodnee-taksi.ru|taksi-services.ru|taxi-mezhgorod24.ru|transfer71.ru|taksisvo.ru|taxivezde.ru|www.taxi2000.ru|taxinomerok.ru|taksi-gorod.ru|www.rome2rio.com|xn--80affnblthori.xn--p1ai;Тула;Ефремов;4500
moskva-aleksin;old;57;;SEO;F_AUTOPILOT;SEO автопилот;SEO_AUTOPILOT;3;20;0;taxi555.ru|www.mezhgorod.taxi|ugtravel.com|www.avito.ru|www.taxi2000.ru|xn----7sbyhcmnbsdikx.xn--p1ai|taxi-mobil.ru|mezhgorod.taxi-ekvator.ru|kiwitaxi.ru|www.taxi-rokada.ru|izvozchik.su|taxivezde.ru|ab-taxi.ru|1taxopark.ru|drive-luxe.ru|www.taxi-love.ru|taksisvo.ru|wing-taxi.ru|mezhdugorodnee-taksi-moskva.ru|logitaxi.ru|mejgorod-taxi.ru|www.taximasters.ru|obltaxi.ru|mos.taxitoday.ru|taksi777.ru|xn--80aqf2ac.xn--c1acbe2apap.xn--80adxhks|taxi-cosmos.ru|xn----7sbyhcmnbsdikx.xn--80adxhks|www.intui.travel|rustransfer.org;Москва;Алексин;6000
cheboksary-nizhnij-novgorod;old;57;;SEO;F_AUTOPILOT;SEO автопилот;SEO_AUTOPILOT;2;7;0;taxiarkadiya.ru|www.avito.ru|kiwitaxi.ru|taxi-russia.su|taxi533.ru|taksi-gorod.ru|cheboksary.yalta-24.taxi|www.taxi2000.ru|unit21.ru|taxi555.ru;Чебоксары;Нижний Новгород;7000
svo-taxi-donetsk-lugansk;old;57;;SEO;F_AUTOPILOT;SEO автопилот;SEO_AUTOPILOT;1;16;0;yandex.ru|www.avito.ru|dnr.taxi|uslugi.yandex.ru|faeton24.ru|taxi-ignat.ru|www.rustore.ru|t.me|umnyestroiteli.ru|arteltaxi.ru|perevozka24.com|2gis.ru|taxigoroda.ru|vk.com|www.donetsk.kp.ru|avto-kruiz.com|taxi-atlas.com|apps.apple.com|doneck-news.com|taxi977.ru|taxi666.ru|taxi505.ru|taxidnr.su|i-don.ru|deshevotaxi.ru|taxiprivat.ru|taxidonetsk.ru|taxitranzit.ru|taxineo.ru|donetsk-dnr.sky-transfer.ru;Донецк;Луганск;4500
tumen-chelyabinsk;old;57;18;DIRECT;H_DIRECT_TEST;Директ тест;DIRECT_TEST;3;6;0;2gis.ru|www.avito.ru|tjmport.ru|www.tourister.ru|tumen.jupiter-tmc.ru|kiwitaxi.ru|uslugi.yandex.ru|taxi-business.com|1taxopark.ru|transfers.unitaxi.ru|www.intui.travel|perevozka24.com|www.a2b.ru|yandex.ru|taksi-gorod.ru|taxi555.ru|tyumen.dacartur.com|city2city.ru|uslugio.com|tenchat.ru|albatros-bct.com|ru-travel.org|vk.com|www.aeroport-tyumen.ru|xn--72-glcedg4btat.xn--p1ai|tyumen.aeroport.website|xn--e1aner7ci.xn--80akxkdedu.xn--p1acf|xn----7sbyhcmnbsdikx.xn--p1ai|ubitaxi.ru|mezhgorod.net;аэропорт Тюмень (Рощино);Челябинск;12500
sankt-peterburg-ivangorod;old;57;3;SEO;F_AUTOPILOT;SEO автопилот;SEO_AUTOPILOT;2;18;0;www.avito.ru|baltictransfer.ru|city2city.ru|yandex.ru|ugtravel.ru|xn----7sbyhcmnbsdikx.xn--p1ai|taxideshevo.com|taxi555.ru|taxitoday.ru|kiwitaxi.ru|taxi628.ru|taksisvo.ru|vk.com|avtorenda.ru|www.mezhgorod.taxi|transfers.unitaxi.ru|silvertransfer.ru|rustransfer.org|catalogtaksi.ru|taksi-gorod.ru|www.taxi-love.ru|taxi-cosmos.ru|taxivezde.ru|uslugi.yandex.ru|mezhgorod-taksi.ru|takse.ru|xn--80aafffuao5alaxfl.xn--p1ai|xn----8sbhinbdjgyzaxgm.xn--p1ai|miniven-neva-transfer.ru|neva-transfer.ru;Санкт-Петербург;Ивангород;5100
moskva-izhevsk;new;56;;DIRECT;H_DIRECT_TEST;Директ тест;POTENTIAL_DIRECT_NEW;11;17;0;cvo-taxi.ru|msk.taxiarkadiya.ru|ugtaxi.ru|wing-taxi.ru|msk.taxi|taxi533.ru|www.taxi2000.ru|moskva.sevastopol24.taxi|ab-taxi.ru|sky-transfer.ru;;;
penza-zarechnyj;new;56;;DIRECT;H_DIRECT_TEST;Директ тест;POTENTIAL_DIRECT_NEW;21;3;2;yandex.ru|zarechniy.taxigost.com|2gis.ru|taxivezde.ru|catalogtaksi.ru|kiwitaxi.ru|deshevotaxi.ru|1taxopark.ru|taksisvo.ru|vk.com;;;
rostov-lyubim;new;56;;DIRECT;H_DIRECT_TEST;Директ тест;POTENTIAL_DIRECT_NEW;12;10;0;679777.ru|vk.com|apps.apple.com|taxivezde.ru|www.taxi-love.ru|www.taxopark.com|taksisvo.ru|taxi555.ru|catalogtaksi.ru|intaxi.ru;;;
krasnodar-stavropol;new;56;;DIRECT;H_DIRECT_TEST;Директ тест;POTENTIAL_DIRECT_NEW;5;24;1;kubtaxi.ru|tratatur.ru|krasnodar.taksi24.taxi|sky-transfer.ru|ugtaxi.ru|taxi-ug.ru|taxi533.ru|ug.taxi|perfect-taxi.ru|transferoff.ru;;;
perm-krasnokamsk;old;56;;SEO;F_AUTOPILOT;SEO автопилот;SEO_AUTOPILOT;0;20;0;taksisvo.ru|www.taxi2000.ru|taxi555.ru|catalogtaksi.ru|taxi.drive-luxe.ru|1taxopark.ru|takse.ru|rustransfer.org|taxivezde.ru|taksi-gorod.ru|obltaxi.ru|taxi-perm-perm-krai-ru.taxigator.ru|www.taxi-love.ru|2gis.ru|yandex.ru|mejgorodtaxi.ru|vse-taxi.com|mezhgorod-taksi.ru|taxigorkovskoe.ru|ru-travel.org|www.perm-taxi-region.ru|jupiter-tmc.ru|taxi-nomera.ru|deshevotaxi.ru|vk.com|uslugi.yandex.ru|perm.taptaxi.su|www.rome2rio.com|apps.apple.com|taxi.yandex.ru;Пермь;Краснокамск;2000
ekaterinburg-sysert;old;56;9;SEO;F_AUTOPILOT;SEO автопилот;SEO_AUTOPILOT;0;7;0;go.yandex|taxi555.ru|1taxopark.ru|taksisvo.ru|www.taxi2000.ru|catalogtaksi.ru|taxi.drive-luxe.ru|taxivezde.ru|city2city.ru|www.taxi-love.ru;Екатеринбург;Сысерть;3000
cheboksary-czivilsk;old;56;;SEO;F_AUTOPILOT;SEO автопилот;SEO_AUTOPILOT;0;8;0;deshevotaxi.ru|1taxopark.ru|taxi555.ru|obltaxi.ru|www.taxi2000.ru|taxi.drive-luxe.ru|ab-taxi.ru|catalogtaksi.ru|takse.ru|www.taxi-love.ru;Чебоксары;Цивильск;2000
samara-kirov;old;56;5;DIRECT;H_DIRECT_TEST;Директ тест;DIRECT_TEST;1;24;0;taxi24online.ru|samara.taxi24h.ru|taxi-cosmos.ru|xn----7sbabxukdmwuiegm.xn--p1ai|city2city.ru|taxi555.ru|www.mezhgorod.taxi|rustransfer.org|www.avito.ru|taxivezde.ru|taxi.drive-luxe.ru|catalogtaksi.ru|samara.sevastopol24.taxi|www.taxi-love.ru|jupiter-tmc.ru|www.xn-----7kcbaaphbhdai9a3awnjra5bnrctq.xn--p1ai|taxi-samara.su|taksi-gorod.ru|samara.taksi24.taxi|mezhgorod-rf.ru|unit-transfer.ru|samara.taxi-krim.com|taksikirov.ru|mejgorod-taxi.ru|taxi533.ru|taksisvo.ru|taxi-vizov.ru|samara.simferopol-aeroport.taxi|samara.aeroport-simferopol.taxi|vse-taxi.com;Самара;Киров;23100
vladivostok-habarovsk;old;56;7;DIRECT;H_DIRECT_TEST;Директ тест;DIRECT_TEST;2;15;0;taksi-gorod.ru|sky-transfer.ru|www.avito.ru|rustransfer.org|catalogtaksi.ru|unit-transfer.ru|city2city.ru|deshevotaxi.ru|taxi533.ru|drive125.ru|mezhgorod-rf.ru|ru-travel.org|jupiter-tmc.ru|taxi24online.ru|vse-taxi.com|go.yandex|mejgorodtaxi.ru|taxi.yandex.ru|www.farpost.ru|taxi-nomera.ru|transfergid.ru|2gis.ru|uslugi.yandex.ru|taxi-vladivostok-primorsky-krai-ru.taxigator.ru|mezhgorod-taksi.ru|xn--80adbhunc2aa3al.xn--80akxkdedu.xn--p1acf|vk.com|minibus.biletyplus.ru|www.intui.travel|khabarovsk.bt-one.ru;Владивосток;Хабаровск;22600
penza-zarechnyj-penzenskaya-oblast;old;56;;DIRECT;H_DIRECT_TEST;Директ тест;DIRECT_TEST;2;15;0;yandex.ru|zarechniy.taxigost.com|2gis.ru|taxivezde.ru|catalogtaksi.ru|kiwitaxi.ru|deshevotaxi.ru|1taxopark.ru|taksisvo.ru|taxi.drive-luxe.ru|vk.com|taksi-gorod.ru|www.prosto.es|zoon.ru|rustransfer.org|xn----7sbyhcmnbsdikx.xn--p1ai|www.yell.ru|mezhgorod-taksi.ru|uslugi.yandex.ru|ru-travel.org|rutaxist.ru|xn--80ajgxi.xn--80akxkdedu.xn--p1acf|mejgorodtaxi.ru|penza.spravker.ru|perevozka24.com|taxi-penza-penza-oblast-ru.taxigator.ru|www.avito.ru|penza.taximaxim.ru|zarechnyij.jsprav.ru|taxitelephone.ru;Пенза;Заречный;40000
saratov-pugachyov;old;56;4;SEO;F_AUTOPILOT;SEO автопилот;SEO_AUTOPILOT;1;21;0;taxi-ug.ru|kubtaxi.ru|sky-transfer.ru|city2city.ru|taxi-lider64.ru|1taxopark.ru|taxi555.ru|tratatur.ru|taxi.drive-luxe.ru|catalogtaksi.ru|www.avito.ru|www.taxi2000.ru|www.mezhgorod.taxi|taksisvo.ru|taxi-cosmos.ru|taxigorkovskoe.ru|taxivezde.ru|catalogtaxi.ru|uslugi.yandex.ru|taxi-russia.su|obltaxi.ru|takse.ru|mejgorodtaxi.ru|vk.com|deshevotaxi.ru|www.taxi-love.ru|www.rome2rio.com|mb-taxi.ru|mezhgorod-taksi.ru|mobilodeon.ru;Саратов;Пугачёв;7000
xabarovsk-vladivostok;old;56;2;DIRECT;H_DIRECT_TEST;Директ тест;DIRECT_TEST;3;15;0;www.avito.ru|city2city.ru|catalogtaksi.ru|jupiter-tmc.ru|vse-taxi.com|rustransfer.org|taxi533.ru|taxi24online.ru|www.intui.travel|taksi-gorod.ru|drive125.ru|www.farpost.ru|mezhgorod-rf.ru|deshevotaxi.ru|mejgorodtaxi.ru|taxi-nomera.ru|mezhgorod-taksi.ru|unit-transfer.ru|2gis.ru|taxi-khabarovsk-khabarovsk-krai-ru.taxigator.ru|vk.com|xn--80aacf4bwnk3a.xn--80akxkdedu.xn--p1acf|perevozka24.com|ru-travel.org|uslugi.yandex.ru|kiwitaxi.ru|khabarovsk.bt-one.ru|taxi.yandex.ru|minibus.biletyplus.ru|taxibaza.net;Хабаровск;Владивосток;22800
tver-kimry;old;56;;SEO;F_AUTOPILOT;SEO автопилот;SEO_AUTOPILOT;1;21;0;1taxopark.ru|deshevotaxi.ru|taksi-gorod.ru|catalogtaksi.ru|taxivezde.ru|taxi-tver.com|taksisvo.ru|taxi.drive-luxe.ru|rustransfer.org|taxi555.ru|www.mezhgorod.taxi|xn----7sbyhcmnbsdikx.xn--p1ai|www.taxi2000.ru|takse.ru|vse-taxi.com|www.taxi-love.ru|taksi-services.ru|mejgorodtaxi.ru|oblastnoe-taxi.ru|mezhgorod-taksi.ru|taxi-tver-tver-oblast-ru.taxigator.ru|transfergid.ru|taxi-mezhgorod24.ru|m.avito.ru|www.rome2rio.com|xn----7sbgnfw0acspf.xn--p1ai|uslugi.yandex.ru|my-intercity.ru|mezhdugorodnee-taksi.ru|xn--80affnblthori.xn--p1ai;Тверь;Кимры;3000
lipeczk-tambov;old;56;3;SEO;F_AUTOPILOT;SEO автопилот;SEO_AUTOPILOT;2;23;0;kubtaxi.ru|taksi-gorod.ru|city2city.ru|taxi-russia.su|catalogtaksi.ru|kiwitaxi.ru|tratatur.ru|lipetsk.taxi24h.ru|lipetsk.taksi24.taxi|taxi555.ru|taxi.drive-luxe.ru|taxi-ug.ru|lipetsk.sevastopol24.taxi|ug.taxi|taxi533.ru|1taxopark.ru|rustransfer.org|taxivezde.ru|mejgorod-taxi.ru|www.mezhgorod.taxi|mezhgorod-rf.ru|obltaxi.ru|mezhdugorodnee-taxi24.ru|transfers.unitaxi.ru|jupiter-tmc.ru|mb-taxi.ru|www.taxi-love.ru|vse-taxi.com|www.avito.ru|lipetsk.aeroport-simferopol.taxi;Липецк;Тамбов;5000
tambov-lipeczk;old;56;26;SEO;F_AUTOPILOT;SEO автопилот;SEO_AUTOPILOT;3;22;0;tambov.sevastopol24.taxi|kubtaxi.ru|www.avito.ru|tambov.taxi24h.ru|taxi-ug.ru|kiwitaxi.ru|catalogtaksi.ru|taksi-gorod.ru|tratatur.ru|taxi555.ru|taksisvo.ru|1taxopark.ru|rustransfer.org|ug.taxi|taxi533.ru|taxi-russia.su|taxivezde.ru|taxi.drive-luxe.ru|mezhgorod-rf.ru|mezhgorod.taxi-ekvator.ru|obltaxi.ru|vse-taxi.com|www.mezhgorod.taxi|www.taxi-love.ru|mejgorod-taxi.ru|city2city.ru|www.rome2rio.com|www.intui.travel|tambov.aeroport-simferopol.taxi|taxi-nomera.ru;Тамбов;Липецк;4900
kirov-samara;old;56;18;DIRECT;H_DIRECT_TEST;Директ тест;DIRECT_TEST;1;23;0;taksikirov.ru|www.avito.ru|kirov.taxi24h.ru|sky-transfer.ru|taksi-gorod.ru|www.taxi2000.ru|catalogtaksi.ru|taksisvo.ru|taxi533.ru|www.mezhgorod.taxi|kirov.yalta-24.taxi|taxi-cosmos.ru|kirov.taxi-krim.com|taxi555.ru|taxivezde.ru|mezhgorod-rf.ru|taxi-russia.su|city2city.ru|jupiter-tmc.ru|obltaxi.ru|www.taxi-love.ru|korona-taksi.ru|deshevotaxi.ru|kirov.aeroport-simferopol.taxi|www.xn-----7kcbaaphbhdai9a3awnjra5bnrctq.xn--p1ai|mobilodeon.ru|mejgorodtaxi.ru|vse-taxi.com|taxi-nomera.ru|routes43.ru;Киров;Самара;23100
moskva-cheboksary;new;55;;DIRECT;H_DIRECT_TEST;Директ тест;POTENTIAL_DIRECT_NEW;10;18;1;taxi-mobil.ru|msk.taxiarkadiya.ru|wing-taxi.ru|moskva.taxi24h.ru|www.taximasters.ru|yandex.ru|taxidaleko.ru|ugtaxi.ru|www.avito.ru|moskva.taksi24.taxi;;;
cheboksary-moskva;new;55;;DIRECT;H_DIRECT_TEST;Директ тест;POTENTIAL_DIRECT_NEW;9;20;1;www.avito.ru|taxiarkadiya.ru|yandex.ru|sky-transfer.ru|taxi-mobil.ru|vk.com|msk.taxi|www.mezhgorod.taxi|unit21.ru|www.taxi-love.ru;;;
bratsk-krasnojarsk;old;55;;DIRECT;H_DIRECT_TEST;Директ тест;DIRECT_TEST;1;6;0;drivee.com|www.avito.ru|sky-transfer.ru|rustransfer.org|taksi-gorod.ru|supl.biz|taxi533.ru|jupiter-tmc.ru|catalogtaksi.ru|vse-taxi.com;Братск;Красноярск;20400
ekaterinburg-miass;old;55;2;SEO;F_AUTOPILOT;SEO автопилот;SEO_AUTOPILOT;1;6;0;www.avito.ru|city2city.ru|nexttax.ru|taxi555.ru|catalogtaksi.ru|taxi533.ru|1taxopark.ru|taksisvo.ru|taksi-ekb.ru|taxi.drive-luxe.ru;Екатеринбург;Миасс;7200
irkutsk-kirensk;old;55;2;DIRECT;H_DIRECT_TEST;Директ тест;DIRECT_TEST;0;2;0;vk.com|city2city.ru|m.ok.ru|taksi-gorod.ru|rustransfer.org|yandex.ru|takse.ru|jupiter-tmc.ru|2gis.ru|taxomarket.ru;Иркутск;Киренск;28500
samara-poxvistnevo;old;55;15;SEO;F_AUTOPILOT;SEO автопилот;SEO_AUTOPILOT;2;17;0;vk.com|xn----7sbabxukdmwuiegm.xn--p1ai|www.taxi2000.ru|t.me|ab-taxi.ru|dzen.ru|kiwitaxi.ru|taxi555.ru|1taxopark.ru|unit-transfer.ru|taksisvo.ru|www.mezhgorod.taxi|taxi.drive-luxe.ru|takse.ru|city2city.ru|taxi-cosmos.ru|catalogtaksi.ru|taxivezde.ru|perevozchik163.ru|rustransfer.org|www.avito.ru|obltaxi.ru|www.taxi-love.ru|deshevotaxi.ru|taxi-samara.su|xn----7sbp3acjidhfbkt.su|transfers.unitaxi.ru|uslugi.yandex.ru|mobilodeon.ru|taxomarket.ru;Самара;Похвистнево;5100
velikiy-novgorod-malaya-vishera;old;55;9;SEO;F_AUTOPILOT;SEO автопилот;SEO_AUTOPILOT;1;20;0;deshevotaxi.ru|catalogtaksi.ru|taxi555.ru|rustransfer.org|1taxopark.ru|xn----7sbyhcmnbsdikx.xn--p1ai|taxi.drive-luxe.ru|www.taxi2000.ru|city2city.ru|yandex.ru|taksi-gorod.ru|taksisvo.ru|taxivezde.ru|www.taxi-rokada.ru|takse.ru|www.taxi-love.ru|ru-travel.org|vtstaxi.ru|taxi-veliky-novgorod-novgorod-oblast-ru.taxigator.ru|vk.com|obltaxi.ru|mezhgorod-taksi.ru|taxi-nomera.ru|taxi-mezhgorod24.ru|transfergid.ru|internet-taksi.ru|www.avito.ru|eduskomfortom.ru|y-taxi.ru|xn--80afdpcl3cf.xn--p1ai;Великий Новгород;Малая Вишера;4000
krasnoyarsk-zelenogorsk;old;55;5;SEO;F_AUTOPILOT;SEO автопилот;SEO_AUTOPILOT;3;16;0;taxi555.ru|www.taxi2000.ru|kiwitaxi.ru|vk.com|city2city.ru|catalogtaksi.ru|1taxopark.ru|taksi-gorod.ru|taxi.drive-luxe.ru|rustransfer.org|deshevotaxi.ru|taxivezde.ru|obltaxi.ru|www.taxi-love.ru|ru-travel.org|vse-taxi.com|unit21.ru|takse.ru|2gis.ru|mezhgorod-taksi.ru|www.tourister.ru|www.intui.travel|taxi-nomera.ru|www.rome2rio.com|xn--80atblfjdfd2l.xn--80akxkdedu.xn--p1acf|www.avito.ru|taxi-krasnoyarsk-krasnoyarsk-krai-ru.taxigator.ru|krasnoyarsk.taximaxim.ru|xn--24-6kchk7b2h.xn--p1ai|taxiport24.ru;Красноярск;Зеленогорск;5100
ekaterinburg-beryozovskij;old;55;;SEO;E_MONITOR;SEO мониторинг;SEO_MONITOR;1;4;0;berezovski1.taximaxim.ru|2gis.ru|deshevotaxi.ru|kiwitaxi.ru|uslugi.yandex.ru|taxivezde.ru|willway.ru|taksisvo.ru|www.rome2rio.com|city-mobil.ru;Екатеринбург;Берёзовский;2000
svo-taxi-rossosh-belgorod;old;55;;SEO;F_AUTOPILOT;SEO автопилот;SEO_AUTOPILOT;1;17;0;yandex.ru|2gis.ru|m.avito.ru|vk.com|zoon.ru|uslugi.yandex.ru|perevozka24.com|taxi.yandex.ru|rutaxist.ru|vse-taxi.com|rossosh.spravker.ru|taxieconom.ru|vk.link|uslugio.com|taxigoroda.ru|rossosh.jsprav.ru|intaxi.ru|m.ok.ru|deshevotaxi.ru|taksirossosh.clients.site|qq-taxi.ru|taxirossosh.ru|glasstaxi.ru|edinaja-sluzhba-taksi-ulitsa-pravdy.clients.site|fleeka.ru|xn--80aqfrakfdac9e4b.xn--p1ai|taxitops.ru|taxi-po-svetu.ru|taksi-rossosh-taxi.clients.site|taksi-rossosh-1694403943.clients.site;Россошь;Белгород;7800
saratov-xvalynsk;old;55;7;SEO;F_AUTOPILOT;SEO автопилот;SEO_AUTOPILOT;2;21;0;kubtaxi.ru|www.avito.ru|www.taxi2000.ru|1taxopark.ru|taxi555.ru|tratatur.ru|city2city.ru|rustransfer.org|taxi-ug.ru|taxi.drive-luxe.ru|deshevotaxi.ru|xn----7sbyhcmnbsdikx.xn--p1ai|takse.ru|www.mezhgorod.taxi|taxivezde.ru|catalogtaksi.ru|obltaxi.ru|taxi-lider64.ru|www.taxi-rokada.ru|taksisvo.ru|jupiter-tmc.ru|taxi-cosmos.ru|www.taxi-love.ru|taxi-russia.su|mejgorodtaxi.ru|uslugi.yandex.ru|www.intui.travel|mb-taxi.ru|taxi-nomera.ru|regionaltaxi.ru;Саратов;Хвалынск;6900
stavropol-kislovodsk;old;55;16;SEO;F_AUTOPILOT;SEO автопилот;SEO_AUTOPILOT;2;21;0;tratatur.ru|kubtaxi.ru|taxi-ug.ru|ugtaxi.ru|autoyellow.ru|taxi.transferplustravel.com|taxi555.ru|rustransfer.org|kiwitaxi.ru|geltaxi.ru|ugtravel.ru|taksisvo.ru|1taxopark.ru|ug.taxi|sochi.taxi|city2city.ru|www.taxi2000.ru|taxi.drive-luxe.ru|perfect-taxi.ru|taxi-russia.su|taxivezde.ru|mezhgorod-rf.ru|radartaxi.ru|catalogtaksi.ru|deshevotaxi.ru|www.taxi-love.ru|obltaxi.ru|www.avito.ru|vse-taxi.com|ru-travel.org;Ставрополь;Кисловодск;6200
moskva-dmitriev;new;54;;DIRECT;H_DIRECT_TEST;Директ тест;POTENTIAL_DIRECT_NEW;11;15;1;taxi555.ru|ab-taxi.ru|wing-taxi.ru|1taxopark.ru|www.mezhgorod.taxi|www.taxi-love.ru|www.taxi2000.ru|obltaxi.ru|taxivezde.ru|mezhgorod.taxi-ekvator.ru;;;
krasnodar-timashyovsk;new;54;;DIRECT;H_DIRECT_TEST;Директ тест;POTENTIAL_DIRECT_NEW;14;12;2;kubtaxi.ru|go.yandex|taxi-ug.ru|tratatur.ru|taxiresort.ru|willway.ru|ugtravel.com|kiwitaxi.ru|transferoff.ru|1taxopark.ru;;;
ryazan-rybnoe;new;54;;DIRECT;H_DIRECT_TEST;Директ тест;POTENTIAL_DIRECT_NEW;23;7;2;yandex.ru|kubtaxi.ru|2gis.ru|1taxopark.ru|tratatur.ru|deshevotaxi.ru|taxi.drive-luxe.ru|taxi555.ru|zoon.ru|www.taxi2000.ru;;;
orenburg-kuvandyk;old;54;2;SEO;F_AUTOPILOT;SEO автопилот;SEO_AUTOPILOT;3;17;0;taxi555.ru|city2city.ru|taksi-gorod.ru|www.taxi2000.ru|taksisvo.ru|1taxopark.ru|taxi.drive-luxe.ru|yandex.ru|deshevotaxi.ru|catalogtaksi.ru|rustransfer.org|taxi-russia.su|taxivezde.ru|obltaxi.ru|nexttax.ru|vk.com|mejgorodtaxi.ru|www.taxi-love.ru|mezhgorod.taxi-ekvator.ru|www.blablacar.ru|www.avito.ru|takse.ru|www.intui.travel|www.rome2rio.com|taxi-nomera.ru|mobilodeon.ru|mezhgorod-taksi.ru|t.me|taxigator.ru|xn--90aee6admdx.xn--80akxkdedu.xn--p1acf;Оренбург;Кувандык;6400
ufa-nizhnekamsk;old;54;;DIRECT;H_DIRECT_TEST;Директ тест;DIRECT_TEST;1;19;0;taxi.yandex.ru|ufa.taximaxim.ru|vezet.ru|2gis.ru|yandex.ru|ufa1.ru|m.avito.ru|ufa.taxipoehali.ru|city-mobil.ru|www.yell.ru|zoon.ru|uslugi.yandex.ru|go.yandex|ufa.flamp.ru|taxiufa.ru|ufa.taptaxi.su|taximini-ufa.ru|vip-taxi-ufa.ru|rutaxi.ru|perevozka24.com|taksi-ufa.ru|taxi-nomera.ru|taxi-mini.ru|taxieconom.ru|rutaxist.ru|taxiufa.su|taxi-mini-ufa.ru|taxi-ufa.ru|taxiufa.com|taximinimalka.ru;Уфа;Нижнекамск;10200
ekaterinburg-kazan;old;54;3;DIRECT;H_DIRECT_TEST;Директ тест;DIRECT_TEST;0;9;0;ugtaxi.ru|sky-transfer.ru|city2city.ru|transfer-kazan.ru|yekaterinburg.taksi24.taxi|taksi-ekb.ru|yekaterinburg.taxi24h.ru|taksi-gorod.ru|taxi24online.ru|taxi533.ru;Екатеринбург;Казань;26700
kursk-belgorod;old;54;;SEO;F_AUTOPILOT;SEO автопилот;SEO_AUTOPILOT;2;27;0;www.avito.ru|taksi-gorod.ru|kiwitaxi.ru|taxi-ug.ru|kubtaxi.ru|kursk.taksi24.taxi|taxi533.ru|kursk.sevastopol24.taxi|ug.taxi|kursk.taxi24h.ru|tratatur.ru|sochi.taxi|taksisvo.ru|taxi-cosmos.ru|transfers.unitaxi.ru|rustransfer.org|www.mezhgorod.taxi|levtransfer.ru|catalogtaksi.ru|kursk.aeroport-simferopol.taxi|taxi.drive-luxe.ru|unit-transfer.ru|www.taxi-love.ru|mejgorod-taxi.ru|taxivezde.ru|taxi-russia.su|vse-taxi.com|kursk.simferopol-aeroport.taxi|deshevotaxi.ru|obltaxi.ru;Курск;Белгород;4000
novosibirsk-yurga;old;54;;SEO;F_AUTOPILOT;SEO автопилот;SEO_AUTOPILOT;1;20;0;go.yandex|sky-transfer.ru|starcars54.ru|abv-auto.com|willway.ru|ugtaxi.ru|taksi-gorod.ru|taxi555.ru|kiwitaxi.ru|www.taxi2000.ru|1taxopark.ru|aa-go.ru|turtransfer.ru|taxi.drive-luxe.ru|taxivezde.ru|catalogtaksi.ru|rustransfer.org|www.taxi-love.ru|obltaxi.ru|taxi-russia.su|takse.ru|viptaxinsk.ru|vse-taxi.com|jupiter-tmc.ru|mezhgorod-taksi.ru|transferug.ru|deshevotaxi.ru|alfa-taxi154.ru|vk.com|sib-transfer.ru;Новосибирск;Юрга;5500
samara-otradnaya;new;53;;DIRECT;H_DIRECT_TEST;Директ тест;POTENTIAL_DIRECT_NEW;18;10;4;vk.com|www.xn-----7kcbaaphbhdai9a3awnjra5bnrctq.xn--p1ai|dzen.ru|samara.sky-transfer.ru|unit-transfer.ru|taksi-gorod.ru|www.mezhgorod.taxi|kiwitaxi.ru|samara.taksi24.taxi|taksisvo.ru;;;
ulyanovsk-zavolzhe;new;53;;DIRECT;H_DIRECT_TEST;Директ тест;POTENTIAL_DIRECT_NEW;20;5;3;yandex.ru|2gis.ru|www.yell.ru|taxi.yandex.ru|zoon.ru|ulyanovsk.taxovichkof.ru|ulyanovsk.spravker.ru|ulyanovsk.taximaxim.ru|taksisvo.ru|vk.com;;;
ryazan-skopin;old;53;2;SEO;F_AUTOPILOT;SEO автопилот;SEO_AUTOPILOT;1;21;0;kubtaxi.ru|city2city.ru|tratatur.ru|xn----7sbyhcmnbsdikx.xn--p1ai|taxi555.ru|1taxopark.ru|www.taxi2000.ru|www.mezhgorod.taxi|taksi-gorod.ru|taksisvo.ru|rustransfer.org|taxivezde.ru|taxi-ug.ru|ab-taxi.ru|catalogtaksi.ru|www.rome2rio.com|takse.ru|taxi.drive-luxe.ru|www.taxi-love.ru|deshevotaxi.ru|www.taxi-rokada.ru|obltaxi.ru|mejgorodtaxi.ru|transfergid.ru|rzn-transfer.ru|www.avito.ru|mezhgorod-taksi.ru|transfer62.ru|jupiter-tmc.ru|sky-avto.ru;Рязань;Скопин;3600
bryansk-domodedovo;old;53;;DIRECT;H_DIRECT_TEST;Директ тест;DIRECT_TEST;1;8;0;www.avito.ru|transfer-bryansk-moskva.ru|bryansk.taxi24h.ru|wing-taxi.ru|taxi555.ru|bryansk.sevastopol24.taxi|1taxopark.ru|msk.taxi|bryansk.taxi-krim.com|taxi-mobil.ru;Брянск;Домодедово;12000
vladivostok-yakutsk;old;53;2;DIRECT;H_DIRECT_TEST;Директ тест;DIRECT_TEST;2;13;0;sky-transfer.ru|city2city.ru|mezhgorod-rf.ru|vse-taxi.com|2gis.ru|takse.ru|mejgorodtaxi.ru|xn--80adbhunc2aa3al.xn--80akxkdedu.xn--p1acf|catalogtaksi.ru|mezhgorod-taksi.ru|taxi-nomera.ru|deshevotaxi.ru|doska.ykt.ru|www.avito.ru|taksi-gorod.ru|youla.ru|vk.com|taxi-vladivostok-primorsky-krai-ru.taxigator.ru|transfergid.ru|www.farpost.ru|go.yandex|taxi.yandex.ru|portaluslug.ru|uslugi.yandex.ru|drive125.ru|mom.life|uslugio.com|vladivostok.taximaxim.ru|nomera-taksi.ru|zoon.ru;Владивосток;Якутск;93000
kemerovo-krasnoyarsk;old;53;5;DIRECT;H_DIRECT_TEST;Директ тест;DIRECT_TEST;0;7;0;kemerovo.sky-transfer.ru|royalcars54.ru|taksi-gorod.ru|1taxopark.ru|city2city.ru|www.mezhgorod.taxi|www.taxi2000.ru|rustransfer.org|taxivezde.ru|taxi.drive-luxe.ru;Кемерово;Красноярск;15800
samara-otradnyj;old;53;;SEO;F_AUTOPILOT;SEO автопилот;SEO_AUTOPILOT;2;17;0;dzen.ru|xn----7sbabxukdmwuiegm.xn--p1ai|vk.com|taksisvo.ru|www.avito.ru|samara.sky-transfer.ru|taxi555.ru|kiwitaxi.ru|taksi-gorod.ru|yandex.ru|obltaxi.ru|taxi.drive-luxe.ru|2gis.ru|taxivezde.ru|unit-transfer.ru|xn----7sbyhcmnbsdikx.xn--p1ai|takse.ru|deshevotaxi.ru|perevozchik163.ru|catalogtaksi.ru|samara.taksi24.taxi|taxi-samara.su|uslugi.yandex.ru|xn----7sbp3acjidhfbkt.su|transfers.unitaxi.ru|xn--163-5cd4bl3cf.xn--p1ai|allotaxi63.ru|samara-airport.com|taxi.yandex.ru|taxi-cosmos.ru;Самара;Отрадный;3000
samara-chapaevsk;old;53;12;SEO;F_AUTOPILOT;SEO автопилот;SEO_AUTOPILOT;2;18;0;go.yandex|kiwitaxi.ru|uslugi.yandex.ru|xn----7sbabxukdmwuiegm.xn--p1ai|www.avito.ru|taksi-gorod.ru|taxi555.ru|taksisvo.ru|www.mezhgorod.taxi|taxi.drive-luxe.ru|1taxopark.ru|city2city.ru|catalogtaksi.ru|vse-taxi.com|www.taxi2000.ru|mejgorodtaxi.ru|taxivezde.ru|www.taxi-rokada.ru|ru-travel.org|takse.ru|mejgorod-taxi.ru|www.xn-----7kcbaaphbhdai9a3awnjra5bnrctq.xn--p1ai|obltaxi.ru|www.taxi-love.ru|taxi-cosmos.ru|taxomarket.ru|perevozchik163.ru|deshevotaxi.ru|taxikawai.ru|www.xn-----6kcb2bleqpadhldcfolvb0gxf.xn--p1ai;Самара;Чапаевск;3000
orenburg-sterlitamak;old;53;23;SEO;F_AUTOPILOT;SEO автопилот;SEO_AUTOPILOT;2;18;0;www.avito.ru|vk.com|taxi555.ru|taxi533.ru|nexttax.ru|rustransfer.org|www.taxi2000.ru|taksisvo.ru|1taxopark.ru|yandex.ru|taxi.drive-luxe.ru|taxivezde.ru|catalogtaxi.ru|mezhgorod-rf.ru|www.taxi-love.ru|ru-travel.org|taxi-cosmos.ru|deshevotaxi.ru|obltaxi.ru|www.intui.travel|taxi-russia.su|orenburg-ufa.ru|city2city.ru|www.rome2rio.com|mejgorodtaxi.ru|minibus.biletyplus.ru|vse-taxi.com|taxi-nomera.ru|taxi56.tb.ru|transfergid.ru;Оренбург;Стерлитамак;7200
yakutsk-vladivostok;old;53;3;DIRECT;H_DIRECT_TEST;Директ тест;DIRECT_TEST;2;13;0;2gis.ru|taksi-gorod.ru|city2city.ru|takse.ru|mezhgorod-rf.ru|doska.ykt.ru|catalogtaksi.ru|mejgorodtaxi.ru|sky-transfer.ru|vk.com|mezhgorod-taksi.ru|vse-taxi.com|deshevotaxi.ru|taxi-nomera.ru|xn--j1aaude4e.xn--80akxkdedu.xn--p1acf|www.avito.ru|youla.ru|uslugi.yandex.ru|taxi-yakutsk-sakha-republic-ru.taxigator.ru|transfergid.ru|mom.life|portaluslug.ru|taxi.yandex.ru|perevozka24.com|uslugio.com|yakutsk.gde.ru|www.farpost.ru|yandex.ru|drive-land.net|catalogtaxi.ru;Якутск;Владивосток;92700
samara-kinel;old;53;;SEO;F_AUTOPILOT;SEO автопилот;SEO_AUTOPILOT;1;19;0;go.yandex|vk.com|taxi555.ru|unit-transfer.ru|kiwitaxi.ru|taxivezde.ru|1taxopark.ru|takse.ru|taksisvo.ru|taxi24online.ru|www.taxi2000.ru|xn----7sbyhcmnbsdikx.xn--p1ai|taxi.drive-luxe.ru|rustransfer.org|dzen.ru|catalogtaksi.ru|www.xn-----7kcbaaphbhdai9a3awnjra5bnrctq.xn--p1ai|obltaxi.ru|perevozchik163.ru|deshevotaxi.ru|2gis.ru|mejgorodtaxi.ru|uslugi.yandex.ru|ru-travel.org|taxikawai.ru|www.taxi-love.ru|taxi-goroda.ru|taxi-samara-samara-oblast-ru.taxigator.ru|transfers.unitaxi.ru|taksi-gorod.ru;Самара;Кинель;2000
kirov-murashi;old;53;10;SEO;F_AUTOPILOT;SEO автопилот;SEO_AUTOPILOT;1;18;0;vk.com|www.taxi2000.ru|taksikirov.ru|www.mezhgorod.taxi|mejgorodtaxi.ru|1taxopark.ru|taxi.drive-luxe.ru|taksisvo.ru|rustransfer.org|city2city.ru|routes43.ru|taxivezde.ru|www.taxi-rokada.ru|takse.ru|www.taxi-love.ru|obltaxi.ru|catalogtaksi.ru|deshevotaxi.ru|yandex.ru|mobilodeon.ru|taxi-mini.ru|www.rome2rio.com|taxi-nomera.ru|mezhgorod-taksi.ru|www.intui.travel|xn--80aaahzdndlon5ak.xn--p1ai|perevozka24.com|uslugi.yandex.ru|myrahsi-perevozki.orgs.biz|www.xn----7sbhwbjc7arfi.xn--p1ai;Киров;Мураши;4100
moskva-rossosh;new;52;;DIRECT;H_DIRECT_TEST;Директ тест;POTENTIAL_DIRECT_NEW;8;19;0;moskva.sky-transfer.ru|taxi555.ru|msk.taxiarkadiya.ru|kubtaxi.ru|ab-taxi.ru|zakaz.mezhgorod.taxi|levtransfer.ru|1taxopark.ru|taxivezde.ru|www.taxi-love.ru;;;
volgograd-sovetskij;new;52;;DIRECT;H_DIRECT_TEST;Директ тест;POTENTIAL_DIRECT_NEW;16;6;3;yandex.ru|uslugi.yandex.ru|vk.com|volgograd.spravker.ru|taxivolgograd.ru|taxi-cosmos.ru|2gis.ru|taxi.yandex.ru|www.volgograd.kp.ru|m.avito.ru;;;
volgograd-sovetskoe;new;52;;DIRECT;H_DIRECT_TEST;Директ тест;POTENTIAL_DIRECT_NEW;16;10;4;yandex.ru|volgograd.spravker.ru|vk.com|uslugi.yandex.ru|taxi-cosmos.ru|taxi.yandex.ru|volgograd.jsprav.ru|yandex.ru|2gis.ru|taxivolgograd.ru;;;
rostov-kursk;new;52;2;SEO;F_AUTOPILOT;SEO автопилот;SEO_AUTOPILOT_NEW;9;18;0;kubtaxi.ru|city2city.ru|tratatur.ru|taxi533.ru|ug.taxi|taxi-ug.ru|www.avito.ru|unit-transfer.ru|rustransfer.org|rostov.taxi24h.ru;;;
vladimir-gus-xrustalnyj;old;52;;SEO;F_AUTOPILOT;SEO автопилот;SEO_AUTOPILOT;2;22;0;deshevotaxi.ru|taxi555.ru|kiwitaxi.ru|taxi24online.ru|transfer-vlad33.ru|mejgorod-taxi.ru|xn--33-6kcu3bqdcefbvh.xn--p1ai|taksi-gorod.ru|rustransfer.org|catalogtaksi.ru|taxivezde.ru|xn----7sbyhcmnbsdikx.xn--p1ai|taksisvo.ru|www.taxi-love.ru|mejgorodtaxi.ru|obltaxi.ru|mobilodeon.ru|ru-travel.org|mezhgorod-taksi.ru|taksi-services.ru|mezhdugorodnee-taksi-moskva.ru|www.avito.ru|www.rome2rio.com|taxi-vladimir-vladimir-oblast-ru.taxigator.ru|taxi-nomera.ru|uslugi.yandex.ru|order-taxi.ru|www.taxi-rokada.ru|transfergid.ru|taxi.yandex.ru;Владимир;Гусь-Хрустальный;2000
krasnodar-slavyansk-na-kubani;old;52;;SEO;F_AUTOPILOT;SEO автопилот;SEO_AUTOPILOT;1;21;0;kubtaxi.ru|go.yandex|taxi-ug.ru|tratatur.ru|taxiresort.ru|kiwitaxi.ru|taxi-svobodnoe.ru|transferoff.ru|ugtaxi.ru|www.taxisea.ru|willway.ru|taxi.transferplustravel.com|taxi555.ru|geltaxi.ru|perfect-taxi.ru|1taxopark.ru|taksi-gorod.ru|www.krd-taxi.ru|mezhgorod-rf.ru|taxi.drive-luxe.ru|mejgorod-taxi.ru|go.ridence.ru|www.mezhgorod.taxi|xn----7sbyhcmnbsdikx.xn--p1ai|krasnodar.simferopol-official.taxi|centertaxi-krd.ru|www.taxi-love.ru|rustransfer.org|taxivezde.ru|takse.ru;Краснодар;Славянск-на-Кубани;2500
tambov-voronezh;old;52;;SEO;F_AUTOPILOT;SEO автопилот;SEO_AUTOPILOT;2;24;0;kubtaxi.ru|kiwitaxi.ru|taxi-ug.ru|www.avito.ru|tambov.sevastopol24.taxi|tambov.taxi24h.ru|tratatur.ru|catalogtaksi.ru|taxi555.ru|taksi-gorod.ru|mezhgorod-rf.ru|1taxopark.ru|rustransfer.org|ab-taxi.ru|taksisvo.ru|ug.taxi|taxi.drive-luxe.ru|taxi533.ru|mejgorod-taxi.ru|taxivezde.ru|www.mezhgorod.taxi|taxi-russia.su|mezhgorod.taxi-ekvator.ru|deshevotaxi.ru|www.taxi-love.ru|vse-taxi.com|tambov.aeroport-simferopol.taxi|obltaxi.ru|mb-taxi.ru|1tmehgorod.ru;Тамбов;Воронеж;6500
velikiy-novgorod-staraya-russa;old;52;10;SEO;F_AUTOPILOT;SEO автопилот;SEO_AUTOPILOT;1;21;0;sky-transfer.ru|www.rome2rio.com|catalogtaksi.ru|taxi555.ru|taksi-gorod.ru|taxi.drive-luxe.ru|1taxopark.ru|www.taxi-rokada.ru|rustransfer.org|city2city.ru|vtstaxi.ru|ru-travel.org|taxivezde.ru|www.taxi2000.ru|takse.ru|deshevotaxi.ru|taxi-veliky-novgorod-novgorod-oblast-ru.taxigator.ru|taksisvo.ru|www.taxi-love.ru|vk.com|taxi-nomera.ru|taxi-russia.ru|www.avito.ru|mezhgorod-taksi.ru|taxi-mezhgorod24.ru|uslugi.yandex.ru|taxitaksi.ru|y-taxi.ru|xn----ctbbefcvajij3anca5a.xn--80akxkdedu.xn--p1acf|transfergid.ru;Великий Новгород;Старая Русса;3600
moskva-komsomolskij;new;51;3;SEO;F_AUTOPILOT;SEO автопилот;SEO_AUTOPILOT_NEW;12;14;1;ugtaxi.ru|www.mezhgorod.taxi|city2city.ru|taximoskva.com|taxi555.ru|wing-taxi.ru|taksi777.ru|radartaxi.ru|www.taxi-love.ru|taxi.yandex.ru;;;
moskva-sevastopol;new;51;;DIRECT;H_DIRECT_TEST;Директ тест;POTENTIAL_DIRECT_NEW;3;26;1;cvo-taxi.ru|m.avito.ru|moskva.taxi24h.ru|taxi.ugtravel.com|moskva.sevastopol24.taxi|moskva.taksi24.taxi|sip.taxi|moskva.taxi-krim.com|msk.taxi|alfataxi82.ru;;;
sankt-peterburg-krasnyj;new;51;;DIRECT;H_DIRECT_TEST;Директ тест;POTENTIAL_DIRECT_NEW;15;13;4;krasnoseltaxi.ru|kr-selo.taxovichkof.ru|ugtaxi.ru|yandex.ru|taxi.yandex.ru|taxideshevo.com|2gis.ru|zoon.ru|utaxi-spb.ru|yandex.ru;;;
sankt-peterburg-pesochnoe;new;51;;DIRECT;H_DIRECT_TEST;Директ тест;POTENTIAL_DIRECT_NEW;14;15;2;yandex.ru|sankt-peterburg.sevastopol24.taxi|taksisvo.ru|taxi628.ru|vk.com|utaxi-spb.ru|kiwitaxi.ru|ug.taxi|ugtaxi.ru|sankt-peterburg.taxi-krim.com;;;
nizhnij-novgorod-bogorodsk;new;51;;DIRECT;H_DIRECT_TEST;Директ тест;POTENTIAL_DIRECT_NEW;26;2;4;go.yandex|taxi.yandex.ru|kiwitaxi.ru|taxi555.ru|taksi-gorod.ru|yandex.ru|1taxopark.ru|www.avito.ru|taksisvo.ru|taxivezde.ru;;;
novosibirsk-omsk;new;51;12;SEO;F_AUTOPILOT;SEO автопилот;SEO_AUTOPILOT_NEW;12;12;0;sky-transfer.ru|royalcars54.ru|www.avito.ru|starcars54.ru|abv-auto.com|www.mezhgorod.taxi|turtransfer.ru|1taxopark.ru|vk.com|rustransfer.org;;;
ufa-ashe;new;51;20;NONE;Z_LOW_PRIORITY;Низкий приоритет (новые);LOW_PRIORITY;16;11;1;taxi24online.ru|taksi-ufa.ru|taximini-ufa.ru|www.avito.ru|kiwitaxi.ru|rustransfer.org|www.mezhgorod.taxi|yandex.ru|www.taxi2000.ru|taksi-gorod.ru;;;
omsk-novosibirsk;old;51;14;DIRECT;H_DIRECT_TEST;Директ тест;DIRECT_TEST;1;20;0;sky-transfer.ru|royalcars54.ru|www.avito.ru|ugtaxi.ru|1taxopark.ru|taxivezde.ru|taksi-gorod.ru|www.taxi2000.ru|jupiter-tmc.ru|taxi533.ru|www.mezhgorod.taxi|mezhgorod-rf.ru|rustransfer.org|city2city.ru|taxi-russia.su|www.taxi-love.ru|taxi.drive-luxe.ru|vk.com|vse-taxi.com|transferug.ru|starcars54.ru|mejgorodtaxi.ru|mezhgorod.taxi-ekvator.ru|mezhgorod-taksi.ru|abv-auto.com|deshevotaxi.ru|www.transfer-go.ru|catalogtaksi.ru|taxi-nomera.ru|omsk.taxovichkof.ru;Омск;Новосибирск;19500
krasnodar-belorechensk;old;51;;SEO;F_AUTOPILOT;SEO автопилот;SEO_AUTOPILOT;3;19;0;kubtaxi.ru|taxi-ug.ru|tratatur.ru|taxiresort.ru|sky-transfer.ru|kiwitaxi.ru|ugtaxi.ru|perfect-taxi.ru|taxi555.ru|geltaxi.ru|centertaxi-krd.ru|transferoff.ru|1taxopark.ru|taxi-ug-region23.ru|yandex.ru|www.avito.ru|willway.ru|www.taxisea.ru|www.taxi2000.ru|xn----7sbyhcmnbsdikx.xn--p1ai|catalogtaxi.ru|taksisvo.ru|go.ridence.ru|www.intui.travel|mejgorod-taxi.ru|taxi-transfer-krasnodar-belorechensk.ru|taxi.drive-luxe.ru|siti-free.clients.site|mezhgorod-rf.ru|taxivezde.ru;Краснодар;Белореченск;3500
chelyabinsk-orenburg;old;51;;DIRECT;H_DIRECT_TEST;Директ тест;DIRECT_TEST;1;6;0;intercity74.ru|www.avito.ru|driver174.ru|taksi-gorod.ru|taxi533.ru|taxidesyatka.ru|chelyabinsk.sevastopol24.taxi|taxi555.ru|chelyabinsk.taxi24h.ru|1taxopark.ru;Челябинск;Оренбург;22400
moskva-valujki;old;51;;DIRECT;H_DIRECT_TEST;Директ тест;DIRECT_TEST;1;25;0;taxi555.ru|turtransfer.ru|ab-taxi.ru|1taxopark.ru|taxivezde.ru|www.taxi-love.ru|www.mezhgorod.taxi|rustransfer.org|moskva.taxideshevo.com|taxi.drive-luxe.ru|taxi-cosmos.ru|mos.taxitoday.ru|levtransfer.ru|www.avito.ru|ugtaxi.ru|taxi-mobil.ru|taxi24online.ru|mezhgorod.taxi-ekvator.ru|taksi777.ru|www.taxi2000.ru|taksi-gorod.ru|takse.ru|taxispeed.ru|cvo-taxi.ru|cabway.ru|taksisvo.ru|xn----7sbyhcmnbsdikx.xn--80adxhks|taxi-svobodnoe.ru|wing-taxi.ru|taxidaleko.ru;Москва;Валуйки;22500
oryol-zheleznogorsk;old;51;2;SEO;F_AUTOPILOT;SEO автопилот;SEO_AUTOPILOT;1;22;0;taxi555.ru|city2city.ru|taxi-russia.su|deshevotaxi.ru|www.taxi2000.ru|www.mezhgorod.taxi|www.rome2rio.com|mejgorod-taxi.ru|rustransfer.org|1taxopark.ru|taxi.drive-luxe.ru|catalogtaksi.ru|taxivezde.ru|mezhgorod-taksi.ru|taksisvo.ru|www.taxi-love.ru|obltaxi.ru|ru-travel.org|taksi-services.ru|jupiter-tmc.ru|vse-taxi.com|xn--e1amhi.xn--80akxkdedu.xn--p1acf|taxi-oryol-oryol-oblast-ru.taxigator.ru|orel.perivoz.ru|taxi-nomera.ru|taxi-mezhgorod24.ru|m.avito.ru|mezhdugorodnee-taksi.ru|mejgorodtaxi.ru|taxi.yandex.ru;Орёл;Железногорск;4000
ufa-asha;old;51;22;SEO;F_AUTOPILOT;SEO автопилот;SEO_AUTOPILOT;2;22;0;taksi-ufa.ru|taxi24online.ru|kiwitaxi.ru|taximini-ufa.ru|www.avito.ru|yandex.ru|rustransfer.org|www.mezhgorod.taxi|taksi-gorod.ru|www.taxi2000.ru|taxiufa.ru|uni-transfers.com|taxivezde.ru|obltaxi.ru|1taxopark.ru|transfers.unitaxi.ru|taxibulgakovo.ru|www.tourister.ru|catalogtaksi.ru|vk.com|taksisvo.ru|city2city.ru|www.taxi-love.ru|mejgorodtaxi.ru|taxiufaasha.turbo.site|taxiufa.su|taxiufa.com|ru-travel.org|taxi902.ru|taxi-mini.ru;Уфа;Аша;4000
kazan-bolgar;old;51;;SEO;F_AUTOPILOT;SEO автопилот;SEO_AUTOPILOT;1;7;0;vk.com|ugtaxi.ru|taxi-kazan.su|kiwitaxi.ru|mezhgorod.pro|www.taxi2000.ru|transfer-kazan.ru|taxi-kazan.com|taksisvo.ru|taxi555.ru;Казань;Болгар;6100
svo-taxi-krasnodar-mariupol;old;51;;DIRECT;H_DIRECT_TEST;Директ тест;DIRECT_TEST;1;14;0;taxi.yandex.ru|krasnodar.taximaxim.ru|yandex.ru|2gis.ru|vezet.ru|www.avito.ru|city-mobil.ru|zoon.ru|uslugi.yandex.ru|krasnodar.taxipoehali.ru|drivee.com|krasnodar.taxovichkof.ru|krasnodar.flamp.ru|www.auto-krasnodar.ru|go.yandex|www.yell.ru|firstaxi.ru|perevozka24.com|kubtaxi.ru|rutaxi.ru|teleportpro.org|taxisaturn.ru|transport.globser.ru|krasnodar.taptaxi.su|krasnodarskoe-taxi.ru|93.ru|www.krd-taxi.ru|perfect-taxi.ru|centertaxi-krd.ru|krasnodar.taxikaskad.ru;Краснодар;Мариуполь;14000
chelyabinsk-satka;old;51;;SEO;F_AUTOPILOT;SEO автопилот;SEO_AUTOPILOT;0;6;0;intercity74.ru|driver174.ru|taxidesyatka.ru|uralavtotaxi.ru|taxi-russia.su|takse.ru|taksi-gorod.ru|taxi555.ru|www.taxi2000.ru|1taxopark.ru;Челябинск;Сатка;5500
tambov-kotovsk;old;51;;SEO;F_AUTOPILOT;SEO автопилот;SEO_AUTOPILOT;1;18;0;kubtaxi.ru|tratatur.ru|taxi555.ru|ab-taxi.ru|www.taxi2000.ru|taxi.drive-luxe.ru|deshevotaxi.ru|1taxopark.ru|xn----7sbyhcmnbsdikx.xn--p1ai|taxivezde.ru|www.mezhgorod.taxi|2gis.ru|mezhgorod.taxi-ekvator.ru|catalogtaksi.ru|mejgorodtaxi.ru|www.taxi-rokada.ru|taksisvo.ru|taxi-ug.ru|obltaxi.ru|rustransfer.org|takse.ru|mb-taxi.ru|vk.com|mobilodeon.ru|yandex.ru|www.avito.ru|jupiter-tmc.ru|mezhgorod-taksi.ru|ru-travel.org|www.rome2rio.com;Тамбов;Котовск;2000
krasnodar-krymsk;new;50;;NONE;Z_LOW_PRIORITY;Низкий приоритет (новые);LOW_PRIORITY;10;18;0;kubtaxi.ru|taxi-ug.ru|taxi-krasnodar-aeroport.ru|tratatur.ru|taxiresort.ru|willway.ru|kiwitaxi.ru|taxi555.ru|ugtaxi.ru|www.taxisea.ru;;;
samara-krasnyj;new;50;1;NONE;Z_LOW_PRIORITY;Низкий приоритет (новые);LOW_PRIORITY;19;7;4;city2city.ru|www.mezhgorod.taxi|taxi.drive-luxe.ru|vk.com|www.xn-----7kcbaaphbhdai9a3awnjra5bnrctq.xn--p1ai|catalogtaksi.ru|dzen.ru|taxi-nomer.ru|2gis.ru|deshevotaxi.ru;;;
chelyabinsk-troiczk;new;50;;NONE;Z_LOW_PRIORITY;Низкий приоритет (новые);LOW_PRIORITY;19;8;2;intercity74.ru|taxidesyatka.ru|driver174.ru|kiwitaxi.ru|1taxopark.ru|www.mezhgorod.taxi|taxi555.ru|taksisvo.ru|taxi-russia.su|deshevotaxi.ru;;;
lipeczk-lebedyan;old;50;8;SEO;F_AUTOPILOT;SEO автопилот;SEO_AUTOPILOT;1;21;0;kubtaxi.ru|tratatur.ru|taxi-ug.ru|catalogtaksi.ru|taxi555.ru|taksisvo.ru|1taxopark.ru|city2city.ru|taksi-gorod.ru|xn----7sbyhcmnbsdikx.xn--p1ai|deshevotaxi.ru|taxi.drive-luxe.ru|rustransfer.org|takse.ru|obltaxi.ru|taxivezde.ru|mejgorodtaxi.ru|www.taxi-love.ru|mezhgorod-taksi.ru|ru-travel.org|mb-taxi.ru|taksi-services.ru|mezhdugorodnee-taxi24.ru|transfer48.ru|www.avito.ru|xn--e1afhbv7b.xn--80akxkdedu.xn--p1acf|mezhdugorodnee-taksi.ru|taxi.yandex.ru|transfergid.ru|vk.com;Липецк;Лебедянь;3000
svo-taxi-rovenki-rossosh;old;50;;SEO;F_AUTOPILOT;SEO автопилот;SEO_AUTOPILOT;1;17;0;yandex.ru|perevozka24.com|vk.com|uslugi.yandex.ru|rutaxist.ru|m.ok.ru|2gis.ru|spravkataxi.ru|taxieconom.ru|start81.ru|www.avito.ru|russiantaxi.clients.site|taxi-nomer.ru|t.me|vse-taxi.com|arteltaxi.ru|uslugio.com|taxitelephone.ru|taxi-nomera.ru|intaxi.ru|russiantaxi-ulitsa-kirova.clients.site|catalogtaksi.ru|fleeka.ru|taxi-po-svetu.ru|xn-----6kcbqgcdjrv0afza5ajp5i.xn--p1ai|mezhgorod-rf.ru|mezhgorodrf.clients.site|taksireal.ru|deshevotaxi.ru|taksi-gorod.ru;рабочий посёлок Ровеньки;Россошь;2500
pskov-moskva;old;50;11;DIRECT;H_DIRECT_TEST;Директ тест;DIRECT_TEST;1;24;0;www.avito.ru|ugtaxi.ru|pskov.taxi24h.ru|www.taxi2000.ru|xn----7sbyhcmnbsdikx.xn--p1ai|ug.taxi|msk.taxi|pskov.taksi24.taxi|taxi-mobil.ru|taxi555.ru|city2city.ru|yandex.ru|taxi533.ru|www.taxi-rokada.ru|mejgorod-taxi.ru|wing-taxi.ru|www.mezhgorod.taxi|taxivezde.ru|rustransfer.org|korona-taksi.ru|transferug.ru|taksi-gorod.ru|jupiter-tmc.ru|pskov.taxi-krim.com|catalogtaxi.ru|obltaxi.ru|pskov.aeroport-simferopol.taxi|pskov.simferopol-aeroport.taxi|xn----7sbyhcmghbyi1l.xn--80adxhks|vse-taxi.com;Псков;Москва;24200
tula-yasnogorsk;old;50;;SEO;F_AUTOPILOT;SEO автопилот;SEO_AUTOPILOT;1;20;0;taxi555.ru|kubtaxi.ru|xn----7sbbu0aptdhddiv.xn--p1ai|tratatur.ru|1taxopark.ru|deshevotaxi.ru|catalogtaksi.ru|www.taxi2000.ru|taxi.drive-luxe.ru|taxi-ug.ru|taksisvo.ru|xn----7sbyhcmnbsdikx.xn--p1ai|www.mezhgorod.taxi|taxivezde.ru|www.taxi-rokada.ru|obltaxi.ru|transfer71.ru|takse.ru|mezhgorod-taksi.ru|mejgorodtaxi.ru|taksi-services.ru|mobilodeon.ru|taxi-mezhgorod24.ru|xn--80affnblthori.xn--p1ai|www.avito.ru|vk.com|mezhdugorodnee-taksi.ru|taxinomerok.ru|taksi-gorod.ru|xn--80avue.xn--80akxkdedu.xn--p1acf;Тула;Ясногорск;2000
lipeczk-elecz;old;50;12;SEO;F_AUTOPILOT;SEO автопилот;SEO_AUTOPILOT;1;23;0;kubtaxi.ru|taxi-ug.ru|catalogtaksi.ru|taksi-gorod.ru|obltaxi.ru|taxi533.ru|taxi.drive-luxe.ru|xn----7sbyhcmnbsdikx.xn--p1ai|taksisvo.ru|1taxopark.ru|www.taxi2000.ru|city2city.ru|rustransfer.org|tratatur.ru|taxivezde.ru|taxi-russia.su|www.taxi-love.ru|deshevotaxi.ru|mejgorod-taxi.ru|taksi-services.ru|mb-taxi.ru|m.avito.ru|vse-taxi.com|taxi-nomera.ru|mobilodeon.ru|mejgorodtaxi.ru|apps.apple.com|vrn-taxi.ru|transfer48.ru|mezhgorod-taksi.ru;Липецк;Елец;3800
tambov-morshansk;old;50;2;SEO;F_AUTOPILOT;SEO автопилот;SEO_AUTOPILOT;1;20;0;taxi-ug.ru|city2city.ru|1taxopark.ru|kubtaxi.ru|catalogtaksi.ru|tratatur.ru|deshevotaxi.ru|taxi555.ru|taxi.drive-luxe.ru|xn----7sbyhcmnbsdikx.xn--p1ai|www.taxi2000.ru|www.mezhgorod.taxi|rustransfer.org|taxivezde.ru|taksisvo.ru|mezhgorod.taxi-ekvator.ru|mb-taxi.ru|takse.ru|obltaxi.ru|www.avito.ru|mezhgorod-taksi.ru|ru-travel.org|mejgorodtaxi.ru|www.taxi-love.ru|jupiter-tmc.ru|taksi-gorod.ru|taxi.yandex.ru|mobilodeon.ru|perevozka24.com|www.rome2rio.com;Тамбов;Моршанск;4000
tyumen-irbit;old;50;2;SEO;F_AUTOPILOT;SEO автопилот;SEO_AUTOPILOT;3;17;0;vk.com|city2city.ru|www.taxi2000.ru|taxi555.ru|www.mezhgorod.taxi|rustransfer.org|taxi.drive-luxe.ru|1taxopark.ru|taksi-gorod.ru|xn--72-glcedg4btat.xn--p1ai|taksisvo.ru|obltaxi.ru|taxivezde.ru|viktorya--irbit.orgs.biz|www.taxi-love.ru|takse.ru|catalogtaksi.ru|taxi-russia.su|mejgorodtaxi.ru|deshevotaxi.ru|mezhgorod-taksi.ru|www.intui.travel|transfergid.ru|taxi-nomera.ru|www.blablacar.ru|xn--e1aner7ci.xn--80akxkdedu.xn--p1acf|www.rome2rio.com|www.avito.ru|interesnoe.me|irbit-yarmarka.ru;Тюмень;Ирбит;6100
svo-taxi-rossosh-rovenki;old;50;;SEO;F_AUTOPILOT;SEO автопилот;SEO_AUTOPILOT;1;17;0;yandex.ru|m.avito.ru|2gis.ru|vk.com|zoon.ru|uslugi.yandex.ru|taksirossosh.clients.site|perevozka24.com|edinaja-sluzhba-taksi-ulitsa-pravdy.clients.site|taxi.yandex.ru|rutaxist.ru|qq-taxi.ru|vse-taxi.com|vk.link|fleeka.ru|taxieconom.ru|rossosh.spravker.ru|glasstaxi.ru|taxigoroda.ru|taxi-po-svetu.ru|uslugio.com|deshevotaxi.ru|rossosh.jsprav.ru|m.ok.ru|intaxi.ru|taxirossosh.ru|xn--80aqfrakfdac9e4b.xn--p1ai|taksi-rossosh-taxi.clients.site|taksi-rossosh.clients.site|taksi-rossosh-1694403943.clients.site;Россошь;Ровеньки;2500
bryansk-sovetskij;new;49;9;NONE;Z_LOW_PRIORITY;Низкий приоритет (новые);LOW_PRIORITY;15;9;3;yandex.ru|2gis.ru|gortaxi.com|www.yell.ru|taxi.yandex.ru|zoon.ru|vezet.ru|briansk.spravker.ru|city2city.ru|m.avito.ru;;;
bryansk-sovetskoe;new;49;2;NONE;Z_LOW_PRIORITY;Низкий приоритет (новые);LOW_PRIORITY;17;7;4;yandex.ru|city2city.ru|zoon.ru|briansk.spravker.ru|www.yell.ru|2gis.ru|gortaxi.com|bryansk.jsprav.ru|m.avito.ru|taxi.yandex.ru;;;
syktyvkar-kuloj;new;49;5;NONE;Z_LOW_PRIORITY;Низкий приоритет (новые);LOW_PRIORITY;21;5;4;taxi555.ru|obltaxi.ru|1taxopark.ru|taxivezde.ru|city2city.ru|yandex.ru|vk.com|taxi.drive-luxe.ru|www.avito.ru|taxi-uk-syk.orgs.biz;;;
samara-oktyabrskoe;new;49;11;NONE;Z_LOW_PRIORITY;Низкий приоритет (новые);LOW_PRIORITY;18;7;2;xn----7sbabxukdmwuiegm.xn--p1ai|m.avito.ru|vk.com|kiwitaxi.ru|taxi533.ru|taxi555.ru|1taxopark.ru|mezhgorod-rf.ru|mejgorod-taxi.ru|rustransfer.org;;;
moskva-stavropol;new;49;;NONE;Z_LOW_PRIORITY;Низкий приоритет (новые);LOW_PRIORITY;6;22;0;moskva.taxi24h.ru|kubtaxi.ru|moskva.taksi24.taxi|msk.taxiarkadiya.ru|www.avito.ru|sky-transfer.ru|taxi533.ru|taxi-ug.ru|taxi.transferplustravel.com|tratatur.ru;;;
belgorod-sankt-peterburg;old;49;;DIRECT;H_DIRECT_TEST;Директ тест;DIRECT_TEST;0;9;0;ugtaxi.ru|belgorod.taxi24h.ru|taksi-gorod.ru|taxi-cosmos.ru|taxi533.ru|taxi555.ru|sochi.taxi|tratatur.ru|belgorod.taksi24.taxi|mejgorod-taxi.ru;Белгород;Санкт-Петербург;41000
stavropol-moskva;old;49;;DIRECT;H_DIRECT_TEST;Директ тест;DIRECT_TEST;1;25;0;kubtaxi.ru|stavropol.taxi24h.ru|www.avito.ru|sky-transfer.ru|taxi.transferplustravel.com|ug.taxi|ugtravel.ru|stavropol.aeroport-simferopol.taxi|tratatur.ru|yandex.ru|stavropol.taksi24.taxi|taxi-ug.ru|geltaxi.ru|msk.taxi|stavropol.sevastopol24.taxi|taxi533.ru|ugtaxi.ru|wing-taxi.ru|taxi555.ru|1taxopark.ru|taksisvo.ru|mejgorod-taxi.ru|taxivezde.ru|www.mezhgorod.taxi|www.taxi-love.ru|stavropol.simferopol-aeroport.taxi|obltaxi.ru|taxi-cosmos.ru|sochi.taxi|taksi-gorod.ru;Ставрополь;Москва;42500
samara-oktyabrskiy;old;49;9;SEO;F_AUTOPILOT;SEO автопилот;SEO_AUTOPILOT;3;17;0;xn----7sbabxukdmwuiegm.xn--p1ai|www.avito.ru|taxi533.ru|kiwitaxi.ru|taxi555.ru|1taxopark.ru|vk.com|rustransfer.org|city2city.ru|mejgorod-taxi.ru|mezhgorod-rf.ru|taksisvo.ru|www.yell.ru|taksi-gorod.ru|www.mezhgorod.taxi|taxi.drive-luxe.ru|mejgorodtaxi.ru|perevozchik163.ru|taxi-cosmos.ru|dzen.ru|vse-taxi.com|www.rome2rio.com|deshevotaxi.ru|www.intui.travel|taxi-samara.su|obltaxi.ru|xn--163-5cd4bl3cf.xn--p1ai|transfer63.ru|taxi-vizov.ru|xn----7sbp3acjidhfbkt.su;Самара;Октябрьский;8400
yakutsk-blagoveshhensk;old;49;4;DIRECT;H_DIRECT_TEST;Директ тест;DIRECT_TEST;1;12;0;2gis.ru|vk.com|taksi-gorod.ru|city2city.ru|doska.ykt.ru|www.avito.ru|mezhgorod-rf.ru|taxi533.ru|sakha.kupiprodai.ru|takse.ru|uslugio.com|uslugi.yandex.ru|neryungri.gde.ru|vse-taxi.com|catalogtaksi.ru|onlinetaxi.su|mezhgorod-taksi.ru|deshevotaxi.ru|www.barabaza.ru|xn--j1aaude4e.xn--80akxkdedu.xn--p1acf|portaluslug.ru|taxi-nomera.ru|m.ok.ru|transfergid.ru|xn--j1aaude4e.xn--80abbembcyvesfij3at4loa4ff.xn--p1ai|perevozka24.com|www.transfer-go.ru|taxiyakutska.orgs.biz|jakutsk.buyreklama.ru|yandex.ru;Якутск;Благовещенск;53000
bryansk-smolensk;old;49;;SEO;E_MONITOR;SEO мониторинг;SEO_MONITOR;2;6;0;bryansk.taxi24h.ru|kubtaxi.ru|rustransfer.org|kiwitaxi.ru|tratatur.ru|bryansk.taksi24.taxi|www.avito.ru|taxi533.ru|1taxopark.ru|taxi-ug.ru;Брянск;Смоленск;7400
xabarovsk-komsomolsk-na-amure;old;48;10;DIRECT;H_DIRECT_TEST;Директ тест;DIRECT_TEST;3;17;0;kiwitaxi.ru|rustransfer.org|www.avito.ru|ubitaxi.ru|catalogtaksi.ru|mezhgorod-rf.ru|transfers.unitaxi.ru|taksi-gorod.ru|takse.ru|city2city.ru|uslugi.yandex.ru|ru-travel.org|taxi533.ru|deshevotaxi.ru|taxi24online.ru|2gis.ru|mezhgorod-taksi.ru|jupiter-tmc.ru|vse-taxi.com|taxidvlux.ru|www.intui.travel|taxi158.ru|xn--80aacf4bwnk3a.xn--80akxkdedu.xn--p1acf|mejgorodtaxi.ru|taxomarket.ru|perevozka24.com|taxi-khabarovsk-khabarovsk-krai-ru.taxigator.ru|y-taxi.ru|taxi-nomera.ru|www.farpost.ru;Хабаровск;Комсомольск-на-Амуре;12000
kaluga-suvorov;old;48;;SEO;F_AUTOPILOT;SEO автопилот;SEO_AUTOPILOT;0;9;0;1taxopark.ru|taxi555.ru|obltaxi.ru|www.taxi2000.ru|taksi-gorod.ru|catalogtaksi.ru|taxi.drive-luxe.ru|taksisvo.ru|www.taxi-love.ru|mezhgorod-taksi.ru;Калуга;Суворов;2000
moskva-suzdal;old;48;;SEO;F_AUTOPILOT;SEO автопилот;SEO_AUTOPILOT;2;23;0;taxidaleko.ru|www.avito.ru|sky-transfer.ru|taxi-mobil.ru|www.taxi2000.ru|minivans.taxi|yandex.ru|taksi-mezhgorod.ru|kiwitaxi.ru|taxi555.ru|region-taxi.ru|xn----7sbyhcmnbsdikx.xn--p1ai|www.taxi-accord.ru|1taxopark.ru|taxi-russia.ru|rustransfer.org|www.mezhgorod.taxi|ab-taxi.ru|www.taxi-love.ru|ugtaxi.ru|wing-taxi.ru|www.taxi-rokada.ru|drive-luxe.ru|xn--80aqf2ac.xn--c1acbe2apap.xn--80adxhks|taksisvo.ru|www.taximasters.ru|unit-transfer.ru|taxivezde.ru|www.taxichic.ru|transfers.unitaxi.ru;Москва;Суздаль;7000
komsomolsk-na-amure-habarovsk;old;48;2;DIRECT;H_DIRECT_TEST;Директ тест;DIRECT_TEST;2;19;0;www.avito.ru|city2city.ru|mezhgorod-rf.ru|kiwitaxi.ru|uslugi.yandex.ru|rustransfer.org|catalogtaksi.ru|vse-taxi.com|deshevotaxi.ru|transfers.unitaxi.ru|ru-travel.org|xn-----7kcbzzahiagihbb4bfe9b2l.xn--80akxkdedu.xn--p1acf|2gis.ru|perevozka24.com|ubitaxi.ru|mezhgorod-taksi.ru|transfere.ru|catalogtaxi.ru|transfergid.ru|komsomolsk-na-amure.taximaxim.ru|taxi-nomera.ru|taxi-komsomolsk-on-amur-khabarovsk-krai-ru.taxigator.ru|taxi158.ru|taxidvlux.ru|takse.ru|www.rome2rio.com|taxi533.ru|y-taxi.ru|taxi24online.ru|www.yell.ru;Комсомольск-на-Амуре;Хабаровск;12000
ekaterinburg-novouralsk;old;48;;SEO;F_AUTOPILOT;SEO автопилот;SEO_AUTOPILOT;0;7;0;ugtaxi.ru|deshevotaxi.ru|www.taxi2000.ru|unit-transfer.ru|xn-----6kccfjdehdbgxjti1a2ala5bhdewr6a.xn--p1ai|vk.com|taksisvo.ru|taxi.drive-luxe.ru|1taxopark.ru|taxi555.ru;Екатеринбург;Новоуральск;2500
xabarovsk-birobidzhan;old;48;6;SEO;F_AUTOPILOT;SEO автопилот;SEO_AUTOPILOT;3;12;0;kiwitaxi.ru|catalogtaksi.ru|2gis.ru|rustransfer.org|deshevotaxi.ru|city2city.ru|taksi-gorod.ru|takse.ru|www.avito.ru|vse-taxi.com|ru-travel.org|mezhgorod-taksi.ru|www.tourister.ru|transfere.ru|www.intui.travel|perevozka24.com|xn--80aacf4bwnk3a.xn--80akxkdedu.xn--p1acf|birobidzhan.gde.ru|taxi-khabarovsk-khabarovsk-krai-ru.taxigator.ru|taxi-nomera.ru|www.rome2rio.com|uslugio.com|www.farpost.ru|transfers.unitaxi.ru|khabarovsk.flamp.ru|vk.com|khabarovsk.bt-one.ru|khabarovsk.taximaxim.ru|riabir.ru|uslugi.yandex.ru;Хабаровск;Биробиджан;6300
ekaterinburg-rezh;old;48;;SEO;F_AUTOPILOT;SEO автопилот;SEO_AUTOPILOT;1;5;0;deshevotaxi.ru|willway.ru|www.intui.travel|catalogtaksi.ru|taksisvo.ru|rustransfer.org|nexttax.ru|uslugi.yandex.ru|mezhgorod-taksi.ru|takse.ru;Екатеринбург;Реж;2500
moskva-rybinsk;new;47;;NONE;Z_LOW_PRIORITY;Низкий приоритет (новые);LOW_PRIORITY;9;20;0;www.avito.ru|taxi-mobil.ru|taxi555.ru|wing-taxi.ru|sky-transfer.ru|www.mezhgorod.taxi|msk.taxi|www.taxi2000.ru|minivans.taxi|msk.taxiarkadiya.ru;;;
krasnodar-kropotkin;new;47;;NONE;Z_LOW_PRIORITY;Низкий приоритет (новые);LOW_PRIORITY;13;14;0;kubtaxi.ru|taxi-ug.ru|www.avito.ru|kiwitaxi.ru|1taxopark.ru|tratatur.ru|willway.ru|www.krd-taxi.ru|taxiresort.ru|perfect-taxi.ru;;;
perm-kungur;old;47;;SEO;F_AUTOPILOT;SEO автопилот;SEO_AUTOPILOT;2;22;0;go.yandex|uralavtotaxi.ru|taxi24online.ru|taxi555.ru|rustransfer.org|www.taxi2000.ru|kiwitaxi.ru|1taxopark.ru|taxi-perm.su|www.mezhgorod.taxi|taksisvo.ru|catalogtaksi.ru|www.avito.ru|taxi.drive-luxe.ru|deshevotaxi.ru|taxivezde.ru|transfers.unitaxi.ru|obltaxi.ru|vse-taxi.com|taksi-gorod.ru|www.taxi-love.ru|jupiter-tmc.ru|takse.ru|mejgorodtaxi.ru|xn----7sbp3acjidhfbkt.su|www.perm-taxi-region.ru|taxi-realtransfer-mejgorod.ru|xn--159-5cd4bl3cf.xn--p1ai|taxi.yandex.ru|taxigorkovskoe.ru;Пермь;Кунгур;2500
astraxan-xarabali;old;47;;SEO;F_AUTOPILOT;SEO автопилот;SEO_AUTOPILOT;0;8;0;taxi555.ru|ugtaxi.ru|catalogtaksi.ru|uslugi.yandex.ru|www.taxi2000.ru|taxi.drive-luxe.ru|rustransfer.org|www.taxi-rokada.ru|yandex.ru|taksi-gorod.ru;Астрахань;Харабали;5300
kurgan-ekaterinburg;old;47;4;DIRECT;H_DIRECT_TEST;Директ тест;DIRECT_TEST;1;21;0;ugtaxi.ru|taxi555.ru|rustransfer.org|city2city.ru|willway.ru|www.taxi2000.ru|catalogtaksi.ru|taksi-gorod.ru|taxi-russia.su|taxivezde.ru|m.avito.ru|1taxopark.ru|taxi.drive-luxe.ru|deshevotaxi.ru|takse.ru|taxi-cosmos.ru|jupiter-tmc.ru|vse-taxi.com|www.taxi-love.ru|www.rome2rio.com|www.transfer-go.ru|obltaxi.ru|mejgorodtaxi.ru|transferug.ru|taxi-kurgan-kurgan-oblast-ru.taxigator.ru|taxi-nomera.ru|poehalinataxi.online|mezhgorod-taksi.ru|vk.com|nexttax.ru;Курган;Екатеринбург;11000
tomsk-kemerovo;old;47;;SEO;F_AUTOPILOT;SEO автопилот;SEO_AUTOPILOT;2;20;0;sky-transfer.ru|taxi24online.ru|taksi-gorod.ru|kiwitaxi.ru|taxi.drive-luxe.ru|royalcars54.ru|rustransfer.org|taxi555.ru|www.taxi2000.ru|1taxopark.ru|taxi533.ru|taxi-russia.su|www.avito.ru|www.taxi-love.ru|taxivezde.ru|catalogtaxi.ru|transfers.unitaxi.ru|jupiter-tmc.ru|catalogtaksi.ru|mezhgorod-rf.ru|obltaxi.ru|yandex.ru|tomx.ru|deshevotaxi.ru|ru-travel.org|vse-taxi.com|vk.com|ubitaxi.ru|taxi-tomsk-kemerovo.orgs.biz|taxi.yandex.ru;Томск;Кемерово;6000
ufa-doneczk-rostovskaya-oblast;old;47;7;DIRECT;H_DIRECT_TEST;Директ тест;DIRECT_TEST;1;24;0;ufa.sky-transfer.ru|kubtaxi.ru|www.avito.ru|msk.taxi|ufa.sevastopol24.taxi|taksi-gorod.ru|city2city.ru|ug.taxi|ufa.taxi24h.ru|ufa.taxi-krim.com|ufa.yalta-24.taxi|taksisvo.ru|taxi-cosmos.ru|mezhgorod-rf.ru|ufa.simferopol-aeroport.taxi|deshevotaxi.ru|catalogtaksi.ru|minivan-go.ru|taxi-mini.ru|mejgorodtaxi.ru|catalogtaxi.ru|vse-taxi.com|taxiufa.ru|www.transfer02.ru|mobilodeon.ru|unit-transfer.ru|den-taxi.ru|taxi-svobodnoe.ru|mezhgorod-taksi.ru|1tmehgorod.ru;Уфа;Донецк;56700
bryansk-dyatkovo;old;47;5;SEO;F_AUTOPILOT;SEO автопилот;SEO_AUTOPILOT;0;7;0;catalogtaksi.ru|taksisvo.ru|taksi-gorod.ru|taxi555.ru|city2city.ru|1taxopark.ru|takse.ru|taxi.drive-luxe.ru|taxi-bryansk-bryansk-oblast-ru.taxigator.ru|www.taxi2000.ru;Брянск;Дятьково;3000
tula-bogorodiczk;old;47;;SEO;F_AUTOPILOT;SEO автопилот;SEO_AUTOPILOT;0;19;0;kubtaxi.ru|xn----7sbbu0aptdhddiv.xn--p1ai|tratatur.ru|taxi555.ru|1taxopark.ru|catalogtaksi.ru|taxi-ug.ru|www.taxi2000.ru|taxivezde.ru|rustransfer.org|taxi.drive-luxe.ru|taksisvo.ru|www.taxi-rokada.ru|obltaxi.ru|takse.ru|ab-taxi.ru|deshevotaxi.ru|xn----7sbyhcmnbsdikx.xn--p1ai|mejgorodtaxi.ru|www.taxi-love.ru|transfer71.ru|jupiter-tmc.ru|mezhgorod-taksi.ru|taxomarket.ru|taksi-services.ru|taxi-mezhgorod24.ru|mobilodeon.ru|tulago.ru|www.rome2rio.com|xn--80affnblthori.xn--p1ai;Тула;Богородицк;2000
stavropol-izobilnyj;old;47;;SEO;F_AUTOPILOT;SEO автопилот;SEO_AUTOPILOT;2;19;0;go.yandex|taxi-ug.ru|kubtaxi.ru|tratatur.ru|kiwitaxi.ru|perfect-taxi.ru|taxi555.ru|geltaxi.ru|taxi.drive-luxe.ru|ugtravel.com|1taxopark.ru|taksisvo.ru|obltaxi.ru|catalogtaxi.ru|rustransfer.org|taxivezde.ru|deshevotaxi.ru|www.taxi2000.ru|takse.ru|www.taxi-love.ru|mejgorodtaxi.ru|transfers.unitaxi.ru|vse-taxi.com|www.rome2rio.com|jupiter-tmc.ru|taxi-nomera.ru|ru-travel.org|mezhgorod-taksi.ru|www.avito.ru|xn----7sbb4acid6cce.xn--p1ai;Ставрополь;Изобильный;2000
krasnoyarsk-kyzyl;old;47;5;DIRECT;H_DIRECT_TEST;Директ тест;DIRECT_TEST;1;14;0;vk.com|t.me|taxi533.ru|taksi-gorod.ru|city2city.ru|rustransfer.org|mezhgorod-rf.ru|takse.ru|vse-taxi.com|yandex.ru|onlinetaxi.su|catalogtaksi.ru|deshevotaxi.ru|jupiter-tmc.ru|mezhgorod-taksi.ru|transfer124.ru|taxi-nomera.ru|transfergid.ru|xn----8sbba8abcp7dh.xn--p1ai|invite.viber.com|krasnoyarsk.sky-transfer.ru|minibus.biletyplus.ru|2gis.ru|www.avito.ru|club213953209.orgs.biz|krasnojarsk.vezetvsem.ru|taxi.yandex.ru|xn--24-6kchk7b2h.xn--p1ai|autokassa17.ru|perevozka24.com;Красноярск;Кызыл;24300
stavropol-pyatigorsk;old;47;9;SEO;F_AUTOPILOT;SEO автопилот;SEO_AUTOPILOT;2;26;0;kubtaxi.ru|tratatur.ru|taxi-ug.ru|sky-transfer.ru|ugtaxi.ru|stavropol.taksi24.taxi|kiwitaxi.ru|taxi.transferplustravel.com|city2city.ru|www.avito.ru|stavropol.taxi24h.ru|www.mezhgorod.taxi|stavropol.aeroport-simferopol.taxi|transfers.unitaxi.ru|perfect-taxi.ru|taksisvo.ru|taxi.drive-luxe.ru|taxi-russia.su|ug.taxi|transferug.ru|mejgorod-taxi.ru|taxivezde.ru|stavropol.taxi-krim.com|sochi.taxi|www.taxi-love.ru|stavropol.simferopol-aeroport.taxi|deshevotaxi.ru|taxi-nomera.ru|mejgorodtaxi.ru|catalogtaxi.ru;Ставрополь;Пятигорск;6300
ekaterinburg-kurgan;old;47;;DIRECT;H_DIRECT_TEST;Директ тест;DIRECT_TEST;2;3;0;yandex.ru|2gis.ru|www.tourister.ru|www.avito.ru|kiwitaxi.ru|taxi-avantime.ru|willway.ru|transfers.unitaxi.ru|uslugi.yandex.ru|ekaterinburg.rustransfer.org;международный аэропорт Кольцово Екатеринбург;Курган;11000
kazan-volzhsk;old;47;3;SEO;F_AUTOPILOT;SEO автопилот;SEO_AUTOPILOT;0;8;0;taxivezde.ru|taxi-kazan.com|city2city.ru|www.taxi2000.ru|1taxopark.ru|taxi555.ru|taksi-gorod.ru|transfer-kazan.ru|taxi.drive-luxe.ru|mejgorod-taxi.ru;Казань;Волжск;3000
kyzyl-krasnoyarsk;old;47;2;DIRECT;H_DIRECT_TEST;Директ тест;DIRECT_TEST;1;13;0;vk.com|city2city.ru|taksi-gorod.ru|taxi533.ru|vse-taxi.com|rustransfer.org|jupiter-tmc.ru|deshevotaxi.ru|onlinetaxi.su|mejgorodtaxi.ru|catalogtaksi.ru|invite.viber.com|t.me|taxi-nomera.ru|mezhgorod-taksi.ru|club213953209.orgs.biz|xn--g1afe6db.xn--80akxkdedu.xn--p1acf|transfergid.ru|minibus.biletyplus.ru|2gis.ru|yandex.ru|www.avito.ru|takse.ru|mezhgorod-rf.ru|taxi.yandex.ru|xn----8sbtlcbdtjrdjd3kb6e.xn--p1ai|kyzyl.vyboruslug.com|zakazattaxi.ru|autokassa17.ru|bibi-bot.ru;Кызыл;Красноярск;24000
moskva-volna;new;46;20;SEO;F_AUTOPILOT;SEO автопилот;SEO_AUTOPILOT_NEW;6;14;1;www.yell.ru|yandex.ru|intaxi.ru|ugtaxi.ru|taxitops.ru|ugtravel.ru|mo-taxi.ru|radartaxi.ru|call-taxi.ru|www.spr.ru;;;
krasnodar-elizavetinskaya;new;46;;NONE;Z_LOW_PRIORITY;Низкий приоритет (новые);LOW_PRIORITY;13;14;2;yandex.ru|kuban-omega.ru|kubtaxi.ru|taxi-ug.ru|geltaxi.ru|willway.ru|1taxopark.ru|taxi555.ru|tratatur.ru|ugtaxi.ru;;;
krasnodar-kabardinka;new;46;;NONE;Z_LOW_PRIORITY;Низкий приоритет (новые);LOW_PRIORITY;9;20;1;kubtaxi.ru|taxi-ug.ru|tratatur.ru|kiwitaxi.ru|ug.taxi|transferoff.ru|www.avito.ru|www.taxisea.ru|taxi555.ru|taksi-gorod.ru;;;
krasnodar-ust-labinsk;new;46;;NONE;Z_LOW_PRIORITY;Низкий приоритет (новые);LOW_PRIORITY;17;11;2;go.yandex|kubtaxi.ru|taxi-ug.ru|tratatur.ru|transferoff.ru|taxiresort.ru|taxi.transferplustravel.com|taksi-gorod.ru|kiwitaxi.ru|1taxopark.ru;;;
perm-chernushka;new;46;;NONE;Z_LOW_PRIORITY;Низкий приоритет (новые);LOW_PRIORITY;20;8;0;taksi-gorod.ru|uralavtotaxi.ru|vk.com|www.mezhgorod.taxi|www.taxi2000.ru|taxi555.ru|1taxopark.ru|taxivezde.ru|takse.ru|taxi-perm.su;;;
kazan-mendeleevsk;new;46;;NONE;Z_LOW_PRIORITY;Низкий приоритет (новые);LOW_PRIORITY;17;11;0;vk.com|1taxopark.ru|rustransfer.org|mezhgorod.pro|www.taxi2000.ru|taxi555.ru|transfer-kazan.ru|taxi.drive-luxe.ru|www.mezhgorod.taxi|www.avito.ru;;;
kazan-vysokij;new;46;1;NONE;Z_LOW_PRIORITY;Низкий приоритет (новые);LOW_PRIORITY;14;12;3;city2city.ru|catalogtaksi.ru|yandex.ru|ugtaxi.ru|1taxopark.ru|xn----7sbyhcmnbsdikx.xn--p1ai|taxivezde.ru|mejgorodtaxi.ru|uslugi.yandex.ru|taksisvo.ru;;;
omsk-tara;old;46;3;SEO;F_AUTOPILOT;SEO автопилот;SEO_AUTOPILOT;1;17;0;www.avito.ru|taxi555.ru|city2city.ru|1taxopark.ru|vk.com|catalogtaksi.ru|www.taxi2000.ru|xn----7sbyhcmnbsdikx.xn--p1ai|taxivezde.ru|www.rome2rio.com|taksi-gorod.ru|takse.ru|2gis.ru|ab-taxi.ru|obltaxi.ru|taxi-russia.su|rustransfer.org|deshevotaxi.ru|www.taxi-love.ru|jupiter-tmc.ru|vse-taxi.com|mezhgorod.taxi-ekvator.ru|y-taxi.ru|taxi-omsk-omsk-oblast-ru.taxigator.ru|mezhgorod-taksi.ru|yandex.ru|xn--j1adfn.xn--80akxkdedu.xn--p1acf|intaxi.ru|ru-travel.org|uslugio.com;Омск;Тара;9000
stavropol-essentuki;old;46;;SEO;F_AUTOPILOT;SEO автопилот;SEO_AUTOPILOT;1;25;0;kubtaxi.ru|tratatur.ru|taxi-ug.ru|taksi-gorod.ru|perfect-taxi.ru|taxi.transferplustravel.com|ab-taxi.ru|taxi555.ru|ugtaxi.ru|taksisvo.ru|sochi.taxi|rustransfer.org|1taxopark.ru|ug.taxi|geltaxi.ru|obltaxi.ru|mezhgorod-rf.ru|taxi-russia.su|vse-taxi.com|www.taxi2000.ru|taxivezde.ru|mejgorod-taxi.ru|jupiter-tmc.ru|www.taxi-love.ru|transferug.ru|www.avito.ru|catalogtaksi.ru|deshevotaxi.ru|mejgorodtaxi.ru|transfer-stavropol.ru;Ставрополь;Ессентуки;6000
irkutsk-krasnoyarsk;old;46;;DIRECT;H_DIRECT_TEST;Директ тест;DIRECT_TEST;2;6;0;taksi-gorod.ru|rustransfer.org|www.transfer38.ru|taxi533.ru|www.avito.ru|deshevotaxi.ru|www.intui.travel|jupiter-tmc.ru|mezhgorod-rf.ru|mejgorodtaxi.ru;Иркутск;Красноярск;31800
nizhnij-novgorod-zavolzhe;old;46;1;SEO;F_AUTOPILOT;SEO автопилот;SEO_AUTOPILOT;2;19;0;city2city.ru|taxivezde.ru|taksi-gorod.ru|catalogtaksi.ru|taxi555.ru|taksisvo.ru|deshevotaxi.ru|takse.ru|1taxopark.ru|www.taxi2000.ru|mezhgorod-taksi.ru|rustransfer.org|mezhgorod-rf.ru|obltaxi.ru|www.taxi-love.ru|mejgorodtaxi.ru|jupiter-tmc.ru|mb-taxi.ru|www.rome2rio.com|taxigorkovskoe.ru|m.avito.ru|taxi.yandex.ru|www.intui.travel|uslugi.yandex.ru|taxi-nomera.ru|perevozka24.com|mobilodeon.ru|taximezhgorod24.ru|taxi.drive-luxe.ru|go.yandex;Нижний Новгород;Заволжье;3600
kirov-omutninsk;old;46;2;SEO;F_AUTOPILOT;SEO автопилот;SEO_AUTOPILOT;1;17;0;taksikirov.ru|city2city.ru|taksisvo.ru|1taxopark.ru|www.taxi2000.ru|taxi555.ru|obltaxi.ru|catalogtaxi.ru|taxivezde.ru|yandex.ru|taxi-russia.su|taksi-gorod.ru|takse.ru|vk.com|www.taxi-rokada.ru|jupiter-tmc.ru|rustransfer.org|www.taxi-love.ru|transfers.unitaxi.ru|www.rome2rio.com|mejgorodtaxi.ru|yandex.ru|m.avito.ru|taxi-mini.ru|deshevotaxi.ru|routes43.ru|taxomarket.ru|mobilodeon.ru|taxi-nomera.ru|xn--80aaahzdndlon5ak.xn--p1ai;Киров;Омутнинск;5600
chelyabinsk-orsk;old;46;8;DIRECT;H_DIRECT_TEST;Директ тест;DIRECT_TEST;1;5;0;www.avito.ru|driver174.ru|taxidesyatka.ru|taxi555.ru|taxi533.ru|taksi-gorod.ru|www.taxi2000.ru|city2city.ru|1taxopark.ru|yandex.ru;Челябинск;Орск;18300
krasnodar-kalininskaya;new;45;;NONE;Z_LOW_PRIORITY;Низкий приоритет (новые);LOW_PRIORITY;15;13;3;kubtaxi.ru|www.taxisea.ru|ugtravel.com|perfect-taxi.ru|tratatur.ru|kiwitaxi.ru|geltaxi.ru|yandex.ru|taxiteplo.ru|uslugi.yandex.ru;;;
krasnodar-sudak;new;45;;NONE;Z_LOW_PRIORITY;Низкий приоритет (новые);LOW_PRIORITY;5;24;1;kubtaxi.ru|taxi-ug.ru|tratatur.ru|www.avito.ru|krasnodar.taxi24h.ru|yandex.ru|sip.taxi|krasnodar.yalta-24.taxi|ug.taxi|taxi-transfly.ru;;;
kemerovo-anzhero-sudzhensk;old;45;;SEO;F_AUTOPILOT;SEO автопилот;SEO_AUTOPILOT;1;6;0;royalcars54.ru|catalogtaksi.ru|taxi555.ru|1taxopark.ru|www.mezhgorod.taxi|kiwitaxi.ru|taxivezde.ru|www.taxi2000.ru|takse.ru|deshevotaxi.ru;Кемерово;Анжеро-Судженск;3000
petrozavodsk-sankt-peterburg;old;45;9;DIRECT;H_DIRECT_TEST;Директ тест;DIRECT_TEST;2;24;0;sky-transfer.ru|www.avito.ru|taxi533.ru|taxi555.ru|kiwitaxi.ru|ugtaxi.ru|catalogtaksi.ru|vtstaxi.ru|city2city.ru|mezhgorod-rf.ru|www.mezhgorod.taxi|transferug.ru|www.taxi2000.ru|vk.com|taxivezde.ru|taxi-cosmos.ru|rustransfer.org|www.taxi-love.ru|vse-taxi.com|onlinetaxi.su|mejgorodtaxi.ru|deshevotaxi.ru|korona-taksi.ru|petrozavodsk.taxovichkof.ru|obltaxi.ru|mezhgorod-taksi.ru|cheap-taxi24.ru|taxi-nomera.ru|perevozka24.com|taxi-russia.ru;Петрозаводск;Санкт-Петербург;12800
krasnodar-astraxan;old;45;24;DIRECT;H_DIRECT_TEST;Директ тест;DIRECT_TEST;0;26;0;krasnodar.taxi24h.ru|kubtaxi.ru|taxi-ug.ru|ug.taxi|ugtaxi.ru|taksi-gorod.ru|tratatur.ru|perfect-taxi.ru|krasnodar.sevastopol24.taxi|geltaxi.ru|transferoff.ru|taxi533.ru|willway.ru|taxi555.ru|1taxopark.ru|www.taxisea.ru|sochi.taxi|krasnodar.taxi-krim.com|taxiresort.ru|centertaxi-krd.ru|sip.taxi|msk.taxi|taxi-kuban.ru|city2city.ru|catalogtaksi.ru|rustransfer.org|krasnodar.simferopol-aeroport.taxi|krasnodar.aeroport-simferopol.taxi|www.mezhgorod.taxi|taxi.transferplustravel.com;Краснодар;Астрахань;24800
petrozavodsk-sortavala;old;45;12;SEO;F_AUTOPILOT;SEO автопилот;SEO_AUTOPILOT;3;18;0;www.avito.ru|www.mezhgorod.taxi|1taxopark.ru|rustransfer.org|kiwitaxi.ru|www.taxi2000.ru|catalogtaksi.ru|mezhgorod-rf.ru|go.ridence.ru|taksi-gorod.ru|vtstaxi.ru|city2city.ru|taxivezde.ru|obltaxi.ru|takse.ru|www.taxi-love.ru|mejgorodtaxi.ru|www.intui.travel|deshevotaxi.ru|taxi-russia.ru|mezhgorod-taksi.ru|vk.com|taxi-petrozavodsk-republic-of-karelia-ru.taxigator.ru|cheap-taxi24.ru|internet-taksi.ru|taxi-nomera.ru|www.rome2rio.com|www.sputnik8.com|taxi-mezhgorod24.ru|xn--80aegbkvxddlre.xn--80akxkdedu.xn--p1acf;Петрозаводск;Сортавала;7400
sankt-peterburg-petrozavodsk;old;45;8;DIRECT;H_DIRECT_TEST;Директ тест;DIRECT_TEST;2;23;0;sky-transfer.ru|www.avito.ru|taxi533.ru|mejgorod-taxi.ru|kiwitaxi.ru|taxi.drive-luxe.ru|ugtaxi.ru|city2city.ru|taxitoday.ru|transferug.ru|taxideshevo.com|taxi555.ru|unit-transfer.ru|mb-taxi.ru|vtstaxi.ru|mejgorodtaxi.ru|deshevotaxi.ru|www.mezhgorod.taxi|taxi-cosmos.ru|rustransfer.org|taxivezde.ru|www.taxi-love.ru|avtorenda.ru|xn--80acuhrfsebr.xn--p1ai|glavtaxi-spb.ru|xn----7sbebjgab2at5brxcj5g.xn--p1ai|www.daleko-taxi.ru|vk.com|vse-taxi.com|obltaxi.ru;Санкт-Петербург;Петрозаводск;12900
krasnoyarsk-bratsk;old;45;5;DIRECT;H_DIRECT_TEST;Директ тест;DIRECT_TEST;1;13;0;drivee.com|taxi533.ru|www.avito.ru|takse.ru|city2city.ru|rustransfer.org|catalogtaksi.ru|vse-taxi.com|taksi-gorod.ru|jupiter-tmc.ru|deshevotaxi.ru|mezhgorod-rf.ru|taxicab-irkutsk-bratsk.ru|www.yell.ru|transfergid.ru|www.rome2rio.com|taxi-nomera.ru|mezhgorod-taksi.ru|supl.biz|minibus.biletyplus.ru|sky-transfer.ru|xn--80atblfjdfd2l.xn--80akxkdedu.xn--p1acf|taxigator.ru|xn--24-6kchk7b2h.xn--p1ai|2gis.ru|vk.com|www.ellit-avto.ru|ru-travel.org|perevozka24.com|uslugio.com;Красноярск;Братск;20400
vologda-sokol;new;44;;NONE;Z_LOW_PRIORITY;Низкий приоритет (новые);LOW_PRIORITY;20;7;2;xn----7sbyhcmnbsdikx.xn--p1ai|www.taxi2000.ru|obltaxi.ru|taxi555.ru|sokol.taximaxim.ru|1taxopark.ru|takse.ru|taxivezde.ru|taxi.drive-luxe.ru|taksisvo.ru;;;
krasnodar-vityazevo;new;44;;NONE;Z_LOW_PRIORITY;Низкий приоритет (новые);LOW_PRIORITY;7;22;2;kubtaxi.ru|taxi-ug.ru|tratatur.ru|dzen.ru|taxi-krasnodar-aeroport.ru|krasnodar.taksi24.taxi|transferoff.ru|perfect-taxi.ru|ugtaxi.ru|kiwitaxi.ru;;;
nizhnij-novgorod-pavlovo;old;44;;SEO;F_AUTOPILOT;SEO автопилот;SEO_AUTOPILOT;3;21;0;deshevotaxi.ru|taxigorkovskoe.ru|taksisvo.ru|taxi555.ru|1taxopark.ru|www.avito.ru|taksi-gorod.ru|kiwitaxi.ru|taxivezde.ru|taxi.drive-luxe.ru|catalogtaksi.ru|mejgorod-taxi.ru|www.taxi-love.ru|mezhgorod-rf.ru|rustransfer.org|vse-taxi.com|obltaxi.ru|mejgorodtaxi.ru|jupiter-tmc.ru|www.intui.travel|transfers.unitaxi.ru|mezhgorod-taksi.ru|perevozka24.com|mb-taxi.ru|taxomarket.ru|taximezhgorod24.ru|takse.ru|taxi-po-svetu.ru|uslugi.yandex.ru|www.transfer152.ru;Нижний Новгород;Павлово;2500
kemerovo-kiselyovsk;old;44;;SEO;F_AUTOPILOT;SEO автопилот;SEO_AUTOPILOT;0;8;0;royalcars54.ru|catalogtaksi.ru|taxi555.ru|www.mezhgorod.taxi|1taxopark.ru|taxivezde.ru|taxi.drive-luxe.ru|rustransfer.org|taxi-russia.su|deshevotaxi.ru;Кемерово;Киселёвск;5000
pskov-ostrov;old;44;3;SEO;F_AUTOPILOT;SEO автопилот;SEO_AUTOPILOT;1;16;0;1taxopark.ru|catalogtaksi.ru|city2city.ru|deshevotaxi.ru|www.taxi2000.ru|taxi555.ru|taksi-gorod.ru|xn----7sbyhcmnbsdikx.xn--p1ai|rustransfer.org|taxivezde.ru|obltaxi.ru|vtstaxi.ru|jupiter-tmc.ru|yandex.ru|rutaxist.ru|mezhgorod-taksi.ru|mejgorodtaxi.ru|taxi-pskov-pskov-oblast-ru.taxigator.ru|www.taxi-love.ru|zoon.ru|vk.com|taxi-mezhgorod24.ru|ru-travel.org|xn--b1apmck.xn--80akxkdedu.xn--p1acf|uslugi.yandex.ru|www.intui.travel|pskov1.taximaxim.ru|xn--80afdpcl3cf.xn--p1ai|takse.ru|xn--24-6kc6aj8ahcgi.xn--p1ai;Псков;Остров;3000
chelyabinsk-yuzhnouralsk;old;44;;SEO;F_AUTOPILOT;SEO автопилот;SEO_AUTOPILOT;1;5;0;intercity74.ru|driver174.ru|kiwitaxi.ru|taxi.drive-luxe.ru|1taxopark.ru|yandex.ru|taxi555.ru|taxidesyatka.ru|catalogtaksi.ru|www.mezhgorod.taxi;Челябинск;Южноуральск;2500
cheboksary-alatyr;old;44;;SEO;F_AUTOPILOT;SEO автопилот;SEO_AUTOPILOT;0;7;0;catalogtaksi.ru|1taxopark.ru|vk.com|taxi555.ru|www.taxi2000.ru|obltaxi.ru|taxi-russia.su|unit21.ru|www.taxi-love.ru|rustransfer.org;Чебоксары;Алатырь;6000
murmansk-kandalaksha;old;44;12;SEO;F_AUTOPILOT;SEO автопилот;SEO_AUTOPILOT;2;18;0;perfect-taxi.ru|taximurmansk.ru|www.mezhgorod.taxi|1taxopark.ru|deshevotaxi.ru|kiwitaxi.ru|www.taxi2000.ru|catalogtaksi.ru|takse.ru|rustransfer.org|taxivezde.ru|city2city.ru|obltaxi.ru|mejgorodtaxi.ru|www.taxi-love.ru|jupiter-tmc.ru|transfers.unitaxi.ru|autotravel-nord.com|vse-taxi.com|mezhgorod-taksi.ru|www.rome2rio.com|arctic-bus.ru|taxi-nomera.ru|taxi-russia.ru|www.avito.ru|transfergid.ru|taksi-gorod.ru|uslugi.yandex.ru|vk.com|transport-services.ru;Мурманск;Кандалакша;7400
moskva-pereslavl-zalesskij;new;43;;NONE;Z_LOW_PRIORITY;Низкий приоритет (новые);LOW_PRIORITY;10;15;0;xn----7sbyhcmnbsdikx.xn--p1ai|1taxopark.ru|kiwitaxi.ru|taxi555.ru|ugtravel.ru|wing-taxi.ru|rustransfer.org|www.taxi2000.ru|taxi-mobil.ru|www.taximasters.ru;;;
volgograd-dzerzhinskij;new;43;;NONE;Z_LOW_PRIORITY;Низкий приоритет (новые);LOW_PRIORITY;18;4;3;yandex.ru|2gis.ru|www.yell.ru|zoon.ru|taxi.yandex.ru|volgograd.spravker.ru|perevozka24.com|volgograd1.taximaxim.ru|www.avito.ru|catalogtaksi.ru;;;
krasnodar-alushta;new;43;;NONE;Z_LOW_PRIORITY;Низкий приоритет (новые);LOW_PRIORITY;4;26;1;kubtaxi.ru|taxi-ug.ru|alfataxi82.ru|tratatur.ru|yandex.ru|www.avito.ru|taxi-krasnodar-aeroport.ru|krasnodar.taxi24h.ru|taxi.ugtravel.com|krasnodar.sevastopol24.taxi;;;
krasnodar-tuapse;new;43;15;SEO;F_AUTOPILOT;SEO автопилот;SEO_AUTOPILOT_NEW;6;21;1;kubtaxi.ru|taxi-ug.ru|tratatur.ru|www.avito.ru|sky-transfer.ru|taxi-krasnodar-aeroport.ru|kiwitaxi.ru|krasnodar.taksi24.taxi|geltaxi.ru|krasnodar.taxi24h.ru;;;
perm-kirovskij;new;43;;NONE;Z_LOW_PRIORITY;Низкий приоритет (новые);LOW_PRIORITY;15;6;3;www.yell.ru|2gis.ru|zoon.ru|perm.spravker.ru|perm.skidkom.ru|perm.taxi24h.ru|vk.com|perm.blizko.ru|perm.jsprav.ru|www.avito.ru;;;
oryol-rovnoe;new;43;30;SEO;F_AUTOPILOT;SEO автопилот;SEO_AUTOPILOT_NEW;13;13;3;jupiter-tmc.ru|orol.taximaxim.ru|yandex.ru|taxitops.ru|taxi.yandex.ru|vezet.ru|orol.taxipoehali.ru|m.avito.ru|taxisaturn.ru|2gis.ru;;;
ekaterinburg-suxoj-log;new;43;;NONE;Z_LOW_PRIORITY;Низкий приоритет (новые);LOW_PRIORITY;18;4;0;www.taxi2000.ru|www.mezhgorod.taxi|taksi-ekb.ru|taxivezde.ru|nexttax.ru|ugtaxi.ru|taxi.drive-luxe.ru|willway.ru|catalogtaksi.ru|1taxopark.ru;;;
stavropol-yuzhnyj;new;43;2;NONE;Z_LOW_PRIORITY;Низкий приоритет (новые);LOW_PRIORITY;18;10;3;ugtaxi.ru|city2city.ru|catalogtaxi.ru|taxi.yandex.ru|deshevotaxi.ru|www.avito.ru|www.yell.ru|www.intui.travel|stavropol.taximaxim.ru|yandex.ru;;;
kazan-buinsk;old;43;;SEO;F_AUTOPILOT;SEO автопилот;SEO_AUTOPILOT;1;5;0;go.yandex|www.avito.ru|1taxopark.ru|taxi555.ru|mezhgorod.pro|taxivezde.ru|uslugi.yandex.ru|taksisvo.ru|taxi.drive-luxe.ru|taxi-kazan.su;Казань;Буинск;4500
kostroma-ivanovo;old;43;3;SEO;F_AUTOPILOT;SEO автопилот;SEO_AUTOPILOT;1;22;0;xn----7sbbhbow1bfkbndml0b.xn--p1ai|kostroma.taxi24h.ru|city2city.ru|rustransfer.org|taxi533.ru|1taxopark.ru|www.mezhgorod.taxi|jupiter-tmc.ru|taksisvo.ru|www.taxi2000.ru|catalogtaksi.ru|vse-taxi.com|www.rome2rio.com|transfer-44.ru|taxivezde.ru|obltaxi.ru|kostroma.simferopol-aeroport.taxi|ru-travel.org|kiwitaxi.ru|www.taxi-love.ru|mezhdugorodnee-taxi24.ru|taksi-services.ru|ivanovo-transfer37.ru|transfer44.ru|transfergid.ru|taxi-nomera.ru|uslugi.yandex.ru|kostroma.taxi-krim.com|mezhgorod-taksi.ru|taxigorkovskoe.ru;Кострома;Иваново;3800
tver-bezheczk;old;43;;SEO;F_AUTOPILOT;SEO автопилот;SEO_AUTOPILOT;0;21;0;taxi555.ru|taxi-tver.com|deshevotaxi.ru|catalogtaksi.ru|www.taxi2000.ru|obltaxi.ru|taxivezde.ru|taksisvo.ru|taksi-services.ru|xn----7sbyhcmnbsdikx.xn--p1ai|taksi-gorod.ru|taxi.drive-luxe.ru|www.tourister.ru|takse.ru|rustransfer.org|www.taxi-rokada.ru|mejgorodtaxi.ru|oblastnoe-taxi.ru|taxomarket.ru|taxi-nomera.ru|taxi-tver-tver-oblast-ru.taxigator.ru|mezhgorod-taksi.ru|mobilodeon.ru|xn--80affnblthori.xn--p1ai|jupiter-tmc.ru|taxi-mezhgorod24.ru|www.rome2rio.com|zelenoglazoetaxi.online|xn--24-6kc6aj8ahcgi.xn--p1ai|mezhdugorodnee-taksi.ru;Тверь;Бежецк;4000
ryazan-novomichurinsk;old;43;1;SEO;F_AUTOPILOT;SEO автопилот;SEO_AUTOPILOT;1;21;0;city2city.ru|deshevotaxi.ru|kubtaxi.ru|tratatur.ru|1taxopark.ru|catalogtaksi.ru|taxi555.ru|taxi-ug.ru|xn----7sbyhcmnbsdikx.xn--p1ai|taksisvo.ru|taksi-gorod.ru|www.mezhgorod.taxi|www.rome2rio.com|taxi.drive-luxe.ru|www.taxi-love.ru|taxivezde.ru|takse.ru|www.taxi2000.ru|www.taxi-rokada.ru|obltaxi.ru|rustransfer.org|mezhgorod-taksi.ru|rzn-transfer.ru|mejgorodtaxi.ru|mobilodeon.ru|jupiter-tmc.ru|taxi-mezhgorod24.ru|transfer62.ru|www.avito.ru|y-taxi.ru;Рязань;Новомичуринск;3600
ekaterinburg-orenburg;old;43;7;DIRECT;H_DIRECT_TEST;Директ тест;DIRECT_TEST;1;8;0;www.avito.ru|sky-transfer.ru|taksi-gorod.ru|yekaterinburg.sevastopol24.taxi|taxi555.ru|yekaterinburg.taxi24h.ru|city2city.ru|taxi533.ru|unit-transfer.ru|taksisvo.ru;Екатеринбург;Оренбург;28800
smolensk-yarczevo;old;43;9;SEO;F_AUTOPILOT;SEO автопилот;SEO_AUTOPILOT;1;22;0;deshevotaxi.ru|catalogtaksi.ru|mejgorodtaxi.ru|taksi-gorod.ru|www.mezhgorod.taxi|turtransfer.ru|1taxopark.ru|taxi.drive-luxe.ru|city2city.ru|obltaxi.ru|taksisvo.ru|taxivezde.ru|mobilodeon.ru|www.taxi2000.ru|mezhgorod-taksi.ru|takse.ru|rustransfer.org|taxi-smolensk-smolensk-oblast-ru.taxigator.ru|www.taxi-love.ru|taksi-services.ru|transfer67.ru|taxi-nomera.ru|ru-travel.org|www.avito.ru|taxi-mezhgorod24.ru|uslugi.yandex.ru|www.smol.kp.ru|transfergid.ru|mezhdugorodnee-taksi.ru|perevozka24.com;Смоленск;Ярцево;3000
krasnodar-taman;new;42;;NONE;Z_LOW_PRIORITY;Низкий приоритет (новые);LOW_PRIORITY;2;25;0;kubtaxi.ru|taxi-ug.ru|tratatur.ru|krasnodar.sky-transfer.ru|taxi-krasnodar-aeroport.ru|ugtaxi.ru|taxi-kuban.ru|krasnodar.taxi24h.ru|taxiresort.ru|geltaxi.ru;;;
murmansk-leninskoe;new;42;;NONE;Z_LOW_PRIORITY;Низкий приоритет (новые);LOW_PRIORITY;16;6;3;taksi-gorod.ru|catalogtaksi.ru|murmansk.taximaxim.ru|taxi.yandex.ru|stk51.ru|yandex.ru|mejgorodtaxi.ru|murmansk.spravker.ru|vezet.ru|uslugi.yandex.ru;;;
kazan-saratov;old;42;9;DIRECT;H_DIRECT_TEST;Директ тест;DIRECT_TEST;1;7;0;sky-transfer.ru|taksi-gorod.ru|kazan.sevastopol24.taxi|www.avito.ru|unit21.ru|taxi-kazan.su|kazan.taxi24h.ru|ugtaxi.ru|city2city.ru|taxi555.ru;Казань;Саратов;19600
elista-mineralnye-vody;old;42;6;SEO;F_AUTOPILOT;SEO автопилот;SEO_AUTOPILOT;1;7;0;www.avito.ru|kubtaxi.ru|elista.taxi24h.ru|www.taxi2000.ru|tratatur.ru|city2city.ru|taxi-ug.ru|taxi555.ru|elista.taksi24.taxi|elista.taxi-krim.com;Элиста;Минеральные Воды;9300
kazan-ekaterinburg;old;42;;DIRECT;H_DIRECT_TEST;Директ тест;DIRECT_TEST;2;3;0;taxi-airport-kazan.ru|www.avito.ru|yandex.ru|kiwitaxi.ru|2gis.ru|www.tourister.ru|uslugi.yandex.ru|taxw.ru|transfer-kazan.ru|kazan.rustransfer.org;Международный аэропорт Казань;Екатеринбург;26000
kazan-magnitogorsk;old;42;;DIRECT;H_DIRECT_TEST;Директ тест;DIRECT_TEST;0;7;0;ugtravel.ru|erataxi.ru|unit21.ru|transfer-kazan.ru|taxi555.ru|taksi-gorod.ru|taxi533.ru|1taxopark.ru|unit-transfer.ru|www.mezhgorod.taxi;Казань;Магнитогорск;26100
nikolaevsk-na-amure-habarovsk;old;42;9;DIRECT;H_DIRECT_TEST;Директ тест;DIRECT_TEST;1;13;0;baza.drom.ru|yandex.ru|catalogtaksi.ru|taxidvlux.ru|taxi158.ru|taksi-gorod.ru|www.avito.ru|rustransfer.org|city2city.ru|yandex.ru|vk.com|vse-taxi.com|t.me|jupiter-tmc.ru|takse.ru|deshevotaxi.ru|xn-----6kcbbiuftudivcij9bk9b.xn--80akxkdedu.xn--p1acf|uslugi.yandex.ru|perevozka24.com|www.orgpage.ru|ru-travel.org|mezhgorod-taksi.ru|taxigator.ru|taxidvlux.clients.site|2gis.ru|m.ok.ru|taksi-dv-lyuks.orgs.biz|rutaxist.ru|habarovsk.doski.ru|uslugio.com;Николаевск-на-Амуре;Хабаровск;27400
xabarovsk-nikolaevsk-na-amure;old;42;11;DIRECT;H_DIRECT_TEST;Директ тест;DIRECT_TEST;1;11;0;yandex.ru|taxidvlux.ru|vk.com|taxi158.ru|www.farpost.ru|catalogtaksi.ru|rustransfer.org|taxidvlux.clients.site|vse-taxi.com|yandex.ru|city2city.ru|takse.ru|deshevotaxi.ru|www.avito.ru|uslugi.yandex.ru|mezhgorod-taksi.ru|t.me|habarovsk.doski.ru|khb.kupiprodai.ru|xn--80aacf4bwnk3a.xn--80akxkdedu.xn--p1acf|gdefirmi.ru|2gis.ru|www.orgpage.ru|taksi-gorod.ru|perevozka24.com|taxigator.ru|gdeprosto.ru|www.adsfactory.ru|uslugio.com|m.ok.ru;Хабаровск;Николаевск-на-Амуре;27400
ryazan-mixajlov;old;42;;SEO;F_AUTOPILOT;SEO автопилот;SEO_AUTOPILOT;0;21;0;kubtaxi.ru|taksi-gorod.ru|taxi555.ru|1taxopark.ru|catalogtaksi.ru|tratatur.ru|taxi-ug.ru|taxi.drive-luxe.ru|deshevotaxi.ru|www.mezhgorod.taxi|taksisvo.ru|www.taxi-love.ru|taxivezde.ru|www.taxi2000.ru|xn----7sbyhcmnbsdikx.xn--p1ai|rustransfer.org|obltaxi.ru|takse.ru|mezhgorod-taksi.ru|ru-travel.org|vk.com|rutaxist.ru|mejgorodtaxi.ru|taxomarket.ru|2gis.ru|taxi-nomera.ru|uslugi.yandex.ru|transfer62.ru|perevozka24.com|taxi-mezhgorod24.ru;Рязань;Михайлов;5500
krasnodar-korenovsk;old;42;;SEO;F_AUTOPILOT;SEO автопилот;SEO_AUTOPILOT;2;22;0;kubtaxi.ru|go.yandex|taxi-ug.ru|perfect-taxi.ru|willway.ru|taksi-gorod.ru|ugtaxi.ru|www.taxisea.ru|kiwitaxi.ru|krasnodarskoe-taxi.ru|transferoff.ru|1taxopark.ru|centertaxi-krd.ru|tratatur.ru|taxiresort.ru|taksisvo.ru|www.mezhgorod.taxi|deshevotaxi.ru|xn----7sbyhcmnbsdikx.xn--p1ai|taxi.drive-luxe.ru|catalogtaxi.ru|geltaxi.ru|www.avito.ru|taxi.transferplustravel.com|mezhgorod-rf.ru|taxivezde.ru|www.krd-taxi.ru|rustransfer.org|obltaxi.ru|catalogtaksi.ru;Краснодар;Кореновск;2000
izhevsk-samara;old;42;;DIRECT;H_DIRECT_TEST;Директ тест;DIRECT_TEST;0;8;0;izhevsk.taxi24h.ru|1taxopark.ru|taxi24online.ru|taksi-gorod.ru|taxi.drive-luxe.ru|taksisvo.ru|taxi533.ru|taxi-izhevsk.ru|taxi555.ru|xn----7sbhlekbng7dgc.xn--p1ai;Ижевск;Самара;16500
moskva-elecz;new;41;;NONE;Z_LOW_PRIORITY;Низкий приоритет (новые);LOW_PRIORITY;8;18;0;cvo-taxi.ru|taxi555.ru|taxi-mobil.ru|kubtaxi.ru|www.taxi2000.ru|www.100mtaxi.ru|www.mezhgorod.taxi|sky-transfer.ru|ab-taxi.ru|www.taxi-love.ru;;;
krasnodar-kurganinsk;new;41;;NONE;Z_LOW_PRIORITY;Низкий приоритет (новые);LOW_PRIORITY;14;14;0;kubtaxi.ru|taxi-ug.ru|taxi.transferplustravel.com|perfect-taxi.ru|taxiresort.ru|ugtaxi.ru|tratatur.ru|transferoff.ru|taksisvo.ru|taxi555.ru;;;
kursk-oboyan;old;41;1;SEO;F_AUTOPILOT;SEO автопилот;SEO_AUTOPILOT;1;19;0;city2city.ru|deshevotaxi.ru|taxi555.ru|catalogtaksi.ru|takse.ru|mezhgorod-taksi.ru|taksi-gorod.ru|www.taxi2000.ru|1taxopark.ru|unit-transfer.ru|xn----7sbyhcmnbsdikx.xn--p1ai|taxivezde.ru|taxi.drive-luxe.ru|taksisvo.ru|rustransfer.org|www.taxi-love.ru|www.taxi-rokada.ru|ru-travel.org|jupiter-tmc.ru|mejgorodtaxi.ru|taxi-kursk-kursk-oblast-ru.taxigator.ru|m.avito.ru|taxomarket.ru|taxi-nomer.ru|uslugi.yandex.ru|y-taxi.ru|xn--j1aarei.xn--80akxkdedu.xn--p1acf|www.rome2rio.com|taxiregionika.ru|catalogtaxi.ru;Курск;Обоянь;3000
ulyanovsk-syzran;old;41;14;SEO;F_AUTOPILOT;SEO автопилот;SEO_AUTOPILOT;3;21;0;www.avito.ru|taksi-gorod.ru|taxi533.ru|taxi555.ru|1taxopark.ru|taksisvo.ru|rustransfer.org|www.taxi2000.ru|takse.ru|www.mezhgorod.taxi|mejgorod-taxi.ru|deshevotaxi.ru|mezhgorod-rf.ru|city2city.ru|vse-taxi.com|taxi-russia.su|obltaxi.ru|taxivezde.ru|taxi.drive-luxe.ru|www.taxi-love.ru|catalogtaksi.ru|mejgorodtaxi.ru|www.intui.travel|mezhgorod-taksi.ru|taxigorkovskoe.ru|taxi-nomera.ru|mobilodeon.ru|taxi-ulyanovsk-ulyanovsk-oblast-ru.taxigator.ru|uslugi.yandex.ru|kiwitaxi.ru;Ульяновск;Сызрань;5000
tula-kireevsk;old;41;6;SEO;F_AUTOPILOT;SEO автопилот;SEO_AUTOPILOT;1;21;0;taxi555.ru|xn----7sbbu0aptdhddiv.xn--p1ai|catalogtaksi.ru|deshevotaxi.ru|1taxopark.ru|city2city.ru|www.taxi2000.ru|taxivezde.ru|taxi.drive-luxe.ru|www.mezhgorod.taxi|obltaxi.ru|rustransfer.org|takse.ru|mejgorodtaxi.ru|m.avito.ru|ru-travel.org|taxi-nomera.ru|mobilodeon.ru|taxomarket.ru|mezhgorod-taksi.ru|mezhdugorodnee-taksi.ru|taksi-services.ru|transfer71.ru|www.rome2rio.com|taksisvo.ru|www.taxi-rokada.ru|taxinomerok.ru|taxi-tula-tula-oblast-ru.taxigator.ru|taxi-mezhgorod24.ru|taxi.yandex.ru;Тула;Киреевск;3000
krasnodar-apsheronsk;old;41;;SEO;F_AUTOPILOT;SEO автопилот;SEO_AUTOPILOT;1;24;0;taxi-ug.ru|kubtaxi.ru|ugtaxi.ru|tratatur.ru|krasnodarskoe-taxi.ru|taxi.transferplustravel.com|www.taxisea.ru|willway.ru|yandex.ru|transferoff.ru|kiwitaxi.ru|www.krd-taxi.ru|centertaxi-krd.ru|taxiresort.ru|perfect-taxi.ru|1taxopark.ru|taxi555.ru|sochi.taxi|taxi.drive-luxe.ru|www.mezhgorod.taxi|taksi-gorod.ru|sip.taxi|msk.taxi|geltaxi.ru|takse.ru|catalogtaxi.ru|rustransfer.org|taksisvo.ru|taxivezde.ru|www.taxi2000.ru;Краснодар;Апшеронск;3500
cheboksary-ulyanovsk;old;41;;SEO;F_AUTOPILOT;SEO автопилот;SEO_AUTOPILOT;0;10;0;taxiarkadiya.ru|cheboksary.taksi24.taxi|taxiboss.biz|taksi-gorod.ru|taxi533.ru|www.taxi2000.ru|taxi555.ru|cheboksary.sevastopol24.taxi|ab-taxi.ru|taxi.drive-luxe.ru;Чебоксары;Ульяновск;7000
bryansk-starodub;old;41;5;SEO;F_AUTOPILOT;SEO автопилот;SEO_AUTOPILOT;0;6;0;taxi555.ru|taksisvo.ru|deshevotaxi.ru|1taxopark.ru|city2city.ru|xn----7sbyhcmnbsdikx.xn--p1ai|taxi.drive-luxe.ru|takse.ru|www.taxi2000.ru|taksi-gorod.ru;Брянск;Стародуб;5000
bryansk-zhukovka;new;40;;NONE;Z_LOW_PRIORITY;Низкий приоритет (новые);LOW_PRIORITY;26;3;2;zhukovka.taximaxim.ru|yandex.ru|deshevotaxi.ru|1taxopark.ru|catalogtaksi.ru|taksisvo.ru|taxi555.ru|kiwitaxi.ru|www.taxi2000.ru|taksi-gorod.ru;;;
pskov-novgorod;new;40;15;SEO;F_AUTOPILOT;SEO автопилот;SEO_AUTOPILOT_NEW;15;11;1;catalogtaksi.ru|taxi555.ru|mejgorod-taxi.ru|taxivezde.ru|www.mezhgorod.taxi|rustransfer.org|korona-taksi.ru|deshevotaxi.ru|vtstaxi.ru|yandex.ru;;;
smolensk-gagarin;new;40;;NONE;Z_LOW_PRIORITY;Низкий приоритет (новые);LOW_PRIORITY;22;7;2;1taxopark.ru|www.mezhgorod.taxi|catalogtaksi.ru|taxi-russia.ru|taksisvo.ru|rustransfer.org|www.taxi-love.ru|gagarin.taximaxim.ru|taxivezde.ru|jupiter-tmc.ru;;;
orenburg-chelyabinsk;old;40;7;DIRECT;H_DIRECT_TEST;Директ тест;DIRECT_TEST;1;22;0;www.avito.ru|vk.com|taxi533.ru|nexttax.ru|ab-taxi.ru|taksi-gorod.ru|city2city.ru|orenburg.taksi24.taxi|rustransfer.org|intercity74.ru|taxi-russia.su|1taxopark.ru|taxivezde.ru|jupiter-tmc.ru|www.mezhgorod.taxi|orenburg.taxi24h.ru|taxi.drive-luxe.ru|orenburg.yalta-24.taxi|taksisvo.ru|taxi-cosmos.ru|www.taxi-love.ru|mezhgorod-rf.ru|orenburg.aeroport-simferopol.taxi|vse-taxi.com|obltaxi.ru|orenburg.taxi-krim.com|orentransfer.ru|mejgorodtaxi.ru|deshevotaxi.ru|onlinetaxi.su;Оренбург;Челябинск;22500
voronezh-boguchar;old;40;;SEO;F_AUTOPILOT;SEO автопилот;SEO_AUTOPILOT;1;22;0;taxi-ug.ru|kubtaxi.ru|catalogtaksi.ru|tratatur.ru|taxi555.ru|www.taxi2000.ru|www.mezhgorod.taxi|www.avito.ru|taxi.drive-luxe.ru|taksi-gorod.ru|cvo-taxi.ru|mezhgorod-rf.ru|rustransfer.org|takse.ru|cabway.ru|obltaxi.ru|taxivezde.ru|taksisvo.ru|deshevotaxi.ru|1taxopark.ru|www.taxi-rokada.ru|www.taxi-love.ru|mejgorodtaxi.ru|taxigorkovskoe.ru|korona-taksi.ru|taxicamry.ru|vrn-taxi.ru|ru-travel.org|taxi-russia.su|uslugi.yandex.ru;Воронеж;Богучар;7000
blagoveshhensk-zeya;old;40;2;DIRECT;H_DIRECT_TEST;Директ тест;DIRECT_TEST;1;4;0;www.avito.ru|city2city.ru|taksi-gorod.ru|zoon.ru|rustransfer.org|taksisvo.ru|catalogtaksi.ru|takse.ru|yandex.ru|vk.com;Благовещенск;Зея;15300
lugansk-rostov-na-don;old;40;;SEO;F_AUTOPILOT;SEO автопилот;SEO_AUTOPILOT;1;15;0;estlugansk.ru|lugansk.taxi|yandex.ru|600.taxi|www.avito.ru|dzen.ru|arteltaxi.ru|959.xn--p1ai|vk.com|uslugi.yandex.ru|taxi-alliance.turbo.site|ok.ru|deshevotaxi.ru|t.me|www.rustore.ru|perevozka24.com|horeca-lg.ru|taksi-gorod.ru|taxigoroda.ru|apps.apple.com|lugansk.sky-transfer.ru|lugansk.taxi24h.ru|lugansk.taksi24.taxi|lugansk.taxiarkadiya.ru|takse.ru|taxi-lugansk.ru|434.taxi|taxi-lnr.ru|zvs-lg.ru|xn-----6kcbqgcdjrv0afza5ajp5i.xn--p1ai;Луганск;Ростов-на-Дону;6000
irkutsk-zima;old;40;4;SEO;F_AUTOPILOT;SEO автопилот;SEO_AUTOPILOT;0;5;0;catalogtaksi.ru|rustransfer.org|jupiter-tmc.ru|city2city.ru|taxi-irkutsk-irkutsk-oblast-ru.taxigator.ru|www.ellit-avto.ru|taxi-nomera.ru|takse.ru|taxi-38.ru|express138.ru;Иркутск;Зима;8000
irkutsk-severobajkalsk;old;40;1;DIRECT;H_DIRECT_TEST;Директ тест;DIRECT_TEST;0;5;0;city2city.ru|taksi-gorod.ru|rustransfer.org|xn----8sbacerbupdahbn3bzagmclfv7t.xn--p1ai|takse.ru|catalogtaxi.ru|jupiter-tmc.ru|deshevotaxi.ru|club64047612.orgs.biz|transfere.ru;Иркутск;Северобайкальск;24600
kemerovo-tayga;old;40;8;SEO;F_AUTOPILOT;SEO автопилот;SEO_AUTOPILOT;0;7;0;taxi555.ru|www.mezhgorod.taxi|rustransfer.org|catalogtaksi.ru|1taxopark.ru|www.taxikem.ru|obltaxi.ru|city2city.ru|taxikemerovo.ru|takse.ru;Кемерово;Тайга;3800
moskva-cherepovecz;new;39;;NONE;Z_LOW_PRIORITY;Низкий приоритет (новые);LOW_PRIORITY;8;18;0;taxi-mobil.ru|taxidaleko.ru|wing-taxi.ru|xn----7sbyhcmnbsdikx.xn--p1ai|www.taxi2000.ru|www.avito.ru|msk.taxi|taxi555.ru|zakaz.mezhgorod.taxi|ugtaxi.ru;;;
moskva-tyoploe;new;39;4;SEO;F_AUTOPILOT;SEO автопилот;SEO_AUTOPILOT_NEW;13;15;2;ugtaxi.ru|taksisvo.ru|ab-taxi.ru|city2city.ru|1taxopark.ru|wing-taxi.ru|www.taxi-love.ru|obltaxi.ru|taksi777.ru|6694036.ru;;;
arxangelsk-novodvinsk;new;39;;NONE;Z_LOW_PRIORITY;Низкий приоритет (новые);LOW_PRIORITY;24;3;2;www.mezhgorod.taxi|1taxopark.ru|deshevotaxi.ru|kiwitaxi.ru|catalogtaxi.ru|taxi.drive-luxe.ru|www.taxi2000.ru|rustransfer.org|takse.ru|obltaxi.ru;;;
krasnodar-primorsko-axtarsk;new;39;;NONE;Z_LOW_PRIORITY;Низкий приоритет (новые);LOW_PRIORITY;13;15;1;kubtaxi.ru|taxi-ug.ru|tratatur.ru|perfect-taxi.ru|taxi-krasnodar-aeroport.ru|kiwitaxi.ru|willway.ru|ugtaxi.ru|taxi555.ru|yandex.ru;;;
krasnodar-tixoreczk;new;39;;NONE;Z_LOW_PRIORITY;Низкий приоритет (новые);LOW_PRIORITY;15;12;0;kubtaxi.ru|taxi-ug.ru|tratatur.ru|perfect-taxi.ru|ugtaxi.ru|www.taxi2000.ru|taxi555.ru|transferoff.ru|kiwitaxi.ru|geltaxi.ru;;;
perm-rostov-na-donu;new;39;;NONE;Z_LOW_PRIORITY;Низкий приоритет (новые);LOW_PRIORITY;13;15;0;uralavtotaxi.ru|ugtravel.com|perm.taxi24h.ru|taksi-gorod.ru|taxi-bereg.ru|taxi-cosmos.ru|taxi24online.ru|msk.taxi|taksisvo.ru|www.mezhgorod.taxi;;;
kemerovo-topki;old;39;1;SEO;F_AUTOPILOT;SEO автопилот;SEO_AUTOPILOT;0;8;0;city2city.ru|catalogtaxi.ru|taxi555.ru|rustransfer.org|taksi-gorod.ru|deshevotaxi.ru|obltaxi.ru|taxivezde.ru|1taxopark.ru|taxi.drive-luxe.ru;Кемерово;Топки;3000
elista-stavropol;old;39;;SEO;F_AUTOPILOT;SEO автопилот;SEO_AUTOPILOT;1;7;0;elista.taksi24.taxi|elista.taxi24h.ru|ugtaxi.ru|1taxopark.ru|tratatur.ru|kiwitaxi.ru|elista.taxi-krim.com|taxi533.ru|taxi-ug.ru|taksi-gorod.ru;Элиста;Ставрополь;8000
orenburg-ekaterinburg;old;39;7;DIRECT;H_DIRECT_TEST;Директ тест;DIRECT_TEST;1;23;0;www.avito.ru|orenburg.taksi24.taxi|taksi-gorod.ru|jupiter-tmc.ru|taxi533.ru|orenburg.taxi24h.ru|city2city.ru|ugtravel.com|orenburg.yalta-24.taxi|taksisvo.ru|taxi555.ru|www.taxi2000.ru|rustransfer.org|www.mezhgorod.taxi|taxivezde.ru|taxi.drive-luxe.ru|taxi-cosmos.ru|www.taxi-love.ru|deshevotaxi.ru|transferug.ru|vse-taxi.com|mejgorodtaxi.ru|minibus.biletyplus.ru|xn----ftbdbf8asar.xn--p1ai|orentransfer.ru|catalogtaksi.ru|taxi-lider64.ru|obltaxi.ru|xn----btbeccede6cqhacyed4c.xn--p1ai|mezhgorod-taksi.ru;Оренбург;Екатеринбург;28800
orenburg-oktyabrskij-respublika-bashkortostan;old;39;3;DIRECT;H_DIRECT_TEST;Директ тест;DIRECT_TEST;1;18;0;www.avito.ru|taxi555.ru|city2city.ru|taxi533.ru|taksisvo.ru|mezhgorod-rf.ru|1taxopark.ru|vk.com|www.taxi2000.ru|taxi.drive-luxe.ru|taxi-russia.su|xn----7sbyhcmnbsdikx.xn--p1ai|rustransfer.org|taxivezde.ru|www.taxi-love.ru|obltaxi.ru|catalogtaksi.ru|vse-taxi.com|mejgorodtaxi.ru|mezhgorod-taksi.ru|orenburg.nashaspravka.ru|taxi-nomer.ru|2gis.ru|deshevotaxi.ru|xn--90aee6admdx.xn--80akxkdedu.xn--p1acf|www.rome2rio.com|yandex.ru|taxinomerok.ru|perevozka24.com|club80974887.orgs.biz;Оренбург;Октябрьский;11400
perm-izhevsk;old;39;;SEO;F_AUTOPILOT;SEO автопилот;SEO_AUTOPILOT;2;20;0;kiwitaxi.ru|uralavtotaxi.ru|perm.taxi24h.ru|taxi555.ru|taxi-realtransfer-mejgorod.ru|taxi-perm.su|m.avito.ru|perm.sevastopol24.taxi|www.taxi2000.ru|vse-taxi.com|1taxopark.ru|taxi24online.ru|taxi533.ru|taksi-gorod.ru|www.taxopark.com|taksisvo.ru|mezhgorod-rf.ru|transfers.unitaxi.ru|taxivezde.ru|rustransfer.org|catalogtaksi.ru|jupiter-tmc.ru|obltaxi.ru|taxi-cosmos.ru|xn--159-5cd4bl3cf.xn--p1ai|perm.taxi-krim.com|vk.com|xn----7sbp3acjidhfbkt.su|www.taxi-love.ru|ru-travel.org;Пермь;Ижевск;8500
tyumen-talicza;old;39;1;SEO;F_AUTOPILOT;SEO автопилот;SEO_AUTOPILOT;2;19;0;city2city.ru|taxi555.ru|www.mezhgorod.taxi|taxi-russia.su|obltaxi.ru|www.taxi2000.ru|1taxopark.ru|taxivezde.ru|takse.ru|xn--72-glcedg4btat.xn--p1ai|catalogtaksi.ru|deshevotaxi.ru|rustransfer.org|jupiter-tmc.ru|mezhgorod.taxi-ekvator.ru|ru-travel.org|www.taxi-love.ru|taksi-gorod.ru|mezhgorod-taksi.ru|mejgorodtaxi.ru|ab-taxi.ru|www.intui.travel|taxigator.ru|xn--e1aner7ci.xn--80akxkdedu.xn--p1acf|www.avito.ru|perevozka24.com|tyumen.taximaxim.ru|uslugi.yandex.ru|tyumen.taxipoehali.ru|tyumen.taxovichkof.ru;Тюмень;Талица;4700
rostov-perm;old;39;;DIRECT;H_DIRECT_TEST;Директ тест;DIRECT_TEST;0;26;0;ugtravel.com|perfect-taxi.ru|turtransfer.ru|taxikama.tb.ru|taksi-gorod.ru|rostov.taxi24h.ru|taxi555.ru|rostov.yalta-24.taxi|taxi.drive-luxe.ru|avto-kruiz.com|taksisvo.ru|unit-transfer.ru|mezhgorod-rf.ru|msk.taxi|catalogtaksi.ru|taxi-cosmos.ru|taxi-svobodnoe.ru|mejgorod-taxi.ru|rostov.simferopol-aeroport.taxi|rostov.taxi-krim.com|unit21.ru|taxivezde.ru|rostov.aeroport-simferopol.taxi|uralavtotaxi.ru|www.transfer61.ru|deshevotaxi.ru|transferug.ru|vse-taxi.com|korona-taksi.ru|mejgorodtaxi.ru;Ростов-на-Дону;Пермь;64000
ufa-almetevsk;old;39;14;SEO;F_AUTOPILOT;SEO автопилот;SEO_AUTOPILOT;1;22;0;www.avito.ru|www.taxi2000.ru|taxi24online.ru|taksi-gorod.ru|taxi533.ru|taksisvo.ru|taxibulgakovo.ru|www.mezhgorod.taxi|taxiufa.ru|taximini-ufa.ru|1taxopark.ru|rustransfer.org|taxi.drive-luxe.ru|city2city.ru|takse.ru|taksi-ufa.ru|obltaxi.ru|taxivezde.ru|mezhgorod-rf.ru|taxi-mini.ru|minibus.biletyplus.ru|catalogtaksi.ru|taxi-cosmos.ru|mejgorodtaxi.ru|taxiufaalmetievsk.turbo.site|taxiufa.su|vse-taxi.com|deshevotaxi.ru|vk.com|xn----7sbp3acjidhfbkt.su;Уфа;Альметьевск;8800
irkutsk-novosibirsk;old;39;2;DIRECT;H_DIRECT_TEST;Директ тест;DIRECT_TEST;1;5;0;ugtravel.com|city2city.ru|taksi-gorod.ru|www.transfer38.ru|www.avito.ru|mezhgorod-rf.ru|starcars54.ru|deshevotaxi.ru|mejgorodtaxi.ru|catalogtaksi.ru;Иркутск;Новосибирск;55000
kazan-vostochnyj;new;38;;NONE;Z_LOW_PRIORITY;Низкий приоритет (новые);LOW_PRIORITY;18;9;3;ugtaxi.ru|taxi555.ru|ab-taxi.ru|obltaxi.ru|www.mezhgorod.taxi|deshevotaxi.ru|taxivezde.ru|taxi.drive-luxe.ru|yandex.ru|catalogtaksi.ru;;;
ekaterinburg-revda;new;38;;NONE;Z_LOW_PRIORITY;Низкий приоритет (новые);LOW_PRIORITY;22;2;3;go.yandex|ugtravel.ru|t.me|taksisvo.ru|catalogtaksi.ru|taxi555.ru|willway.ru|1taxopark.ru|taxi.drive-luxe.ru|kiwitaxi.ru;;;
ekaterinburg-zarechnyj;new;38;;NONE;Z_LOW_PRIORITY;Низкий приоритет (новые);LOW_PRIORITY;20;7;0;taxi555.ru|1taxopark.ru|www.rome2rio.com|ab-taxi.ru|www.taxi2000.ru|taksisvo.ru|deshevotaxi.ru|nexttax.ru|willway.ru|taxi.drive-luxe.ru;;;
krasnoyarsk-sharypovo;old;38;1;SEO;F_AUTOPILOT;SEO автопилот;SEO_AUTOPILOT;3;19;0;city2city.ru|www.rome2rio.com|kiwitaxi.ru|catalogtaksi.ru|taxi555.ru|deshevotaxi.ru|transfers.unitaxi.ru|1taxopark.ru|www.taxi2000.ru|taxi.drive-luxe.ru|takse.ru|rustransfer.org|taxivezde.ru|jupiter-tmc.ru|www.intui.travel|obltaxi.ru|www.taxi-love.ru|taksi-gorod.ru|xn--80atblfjdfd2l.xn--80akxkdedu.xn--p1acf|mezhgorod-taksi.ru|www.avito.ru|transfere.ru|uni-transfers.com|www.yell.ru|taxi-krasnoyarsk-krasnoyarsk-krai-ru.taxigator.ru|krasnoyarsk.perivoz.ru|y-taxi.ru|ubitaxi.ru|transfergid.ru|taxiport24.ru;Красноярск;Шарыпово;9400
energodar-simferopol;old;38;;DIRECT;H_DIRECT_TEST;Директ тест;DIRECT_TEST;0;6;0;cruiz-taxi.ru|taksireal.ru|perevozka24.com|vk.com|uslugi.yandex.ru|energodar.taxi24h.ru|energodar.taksi24.taxi|ok.ru|ug.taxi|xn----8sbnojigiuni.xn--p1ai;Энергодар;Симферополь;10500
energodar-ufa;old;38;;DIRECT;H_DIRECT_TEST;Директ тест;DIRECT_TEST;0;6;0;cruiz-taxi.ru|taksireal.ru|perevozka24.com|vk.com|uslugi.yandex.ru|energodar.taxi24h.ru|energodar.taksi24.taxi|ok.ru|ug.taxi|xn----8sbnojigiuni.xn--p1ai;Энергодар;Уфа;65500
nizhnij-novgorod-balaxna;old;38;;SEO;F_AUTOPILOT;SEO автопилот;SEO_AUTOPILOT;1;17;0;go.yandex|www.taxi2000.ru|1taxopark.ru|catalogtaksi.ru|xn----7sbyhcmnbsdikx.xn--p1ai|obltaxi.ru|taksisvo.ru|taxi555.ru|taxigorkovskoe.ru|yandex.ru|takse.ru|taxi.drive-luxe.ru|taksi-gorod.ru|taxivezde.ru|mezhgorod-rf.ru|uslugi.yandex.ru|mezhgorod-taksi.ru|xn--80aesgcvcug0d.su|jupiter-tmc.ru|www.intui.travel|deshevotaxi.ru|www.taxi-love.ru|mb-taxi.ru|rustransfer.org|taxomarket.ru|taxi-nomera.ru|perevozka24.com|taksi-gorod.clients.site|xn-----6kcnbecgjov3axagazifr.xn--p1ai|2gis.ru;Нижний Новгород;Балахна;2000
energodar-rostov-na-don;old;38;;DIRECT;H_DIRECT_TEST;Директ тест;DIRECT_TEST;0;6;0;cruiz-taxi.ru|taksireal.ru|perevozka24.com|vk.com|uslugi.yandex.ru|energodar.taxi24h.ru|energodar.taksi24.taxi|ug.taxi|ok.ru|xn----8sbnojigiuni.xn--p1ai;Энергодар;Ростов-на-Дону;14000
ekaterinburg-kachkanar;old;38;;SEO;F_AUTOPILOT;SEO автопилот;SEO_AUTOPILOT;0;8;0;nexttax.ru|www.mezhgorod.taxi|ab-taxi.ru|taxi.drive-luxe.ru|rustransfer.org|www.taxi2000.ru|1taxopark.ru|taksi-ekb.ru|deshevotaxi.ru|taxivezde.ru;Екатеринбург;Качканар;7500
svo-taxi-krasnodar-lugansk;old;38;;DIRECT;H_DIRECT_TEST;Директ тест;DIRECT_TEST;1;14;0;taxi.yandex.ru|krasnodar.taximaxim.ru|yandex.ru|2gis.ru|vezet.ru|www.avito.ru|city-mobil.ru|zoon.ru|uslugi.yandex.ru|krasnodar.taxipoehali.ru|drivee.com|krasnodar.taxovichkof.ru|krasnodar.flamp.ru|www.auto-krasnodar.ru|go.yandex|www.yell.ru|firstaxi.ru|kubtaxi.ru|perevozka24.com|teleportpro.org|taxisaturn.ru|rutaxi.ru|transport.globser.ru|krasnodar.taptaxi.su|krasnodarskoe-taxi.ru|93.ru|www.krd-taxi.ru|perfect-taxi.ru|centertaxi-krd.ru|krasnodar.taxikaskad.ru;Краснодар;Луганск;14500
penza-nizhnij-lomov;old;38;1;SEO;F_AUTOPILOT;SEO автопилот;SEO_AUTOPILOT;1;19;0;city2city.ru|catalogtaksi.ru|taxi555.ru|taxi.drive-luxe.ru|rustransfer.org|www.taxi-rokada.ru|taxivezde.ru|obltaxi.ru|www.taxi2000.ru|1taxopark.ru|taksi-gorod.ru|takse.ru|taksisvo.ru|www.taxi-love.ru|vse-taxi.com|jupiter-tmc.ru|vk.com|deshevotaxi.ru|ru-travel.org|mejgorodtaxi.ru|perevozka24.com|mobilodeon.ru|mezhgorod-taksi.ru|www.avito.ru|taxi-penza-penza-oblast-ru.taxigator.ru|uslugi.yandex.ru|www.rome2rio.com|taxi-nomera.ru|xn--80aaahzdndlon5ak.xn--p1ai|rutaxist.ru;Пенза;Нижний Ломов;4000
chelyabinsk-emanzhelinsk;old;38;;SEO;F_AUTOPILOT;SEO автопилот;SEO_AUTOPILOT;0;8;0;taxidesyatka.ru|catalogtaksi.ru|1taxopark.ru|taxi555.ru|taksi-gorod.ru|intercity74.ru|taksisvo.ru|taxi.drive-luxe.ru|deshevotaxi.ru|rustransfer.org;Челябинск;Еманжелинск;2000
bryansk-pochep;old;38;;SEO;F_AUTOPILOT;SEO автопилот;SEO_AUTOPILOT;1;7;0;catalogtaksi.ru|www.taxi2000.ru|deshevotaxi.ru|taxi555.ru|taksi-gorod.ru|taksisvo.ru|1taxopark.ru|xn----7sbyhcmnbsdikx.xn--p1ai|rustransfer.org|m.avito.ru;Брянск;Почеп;2500
kirov-sharya;old;38;2;SEO;F_AUTOPILOT;SEO автопилот;SEO_AUTOPILOT;2;15;0;catalogtaksi.ru|city2city.ru|takse.ru|routes43.ru|taksisvo.ru|deshevotaxi.ru|rustransfer.org|jupiter-tmc.ru|taxi-mini.ru|www.rome2rio.com|www.intui.travel|mejgorodtaxi.ru|mezhgorod-taksi.ru|taksikirov.ru|xn--80aaahzdndlon5ak.xn--p1ai|vk.com|m.avito.ru|transfergid.ru|taxikama.tb.ru|www.xn----7sbhwbjc7arfi.xn--p1ai|catalogtaxi.ru|taxi.yandex.ru|perevozka24.com|taxi-russia.su|mobilodeon.ru|uslugi.yandex.ru|doberemsya.net|t.me|nomera-taksi.ru|routes.votpusk.ru;Киров;Шарья;8800
omsk-isilkul;old;38;18;SEO;F_AUTOPILOT;SEO автопилот;SEO_AUTOPILOT;2;17;0;drivee.com|deshevotaxi.ru|taxi555.ru|taksi-gorod.ru|rustransfer.org|xn----7sbyhcmnbsdikx.xn--p1ai|catalogtaksi.ru|1taxopark.ru|www.taxi2000.ru|www.avito.ru|taxi.drive-luxe.ru|vk.com|taxivezde.ru|taxi-russia.su|obltaxi.ru|vse-taxi.com|takse.ru|city2city.ru|www.taxi-rokada.ru|ru-travel.org|www.taxi-love.ru|www.rome2rio.com|www.intui.travel|taxi-omsk-omsk-oblast-ru.taxigator.ru|mezhgorod-taksi.ru|taxi-nomera.ru|omsk.nashaspravka.ru|xn--j1adfn.xn--80akxkdedu.xn--p1acf|unis-lada.ru|perevozka24.com;Омск;Исилькуль;5200
bryansk-oryol;old;38;;SEO;F_AUTOPILOT;SEO автопилот;SEO_AUTOPILOT;1;8;0;bryansk.taxi24h.ru|kubtaxi.ru|kiwitaxi.ru|bryansk.taxi-krim.com|sochi.taxi|taxi555.ru|tratatur.ru|bryansk.taksi24.taxi|bryansk.sevastopol24.taxi|ug.taxi;Брянск;Орёл;4000
kazan-vyatskie-polyany;old;38;;SEO;F_AUTOPILOT;SEO автопилот;SEO_AUTOPILOT;1;5;0;go.yandex|ugtaxi.ru|taxi555.ru|mezhgorod.pro|taksisvo.ru|catalogtaksi.ru|www.taxi2000.ru|1taxopark.ru|yandex.ru|www.avito.ru;Казань;Вятские Поляны;5000
vologda-yaroslavl;old;38;;SEO;F_AUTOPILOT;SEO автопилот;SEO_AUTOPILOT;2;25;0;vologda.taxi24h.ru|www.avito.ru|vologda.yalta-24.taxi|kiwitaxi.ru|vtstaxi.ru|taxi555.ru|www.mezhgorod.taxi|taxi533.ru|taxi.drive-luxe.ru|catalogtaksi.ru|rustransfer.org|ab-taxi.ru|www.taxi2000.ru|taksisvo.ru|obltaxi.ru|mejgorod-taxi.ru|taxivezde.ru|jupiter-tmc.ru|www.taxi-love.ru|transfers.unitaxi.ru|vse-taxi.com|mezhgorod-taksi.ru|vologda.taxi-krim.com|yatransfer76.ru|1taxopark.ru|ru-travel.org|transfergid.ru|taxi-russia.ru|taxi-nomera.ru|mejgorodtaxi.ru;Вологда;Ярославль;6000
yaroslavl-vologda;old;38;;SEO;F_AUTOPILOT;SEO автопилот;SEO_AUTOPILOT;2;25;0;yaroslavl.taxi24h.ru|www.avito.ru|kiwitaxi.ru|yatransfer76.ru|yaroslavl.sevastopol24.taxi|taxi555.ru|taxi533.ru|taxi.drive-luxe.ru|catalogtaksi.ru|taksisvo.ru|yaroslavl.taksi24.taxi|1taxopark.ru|www.mezhgorod.taxi|yaroslavl.yalta-24.taxi|obltaxi.ru|mezhgorod-rf.ru|taxivezde.ru|mejgorod-taxi.ru|yaroslavl.taxi-krim.com|yaroslavl.aeroport-simferopol.taxi|korona-taksi.ru|taxi-russia.ru|vse-taxi.com|yaroslavl.simferopol-aeroport.taxi|www.taxi-love.ru|taxi-nomera.ru|taksi-services.ru|transfergid.ru|mobilodeon.ru|deshevotaxi.ru;Ярославль;Вологда;6000
moskva-solnczevo;new;37;;NONE;Z_LOW_PRIORITY;Низкий приоритет (новые);LOW_PRIORITY;11;16;3;taxi-solncevo.ru|yandex.ru|oldtaxi.ru|taxi555.ru|uslugi.yandex.ru|www.taxi2000.ru|taximoskva.com|2gis.ru|www.yell.ru|taxi-mobil.ru;;;
ivanovo-tejkovo;new;37;;NONE;Z_LOW_PRIORITY;Низкий приоритет (новые);LOW_PRIORITY;23;4;3;go.yandex|catalogtaksi.ru|taxi555.ru|deshevotaxi.ru|taksisvo.ru|1taxopark.ru|www.taxi2000.ru|taxi.drive-luxe.ru|obltaxi.ru|takse.ru;;;
kirov-czentralnyj;new;37;5;NONE;Z_LOW_PRIORITY;Низкий приоритет (новые);LOW_PRIORITY;13;7;4;2gis.ru|vk.com|taxi.yandex.ru|yandex.ru|city2city.ru|kirov.flamp.ru|pro.yandex.ru|zoon.ru|taxi-nomera.ru|ya-taxi-rabota.info;;;
aeroport-gagarin-balakovo;old;37;6;SEO;E_MONITOR;SEO мониторинг;SEO_MONITOR;2;3;0;www.avito.ru|uslugi.yandex.ru|xn--80aaachchgjsvilh7aagb2ans.xn--p1ai|transfer64.ru|transfers.unitaxi.ru|city2city.ru|yandex.ru|taxi555.ru|kiwitaxi.ru|xn----7sbyhcmnbsdikx.xn--p1ai;аэропорт Гагарин;Балаково;5100
volgograd-samara;old;37;30;DIRECT;H_DIRECT_TEST;Директ тест;DIRECT_TEST;0;24;0;kubtaxi.ru|tratatur.ru|taksi-gorod.ru|volgograd.taxi24h.ru|volgograd.sevastopol24.taxi|ug.taxi|volgograd.taksi24.taxi|taxi-russia.su|1taxopark.ru|ab-taxi.ru|taxi-ug.ru|taxi-bereg.ru|unit-transfer.ru|rustransfer.org|taxi533.ru|taxi.drive-luxe.ru|volgograd.yalta-24.taxi|mezhgorod-rf.ru|xn----7sbabxukdmwuiegm.xn--p1ai|taxivezde.ru|taxi-cosmos.ru|mejgorod-taxi.ru|taksisvo.ru|www.taxi-love.ru|jupiter-tmc.ru|www.mezhgorod.taxi|www.transfer34.ru|obltaxi.ru|volgograd.simferopol-aeroport.taxi|city2city.ru;Волгоград;Самара;23600
izhevsk-nizhnekamsk;old;37;8;SEO;F_AUTOPILOT;SEO автопилот;SEO_AUTOPILOT;1;7;0;taksi-gorod.ru|taxi555.ru|taxi533.ru|1taxopark.ru|taxi24online.ru|www.taxi2000.ru|taksisvo.ru|city2city.ru|catalogtaksi.ru|www.avito.ru;Ижевск;Нижнекамск;6300
sankt-peterburg-belgorod;old;37;;DIRECT;H_DIRECT_TEST;Директ тест;DIRECT_TEST;1;27;0;kubtaxi.ru|sankt-peterburg.taxi24h.ru|ugtaxi.ru|taxitoday.ru|sky-transfer.ru|tratatur.ru|taksi-gorod.ru|taxi533.ru|taxi-ug.ru|www.avito.ru|sankt-peterburg.taksi24.taxi|taxideshevo.com|ug.taxi|unit-transfer.ru|taxi555.ru|ab-taxi.ru|levtransfer.ru|taxi-cosmos.ru|taxivezde.ru|mejgorod-taxi.ru|sochi.taxi|taksisvo.ru|sankt-peterburg.yalta-24.taxi|www.mezhgorod.taxi|sankt-peterburg.taxi-krim.com|sankt-peterburg.simferopol-aeroport.taxi|www.transfer98.ru|catalogtaksi.ru|obltaxi.ru|xn----7sbebjgab2at5brxcj5g.xn--p1ai;Санкт-Петербург;Белгород;41000
ivanovo-suzdal;old;37;5;SEO;F_AUTOPILOT;SEO автопилот;SEO_AUTOPILOT;1;7;0;taxi555.ru|kiwitaxi.ru|taksisvo.ru|1taxopark.ru|city2city.ru|rustransfer.org|taksi-gorod.ru|www.taxi2000.ru|deshevotaxi.ru|taxi.drive-luxe.ru;Иваново;Суздаль;3600
ivanovo-rostov-velikij;old;37;;SEO;F_AUTOPILOT;SEO автопилот;SEO_AUTOPILOT;0;10;0;taksi-gorod.ru|ivanovo.sevastopol24.taxi|msk.taxi|taxi555.ru|taksisvo.ru|taxi533.ru|rustransfer.org|ab-taxi.ru|ivanovo.taksi24.taxi|catalogtaxi.ru;Иваново;Ростов;4700
smolensk-bryansk;old;37;;SEO;F_AUTOPILOT;SEO автопилот;SEO_AUTOPILOT;2;25;0;kubtaxi.ru|kiwitaxi.ru|smolensk.taxi24h.ru|tratatur.ru|taxi-ug.ru|taxi533.ru|smolensk.taksi24.taxi|turtransfer.ru|1taxopark.ru|smolensk.sevastopol24.taxi|smolensk.yalta-24.taxi|taksi-gorod.ru|www.taxi-love.ru|www.mezhgorod.taxi|taksisvo.ru|taxi.drive-luxe.ru|rustransfer.org|obltaxi.ru|taxivezde.ru|ug.taxi|jupiter-tmc.ru|catalogtaxi.ru|www.avito.ru|taxi-russia.ru|smolensk.taxi-krim.com|smolensk.aeroport-simferopol.taxi|transfers.unitaxi.ru|mezhgorod-taksi.ru|deshevotaxi.ru|vse-taxi.com;Смоленск;Брянск;7400
rostov-millerovo;old;37;10;SEO;F_AUTOPILOT;SEO автопилот;SEO_AUTOPILOT;2;18;0;taxi-ug.ru|kubtaxi.ru|tratatur.ru|ugtaxi.ru|www.avito.ru|perfect-taxi.ru|taksi-gorod.ru|1taxopark.ru|taxi555.ru|city2city.ru|deshevotaxi.ru|avto-kruiz.com|ab-taxi.ru|catalogtaksi.ru|taxi-russia.su|www.intui.travel|rustransfer.org|taxi-cosmos.ru|alex-transport.ru|rostov.platov-transfer.ru|taxi220.ru|takse.ru|taxi-svobodnoe.ru|mezhgorod-rf.ru|taksisvo.ru|www.taxi2000.ru|www.taxi-love.ru|taxomarket.ru|uslugi.yandex.ru|xn-----6kckdgfipty1aaca1adgndr.xn--p1ai;Ростов-на-Дону;Миллерово;6800
samara-volgograd;old;37;7;DIRECT;H_DIRECT_TEST;Директ тест;DIRECT_TEST;0;22;0;www.xn-----7kcbaaphbhdai9a3awnjra5bnrctq.xn--p1ai|samara.sky-transfer.ru|tratatur.ru|taksi-gorod.ru|taxi-ug.ru|samara.taksi24.taxi|city2city.ru|samara.taxi24h.ru|kubtaxi.ru|ug.taxi|taxi24online.ru|taxi533.ru|1taxopark.ru|mejgorod-taxi.ru|rustransfer.org|samara.sevastopol24.taxi|dzen.ru|taxivezde.ru|samara.taxi-krim.com|mezhgorod-rf.ru|www.mezhgorod.taxi|taxi.drive-luxe.ru|korona-taksi.ru|taksisvo.ru|yandex.ru|taxi-samara.su|taxi-cosmos.ru|obltaxi.ru|samara.simferopol-aeroport.taxi|jupiter-tmc.ru;Самара;Волгоград;24200
samara-izhevsk;old;37;7;DIRECT;H_DIRECT_TEST;Директ тест;DIRECT_TEST;0;23;0;www.xn-----7kcbaaphbhdai9a3awnjra5bnrctq.xn--p1ai|samara.taxi24h.ru|samara.taksi24.taxi|1taxopark.ru|taxi-po-svetu.ru|xn----7sbabxukdmwuiegm.xn--p1ai|city2city.ru|taxi533.ru|rustransfer.org|samara.taxi-krim.com|taksi-gorod.ru|www.mezhgorod.taxi|taksisvo.ru|taxivezde.ru|taxi555.ru|xn----7sbp3acjidhfbkt.su|mejgorod-taxi.ru|taxi24online.ru|mezhgorod-rf.ru|taxi-cosmos.ru|samara.aeroport-simferopol.taxi|www.taxi-love.ru|dzen.ru|obltaxi.ru|taxi-samara.su|perevozchik163.ru|catalogtaksi.ru|unit-transfer.ru|deshevotaxi.ru|vse-taxi.com;Самара;Ижевск;16600
tver-udomlya;old;37;10;SEO;F_AUTOPILOT;SEO автопилот;SEO_AUTOPILOT;0;22;0;taxi555.ru|catalogtaksi.ru|taxi-tver.com|taxivezde.ru|deshevotaxi.ru|taxi.drive-luxe.ru|takse.ru|catalogtaxi.ru|rustransfer.org|city2city.ru|www.mezhgorod.taxi|jupiter-tmc.ru|transfergid.ru|xn--80affnblthori.xn--p1ai|taxi-mezhgorod24.ru|taxigator.ru|www.rome2rio.com|mezhgorod-taksi.ru|mezhdugorodnee-taksi.ru|taksi-services.ru|mejgorodtaxi.ru|taksi-gorod.ru|taxi-russia.ru|oblastnoe-taxi.ru|mobilodeon.ru|xn----7sbyhcmnbsdikx.xn--p1ai|taksisvo.ru|obltaxi.ru|vk.com|taxi-nomera.ru;Тверь;Удомля;6300
moskva-donskoj;new;36;;NONE;Z_LOW_PRIORITY;Низкий приоритет (новые);LOW_PRIORITY;9;15;0;taxi-mobil.ru|taxi555.ru|www.taxi2000.ru|www.mezhgorod.taxi|1taxopark.ru|www.taxi-love.ru|ab-taxi.ru|ugtaxi.ru|wing-taxi.ru|taksisvo.ru;;;
moskva-kovrov;new;36;;NONE;Z_LOW_PRIORITY;Низкий приоритет (новые);LOW_PRIORITY;10;15;0;www.avito.ru|taxi-mobil.ru|taxi555.ru|www.taxi2000.ru|xn----7sbyhcmnbsdikx.xn--p1ai|www.taximasters.ru|ugtaxi.ru|1taxopark.ru|www.taxi-love.ru|zakaz.mezhgorod.taxi;;;
sankt-peterburg-vodnyj;new;36;13;SEO;F_AUTOPILOT;SEO автопилот;SEO_AUTOPILOT_NEW;6;1;4;www.sputnik8.com|www.sobaka.ru|takeboat.com|yandex.ru|dzen.ru|yandex.ru|ugtaxi.ru|profi.ru|vk.com|on24.media;;;
volgograd-mixajlovka;new;36;;NONE;Z_LOW_PRIORITY;Низкий приоритет (новые);LOW_PRIORITY;19;10;1;kubtaxi.ru|www.avito.ru|taxi-russia.su|taksi-gorod.ru|taxi-ug.ru|taxi555.ru|mejgorod-taxi.ru|deshevotaxi.ru|taksisvo.ru|1taxopark.ru;;;
krasnodar-gulkevichi;new;36;10;SEO;F_AUTOPILOT;SEO автопилот;SEO_AUTOPILOT_NEW;16;11;0;taxi-ug.ru|kubtaxi.ru|perfect-taxi.ru|ugtaxi.ru|taxiresort.ru|willway.ru|taksisvo.ru|transferoff.ru|geltaxi.ru|city2city.ru;;;
rostov-simferopol;new;36;;NONE;Z_LOW_PRIORITY;Низкий приоритет (новые);LOW_PRIORITY;3;24;1;kubtaxi.ru|rostov.taxi24h.ru|taxi.ugtravel.com|ugtaxi.ru|yandex.ru|taxi533.ru|taxi-ug.ru|taksi24.taxi|rostov.taxi-krim.com|rostov.simferopol-aeroport.taxi;;;
yaroslavl-krasnyj;new;36;1;NONE;Z_LOW_PRIORITY;Низкий приоритет (новые);LOW_PRIORITY;21;6;1;city2city.ru|1taxopark.ru|taksisvo.ru|taxivezde.ru|catalogtaksi.ru|www.taxi-love.ru|catalogtaxi.ru|www.mezhgorod.taxi|xn----7sbyhcmnbsdikx.xn--p1ai|takse.ru;;;
vladivostok-bolshoj-kamen;old;36;10;SEO;F_AUTOPILOT;SEO автопилот;SEO_AUTOPILOT;2;14;0;go.yandex|sky-transfer.ru|transfers.unitaxi.ru|kiwitaxi.ru|unit-transfer.ru|rustransfer.org|catalogtaksi.ru|ubitaxi.ru|deshevotaxi.ru|city2city.ru|ru-travel.org|www.intui.travel|www.rome2rio.com|www.farpost.ru|www.tourister.ru|2gis.ru|taxi-vladivostok-primorsky-krai-ru.taxigator.ru|taxi-nomera.ru|yandex.ru|uslugi.yandex.ru|y-taxi.ru|zoon.ru|drive125.ru|mezhgorod-taksi.ru|takse.ru|bolshoy-kamen.taximaxim.ru|taksi-gorod.ru|xn--80adbhunc2aa3al.xn--80akxkdedu.xn--p1acf|xn----8sbear7aqwdih2a.xn--p1ai|www.taximezgorod.com;Владивосток;Большой Камень;5000
samara-penza;old;36;6;DIRECT;H_DIRECT_TEST;Директ тест;DIRECT_TEST;2;22;0;sky-transfer.ru|www.avito.ru|taksi-gorod.ru|taksisvo.ru|kiwitaxi.ru|city2city.ru|samara.taksi24.taxi|xn----7sbabxukdmwuiegm.xn--p1ai|taxi555.ru|www.taxi2000.ru|taxi533.ru|unit-transfer.ru|www.mezhgorod.taxi|dzen.ru|taxi-cosmos.ru|samara.taxi24h.ru|samara.taxi-krim.com|vse-taxi.com|samara.yalta-24.taxi|ug.taxi|rustransfer.org|mejgorod-taxi.ru|taxivezde.ru|www.xn-----7kcbaaphbhdai9a3awnjra5bnrctq.xn--p1ai|1taxopark.ru|rf-taxi.ru|taxi-samara.su|samara.aeroport-simferopol.taxi|catalogtaksi.ru|samara-airport.com;Самара;Пенза;12600
rostov-eisk;old;36;;SEO;F_AUTOPILOT;SEO автопилот;SEO_AUTOPILOT;3;16;0;taxi.yandex.ru|yandex.ru|www.avito.ru|kiwitaxi.ru|uslugi.yandex.ru|vk.com|transfers.unitaxi.ru|rostov.platov-transfer.ru|platov.rustransfer.org|willway.ru|www.intui.travel|vse-taxi.com|www.platov-express.ru|ug.taxi|taxi.transferplustravel.com|taxi220.ru|ugtaxi.ru|zoon.ru|www.youtube.com|xn-----7kcgn5cdbagnnnx.xn--80akxkdedu.xn--p1acf|ubitaxi.ru|m.ok.ru|taxi-platov-taganrog-rostov.ru|www.taxiplatov.ru|taxi-platov-aeroport.ru|taxiizrostova-platov.ru|platov-taxi.ru|platov.aeroport.website|taximig24.turbo.site|alex-transport.ru;аэропорт Платов;Ейск;5500
penza-samara;old;36;13;DIRECT;H_DIRECT_TEST;Директ тест;DIRECT_TEST;1;26;0;www.avito.ru|sky-transfer.ru|penza.taksi24.taxi|taxi533.ru|taxi555.ru|www.taxi2000.ru|taksisvo.ru|rustransfer.org|taxi-russia.su|taksi-gorod.ru|penza.taxi24h.ru|penza.yalta-24.taxi|city2city.ru|www.mezhgorod.taxi|taxivezde.ru|taxi.drive-luxe.ru|1taxopark.ru|mezhgorod-rf.ru|taxi-cosmos.ru|catalogtaksi.ru|ug.taxi|vse-taxi.com|deshevotaxi.ru|www.taxi-love.ru|penza.aeroport-simferopol.taxi|penza.simferopol-aeroport.taxi|obltaxi.ru|perevozka24.com|transfers.unitaxi.ru|penza.taxi-krim.com;Пенза;Самара;12600
volgograd-surovikino;old;36;;SEO;F_AUTOPILOT;SEO автопилот;SEO_AUTOPILOT;2;21;0;taxi-russia.su|tratatur.ru|taksi-gorod.ru|kubtaxi.ru|obltaxi.ru|taxi-ug.ru|taxi555.ru|taksisvo.ru|rustransfer.org|1taxopark.ru|www.mezhgorod.taxi|taxi.drive-luxe.ru|takse.ru|catalogtaksi.ru|taxivezde.ru|www.taxi-rokada.ru|deshevotaxi.ru|www.taxi-love.ru|ru-travel.org|mejgorodtaxi.ru|www.intui.travel|mobilodeon.ru|mezhgorod-taksi.ru|minivan-go.ru|taxi-nomera.ru|www.transfer34.ru|regionaltaxi.ru|taxinomerok.ru|vk.com|www.avito.ru;Волгоград;Суровикино;4000
perm-chajkovskij;old;36;12;SEO;F_AUTOPILOT;SEO автопилот;SEO_AUTOPILOT;1;17;0;taxi555.ru|www.avito.ru|vk.com|taksisvo.ru|taksi-gorod.ru|yandex.ru|1taxopark.ru|taxi-perm.su|www.taxi2000.ru|taxi24online.ru|vse-taxi.com|city2city.ru|perevozka24.com|catalogtaksi.ru|rustransfer.org|xn-----6kcofdhnrw0aazfm.xn--p1ai|uslugi.yandex.ru|taxivezde.ru|takse.ru|obltaxi.ru|jupiter-tmc.ru|www.rome2rio.com|www.taxi-love.ru|taxi-realtransfer-mejgorod.ru|xn----7sbp3acjidhfbkt.su|deshevotaxi.ru|xn--159-5cd4bl3cf.xn--p1ai|mejgorodtaxi.ru|taxi-nomera.ru|xn----7sbyhmmrebi.xn--p1ai;Пермь;Чайковский;8000
xanty-mansijsk-yugorsk;old;36;7;DIRECT;H_DIRECT_TEST;Директ тест;DIRECT_TEST;1;17;0;www.taxi2000.ru|xn----7sbyhcmnbsdikx.xn--p1ai|catalogtaksi.ru|deshevotaxi.ru|1taxopark.ru|taxi.drive-luxe.ru|city2city.ru|rustransfer.org|taxi555.ru|yandex.ru|ru-travel.org|taxivezde.ru|www.taxi-love.ru|obltaxi.ru|takse.ru|taxi-russia.su|www.avito.ru|www.rome2rio.com|mejgorodtaxi.ru|vk.com|y-taxi.ru|perevozka24.com|taxi-khanty-mansiysk-khanty-mansi-autonomous-okrug-ru.taxigator.ru|uslugio.com|mezhgorod-taksi.ru|taxitops.ru|xn--c1aolif8e.xn--80akxkdedu.xn--p1acf|vse-taxi.com|ugra-live.ru|uslugi.yandex.ru;Ханты-Мансийск;Югорск;11400
moskva-pervomajsk;old;36;8;DIRECT;H_DIRECT_TEST;Директ тест;DIRECT_TEST;0;25;0;ugtaxi.ru|cabway.ru|cvo-taxi.ru|taxi555.ru|taxi-mobil.ru|mejgorod-taxi.ru|1taxopark.ru|city2city.ru|www.mezhgorod.taxi|taksi777.ru|mos.taxitoday.ru|wing-taxi.ru|radartaxi.ru|taxivezde.ru|www.taxi-love.ru|taksisvo.ru|taxi-cosmos.ru|mezhgorod-rf.ru|obltaxi.ru|taxi-russia.ru|www.taximasters.ru|takse.ru|rustransfer.org|gostaxi.moscow|deshevotaxi.ru|moskva.taxi24h.ru|taksi-mezhgorod.ru|mejgorodtaxi.ru|perevozka24.com|moskva.taksi24.taxi;Москва;Первомайск;16200
kursk-shhigry;old;36;;SEO;F_AUTOPILOT;SEO автопилот;SEO_AUTOPILOT;1;19;0;deshevotaxi.ru|www.taxi2000.ru|taxi555.ru|1taxopark.ru|taksi-gorod.ru|www.mezhgorod.taxi|taksisvo.ru|rustransfer.org|catalogtaksi.ru|obltaxi.ru|www.taxi-love.ru|www.taxi-rokada.ru|taxivezde.ru|takse.ru|jupiter-tmc.ru|mezhgorod-taksi.ru|mobilodeon.ru|ru-travel.org|mejgorodtaxi.ru|taxi-kursk-kursk-oblast-ru.taxigator.ru|m.avito.ru|kursk.nashaspravka.ru|www.rome2rio.com|taxi.drive-luxe.ru|xn--j1aarei.xn--80akxkdedu.xn--p1acf|zoon.ru|transfergid.ru|taxi-nomer.ru|taxi-cosmos.ru|uslugi.yandex.ru;Курск;Щигры;2000
svo-taxi-donetsk-mineralnye-vody-aeroport;old;36;;DIRECT;H_DIRECT_TEST;Директ тест;DIRECT_TEST;1;16;0;taxi977.ru|yandex.ru|www.avito.ru|taxi666.ru|dnr.taxi|uslugi.yandex.ru|faeton24.ru|deshevotaxi.ru|t.me|umnyestroiteli.ru|taxigoroda.ru|perevozka24.com|taxi-ignat.ru|2gis.ru|arteltaxi.ru|vk.com|taxi505.ru|www.donetsk.kp.ru|www.rustore.ru|avto-kruiz.com|taxidnr.su|taxiprivat.ru|taxineo.ru|taxitranzit.ru|apps.apple.com|donetsk.taxi24h.ru|xn----7sbbljqn6bpgb.xn--p1ai|taxidonetsk.ru|doneck-news.com|donetsk-dnr.sky-transfer.ru;Донецк;Минеральные Воды;21000
voronezh-rostov-velikij;old;36;14;DIRECT;H_DIRECT_TEST;Директ тест;DIRECT_TEST;1;25;0;voronezh.sky-transfer.ru|www.avito.ru|ugtaxi.ru|taxi-svobodnoe.ru|voronezh.taxi24h.ru|kubtaxi.ru|tratatur.ru|taksi-gorod.ru|voronezh.sevastopol24.taxi|transferug.ru|ug.taxi|voronezh.taxi-krim.com|rustransfer.org|city2city.ru|taxi-ug.ru|msk.taxi|cabway.ru|taksisvo.ru|taxi533.ru|unit-transfer.ru|www.mezhgorod.taxi|vip-888.ru|voronezh.aeroport-simferopol.taxi|mejgorod-taxi.ru|vrn-taxi.ru|sochi.taxi|taxi-cosmos.ru|taxi-russia.su|catalogtaxi.ru|taxi-bereg.ru;Воронеж;Ростов;17000
chelyabinsk-ozyorsk;old;36;;SEO;F_AUTOPILOT;SEO автопилот;SEO_AUTOPILOT;1;6;0;intercity74.ru|driver174.ru|taxidesyatka.ru|www.avito.ru|vk.com|taksisvo.ru|taxi555.ru|taksi-gorod.ru|catalogtaksi.ru|www.mezhgorod.taxi;Челябинск;Озерск;3500
ekaterinburg-nevyansk;old;36;;SEO;F_AUTOPILOT;SEO автопилот;SEO_AUTOPILOT;0;6;0;catalogtaksi.ru|deshevotaxi.ru|taxi555.ru|1taxopark.ru|xn-----6kccfjdehdbgxjti1a2ala5bhdewr6a.xn--p1ai|taxivezde.ru|taksisvo.ru|www.taxi2000.ru|willway.ru|takse.ru;Екатеринбург;Невьянск;2500
kazan-laishevo;old;36;9;SEO;E_MONITOR;SEO мониторинг;SEO_MONITOR;1;4;0;ugtravel.ru|taxi555.ru|ugtravel.com|1taxopark.ru|taxivezde.ru|kiwitaxi.ru|unit21.ru|www.taxi2000.ru|city2city.ru|catalogtaksi.ru;Казань;Лаишево;3000
moskva-dzerzhinsk;new;35;4;SEO;F_AUTOPILOT;SEO автопилот;SEO_AUTOPILOT_NEW;11;17;0;www.taxi2000.ru|m.avito.ru|taxi-mobil.ru|city2city.ru|taxi555.ru|xn----7sbyhcmnbsdikx.xn--p1ai|ab-taxi.ru|1taxopark.ru|kiwitaxi.ru|ugtaxi.ru;;;
sankt-peterburg-bor;new;35;;NONE;Z_LOW_PRIORITY;Низкий приоритет (новые);LOW_PRIORITY;13;13;2;ugtravel.ru|taksisvo.ru|taxitoday.ru|taxideshevo.com|mejgorod-taxi.ru|deshevotaxi.ru|vse-taxi.com|mejgorodtaxi.ru|sky-transfer.ru|vtstaxi.ru;;;
bryansk-klinczy;new;35;;NONE;Z_LOW_PRIORITY;Низкий приоритет (новые);LOW_PRIORITY;17;8;1;taksisvo.ru|catalogtaksi.ru|1taxopark.ru|taxi-russia.su|xn----7sbyhcmnbsdikx.xn--p1ai|www.mezhgorod.taxi|taksi-gorod.ru|deshevotaxi.ru|taxi-bryansk-bryansk-oblast-ru.taxigator.ru|taxivezde.ru;;;
krasnodar-abinsk;new;35;;NONE;Z_LOW_PRIORITY;Низкий приоритет (новые);LOW_PRIORITY;13;13;1;kubtaxi.ru|taxi-ug.ru|tratatur.ru|ugtaxi.ru|perfect-taxi.ru|kiwitaxi.ru|transferoff.ru|geltaxi.ru|www.krd-taxi.ru|msk.taxi;;;
kazan-dimitrovgrad;new;35;;NONE;Z_LOW_PRIORITY;Низкий приоритет (новые);LOW_PRIORITY;15;11;0;mezhgorod.pro|transfer-kazan.ru|ugtravel.ru|taxi-kazan.su|t.me|1taxopark.ru|taxi-airport-kazan.ru|taksi-gorod.ru|catalogtaxi.ru|taxi-kazan.com;;;
kazan-rybnoe;new;35;2;NONE;Z_LOW_PRIORITY;Низкий приоритет (новые);LOW_PRIORITY;21;5;1;ugtaxi.ru|city2city.ru|deshevotaxi.ru|rustransfer.org|taxi-mini.ru|vse-taxi.com|taxi.drive-luxe.ru|taxivezde.ru|mejgorodtaxi.ru|1taxopark.ru;;;
chelyabinsk-leninskoe;new;35;4;NONE;Z_LOW_PRIORITY;Низкий приоритет (новые);LOW_PRIORITY;16;5;3;2gis.ru|yandex.ru|uslugi.yandex.ru|city2city.ru|catalogtaksi.ru|taxi.yandex.ru|chelyabinsk.spravker.ru|zoon.ru|chelyabinsk.taximaxim.ru|chelyabinsk.jsprav.ru;;;
ekaterinburg-gornyj;new;35;1;NONE;Z_LOW_PRIORITY;Низкий приоритет (новые);LOW_PRIORITY;19;5;4;city2city.ru|ugtaxi.ru|yandex.ru|taksisvo.ru|www.taxi2000.ru|taxivezde.ru|deshevotaxi.ru|www.mezhgorod.taxi|1taxopark.ru|taxi.yandex.ru;;;
krasnoyarsk-tomsk;old;35;;DIRECT;H_DIRECT_TEST;Директ тест;DIRECT_TEST;2;19;0;taxi533.ru|krasnoyrsk-tomsk.tilda.ws|www.avito.ru|www.taxi2000.ru|taksi-gorod.ru|royalcars54.ru|rustransfer.org|1taxopark.ru|taxi555.ru|obltaxi.ru|www.mezhgorod.taxi|perevozka24.com|vse-taxi.com|xn--24-6kchk7b2h.xn--p1ai|jupiter-tmc.ru|taxi.drive-luxe.ru|catalogtaksi.ru|www.taxi-love.ru|taxivezde.ru|transfere.ru|vk.com|deshevotaxi.ru|krasnoyarsk.sky-transfer.ru|mezhgorod-taksi.ru|t.me|www.blablacar.ru|xn--80atblfjdfd2l.xn--80akxkdedu.xn--p1acf|taxi-krasnoyarsk-tomsk-price.orgs.biz|taksiporossii.ru|krasnojarsk.vezetvsem.ru;Красноярск;Томск;17600
vologda-velikiy-ustyug;old;35;4;DIRECT;H_DIRECT_TEST;Директ тест;DIRECT_TEST;0;20;0;taxi555.ru|www.mezhgorod.taxi|catalogtaksi.ru|city2city.ru|vk.com|taxi.drive-luxe.ru|taxivezde.ru|1taxopark.ru|rustransfer.org|ru-travel.org|jupiter-tmc.ru|taxi499.ru|taxi-mezhgorod24.ru|taxomarket.ru|takse.ru|deshevotaxi.ru|taxitaksi.ru|xn--80adde7arb.xn--80akxkdedu.xn--p1acf|vtstaxi.ru|www.taxi-love.ru|taksisvo.ru|mejgorodtaxi.ru|xn--80afdpcl3cf.xn--p1ai|taxi-nomera.ru|transfer35.ru|taxi-russia.ru|www.taxi2000.ru|obltaxi.ru|www.rome2rio.com|taxigator.ru;Вологда;Великий Устюг;13500
chelyabinsk-shhuche;old;35;;SEO;F_AUTOPILOT;SEO автопилот;SEO_AUTOPILOT;0;7;0;driver174.ru|intercity74.ru|taxidesyatka.ru|taxi555.ru|uralavtotaxi.ru|1taxopark.ru|taxi.drive-luxe.ru|deshevotaxi.ru|obltaxi.ru|www.taxi2000.ru;Челябинск;Щучье;3000
kazan-sibaj;old;35;2;DIRECT;H_DIRECT_TEST;Директ тест;DIRECT_TEST;0;5;0;taxi555.ru|city2city.ru|rustransfer.org|vk.com|ab-taxi.ru|1taxopark.ru|taxi-cosmos.ru|www.taxi-love.ru|yandex.ru|takse.ru;Казань;Сибай;28400
chelyabinsk-korkino;old;35;7;SEO;F_AUTOPILOT;SEO автопилот;SEO_AUTOPILOT;0;6;0;taxidesyatka.ru|taksi-gorod.ru|1taxopark.ru|taxi555.ru|taksisvo.ru|xn----7sbyhcmnbsdikx.xn--p1ai|city2city.ru|www.taxi2000.ru|taxi.drive-luxe.ru|intercity74.ru;Челябинск;Коркино;3000
kemerovo-leninsk-kuznetskiy;old;35;;SEO;F_AUTOPILOT;SEO автопилот;SEO_AUTOPILOT;1;5;0;royalcars54.ru|catalogtaksi.ru|kiwitaxi.ru|taxi555.ru|www.mezhgorod.taxi|1taxopark.ru|taxivezde.ru|takse.ru|jupiter-tmc.ru|rustransfer.org;Кемерово;Ленинск-Кузнецкий;3000
tomsk-krasnojarsk;old;35;10;DIRECT;H_DIRECT_TEST;Директ тест;DIRECT_TEST;2;19;0;royalcars54.ru|taxi555.ru|www.avito.ru|taksi-gorod.ru|www.taxi2000.ru|taxivezde.ru|taxi533.ru|rustransfer.org|taxi-russia.su|city2city.ru|taxi.drive-luxe.ru|1taxopark.ru|ab-taxi.ru|catalogtaksi.ru|obltaxi.ru|www.intui.travel|taxi24online.ru|krasnoyrsk-tomsk.tilda.ws|www.taxi-love.ru|vk.com|jupiter-tmc.ru|onlinetaxi.su|mezhgorod-taksi.ru|vse-taxi.com|t.me|mezhgorod-rf.ru|transfere.ru|tomx.ru|deshevotaxi.ru|taxi-nomera.ru;Томск;Красноярск;17600
kaluga-maloyaroslavecz;old;35;;SEO;F_AUTOPILOT;SEO автопилот;SEO_AUTOPILOT;0;8;0;kubtaxi.ru|catalogtaksi.ru|tratatur.ru|taxi555.ru|taxi-ug.ru|ab-taxi.ru|taksisvo.ru|obltaxi.ru|taxi.drive-luxe.ru|tmkaluga.ru;Калуга;Малоярославец;2000
volgograd-znamensk;old;35;7;SEO;F_AUTOPILOT;SEO автопилот;SEO_AUTOPILOT;2;20;0;kubtaxi.ru|tratatur.ru|taxi555.ru|catalogtaksi.ru|taxi-russia.su|deshevotaxi.ru|city2city.ru|1taxopark.ru|kiwitaxi.ru|taxi.drive-luxe.ru|vk.com|obltaxi.ru|taxivezde.ru|taxi-cosmos.ru|rustransfer.org|taksisvo.ru|www.taxi-rokada.ru|ru-travel.org|transfers.unitaxi.ru|taksi-gorod.ru|www.taxi-love.ru|mezhgorod.taxi-ekvator.ru|www.rome2rio.com|taxi-ug.ru|takse.ru|jupiter-tmc.ru|www.intui.travel|www.transfer34.ru|mejgorodtaxi.ru|mezhgorod-taksi.ru;Волгоград;Знаменск;3800
sankt-peterburg-sosnovyj-bor;new;34;;NONE;Z_LOW_PRIORITY;Низкий приоритет (новые);LOW_PRIORITY;13;16;2;go.yandex|sky-transfer.ru|taxovichkof.ru|kiwitaxi.ru|www.mezhgorod.taxi|ugtaxi.ru|taxideshevo.com|mejgorod-taxi.ru|unit-transfer.ru|taxitoday.ru;;;
volgograd-krasnoarmejsk;new;34;;NONE;Z_LOW_PRIORITY;Низкий приоритет (новые);LOW_PRIORITY;18;5;3;www.yell.ru|2gis.ru|uslugi.yandex.ru|zoon.ru|yandex.ru|m.avito.ru|kiwitaxi.ru|volgograd.blizko.ru|volgograd.spravker.ru|catalogtaxi.ru;;;
vologda-krasnyy;new;34;3;NONE;Z_LOW_PRIORITY;Низкий приоритет (новые);LOW_PRIORITY;16;6;3;vk.com|taksisvo.ru|city2city.ru|obltaxi.ru|www.vologda.kp.ru|taksi-gorod.ru|taxivezde.ru|www.mezhgorod.taxi|xn--80adde7arb.xn--80akxkdedu.xn--p1acf|vologdaregion.ru;;;
krasnodar-olginka;new;34;;NONE;Z_LOW_PRIORITY;Низкий приоритет (новые);LOW_PRIORITY;5;23;0;kubtaxi.ru|tratatur.ru|taxi-ug.ru|taxi-krasnodar-aeroport.ru|krasnodar.taxi24h.ru|kiwitaxi.ru|www.avito.ru|krasnodar.taksi24.taxi|perfect-taxi.ru|sochi.taxi;;;
rostov-neya;new;34;;NONE;Z_LOW_PRIORITY;Низкий приоритет (новые);LOW_PRIORITY;19;6;3;taksisvo.ru|taxi555.ru|1taxopark.ru|obltaxi.ru|taxivezde.ru|takse.ru|www.taxi-love.ru|deshevotaxi.ru|jupiter-tmc.ru|taxi.yandex.ru;;;
ufa-czentralnyj;new;34;5;SEO;F_AUTOPILOT;SEO автопилот;SEO_AUTOPILOT_NEW;13;15;4;taxi.yandex.ru|ufa.taximaxim.ru|vezet.ru|yandex.ru|city2city.ru|2gis.ru|zoon.ru|m.avito.ru|city-mobil.ru|ufa.flamp.ru;;;
kazan-severnyj;new;34;;NONE;Z_LOW_PRIORITY;Низкий приоритет (новые);LOW_PRIORITY;19;7;3;ugtaxi.ru|taksisvo.ru|catalogtaxi.ru|mezhgorod-rf.ru|mejgorodtaxi.ru|deshevotaxi.ru|taxi-kazan.com|zoon.ru|jupiter-tmc.ru|taksi-gorod.ru;;;
voronezh-bobrov;old;34;10;SEO;F_AUTOPILOT;SEO автопилот;SEO_AUTOPILOT;0;20;0;kubtaxi.ru|tratatur.ru|taxi-ug.ru|taxi555.ru|catalogtaksi.ru|taxi-russia.su|1taxopark.ru|taxi.drive-luxe.ru|rustransfer.org|city2city.ru|uslugi.yandex.ru|obltaxi.ru|jupiter-tmc.ru|mejgorodtaxi.ru|ru-travel.org|taxigorkovskoe.ru|deshevotaxi.ru|mb-taxi.ru|www.taxi-love.ru|mezhgorod-taksi.ru|taxicamry.ru|mezhgorod-rf.ru|takse.ru|xn----7sbyhcmnbsdikx.xn--p1ai|taxivezde.ru|mezhdugorodnee-taxi24.ru|taksisvo.ru|www.taxi2000.ru|taksi-services.ru|www.rome2rio.com;Воронеж;Бобров;3000
saratov-volgograd;old;34;;DIRECT;H_DIRECT_TEST;Директ тест;DIRECT_TEST;1;25;0;saratov.sky-transfer.ru|www.avito.ru|kubtaxi.ru|ug.taxi|taxi-ug.ru|korona-taksi.ru|sochi.taxi|saratov.taxi24h.ru|taxi24online.ru|saratov.taksi24.taxi|tratatur.ru|www.mezhgorod.taxi|1taxopark.ru|mejgorod-taxi.ru|taksi-gorod.ru|taxi-russia.su|taxi533.ru|taxivezde.ru|taksisvo.ru|taxi.drive-luxe.ru|rustransfer.org|saratov.yalta-24.taxi|obltaxi.ru|taxi-cosmos.ru|mezhgorod-rf.ru|jupiter-tmc.ru|www.taxi-love.ru|vse-taxi.com|saratov.taxi-krim.com|catalogtaksi.ru;Саратов;Волгоград;11000
velikiy-novgorod-moskva;old;34;11;DIRECT;H_DIRECT_TEST;Директ тест;DIRECT_TEST;1;21;0;www.avito.ru|xn----7sbyhcmnbsdikx.xn--p1ai|taxi-mobil.ru|1taxopark.ru|ugtaxi.ru|transferug.ru|ab-taxi.ru|www.taxi-rokada.ru|www.mezhgorod.taxi|msk.taxi|city2city.ru|rustransfer.org|taxivezde.ru|www.taxi2000.ru|vtstaxi.ru|chestnyi-transfer.ru|wing-taxi.ru|mezhgorod-rf.ru|taksisvo.ru|xn----7sbyhcmnbsdikx.xn--80adxhks|jupiter-tmc.ru|radartaxi.ru|vse-taxi.com|obltaxi.ru|taxidaleko.ru|xn----7sbyhcmghbyi1l.xn--80adxhks|taximilen.ru|mezhgorod-taksi.ru|ru-travel.org|taksi-gorod.ru;Великий Новгород;Москва;17100
vladimir-aleksandrov;old;34;;SEO;F_AUTOPILOT;SEO автопилот;SEO_AUTOPILOT;0;25;0;taxi24online.ru|xn--33-6kcu3bqdcefbvh.xn--p1ai|transfer-vlad33.ru|mezhgorod-taksi.ru|1taxopark.ru|catalogtaksi.ru|taxi555.ru|www.mezhgorod.taxi|taxi.drive-luxe.ru|taksisvo.ru|www.taxi2000.ru|taxivezde.ru|taksi-gorod.ru|taxi-russia.su|obltaxi.ru|mejgorod-taxi.ru|www.taxi-love.ru|transfers.unitaxi.ru|mejgorodtaxi.ru|taxomarket.ru|vse-taxi.com|deshevotaxi.ru|ubitaxi.ru|rustransfer.org|taksi-services.ru|ru-travel.org|taxi-vladimir-vladimir-oblast-ru.taxigator.ru|mobilodeon.ru|mezhdugorodnee-taksi-moskva.ru|taxi-nomera.ru;Владимир;Александров;4000
izhevsk-ekaterinburg;old;34;2;DIRECT;H_DIRECT_TEST;Директ тест;DIRECT_TEST;1;7;0;ugtaxi.ru|city2city.ru|kiwitaxi.ru|jupiter-tmc.ru|taxi533.ru|izhevsk.taxi24h.ru|catalogtaksi.ru|izhevsk.taksi24.taxi|taksisvo.ru|taxivezde.ru;Ижевск;Екатеринбург;17100
kaluga-kirov-kaluzhskaya-oblast;old;34;10;DIRECT;H_DIRECT_TEST;Директ тест;DIRECT_TEST;0;8;0;deshevotaxi.ru|kaluga.taxi24h.ru|kaluga.sevastopol24.taxi|taxi533.ru|catalogtaksi.ru|1taxopark.ru|taksisvo.ru|kaluga.taksi24.taxi|mejgorod-taxi.ru|city2city.ru;Калуга;Киров;36000
rostov-samara;old;34;22;DIRECT;H_DIRECT_TEST;Директ тест;DIRECT_TEST;0;24;0;ugtaxi.ru|rostov.taxi24h.ru|ugtravel.com|rostov.taksi24.taxi|kubtaxi.ru|taksi-gorod.ru|tratatur.ru|taxi533.ru|perfect-taxi.ru|catalogtaksi.ru|centertaxi-krd.ru|ab-taxi.ru|msk.taxi|rostov.yalta-24.taxi|unit-transfer.ru|www.mezhgorod.taxi|ug.taxi|taxi-yugtaxi.ru|taksisvo.ru|taxi-tour.ru|taxikama.tb.ru|city2city.ru|rostov.taxi-krim.com|taxi-svobodnoe.ru|go.yandex|unit21.ru|mejgorod-taxi.ru|taxi-bereg.ru|avto-kruiz.com|taxivezde.ru;Ростов-на-Дону;Самара;38400
perm-dobryanka;old;34;;SEO;F_AUTOPILOT;SEO автопилот;SEO_AUTOPILOT;1;20;0;go.yandex|xn----7sbyhcmnbsdikx.xn--p1ai|uralavtotaxi.ru|taksisvo.ru|taxivezde.ru|taxi24online.ru|catalogtaksi.ru|taxi555.ru|www.taxi2000.ru|1taxopark.ru|obltaxi.ru|www.taxi-love.ru|deshevotaxi.ru|vse-taxi.com|rustransfer.org|taxi-perm.su|takse.ru|2gis.ru|taxi.drive-luxe.ru|taxi-realtransfer-mejgorod.ru|taksi-gorod.ru|www.intui.travel|www.rome2rio.com|ru-travel.org|taxi.yandex.ru|mezhgorod-taksi.ru|taxi-nomera.ru|xn--159-5cd4bl3cf.xn--p1ai|mejgorodtaxi.ru|uslugi.yandex.ru;Пермь;Добрянка;2000
novosibirsk-rubtsovsk;old;34;;DIRECT;H_DIRECT_TEST;Директ тест;DIRECT_TEST;1;18;0;sky-transfer.ru|royalcars54.ru|starcars54.ru|aa-go.ru|taxi555.ru|www.taxi2000.ru|www.mezhgorod.taxi|willway.ru|taxi533.ru|yandex.ru|taxivezde.ru|rustransfer.org|1taxopark.ru|abv-auto.com|sib-transfer.ru|mezhgorod-rf.ru|obltaxi.ru|www.taxi-love.ru|www.intui.travel|jupiter-tmc.ru|viptaxinsk.ru|mezhgorod-taksi.ru|takse.ru|taxi-russia.su|deshevotaxi.ru|vse-taxi.com|catalogtaksi.ru|alfa-taxi154.ru|taximinivan54.ru|bizorg.su;Новосибирск;Рубцовск;15500
kirov-zuevka;old;34;5;SEO;F_AUTOPILOT;SEO автопилот;SEO_AUTOPILOT;1;18;0;taxi555.ru|catalogtaksi.ru|1taxopark.ru|taxi.drive-luxe.ru|city2city.ru|deshevotaxi.ru|taxi-russia.su|rustransfer.org|yandex.ru|yandex.ru|obltaxi.ru|www.taxi-love.ru|ru-travel.org|vk.com|mejgorodtaxi.ru|routes43.ru|taxi-nomera.ru|taksikirov.ru|mobilodeon.ru|takse.ru|taxivezde.ru|mezhgorod-taksi.ru|xn--80aaahzdndlon5ak.xn--p1ai|taksisvo.ru|www.taxi2000.ru|taxi-mini.ru|www.taxi-rokada.ru|www.rome2rio.com|catalogtaxi.ru|www.avito.ru;Киров;Зуевка;4500
ekaterinburg-izhevsk;old;34;2;DIRECT;H_DIRECT_TEST;Директ тест;DIRECT_TEST;0;8;0;ugtaxi.ru|city2city.ru|yekaterinburg.taxi24h.ru|yekaterinburg.sevastopol24.taxi|taxi533.ru|unit-transfer.ru|rustransfer.org|taksi-gorod.ru|nexttax.ru|taksisvo.ru;Екатеринбург;Ижевск;17000
penza-kamenka;old;34;5;SEO;F_AUTOPILOT;SEO автопилот;SEO_AUTOPILOT;2;18;0;catalogtaksi.ru|taksisvo.ru|kamenka.taxigost.com|taxi555.ru|city2city.ru|xn----7sbyhcmnbsdikx.xn--p1ai|1taxopark.ru|www.taxi2000.ru|taxi.drive-luxe.ru|yandex.ru|www.taxi-rokada.ru|deshevotaxi.ru|taxivezde.ru|www.taxi-love.ru|www.rome2rio.com|2gis.ru|mejgorodtaxi.ru|www.intui.travel|uslugi.yandex.ru|taxitops.ru|m.avito.ru|mezhgorod-taksi.ru|taxi-penza-penza-oblast-ru.taxigator.ru|taxi.yandex.ru|www.prosto.es|y-taxi.ru|xn--80ajgxi.xn--80akxkdedu.xn--p1acf|xn--80aaahzdndlon5ak.xn--p1ai|intaxi.ru|rutaxist.ru;Пенза;Каменка;3800
volgograd-saratov;old;34;;DIRECT;H_DIRECT_TEST;Директ тест;DIRECT_TEST;1;25;0;kubtaxi.ru|taxi-ug.ru|taxi-russia.su|tratatur.ru|unit-transfer.ru|volgograd.taxi24h.ru|turtransfer.ru|sochi.taxi|ug.taxi|taksi-gorod.ru|volgograd.sevastopol24.taxi|rustransfer.org|www.mezhgorod.taxi|taxi533.ru|www.avito.ru|taxivezde.ru|1taxopark.ru|jupiter-tmc.ru|taxi.drive-luxe.ru|taxi-bereg.ru|taksisvo.ru|obltaxi.ru|taxi-cosmos.ru|taxi-lider64.ru|saratov.sky-transfer.ru|mezhgorod-rf.ru|catalogtaksi.ru|www.transfer34.ru|mejgorod-taxi.ru|www.taxi-love.ru;Волгоград;Саратов;11000
samara-rostov-na-donu;old;34;7;DIRECT;H_DIRECT_TEST;Директ тест;DIRECT_TEST;1;22;0;samara.taxi24h.ru|kubtaxi.ru|taksi-gorod.ru|taxi533.ru|tratatur.ru|samara.taksi24.taxi|city2city.ru|ugtravel.com|taksisvo.ru|msk.taxi|taxi-bereg.ru|www.mezhgorod.taxi|samara.yalta-24.taxi|catalogtaksi.ru|xn----7sbabxukdmwuiegm.xn--p1ai|mejgorod-taxi.ru|ug.taxi|samara.taxi-krim.com|taxi-svobodnoe.ru|taxivezde.ru|www.avito.ru|samara.simferopol-aeroport.taxi|vse-taxi.com|mejgorodtaxi.ru|www.taxi-love.ru|taxi-cosmos.ru|mobilodeon.ru|t.me|sky-avto.ru|deshevotaxi.ru;Самара;Ростов-на-Дону;37500
moskva-velikie-luki;new;33;;NONE;Z_LOW_PRIORITY;Низкий приоритет (новые);LOW_PRIORITY;8;16;0;taxi555.ru|drive-luxe.ru|1taxopark.ru|www.taxi-love.ru|taxi-mobil.ru|zakaz.mezhgorod.taxi|ugtravel.com|www.taxi2000.ru|ab-taxi.ru|taxivezde.ru;;;
perm-neya;new;33;2;NONE;Z_LOW_PRIORITY;Низкий приоритет (новые);LOW_PRIORITY;20;5;4;taksisvo.ru|city2city.ru|deshevotaxi.ru|mejgorodtaxi.ru|jupiter-tmc.ru|taxi-realtransfer-mejgorod.ru|mezhgorod-taksi.ru|taxi.yandex.ru|xn----7sbyhmmrebi.xn--p1ai|taksi-gorod.ru;;;
donetsk-simferopol;new;33;;NONE;Z_LOW_PRIORITY;Низкий приоритет (новые);LOW_PRIORITY;3;23;0;donetsk.taxi24h.ru|donetsk.taxi-krim.com|den-taxi.ru|donetsk.sevastopol24.taxi|deshevotaxi.ru|donetsk.aeroport-simferopol.taxi|ugtaxi.ru|ug.taxi|taxi-atlas.com|kubtaxi.ru;;;
astraxan-narimanov;old;33;;SEO;F_AUTOPILOT;SEO автопилот;SEO_AUTOPILOT;0;8;0;taksi-gorod.ru|1taxopark.ru|obltaxi.ru|catalogtaksi.ru|taxi555.ru|taksisvo.ru|www.taxi2000.ru|taxi.drive-luxe.ru|deshevotaxi.ru|yandex.ru;Астрахань;Нариманов;2000
krasnodar-vladikavkaz;old;33;26;DIRECT;H_DIRECT_TEST;Директ тест;DIRECT_TEST;1;24;0;taxi-ug.ru|tratatur.ru|kubtaxi.ru|sky-transfer.ru|perfect-taxi.ru|www.avito.ru|transferoff.ru|krasnodar.kerch24.taxi|krasnodar.taksi24.taxi|ugtaxi.ru|taksi-gorod.ru|krasnodar.taxi24h.ru|ug.taxi|geltaxi.ru|taxi533.ru|taxi.transferplustravel.com|taxi-kuban.ru|rustransfer.org|vezet-go.ru|www.taxisea.ru|sochi.taxi|msk.taxi|krasnodar.taxi-krim.com|krasnodar.simferopol-aeroport.taxi|siti-free.clients.site|city2city.ru|mezhgorod-rf.ru|krasnodar.aeroport-simferopol.taxi|mejgorod-taxi.ru|transferug.ru;Краснодар;Владикавказ;18300
novosibirsk-irkutsk;old;33;8;DIRECT;H_DIRECT_TEST;Директ тест;DIRECT_TEST;2;17;0;starcars54.ru|sky-transfer.ru|catalogtaksi.ru|www.avito.ru|transferug.ru|www.intui.travel|vse-taxi.com|city2city.ru|royalcars54.ru|taxi-novosibirsk-novosibirsk-oblast-ru.taxigator.ru|transfergid.ru|ylszb.tb.ru|abv-auto.com|uslugi.yandex.ru|taxi.yandex.ru|2gis.ru|perevozka24.com|www.transfer154.ru|mezhgorod-taksi.ru|taxi-russia.su|ugtravel.com|deshevotaxi.ru|taxi-iz-tolmachevo.ru|alfa-taxi154.ru|xn--90absbknhbvge.xn--80akxkdedu.xn--p1acf|go.yandex|taksi-gorod.ru|mezhgorod-rf.ru|taxitolmachevo.ru|viptaxinsk.ru;Новосибирск;Иркутск;55000
irkutsk-sayansk;old;33;;SEO;F_AUTOPILOT;SEO автопилот;SEO_AUTOPILOT;0;7;0;sky-transfer.ru|catalogtaksi.ru|rustransfer.org|taksi-gorod.ru|deshevotaxi.ru|takse.ru|www.transfer38.ru|mezhgorod38.clients.site|www.rome2rio.com|taxi-irkutsk-irkutsk-oblast-ru.taxigator.ru;Иркутск;Саянск;8500
saratov-marks;old;33;3;SEO;F_AUTOPILOT;SEO автопилот;SEO_AUTOPILOT;1;20;0;kubtaxi.ru|taxi-ug.ru|city2city.ru|catalogtaksi.ru|tratatur.ru|taxi555.ru|www.taxi2000.ru|1taxopark.ru|deshevotaxi.ru|taxivezde.ru|taxi.drive-luxe.ru|taksisvo.ru|rustransfer.org|www.mezhgorod.taxi|www.taxi-love.ru|obltaxi.ru|taxi-lider64.ru|xn----7sbyhcmnbsdikx.xn--p1ai|mejgorodtaxi.ru|takse.ru|www.avito.ru|mezhgorod-taksi.ru|taxi-nomera.ru|jupiter-tmc.ru|mobilodeon.ru|mb-taxi.ru|taxomarket.ru|uslugi.yandex.ru|regionaltaxi.ru|taxi.yandex.ru;Саратов;Маркс;3200
rostov-mineralnye-vody;old;33;;DIRECT;H_DIRECT_TEST;Директ тест;DIRECT_TEST;1;24;0;kubtaxi.ru|taxi-yugtaxi.ru|www.avito.ru|ugtaxi.ru|alfataxi82.ru|yandex.ru|tratatur.ru|taxi-bereg.ru|taxi.transferplustravel.com|taxi-ug.ru|rostov-na-donu.sky-transfer.ru|rostov.taksi24.taxi|rostov.taxi-krim.com|perfect-taxi.ru|ug.taxi|taxi555.ru|avto-kruiz.com|rostov.taxi24h.ru|rustransfer.org|taxi-svobodnoe.ru|transferug.ru|mejgorod-taxi.ru|uslugi.yandex.ru|taxi.drive-luxe.ru|go.ridence.ru|taksi-gorod.ru|msk.taxi|sochi.taxi|rostov.simferopol-aeroport.taxi|rostov.aeroport-simferopol.taxi;Ростов-на-Дону;Минеральные Воды;14400
svo-taxi-boguchar-rossosh;old;33;;SEO;F_AUTOPILOT;SEO автопилот;SEO_AUTOPILOT;1;18;0;yandex.ru|taxi.yandex.ru|rutaxist.ru|m.avito.ru|2gis.ru|uslugi.yandex.ru|boguchar.taxiarkadiya.ru|taxi-nomera.ru|deshevotaxi.ru|perevozka24.com|shkiper-taxiboguchar.clients.site|xn-----6kcbqgcdjrv0afza5ajp5i.xn--p1ai|mezhgorod-rf.ru|taxieconom.ru|vk.com|taxi-po-svetu.ru|intaxi.ru|taxi-nomer.ru|taxitops.ru|taksi-gorod.ru|qq-taxi.ru|boguchar.spravker.ru|uslugio.com|fleeka.ru|catalogtaksi.ru|www.taxopark.com|taxi-boguchar.ru|russianstaxi.ru|xn--80aegdbkep7dh.xn--p1ai|taxigoroda.ru;Богучар;Россошь;3800
nizhniy_novgorod-vladimir;old;33;;SEO;F_AUTOPILOT;SEO автопилот;SEO_AUTOPILOT;2;24;0;www.avito.ru|taxi533.ru|nizhniy-novgorod.taxi24h.ru|mejgorod-taxi.ru|nizhniy-novgorod.taksi24.taxi|taksisvo.ru|catalogtaksi.ru|taxigorkovskoe.ru|unit-transfer.ru|taxi-russia.su|taxivezde.ru|taksi-gorod.ru|nizhniy-novgorod.taxi-krim.com|www.mezhgorod.taxi|ug.taxi|taxi.drive-luxe.ru|obltaxi.ru|www.taxi-love.ru|mezhgorod-taksi.ru|jupiter-tmc.ru|mezhgorod-rf.ru|1taxopark.ru|xn--80aesgcvcug0d.su|www.intui.travel|rustransfer.org|nizhniy-novgorod.simferopol-aeroport.taxi|mb-taxi.ru|nn-transfer.ru|vse-taxi.com|mejgorodtaxi.ru;Нижний Новгород;Владимир;7000
velikiy-novgorod-pskov;old;33;1;SEO;F_AUTOPILOT;SEO автопилот;SEO_AUTOPILOT;2;21;0;city2city.ru|taxi555.ru|catalogtaksi.ru|www.mezhgorod.taxi|www.taxi2000.ru|kiwitaxi.ru|taxi.drive-luxe.ru|vtstaxi.ru|rustransfer.org|1tmehgorod.ru|1taxopark.ru|www.taxi-love.ru|deshevotaxi.ru|jupiter-tmc.ru|obltaxi.ru|taxivezde.ru|taxi-russia.ru|vse-taxi.com|ru-travel.org|taxi-mezhgorod24.ru|mezhgorod-taksi.ru|taxi-nomera.ru|mejgorod-taxi.ru|www.avito.ru|transfergid.ru|internet-taksi.ru|taksi-gorod.ru|taxitaksi.ru|www.rome2rio.com|xn--80afdpcl3cf.xn--p1ai;Великий Новгород;Псков;6400
nizhniy_novgorod-cheboksary;old;33;9;SEO;F_AUTOPILOT;SEO автопилот;SEO_AUTOPILOT;2;23;0;nizhniy-novgorod.taxi24h.ru|taxi-russia.su|kiwitaxi.ru|nizhniy-novgorod.yalta-24.taxi|taxi555.ru|taksi-gorod.ru|taxigorkovskoe.ru|taxi533.ru|city2city.ru|transfers.unitaxi.ru|nizhniy-novgorod.taksi24.taxi|www.mezhgorod.taxi|obltaxi.ru|1taxopark.ru|unit-transfer.ru|rustransfer.org|diveevo-transfer.ru|taxi.drive-luxe.ru|jupiter-tmc.ru|www.avito.ru|taxivezde.ru|www.taxi-love.ru|mezhgorod-rf.ru|catalogtaksi.ru|mejgorod-taxi.ru|mb-taxi.ru|taxi-nomera.ru|minivan-nn.ru|taximezhgorod24.ru|www.transfer152.ru;Нижний Новгород;Чебоксары;8100
rostov-morozovsk;old;33;;SEO;F_AUTOPILOT;SEO автопилот;SEO_AUTOPILOT;1;21;0;ugtaxi.ru|tratatur.ru|1tmehgorod.ru|taxi-ug.ru|kubtaxi.ru|taksisvo.ru|taxi555.ru|perfect-taxi.ru|ugtravel.com|ab-taxi.ru|www.mezhgorod.taxi|taxi-cosmos.ru|takse.ru|1taxopark.ru|taksi-gorod.ru|taxivezde.ru|www.taxi-rokada.ru|obltaxi.ru|xn--b1afanhqckwdt2czc.xn--p1ai|www.taxi2000.ru|mezhgorod-rf.ru|catalogtaksi.ru|rustransfer.org|deshevotaxi.ru|taxi-russia.su|vk.com|www.taxi-love.ru|mezhgorod-taksi.ru|www.intui.travel|catalogtaxi.ru;Ростов-на-Дону;Морозовск;7500
kostroma-volgorechensk;old;33;2;SEO;F_AUTOPILOT;SEO автопилот;SEO_AUTOPILOT;1;18;0;taxi555.ru|city2city.ru|1taxopark.ru|www.taxi2000.ru|catalogtaksi.ru|deshevotaxi.ru|taxi.drive-luxe.ru|www.mezhgorod.taxi|rustransfer.org|takse.ru|www.taxi-rokada.ru|xn----7sbyhcmnbsdikx.xn--p1ai|taksisvo.ru|obltaxi.ru|taxivezde.ru|jupiter-tmc.ru|mezhgorod-taksi.ru|m.avito.ru|taxi-kostroma-kostroma-oblast-ru.taxigator.ru|mejgorodtaxi.ru|ru-travel.org|taksi-services.ru|www.taxi-love.ru|volgorechensk.taximaxim.ru|mobilodeon.ru|vk.com|www.rome2rio.com|2gis.ru|uslugi.yandex.ru|transfer44.ru;Кострома;Волгореченск;3000
tambov-penza;old;33;;SEO;F_AUTOPILOT;SEO автопилот;SEO_AUTOPILOT;1;25;0;tratatur.ru|kubtaxi.ru|taxi533.ru|tambov.taxi24h.ru|tambov.sevastopol24.taxi|taxi-ug.ru|taxi555.ru|www.taxi2000.ru|1taxopark.ru|tambov.taksi24.taxi|mezhgorod-rf.ru|taxivezde.ru|taksisvo.ru|taxi-russia.su|ug.taxi|taxi.drive-luxe.ru|mejgorod-taxi.ru|rustransfer.org|www.mezhgorod.taxi|vse-taxi.com|tambov.aeroport-simferopol.taxi|obltaxi.ru|www.taxi-love.ru|catalogtaksi.ru|m.avito.ru|deshevotaxi.ru|tambov.yalta-24.taxi|tambov.taxi-krim.com|jupiter-tmc.ru|taksi-gorod.ru;Тамбов;Пенза;8500
ekaterinburg-nizhnyaya-tura;old;33;;SEO;F_AUTOPILOT;SEO автопилот;SEO_AUTOPILOT;0;7;0;catalogtaksi.ru|taxi555.ru|ugtaxi.ru|taksi-ekb.ru|taxi.drive-luxe.ru|1taxopark.ru|taksisvo.ru|willway.ru|takse.ru|rustransfer.org;Екатеринбург;Нижняя Тура;7000
vladimir-nizhnij-novgorod;old;33;;SEO;F_AUTOPILOT;SEO автопилот;SEO_AUTOPILOT;1;24;0;vladimir.taxi24h.ru|m.avito.ru|www.transfer33.ru|taxi533.ru|xn--33-6kcu3bqdcefbvh.xn--p1ai|vladimir.taksi24.taxi|1taxopark.ru|mejgorod-taxi.ru|transfer-vlad33.ru|mezhgorod-rf.ru|www.taxi2000.ru|taksisvo.ru|vladimir.taxi-krim.com|taxivezde.ru|perfect-taxi.ru|catalogtaxi.ru|transfers.unitaxi.ru|taxi.drive-luxe.ru|uslugi.yandex.ru|rustransfer.org|obltaxi.ru|transfergid.ru|taxi-russia.su|ru-travel.org|catalogtaksi.ru|ug.taxi|uni-transfers.com|mejgorodtaxi.ru|ubitaxi.ru|deshevotaxi.ru;Владимир;Нижний Новгород;7000
moskva-uglich;old;33;;SEO;F_AUTOPILOT;SEO автопилот;SEO_AUTOPILOT;3;20;0;www.avito.ru|taxi-mobil.ru|www.taxi2000.ru|www.taximasters.ru|www.100mtaxi.ru|taxi555.ru|xn----7sbyhcmnbsdikx.xn--p1ai|kiwitaxi.ru|www.mezhgorod.taxi|wing-taxi.ru|ab-taxi.ru|taksi-gorod.ru|taksisvo.ru|www.taxi-love.ru|taksi777.ru|mezhgorod.taxi-ekvator.ru|xn--80aqf2ac.xn--c1acbe2apap.xn--80adxhks|www.taxi-rokada.ru|obltaxi.ru|drive-luxe.ru|taxivezde.ru|xn----7sbyhcmghbyi1l.xn--80adxhks|rustransfer.org|taxi-russia.ru|logitaxi.ru|www.intui.travel|taksi-mezhgorod.ru|xn--777-5cd4bl3cf.xn--p1ai|6694036.ru|takse.ru;Москва;Углич;7000
penza-tambov;old;33;6;SEO;F_AUTOPILOT;SEO автопилот;SEO_AUTOPILOT;2;23;0;sky-transfer.ru|kubtaxi.ru|tratatur.ru|penza.sevastopol24.taxi|taxi-ug.ru|city2city.ru|taxi533.ru|penza.taksi24.taxi|penza.taxi24h.ru|rustransfer.org|taxi555.ru|ug.taxi|taksi-gorod.ru|1taxopark.ru|taxi-russia.su|taxivezde.ru|transfers.unitaxi.ru|vse-taxi.com|mezhgorod-rf.ru|taxi-cosmos.ru|www.mezhgorod.taxi|penza.simferopol-aeroport.taxi|www.taxi-love.ru|obltaxi.ru|deshevotaxi.ru|m.avito.ru|penza.aeroport-simferopol.taxi|jupiter-tmc.ru|www.intui.travel|penza.taxi-krim.com;Пенза;Тамбов;8700
moskva-magnitnyj;new;32;2;SEO;F_AUTOPILOT;SEO автопилот;SEO_AUTOPILOT_NEW;10;16;3;vist-m.ru|city2city.ru|roxe-taxi.ru|taxi.yandex.ru|mezhgorod-taxi.ru|vk.com|www.avito.ru|vse-taxi.com|taxi-mobil.ru|moskva.taxideshevo.com;;;
sankt-peterburg-primorskij;new;32;;NONE;Z_LOW_PRIORITY;Низкий приоритет (новые);LOW_PRIORITY;13;12;3;taxovichkof.ru|yandex.ru|taxideshevo.com|utaxi-spb.ru|taxi-po-puti.ru|sankt-peterburg.taxi24h.ru|www.yell.ru|kiwitaxi.ru|uslugi.yandex.ru|svoetaksi.ru;;;
vladimir-petushki;new;32;;NONE;Z_LOW_PRIORITY;Низкий приоритет (новые);LOW_PRIORITY;19;5;0;taxi555.ru|taxi-vladimir-vladimir-oblast-ru.taxigator.ru|xn--33-6kcu3bqdcefbvh.xn--p1ai|deshevotaxi.ru|catalogtaksi.ru|taksisvo.ru|taxi.drive-luxe.ru|obltaxi.ru|transfer-vlad33.ru|www.taxi-love.ru;;;
volgograd-krasnooktyabrskij;new;32;;NONE;Z_LOW_PRIORITY;Низкий приоритет (новые);LOW_PRIORITY;12;9;3;yandex.ru|www.yell.ru|2gis.ru|zoon.ru|uslugi.yandex.ru|taxivolgograd.ru|taxi.yandex.ru|volgograd.spravker.ru|vezet.ru|www.volgograd.kp.ru;;;
rostov-malinovskij;new;32;;NONE;Z_LOW_PRIORITY;Низкий приоритет (новые);LOW_PRIORITY;16;4;4;yandex.ru|2gis.ru|zoon.ru|vk.com|www.yell.ru|rostov.flamp.ru|taxi369.ru|www.avto25.ru|pro.yandex.ru|perevozka24.com;;;
smolensk-lyubim;new;32;;NONE;Z_LOW_PRIORITY;Низкий приоритет (новые);LOW_PRIORITY;17;10;3;taksisvo.ru|jupiter-tmc.ru|yandex.ru|mejgorodtaxi.ru|deshevotaxi.ru|www.lgtaxi.ru|taxieconom.ru|www.rustore.ru|2gis.ru|apps.apple.com;;;
tula-mczensk;new;32;;NONE;Z_LOW_PRIORITY;Низкий приоритет (новые);LOW_PRIORITY;23;6;1;1taxopark.ru|catalogtaksi.ru|www.taxi2000.ru|taxi555.ru|www.taxi-love.ru|obltaxi.ru|taxi.drive-luxe.ru|www.mezhgorod.taxi|taxivezde.ru|rustransfer.org;;;
moskva-safonovo;new;32;;NONE;Z_LOW_PRIORITY;Низкий приоритет (новые);LOW_PRIORITY;11;17;0;ab-taxi.ru|taxi-mobil.ru|1taxopark.ru|zakaz.mezhgorod.taxi|mezhgorod.taxi-ekvator.ru|taxi555.ru|www.taxi2000.ru|wing-taxi.ru|taxi.drive-luxe.ru|taxivezde.ru;;;
saratov-atkarsk;old;32;;SEO;F_AUTOPILOT;SEO автопилот;SEO_AUTOPILOT;1;19;0;kubtaxi.ru|tratatur.ru|1taxopark.ru|taxi.drive-luxe.ru|catalogtaksi.ru|xn----7sbyhcmnbsdikx.xn--p1ai|taxi555.ru|deshevotaxi.ru|www.mezhgorod.taxi|taxivezde.ru|taxi-russia.su|obltaxi.ru|taxi-cosmos.ru|takse.ru|rustransfer.org|mb-taxi.ru|www.taxi-love.ru|ru-travel.org|jupiter-tmc.ru|mejgorodtaxi.ru|uslugi.yandex.ru|mobilodeon.ru|taxomarket.ru|www.avito.ru|mezhgorod-taksi.ru|taxi-ug.ru|xn--80aaahzdndlon5ak.xn--p1ai|taksisvo.ru|www.taxi2000.ru|taksi-gorod.ru;Саратов;Аткарск;3000
kostroma-plyos;old;32;12;SEO;F_AUTOPILOT;SEO автопилот;SEO_AUTOPILOT;1;18;0;taxi555.ru|taksisvo.ru|www.taxi2000.ru|1taxopark.ru|catalogtaksi.ru|taxi.drive-luxe.ru|deshevotaxi.ru|www.rome2rio.com|obltaxi.ru|taxi-ples.ru|taxivezde.ru|city2city.ru|mejgorodtaxi.ru|mezhgorod-taksi.ru|www.taxi-love.ru|www.avito.ru|transfergid.ru|xn----7sbyhcmghbyi1l.xn--80adxhks|takse.ru|taksi-gorod.ru|taksi-services.ru|xn--80affnblthori.xn--p1ai|www.mezhgorod.taxi|guidego.ru|kinkol.com|mezhdugorodnee-taksi.ru|xn--80agcbcdadqtxrla3aio0a.xn--p1ai|transfer44.ru|venagid.ru|mobilodeon.ru;Кострома;Плёс;3400
kazan-neftekamsk;old;32;;DIRECT;H_DIRECT_TEST;Директ тест;DIRECT_TEST;1;8;0;www.avito.ru|taksi-gorod.ru|taxi533.ru|transfer-kazan.ru|www.taxi2000.ru|taxi555.ru|taxi-kazan.su|taksisvo.ru|1taxopark.ru|www.mezhgorod.taxi;Казань;Нефтекамск;12400
barnaul-zarinsk;old;32;;SEO;F_AUTOPILOT;SEO автопилот;SEO_AUTOPILOT;1;5;0;royalcars54.ru|catalogtaksi.ru|1taxopark.ru|taksi-gorod.ru|willway.ru|www.mezhgorod.taxi|taxi555.ru|kiwitaxi.ru|takse.ru|www.taxi2000.ru;Барнаул;Заринск;3500
voronezh-kalach;old;32;;SEO;F_AUTOPILOT;SEO автопилот;SEO_AUTOPILOT;2;20;0;kubtaxi.ru|tratatur.ru|taxi.drive-luxe.ru|taxi555.ru|kiwitaxi.ru|taxi-russia.su|yandex.ru|taxi-ug.ru|1taxopark.ru|www.mezhgorod.taxi|deshevotaxi.ru|mezhgorod-rf.ru|takse.ru|taksisvo.ru|taxivezde.ru|catalogtaksi.ru|obltaxi.ru|mezhgorod-taksi.ru|rustransfer.org|m.avito.ru|taxi-nomera.ru|uslugi.yandex.ru|mejgorodtaxi.ru|ru-travel.org|transfers.unitaxi.ru|taxicamry.ru|mb-taxi.ru|www.taxi-love.ru|vrn-taxi.ru|1tmehgorod.ru;Воронеж;Калач;7000
krasnoyarsk-minusinsk;old;32;;DIRECT;H_DIRECT_TEST;Директ тест;DIRECT_TEST;2;17;0;www.avito.ru|taxi555.ru|kiwitaxi.ru|1taxopark.ru|www.taxi2000.ru|rustransfer.org|supl.biz|poputka-komfort.ru|obltaxi.ru|takse.ru|vse-taxi.com|vk.com|catalogtaksi.ru|jupiter-tmc.ru|deshevotaxi.ru|taxivezde.ru|www.taxi-love.ru|www.yell.ru|mezhgorod-taksi.ru|taksi-gorod.ru|transfere.ru|xn--80atblfjdfd2l.xn--80akxkdedu.xn--p1acf|krasnoyarsk.sky-transfer.ru|transfergid.ru|minibus.biletyplus.ru|y-taxi.ru|uslugi.yandex.ru|taxi-krasnoyarsk-krasnoyarsk-krai-ru.taxigator.ru|www.rome2rio.com|perevozka24.com;Красноярск;Минусинск;13000
tula-donskoj;old;32;;SEO;F_AUTOPILOT;SEO автопилот;SEO_AUTOPILOT;1;20;0;taxi555.ru|deshevotaxi.ru|1taxopark.ru|www.taxi2000.ru|www.mezhgorod.taxi|catalogtaksi.ru|taxivezde.ru|taxi.drive-luxe.ru|xn----7sbyhcmnbsdikx.xn--p1ai|mejgorod-taxi.ru|obltaxi.ru|taksisvo.ru|taxi-tula-tula-oblast-ru.taxigator.ru|rustransfer.org|transfer71.ru|mejgorodtaxi.ru|mezhgorod-taksi.ru|www.rome2rio.com|taxi-nomera.ru|mobilodeon.ru|xn----8sbba8abcp7dh.xn--p1ai|taksi-services.ru|taxi-mezhgorod24.ru|yandex.ru|jupiter-tmc.ru|www.yell.ru|mezhdugorodnee-taksi.ru|xn--80affnblthori.xn--p1ai|taxinomerok.ru|www.avito.ru;Тула;Донской;2000
saransk-kovylkino;old;32;;SEO;F_AUTOPILOT;SEO автопилот;SEO_AUTOPILOT;1;20;0;taxi555.ru|1taxopark.ru|catalogtaksi.ru|deshevotaxi.ru|taxi.drive-luxe.ru|www.mezhgorod.taxi|www.taxi2000.ru|takse.ru|taksisvo.ru|obltaxi.ru|taxivezde.ru|taxi-saransk-mordovia-ru.taxigator.ru|www.taxi-rokada.ru|rustransfer.org|ru-travel.org|taxi-russia.su|mejgorodtaxi.ru|www.taxi-love.ru|mezhgorod-taksi.ru|www.rome2rio.com|mobilodeon.ru|m.avito.ru|vk.com|transfergid.ru|perevozka24.com|y-taxi.ru|saransk.taximaxim.ru|2gis.ru|uslugi.yandex.ru|xn--b1amebeocf6i.xn--80akxkdedu.xn--p1acf;Саранск;Ковылкино;3500
samara-bugulma;old;32;12;SEO;F_AUTOPILOT;SEO автопилот;SEO_AUTOPILOT;3;20;0;xn----7sbabxukdmwuiegm.xn--p1ai|taxi555.ru|taxi533.ru|www.taxi2000.ru|1taxopark.ru|dzen.ru|unit-transfer.ru|www.mezhgorod.taxi|taxi.drive-luxe.ru|vk.com|rustransfer.org|city2city.ru|mejgorod-taxi.ru|taxi-cosmos.ru|taksi-gorod.ru|taxi24online.ru|taksisvo.ru|taxivezde.ru|www.taxi-love.ru|takse.ru|obltaxi.ru|vse-taxi.com|xn----7sbp3acjidhfbkt.su|deshevotaxi.ru|transfers.unitaxi.ru|www.intui.travel|catalogtaksi.ru|www.blablacar.ru|taxi-samara.su|www.avito.ru;Самара;Бугульма;7800
kostroma-galich;old;32;;SEO;F_AUTOPILOT;SEO автопилот;SEO_AUTOPILOT;1;21;0;www.taxi2000.ru|catalogtaksi.ru|taxi555.ru|deshevotaxi.ru|taxi.drive-luxe.ru|1taxopark.ru|www.mezhgorod.taxi|obltaxi.ru|rustransfer.org|taxivezde.ru|taksisvo.ru|takse.ru|www.taxi-love.ru|taxi-kostroma-kostroma-oblast-ru.taxigator.ru|taxi-russia.ru|mejgorodtaxi.ru|taksi-services.ru|mobilodeon.ru|uslugi.yandex.ru|intaxi.ru|perevozka24.com|taxomarket.ru|m.avito.ru|ru-travel.org|kostroma.taximaxim.ru|mezhdugorodnee-taksi.ru|www.rome2rio.com|transfer44.ru|transfergid.ru|yandex.ru;Кострома;Галич;4500
astraxan-rostov-na-donu;old;32;;DIRECT;H_DIRECT_TEST;Директ тест;DIRECT_TEST;0;9;0;kubtaxi.ru|astrahan.taxi24h.ru|ugtaxi.ru|tratatur.ru|taxi533.ru|www.taxi2000.ru|taxi555.ru|taksi-gorod.ru|taxi-ug.ru|astrahan.taksi24.taxi;Астрахань;Ростов-на-Дону;23100
nizhniy_novgorod-sarov;old;32;1;SEO;F_AUTOPILOT;SEO автопилот;SEO_AUTOPILOT;1;21;0;city2city.ru|taxigorkovskoe.ru|catalogtaksi.ru|diveevo-transfer.ru|rustransfer.org|taxi555.ru|taksisvo.ru|minivan-nn.ru|ab-taxi.ru|unit-transfer.ru|xn----7sbyhcmnbsdikx.xn--p1ai|mejgorod-taxi.ru|taxivezde.ru|www.avito.ru|www.taxi-love.ru|takse.ru|1taxopark.ru|mezhgorod-rf.ru|www.mezhgorod.taxi|obltaxi.ru|taxi-russia.su|jupiter-tmc.ru|deshevotaxi.ru|mb-taxi.ru|mejgorodtaxi.ru|bibi-bot.ru|vse-taxi.com|taxi-sarov.ru|taximezhgorod24.ru|taxi-nomera.ru;Нижний Новгород;Саров;6300
tyumen-zavodoukovsk;old;32;3;SEO;F_AUTOPILOT;SEO автопилот;SEO_AUTOPILOT;1;17;0;taxi555.ru|xn----7sbyhcmnbsdikx.xn--p1ai|city2city.ru|nexttax.ru|catalogtaksi.ru|taxi.drive-luxe.ru|1taxopark.ru|taksisvo.ru|takse.ru|www.taxi-rokada.ru|vse-taxi.com|www.taxi2000.ru|rustransfer.org|deshevotaxi.ru|xn--72-glcedg4btat.xn--p1ai|www.taxi-love.ru|taxivezde.ru|vk.com|obltaxi.ru|www.avito.ru|ru-travel.org|mejgorodtaxi.ru|taxi-nomera.ru|www.rome2rio.com|zavodoukovsk1.taximaxim.ru|taxigator.ru|mezhgorod-taksi.ru|2gis.ru|uslugi.yandex.ru|xn--e1aner7ci.xn--80akxkdedu.xn--p1acf;Тюмень;Заводоуковск;3600
smolensk-vyazma;old;32;;SEO;F_AUTOPILOT;SEO автопилот;SEO_AUTOPILOT;1;19;0;catalogtaksi.ru|taxi555.ru|www.taxi2000.ru|1taxopark.ru|www.avito.ru|takse.ru|deshevotaxi.ru|taxi.drive-luxe.ru|www.taxi-love.ru|jupiter-tmc.ru|taxi-smolensk-smolensk-oblast-ru.taxigator.ru|www.rome2rio.com|vse-taxi.com|vk.com|www.rustore.ru|mobilodeon.ru|apps.apple.com|taxi-russia.ru|mejgorodtaxi.ru|taksi-services.ru|taksi-gorod.ru|taksisvo.ru|xn----7sbyhcmnbsdikx.xn--p1ai|taxivezde.ru|www.taxi-rokada.ru|transfer67.ru|obltaxi.ru|mezhgorodtaxi24.ru|y-taxi.ru|uslugi.yandex.ru;Смоленск;Вязьма;5000
krasnoyarsk-nazarovo;old;32;5;SEO;F_AUTOPILOT;SEO автопилот;SEO_AUTOPILOT;3;18;0;1taxopark.ru|catalogtaksi.ru|taxi555.ru|kiwitaxi.ru|city2city.ru|deshevotaxi.ru|taksi-gorod.ru|obltaxi.ru|vse-taxi.com|taxivezde.ru|takse.ru|www.taxi-love.ru|rustransfer.org|jupiter-tmc.ru|taxi-krasnoyarsk-krasnoyarsk-krai-ru.taxigator.ru|www.intui.travel|2gis.ru|www.taxi2000.ru|mezhgorod-taksi.ru|vk.com|www.rome2rio.com|krasnoyarsk.sky-transfer.ru|www.avito.ru|xn--80atblfjdfd2l.xn--80akxkdedu.xn--p1acf|xn--24-6kchk7b2h.xn--p1ai|y-taxi.ru|perevozka24.com|taxiport24.ru|catalogtaxi.ru|krasnoyarsk.taximaxim.ru;Красноярск;Назарово;6200
kazan-buguruslan;old;32;;DIRECT;H_DIRECT_TEST;Директ тест;DIRECT_TEST;0;7;0;vk.com|ugtravel.com|taxi555.ru|taxi533.ru|1taxopark.ru|taksisvo.ru|taksi-gorod.ru|taxi-mini.ru|rustransfer.org|taxi.drive-luxe.ru;Казань;Бугуруслан;11700
moskva-joshkar-ola;new;31;;NONE;Z_LOW_PRIORITY;Низкий приоритет (новые);LOW_PRIORITY;12;16;0;taxi-mobil.ru|ugtaxi.ru|www.avito.ru|msk.taxi|taxi555.ru|msk.taxiarkadiya.ru|1taxopark.ru|taksi-gorod.ru|www.taxi2000.ru|ugtravel.ru;;;
moskva-pavlovskaya;new;31;19;SEO;F_AUTOPILOT;SEO автопилот;SEO_AUTOPILOT_NEW;9;15;2;taxi555.ru|ugtaxi.ru|1taxopark.ru|www.mezhgorod.taxi|www.taxi-love.ru|mos.taxitoday.ru|obltaxi.ru|taksi777.ru|transferug.ru|bibi-bot.ru;;;
moskva-pavlovskij;new;31;3;SEO;F_AUTOPILOT;SEO автопилот;SEO_AUTOPILOT_NEW;8;16;1;taxi-mobil.ru|go.yandex|city2city.ru|ugtaxi.ru|taxi555.ru|xn----7sbyhcmnbsdikx.xn--p1ai|www.mezhgorod.taxi|wing-taxi.ru|www.taxi2000.ru|ugtravel.com;;;
barnaul-ob;new;31;;NONE;Z_LOW_PRIORITY;Низкий приоритет (новые);LOW_PRIORITY;18;6;2;www.mezhgorod.taxi|taxivezde.ru|1taxopark.ru|obltaxi.ru|vse-taxi.com|www.taxi-love.ru|rustransfer.org|deshevotaxi.ru|ru-travel.org|catalogtaksi.ru;;;
krasnodar-golubiczkaya;new;31;;NONE;Z_LOW_PRIORITY;Низкий приоритет (новые);LOW_PRIORITY;9;19;2;taxi-ug.ru|kubtaxi.ru|taxi.transferplustravel.com|geltaxi.ru|tratatur.ru|taksi-gorod.ru|kiwitaxi.ru|taxiresort.ru|www.krd-taxi.ru|perfect-taxi.ru;;;
krasnodar-volgograd;new;31;;NONE;Z_LOW_PRIORITY;Низкий приоритет (новые);LOW_PRIORITY;5;24;0;taxi-ug.ru|kubtaxi.ru|tratatur.ru|ug.taxi|krasnodar.taxi24h.ru|ugtaxi.ru|perfect-taxi.ru|krasnodar.taksi24.taxi|taxi533.ru|taksi-gorod.ru;;;
kaluga-kirov;new;31;10;SEO;F_AUTOPILOT;SEO автопилот;SEO_AUTOPILOT_NEW;14;14;0;deshevotaxi.ru|kaluga.taxi24h.ru|kaluga.sevastopol24.taxi|catalogtaksi.ru|taxi533.ru|1taxopark.ru|taksisvo.ru|mejgorod-taxi.ru|kaluga.taksi24.taxi|city2city.ru;;;
novosibirsk-karasuk;new;31;15;NONE;Z_LOW_PRIORITY;Низкий приоритет (новые);LOW_PRIORITY;13;7;0;sky-transfer.ru|royalcars54.ru|aa-go.ru|starcars54.ru|abv-auto.com|ugtravel.ru|www.mezhgorod.taxi|taksi-gorod.ru|willway.ru|www.taxi2000.ru;;;
rostov-gukovo;new;31;24;NONE;Z_LOW_PRIORITY;Низкий приоритет (новые);LOW_PRIORITY;16;10;0;taxi-ug.ru|kubtaxi.ru|tratatur.ru|perfect-taxi.ru|avto-kruiz.com|ugtaxi.ru|taksi-gorod.ru|kiwitaxi.ru|taxi555.ru|taxi-russia.su;;;
joshkar-ola-moskva;new;31;;NONE;Z_LOW_PRIORITY;Низкий приоритет (новые);LOW_PRIORITY;16;13;1;www.avito.ru|msk.taxi|taxi-mobil.ru|ugtaxi.ru|1taxopark.ru|taxi555.ru|ab-taxi.ru|taksi-gorod.ru|taxi-russia.su|wing-taxi.ru;;;
samara-pervomajsk;new;31;8;SEO;F_AUTOPILOT;SEO автопилот;SEO_AUTOPILOT_NEW;11;11;1;xn----7sbabxukdmwuiegm.xn--p1ai|www.xn-----7kcbaaphbhdai9a3awnjra5bnrctq.xn--p1ai|mejgorodtaxi.ru|dzen.ru|mezhgorod-rf.ru|1tmehgorod.ru|taksisvo.ru|city2city.ru|catalogtaxi.ru|takse.ru;;;
kemerovo-beryozovskiy;old;31;;DIRECT;H_DIRECT_TEST;Директ тест;DIRECT_TEST;0;9;0;catalogtaksi.ru|taxi555.ru|1taxopark.ru|rustransfer.org|www.taxi2000.ru|taxi.drive-luxe.ru|www.mezhgorod.taxi|obltaxi.ru|berezovski2.taximaxim.ru|rutaxist.ru;Кемерово;Берёзовский;55800
tyumen-moskva;old;31;8;DIRECT;H_DIRECT_TEST;Директ тест;DIRECT_TEST;1;24;0;cvo-taxi.ru|msk.taxi|ugtravel.ru|ugtaxi.ru|wing-taxi.ru|www.avito.ru|1taxopark.ru|city2city.ru|taksi-gorod.ru|www.mezhgorod.taxi|taksisvo.ru|www.taxi2000.ru|taxi555.ru|taxivezde.ru|vse-taxi.com|www.taxi-love.ru|taxi-cosmos.ru|mezhgorod-rf.ru|catalogtaksi.ru|radartaxi.ru|obltaxi.ru|deshevotaxi.ru|mejgorodtaxi.ru|taxi-nomera.ru|transferug.ru|mezhgorod-taksi.ru|poehalinataxi.online|6694036.ru|perevozka24.com|taxi-mobil.ru;Тюмень;Москва;60300
xanty-mansijsk-uraj;old;31;7;DIRECT;H_DIRECT_TEST;Директ тест;DIRECT_TEST;1;16;0;tk999.ru|catalogtaksi.ru|taxi.drive-luxe.ru|1taxopark.ru|takse.ru|taxi555.ru|city2city.ru|yandex.ru|rustransfer.org|www.taxi2000.ru|taxi-russia.su|deshevotaxi.ru|taxivezde.ru|vk.com|obltaxi.ru|www.taxi-love.ru|mejgorodtaxi.ru|t.me|www.avito.ru|ru-travel.org|perevozka24.com|mezhgorod-taksi.ru|uray.taximaxim.ru|www.rome2rio.com|ab-taxi.ru|xn----7sbb6afgkgd4bce0b1f.xn--80akxkdedu.xn--p1acf|empireuray.orgs.biz|taxi-khanty-mansiysk-khanty-mansi-autonomous-okrug-ru.taxigator.ru|uslugi.yandex.ru|xn----8sbnojigiuni.xn--p1ai;Ханты-Мансийск;Урай;12900
orenburg-naberezhnye-chelny;old;31;9;DIRECT;H_DIRECT_TEST;Директ тест;DIRECT_TEST;2;21;0;www.avito.ru|taxivezde.ru|taxi.drive-luxe.ru|taksi-gorod.ru|vk.com|rustransfer.org|1taxopark.ru|www.taxi2000.ru|city2city.ru|taxi555.ru|takse.ru|taksisvo.ru|www.mezhgorod.taxi|taxi-russia.su|taxi-cosmos.ru|www.taxi-love.ru|mezhgorod-rf.ru|taxi56largus.orgs.biz|deshevotaxi.ru|mejgorodtaxi.ru|sky-transfer.ru|taxikama.tb.ru|vse-taxi.com|obltaxi.ru|taxi-nomer.ru|www.blablacar.ru|catalogtaksi.ru|orenburg.gde.ru|taximejgorod.ru|www.rome2rio.com;Оренбург;Набережные Челны;16600
velikiy-novgorod-valday;old;31;5;SEO;F_AUTOPILOT;SEO автопилот;SEO_AUTOPILOT;1;21;0;catalogtaksi.ru|vk.com|taxi555.ru|taxivezde.ru|city2city.ru|deshevotaxi.ru|1taxopark.ru|taxi.drive-luxe.ru|www.mezhgorod.taxi|rustransfer.org|sky-transfer.ru|ru-travel.org|korona-taksi.ru|obltaxi.ru|www.taxi-love.ru|taxi-veliky-novgorod-novgorod-oblast-ru.taxigator.ru|www.avito.ru|transfergid.ru|taxi-mezhgorod24.ru|takse.ru|vtstaxi.ru|taxitaksi.ru|mezhgorod-taksi.ru|www.taxi2000.ru|xn--24-6kc6aj8ahcgi.xn--p1ai|taksisvo.ru|taxi-russia.ru|taxi-nomera.ru|taxomarket.ru|www.rome2rio.com;Великий Новгород;Валдай;5000
tula-suvorov;old;31;;SEO;F_AUTOPILOT;SEO автопилот;SEO_AUTOPILOT;1;22;0;catalogtaksi.ru|kubtaxi.ru|taxi555.ru|taxi-ug.ru|tratatur.ru|www.taxi2000.ru|1taxopark.ru|xn----7sbyhcmnbsdikx.xn--p1ai|obltaxi.ru|rustransfer.org|taksisvo.ru|www.mezhgorod.taxi|taxivezde.ru|www.taxi-love.ru|transfer71.ru|taxi-russia.su|deshevotaxi.ru|taksi-services.ru|mejgorodtaxi.ru|mobilodeon.ru|xn--80affnblthori.xn--p1ai|taxi-mezhgorod24.ru|www.rome2rio.com|taksi-gorod.ru|mezhgorod-taksi.ru|www.taksi-moskva-tula.ru|mezhdugorodnee-taksi.ru|www.avito.ru|taxinomerok.ru|takse.ru;Тула;Суворов;3000
stavropol-elista;old;31;17;SEO;F_AUTOPILOT;SEO автопилот;SEO_AUTOPILOT;1;24;0;perfect-taxi.ru|stavropol.taxi24h.ru|tratatur.ru|kubtaxi.ru|stavropol.taksi24.taxi|1taxopark.ru|stavropol.taxi-krim.com|taxi-ug.ru|taxi555.ru|stavropol.sevastopol24.taxi|rustransfer.org|stavropol.aeroport-simferopol.taxi|www.intui.travel|transferug.ru|www.taxi-love.ru|taxi.drive-luxe.ru|city2city.ru|taxi-cosmos.ru|jupiter-tmc.ru|catalogtaksi.ru|ugtaxi.ru|sochi.taxi|taksi-gorod.ru|taxi533.ru|mezhgorod-rf.ru|taxivezde.ru|taxi-russia.su|stavropol.simferopol-aeroport.taxi|mejgorod-taxi.ru|deshevotaxi.ru;Ставрополь;Элиста;8000
olekminsk-jakutsk;old;31;3;DIRECT;H_DIRECT_TEST;Директ тест;DIRECT_TEST;2;14;0;vk.com|t.me|city2city.ru|deshevotaxi.ru|yandex.ru|takse.ru|catalogtaksi.ru|uslugi.yandex.ru|youla.ru|mezhgorod-taksi.ru|2gis.ru|www.rome2rio.com|taxi-olekma.orgs.biz|taxi-nomera.ru|spravkataxi.ru|yakutsk.doski.ru|taxigoroda.ru|taksi-gorod.ru|m.avito.ru|car4you.su|taxi-po-telefonu.ru|abino.ru|perevozka24.com|taxigator.ru|doska.ykt.ru|rutaxist.ru|olekminsk.gde.ru|ainaermolaeva92.wixsite.com|azbukataxi.ru|catalogtaxi.ru;Олекминск;Якутск;28800
novosibirsk-kolpashevo;old;31;13;DIRECT;H_DIRECT_TEST;Директ тест;DIRECT_TEST;0;19;0;sky-transfer.ru|starcars54.ru|uslugi.yandex.ru|taxi555.ru|takse.ru|yandex.ru|taxi-russia.su|abv-auto.com|willway.ru|vk.com|rustransfer.org|taxi.drive-luxe.ru|city2city.ru|1taxopark.ru|www.taxi2000.ru|taxivezde.ru|www.taxi-rokada.ru|taksi-gorod.ru|www.taxi-love.ru|mejgorodtaxi.ru|viptaxinsk.ru|vse-taxi.com|alfa-taxi154.ru|obltaxi.ru|catalogtaksi.ru|deshevotaxi.ru|mezhgorod-taksi.ru|www.rome2rio.com|taxi-iz-tolmachevo.ru|xn--90absbknhbvge.xn--80akxkdedu.xn--p1acf;Новосибирск;Колпашево;15000
astraxan-stavropol;old;31;;DIRECT;H_DIRECT_TEST;Директ тест;DIRECT_TEST;0;8;0;astrahan.taxi24h.ru|ugtaxi.ru|kubtaxi.ru|tratatur.ru|astrahan.taksi24.taxi|sochi.taxi|1taxopark.ru|astrahan.taxi-krim.com|taxi555.ru|taxi533.ru;Астрахань;Ставрополь;17400
svo-taxi-donetsk-gorlovka;old;31;;SEO;F_AUTOPILOT;SEO автопилот;SEO_AUTOPILOT;1;16;0;taxi977.ru|yandex.ru|www.avito.ru|taxi666.ru|dnr.taxi|uslugi.yandex.ru|faeton24.ru|deshevotaxi.ru|t.me|umnyestroiteli.ru|perevozka24.com|taxi-ignat.ru|taxigoroda.ru|2gis.ru|arteltaxi.ru|vk.com|taxi505.ru|www.donetsk.kp.ru|www.rustore.ru|avto-kruiz.com|taxidnr.su|taxiprivat.ru|taxitranzit.ru|taxineo.ru|apps.apple.com|donetsk.taxi24h.ru|xn----7sbbljqn6bpgb.xn--p1ai|taxidonetsk.ru|taxi-atlas.com|doneck-news.com;Донецк;Горловка;3200
moskva-syktyvkar;old;31;8;DIRECT;H_DIRECT_TEST;Директ тест;DIRECT_TEST;1;21;0;ugtaxi.ru|sky-transfer.ru|www.avito.ru|taksi777.ru|taxi555.ru|cabway.ru|6694036.ru|city2city.ru|www.taxi2000.ru|ab-taxi.ru|1taxopark.ru|wing-taxi.ru|unit-transfer.ru|taxivezde.ru|www.taxi-love.ru|www.mezhgorod.taxi|mejgorod-taxi.ru|vse-taxi.com|moskva.taxideshevo.com|deshevotaxi.ru|obltaxi.ru|mezhgorod-rf.ru|mezhgorod-taksi.ru|mezhdugorodnee-taxi24.ru|mejgorodtaxi.ru|mb-taxi.ru|taksi-services.ru|xn--80akxkdedu.xn--p1acf|bibi-bot.ru|mobilodeon.ru;Москва;Сыктывкар;40200
ivanovo-nizhnij-novgorod;old;31;;SEO;F_AUTOPILOT;SEO автопилот;SEO_AUTOPILOT;0;9;0;xn----7sbbhbow1bfkbndml0b.xn--p1ai|taksi-gorod.ru|ivanovo.sevastopol24.taxi|taxi555.ru|taxi533.ru|ab-taxi.ru|ivanovo.taksi24.taxi|taxi.drive-luxe.ru|taksisvo.ru|rustransfer.org;Иваново;Нижний Новгород;7500
kirov-kaluga;old;31;28;DIRECT;H_DIRECT_TEST;Директ тест;DIRECT_TEST;1;21;0;deshevotaxi.ru|taxi533.ru|kirov.taxi24h.ru|kirov.taksi24.taxi|catalogtaksi.ru|taksisvo.ru|www.mezhgorod.taxi|taxivezde.ru|www.taxi-love.ru|1taxopark.ru|kirov.yalta-24.taxi|rustransfer.org|obltaxi.ru|vk.com|taxi-cosmos.ru|kirov.taxi-krim.com|www.rome2rio.com|taxi-mini.ru|taxomarket.ru|vse-taxi.com|taksi-go.ru|perevozka24.com|kirov.simferopol-aeroport.taxi|www.avito.ru|kirov.aeroport-simferopol.taxi|mejgorodtaxi.ru|xn--80aaahzdndlon5ak.xn--p1ai|city2city.ru|yandex.ru|mobilodeon.ru;Киров;Калуга;35000
moskva-tyumen;old;31;;DIRECT;H_DIRECT_TEST;Директ тест;DIRECT_TEST;1;25;0;cvo-taxi.ru|msk.taxi|taxi555.ru|oldtaxi.ru|ugtaxi.ru|taksi-gorod.ru|www.mezhgorod.taxi|www.taxi2000.ru|taxi-mobil.ru|1taxopark.ru|taxivezde.ru|radartaxi.ru|taxi-cosmos.ru|mejgorod-taxi.ru|wing-taxi.ru|www.taxi-love.ru|moskva.taxideshevo.com|vse-taxi.com|obltaxi.ru|catalogtaxi.ru|mezhgorod-rf.ru|deshevotaxi.ru|6694036.ru|mejgorodtaxi.ru|transferug.ru|ugtravel.ru|mezhdugorodnee-taksi-moskva.ru|taksicentr.ru|www.avito.ru|mezhgorod-taksi.ru;Москва;Тюмень;59800
krasnoyarsk-irkutsk;old;31;3;DIRECT;H_DIRECT_TEST;Директ тест;DIRECT_TEST;3;16;0;taksi-gorod.ru|rustransfer.org|city2city.ru|www.avito.ru|taxi533.ru|vse-taxi.com|jupiter-tmc.ru|mezhgorod-rf.ru|catalogtaksi.ru|deshevotaxi.ru|tel.yandex.by|mezhgorod-taksi.ru|krasnoyarsk.sky-transfer.ru|taksiporossii.ru|xn--24-6kchk7b2h.xn--p1ai|vk.com|taxi-nomera.ru|transfergid.ru|minibus.biletyplus.ru|www.transfer38.ru|www.ellit-avto.ru|uslugi.yandex.ru|taxi-krasnoyarsk-krasnoyarsk-krai-ru.taxigator.ru|perevozka24.com|www.intui.travel|taxi.yandex.ru|taxiomega.ru|www.blablacar.ru|www.yell.ru|2gis.ru;Красноярск;Иркутск;31800
saratov-kazan;old;31;24;DIRECT;H_DIRECT_TEST;Директ тест;DIRECT_TEST;1;27;0;saratov.sky-transfer.ru|taksi-gorod.ru|www.avito.ru|transfer-kazan.ru|saratov.sevastopol24.taxi|saratov.taxi24h.ru|1taxopark.ru|ab-taxi.ru|taxi555.ru|taxi533.ru|ug.taxi|taxi24online.ru|www.mezhgorod.taxi|taksisvo.ru|ugtaxi.ru|taxi.drive-luxe.ru|taxi-russia.su|taxi-cosmos.ru|www.taxi-love.ru|catalogtaksi.ru|mejgorod-taxi.ru|rustransfer.org|taxivezde.ru|city2city.ru|saratov.taxi-krim.com|catalogtaxi.ru|taxi-lider64.ru|mb-taxi.ru|taxigorkovskoe.ru|obltaxi.ru;Саратов;Казань;20400
ekaterinburg-chebarkul;old;31;;SEO;F_AUTOPILOT;SEO автопилот;SEO_AUTOPILOT;0;8;0;nexttax.ru|catalogtaksi.ru|deshevotaxi.ru|taxi555.ru|taxivezde.ru|1taxopark.ru|ugtaxi.ru|www.taxi2000.ru|taxi.drive-luxe.ru|taksisvo.ru;Екатеринбург;Чебаркуль;7800
ufa-aznakaevo;old;31;5;SEO;F_AUTOPILOT;SEO автопилот;SEO_AUTOPILOT;1;20;0;vk.com|taxi.drive-luxe.ru|mejgorodtaxi.ru|taxi555.ru|city2city.ru|rustransfer.org|www.rome2rio.com|toptaxi.org|taxi-mini.ru|1taxopark.ru|www.intui.travel|xn----7sbp3acjidhfbkt.su|jupiter-tmc.ru|taxiufaaznakaevo.turbo.site|taxi24online.ru|catalogtaksi.ru|minivan-go.ru|takse.ru|taksi-gorod.ru|taksisvo.ru|www.taxi2000.ru|taxivezde.ru|www.taxi-love.ru|obltaxi.ru|taxiufa.ru|www.taxi-rokada.ru|deshevotaxi.ru|taxi-nomera.ru|club24330262.orgs.biz|www.transfer02.ru;Уфа;Азнакаево;7400
omsk-kalachinsk;old;31;7;SEO;F_AUTOPILOT;SEO автопилот;SEO_AUTOPILOT;2;17;0;sky-transfer.ru|1taxopark.ru|deshevotaxi.ru|drivee.com|taxi555.ru|taksi-gorod.ru|city2city.ru|ab-taxi.ru|taxi.drive-luxe.ru|obltaxi.ru|vk.com|rustransfer.org|taxivezde.ru|www.taxi2000.ru|www.taxi-rokada.ru|takse.ru|catalogtaksi.ru|www.taxi-love.ru|vse-taxi.com|taxi-omsk-omsk-oblast-ru.taxigator.ru|2gis.ru|ru-travel.org|jupiter-tmc.ru|m.avito.ru|mezhgorod-taksi.ru|www.intui.travel|taxi-nomera.ru|www.rome2rio.com|xn--j1adfn.xn--80akxkdedu.xn--p1acf|yandex.ru;Омск;Калачинск;3800
syktyvkar-moskva;old;31;2;DIRECT;H_DIRECT_TEST;Директ тест;DIRECT_TEST;1;21;0;ugtravel.com|city2city.ru|www.avito.ru|taxi555.ru|taksi-gorod.ru|taxivezde.ru|1taxopark.ru|wing-taxi.ru|vse-taxi.com|rustransfer.org|xn----7sbyhcmnbsdikx.xn--p1ai|www.taxi-love.ru|mezhgorod-rf.ru|perevozka24.com|obltaxi.ru|catalogtaksi.ru|mezhgorod-taksi.ru|deshevotaxi.ru|jupiter-tmc.ru|mejgorodtaxi.ru|taksi777.ru|taxi-russia.ru|transferug.ru|sky-transfer.ru|taximilen.ru|6694036.ru|gostaxi.moscow|vk.com|taximezhgorod.ru|transfergid.ru;Сыктывкар;Москва;40400
moskva-tarusa;new;30;;NONE;Z_LOW_PRIORITY;Низкий приоритет (новые);LOW_PRIORITY;11;15;0;xn----7sbyhcmnbsdikx.xn--p1ai|taxi-mobil.ru|www.taxi2000.ru|kiwitaxi.ru|wing-taxi.ru|taxivezde.ru|www.taxi-rokada.ru|taxi555.ru|taksi-gorod.ru|www.mezhgorod.taxi;;;
sankt-peterburg-belyj;new;30;3;SEO;F_AUTOPILOT;SEO автопилот;SEO_AUTOPILOT_NEW;8;13;2;yandex.ru|ugtaxi.ru|city2city.ru|vk.com|www.fontanka.ru|www.avito.ru|jupiter-tmc.ru|taxieconom.ru|taxi.yandex.ru|www.dp.ru;;;
sankt-peterburg-lodejnoe-pole;new;30;13;NONE;Z_LOW_PRIORITY;Низкий приоритет (новые);LOW_PRIORITY;16;11;0;taxideshevo.com|taxitoday.ru|taxi555.ru|www.mezhgorod.taxi|www.taxi2000.ru|unit-transfer.ru|1taxopark.ru|rustransfer.org|lyubimiigorod.ru|www.taxi-love.ru;;;
barnaul-kamen-na-obi;new;30;;NONE;Z_LOW_PRIORITY;Низкий приоритет (новые);LOW_PRIORITY;21;3;2;catalogtaksi.ru|royalcars54.ru|willway.ru|taksi-gorod.ru|taxi555.ru|aa-go.ru|rustransfer.org|taxivezde.ru|takse.ru|1taxopark.ru;;;
bryansk-orlov;new;30;;NONE;Z_LOW_PRIORITY;Низкий приоритет (новые);LOW_PRIORITY;16;13;2;bryansk.taxi24h.ru|taksisvo.ru|deshevotaxi.ru|taksi-gorod.ru|mejgorodtaxi.ru|kubtaxi.ru|bryansk.taksi24.taxi|taxi-russia.su|yandex.ru|catalogtaksi.ru;;;
rostov-belgorod;new;30;;NONE;Z_LOW_PRIORITY;Низкий приоритет (новые);LOW_PRIORITY;9;19;0;tratatur.ru|kubtaxi.ru|taxi-ug.ru|ugtaxi.ru|rostov.taxi24h.ru|ab-taxi.ru|taksi-gorod.ru|taxi533.ru|rostov.taksi24.taxi|msk.taxi;;;
kazan-czentralnyj;new;30;8;SEO;F_AUTOPILOT;SEO автопилот;SEO_AUTOPILOT_NEW;12;11;5;taxi.yandex.ru|vezet.ru|2gis.ru|yandex.ru|kazan1.taximaxim.ru|ugtaxi.ru|m.avito.ru|city2city.ru|taxi-kazan.com|zoon.ru;;;
kazan-yuzhnyj;new;30;;NONE;Z_LOW_PRIORITY;Низкий приоритет (новые);LOW_PRIORITY;17;10;3;ugtaxi.ru|kiwitaxi.ru|taksi-gorod.ru|catalogtaksi.ru|rustransfer.org|deshevotaxi.ru|taxi.yandex.ru|kazan1.taximaxim.ru|vezet.ru|yandex.ru;;;
kaluga-kozelsk;old;30;7;SEO;F_AUTOPILOT;SEO автопилот;SEO_AUTOPILOT;0;7;0;taxi555.ru|kubtaxi.ru|taxi-ug.ru|catalogtaksi.ru|deshevotaxi.ru|1taxopark.ru|city2city.ru|taksi-gorod.ru|www.taxi2000.ru|tratatur.ru;Калуга;Козельск;3200
voronezh-pavlovsk;old;30;;SEO;F_AUTOPILOT;SEO автопилот;SEO_AUTOPILOT;2;20;0;kubtaxi.ru|tratatur.ru|www.avito.ru|1taxopark.ru|taxi555.ru|taksisvo.ru|www.rome2rio.com|www.taxi2000.ru|taxi-ug.ru|catalogtaksi.ru|xn----7sbyhcmnbsdikx.xn--p1ai|deshevotaxi.ru|taxi.drive-luxe.ru|taxicamry.ru|mezhgorod-rf.ru|taxi-russia.su|yandex.ru|mb-taxi.ru|obltaxi.ru|uslugi.yandex.ru|vk.com|www.taxi-love.ru|www.intui.travel|taksi-services.ru|mejgorodtaxi.ru|mezhgorod-taksi.ru|vrn-taxi.ru|transfer36.ru|mezhdugorodnee-taxi24.ru|perevozka24.com;Воронеж;Павловск;5000
samara-neftegorsk;old;30;;SEO;F_AUTOPILOT;SEO автопилот;SEO_AUTOPILOT;2;17;0;xn----7sbabxukdmwuiegm.xn--p1ai|catalogtaksi.ru|taxi24online.ru|taxi555.ru|1taxopark.ru|www.taxi2000.ru|unit-transfer.ru|taxi.drive-luxe.ru|taksisvo.ru|taxi-cosmos.ru|kiwitaxi.ru|perevozchik163.ru|deshevotaxi.ru|vk.com|taxivezde.ru|www.taxi-rokada.ru|mejgorodtaxi.ru|xn----7sbp3acjidhfbkt.su|takse.ru|taxi-samara.su|dzen.ru|www.taxi-love.ru|www.intui.travel|uslugi.yandex.ru|xn----7sbaab2cnl1bgij.xn--p1ai|samara-taxi-region.ru|taxomarket.ru|www.rome2rio.com|samara-airport.com|mezhgorod-taksi.ru;Самара;Нефтегорск;3000
kostroma-buj;old;30;10;SEO;F_AUTOPILOT;SEO автопилот;SEO_AUTOPILOT;0;21;0;deshevotaxi.ru|taxi555.ru|catalogtaksi.ru|taksisvo.ru|www.taxi2000.ru|1taxopark.ru|ab-taxi.ru|takse.ru|taxi.drive-luxe.ru|city2city.ru|jupiter-tmc.ru|taxivezde.ru|obltaxi.ru|rustransfer.org|www.taxi-love.ru|mejgorodtaxi.ru|mezhgorod-taksi.ru|taxi-kostroma-kostroma-oblast-ru.taxigator.ru|taksi-services.ru|mobilodeon.ru|buy.taximaxim.ru|y-taxi.ru|www.taxi-rokada.ru|vk.com|perevozka24.com|mezhdugorodnee-taksi.ru|www.rome2rio.com|transfer44.ru|ru-travel.org|xn--80affnblthori.xn--p1ai;Кострома;Буй;3800
bryansk-kursk;old;30;;SEO;F_AUTOPILOT;SEO автопилот;SEO_AUTOPILOT;0;8;0;bryansk.taxi24h.ru|kubtaxi.ru|sochi.taxi|tratatur.ru|taksi-gorod.ru|taxi-ug.ru|bryansk.sevastopol24.taxi|taxi533.ru|taxi.drive-luxe.ru|1taxopark.ru;Брянск;Курск;8500
krasnodar-groznyj;old;30;16;DIRECT;H_DIRECT_TEST;Директ тест;DIRECT_TEST;1;25;0;tratatur.ru|www.avito.ru|taxi-ug.ru|kubtaxi.ru|taksi-gorod.ru|krasnodar.taksi24.taxi|taxi533.ru|krasnodar.taxi24h.ru|geltaxi.ru|ugtaxi.ru|ug.taxi|vezet-go.ru|msk.taxi|krasnodar.simferopol-aeroport.taxi|krasnodar.taxi-krim.com|city2city.ru|taxi-kuban.ru|krasnodar.aeroport-simferopol.taxi|rustransfer.org|taxi.transferplustravel.com|taxi-cosmos.ru|transferug.ru|vse-taxi.com|catalogtaxi.ru|mezhgorod-rf.ru|mejgorod-taxi.ru|transfere.ru|taxiaero-simferopol.ru|transfer-tur.ru|deshevotaxi.ru;Краснодар;Грозный;20800
krasnodar-maxachkala;old;30;;DIRECT;H_DIRECT_TEST;Директ тест;DIRECT_TEST;1;25;0;www.avito.ru|kubtaxi.ru|taxi-ug.ru|tratatur.ru|krasnodar.taxi24h.ru|krasnodar.taksi24.taxi|krasnodar.sevastopol24.taxi|taxi533.ru|taksi-gorod.ru|ugtaxi.ru|rustransfer.org|krasnodar.taxi-krim.com|krasnodar.aeroport-simferopol.taxi|msk.taxi|geltaxi.ru|taxi-kuban.ru|taxi-cosmos.ru|mezhgorod-rf.ru|taxi.transferplustravel.com|mejgorod-taxi.ru|krasnodar.simferopol-aeroport.taxi|catalogtaksi.ru|vse-taxi.com|deshevotaxi.ru|transferug.ru|taxiaero-simferopol.ru|minivan-go.ru|radartaxi.ru|jupiter-tmc.ru|mejgorodtaxi.ru;Краснодар;Махачкала;26000
belgorod-samara;old;30;;DIRECT;H_DIRECT_TEST;Директ тест;DIRECT_TEST;0;9;0;belgorod.taxi24h.ru|tratatur.ru|kubtaxi.ru|taksi-gorod.ru|www.taxi2000.ru|belgorod.taksi24.taxi|taxi555.ru|belgorod.sevastopol24.taxi|rustransfer.org|taxi533.ru;Белгород;Самара;35500
saransk-moskva;old;30;9;DIRECT;H_DIRECT_TEST;Директ тест;DIRECT_TEST;1;24;0;www.avito.ru|taxi-mobil.ru|taxi555.ru|www.taxi2000.ru|ugtravel.com|taxi-russia.su|www.taxi-rokada.ru|taxivezde.ru|city2city.ru|taksisvo.ru|wing-taxi.ru|korona-taksi.ru|obltaxi.ru|taxi-cosmos.ru|xn----7sbyhcmnbsdikx.xn--p1ai|vse-taxi.com|deshevotaxi.ru|transferug.ru|rustransfer.org|radartaxi.ru|xn----7sbyhcmghbyi1l.xn--80adxhks|taxi-nomera.ru|taximilen.ru|vk.com|taxidaleko.ru|sky-transfer.ru|www.taximasters.ru|msk.taxiarkadiya.ru|mejgorodtaxi.ru|gostaxi.moscow;Саранск;Москва;19000
ivanovo-komsomolsk;old;30;7;SEO;F_AUTOPILOT;SEO автопилот;SEO_AUTOPILOT;0;7;0;uslugi.yandex.ru|catalogtaksi.ru|taxi555.ru|www.taxi2000.ru|taxivezde.ru|deshevotaxi.ru|city2city.ru|taxi.drive-luxe.ru|www.mezhgorod.taxi|1taxopark.ru;Иваново;Комсомольск;3000
bryansk-lyudinovo;old;30;1;SEO;F_AUTOPILOT;SEO автопилот;SEO_AUTOPILOT;0;8;0;city2city.ru|taxi.drive-luxe.ru|taksisvo.ru|taxi555.ru|taksi-gorod.ru|www.mezhgorod.taxi|taxivezde.ru|taxi-bryansk-bryansk-oblast-ru.taxigator.ru|www.taxi-rokada.ru|1taxopark.ru;Брянск;Людиново;3600
tver-lixoslavl;old;30;;SEO;F_AUTOPILOT;SEO автопилот;SEO_AUTOPILOT;0;22;0;deshevotaxi.ru|sky-transfer.ru|taxi555.ru|catalogtaksi.ru|taxi.drive-luxe.ru|taxi-tver.com|taxivezde.ru|www.taxi2000.ru|1taxopark.ru|rustransfer.org|taksisvo.ru|www.taxi-rokada.ru|www.taxi-love.ru|taksi-services.ru|mejgorodtaxi.ru|mezhgorod-taksi.ru|takse.ru|vk.com|ru-travel.org|taxi-nomera.ru|taxi-tver-tver-oblast-ru.taxigator.ru|oblastnoe-taxi.ru|taxi-mezhgorod24.ru|www.rome2rio.com|jupiter-tmc.ru|xn--80affnblthori.xn--p1ai|mezhdugorodnee-taksi.ru|xn--24-6kc6aj8ahcgi.xn--p1ai|transfergid.ru|tver.taximaxim.ru;Тверь;Лихославль;2000
belgorod-novyj_oskol;old;30;;SEO;F_AUTOPILOT;SEO автопилот;SEO_AUTOPILOT;0;10;0;taxi555.ru|www.mezhgorod.taxi|levtransfer.ru|www.taxi2000.ru|taxi.drive-luxe.ru|taksi-gorod.ru|rustransfer.org|catalogtaksi.ru|www.taxi-love.ru|taksisvo.ru;Белгород;Новый Оскол;3500
ulyanovsk-penza;old;30;;SEO;F_AUTOPILOT;SEO автопилот;SEO_AUTOPILOT;1;26;0;www.avito.ru|taxi-russia.su|www.taxi2000.ru|ulyanovsk.taxi24h.ru|taxi533.ru|taxi555.ru|1taxopark.ru|ulyanovsk.taksi24.taxi|taksi-gorod.ru|www.mezhgorod.taxi|taksisvo.ru|rustransfer.org|taxivezde.ru|ulyanovsk.sevastopol24.taxi|taxi.drive-luxe.ru|taxi24online.ru|obltaxi.ru|taxi-cosmos.ru|vse-taxi.com|mejgorod-taxi.ru|ulyanovsk.aeroport-simferopol.taxi|www.taxi-love.ru|catalogtaksi.ru|deshevotaxi.ru|ulyanovsk.taxi-krim.com|jupiter-tmc.ru|taxigorkovskoe.ru|mejgorodtaxi.ru|1tmehgorod.ru|mezhgorod-taksi.ru;Ульяновск;Пенза;9500
chelyabinsk-kusa;old;30;;SEO;F_AUTOPILOT;SEO автопилот;SEO_AUTOPILOT;0;7;0;taxidesyatka.ru|intercity74.ru|driver174.ru|taxi555.ru|deshevotaxi.ru|taksisvo.ru|1taxopark.ru|taxi.drive-luxe.ru|taxivezde.ru|www.taxi2000.ru;Челябинск;Куса;5500
irkutsk-chita;old;30;2;DIRECT;H_DIRECT_TEST;Директ тест;DIRECT_TEST;1;6;0;taksi-gorod.ru|city2city.ru|www.avito.ru|rustransfer.org|taxi533.ru|catalogtaksi.ru|mezhgorod-rf.ru|vse-taxi.com|onlinetaxi.su|minibus.biletyplus.ru;Иркутск;Чита;32800
penza-ulyanovsk;old;30;6;SEO;F_AUTOPILOT;SEO автопилот;SEO_AUTOPILOT;1;23;0;penza.taksi24.taxi|penza.taxi24h.ru|taxi-russia.su|www.avito.ru|www.taxi2000.ru|city2city.ru|taxi533.ru|taksi-gorod.ru|taxi555.ru|vse-taxi.com|taksisvo.ru|taxi.drive-luxe.ru|rustransfer.org|penza.yalta-24.taxi|1taxopark.ru|www.mezhgorod.taxi|taxivezde.ru|taxi-cosmos.ru|jupiter-tmc.ru|penza.taxi-krim.com|mezhgorod-rf.ru|obltaxi.ru|penza.simferopol-aeroport.taxi|penza.aeroport-simferopol.taxi|catalogtaksi.ru|deshevotaxi.ru|www.taxi-love.ru|mobilodeon.ru|mejgorodtaxi.ru|xn--80aaahzdndlon5ak.xn--p1ai;Пенза;Ульяновск;9600
ufa-novotroiczk;old;30;3;DIRECT;H_DIRECT_TEST;Директ тест;DIRECT_TEST;0;20;0;vk.com|taxi555.ru|city2city.ru|1taxopark.ru|rustransfer.org|jupiter-tmc.ru|korona-taksi.ru|catalogtaxi.ru|yandex.ru|orsk.gde.ru|orskufa.ru|xn----7sb5apkgji.xn--p1ai|taxi-orsk-ufa-orsk.clients.site|www.transfer02.ru|deshevotaxi.ru|taxi-mini.ru|taxi533.ru|taximini-ufa.ru|takse.ru|orskufa.com|taxi-cosmos.ru|taxiufanovotroick.turbo.site|taksisvo.ru|www.mezhgorod.taxi|taksi-gorod.ru|www.taxi-love.ru|www.taxi2000.ru|taxivezde.ru|obltaxi.ru|onlinetaxi.su;Уфа;Новотроицк;18000
moskva-saransk;old;30;20;DIRECT;H_DIRECT_TEST;Директ тест;DIRECT_TEST;1;26;0;taxi-mobil.ru|msk.taxiarkadiya.ru|www.avito.ru|sky-transfer.ru|www.taximasters.ru|www.taxi2000.ru|ugtaxi.ru|taxi555.ru|taxi-russia.ru|1taxopark.ru|taxidaleko.ru|minivans.taxi|www.taxi-love.ru|zakaz.mezhgorod.taxi|levtransfer.ru|wing-taxi.ru|www.taxi-rokada.ru|taxi.drive-luxe.ru|taxivezde.ru|city2city.ru|mejgorod-taxi.ru|logitaxi.ru|rustransfer.org|www.100mtaxi.ru|taxi-cosmos.ru|mezhdugorodnee-taksi-moskva.ru|taxispeed.ru|mos.taxitoday.ru|izvozchik.su|taksi777.ru;Москва;Саранск;18900
oryol-bryansk;old;30;;SEO;F_AUTOPILOT;SEO автопилот;SEO_AUTOPILOT;2;24;0;orel.taxi24h.ru|kubtaxi.ru|taxi-russia.su|taxi-ug.ru|ug.taxi|orel.taksi24.taxi|tratatur.ru|www.taxi2000.ru|kiwitaxi.ru|sochi.taxi|taxivezde.ru|obltaxi.ru|taxi555.ru|taksi-gorod.ru|catalogtaksi.ru|1taxopark.ru|taksisvo.ru|orel.taxi-krim.com|mejgorod-taxi.ru|rustransfer.org|taxi533.ru|www.mezhgorod.taxi|jupiter-tmc.ru|www.taxi-love.ru|orel.simferopol-aeroport.taxi|vse-taxi.com|transfers.unitaxi.ru|taksi-services.ru|www.avito.ru|ru-travel.org;Орёл;Брянск;4900
sankt-peterburg-kamenka;new;29;;NONE;Z_LOW_PRIORITY;Низкий приоритет (новые);LOW_PRIORITY;17;11;1;taxideshevo.com|www.mezhgorod.taxi|taxi555.ru|www.taxi2000.ru|mezhgorod-rf.ru|taxitoday.ru|taxi.drive-luxe.ru|ugtaxi.ru|1taxopark.ru|prtaxi.ru;;;
sankt-peterburg-ostrov;new;29;;NONE;Z_LOW_PRIORITY;Низкий приоритет (новые);LOW_PRIORITY;14;13;1;taxideshevo.com|ugtaxi.ru|taxitoday.ru|taxi555.ru|taxi.drive-luxe.ru|www.mezhgorod.taxi|taxivezde.ru|1taxopark.ru|taksi-gorod.ru|rustransfer.org;;;
voronezh-czentralnyj;new;29;;NONE;Z_LOW_PRIORITY;Низкий приоритет (новые);LOW_PRIORITY;17;8;3;yandex.ru|www.yell.ru|taxi.yandex.ru|2gis.ru|kiwitaxi.ru|voronezh1.taximaxim.ru|m.avito.ru|vezet.ru|uslugi.yandex.ru|zoon.ru;;;
kursk-orlov;new;29;9;NONE;Z_LOW_PRIORITY;Низкий приоритет (новые);LOW_PRIORITY;15;10;2;deshevotaxi.ru|taksisvo.ru|mejgorodtaxi.ru|kubtaxi.ru|kursk.taxi24h.ru|mezhgorod-taksi.ru|catalogtaksi.ru|taksi-gorod.ru|city2city.ru|taxi-nomer.ru;;;
oryol-kursk;new;29;;NONE;Z_LOW_PRIORITY;Низкий приоритет (новые);LOW_PRIORITY;15;15;0;orel.taxi24h.ru|kubtaxi.ru|orel.taksi24.taxi|tratatur.ru|taxi555.ru|1taxopark.ru|orel.taxi-krim.com|mejgorod-taxi.ru|taksisvo.ru|taksi-gorod.ru;;;
rostov-kamensk-shaxtinskij;new;29;27;NONE;Z_LOW_PRIORITY;Низкий приоритет (новые);LOW_PRIORITY;15;12;0;kubtaxi.ru|tratatur.ru|taxi-ug.ru|ugtaxi.ru|rostov-na-donu.sky-transfer.ru|www.avito.ru|perfect-taxi.ru|1taxopark.ru|www.mezhgorod.taxi|rustransfer.org;;;
perm-samara;new;29;;NONE;Z_LOW_PRIORITY;Низкий приоритет (новые);LOW_PRIORITY;15;13;1;uralavtotaxi.ru|taxi24online.ru|taksi-gorod.ru|perm.taxi24h.ru|perm.sevastopol24.taxi|taxi-perm.su|perm.yalta-24.taxi|taksisvo.ru|taxi533.ru|taxi-cosmos.ru;;;
tver-vyshnij-volochyok;new;29;;NONE;Z_LOW_PRIORITY;Низкий приоритет (новые);LOW_PRIORITY;17;10;2;taxi555.ru|catalogtaksi.ru|deshevotaxi.ru|taksisvo.ru|xn----7sbyhcmnbsdikx.xn--p1ai|www.mezhgorod.taxi|taxi.drive-luxe.ru|takse.ru|vse-taxi.com|rustransfer.org;;;
belgorod-lipeck;old;29;;DIRECT;H_DIRECT_TEST;Директ тест;DIRECT_TEST;0;9;0;belgorod.taxi24h.ru|vse-taxi.com|taksi-gorod.ru|tratatur.ru|belgorod.sevastopol24.taxi|kubtaxi.ru|taxi555.ru|taxi533.ru|rustransfer.org|taxi-ug.ru;Белгород;Липецк;11500
svo-taxi-saratov-donetsk;old;29;;DIRECT;H_DIRECT_TEST;Директ тест;DIRECT_TEST;1;25;0;sky-transfer.ru|ug.taxi|saratov.taxi24h.ru|taksisvo.ru|www.avito.ru|taxi.drive-luxe.ru|taxi533.ru|msk.taxi|1taxopark.ru|taxi555.ru|saratov.taksi24.taxi|sochi.taxi|www.mezhgorod.taxi|taksi-gorod.ru|saratov.taxi-krim.com|taxi-cosmos.ru|www.taxi-love.ru|mejgorod-taxi.ru|korona-taksi.ru|mezhgorod-rf.ru|1tmehgorod.ru|taxiaero-simferopol.ru|saratov.simferopol-aeroport.taxi|mb-taxi.ru|taxi-lider64.ru|taxivezde.ru|obltaxi.ru|catalogtaksi.ru|regionaltaxi.ru|jupiter-tmc.ru;Саратов;Донецк;23000
lipeczk-dankov;old;29;;SEO;F_AUTOPILOT;SEO автопилот;SEO_AUTOPILOT;1;22;0;taxi-ug.ru|kubtaxi.ru|catalogtaksi.ru|taxi555.ru|tratatur.ru|taxivezde.ru|xn----7sbyhcmnbsdikx.xn--p1ai|www.mezhgorod.taxi|1taxopark.ru|taksi-gorod.ru|deshevotaxi.ru|taksisvo.ru|www.taxi2000.ru|www.taxi-rokada.ru|taxi-russia.su|takse.ru|rustransfer.org|jupiter-tmc.ru|www.taxi-love.ru|mb-taxi.ru|mezhgorod-taksi.ru|taksi-services.ru|mejgorodtaxi.ru|mobilodeon.ru|xn--e1afhbv7b.xn--80akxkdedu.xn--p1acf|taxi.drive-luxe.ru|mezhdugorodnee-taksi.ru|transfer48.ru|www.avito.ru|transfergid.ru;Липецк;Данков;2500
samara-mirnyj;old;29;;DIRECT;H_DIRECT_TEST;Директ тест;DIRECT_TEST;0;20;0;vk.com|taxi555.ru|samara.taksi24.taxi|1taxopark.ru|ug.taxi|taxi.drive-luxe.ru|samara.taxi24h.ru|deshevotaxi.ru|obltaxi.ru|samara.taxi-krim.com|catalogtaksi.ru|mejgorodtaxi.ru|taxi-samara-samara-oblast-ru.taxigator.ru|uslugi.yandex.ru|dzen.ru|taxi-nomera.ru|taxi-nomer.ru|2gis.ru|samara.simferopol-aeroport.taxi|xn----7sbaab2cnl1bgij.xn--p1ai|www.xn-----7kcbaaphbhdai9a3awnjra5bnrctq.xn--p1ai|mezhgorod-taksi.ru|xn----7sbyhcmnbsdikx.xn--p1ai|taksisvo.ru|www.taxi2000.ru|taxivezde.ru|samara.aeroport-simferopol.taxi|yandex.ru|xn--80aaa0cvac.xn--80akxkdedu.xn--p1acf|perevozka24.com;Самара;Мирный;168000
voronezh-novovoronezh;old;29;;SEO;F_AUTOPILOT;SEO автопилот;SEO_AUTOPILOT;2;19;0;go.yandex|kubtaxi.ru|tratatur.ru|kiwitaxi.ru|taksi-gorod.ru|taksisvo.ru|taxi555.ru|1taxopark.ru|www.taxi2000.ru|uslugi.yandex.ru|xn----7sbyhcmnbsdikx.xn--p1ai|catalogtaksi.ru|takse.ru|taxi.drive-luxe.ru|transfers.unitaxi.ru|taxi-ug.ru|taxicamry.ru|rustransfer.org|taxivezde.ru|mezhgorod-rf.ru|deshevotaxi.ru|taxi.yandex.ru|www.taxi-love.ru|mezhgorod-taksi.ru|mezhdugorodnee-taxi24.ru|taxi-nomera.ru|www.avito.ru|catalogtaxi.ru|vk.com|www.rome2rio.com;Воронеж;Нововоронеж;2000
kursk-oryol;old;29;8;SEO;F_AUTOPILOT;SEO автопилот;SEO_AUTOPILOT;0;25;0;kursk.taxi24h.ru|kubtaxi.ru|tratatur.ru|taksi-gorod.ru|ug.taxi|taxi-ug.ru|unit-transfer.ru|city2city.ru|1taxopark.ru|taxi533.ru|catalogtaksi.ru|taxi.drive-luxe.ru|sochi.taxi|www.mezhgorod.taxi|levtransfer.ru|rustransfer.org|taxi-russia.su|taxivezde.ru|www.taxi-love.ru|jupiter-tmc.ru|taxi-cosmos.ru|obltaxi.ru|vse-taxi.com|deshevotaxi.ru|mejgorodtaxi.ru|vrn-taxi.ru|mezhgorod-taksi.ru|vk.com|perevozka24.com|taxi555.ru;Курск;Орёл;5300
ekaterinburg-zlatoust;old;29;3;SEO;F_AUTOPILOT;SEO автопилот;SEO_AUTOPILOT;1;6;0;taxi555.ru|taksi-ekb.ru|city2city.ru|www.taxi2000.ru|taxi533.ru|www.avito.ru|ugtaxi.ru|nexttax.ru|1taxopark.ru|taksi-gorod.ru;Екатеринбург;Златоуст;8100
ufa-mezhgore;old;29;;SEO;F_AUTOPILOT;SEO автопилот;SEO_AUTOPILOT;1;23;0;vk.com|sky-transfer.ru|ok.ru|m.avito.ru|www.mezhgorod.taxi|taxi-mini.ru|rustransfer.org|toptaxi.org|yandex.ru|mejgorodtaxi.ru|catalogtaksi.ru|deshevotaxi.ru|taxiufamejgorie.turbo.site|taxi-nomera.ru|taxiufa.ru|taksi-gorod.ru|taximini-ufa.ru|taxiufa.su|takse.ru|taksisvo.ru|taxivezde.ru|taxibulgakovo.ru|www.taxi2000.ru|obltaxi.ru|taxi.yandex.ru|uslugi.yandex.ru|www.rome2rio.com|taximezhgorodufa.ru|taksi-ufa.ru|perevozka24.com;Уфа;Межгорье;7000
lipeczk-usman;old;29;;SEO;F_AUTOPILOT;SEO автопилот;SEO_AUTOPILOT;1;24;0;catalogtaksi.ru|taxi-ug.ru|1taxopark.ru|tratatur.ru|taxi555.ru|deshevotaxi.ru|kubtaxi.ru|xn----7sbyhcmnbsdikx.xn--p1ai|taksisvo.ru|taxivezde.ru|ab-taxi.ru|rustransfer.org|taxi.drive-luxe.ru|obltaxi.ru|www.taxi2000.ru|mezhgorod-taksi.ru|mejgorodtaxi.ru|www.taxi-love.ru|taxi-russia.su|taksi-services.ru|mb-taxi.ru|vse-taxi.com|transfer48.ru|mezhdugorodnee-taxi24.ru|m.avito.ru|mobilodeon.ru|mezhdugorodnee-taksi.ru|xn--e1afhbv7b.xn--80akxkdedu.xn--p1acf|transfergid.ru|perevozka24.com;Липецк;Усмань;2000
samara-perm;old;29;10;DIRECT;H_DIRECT_TEST;Директ тест;DIRECT_TEST;1;24;0;mejgorodtaxi.ru|xn----7sbabxukdmwuiegm.xn--p1ai|taksi-gorod.ru|taxi533.ru|taksisvo.ru|samara.yalta-24.taxi|samara.taksi24.taxi|samara.taxi24h.ru|unit-transfer.ru|city2city.ru|mejgorod-taxi.ru|samara.taxi-krim.com|rf-taxi.ru|dzen.ru|taxivezde.ru|samara.sevastopol24.taxi|vse-taxi.com|taxi-cosmos.ru|www.mezhgorod.taxi|samara.aeroport-simferopol.taxi|rustransfer.org|www.avito.ru|mezhgorod-rf.ru|taxi-svobodnoe.ru|www.taxi-love.ru|samara.simferopol-aeroport.taxi|transfer63.ru|jupiter-tmc.ru|deshevotaxi.ru|catalogtaksi.ru;Самара;Пермь;26100
perm-vereshhagino;old;29;;SEO;F_AUTOPILOT;SEO автопилот;SEO_AUTOPILOT;3;19;0;catalogtaksi.ru|www.taxi2000.ru|uralavtotaxi.ru|www.mezhgorod.taxi|kiwitaxi.ru|obltaxi.ru|taksisvo.ru|taxi.drive-luxe.ru|1taxopark.ru|taxi-perm.su|takse.ru|taxivezde.ru|deshevotaxi.ru|xn----7sbp3acjidhfbkt.su|rustransfer.org|www.taxi-love.ru|mejgorodtaxi.ru|mobilodeon.ru|www.perm-taxi-region.ru|www.intui.travel|mezhgorod-taksi.ru|taxi-perm-perm-krai-ru.taxigator.ru|vk.com|transfere.ru|taksi-gorod.ru|xn--159-5cd4bl3cf.xn--p1ai|taxinomerok.ru|xn----7sbyhmmrebi.xn--p1ai|www.avito.ru|2gis.ru;Пермь;Верещагино;4000
saratov-doneczk-rostovskaya-oblast;old;29;;DIRECT;H_DIRECT_TEST;Директ тест;DIRECT_TEST;1;25;0;sky-transfer.ru|ug.taxi|saratov.taxi24h.ru|taksisvo.ru|www.avito.ru|sochi.taxi|msk.taxi|taxi.drive-luxe.ru|www.mezhgorod.taxi|1taxopark.ru|taxi555.ru|saratov.taksi24.taxi|taxi533.ru|taksi-gorod.ru|taxi-cosmos.ru|saratov.taxi-krim.com|www.taxi-love.ru|mejgorod-taxi.ru|korona-taksi.ru|mezhgorod-rf.ru|taxiaero-simferopol.ru|1tmehgorod.ru|taxi-lider64.ru|saratov.simferopol-aeroport.taxi|mb-taxi.ru|taxivezde.ru|obltaxi.ru|catalogtaksi.ru|regionaltaxi.ru|jupiter-tmc.ru;Саратов;Донецк;23000
moskva-blagoveshhensk;new;28;;NONE;Z_LOW_PRIORITY;Низкий приоритет (новые);LOW_PRIORITY;17;11;1;taxi555.ru|www.taxi2000.ru|ugtaxi.ru|www.mezhgorod.taxi|1taxopark.ru|taxivezde.ru|taksi-gorod.ru|www.taxi-love.ru|taxi.drive-luxe.ru|taksisvo.ru;;;
vladimir-yurev-polskij;new;28;;NONE;Z_LOW_PRIORITY;Низкий приоритет (новые);LOW_PRIORITY;18;7;1;taxi555.ru|catalogtaksi.ru|deshevotaxi.ru|taksisvo.ru|xn--33-6kcu3bqdcefbvh.xn--p1ai|www.taxi-love.ru|taxi.drive-luxe.ru|taxivezde.ru|www.mezhgorod.taxi|www.taxi2000.ru;;;
voronezh-alekseevka;new;28;;NONE;Z_LOW_PRIORITY;Низкий приоритет (новые);LOW_PRIORITY;19;11;0;kubtaxi.ru|catalogtaxi.ru|taxi555.ru|tratatur.ru|taksisvo.ru|www.mezhgorod.taxi|catalogtaksi.ru|1taxopark.ru|taxi.drive-luxe.ru|www.taxi2000.ru;;;
kurgan-shadrinsk;new;28;;NONE;Z_LOW_PRIORITY;Низкий приоритет (новые);LOW_PRIORITY;17;8;1;deshevotaxi.ru|catalogtaksi.ru|www.mezhgorod.taxi|taxi-russia.su|1taxopark.ru|rustransfer.org|taxivezde.ru|ru-travel.org|www.taxi-love.ru|vse-taxi.com;;;
kursk-zhukov;new;28;10;NONE;Z_LOW_PRIORITY;Низкий приоритет (новые);LOW_PRIORITY;20;7;3;taksi-gorod.ru|taksisvo.ru|jupiter-tmc.ru|rustransfer.org|takse.ru|vse-taxi.com|deshevotaxi.ru|mejgorodtaxi.ru|catalogtaksi.ru|city2city.ru;;;
samara-zhigulevsk;new;28;;NONE;Z_LOW_PRIORITY;Низкий приоритет (новые);LOW_PRIORITY;16;9;1;www.xn-----7kcbaaphbhdai9a3awnjra5bnrctq.xn--p1ai|sky-transfer.ru|taksisvo.ru|xn----7sbabxukdmwuiegm.xn--p1ai|1taxopark.ru|vse-taxi.com|unit-transfer.ru|catalogtaksi.ru|kiwitaxi.ru|mejgorod-taxi.ru;;;
samara-zhigulyovsk;new;28;;NONE;Z_LOW_PRIORITY;Низкий приоритет (новые);LOW_PRIORITY;18;8;1;sky-transfer.ru|www.xn-----7kcbaaphbhdai9a3awnjra5bnrctq.xn--p1ai|kiwitaxi.ru|taxi555.ru|xn----7sbabxukdmwuiegm.xn--p1ai|vse-taxi.com|1taxopark.ru|www.mezhgorod.taxi|unit-transfer.ru|taxi.drive-luxe.ru;;;
ekaterinburg-kamyshlov;new;28;;NONE;Z_LOW_PRIORITY;Низкий приоритет (новые);LOW_PRIORITY;18;6;0;deshevotaxi.ru|willway.ru|kiwitaxi.ru|ugtravel.ru|www.mezhgorod.taxi|taksi-ekb.ru|xn-----6kccfjdehdbgxjti1a2ala5bhdewr6a.xn--p1ai|taxi.drive-luxe.ru|1taxopark.ru|www.taxi2000.ru;;;
stavropol-budyonnovsk;new;28;;NONE;Z_LOW_PRIORITY;Низкий приоритет (новые);LOW_PRIORITY;21;8;2;kubtaxi.ru|tratatur.ru|ugtaxi.ru|www.taxi2000.ru|perfect-taxi.ru|taxi-ug.ru|1taxopark.ru|catalogtaksi.ru|www.mezhgorod.taxi|taxi.drive-luxe.ru;;;
tambov-proletarskij;new;28;2;NONE;Z_LOW_PRIORITY;Низкий приоритет (новые);LOW_PRIORITY;19;3;3;yandex.ru|city2city.ru|taksisvo.ru|zoon.ru|taxi555.ru|www.taxi703703.com|1taxopark.ru|deshevotaxi.ru|2gis.ru|obltaxi.ru;;;
melitopol-simferopol;new;28;13;SEO;F_AUTOPILOT;SEO автопилот;SEO_AUTOPILOT_NEW;8;17;0;melitopol.taxi24h.ru|melitopol.taksi24.taxi|melitopol.taxi-krim.com|t.me|kubtaxi.ru|transferug.ru|taksi-gorod.ru|taxi-ug.ru|mezhgorod-rf.ru|melitopol.simferopol-aeroport.taxi;;;
belgorod-korocha;old;28;;SEO;F_AUTOPILOT;SEO автопилот;SEO_AUTOPILOT;0;7;0;taxi555.ru|xn----7sbyhcmnbsdikx.xn--p1ai|catalogtaksi.ru|deshevotaxi.ru|www.taxi2000.ru|taksisvo.ru|taxi.drive-luxe.ru|taksi-gorod.ru|1taxopark.ru|mezhgorod-rf.ru;Белгород;Короча;3000
perm-kudymkar;old;28;4;SEO;F_AUTOPILOT;SEO автопилот;SEO_AUTOPILOT;1;19;0;taxi24online.ru|taxi555.ru|taxi-perm.su|city2city.ru|1taxopark.ru|taksi-gorod.ru|www.mezhgorod.taxi|catalogtaksi.ru|www.taxi2000.ru|yandex.ru|taxivezde.ru|taksisvo.ru|www.rome2rio.com|rustransfer.org|www.intui.travel|korona-taksi.ru|jupiter-tmc.ru|takse.ru|www.taxi-love.ru|obltaxi.ru|xn----7sbp3acjidhfbkt.su|mejgorodtaxi.ru|deshevotaxi.ru|www.perm-taxi-region.ru|taxi-realtransfer-mejgorod.ru|mezhgorod-taksi.ru|taxi-perm-perm-krai-ru.taxigator.ru|perm.perivoz.ru|xn--80aaahzdndlon5ak.xn--p1ai|xn--e1aohf5d.xn--80akxkdedu.xn--p1acf;Пермь;Кудымкар;6000
kazan-volgograd;old;28;8;DIRECT;H_DIRECT_TEST;Директ тест;DIRECT_TEST;1;7;0;www.avito.ru|kubtaxi.ru|kazan.sevastopol24.taxi|taksi-gorod.ru|tratatur.ru|taxi533.ru|kazan.taxi24h.ru|city2city.ru|ugtaxi.ru|kazan.taksi24.taxi;Казань;Волгоград;30900
tyumen-sibaj;old;28;5;DIRECT;H_DIRECT_TEST;Директ тест;DIRECT_TEST;1;14;0;vk.com|taksisvo.ru|rustransfer.org|taxi-cosmos.ru|city2city.ru|jupiter-tmc.ru|taxi-russia.su|mejgorodtaxi.ru|club212769364.orgs.biz|taxitops.ru|takse.ru|deshevotaxi.ru|catalogtaksi.ru|xn--e1aner7ci.xn--80akxkdedu.xn--p1acf|mezhgorod-taksi.ru|m.ok.ru|www.avito.ru|taxi.yandex.ru|yandex.ru|xn--72-glcedg4btat.xn--p1ai|uslugi.yandex.ru|perevozka24.com|xn--d1abb2a.xn--p1ai|kudanado.by|xn----8sbnojigiuni.xn--p1ai|nomera-taksi.ru|taxi-sever-24-sibaj-bajmak.clients.site|ridesharing.biletyplus.ru|surgut-sibay-taksi-jamal.clients.site|www.rome2rio.com;Тюмень;Сибай;23700
sankt-peterburg-sortavala;old;28;5;SEO;F_AUTOPILOT;SEO автопилот;SEO_AUTOPILOT;3;23;0;sky-transfer.ru|www.avito.ru|taxitoday.ru|kiwitaxi.ru|city2city.ru|taxi555.ru|ugtaxi.ru|taxi-cosmos.ru|taxideshevo.com|unit-transfer.ru|www.taxi2000.ru|mb-taxi.ru|www.taxi-love.ru|rustransfer.org|transferug.ru|transfers.unitaxi.ru|taxivezde.ru|takse.ru|vk.com|vtstaxi.ru|www.intui.travel|obltaxi.ru|glavtaxi-spb.ru|intercity-taxispb.ru|spb.platov-transfer.ru|mezhgorod-taksi.ru|xn----7sbebjgab2at5brxcj5g.xn--p1ai|onlinetaxi-spb.ru|catalogtaksi.ru|mejgorodtaxi.ru;Санкт-Петербург;Сортавала;8200
voronezh-gubkin;old;28;;SEO;F_AUTOPILOT;SEO автопилот;SEO_AUTOPILOT;1;24;0;kubtaxi.ru|taxi-ug.ru|catalogtaksi.ru|tratatur.ru|taxi-cosmos.ru|taksi-gorod.ru|taxi555.ru|cabway.ru|takse.ru|obltaxi.ru|www.mezhgorod.taxi|taxi.drive-luxe.ru|1taxopark.ru|www.taxi2000.ru|taksisvo.ru|taksi-services.ru|rustransfer.org|mejgorod-taxi.ru|taxi-russia.su|taxivezde.ru|www.intui.travel|deshevotaxi.ru|taxicamry.ru|www.taxi-love.ru|mb-taxi.ru|vse-taxi.com|ru-travel.org|mezhdugorodnee-taxi24.ru|taxi-vizov.ru|mejgorodtaxi.ru;Воронеж;Губкин;4000
perm-oxansk;old;28;11;SEO;F_AUTOPILOT;SEO автопилот;SEO_AUTOPILOT;1;21;0;vk.com|uralavtotaxi.ru|www.taxi2000.ru|taxi555.ru|taxivezde.ru|taksi-gorod.ru|taxi.drive-luxe.ru|taksisvo.ru|obltaxi.ru|catalogtaksi.ru|city2city.ru|takse.ru|rustransfer.org|taxi-perm.su|www.taxi-love.ru|1taxopark.ru|deshevotaxi.ru|www.taxi-rokada.ru|xn----7sbp3acjidhfbkt.su|www.perm-taxi-region.ru|www.rome2rio.com|mejgorodtaxi.ru|mezhgorod-taksi.ru|taxi-nomera.ru|mobilodeon.ru|www.intui.travel|taxi-perm-perm-krai-ru.taxigator.ru|taxinomerok.ru|taxi-realtransfer-mejgorod.ru|xn----7sbyhmmrebi.xn--p1ai;Пермь;Оханск;3200
ekaterinburg-shadrinsk;old;28;;SEO;E_MONITOR;SEO мониторинг;SEO_MONITOR;2;3;0;yandex.ru|2gis.ru|www.tourister.ru|www.avito.ru|kiwitaxi.ru|taxi-avantime.ru|willway.ru|transfers.unitaxi.ru|uslugi.yandex.ru|taksi-gorod.ru;международный аэропорт Кольцово Екатеринбург;Шадринск;6900
orenburg-sibaj;old;28;5;DIRECT;H_DIRECT_TEST;Директ тест;DIRECT_TEST;2;19;0;sky-transfer.ru|taxi555.ru|taksisvo.ru|taxi-cosmos.ru|city2city.ru|yandex.ru|taxivezde.ru|taxi.drive-luxe.ru|1taxopark.ru|rustransfer.org|www.taxi2000.ru|catalogtaksi.ru|takse.ru|obltaxi.ru|deshevotaxi.ru|ab-taxi.ru|taxi-russia.su|www.rome2rio.com|mezhgorod.taxi-ekvator.ru|mejgorodtaxi.ru|www.blablacar.ru|www.intui.travel|vk.com|ridesharing.biletyplus.ru|mezhgorod-taksi.ru|taxi-nomer.ru|ru-travel.org|xn--90aee6admdx.xn--80akxkdedu.xn--p1acf|taxi-orenburg-orenburg-oblast-ru.taxigator.ru|taxinomerok.ru;Оренбург;Сибай;10000
moskva-gagarin;new;27;;NONE;Z_LOW_PRIORITY;Низкий приоритет (новые);LOW_PRIORITY;10;14;0;taxi-mobil.ru|taxi555.ru|www.mezhgorod.taxi|mezhgorod.taxi-ekvator.ru|ab-taxi.ru|1taxopark.ru|www.taxi2000.ru|xn----7sbyhcmnbsdikx.xn--p1ai|wing-taxi.ru|www.taxi-love.ru;;;
moskva-gus-xrustalnyj;new;27;;NONE;Z_LOW_PRIORITY;Низкий приоритет (новые);LOW_PRIORITY;12;15;1;ab-taxi.ru|taxi555.ru|www.taxi2000.ru|taxi-mobil.ru|www.mezhgorod.taxi|www.taximasters.ru|1taxopark.ru|xn----7sbyhcmnbsdikx.xn--p1ai|yandex.ru|logitaxi.ru;;;
moskva-torzhok;new;27;;NONE;Z_LOW_PRIORITY;Низкий приоритет (новые);LOW_PRIORITY;12;13;0;taxi-mobil.ru|taxi555.ru|www.taxi2000.ru|xn----7sbyhcmnbsdikx.xn--p1ai|www.mezhgorod.taxi|www.taxi-love.ru|www.100mtaxi.ru|taxi.drive-luxe.ru|ab-taxi.ru|1taxopark.ru;;;
vladimir-lakinsk;new;27;;NONE;Z_LOW_PRIORITY;Низкий приоритет (новые);LOW_PRIORITY;19;7;0;catalogtaxi.ru|taxi555.ru|transfer-vlad33.ru|taksi-gorod.ru|taxi.drive-luxe.ru|taksisvo.ru|deshevotaxi.ru|taxivezde.ru|www.mezhgorod.taxi|takse.ru;;;
vladimir-raduzhnyj;new;27;;NONE;Z_LOW_PRIORITY;Низкий приоритет (новые);LOW_PRIORITY;22;4;2;catalogtaksi.ru|deshevotaxi.ru|transfer-vlad33.ru|www.taxi2000.ru|taxi-vladimir-vladimir-oblast-ru.taxigator.ru|1taxopark.ru|taksisvo.ru|taxivezde.ru|xn--33-6kcu3bqdcefbvh.xn--p1ai|taksi-gorod.ru;;;
krasnodar-afipskij;new;27;;NONE;Z_LOW_PRIORITY;Низкий приоритет (новые);LOW_PRIORITY;17;9;2;kubtaxi.ru|taxi-ug.ru|tratatur.ru|taksi-gorod.ru|willway.ru|geltaxi.ru|ugtravel.com|kiwitaxi.ru|taxi555.ru|taxi.transferplustravel.com;;;
oryol-kirovskij;new;27;20;SEO;F_AUTOPILOT;SEO автопилот;SEO_AUTOPILOT_NEW;14;14;2;taxi555.ru|taxivezde.ru|orel.taxi24h.ru|ug.taxi|orel.sevastopol24.taxi|yandex.ru|orel.taxi-krim.com|orel.aeroport-simferopol.taxi|taxi.yandex.ru|vezet.ru;;;
ekaterinburg-svobodnyj;new;27;1;NONE;Z_LOW_PRIORITY;Низкий приоритет (новые);LOW_PRIORITY;21;2;3;city2city.ru|deshevotaxi.ru|www.taxi2000.ru|taxi.drive-luxe.ru|taksisvo.ru|xn----7sbyhcmnbsdikx.xn--p1ai|taxivezde.ru|1taxopark.ru|taksi-gorod.ru|mejgorodtaxi.ru;;;
chelyabinsk-plast;new;27;;NONE;Z_LOW_PRIORITY;Низкий приоритет (новые);LOW_PRIORITY;21;6;3;driver174.ru|intercity74.ru|taxidesyatka.ru|taxi555.ru|www.taxi2000.ru|taksi-gorod.ru|catalogtaksi.ru|taksisvo.ru|yandex.ru|1taxopark.ru;;;
nizhnij-novgorod-ardatov-mordoviya;old;27;;SEO;F_AUTOPILOT;SEO автопилот;SEO_AUTOPILOT;2;21;0;1taxopark.ru|taxi555.ru|vk.com|taksi-gorod.ru|www.taxi2000.ru|www.mezhgorod.taxi|taxivezde.ru|taxi.drive-luxe.ru|taxigorkovskoe.ru|takse.ru|taxi-russia.su|rustransfer.org|www.taxi-love.ru|catalogtaksi.ru|obltaxi.ru|mejgorodtaxi.ru|mezhgorod-taksi.ru|www.intui.travel|deshevotaxi.ru|mb-taxi.ru|mobilodeon.ru|perevozka24.com|www.rome2rio.com|zakaz-taxi-105.orgs.biz|www.avito.ru|2gis.ru|taxinomerok.ru|ok.ru|taxi-nizhny-novgorod-nizhny-novgorod-oblast-ru.taxigator.ru|order-taxi.ru;Нижний Новгород;Ардатов;8000
ivanovo-yuzha;old;27;;SEO;F_AUTOPILOT;SEO автопилот;SEO_AUTOPILOT;0;8;0;deshevotaxi.ru|catalogtaksi.ru|1taxopark.ru|www.mezhgorod.taxi|takse.ru|taxi.drive-luxe.ru|taxivezde.ru|mejgorodtaxi.ru|obltaxi.ru|www.taxi-rokada.ru;Иваново;Южа;3000
kaluga-lyudinovo;old;27;2;SEO;F_AUTOPILOT;SEO автопилот;SEO_AUTOPILOT;0;6;0;taxi555.ru|city2city.ru|catalogtaksi.ru|1taxopark.ru|tmkaluga.ru|www.taxi-love.ru|www.mezhgorod.taxi|www.taxi-rokada.ru|takse.ru|taksisvo.ru;Калуга;Людиново;5800
tula-kimovsk;old;27;;SEO;F_AUTOPILOT;SEO автопилот;SEO_AUTOPILOT;1;21;0;taxi555.ru|catalogtaksi.ru|www.taxi2000.ru|1taxopark.ru|rustransfer.org|xn----7sbyhcmnbsdikx.xn--p1ai|taxivezde.ru|www.mezhgorod.taxi|taxi.drive-luxe.ru|taksisvo.ru|takse.ru|www.taxi-rokada.ru|obltaxi.ru|mejgorodtaxi.ru|transfer71.ru|taxi-tula-tula-oblast-ru.taxigator.ru|deshevotaxi.ru|taksi-services.ru|www.rome2rio.com|taxi-mezhgorod24.ru|mobilodeon.ru|mezhgorod-taksi.ru|taksi-gorod.ru|xn--80affnblthori.xn--p1ai|www.avito.ru|mezhdugorodnee-taksi.ru|2gis.ru|taxinomerok.ru|taxi.yandex.ru|zoon.ru;Тула;Кимовск;2000
vladivostok-arsenev;old;27;5;DIRECT;H_DIRECT_TEST;Директ тест;DIRECT_TEST;2;14;0;kiwitaxi.ru|unit-transfer.ru|deshevotaxi.ru|catalogtaksi.ru|city2city.ru|drive125.ru|transfers.unitaxi.ru|www.tourister.ru|rustransfer.org|yandex.ru|takse.ru|1tmehgorod.ru|sky-transfer.ru|mezhgorod-taksi.ru|www.intui.travel|www.avtovokzaly.ru|xn----8sbba8abcp7dh.xn--p1ai|taxomarket.ru|ru-travel.org|www.rome2rio.com|taxi-nomera.ru|ubitaxi.ru|taxi-vladivostok-primorsky-krai-ru.taxigator.ru|xn----8sbear7aqwdih2a.xn--p1ai|transfergid.ru|taxi.yandex.ru|y-taxi.ru|go.yandex|www.taximezgorod.com|albatros-bct.com;Владивосток;Арсеньев;10000
ekaterinburg-ulyanovsk;old;27;10;DIRECT;H_DIRECT_TEST;Директ тест;DIRECT_TEST;0;9;0;ugtaxi.ru|taksi-gorod.ru|yekaterinburg.taksi24.taxi|yekaterinburg.taxi24h.ru|taxi533.ru|www.taxi2000.ru|taxi.drive-luxe.ru|taxi555.ru|unit-transfer.ru|city2city.ru;Екатеринбург;Ульяновск;30200
saratov-kamyshin;old;27;9;SEO;F_AUTOPILOT;SEO автопилот;SEO_AUTOPILOT;2;24;0;kubtaxi.ru|taxi-russia.su|tratatur.ru|taxi555.ru|taxi533.ru|taxi.drive-luxe.ru|taxi24online.ru|taksi-gorod.ru|city2city.ru|taxi-ug.ru|www.mezhgorod.taxi|1taxopark.ru|taxi-cosmos.ru|rustransfer.org|obltaxi.ru|www.taxi-love.ru|catalogtaksi.ru|vse-taxi.com|deshevotaxi.ru|taxigorkovskoe.ru|www.avito.ru|mb-taxi.ru|mejgorodtaxi.ru|taxi-lider64.ru|mejgorod-taxi.ru|mezhgorod-rf.ru|taksisvo.ru|taxivezde.ru|www.intui.travel|mezhgorod-taksi.ru;Саратов;Камышин;6300
vladivostok-partizansk;old;27;5;SEO;F_AUTOPILOT;SEO автопилот;SEO_AUTOPILOT;2;15;0;sky-transfer.ru|catalogtaksi.ru|unit-transfer.ru|rustransfer.org|city2city.ru|takse.ru|deshevotaxi.ru|mezhgorod-taksi.ru|drive125.ru|www.farpost.ru|www.tourister.ru|www.intui.travel|xn----8sbba8abcp7dh.xn--p1ai|taksi-gorod.ru|taxi-vladivostok-primorsky-krai-ru.taxigator.ru|transfere.ru|jupiter-tmc.ru|www.rome2rio.com|ru-travel.org|transfergid.ru|taxi.yandex.ru|2gis.ru|xn----8sbear7aqwdih2a.xn--p1ai|m.avito.ru|uslugi.yandex.ru|perevozka24.com|vladivostok.taximaxim.ru|www.taximezgorod.com|go.yandex|vladivostok.taxipoehali.ru;Владивосток;Партизанск;5800
stavropol-novoaleksandrovsk;old;27;11;SEO;F_AUTOPILOT;SEO автопилот;SEO_AUTOPILOT;3;21;0;kubtaxi.ru|obltaxi.ru|taxi-ug.ru|tratatur.ru|ugtaxi.ru|catalogtaxi.ru|perfect-taxi.ru|1taxopark.ru|kiwitaxi.ru|taxi.drive-luxe.ru|city2city.ru|taxi555.ru|taksisvo.ru|deshevotaxi.ru|rustransfer.org|catalogtaksi.ru|taksi-gorod.ru|takse.ru|mejgorodtaxi.ru|taxivezde.ru|transfers.unitaxi.ru|www.taxi-love.ru|www.rome2rio.com|www.intui.travel|mezhgorod-taksi.ru|airport-service-taxi.ru|www.avito.ru|ubitaxi.ru|mobilodeon.ru|transferug.ru;Ставрополь;Новоалександровск;3600
belgorod-kazan;old;27;;DIRECT;H_DIRECT_TEST;Директ тест;DIRECT_TEST;0;9;0;kubtaxi.ru|tratatur.ru|belgorod.taxi24h.ru|taxi555.ru|taxi533.ru|taxi-ug.ru|ugtaxi.ru|taksi-gorod.ru|belgorod.taksi24.taxi|www.taxi2000.ru;Белгород;Казань;38600
kazan-orsk;old;27;7;DIRECT;H_DIRECT_TEST;Директ тест;DIRECT_TEST;0;6;0;orskkazan.ru|taxi555.ru|orsk-kazan.ru|taxi533.ru|taksi-gorod.ru|1taxopark.ru|city2city.ru|www.mezhgorod.taxi|taksisvo.ru|taxi.drive-luxe.ru;Казань;Орск;29700
novosibirsk-belovo;old;27;;SEO;F_AUTOPILOT;SEO автопилот;SEO_AUTOPILOT;2;19;0;royalcars54.ru|starcars54.ru|www.avito.ru|sky-transfer.ru|aa-go.ru|willway.ru|abv-auto.com|taxi555.ru|www.taxi2000.ru|ab-taxi.ru|1taxopark.ru|deshevotaxi.ru|sib-transfer.ru|taxivezde.ru|rustransfer.org|www.intui.travel|taxi.drive-luxe.ru|taxi-russia.su|www.taxi-love.ru|vk.com|obltaxi.ru|www.taxi-rokada.ru|taksi-gorod.ru|jupiter-tmc.ru|takse.ru|vse-taxi.com|catalogtaksi.ru|viptaxinsk.ru|alfa-taxi154.ru|mezhgorod-taksi.ru;Новосибирск;Белово;8000
vologda-harovsk;old;27;;SEO;F_AUTOPILOT;SEO автопилот;SEO_AUTOPILOT;0;22;0;catalogtaxi.ru|taxi555.ru|taksisvo.ru|www.mezhgorod.taxi|www.taxi2000.ru|deshevotaxi.ru|1taxopark.ru|rustransfer.org|yandex.ru|takse.ru|taxivezde.ru|korona-taksi.ru|obltaxi.ru|mejgorodtaxi.ru|transfer35.ru|ru-travel.org|mezhgorod-taksi.ru|www.taxi-love.ru|vtstaxi.ru|taxigator.ru|vk.com|www.rome2rio.com|taxi-mezhgorod24.ru|catalogtaksi.ru|xn--80adde7arb.xn--80akxkdedu.xn--p1acf|taxi-nomera.ru|internet-taksi.ru|taxitaksi.ru|xn--80afdpcl3cf.xn--p1ai|vologda.taksi.name;Вологда;Харовск;3500
tambov-uvarovo;old;27;4;SEO;F_AUTOPILOT;SEO автопилот;SEO_AUTOPILOT;1;21;0;taxi555.ru|kubtaxi.ru|taxi-ug.ru|city2city.ru|tratatur.ru|1taxopark.ru|catalogtaksi.ru|taxi.drive-luxe.ru|taksisvo.ru|deshevotaxi.ru|taxi-russia.su|www.taxi2000.ru|taxivezde.ru|rustransfer.org|takse.ru|obltaxi.ru|mezhgorod.taxi-ekvator.ru|mejgorodtaxi.ru|jupiter-tmc.ru|www.avito.ru|mezhgorod-taksi.ru|www.taxi-love.ru|mb-taxi.ru|mobilodeon.ru|www.rome2rio.com|xn--80acd2blu.xn--80akxkdedu.xn--p1acf|perevozka24.com|transfergid.ru|order-taxi.ru|y-taxi.ru;Тамбов;Уварово;4300
kazan-belgorod;old;27;7;DIRECT;H_DIRECT_TEST;Директ тест;DIRECT_TEST;0;8;0;kubtaxi.ru|ugtaxi.ru|tratatur.ru|kazan.taxi24h.ru|taxi533.ru|kazan.taksi24.taxi|city2city.ru|taxi-ug.ru|taksisvo.ru|mejgorod-taxi.ru;Казань;Белгород;40400
smolensk-safonovo;old;27;2;SEO;F_AUTOPILOT;SEO автопилот;SEO_AUTOPILOT;1;20;0;catalogtaksi.ru|city2city.ru|turtransfer.ru|xn----7sbyhcmnbsdikx.xn--p1ai|1taxopark.ru|taxi555.ru|www.taxi2000.ru|www.mezhgorod.taxi|takse.ru|taksisvo.ru|obltaxi.ru|www.taxi-love.ru|taxivezde.ru|rustransfer.org|deshevotaxi.ru|mezhgorod-taksi.ru|taxi-smolensk-smolensk-oblast-ru.taxigator.ru|mejgorodtaxi.ru|taksi-services.ru|transfer67.ru|taxi-mezhgorod24.ru|m.avito.ru|mobilodeon.ru|www.rustore.ru|apps.apple.com|y-taxi.ru|perevozka24.com|mezhdugorodnee-taksi.ru|xn--80affnblthori.xn--p1ai|uslugi.yandex.ru;Смоленск;Сафоново;3600
samara-tujmazy;old;27;11;SEO;F_AUTOPILOT;SEO автопилот;SEO_AUTOPILOT;2;18;0;xn----7sbabxukdmwuiegm.xn--p1ai|dzen.ru|catalogtaxi.ru|vk.com|taksisvo.ru|www.avito.ru|taksi-gorod.ru|taxi-cosmos.ru|taxi555.ru|yandex.ru|city2city.ru|taxi.drive-luxe.ru|www.taxi2000.ru|taxivezde.ru|www.mezhgorod.taxi|1taxopark.ru|www.taxi-rokada.ru|rustransfer.org|mejgorod-taxi.ru|takse.ru|taxibelka.ru|xn----7sbp3acjidhfbkt.su|www.intui.travel|yandex.ru|taxi-samara.su|obltaxi.ru|deshevotaxi.ru|www.taxi-love.ru|sky-avto.ru|vse-taxi.com;Самара;Туймазы;9000
irkutsk-bodajbo;old;27;2;DIRECT;H_DIRECT_TEST;Директ тест;DIRECT_TEST;0;6;0;rustransfer.org|city2city.ru|taksi-gorod.ru|catalogtaksi.ru|takse.ru|www.transfer38.ru|deshevotaxi.ru|yandex.ru|yandex.ru|mezhgorod-taksi.ru;Иркутск;Бодайбо;43800
moskva-konakovo;new;26;;NONE;Z_LOW_PRIORITY;Низкий приоритет (новые);LOW_PRIORITY;11;16;0;taxi-mobil.ru|www.taxi2000.ru|xn----7sbyhcmnbsdikx.xn--p1ai|www.taxi-rokada.ru|taxi-russia.ru|www.mezhgorod.taxi|taxi555.ru|mezhgorod.taxi-ekvator.ru|kiwitaxi.ru|www.taxi-love.ru;;;
moskva-pokrovskoe;new;26;4;NONE;Z_LOW_PRIORITY;Низкий приоритет (новые);LOW_PRIORITY;13;13;1;taxi-mobil.ru|taxispeed.ru|ugtaxi.ru|city2city.ru|taksi-gorod.ru|istra.obltaxi.ru|www.mezhgorod.taxi|taksisvo.ru|1taxopark.ru|kiwitaxi.ru;;;
moskva-sokol;new;26;;NONE;Z_LOW_PRIORITY;Низкий приоритет (новые);LOW_PRIORITY;14;13;2;taxi555.ru|oldtaxi.ru|zoon.ru|taximoskva.com|www.yell.ru|www.taxi-love.ru|2gis.ru|nyt.ru|1taxopark.ru|taxivezde.ru;;;
krasnodar-tbilisskaya;new;26;;NONE;Z_LOW_PRIORITY;Низкий приоритет (новые);LOW_PRIORITY;14;13;2;kubtaxi.ru|taxi-ug.ru|tratatur.ru|ugtaxi.ru|www.krd-taxi.ru|perfect-taxi.ru|taxi.transferplustravel.com|geltaxi.ru|taxi555.ru|1taxopark.ru;;;
saratov-krasnyj;new;26;30;NONE;Z_LOW_PRIORITY;Низкий приоритет (новые);LOW_PRIORITY;19;6;3;taksisvo.ru|taxi555.ru|catalogtaksi.ru|1taxopark.ru|taksi-gorod.ru|deshevotaxi.ru|taxi-cosmos.ru|yandex.ru|taxi.drive-luxe.ru|rustransfer.org;;;
tula-yasnyj;new;26;1;NONE;Z_LOW_PRIORITY;Низкий приоритет (новые);LOW_PRIORITY;21;6;4;city2city.ru|taksisvo.ru|deshevotaxi.ru|mejgorodtaxi.ru|mezhgorod-taksi.ru|taxi.yandex.ru|www.rome2rio.com|www.avito.ru|tula.taximaxim.ru|tula.taxipoehali.ru;;;
voronezh-ostrogozhsk;old;26;7;SEO;F_AUTOPILOT;SEO автопилот;SEO_AUTOPILOT;2;21;0;kubtaxi.ru|catalogtaksi.ru|tratatur.ru|taxi555.ru|kiwitaxi.ru|www.taxi2000.ru|city2city.ru|taxi-ug.ru|1taxopark.ru|taksisvo.ru|mezhgorod-rf.ru|www.mezhgorod.taxi|taxi.drive-luxe.ru|takse.ru|rustransfer.org|vse-taxi.com|deshevotaxi.ru|taxivezde.ru|transfers.unitaxi.ru|www.rome2rio.com|m.avito.ru|obltaxi.ru|www.taxi-love.ru|ru-travel.org|taksi-services.ru|mb-taxi.ru|transfer36.ru|mejgorodtaxi.ru|taxicamry.ru|taxi-russia.su;Воронеж;Острогожск;3800
ulyanovsk-cheboksary;old;26;;SEO;F_AUTOPILOT;SEO автопилот;SEO_AUTOPILOT;1;25;0;m.avito.ru|ulyanovsk.taxi24h.ru|taxi533.ru|1taxopark.ru|ulyanovsk.sevastopol24.taxi|taxi555.ru|ulyanovsk.taksi24.taxi|taxi-russia.su|ab-taxi.ru|mejgorod-taxi.ru|taxiarkadiya.ru|taxi.drive-luxe.ru|rustransfer.org|taxi24online.ru|obltaxi.ru|mezhgorod-rf.ru|taxivezde.ru|www.taxi-love.ru|jupiter-tmc.ru|taxiboss.biz|ulyanovsk.taxi-krim.com|catalogtaksi.ru|taxi-nomera.ru|vse-taxi.com|ulyanovsk.simferopol-aeroport.taxi|mezhgorod-taksi.ru|taxigorkovskoe.ru|mejgorodtaxi.ru|vk.com|deshevotaxi.ru;Ульяновск;Чебоксары;7000
saratov-balashov;old;26;8;SEO;F_AUTOPILOT;SEO автопилот;SEO_AUTOPILOT;1;23;0;www.avito.ru|taxi-ug.ru|kubtaxi.ru|taxi555.ru|taksi-gorod.ru|1taxopark.ru|tratatur.ru|city2city.ru|www.taxi2000.ru|taxi-russia.su|taxi.drive-luxe.ru|taksisvo.ru|transfer64.ru|catalogtaksi.ru|taxi24online.ru|www.mezhgorod.taxi|taxi-lider64.ru|www.taxi-love.ru|rustransfer.org|taxi-cosmos.ru|mezhgorod-rf.ru|taxivezde.ru|obltaxi.ru|mejgorod-taxi.ru|1tmehgorod.ru|korona-taksi.ru|uslugi.yandex.ru|mb-taxi.ru|vse-taxi.com|sky-transfer.ru;Саратов;Балашов;6400
ekaterinburg-aramil;old;26;;SEO;F_AUTOPILOT;SEO автопилот;SEO_AUTOPILOT;0;7;0;1taxopark.ru|taxivezde.ru|aramil.taximaxim.ru|catalogtaxi.ru|taksisvo.ru|yandex.ru|willway.ru|taxi555.ru|catalogtaksi.ru|taxi.drive-luxe.ru;Екатеринбург;Арамиль;2000
melitopol-rostov-na-don;old;26;;DIRECT;H_DIRECT_TEST;Директ тест;DIRECT_TEST;1;19;0;www.pantaxi.ru|arteltaxi.ru|tavriya-taxi.ru|yandex.ru|www.avito.ru|vk.com|uslugi.yandex.ru|za-inform.ru|m-taxi.net|t.me|deshevotaxi.ru|melitopol.taxi24h.ru|perevozka24.com|dzen.ru|catalogtaksi.ru|taxifst.orgs.biz|taksi-gorod.ru|www.rustore.ru|economtaximlt.tilda.ws|www.vt-taxi.ru|taxi-nomer.ru|taxieconom.ru|mezhgorod-rf.ru|taxi-magazin.ru|taxi.crimea.com|taxi-melitopol.ru|xn----7sbqkcikbfxalslj8n.xn--p1ai|taxi-vokrug.ru|www.xn-----7kckebedadc5acysbbmlsanaxj8ayjj80a.xn--p1ai|taksisvo.ru;Мелитополь;Ростов-на-Дону;11000
cheboksary-penza;old;26;;DIRECT;H_DIRECT_TEST;Директ тест;DIRECT_TEST;1;8;0;taxiarkadiya.ru|vk.com|catalogtaksi.ru|taxi555.ru|www.taxi2000.ru|taxi533.ru|taxi-russia.su|www.avito.ru|cheboksary.taksi24.taxi|cheboksary.sevastopol24.taxi;Чебоксары;Пенза;14000
krasnoyarsk-kemerovo;old;26;2;DIRECT;H_DIRECT_TEST;Директ тест;DIRECT_TEST;1;19;0;krasnoyarsk.sky-transfer.ru|city2city.ru|taksi-gorod.ru|1taxopark.ru|www.taxi2000.ru|www.avito.ru|xn--24-6kchk7b2h.xn--p1ai|www.mezhgorod.taxi|rustransfer.org|vse-taxi.com|catalogtaksi.ru|taxi533.ru|taxivezde.ru|royalcars54.ru|obltaxi.ru|unit21.ru|www.taxi-love.ru|minibus.biletyplus.ru|deshevotaxi.ru|mezhgorod-rf.ru|taxi-nomera.ru|mezhgorod-taksi.ru|jupiter-tmc.ru|taksiporossii.ru|go.yandex|mejgorodtaxi.ru|www.rome2rio.com|perevozka24.com|transfergid.ru|taxi-krasnoyarsk-krasnoyarsk-krai-ru.taxigator.ru;Красноярск;Кемерово;15900
ufa-ulyanovsk;old;26;3;DIRECT;H_DIRECT_TEST;Директ тест;DIRECT_TEST;1;24;0;sky-transfer.ru|taksi-ufa.ru|city2city.ru|ufa.sevastopol24.taxi|ufa.taxi24h.ru|taxi533.ru|taksi-gorod.ru|www.avito.ru|taxi24online.ru|catalogtaksi.ru|ab-taxi.ru|www.mezhgorod.taxi|rustransfer.org|taxi.drive-luxe.ru|1taxopark.ru|deshevotaxi.ru|taxivezde.ru|vse-taxi.com|taksisvo.ru|ufa.simferopol-aeroport.taxi|vk.com|xn----7sbp3acjidhfbkt.su|taximini-ufa.ru|ufa.taxi-krim.com|taxi-cosmos.ru|ufa.aeroport-simferopol.taxi|jupiter-tmc.ru|www.taxi-love.ru|mejgorodtaxi.ru|taxiufaulanovsk.turbo.site;Уфа;Ульяновск;17700
nizhniy_novgorod-saransk;old;26;;SEO;F_AUTOPILOT;SEO автопилот;SEO_AUTOPILOT;3;22;0;taxigorkovskoe.ru|taxi-russia.su|kiwitaxi.ru|taxi555.ru|1taxopark.ru|taksi-gorod.ru|unit-transfer.ru|taxi.drive-luxe.ru|minivan-nn.ru|mejgorod-taxi.ru|taxivezde.ru|www.mezhgorod.taxi|rustransfer.org|mezhgorod-rf.ru|catalogtaksi.ru|taxi-cosmos.ru|obltaxi.ru|www.taxi-love.ru|deshevotaxi.ru|vse-taxi.com|www.intui.travel|taksi-nn.ru|mb-taxi.ru|jupiter-tmc.ru|bibi-bot.ru|www.avito.ru|mejgorodtaxi.ru|mezhgorod-taksi.ru|regionaltaxi.ru|www.transfer152.ru;Нижний Новгород;Саранск;8500
tomsk-strezhevoy;old;26;10;DIRECT;H_DIRECT_TEST;Директ тест;DIRECT_TEST;0;15;0;1taxopark.ru|t.me|obltaxi.ru|strezhevoy.gde.ru|taxi.drive-luxe.ru|taxi555.ru|rustransfer.org|takse.ru|catalogtaksi.ru|city2city.ru|deshevotaxi.ru|www.taxi-love.ru|tomsk.kupiprodai.ru|vk.com|transfergid.ru|taxigator.ru|uslugio.com|www.rome2rio.com|albatros-bct.com|xn----8sbnojigiuni.xn--p1ai|mezhgorod-taksi.ru|xn--j1adfnc.xn--80akxkdedu.xn--p1acf|mejgorodtaxi.ru|taxivezde.ru|xn----7sbyhcmnbsdikx.xn--p1ai|www.taxi2000.ru|tomx.ru|y-taxi.ru|intaxi.ru|uslugi.yandex.ru;Томск;Стрежевой;72600
ulyanovsk-ufa;old;26;9;DIRECT;H_DIRECT_TEST;Директ тест;DIRECT_TEST;1;24;0;sky-transfer.ru|www.avito.ru|ulyanovsk.yalta-24.taxi|taksi-gorod.ru|ulyanovsk.taxi24h.ru|www.taxi2000.ru|1taxopark.ru|ab-taxi.ru|city2city.ru|taksisvo.ru|www.mezhgorod.taxi|taxi555.ru|rustransfer.org|taxi.drive-luxe.ru|taxi-russia.su|vse-taxi.com|taxi533.ru|korona-taksi.ru|catalogtaksi.ru|jupiter-tmc.ru|obltaxi.ru|taxivezde.ru|mejgorod-taxi.ru|www.taxi-love.ru|taxi-cosmos.ru|www.transfer-go.ru|mejgorodtaxi.ru|deshevotaxi.ru|vk.com|1tmehgorod.ru;Ульяновск;Уфа;17600
tula-belyov;old;26;;SEO;F_AUTOPILOT;SEO автопилот;SEO_AUTOPILOT;1;22;0;taxi555.ru|catalogtaksi.ru|taksisvo.ru|www.taxi2000.ru|obltaxi.ru|takse.ru|taxi.drive-luxe.ru|www.mezhgorod.taxi|taxi-russia.su|www.taxi-rokada.ru|deshevotaxi.ru|xn----7sbyhcmnbsdikx.xn--p1ai|transfer71.ru|mejgorodtaxi.ru|taksi-services.ru|mezhgorod-taksi.ru|taxomarket.ru|taxi-tula-tula-oblast-ru.taxigator.ru|transfergid.ru|taksi-gorod.ru|www.rome2rio.com|taxi-mezhgorod24.ru|xn--80affnblthori.xn--p1ai|www.avito.ru|mezhdugorodnee-taksi.ru|taxi.yandex.ru|taxinomerok.ru|tula.vezetvsem.ru|yandex.ru|catalogtaxi.ru;Тула;Белёв;4000
ekaterinburg-krasnoturinsk;old;26;5;DIRECT;H_DIRECT_TEST;Директ тест;DIRECT_TEST;1;4;0;taksi-ekb.ru|www.avito.ru|catalogtaksi.ru|nexttax.ru|city2city.ru|1taxopark.ru|taxi555.ru|www.taxi2000.ru|xn-----6kccfjdehdbgxjti1a2ala5bhdewr6a.xn--p1ai|willway.ru;Екатеринбург;Краснотурьинск;11600
krasnoyarsk-uzhur;old;26;11;SEO;F_AUTOPILOT;SEO автопилот;SEO_AUTOPILOT;4;15;0;deshevotaxi.ru|taxi555.ru|1taxopark.ru|takse.ru|taxi.drive-luxe.ru|kiwitaxi.ru|rustransfer.org|obltaxi.ru|yandex.ru|taxivezde.ru|city2city.ru|www.intui.travel|catalogtaksi.ru|supl.biz|jupiter-tmc.ru|transfers.unitaxi.ru|vk.com|www.taxi-love.ru|www.rome2rio.com|transfergid.ru|taxi-krasnoyarsk-krasnoyarsk-krai-ru.taxigator.ru|m.avito.ru|www.yell.ru|uslugi.yandex.ru|mezhgorod-taksi.ru|xn--80atblfjdfd2l.xn--80akxkdedu.xn--p1acf|www.taxi2000.ru|taksi-gorod.ru|y-taxi.ru|www.blablacar.ru;Красноярск;Ужур;8700
rostov-sankt-peterburg;old;26;10;DIRECT;H_DIRECT_TEST;Директ тест;DIRECT_TEST;1;25;0;rostov.taxi24h.ru|ugtaxi.ru|perfect-taxi.ru|kubtaxi.ru|sky-transfer.ru|rostov.simferopol-aeroport.taxi|cvo-taxi.ru|tratatur.ru|rostov.taksi24.taxi|city2city.ru|rostov.taxi-krim.com|unit-transfer.ru|www.mezhgorod.taxi|taksi-gorod.ru|ug.taxi|taksisvo.ru|msk.taxi|taxikama.tb.ru|taxi-cosmos.ru|avto-kruiz.com|ugtravel.ru|taxivezde.ru|sochi.taxi|mejgorod-taxi.ru|m.avito.ru|rostov.aeroport-simferopol.taxi|mejgorodtaxi.ru|catalogtaxi.ru|rustransfer.org|taxi-bereg.ru;Ростов-на-Дону;Санкт-Петербург;54000
smolensk-elnya;old;26;10;SEO;F_AUTOPILOT;SEO автопилот;SEO_AUTOPILOT;1;21;0;1taxopark.ru|taxi555.ru|catalogtaxi.ru|takse.ru|deshevotaxi.ru|catalogtaksi.ru|www.rome2rio.com|www.taxi2000.ru|obltaxi.ru|city2city.ru|www.taxi-rokada.ru|taksisvo.ru|taxivezde.ru|rustransfer.org|taxi-smolensk-smolensk-oblast-ru.taxigator.ru|mezhgorod-taksi.ru|www.taxi-love.ru|transfer67.ru|mejgorodtaxi.ru|taksi-services.ru|taxi-mezhgorod24.ru|taxi.drive-luxe.ru|xn--80affnblthori.xn--p1ai|www.avito.ru|uslugi.yandex.ru|mezhdugorodnee-taksi.ru|taxinomerok.ru|yandex.ru|ru-travel.org|taksi-gorod.ru;Смоленск;Ельня;3800
sankt-peterburg-rostov-na-don;old;26;9;DIRECT;H_DIRECT_TEST;Директ тест;DIRECT_TEST;0;26;0;sankt-peterburg.sevastopol24.taxi|ugtaxi.ru|kubtaxi.ru|tratatur.ru|unit-transfer.ru|ug.taxi|sankt-peterburg.taxi-krim.com|taxitoday.ru|city2city.ru|ugtravel.ru|www.mezhgorod.taxi|msk.taxi|sankt-peterburg.simferopol-aeroport.taxi|taksi-gorod.ru|1tmehgorod.ru|taxi-cosmos.ru|mejgorod-taxi.ru|taksisvo.ru|www.taxi-love.ru|taxivezde.ru|taxideshevo.com|sankt-peterburg.aeroport-simferopol.taxi|sochi.taxi|taksi-go.ru|taksicentr.ru|vtstaxi.ru|taxi-svobodnoe.ru|perfect-taxi.ru|mezhgorod-taksi.ru|vse-taxi.com;Санкт-Петербург;Ростов-на-Дону;53700
tula-plavsk;old;26;;SEO;F_AUTOPILOT;SEO автопилот;SEO_AUTOPILOT;1;21;0;kubtaxi.ru|taxi555.ru|www.taxi2000.ru|tratatur.ru|taxi-ug.ru|catalogtaksi.ru|xn----7sbbu0aptdhddiv.xn--p1ai|1taxopark.ru|taxivezde.ru|takse.ru|taxi.drive-luxe.ru|www.taxi-rokada.ru|www.mezhgorod.taxi|xn----7sbyhcmnbsdikx.xn--p1ai|obltaxi.ru|rustransfer.org|taksisvo.ru|deshevotaxi.ru|www.taxi-love.ru|transfer71.ru|taksi-services.ru|mezhgorod-taksi.ru|mobilodeon.ru|mejgorodtaxi.ru|xn--80affnblthori.xn--p1ai|mezhdugorodnee-taksi.ru|taxi-mezhgorod24.ru|taxinomerok.ru|xn--80avue.xn--80akxkdedu.xn--p1acf|www.avito.ru;Тула;Плавск;2000
saratov-petrovsk;old;26;3;SEO;F_AUTOPILOT;SEO автопилот;SEO_AUTOPILOT;1;19;0;kubtaxi.ru|taxi-ug.ru|city2city.ru|tratatur.ru|taxi555.ru|taxi.drive-luxe.ru|1taxopark.ru|www.taxi2000.ru|yandex.ru|taksisvo.ru|www.mezhgorod.taxi|rustransfer.org|taxivezde.ru|takse.ru|taxi-russia.su|obltaxi.ru|taxi-cosmos.ru|deshevotaxi.ru|www.taxi-love.ru|catalogtaxi.ru|jupiter-tmc.ru|mb-taxi.ru|ru-travel.org|mejgorodtaxi.ru|www.avito.ru|mezhgorod-taksi.ru|www.rome2rio.com|regionaltaxi.ru|mobilodeon.ru|uslugi.yandex.ru;Саратов;Петровск;4000
krasnodar-sankt-peterburg;old;26;10;DIRECT;H_DIRECT_TEST;Директ тест;DIRECT_TEST;1;25;0;rostov.taxi24h.ru|ugtaxi.ru|perfect-taxi.ru|sky-transfer.ru|kubtaxi.ru|rostov.simferopol-aeroport.taxi|cvo-taxi.ru|tratatur.ru|rostov.taksi24.taxi|city2city.ru|rostov.taxi-krim.com|unit-transfer.ru|www.mezhgorod.taxi|taksi-gorod.ru|taksisvo.ru|msk.taxi|ug.taxi|taxikama.tb.ru|taxi-cosmos.ru|avto-kruiz.com|ugtravel.ru|taxivezde.ru|sochi.taxi|mejgorod-taxi.ru|rostov.aeroport-simferopol.taxi|m.avito.ru|mejgorodtaxi.ru|catalogtaxi.ru|rustransfer.org|vse-taxi.com;Ростов-на-Дону;Санкт-Петербург;61800
kazan-arsk;old;26;5;SEO;F_AUTOPILOT;SEO автопилот;SEO_AUTOPILOT;0;5;0;go.yandex|ugtaxi.ru|taxi555.ru|taksisvo.ru|city2city.ru|unit21.ru|1taxopark.ru|ab-taxi.ru|yandex.ru|taxi.drive-luxe.ru;Казань;Арск;3200
svo-taxi-rostov-na-donu-melitopol;old;26;;DIRECT;H_DIRECT_TEST;Директ тест;DIRECT_TEST;1;12;0;taxi.yandex.ru|rostov-na-donu1.taximaxim.ru|2gis.ru|yandex.ru|vezet.ru|city-mobil.ru|uslugi.yandex.ru|m.avito.ru|zoon.ru|161.ru|www.yell.ru|www.2306306.com|xn-----6kckdgfipty1aaca1adgndr.xn--p1ai|www.komandirovka.ru|rutaxi.ru|go.yandex|perevozka24.com|vk.com|taxi.ugtravel.com|taksi-gorod.ru|redtaxi.ru|taxiizrostova.ru|rostov.yp.ru|apps.apple.com|555don.ru|www.rustore.ru|vse-taxi.com|intaxi.ru|taxieconom.ru|taxi-leader.ru;Ростов-на-Дону;Мелитополь;11000
joshkar-ola-volzhsk;old;26;;SEO;F_AUTOPILOT;SEO автопилот;SEO_AUTOPILOT;0;8;0;deshevotaxi.ru|taxi555.ru|1taxopark.ru|www.mezhgorod.taxi|taxi.drive-luxe.ru|obltaxi.ru|catalogtaksi.ru|taksisvo.ru|taxivezde.ru|takse.ru;Йошкар-Ола;Волжск;3000
saransk-nizhnij-novgorod;old;26;;SEO;F_AUTOPILOT;SEO автопилот;SEO_AUTOPILOT;2;23;0;1taxopark.ru|taxi555.ru|kiwitaxi.ru|taxigorkovskoe.ru|taxi-russia.su|taksi-gorod.ru|www.taxi2000.ru|taksisvo.ru|catalogtaxi.ru|catalogtaksi.ru|deshevotaxi.ru|taxi.drive-luxe.ru|taxivezde.ru|www.avito.ru|rustransfer.org|www.mezhgorod.taxi|obltaxi.ru|www.taxi-love.ru|taxi-cosmos.ru|jupiter-tmc.ru|vse-taxi.com|korona-taksi.ru|transfergid.ru|minivan-nn.ru|mejgorodtaxi.ru|mezhgorod-taksi.ru|unit-transfer.ru|mejgorod-taxi.ru|vk.com|mezhgorod-rf.ru;Саранск;Нижний Новгород;8500
moskva-kasimov;new;25;;NONE;Z_LOW_PRIORITY;Низкий приоритет (новые);LOW_PRIORITY;10;17;0;taxi555.ru|taxi-mobil.ru|www.taxi2000.ru|www.mezhgorod.taxi|1taxopark.ru|mezhgorod.taxi-ekvator.ru|www.taxi-rokada.ru|ugtaxi.ru|xn----7sbyhcmnbsdikx.xn--p1ai|www.taxi-love.ru;;;
moskva-millerovo;new;25;;NONE;Z_LOW_PRIORITY;Низкий приоритет (новые);LOW_PRIORITY;9;18;0;ugtaxi.ru|kubtaxi.ru|taxi-bereg.ru|taxi555.ru|msk.taxiarkadiya.ru|cabway.ru|taxi-mobil.ru|tratatur.ru|zakaz.mezhgorod.taxi|taxi-ug.ru;;;
moskva-volzhskij;new;25;3;SEO;F_AUTOPILOT;SEO автопилот;SEO_AUTOPILOT_NEW;11;16;0;taxi-mobil.ru|taxi555.ru|city2city.ru|1taxopark.ru|taxivezde.ru|zakaz.mezhgorod.taxi|www.taxi-love.ru|taxi.drive-luxe.ru|rustransfer.org|taxi-cosmos.ru;;;
murmansk-severnyy;new;25;1;NONE;Z_LOW_PRIORITY;Низкий приоритет (новые);LOW_PRIORITY;14;10;3;city2city.ru|deshevotaxi.ru|catalogtaksi.ru|mejgorodtaxi.ru|catalogtaxi.ru|uslugi.yandex.ru|zoon.ru|2gis.ru|severnaja-transfernaja.clients.site|www.komandirovka.ru;;;
ufa-krasnyj;new;25;13;SEO;F_AUTOPILOT;SEO автопилот;SEO_AUTOPILOT_NEW;16;13;4;taxi-mini.ru|taximini-ufa.ru|toptaxi.org|mezhgorod-taksi.ru|taxiufa.ru|vk.com|catalogtaksi.ru|catalogtaxi.ru|taxi-ufa-republic-of-bashkortostan-ru.taxigator.ru|yandex.ru;;;
kazan-belyj;new;25;18;SEO;F_AUTOPILOT;SEO автопилот;SEO_AUTOPILOT_NEW;8;12;3;zoon.ru|yandex.ru|deshevotaxi.ru|taxieconom.ru|taxi-nomera.ru|www.orgpage.ru|taxitops.ru|intaxi.ru|yandex.ru|kazan.taxi-list.ru;;;
vladimir-pokrov;new;25;;NONE;Z_LOW_PRIORITY;Низкий приоритет (новые);LOW_PRIORITY;19;7;0;taxi555.ru|transfer-vlad33.ru|catalogtaksi.ru|taxivezde.ru|taksisvo.ru|obltaxi.ru|www.mezhgorod.taxi|taxi.drive-luxe.ru|www.taxi-love.ru|mezhdugorodnee-taksi-moskva.ru;;;
kazan-malmyzh;old;25;;SEO;F_AUTOPILOT;SEO автопилот;SEO_AUTOPILOT;0;6;0;vk.com|taksi-gorod.ru|1taxopark.ru|taxi555.ru|taksisvo.ru|taxi.drive-luxe.ru|rustransfer.org|mezhgorod.pro|obltaxi.ru|yandex.ru;Казань;Малмыж;5000
kaluga-tarusa;old;25;;SEO;F_AUTOPILOT;SEO автопилот;SEO_AUTOPILOT;0;8;0;taxi555.ru|catalogtaksi.ru|taxi.drive-luxe.ru|taksisvo.ru|obltaxi.ru|taxi-mini.ru|taxivezde.ru|www.taxi-rokada.ru|tmkaluga.ru|takse.ru;Калуга;Таруса;2000
irkutsk-ust-ilimsk;old;25;7;DIRECT;H_DIRECT_TEST;Директ тест;DIRECT_TEST;1;5;0;www.avito.ru|deshevotaxi.ru|zoon.ru|catalogtaksi.ru|www.ellit-avto.ru|taxi-38.ru|city2city.ru|rustransfer.org|takse.ru|vse-taxi.com;Иркутск;Усть-Илимск;27000
tula-lipki;old;25;;SEO;F_AUTOPILOT;SEO автопилот;SEO_AUTOPILOT;1;20;0;rustransfer.org|taxivezde.ru|taxi555.ru|1taxopark.ru|xn----7sbyhcmnbsdikx.xn--p1ai|taxi.drive-luxe.ru|www.taxi-love.ru|www.taxi2000.ru|takse.ru|deshevotaxi.ru|mezhgorod-taksi.ru|www.taxi-rokada.ru|catalogtaksi.ru|taxi-tula-tula-oblast-ru.taxigator.ru|transfer71.ru|www.rome2rio.com|ru-travel.org|taksi-services.ru|taxomarket.ru|taxi-mezhgorod24.ru|xn--80affnblthori.xn--p1ai|obltaxi.ru|perevozka24.com|www.avito.ru|2gis.ru|taxitops.ru|taxi.yandex.ru|mezhdugorodnee-taksi.ru|tula.taximaxim.ru|uslugi.yandex.ru;Тула;Липки;2000
kirov-ufa;old;25;18;DIRECT;H_DIRECT_TEST;Директ тест;DIRECT_TEST;1;23;0;sky-transfer.ru|vk.com|kirov.taxi24h.ru|taksikirov.ru|taxi533.ru|www.taxi2000.ru|taxi-russia.su|taksisvo.ru|rustransfer.org|yandex.ru|kirov.taksi24.taxi|taxivezde.ru|kirov.taxi-krim.com|www.mezhgorod.taxi|taxi-cosmos.ru|jupiter-tmc.ru|catalogtaksi.ru|city2city.ru|www.avito.ru|taksi-gorod.ru|www.taxi-love.ru|obltaxi.ru|vse-taxi.com|mejgorodtaxi.ru|taxi-nomera.ru|taxi-mini.ru|routes43.ru|minibus.biletyplus.ru|kirov.simferopol-aeroport.taxi|deshevotaxi.ru;Киров;Уфа;22500
ekaterinburg-krasnoufimsk;old;25;;SEO;F_AUTOPILOT;SEO автопилот;SEO_AUTOPILOT;0;6;0;taksi-ekb.ru|catalogtaxi.ru|nexttax.ru|vk.com|catalogtaksi.ru|1taxopark.ru|taxi555.ru|www.taxi2000.ru|xn----7sbyhcmnbsdikx.xn--p1ai|taksisvo.ru;Екатеринбург;Красноуфимск;6000
ufa-kirov;old;25;14;DIRECT;H_DIRECT_TEST;Директ тест;DIRECT_TEST;0;24;0;sky-transfer.ru|vk.com|ufa.sevastopol24.taxi|taxi533.ru|taxi24online.ru|taksi-ufa.ru|ufa.taxi24h.ru|www.mezhgorod.taxi|rustransfer.org|mezhgorod-rf.ru|taxivezde.ru|taksisvo.ru|ufa.taxi-krim.com|city2city.ru|ufa.simferopol-aeroport.taxi|taxi-cosmos.ru|www.taxi-love.ru|jupiter-tmc.ru|xn----7sbp3acjidhfbkt.su|taxi-mini.ru|mejgorodtaxi.ru|deshevotaxi.ru|obltaxi.ru|taxiufakirov.turbo.site|vse-taxi.com|taximini-ufa.ru|minivan-go.ru|taxiufa.ru|catalogtaksi.ru|taxi-nomera.ru;Уфа;Киров;22500
handyga-jakutsk;old;25;6;DIRECT;H_DIRECT_TEST;Директ тест;DIRECT_TEST;0;2;0;2gis.ru|yandex.ru|vk.com|catalogtaksi.ru|uslugi.yandex.ru|city2city.ru|sakha.kupiprodai.ru|yandex.ru|handyga.gde.ru|deshevotaxi.ru;Хандыга;Якутск;12600
kazan-zainsk;old;25;7;SEO;F_AUTOPILOT;SEO автопилот;SEO_AUTOPILOT;1;5;0;mezhgorod.pro|www.avito.ru|taksi-gorod.ru|taxi555.ru|ab-taxi.ru|1taxopark.ru|city2city.ru|transfer-kazan.ru|yandex.ru|rustransfer.org;Казань;Заинск;7200
krasnodar-ryazan;old;25;;DIRECT;H_DIRECT_TEST;Директ тест;DIRECT_TEST;0;28;0;kubtaxi.ru|perfect-taxi.ru|ug.taxi|krasnodar.taxi24h.ru|taxi555.ru|www.mezhgorod.taxi|catalogtaksi.ru|taxi.drive-luxe.ru|krasnodar.aeroport-simferopol.taxi|www.taxi-love.ru|krasnodar.taxi-krim.com|vse-taxi.com|ugtaxi.ru|krasnodar.taksi24.taxi|radartaxi.ru|taksi-gorod.ru|taxi533.ru|krasnodar.simferopol-aeroport.taxi|mezhgorod-rf.ru|taksisvo.ru|msk.taxi|taxivezde.ru|obltaxi.ru|onlinetaxi.su|transferug.ru|taxiaero-simferopol.ru|transfer23.ru|mejgorodtaxi.ru|deshevotaxi.ru|minivan-go.ru;Краснодар;Рязань;36500
ekaterinburg-serov;old;25;;DIRECT;H_DIRECT_TEST;Директ тест;DIRECT_TEST;1;5;0;taxivezde.ru|xn-----6kccfjdehdbgxjti1a2ala5bhdewr6a.xn--p1ai|www.avito.ru|taksi-ekb.ru|unit-transfer.ru|deshevotaxi.ru|www.mezhgorod.taxi|1taxopark.ru|willway.ru|nexttax.ru;Екатеринбург;Серов;10500
smolensk-roslavl;old;25;1;SEO;F_AUTOPILOT;SEO автопилот;SEO_AUTOPILOT;1;21;0;city2city.ru|takse.ru|taxi555.ru|taxivezde.ru|catalogtaksi.ru|1taxopark.ru|xn----7sbyhcmnbsdikx.xn--p1ai|deshevotaxi.ru|turtransfer.ru|obltaxi.ru|m.avito.ru|www.mezhgorod.taxi|taksi-gorod.ru|taksisvo.ru|www.taxi2000.ru|taxi.drive-luxe.ru|taksi-services.ru|www.taxi-love.ru|vse-taxi.com|rustransfer.org|mezhgorod-taksi.ru|transfer67.ru|www.rome2rio.com|jupiter-tmc.ru|mejgorodtaxi.ru|y-taxi.ru|taxi-smolensk-smolensk-oblast-ru.taxigator.ru|taxi-mezhgorod24.ru|apps.apple.com|xn--80affnblthori.xn--p1ai;Смоленск;Рославль;4000
voronezh-nizhnij-novgorod;old;25;12;DIRECT;H_DIRECT_TEST;Директ тест;DIRECT_TEST;1;22;0;voronezh.sky-transfer.ru|voronezh.taxi24h.ru|kubtaxi.ru|taksi-gorod.ru|ug.taxi|vezet-go.ru|voronezh.sevastopol24.taxi|tratatur.ru|www.avito.ru|taxi555.ru|taksisvo.ru|city2city.ru|rustransfer.org|jupiter-tmc.ru|taxi533.ru|voronezh.taxi-krim.com|taxi-russia.su|taxi.drive-luxe.ru|vip-888.ru|cabway.ru|mejgorod-taxi.ru|taxi-cosmos.ru|catalogtaxi.ru|www.taxi-love.ru|taxivezde.ru|taxigorkovskoe.ru|1tmehgorod.ru|voronezh.simferopol-aeroport.taxi|taxicamry.ru|vse-taxi.com;Воронеж;Нижний Новгород;22200
nizhnij-novgorod-voronezh;old;25;11;DIRECT;H_DIRECT_TEST;Директ тест;DIRECT_TEST;1;24;0;kubtaxi.ru|nizhniy-novgorod.yalta-24.taxi|nizhniy-novgorod.taxi24h.ru|tratatur.ru|catalogtaksi.ru|unit-transfer.ru|taxigorkovskoe.ru|nizhniy-novgorod.taksi24.taxi|ug.taxi|taksi-gorod.ru|city2city.ru|taksisvo.ru|taxi533.ru|mezhgorod-rf.ru|mejgorod-taxi.ru|taxivezde.ru|voronezh.sky-transfer.ru|jupiter-tmc.ru|rustransfer.org|taxi-cosmos.ru|vse-taxi.com|nizhniy-novgorod.simferopol-aeroport.taxi|www.taxi-love.ru|minivan-nn.ru|obltaxi.ru|mejgorodtaxi.ru|deshevotaxi.ru|mb-taxi.ru|taxiaero-simferopol.ru|www.avito.ru;Нижний Новгород;Воронеж;22200
samara-pugachyov;old;25;4;SEO;F_AUTOPILOT;SEO автопилот;SEO_AUTOPILOT;2;15;0;taxi555.ru|xn----7sbabxukdmwuiegm.xn--p1ai|www.xn-----7kcbaaphbhdai9a3awnjra5bnrctq.xn--p1ai|city2city.ru|taxi-cosmos.ru|www.mezhgorod.taxi|yandex.ru|catalogtaksi.ru|perevozchik163.ru|www.avito.ru|1taxopark.ru|www.taxi2000.ru|dzen.ru|taxi.drive-luxe.ru|takse.ru|taksisvo.ru|taxi-samara.su|mobilodeon.ru|samara-airport.com|taxivezde.ru|taxi-po-svetu.ru|www.intui.travel|obltaxi.ru|taxi-lider64.ru|www.taxi-love.ru|xn----7sbp3acjidhfbkt.su|yandex.ru|sky-avto.ru|xn----7sbaab2cnl1bgij.xn--p1ai|mejgorodtaxi.ru;Самара;Пугачёв;5900
orenburg-magnitogorsk;old;25;13;DIRECT;H_DIRECT_TEST;Директ тест;DIRECT_TEST;2;19;0;nexttax.ru|vk.com|www.avito.ru|kiwitaxi.ru|taxi533.ru|rustransfer.org|taxi555.ru|www.taxi2000.ru|taksisvo.ru|1taxopark.ru|jupiter-tmc.ru|www.mezhgorod.taxi|city2city.ru|taxi-cosmos.ru|mezhgorod-rf.ru|taxi-russia.su|obltaxi.ru|taxivezde.ru|catalogtaxi.ru|ru-travel.org|1tmehgorod.ru|deshevotaxi.ru|vse-taxi.com|www.taxi-love.ru|transfergid.ru|www.rome2rio.com|catalogtaksi.ru|orentransfer.ru|mejgorodtaxi.ru|onlinetaxi.su;Оренбург;Магнитогорск;13400
lugansk-saratov;old;25;;DIRECT;H_DIRECT_TEST;Директ тест;DIRECT_TEST;1;15;0;estlugansk.ru|lugansk.taxi|yandex.ru|600.taxi|www.avito.ru|dzen.ru|arteltaxi.ru|959.xn--p1ai|vk.com|uslugi.yandex.ru|taxi-alliance.turbo.site|ok.ru|deshevotaxi.ru|t.me|www.rustore.ru|perevozka24.com|horeca-lg.ru|taksi-gorod.ru|taxigoroda.ru|apps.apple.com|lugansk.sky-transfer.ru|lugansk.taxi24h.ru|lugansk.taksi24.taxi|lugansk.taxiarkadiya.ru|takse.ru|taxi-lugansk.ru|434.taxi|taxi-lnr.ru|zvs-lg.ru|xn-----6kcbqgcdjrv0afza5ajp5i.xn--p1ai;Луганск;Саратов;24900
moskva-staryj-oskol;new;24;;NONE;Z_LOW_PRIORITY;Низкий приоритет (новые);LOW_PRIORITY;10;16;0;taxi-mobil.ru|ugtaxi.ru|taksi-gorod.ru|ab-taxi.ru|www.taxi2000.ru|taxi555.ru|www.mezhgorod.taxi|tratatur.ru|www.taxi-rokada.ru|kubtaxi.ru;;;
novosibirsk-kamen-na-obi;new;24;;NONE;Z_LOW_PRIORITY;Низкий приоритет (новые);LOW_PRIORITY;14;11;1;go.yandex|starcars54.ru|royalcars54.ru|aa-go.ru|sky-transfer.ru|taxi555.ru|www.mezhgorod.taxi|willway.ru|sib-transfer.ru|rustransfer.org;;;
rostov-czentralnyj;new;24;12;NONE;Z_LOW_PRIORITY;Низкий приоритет (новые);LOW_PRIORITY;13;11;4;vezet.ru|taxi.yandex.ru|yandex.ru|uslugi.yandex.ru|2gis.ru|ugtaxi.ru|rostov-na-donu1.taximaxim.ru|city-mobil.ru|zoon.ru|m.avito.ru;;;
rostov-severnyj;new;24;2;NONE;Z_LOW_PRIORITY;Низкий приоритет (новые);LOW_PRIORITY;17;9;3;yandex.ru|city2city.ru|rnd.spravker.ru|taxi.yandex.ru|rostov-na-donu1.taximaxim.ru|catalogtaksi.ru|vezet.ru|2gis.ru|uslugi.yandex.ru|www.avito.ru;;;
smolensk-orlov;new;24;6;SEO;F_AUTOPILOT;SEO автопилот;SEO_AUTOPILOT_NEW;13;15;1;taksisvo.ru|mejgorodtaxi.ru|deshevotaxi.ru|smolensk.taxi24h.ru|mezhgorod-taksi.ru|city2city.ru|taksi-gorod.ru|catalogtaxi.ru|transfer67.ru|ug.taxi;;;
cheboksary-saransk;new;24;14;NONE;Z_LOW_PRIORITY;Низкий приоритет (новые);LOW_PRIORITY;17;9;0;taxiarkadiya.ru|taxi.drive-luxe.ru|1taxopark.ru|taxivezde.ru|obltaxi.ru|catalogtaksi.ru|rustransfer.org|www.mezhgorod.taxi|www.taxi-love.ru|unit21.ru;;;
yaroslavl-xolm;new;24;1;NONE;Z_LOW_PRIORITY;Низкий приоритет (новые);LOW_PRIORITY;22;6;1;city2city.ru|1taxopark.ru|taxi555.ru|www.mezhgorod.taxi|transfers.unitaxi.ru|www.taxi-love.ru|catalogtaksi.ru|kiwitaxi.ru|mobilodeon.ru|www.intui.travel;;;
volgograd-frolovo;old;24;;SEO;F_AUTOPILOT;SEO автопилот;SEO_AUTOPILOT;1;22;0;kubtaxi.ru|catalogtaksi.ru|taxi555.ru|taksisvo.ru|unit-transfer.ru|www.taxi2000.ru|obltaxi.ru|takse.ru|taxi.drive-luxe.ru|www.mezhgorod.taxi|taxi-cosmos.ru|taxivezde.ru|rustransfer.org|taksi-gorod.ru|mezhgorod-taksi.ru|mejgorodtaxi.ru|www.taxi-love.ru|ru-travel.org|mobilodeon.ru|deshevotaxi.ru|mezhgorodtaxi24.ru|frolovo.taxovichkof.ru|www.avito.ru|www.rome2rio.com|minivan-go.ru|taxi-nomera.ru|www.transfer34.ru|regionaltaxi.ru|xn--80addag2buct.xn--80akxkdedu.xn--p1acf|taxi24online.ru;Волгоград;Фролово;4500
kemerovo-barnaul;old;24;;DIRECT;H_DIRECT_TEST;Директ тест;DIRECT_TEST;0;7;0;royalcars54.ru|sky-transfer.ru|taxikemerovo.ru|taxi533.ru|rustransfer.org|www.mezhgorod.taxi|turtransfer.ru|1taxopark.ru|jupiter-tmc.ru|taxivezde.ru;Кемерово;Барнаул;12000
ufa-surgut;old;24;13;DIRECT;H_DIRECT_TEST;Директ тест;DIRECT_TEST;2;20;0;vk.com|taxi555.ru|taxiufa.ru|taxi533.ru|taksi-gorod.ru|taxi-cosmos.ru|taxi.drive-luxe.ru|1taxopark.ru|taxivezde.ru|mezhgorod-rf.ru|www.avito.ru|taxi-mini.ru|city2city.ru|mejgorodtaxi.ru|obltaxi.ru|taximini-ufa.ru|vse-taxi.com|minibus.biletyplus.ru|deshevotaxi.ru|catalogtaksi.ru|uslugi.yandex.ru|transfergid.ru|yandex.ru|www.transfer02.ru|taxiufasurgut.turbo.site|taxi902.ru|taksi-ufa.ru|www.blablacar.ru|mezhgorod-taksi.ru|xn--80a1bd.xn--80akxkdedu.xn--p1acf;Уфа;Сургут;48600
murmansk-kovdor;old;24;;SEO;F_AUTOPILOT;SEO автопилот;SEO_AUTOPILOT;2;20;0;taxi555.ru|vk.com|deshevotaxi.ru|taksi-gorod.ru|taxi.drive-luxe.ru|catalogtaksi.ru|xn----7sbyhcmnbsdikx.xn--p1ai|rustransfer.org|taximurmansk.ru|yandex.ru|www.taxi2000.ru|1taxopark.ru|kiwitaxi.ru|ktk51transfer.ru|taxivezde.ru|obltaxi.ru|www.taxi-rokada.ru|www.taxi-love.ru|www.rome2rio.com|transfers.unitaxi.ru|takse.ru|taxi-russia.ru|mejgorodtaxi.ru|uslugi.yandex.ru|www.intui.travel|taxi-nomera.ru|mezhgorod-taksi.ru|ubitaxi.ru|severnaja-transfernaja.clients.site|transport-services.ru;Мурманск;Ковдор;8800
ryazan-luxoviczy;old;24;6;SEO;F_AUTOPILOT;SEO автопилот;SEO_AUTOPILOT;1;20;0;taxi.drive-luxe.ru|1taxopark.ru|taksi-gorod.ru|rzn-transfer.ru|taxi555.ru|city2city.ru|deshevotaxi.ru|taksisvo.ru|www.taxi-love.ru|taxivezde.ru|mezhgorod-taksi.ru|obltaxi.ru|catalogtaksi.ru|rustransfer.org|www.taxi2000.ru|ru-travel.org|takse.ru|mejgorodtaxi.ru|taxigator.ru|mobilodeon.ru|taxi-nomera.ru|taxi-mezhgorod24.ru|www.mezhgorod.taxi|xn--80antj7do.xn--80akxkdedu.xn--p1acf|www.avito.ru|www.rome2rio.com|jupiter-tmc.ru|xn--62-6kcu3afovo.xn--p1ai|transfer62.ru|taxi.yandex.ru;Рязань;Луховицы;3000
stavropol-svetlograd;old;24;7;SEO;F_AUTOPILOT;SEO автопилот;SEO_AUTOPILOT;2;20;0;taxi-ug.ru|kubtaxi.ru|perfect-taxi.ru|1taxopark.ru|tratatur.ru|taxi555.ru|city2city.ru|taxi.drive-luxe.ru|deshevotaxi.ru|obltaxi.ru|taxivezde.ru|catalogtaksi.ru|rustransfer.org|mejgorodtaxi.ru|www.rome2rio.com|www.taxi-love.ru|www.intui.travel|transferug.ru|jupiter-tmc.ru|ugtaxi.ru|mezhgorod-taksi.ru|takse.ru|mobilodeon.ru|taksisvo.ru|geltaxi.ru|www.taxi2000.ru|stavropol.nashaspravka.ru|www.avito.ru|transfergid.ru|taxi.transferplustravel.com;Ставрополь;Светлоград;3800
blagoveshhensk-nerjungri;old;24;2;DIRECT;H_DIRECT_TEST;Директ тест;DIRECT_TEST;1;3;0;www.avito.ru|city2city.ru|rustransfer.org|taksi-gorod.ru|doska.ykt.ru|takse.ru|uslugi.yandex.ru|uslugio.com|deshevotaxi.ru|yandex.ru;Благовещенск;Нерюнгри;29400
oryol-smolensk;old;24;24;DIRECT;H_DIRECT_TEST;Директ тест;DIRECT_TEST;1;23;0;taksi-gorod.ru|orel.taxi24h.ru|orel.taksi24.taxi|taxi-russia.su|taxi555.ru|1taxopark.ru|taksisvo.ru|taxivezde.ru|ug.taxi|catalogtaksi.ru|taxi533.ru|www.mezhgorod.taxi|obltaxi.ru|mejgorod-taxi.ru|taxi-cosmos.ru|rustransfer.org|www.taxi-love.ru|jupiter-tmc.ru|mezhgorod.taxi-ekvator.ru|vse-taxi.com|deshevotaxi.ru|mezhgorod-taksi.ru|taksi-services.ru|city2city.ru|www.avito.ru|mejgorodtaxi.ru|orel.perivoz.ru|taxi-mezhgorod24.ru|mobilodeon.ru|xn--e1amhi.xn--80akxkdedu.xn--p1acf;Орёл;Смоленск;11500
vladimir-vyazniki;old;24;5;SEO;F_AUTOPILOT;SEO автопилот;SEO_AUTOPILOT;1;20;0;catalogtaksi.ru|taxi555.ru|xn--33-6kcu3bqdcefbvh.xn--p1ai|1taxopark.ru|city2city.ru|taksisvo.ru|taksi-gorod.ru|deshevotaxi.ru|taxivezde.ru|takse.ru|rustransfer.org|xn----7sbyhcmnbsdikx.xn--p1ai|mezhgorod-taksi.ru|www.taxi-love.ru|obltaxi.ru|taxi24online.ru|transfer-vlad33.ru|jupiter-tmc.ru|mejgorodtaxi.ru|transfers.unitaxi.ru|taxi-russia.su|ru-travel.org|uni-transfers.com|taxi-vladimir-vladimir-oblast-ru.taxigator.ru|taksi-services.ru|transfergid.ru|xn--33-6kc6aj6be.xn--p1ai|transfer-taxi33.ru|www.avito.ru|uslugi.yandex.ru;Владимир;Вязники;4300
svo-taxi-alchevsk-lugansk;old;24;;SEO;F_AUTOPILOT;SEO автопилот;SEO_AUTOPILOT;1;20;0;taxi-economy.ru|deshevotaxi.ru|vk.com|yandex.ru|uslugi.yandex.ru|apps.apple.com|www.avito.ru|959.xn--p1ai|perevozka24.com|taxialt.tvoe.taxi|t.me|taxieconom.ru|ok.ru|vtaxi-alchevsk.ru|www.rustore.ru|taksi-gorod.ru|alchevsk.taxi24h.ru|catalogtaksi.ru|taxikometa.ru|lyubimoetaxi.turbo.site|alchevsk.taksi24.taxi|smptaxi.ru|taxi-alchevsk.ru|taxi-safr-alchevsk.ru|taxi-dobro.tilda.ws|mezhgorod-rf.ru|taxi-apple-alchevsk.ru|taksisvo.ru|taxitelephone.ru|ug.taxi;Алчевск;Луганск;2000
saransk-cheboksary;old;24;1;SEO;F_AUTOPILOT;SEO автопилот;SEO_AUTOPILOT;1;20;0;city2city.ru|1taxopark.ru|taxi555.ru|taxivezde.ru|catalogtaksi.ru|mezhgorod-rf.ru|ab-taxi.ru|taxi.drive-luxe.ru|obltaxi.ru|www.mezhgorod.taxi|taxi-russia.su|www.taxi-love.ru|rustransfer.org|taxiarkadiya.ru|taxi-cosmos.ru|deshevotaxi.ru|korona-taksi.ru|jupiter-tmc.ru|mezhgorod-taksi.ru|vse-taxi.com|vk.com|mejgorodtaxi.ru|mobilodeon.ru|www.rome2rio.com|taksi-mezhgorod21.ru|transfergid.ru|www.avito.ru|unit21.ru|perevozka24.com|xn--121-5cd4bl3cf.xn--p1ai;Саранск;Чебоксары;9800
stavropol-astraxan;old;24;22;DIRECT;H_DIRECT_TEST;Директ тест;DIRECT_TEST;1;25;0;stavropol.taxi24h.ru|kubtaxi.ru|tratatur.ru|ugtaxi.ru|perfect-taxi.ru|taksi-gorod.ru|stavropol.taksi24.taxi|taxi555.ru|taxi-ug.ru|1taxopark.ru|www.avito.ru|taxi533.ru|stavropol.taxi-krim.com|catalogtaxi.ru|ug.taxi|mezhgorod-rf.ru|taxivezde.ru|sochi.taxi|rustransfer.org|vse-taxi.com|stavropol.aeroport-simferopol.taxi|city2city.ru|mejgorod-taxi.ru|obltaxi.ru|taxi-russia.su|stavropol.simferopol-aeroport.taxi|onlinetaxi.su|taksi-go.ru|www.taxi-love.ru|deshevotaxi.ru;Ставрополь;Астрахань;17400
smolensk-oryol;old;24;2;DIRECT;H_DIRECT_TEST;Директ тест;DIRECT_TEST;0;26;0;smolensk.taxi24h.ru|city2city.ru|catalogtaxi.ru|taksi-gorod.ru|1taxopark.ru|taxi555.ru|www.taxi2000.ru|smolensk.sevastopol24.taxi|ug.taxi|smolensk.taksi24.taxi|turtransfer.ru|taxi.drive-luxe.ru|www.mezhgorod.taxi|taxi533.ru|taxivezde.ru|obltaxi.ru|www.taxi-love.ru|taxi-russia.ru|rustransfer.org|taxi-cosmos.ru|jupiter-tmc.ru|vse-taxi.com|onlinetaxi.su|taksi-services.ru|smolensk.taxi-krim.com|smolensk.aeroport-simferopol.taxi|deshevotaxi.ru|mezhdugorodnee-taksi.ru|mejgorodtaxi.ru|1tmehgorod.ru;Смоленск;Орёл;11400
irkutsk-tulun;old;24;2;DIRECT;H_DIRECT_TEST;Директ тест;DIRECT_TEST;1;5;0;deshevotaxi.ru|city2city.ru|rustransfer.org|takse.ru|www.avito.ru|catalogtaksi.ru|www.transfer38.ru|jupiter-tmc.ru|taxi-38.ru|www.ellit-avto.ru;Иркутск;Тулун;12000
svo-taxi-lugansk-alchevsk;old;24;;SEO;F_AUTOPILOT;SEO автопилот;SEO_AUTOPILOT;1;15;0;estlugansk.ru|lugansk.taxi|yandex.ru|600.taxi|www.avito.ru|dzen.ru|arteltaxi.ru|vk.com|959.xn--p1ai|uslugi.yandex.ru|taxi-alliance.turbo.site|ok.ru|t.me|www.rustore.ru|deshevotaxi.ru|perevozka24.com|horeca-lg.ru|taksi-gorod.ru|taxigoroda.ru|apps.apple.com|lugansk.sky-transfer.ru|lugansk.taksi24.taxi|lugansk.taxi24h.ru|takse.ru|lugansk.taxiarkadiya.ru|taxi-lugansk.ru|434.taxi|taxi-lnr.ru|zvs-lg.ru|xn-----6kcbqgcdjrv0afza5ajp5i.xn--p1ai;Луганск;Алчевск;2000
joshkar-ola-kirov;old;24;;SEO;F_AUTOPILOT;SEO автопилот;SEO_AUTOPILOT;0;8;0;taxi-russia.su|1taxopark.ru|www.taxi2000.ru|ab-taxi.ru|taxi555.ru|mejgorod-taxi.ru|taxivezde.ru|taxi.drive-luxe.ru|mezhgorod-rf.ru|taksisvo.ru;Йошкар-Ола;Киров;9000
moskva-suvorov;new;23;;NONE;Z_LOW_PRIORITY;Низкий приоритет (новые);LOW_PRIORITY;10;17;0;1taxopark.ru|www.mezhgorod.taxi|www.taxi2000.ru|taxi555.ru|wing-taxi.ru|taxi-mobil.ru|xn----7sbyhcmnbsdikx.xn--p1ai|ab-taxi.ru|taksi777.ru|ugtaxi.ru;;;
moskva-vyazma;new;23;;NONE;Z_LOW_PRIORITY;Низкий приоритет (новые);LOW_PRIORITY;8;18;0;taxi-mobil.ru|www.100mtaxi.ru|taxi555.ru|mezhgorod.taxi-ekvator.ru|www.taxi-love.ru|www.mezhgorod.taxi|www.taxi2000.ru|ab-taxi.ru|drive-luxe.ru|1taxopark.ru;;;
krasnodar-kanevskaya;new;23;20;SEO;F_AUTOPILOT;SEO автопилот;SEO_AUTOPILOT_NEW;14;14;1;kubtaxi.ru|taxi-ug.ru|ugtaxi.ru|taxi.transferplustravel.com|tratatur.ru|perfect-taxi.ru|geltaxi.ru|taxi555.ru|www.krd-taxi.ru|www.taxisea.ru;;;
krasnodar-poltavskaya;new;23;;NONE;Z_LOW_PRIORITY;Низкий приоритет (новые);LOW_PRIORITY;14;13;1;kubtaxi.ru|taxi-ug.ru|tratatur.ru|taxi555.ru|1taxopark.ru|ugtaxi.ru|kiwitaxi.ru|www.krd-taxi.ru|taxi.transferplustravel.com|obltaxi.ru;;;
kaluga-balabanovo;new;23;;NONE;Z_LOW_PRIORITY;Низкий приоритет (новые);LOW_PRIORITY;20;9;2;1taxopark.ru|mezhgorod-taksi.ru|taksisvo.ru|taxi555.ru|taxi.drive-luxe.ru|www.mezhgorod.taxi|obltaxi.ru|taxi-kaluga-kaluga-oblast-ru.taxigator.ru|catalogtaksi.ru|taxivezde.ru;;;
kaluga-vorotynsk;new;23;;NONE;Z_LOW_PRIORITY;Низкий приоритет (новые);LOW_PRIORITY;21;7;2;2gis.ru|1taxopark.ru|taxi555.ru|obltaxi.ru|deshevotaxi.ru|taksi-gorod.ru|xn----7sbyhcmnbsdikx.xn--p1ai|www.kaluga-poisk.ru|taksisvo.ru|catalogtaksi.ru;;;
nizhnij-novgorod-ulyanovsk;new;23;;NONE;Z_LOW_PRIORITY;Низкий приоритет (новые);LOW_PRIORITY;15;12;0;nizhniy-novgorod.yalta-24.taxi|taksisvo.ru|taxi533.ru|nizhniy-novgorod.taxi24h.ru|taxi555.ru|taxi.drive-luxe.ru|nizhniy-novgorod.taxi-krim.com|1taxopark.ru|unit-transfer.ru|taxi-russia.su;;;
novosibirsk-tara;new;23;8;NONE;Z_LOW_PRIORITY;Низкий приоритет (новые);LOW_PRIORITY;20;4;2;taxi555.ru|1taxopark.ru|catalogtaksi.ru|www.mezhgorod.taxi|obltaxi.ru|taxi.drive-luxe.ru|rustransfer.org|city2city.ru|www.taxi-love.ru|deshevotaxi.ru;;;
saratov-neya;new;23;1;NONE;Z_LOW_PRIORITY;Низкий приоритет (новые);LOW_PRIORITY;17;12;3;city2city.ru|rustransfer.org|jupiter-tmc.ru|mejgorodtaxi.ru|deshevotaxi.ru|mb-taxi.ru|taksisvo.ru|taxi.yandex.ru|mezhgorod-taksi.ru|m.avito.ru;;;
ekaterinburg-vostochnyj;new;23;;NONE;Z_LOW_PRIORITY;Низкий приоритет (новые);LOW_PRIORITY;15;6;4;ugtaxi.ru|yandex.ru|catalogtaksi.ru|deshevotaxi.ru|2gis.ru|perevozka24.com|zoon.ru|taxi.yandex.ru|igormylnikovchannel.ru|yekaterinburg.taximaxim.ru;;;
tver-nelidovo;new;23;;NONE;Z_LOW_PRIORITY;Низкий приоритет (новые);LOW_PRIORITY;16;10;0;catalogtaksi.ru|taxi555.ru|taxi-tver.com|taksisvo.ru|1taxopark.ru|taxi.drive-luxe.ru|mezhgorod-taksi.ru|obltaxi.ru|taxivezde.ru|www.mezhgorod.taxi;;;
voronezh-valujki;new;23;;NONE;Z_LOW_PRIORITY;Низкий приоритет (новые);LOW_PRIORITY;18;9;0;kubtaxi.ru|tratatur.ru|taxi555.ru|taxi-ug.ru|catalogtaksi.ru|taksi-gorod.ru|www.mezhgorod.taxi|cabway.ru|rustransfer.org|taxi.drive-luxe.ru;;;
novosibirsk-toguchin;old;23;7;SEO;F_AUTOPILOT;SEO автопилот;SEO_AUTOPILOT;0;18;0;go.yandex|catalogtaksi.ru|willway.ru|taxi555.ru|deshevotaxi.ru|1taxopark.ru|city2city.ru|www.taxi2000.ru|taksi-gorod.ru|rustransfer.org|taxi.drive-luxe.ru|obltaxi.ru|taxivezde.ru|www.taxi-rokada.ru|viptaxinsk.ru|jupiter-tmc.ru|mezhgorod-taksi.ru|www.taxi-love.ru|takse.ru|alfa-taxi154.ru|vk.com|2gis.ru|taxi-novosibirsk-novosibirsk-oblast-ru.taxigator.ru|taxi-nomera.ru|royalcars54.ru|www.transfer154.ru|taxisiberia.ru|starcars54.ru|novosibirsk-toguchin-tax-transfe.orgs.biz|www.rome2rio.com;Новосибирск;Тогучин;4000
lugansk-voronezh;old;23;;DIRECT;H_DIRECT_TEST;Директ тест;DIRECT_TEST;1;15;0;estlugansk.ru|lugansk.taxi|yandex.ru|600.taxi|www.avito.ru|dzen.ru|arteltaxi.ru|959.xn--p1ai|vk.com|uslugi.yandex.ru|ok.ru|taxi-alliance.turbo.site|t.me|deshevotaxi.ru|www.rustore.ru|perevozka24.com|horeca-lg.ru|taksi-gorod.ru|taxigoroda.ru|apps.apple.com|lugansk.taksi24.taxi|lugansk.sky-transfer.ru|lugansk.taxi24h.ru|lugansk.taxiarkadiya.ru|takse.ru|taxi-lugansk.ru|434.taxi|taxi-lnr.ru|zvs-lg.ru|lugansk.spravker.ru;Луганск;Воронеж;15900
ivanovo-kovrov;old;23;5;SEO;F_AUTOPILOT;SEO автопилот;SEO_AUTOPILOT;0;8;0;taxi533.ru|mezhgorod-taksi.ru|taxi555.ru|rustransfer.org|city2city.ru|www.taxi2000.ru|taxi.drive-luxe.ru|taksisvo.ru|www.mezhgorod.taxi|1taxopark.ru;Иваново;Ковров;4300
novosibirsk-cherepanovo;old;23;;SEO;F_AUTOPILOT;SEO автопилот;SEO_AUTOPILOT;1;19;0;go.yandex|catalogtaksi.ru|taxi555.ru|willway.ru|1taxopark.ru|taksi-gorod.ru|www.mezhgorod.taxi|www.taxi2000.ru|taxi.drive-luxe.ru|taxivezde.ru|mezhgorod-taksi.ru|takse.ru|obltaxi.ru|deshevotaxi.ru|rustransfer.org|ru-travel.org|jupiter-tmc.ru|www.taxi-love.ru|viptaxinsk.ru|www.taxi-rokada.ru|alfa-taxi154.ru|vk.com|cherepanovo.taximaxim.ru|royalcars54.ru|novosibirsk.nashaspravka.ru|starcars54.ru|www.transfer154.ru|taxisiberia.ru|taxi-novosibirsk-novosibirsk-oblast-ru.taxigator.ru|www.intui.travel;Новосибирск;Черепаново;3500
bryansk-trubchevsk;old;23;;SEO;F_AUTOPILOT;SEO автопилот;SEO_AUTOPILOT;0;7;0;deshevotaxi.ru|taxi555.ru|www.taxi2000.ru|catalogtaksi.ru|1taxopark.ru|taksisvo.ru|taksi-gorod.ru|taxi.drive-luxe.ru|yandex.ru|xn----7sbyhcmnbsdikx.xn--p1ai;Брянск;Трубчевск;3000
tomsk-omsk;old;23;2;DIRECT;H_DIRECT_TEST;Директ тест;DIRECT_TEST;1;21;0;1taxopark.ru|city2city.ru|obltaxi.ru|taxi555.ru|taxi.drive-luxe.ru|taxivezde.ru|rustransfer.org|vse-taxi.com|jupiter-tmc.ru|www.taxi-love.ru|catalogtaksi.ru|royalcars54.ru|taxi-tomsk-tomsk-oblast-ru.taxigator.ru|transfergid.ru|perevozka24.com|tomsk.sky-transfer.ru|vk.com|catalogtaxi.ru|taxi-omsk-tomsk.orgs.biz|mezhgorod-taksi.ru|deshevotaxi.ru|taksi-gorod.ru|taxi533.ru|tomx.ru|mezhgorod-rf.ru|www.taxi2000.ru|taxi24online.ru|taxi-russia.su|m.avito.ru|2gis.ru;Томск;Омск;26800
yaroslavl-krasnyj-xolm;old;23;3;SEO;F_AUTOPILOT;SEO автопилот;SEO_AUTOPILOT;2;19;0;transfers.unitaxi.ru|kiwitaxi.ru|city2city.ru|taxi555.ru|taksisvo.ru|1taxopark.ru|www.taxi2000.ru|taxi.drive-luxe.ru|taksi-gorod.ru|www.taxi-love.ru|www.taxi-rokada.ru|www.intui.travel|taxi-yaroslavl-yaroslavl-oblast-ru.taxigator.ru|ubitaxi.ru|catalogtaksi.ru|routes.votpusk.ru|takse.ru|mezhgorod-taksi.ru|deshevotaxi.ru|mejgorodtaxi.ru|mobilodeon.ru|taksi-services.ru|taxi-mezhgorod24.ru|vk.com|rustransfer.org|jupiter-tmc.ru|carsrent.ru|mezhdugorodnee-taksi.ru|taxi.yandex.ru|doberemsya.net;Ярославль;Красный Холм;6800
ivanovo-privolzhsk;old;23;;SEO;F_AUTOPILOT;SEO автопилот;SEO_AUTOPILOT;0;9;0;catalogtaksi.ru|ab-taxi.ru|www.taxi2000.ru|taxi555.ru|rustransfer.org|taxi.drive-luxe.ru|taksisvo.ru|1taxopark.ru|obltaxi.ru|taxivezde.ru;Иваново;Приволжск;2000
ulyanovsk-nizhnij-novgorod;old;23;;DIRECT;H_DIRECT_TEST;Директ тест;DIRECT_TEST;1;24;0;www.avito.ru|ulyanovsk.taxi24h.ru|taxi-russia.su|ulyanovsk.yalta-24.taxi|taxi533.ru|taxi555.ru|taksi-gorod.ru|taksisvo.ru|1taxopark.ru|vse-taxi.com|www.mezhgorod.taxi|taxi.drive-luxe.ru|taxivezde.ru|rustransfer.org|taxi-cosmos.ru|ulyanovsk.taxi-krim.com|jupiter-tmc.ru|taxigorkovskoe.ru|www.taxi-love.ru|catalogtaxi.ru|deshevotaxi.ru|mezhgorod-taksi.ru|ulyanovsk.simferopol-aeroport.taxi|bibi-bot.ru|1tmehgorod.ru|mejgorodtaxi.ru|ulyanovsk.taxiarkadiya.ru|unit-transfer.ru|taxi.yandex.ru|www.rome2rio.com;Ульяновск;Нижний Новгород;13000
valuyki-voronezh;old;23;;SEO;F_AUTOPILOT;SEO автопилот;SEO_AUTOPILOT;1;21;0;yandex.ru|zoon.ru|taxi.yandex.ru|2gis.ru|www.avito.ru|taxi-nomera.ru|rutaxist.ru|vk.com|uslugi.yandex.ru|perevozka24.com|vse-taxi.com|taximaxim.ru|taxigoroda.ru|valuyki.taxiarkadiya.ru|intaxi.ru|uslugio.com|taxieconom.ru|taxitops.ru|spravkataxi.ru|belgorod.spravker.ru|taxi-nomer.ru|taxi24online.ru|deshevotaxi.ru|catalogtaksi.ru|taksi-valujki-31.clients.site|russiantaxi-valuiki.clients.site|taxi-po-svetu.ru|xn-----6kcbqgcdjrv0afza5ajp5i.xn--p1ai|taksi-valujki-mezhdugorodnee.clients.site|taksi-gorod.ru;Валуйки;Воронеж;7000
perm-chusovoj;old;23;;SEO;F_AUTOPILOT;SEO автопилот;SEO_AUTOPILOT;1;21;0;uralavtotaxi.ru|deshevotaxi.ru|1taxopark.ru|taksisvo.ru|taxi555.ru|taxi24online.ru|www.taxi2000.ru|www.mezhgorod.taxi|taxi-perm.su|catalogtaksi.ru|taxivezde.ru|takse.ru|obltaxi.ru|www.taxi-love.ru|transfers.unitaxi.ru|rustransfer.org|jupiter-tmc.ru|xn----7sbp3acjidhfbkt.su|www.perm-taxi-region.ru|mejgorodtaxi.ru|www.avito.ru|mezhgorod-taksi.ru|taxi-perm-perm-krai-ru.taxigator.ru|taksi-gorod.ru|taxi-realtransfer-mejgorod.ru|uslugi.yandex.ru|vk.com|xn--80aaahzdndlon5ak.xn--p1ai|taxinomerok.ru|2gis.ru;Пермь;Чусовой;4000
kirov-uxta;old;23;;DIRECT;H_DIRECT_TEST;Директ тест;DIRECT_TEST;1;21;0;vk.com|1taxopark.ru|taxi555.ru|taxi-russia.su|rustransfer.org|taxivezde.ru|www.mezhgorod.taxi|obltaxi.ru|jupiter-tmc.ru|www.taxi-love.ru|deshevotaxi.ru|catalogtaxi.ru|routes43.ru|www.taxi43-11.ru|taxi-nomera.ru|vse-taxi.com|www.rome2rio.com|mobilodeon.ru|transfergid.ru|taxi-kirov-kirov-oblast-ru.taxigator.ru|www.avito.ru|taksikirov.ru|mezhgorod-taksi.ru|mejgorodtaxi.ru|takse.ru|taxi-mini.ru|xn---40-edd3al3ap.xn--80akxkdedu.xn--p1acf|taxi.drive-luxe.ru|taksi-gorod.ru|catalogtaksi.ru;Киров;Ухта;22000
samara-belgorod;old;23;;DIRECT;H_DIRECT_TEST;Директ тест;DIRECT_TEST;0;26;0;kubtaxi.ru|xn----7sbabxukdmwuiegm.xn--p1ai|dzen.ru|taxi24online.ru|taksi-gorod.ru|samara.taksi24.taxi|tratatur.ru|samara.taxi24h.ru|taxi533.ru|samara.yalta-24.taxi|taxi-ug.ru|samara.sevastopol24.taxi|taksisvo.ru|taxi555.ru|samara.taxi-krim.com|ug.taxi|www.mezhgorod.taxi|rustransfer.org|taxi.drive-luxe.ru|samara.aeroport-simferopol.taxi|unit-transfer.ru|onlinetaxi.su|taxivezde.ru|samara.simferopol-aeroport.taxi|obltaxi.ru|www.taxi-love.ru|catalogtaksi.ru|deshevotaxi.ru|vse-taxi.com|xn-----6kcj2al3blgik3i.xn--p1ai;Самара;Белгород;36000
penza-cheboksary;old;23;2;DIRECT;H_DIRECT_TEST;Директ тест;DIRECT_TEST;0;23;0;penza.taxi24h.ru|city2city.ru|penza.taksi24.taxi|penza.sevastopol24.taxi|taxi533.ru|taxi555.ru|taxi-russia.su|taxi.drive-luxe.ru|mezhgorod-rf.ru|taxiarkadiya.ru|vse-taxi.com|rustransfer.org|penza.taxi-krim.com|taxivezde.ru|obltaxi.ru|www.mezhgorod.taxi|catalogtaksi.ru|www.taxi-love.ru|taxi-cosmos.ru|jupiter-tmc.ru|onlinetaxi.su|penza.aeroport-simferopol.taxi|vk.com|penza.simferopol-aeroport.taxi|deshevotaxi.ru|mejgorodtaxi.ru|mobilodeon.ru|xn--80ajgxi.xn--80akxkdedu.xn--p1acf|mezhgorod-taksi.ru|www.rome2rio.com;Пенза;Чебоксары;14100
petrozavodsk-medvezhegorsk;old;23;3;SEO;F_AUTOPILOT;SEO автопилот;SEO_AUTOPILOT;2;19;0;1taxopark.ru|taxi555.ru|city2city.ru|taxi.drive-luxe.ru|deshevotaxi.ru|catalogtaxi.ru|taksi-gorod.ru|rustransfer.org|taxivezde.ru|www.taxi2000.ru|catalogtaksi.ru|mejgorodtaxi.ru|mezhgorod-taksi.ru|takse.ru|obltaxi.ru|www.taxi-love.ru|www.intui.travel|vtstaxi.ru|ru-travel.org|jupiter-tmc.ru|taxi-petrozavodsk-republic-of-karelia-ru.taxigator.ru|taxi-russia.ru|taxi-mezhgorod24.ru|internet-taksi.ru|vk.com|xn--80afdpcl3cf.xn--p1ai|cheap-taxi24.ru|m.avito.ru|www.rome2rio.com|xn--24-6kc6aj8ahcgi.xn--p1ai;Петрозаводск;Медвежьегорск;5300
omsk-tomsk;old;23;2;DIRECT;H_DIRECT_TEST;Директ тест;DIRECT_TEST;1;19;0;taksi-gorod.ru|city2city.ru|1taxopark.ru|www.mezhgorod.taxi|obltaxi.ru|ab-taxi.ru|taxi533.ru|taxivezde.ru|taxi.drive-luxe.ru|rustransfer.org|deshevotaxi.ru|jupiter-tmc.ru|vse-taxi.com|catalogtaxi.ru|www.taxi-love.ru|taxi-russia.su|vk.com|www.avito.ru|perevozka24.com|omsk.taxovichkof.ru|club207623366.orgs.biz|xn--j1adfn.xn--80akxkdedu.xn--p1acf|royalcars54.ru|catalogtaksi.ru|taxi-omsk-omsk-oblast-ru.taxigator.ru|omsk.bt-one.ru|2gis.ru|taxi.yandex.ru|mezhgorod-taksi.ru|taxi24online.ru;Омск;Томск;26800
moskva-murmansk;old;23;8;DIRECT;H_DIRECT_TEST;Директ тест;DIRECT_TEST;1;20;0;sky-transfer.ru|unit-transfer.ru|ugtaxi.ru|taksi-gorod.ru|oldtaxi.ru|cabway.ru|www.mezhgorod.taxi|city2city.ru|taxivezde.ru|1taxopark.ru|1tmehgorod.ru|mos.taxitoday.ru|mezhgorod-taksi.ru|mezhgorod-rf.ru|taksi777.ru|radartaxi.ru|xn--80akxkdedu.xn--p1acf|www.avito.ru|mezhgorod-taxi.ru|moskva.taxideshevo.com|unit21.ru|vse-taxi.com|deshevotaxi.ru|mejgorodtaxi.ru|taksi-services.ru|izvozchik.su|transferug.ru|mobilodeon.ru|mezhdugorodnee-taxi.ru|taxi555.ru;Москва;Мурманск;57400
barnaul-tomsk;old;23;10;DIRECT;H_DIRECT_TEST;Директ тест;DIRECT_TEST;0;7;0;barnaul.sky-transfer.ru|royalcars54.ru|obltaxi.ru|willway.ru|catalogtaksi.ru|www.mezhgorod.taxi|rustransfer.org|onlinetaxi.su|taxi.drive-luxe.ru|city2city.ru;Барнаул;Томск;14700
astraxan-kamyzyak;old;23;10;SEO;F_AUTOPILOT;SEO автопилот;SEO_AUTOPILOT;0;6;0;deshevotaxi.ru|kubtaxi.ru|ab-taxi.ru|taxi-ug.ru|tratatur.ru|1taxopark.ru|taxi555.ru|taxi.drive-luxe.ru|yandex.ru|city2city.ru;Астрахань;Камызяк;3000
moskva-kolchugino;new;22;;NONE;Z_LOW_PRIORITY;Низкий приоритет (новые);LOW_PRIORITY;9;18;0;taxi555.ru|www.taxi2000.ru|taxi-mobil.ru|www.mezhgorod.taxi|ugtaxi.ru|www.taximasters.ru|wing-taxi.ru|taxivezde.ru|ab-taxi.ru|www.taxi-love.ru;;;
moskva-olenino;new;22;;NONE;Z_LOW_PRIORITY;Низкий приоритет (новые);LOW_PRIORITY;19;8;2;mb-taxi.ru|taxi555.ru|taksi777.ru|taxi.drive-luxe.ru|taksi-gorod.ru|1taxopark.ru|taxivezde.ru|taksisvo.ru|www.taxi-love.ru|obltaxi.ru;;;
moskva-petrovskij;new;22;1;NONE;Z_LOW_PRIORITY;Низкий приоритет (новые);LOW_PRIORITY;12;16;2;city2city.ru|www.mezhgorod.taxi|ugtaxi.ru|1taxopark.ru|taximoskva.com|taxi-mobil.ru|taxi555.ru|www.taxi-love.ru|wing-taxi.ru|taxi.yandex.ru;;;
moskva-tolyatti;new;22;;NONE;Z_LOW_PRIORITY;Низкий приоритет (новые);LOW_PRIORITY;8;22;0;msk.taxiarkadiya.ru|moskva.taxi24h.ru|www.taxi2000.ru|ugtaxi.ru|taxi-mobil.ru|moskva.sevastopol24.taxi|taxi533.ru|moskva.taksi24.taxi|1taxopark.ru|msk.taxi;;;
sankt-peterburg-pushkino;new;22;;NONE;Z_LOW_PRIORITY;Низкий приоритет (новые);LOW_PRIORITY;16;11;3;taxi.yandex.ru|pushkin.taxovichkof.ru|yandex.ru|taxi-po-puti.ru|www.yell.ru|city-mobil.ru|taxi628.ru|2gis.ru|uslugi.yandex.ru|taxideshevo.com;;;
krasnodar-bryuxoveczkaya;new;22;;NONE;Z_LOW_PRIORITY;Низкий приоритет (новые);LOW_PRIORITY;16;13;2;kubtaxi.ru|tratatur.ru|taxi-ug.ru|ugtaxi.ru|perfect-taxi.ru|taksi-gorod.ru|1taxopark.ru|centertaxi-krd.ru|geltaxi.ru|www.krd-taxi.ru;;;
krasnoyarsk-sovetskij;new;22;;NONE;Z_LOW_PRIORITY;Низкий приоритет (новые);LOW_PRIORITY;16;4;3;2gis.ru|yandex.ru|www.yell.ru|zoon.ru|uslugi.yandex.ru|krasnoyarsk.spravker.ru|krasnoyarsk.taximaxim.ru|krasnoyarsk.jsprav.ru|m.avito.ru|kras.ayle.ru;;;
kirov-morshansk;new;22;1;NONE;Z_LOW_PRIORITY;Низкий приоритет (новые);LOW_PRIORITY;17;8;4;city2city.ru|rustransfer.org|deshevotaxi.ru|takse.ru|taxi-mini.ru|mejgorodtaxi.ru|mezhgorod-taksi.ru|catalogtaksi.ru|mobilodeon.ru|taksisvo.ru;;;
lipeczk-chaplygin;new;22;;NONE;Z_LOW_PRIORITY;Низкий приоритет (новые);LOW_PRIORITY;19;9;1;kubtaxi.ru|tratatur.ru|taxi555.ru|catalogtaksi.ru|taxi-ug.ru|1taxopark.ru|taxi.drive-luxe.ru|www.taxi2000.ru|taxivezde.ru|taksisvo.ru;;;
nizhnij-novgorod-ufa;new;22;;NONE;Z_LOW_PRIORITY;Низкий приоритет (новые);LOW_PRIORITY;13;13;0;nizhniy-novgorod.taxi24h.ru|unit-transfer.ru|taksi-gorod.ru|taxigorkovskoe.ru|taksisvo.ru|www.mezhgorod.taxi|nizhniy-novgorod.taksi24.taxi|taxi-russia.su|taxivezde.ru|nizhniy-novgorod.taxi-krim.com;;;
tomsk-novokuznetsk;new;22;;NONE;Z_LOW_PRIORITY;Низкий приоритет (новые);LOW_PRIORITY;21;7;2;taksi-gorod.ru|catalogtaksi.ru|taxi533.ru|taxi555.ru|www.mezhgorod.taxi|1taxopark.ru|vk.com|taxi.drive-luxe.ru|taxivezde.ru|taxi-russia.su;;;
saratov-redkino;new;22;15;NONE;Z_LOW_PRIORITY;Низкий приоритет (новые);LOW_PRIORITY;16;9;3;taksisvo.ru|deshevotaxi.ru|mejgorodtaxi.ru|mezhgorod-taksi.ru|uslugi.yandex.ru|xn--80aag1ciek.xn--80akxkdedu.xn--p1acf|www.avito.ru|catalogtaksi.ru|taxi.yandex.ru|perevozka24.com;;;
smolensk-bor;new;22;16;NONE;Z_LOW_PRIORITY;Низкий приоритет (новые);LOW_PRIORITY;17;10;3;taksisvo.ru|deshevotaxi.ru|jupiter-tmc.ru|transfer67.ru|mejgorodtaxi.ru|vse-taxi.com|mezhgorod-taksi.ru|mobilodeon.ru|taxi-mezhgorod24.ru|taxi-smolensk-smolensk-oblast-ru.taxigator.ru;;;
ekaterinburg-bogdanovich;new;22;;NONE;Z_LOW_PRIORITY;Низкий приоритет (новые);LOW_PRIORITY;20;3;0;xn-----6kccfjdehdbgxjti1a2ala5bhdewr6a.xn--p1ai|www.taxi2000.ru|nexttax.ru|kiwitaxi.ru|taxivezde.ru|www.mezhgorod.taxi|taxi.drive-luxe.ru|catalogtaksi.ru|1taxopark.ru|willway.ru;;;
chelyabinsk-kasli;new;22;;NONE;Z_LOW_PRIORITY;Низкий приоритет (новые);LOW_PRIORITY;22;2;1;taxidesyatka.ru|driver174.ru|taxi555.ru|taxi.drive-luxe.ru|www.taxi2000.ru|taxivezde.ru|takse.ru|1taxopark.ru|deshevotaxi.ru|taksi-gorod.ru;;;
yaroslavl-cherepovecz;new;22;;NONE;Z_LOW_PRIORITY;Низкий приоритет (новые);LOW_PRIORITY;17;13;0;taxi533.ru|yatransfer76.ru|taxi555.ru|www.mezhgorod.taxi|catalogtaksi.ru|taxi.drive-luxe.ru|taxi-cosmos.ru|taksisvo.ru|1taxopark.ru|www.intui.travel;;;
habarovsk-jakutsk;old;22;6;DIRECT;H_DIRECT_TEST;Директ тест;DIRECT_TEST;1;4;0;2gis.ru|taksi-gorod.ru|vse-taxi.com|catalogtaksi.ru|mezhgorod-rf.ru|city2city.ru|takse.ru|mejgorodtaxi.ru|www.avito.ru|xn--80aacf4bwnk3a.xn--80akxkdedu.xn--p1acf;Хабаровск;Якутск;69900
ivanovo-rodniki;old;22;6;SEO;F_AUTOPILOT;SEO автопилот;SEO_AUTOPILOT;0;7;0;deshevotaxi.ru|taxi555.ru|catalogtaksi.ru|taxi.drive-luxe.ru|1taxopark.ru|city2city.ru|taksisvo.ru|www.taxi2000.ru|taxivezde.ru|takse.ru;Иваново;Родники;3000
vologda-vytegra;old;22;;SEO;F_AUTOPILOT;SEO автопилот;SEO_AUTOPILOT;0;21;0;catalogtaksi.ru|taxi555.ru|www.taxi2000.ru|taxi.drive-luxe.ru|obltaxi.ru|1taxopark.ru|www.mezhgorod.taxi|yandex.ru|taksisvo.ru|deshevotaxi.ru|takse.ru|rustransfer.org|jupiter-tmc.ru|www.taxi-rokada.ru|ru-travel.org|www.taxi-love.ru|transfer35.ru|vtstaxi.ru|internet-taksi.ru|taxi-russia.ru|mobilodeon.ru|xn--80adde7arb.xn--80akxkdedu.xn--p1acf|mejgorodtaxi.ru|taxi-mezhgorod24.ru|mezhgorod-taksi.ru|xn--24-6kc6aj8ahcgi.xn--p1ai|taxi-nomera.ru|transfergid.ru|taxitaksi.ru|www.rome2rio.com;Вологда;Вытегра;9500
kaluga-meshhovsk;old;22;;SEO;F_AUTOPILOT;SEO автопилот;SEO_AUTOPILOT;0;8;0;kubtaxi.ru|tratatur.ru|catalogtaksi.ru|taxi-ug.ru|taxi555.ru|taksisvo.ru|xn----7sbyhcmnbsdikx.xn--p1ai|taxi.drive-luxe.ru|taxivezde.ru|ab-taxi.ru;Калуга;Мещовск;2500
volgograd-kazan;old;22;;DIRECT;H_DIRECT_TEST;Директ тест;DIRECT_TEST;1;26;0;ugtaxi.ru|kubtaxi.ru|taksi-gorod.ru|volgograd.taxi24h.ru|tratatur.ru|taxi-ug.ru|taxi533.ru|unit-transfer.ru|taxi555.ru|volgograd.taksi24.taxi|turtransfer.ru|taksisvo.ru|ug.taxi|www.mezhgorod.taxi|mezhgorod-rf.ru|taxi.drive-luxe.ru|obltaxi.ru|taxivezde.ru|catalogtaksi.ru|www.taxi-love.ru|mejgorodtaxi.ru|rustransfer.org|taxi-cosmos.ru|radartaxi.ru|volgograd.simferopol-aeroport.taxi|www.transfer34.ru|jupiter-tmc.ru|www.avito.ru|volgograd.taxi-krim.com|deshevotaxi.ru;Волгоград;Казань;31500
krasnodar-saratov;old;22;7;DIRECT;H_DIRECT_TEST;Директ тест;DIRECT_TEST;1;24;0;ug.taxi|taksi-gorod.ru|krasnodar.taxi24h.ru|kubtaxi.ru|perfect-taxi.ru|krasnodar.taksi24.taxi|city2city.ru|taxi533.ru|ugtaxi.ru|1taxopark.ru|catalogtaksi.ru|msk.taxi|sochi.taxi|taksisvo.ru|www.mezhgorod.taxi|krasnodar.simferopol-aeroport.taxi|www.avito.ru|rustransfer.org|krasnodar.aeroport-simferopol.taxi|mezhgorod-rf.ru|krasnodar.taxi-krim.com|taxi-cosmos.ru|taxivezde.ru|www.taxi-love.ru|obltaxi.ru|jupiter-tmc.ru|taxiaero-simferopol.ru|radartaxi.ru|vse-taxi.com|1tmehgorod.ru;Краснодар;Саратов;32700
tula-voronezh;old;22;11;DIRECT;H_DIRECT_TEST;Директ тест;DIRECT_TEST;1;23;0;kubtaxi.ru|1taxopark.ru|taksi-gorod.ru|www.avito.ru|tula.taxi24h.ru|xn----7sbbu0aptdhddiv.xn--p1ai|tratatur.ru|tula.taksi24.taxi|catalogtaksi.ru|www.taxi2000.ru|city2city.ru|taxigorkovskoe.ru|ug.taxi|taxi555.ru|taxi-ug.ru|mejgorod-taxi.ru|taxi533.ru|taxivezde.ru|rustransfer.org|taxi-cosmos.ru|mezhgorod-rf.ru|www.taxi-rokada.ru|www.mezhgorod.taxi|taksisvo.ru|tula.taxi-krim.com|jupiter-tmc.ru|tula.aeroport-simferopol.taxi|deshevotaxi.ru|transfer71.ru|voronezh.sky-transfer.ru;Тула;Воронеж;10400
novosibirsk-kyzyl;old;22;5;DIRECT;H_DIRECT_TEST;Директ тест;DIRECT_TEST;1;16;0;vk.com|taksi-gorod.ru|taxi533.ru|ugtaxi.ru|city2city.ru|mezhgorod-rf.ru|rustransfer.org|taxi-russia.su|vse-taxi.com|transferug.ru|onlinetaxi.su|deshevotaxi.ru|catalogtaksi.ru|xn----8sbba8abcp7dh.xn--p1ai|mezhgorod-taksi.ru|xn--90absbknhbvge.xn--80akxkdedu.xn--p1acf|radartaxi.ru|invite.viber.com|transfergid.ru|ridesharing.biletyplus.ru|royalcars54.ru|starcars54.ru|taxi.yandex.ru|m.avito.ru|sky-transfer.ru|uslugi.yandex.ru|www.transfer154.ru|doberemsya.net|kudanado.by|go.yandex;Новосибирск;Кызыл;38700
krasnodar-nalchik;old;22;;DIRECT;H_DIRECT_TEST;Директ тест;DIRECT_TEST;2;21;0;kubtaxi.ru|tratatur.ru|taxi-ug.ru|ugtravel.com|vezet-go.ru|taxi533.ru|taxi.transferplustravel.com|willway.ru|rustransfer.org|geltaxi.ru|www.avito.ru|sochi.taxi|krasnodarskoe-taxi.ru|www.krd-taxi.ru|www.intui.travel|msk.taxi|mezhgorod-rf.ru|taxi-kuban.ru|www.taxisea.ru|transferug.ru|taxi-cosmos.ru|onlinetaxi.su|catalogtaxi.ru|jupiter-tmc.ru|www.rome2rio.com|vse-taxi.com|mejgorodtaxi.ru|taxiaero-simferopol.ru|transfer-tur.ru|deshevotaxi.ru;Краснодар;Нальчик;15000
perm-nytva;old;22;2;SEO;F_AUTOPILOT;SEO автопилот;SEO_AUTOPILOT;2;16;0;taxi555.ru|city2city.ru|1taxopark.ru|deshevotaxi.ru|taxi-perm.su|taxi.drive-luxe.ru|taxi-realtransfer-mejgorod.ru|taksisvo.ru|catalogtaksi.ru|taxivezde.ru|takse.ru|www.taxi2000.ru|www.rome2rio.com|rustransfer.org|www.taxi-love.ru|jupiter-tmc.ru|ru-travel.org|mejgorodtaxi.ru|www.intui.travel|mezhgorod-taksi.ru|xn----7sbp3acjidhfbkt.su|taxi-perm-perm-krai-ru.taxigator.ru|www.perm-taxi-region.ru|xn--e1aohf5d.xn--80akxkdedu.xn--p1acf|xn--80aaahzdndlon5ak.xn--p1ai|xn--159-5cd4bl3cf.xn--p1ai|taxinomerok.ru|xn----7sbyhmmrebi.xn--p1ai|vk.com|www.avito.ru;Пермь;Нытва;3200
murmansk-kola;old;22;;SEO;F_AUTOPILOT;SEO автопилот;SEO_AUTOPILOT;1;17;0;yandex.ru|deshevotaxi.ru|catalogtaksi.ru|www.mezhgorod.taxi|www.taxi2000.ru|taxi.drive-luxe.ru|taxivezde.ru|1taxopark.ru|taksi-gorod.ru|rustransfer.org|obltaxi.ru|zoon.ru|2gis.ru|catalogtaxi.ru|mejgorodtaxi.ru|www.yell.ru|ru-travel.org|www.hibiny.ru|mezhgorod-taksi.ru|apps.apple.com|www.taxi-love.ru|www.intui.travel|taxi-murmansk-murmansk-oblast-ru.taxigator.ru|vk.com|uslugi.yandex.ru|kola.jsprav.ru|taxi-nomera.ru|murmansk.spravker.ru|intaxi.ru|spravkataxi.ru;Мурманск;Кола;2000
kazan-salavat;old;22;10;DIRECT;H_DIRECT_TEST;Директ тест;DIRECT_TEST;0;6;0;vk.com|taxi.drive-luxe.ru|1taxopark.ru|www.mezhgorod.taxi|transfer-kazan.ru|taxi555.ru|taxi-kazan.su|ugtaxi.ru|mezhgorod.pro|city2city.ru;Казань;Салават;19800
saratov-ershov;old;22;2;SEO;F_AUTOPILOT;SEO автопилот;SEO_AUTOPILOT;2;21;0;kubtaxi.ru|city2city.ru|taxi555.ru|taxi-ug.ru|tratatur.ru|obltaxi.ru|1taxopark.ru|taxi.drive-luxe.ru|www.mezhgorod.taxi|www.taxi-love.ru|catalogtaksi.ru|taxi-cosmos.ru|deshevotaxi.ru|rustransfer.org|taxi-russia.su|jupiter-tmc.ru|mejgorodtaxi.ru|uslugi.yandex.ru|mb-taxi.ru|taxi-lider64.ru|mezhgorod-taksi.ru|order-taxi.ru|taksisvo.ru|www.taxi2000.ru|regionaltaxi.ru|takse.ru|xn----7sbyhcmnbsdikx.xn--p1ai|taxivezde.ru|www.intui.travel|www.avito.ru;Саратов;Ершов;5900
ekaterinburg-snezhinsk;old;22;;SEO;F_AUTOPILOT;SEO автопилот;SEO_AUTOPILOT;1;6;0;nexttax.ru|xn-----6kccfjdehdbgxjti1a2ala5bhdewr6a.xn--p1ai|1taxopark.ru|catalogtaxi.ru|taxi.drive-luxe.ru|www.avito.ru|taxi555.ru|catalogtaksi.ru|taksi-ekb.ru|rustransfer.org;Екатеринбург;Снежинск;3000
kyzyl-novosibirsk;old;22;4;DIRECT;H_DIRECT_TEST;Директ тест;DIRECT_TEST;1;16;0;vk.com|ugtravel.com|taxi533.ru|city2city.ru|taksi-gorod.ru|rustransfer.org|catalogtaksi.ru|jupiter-tmc.ru|deshevotaxi.ru|vse-taxi.com|onlinetaxi.su|transferug.ru|transfergid.ru|mezhgorod-taksi.ru|dts.limo|ridesharing.biletyplus.ru|taxi-russia.su|perevozka24.com|2gis.ru|takse.ru|taxi.yandex.ru|xn--90absbknhbvge.xn--80akxkdedu.xn--p1acf|uslugio.com|catalogtaxi.ru|www.avito.ru|www.transfer154.ru|nomera-taksi.ru|doberemsya.net|x788ap17rus.orgs.biz|xn--d1abb2a.xn--p1ai;Кызыл;Новосибирск;38600
ufa-nizhnij-novgorod;old;22;6;DIRECT;H_DIRECT_TEST;Директ тест;DIRECT_TEST;0;27;0;ufa.sky-transfer.ru|www.mezhgorod.taxi|ufa.taxi24h.ru|taxi555.ru|taxiufa.ru|city2city.ru|taxi533.ru|ug.taxi|rustransfer.org|taksi-gorod.ru|taxivezde.ru|taxi24online.ru|taxi.drive-luxe.ru|taximini-ufa.ru|ufa.yalta-24.taxi|ufa.taxi-krim.com|taksisvo.ru|mezhgorod-rf.ru|jupiter-tmc.ru|toptaxi.org|ufa.aeroport-simferopol.taxi|www.taxi-love.ru|taxi-cosmos.ru|obltaxi.ru|taxibulgakovo.ru|www.transfer02.ru|catalogtaksi.ru|ufa.simferopol-aeroport.taxi|taxiufa.com|taxi-mini.ru;Уфа;Нижний Новгород;28200
voronezh-tula;old;22;;DIRECT;H_DIRECT_TEST;Директ тест;DIRECT_TEST;0;26;0;voronezh.sky-transfer.ru|kubtaxi.ru|tratatur.ru|voronezh.taxi24h.ru|taksi-gorod.ru|1taxopark.ru|www.taxi-love.ru|voronezh.taksi24.taxi|taxi555.ru|taxi-ug.ru|voronezh.sevastopol24.taxi|rustransfer.org|taxi.drive-luxe.ru|vip-888.ru|www.mezhgorod.taxi|cabway.ru|catalogtaksi.ru|taxi-russia.su|voronezh.taxi-krim.com|taxi533.ru|mejgorod-taxi.ru|taksisvo.ru|voronezh.aeroport-simferopol.taxi|ug.taxi|unit-transfer.ru|taxivezde.ru|vse-taxi.com|taxigorkovskoe.ru|voronezh.simferopol-aeroport.taxi|obltaxi.ru;Воронеж;Тула;10500
bryansk-karachev;old;22;3;SEO;F_AUTOPILOT;SEO автопилот;SEO_AUTOPILOT;0;7;0;catalogtaksi.ru|taxi555.ru|city2city.ru|taxi.drive-luxe.ru|1taxopark.ru|www.rome2rio.com|deshevotaxi.ru|taxivezde.ru|taksi-services.ru|taksisvo.ru;Брянск;Карачев;3000
novosibirsk-abakan;old;22;;DIRECT;H_DIRECT_TEST;Директ тест;DIRECT_TEST;1;23;0;sky-transfer.ru|royalcars54.ru|starcars54.ru|ugtaxi.ru|taksi-gorod.ru|taxi533.ru|taxi555.ru|rustransfer.org|www.taxi2000.ru|taxi.drive-luxe.ru|obltaxi.ru|mezhgorod-rf.ru|jupiter-tmc.ru|taxivezde.ru|www.taxi-love.ru|onlinetaxi.su|taxi-russia.su|vse-taxi.com|deshevotaxi.ru|transferug.ru|www.intui.travel|alfa-taxi154.ru|mezhgorod-taksi.ru|catalogtaksi.ru|minibus.biletyplus.ru|taxisiberia.ru|www.transfer154.ru|www.mezhgorod-taxi-novosibirsk.ru|vk.com|transfergid.ru;Новосибирск;Абакан;29500
kazan-kukmor;old;22;10;SEO;F_AUTOPILOT;SEO автопилот;SEO_AUTOPILOT;0;7;0;mezhgorod.pro|taxi-kazan.su|taxi555.ru|1taxopark.ru|taxi-kazan.com|taxi.drive-luxe.ru|taksisvo.ru|www.taxi2000.ru|unit-transfer.ru|city2city.ru;Казань;Кукмор;5100
lipeczk-zadonsk;old;22;;SEO;F_AUTOPILOT;SEO автопилот;SEO_AUTOPILOT;1;23;0;kubtaxi.ru|catalogtaksi.ru|taxi-ug.ru|taxi555.ru|tratatur.ru|1taxopark.ru|ab-taxi.ru|taxi.drive-luxe.ru|taksisvo.ru|taxivezde.ru|rustransfer.org|www.taxi2000.ru|takse.ru|www.taxi-rokada.ru|obltaxi.ru|www.taxi-love.ru|deshevotaxi.ru|mb-taxi.ru|mejgorodtaxi.ru|taksi-services.ru|mezhgorod-taksi.ru|mezhdugorodnee-taxi24.ru|m.avito.ru|transfer48.ru|mezhdugorodnee-taksi.ru|ru-travel.org|transfergid.ru|mobilodeon.ru|taxi.yandex.ru|xn--e1afhbv7b.xn--80akxkdedu.xn--p1acf;Липецк;Задонск;2000
perm-ochyor;old;22;;SEO;F_AUTOPILOT;SEO автопилот;SEO_AUTOPILOT;2;18;0;takse.ru|catalogtaksi.ru|uralavtotaxi.ru|taksisvo.ru|taxivezde.ru|taxi555.ru|obltaxi.ru|www.mezhgorod.taxi|www.taxi2000.ru|1taxopark.ru|deshevotaxi.ru|www.taxi-rokada.ru|www.taxi-love.ru|mejgorodtaxi.ru|www.perm-taxi-region.ru|www.intui.travel|mezhgorod-taksi.ru|taxi-perm-perm-krai-ru.taxigator.ru|mobilodeon.ru|perm.perivoz.ru|www.rome2rio.com|xn--80aaahzdndlon5ak.xn--p1ai|xn----7sbyhmmrebi.xn--p1ai|taxi-realtransfer-mejgorod.ru|xn--e1aohf5d.xn--80akxkdedu.xn--p1acf|xn--159-5cd4bl3cf.xn--p1ai|taxinomerok.ru|www.avito.ru|2gis.ru|taxi-perm.su;Пермь;Очёр;3500
xanty-mansijsk-pyt-yax;old;22;3;SEO;F_AUTOPILOT;SEO автопилот;SEO_AUTOPILOT;2;20;0;catalogtaksi.ru|taxi555.ru|city2city.ru|www.mezhgorod.taxi|rustransfer.org|taxi.drive-luxe.ru|obltaxi.ru|1taxopark.ru|xn----7sbyhcmnbsdikx.xn--p1ai|deshevotaxi.ru|takse.ru|www.taxi-love.ru|taxivezde.ru|taxi-russia.su|mejgorodtaxi.ru|www.taxi2000.ru|mezhgorod-taksi.ru|www.intui.travel|xn----7sbb6afgkgd4bce0b1f.xn--80akxkdedu.xn--p1acf|m.avito.ru|www.rome2rio.com|perevozka24.com|taxitops.ru|uslugio.com|y-taxi.ru|transfergid.ru|taxi-khanty-mansiysk-khanty-mansi-autonomous-okrug-ru.taxigator.ru|uslugi.yandex.ru|catalogtaxi.ru|spravkataxi.ru;Ханты-Мансийск;Пыть-Ях;7800
vladimir-kameshkovo;old;22;23;SEO;F_AUTOPILOT;SEO автопилот;SEO_AUTOPILOT;1;20;0;deshevotaxi.ru|www.taxi2000.ru|1taxopark.ru|transfer-vlad33.ru|taxivezde.ru|taxi24online.ru|taksi-gorod.ru|rustransfer.org|xn--33-6kcu3bqdcefbvh.xn--p1ai|taxi.drive-luxe.ru|www.mezhgorod.taxi|takse.ru|taxi-vladimir-vladimir-oblast-ru.taxigator.ru|obltaxi.ru|catalogtaksi.ru|taksisvo.ru|www.taxi-love.ru|mejgorodtaxi.ru|taksi-services.ru|mezhgorod-taksi.ru|ru-travel.org|mezhdugorodnee-taksi-moskva.ru|city2city.ru|jupiter-tmc.ru|xn--33-6kc6aj6be.xn--p1ai|uslugi.yandex.ru|transfer-taxi33.ru|order-taxi.ru|www.avito.ru|mobilodeon.ru;Владимир;Камешково;2000
moskva-rzhev;new;21;;NONE;Z_LOW_PRIORITY;Низкий приоритет (новые);LOW_PRIORITY;9;16;0;taxi-mobil.ru|taxi555.ru|www.avito.ru|www.taxi2000.ru|ugtravel.ru|ab-taxi.ru|msk.taxiarkadiya.ru|www.mezhgorod.taxi|wing-taxi.ru|1taxopark.ru;;;
moskva-sovetskij;new;21;4;NONE;Z_LOW_PRIORITY;Низкий приоритет (новые);LOW_PRIORITY;12;13;2;www.mezhgorod.taxi|1taxopark.ru|mos.taxitoday.ru|city2city.ru|taxi.yandex.ru|taxi555.ru|www.taxi-love.ru|sky-transfer.ru|mejgorodtaxi.ru|ugtravel.com;;;
moskva-sovetskoe;new;21;;NONE;Z_LOW_PRIORITY;Низкий приоритет (новые);LOW_PRIORITY;3;3;2;www.drive2.ru|moslenta.ru|dzen.ru|vk.com|www.zr.ru|rodina-history.ru|smena-online.ru|msk1.ru|www.kommersant.ru|mr.moscow;;;
astraxan-krasnyj;new;21;8;NONE;Z_LOW_PRIORITY;Низкий приоритет (новые);LOW_PRIORITY;21;8;3;1taxopark.ru|taksi-gorod.ru|taxi555.ru|ugtaxi.ru|taxivezde.ru|taxi.drive-luxe.ru|www.taxi2000.ru|city2city.ru|taxitelephone.ru|taksisvo.ru;;;
belgorod-borisovka;new;21;;NONE;Z_LOW_PRIORITY;Низкий приоритет (новые);LOW_PRIORITY;17;10;0;vk.com|taksi-gorod.ru|deshevotaxi.ru|taxi555.ru|xn----7sbyhcmnbsdikx.xn--p1ai|www.taxi2000.ru|taxi.drive-luxe.ru|1taxopark.ru|rutaxist.ru|catalogtaksi.ru;;;
belgorod-oktyabrskij;new;21;10;NONE;Z_LOW_PRIORITY;Низкий приоритет (новые);LOW_PRIORITY;17;10;1;taxi533.ru|taxi555.ru|taxi.drive-luxe.ru|perevozka24.com|1taxopark.ru|catalogtaksi.ru|taksi-gorod.ru|taksisvo.ru|www.taxi2000.ru|city2city.ru;;;
belgorod-oktyabrskoe;new;21;12;NONE;Z_LOW_PRIORITY;Низкий приоритет (новые);LOW_PRIORITY;18;9;3;perevozka24.com|taxi555.ru|uslugi.yandex.ru|taxi533.ru|taxi.drive-luxe.ru|rutaxist.ru|1taxopark.ru|m.avito.ru|taksi-gorod.ru|catalogtaksi.ru;;;
volgograd-kirov;new;21;3;NONE;Z_LOW_PRIORITY;Низкий приоритет (новые);LOW_PRIORITY;17;9;1;volgograd.taxi24h.ru|volgograd.taksi24.taxi|city2city.ru|taxi533.ru|unit-transfer.ru|taksisvo.ru|taxivezde.ru|obltaxi.ru|www.taxi-love.ru|catalogtaksi.ru;;;
vologda-marks;new;21;2;NONE;Z_LOW_PRIORITY;Низкий приоритет (новые);LOW_PRIORITY;16;5;3;taksisvo.ru|city2city.ru|yandex.ru|rustransfer.org|deshevotaxi.ru|mejgorodtaxi.ru|jupiter-tmc.ru|vologda.taximaxim.ru|taxi.yandex.ru|xn--24-6kc6aj8ahcgi.xn--p1ai;;;
kirov-volgograd;new;21;18;SEO;F_AUTOPILOT;SEO автопилот;SEO_AUTOPILOT_NEW;14;13;1;kirov.taxi24h.ru|taksikirov.ru|taksisvo.ru|kirov.yalta-24.taxi|kirov.taksi24.taxi|catalogtaksi.ru|taxi533.ru|vse-taxi.com|kirov.sevastopol24.taxi|mezhgorod-rf.ru;;;
perm-oktyabrskij;new;21;;NONE;Z_LOW_PRIORITY;Низкий приоритет (новые);LOW_PRIORITY;19;6;3;taxi24online.ru|taxi533.ru|taksisvo.ru|mezhgorod-rf.ru|taksi-gorod.ru|rustransfer.org|taxi-perm.su|onlinetaxi.su|jupiter-tmc.ru|vk.com;;;
perm-oktyabrskoe;new;21;;NONE;Z_LOW_PRIORITY;Низкий приоритет (новые);LOW_PRIORITY;19;6;3;taxi24online.ru|taxi533.ru|taksisvo.ru|mezhgorod-rf.ru|catalogtaksi.ru|taksi-gorod.ru|vk.com|onlinetaxi.su|rustransfer.org|taxi-perm.su;;;
orenburg-sovetskij;new;21;1;NONE;Z_LOW_PRIORITY;Низкий приоритет (новые);LOW_PRIORITY;17;7;3;city2city.ru|deshevotaxi.ru|xn----ftbdbf8asar.xn--p1ai|yandex.ru|2gis.ru|www.avito.ru|taxi-nomer.ru|mezhgorod-taksi.ru|zoon.ru|perevozka24.com;;;
orenburg-sovetskoe;new;21;1;NONE;Z_LOW_PRIORITY;Низкий приоритет (новые);LOW_PRIORITY;17;5;3;city2city.ru|www.intui.travel|xn----ftbdbf8asar.xn--p1ai|2gis.ru|yandex.ru|zoon.ru|deshevotaxi.ru|mezhgorod-taksi.ru|taxi-nomer.ru|www.avito.ru;;;
petrozavodsk-onega;new;21;;NONE;Z_LOW_PRIORITY;Низкий приоритет (новые);LOW_PRIORITY;15;6;1;vk.com|catalogtaksi.ru|rustransfer.org|mejgorodtaxi.ru|takse.ru|deshevotaxi.ru|yandex.ru|mezhgorod-taksi.ru|rutaxist.ru|internet-taksi.ru;;;
saratov-volzhskij;new;21;;NONE;Z_LOW_PRIORITY;Низкий приоритет (новые);LOW_PRIORITY;20;7;0;1taxopark.ru|taxi555.ru|ab-taxi.ru|www.mezhgorod.taxi|taxi-cosmos.ru|rustransfer.org|m.avito.ru|taxi.drive-luxe.ru|www.taxi-love.ru|deshevotaxi.ru;;;
orenburg-tolyatti;old;21;18;DIRECT;H_DIRECT_TEST;Директ тест;DIRECT_TEST;1;22;0;www.avito.ru|vk.com|nexttax.ru|orenburg.taksi24.taxi|rustransfer.org|taxi533.ru|taksisvo.ru|taksi-gorod.ru|orenburg.taxi24h.ru|taxi555.ru|xn----ftbdbf8asar.xn--p1ai|www.mezhgorod.taxi|1taxopark.ru|taxivezde.ru|www.taxi-love.ru|jupiter-tmc.ru|taxi-cosmos.ru|city2city.ru|xn----7sbyhcmnbsdikx.xn--p1ai|taxi-russia.su|taxi.drive-luxe.ru|orenburg.taxi-krim.com|catalogtaksi.ru|taxi-do-toliyatti.orgs.biz|orenburg.aeroport-simferopol.taxi|mejgorodtaxi.ru|orentransfer.ru|obltaxi.ru|vse-taxi.com|orenburg.simferopol-aeroport.taxi;Оренбург;Тольятти;15200
kazan-mamadysh;old;21;5;SEO;F_AUTOPILOT;SEO автопилот;SEO_AUTOPILOT;0;7;0;taxi555.ru|1taxopark.ru|taxi.drive-luxe.ru|taxi-airport-kazan.ru|city2city.ru|unit21.ru|transfer-kazan.ru|www.mezhgorod.taxi|taxivezde.ru|deshevotaxi.ru;Казань;Мамадыш;5600
chelyabinsk-karabash;old;21;;SEO;F_AUTOPILOT;SEO автопилот;SEO_AUTOPILOT;0;7;0;driver174.ru|taxidesyatka.ru|taxi555.ru|1taxopark.ru|taxipremier.ru|deshevotaxi.ru|taksisvo.ru|takse.ru|taksi-gorod.ru|catalogtaksi.ru;Челябинск;Карабаш;3500
kursk-sankt-peterburg;old;21;5;DIRECT;H_DIRECT_TEST;Директ тест;DIRECT_TEST;0;27;0;ugtaxi.ru|kubtaxi.ru|kursk.sevastopol24.taxi|tratatur.ru|city2city.ru|taxi555.ru|unit-transfer.ru|mezhgorod-rf.ru|taxi-ug.ru|levtransfer.ru|ug.taxi|kursk.taxi-krim.com|kursk.aeroport-simferopol.taxi|rustransfer.org|taksi-gorod.ru|taxivezde.ru|taksisvo.ru|www.taxi2000.ru|mejgorod-taxi.ru|taxi.drive-luxe.ru|taxi-cosmos.ru|www.taxi-love.ru|catalogtaksi.ru|sochi.taxi|radartaxi.ru|kursk.simferopol-aeroport.taxi|obltaxi.ru|mezhgorod-taksi.ru|vse-taxi.com|mejgorodtaxi.ru;Курск;Санкт-Петербург;36800
krasnodar-taganrog;old;21;;DIRECT;H_DIRECT_TEST;Директ тест;DIRECT_TEST;1;25;0;ug.taxi|kubtaxi.ru|krasnodar.taxi24h.ru|taxi-ug.ru|krasnodar.taksi24.taxi|tratatur.ru|perfect-taxi.ru|taxi555.ru|krasnodar.kerch24.taxi|ugtaxi.ru|1taxopark.ru|taxi533.ru|krasnodar.taxi-krim.com|vezet-go.ru|taxi.transferplustravel.com|taksisvo.ru|geltaxi.ru|msk.taxi|krasnodar.aeroport-simferopol.taxi|www.krd-taxi.ru|taxivezde.ru|centertaxi-krd.ru|mezhgorod-rf.ru|www.avito.ru|krasnodarskoe-taxi.ru|sochi.taxi|taxi-cosmos.ru|www.taxisea.ru|krasnodar.simferopol-aeroport.taxi|rustransfer.org;Краснодар;Таганрог;11000
voronezh-samara;old;21;6;DIRECT;H_DIRECT_TEST;Директ тест;DIRECT_TEST;0;24;0;voronezh.taxi24h.ru|voronezh.sevastopol24.taxi|kubtaxi.ru|tratatur.ru|catalogtaksi.ru|city2city.ru|vip-888.ru|rustransfer.org|vse-taxi.com|ug.taxi|jupiter-tmc.ru|mejgorodtaxi.ru|www.taxi-love.ru|voronezh.taksi24.taxi|deshevotaxi.ru|taxi-cosmos.ru|taksi-gorod.ru|taxi-ug.ru|voronezh.taxi-krim.com|mezhdugorodnee-taxi24.ru|mejgorod-taxi.ru|taksisvo.ru|unit-transfer.ru|taxi533.ru|cabway.ru|mezhgorod-rf.ru|voronezh.aeroport-simferopol.taxi|voronezh.simferopol-aeroport.taxi|taxivezde.ru|taxicamry.ru;Воронеж;Самара;28000
bryansk-novozybkov;old;21;;SEO;F_AUTOPILOT;SEO автопилот;SEO_AUTOPILOT;0;7;0;taksi-gorod.ru|taksisvo.ru|catalogtaksi.ru|1taxopark.ru|taxi555.ru|xn----7sbyhcmnbsdikx.xn--p1ai|taxi.drive-luxe.ru|rustransfer.org|www.taxi2000.ru|takse.ru;Брянск;Новозыбков;6000
saratov-krasnoarmejsk;old;21;1;SEO;F_AUTOPILOT;SEO автопилот;SEO_AUTOPILOT;1;21;0;city2city.ru|taxi-ug.ru|1taxopark.ru|tratatur.ru|kubtaxi.ru|www.avito.ru|catalogtaksi.ru|taxi555.ru|taxi.drive-luxe.ru|www.mezhgorod.taxi|taxi-cosmos.ru|rustransfer.org|uslugi.yandex.ru|taxivezde.ru|xn----7sbyhcmnbsdikx.xn--p1ai|www.taxi2000.ru|taksisvo.ru|jupiter-tmc.ru|deshevotaxi.ru|www.taxi-love.ru|mezhgorod-taksi.ru|obltaxi.ru|mb-taxi.ru|catalogtaxi.ru|takse.ru|mobilodeon.ru|mejgorodtaxi.ru|regionaltaxi.ru|perevozka24.com|intaxi.ru;Саратов;Красноармейск;3600
chelyabinsk-sankt-peterburg;old;21;3;DIRECT;H_DIRECT_TEST;Директ тест;DIRECT_TEST;0;9;0;chelyabinsk.taxi24h.ru|ugtaxi.ru|city2city.ru|taksi-gorod.ru|chelyabinsk.taksi24.taxi|taxi555.ru|chelyabinsk.sevastopol24.taxi|taksisvo.ru|chelyabinsk.taxi-krim.com|ug.taxi;Челябинск;Санкт-Петербург;73200
samara-volzhskij;old;21;;DIRECT;H_DIRECT_TEST;Директ тест;DIRECT_TEST;0;18;0;xn----7sbabxukdmwuiegm.xn--p1ai|vk.com|1taxopark.ru|taxi533.ru|taxi555.ru|uslugi.yandex.ru|mejgorod-taxi.ru|www.mezhgorod.taxi|taksisvo.ru|taxivezde.ru|taxi.drive-luxe.ru|rustransfer.org|catalogtaksi.ru|taxi-cosmos.ru|www.xn-----7kcbaaphbhdai9a3awnjra5bnrctq.xn--p1ai|mezhgorod-rf.ru|mejgorodtaxi.ru|deshevotaxi.ru|vse-taxi.com|obltaxi.ru|dzen.ru|yandex.ru|2gis.ru|www.taxi-love.ru|samara-taxi-region.ru|taxi-samara-samara-oblast-ru.taxigator.ru|taxomarket.ru|www.rome2rio.com|taxi-nomer.ru|mobilodeon.ru;Самара;Волжский;24000
rostov-proletarsk;old;21;6;SEO;F_AUTOPILOT;SEO автопилот;SEO_AUTOPILOT;1;22;0;tratatur.ru|kubtaxi.ru|taxi555.ru|perfect-taxi.ru|1taxopark.ru|city2city.ru|taxivezde.ru|www.mezhgorod.taxi|taxi-ug.ru|obltaxi.ru|catalogtaxi.ru|rustransfer.org|www.taxi-love.ru|taxi-cosmos.ru|catalogtaksi.ru|taxi-russia.su|www.intui.travel|mezhgorod-taksi.ru|ugtaxi.ru|alex-transport.ru|taxi220.ru|ugtravel.com|takse.ru|mezhgorod-rf.ru|taksisvo.ru|www.taxi2000.ru|www.taxi-rokada.ru|taksi-gorod.ru|deshevotaxi.ru|transferug.ru;Ростов-на-Дону;Пролетарск;6600
kostroma-neya;old;21;;SEO;F_AUTOPILOT;SEO автопилот;SEO_AUTOPILOT;0;23;0;catalogtaksi.ru|taxi555.ru|www.mezhgorod.taxi|1taxopark.ru|taksisvo.ru|taxi.drive-luxe.ru|taxivezde.ru|www.taxi2000.ru|deshevotaxi.ru|obltaxi.ru|www.taxi-love.ru|taxi-russia.ru|takse.ru|mejgorodtaxi.ru|jupiter-tmc.ru|rustransfer.org|vk.com|taksi-services.ru|taxigator.ru|mezhgorod-taksi.ru|taksi-gorod.ru|transfergid.ru|kostroma.taximaxim.ru|xn--80affnblthori.xn--p1ai|m.ok.ru|mezhdugorodnee-taksi.ru|2gis.ru|transfer44.ru|taxi-po-svetu.ru|perevozka24.com;Кострома;Нея;7000
kazan-novocheboksarsk;old;21;;SEO;F_AUTOPILOT;SEO автопилот;SEO_AUTOPILOT;1;7;0;mezhgorod.pro|1taxopark.ru|taxi-kazan.su|ugtaxi.ru|taxi-airport-kazan.ru|catalogtaksi.ru|taksi-gorod.ru|kiwitaxi.ru|ab-taxi.ru|taxi555.ru;Казань;Новочебоксарск;4500
kaluga-smolensk;old;21;;DIRECT;H_DIRECT_TEST;Директ тест;DIRECT_TEST;0;8;0;tmkaluga.ru|catalogtaksi.ru|1taxopark.ru|kaluga.taksi24.taxi|kaluga.taxi24h.ru|www.mezhgorod.taxi|kaluga.sevastopol24.taxi|taxi533.ru|mejgorod-taxi.ru|ug.taxi;Калуга;Смоленск;10500
rostov-astrahan;old;21;;DIRECT;H_DIRECT_TEST;Директ тест;DIRECT_TEST;3;16;0;taxi.yandex.ru|uslugi.yandex.ru|yandex.ru|www.avito.ru|willway.ru|platov.rustransfer.org|kiwitaxi.ru|transfers.unitaxi.ru|vk.com|rostov.platov-transfer.ru|www.intui.travel|vse-taxi.com|www.platov-express.ru|ug.taxi|taxi.transferplustravel.com|taxi220.ru|ugtaxi.ru|zoon.ru|www.youtube.com|xn-----7kcgn5cdbagnnnx.xn--80akxkdedu.xn--p1acf|ubitaxi.ru|m.ok.ru|taxi-platov-taganrog-rostov.ru|www.taxiplatov.ru|taxi-platov-aeroport.ru|taxiizrostova-platov.ru|platov-taxi.ru|platov.aeroport.website|taximig24.turbo.site|uslugio.com;аэропорт Платов;Астрахань;23100
stavropol-anapa;old;21;16;DIRECT;H_DIRECT_TEST;Директ тест;DIRECT_TEST;1;22;0;tratatur.ru|kubtaxi.ru|taksi-gorod.ru|stavropol.taxi24h.ru|taxi-ug.ru|ug.taxi|ugtravel.com|taxi.transferplustravel.com|stavropol.sevastopol24.taxi|1taxopark.ru|www.avito.ru|stavropol.taxi-krim.com|perfect-taxi.ru|taxi555.ru|taxi533.ru|city2city.ru|www.taxi2000.ru|mezhgorod-rf.ru|rustransfer.org|stavropol.aeroport-simferopol.taxi|sochi.taxi|stavropol.yalta-24.taxi|taxivezde.ru|taxi.drive-luxe.ru|viptaxi-anapa.ru|transferug.ru|go.ridence.ru|centertaxi-krd.ru|taksisvo.ru|jupiter-tmc.ru;Ставрополь;Анапа;14200
perm-votkinsk;old;21;;SEO;F_AUTOPILOT;SEO автопилот;SEO_AUTOPILOT;2;18;0;taxi555.ru|uralavtotaxi.ru|catalogtaksi.ru|taxi-perm.su|www.taxi2000.ru|taxi24online.ru|1taxopark.ru|www.mezhgorod.taxi|taksisvo.ru|rustransfer.org|obltaxi.ru|xn----7sbp3acjidhfbkt.su|taxivezde.ru|www.rome2rio.com|jupiter-tmc.ru|vse-taxi.com|www.intui.travel|takse.ru|taxi-perm-perm-krai-ru.taxigator.ru|mejgorodtaxi.ru|www.taxi-love.ru|deshevotaxi.ru|vk.com|mezhgorod-taksi.ru|transfergid.ru|ru-travel.org|xn--159-5cd4bl3cf.xn--p1ai|xn--80aaahzdndlon5ak.xn--p1ai|www.avito.ru|xn----7sbyhmmrebi.xn--p1ai;Пермь;Воткинск;7000
voronezh-penza;old;21;;DIRECT;H_DIRECT_TEST;Директ тест;DIRECT_TEST;0;27;0;kubtaxi.ru|voronezh.taksi24.taxi|tratatur.ru|voronezh.taxi24h.ru|taksi-gorod.ru|www.taxi2000.ru|taxi555.ru|voronezh.sevastopol24.taxi|cabway.ru|taxi-ug.ru|www.mezhgorod.taxi|taxi.drive-luxe.ru|catalogtaksi.ru|taxi533.ru|rustransfer.org|taxi-russia.su|unit-transfer.ru|mejgorod-taxi.ru|taxivezde.ru|ug.taxi|jupiter-tmc.ru|taksisvo.ru|mb-taxi.ru|taxicamry.ru|taxi-cosmos.ru|voronezh.aeroport-simferopol.taxi|voronezh.simferopol-aeroport.taxi|vse-taxi.com|taxigorkovskoe.ru|www.taxi-love.ru;Воронеж;Пенза;15500
ekaterinburg-voronezh;old;21;4;DIRECT;H_DIRECT_TEST;Директ тест;DIRECT_TEST;0;8;0;kubtaxi.ru|taksi-gorod.ru|tratatur.ru|city2city.ru|yekaterinburg.taxi24h.ru|yekaterinburg.taksi24.taxi|taxi-ug.ru|ugtaxi.ru|unit-transfer.ru|vse-taxi.com;Екатеринбург;Воронеж;54200
bryansk-sevsk;old;21;;SEO;F_AUTOPILOT;SEO автопилот;SEO_AUTOPILOT;0;6;0;1taxopark.ru|taxi555.ru|catalogtaksi.ru|takse.ru|www.taxi2000.ru|taxivezde.ru|rustransfer.org|xn----7sbyhcmnbsdikx.xn--p1ai|yandex.ru|taxi.drive-luxe.ru;Брянск;Севск;4000
samara-voronezh;old;21;16;DIRECT;H_DIRECT_TEST;Директ тест;DIRECT_TEST;0;23;0;kubtaxi.ru|tratatur.ru|xn----7sbabxukdmwuiegm.xn--p1ai|taksi-gorod.ru|samara.taksi24.taxi|taxi533.ru|samara.taxi24h.ru|taxi24online.ru|taksisvo.ru|taxi-samara.su|taxi-cosmos.ru|mejgorod-taxi.ru|unit-transfer.ru|taxi-ug.ru|www.mezhgorod.taxi|city2city.ru|ug.taxi|mezhgorod-rf.ru|rustransfer.org|www.xn-----7kcbaaphbhdai9a3awnjra5bnrctq.xn--p1ai|samara.aeroport-simferopol.taxi|taxi-vizov.ru|catalogtaksi.ru|dzen.ru|samara.simferopol-aeroport.taxi|deshevotaxi.ru|xn----7sbp3acjidhfbkt.su|www.taxi-love.ru|mejgorodtaxi.ru|vse-taxi.com;Самара;Воронеж;27900
ekaterinburg-talicza;old;21;;SEO;F_AUTOPILOT;SEO автопилот;SEO_AUTOPILOT;0;7;0;taksi-ekb.ru|ugtaxi.ru|taksisvo.ru|www.taxi2000.ru|takse.ru|1taxopark.ru|taxi555.ru|nexttax.ru|taxivezde.ru|deshevotaxi.ru;Екатеринбург;Талица;6500
sankt-peterburg-kursk;old;21;12;DIRECT;H_DIRECT_TEST;Директ тест;DIRECT_TEST;1;27;0;sankt-peterburg.taxi24h.ru|ugtaxi.ru|kubtaxi.ru|taksi-gorod.ru|tratatur.ru|sankt-peterburg.sevastopol24.taxi|sankt-peterburg.taxi-krim.com|taxi533.ru|sankt-peterburg.taksi24.taxi|taxi555.ru|taxi-ug.ru|city2city.ru|rustransfer.org|mejgorod-taxi.ru|onlinetaxi.su|taxitoday.ru|taxivezde.ru|taksisvo.ru|ug.taxi|taxideshevo.com|vtstaxi.ru|sankt-peterburg.simferopol-aeroport.taxi|www.avito.ru|catalogtaksi.ru|sochi.taxi|taxi-cosmos.ru|korona-taksi.ru|taksi-go.ru|www.taxi-love.ru|obltaxi.ru;Санкт-Петербург;Курск;37000
bryansk-kaluga;old;21;5;SEO;F_AUTOPILOT;SEO автопилот;SEO_AUTOPILOT;0;7;0;kubtaxi.ru|tratatur.ru|bryansk.taxi24h.ru|1taxopark.ru|city2city.ru|taxi533.ru|taxi-ug.ru|www.taxi2000.ru|bryansk.taksi24.taxi|taksi-gorod.ru;Брянск;Калуга;6800
perm-oktyabrskij-respublika-bashkortostan;old;21;;DIRECT;H_DIRECT_TEST;Директ тест;DIRECT_TEST;2;18;0;taxi24online.ru|taxi533.ru|taksisvo.ru|mezhgorod-rf.ru|taksi-gorod.ru|rustransfer.org|taxi-perm.su|onlinetaxi.su|takse.ru|jupiter-tmc.ru|vk.com|www.intui.travel|vse-taxi.com|catalogtaksi.ru|mezhgorod-taksi.ru|xn----7sbp3acjidhfbkt.su|mejgorodtaxi.ru|deshevotaxi.ru|www.rome2rio.com|www.perm-taxi-region.ru|taxi-realtransfer-mejgorod.ru|xn--e1aohf5d.xn--80akxkdedu.xn--p1acf|taxi-perm-perm-krai-ru.taxigator.ru|www.avito.ru|xn----7sbyhmmrebi.xn--p1ai|xn--159-5cd4bl3cf.xn--p1ai|taxi.yandex.ru|xn--80aaahzdndlon5ak.xn--p1ai|perevozka24.com|perm1.taximaxim.ru;Пермь;Октябрьский;17500
penza-voronezh;old;21;;DIRECT;H_DIRECT_TEST;Директ тест;DIRECT_TEST;1;26;0;kubtaxi.ru|penza.taksi24.taxi|www.taxi2000.ru|tratatur.ru|penza.sevastopol24.taxi|taksi-gorod.ru|penza.taxi24h.ru|taxi555.ru|taxi-ug.ru|taxi533.ru|penza.simferopol-aeroport.taxi|ug.taxi|rustransfer.org|mezhgorod-rf.ru|vse-taxi.com|ab-taxi.ru|taxivezde.ru|taxi-russia.su|www.mezhgorod.taxi|taksisvo.ru|taxi-cosmos.ru|jupiter-tmc.ru|www.taxi-love.ru|taksi-go.ru|mezhgorod-taksi.ru|penza.aeroport-simferopol.taxi|deshevotaxi.ru|catalogtaksi.ru|mejgorodtaxi.ru|www.avito.ru;Пенза;Воронеж;15500
izhevsk-naberezhnye-chelny;old;21;;SEO;E_MONITOR;SEO мониторинг;SEO_MONITOR;2;6;0;taxi-izhevsk.ru|www.avito.ru|kiwitaxi.ru|xn----7sbhlekbng7dgc.xn--p1ai|taxi555.ru|1taxopark.ru|taxi24online.ru|www.taxi2000.ru|taxi.drive-luxe.ru|rustransfer.org;Ижевск;Набережные Челны;5500
kaluga-bryansk;old;21;;SEO;F_AUTOPILOT;SEO автопилот;SEO_AUTOPILOT;0;8;0;kubtaxi.ru|kaluga.taxi24h.ru|tratatur.ru|kaluga.sevastopol24.taxi|kaluga.taksi24.taxi|taxi555.ru|1taxopark.ru|catalogtaksi.ru|mejgorod-taxi.ru|taxi533.ru;Калуга;Брянск;7000
moskva-arxangelsk;new;20;;NONE;Z_LOW_PRIORITY;Низкий приоритет (новые);LOW_PRIORITY;9;19;0;ugtaxi.ru|msk.taxi|sky-transfer.ru|taxidaleko.ru|taxi533.ru|wing-taxi.ru|taksi-gorod.ru|www.mezhgorod.taxi|drive-luxe.ru|unit-transfer.ru;;;
moskva-dankov;new;20;;NONE;Z_LOW_PRIORITY;Низкий приоритет (новые);LOW_PRIORITY;8;18;0;taxi-mobil.ru|taxi555.ru|ugtaxi.ru|www.mezhgorod.taxi|xn----7sbyhcmnbsdikx.xn--p1ai|www.taximasters.ru|www.taxi-love.ru|www.taxi2000.ru|taxivezde.ru|wing-taxi.ru;;;
moskva-gaj;new;20;;NONE;Z_LOW_PRIORITY;Низкий приоритет (новые);LOW_PRIORITY;15;11;1;taxi555.ru|www.mezhgorod.taxi|1taxopark.ru|taksisvo.ru|taxivezde.ru|www.taxi-love.ru|obltaxi.ru|taksi777.ru|www.rome2rio.com|taksi-gorod.ru;;;
moskva-kirzhach;new;20;15;SEO;F_AUTOPILOT;SEO автопилот;SEO_AUTOPILOT_NEW;11;13;1;taxi-mobil.ru|taxi555.ru|www.taxi2000.ru|xn----7sbyhcmnbsdikx.xn--p1ai|ab-taxi.ru|www.mezhgorod.taxi|mezhgorod.taxi-ekvator.ru|wing-taxi.ru|taxivezde.ru|1taxopark.ru;;;
moskva-lyubim;new;20;1;NONE;Z_LOW_PRIORITY;Низкий приоритет (новые);LOW_PRIORITY;12;13;0;city2city.ru|wing-taxi.ru|zakaz.mezhgorod.taxi|www.taxi-love.ru|1taxopark.ru|xn--80akxkdedu.xn--p1acf|taksisvo.ru|taxivezde.ru|taxi.drive-luxe.ru|mezhgorod.taxi-ekvator.ru;;;
moskva-mixajlov;new;20;;NONE;Z_LOW_PRIORITY;Низкий приоритет (новые);LOW_PRIORITY;10;16;0;taxi-mobil.ru|taxi555.ru|zakaz.mezhgorod.taxi|xn----7sbyhcmnbsdikx.xn--p1ai|www.taxi-love.ru|www.taxi2000.ru|ab-taxi.ru|1taxopark.ru|ugtaxi.ru|taxi.drive-luxe.ru;;;
moskva-shuya;new;20;;NONE;Z_LOW_PRIORITY;Низкий приоритет (новые);LOW_PRIORITY;10;16;0;www.taxi2000.ru|taxi555.ru|taxi-mobil.ru|zakaz.mezhgorod.taxi|ab-taxi.ru|1taxopark.ru|www.taxi-love.ru|www.taximasters.ru|taxivezde.ru|mezhgorod.taxi-ekvator.ru;;;
sankt-peterburg-staraya-russa;new;20;;NONE;Z_LOW_PRIORITY;Низкий приоритет (новые);LOW_PRIORITY;18;10;1;ugtravel.ru|taxivezde.ru|taxi555.ru|unit-transfer.ru|taximezhdugorodnee.ru|1taxopark.ru|takse.ru|taxi-cosmos.ru|taxideshevo.com|yandex.ru;;;
sankt-peterburg-tixvin;new;20;;NONE;Z_LOW_PRIORITY;Низкий приоритет (новые);LOW_PRIORITY;13;13;1;taxivezde.ru|taxitoday.ru|sky-transfer.ru|taxovichkof.ru|ab-taxi.ru|taxideshevo.com|www.mezhgorod.taxi|www.taxi2000.ru|unit-transfer.ru|taxi.drive-luxe.ru;;;
arxangelsk-moskva;new;20;;NONE;Z_LOW_PRIORITY;Низкий приоритет (новые);LOW_PRIORITY;12;15;0;ugtaxi.ru|taxi533.ru|msk.taxi|wing-taxi.ru|1taxopark.ru|taksi-gorod.ru|www.mezhgorod.taxi|sip.taxi|vse-taxi.com|sochi.taxi;;;
vladimir-domodedovo;new;20;;NONE;Z_LOW_PRIORITY;Низкий приоритет (новые);LOW_PRIORITY;11;15;2;vladimir.taxi24h.ru|www.taxi2000.ru|vladimir.taksi24.taxi|uslugi.yandex.ru|taxi555.ru|m.avito.ru|kiwitaxi.ru|xn--33-6kcu3bqdcefbvh.xn--p1ai|wing-taxi.ru|taksi-gorod.ru;;;
krasnodar-kushhyovskaya;new;20;12;NONE;Z_LOW_PRIORITY;Низкий приоритет (новые);LOW_PRIORITY;16;12;2;kubtaxi.ru|taxi-ug.ru|tratatur.ru|taxi.transferplustravel.com|perfect-taxi.ru|ugtaxi.ru|catalogtaksi.ru|geltaxi.ru|1taxopark.ru|www.krd-taxi.ru;;;
kostroma-krasnyj;new;20;1;NONE;Z_LOW_PRIORITY;Низкий приоритет (новые);LOW_PRIORITY;21;6;2;city2city.ru|catalogtaksi.ru|1taxopark.ru|taxi.drive-luxe.ru|taksisvo.ru|www.mezhgorod.taxi|www.taxi2000.ru|xn----7sbyhcmnbsdikx.xn--p1ai|taxivezde.ru|www.taxi-love.ru;;;
nizhnij-novgorod-lyskovo;new;20;;NONE;Z_LOW_PRIORITY;Низкий приоритет (новые);LOW_PRIORITY;21;7;1;taxi555.ru|taxigorkovskoe.ru|catalogtaksi.ru|kiwitaxi.ru|www.mezhgorod.taxi|taksisvo.ru|takse.ru|obltaxi.ru|1taxopark.ru|rustransfer.org;;;
vladivostok-aeroport-artyom-vladivostok;new;20;;NONE;Z_LOW_PRIORITY;Низкий приоритет (новые);LOW_PRIORITY;15;4;3;2gis.ru|sky-transfer.ru|www.avito.ru|kiwitaxi.ru|www.tourister.ru|go.yandex|www.farpost.ru|uslugi.yandex.ru|taxi-artem-primorsky-krai-ru.taxigator.ru|taxi.yandex.ru;;;
tomsk-bolotnoe;new;20;;NONE;Z_LOW_PRIORITY;Низкий приоритет (новые);LOW_PRIORITY;22;3;2;taxi555.ru|www.taxi2000.ru|obltaxi.ru|takse.ru|taxi.drive-luxe.ru|taxivezde.ru|rustransfer.org|catalogtaksi.ru|1taxopark.ru|www.taxi-love.ru;;;
rostov-sevastopol;new;20;;NONE;Z_LOW_PRIORITY;Низкий приоритет (новые);LOW_PRIORITY;3;24;0;rostov.sevastopol24.taxi|transfer-tavrida.ru|kubtaxi.ru|taxi.ugtravel.com|taxi-tour.ru|ugtaxi.ru|perfect-taxi.ru|taxi533.ru|rostov.taksi24.taxi|rostov.taxi24h.ru;;;
saratov-leninskoe;new;20;5;NONE;Z_LOW_PRIORITY;Низкий приоритет (новые);LOW_PRIORITY;17;5;3;yandex.ru|www.yell.ru|taksisvo.ru|2gis.ru|city2city.ru|catalogtaksi.ru|saratov.spravker.ru|uslugi.yandex.ru|vezet.ru|taxi.yandex.ru;;;
chelyabinsk-snezhinsk;new;20;;NONE;Z_LOW_PRIORITY;Низкий приоритет (новые);LOW_PRIORITY;19;5;1;intercity74.ru|driver174.ru|taxidesyatka.ru|catalogtaksi.ru|taksi-gorod.ru|1taxopark.ru|taxi555.ru|taxi.drive-luxe.ru|taxipremier.ru|www.avito.ru;;;
yaroslavl-domodedovo;new;20;;NONE;Z_LOW_PRIORITY;Низкий приоритет (новые);LOW_PRIORITY;7;15;1;www.avito.ru|yatransfer76.ru|www.taxi2000.ru|yartransfer.ru|yandex.ru|taxi555.ru|lux-express76.ru|yaroslavl.taxi24h.ru|yaroslavl.sevastopol24.taxi|kiwitaxi.ru;;;
yakutsk-xabarovsk;old;20;2;DIRECT;H_DIRECT_TEST;Директ тест;DIRECT_TEST;2;14;0;2gis.ru|city2city.ru|vse-taxi.com|taksi-gorod.ru|mezhgorod-rf.ru|www.avito.ru|mejgorodtaxi.ru|deshevotaxi.ru|catalogtaksi.ru|www.transfer-go.ru|vk.com|doska.ykt.ru|mezhgorod-taksi.ru|uslugi.yandex.ru|xn--j1aaude4e.xn--80akxkdedu.xn--p1acf|sakha.kupiprodai.ru|taxi-nomera.ru|taxi-yakutsk-sakha-republic-ru.taxigator.ru|uslugio.com|portaluslug.ru|transfergid.ru|perevozka24.com|yakutsk.gde.ru|takse.ru|yandex.ru|jakutsk.vezetvsem.ru|catalogtaxi.ru|youla.ru|taxi.yandex.ru|yakutsk.taximaxim.ru;Якутск;Хабаровск;70000
svo-taxi-kpp-valuyki-rossosh;old;20;;SEO;F_AUTOPILOT;SEO автопилот;SEO_AUTOPILOT;1;21;0;yandex.ru|zoon.ru|taxi.yandex.ru|2gis.ru|www.avito.ru|taxi-nomera.ru|rutaxist.ru|vk.com|uslugi.yandex.ru|perevozka24.com|vse-taxi.com|russiantaxi-valuiki.clients.site|taximaxim.ru|taxigoroda.ru|valuyki.taxiarkadiya.ru|intaxi.ru|taksi-gorod.ru|uslugio.com|xn-----6kcbqgcdjrv0afza5ajp5i.xn--p1ai|spravkataxi.ru|taxieconom.ru|taxitops.ru|deshevotaxi.ru|taxi-nomer.ru|belgorod.spravker.ru|taxi-po-svetu.ru|catalogtaksi.ru|taksi-valujki-31.clients.site|taksi-valujki-mezhdugorodnee.clients.site|gorodskaja-sluzhba-taksi-valuiki.clients.site;Валуйки;Россошь;5000
kirov-nolinsk;old;20;16;SEO;F_AUTOPILOT;SEO автопилот;SEO_AUTOPILOT;1;18;0;taksikirov.ru|vk.com|taxi555.ru|www.rome2rio.com|www.taxi2000.ru|taksisvo.ru|taxivezde.ru|1taxopark.ru|www.taxi-love.ru|yandex.ru|rustransfer.org|xn----7sbyhcmnbsdikx.xn--p1ai|taxi-russia.su|takse.ru|catalogtaksi.ru|city2city.ru|obltaxi.ru|taxi.drive-luxe.ru|deshevotaxi.ru|www.taxi-rokada.ru|www.intui.travel|taxi-mini.ru|mejgorodtaxi.ru|mezhgorod-taksi.ru|taxi-kirov-kirov-oblast-ru.taxigator.ru|routes43.ru|xn--80aaahzdndlon5ak.xn--p1ai|yandex.ru|delovoy-kirov.ru|taxi--nolinck.orgs.biz;Киров;Нолинск;5200
moskva-vyazniki;old;20;;SEO;F_AUTOPILOT;SEO автопилот;SEO_AUTOPILOT;2;22;0;ab-taxi.ru|taxi-mobil.ru|taxi555.ru|www.taxi2000.ru|1taxopark.ru|taksi-mezhgorod.ru|izvozchik.su|taxivezde.ru|ugtaxi.ru|zakaz.mezhgorod.taxi|obltaxi.ru|wing-taxi.ru|xn----7sbyhcmnbsdikx.xn--p1ai|taxi.drive-luxe.ru|www.taxi-rokada.ru|logitaxi.ru|taksi-gorod.ru|www.taxi-love.ru|taksi777.ru|taksisvo.ru|mezhgorod.taxi-ekvator.ru|rustransfer.org|takse.ru|jupiter-tmc.ru|radartaxi.ru|kiwitaxi.ru|www.intui.travel|xn----7sbyhcmghbyi1l.xn--80adxhks|deshevotaxi.ru|taksi-services.ru;Москва;Вязники;9600
ekaterinburg-samara;old;20;;DIRECT;H_DIRECT_TEST;Директ тест;DIRECT_TEST;0;9;0;yekaterinburg.yalta-24.taxi|yekaterinburg.taxi24h.ru|taxi24online.ru|taxi.drive-luxe.ru|yekaterinburg.sevastopol24.taxi|taksi-gorod.ru|unit-transfer.ru|taxi533.ru|taksi-ekb.ru|ugtravel.com;Екатеринбург;Самара;27200
stavropol-ipatovo;old;20;7;SEO;F_AUTOPILOT;SEO автопилот;SEO_AUTOPILOT;3;19;0;taxi-ug.ru|kiwitaxi.ru|kubtaxi.ru|tratatur.ru|catalogtaxi.ru|ugtaxi.ru|city2city.ru|taxi555.ru|perfect-taxi.ru|deshevotaxi.ru|1taxopark.ru|xn----7sbyhcmnbsdikx.xn--p1ai|taksisvo.ru|obltaxi.ru|taxi.drive-luxe.ru|taxivezde.ru|taxi-russia.su|rustransfer.org|takse.ru|transfers.unitaxi.ru|www.taxi-love.ru|mejgorodtaxi.ru|transferug.ru|mezhgorod-taksi.ru|www.rome2rio.com|mobilodeon.ru|taksi-gorod.ru|www.intui.travel|stavropol.nashaspravka.ru|www.avito.ru;Ставрополь;Ипатово;4700
ekaterinburg-sredneuralsk;old;20;1;SEO;F_AUTOPILOT;SEO автопилот;SEO_AUTOPILOT;1;5;0;city2city.ru|taxi555.ru|www.taxi2000.ru|xn----7sbyhcmnbsdikx.xn--p1ai|taksisvo.ru|1taxopark.ru|willway.ru|catalogtaxi.ru|kiwitaxi.ru|taxi.drive-luxe.ru;Екатеринбург;Среднеуральск;3000
ulyanovsk-inza;old;20;4;SEO;F_AUTOPILOT;SEO автопилот;SEO_AUTOPILOT;2;20;0;deshevotaxi.ru|catalogtaksi.ru|taxi555.ru|city2city.ru|1taxopark.ru|www.taxi2000.ru|obltaxi.ru|taksisvo.ru|www.mezhgorod.taxi|xn----7sbyhcmnbsdikx.xn--p1ai|taxi.drive-luxe.ru|www.taxi-rokada.ru|taxivezde.ru|takse.ru|rustransfer.org|www.intui.travel|www.taxi-love.ru|www.rome2rio.com|mejgorodtaxi.ru|mezhgorod-taksi.ru|y-taxi.ru|mobilodeon.ru|taxi-nomer.ru|spravkataxi.ru|www.avito.ru|vk.com|taxigator.ru|rutaxist.ru|uslugi.yandex.ru|intaxi.ru;Ульяновск;Инза;5400
nizhniy_novgorod-kirov;old;20;26;DIRECT;H_DIRECT_TEST;Директ тест;DIRECT_TEST;1;24;0;nizhniy-novgorod.taxi24h.ru|taxigorkovskoe.ru|taxivezde.ru|unit-transfer.ru|nizhniy-novgorod.taksi24.taxi|taxi533.ru|taxi555.ru|taksisvo.ru|1taxopark.ru|taxi-russia.su|mejgorod-taxi.ru|nizhniy-novgorod.taxi-krim.com|www.taxi-love.ru|taxi.drive-luxe.ru|mezhgorod-rf.ru|taxi-cosmos.ru|rustransfer.org|catalogtaksi.ru|obltaxi.ru|www.avito.ru|jupiter-tmc.ru|minivan-nn.ru|nizhniy-novgorod.simferopol-aeroport.taxi|deshevotaxi.ru|mb-taxi.ru|city2city.ru|vse-taxi.com|taksi-gorod.ru|taksikirov.ru|mejgorodtaxi.ru;Нижний Новгород;Киров;17500
saratov-rostov-na-donu;old;20;;DIRECT;H_DIRECT_TEST;Директ тест;DIRECT_TEST;0;26;0;saratov.taxi24h.ru|taxi-ug.ru|taksi-gorod.ru|kubtaxi.ru|tratatur.ru|ugtaxi.ru|yandex.ru|taxi533.ru|taxi555.ru|ug.taxi|taxivezde.ru|taksisvo.ru|msk.taxi|mezhgorod-rf.ru|1taxopark.ru|taxi-svobodnoe.ru|mejgorod-taxi.ru|taxi.drive-luxe.ru|taxi-cosmos.ru|www.taxi-love.ru|www.mezhgorod.taxi|obltaxi.ru|saratov.taxi-krim.com|rustransfer.org|taxi-lider64.ru|sochi.taxi|saratov.aeroport-simferopol.taxi|catalogtaxi.ru|mb-taxi.ru|mejgorodtaxi.ru;Саратов;Ростов-на-Дону;25000
saratov-orenburg;old;20;5;DIRECT;H_DIRECT_TEST;Директ тест;DIRECT_TEST;1;25;0;saratov.taxi24h.ru|taksi-gorod.ru|www.avito.ru|taxi533.ru|city2city.ru|ab-taxi.ru|saratov.sevastopol24.taxi|taxi-russia.su|1taxopark.ru|taxi555.ru|saratov.yalta-24.taxi|taksisvo.ru|catalogtaksi.ru|www.mezhgorod.taxi|taxi-cosmos.ru|rustransfer.org|taxivezde.ru|www.taxi-love.ru|saratov.taxi-krim.com|taxi.drive-luxe.ru|mejgorod-taxi.ru|takse.ru|taxi-lider64.ru|jupiter-tmc.ru|vse-taxi.com|obltaxi.ru|onlinetaxi.su|deshevotaxi.ru|mb-taxi.ru|taxigorkovskoe.ru;Саратов;Оренбург;24000
cheboksary-naberezhnye-chelny;old;20;;DIRECT;H_DIRECT_TEST;Директ тест;DIRECT_TEST;0;8;0;taxiarkadiya.ru|taxi555.ru|www.taxi2000.ru|1taxopark.ru|ab-taxi.ru|rustransfer.org|taxi.drive-luxe.ru|obltaxi.ru|unit21.ru|catalogtaksi.ru;Чебоксары;Набережные Челны;12000
svo-taxi-lugansk-stahanov;old;20;;SEO;F_AUTOPILOT;SEO автопилот;SEO_AUTOPILOT;1;15;0;estlugansk.ru|lugansk.taxi|yandex.ru|600.taxi|www.avito.ru|dzen.ru|arteltaxi.ru|vk.com|959.xn--p1ai|uslugi.yandex.ru|ok.ru|taxi-alliance.turbo.site|t.me|www.rustore.ru|deshevotaxi.ru|perevozka24.com|horeca-lg.ru|taksi-gorod.ru|taxigoroda.ru|apps.apple.com|lugansk.sky-transfer.ru|lugansk.taxi24h.ru|lugansk.taksi24.taxi|takse.ru|lugansk.taxiarkadiya.ru|taxi-lugansk.ru|434.taxi|taxi-lnr.ru|zvs-lg.ru|xn-----6kcbqgcdjrv0afza5ajp5i.xn--p1ai;Луганск;Стаханов;2000
rostov-saratov;old;20;10;DIRECT;H_DIRECT_TEST;Директ тест;DIRECT_TEST;0;27;0;rostov.taksi24.taxi|ugtaxi.ru|taxi-ug.ru|tratatur.ru|kubtaxi.ru|rostov.taxi24h.ru|taxi533.ru|taksi-gorod.ru|perfect-taxi.ru|city2city.ru|ug.taxi|msk.taxi|unit-transfer.ru|taxikama.tb.ru|taksisvo.ru|turtransfer.ru|taxi.drive-luxe.ru|avto-kruiz.com|rustransfer.org|rostov.taxi-krim.com|rostov.yalta-24.taxi|taxivezde.ru|taxi-svobodnoe.ru|www.mezhgorod.taxi|taxi-russia.su|taxi-yugtaxi.ru|taxi-bereg.ru|www.taxi-love.ru|taxi-cosmos.ru|mejgorod-taxi.ru;Ростов-на-Дону;Саратов;25200
krasnoyarsk-novokuzneczk;old;20;5;DIRECT;H_DIRECT_TEST;Директ тест;DIRECT_TEST;2;18;0;taxi533.ru|1taxopark.ru|taxi555.ru|rustransfer.org|city2city.ru|catalogtaksi.ru|taxivezde.ru|taxi.drive-luxe.ru|mezhgorod-rf.ru|obltaxi.ru|www.taxi-love.ru|vse-taxi.com|onlinetaxi.su|transfergid.ru|deshevotaxi.ru|krasnoyarsk.sky-transfer.ru|unit21.ru|mejgorodtaxi.ru|mezhgorod-taksi.ru|www.avito.ru|taxiomega.ru|xn--80atblfjdfd2l.xn--80akxkdedu.xn--p1acf|xn--24-6kchk7b2h.xn--p1ai|go.yandex|taxi.yandex.ru|perevozka24.com|yandex.ru|uslugi.yandex.ru|www.blablacar.ru|2gis.ru;Красноярск;Новокузнецк;22200
ulyanovsk-ekaterinburg;old;20;11;DIRECT;H_DIRECT_TEST;Директ тест;DIRECT_TEST;1;26;0;ugtaxi.ru|ulyanovsk.taxi24h.ru|taxi533.ru|taksi-gorod.ru|ulyanovsk.yalta-24.taxi|catalogtaksi.ru|www.taxi2000.ru|taxi.drive-luxe.ru|taksisvo.ru|taxivezde.ru|city2city.ru|www.taxi-love.ru|taxi555.ru|rustransfer.org|mejgorod-taxi.ru|taxi-cosmos.ru|deshevotaxi.ru|obltaxi.ru|1tmehgorod.ru|ulyanovsk.simferopol-aeroport.taxi|jupiter-tmc.ru|onlinetaxi.su|mejgorodtaxi.ru|spravkataxi.ru|transferug.ru|mezhgorod-taksi.ru|www.avito.ru|vse-taxi.com|taxi-nomer.ru|taxi.yandex.ru;Ульяновск;Екатеринбург;30400
kirov-nizhnij-novgorod;old;20;;DIRECT;H_DIRECT_TEST;Директ тест;DIRECT_TEST;1;23;0;kirov.taxi24h.ru|taksikirov.ru|1taxopark.ru|taxi555.ru|kirov.taksi24.taxi|www.avito.ru|www.taxi-love.ru|catalogtaksi.ru|taxi-russia.su|taxi.drive-luxe.ru|kirov.taxi-krim.com|rustransfer.org|jupiter-tmc.ru|obltaxi.ru|deshevotaxi.ru|taxigorkovskoe.ru|vse-taxi.com|routes43.ru|taxi533.ru|taksi-gorod.ru|taksisvo.ru|mezhgorod-rf.ru|taxi-mini.ru|taxi-cosmos.ru|taxivezde.ru|www.taxi2000.ru|transfergid.ru|xn--80aaahzdndlon5ak.xn--p1ai|unit-transfer.ru|www.xn--80afdcfpnkvavqk.xn--p1ai;Киров;Нижний Новгород;17500
murmansk-gadzhievo;old;20;;SEO;F_AUTOPILOT;SEO автопилот;SEO_AUTOPILOT;0;21;0;catalogtaksi.ru|obltaxi.ru|ab-taxi.ru|www.taxi2000.ru|taxi555.ru|uslugi.yandex.ru|takse.ru|1taxopark.ru|taxivezde.ru|yandex.ru|deshevotaxi.ru|www.taxi-rokada.ru|rustransfer.org|jupiter-tmc.ru|ru-travel.org|mejgorodtaxi.ru|www.taxi-love.ru|taxidrom.com|mezhgorod-taksi.ru|www.rome2rio.com|taxi-nomera.ru|viptransfer51.ru|intercity-taxi.ru|taximurmansk.ru|taksi-gorod.ru|vk.com|zoon.ru|catalogtaxi.ru|severnaja-transfernaja.clients.site|murmansk.taximaxim.ru;Мурманск;Гаджиево;3400
orenburg-saratov;old;20;7;DIRECT;H_DIRECT_TEST;Директ тест;DIRECT_TEST;1;24;0;orenburg.taxi24h.ru|taksi-gorod.ru|taxi533.ru|orenburg.taksi24.taxi|nexttax.ru|1taxopark.ru|city2city.ru|taxi555.ru|www.avito.ru|www.taxi2000.ru|catalogtaksi.ru|www.mezhgorod.taxi|orenburg.yalta-24.taxi|taxivezde.ru|taksisvo.ru|taxi-cosmos.ru|taxi-russia.su|rustransfer.org|taxi.drive-luxe.ru|www.taxi-love.ru|orenburg.taxi-krim.com|onlinetaxi.su|obltaxi.ru|mejgorodtaxi.ru|1tmehgorod.ru|orentransfer.ru|deshevotaxi.ru|jupiter-tmc.ru|vse-taxi.com|orenburg.simferopol-aeroport.taxi;Оренбург;Саратов;24000
moskva-kineshma;new;19;;NONE;Z_LOW_PRIORITY;Низкий приоритет (новые);LOW_PRIORITY;12;15;0;www.avito.ru|taxi555.ru|mezhgorod.taxi-ekvator.ru|www.taxi2000.ru|taxi-mobil.ru|www.mezhgorod.taxi|ab-taxi.ru|taksi-gorod.ru|1taxopark.ru|www.taxi-love.ru;;;
moskva-lesnoj;new;19;2;NONE;Z_LOW_PRIORITY;Низкий приоритет (новые);LOW_PRIORITY;13;12;2;taxi-mobil.ru|city2city.ru|www.mezhgorod.taxi|ugtaxi.ru|wing-taxi.ru|1taxopark.ru|www.taxi-love.ru|moskva.taxideshevo.com|taxispeed.ru|taxivezde.ru;;;
moskva-murom;new;19;;NONE;Z_LOW_PRIORITY;Низкий приоритет (новые);LOW_PRIORITY;10;15;0;taxi-mobil.ru|taxi555.ru|www.taxi2000.ru|ugtaxi.ru|www.taximasters.ru|www.mezhgorod.taxi|www.100mtaxi.ru|www.avito.ru|1taxopark.ru|www.taxi-accord.ru;;;
moskva-pokrov;new;19;;NONE;Z_LOW_PRIORITY;Низкий приоритет (новые);LOW_PRIORITY;9;16;0;taxi-mobil.ru|taxi555.ru|www.taximasters.ru|www.taxi-rokada.ru|www.taxi2000.ru|www.mezhgorod.taxi|taxispeed.ru|wing-taxi.ru|taxivezde.ru|ab-taxi.ru;;;
moskva-voskresenskoe;new;19;5;NONE;Z_LOW_PRIORITY;Низкий приоритет (новые);LOW_PRIORITY;16;9;4;yandex.ru|taxi-mobil.ru|nyt.ru|taxispeed.ru|city2city.ru|uslugi.yandex.ru|taksisvo.ru|voskresenskoe.taxi-prestizh.com|www.mezhgorod.taxi|takse.ru;;;
bryansk-selczo;new;19;;NONE;Z_LOW_PRIORITY;Низкий приоритет (новые);LOW_PRIORITY;22;5;1;1taxopark.ru|taxi555.ru|taksi-gorod.ru|ab-taxi.ru|www.taxi2000.ru|obltaxi.ru|catalogtaksi.ru|vk.com|taxi.drive-luxe.ru|xn----7sbyhcmnbsdikx.xn--p1ai;;;
volgograd-czentralnyj;new;19;7;SEO;F_AUTOPILOT;SEO автопилот;SEO_AUTOPILOT_NEW;13;8;3;yandex.ru|www.yell.ru|taxi.yandex.ru|2gis.ru|vezet.ru|taxivolgograd.ru|city2city.ru|volgograd.spravker.ru|uslugi.yandex.ru|m.avito.ru;;;
voronezh-leninskoe;new;19;1;NONE;Z_LOW_PRIORITY;Низкий приоритет (новые);LOW_PRIORITY;15;9;3;city2city.ru|deshevotaxi.ru|taxi.yandex.ru|yandex.ru|voronezh.spravker.ru|www.yell.ru|2gis.ru|vezet.ru|mezhgorod-taksi.ru|voronezh1.taximaxim.ru;;;
voronezh-otradnaya;new;19;;NONE;Z_LOW_PRIORITY;Низкий приоритет (новые);LOW_PRIORITY;21;8;2;uslugi.yandex.ru|1taxopark.ru|voronezh.taxi24h.ru|voronezh.taksi24.taxi|obltaxi.ru|taxivezde.ru|ug.taxi|voronezh.taxi-krim.com|sochi.taxi|taksisvo.ru;;;
voronezh-otradnyj;new;19;;NONE;Z_LOW_PRIORITY;Низкий приоритет (новые);LOW_PRIORITY;17;11;2;rustransfer.org|taksisvo.ru|voronezh.sevastopol24.taxi|uslugi.yandex.ru|deshevotaxi.ru|voronezh.taxi24h.ru|mejgorodtaxi.ru|mezhgorod-taksi.ru|mobilodeon.ru|taxi-nomer.ru;;;
kirov-yalta;new;19;2;SEO;F_AUTOPILOT;SEO автопилот;SEO_AUTOPILOT_NEW;9;19;2;kirov.taxi24h.ru|city2city.ru|kirov.taxi-krim.com|taxi-mini.ru|vse-taxi.com|deshevotaxi.ru|kirov.aeroport-simferopol.taxi|transferug.ru|mejgorodtaxi.ru|ug.taxi;;;
kursk-sevastopol;new;19;;NONE;Z_LOW_PRIORITY;Низкий приоритет (новые);LOW_PRIORITY;9;19;0;kursk.sevastopol24.taxi|ugtaxi.ru|kursk.taxi24h.ru|kubtaxi.ru|tratatur.ru|kursk.taksi24.taxi|taxi533.ru|taxi-ug.ru|kursk.yalta-24.taxi|1tmehgorod.ru;;;
ufa-oktyabrsk;new;19;19;SEO;F_AUTOPILOT;SEO автопилот;SEO_AUTOPILOT_NEW;13;11;3;oktyabrsky-ufa.ru|go.yandex|www.avito.ru|yandex.ru|ufalain.ru|yandex.ru|perevozka24.com|kiwitaxi.ru|vk.com|ufa.sky-transfer.ru;;;
cheboksary-samara;new;19;25;SEO;F_AUTOPILOT;SEO автопилот;SEO_AUTOPILOT_NEW;14;13;0;taxiarkadiya.ru|taxiboss.biz|cheboksary.sevastopol24.taxi|unit21.ru|taxi533.ru|catalogtaksi.ru|1taxopark.ru|taxi.drive-luxe.ru|taxi555.ru|www.taxi2000.ru;;;
samara-czentralnyj;new;19;;NONE;Z_LOW_PRIORITY;Низкий приоритет (новые);LOW_PRIORITY;14;9;4;taxi.yandex.ru|vezet.ru|yandex.ru|samara.taximaxim.ru|2gis.ru|m.avito.ru|xn----7sbabxukdmwuiegm.xn--p1ai|drivee.com|zoon.ru|uslugi.yandex.ru;;;
saratov-oktyabrskij;new;19;20;NONE;Z_LOW_PRIORITY;Низкий приоритет (новые);LOW_PRIORITY;19;8;2;taksisvo.ru|taxi533.ru|catalogtaksi.ru|taxi-cosmos.ru|mezhgorod-rf.ru|deshevotaxi.ru|ab-taxi.ru|rustransfer.org|1taxopark.ru|vse-taxi.com;;;
saratov-oktyabrskoe;new;19;4;NONE;Z_LOW_PRIORITY;Низкий приоритет (новые);LOW_PRIORITY;19;9;2;taxi533.ru|taksisvo.ru|catalogtaksi.ru|city2city.ru|taxivezde.ru|1taxopark.ru|taxi-cosmos.ru|ab-taxi.ru|www.mezhgorod.taxi|jupiter-tmc.ru;;;
stavropol-georgievsk;new;19;;NONE;Z_LOW_PRIORITY;Низкий приоритет (новые);LOW_PRIORITY;18;12;0;kubtaxi.ru|tratatur.ru|geltaxi.ru|taxi-ug.ru|perfect-taxi.ru|www.mezhgorod.taxi|taxi.drive-luxe.ru|ugtaxi.ru|taxi555.ru|catalogtaxi.ru;;;
tambov-stroitel;new;19;;NONE;Z_LOW_PRIORITY;Низкий приоритет (новые);LOW_PRIORITY;26;3;2;yandex.ru|taxi.drive-luxe.ru|taxi555.ru|taxivezde.ru|www.mezhgorod.taxi|catalogtaxi.ru|1taxopark.ru|taksisvo.ru|rustransfer.org|perevozka24.com;;;
tver-klin;new;19;;NONE;Z_LOW_PRIORITY;Низкий приоритет (новые);LOW_PRIORITY;18;9;0;taxi555.ru|taxi-tver.com|taxi533.ru|taxivezde.ru|www.taxi2000.ru|taksisvo.ru|taxi.drive-luxe.ru|www.taxi-love.ru|rustransfer.org|jupiter-tmc.ru;;;
chelyabinsk-shumixa;new;19;;NONE;Z_LOW_PRIORITY;Низкий приоритет (новые);LOW_PRIORITY;19;5;1;intercity74.ru|driver174.ru|taxidesyatka.ru|catalogtaksi.ru|taxi555.ru|ab-taxi.ru|1taxopark.ru|taksi-gorod.ru|takse.ru|deshevotaxi.ru;;;
chelyabinsk-solnechnyj;new;19;;NONE;Z_LOW_PRIORITY;Низкий приоритет (новые);LOW_PRIORITY;17;7;3;2gis.ru|driver174.ru|yandex.ru|deshevotaxi.ru|intercity74.ru|vk.com|catalogtaxi.ru|www.avito.ru|taksi-gorod.ru|chelyabinsk.taximaxim.ru;;;
krasnodar-ekaterinburg;old;19;5;DIRECT;H_DIRECT_TEST;Директ тест;DIRECT_TEST;1;23;0;ugtravel.com|krasnodar.sevastopol24.taxi|ug.taxi|taksi-gorod.ru|city2city.ru|www.mezhgorod.taxi|krasnodar.aeroport-simferopol.taxi|ugtravel.ru|taksisvo.ru|taxivezde.ru|krasnodar.simferopol-aeroport.taxi|mejgorod-taxi.ru|mezhgorod-rf.ru|www.taxi-love.ru|catalogtaxi.ru|catalogtaksi.ru|taxi-cosmos.ru|vse-taxi.com|mezhgorod-taksi.ru|deshevotaxi.ru|mejgorodtaxi.ru|radartaxi.ru|transferug.ru|kubtaxi.ru|minibus.biletyplus.ru|ug-transfer.online|taxi.yandex.ru|transfer23.ru|www.avito.ru|b24-qkzsog.bitrix24.site;Краснодар;Екатеринбург;72300
ulyanovsk-kirov;old;19;5;DIRECT;H_DIRECT_TEST;Директ тест;DIRECT_TEST;1;25;0;ulyanovsk.yalta-24.taxi|taxi533.ru|www.taxi2000.ru|ulyanovsk.taxi24h.ru|city2city.ru|taxi555.ru|taksisvo.ru|taxi.drive-luxe.ru|www.mezhgorod.taxi|taxivezde.ru|deshevotaxi.ru|catalogtaksi.ru|rustransfer.org|taxi-cosmos.ru|obltaxi.ru|www.taxi-love.ru|jupiter-tmc.ru|mezhgorod-taksi.ru|ulyanovsk.taxi-krim.com|mejgorod-taxi.ru|ulyanovsk.simferopol-aeroport.taxi|mobilodeon.ru|taksikirov.ru|vse-taxi.com|www.rome2rio.com|mejgorodtaxi.ru|www.avito.ru|spravkataxi.ru|taxi-nomer.ru|taksi-gorod.ru;Ульяновск;Киров;18600
kirov-ulyanovsk;old;19;3;DIRECT;H_DIRECT_TEST;Директ тест;DIRECT_TEST;1;23;0;kirov.taxi24h.ru|taxi533.ru|city2city.ru|www.taxi2000.ru|taksikirov.ru|www.avito.ru|kirov.yalta-24.taxi|catalogtaksi.ru|taksisvo.ru|taxi-cosmos.ru|kirov.taksi24.taxi|taxi555.ru|www.mezhgorod.taxi|taxi.drive-luxe.ru|taxivezde.ru|obltaxi.ru|rustransfer.org|mezhgorod-rf.ru|www.taxi-love.ru|ab-taxi.ru|jupiter-tmc.ru|kirov.taxi-krim.com|kirov.aeroport-simferopol.taxi|routes43.ru|deshevotaxi.ru|taxi-mini.ru|vse-taxi.com|mejgorodtaxi.ru|www.rome2rio.com|xn--80aaahzdndlon5ak.xn--p1ai;Киров;Ульяновск;18600
vladimir-sudogda;old;19;;SEO;F_AUTOPILOT;SEO автопилот;SEO_AUTOPILOT;1;20;0;catalogtaksi.ru|taxi555.ru|xn--33-6kcu3bqdcefbvh.xn--p1ai|1taxopark.ru|deshevotaxi.ru|taxi-vladimir-vladimir-oblast-ru.taxigator.ru|www.taxi2000.ru|www.mezhgorod.taxi|taxivezde.ru|taxi.drive-luxe.ru|takse.ru|obltaxi.ru|taksisvo.ru|rustransfer.org|mezhgorod-taksi.ru|www.taxi-love.ru|transfer-vlad33.ru|www.taxi-rokada.ru|ru-travel.org|mejgorodtaxi.ru|taksi-services.ru|mobilodeon.ru|taxi24online.ru|jupiter-tmc.ru|www.avito.ru|order-taxi.ru|xn--33-6kc6aj6be.xn--p1ai|guidetaxi.ru|yandex.ru|uslugi.yandex.ru;Владимир;Судогда;2000
kaluga-podolsk;old;19;;SEO;F_AUTOPILOT;SEO автопилот;SEO_AUTOPILOT;0;8;0;1taxopark.ru|taxi555.ru|tmkaluga.ru|catalogtaksi.ru|taksi-gorod.ru|taxi533.ru|taksisvo.ru|mejgorod-taxi.ru|taxi.drive-luxe.ru|obltaxi.ru;Калуга;Подольск;4500
belgorod-alekseevka;old;19;;DIRECT;H_DIRECT_TEST;Директ тест;DIRECT_TEST;0;8;0;levtransfer.ru|taxi555.ru|www.mezhgorod.taxi|taxi.drive-luxe.ru|1taxopark.ru|mezhgorod-rf.ru|taksisvo.ru|catalogtaksi.ru|kubtaxi.ru|www.taxi-love.ru;Белгород;Алексеевка;38000
joshkar-ola-zvenigovo;old;19;;SEO;F_AUTOPILOT;SEO автопилот;SEO_AUTOPILOT;0;9;0;1taxopark.ru|taxi555.ru|taxi.drive-luxe.ru|taksisvo.ru|ab-taxi.ru|www.taxi-rokada.ru|www.taxi2000.ru|www.mezhgorod.taxi|catalogtaksi.ru|obltaxi.ru;Йошкар-Ола;Звенигово;3000
saratov-ufa;old;19;20;DIRECT;H_DIRECT_TEST;Директ тест;DIRECT_TEST;0;28;0;saratov.sky-transfer.ru|saratov.taxi24h.ru|taxi-russia.su|taxiufa.ru|taxi555.ru|saratov.sevastopol24.taxi|taxi533.ru|www.taxi2000.ru|taksi-gorod.ru|catalogtaksi.ru|taxivezde.ru|ug.taxi|obltaxi.ru|taksisvo.ru|www.mezhgorod.taxi|taxi.drive-luxe.ru|rustransfer.org|taxi-cosmos.ru|taxi-lider64.ru|city2city.ru|taxi24online.ru|jupiter-tmc.ru|saratov.taxi-krim.com|mejgorod-taxi.ru|www.taxi-love.ru|mb-taxi.ru|saratov.aeroport-simferopol.taxi|taxi-vizov.ru|mejgorodtaxi.ru|saratov.simferopol-aeroport.taxi;Саратов;Уфа;26600
samara-balakovo;old;19;;SEO;F_AUTOPILOT;SEO автопилот;SEO_AUTOPILOT;3;21;0;xn----7sbabxukdmwuiegm.xn--p1ai|sky-transfer.ru|www.avito.ru|kiwitaxi.ru|taksisvo.ru|taksi-gorod.ru|taxi555.ru|www.taxi2000.ru|unit-transfer.ru|taxi24online.ru|www.mezhgorod.taxi|transfers.unitaxi.ru|1taxopark.ru|taxi.drive-luxe.ru|taxivezde.ru|vse-taxi.com|mejgorod-taxi.ru|yandex.ru|rustransfer.org|obltaxi.ru|taxi-cosmos.ru|taxi-samara.su|mezhgorod-rf.ru|samara-airport.com|taxi-po-svetu.ru|taxikawai.ru|xn----7sbaab2cnl1bgij.xn--p1ai|www.taxi-love.ru|www.intui.travel|catalogtaksi.ru;Самара;Балаково;8000
samara-cheboksary;old;19;;DIRECT;H_DIRECT_TEST;Директ тест;DIRECT_TEST;1;11;0;taxi.yandex.ru|vezet.ru|2gis.ru|samara.taximaxim.ru|yandex.ru|www.avito.ru|city-mobil.ru|drivee.com|samara.taxipoehali.ru|uslugi.yandex.ru|zoon.ru|xn----7sbabxukdmwuiegm.xn--p1ai|samara.taptaxi.su|taxi-samara.ru|vk.com|www.yell.ru|samara.taxovichkof.ru|perevozka24.com|go.yandex|drugoigorod.ru|rutaxi.ru|frantbusiness.ru|www.komandirovka.ru|taxi-nomera.ru|www.orgpage.ru|perevozchik163.ru|souzviptaxi.ru|xn----7sbaab2cnl1bgij.xn--p1ai|taxi-leader.ru|samara.yp.ru;Самара;Чебоксары;14200
kursk-bryansk;old;19;;SEO;F_AUTOPILOT;SEO автопилот;SEO_AUTOPILOT;0;27;0;sky-transfer.ru|kubtaxi.ru|taxi-ug.ru|kursk.taxi24h.ru|tratatur.ru|kursk.sevastopol24.taxi|taksi-gorod.ru|taxi533.ru|sochi.taxi|vse-taxi.com|taksisvo.ru|ug.taxi|unit-transfer.ru|taxi555.ru|catalogtaksi.ru|kursk.taxi-krim.com|1taxopark.ru|levtransfer.ru|taxi.drive-luxe.ru|rustransfer.org|obltaxi.ru|taxivezde.ru|jupiter-tmc.ru|www.taxi-love.ru|kursk.aeroport-simferopol.taxi|mejgorod-taxi.ru|deshevotaxi.ru|onlinetaxi.su|kursk.simferopol-aeroport.taxi|taksicentr.ru;Курск;Брянск;8600
yaroslavl-gavrilov-yam;old;19;;SEO;F_AUTOPILOT;SEO автопилот;SEO_AUTOPILOT;1;20;0;catalogtaksi.ru|deshevotaxi.ru|taxi555.ru|taxivezde.ru|xn----7sbyhcmnbsdikx.xn--p1ai|www.taxi2000.ru|taksisvo.ru|takse.ru|1taxopark.ru|mezhgorod-taksi.ru|obltaxi.ru|mejgorodtaxi.ru|www.taxi-love.ru|taxi-yaroslavl-yaroslavl-oblast-ru.taxigator.ru|www.taxi-rokada.ru|ru-travel.org|mezhdugorodnee-taxi24.ru|taksi-services.ru|taxi-mezhgorod24.ru|taxomarket.ru|xn--80aezclli6gta.xn--80akxkdedu.xn--p1acf|y-taxi.ru|rustransfer.org|jupiter-tmc.ru|www.avito.ru|uslugi.yandex.ru|taxi-nomera.ru|mezhdugorodnee-taksi.ru|zoon.ru|perevozka24.com;Ярославль;Гаврилов-Ям;2000
ufa-saratov;old;19;7;DIRECT;H_DIRECT_TEST;Директ тест;DIRECT_TEST;0;27;0;ufa.sky-transfer.ru|ufa.taxi24h.ru|taksi-gorod.ru|ufa.sevastopol24.taxi|catalogtaksi.ru|yandex.ru|city2city.ru|taxi533.ru|ufa.yalta-24.taxi|taxiufa.ru|taxi.drive-luxe.ru|ug.taxi|taxi555.ru|taxi24online.ru|rustransfer.org|www.mezhgorod.taxi|ufa.taksi24.taxi|taxivezde.ru|ufa.simferopol-aeroport.taxi|taksisvo.ru|taxi-cosmos.ru|www.taxi-love.ru|ufa.aeroport-simferopol.taxi|jupiter-tmc.ru|ufa.taxi-krim.com|obltaxi.ru|toptaxi.org|vse-taxi.com|www.transfer02.ru|taxibulgakovo.ru;Уфа;Саратов;26700
ekaterinburg-kirov;old;19;8;DIRECT;H_DIRECT_TEST;Директ тест;DIRECT_TEST;0;9;0;yekaterinburg.taxi24h.ru|ugtaxi.ru|taksisvo.ru|catalogtaksi.ru|www.taxi2000.ru|yekaterinburg.taksi24.taxi|taxi533.ru|city2city.ru|taksi-gorod.ru|unit-transfer.ru;Екатеринбург;Киров;25500
belgorod-tula;old;19;;DIRECT;H_DIRECT_TEST;Директ тест;DIRECT_TEST;0;9;0;kubtaxi.ru|belgorod.taxi24h.ru|taxi-ug.ru|taksi-gorod.ru|tratatur.ru|taxi533.ru|belgorod.taksi24.taxi|rustransfer.org|ug.taxi|www.mezhgorod.taxi;Белгород;Тула;14500
ulyanovsk-tolyatti;old;19;;SEO;F_AUTOPILOT;SEO автопилот;SEO_AUTOPILOT;3;22;0;ulyanovsk.taxi24h.ru|www.avito.ru|taxi555.ru|kiwitaxi.ru|rustransfer.org|1taxopark.ru|yandex.ru|taxi533.ru|vse-taxi.com|ulyanovsk.sevastopol24.taxi|www.mezhgorod.taxi|taxi.drive-luxe.ru|obltaxi.ru|taxi-russia.su|taksisvo.ru|www.taxi2000.ru|taxi24online.ru|catalogtaksi.ru|taxivezde.ru|taksi-gorod.ru|mejgorod-taxi.ru|ulyanovsk.taxi-krim.com|www.taxi-love.ru|ulyanovsk.aeroport-simferopol.taxi|mejgorodtaxi.ru|deshevotaxi.ru|jupiter-tmc.ru|www.intui.travel|xn----7sbybhiuvgfca2ktb.xn--p1ai|uslugi.yandex.ru;Ульяновск;Тольятти;6000
chelyabinsk-shadrinsk;old;19;;SEO;F_AUTOPILOT;SEO автопилот;SEO_AUTOPILOT;0;7;0;taxidesyatka.ru|driver174.ru|taksi-gorod.ru|catalogtaxi.ru|taxi555.ru|1taxopark.ru|uralavtotaxi.ru|takse.ru|taxivezde.ru|taxi-russia.su;Челябинск;Шадринск;6500
moskva-bogorodskoe;new;18;12;SEO;F_AUTOPILOT;SEO автопилот;SEO_AUTOPILOT_NEW;12;15;3;taxi555.ru|msk.taxovichkof.ru|oldtaxi.ru|taxivezde.ru|taxi-mobil.ru|zakaz.mezhgorod.taxi|taxi.drive-luxe.ru|1taxopark.ru|www.taxi-love.ru|mezhgorod.taxi-ekvator.ru;;;
moskva-kashin;new;18;23;SEO;F_AUTOPILOT;SEO автопилот;SEO_AUTOPILOT_NEW;11;15;0;taxi-mobil.ru|taxi555.ru|xn----7sbyhcmnbsdikx.xn--p1ai|www.100mtaxi.ru|1taxopark.ru|taxi.drive-luxe.ru|www.taxi-love.ru|zakaz.mezhgorod.taxi|www.taximasters.ru|taxivezde.ru;;;
moskva-kimry;new;18;;NONE;Z_LOW_PRIORITY;Низкий приоритет (новые);LOW_PRIORITY;11;13;0;www.taxi2000.ru|taxi-mobil.ru|ab-taxi.ru|taxivezde.ru|www.mezhgorod.taxi|www.taxi-rokada.ru|taxi555.ru|xn----7sbyhcmnbsdikx.xn--p1ai|1taxopark.ru|wing-taxi.ru;;;
moskva-luga;new;18;5;SEO;F_AUTOPILOT;SEO автопилот;SEO_AUTOPILOT_NEW;14;12;0;mezhgorod-taksi.ru|taxi555.ru|ugtaxi.ru|wing-taxi.ru|city2city.ru|taksi777.ru|1taxopark.ru|www.mezhgorod.taxi|taksi-mezhgorod.ru|www.taxi2000.ru;;;
moskva-valdaj;new;18;;NONE;Z_LOW_PRIORITY;Низкий приоритет (новые);LOW_PRIORITY;11;14;0;taxi-mobil.ru|ugtravel.ru|xn----7sbyhcmnbsdikx.xn--p1ai|sky-transfer.ru|minivans.taxi|www.taxi-rokada.ru|www.mezhgorod.taxi|taxi555.ru|www.taxi-love.ru|www.taxi2000.ru;;;
moskva-yalta;new;18;;NONE;Z_LOW_PRIORITY;Низкий приоритет (новые);LOW_PRIORITY;3;26;1;taxi.ugtravel.com|moskva.yalta-24.taxi|www.avito.ru|msk.taxi|taxi-mobil.ru|wing-taxi.ru|moskva.taxi24h.ru|ugtaxi.ru|moskva.sevastopol24.taxi|ug-transfer.online;;;
barnaul-kemerovo;new;18;;NONE;Z_LOW_PRIORITY;Низкий приоритет (новые);LOW_PRIORITY;16;6;0;barnaul.sky-transfer.ru|www.avito.ru|kiwitaxi.ru|willway.ru|taxi533.ru|aa-go.ru|turtransfer.ru|taxivezde.ru|rustransfer.org|www.mezhgorod.taxi;;;
belgorod-proxorovka;new;18;;NONE;Z_LOW_PRIORITY;Низкий приоритет (новые);LOW_PRIORITY;21;6;2;deshevotaxi.ru|www.mezhgorod.taxi|taxi.drive-luxe.ru|www.taxi2000.ru|taksi-gorod.ru|taksisvo.ru|taxivezde.ru|www.taxi-rokada.ru|takse.ru|mb-taxi.ru;;;
belgorod-razumnoe;new;18;;NONE;Z_LOW_PRIORITY;Низкий приоритет (новые);LOW_PRIORITY;19;7;3;yandex.ru|taxi-nomera.ru|uslugi.yandex.ru|taksisvo.ru|taxi555.ru|catalogtaksi.ru|taxi.drive-luxe.ru|1taxopark.ru|deshevotaxi.ru|taxivezde.ru;;;
voronezh-gryazi;new;18;;NONE;Z_LOW_PRIORITY;Низкий приоритет (новые);LOW_PRIORITY;21;8;0;kubtaxi.ru|deshevotaxi.ru|taxi555.ru|tratatur.ru|taxi-ug.ru|1taxopark.ru|www.mezhgorod.taxi|taksisvo.ru|taxivezde.ru|www.taxi2000.ru;;;
krasnodar-pyatigorsk;new;18;11;SEO;F_AUTOPILOT;SEO автопилот;SEO_AUTOPILOT_NEW;6;23;0;kubtaxi.ru|taxi-ug.ru|tratatur.ru|taxi.ugtravel.com|ug.taxi|www.avito.ru|krasnodar.taksi24.taxi|perfect-taxi.ru|krasnodar.taxi24h.ru|krasnodar.sevastopol24.taxi;;;
krasnodar-starominskaya;new;18;;NONE;Z_LOW_PRIORITY;Низкий приоритет (новые);LOW_PRIORITY;13;13;2;kubtaxi.ru|taxi-ug.ru|ugtaxi.ru|perfect-taxi.ru|taxi.transferplustravel.com|taxi555.ru|1taxopark.ru|tratatur.ru|willway.ru|geltaxi.ru;;;
kaluga-kremyonki;new;18;;NONE;Z_LOW_PRIORITY;Низкий приоритет (новые);LOW_PRIORITY;20;9;1;taxi555.ru|1taxopark.ru|catalogtaksi.ru|taksisvo.ru|www.mezhgorod.taxi|taxi-mini.ru|www.taxi-love.ru|taxigator.ru|taxivezde.ru|deshevotaxi.ru;;;
kurgan-krasnyj;new;18;1;SEO;F_AUTOPILOT;SEO автопилот;SEO_AUTOPILOT_NEW;14;13;3;city2city.ru|taksi-gorod.ru|yandex.ru|uslugi.yandex.ru|perevozka24.com|catalogtaxi.ru|ugtaxi.ru|xn----7sbyhcmnbsdikx.xn--p1ai|ugtravel.com|mezhgorod-taksi.ru;;;
orenburg-yuzhnyj;new;18;;NONE;Z_LOW_PRIORITY;Низкий приоритет (новые);LOW_PRIORITY;17;9;3;yandex.ru|vk.com|catalogtaksi.ru|www.avito.ru|deshevotaxi.ru|2gis.ru|zoon.ru|taxi.yandex.ru|vezet.ru|orenburg.taximaxim.ru;;;
oryol-komsomolskij;new;18;2;SEO;F_AUTOPILOT;SEO автопилот;SEO_AUTOPILOT_NEW;16;11;3;taksisvo.ru|city2city.ru|catalogtaksi.ru|mejgorodtaxi.ru|deshevotaxi.ru|orol.taximaxim.ru|taxi.yandex.ru|taxitops.ru|taksi-services.ru|yandex.ru;;;
rostov-vysokij;new;18;1;NONE;Z_LOW_PRIORITY;Низкий приоритет (новые);LOW_PRIORITY;17;7;4;city2city.ru|mejgorodtaxi.ru|deshevotaxi.ru|ugtaxi.ru|www.komandirovka.ru|catalogtaksi.ru|rostov-na-donu1.taximaxim.ru|uslugi.yandex.ru|taxi.yandex.ru|vk.com;;;
ryazan-czentralnyj;new;18;;NONE;Z_LOW_PRIORITY;Низкий приоритет (новые);LOW_PRIORITY;17;9;3;taxi.yandex.ru|ryazan.taximaxim.ru|yandex.ru|vezet.ru|2gis.ru|zoon.ru|ryazan.taxipoehali.ru|m.avito.ru|uslugi.yandex.ru|ryazan.flamp.ru;;;
kazan-aksubaevo;new;18;;NONE;Z_LOW_PRIORITY;Низкий приоритет (новые);LOW_PRIORITY;16;9;2;transfer-kazan.ru|1taxopark.ru|www.mezhgorod.taxi|taxi555.ru|taxi.drive-luxe.ru|yandex.ru|vk.com|taxi-kazan.su|obltaxi.ru|taxi-mini.ru;;;
samara-sovetskij;new;18;3;NONE;Z_LOW_PRIORITY;Низкий приоритет (новые);LOW_PRIORITY;15;9;4;xn----7sbabxukdmwuiegm.xn--p1ai|2gis.ru|city2city.ru|samara.spravker.ru|yandex.ru|dzen.ru|taxi-nomer.ru|vezet.ru|www.avito.ru|zoon.ru;;;
samara-sovetskoe;new;18;7;NONE;Z_LOW_PRIORITY;Низкий приоритет (новые);LOW_PRIORITY;16;6;5;samara.spravker.ru|taxi-nomer.ru|xn----7sbabxukdmwuiegm.xn--p1ai|www.avito.ru|1taxopark.ru|yandex.ru|city2city.ru|vk.com|yandex.ru|deshevotaxi.ru;;;
tambov-severnyj;new;18;;NONE;Z_LOW_PRIORITY;Низкий приоритет (новые);LOW_PRIORITY;20;6;3;vezet.ru|yandex.ru|taxi.yandex.ru|tambov.taximaxim.ru|sky-transfer.ru|catalogtaksi.ru|2gis.ru|taksisvo.ru|1taxopark.ru|deshevotaxi.ru;;;
tula-belyj;new;18;9;NONE;Z_LOW_PRIORITY;Низкий приоритет (новые);LOW_PRIORITY;20;7;3;obltaxi.ru|taksisvo.ru|1taxopark.ru|taxi555.ru|deshevotaxi.ru|www.mezhgorod.taxi|jupiter-tmc.ru|zoon.ru|city2city.ru|mejgorodtaxi.ru;;;
tula-sovetsk;new;18;22;NONE;Z_LOW_PRIORITY;Низкий приоритет (новые);LOW_PRIORITY;19;8;0;kubtaxi.ru|1taxopark.ru|taxi-ug.ru|www.mezhgorod.taxi|tratatur.ru|taxivezde.ru|taxi.drive-luxe.ru|www.taxi-rokada.ru|www.taxi2000.ru|xn----7sbyhcmnbsdikx.xn--p1ai;;;
yaroslavl-pushkino;new;18;;NONE;Z_LOW_PRIORITY;Низкий приоритет (новые);LOW_PRIORITY;20;8;1;taxi533.ru|catalogtaxi.ru|vse-taxi.com|taxi555.ru|taxi.drive-luxe.ru|www.mezhgorod.taxi|1taxopark.ru|taksisvo.ru|taxivezde.ru|www.taxi-love.ru;;;
kursk-staryj-oskol;old;18;;SEO;F_AUTOPILOT;SEO автопилот;SEO_AUTOPILOT;1;20;0;kubtaxi.ru|catalogtaksi.ru|tratatur.ru|taxi-russia.su|unit-transfer.ru|taxi-cosmos.ru|vse-taxi.com|levtransfer.ru|rustransfer.org|ru-travel.org|deshevotaxi.ru|transfergid.ru|www.rome2rio.com|taxi-nomer.ru|www.avito.ru|mezhgorod-taksi.ru|taksi-gorod.ru|www.xn----7sbkecbh0cgqaodggm2b.xn--p1ai|vrn-taxi.ru|mejgorod-taxi.ru|mezhgorod-rf.ru|korona-taksi.ru|mejgorodtaxi.ru|xn--j1aarei.xn--80akxkdedu.xn--p1acf|taksicentr.ru|bibi-bot.ru|taksisvo.ru|taxi.yandex.ru|xn----7sbqaakepxhlwjl4f7d.xn--p1ai|uslugi.yandex.ru;Курск;Старый Оскол;4500
rostov-nizhnij-novgorod;old;18;;DIRECT;H_DIRECT_TEST;Директ тест;DIRECT_TEST;0;29;0;ugtaxi.ru|rostov.taxi24h.ru|rostov.taksi24.taxi|catalogtaxi.ru|taksi-gorod.ru|taxi533.ru|perfect-taxi.ru|rostov.taxi-krim.com|taksisvo.ru|msk.taxi|turtransfer.ru|taxikama.tb.ru|www.mezhgorod.taxi|avto-kruiz.com|taxi-bereg.ru|mejgorod-taxi.ru|ug.taxi|www.taxi-love.ru|obltaxi.ru|deshevotaxi.ru|taxi-svobodnoe.ru|taxivezde.ru|taxi-cosmos.ru|vse-taxi.com|rostov.simferopol-aeroport.taxi|rostov.aeroport-simferopol.taxi|mejgorodtaxi.ru|transferug.ru|rostov.platov-transfer.ru|catalogtaksi.ru;Ростов-на-Дону;Нижний Новгород;38500
yaroslavl-vladimir;old;18;;SEO;F_AUTOPILOT;SEO автопилот;SEO_AUTOPILOT;1;25;0;sky-transfer.ru|yaroslavl.taxi24h.ru|yaroslavl.taksi24.taxi|yaroslavl.sevastopol24.taxi|taxi555.ru|catalogtaksi.ru|1taxopark.ru|www.mezhgorod.taxi|taxi.drive-luxe.ru|www.taxi-love.ru|taxivezde.ru|yaroslavl.aeroport-simferopol.taxi|yaroslavl.simferopol-aeroport.taxi|ug.taxi|www.intui.travel|yaroslavl.taxi-krim.com|obltaxi.ru|vse-taxi.com|takse.ru|yatransfer76.ru|taksi-services.ru|yaroslavl.alushta24.taxi|taxi533.ru|mejgorodtaxi.ru|mejgorod-taxi.ru|taksisvo.ru|jupiter-tmc.ru|taxi-russia.ru|mezhgorod-taksi.ru|1tmehgorod.ru;Ярославль;Владимир;7000
tver-staricza;old;18;;SEO;F_AUTOPILOT;SEO автопилот;SEO_AUTOPILOT;0;19;0;www.taxi2000.ru|1taxopark.ru|taxi555.ru|xn----7sbyhcmnbsdikx.xn--p1ai|deshevotaxi.ru|catalogtaksi.ru|taxi-tver.com|taxi.drive-luxe.ru|taxivezde.ru|taksisvo.ru|takse.ru|www.taxi-rokada.ru|www.taxi-love.ru|obltaxi.ru|rustransfer.org|mezhgorod-taksi.ru|oblastnoe-taxi.ru|ru-travel.org|taxi-tver-tver-oblast-ru.taxigator.ru|taksi-services.ru|mejgorodtaxi.ru|www.rome2rio.com|jupiter-tmc.ru|mobilodeon.ru|xn----7sbgnfw0acspf.xn--p1ai|taxi-mezhgorod24.ru|xn--24-6kc6aj8ahcgi.xn--p1ai|mezhdugorodnee-taksi.ru|xn--80affnblthori.xn--p1ai|tver-transit.ru;Тверь;Старица;2500
tver-kashin;old;18;;SEO;F_AUTOPILOT;SEO автопилот;SEO_AUTOPILOT;1;20;0;vk.com|taxi-tver.com|catalogtaksi.ru|1taxopark.ru|taxi555.ru|taxi.drive-luxe.ru|deshevotaxi.ru|xn----7sbyhcmnbsdikx.xn--p1ai|taksisvo.ru|rustransfer.org|taxivezde.ru|mezhgorod.taxi-ekvator.ru|takse.ru|taksi-services.ru|www.taxi-love.ru|taxi-russia.ru|mejgorodtaxi.ru|mezhgorod-taksi.ru|jupiter-tmc.ru|taxi-nomer.ru|taxi-mezhgorod24.ru|oblastnoe-taxi.ru|taxomarket.ru|transfergid.ru|taxigator.ru|xn--80affnblthori.xn--p1ai|mezhdugorodnee-taksi.ru|www.avito.ru|xn----7sbgnfw0acspf.xn--p1ai|xn--24-6kc6aj8ahcgi.xn--p1ai;Тверь;Кашин;6500
ust-kut-irkutsk;old;18;8;DIRECT;H_DIRECT_TEST;Директ тест;DIRECT_TEST;1;16;0;taxicab-irkutsk-bratsk.ru|www.avito.ru|takse.ru|rustransfer.org|catalogtaksi.ru|perevozka24.com|jupiter-tmc.ru|city2city.ru|deshevotaxi.ru|taxi-ckolesa.ru|uslugio.com|mezhgorod-taksi.ru|taxi-38.ru|2gis.ru|uslugi.yandex.ru|xn----ttbtecbe3e.xn--80akxkdedu.xn--p1acf|transfergid.ru|taxigator.ru|www.eliteauto.site|www.ellit-avto.ru|taksi-gorod.ru|express138.ru|ust-kut.taximaxim.ru|yandex.ru|www.yell.ru|www.estaxi.ru|taxibrik.ru|catalogtaxi.ru|4kolesa-bratsk-irkutsk-bratsk.clients.site|taxinomerok.ru;Усть-Кут;Иркутск;29100
samara-nizhnekamsk;old;18;11;DIRECT;H_DIRECT_TEST;Директ тест;DIRECT_TEST;2;20;0;sky-transfer.ru|taxi555.ru|xn----7sbabxukdmwuiegm.xn--p1ai|taxi24online.ru|1taxopark.ru|taksisvo.ru|taksi-gorod.ru|taxi533.ru|www.taxi2000.ru|unit-transfer.ru|city2city.ru|taxivezde.ru|www.mezhgorod.taxi|mejgorod-taxi.ru|taxi.drive-luxe.ru|mezhgorod-rf.ru|dzen.ru|rustransfer.org|taxi-samara.su|xn----7sbp3acjidhfbkt.su|www.avito.ru|yandex.ru|www.intui.travel|obltaxi.ru|mejgorodtaxi.ru|www.taxi-love.ru|taxi-cosmos.ru|vse-taxi.com|www.xn-----6kcb2bleqpadhldcfolvb0gxf.xn--p1ai|deshevotaxi.ru;Самара;Нижнекамск;10800
tver-borovichi;old;18;;SEO;F_AUTOPILOT;SEO автопилот;SEO_AUTOPILOT;1;24;0;taxi555.ru|taxi.drive-luxe.ru|www.taxi2000.ru|taxivezde.ru|catalogtaksi.ru|obltaxi.ru|www.mezhgorod.taxi|taksisvo.ru|rustransfer.org|takse.ru|oblastnoe-taxi.ru|taksi-services.ru|deshevotaxi.ru|www.taxi-love.ru|mezhgorod-taksi.ru|taxi-mezhgorod24.ru|www.rome2rio.com|m.avito.ru|taxi.yandex.ru|xn--24-6kc6aj8ahcgi.xn--p1ai|vk.com|perevozka24.com|ru-travel.org|ug-transfer.online|mezhdugorodnee-taksi.ru|guidetaxi.ru|borovichi.taxiarkadiya.ru|taxitaksi.ru|tver.taximaxim.ru|vse-taxi.com;Тверь;Боровичи;8000
ivanovo-kazan;old;18;3;DIRECT;H_DIRECT_TEST;Директ тест;DIRECT_TEST;0;9;0;taksisvo.ru|ivanovo.taxi24h.ru|city2city.ru|taxi533.ru|rustransfer.org|www.mezhgorod.taxi|ivanovo.taksi24.taxi|taxi.drive-luxe.ru|taxivezde.ru|www.taxi-love.ru;Иваново;Казань;19000
saratov-novouzensk;old;18;10;SEO;F_AUTOPILOT;SEO автопилот;SEO_AUTOPILOT;1;20;0;vk.com|www.taxi2000.ru|kubtaxi.ru|tratatur.ru|taxi-cosmos.ru|1taxopark.ru|taxi555.ru|taxivezde.ru|taxi-ug.ru|city2city.ru|obltaxi.ru|taxi.drive-luxe.ru|xn----7sbyhcmnbsdikx.xn--p1ai|takse.ru|taksisvo.ru|rustransfer.org|www.taxi-love.ru|korona-taksi.ru|taxi-russia.su|deshevotaxi.ru|mejgorodtaxi.ru|mb-taxi.ru|www.taxi-rokada.ru|catalogtaksi.ru|www.rome2rio.com|www.intui.travel|saratov.perivoz.ru|mezhgorod-taksi.ru|taxi-vizov.ru|uslugi.yandex.ru;Саратов;Новоузенск;6300
smolensk-kaluga;old;18;;DIRECT;H_DIRECT_TEST;Директ тест;DIRECT_TEST;0;26;0;taxi533.ru|smolensk.taksi24.taxi|catalogtaksi.ru|ug.taxi|www.mezhgorod.taxi|1taxopark.ru|smolensk.taxi24h.ru|smolensk.yalta-24.taxi|taksisvo.ru|obltaxi.ru|taxi.drive-luxe.ru|rustransfer.org|taxivezde.ru|jupiter-tmc.ru|www.taxi-love.ru|smolensk.taxi-krim.com|deshevotaxi.ru|onlinetaxi.su|taxi-russia.ru|vse-taxi.com|transfer67.ru|taksi-services.ru|smolensk.aeroport-simferopol.taxi|1tmehgorod.ru|smolensk.simferopol-aeroport.taxi|mejgorodtaxi.ru|mezhdugorodnee-taksi.ru|mobilodeon.ru|www.taxi-rokada.ru|transfergid.ru;Смоленск;Калуга;10500
novosibirsk-mezhdurechensk;old;18;;DIRECT;H_DIRECT_TEST;Директ тест;DIRECT_TEST;1;18;0;abv-auto.com|sky-transfer.ru|royalcars54.ru|starcars54.ru|taksi-gorod.ru|taxi555.ru|1taxopark.ru|willway.ru|www.taxi2000.ru|obltaxi.ru|viptaxinsk.ru|taxivezde.ru|rustransfer.org|alfa-taxi154.ru|www.taxi-rokada.ru|aa-go.ru|catalogtaxi.ru|catalogtaksi.ru|jupiter-tmc.ru|www.taxi-love.ru|takse.ru|goridence.ru|bizorg.su|deshevotaxi.ru|sib-transfer.ru|vse-taxi.com|www.transfer154.ru|novosibirsk.fis.ru|www.intui.travel|mezhgorod-taksi.ru;Новосибирск;Междуреченск;14000
ufa-tyumen;old;18;10;DIRECT;H_DIRECT_TEST;Директ тест;DIRECT_TEST;1;21;0;ufa.sky-transfer.ru|taksi-gorod.ru|taxi24online.ru|www.avito.ru|taxi533.ru|rustransfer.org|taxiufa.ru|taxivezde.ru|www.mezhgorod.taxi|city2city.ru|taximini-ufa.ru|taksi-ufa.ru|taxi-cosmos.ru|mezhgorod-rf.ru|jupiter-tmc.ru|www.taxi-love.ru|mejgorodtaxi.ru|taxi-mini.ru|xn----7sbp3acjidhfbkt.su|minibus.biletyplus.ru|uslugi.yandex.ru|vse-taxi.com|vk.com|deshevotaxi.ru|catalogtaksi.ru|www.transfer02.ru|taxiufatumen.turbo.site|xn--72-glcedg4btat.xn--p1ai|taxi-ufa-republic-of-bashkortostan-ru.taxigator.ru|taxi555.ru;Уфа;Тюмень;25200
nizhnij-novgorod-kostroma;old;18;;DIRECT;H_DIRECT_TEST;Директ тест;DIRECT_TEST;1;22;0;nizhniy-novgorod.taxi24h.ru|catalogtaksi.ru|minivan-nn.ru|unit-transfer.ru|ab-taxi.ru|taxi555.ru|1taxopark.ru|taxi.drive-luxe.ru|rustransfer.org|nizhniy-novgorod.taxi-krim.com|taxivezde.ru|obltaxi.ru|www.taxi-love.ru|jupiter-tmc.ru|nizhniy-novgorod.aeroport-simferopol.taxi|www.intui.travel|vse-taxi.com|ru-travel.org|taxi-cosmos.ru|nizhniy-novgorod.taksi24.taxi|taxi533.ru|xn--80aesgcvcug0d.su|mejgorod-taxi.ru|nizhniy-novgorod.simferopol-aeroport.taxi|mezhgorod-rf.ru|taksisvo.ru|nn-transfer.ru|taxi-russia.su|onlinetaxi.su|www.rome2rio.com;Нижний Новгород;Кострома;10500
astraxan-axtubinsk;old;18;;SEO;F_AUTOPILOT;SEO автопилот;SEO_AUTOPILOT;0;9;0;kubtaxi.ru|www.taxi2000.ru|catalogtaksi.ru|tratatur.ru|taxi-ug.ru|taxi555.ru|ugtaxi.ru|www.mezhgorod.taxi|taksi-gorod.ru|taxi.drive-luxe.ru;Астрахань;Ахтубинск;9300
svo-taxi-snezhnoe-moskva;old;18;;DIRECT;H_DIRECT_TEST;Директ тест;DIRECT_TEST;0;16;0;taxitelephone.ru|vk.com|perevozka24.com|deshevotaxi.ru|catalogtaksi.ru|taxidnr.su|taksireal.ru|m.ok.ru|uslugi.yandex.ru|yandex.ru|taxi-vokrug.ru|donmap.ru|taksi-gorod.ru|t.me|mejgorodtaxi.ru|taksisvo.ru|takse.ru|xn----8sbemrl9beg.xn--p1ai|kubtaxi.ru|taxieconom.ru|catalogtaxi.ru|smptaxi.ru|mezhgorod-rf.ru|snezhnoe.jsprav.ru|mezhgorod-taksi.ru|cabway.ru|intaxi.ru|ua.spravker.ru|spravochnik.vsednr.ru|bibi-bot.ru;Снежное;Москва;33500
kostroma-nizhnij-novgorod;old;18;4;SEO;F_AUTOPILOT;SEO автопилот;SEO_AUTOPILOT;0;24;0;kostroma.taxi24h.ru|taxi555.ru|kostroma.taksi24.taxi|city2city.ru|1taxopark.ru|taxi533.ru|www.taxi2000.ru|rustransfer.org|taxi.drive-luxe.ru|taxivezde.ru|www.taxi-love.ru|mezhgorod-rf.ru|catalogtaksi.ru|1tmehgorod.ru|taksisvo.ru|kostroma.taxi-krim.com|jupiter-tmc.ru|taxi-cosmos.ru|obltaxi.ru|kostroma.aeroport-simferopol.taxi|xn--80aesgcvcug0d.su|onlinetaxi.su|vse-taxi.com|deshevotaxi.ru|transfergid.ru|taxi-russia.ru|transfer-44.ru|mezhgorod-taksi.ru|kostroma.simferopol-aeroport.taxi|taksi-services.ru;Кострома;Нижний Новгород;9900
samara-nizhnij-novgorod;old;18;;DIRECT;H_DIRECT_TEST;Директ тест;DIRECT_TEST;1;24;0;samara.taksi24.taxi|1taxopark.ru|taxi533.ru|taksisvo.ru|taxi24online.ru|samara.taxi24h.ru|www.xn-----7kcbaaphbhdai9a3awnjra5bnrctq.xn--p1ai|taksi-gorod.ru|taxi-samara.su|samara.taxi-krim.com|rustransfer.org|taxi.drive-luxe.ru|ug.taxi|dzen.ru|mezhgorod-rf.ru|taxivezde.ru|taxi555.ru|rf-taxi.ru|www.avito.ru|www.mezhgorod.taxi|jupiter-tmc.ru|obltaxi.ru|mejgorodtaxi.ru|catalogtaksi.ru|samara.aeroport-simferopol.taxi|taxi-cosmos.ru|vse-taxi.com|www.taxi-love.ru|onlinetaxi.su|perevozchik163.ru;Самара;Нижний Новгород;21000
vladimir-sobinka;old;18;;SEO;F_AUTOPILOT;SEO автопилот;SEO_AUTOPILOT;0;21;0;1taxopark.ru|transfer-vlad33.ru|deshevotaxi.ru|taksisvo.ru|xn--33-6kcu3bqdcefbvh.xn--p1ai|www.taxi2000.ru|taxivezde.ru|catalogtaksi.ru|rustransfer.org|xn----7sbyhcmnbsdikx.xn--p1ai|www.taxi-love.ru|www.mezhgorod.taxi|obltaxi.ru|mejgorodtaxi.ru|takse.ru|ru-travel.org|mezhgorod-taksi.ru|taxi-vladimir-vladimir-oblast-ru.taxigator.ru|mezhdugorodnee-taksi-moskva.ru|taksi-services.ru|mobilodeon.ru|taxi.drive-luxe.ru|www.rome2rio.com|taxi24online.ru|intaxi.ru|xn--33-6kc6aj6be.xn--p1ai|order-taxi.ru|transfer-taxi33.ru|perevozka24.com|zoon.ru;Владимир;Собинка;2000
volgograd-pallasovka;old;18;;SEO;F_AUTOPILOT;SEO автопилот;SEO_AUTOPILOT;2;20;0;kubtaxi.ru|taksi-gorod.ru|taxi.drive-luxe.ru|1taxopark.ru|taxi555.ru|www.taxi2000.ru|obltaxi.ru|taksisvo.ru|rustransfer.org|www.taxi-rokada.ru|taxivezde.ru|takse.ru|www.mezhgorod.taxi|catalogtaksi.ru|taxi-cosmos.ru|taxi-russia.su|www.taxi-love.ru|deshevotaxi.ru|mejgorodtaxi.ru|www.rome2rio.com|jupiter-tmc.ru|ru-travel.org|pallasovka.taxovichkof.ru|club203844466.orgs.biz|www.intui.travel|m.avito.ru|mezhgorod-taksi.ru|www.transfer34.ru|regionaltaxi.ru|minivan-go.ru;Волгоград;Палласовка;8500
rostov-sochi;old;18;;DIRECT;H_DIRECT_TEST;Директ тест;DIRECT_TEST;1;24;0;rostov-na-donu.sky-transfer.ru|www.avito.ru|rostov.taxi24h.ru|taxi.ugtravel.com|cvo-taxi.ru|ug.taxi|sochi.taxi|tratatur.ru|rostov.yalta-24.taxi|kubtaxi.ru|rostov.sevastopol24.taxi|rostov.taksi24.taxi|taxi533.ru|ugtaxi.ru|taxi555.ru|taksi-gorod.ru|rostov.taxi-krim.com|unit-transfer.ru|taxi-bereg.ru|taxi-svobodnoe.ru|avto-kruiz.com|perfect-taxi.ru|rostov.aeroport-simferopol.taxi|taxi.transferplustravel.com|ugtravel.ru|mejgorod-taxi.ru|cars-team.ru|taxi.drive-luxe.ru|rostov.simferopol-aeroport.taxi|mezhgorod-rf.ru;Ростов-на-Дону;Сочи;16500
ryazan-novomoskovsk;old;18;1;SEO;F_AUTOPILOT;SEO автопилот;SEO_AUTOPILOT;1;24;0;city2city.ru|rzn-transfer.ru|1taxopark.ru|taxi533.ru|taxi555.ru|taxi.drive-luxe.ru|catalogtaksi.ru|taksisvo.ru|mezhgorod-rf.ru|www.mezhgorod.taxi|www.taxi2000.ru|obltaxi.ru|rustransfer.org|www.taxi-love.ru|korona-taksi.ru|vse-taxi.com|taxi-russia.su|deshevotaxi.ru|onlinetaxi.su|www.rome2rio.com|transfergid.ru|mejgorodtaxi.ru|xn--80antj7do.xn--80akxkdedu.xn--p1acf|mezhgorod-taksi.ru|taxi-mezhgorod24.ru|taxi-ryazan-ryazan-oblast-ru.taxigator.ru|taxi.yandex.ru|taxivezde.ru|transfer62.ru|www.avito.ru;Рязань;Новомосковск;4900
krasnoyarsk-zaozyornyj;old;18;6;SEO;F_AUTOPILOT;SEO автопилот;SEO_AUTOPILOT;2;16;0;catalogtaksi.ru|taxi555.ru|www.mezhgorod.taxi|1taxopark.ru|vse-taxi.com|city2city.ru|supl.biz|obltaxi.ru|www.taxi-love.ru|www.yell.ru|deshevotaxi.ru|www.intui.travel|mezhgorod-taksi.ru|taxi-krasnoyarsk-krasnoyarsk-krai-ru.taxigator.ru|m.avito.ru|xn--80atblfjdfd2l.xn--80akxkdedu.xn--p1acf|perevozka24.com|www.rome2rio.com|2gis.ru|krasnoyarsk.taximaxim.ru|uslugi.yandex.ru|rutaxist.ru|takse.ru|taxivezde.ru|www.taxi2000.ru|taxi-sibir.ru|taxi.yandex.ru|xn--24-6kchk7b2h.xn--p1ai|vk.com|go.yandex;Красноярск;Заозёрный;4900
ufa-bakal;old;18;;SEO;F_AUTOPILOT;SEO автопилот;SEO_AUTOPILOT;2;22;0;takse.ru|vk.com|taksi-ufa.ru|taxi555.ru|www.mezhgorod.taxi|obltaxi.ru|1taxopark.ru|www.taxi2000.ru|taxi.drive-luxe.ru|taximini-ufa.ru|taxivezde.ru|catalogtaksi.ru|www.rome2rio.com|rustransfer.org|taksisvo.ru|taxi-mini.ru|deshevotaxi.ru|xn----7sbyhcmnbsdikx.xn--p1ai|taxiufa.ru|www.intui.travel|xn----7sbp3acjidhfbkt.su|toptaxi.org|www.taxi-love.ru|mejgorodtaxi.ru|mezhgorod-taksi.ru|taxiufabaka.turbo.site|transfer-ufa.ru|taxiufa.com|www.avito.ru|taxibulgakovo.ru;Уфа;Бакал;7000
omsk-tyukalinsk;old;18;5;SEO;F_AUTOPILOT;SEO автопилот;SEO_AUTOPILOT;2;19;0;vk.com|1taxopark.ru|taxi555.ru|deshevotaxi.ru|city2city.ru|takse.ru|catalogtaksi.ru|www.taxi2000.ru|taksi-gorod.ru|taxivezde.ru|obltaxi.ru|taxi-russia.su|www.taxi-rokada.ru|jupiter-tmc.ru|rustransfer.org|ru-travel.org|www.taxi-love.ru|transfers.unitaxi.ru|mezhgorod-taksi.ru|www.intui.travel|taxi-omsk-omsk-oblast-ru.taxigator.ru|rutaxist.ru|taxomarket.ru|ubitaxi.ru|xn--j1adfn.xn--80akxkdedu.xn--p1acf|www.avito.ru|intaxi.ru|perevozka24.com|omsk.vyboruslug.com|omsk.taximaxim.ru;Омск;Тюкалинск;5000
nizhnij-novgorod-sankt-peterburg;old;18;17;DIRECT;H_DIRECT_TEST;Директ тест;DIRECT_TEST;1;26;0;sky-transfer.ru|nizhniy-novgorod.taxi24h.ru|nizhniy-novgorod.taksi24.taxi|taxi533.ru|unit-transfer.ru|ugtaxi.ru|taxivezde.ru|ug.taxi|taksi-gorod.ru|taxi555.ru|taksisvo.ru|mejgorod-taxi.ru|rustransfer.org|taxi.drive-luxe.ru|www.avito.ru|nizhniy-novgorod.aeroport-simferopol.taxi|city2city.ru|transferug.ru|taxi-cosmos.ru|nizhniy-novgorod.simferopol-aeroport.taxi|www.taxi-love.ru|taksi-go.ru|catalogtaksi.ru|mejgorodtaxi.ru|mezhgorod-taksi.ru|vse-taxi.com|jupiter-tmc.ru|mezhgorod-rf.ru|obltaxi.ru|nn-transfer.ru;Нижний Новгород;Санкт-Петербург;33900
nizhnij-novgorod-rostov-na-donu;old;18;8;DIRECT;H_DIRECT_TEST;Директ тест;DIRECT_TEST;0;29;0;ugtaxi.ru|nizhniy-novgorod.taxi24h.ru|taxi533.ru|nizhniy-novgorod.taksi24.taxi|taksi-gorod.ru|unit-transfer.ru|ab-taxi.ru|city2city.ru|mejgorod-taxi.ru|taksisvo.ru|msk.taxi|taxigorkovskoe.ru|nizhniy-novgorod.taxi-krim.com|taxivezde.ru|ug.taxi|obltaxi.ru|www.mezhgorod.taxi|nizhniy-novgorod.simferopol-aeroport.taxi|mejgorodtaxi.ru|taxi-cosmos.ru|nizhniy-novgorod.aeroport-simferopol.taxi|www.taxi-love.ru|mezhgorod-taksi.ru|rustransfer.org|vse-taxi.com|deshevotaxi.ru|mezhgorodtaxi24.ru|transferug.ru|taxiaero-simferopol.ru|nizhniynovgorod.taxiarkadiya.ru;Нижний Новгород;Ростов-на-Дону;38700
vladivostok-spassk-dalnij;old;18;3;SEO;F_AUTOPILOT;SEO автопилот;SEO_AUTOPILOT;2;14;0;sky-transfer.ru|deshevotaxi.ru|city2city.ru|catalogtaksi.ru|unit-transfer.ru|takse.ru|www.intui.travel|jupiter-tmc.ru|ru-travel.org|drive125.ru|taksi-gorod.ru|xn----8sbba8abcp7dh.xn--p1ai|www.rome2rio.com|mezhgorod-taksi.ru|taxi-vladivostok-primorsky-krai-ru.taxigator.ru|busser.su|transfergid.ru|xn----8sbear7aqwdih2a.xn--p1ai|www.farpost.ru|2gis.ru|go.yandex|taxi.yandex.ru|vladivostok.taximaxim.ru|perevozka24.com|m.avito.ru|y-taxi.ru|www.vl.ru|uslugi.yandex.ru|spassk-dalni.taxipoehali.ru|www.taximezgorod.com;Владивосток;Спасск-Дальний;9500
nizhnij-novgorod-samara;old;18;;DIRECT;H_DIRECT_TEST;Директ тест;DIRECT_TEST;1;25;0;nizhniy-novgorod.taksi24.taxi|www.avito.ru|nizhniy-novgorod.taxi24h.ru|taksi-gorod.ru|ab-taxi.ru|taksisvo.ru|nizhniy-novgorod.taxi-krim.com|mejgorod-taxi.ru|rustransfer.org|www.mezhgorod.taxi|ug.taxi|1taxopark.ru|taxi533.ru|taxivezde.ru|taxi-russia.su|taxigorkovskoe.ru|taxi-cosmos.ru|nizhniy-novgorod.aeroport-simferopol.taxi|jupiter-tmc.ru|catalogtaksi.ru|nizhniy-novgorod.simferopol-aeroport.taxi|www.taxi-love.ru|deshevotaxi.ru|mejgorodtaxi.ru|mb-taxi.ru|taxi24online.ru|vse-taxi.com|transfergid.ru|go.yandex|mobilodeon.ru;Нижний Новгород;Самара;21000
nizhnij-novgorod-rostov-velikij;old;18;4;DIRECT;H_DIRECT_TEST;Директ тест;DIRECT_TEST;1;27;0;ugtaxi.ru|taxi533.ru|nizhniy-novgorod.taxi24h.ru|city2city.ru|nizhniy-novgorod.taksi24.taxi|unit-transfer.ru|taksisvo.ru|mejgorod-taxi.ru|ab-taxi.ru|ug.taxi|msk.taxi|rustransfer.org|taksi-gorod.ru|taxigorkovskoe.ru|taxi.drive-luxe.ru|nizhniy-novgorod.taxi-krim.com|www.mezhgorod.taxi|taxivezde.ru|www.taxi-love.ru|taxi-cosmos.ru|mejgorodtaxi.ru|nizhniy-novgorod.simferopol-aeroport.taxi|www.intui.travel|jupiter-tmc.ru|catalogtaksi.ru|deshevotaxi.ru|mezhgorod-taksi.ru|transferug.ru|vse-taxi.com|mezhgorodtaxi24.ru;Нижний Новгород;Ростов;38500
vladimir-yaroslavl;old;18;;SEO;F_AUTOPILOT;SEO автопилот;SEO_AUTOPILOT;0;25;0;vladimir.taxi24h.ru|transfer-vlad33.ru|vladimir.taksi24.taxi|taxi533.ru|www.transfer33.ru|taxi555.ru|vladimir.simferopol-aeroport.taxi|rustransfer.org|mejgorod-taxi.ru|xn--33-6kcu3bqdcefbvh.xn--p1ai|www.taxi-love.ru|www.mezhgorod.taxi|taksisvo.ru|ug.taxi|taxivezde.ru|vladimir.taxi-krim.com|obltaxi.ru|taxi.drive-luxe.ru|taxi-russia.su|catalogtaksi.ru|takse.ru|vladimir.aeroport-simferopol.taxi|ru-travel.org|vladimir.skidkom.ru|onlinetaxi.su|taksi-services.ru|mejgorodtaxi.ru|jupiter-tmc.ru|sky-transfer.ru|vse-taxi.com;Владимир;Ярославль;7000
tyumen-ufa;old;18;14;DIRECT;H_DIRECT_TEST;Директ тест;DIRECT_TEST;1;21;0;sky-transfer.ru|www.avito.ru|taksi-gorod.ru|taksisvo.ru|www.taxi2000.ru|taxi555.ru|rustransfer.org|taxi533.ru|taxivezde.ru|nexttax.ru|taxi-russia.su|www.mezhgorod.taxi|taxi.drive-luxe.ru|city2city.ru|vse-taxi.com|taxi-cosmos.ru|mezhgorod-rf.ru|vk.com|www.taxi-love.ru|mejgorodtaxi.ru|minibus.biletyplus.ru|catalogtaksi.ru|deshevotaxi.ru|xn--72-glcedg4btat.xn--p1ai|xn--e1aner7ci.xn--80akxkdedu.xn--p1acf|mezhgorod-taksi.ru|poehalinataxi.online|mejdugorodtaksi.com|club212705901.orgs.biz|taxinomerok.ru;Тюмень;Уфа;27000
xabarovsk-chita;old;18;1;DIRECT;H_DIRECT_TEST;Директ тест;DIRECT_TEST;2;17;0;city2city.ru|catalogtaksi.ru|deshevotaxi.ru|vse-taxi.com|mezhgorod-rf.ru|www.transfer-go.ru|mejgorodtaxi.ru|mezhgorod-taksi.ru|taxi24online.ru|yandex.ru|transfergid.ru|2gis.ru|www.avito.ru|www.blablacar.ru|khabarovsk.bt-one.ru|taxiomega.ru|taxi.yandex.ru|uslugi.yandex.ru|taksi-gorod.ru|perevozka24.com|spravkataxi.ru|khabarovsk.taximaxim.ru|xn--80ap4as.xn--80akxkdedu.xn--p1acf|khabarovsk.taxipoehali.ru|catalogtaxi.ru|bibi-bot.ru|yandex.ru|www.transfer75.ru|xn--d1abb2a.xn--p1ai|doberemsya.net;Хабаровск;Чита;63200
sankt-peterburg-nizhnij-novgorod;old;18;12;DIRECT;H_DIRECT_TEST;Директ тест;DIRECT_TEST;1;27;0;sankt-peterburg.taxi24h.ru|sky-transfer.ru|ugtaxi.ru|unit-transfer.ru|taxi533.ru|ug.taxi|sankt-peterburg.taksi24.taxi|taxideshevo.com|mejgorod-taxi.ru|taksisvo.ru|taksi-gorod.ru|city2city.ru|taxivezde.ru|taxitoday.ru|sankt-peterburg.taxi-krim.com|rustransfer.org|www.taxi-love.ru|transferug.ru|onlinetaxi.su|taxi-cosmos.ru|sankt-peterburg.aeroport-simferopol.taxi|jupiter-tmc.ru|mezhgorod-taksi.ru|www.daleko-taxi.ru|taksicentr.ru|mejgorodtaxi.ru|vse-taxi.com|vtstaxi.ru|catalogtaksi.ru|www.avito.ru;Санкт-Петербург;Нижний Новгород;34200
ivanovo-ryazan;old;18;;DIRECT;H_DIRECT_TEST;Директ тест;DIRECT_TEST;0;8;0;ivanovo.taxi24h.ru|ivanovo.taksi24.taxi|taksisvo.ru|rustransfer.org|ivanovo.sevastopol24.taxi|taxi533.ru|ru-travel.org|taxivezde.ru|www.mezhgorod.taxi|jupiter-tmc.ru;Иваново;Рязань;10500
voronezh-buturlinovka;old;18;;SEO;F_AUTOPILOT;SEO автопилот;SEO_AUTOPILOT;2;19;0;kubtaxi.ru|tratatur.ru|catalogtaksi.ru|taxi555.ru|taxi-ug.ru|taxi.drive-luxe.ru|deshevotaxi.ru|rustransfer.org|taxi-russia.su|1taxopark.ru|mezhgorod-rf.ru|takse.ru|taksisvo.ru|taxivezde.ru|m.avito.ru|www.taxi-love.ru|mb-taxi.ru|ru-travel.org|taxicamry.ru|www.rome2rio.com|mezhdugorodnee-taxi24.ru|obltaxi.ru|mezhgorod-taksi.ru|taksi-services.ru|mobilodeon.ru|vrn-taxi.ru|www.intui.travel|mejgorodtaxi.ru|uslugi.yandex.ru|vk.com;Воронеж;Бутурлиновка;5500
ekaterinburg-artyomovskij;old;18;;SEO;F_AUTOPILOT;SEO автопилот;SEO_AUTOPILOT;0;7;0;taxivezde.ru|xn-----6kccfjdehdbgxjti1a2ala5bhdewr6a.xn--p1ai|catalogtaksi.ru|taxi555.ru|nexttax.ru|www.mezhgorod.taxi|1taxopark.ru|taksisvo.ru|taksi-ekb.ru|www.taxi2000.ru;Екатеринбург;Артёмовский;4200
nizhnij-novgorod-kulebaki;old;18;;SEO;F_AUTOPILOT;SEO автопилот;SEO_AUTOPILOT;1;17;0;taksisvo.ru|taksi-gorod.ru|1taxopark.ru|www.taxi2000.ru|taxi555.ru|mezhgorod-rf.ru|obltaxi.ru|taxi-russia.su|taxivezde.ru|yandex.ru|www.taxi-love.ru|deshevotaxi.ru|takse.ru|minivan-nn.ru|www.rome2rio.com|mezhgorod-taksi.ru|mejgorodtaxi.ru|taxomarket.ru|mb-taxi.ru|catalogtaksi.ru|www.avito.ru|megapolis-kulebaki.ru|mobilodeon.ru|aa-52.ru|www.transfer152.ru|taximezhgorod24.ru|xn-----6kcnbecgjov3axagazifr.xn--p1ai|taxigorkovskoe.ru|kulebaki.taximaxim.ru|minivan-go.ru;Нижний Новгород;Кулебаки;6500
moskva-arzamas;new;17;;NONE;Z_LOW_PRIORITY;Низкий приоритет (новые);LOW_PRIORITY;8;17;0;taxi-mobil.ru|taxi555.ru|ugtravel.ru|1taxopark.ru|ab-taxi.ru|wing-taxi.ru|rustransfer.org|ugtaxi.ru|www.taxi2000.ru|www.100mtaxi.ru;;;
moskva-krasnoarmejsk;new;17;14;NONE;Z_LOW_PRIORITY;Низкий приоритет (новые);LOW_PRIORITY;12;13;3;go.yandex|sky-transfer.ru|taxi555.ru|www.mezhgorod.taxi|www.taxi2000.ru|1taxopark.ru|taxivezde.ru|taxi-mobil.ru|www.taxi-love.ru|xn----7sbyhcmnbsdikx.xn--p1ai;;;
moskva-novorossijsk;new;17;;NONE;Z_LOW_PRIORITY;Низкий приоритет (новые);LOW_PRIORITY;8;20;0;taxi555.ru|kubtaxi.ru|moskva.taxi24h.ru|taxi.transferplustravel.com|sky-transfer.ru|www.avito.ru|1taxopark.ru|tratatur.ru|taxi533.ru|zakaz.mezhgorod.taxi;;;
moskva-oktyabrsk;new;17;;NONE;Z_LOW_PRIORITY;Низкий приоритет (новые);LOW_PRIORITY;15;13;2;taxi555.ru|www.mezhgorod.taxi|www.taximasters.ru|taxi533.ru|1taxopark.ru|taxi.drive-luxe.ru|rustransfer.org|taksisvo.ru|taxi.yandex.ru|taxivezde.ru;;;
moskva-ozyornyj;new;17;19;NONE;Z_LOW_PRIORITY;Низкий приоритет (новые);LOW_PRIORITY;16;11;2;ugtaxi.ru|www.taxi2000.ru|mos.taxitoday.ru|taxi.drive-luxe.ru|wing-taxi.ru|www.mezhgorod.taxi|zoon.ru|taksisvo.ru|1taxopark.ru|logitaxi.ru;;;
sankt-peterburg-polyarnyj;new;17;6;NONE;Z_LOW_PRIORITY;Низкий приоритет (новые);LOW_PRIORITY;16;11;2;taxi.drive-luxe.ru|taxi555.ru|www.taxi2000.ru|taxitoday.ru|taxivezde.ru|city2city.ru|1taxopark.ru|taksi-gorod.ru|www.taxi-love.ru|takse.ru;;;
volgograd-gorodishhi;new;17;7;NONE;Z_LOW_PRIORITY;Низкий приоритет (новые);LOW_PRIORITY;19;7;2;yandex.ru|2gis.ru|taksi-gorod.ru|www.volgograd.kp.ru|vk.com|taksisvo.ru|city2city.ru|taxi.drive-luxe.ru|1taxopark.ru|www.mezhgorod.taxi;;;
krasnodar-saki;new;17;;NONE;Z_LOW_PRIORITY;Низкий приоритет (новые);LOW_PRIORITY;6;21;1;kubtaxi.ru|taxi-ug.ru|yandex.ru|sip.taxi|taxi.ugtravel.com|tratatur.ru|krasnodar.taxi24h.ru|taxi.transferplustravel.com|ug.taxi|krasnodar.taxi-krim.com;;;
kaluga-domodedovo;new;17;;NONE;Z_LOW_PRIORITY;Низкий приоритет (новые);LOW_PRIORITY;13;15;2;www.avito.ru|kaluga.taxi24h.ru|kubtaxi.ru|transfer40.com|taxi555.ru|kiwitaxi.ru|kaluga.sevastopol24.taxi|tmkaluga.ru|www.taxi2000.ru|tratatur.ru;;;
rostov-novorossijsk;new;17;;NONE;Z_LOW_PRIORITY;Низкий приоритет (новые);LOW_PRIORITY;5;22;0;rostov-na-donu.sky-transfer.ru|taxi.transferplustravel.com|ugtaxi.ru|rostov.taxi24h.ru|kubtaxi.ru|taxi533.ru|taxi.ugtravel.com|rostov.taksi24.taxi|tratatur.ru|ug.taxi;;;
chelyabinsk-samara;new;17;;NONE;Z_LOW_PRIORITY;Низкий приоритет (новые);LOW_PRIORITY;12;13;0;intercity74.ru|driver174.ru|taksi-gorod.ru|chelyabinsk.taksi24.taxi|taxidesyatka.ru|taxi533.ru|chelyabinsk.taxi24h.ru|chelyabinsk.yalta-24.taxi|uralavtotaxi.ru|taksisvo.ru;;;
sochi-samara;new;17;;NONE;Z_LOW_PRIORITY;Низкий приоритет (новые);LOW_PRIORITY;10;15;1;sochi.taksi24.taxi|ug.taxi|sochi-aeroport.taxi24h.ru|taksisvo.ru|sochi.taxi-krim.com|taxi533.ru|kubtaxi.ru|ugtravel.com|taksi-gorod.ru|catalogtaxi.ru;;;
chelyabinsk-kartaly;new;17;;NONE;Z_LOW_PRIORITY;Низкий приоритет (новые);LOW_PRIORITY;21;6;1;taxidesyatka.ru|driver174.ru|intercity74.ru|taxi555.ru|1taxopark.ru|taxipremier.ru|deshevotaxi.ru|taxi.drive-luxe.ru|www.taxi2000.ru|uralavtotaxi.ru;;;
yaroslavl-nerexta;new;17;;NONE;Z_LOW_PRIORITY;Низкий приоритет (новые);LOW_PRIORITY;19;6;1;1taxopark.ru|taxi555.ru|deshevotaxi.ru|taxi.drive-luxe.ru|www.taxi2000.ru|www.taxi-love.ru|taxivezde.ru|takse.ru|catalogtaksi.ru|mezhgorod-taksi.ru;;;
saratov-nizhnij-novgorod;old;17;9;DIRECT;H_DIRECT_TEST;Директ тест;DIRECT_TEST;1;26;0;saratov.sky-transfer.ru|saratov.taxi24h.ru|saratov.taksi24.taxi|taxi555.ru|mezhgorod-rf.ru|ug.taxi|taksi-gorod.ru|taxi533.ru|city2city.ru|taxi-russia.su|taksisvo.ru|taxi.drive-luxe.ru|taxi24online.ru|taxivezde.ru|rustransfer.org|obltaxi.ru|taxigorkovskoe.ru|www.avito.ru|taxi-cosmos.ru|www.taxi-love.ru|catalogtaxi.ru|mb-taxi.ru|jupiter-tmc.ru|vse-taxi.com|taxi-lider64.ru|taxi-vizov.ru|saratov.aeroport-simferopol.taxi|saratov.taxiarkadiya.ru|deshevotaxi.ru|saratov.simferopol-aeroport.taxi;Саратов;Нижний Новгород;20100
belgorod-vologda;old;17;3;DIRECT;H_DIRECT_TEST;Директ тест;DIRECT_TEST;0;9;0;belgorod.taxi24h.ru|www.mezhgorod.taxi|city2city.ru|taxi555.ru|levtransfer.ru|taxi-cosmos.ru|obltaxi.ru|taxi.drive-luxe.ru|www.taxi-love.ru|taksisvo.ru;Белгород;Вологда;33900
nizhniy_novgorod-saratov;old;17;;DIRECT;H_DIRECT_TEST;Директ тест;DIRECT_TEST;0;27;0;saratov.sky-transfer.ru|taksi-gorod.ru|taxigorkovskoe.ru|taxi533.ru|nizhniy-novgorod.taxi24h.ru|nizhniy-novgorod.taksi24.taxi|taxi555.ru|taksisvo.ru|ug.taxi|unit-transfer.ru|taxi-russia.su|nizhniy-novgorod.taxi-krim.com|mejgorod-taxi.ru|mezhgorod-rf.ru|rustransfer.org|taxi.drive-luxe.ru|obltaxi.ru|taxi-cosmos.ru|www.taxi-love.ru|catalogtaksi.ru|taxivezde.ru|minivan-nn.ru|nizhniy-novgorod.simferopol-aeroport.taxi|jupiter-tmc.ru|nizhniy-novgorod.aeroport-simferopol.taxi|taxiaero-simferopol.ru|mejgorodtaxi.ru|mb-taxi.ru|vse-taxi.com|deshevotaxi.ru;Нижний Новгород;Саратов;19000
ryazan-korablino;old;17;3;SEO;F_AUTOPILOT;SEO автопилот;SEO_AUTOPILOT;1;17;0;catalogtaksi.ru|taxi555.ru|city2city.ru|1taxopark.ru|taxi.drive-luxe.ru|www.taxi2000.ru|xn----7sbyhcmnbsdikx.xn--p1ai|taxivezde.ru|obltaxi.ru|taksisvo.ru|taxigator.ru|www.taxi-rokada.ru|deshevotaxi.ru|takse.ru|www.taxi-love.ru|mejgorodtaxi.ru|mobilodeon.ru|mezhgorod-taksi.ru|taxomarket.ru|yandex.ru|rzn-transfer.ru|2gis.ru|taxi-mezhgorod24.ru|zoon.ru|www.avito.ru|xn--80antj7do.xn--80akxkdedu.xn--p1acf|uslugi.yandex.ru|transfer62.ru|avtotransfer62.ru|vk.com;Рязань;Кораблино;3600
samara-chelyabinsk;old;17;;DIRECT;H_DIRECT_TEST;Директ тест;DIRECT_TEST;0;23;0;www.xn-----7kcbaaphbhdai9a3awnjra5bnrctq.xn--p1ai|samara.yalta-24.taxi|xn----7sbabxukdmwuiegm.xn--p1ai|samara.sky-transfer.ru|taksi-gorod.ru|samara.taxi24h.ru|taxi533.ru|unit-transfer.ru|yandex.ru|intercity74.ru|taksisvo.ru|samara.taxi-krim.com|dzen.ru|ug.taxi|taxivezde.ru|mejgorod-taxi.ru|www.mezhgorod.taxi|rustransfer.org|taxi-cosmos.ru|samara.aeroport-simferopol.taxi|mezhgorod-rf.ru|samara.simferopol-aeroport.taxi|mejgorodtaxi.ru|vse-taxi.com|www.taxi-love.ru|deshevotaxi.ru|catalogtaksi.ru|poehalinataxi.online|mezhgorod-taksi.ru|sky-avto.ru;Самара;Челябинск;26000
tomsk-tayga;old;17;5;SEO;F_AUTOPILOT;SEO автопилот;SEO_AUTOPILOT;1;20;0;taxi555.ru|1taxopark.ru|taxivezde.ru|www.mezhgorod.taxi|city2city.ru|obltaxi.ru|catalogtaxi.ru|www.taxi2000.ru|taxi.drive-luxe.ru|takse.ru|rustransfer.org|ru-travel.org|www.taxi-love.ru|taxi-russia.su|deshevotaxi.ru|www.rome2rio.com|catalogtaksi.ru|mezhgorod-taksi.ru|taxi-nomera.ru|www.intui.travel|taxigator.ru|transfergid.ru|tomx.ru|transfers.unitaxi.ru|tomsk.nashaspravka.ru|yandex.ru|ubitaxi.ru|taxi24online.ru|xn--80aaix7b.xn--80akxkdedu.xn--p1acf|perevozka24.com;Томск;Тайга;6400
kazan-perm;old;17;;DIRECT;H_DIRECT_TEST;Директ тест;DIRECT_TEST;2;3;0;taxi-airport-kazan.ru|www.avito.ru|yandex.ru|kiwitaxi.ru|2gis.ru|taxw.ru|uslugi.yandex.ru|www.tourister.ru|transfer-kazan.ru|kazan.rustransfer.org;Международный аэропорт Казань;Пермь;20000
ekaterinburg-kushva;old;17;;SEO;F_AUTOPILOT;SEO автопилот;SEO_AUTOPILOT;0;8;0;taksi-ekb.ru|catalogtaksi.ru|1taxopark.ru|taxi555.ru|willway.ru|taksisvo.ru|taxivezde.ru|taxi.drive-luxe.ru|www.mezhgorod.taxi|www.taxi2000.ru;Екатеринбург;Кушва;5500
velikiy-novgorod-soltsy;old;17;8;SEO;F_AUTOPILOT;SEO автопилот;SEO_AUTOPILOT;1;19;0;catalogtaksi.ru|taxi555.ru|taxi.drive-luxe.ru|deshevotaxi.ru|1taxopark.ru|www.taxi2000.ru|taksisvo.ru|city2city.ru|xn----7sbyhcmnbsdikx.xn--p1ai|taxivezde.ru|takse.ru|mezhgorod-taksi.ru|www.taxi-rokada.ru|rustransfer.org|obltaxi.ru|vtstaxi.ru|ru-travel.org|taxi-veliky-novgorod-novgorod-oblast-ru.taxigator.ru|www.taxi-love.ru|taxi-nomera.ru|taxomarket.ru|www.avito.ru|www.rome2rio.com|taxi-mezhgorod24.ru|transfergid.ru|xn--24-6kc6aj8ahcgi.xn--p1ai|taxitaksi.ru|perevozka24.com|xn--80afdpcl3cf.xn--p1ai|uslugi.yandex.ru;Великий Новгород;Сольцы;3600
orenburg-bugulma;old;17;8;DIRECT;H_DIRECT_TEST;Директ тест;DIRECT_TEST;2;21;0;1taxopark.ru|taxi533.ru|taxi555.ru|taksisvo.ru|deshevotaxi.ru|taxi.drive-luxe.ru|rustransfer.org|city2city.ru|yandex.ru|taxi-cosmos.ru|taxivezde.ru|takse.ru|vse-taxi.com|obltaxi.ru|www.taxi-love.ru|www.rome2rio.com|onlinetaxi.su|taxi-russia.su|www.taxi-rokada.ru|minibus.biletyplus.ru|mejgorodtaxi.ru|catalogtaxi.ru|taxi-nomera.ru|taximejgorod.ru|mezhgorod-taksi.ru|taxi-nomer.ru|xn--90aee6admdx.xn--80akxkdedu.xn--p1acf|taksi-gorod.ru|www.avito.ru|www.blablacar.ru;Оренбург;Бугульма;12200
ekaterinburg-turinsk;old;17;;SEO;F_AUTOPILOT;SEO автопилот;SEO_AUTOPILOT;0;8;0;taxi555.ru|catalogtaksi.ru|taksi-ekb.ru|www.taxi2000.ru|taxi.drive-luxe.ru|rustransfer.org|1taxopark.ru|nexttax.ru|taksisvo.ru|deshevotaxi.ru;Екатеринбург;Туринск;8000
kirov-orlov;old;17;3;SEO;F_AUTOPILOT;SEO автопилот;SEO_AUTOPILOT;2;17;0;taksikirov.ru|taksisvo.ru|city2city.ru|www.mezhgorod.taxi|www.taxi2000.ru|deshevotaxi.ru|catalogtaksi.ru|taxivezde.ru|1taxopark.ru|takse.ru|rustransfer.org|mobilodeon.ru|obltaxi.ru|jupiter-tmc.ru|www.taxi-love.ru|mejgorodtaxi.ru|taxomarket.ru|ru-travel.org|taxi-mini.ru|uslugi.yandex.ru|mezhgorod-taksi.ru|routes43.ru|yandex.ru|www.intui.travel|taxi.drive-luxe.ru|xn--80aaahzdndlon5ak.xn--p1ai|perevozka24.com|taxigator.ru|www.avito.ru|taxi499.ru;Киров;Орлов;3400
perm-kirov;old;17;;DIRECT;H_DIRECT_TEST;Директ тест;DIRECT_TEST;1;25;0;www.avito.ru|taxi555.ru|uralavtotaxi.ru|perm.sevastopol24.taxi|perm.taxi24h.ru|www.mezhgorod.taxi|www.taxi2000.ru|vse-taxi.com|taxi24online.ru|taksisvo.ru|taxi533.ru|taxi-perm.su|1taxopark.ru|taxivezde.ru|perm.taxi-krim.com|www.taxi-love.ru|catalogtaksi.ru|taxi-cosmos.ru|rustransfer.org|taxi.drive-luxe.ru|jupiter-tmc.ru|obltaxi.ru|deshevotaxi.ru|www.perm-taxi-region.ru|xn--159-5cd4bl3cf.xn--p1ai|xn----7sbp3acjidhfbkt.su|onlinetaxi.su|taksikirov.ru|mejgorodtaxi.ru|taxi-mini.ru;Пермь;Киров;14500
kirov-perm;old;17;;DIRECT;H_DIRECT_TEST;Директ тест;DIRECT_TEST;1;24;0;kirov.taxi24h.ru|taxi555.ru|1taxopark.ru|www.mezhgorod.taxi|korona-taksi.ru|rustransfer.org|jupiter-tmc.ru|www.avito.ru|www.taxi-love.ru|catalogtaksi.ru|deshevotaxi.ru|vse-taxi.com|kirov.taxi-krim.com|routes43.ru|taksikirov.ru|taxi-russia.su|kirov.taksi24.taxi|taxi533.ru|taxi-cosmos.ru|mejgorodtaxi.ru|taksisvo.ru|mezhgorod-rf.ru|obltaxi.ru|taxivezde.ru|taksi-go.ru|kirov.aeroport-simferopol.taxi|onlinetaxi.su|taxi-mini.ru|kirov.simferopol-aeroport.taxi|vk.com;Киров;Пермь;14500
perm-kazan;old;17;;DIRECT;H_DIRECT_TEST;Директ тест;DIRECT_TEST;1;25;0;www.avito.ru|uralavtotaxi.ru|perm.taxi24h.ru|taksi-gorod.ru|rustransfer.org|taxi24online.ru|www.taxi2000.ru|perm.sevastopol24.taxi|transfer-kazan.ru|1taxopark.ru|taxi-realtransfer-mejgorod.ru|ugtaxi.ru|taxi533.ru|transferug.ru|perm.taksi24.taxi|www.mezhgorod.taxi|taxivezde.ru|taxi.drive-luxe.ru|taksisvo.ru|jupiter-tmc.ru|taxi-cosmos.ru|xn--159-5cd4bl3cf.xn--p1ai|www.taxi-love.ru|taxi-perm.su|perm.taxi-krim.com|vse-taxi.com|obltaxi.ru|xn----7sbp3acjidhfbkt.su|perm.aeroport-simferopol.taxi|mejgorodtaxi.ru;Пермь;Казань;17500
volgograd-kotelnikovo;old;17;3;SEO;F_AUTOPILOT;SEO автопилот;SEO_AUTOPILOT;2;19;0;taxi555.ru|kubtaxi.ru|city2city.ru|tratatur.ru|1taxopark.ru|taksisvo.ru|taxi-ug.ru|unit-transfer.ru|taxivezde.ru|xn----7sbyhcmnbsdikx.xn--p1ai|taxi.drive-luxe.ru|www.taxi2000.ru|taxi-russia.su|takse.ru|catalogtaksi.ru|deshevotaxi.ru|rustransfer.org|taxi-cosmos.ru|vk.com|kotelnikovo.taxovichkof.ru|ru-travel.org|transfergid.ru|www.taxi-love.ru|www.intui.travel|www.avito.ru|www.rome2rio.com|www.transfer34.ru|regionaltaxi.ru|volgatransfervlg.ru|mejgorodtaxi.ru;Волгоград;Котельниково;6200
saratov-tolyatti;old;17;;DIRECT;H_DIRECT_TEST;Директ тест;DIRECT_TEST;0;23;0;kubtaxi.ru|tratatur.ru|saratov.sevastopol24.taxi|taxi-ug.ru|saratov.taxi24h.ru|taksisvo.ru|taksi-gorod.ru|taxi533.ru|xn----7sbybhiuvgfca2ktb.xn--p1ai|www.mezhgorod.taxi|1taxopark.ru|saratov.taksi24.taxi|rustransfer.org|taxi24online.ru|taxi.drive-luxe.ru|obltaxi.ru|jupiter-tmc.ru|saratov.taxi-krim.com|mejgorod-taxi.ru|www.taxi-love.ru|mezhgorod-rf.ru|taxi-cosmos.ru|taxi-russia.su|taxivezde.ru|catalogtaksi.ru|vse-taxi.com|www.rome2rio.com|minibus.biletyplus.ru|mb-taxi.ru|deshevotaxi.ru;Саратов;Тольятти;12500
tomsk-barnaul;old;17;29;DIRECT;H_DIRECT_TEST;Директ тест;DIRECT_TEST;1;19;0;sky-transfer.ru|royalcars54.ru|obltaxi.ru|taxi555.ru|www.avito.ru|rustransfer.org|taxi533.ru|www.taxi2000.ru|catalogtaksi.ru|1taxopark.ru|taxivezde.ru|jupiter-tmc.ru|taxi.drive-luxe.ru|www.taxi-love.ru|mezhgorod-rf.ru|taxi-russia.su|vse-taxi.com|transfere.ru|mezhgorod-taksi.ru|tomx.ru|deshevotaxi.ru|taxi24online.ru|www.rome2rio.com|transfergid.ru|vk.com|taxi-transfer-tomsk-barnaul-tax.orgs.biz|aa-go.ru|willway.ru|city2city.ru|perevozka24.com;Томск;Барнаул;14500
bryansk-surazh;old;17;;SEO;F_AUTOPILOT;SEO автопилот;SEO_AUTOPILOT;0;8;0;catalogtaksi.ru|taxi555.ru|taksi-gorod.ru|www.mezhgorod.taxi|1taxopark.ru|www.taxi2000.ru|taxi.drive-luxe.ru|taksisvo.ru|www.taxi-rokada.ru|yandex.ru;Брянск;Сураж;5000
kostroma-vologda;old;17;;SEO;F_AUTOPILOT;SEO автопилот;SEO_AUTOPILOT;0;26;0;kostroma.sevastopol24.taxi|taxi555.ru|rustransfer.org|taxi533.ru|kostroma.taxi24h.ru|www.mezhgorod.taxi|taxi.drive-luxe.ru|1taxopark.ru|kostroma.taksi24.taxi|catalogtaksi.ru|taksisvo.ru|jupiter-tmc.ru|obltaxi.ru|taxivezde.ru|vse-taxi.com|kostroma.taxi-krim.com|kostroma.aeroport-simferopol.taxi|www.taxi-love.ru|kostroma.simferopol-aeroport.taxi|mezhdugorodnee-taxi24.ru|taksi-services.ru|onlinetaxi.su|deshevotaxi.ru|mejgorodtaxi.ru|transfergid.ru|www.rome2rio.com|mezhdugorodnee-taksi.ru|transfer44.ru|mezhgorod-taksi.ru|mobilodeon.ru;Кострома;Вологда;8500
vologda-kostroma;old;17;;SEO;F_AUTOPILOT;SEO автопилот;SEO_AUTOPILOT;0;24;0;taxi555.ru|vologda.taxi24h.ru|taxi533.ru|taxi.drive-luxe.ru|www.mezhgorod.taxi|vologda.taksi24.taxi|rustransfer.org|taksisvo.ru|catalogtaksi.ru|1taxopark.ru|vologda.taxi-krim.com|kostroma.sevastopol24.taxi|obltaxi.ru|taxivezde.ru|vse-taxi.com|ru-travel.org|deshevotaxi.ru|www.taxi-love.ru|vtstaxi.ru|xn--80adde7arb.xn--80akxkdedu.xn--p1acf|vologda.simferopol-aeroport.taxi|onlinetaxi.su|mejgorodtaxi.ru|transfergid.ru|taxi-mezhgorod24.ru|mezhgorod-taksi.ru|taxitaksi.ru|xn--80afdpcl3cf.xn--p1ai|www.rome2rio.com|mobilodeon.ru;Вологда;Кострома;8500
samara-sochi;old;17;;DIRECT;H_DIRECT_TEST;Директ тест;DIRECT_TEST;0;22;0;rf-taxi.ru|taksi-gorod.ru|www.xn-----7kcbaaphbhdai9a3awnjra5bnrctq.xn--p1ai|ug.taxi|samara.taksi24.taxi|samara.taxi24h.ru|xn----7sbabxukdmwuiegm.xn--p1ai|taxi533.ru|taxi24online.ru|taksisvo.ru|ugtravel.com|samara.taxi-krim.com|mezhgorod-rf.ru|unit-transfer.ru|mejgorod-taxi.ru|dzen.ru|samara.simferopol-aeroport.taxi|taxi-cosmos.ru|samara.aeroport-simferopol.taxi|catalogtaksi.ru|mejgorodtaxi.ru|deshevotaxi.ru|vse-taxi.com|1tmehgorod.ru|mobilodeon.ru|taxi-goroda.ru|sky-avto.ru|mezhgorod-taksi.ru|transferug.ru|transfer63.ru;Самара;Сочи;54000
stavropol-armavir;old;17;20;SEO;F_AUTOPILOT;SEO автопилот;SEO_AUTOPILOT;2;24;0;tratatur.ru|kubtaxi.ru|ugtaxi.ru|taxi-ug.ru|perfect-taxi.ru|kiwitaxi.ru|taxi533.ru|taxi555.ru|taxi.transferplustravel.com|1taxopark.ru|geltaxi.ru|taksisvo.ru|www.taxi2000.ru|transfers.unitaxi.ru|taxivezde.ru|obltaxi.ru|vse-taxi.com|taxi-russia.su|sochi.taxi|city2city.ru|catalogtaxi.ru|www.taxi-love.ru|taksi-gorod.ru|transfer-tur.ru|www.intui.travel|deshevotaxi.ru|transferug.ru|mejgorodtaxi.ru|mezhgorod-taksi.ru|ru-travel.org;Ставрополь;Армавир;3500
samara-almetevsk;old;17;6;SEO;F_AUTOPILOT;SEO автопилот;SEO_AUTOPILOT;2;20;0;dzen.ru|taxi24online.ru|www.avito.ru|www.taxi2000.ru|taxi533.ru|city2city.ru|1taxopark.ru|xn----7sbabxukdmwuiegm.xn--p1ai|taxi-cosmos.ru|taksi-gorod.ru|taxi555.ru|unit-transfer.ru|taksisvo.ru|www.mezhgorod.taxi|rustransfer.org|taxi.drive-luxe.ru|taxivezde.ru|catalogtaxi.ru|vse-taxi.com|mezhgorod-rf.ru|obltaxi.ru|deshevotaxi.ru|mejgorodtaxi.ru|onlinetaxi.su|taxi-samara.su|www.intui.travel|www.taxi-love.ru|xn----7sbp3acjidhfbkt.su|www.xn-----6kcb2bleqpadhldcfolvb0gxf.xn--p1ai|yandex.ru;Самара;Альметьевск;9000
lipeczk-belgorod;old;17;;DIRECT;H_DIRECT_TEST;Директ тест;DIRECT_TEST;0;26;0;kubtaxi.ru|taksi-gorod.ru|tratatur.ru|lipetsk.taxi24h.ru|lipetsk.taksi24.taxi|taxi-ug.ru|taxi533.ru|ug.taxi|www.mezhgorod.taxi|1taxopark.ru|rustransfer.org|taksisvo.ru|taxi555.ru|catalogtaksi.ru|mezhgorod-rf.ru|mejgorod-taxi.ru|jupiter-tmc.ru|lipetsk.aeroport-simferopol.taxi|taxivezde.ru|taxi-cosmos.ru|taksi-services.ru|deshevotaxi.ru|vse-taxi.com|www.taxi-love.ru|mb-taxi.ru|mezhdugorodnee-taxi24.ru|lipetsk.simferopol-aeroport.taxi|taxi-mobil.ru|mejgorodtaxi.ru|mezhgorod-taksi.ru;Липецк;Белгород;11500
ryazan-ryazhsk;old;17;;SEO;F_AUTOPILOT;SEO автопилот;SEO_AUTOPILOT;1;21;0;deshevotaxi.ru|taksi-gorod.ru|taxi555.ru|1taxopark.ru|catalogtaksi.ru|taxi.drive-luxe.ru|xn----7sbyhcmnbsdikx.xn--p1ai|taksisvo.ru|taxivezde.ru|rustransfer.org|taxi-russia.su|takse.ru|www.taxi-rokada.ru|obltaxi.ru|www.taxi-love.ru|mejgorodtaxi.ru|rzn-transfer.ru|taxi-ryazan-ryazan-oblast-ru.taxigator.ru|www.avito.ru|mezhgorod-taksi.ru|www.rome2rio.com|transfer-rzn-62.ru|zoon.ru|avtotransfer62.ru|ryazhsk.gde.ru|uslugi.yandex.ru|taxi-mezhgorod24.ru|xn--80antj7do.xn--80akxkdedu.xn--p1acf|transfer62.ru|perevozka24.com;Рязань;Ряжск;3500
kazan-sterlitamak;old;17;;DIRECT;H_DIRECT_TEST;Директ тест;DIRECT_TEST;0;7;0;erataxi.ru|vk.com|taxi533.ru|taxi555.ru|ugtaxi.ru|1taxopark.ru|taksi-gorod.ru|taksisvo.ru|t.me|taxi.drive-luxe.ru;Казань;Стерлитамак;18500
volgograd-kotovo;old;17;3;SEO;F_AUTOPILOT;SEO автопилот;SEO_AUTOPILOT;2;21;0;unit-transfer.ru|kiwitaxi.ru|city2city.ru|taksisvo.ru|www.mezhgorod.taxi|www.taxi2000.ru|taxi555.ru|1taxopark.ru|obltaxi.ru|taxi.drive-luxe.ru|rustransfer.org|takse.ru|taxi-cosmos.ru|taxivezde.ru|deshevotaxi.ru|mezhgorod-taksi.ru|catalogtaksi.ru|taksi-gorod.ru|mejgorodtaxi.ru|www.taxi-love.ru|transfers.unitaxi.ru|ru-travel.org|www.intui.travel|mobilodeon.ru|taxi-volgograd-volgograd-oblast-ru.taxigator.ru|volgatransfervlg.ru|www.transfer34.ru|regionaltaxi.ru|xn--80addag2buct.xn--80akxkdedu.xn--p1acf|minivan-go.ru;Волгоград;Котово;6800
lipeczk-sokol;old;17;;DIRECT;H_DIRECT_TEST;Директ тест;DIRECT_TEST;0;19;0;catalogtaxi.ru|taksisvo.ru|deshevotaxi.ru|transfer48.ru|mobilodeon.ru|mb-taxi.ru|mezhgorod-taksi.ru|taxi.yandex.ru|taksi-services.ru|lipetsk.taximaxim.ru|lipetsk.taxipoehali.ru|zoon.ru|vezet.ru|yandex.ru|taxieconom.ru|vk.com|taxigator.ru|2gis.ru|taksirussian.ru|transport.lipetsk.ru|www.yell.ru|perevozka24.com|intaxi.ru|taxi-nomer.ru|taxi-mini.ru|lipetsk.flamp.ru|lipetsk.spravker.ru|taxitops.ru|uslugi.yandex.ru|taksivezet.ru;Липецк;Сокол;29500
moskva-borovsk;new;16;;NONE;Z_LOW_PRIORITY;Низкий приоритет (новые);LOW_PRIORITY;13;12;0;taxi555.ru|taxi-mobil.ru|wing-taxi.ru|1taxopark.ru|ab-taxi.ru|mezhgorod.taxi-ekvator.ru|www.taxi-rokada.ru|drive-luxe.ru|xn----7sbyhcmnbsdikx.xn--p1ai|taxivezde.ru;;;
moskva-krasnogorskij;new;16;;NONE;Z_LOW_PRIORITY;Низкий приоритет (новые);LOW_PRIORITY;10;15;1;taxi555.ru|www.taxi2000.ru|ab-taxi.ru|wing-taxi.ru|oldtaxi.ru|taxi-mobil.ru|www.mezhgorod.taxi|kiwitaxi.ru|taxispeed.ru|xn----7sbyhcmnbsdikx.xn--p1ai;;;
sankt-peterburg-aleksandrov;new;16;;NONE;Z_LOW_PRIORITY;Низкий приоритет (новые);LOW_PRIORITY;16;10;3;ugtaxi.ru|taxitoday.ru|taksisvo.ru|rustransfer.org|taxideshevo.com|taksi-gorod.ru|deshevotaxi.ru|vse-taxi.com|mejgorodtaxi.ru|mezhgorod-taksi.ru;;;
sankt-peterburg-krasnogvardejskoe;new;16;7;SEO;F_AUTOPILOT;SEO автопилот;SEO_AUTOPILOT_NEW;12;13;2;taxovichkof.ru|kiwitaxi.ru|yandex.ru|taxideshevo.com|deshevotaxi.ru|utaxi-spb.ru|city2city.ru|svoetaksi.ru|transfers.unitaxi.ru|www.yell.ru;;;
sankt-peterburg-slanczy;new;16;;NONE;Z_LOW_PRIORITY;Низкий приоритет (новые);LOW_PRIORITY;16;12;0;taxovichkof.ru|taxitoday.ru|taxi555.ru|taxideshevo.com|taksisvo.ru|www.mezhgorod.taxi|www.taxi2000.ru|xn----7sbebjgab2at5brxcj5g.xn--p1ai|ab-taxi.ru|taxivezde.ru;;;
arxangelsk-ufa;new;16;;NONE;Z_LOW_PRIORITY;Низкий приоритет (новые);LOW_PRIORITY;18;10;1;taxi555.ru|www.taxi2000.ru|www.mezhgorod.taxi|ab-taxi.ru|taxi533.ru|vse-taxi.com|catalogtaksi.ru|taxi.drive-luxe.ru|obltaxi.ru|mezhgorod-rf.ru;;;
vladimir-dubrovka;new;16;;NONE;Z_LOW_PRIORITY;Низкий приоритет (новые);LOW_PRIORITY;10;14;3;taxi.yandex.ru|yandex.ru|t.me|taxi-nomera.ru|catalogtaksi.ru|taxi-dubrovka.ru|intaxi.ru|vk.com|taksisvo.ru|taxieconom.ru;;;
voronezh-michurinsk;new;16;;NONE;Z_LOW_PRIORITY;Низкий приоритет (новые);LOW_PRIORITY;17;12;0;catalogtaxi.ru|kubtaxi.ru|tratatur.ru|taxi-ug.ru|taxi555.ru|taxi.drive-luxe.ru|taxi533.ru|www.mezhgorod.taxi|1taxopark.ru|unit-transfer.ru;;;
ivanovo-domodedovo;new;16;10;SEO;F_AUTOPILOT;SEO автопилот;SEO_AUTOPILOT_NEW;12;12;2;www.avito.ru|ivanovo.taxi24h.ru|ivanovotransfer.ru|www.taxi2000.ru|xn----7sbbhbow1bfkbndml0b.xn--p1ai|kiwitaxi.ru|yandex.ru|taxi-mobil.ru|taxi555.ru|city2city.ru;;;
ivanovo-sergiev-posad;new;16;;NONE;Z_LOW_PRIORITY;Низкий приоритет (новые);LOW_PRIORITY;25;3;4;yandex.ru|1taxopark.ru|taksi-gorod.ru|www.taxi2000.ru|taxi.drive-luxe.ru|taxi555.ru|taksisvo.ru|catalogtaksi.ru|takse.ru|obltaxi.ru;;;
kirov-joshkar-ola;new;16;;NONE;Z_LOW_PRIORITY;Низкий приоритет (новые);LOW_PRIORITY;19;7;0;taksi-gorod.ru|taxi555.ru|1taxopark.ru|m.avito.ru|www.mezhgorod.taxi|taxi-russia.su|taksikirov.ru|www.taxi-love.ru|vk.com|catalogtaksi.ru;;;
kostroma-bor;new;16;4;NONE;Z_LOW_PRIORITY;Низкий приоритет (новые);LOW_PRIORITY;21;6;2;ab-taxi.ru|1taxopark.ru|taxi555.ru|city2city.ru|taksisvo.ru|obltaxi.ru|www.mezhgorod.taxi|rustransfer.org|deshevotaxi.ru|vse-taxi.com;;;
kostroma-sergiev-posad;new;16;;NONE;Z_LOW_PRIORITY;Низкий приоритет (новые);LOW_PRIORITY;24;4;2;taxi555.ru|catalogtaxi.ru|taxi.drive-luxe.ru|1taxopark.ru|www.taxi2000.ru|vse-taxi.com|taxivezde.ru|taksisvo.ru|obltaxi.ru|www.taxi-love.ru;;;
kurgan-belyj;new;16;;NONE;Z_LOW_PRIORITY;Низкий приоритет (новые);LOW_PRIORITY;15;11;4;yandex.ru|zoon.ru|mejgorodtaxi.ru|deshevotaxi.ru|krasnobeloetaxi.orgs.biz|www.yell.ru|mezhgorod-taksi.ru|catalogtaksi.ru|yandex.ru|taxi-nomera.ru;;;
nizhnij-novgorod-domodedovo;new;16;;NONE;Z_LOW_PRIORITY;Низкий приоритет (новые);LOW_PRIORITY;15;14;1;www.avito.ru|nizhniy-novgorod.taksi24.taxi|taxi555.ru|kubtaxi.ru|xn----7sbyhcmnbsdikx.xn--p1ai|kiwitaxi.ru|www.taxi2000.ru|nizhniy-novgorod.taxi24h.ru|taxi-mobil.ru|nizhniy-novgorod.taxi-krim.com;;;
nizhnij-novgorod-gagarin;new;16;;NONE;Z_LOW_PRIORITY;Низкий приоритет (новые);LOW_PRIORITY;22;5;4;taksisvo.ru|deshevotaxi.ru|mejgorodtaxi.ru|jupiter-tmc.ru|vse-taxi.com|mezhgorod-taksi.ru|mobilodeon.ru|yandex.ru|rustransfer.org|taxigorkovskoe.ru;;;
nizhnij-novgorod-krasnyj;new;16;1;NONE;Z_LOW_PRIORITY;Низкий приоритет (новые);LOW_PRIORITY;13;10;3;city2city.ru|catalogtaksi.ru|www.mezhgorod.taxi|deshevotaxi.ru|mezhgorod-taksi.ru|taxigorkovskoe.ru|catalogtaxi.ru|taxi.yandex.ru|www.avito.ru|spravkataxi.ru;;;
novosibirsk-bolotnoe;new;16;;NONE;Z_LOW_PRIORITY;Низкий приоритет (новые);LOW_PRIORITY;16;6;1;starcars54.ru|abv-auto.com|willway.ru|taxi555.ru|1taxopark.ru|www.taxi2000.ru|ugtravel.com|catalogtaksi.ru|taxi.drive-luxe.ru|obltaxi.ru;;;
pskov-strizhi;new;16;11;SEO;F_AUTOPILOT;SEO автопилот;SEO_AUTOPILOT_NEW;10;4;1;strizhi.name|2gis.ru|vk.com|inpskov.ru|yandex.ru|zoon.ru|strugi-auto.ru|otzovik.com|deshevotaxi.ru|strizhipskov.orgs.biz;;;
rostov-domodedovo;new;16;;NONE;Z_LOW_PRIORITY;Низкий приоритет (новые);LOW_PRIORITY;12;16;0;www.avito.ru|taxi-bereg.ru|taxi555.ru|taksi-gorod.ru|taxi-mobil.ru|rostov.taxi24h.ru|rostov.taksi24.taxi|1taxopark.ru|ugtaxi.ru|www.taxi2000.ru;;;
rostov-penza;new;16;;NONE;Z_LOW_PRIORITY;Низкий приоритет (новые);LOW_PRIORITY;10;19;0;ugtaxi.ru|ug.taxi|rostov.yalta-24.taxi|rostov.taxi24h.ru|kubtaxi.ru|taksisvo.ru|catalogtaksi.ru|taxi555.ru|taxikama.tb.ru|taxi533.ru;;;
kazan-neya;new;16;1;NONE;Z_LOW_PRIORITY;Низкий приоритет (новые);LOW_PRIORITY;19;8;4;city2city.ru|mejgorodtaxi.ru|deshevotaxi.ru|taxi-mini.ru|jupiter-tmc.ru|mezhgorod-taksi.ru|taksisvo.ru|taxi.yandex.ru|yandex.ru|www.avito.ru;;;
samara-solnechnyj;new;16;;NONE;Z_LOW_PRIORITY;Низкий приоритет (новые);LOW_PRIORITY;15;6;5;deshevotaxi.ru|igormylnikovchannel.ru|taxiflow.ru|catalogtaxi.ru|y-taxi.ru|yandex.ru|zoon.ru|taxi.yandex.ru|mezhgorod-taksi.ru|taxi-samara-samara-oblast-ru.taxigator.ru;;;
ekaterinburg-belinskij;new;16;1;NONE;Z_LOW_PRIORITY;Низкий приоритет (новые);LOW_PRIORITY;18;6;4;city2city.ru|taksisvo.ru|ugtaxi.ru|deshevotaxi.ru|yandex.ru|mejgorodtaxi.ru|2gis.ru|mezhgorod-taksi.ru|transferug.ru|www.yell.ru;;;
ekaterinburg-oktyabrskoe;new;16;2;NONE;Z_LOW_PRIORITY;Низкий приоритет (новые);LOW_PRIORITY;19;5;1;ugtaxi.ru|city2city.ru|taxi533.ru|taksisvo.ru|vk.com|ab-taxi.ru|taxi.drive-luxe.ru|1taxopark.ru|taxivezde.ru|taxi555.ru;;;
tula-orlov;new;16;1;SEO;F_AUTOPILOT;SEO автопилот;SEO_AUTOPILOT_NEW;13;15;1;city2city.ru|taksisvo.ru|jupiter-tmc.ru|transfer71.ru|deshevotaxi.ru|mejgorodtaxi.ru|catalogtaksi.ru|mezhgorod-taksi.ru|mobilodeon.ru|tula.taksi24.taxi;;;
tyumen-sovetskoe;new;16;5;NONE;Z_LOW_PRIORITY;Низкий приоритет (новые);LOW_PRIORITY;22;4;3;www.mezhgorod.taxi|taxi555.ru|1taxopark.ru|taxi.drive-luxe.ru|city2city.ru|ab-taxi.ru|taxivezde.ru|obltaxi.ru|deshevotaxi.ru|yandex.ru;;;
ulyanovsk-leninskoe;new;16;17;NONE;Z_LOW_PRIORITY;Низкий приоритет (новые);LOW_PRIORITY;21;5;3;www.yell.ru|2gis.ru|vezet.ru|taksisvo.ru|ulyanovsk.taxovichkof.ru|yandex.ru|ulyanovsk.spravker.ru|ulyanovsk.taximaxim.ru|taxi.yandex.ru|m.avito.ru;;;
chelyabinsk-verxnij-ufalej;new;16;;NONE;Z_LOW_PRIORITY;Низкий приоритет (новые);LOW_PRIORITY;19;5;2;taxidesyatka.ru|intercity74.ru|driver174.ru|taxipremier.ru|catalogtaksi.ru|taxi555.ru|taksi-gorod.ru|taxi.drive-luxe.ru|taksisvo.ru|www.taxi2000.ru;;;
yaroslavl-leningradskaya;new;16;;NONE;Z_LOW_PRIORITY;Низкий приоритет (новые);LOW_PRIORITY;19;7;3;yandex.ru|yatransfer76.ru|yaroslavl.taximaxim.ru|taxi.yandex.ru|vezet.ru|2gis.ru|taxi555.ru|yaroslavl.taxovichkof.ru|www.yell.ru|www.taxi2000.ru;;;
kirov-sovetsk;old;16;12;SEO;F_AUTOPILOT;SEO автопилот;SEO_AUTOPILOT;2;18;0;taksikirov.ru|taxi555.ru|vk.com|taxi-russia.su|www.taxi2000.ru|taksisvo.ru|1taxopark.ru|yandex.ru|deshevotaxi.ru|catalogtaksi.ru|www.mezhgorod.taxi|city2city.ru|obltaxi.ru|www.taxi-love.ru|rustransfer.org|taxi-mini.ru|mejgorodtaxi.ru|jupiter-tmc.ru|catalogtaxi.ru|taxivezde.ru|vse-taxi.com|xn----7sbyhcmnbsdikx.xn--p1ai|takse.ru|routes43.ru|www.intui.travel|yandex.ru|taxi-kirov-kirov-oblast-ru.taxigator.ru|taxi-nomera.ru|xn--80aaahzdndlon5ak.xn--p1ai|www.avito.ru;Киров;Советск;4900
blagoveshhensk-xabarovsk;old;16;10;DIRECT;H_DIRECT_TEST;Директ тест;DIRECT_TEST;1;5;0;www.avito.ru|catalogtaksi.ru|taxi533.ru|taksi-gorod.ru|rustransfer.org|deshevotaxi.ru|ru-travel.org|jupiter-tmc.ru|mezhgorod-rf.ru|city2city.ru;Благовещенск;Хабаровск;21600
kursk-tula;old;16;10;DIRECT;H_DIRECT_TEST;Директ тест;DIRECT_TEST;0;24;0;kursk.taxi24h.ru|kubtaxi.ru|kursk.taksi24.taxi|tratatur.ru|taksi-gorod.ru|ug.taxi|1taxopark.ru|taxi-ug.ru|taxi533.ru|city2city.ru|taxi555.ru|unit-transfer.ru|kursk.aeroport-simferopol.taxi|www.taxi-love.ru|taxivezde.ru|www.mezhgorod.taxi|taksisvo.ru|mezhgorod-rf.ru|levtransfer.ru|rustransfer.org|obltaxi.ru|catalogtaksi.ru|mejgorod-taxi.ru|jupiter-tmc.ru|deshevotaxi.ru|taksicentr.ru|mejgorodtaxi.ru|sky-transfer.ru|xn--j1aarei.xn--80akxkdedu.xn--p1acf|vse-taxi.com;Курск;Тула;10400
voronezh-borisoglebsk;old;16;4;SEO;F_AUTOPILOT;SEO автопилот;SEO_AUTOPILOT;2;20;0;kubtaxi.ru|taksi-gorod.ru|tratatur.ru|city2city.ru|taxi-ug.ru|rustransfer.org|taxi555.ru|kiwitaxi.ru|taxi533.ru|mezhgorod-rf.ru|1taxopark.ru|mejgorod-taxi.ru|cabway.ru|taksisvo.ru|www.mezhgorod.taxi|taxi-russia.su|taxivezde.ru|deshevotaxi.ru|catalogtaksi.ru|transfers.unitaxi.ru|www.avito.ru|takse.ru|mb-taxi.ru|obltaxi.ru|www.taxi-love.ru|ru-travel.org|uslugi.yandex.ru|transfer36.ru|taxi-nomera.ru|mejgorodtaxi.ru;Воронеж;Борисоглебск;7000
elista-rostov-na-donu;old;16;;DIRECT;H_DIRECT_TEST;Директ тест;DIRECT_TEST;1;7;0;kubtaxi.ru|ugtaxi.ru|elista.taxi-krim.com|www.avito.ru|tratatur.ru|alphatour.ru|taksi-gorod.ru|elista.taxi24h.ru|elista.sevastopol24.taxi|taxi-ug.ru;Элиста;Ростов-на-Дону;13500
oryol-tula;old;16;;SEO;F_AUTOPILOT;SEO автопилот;SEO_AUTOPILOT;0;24;0;orel.taxi24h.ru|taksi-gorod.ru|1taxopark.ru|catalogtaksi.ru|orel.taksi24.taxi|www.mezhgorod.taxi|mejgorod-taxi.ru|taxivezde.ru|www.taxi-love.ru|orel.taxi-krim.com|taksisvo.ru|orel.aeroport-simferopol.taxi|ug.taxi|rustransfer.org|taxi533.ru|orel.simferopol-aeroport.taxi|jupiter-tmc.ru|vse-taxi.com|deshevotaxi.ru|taxi-russia.su|taksi-services.ru|mejgorodtaxi.ru|taxi-nomera.ru|www.rome2rio.com|xn----7sbbu0aptdhddiv.xn--p1ai|taxi24online.ru|mezhgorod-taksi.ru|taxi-mezhgorod24.ru|xn--e1amhi.xn--80akxkdedu.xn--p1acf|orel.perivoz.ru;Орёл;Тула;5500
tula-kursk;old;16;;DIRECT;H_DIRECT_TEST;Директ тест;DIRECT_TEST;0;26;0;sky-transfer.ru|kubtaxi.ru|tula.taksi24.taxi|tratatur.ru|tula.taxi24h.ru|taksi-gorod.ru|ug.taxi|1taxopark.ru|taxi533.ru|taxi555.ru|taxi.drive-luxe.ru|taxivezde.ru|taxi-ug.ru|catalogtaksi.ru|mejgorod-taxi.ru|www.mezhgorod.taxi|transfer71.ru|tula.taxi-krim.com|tula.sevastopol24.taxi|rustransfer.org|ab-taxi.ru|taksisvo.ru|www.taxi-rokada.ru|jupiter-tmc.ru|obltaxi.ru|tula.aeroport-simferopol.taxi|www.rome2rio.com|taksi-services.ru|deshevotaxi.ru|transfergid.ru;Тула;Курск;10500
volgograd-dubovka;old;16;;SEO;F_AUTOPILOT;SEO автопилот;SEO_AUTOPILOT;2;19;0;1taxopark.ru|taksisvo.ru|taxi555.ru|taksi-gorod.ru|xn----7sbyhcmnbsdikx.xn--p1ai|taxi.drive-luxe.ru|rustransfer.org|www.taxi2000.ru|www.taxi-rokada.ru|takse.ru|taxivezde.ru|catalogtaksi.ru|www.taxi-love.ru|deshevotaxi.ru|mezhgorod-taksi.ru|ru-travel.org|mejgorodtaxi.ru|uslugi.yandex.ru|www.intui.travel|perevozka24.com|2gis.ru|yandex.ru|taxi-nomera.ru|xn--80addag2buct.xn--80akxkdedu.xn--p1acf|taxigator.ru|jupiter-tmc.ru|www.transfer34.ru|regionaltaxi.ru|www.avito.ru|taxigoroda.ru;Волгоград;Дубовка;2000
tula-oryol;old;16;;SEO;F_AUTOPILOT;SEO автопилот;SEO_AUTOPILOT;0;26;0;1taxopark.ru|xn----7sbbu0aptdhddiv.xn--p1ai|taksi-gorod.ru|taxi24online.ru|tula.taksi24.taxi|catalogtaksi.ru|tula.taxi24h.ru|taxi.drive-luxe.ru|www.mezhgorod.taxi|taxivezde.ru|rustransfer.org|mezhgorod-rf.ru|taxi533.ru|tula.taxi-krim.com|ug.taxi|tula.simferopol-aeroport.taxi|transfer71.ru|tula.aeroport-simferopol.taxi|jupiter-tmc.ru|taxi-russia.su|vse-taxi.com|taksi-services.ru|deshevotaxi.ru|mejgorodtaxi.ru|mezhgorod-taksi.ru|mezhdugorodnee-taksi.ru|vrn-taxi.ru|www.taksi-moskva-tula.ru|taxi-nomera.ru|taxi-mezhgorod24.ru;Тула;Орёл;5500
lugansk-simferopol;old;16;;DIRECT;H_DIRECT_TEST;Директ тест;DIRECT_TEST;1;15;0;estlugansk.ru|lugansk.taxi|yandex.ru|600.taxi|www.avito.ru|dzen.ru|959.xn--p1ai|arteltaxi.ru|vk.com|uslugi.yandex.ru|ok.ru|taxi-alliance.turbo.site|t.me|deshevotaxi.ru|www.rustore.ru|perevozka24.com|horeca-lg.ru|taksi-gorod.ru|apps.apple.com|taxigoroda.ru|lugansk.sky-transfer.ru|lugansk.taxi24h.ru|lugansk.taksi24.taxi|lugansk.taxiarkadiya.ru|takse.ru|taxi-lugansk.ru|taxi-lnr.ru|zvs-lg.ru|434.taxi|xn-----6kcbqgcdjrv0afza5ajp5i.xn--p1ai;Луганск;Симферополь;21500
voronezh-sankt-peterburg;old;16;;DIRECT;H_DIRECT_TEST;Директ тест;DIRECT_TEST;1;25;0;voronezh.sky-transfer.ru|voronezh.taksi24.taxi|taksi-gorod.ru|voronezh.taxi24h.ru|tratatur.ru|ug.taxi|kubtaxi.ru|voronezh.kerch24.taxi|taxi-ug.ru|ugtaxi.ru|taxi555.ru|taxi-russia.su|taxi533.ru|voronezh.taxi-krim.com|mezhgorod-rf.ru|unit-transfer.ru|www.avito.ru|taksisvo.ru|taxivezde.ru|taxi.drive-luxe.ru|taxicamry.ru|vip-888.ru|mejgorod-taxi.ru|mb-taxi.ru|catalogtaksi.ru|cabway.ru|taxi-cosmos.ru|voronezh.simferopol-aeroport.taxi|mezhgorod-taksi.ru|transferug.ru;Воронеж;Санкт-Петербург;37000
tula-serpuxov;old;16;;SEO;F_AUTOPILOT;SEO автопилот;SEO_AUTOPILOT;1;26;0;xn----7sbbu0aptdhddiv.xn--p1ai|catalogtaksi.ru|1taxopark.ru|taxi24online.ru|taxi533.ru|taxivezde.ru|taxi555.ru|taxi.drive-luxe.ru|taxi-russia.su|www.taxi-love.ru|rustransfer.org|www.taxi2000.ru|obltaxi.ru|deshevotaxi.ru|www.mezhgorod.taxi|taksisvo.ru|mejgorod-taxi.ru|mezhgorod-taksi.ru|vse-taxi.com|transfer71.ru|mobilodeon.ru|onlinetaxi.su|mejgorodtaxi.ru|taxi-tula-tula-oblast-ru.taxigator.ru|taksi-services.ru|transfergid.ru|m.avito.ru|www.taksi-moskva-tula.ru|mezhdugorodnee-taksi.ru|taxi-nomera.ru;Тула;Серпухов;2500
tyumen-sovetskij;old;16;13;DIRECT;H_DIRECT_TEST;Директ тест;DIRECT_TEST;1;20;0;taxi555.ru|www.mezhgorod.taxi|www.taxi2000.ru|taxi.drive-luxe.ru|1taxopark.ru|ab-taxi.ru|taxivezde.ru|deshevotaxi.ru|obltaxi.ru|www.taxi-love.ru|catalogtaxi.ru|mejgorodtaxi.ru|city2city.ru|www.avito.ru|catalogtaksi.ru|xn--e1aner7ci.xn--80akxkdedu.xn--p1acf|mezhgorod-taksi.ru|uslugi.yandex.ru|perevozka24.com|tyumen.taximaxim.ru|www.rome2rio.com|xn--72-glcedg4btat.xn--p1ai|taxigator.ru|tyumen.taxipoehali.ru|vse-taxi.com|tyumen.taxovichkof.ru|taxi.yandex.ru|vezet.ru|taxigoroda.ru|city-mobil.ru;Тюмень;Советский;31000
ryazan-stroitel;old;16;;SEO;F_AUTOPILOT;SEO автопилот;SEO_AUTOPILOT;1;20;0;1taxopark.ru|taxi555.ru|taxivezde.ru|taxi.drive-luxe.ru|www.mezhgorod.taxi|taksisvo.ru|obltaxi.ru|mejgorodtaxi.ru|catalogtaksi.ru|rustransfer.org|deshevotaxi.ru|www.taxi-love.ru|takse.ru|mezhgorod-taksi.ru|taxigator.ru|ryazan.taximaxim.ru|vezet.ru|ryazan.taxipoehali.ru|taxi.yandex.ru|yandex.ru|ya62.ru|xn--80antj7do.xn--80akxkdedu.xn--p1acf|jupiter-tmc.ru|taxieconom.ru|www.avito.ru|zoon.ru|taxi-nomera.ru|2gis.ru|transfer62.ru|rzn-transfer.ru;Рязань;Строитель;2000
nizhniy_novgorod-ivanovo;old;16;;SEO;F_AUTOPILOT;SEO автопилот;SEO_AUTOPILOT;2;25;0;nizhniy-novgorod.taxi24h.ru|taxigorkovskoe.ru|www.avito.ru|unit-transfer.ru|taksi-gorod.ru|ab-taxi.ru|taxivezde.ru|nizhniy-novgorod.taksi24.taxi|taxi555.ru|taxi533.ru|taksisvo.ru|1taxopark.ru|www.mezhgorod.taxi|xn----7sbbhbow1bfkbndml0b.xn--p1ai|rustransfer.org|jupiter-tmc.ru|taxi-russia.su|taxi.drive-luxe.ru|ug-transfer.online|taxi-cosmos.ru|obltaxi.ru|mejgorod-taxi.ru|www.taxi-love.ru|taximezhgorod24.ru|nizhniy-novgorod.simferopol-aeroport.taxi|nn-transfer.ru|vse-taxi.com|www.intui.travel|www.transfer152.ru|catalogtaksi.ru;Нижний Новгород;Иваново;7500
tomsk-sharypovo;old;16;;DIRECT;H_DIRECT_TEST;Директ тест;DIRECT_TEST;2;17;0;catalogtaksi.ru|takse.ru|rustransfer.org|deshevotaxi.ru|www.rome2rio.com|jupiter-tmc.ru|catalogtaxi.ru|vk.com|minibus.biletyplus.ru|royalcars54.ru|tomx.ru|taxigator.ru|taxi.yandex.ru|www.blablacar.ru|tomsk.taximaxim.ru|tomsk.sky-transfer.ru|perevozka24.com|vse-taxi.com|xn--d1abb2a.xn--p1ai|www.avito.ru|tomsk.taxipoehali.ru|vk.link|uslugi.yandex.ru|intaxi.ru|mezhgorod-taksi.ru|taxi70.ru|nomera-taksi.ru|xn--j1adfnc.xn--80akxkdedu.xn--p1acf|taxi24online.ru|taxi-nomer.ru;Томск;Шарыпово;11500
ufa-arxangelsk;old;16;12;DIRECT;H_DIRECT_TEST;Директ тест;DIRECT_TEST;0;26;0;sky-transfer.ru|taksi-gorod.ru|vk.com|obltaxi.ru|taxi.drive-luxe.ru|www.mezhgorod.taxi|taxivezde.ru|taxi533.ru|taximini-ufa.ru|www.taxi2000.ru|catalogtaksi.ru|city2city.ru|taxi-mini.ru|mezhgorod-rf.ru|www.taxi-love.ru|toptaxi.org|vse-taxi.com|onlinetaxi.su|deshevotaxi.ru|taksisvo.ru|taxiufa.ru|mezhgorod-taksi.ru|taxibulgakovo.ru|taxi-ufa-republic-of-bashkortostan-ru.taxigator.ru|www.transfer02.ru|www.taxiufa.com|taxiufaarchangelskoe.turbo.site|transfer-ufa.ru|minivan-go.ru|catalogtaxi.ru;Уфа;Архангельск;57300
nizhnij-novgorod-czentralnyj;old;16;;SEO;F_AUTOPILOT;SEO автопилот;SEO_AUTOPILOT;1;15;0;2gis.ru|yandex.ru|www.komandirovka.ru|www.yell.ru|taxi-52.ru|taksi-gorod.ru|vse-taxi.com|vk.com|taxi.yandex.ru|zoon.ru|catalogtaksi.ru|www.orgpage.ru|deshevotaxi.ru|taxieconom.ru|taxigator.ru|spravkataxi.ru|catalogtaxi.ru|nnovgorod.yp.ru|uslugi.yandex.ru|xn--80aesgcvcug0d.su|intaxi.ru|perevozka24.com|taxi-nomera.ru|www.avito.ru|mezhgorod-taksi.ru|nizhni-novgorod.cataloxy.ru|t-52.ru|vezet.ru|nn.taxovichkof.ru|taxigoroda.ru;Нижний Новгород;Центральный;2500
krasnodar-belgorod;old;16;;DIRECT;H_DIRECT_TEST;Директ тест;DIRECT_TEST;0;28;0;kubtaxi.ru|ugtaxi.ru|tratatur.ru|perfect-taxi.ru|krasnodar.taksi24.taxi|taxi-ug.ru|krasnodar.taxi24h.ru|taxi533.ru|krasnodar.sevastopol24.taxi|msk.taxi|taxi555.ru|taksisvo.ru|www.taxi-transfer-travel.ru|ug.taxi|www.taxi2000.ru|sochi.taxi|levtransfer.ru|mezhgorod-rf.ru|rustransfer.org|taxi.drive-luxe.ru|www.mezhgorod.taxi|obltaxi.ru|taxi-cosmos.ru|krasnodar.taxi-krim.com|taxivezde.ru|mejgorod-taxi.ru|krasnodar.simferopol-aeroport.taxi|taxiaero-simferopol.ru|taksi-gorod.ru|www.taxi-love.ru;Краснодар;Белгород;29000
tver-sankt-peterburg;old;16;11;DIRECT;H_DIRECT_TEST;Директ тест;DIRECT_TEST;1;25;0;tver.taxi24h.ru|sky-transfer.ru|www.avito.ru|tver.taksi24.taxi|taxi533.ru|ugtaxi.ru|taxi555.ru|1taxopark.ru|rustransfer.org|taxi.drive-luxe.ru|city2city.ru|taksi-gorod.ru|mezhgorod-rf.ru|tver.aeroport-simferopol.taxi|taxivezde.ru|taksisvo.ru|www.taxi-love.ru|ug.taxi|taxi-russia.ru|transferug.ru|taxi-cosmos.ru|my-intercity.ru|taksi-services.ru|catalogtaksi.ru|obltaxi.ru|deshevotaxi.ru|vse-taxi.com|mejgorodtaxi.ru|transfergid.ru|mezhgorod-taksi.ru;Тверь;Санкт-Петербург;16000
kemerovo-mariinsk;old;16;;SEO;F_AUTOPILOT;SEO автопилот;SEO_AUTOPILOT;0;7;0;royalcars54.ru|taxi555.ru|taksi-gorod.ru|catalogtaksi.ru|rustransfer.org|taxi.drive-luxe.ru|taxi-russia.su|1taxopark.ru|takse.ru|obltaxi.ru;Кемерово;Мариинск;5000
sankt-peterburg-tver;old;16;4;DIRECT;H_DIRECT_TEST;Директ тест;DIRECT_TEST;0;28;0;sky-transfer.ru|taxitoday.ru|sankt-peterburg.taxi24h.ru|city2city.ru|ugtaxi.ru|taxi555.ru|sankt-peterburg.taksi24.taxi|taxideshevo.com|ug.taxi|unit-transfer.ru|taxi533.ru|ab-taxi.ru|taxivezde.ru|taksi-gorod.ru|taxi.drive-luxe.ru|sankt-peterburg.taxi-krim.com|mejgorod-taxi.ru|taksisvo.ru|rustransfer.org|glavtaxi-spb.ru|piter.yalta-24.taxi|catalogtaksi.ru|www.mezhgorod.taxi|korona-taksi.ru|www.taxi-love.ru|taxi-cosmos.ru|transferug.ru|vse-taxi.com|jupiter-tmc.ru|poehalinataxi.online;Санкт-Петербург;Тверь;16200
nizhnij-novgorod-goroxovecz;old;16;;SEO;F_AUTOPILOT;SEO автопилот;SEO_AUTOPILOT;1;22;0;taxigorkovskoe.ru|1taxopark.ru|taxivezde.ru|www.taxi2000.ru|taxi555.ru|catalogtaxi.ru|taxi.drive-luxe.ru|unit-transfer.ru|www.mezhgorod.taxi|obltaxi.ru|taksisvo.ru|taksi-gorod.ru|takse.ru|www.taxi-love.ru|deshevotaxi.ru|rustransfer.org|jupiter-tmc.ru|mejgorodtaxi.ru|www.intui.travel|mezhgorod-taksi.ru|mb-taxi.ru|www.rome2rio.com|catalogtaksi.ru|mobilodeon.ru|spravkataxi.ru|taximezhgorod24.ru|www.transfer152.ru|order-taxi.ru|xn-----6kcnbecgjov3axagazifr.xn--p1ai|ru-travel.org;Нижний Новгород;Гороховец;2500
kirov-yaransk;old;16;;SEO;F_AUTOPILOT;SEO автопилот;SEO_AUTOPILOT;2;19;0;vk.com|taxi-russia.su|taksikirov.ru|taxi555.ru|1taxopark.ru|taksisvo.ru|www.taxi2000.ru|taxivezde.ru|taxi.drive-luxe.ru|catalogtaksi.ru|takse.ru|www.taxi-rokada.ru|jupiter-tmc.ru|rustransfer.org|deshevotaxi.ru|www.rome2rio.com|obltaxi.ru|www.taxi-love.ru|mobilodeon.ru|www.intui.travel|taxi-mini.ru|mejgorodtaxi.ru|www.avito.ru|yandex.ru|mezhgorod-taksi.ru|routes43.ru|taxi-kirov-kirov-oblast-ru.taxigator.ru|transfergid.ru|xn--80aaahzdndlon5ak.xn--p1ai|taxirun.ru;Киров;Яранск;6500
bryansk-unecha;old;16;6;SEO;F_AUTOPILOT;SEO автопилот;SEO_AUTOPILOT;0;7;0;taxi555.ru|1taxopark.ru|taxi-russia.su|catalogtaksi.ru|deshevotaxi.ru|city2city.ru|takse.ru|taksi-gorod.ru|www.taxi2000.ru|taksisvo.ru;Брянск;Унеча;5000
belgorod-orel;old;16;;SEO;F_AUTOPILOT;SEO автопилот;SEO_AUTOPILOT;0;8;0;kubtaxi.ru|sochi.taxi|tratatur.ru|belgorod.taxi24h.ru|belgorod.taksi24.taxi|taxi555.ru|1taxopark.ru|www.taxi2000.ru|taxi-ug.ru|taxi533.ru;Белгород;Орёл;9000
xanty-mansijsk-nizhnevartovsk;old;16;2;DIRECT;H_DIRECT_TEST;Директ тест;DIRECT_TEST;1;18;0;taxi555.ru|city2city.ru|www.taxi2000.ru|1taxopark.ru|taxi-russia.su|taxi.drive-luxe.ru|catalogtaksi.ru|obltaxi.ru|rustransfer.org|taxivezde.ru|www.taxi-rokada.ru|www.avito.ru|vse-taxi.com|www.taxi-love.ru|deshevotaxi.ru|jupiter-tmc.ru|mejgorodtaxi.ru|2gis.ru|taksi-gorod.ru|mezhgorod-taksi.ru|mezhgorod-rf.ru|www.rome2rio.com|uslugio.com|takse.ru|taxi-khanty-mansiysk-khanty-mansi-autonomous-okrug-ru.taxigator.ru|t.me|perevozka24.com|minibus.biletyplus.ru|y-taxi.ru|vk.com;Ханты-Мансийск;Нижневартовск;15600
svo-taxi-krasnodar-melitopol;old;16;;DIRECT;H_DIRECT_TEST;Директ тест;DIRECT_TEST;1;15;0;taxi.yandex.ru|krasnodar.taximaxim.ru|yandex.ru|2gis.ru|vezet.ru|www.avito.ru|zoon.ru|uslugi.yandex.ru|krasnodar.taxipoehali.ru|drivee.com|krasnodar.taxovichkof.ru|www.auto-krasnodar.ru|www.yell.ru|go.yandex|kubtaxi.ru|perevozka24.com|rutaxi.ru|teleportpro.org|taxisaturn.ru|transport.globser.ru|krasnodar.taptaxi.su|krasnodarskoe-taxi.ru|www.krd-taxi.ru|93.ru|perfect-taxi.ru|centertaxi-krd.ru|krasnodar.taxiarkadiya.ru|krasnodar.taxikaskad.ru|www.orgpage.ru|23taxi.ru;Краснодар;Мелитополь;17500
vladivostok-fokino;old;16;;SEO;F_AUTOPILOT;SEO автопилот;SEO_AUTOPILOT;3;18;0;taksi-gorod.ru|sky-transfer.ru|kiwitaxi.ru|unit-transfer.ru|mezhgorod-taksi.ru|deshevotaxi.ru|takse.ru|www.rome2rio.com|drive125.ru|vse-taxi.com|ru.taxigator.ru|catalogtaksi.ru|www.intui.travel|2gis.ru|xn--80adbhunc2aa3al.xn--80akxkdedu.xn--p1acf|fokino.taximaxim.ru|m.avito.ru|xn----8sbear7aqwdih2a.xn--p1ai|intaxi.ru|zoon.ru|taxi.yandex.ru|perevozka24.com|transfergid.ru|yandex.ru|uslugi.yandex.ru|vladivostok.taxipoehali.ru|taxigoroda.ru|taxitops.ru|www.taximezgorod.com|catalogtaxi.ru;Владивосток;Фокино;3500
ekaterinburg-nizhnie-sergi;old;16;;SEO;F_AUTOPILOT;SEO автопилот;SEO_AUTOPILOT;0;6;0;catalogtaksi.ru|taxi555.ru|willway.ru|1taxopark.ru|rustransfer.org|nexttax.ru|taksisvo.ru|www.taxi2000.ru|taxivezde.ru|takse.ru;Екатеринбург;Нижние Серги;3000
sankt-peterburg-voronezh;old;16;;DIRECT;H_DIRECT_TEST;Директ тест;DIRECT_TEST;0;28;0;sky-transfer.ru|sankt-peterburg.taksi24.taxi|ugtaxi.ru|kubtaxi.ru|sankt-peterburg.taxi24h.ru|taxi533.ru|tratatur.ru|unit-transfer.ru|taxi-ug.ru|ug.taxi|www.mezhgorod.taxi|mezhgorod-taksi.ru|taksisvo.ru|1tmehgorod.ru|taxideshevo.com|sankt-peterburg.taxi-krim.com|korona-taksi.ru|mejgorod-taxi.ru|taxivezde.ru|sochi.taxi|taxitoday.ru|sankt-peterburg.simferopol-aeroport.taxi|taxi-cosmos.ru|taksi-gorod.ru|transferug.ru|www.daleko-taxi.ru|vse-taxi.com|deshevotaxi.ru|mejgorodtaxi.ru|www.taxi-love.ru;Санкт-Петербург;Воронеж;37000
moskva-feodosiya;new;15;;NONE;Z_LOW_PRIORITY;Низкий приоритет (новые);LOW_PRIORITY;3;24;0;taxi.ugtravel.com|msk.taxi|www.avito.ru|taxi-mobil.ru|ugtaxi.ru|ug-transfer.online|moskva.sevastopol24.taxi|ug.taxi|moskva.taxi-krim.com|moskva.taxi24h.ru;;;
moskva-kamensk-shaxtinskij;new;15;;NONE;Z_LOW_PRIORITY;Низкий приоритет (новые);LOW_PRIORITY;12;15;0;kubtaxi.ru|www.avito.ru|taxi-mobil.ru|wing-taxi.ru|msk.taxiarkadiya.ru|1taxopark.ru|taxi555.ru|ugtaxi.ru|tratatur.ru|taksi-gorod.ru;;;
moskva-klinczy;new;15;;NONE;Z_LOW_PRIORITY;Низкий приоритет (новые);LOW_PRIORITY;9;15;0;taxi-mobil.ru|taxi555.ru|ab-taxi.ru|www.mezhgorod.taxi|www.taxi2000.ru|1taxopark.ru|taxi.drive-luxe.ru|taxivezde.ru|xn----7sbyhcmnbsdikx.xn--p1ai|mos.taxitoday.ru;;;
moskva-ostrov;new;15;;NONE;Z_LOW_PRIORITY;Низкий приоритет (новые);LOW_PRIORITY;10;14;1;taxi555.ru|www.taxi2000.ru|ab-taxi.ru|zakaz.mezhgorod.taxi|www.taxi-love.ru|taxivezde.ru|logitaxi.ru|wing-taxi.ru|xn----7sbyhcmnbsdikx.xn--p1ai|www.taximasters.ru;;;
moskva-skopin;new;15;;NONE;Z_LOW_PRIORITY;Низкий приоритет (новые);LOW_PRIORITY;11;14;0;taxi555.ru|www.taxi2000.ru|xn----7sbyhcmnbsdikx.xn--p1ai|ugtaxi.ru|taxi-mobil.ru|1taxopark.ru|taxivezde.ru|www.taxi-love.ru|mezhgorod.taxi-ekvator.ru|taxi.drive-luxe.ru;;;
moskva-solnechnyj;new;15;2;NONE;Z_LOW_PRIORITY;Низкий приоритет (новые);LOW_PRIORITY;11;13;2;ugtaxi.ru|city2city.ru|xn----7sbyhcmnbsdikx.xn--p1ai|www.taxi-love.ru|1taxopark.ru|www.mezhgorod.taxi|xn----7sbyhcmghbyi1l.xn--80adxhks|logitaxi.ru|taxivezde.ru|deshevotaxi.ru;;;
astraxan-kirovskij;new;15;;NONE;Z_LOW_PRIORITY;Низкий приоритет (новые);LOW_PRIORITY;16;9;3;ugtaxi.ru|catalogtaxi.ru|astrahan.taksi24.taxi|transferug.ru|ug.taxi|deshevotaxi.ru|astrahan.sevastopol24.taxi|kirovskoe.taxi24h.ru|mezhgorod-rf.ru|m.avito.ru;;;
bryansk-belyj;new;15;7;NONE;Z_LOW_PRIORITY;Низкий приоритет (новые);LOW_PRIORITY;21;8;3;taksisvo.ru|gortaxi.com|deshevotaxi.ru|taxi.yandex.ru|bryansk.taximaxim.ru|mejgorodtaxi.ru|city2city.ru|mezhgorod-taksi.ru|yandex.ru|vezet.ru;;;
bryansk-gubkin;new;15;;NONE;Z_LOW_PRIORITY;Низкий приоритет (новые);LOW_PRIORITY;19;5;2;taksi-gorod.ru|taksisvo.ru|rustransfer.org|takse.ru|taksi-services.ru|jupiter-tmc.ru|deshevotaxi.ru|vse-taxi.com|mejgorodtaxi.ru|catalogtaxi.ru;;;
vladimir-balashixa;new;15;;NONE;Z_LOW_PRIORITY;Низкий приоритет (новые);LOW_PRIORITY;19;8;0;1taxopark.ru|taxi555.ru|taxi533.ru|transfer-vlad33.ru|taksisvo.ru|taxivezde.ru|rustransfer.org|xn--33-6kcu3bqdcefbvh.xn--p1ai|www.mezhgorod.taxi|catalogtaksi.ru;;;
vladimir-severnyj;new;15;;NONE;Z_LOW_PRIORITY;Низкий приоритет (новые);LOW_PRIORITY;21;5;4;taxi414141.ru|taksisvo.ru|www.mezhgorod.taxi|xn--33-6kcu3bqdcefbvh.xn--p1ai|taxi555.ru|1taxopark.ru|taxivezde.ru|mejgorodtaxi.ru|yandex.ru|deshevotaxi.ru;;;
volgograd-kalach;new;15;9;NONE;Z_LOW_PRIORITY;Низкий приоритет (новые);LOW_PRIORITY;20;7;0;kubtaxi.ru|tratatur.ru|taxi-ug.ru|catalogtaksi.ru|1taxopark.ru|taxi555.ru|taksi-gorod.ru|obltaxi.ru|city2city.ru|kiwitaxi.ru;;;
krasnodar-vysokij;new;15;3;NONE;Z_LOW_PRIORITY;Низкий приоритет (новые);LOW_PRIORITY;10;13;3;ugtaxi.ru|radartaxi.ru|city2city.ru|deshevotaxi.ru|mejgorodtaxi.ru|taxi.yandex.ru|krasnodar.taximaxim.ru|www.auto-krasnodar.ru|www.krd-taxi.ru|mercedestaxi.ru;;;
kaluga-tulskij;new;15;1;SEO;F_AUTOPILOT;SEO автопилот;SEO_AUTOPILOT_NEW;11;17;3;city2city.ru|kubtaxi.ru|kaluga.taxi24h.ru|1taxopark.ru|yandex.ru|kaluga.yalta-24.taxi|deshevotaxi.ru|transfer40.com|ug.taxi|catalogtaksi.ru;;;
kirov-bor;new;15;23;NONE;Z_LOW_PRIORITY;Низкий приоритет (новые);LOW_PRIORITY;23;3;1;taksi-gorod.ru|taksisvo.ru|taxi555.ru|www.taxi2000.ru|1taxopark.ru|taxi.drive-luxe.ru|www.mezhgorod.taxi|obltaxi.ru|taxivezde.ru|deshevotaxi.ru;;;
novosibirsk-novoaltaysk;new;15;;NONE;Z_LOW_PRIORITY;Низкий приоритет (новые);LOW_PRIORITY;17;7;1;royalcars54.ru|starcars54.ru|sky-transfer.ru|taksi-gorod.ru|willway.ru|aa-go.ru|1taxopark.ru|taxi555.ru|www.taxi2000.ru|abv-auto.com;;;
novosibirsk-prokopevsk;new;15;;NONE;Z_LOW_PRIORITY;Низкий приоритет (новые);LOW_PRIORITY;17;7;0;starcars54.ru|royalcars54.ru|sky-transfer.ru|aa-go.ru|willway.ru|taksi-gorod.ru|www.taxi2000.ru|taxi533.ru|taxi555.ru|deshevotaxi.ru;;;
penza-sura;new;15;;NONE;Z_LOW_PRIORITY;Низкий приоритет (новые);LOW_PRIORITY;9;9;3;2gis.ru|taxi-russia.su|takse.ru|vk.com|checko.ru|call-taxi.ru|uslugi.yandex.ru|yandex.ru|rutaxist.ru|xfirm.ru;;;
pskov-simferopol;new;15;;NONE;Z_LOW_PRIORITY;Низкий приоритет (новые);LOW_PRIORITY;15;12;2;pskov.taxi24h.ru|pskov.taksi24.taxi|pskov.simferopol-aeroport.taxi|pskov.sevastopol24.taxi|ugtaxi.ru|pskov.taxi-krim.com|ug.taxi|ug-transfer.online|catalogtaksi.ru|taksi-gorod.ru;;;
perm-gornyj;new;15;30;NONE;Z_LOW_PRIORITY;Низкий приоритет (новые);LOW_PRIORITY;20;5;3;taksi-gorod.ru|catalogtaxi.ru|deshevotaxi.ru|2gis.ru|taxi-nedorogoe.ru|mezhgorod-taksi.ru|taksisvo.ru|catalogtaksi.ru|vk.com|www.avito.ru;;;
perm-sovetskij;new;15;20;NONE;Z_LOW_PRIORITY;Низкий приоритет (новые);LOW_PRIORITY;19;6;4;taksi-gorod.ru|catalogtaksi.ru|deshevotaxi.ru|mejgorodtaxi.ru|www.avito.ru|mezhgorod-taksi.ru|taxi-realtransfer-mejgorod.ru|xn----7sbyhmmrebi.xn--p1ai|catalogtaxi.ru|taxi.yandex.ru;;;
perm-sovetskoe;new;15;;NONE;Z_LOW_PRIORITY;Низкий приоритет (новые);LOW_PRIORITY;20;7;4;catalogtaksi.ru|taksi-gorod.ru|mejgorodtaxi.ru|deshevotaxi.ru|catalogtaxi.ru|mezhgorod-taksi.ru|www.avito.ru|xn--e1aohf5d.xn--80akxkdedu.xn--p1acf|taxi-realtransfer-mejgorod.ru|vk.com;;;
rostov-kirov;new;15;9;SEO;F_AUTOPILOT;SEO автопилот;SEO_AUTOPILOT_NEW;12;17;0;ugtaxi.ru|kubtaxi.ru|perfect-taxi.ru|tratatur.ru|taxikama.tb.ru|rostov.taxi24h.ru|catalogtaxi.ru|taksi-gorod.ru|city2city.ru|msk.taxi;;;
rostov-krasnyj;new;15;7;SEO;F_AUTOPILOT;SEO автопилот;SEO_AUTOPILOT_NEW;11;16;3;ugtaxi.ru|kubtaxi.ru|redtaxi.ru|www.yell.ru|yandex.ru|2gis.ru|city2city.ru|taxi-cosmos.ru|mezhgorod-taksi.ru|deshevotaxi.ru;;;
rostov-kushhyovskaya;new;15;;NONE;Z_LOW_PRIORITY;Низкий приоритет (новые);LOW_PRIORITY;20;6;1;taxi.transferplustravel.com|kubtaxi.ru|www.avito.ru|catalogtaksi.ru|tratatur.ru|ab-taxi.ru|ugtravel.com|kiwitaxi.ru|taksisvo.ru|taksi-gorod.ru;;;
rostov-lysva;new;15;;NONE;Z_LOW_PRIORITY;Низкий приоритет (новые);LOW_PRIORITY;16;5;3;catalogtaksi.ru|takse.ru|jupiter-tmc.ru|mejgorodtaxi.ru|taxi.yandex.ru|taxi-nomer.ru|yandex.ru|taksi-gorod.ru|ug-transfer.online|go.yandex;;;
rostov-nalchik;new;15;;NONE;Z_LOW_PRIORITY;Низкий приоритет (новые);LOW_PRIORITY;8;19;0;taxi.transferplustravel.com|ugtaxi.ru|kubtaxi.ru|sky-transfer.ru|taxi533.ru|taxi-ug.ru|perfect-taxi.ru|tratatur.ru|taksi-gorod.ru|msk.taxi;;;
ryazan-spassk;new;15;;NONE;Z_LOW_PRIORITY;Низкий приоритет (новые);LOW_PRIORITY;23;5;2;kubtaxi.ru|deshevotaxi.ru|catalogtaksi.ru|taxi555.ru|1taxopark.ru|taxi.drive-luxe.ru|taxi-ug.ru|www.taxi-love.ru|tratatur.ru|rustransfer.org;;;
ufa-ostrov;new;15;;NONE;Z_LOW_PRIORITY;Низкий приоритет (новые);LOW_PRIORITY;15;13;3;taxi-mini.ru|catalogtaksi.ru|taximini-ufa.ru|mejgorodtaxi.ru|taxiufa.ru|deshevotaxi.ru|catalogtaxi.ru|mezhgorod-taksi.ru|taxi.yandex.ru|vezet.ru;;;
stavropol-volgograd;new;15;;NONE;Z_LOW_PRIORITY;Низкий приоритет (новые);LOW_PRIORITY;11;16;0;stavropol.taxi24h.ru|kubtaxi.ru|stavropol.sevastopol24.taxi|tratatur.ru|perfect-taxi.ru|ugtravel.com|taxi533.ru|ug.taxi|taxi-ug.ru|taxi.transferplustravel.com;;;
cheboksary-czentralnyj;new;15;4;NONE;Z_LOW_PRIORITY;Низкий приоритет (новые);LOW_PRIORITY;16;8;3;taxi.yandex.ru|cheboksary.taximaxim.ru|yandex.ru|city2city.ru|visitvolga.ru|2gis.ru|vezet.ru|m.avito.ru|deshevotaxi.ru|zoon.ru;;;
donetsk-penza;new;15;;NONE;Z_LOW_PRIORITY;Низкий приоритет (новые);LOW_PRIORITY;11;15;0;unit-transfer.ru|donetsk.taxi24h.ru|mezhgorod-rf.ru|msk.taxi|den-taxi.ru|ug.taxi|deshevotaxi.ru|mejgorod-taxi.ru|donetsk.alushta24.taxi|taxi533.ru;;;
tambov-belgorod;old;15;5;DIRECT;H_DIRECT_TEST;Директ тест;DIRECT_TEST;1;24;0;kubtaxi.ru|tambov.sevastopol24.taxi|tambov.taxi24h.ru|tratatur.ru|city2city.ru|ab-taxi.ru|www.avito.ru|1taxopark.ru|taxi-ug.ru|taxi555.ru|taksi-gorod.ru|ug.taxi|taxi533.ru|mezhgorod-rf.ru|taxi.drive-luxe.ru|catalogtaksi.ru|levtransfer.ru|mejgorod-taxi.ru|www.mezhgorod.taxi|www.taxi2000.ru|taksisvo.ru|taxivezde.ru|jupiter-tmc.ru|tambov.yalta-24.taxi|www.taxi-love.ru|vse-taxi.com|tambov.aeroport-simferopol.taxi|tambov.taxi-krim.com|tambov.simferopol-aeroport.taxi|obltaxi.ru;Тамбов;Белгород;14200
belgorod-nizhnij-novgorod;old;15;;DIRECT;H_DIRECT_TEST;Директ тест;DIRECT_TEST;0;9;0;kubtaxi.ru|taksi-gorod.ru|tratatur.ru|taxi555.ru|belgorod.taxi24h.ru|taxi533.ru|belgorod.taksi24.taxi|taxi.drive-luxe.ru|www.taxi2000.ru|levtransfer.ru;Белгород;Нижний Новгород;32500
oryol-bolxov;old;15;;SEO;F_AUTOPILOT;SEO автопилот;SEO_AUTOPILOT;1;17;0;catalogtaksi.ru|deshevotaxi.ru|taksi-gorod.ru|mezhgorod-taksi.ru|rustransfer.org|takse.ru|mejgorodtaxi.ru|ru-travel.org|taksi-services.ru|jupiter-tmc.ru|mobilodeon.ru|taxi-oryol-oryol-oblast-ru.taxigator.ru|taxi-mezhgorod24.ru|xn--e1amhi.xn--80akxkdedu.xn--p1acf|www.avito.ru|xn--80affnblthori.xn--p1ai|xn--90acjgephubcbp0g0dva.xn--p1ai|uslugi.yandex.ru|perevozka24.com|intaxi.ru|taxomarket.ru|taxitops.ru|orel.perivoz.ru|taxirun.ru|vk.com|orol.taxipoehali.ru|rutaxist.ru|mezhdugorodnee-taksi.ru|yandex.ru|orol.taximaxim.ru;Орёл;Болхов;2000
bryansk-voronezh;old;15;;DIRECT;H_DIRECT_TEST;Директ тест;DIRECT_TEST;0;9;0;bryansk.taxi24h.ru|kubtaxi.ru|tratatur.ru|bryansk.taksi24.taxi|www.taxi2000.ru|taksi-gorod.ru|sochi.taxi|taxi555.ru|taxi-ug.ru|taksisvo.ru;Брянск;Воронеж;13500
voronezh-domodedovo;old;15;;DIRECT;H_DIRECT_TEST;Директ тест;DIRECT_TEST;1;22;0;www.avito.ru|taxi-mobil.ru|www.vezdevoz.ru|kubtaxi.ru|www.taxi2000.ru|taxi555.ru|voronezh.taxi24h.ru|voronezh.sevastopol24.taxi|taksi-gorod.ru|rustransfer.org|wing-taxi.ru|voronezh.taxi-krim.com|msk.taxi|taxicamry.ru|ab-taxi.ru|voronezh.sky-transfer.ru|mezhgorod-rf.ru|jupiter-tmc.ru|mejgorod-taxi.ru|taxi-russia.su|uslugi.yandex.ru|vip-888.ru|toptransfer.pro|www.transfervrn.ru|vrn-taxi.ru|transfer36.ru|voronezh.simferopol-aeroport.taxi|www.taxi-rokada.ru|xn----7sbyhcmnbsdikx.xn--p1ai|drive-luxe.ru;Воронеж;Домодедово;14500
ulyanovsk-barysh;old;15;18;SEO;F_AUTOPILOT;SEO автопилот;SEO_AUTOPILOT;2;18;0;deshevotaxi.ru|catalogtaksi.ru|korona-taksi.ru|www.taxi2000.ru|taxi555.ru|uslugi.yandex.ru|taxi-russia.su|taxi.drive-luxe.ru|www.mezhgorod.taxi|xn----7sbyhcmnbsdikx.xn--p1ai|takse.ru|obltaxi.ru|1taxopark.ru|taxivezde.ru|www.rome2rio.com|rustransfer.org|taksisvo.ru|city2city.ru|www.intui.travel|www.taxi-love.ru|mejgorodtaxi.ru|mobilodeon.ru|taxomarket.ru|mezhgorod-taksi.ru|taxi-ulyanovsk-ulyanovsk-oblast-ru.taxigator.ru|transfers.unitaxi.ru|jupiter-tmc.ru|www.avito.ru|y-taxi.ru|vk.com;Ульяновск;Барыш;4900
lugansk-belgorod;old;15;;DIRECT;H_DIRECT_TEST;Директ тест;DIRECT_TEST;1;15;0;estlugansk.ru|lugansk.taxi|yandex.ru|www.rustore.ru|www.avito.ru|dzen.ru|arteltaxi.ru|vk.com|959.xn--p1ai|uslugi.yandex.ru|ok.ru|t.me|apps.apple.com|perevozka24.com|horeca-lg.ru|taxigoroda.ru|lugansk.sky-transfer.ru|taksi-gorod.ru|lugansk.taxiarkadiya.ru|otzovik.com|600.taxi|taxi-alliance.turbo.site|deshevotaxi.ru|taxi-lugansk.ru|434.taxi|taxi-lnr.ru|zvs-lg.ru|lugansk.taxi24h.ru|lugansk.taksi24.taxi|taxone.ru;Луганск;Белгород;20000
svo-taxi-gorlovka-rostov-na-donu;old;15;;SEO;F_AUTOPILOT;SEO автопилот;SEO_AUTOPILOT;1;17;0;mozaika.biz|vk.com|t.me|uslugi.yandex.ru|yandex.ru|taplink.cc|perevozka24.com|www.avito.ru|gorlovka.taxi24h.ru|taxi-gorlovka.ru|www.rustore.ru|mezhgorod-rf.ru|gorlovka.taksi24.taxi|taksi-gorod.ru|dnr.sevastopol24.taxi|taxitelephone.ru|xn-----6kcbqgcdjrv0afza5ajp5i.xn--p1ai|gorlovka.jsprav.ru|taxi-vokrug.ru|vk.me|gorlovka.taxiarkadiya.ru|deshevotaxi.ru|kartataxi.ru|gorlovka.simferopol-aeroport.taxi|catalogtaksi.ru|taxieconom.ru|taxisource.ru|takse.ru|taksisvo.ru|taxi-yugtaxi.ru;Горловка;Ростов-на-Дону;7000
smolensk-pochinok;old;15;;SEO;F_AUTOPILOT;SEO автопилот;SEO_AUTOPILOT;0;20;0;deshevotaxi.ru|www.mezhgorod.taxi|www.taxi2000.ru|taxi.drive-luxe.ru|1taxopark.ru|taxivezde.ru|taksi-gorod.ru|xn----7sbyhcmnbsdikx.xn--p1ai|obltaxi.ru|yandex.ru|catalogtaksi.ru|takse.ru|taksisvo.ru|rustransfer.org|yandex.ru|www.taxi-love.ru|mejgorodtaxi.ru|ru-travel.org|jupiter-tmc.ru|taxi-smolensk-smolensk-oblast-ru.taxigator.ru|taxi499.ru|transfer67.ru|taksi-services.ru|mezhgorod-taksi.ru|zoon.ru|taxi-mezhgorod24.ru|vk.com|mezhdugorodnee-taksi.ru|xn--80affnblthori.xn--p1ai|taxinomerok.ru;Смоленск;Починок;2000
ivanovo-aleksandrov;old;15;;SEO;F_AUTOPILOT;SEO автопилот;SEO_AUTOPILOT;0;9;0;taksisvo.ru|taxi.drive-luxe.ru|rustransfer.org|taxivezde.ru|ab-taxi.ru|1taxopark.ru|www.mezhgorod.taxi|catalogtaksi.ru|www.taxi-love.ru|www.taxi2000.ru;Иваново;Александров;6500
izhevsk-orenburg;old;15;7;DIRECT;H_DIRECT_TEST;Директ тест;DIRECT_TEST;0;8;0;izhevsk.taxi24h.ru|taksi-gorod.ru|taxi533.ru|izhevsk.taksi24.taxi|jupiter-tmc.ru|rustransfer.org|city2city.ru|taxi555.ru|taksisvo.ru|taxivezde.ru;Ижевск;Оренбург;21800
samara-sorochinsk;old;15;13;SEO;F_AUTOPILOT;SEO автопилот;SEO_AUTOPILOT;1;20;0;vk.com|1taxopark.ru|dzen.ru|www.mezhgorod.taxi|takse.ru|taxi555.ru|taksi-gorod.ru|taxi-cosmos.ru|yandex.ru|xn----7sbabxukdmwuiegm.xn--p1ai|taksisvo.ru|taxi.drive-luxe.ru|city2city.ru|perevozchik163.ru|taxi-lider64.ru|taxivezde.ru|obltaxi.ru|xn----7sbp3acjidhfbkt.su|mejgorodtaxi.ru|deshevotaxi.ru|taxi-samara.su|www.intui.travel|www.taxi-love.ru|mezhgorod-taksi.ru|samara-taxi-region.ru|sky-transfer.ru|taxi-nomer.ru|sky-avto.ru|catalogtaksi.ru|taxikawai.ru;Самара;Сорочинск;7500
cheboksary-zelenodolsk;old;15;;SEO;F_AUTOPILOT;SEO автопилот;SEO_AUTOPILOT;0;8;0;catalogtaxi.ru|taxi555.ru|taxi533.ru|1taxopark.ru|deshevotaxi.ru|taxivezde.ru|obltaxi.ru|takse.ru|vse-taxi.com|www.taxi-love.ru;Чебоксары;Зеленодольск;3500
volgograd-stavropol;old;15;;DIRECT;H_DIRECT_TEST;Директ тест;DIRECT_TEST;0;27;0;taxi.transferplustravel.com|tratatur.ru|kubtaxi.ru|ugtaxi.ru|taxi-ug.ru|volgograd.taxi24h.ru|taxi533.ru|volgograd.taksi24.taxi|volgograd.taxi-krim.com|1taxopark.ru|unit-transfer.ru|taksi-gorod.ru|taxi555.ru|ug.taxi|mezhgorod-rf.ru|taxivezde.ru|taxi.drive-luxe.ru|taksisvo.ru|volgograd.sevastopol24.taxi|volgograd.simferopol-aeroport.taxi|obltaxi.ru|sochi.taxi|www.mezhgorod.taxi|rustransfer.org|volgograd.aeroport-simferopol.taxi|www.transfer34.ru|www.taxi-love.ru|taxiaero-simferopol.ru|vse-taxi.com|catalogtaksi.ru;Волгоград;Ставрополь;16500
kirov-raduzhnyj;old;15;1;SEO;F_AUTOPILOT;SEO автопилот;SEO_AUTOPILOT;1;18;0;city2city.ru|mezhgorod.taxi-ekvator.ru|taksisvo.ru|catalogtaksi.ru|deshevotaxi.ru|kirov.spravker.ru|jupiter-tmc.ru|catalogtaxi.ru|xn----7sbyhcmnbsdikx.xn--p1ai|www.xn----7sbhwbjc7arfi.xn--p1ai|www.taxi-love.ru|taxi.yandex.ru|mejgorodtaxi.ru|mobilodeon.ru|vk.com|taxitops.ru|vezet.ru|kirov.taximaxim.ru|taxigator.ru|mezhgorod-taksi.ru|taxi-mini.ru|kirov.taptaxi.su|yandex.ru|taksikirov.ru|taxiomega.ru|taxi-nomera.ru|m.avito.ru|taxi-kirov.clients.site|routes43.ru|zoon.ru;Киров;Радужный;3000
svo-taxi-rostov-na-donu-gorlovka;old;15;;SEO;F_AUTOPILOT;SEO автопилот;SEO_AUTOPILOT;1;12;0;taxi.yandex.ru|rostov-na-donu1.taximaxim.ru|2gis.ru|yandex.ru|vezet.ru|city-mobil.ru|uslugi.yandex.ru|m.avito.ru|zoon.ru|161.ru|www.yell.ru|www.2306306.com|xn-----6kckdgfipty1aaca1adgndr.xn--p1ai|www.komandirovka.ru|rutaxi.ru|go.yandex|perevozka24.com|vk.com|taxi.ugtravel.com|taksi-gorod.ru|redtaxi.ru|taxiizrostova.ru|rostov.yp.ru|apps.apple.com|555don.ru|www.rustore.ru|vse-taxi.com|intaxi.ru|taxieconom.ru|taxi-leader.ru;Ростов-на-Дону;Горловка;7000
kazan-sochi;old;15;;DIRECT;H_DIRECT_TEST;Директ тест;DIRECT_TEST;1;7;0;www.avito.ru|sky-transfer.ru|ugtaxi.ru|kazan.taxi24h.ru|kazan.taksi24.taxi|taksi-gorod.ru|ug.taxi|taksisvo.ru|tratatur.ru|mezhgorod-rf.ru;Казань;Сочи;59400
orenburg-izhevsk;old;15;26;DIRECT;H_DIRECT_TEST;Директ тест;DIRECT_TEST;1;23;0;taksi-gorod.ru|taxi533.ru|orenburg.taksi24.taxi|orenburg.taxi24h.ru|taksisvo.ru|www.taxi2000.ru|rustransfer.org|jupiter-tmc.ru|vk.com|taxivezde.ru|www.mezhgorod.taxi|obltaxi.ru|www.taxi-love.ru|orenburg.taxi-krim.com|vse-taxi.com|mobilodeon.ru|catalogtaksi.ru|deshevotaxi.ru|taxi-russia.su|onlinetaxi.su|mejgorodtaxi.ru|mezhgorod-taksi.ru|taxi-nomer.ru|transfergid.ru|xn--90aee6admdx.xn--80akxkdedu.xn--p1acf|city2city.ru|taxi555.ru|vrn-taxi.ru|www.avito.ru|ru-travel.org;Оренбург;Ижевск;22000
ekaterinburg-verxnij-tagil;old;15;;SEO;F_AUTOPILOT;SEO автопилот;SEO_AUTOPILOT;0;6;0;taxi555.ru|catalogtaksi.ru|xn-----6kccfjdehdbgxjti1a2ala5bhdewr6a.xn--p1ai|1taxopark.ru|taxivezde.ru|willway.ru|rustransfer.org|taksisvo.ru|nexttax.ru|www.taxi2000.ru;Екатеринбург;Верхний Тагил;3000
moskva-orsk;old;15;11;DIRECT;H_DIRECT_TEST;Директ тест;DIRECT_TEST;0;20;0;wing-taxi.ru|sky-transfer.ru|taxivezde.ru|taxi555.ru|www.taxi2000.ru|taksisvo.ru|1taxopark.ru|xn----7sbyhcmnbsdikx.xn--p1ai|yandex.ru|mejgorod-taxi.ru|city2city.ru|deshevotaxi.ru|www.taxi-love.ru|takse.ru|taxi-cosmos.ru|obltaxi.ru|orsk.gde.ru|taksi777.ru|vk.com|www.taximasters.ru|mb-taxi.ru|taxi-vizov.ru|vse-taxi.com|mejgorodtaxi.ru|6694036.ru|bibi-bot.ru|taksi-gorod.ru|mezhgorod-taksi.ru|minibus.biletyplus.ru|taxi-v-mezhgorod.ru;Москва;Орск;53100
belgorod-tambov;old;15;5;DIRECT;H_DIRECT_TEST;Директ тест;DIRECT_TEST;0;7;0;kubtaxi.ru|tratatur.ru|belgorod.taxi24h.ru|belgorod.sevastopol24.taxi|city2city.ru|taksi-gorod.ru|ab-taxi.ru|taxi-ug.ru|ug.taxi|1taxopark.ru;Белгород;Тамбов;14200
kursk-ryazan;old;15;7;DIRECT;H_DIRECT_TEST;Директ тест;DIRECT_TEST;0;25;0;kursk.taxi24h.ru|kubtaxi.ru|tratatur.ru|kursk.sevastopol24.taxi|1taxopark.ru|ug.taxi|city2city.ru|unit-transfer.ru|levtransfer.ru|taxi555.ru|www.taxi-love.ru|kursk.aeroport-simferopol.taxi|www.mezhgorod.taxi|taxi.drive-luxe.ru|rustransfer.org|catalogtaksi.ru|deshevotaxi.ru|vse-taxi.com|taxi-ug.ru|taksi-gorod.ru|taxi-cosmos.ru|takse.ru|taxi533.ru|taksisvo.ru|mezhgorod-rf.ru|mejgorod-taxi.ru|taxivezde.ru|onlinetaxi.su|obltaxi.ru|kursk.simferopol-aeroport.taxi;Курск;Рязань;15600
ryazan-kursk;old;15;11;DIRECT;H_DIRECT_TEST;Директ тест;DIRECT_TEST;1;25;0;ryazan.taxi24h.ru|kubtaxi.ru|tratatur.ru|rzn-transfer.ru|taxi-ug.ru|taksi-gorod.ru|ryazan.sevastopol24.taxi|1taxopark.ru|taxi533.ru|taxi.drive-luxe.ru|city2city.ru|taksisvo.ru|ug.taxi|catalogtaxi.ru|taxi555.ru|taxi-cosmos.ru|www.mezhgorod.taxi|rustransfer.org|ryazan.aeroport-simferopol.taxi|taxivezde.ru|deshevotaxi.ru|www.taxi-love.ru|obltaxi.ru|vse-taxi.com|ryazan.simferopol-aeroport.taxi|mejgorodtaxi.ru|www.avito.ru|transfergid.ru|jupiter-tmc.ru|catalogtaksi.ru;Рязань;Курск;15900
krasnoyarsk-uyar;old;15;4;SEO;F_AUTOPILOT;SEO автопилот;SEO_AUTOPILOT;2;18;0;taxi555.ru|catalogtaksi.ru|takse.ru|city2city.ru|1taxopark.ru|deshevotaxi.ru|www.mezhgorod.taxi|taxivezde.ru|obltaxi.ru|www.taxi2000.ru|vk.com|www.taxi-love.ru|mezhgorod-taksi.ru|xn--80atblfjdfd2l.xn--80akxkdedu.xn--p1acf|www.intui.travel|taksi-gorod.ru|taxi-krasnoyarsk-krasnoyarsk-krai-ru.taxigator.ru|www.rome2rio.com|catalogtaxi.ru|m.avito.ru|perevozka24.com|uslugi.yandex.ru|transfergid.ru|uyar.taximaxim.ru|yandex.ru|rutaxist.ru|intaxi.ru|xn--24-6kchk7b2h.xn--p1ai|taxi.yandex.ru|uyar.jsprav.ru;Красноярск;Уяр;4100
moskva-balabanovo;new;14;24;NONE;Z_LOW_PRIORITY;Низкий приоритет (новые);LOW_PRIORITY;12;13;0;taxi555.ru|taxi-mobil.ru|www.mezhgorod.taxi|xn----7sbyhcmnbsdikx.xn--p1ai|www.taxi2000.ru|ab-taxi.ru|1taxopark.ru|mezhgorod.taxi-ekvator.ru|kiwitaxi.ru|www.taxi-love.ru;;;
moskva-lgov;new;14;;NONE;Z_LOW_PRIORITY;Низкий приоритет (новые);LOW_PRIORITY;9;18;0;taxi-mobil.ru|ab-taxi.ru|xn----7sbyhcmnbsdikx.xn--p1ai|taxi555.ru|wing-taxi.ru|zakaz.mezhgorod.taxi|www.taxi2000.ru|cabway.ru|1taxopark.ru|taksisvo.ru;;;
moskva-maloyaroslavecz;new;14;19;NONE;Z_LOW_PRIORITY;Низкий приоритет (новые);LOW_PRIORITY;12;13;0;taxi555.ru|taxi-mobil.ru|ab-taxi.ru|www.taxi2000.ru|www.mezhgorod.taxi|wing-taxi.ru|mezhgorod.taxi-ekvator.ru|taxivezde.ru|kiwitaxi.ru|taxi.drive-luxe.ru;;;
moskva-pavlovo;new;14;2;NONE;Z_LOW_PRIORITY;Низкий приоритет (новые);LOW_PRIORITY;16;12;0;taxi555.ru|city2city.ru|wing-taxi.ru|1taxopark.ru|taksi-gorod.ru|www.taxi2000.ru|www.mezhgorod.taxi|taksisvo.ru|taxivezde.ru|taksi777.ru;;;
moskva-petrozavodsk;new;14;3;SEO;F_AUTOPILOT;SEO автопилот;SEO_AUTOPILOT_NEW;10;15;0;taxi-mobil.ru|ugtravel.com|city2city.ru|sky-transfer.ru|taxi.drive-luxe.ru|zakaz.mezhgorod.taxi|taxi533.ru|taxi555.ru|cabway.ru|wing-taxi.ru;;;
moskva-yarczevo;new;14;;NONE;Z_LOW_PRIORITY;Низкий приоритет (новые);LOW_PRIORITY;12;16;0;taxi-mobil.ru|ab-taxi.ru|www.taxi2000.ru|taxi555.ru|www.mezhgorod.taxi|taksi-gorod.ru|1taxopark.ru|www.100mtaxi.ru|www.taximasters.ru|taxi.drive-luxe.ru;;;
sankt-peterburg-leninskoe;new;14;;NONE;Z_LOW_PRIORITY;Низкий приоритет (новые);LOW_PRIORITY;12;15;2;ugtaxi.ru|taksi-gorod.ru|deshevotaxi.ru|taksisvo.ru|yandex.ru|catalogtaksi.ru|mezhgorod-taksi.ru|taxitoday.ru|transferug.ru|taxi.yandex.ru;;;
sankt-peterburg-strizhi;new;14;24;SEO;F_AUTOPILOT;SEO автопилот;SEO_AUTOPILOT_NEW;8;8;3;yandex.ru|taxi.yandex.ru|st-petersburg.cataloxy.ru|ugtaxi.ru|vk.com|y-taxi.ru|taxiflow.ru|ya-taxi-rabota.info|sankt-peterburg1.jsprav.ru|taxi-nomera.ru;;;
arxangelsk-bereznik;new;14;5;NONE;Z_LOW_PRIORITY;Низкий приоритет (новые);LOW_PRIORITY;18;7;2;www.mezhgorod.taxi|deshevotaxi.ru|taxi.drive-luxe.ru|catalogtaksi.ru|city2city.ru|www.taxi2000.ru|obltaxi.ru|taxivezde.ru|yandex.ru|1taxopark.ru;;;
arxangelsk-berezniki;new;14;7;NONE;Z_LOW_PRIORITY;Низкий приоритет (новые);LOW_PRIORITY;20;5;3;taxi533.ru|deshevotaxi.ru|taxi555.ru|catalogtaksi.ru|onlinetaxi.su|taxi.drive-luxe.ru|city2city.ru|ru-travel.org|yandex.ru|mejgorodtaxi.ru;;;
belgorod-orlov;new;14;;NONE;Z_LOW_PRIORITY;Низкий приоритет (новые);LOW_PRIORITY;13;15;1;taksisvo.ru|deshevotaxi.ru|mejgorodtaxi.ru|sochi.taxi|mezhgorod-taksi.ru|catalogtaksi.ru|taksi-gorod.ru|vse-taxi.com|taksi-services.ru|jupiter-tmc.ru;;;
vladimir-kujbyshevo;new;14;;NONE;Z_LOW_PRIORITY;Низкий приоритет (новые);LOW_PRIORITY;17;9;3;taksisvo.ru|deshevotaxi.ru|transfer-vlad33.ru|vezet.ru|taxi.yandex.ru|taksi-gorod.ru|vladimir1.taximaxim.ru|yandex.ru|taxi414141.ru|mejgorodtaxi.ru;;;
volgograd-krasnyj;new;14;3;NONE;Z_LOW_PRIORITY;Низкий приоритет (новые);LOW_PRIORITY;15;9;3;yandex.ru|www.yell.ru|city2city.ru|taxivolgograd.ru|zoon.ru|volgograd.spravker.ru|taxi.yandex.ru|vk.com|vezet.ru|volgograd.taxovichkof.ru;;;
volgograd-svetlyj;new;14;;NONE;Z_LOW_PRIORITY;Низкий приоритет (новые);LOW_PRIORITY;21;7;1;taksi-gorod.ru|2gis.ru|ab-taxi.ru|obltaxi.ru|taksisvo.ru|taxi.drive-luxe.ru|1taxopark.ru|deshevotaxi.ru|taxivezde.ru|rutaxist.ru;;;
volgograd-svetlyj-yar;new;14;;NONE;Z_LOW_PRIORITY;Низкий приоритет (новые);LOW_PRIORITY;20;7;1;rutaxist.ru|www.taxi2000.ru|taxi555.ru|taksisvo.ru|1taxopark.ru|2gis.ru|taxi.drive-luxe.ru|obltaxi.ru|taxivezde.ru|takse.ru;;;
vologda-babaevo;new;14;;NONE;Z_LOW_PRIORITY;Низкий приоритет (новые);LOW_PRIORITY;18;7;1;taxi555.ru|catalogtaksi.ru|taksisvo.ru|taxi.drive-luxe.ru|xn----7sbyhcmnbsdikx.xn--p1ai|www.taxi2000.ru|1taxopark.ru|taxivezde.ru|yandex.ru|obltaxi.ru;;;
voronezh-neya;new;14;2;NONE;Z_LOW_PRIORITY;Низкий приоритет (новые);LOW_PRIORITY;20;7;3;taksisvo.ru|city2city.ru|takse.ru|deshevotaxi.ru|mejgorodtaxi.ru|jupiter-tmc.ru|rustransfer.org|mobilodeon.ru|mezhgorod-taksi.ru|catalogtaksi.ru;;;
voronezh-povorino;new;14;;NONE;Z_LOW_PRIORITY;Низкий приоритет (новые);LOW_PRIORITY;21;7;0;catalogtaksi.ru|taxi555.ru|1taxopark.ru|ab-taxi.ru|taksisvo.ru|mezhgorod-rf.ru|takse.ru|www.taxi2000.ru|taxivezde.ru|rustransfer.org;;;
ivanovo-svobodnyj;new;14;1;NONE;Z_LOW_PRIORITY;Низкий приоритет (новые);LOW_PRIORITY;17;8;4;city2city.ru|taksisvo.ru|deshevotaxi.ru|mezhgorod-taksi.ru|ivanovo.taximaxim.ru|xn--80adbv1agb.xn--80akxkdedu.xn--p1acf|ivanovo.taxipoehali.ru|taxi.yandex.ru|www.424242.ru|go.yandex;;;
krasnodar-cherkessk;new;14;7;SEO;F_AUTOPILOT;SEO автопилот;SEO_AUTOPILOT_NEW;11;16;0;kubtaxi.ru|taxi-ug.ru|tratatur.ru|perfect-taxi.ru|willway.ru|ugtaxi.ru|city2city.ru|taxi533.ru|geltaxi.ru|www.krd-taxi.ru;;;
krasnodar-uralskij;new;14;1;SEO;F_AUTOPILOT;SEO автопилот;SEO_AUTOPILOT_NEW;15;9;4;city2city.ru|mezhgorod-taksi.ru|yandex.ru|taxi.yandex.ru|krasnodar.taximaxim.ru|vezet.ru|www.avito.ru|zoon.ru|www.yell.ru|deshevotaxi.ru;;;
krasnodar-vostochnyj;new;14;;NONE;Z_LOW_PRIORITY;Низкий приоритет (новые);LOW_PRIORITY;15;14;4;ugtaxi.ru|www.intui.travel|transferug.ru|deshevotaxi.ru|yandex.ru|radartaxi.ru|catalogtaksi.ru|taxieconom.ru|taxi.yandex.ru|krasnodar.taximaxim.ru;;;
kaluga-orlov;new;14;1;NONE;Z_LOW_PRIORITY;Низкий приоритет (новые);LOW_PRIORITY;16;11;2;city2city.ru|taksisvo.ru|taxi-mini.ru|jupiter-tmc.ru|rustransfer.org|deshevotaxi.ru|kaluga.sevastopol24.taxi|mezhgorod-taksi.ru|kaluga.taksi24.taxi|1taxopark.ru;;;
kaluga-tovarkovo;new;14;;NONE;Z_LOW_PRIORITY;Низкий приоритет (новые);LOW_PRIORITY;19;8;1;taxi555.ru|kubtaxi.ru|deshevotaxi.ru|taxi-ug.ru|tratatur.ru|taksisvo.ru|taxi.drive-luxe.ru|obltaxi.ru|taksi-gorod.ru|xn----7sbyhcmnbsdikx.xn--p1ai;;;
kirov-oktyabrskij;new;14;14;NONE;Z_LOW_PRIORITY;Низкий приоритет (новые);LOW_PRIORITY;21;5;3;deshevotaxi.ru|taxi533.ru|taksisvo.ru|taksikirov.ru|mezhgorod-rf.ru|catalogtaksi.ru|rustransfer.org|m.avito.ru|taxi-mini.ru|mejgorodtaxi.ru;;;
kirov-oktyabrskoe;new;14;3;NONE;Z_LOW_PRIORITY;Низкий приоритет (новые);LOW_PRIORITY;22;4;3;catalogtaksi.ru|taksikirov.ru|city2city.ru|taksisvo.ru|taxi533.ru|m.avito.ru|deshevotaxi.ru|taxi-mini.ru|mezhgorod-rf.ru|vse-taxi.com;;;
kirov-zvyozdnyj;new;14;11;SEO;F_AUTOPILOT;SEO автопилот;SEO_AUTOPILOT_NEW;10;5;4;zvezdny-arenda.ru|zvezdny-taxi.ru|yandex.ru|vk.com|taxi.yandex.ru|2gis.ru|zoon.ru|zvezdny-park.ru|kirov.flamp.ru|yandex.ru;;;
kursk-smolensk;new;14;;NONE;Z_LOW_PRIORITY;Низкий приоритет (новые);LOW_PRIORITY;18;11;2;kubtaxi.ru|taksi-gorod.ru|tratatur.ru|kursk.taxi24h.ru|taxi-ug.ru|kursk.sevastopol24.taxi|ug.taxi|taxi555.ru|taksisvo.ru|taxi533.ru;;;
novosibirsk-leninsk-kuznetskiy;new;14;;NONE;Z_LOW_PRIORITY;Низкий приоритет (новые);LOW_PRIORITY;14;7;0;royalcars54.ru|starcars54.ru|sky-transfer.ru|willway.ru|taksi-gorod.ru|aa-go.ru|rustransfer.org|www.taxi2000.ru|taxi555.ru|taxivezde.ru;;;
perm-penza;new;14;;NONE;Z_LOW_PRIORITY;Низкий приоритет (новые);LOW_PRIORITY;15;12;2;perm.taxi24h.ru|taksi-gorod.ru|perm.sevastopol24.taxi|perm.yalta-24.taxi|taxi533.ru|taksisvo.ru|www.mezhgorod.taxi|taxivezde.ru|perm.taksi24.taxi|rustransfer.org;;;
orenburg-komsomolskij;new;14;;NONE;Z_LOW_PRIORITY;Низкий приоритет (новые);LOW_PRIORITY;19;8;3;catalogtaksi.ru|mejgorodtaxi.ru|deshevotaxi.ru|yandex.ru|orenburg.taximaxim.ru|www.avito.ru|zoon.ru|vezet.ru|2gis.ru|mezhgorod-taksi.ru;;;
oryol-zmiyovka;new;14;;NONE;Z_LOW_PRIORITY;Низкий приоритет (новые);LOW_PRIORITY;22;6;2;deshevotaxi.ru|catalogtaksi.ru|taxi555.ru|www.taxi-rokada.ru|1taxopark.ru|taxi.drive-luxe.ru|obltaxi.ru|www.taxi2000.ru|taksisvo.ru|taxivezde.ru;;;
rostov-armavir;new;14;14;SEO;F_AUTOPILOT;SEO автопилот;SEO_AUTOPILOT_NEW;12;15;0;kubtaxi.ru|rostov-na-donu.sky-transfer.ru|ugtaxi.ru|taxi.transferplustravel.com|perfect-taxi.ru|tratatur.ru|taxi-ug.ru|catalogtaxi.ru|taksisvo.ru|taxi533.ru;;;
ufa-zauralskij;new;14;;NONE;Z_LOW_PRIORITY;Низкий приоритет (новые);LOW_PRIORITY;17;8;2;vk.com|yandex.ru|taxi-ural.ru|taksisvo.ru|www.mezhgorod.taxi|taxi.drive-luxe.ru|deshevotaxi.ru|taxivezde.ru|yandex.ru|1taxopark.ru;;;
petrozavodsk-moskva;new;14;24;NONE;Z_LOW_PRIORITY;Низкий приоритет (новые);LOW_PRIORITY;15;12;0;www.avito.ru|ugtaxi.ru|taxi555.ru|1taxopark.ru|msk.taxi|taxi-mobil.ru|wing-taxi.ru|www.taxi2000.ru|taxi.drive-luxe.ru|rustransfer.org;;;
smolensk-velikie-luki;new;14;;NONE;Z_LOW_PRIORITY;Низкий приоритет (новые);LOW_PRIORITY;20;8;0;taxi555.ru|www.taxi2000.ru|taxi.drive-luxe.ru|www.mezhgorod.taxi|catalogtaksi.ru|1taxopark.ru|takse.ru|rustransfer.org|obltaxi.ru|vse-taxi.com;;;
ekaterinburg-yurgamysh;new;14;16;NONE;Z_LOW_PRIORITY;Низкий приоритет (новые);LOW_PRIORITY;19;7;3;taxi555.ru|www.taxi2000.ru|taxi.drive-luxe.ru|1taxopark.ru|taxivezde.ru|www.taxi-rokada.ru|deshevotaxi.ru|obltaxi.ru|xn--80acgfbsl1azdqr.xn--80akxkdedu.xn--p1acf|mejgorodtaxi.ru;;;
tyumen-bor;new;14;1;NONE;Z_LOW_PRIORITY;Низкий приоритет (новые);LOW_PRIORITY;18;5;3;city2city.ru|taksisvo.ru|catalogtaksi.ru|deshevotaxi.ru|mejgorodtaxi.ru|vse-taxi.com|rutaxist.ru|taxi-tyumen-tyumen-oblast-ru.taxigator.ru|mezhgorod-taksi.ru|2gis.ru;;;
chelyabinsk-belyj;new;14;7;NONE;Z_LOW_PRIORITY;Низкий приоритет (новые);LOW_PRIORITY;18;7;4;taksi-gorod.ru|taksisvo.ru|mejgorodtaxi.ru|driver174.ru|deshevotaxi.ru|mezhgorod-taksi.ru|city2city.ru|yandex.ru|yandex.ru|taxi.yandex.ru;;;
kazan-zvenigovo;old;14;5;SEO;F_AUTOPILOT;SEO автопилот;SEO_AUTOPILOT;0;8;0;taxi-kazan.com|catalogtaxi.ru|taxi555.ru|deshevotaxi.ru|city2city.ru|ugtaxi.ru|taxi.drive-luxe.ru|www.mezhgorod.taxi|1taxopark.ru|obltaxi.ru;Казань;Звенигово;3800
barnaul-novokuznetsk;old;14;;DIRECT;H_DIRECT_TEST;Директ тест;DIRECT_TEST;0;8;0;barnaul.sky-transfer.ru|willway.ru|taksi-gorod.ru|taxi533.ru|1taxopark.ru|www.taxi-love.ru|rustransfer.org|taxi555.ru|turtransfer.ru|taxi.drive-luxe.ru;Барнаул;Новокузнецк;12500
belgorod-tver;old;14;5;DIRECT;H_DIRECT_TEST;Директ тест;DIRECT_TEST;0;9;0;taksi-gorod.ru|rustransfer.org|belgorod.taxi24h.ru|taxi533.ru|city2city.ru|belgorod.taksi24.taxi|taxi555.ru|taxi.drive-luxe.ru|catalogtaksi.ru|levtransfer.ru;Белгород;Тверь;24900
omsk-tatarsk;old;14;3;SEO;F_AUTOPILOT;SEO автопилот;SEO_AUTOPILOT;2;15;0;taxi555.ru|deshevotaxi.ru|city2city.ru|1taxopark.ru|taxivezde.ru|www.taxi2000.ru|taxi.drive-luxe.ru|taksi-gorod.ru|xn----7sbyhcmnbsdikx.xn--p1ai|mezhgorod-taksi.ru|www.rome2rio.com|obltaxi.ru|www.taxi-love.ru|rustransfer.org|ru-travel.org|takse.ru|jupiter-tmc.ru|www.intui.travel|vk.com|catalogtaksi.ru|taxi-omsk-omsk-oblast-ru.taxigator.ru|2gis.ru|www.avito.ru|xn--j1adfn.xn--80akxkdedu.xn--p1acf|transfergid.ru|www.youtube.com|tatarsk.gde.ru|perevozka24.com|nsk.kupiprodai.ru|taxi-omsk-tatarka.orgs.biz;Омск;Татарск;5900
ufa-satka;old;14;1;SEO;F_AUTOPILOT;SEO автопилот;SEO_AUTOPILOT;3;22;0;city2city.ru|kiwitaxi.ru|taximini-ufa.ru|taxi555.ru|www.mezhgorod.taxi|rustransfer.org|vk.com|taksi-gorod.ru|taksisvo.ru|obltaxi.ru|taxivezde.ru|vse-taxi.com|1taxopark.ru|takse.ru|taxi-mini.ru|transfers.unitaxi.ru|catalogtaksi.ru|taxiufa.ru|www.taxi-love.ru|www.intui.travel|www.rome2rio.com|deshevotaxi.ru|mejgorodtaxi.ru|www.transfer02.ru|taxiufa.com|taxiufasatka.turbo.site|www.taximezhgorodufa.ru|taximezhgorod-ufa.ru|mezhgorod-taksi.ru|www.avito.ru;Уфа;Сатка;7000
rostov-ufa;old;14;21;DIRECT;H_DIRECT_TEST;Директ тест;DIRECT_TEST;1;23;0;rostov.taxi24h.ru|ugtaxi.ru|taxi533.ru|www.avito.ru|kubtaxi.ru|perfect-taxi.ru|ugtravel.com|rostov.taksi24.taxi|taksi-gorod.ru|msk.taxi|unit-transfer.ru|centertaxi-krd.ru|tratatur.ru|ug.taxi|www.mezhgorod.taxi|taksisvo.ru|catalogtaksi.ru|taxivezde.ru|mejgorod-taxi.ru|taxikama.tb.ru|city2city.ru|taxi-svobodnoe.ru|rostov.simferopol-aeroport.taxi|alex-transport.ru|transfer-tur-taxi.ru|taxi-cosmos.ru|taxi-bereg.ru|1tmehgorod.ru|mejgorodtaxi.ru|unit21.ru;Ростов-на-Дону;Уфа;52500
yaroslavl-pereslavl-zalesskij;old;14;;SEO;F_AUTOPILOT;SEO автопилот;SEO_AUTOPILOT;3;19;0;xn----7sbyhcmnbsdikx.xn--p1ai|taxi555.ru|kiwitaxi.ru|taksisvo.ru|taxi.drive-luxe.ru|catalogtaksi.ru|deshevotaxi.ru|yatransfer76.ru|transfers.unitaxi.ru|www.taxi-love.ru|takse.ru|1taxopark.ru|taxivezde.ru|uslugi.yandex.ru|ubitaxi.ru|obltaxi.ru|www.intui.travel|www.taxi-rokada.ru|taxi-russia.ru|mejgorodtaxi.ru|taksi-services.ru|taxigator.ru|mezhgorod-taksi.ru|www.rome2rio.com|mobilodeon.ru|taxomarket.ru|www.tourister.ru|mezhdugorodnee-taksi.ru|www.avito.ru|mezhdugorodnee-taxi24.ru;Ярославль;Переславль-Залесский;4000
kirov-oktyabrskij-respublika-bashkortostan;old;14;14;SEO;F_AUTOPILOT;SEO автопилот;SEO_AUTOPILOT;1;16;0;taxi533.ru|deshevotaxi.ru|taksisvo.ru|taksikirov.ru|mezhgorod-rf.ru|catalogtaksi.ru|rustransfer.org|m.avito.ru|taxi-mini.ru|mejgorodtaxi.ru|1taxopark.ru|vse-taxi.com|xn----7sbyhcmnbsdikx.xn--p1ai|city2city.ru|taxivezde.ru|yandex.ru|mezhgorod-taksi.ru|www.rome2rio.com|taxi.yandex.ru|uslugi.yandex.ru|perevozka24.com|catalogtaxi.ru|www.xn----7sbhwbjc7arfi.xn--p1ai|kirov.spravker.ru|vezet.ru|xn--80aaahzdndlon5ak.xn--p1ai|2gis.ru|kirov.taximaxim.ru|taxi-kirov.clients.site|routes43.ru;Киров;Октябрьский;2000
ekaterinburg-gubaxa;old;14;;DIRECT;H_DIRECT_TEST;Директ тест;DIRECT_TEST;0;7;0;taxi555.ru|nexttax.ru|1taxopark.ru|catalogtaksi.ru|taksisvo.ru|taxi.drive-luxe.ru|takse.ru|taxivezde.ru|mezhgorod-taksi.ru|www.taxi-love.ru;Екатеринбург;Губаха;12000
ekaterinburg-kirovgrad;old;14;;SEO;F_AUTOPILOT;SEO автопилот;SEO_AUTOPILOT;0;7;0;catalogtaksi.ru|taxi555.ru|willway.ru|1taxopark.ru|rustransfer.org|taxi.drive-luxe.ru|deshevotaxi.ru|www.taxi2000.ru|taksisvo.ru|takse.ru;Екатеринбург;Кировград;3000
orenburg-perm;old;14;3;DIRECT;H_DIRECT_TEST;Директ тест;DIRECT_TEST;1;23;0;orenburg.taxi24h.ru|taksi-gorod.ru|city2city.ru|taxi533.ru|orenburg.taksi24.taxi|www.taxi2000.ru|www.mezhgorod.taxi|taxi-cosmos.ru|taksisvo.ru|rustransfer.org|www.avito.ru|taxivezde.ru|jupiter-tmc.ru|1tmehgorod.ru|taxi-lider64.ru|orenburg.taxi-krim.com|taxi-russia.su|minibus.biletyplus.ru|www.taxi-love.ru|mezhgorod-rf.ru|vse-taxi.com|deshevotaxi.ru|catalogtaksi.ru|mejgorodtaxi.ru|orentransfer.ru|orenburg.simferopol-aeroport.taxi|transfergid.ru|taxi-nomer.ru|mezhgorod-taksi.ru|xn--90aee6admdx.xn--80akxkdedu.xn--p1acf;Оренбург;Пермь;27600
krasnoyarsk-tajshet;old;14;1;DIRECT;H_DIRECT_TEST;Директ тест;DIRECT_TEST;2;13;0;city2city.ru|vse-taxi.com|takse.ru|catalogtaksi.ru|rustransfer.org|jupiter-tmc.ru|deshevotaxi.ru|www.rome2rio.com|xn--80atblfjdfd2l.xn--80akxkdedu.xn--p1acf|yandex.ru|www.yell.ru|vk.com|mezhgorod-taksi.ru|taksi-gorod.ru|m.ok.ru|transfergid.ru|minibus.biletyplus.ru|taxigator.ru|ru-travel.org|m.avito.ru|xn--24-6kchk7b2h.xn--p1ai|go.yandex|2gis.ru|taxi.yandex.ru|perevozka24.com|www.blablacar.ru|gruzotaxi24.ru|krasnoyarsk.taximaxim.ru|doberemsya.net|taxi-sibir.ru;Красноярск;Тайшет;12000
ufa-rostov-na-donu;old;14;15;DIRECT;H_DIRECT_TEST;Директ тест;DIRECT_TEST;1;26;0;ugtaxi.ru|sky-transfer.ru|kubtaxi.ru|tratatur.ru|taxi533.ru|ufa.taxi24h.ru|taxi-bereg.ru|taksi-gorod.ru|ufa.sevastopol24.taxi|msk.taxi|ug.taxi|www.mezhgorod.taxi|www.avito.ru|taxi24online.ru|city2city.ru|catalogtaksi.ru|taksisvo.ru|taxivezde.ru|taxi-cosmos.ru|vse-taxi.com|mejgorodtaxi.ru|transfer-tur-taxi.ru|www.taxi-love.ru|taxi-mini.ru|deshevotaxi.ru|taxi-svobodnoe.ru|toptaxi.org|transferug.ru|centertaxi-krd.ru|xn-----6kcj2al3blgik3i.xn--p1ai;Уфа;Ростов-на-Дону;53100
joshkar-ola-yaransk;old;14;;SEO;F_AUTOPILOT;SEO автопилот;SEO_AUTOPILOT;0;8;0;taxi555.ru|catalogtaxi.ru|deshevotaxi.ru|1taxopark.ru|www.mezhgorod.taxi|ab-taxi.ru|rustransfer.org|taxivezde.ru|yandex.ru|taksisvo.ru;Йошкар-Ола;Яранск;2500
rostov-tolyatti;old;14;;DIRECT;H_DIRECT_TEST;Директ тест;DIRECT_TEST;0;25;0;ugtaxi.ru|msk.taxi|vse-taxi.com|taksisvo.ru|taxi533.ru|rostov.sevastopol24.taxi|rostov.taxi24h.ru|taksi-gorod.ru|rostov.taksi24.taxi|unit-transfer.ru|rostov.taxi-krim.com|rostov.simferopol-aeroport.taxi|taxi-cosmos.ru|rostov.yalta-24.taxi|rustransfer.org|mejgorod-taxi.ru|taxikama.tb.ru|unit21.ru|jupiter-tmc.ru|mezhgorod-rf.ru|catalogtaksi.ru|rostov.aeroport-simferopol.taxi|mobilodeon.ru|radartaxi.ru|mejgorodtaxi.ru|deshevotaxi.ru|xn-----6kckdgfipty1aaca1adgndr.xn--p1ai|mezhgorod-taksi.ru|www.transfer61.ru|transferug.ru;Ростов-на-Дону;Тольятти;38000
blagoveshhensk-cziolkovskij;old;14;2;SEO;F_AUTOPILOT;SEO автопилот;SEO_AUTOPILOT;1;6;0;catalogtaksi.ru|city2city.ru|taksi-gorod.ru|takse.ru|deshevotaxi.ru|www.rome2rio.com|sky-transfer.ru|intaxi.ru|www.intui.travel|mezhgorod-taksi.ru;Благовещенск;Циолковский;7400
ufa-agidel;old;14;;SEO;F_AUTOPILOT;SEO автопилот;SEO_AUTOPILOT;1;19;0;taxi.yandex.ru|ufa.taximaxim.ru|2gis.ru|vezet.ru|yandex.ru|ufa1.ru|ufa.taxipoehali.ru|m.avito.ru|www.yell.ru|city-mobil.ru|uslugi.yandex.ru|zoon.ru|ufa.flamp.ru|go.yandex|taxiufa.ru|ufa.taptaxi.su|rutaxi.ru|vip-taxi-ufa.ru|taximini-ufa.ru|perevozka24.com|taksi-ufa.ru|taxi-mini.ru|taxi-nomera.ru|rutaxist.ru|taxitops.ru|vse-taxi.com|taxieconom.ru|taxi-mini-ufa.ru|taxi-ufa.ru|taxiufa.com;Уфа;Агидель;6600
kazan-abdulino;old;14;1;DIRECT;H_DIRECT_TEST;Директ тест;DIRECT_TEST;0;6;0;city2city.ru|1taxopark.ru|taxi555.ru|obltaxi.ru|taxi.drive-luxe.ru|www.rome2rio.com|rustransfer.org|catalogtaksi.ru|mezhgorod-taksi.ru|yandex.ru;Казань;Абдулино;13200
ufa-kuvandyk;old;14;8;DIRECT;H_DIRECT_TEST;Директ тест;DIRECT_TEST;0;20;0;vk.com|rustransfer.org|taxiufa.ru|taxi555.ru|taksi-gorod.ru|1taxopark.ru|taxi-orsk-ufa-orsk.clients.site|city2city.ru|yandex.ru|taximini-ufa.ru|obltaxi.ru|taxi.drive-luxe.ru|kuvandykufa.ru|www.taxi2000.ru|xn----7sb5apkgji.xn--p1ai|taxi-cosmos.ru|taxivezde.ru|www.taxi-love.ru|takse.ru|taxi-mini.ru|jupiter-tmc.ru|taksisvo.ru|toptaxi.org|www.taxi-rokada.ru|mejgorodtaxi.ru|catalogtaksi.ru|taxiufakuvandik.turbo.site|orskufa.clients.site|orskufa.ru|deshevotaxi.ru;Уфа;Кувандык;15600
kaluga-oryol;old;14;;SEO;F_AUTOPILOT;SEO автопилот;SEO_AUTOPILOT;0;9;0;kaluga.taxi24h.ru|1taxopark.ru|taksi-gorod.ru|ug.taxi|kaluga.taksi24.taxi|www.taxi2000.ru|mejgorod-taxi.ru|taxi533.ru|taxi.drive-luxe.ru|www.mezhgorod.taxi;Калуга;Орёл;6500
perm-orenburg;old;14;27;DIRECT;H_DIRECT_TEST;Директ тест;DIRECT_TEST;1;24;0;perm.taxi24h.ru|taksi-gorod.ru|taxi24online.ru|www.avito.ru|taxi-perm.su|perm.sevastopol24.taxi|taxi533.ru|taksisvo.ru|taxi-cosmos.ru|jupiter-tmc.ru|rustransfer.org|www.taxi2000.ru|taxivezde.ru|perm.yalta-24.taxi|www.taxi-love.ru|perm.taxi-krim.com|mezhgorod-rf.ru|onlinetaxi.su|www.perm-taxi-region.ru|catalogtaksi.ru|perm.aeroport-simferopol.taxi|xn----7sbp3acjidhfbkt.su|perm.simferopol-aeroport.taxi|mezhgorod-taksi.ru|deshevotaxi.ru|vse-taxi.com|city2city.ru|www.transfer-go.ru|mobilodeon.ru|taxi-realtransfer-mejgorod.ru;Пермь;Оренбург;27500
nizhniy_novgorod-murom;old;14;14;SEO;F_AUTOPILOT;SEO автопилот;SEO_AUTOPILOT;2;23;0;taxi-russia.su|taxigorkovskoe.ru|taxi555.ru|taxi533.ru|ab-taxi.ru|taxi.drive-luxe.ru|taksi-gorod.ru|1taxopark.ru|unit-transfer.ru|taxivezde.ru|mejgorod-taxi.ru|mezhgorod-rf.ru|taksisvo.ru|city2city.ru|catalogtaksi.ru|jupiter-tmc.ru|rustransfer.org|www.taxi-love.ru|obltaxi.ru|mejgorodtaxi.ru|www.intui.travel|mb-taxi.ru|catalogtaxi.ru|deshevotaxi.ru|mezhgorod-taksi.ru|vse-taxi.com|minivan-nn.ru|www.avito.ru|taximezhgorod24.ru|transfergid.ru;Нижний Новгород;Муром;5000
tula-dubna;old;14;;SEO;F_AUTOPILOT;SEO автопилот;SEO_AUTOPILOT;0;24;0;kubtaxi.ru|catalogtaksi.ru|tratatur.ru|1taxopark.ru|deshevotaxi.ru|taxi-ug.ru|taxi555.ru|www.taxi2000.ru|taksisvo.ru|taxi.drive-luxe.ru|www.mezhgorod.taxi|taxivezde.ru|yandex.ru|www.taxi-love.ru|transfer71.ru|rustransfer.org|obltaxi.ru|takse.ru|mejgorod-taxi.ru|mobilodeon.ru|mejgorodtaxi.ru|vse-taxi.com|taksi-services.ru|mezhgorod-taksi.ru|taxi-mezhgorod24.ru|taxi-nomera.ru|mezhdugorodnee-taksi.ru|xn--80affnblthori.xn--p1ai|taxinomerok.ru|www.taksi-moskva-tula.ru;Тула;Дубна;9500
oryol-kaluga;old;14;;SEO;F_AUTOPILOT;SEO автопилот;SEO_AUTOPILOT;1;25;0;orel.taxi24h.ru|orel.taksi24.taxi|ug.taxi|1taxopark.ru|taxi555.ru|catalogtaksi.ru|taxi533.ru|mejgorod-taxi.ru|taksisvo.ru|taxi.drive-luxe.ru|orel.sevastopol24.taxi|orel.taxi-krim.com|taxivezde.ru|www.taxi-love.ru|www.mezhgorod.taxi|obltaxi.ru|orel.aeroport-simferopol.taxi|rustransfer.org|vse-taxi.com|taxi-russia.su|taksi-services.ru|jupiter-tmc.ru|orel.simferopol-aeroport.taxi|deshevotaxi.ru|mejgorodtaxi.ru|www.avito.ru|mezhgorod-taksi.ru|www.rome2rio.com|taxi-nomera.ru|xn--e1amhi.xn--80akxkdedu.xn--p1acf;Орёл;Калуга;6500
cheboksary-kozmodemyansk;old;14;;SEO;F_AUTOPILOT;SEO автопилот;SEO_AUTOPILOT;0;7;0;catalogtaksi.ru|taxi555.ru|taksi-gorod.ru|unit21.ru|www.taxi2000.ru|taxi.drive-luxe.ru|1taxopark.ru|ab-taxi.ru|obltaxi.ru|yandex.ru;Чебоксары;Козьмодемьянск;2000
lipeczk-michurinsk;old;14;5;SEO;F_AUTOPILOT;SEO автопилот;SEO_AUTOPILOT;0;25;0;kubtaxi.ru|taxi-ug.ru|taxi533.ru|tratatur.ru|city2city.ru|www.mezhgorod.taxi|taksi-gorod.ru|1taxopark.ru|taxi555.ru|taxi.drive-luxe.ru|catalogtaxi.ru|rustransfer.org|mejgorod-taxi.ru|taxivezde.ru|obltaxi.ru|jupiter-tmc.ru|taxi-russia.su|vse-taxi.com|www.taxi-love.ru|deshevotaxi.ru|onlinetaxi.su|taksi-services.ru|mezhgorod-taksi.ru|mb-taxi.ru|mejgorodtaxi.ru|mezhdugorodnee-taxi24.ru|mobilodeon.ru|transfergid.ru|mezhdugorodnee-taksi.ru|transfer48.ru;Липецк;Мичуринск;3800
saratov-rtishhevo;old;14;6;SEO;F_AUTOPILOT;SEO автопилот;SEO_AUTOPILOT;2;18;0;kubtaxi.ru|catalogtaksi.ru|www.taxi2000.ru|tratatur.ru|taxi555.ru|city2city.ru|1taxopark.ru|taxi.drive-luxe.ru|taksisvo.ru|taxivezde.ru|takse.ru|taxi-ug.ru|xn----7sbyhcmnbsdikx.xn--p1ai|uslugi.yandex.ru|deshevotaxi.ru|rustransfer.org|taxi-cosmos.ru|www.avito.ru|obltaxi.ru|www.taxi-love.ru|mejgorodtaxi.ru|taxi-russia.su|mb-taxi.ru|taksi-gorod.ru|mobilodeon.ru|jupiter-tmc.ru|www.intui.travel|mezhgorod-taksi.ru|www.rome2rio.com|uslugio.com;Саратов;Ртищево;6200
svo-taxi-lugansk-izvarino;old;14;;SEO;F_AUTOPILOT;SEO автопилот;SEO_AUTOPILOT;1;15;0;estlugansk.ru|yandex.ru|lugansk.taxi|600.taxi|yandex.ru|www.avito.ru|www.rustore.ru|dzen.ru|arteltaxi.ru|vk.com|959.xn--p1ai|uslugi.yandex.ru|taxi-alliance.turbo.site|ok.ru|t.me|deshevotaxi.ru|apps.apple.com|perevozka24.com|horeca-lg.ru|taxigoroda.ru|taksi-gorod.ru|lugansk.sky-transfer.ru|lugansk.taksi24.taxi|lugansk.taxi24h.ru|otzovik.com|lugansk.taxiarkadiya.ru|zvs-lg.ru|taxi-lugansk.ru|434.taxi|taxi-lnr.ru;Луганск;Изварино;2000
xabarovsk-bikin;old;14;3;SEO;F_AUTOPILOT;SEO автопилот;SEO_AUTOPILOT;4;16;0;catalogtaksi.ru|takse.ru|city2city.ru|rustransfer.org|mezhgorod-taksi.ru|bikin.taximaxim.ru|deshevotaxi.ru|ru-travel.org|www.avito.ru|www.intui.travel|taxigator.ru|xn--80aacf4bwnk3a.xn--80akxkdedu.xn--p1acf|www.rome2rio.com|transfergid.ru|taksi-gorod.ru|2gis.ru|kiwitaxi.ru|storub.ru|uslugi.yandex.ru|perevozka24.com|khabarovsk.bt-one.ru|taxi-nomera.ru|www.blablacar.ru|bikin.taxipoehali.ru|taxitops.ru|catalogtaxi.ru|vk.com|taxirun.ru|rutaxist.ru|taxi.yandex.ru;Хабаровск;Бикин;6800
kazan-vladimir;old;14;;DIRECT;H_DIRECT_TEST;Директ тест;DIRECT_TEST;0;9;0;mezhgorod.pro|taksi-gorod.ru|kazan.taksi24.taxi|taxi533.ru|kazan.taxi24h.ru|taxi555.ru|unit-transfer.ru|ugtaxi.ru|kazan.taxi-krim.com|ug.taxi;Казань;Владимир;18600
yaroslavl-myshkin;old;14;1;SEO;F_AUTOPILOT;SEO автопилот;SEO_AUTOPILOT;2;20;0;city2city.ru|xn----7sbyhcmnbsdikx.xn--p1ai|deshevotaxi.ru|taxi555.ru|www.mezhgorod.taxi|1taxopark.ru|taxi.drive-luxe.ru|taxivezde.ru|mezhgorod-taksi.ru|taksisvo.ru|takse.ru|www.taxi2000.ru|catalogtaksi.ru|taxi-russia.ru|www.taxi-love.ru|obltaxi.ru|www.intui.travel|mejgorodtaxi.ru|www.rome2rio.com|taksi-services.ru|taxigator.ru|mezhdugorodnee-taxi24.ru|taxi-mezhgorod24.ru|xn--80aezclli6gta.xn--80akxkdedu.xn--p1acf|rustransfer.org|transfergid.ru|m.avito.ru|mezhdugorodnee-taksi.ru|jupiter-tmc.ru|vk.com;Ярославль;Мышкин;5000
kaluga-suxinichi;old;14;;SEO;F_AUTOPILOT;SEO автопилот;SEO_AUTOPILOT;0;8;0;catalogtaxi.ru|kubtaxi.ru|tratatur.ru|1taxopark.ru|taksi-gorod.ru|taxi-ug.ru|www.taxi2000.ru|deshevotaxi.ru|taxi555.ru|taxi.drive-luxe.ru;Калуга;Сухиничи;3000
ekaterinburg-orsk;old;14;1;DIRECT;H_DIRECT_TEST;Директ тест;DIRECT_TEST;1;5;0;city2city.ru|unit-transfer.ru|rustransfer.org|taxi533.ru|taksi-ekb.ru|jupiter-tmc.ru|taksisvo.ru|mezhgorod-rf.ru|www.avito.ru|takse.ru;Екатеринбург;Орск;24600
smolensk-kursk;old;14;;DIRECT;H_DIRECT_TEST;Директ тест;DIRECT_TEST;0;25;0;catalogtaxi.ru|kubtaxi.ru|tratatur.ru|smolensk.taxi24h.ru|smolensk.sevastopol24.taxi|ug.taxi|taxi-ug.ru|ab-taxi.ru|taxi.drive-luxe.ru|taxi555.ru|1taxopark.ru|www.mezhgorod.taxi|rustransfer.org|jupiter-tmc.ru|obltaxi.ru|www.taxi-love.ru|smolensk.taxi-krim.com|1tmehgorod.ru|deshevotaxi.ru|vse-taxi.com|smolensk.taksi24.taxi|taksi-gorod.ru|taxi533.ru|taksisvo.ru|transfer67.ru|taxivezde.ru|onlinetaxi.su|www.rome2rio.com|smolensk.simferopol-aeroport.taxi|taksi-services.ru;Смоленск;Курск;16000
voronezh-livny;old;14;2;SEO;F_AUTOPILOT;SEO автопилот;SEO_AUTOPILOT;3;18;0;catalogtaksi.ru|city2city.ru|taxi555.ru|kiwitaxi.ru|www.mezhgorod.taxi|taxi.drive-luxe.ru|obltaxi.ru|rustransfer.org|1taxopark.ru|deshevotaxi.ru|takse.ru|mb-taxi.ru|transfers.unitaxi.ru|vk.com|www.rome2rio.com|ru-travel.org|www.intui.travel|mobilodeon.ru|www.taxi-love.ru|mejgorodtaxi.ru|www.avito.ru|mezhgorod-taksi.ru|taksi-services.ru|mezhdugorodnee-taxi24.ru|xn-----dlcbboedfp6augceakazm1u.xn--p1ai|taxivezde.ru|ubitaxi.ru|minivan-go.ru|www.taxi2000.ru|taxigator.ru;Воронеж;Ливны;6000
kazan-penza;old;14;;DIRECT;H_DIRECT_TEST;Директ тест;DIRECT_TEST;1;8;0;kazan.taxi24h.ru|kazan.taksi24.taxi|mezhgorod.pro|taxi533.ru|www.avito.ru|taxi-kazan.su|ugtaxi.ru|www.taxi2000.ru|kazan.sevastopol24.taxi|vse-taxi.com;Казань;Пенза;15900
kyzyl-turan;old;14;;SEO;F_AUTOPILOT;SEO автопилот;SEO_AUTOPILOT;1;15;0;vk.com|catalogtaksi.ru|takse.ru|ru-travel.org|rustransfer.org|deshevotaxi.ru|mezhgorod-taksi.ru|www.intui.travel|yandex.ru|jupiter-tmc.ru|taxitelephone.ru|catalogtaxi.ru|intaxi.ru|turan.spravker.ru|t.me|deafkino.net|routes.votpusk.ru|taksirussian.ru|taxi.yandex.ru|taxigoroda.ru|bigspr.ru|perevozka24.com|vkvideo.ru|taxi-nomera.ru|www.rutaxist.ru|gdeprosto.ru|rutaxi.ru|www.taxopark.com|nomera-taksi.ru|nomerki.top;Кызыл;Туран;2000
bryansk-obninsk;old;14;;SEO;F_AUTOPILOT;SEO автопилот;SEO_AUTOPILOT;0;9;0;taxi555.ru|www.mezhgorod.taxi|taxi533.ru|1taxopark.ru|taksi-services.ru|taxi.drive-luxe.ru|taksisvo.ru|catalogtaksi.ru|taxivezde.ru|rustransfer.org;Брянск;Обнинск;8500
vologda-kirillov;old;14;6;SEO;F_AUTOPILOT;SEO автопилот;SEO_AUTOPILOT;2;19;0;taxi555.ru|www.taxi2000.ru|taxi.drive-luxe.ru|kiwitaxi.ru|catalogtaxi.ru|city2city.ru|xn----7sbyhcmnbsdikx.xn--p1ai|takse.ru|vtstaxi.ru|taxivezde.ru|1taxopark.ru|rustransfer.org|taksisvo.ru|mezhgorod-taksi.ru|www.rome2rio.com|www.taxi-rokada.ru|transfer35.ru|obltaxi.ru|deshevotaxi.ru|www.taxi-love.ru|ru-travel.org|xn--80adde7arb.xn--80akxkdedu.xn--p1acf|mejgorodtaxi.ru|taxi-russia.ru|vk.com|taxi-vologda-vologda-oblast-ru.taxigator.ru|www.avito.ru|taxitaksi.ru|internet-taksi.ru|uslugi.yandex.ru;Вологда;Кириллов;4700
penza-perm;old;14;29;DIRECT;H_DIRECT_TEST;Директ тест;DIRECT_TEST;1;23;0;penza.taxi24h.ru|taxi533.ru|penza.taksi24.taxi|www.taxi2000.ru|penza.sevastopol24.taxi|penza.yalta-24.taxi|taksi-gorod.ru|taksisvo.ru|taxivezde.ru|taxi.drive-luxe.ru|deshevotaxi.ru|www.mezhgorod.taxi|mezhgorod-rf.ru|rustransfer.org|penza.taxi-krim.com|jupiter-tmc.ru|www.taxi-love.ru|catalogtaksi.ru|mejgorodtaxi.ru|vse-taxi.com|mezhgorod-taksi.ru|www.avito.ru|taxi.yandex.ru|transfergid.ru|xn--80ajgxi.xn--80akxkdedu.xn--p1acf|xn--80aaahzdndlon5ak.xn--p1ai|perevozka24.com|penza.taxovichkof.ru|city2city.ru|taxi-russia.su;Пенза;Пермь;36000
svo-taxi-millerovo-lugansk;old;14;;SEO;F_AUTOPILOT;SEO автопилот;SEO_AUTOPILOT;1;17;0;yandex.ru|2gis.ru|m.avito.ru|rutaxist.ru|uslugi.yandex.ru|m.ok.ru|www.estaxi.ru|perevozka24.com|taxieconom.ru|www.panram.ru|taxineo.ru|vse-taxi.com|millerovo.taxiarkadiya.ru|apelsin.zvoni.taxi|vk.com|intaxi.ru|deshevotaxi.ru|taxitops.ru|vk.link|millerovo.spravker.ru|taxi-nomera.ru|taxi-nomer.ru|www.komandirovka.ru|www.taxopark.com|uslugio.com|taxigoroda.ru|spravkataxi.ru|catalogtaksi.ru|www.taxi-millerovo.ru|prius.clients.site;Миллерово;Луганск;5500
ekaterinburg-verxnyaya-salda;old;14;;SEO;F_AUTOPILOT;SEO автопилот;SEO_AUTOPILOT;0;5;0;taksi-ekb.ru|nexttax.ru|taxi555.ru|1taxopark.ru|www.mezhgorod.taxi|taksi-gorod.ru|willway.ru|taxivezde.ru|b24-qkzsog.bitrix24.site|takse.ru;Екатеринбург;Верхняя Салда;5000
samara-ekaterinburg;old;14;4;DIRECT;H_DIRECT_TEST;Директ тест;DIRECT_TEST;0;25;0;samara.yalta-24.taxi|taksi-gorod.ru|samara.taxi24h.ru|city2city.ru|taxi24online.ru|samara.taxi-krim.com|ugtaxi.ru|catalogtaksi.ru|taxi533.ru|mejgorodtaxi.ru|taxivezde.ru|mejgorod-taxi.ru|rf-taxi.ru|www.mezhgorod.taxi|ug.taxi|mezhgorod-rf.ru|unit-transfer.ru|samara.aeroport-simferopol.taxi|taxi-cosmos.ru|taksisvo.ru|jupiter-tmc.ru|dzen.ru|www.taxi-love.ru|taxi-samara.su|samara.simferopol-aeroport.taxi|radartaxi.ru|xn----7sbp3acjidhfbkt.su|vse-taxi.com|obltaxi.ru|deshevotaxi.ru;Самара;Екатеринбург;27200
moskva-kislovodsk;new;13;;NONE;Z_LOW_PRIORITY;Низкий приоритет (новые);LOW_PRIORITY;11;15;0;ugtaxi.ru|sky-transfer.ru|ug.taxi|kubtaxi.ru|sochi.taxi|zakaz.mezhgorod.taxi|msk.taxi|taksi-gorod.ru|1taxopark.ru|taxi.drive-luxe.ru;;;
moskva-mineralnye-vody;new;13;;NONE;Z_LOW_PRIORITY;Низкий приоритет (новые);LOW_PRIORITY;12;16;0;www.avito.ru|taxi-ug.ru|moskva.sevastopol24.taxi|kubtaxi.ru|moskva.taksi24.taxi|moskva.taxi24h.ru|www.taxi2000.ru|taxi555.ru|ugtaxi.ru|tratatur.ru;;;
moskva-shhyokino;new;13;;NONE;Z_LOW_PRIORITY;Низкий приоритет (новые);LOW_PRIORITY;12;14;0;taxi-mobil.ru|taxi555.ru|www.taxi2000.ru|ab-taxi.ru|www.mezhgorod.taxi|1taxopark.ru|xn----7sbyhcmnbsdikx.xn--p1ai|www.taxi-love.ru|wing-taxi.ru|taxi.drive-luxe.ru;;;
moskva-uzlovaya;new;13;;NONE;Z_LOW_PRIORITY;Низкий приоритет (новые);LOW_PRIORITY;10;15;0;taxi-mobil.ru|taxi555.ru|www.taxi2000.ru|www.mezhgorod.taxi|ab-taxi.ru|1taxopark.ru|mezhgorod.taxi-ekvator.ru|www.taxi-love.ru|drive-luxe.ru|taxivezde.ru;;;
moskva-venyov;new;13;;NONE;Z_LOW_PRIORITY;Низкий приоритет (новые);LOW_PRIORITY;14;10;0;www.taxi2000.ru|taxi555.ru|taxi-mobil.ru|ab-taxi.ru|www.mezhgorod.taxi|1taxopark.ru|xn----7sbyhcmnbsdikx.xn--p1ai|taksi-gorod.ru|www.taxi-love.ru|wing-taxi.ru;;;
sankt-peterburg-naryan-mar;new;13;;NONE;Z_LOW_PRIORITY;Низкий приоритет (новые);LOW_PRIORITY;15;7;3;taxi555.ru|takse.ru|www.taxi-love.ru|deshevotaxi.ru|vse-taxi.com|obltaxi.ru|vk.com|mezhgorod-taksi.ru|taxikama.tb.ru|www.taxi2000.ru;;;
sankt-peterburg-oktyabrskij;new;13;2;NONE;Z_LOW_PRIORITY;Низкий приоритет (новые);LOW_PRIORITY;15;11;3;taksisvo.ru|city2city.ru|ugtaxi.ru|www.mezhgorod.taxi|taksi-gorod.ru|deshevotaxi.ru|1taxopark.ru|vse-taxi.com|mejgorodtaxi.ru|transferug.ru;;;
sankt-peterburg-oktyabrskoe;new;13;3;SEO;F_AUTOPILOT;SEO автопилот;SEO_AUTOPILOT_NEW;14;11;2;ugtaxi.ru|taksisvo.ru|city2city.ru|taxideshevo.com|transferug.ru|1taxopark.ru|mejgorodtaxi.ru|deshevotaxi.ru|vtstaxi.ru|taksi-gorod.ru;;;
sankt-peterburg-ulyanovsk;new;13;;NONE;Z_LOW_PRIORITY;Низкий приоритет (новые);LOW_PRIORITY;12;15;0;sankt-peterburg.taxi24h.ru|ugtaxi.ru|taxi533.ru|taxideshevo.com|sankt-peterburg.taksi24.taxi|taxitoday.ru|unit-transfer.ru|taksi-gorod.ru|taxi555.ru|mejgorod-taxi.ru;;;
vladimir-orexovo-zuevo;new;13;;NONE;Z_LOW_PRIORITY;Низкий приоритет (новые);LOW_PRIORITY;22;6;1;taxi555.ru|transfer-vlad33.ru|taksi-gorod.ru|taxi.drive-luxe.ru|taksisvo.ru|www.mezhgorod.taxi|taxivezde.ru|obltaxi.ru|www.taxi-love.ru|mejgorod-taxi.ru;;;
voronezh-orlov;new;13;12;SEO;F_AUTOPILOT;SEO автопилот;SEO_AUTOPILOT_NEW;13;14;1;taksi-gorod.ru|rustransfer.org|taksisvo.ru|kubtaxi.ru|deshevotaxi.ru|mejgorodtaxi.ru|takse.ru|ug.taxi|catalogtaksi.ru|mezhgorod-taksi.ru;;;
voronezh-shhyokino;new;13;;NONE;Z_LOW_PRIORITY;Низкий приоритет (новые);LOW_PRIORITY;22;6;1;taxi555.ru|vse-taxi.com|1taxopark.ru|taksisvo.ru|takse.ru|taxi.drive-luxe.ru|catalogtaksi.ru|taxivezde.ru|www.taxi-rokada.ru|obltaxi.ru;;;
krasnodar-sennoj;new;13;9;SEO;F_AUTOPILOT;SEO автопилот;SEO_AUTOPILOT_NEW;13;13;2;kubtaxi.ru|tratatur.ru|ugtaxi.ru|geltaxi.ru|taxi.transferplustravel.com|www.krd-taxi.ru|www.taxisea.ru|taksisvo.ru|city2city.ru|catalogtaxi.ru;;;
penza-izmajlovo;new;13;;NONE;Z_LOW_PRIORITY;Низкий приоритет (новые);LOW_PRIORITY;15;8;4;yandex.ru|2gis.ru|www.yell.ru|taxi.yandex.ru|penza.taxovichkof.ru|penza.auto2.info|penza.taximaxim.ru|taxi-penza-penza-oblast-ru.taxigator.ru|penza.ayle.ru|vk.com;;;
perm-chelyabinsk;new;13;;NONE;Z_LOW_PRIORITY;Низкий приоритет (новые);LOW_PRIORITY;12;14;0;intercity74.ru|uralavtotaxi.ru|taksi-gorod.ru|taxi24online.ru|perm.taxi24h.ru|www.mezhgorod.taxi|taxi-perm.su|rustransfer.org|1taxopark.ru|taxi533.ru;;;
orenburg-gagarin;new;13;5;NONE;Z_LOW_PRIORITY;Низкий приоритет (новые);LOW_PRIORITY;22;3;3;deshevotaxi.ru|taxi555.ru|taksisvo.ru|1taxopark.ru|city2city.ru|taxivezde.ru|www.taxi-love.ru|vse-taxi.com|mejgorodtaxi.ru|obltaxi.ru;;;
oryol-krasnyj;new;13;7;NONE;Z_LOW_PRIORITY;Низкий приоритет (новые);LOW_PRIORITY;15;9;3;ab-taxi.ru|1taxopark.ru|taxi-mezhgorod24.ru|taxi555.ru|www.mezhgorod.taxi|taxi.yandex.ru|city2city.ru|www.avito.ru|jupiter-tmc.ru|vse-taxi.com;;;
rostov-labinsk;new;13;;NONE;Z_LOW_PRIORITY;Низкий приоритет (новые);LOW_PRIORITY;15;13;0;kubtaxi.ru|ugtaxi.ru|taxi.transferplustravel.com|taxi-ug.ru|perfect-taxi.ru|taksi-gorod.ru|taxi533.ru|ab-taxi.ru|tratatur.ru|taksisvo.ru;;;
rostov-oktyabrskij;new;13;3;NONE;Z_LOW_PRIORITY;Низкий приоритет (новые);LOW_PRIORITY;21;4;3;ugtaxi.ru|taksisvo.ru|city2city.ru|taksi-gorod.ru|taxi533.ru|rustransfer.org|www.rome2rio.com|deshevotaxi.ru|vse-taxi.com|catalogtaksi.ru;;;
rostov-oktyabrskoe;new;13;1;NONE;Z_LOW_PRIORITY;Низкий приоритет (новые);LOW_PRIORITY;18;6;3;city2city.ru|www.rome2rio.com|taksi-gorod.ru|rustransfer.org|vse-taxi.com|catalogtaksi.ru|www.avito.ru|catalogtaxi.ru|rnd.spravker.ru|uslugi.yandex.ru;;;
petrozavodsk-bor;new;13;1;NONE;Z_LOW_PRIORITY;Низкий приоритет (новые);LOW_PRIORITY;17;9;2;city2city.ru|deshevotaxi.ru|jupiter-tmc.ru|mejgorodtaxi.ru|vse-taxi.com|mezhgorod-taksi.ru|taxi-mezhgorod24.ru|ab-taxi.ru|1taxopark.ru|taxivezde.ru;;;
syktyvkar-sankt-peterburg;new;13;27;NONE;Z_LOW_PRIORITY;Низкий приоритет (новые);LOW_PRIORITY;16;8;2;sky-transfer.ru|taxi555.ru|ugtaxi.ru|vse-taxi.com|www.avito.ru|www.taxi2000.ru|taksi-gorod.ru|taxivezde.ru|www.taxi-love.ru|deshevotaxi.ru;;;
saransk-ardatov;new;13;;NONE;Z_LOW_PRIORITY;Низкий приоритет (новые);LOW_PRIORITY;24;3;2;taxi555.ru|1taxopark.ru|catalogtaksi.ru|taxi.drive-luxe.ru|www.mezhgorod.taxi|taxi-russia.su|rustransfer.org|www.taxi-love.ru|jupiter-tmc.ru|ru-travel.org;;;
tambov-zherdevka;new;13;;NONE;Z_LOW_PRIORITY;Низкий приоритет (новые);LOW_PRIORITY;21;8;2;catalogtaksi.ru|kubtaxi.ru|taxi555.ru|ab-taxi.ru|tratatur.ru|taxi-ug.ru|takse.ru|1taxopark.ru|www.taxi2000.ru|www.mezhgorod.taxi;;;
izhevsk-dzerzhinskij;new;13;7;NONE;Z_LOW_PRIORITY;Низкий приоритет (новые);LOW_PRIORITY;19;6;3;taksisvo.ru|deshevotaxi.ru|rustransfer.org|catalogtaksi.ru|taxi533.ru|taxi-mini.ru|city2city.ru|taxi.yandex.ru|mejgorodtaxi.ru|vse-taxi.com;;;
izhevsk-molochnyj;new;13;1;SEO;F_AUTOPILOT;SEO автопилот;SEO_AUTOPILOT_NEW;3;0;0;city2city.ru|td-agromax.ru|moloko18.ru|izhagromaks.regtorg.ru|synergy18.ru|www.agro-resh.ru|xn--b1aedfedwrdfl5a6k.xn--p1ai|www.avito.ru|gkagromax.ru|productcenter.ru;;;
chelyabinsk-perm;new;13;;NONE;Z_LOW_PRIORITY;Низкий приоритет (новые);LOW_PRIORITY;13;14;0;intercity74.ru|driver174.ru|taxidesyatka.ru|chelyabinsk.taksi24.taxi|chelyabinsk.taxi24h.ru|taksi-gorod.ru|ab-taxi.ru|1taxopark.ru|taxi533.ru|rustransfer.org;;;
chelyabinsk-vysokij;new;13;1;NONE;Z_LOW_PRIORITY;Низкий приоритет (новые);LOW_PRIORITY;16;7;3;city2city.ru|chelyabinsk.taximaxim.ru|mejgorodtaxi.ru|deshevotaxi.ru|taxi.yandex.ru|driver174.ru|www.avito.ru|www.222-2-222.ru|uslugi.yandex.ru|vezet.ru;;;
novosibirsk-chulym;old;13;4;SEO;F_AUTOPILOT;SEO автопилот;SEO_AUTOPILOT;1;18;0;catalogtaksi.ru|willway.ru|taxi555.ru|city2city.ru|1taxopark.ru|www.taxi2000.ru|mezhgorod-taksi.ru|takse.ru|taxivezde.ru|www.mezhgorod.taxi|taxi.drive-luxe.ru|www.taxi-rokada.ru|obltaxi.ru|rustransfer.org|deshevotaxi.ru|viptaxinsk.ru|www.taxi-love.ru|alfa-taxi154.ru|jupiter-tmc.ru|vk.com|taxomarket.ru|2gis.ru|www.intui.travel|www.rome2rio.com|catalogtaxi.ru|www.transfer154.ru|taxisiberia.ru|xn--90absbknhbvge.xn--80akxkdedu.xn--p1acf|royalcars54.ru|taxigoroda.ru;Новосибирск;Чулым;5000
ryazan-voronezh;old;13;;DIRECT;H_DIRECT_TEST;Директ тест;DIRECT_TEST;1;25;0;ryazan.taxi24h.ru|rzn-transfer.ru|kubtaxi.ru|tratatur.ru|taksi-gorod.ru|ryazan.taksi24.taxi|1taxopark.ru|ryazan.sevastopol24.taxi|taxi-ug.ru|taxi533.ru|mezhgorod-rf.ru|taksisvo.ru|cabway.ru|taxi555.ru|taxi.drive-luxe.ru|ug.taxi|ab-taxi.ru|taxivezde.ru|www.mezhgorod.taxi|rustransfer.org|taxi-russia.su|catalogtaksi.ru|ryazan.taxi-krim.com|obltaxi.ru|taxi-cosmos.ru|deshevotaxi.ru|www.taxi-love.ru|vse-taxi.com|ryazan.simferopol-aeroport.taxi|www.avito.ru;Рязань;Воронеж;11500
xanty-mansijsk-nefteyugansk;old;13;2;SEO;F_AUTOPILOT;SEO автопилот;SEO_AUTOPILOT;3;17;0;taxi.drive-luxe.ru|city2city.ru|www.taxi2000.ru|1taxopark.ru|taxi555.ru|catalogtaksi.ru|obltaxi.ru|taxi-russia.su|takse.ru|rustransfer.org|taxivezde.ru|www.taxi-love.ru|deshevotaxi.ru|vse-taxi.com|www.avito.ru|ru-travel.org|www.rome2rio.com|www.intui.travel|mejgorodtaxi.ru|taxi-khanty-mansiysk-khanty-mansi-autonomous-okrug-ru.taxigator.ru|mezhgorod-taksi.ru|2gis.ru|vk.com|mezhgorod-rf.ru|uslugi.yandex.ru|perevozka24.com|y-taxi.ru|catalogtaxi.ru|minibus.biletyplus.ru|www.blablacar.ru;Ханты-Мансийск;Нефтеюганск;7200
kurgan-kurtamysh;old;13;;SEO;F_AUTOPILOT;SEO автопилот;SEO_AUTOPILOT;1;19;0;deshevotaxi.ru|taxi555.ru|catalogtaxi.ru|mejgorodtaxi.ru|xn----7sbyhcmnbsdikx.xn--p1ai|www.taxi2000.ru|1taxopark.ru|takse.ru|taxi.drive-luxe.ru|yandex.ru|rustransfer.org|taxivezde.ru|obltaxi.ru|www.taxi-rokada.ru|taxi-russia.su|mezhgorod-taksi.ru|ru-travel.org|www.taxi-love.ru|taxi-kurgan-kurgan-oblast-ru.taxigator.ru|vk.com|jupiter-tmc.ru|catalogtaksi.ru|xn--80afuomr.xn--80akxkdedu.xn--p1acf|kurtamysh1.taximaxim.ru|transfergid.ru|2gis.ru|uslugi.yandex.ru|www.blablacar.ru|kurtamysh.taxipoehali.ru|taxitops.ru;Курган;Куртамыш;2500
rostov-voronezh;old;13;24;DIRECT;H_DIRECT_TEST;Директ тест;DIRECT_TEST;1;24;0;rostov-na-donu.sky-transfer.ru|rostov.taxi24h.ru|www.avito.ru|perfect-taxi.ru|taksi-gorod.ru|kubtaxi.ru|unit-transfer.ru|rostov.taksi24.taxi|tratatur.ru|ugtravel.ru|taxi533.ru|turtransfer.ru|ugtaxi.ru|rustransfer.org|transferug.ru|taxi.drive-luxe.ru|msk.taxi|cvo-taxi.ru|ug.taxi|avto-kruiz.com|taksisvo.ru|taxi-svobodnoe.ru|xn-----6kckdgfipty1aaca1adgndr.xn--p1ai|city2city.ru|taxi.transferplustravel.com|taxikama.tb.ru|taxi-ug.ru|mejgorod-taxi.ru|rostov.taxi-krim.com|taxi-russia.su;Ростов-на-Дону;Воронеж;17400
sankt-peterburg-syktyvkar;old;13;;DIRECT;H_DIRECT_TEST;Директ тест;DIRECT_TEST;1;26;0;sky-transfer.ru|ugtaxi.ru|www.avito.ru|taxideshevo.com|unit-transfer.ru|taxi555.ru|ab-taxi.ru|vse-taxi.com|taksi-gorod.ru|www.mezhgorod.taxi|taxivezde.ru|mejgorod-taxi.ru|taxi.drive-luxe.ru|deshevotaxi.ru|www.taxi-love.ru|vtstaxi.ru|obltaxi.ru|xn----7sbebjgab2at5brxcj5g.xn--p1ai|mezhgorod-taksi.ru|mejgorodtaxi.ru|catalogtaxi.ru|mobilodeon.ru|transferug.ru|taximezhdugorodnee.ru|internet-taksi.ru|taxi-mezhgorod24.ru|taksicentr.ru|minivan-go.ru|deshevoetaksi-spb.ru|intercity-taxispb.ru;Санкт-Петербург;Сыктывкар;45000
xabarovsk-blagoveshhensk;old;13;2;DIRECT;H_DIRECT_TEST;Директ тест;DIRECT_TEST;1;18;0;www.avito.ru|city2city.ru|taxi533.ru|rustransfer.org|deshevotaxi.ru|mezhgorod-rf.ru|catalogtaksi.ru|onlinetaxi.su|catalogtaxi.ru|2gis.ru|mejgorodtaxi.ru|vse-taxi.com|uslugi.yandex.ru|taxi-khabarovsk-khabarovsk-krai-ru.taxigator.ru|taxi-nomera.ru|ru-travel.org|habarovsk.vezetvsem.ru|mezhgorod-taksi.ru|taksi-gorod.ru|khabarovsk.bt-one.ru|perevozka24.com|5zvdv.ru|www.farpost.ru|taxi.yandex.ru|uslugio.com|yandex.ru|www.transfer-go.ru|khabarovsk.taximaxim.ru|amurtransfer.ru|spravkataxi.ru;Хабаровск;Благовещенск;21600
kaluga-voronezh;old;13;;DIRECT;H_DIRECT_TEST;Директ тест;DIRECT_TEST;0;8;0;kubtaxi.ru|ug.taxi|kaluga.taxi24h.ru|tratatur.ru|kaluga.sevastopol24.taxi|taxi555.ru|taxi-ug.ru|1taxopark.ru|mejgorod-taxi.ru|taksisvo.ru;Калуга;Воронеж;13000
joshkar-ola-nizhnij-novgorod;old;13;;DIRECT;H_DIRECT_TEST;Директ тест;DIRECT_TEST;2;6;0;sky-transfer.ru|www.avito.ru|1taxopark.ru|kiwitaxi.ru|www.transfer12.ru|www.mezhgorod.taxi|mezhgorod-rf.ru|www.taxi2000.ru|taxi555.ru|transfers.unitaxi.ru;Йошкар-Ола;Нижний Новгород;10500
ulyanovsk-alatyr;old;13;;SEO;F_AUTOPILOT;SEO автопилот;SEO_AUTOPILOT;2;19;0;deshevotaxi.ru|1taxopark.ru|taxi555.ru|takse.ru|www.mezhgorod.taxi|www.taxi2000.ru|taxi.drive-luxe.ru|taxi-russia.su|rustransfer.org|catalogtaksi.ru|obltaxi.ru|taxivezde.ru|www.taxi-love.ru|www.rome2rio.com|mejgorodtaxi.ru|www.intui.travel|mezhgorod-taksi.ru|www.xn-----7kcbaaphbhdai9a3awnjra5bnrctq.xn--p1ai|jupiter-tmc.ru|taxi-nomer.ru|spravkataxi.ru|www.avito.ru|ru-travel.org|uslugi.yandex.ru|taxi.yandex.ru|vk.com|perevozka24.com|taxikama.tb.ru|ulyanovsk.taxipoehali.ru|ulyanovsk.taxovichkof.ru;Ульяновск;Алатырь;5000
ufa-gaj;old;13;6;DIRECT;H_DIRECT_TEST;Директ тест;DIRECT_TEST;0;19;0;taxi555.ru|vk.com|taxi-orsk-ufa-orsk.clients.site|www.mezhgorod.taxi|toptaxi.org|city2city.ru|taxiufa.ru|taksi-gorod.ru|yandex.ru|www.taxi2000.ru|rustransfer.org|taxivezde.ru|1taxopark.ru|taximini-ufa.ru|orskufa.ru|jupiter-tmc.ru|taksisvo.ru|obltaxi.ru|www.rome2rio.com|taxi-mini.ru|takse.ru|catalogtaksi.ru|mejgorodtaxi.ru|m.ok.ru|www.taxi-love.ru|taxiufa.com|taximezhgorod-ufa.ru|deshevotaxi.ru|mobilodeon.ru|orsk.gde.ru;Уфа;Гай;18300
ulyanovsk-sankt-peterburg;old;13;;DIRECT;H_DIRECT_TEST;Директ тест;DIRECT_TEST;1;27;0;ugtaxi.ru|ulyanovsk.taxi24h.ru|taxi533.ru|taksi-gorod.ru|www.mezhgorod.taxi|ulyanovsk.taksi24.taxi|taxi555.ru|mezhgorod-taksi.ru|mejgorod-taxi.ru|www.taxi2000.ru|taxi.drive-luxe.ru|taksisvo.ru|taxivezde.ru|takse.ru|onlinetaxi.su|www.taxi-love.ru|obltaxi.ru|vse-taxi.com|ulyanovsk.simferopol-aeroport.taxi|catalogtaksi.ru|mejgorodtaxi.ru|deshevotaxi.ru|mobilodeon.ru|taxi-nomer.ru|unit-transfer.ru|www.avito.ru|ulyanovsk.taxiarkadiya.ru|taxideshevo.com|taxitoday.ru|taxikama.tb.ru;Ульяновск;Санкт-Петербург;45500
ryazan-voskresensk;old;13;;SEO;F_AUTOPILOT;SEO автопилот;SEO_AUTOPILOT;1;23;0;taxi555.ru|catalogtaksi.ru|taksi-gorod.ru|taxi.drive-luxe.ru|taxivezde.ru|rzn-transfer.ru|1taxopark.ru|taksisvo.ru|www.mezhgorod.taxi|taxi-russia.su|vse-taxi.com|obltaxi.ru|rustransfer.org|www.taxi-love.ru|takse.ru|deshevotaxi.ru|mezhgorod-taksi.ru|mejgorodtaxi.ru|mobilodeon.ru|catalogtaxi.ru|www.rome2rio.com|taxi-ryazan-ryazan-oblast-ru.taxigator.ru|jupiter-tmc.ru|www.avito.ru|taxi-mezhgorod24.ru|xn--80antj7do.xn--80akxkdedu.xn--p1acf|www.taxi2000.ru|taxi.yandex.ru|transfer62.ru|taxinomerok.ru;Рязань;Воскресенск;4000
chelyabinsk-bajmak;old;13;5;DIRECT;H_DIRECT_TEST;Директ тест;DIRECT_TEST;0;5;0;vk.com|taxi555.ru|www.rome2rio.com|1taxopark.ru|city2city.ru|yandex.ru|taxivezde.ru|taxi.drive-luxe.ru|taksisvo.ru|rustransfer.org;Челябинск;Баймак;13500
ekaterinburg-sankt-peterburg;old;13;8;DIRECT;H_DIRECT_TEST;Директ тест;DIRECT_TEST;0;9;0;ugtaxi.ru|yekaterinburg.taxi24h.ru|sky-transfer.ru|yekaterinburg.taksi24.taxi|unit-transfer.ru|yekaterinburg.sevastopol24.taxi|taksi-gorod.ru|city2city.ru|taxivezde.ru|taksisvo.ru;Екатеринбург;Санкт-Петербург;71100
moskva-surgut;old;13;10;DIRECT;H_DIRECT_TEST;Директ тест;DIRECT_TEST;1;22;0;taxi-mobil.ru|taksi-gorod.ru|taxi555.ru|www.taxi2000.ru|www.mezhgorod.taxi|wing-taxi.ru|yandex.ru|1taxopark.ru|xn--80akxkdedu.xn--p1acf|city2city.ru|taxi-cosmos.ru|deshevotaxi.ru|mejgorod-taxi.ru|taxivezde.ru|taxi.drive-luxe.ru|www.taxi-love.ru|vse-taxi.com|obltaxi.ru|mejgorodtaxi.ru|mezhgorod-taksi.ru|izvozchik.su|taxi.yandex.ru|ridesharing.biletyplus.ru|catalogtaxi.ru|www.xn----7sbkecbh0cgqaodggm2b.xn--p1ai|servis-taxi.ru|taksicentr.ru|www.estaxi.ru|www.avito.ru|ug-transfer.online;Москва;Сургут;83700
saransk-ardatov-mordoviya;old;13;;SEO;F_AUTOPILOT;SEO автопилот;SEO_AUTOPILOT;2;17;0;taxi555.ru|1taxopark.ru|takse.ru|deshevotaxi.ru|catalogtaksi.ru|taksisvo.ru|mezhgorod-taksi.ru|taxivezde.ru|taxi.drive-luxe.ru|xn----7sbyhcmnbsdikx.xn--p1ai|www.taxi2000.ru|www.taxi-rokada.ru|taxi-russia.su|rustransfer.org|mejgorodtaxi.ru|www.taxi-love.ru|jupiter-tmc.ru|ru-travel.org|mobilodeon.ru|www.intui.travel|taxi-saransk-mordovia-ru.taxigator.ru|vk.com|taxomarket.ru|www.rome2rio.com|m.avito.ru|saransk.taximaxim.ru|taxi-troika-ardatov.orgs.biz|saransk.taxovichkof.ru|uslugi.yandex.ru|perevozka24.com;Саранск;Ардатов;7000
saratov-pallasovka;old;13;2;SEO;F_AUTOPILOT;SEO автопилот;SEO_AUTOPILOT;2;16;0;catalogtaksi.ru|city2city.ru|taxi555.ru|1taxopark.ru|taxi.drive-luxe.ru|taksisvo.ru|taxivezde.ru|www.taxi2000.ru|obltaxi.ru|vk.com|takse.ru|www.taxi-love.ru|rustransfer.org|mejgorodtaxi.ru|jupiter-tmc.ru|deshevotaxi.ru|mb-taxi.ru|www.rome2rio.com|mobilodeon.ru|xn--80aag1ciek.xn--80akxkdedu.xn--p1acf|mezhgorod-taksi.ru|www.intui.travel|xn--80aaahzdndlon5ak.xn--p1ai|taxigator.ru|pallasovka.taxovichkof.ru|www.avito.ru|perevozka24.com|regionaltaxi.ru|uslugi.yandex.ru|uslugio.com;Саратов;Палласовка;6800
tokmak-rostov-na-don;old;13;;DIRECT;H_DIRECT_TEST;Директ тест;DIRECT_TEST;1;21;0;vk.com|perevozka24.com|uslugi.yandex.ru|taxieconom.ru|t.me|tokmak.taxi24h.ru|deshevotaxi.ru|taxi-bereg.ru|tokmak.taxi-krim.com|taksi-gorod.ru|tokmak.sevastopol24.taxi|www.allcarz.ru|mezhgorod-rf.ru|ugtaxi.ru|tokmak.taksi24.taxi|2gis.kg|takse.ru|cvo-taxi.ru|taxi-yugtaxi.ru|catalogtaksi.ru|kiwitaxi.ru|taxi-tour.ru|tokmak.yalta-24.taxi|taxi-nomer.ru|taxi-vokrug.ru|yandex.ru|taxi-tokmak.ru|ug.taxi|intaxi.ru|tokmak.aeroport-simferopol.taxi;Токмак;Ростов-на-Дону;11000
bryansk-tula;old;13;;DIRECT;H_DIRECT_TEST;Директ тест;DIRECT_TEST;0;8;0;bryansk.taxi24h.ru|kubtaxi.ru|tratatur.ru|1taxopark.ru|taksi-gorod.ru|bryansk.taksi24.taxi|taxi533.ru|www.taxi2000.ru|bryansk.kerch24.taxi|taxi555.ru;Брянск;Тула;10000
krasnodar-chelyabinsk;old;13;;DIRECT;H_DIRECT_TEST;Директ тест;DIRECT_TEST;1;28;0;ugtaxi.ru|kubtaxi.ru|krasnodar.taksi24.taxi|krasnodar.taxi24h.ru|taksi-gorod.ru|krasnodar.kerch24.taxi|taxi555.ru|ug.taxi|centertaxi-krd.ru|catalogtaksi.ru|krasnodar.aeroport-simferopol.taxi|taksisvo.ru|krasnodar.taxi-krim.com|www.mezhgorod.taxi|mejgorod-taxi.ru|krasnodar.simferopol-aeroport.taxi|obltaxi.ru|taxi-cosmos.ru|mezhgorod-rf.ru|vse-taxi.com|www.taxi-love.ru|transferug.ru|mejgorodtaxi.ru|deshevotaxi.ru|mezhgorod-taksi.ru|transfer23.ru|ug-transfer.online|taxi.yandex.ru|taxinomerok.ru|www.avito.ru;Краснодар;Челябинск;71000
volgograd-voronezh;old;13;;DIRECT;H_DIRECT_TEST;Директ тест;DIRECT_TEST;0;25;0;volgograd.taxi24h.ru|kubtaxi.ru|taksi-gorod.ru|tratatur.ru|volgograd.taksi24.taxi|turtransfer.ru|ug.taxi|unit-transfer.ru|sochi.taxi|taksisvo.ru|taxi533.ru|taxi555.ru|1taxopark.ru|taxi-ug.ru|taxi-russia.su|mezhgorod-rf.ru|vse-taxi.com|rustransfer.org|taxivezde.ru|taxi-cosmos.ru|www.mezhgorod.taxi|volgograd.simferopol-aeroport.taxi|catalogtaxi.ru|volgograd.aeroport-simferopol.taxi|cabway.ru|www.taxi-love.ru|korona-taksi.ru|ru-travel.org|www.transfer34.ru|catalogtaksi.ru;Волгоград;Воронеж;17500
vologda-velsk;old;13;1;SEO;F_AUTOPILOT;SEO автопилот;SEO_AUTOPILOT;0;20;0;city2city.ru|taxi.drive-luxe.ru|taxi555.ru|www.mezhgorod.taxi|ab-taxi.ru|takse.ru|taxivezde.ru|obltaxi.ru|catalogtaksi.ru|rustransfer.org|1taxopark.ru|deshevotaxi.ru|www.taxi-love.ru|jupiter-tmc.ru|vk.com|ru-travel.org|taxi-vologda-vologda-oblast-ru.taxigator.ru|xn--24-6kc6aj8ahcgi.xn--p1ai|mobilodeon.ru|mejgorodtaxi.ru|taxi-mezhgorod24.ru|mezhgorod-taksi.ru|xn--80adde7arb.xn--80akxkdedu.xn--p1acf|vtstaxi.ru|taxitaksi.ru|xn--80afdpcl3cf.xn--p1ai|transfer35.ru|taxi-russia.ru|www.taxi2000.ru|taksi-gorod.ru;Вологда;Вельск;7600
tver-zubczov;old;13;;SEO;F_AUTOPILOT;SEO автопилот;SEO_AUTOPILOT;1;20;0;taksisvo.ru|1taxopark.ru|www.taxi2000.ru|taxi555.ru|taxi.drive-luxe.ru|deshevotaxi.ru|www.mezhgorod.taxi|taxivezde.ru|takse.ru|catalogtaksi.ru|xn----7sbyhcmnbsdikx.xn--p1ai|rustransfer.org|taksi-services.ru|www.taxi-love.ru|mezhgorod-taksi.ru|mejgorodtaxi.ru|taxi-tver-tver-oblast-ru.taxigator.ru|oblastnoe-taxi.ru|taxi-mezhgorod24.ru|jupiter-tmc.ru|mobilodeon.ru|www.rome2rio.com|taksi-gorod.ru|xn--80affnblthori.xn--p1ai|xn--24-6kc6aj8ahcgi.xn--p1ai|www.avito.ru|ru-travel.org|zelenoglazoetaxi.online|mezhdugorodnee-taksi.ru|perevozka24.com;Тверь;Зубцов;4000
tula-belgorod;old;13;;DIRECT;H_DIRECT_TEST;Директ тест;DIRECT_TEST;0;25;0;kubtaxi.ru|tratatur.ru|tula.sevastopol24.taxi|taksi-gorod.ru|taxi-ug.ru|tula.taxi24h.ru|ug.taxi|1taxopark.ru|taxi555.ru|www.taxi2000.ru|taxi533.ru|www.mezhgorod.taxi|rustransfer.org|taxivezde.ru|taxi.drive-luxe.ru|tula.yalta-24.taxi|mezhgorod-rf.ru|catalogtaksi.ru|obltaxi.ru|taksisvo.ru|jupiter-tmc.ru|tula.simferopol-aeroport.taxi|transfer71.ru|www.taxi-love.ru|tula.taxi-krim.com|taksi-services.ru|tula.aeroport-simferopol.taxi|deshevotaxi.ru|mobilodeon.ru|vse-taxi.com;Тула;Белгород;14500
belgorod-volgograd;old;13;;DIRECT;H_DIRECT_TEST;Директ тест;DIRECT_TEST;0;9;0;sky-transfer.ru|taksi-gorod.ru|kubtaxi.ru|tratatur.ru|sochi.taxi|belgorod.taxi24h.ru|belgorod.taksi24.taxi|belgorod.sevastopol24.taxi|taxi555.ru|taxi-ug.ru;Белгород;Волгоград;24300
voronezh-ryazan;old;13;;DIRECT;H_DIRECT_TEST;Директ тест;DIRECT_TEST;0;23;0;voronezh.taxi24h.ru|taxi-ug.ru|kubtaxi.ru|tratatur.ru|taksi-gorod.ru|1taxopark.ru|voronezh.taksi24.taxi|taxi555.ru|taxi533.ru|rustransfer.org|jupiter-tmc.ru|unit-transfer.ru|mejgorod-taxi.ru|www.mezhgorod.taxi|catalogtaxi.ru|mezhgorod-rf.ru|cabway.ru|taxivezde.ru|taxi.drive-luxe.ru|taksisvo.ru|voronezh.simferopol-aeroport.taxi|ug.taxi|voronezh.aeroport-simferopol.taxi|mb-taxi.ru|catalogtaksi.ru|www.taxi-love.ru|vse-taxi.com|taxi-cosmos.ru|ru-travel.org|vip-888.ru;Воронеж;Рязань;11500
oryol-belgorod;old;13;;SEO;F_AUTOPILOT;SEO автопилот;SEO_AUTOPILOT;0;27;0;kubtaxi.ru|tratatur.ru|orel.taxi24h.ru|taxi-ug.ru|orel.taksi24.taxi|taksi-gorod.ru|sochi.taxi|catalogtaksi.ru|1taxopark.ru|mejgorod-taxi.ru|taxi533.ru|taxi555.ru|obltaxi.ru|taxi-cosmos.ru|taksisvo.ru|ug.taxi|www.mezhgorod.taxi|rustransfer.org|orel.taxi-krim.com|orel.aeroport-simferopol.taxi|www.taxi-love.ru|taxivezde.ru|jupiter-tmc.ru|orel.simferopol-aeroport.taxi|deshevotaxi.ru|vse-taxi.com|onlinetaxi.su|taksi-services.ru|taxi-mobil.ru|mejgorodtaxi.ru;Орёл;Белгород;9000
ryazan-vladimir;old;13;;SEO;F_AUTOPILOT;SEO автопилот;SEO_AUTOPILOT;0;26;0;rzn-transfer.ru|ryazan.sevastopol24.taxi|taksi-gorod.ru|vse-taxi.com|ryazan.taksi24.taxi|1taxopark.ru|ryazan.taxi-krim.com|ryazan.taxi24h.ru|taksisvo.ru|ryazan.yalta-24.taxi|deshevotaxi.ru|taxi533.ru|mezhgorod-rf.ru|www.mezhgorod.taxi|ryazan.simferopol-aeroport.taxi|rustransfer.org|transfer-rzn-62.ru|www.taxi-love.ru|ug.taxi|taxivezde.ru|jupiter-tmc.ru|ryazan.aeroport-simferopol.taxi|taxi-russia.su|catalogtaxi.ru|transfergid.ru|obltaxi.ru|mejgorodtaxi.ru|transfer62.ru|uslugi.yandex.ru|taxi-ryazan-ryazan-oblast-ru.taxigator.ru;Рязань;Владимир;7000
kirov-doneczk-rostovskaya-oblast;old;13;16;DIRECT;H_DIRECT_TEST;Директ тест;DIRECT_TEST;1;21;0;kirov.taxi24h.ru|taksisvo.ru|msk.taxi|www.avito.ru|catalogtaksi.ru|taxi533.ru|kirov.taxi-krim.com|kirov.taksi24.taxi|deshevotaxi.ru|mezhgorod-rf.ru|mejgorodtaxi.ru|xn-----6kcj2al3blgik3i.xn--p1ai|den-taxi.ru|onlinetaxi.su|taxi-mini.ru|city2city.ru|mobilodeon.ru|kirov.simferopol-aeroport.taxi|mezhgorod-taksi.ru|t.me|www.rome2rio.com|vk.com|taxi-nomer.ru|taksimetr.ru|vse-taxi.com|taxi977.ru|nomera-taksi.ru|taksikirov.ru|taxinovyeterritorii.ru|www.xn----7sbhwbjc7arfi.xn--p1ai;Киров;Донецк;50500
elista-essentuki;old;13;;DIRECT;H_DIRECT_TEST;Директ тест;DIRECT_TEST;0;8;0;taxi-ug.ru|kubtaxi.ru|tratatur.ru|taxi.drive-luxe.ru|1taxopark.ru|rustransfer.org|sochi.taxi|catalogtaksi.ru|taxi555.ru|taxivezde.ru;Элиста;Ессентуки;10500
voronezh-volgograd;old;13;;DIRECT;H_DIRECT_TEST;Директ тест;DIRECT_TEST;0;24;0;voronezh.taxi24h.ru|kubtaxi.ru|voronezh.taksi24.taxi|taksi-gorod.ru|tratatur.ru|voronezh.sevastopol24.taxi|ug.taxi|taxi-ug.ru|rustransfer.org|taxi533.ru|www.mezhgorod.taxi|1taxopark.ru|voronezh.taxi-krim.com|mejgorod-taxi.ru|taksisvo.ru|unit-transfer.ru|taxi-cosmos.ru|vse-taxi.com|taxi-russia.su|cabway.ru|sochi.taxi|vip-888.ru|taxivezde.ru|voronezh.simferopol-aeroport.taxi|mezhgorod-rf.ru|voronezh.aeroport-simferopol.taxi|vrn-taxi.ru|ru-travel.org|taxicamry.ru|catalogtaksi.ru;Воронеж;Волгоград;17500
omsk-nazyvaevsk;old;13;7;SEO;F_AUTOPILOT;SEO автопилот;SEO_AUTOPILOT;2;18;0;catalogtaksi.ru|deshevotaxi.ru|taxi555.ru|vse-taxi.com|1taxopark.ru|taksi-gorod.ru|city2city.ru|vk.com|taxi.drive-luxe.ru|takse.ru|www.taxi2000.ru|taxivezde.ru|taxi-omsk-omsk-oblast-ru.taxigator.ru|obltaxi.ru|www.taxi-love.ru|www.taxi-rokada.ru|ru-travel.org|rustransfer.org|www.intui.travel|jupiter-tmc.ru|www.rome2rio.com|www.avito.ru|2gis.ru|omsk.taxovichkof.ru|omsk.taximaxim.ru|perevozka24.com|catalogtaxi.ru|taxi.yandex.ru|taxi-nomera.ru|omsk.vyboruslug.com;Омск;Называевск;6500
ufa-leninogorsk;old;13;;SEO;F_AUTOPILOT;SEO автопилот;SEO_AUTOPILOT;3;20;0;kiwitaxi.ru|taxi555.ru|taxi24online.ru|www.mezhgorod.taxi|www.taxi2000.ru|1taxopark.ru|taksi-gorod.ru|rustransfer.org|yandex.ru|deshevotaxi.ru|taxivezde.ru|taksisvo.ru|taximini-ufa.ru|obltaxi.ru|jupiter-tmc.ru|taxi-mini.ru|takse.ru|www.taxi-love.ru|www.intui.travel|www.rome2rio.com|mejgorodtaxi.ru|taxiufa.ru|vk.com|mezhgorod-taksi.ru|catalogtaxi.ru|taxiufa.com|taxiufaleninogorsk.turbo.site|www.transfer02.ru|www.avito.ru|minivan-go.ru;Уфа;Лениногорск;8000
nizhniy_novgorod-yoshkar-ola;old;13;2;DIRECT;H_DIRECT_TEST;Директ тест;DIRECT_TEST;2;23;0;kiwitaxi.ru|city2city.ru|1taxopark.ru|rustransfer.org|unit-transfer.ru|taxi555.ru|www.mezhgorod.taxi|ab-taxi.ru|taxi.drive-luxe.ru|taxivezde.ru|mezhgorod-rf.ru|obltaxi.ru|mejgorod-taxi.ru|takse.ru|minivan-nn.ru|catalogtaksi.ru|www.taxi-love.ru|www.avito.ru|vse-taxi.com|taxi-cosmos.ru|deshevotaxi.ru|mb-taxi.ru|mezhgorod-taksi.ru|transfergid.ru|mejgorodtaxi.ru|www.transfer12.ru|taximezhgorod24.ru|order-taxi.ru|nizhniynovgorod.taxiarkadiya.ru|regionaltaxi.ru;Нижний Новгород;Йошкар-Ола;10500
kazan-chelyabinsk;old;13;8;DIRECT;H_DIRECT_TEST;Директ тест;DIRECT_TEST;0;7;0;ugtaxi.ru|sky-transfer.ru|kazan.taksi24.taxi|mezhgorod.pro|taxi533.ru|kazan.taxi24h.ru|taksi-gorod.ru|city2city.ru|kazan.sevastopol24.taxi|1taxopark.ru;Казань;Челябинск;28400
stavropol-sochi;old;13;14;DIRECT;H_DIRECT_TEST;Директ тест;DIRECT_TEST;1;25;0;sky-transfer.ru|stavropol.taxi24h.ru|sochi.taxi|perfect-taxi.ru|tratatur.ru|stavropol.taxi-krim.com|ug.taxi|taxi533.ru|ugtaxi.ru|stavropol.taksi24.taxi|taxi.transferplustravel.com|stavropol.sevastopol24.taxi|www.taxi2000.ru|city2city.ru|taksisvo.ru|1taxopark.ru|stavropol.aeroport-simferopol.taxi|taxivezde.ru|www.avito.ru|taxi.drive-luxe.ru|www.taxi-love.ru|rustransfer.org|taxi-russia.su|catalogtaksi.ru|mejgorod-taxi.ru|ru-travel.org|taksi-go.ru|transferug.ru|kubtaxi.ru|taxi-cosmos.ru;Ставрополь;Сочи;14600
vladimir-melenki;old;13;;SEO;F_AUTOPILOT;SEO автопилот;SEO_AUTOPILOT;1;21;0;taxi555.ru|transfer-vlad33.ru|xn--33-6kcu3bqdcefbvh.xn--p1ai|catalogtaksi.ru|www.taxi-love.ru|taxivezde.ru|www.mezhgorod.taxi|deshevotaxi.ru|taxi-russia.su|mejgorodtaxi.ru|ru-travel.org|rustransfer.org|taxi-vladimir-vladimir-oblast-ru.taxigator.ru|taxomarket.ru|www.rome2rio.com|taxi24online.ru|mezhgorod-taksi.ru|mobilodeon.ru|taksi-services.ru|takse.ru|order-taxi.ru|xn--33-6kc6aj6be.xn--p1ai|taksi-gorod.ru|taksisvo.ru|www.taxi2000.ru|obltaxi.ru|uslugi.yandex.ru|m.avito.ru|perevozka24.com|catalogtaxi.ru;Владимир;Меленки;4000
vladimir-ryazan;old;13;;SEO;F_AUTOPILOT;SEO автопилот;SEO_AUTOPILOT;0;26;0;vladimir.taxi24h.ru|transfer-vlad33.ru|vladimir.taksi24.taxi|www.taxi-love.ru|taxi555.ru|xn--33-6kcu3bqdcefbvh.xn--p1ai|taxivezde.ru|vse-taxi.com|taxi533.ru|perfect-taxi.ru|taksisvo.ru|rustransfer.org|ab-taxi.ru|www.transfer33.ru|vladimir.taxi-krim.com|ug.taxi|taxi.drive-luxe.ru|mejgorod-taxi.ru|catalogtaxi.ru|taxi-russia.su|vladimir.skidkom.ru|vladimir.simferopol-aeroport.taxi|deshevotaxi.ru|jupiter-tmc.ru|ru-travel.org|obltaxi.ru|mejgorodtaxi.ru|taksi-services.ru|mezhgorod-taksi.ru|rzn-transfer.ru;Владимир;Рязань;7000
ekaterinburg-sochi;old;13;6;DIRECT;H_DIRECT_TEST;Директ тест;DIRECT_TEST;0;9;0;ugtaxi.ru|taksi-gorod.ru|ug.taxi|yekaterinburg.taxi24h.ru|yekaterinburg.sevastopol24.taxi|city2city.ru|taksisvo.ru|catalogtaksi.ru|www.transfer66.ru|vse-taxi.com;Екатеринбург;Сочи;81300
sankt-peterburg-chelyabinsk;old;13;30;DIRECT;H_DIRECT_TEST;Директ тест;DIRECT_TEST;0;27;0;sankt-peterburg.taxi24h.ru|sankt-peterburg.sevastopol24.taxi|sankt-peterburg.taksi24.taxi|taxi555.ru|ugtaxi.ru|unit-transfer.ru|taksi-gorod.ru|taxivezde.ru|taxi-cosmos.ru|sankt-peterburg.taxi-krim.com|taxideshevo.com|taksisvo.ru|ug.taxi|driver174.ru|sankt-peterburg.simferopol-aeroport.taxi|www.taxi-love.ru|obltaxi.ru|deshevotaxi.ru|vtstaxi.ru|vse-taxi.com|catalogtaxi.ru|xn----7sbebjgab2at5brxcj5g.xn--p1ai|mejgorodtaxi.ru|www.daleko-taxi.ru|intercity-taxispb.ru|mezhgorod-taksi.ru|transferug.ru|taximezhdugorodnee.ru|taxi-st-petersburg-ru.taxigator.ru|city2city.ru;Санкт-Петербург;Челябинск;73500
ufa-mixajlovka;old;13;4;SEO;F_AUTOPILOT;SEO автопилот;SEO_AUTOPILOT;1;19;0;taximini-ufa.ru|taxi533.ru|uslugi.yandex.ru|city2city.ru|toptaxi.org|taksi-gorod.ru|taxi-mini.ru|taksisvo.ru|2gis.ru|taxiufa.ru|rustransfer.org|www.intui.travel|yandex.ru|catalogtaksi.ru|takse.ru|vk.com|sky-transfer.ru|taximinimalka.ru|mejgorodtaxi.ru|mezhgorod-taksi.ru|deshevotaxi.ru|minivan-go.ru|ufalain.ru|taxi-bulgakovo-republic-of-bashkortostan-ru.taxigator.ru|mobilodeon.ru|taxiufa.com|www.transfer02.ru|xn--80a1bd.xn--80akxkdedu.xn--p1acf|www.taximezhgorodufa.ru|taximiniufa.ru;Уфа;Михайловка;3000
voronezh-rostov-na-donu;old;13;9;DIRECT;H_DIRECT_TEST;Директ тест;DIRECT_TEST;1;26;0;voronezh.sky-transfer.ru|ugtaxi.ru|voronezh.taxi24h.ru|kubtaxi.ru|tratatur.ru|taksi-gorod.ru|ug.taxi|taxi-svobodnoe.ru|city2city.ru|voronezh.taksi24.taxi|taxi-ug.ru|transferug.ru|voronezh.taxi-krim.com|msk.taxi|www.avito.ru|rustransfer.org|taksisvo.ru|cabway.ru|www.mezhgorod.taxi|taxi.drive-luxe.ru|unit-transfer.ru|catalogtaxi.ru|taxivezde.ru|taxi533.ru|taxi-russia.su|mejgorod-taxi.ru|vrn-taxi.ru|sochi.taxi|www.taxi-love.ru|vse-taxi.com;Воронеж;Ростов-на-Дону;17100
svo-taxi-rostov-na-donu-tokmak;old;13;;DIRECT;H_DIRECT_TEST;Директ тест;DIRECT_TEST;1;12;0;taxi.yandex.ru|rostov-na-donu1.taximaxim.ru|2gis.ru|yandex.ru|vezet.ru|city-mobil.ru|uslugi.yandex.ru|m.avito.ru|zoon.ru|161.ru|www.yell.ru|www.2306306.com|xn-----6kckdgfipty1aaca1adgndr.xn--p1ai|www.komandirovka.ru|rutaxi.ru|go.yandex|perevozka24.com|vk.com|taxi.ugtravel.com|taksi-gorod.ru|redtaxi.ru|taxiizrostova.ru|rostov.yp.ru|apps.apple.com|555don.ru|www.rustore.ru|vse-taxi.com|intaxi.ru|taxieconom.ru|taxi-leader.ru;Ростов-на-Дону;Токмак;11000
chelyabinsk-kazan;old;13;;DIRECT;H_DIRECT_TEST;Директ тест;DIRECT_TEST;0;7;0;intercity74.ru|ugtaxi.ru|driver174.ru|taksi-gorod.ru|taxidesyatka.ru|chelyabinsk.taksi24.taxi|chelyabinsk.sevastopol24.taxi|chelyabinsk.taxi24h.ru|taxi533.ru|1taxopark.ru;Челябинск;Казань;28800
stavropol-blagodarnyj;old;13;8;SEO;F_AUTOPILOT;SEO автопилот;SEO_AUTOPILOT;2;19;0;taxi-ug.ru|kubtaxi.ru|ugtaxi.ru|perfect-taxi.ru|taxi555.ru|tratatur.ru|1taxopark.ru|city2city.ru|obltaxi.ru|www.taxi2000.ru|taksisvo.ru|taxivezde.ru|rustransfer.org|catalogtaksi.ru|takse.ru|www.taxi-love.ru|mejgorodtaxi.ru|deshevotaxi.ru|taxi-russia.su|mezhgorod-taksi.ru|blagodarny.taximaxim.ru|www.intui.travel|www.rome2rio.com|uslugi.yandex.ru|transferug.ru|transfergid.ru|mobilodeon.ru|minivan-go.ru|www.avito.ru|stavropol.nashaspravka.ru;Ставрополь;Благодарный;5100
moskva-bor;new;12;6;NONE;Z_LOW_PRIORITY;Низкий приоритет (новые);LOW_PRIORITY;11;13;0;taxi555.ru|www.taxi2000.ru|taxi-mobil.ru|zakaz.mezhgorod.taxi|ab-taxi.ru|city2city.ru|1taxopark.ru|www.taxi-love.ru|wing-taxi.ru|ugtaxi.ru;;;
moskva-melenki;new;12;9;SEO;F_AUTOPILOT;SEO автопилот;SEO_AUTOPILOT_NEW;10;15;0;taxi555.ru|taxi-mobil.ru|ab-taxi.ru|zakaz.mezhgorod.taxi|1taxopark.ru|www.taxi2000.ru|wing-taxi.ru|www.taxi-love.ru|city2city.ru|taxivezde.ru;;;
moskva-pavlovsk;new;12;;NONE;Z_LOW_PRIORITY;Низкий приоритет (новые);LOW_PRIORITY;13;16;0;taxi-mobil.ru|ugtaxi.ru|wing-taxi.ru|taxi555.ru|taksi-gorod.ru|1taxopark.ru|moskva.taxideshevo.com|www.taxi2000.ru|taxivezde.ru|taxi.drive-luxe.ru;;;
moskva-petushki;new;12;;NONE;Z_LOW_PRIORITY;Низкий приоритет (новые);LOW_PRIORITY;10;15;0;taxi555.ru|taxi-mobil.ru|www.mezhgorod.taxi|www.taxi2000.ru|taxivezde.ru|xn----7sbyhcmnbsdikx.xn--p1ai|ab-taxi.ru|ugtaxi.ru|1taxopark.ru|www.taxi-love.ru;;;
moskva-stroitel;new;12;;NONE;Z_LOW_PRIORITY;Низкий приоритет (новые);LOW_PRIORITY;14;13;1;taxi-mobil.ru|zakaz.mezhgorod.taxi|taxi.drive-luxe.ru|ugtaxi.ru|1taxopark.ru|rustransfer.org|www.taximasters.ru|taxivezde.ru|www.taxi-love.ru|taksisvo.ru;;;
moskva-sudak;new;12;;NONE;Z_LOW_PRIORITY;Низкий приоритет (новые);LOW_PRIORITY;6;21;0;taxi-mobil.ru|moskva.sevastopol24.taxi|wing-taxi.ru|ugtaxi.ru|ug-transfer.online|ug.taxi|msk.taxi|taksi-gorod.ru|tratatur.ru|taxi.transferplustravel.com;;;
arxangelsk-gagarin;new;12;1;NONE;Z_LOW_PRIORITY;Низкий приоритет (новые);LOW_PRIORITY;18;5;3;city2city.ru|deshevotaxi.ru|mejgorodtaxi.ru|mezhgorod-taksi.ru|catalogtaxi.ru|catalogtaksi.ru|ru-travel.org|yandex.ru|rustaxi.ru|2gis.ru;;;
arxangelsk-kotlas;new;12;;NONE;Z_LOW_PRIORITY;Низкий приоритет (новые);LOW_PRIORITY;21;6;3;taxi555.ru|catalogtaksi.ru|1taxopark.ru|taxi.drive-luxe.ru|www.mezhgorod.taxi|rustransfer.org|mezhgorod-taksi.ru|www.taxi-love.ru|obltaxi.ru|taxi-russia.ru;;;
belgorod-severnyj;new;12;;NONE;Z_LOW_PRIORITY;Низкий приоритет (новые);LOW_PRIORITY;22;5;3;yandex.ru|taksi-gorod.ru|ab-taxi.ru|taxi.drive-luxe.ru|1taxopark.ru|www.mezhgorod.taxi|www.taxi2000.ru|deshevotaxi.ru|taksisvo.ru|catalogtaksi.ru;;;
bryansk-fokino;new;12;;NONE;Z_LOW_PRIORITY;Низкий приоритет (новые);LOW_PRIORITY;23;5;2;1taxopark.ru|taksi-gorod.ru|taxi555.ru|obltaxi.ru|xn----7sbyhcmnbsdikx.xn--p1ai|taxi.drive-luxe.ru|yandex.ru|taxivezde.ru|takse.ru|catalogtaksi.ru;;;
volgograd-elan;new;12;;NONE;Z_LOW_PRIORITY;Низкий приоритет (новые);LOW_PRIORITY;19;6;1;taxi555.ru|1taxopark.ru|taksi-gorod.ru|catalogtaksi.ru|taksisvo.ru|deshevotaxi.ru|taxivezde.ru|www.mezhgorod.taxi|taxi.drive-luxe.ru|obltaxi.ru;;;
voronezh-lgov;new;12;;NONE;Z_LOW_PRIORITY;Низкий приоритет (новые);LOW_PRIORITY;16;7;2;cabway.ru|taksisvo.ru|kubtaxi.ru|rustransfer.org|www.rome2rio.com|catalogtaxi.ru|takse.ru|ru-travel.org|jupiter-tmc.ru|taksi-gorod.ru;;;
ivanovo-koxma;new;12;;NONE;Z_LOW_PRIORITY;Низкий приоритет (новые);LOW_PRIORITY;23;3;3;catalogtaksi.ru|yandex.ru|1taxopark.ru|taxi555.ru|taxivezde.ru|www.taxi2000.ru|taxi.drive-luxe.ru|taksisvo.ru|takse.ru|rustransfer.org;;;
irkutsk-oktyabrskoe;new;12;2;NONE;Z_LOW_PRIORITY;Низкий приоритет (новые);LOW_PRIORITY;18;1;3;www.yell.ru|city2city.ru|deshevotaxi.ru|2gis.ru|www.avito.ru|irkutsk.spravker.ru|irkutsk.taximaxim.ru|vse-taxi.com|223-223.ru|irk.blizko.ru;;;
krasnodar-divnomorskoe;new;12;;NONE;Z_LOW_PRIORITY;Низкий приоритет (новые);LOW_PRIORITY;6;22;0;kubtaxi.ru|taxi-ug.ru|tratatur.ru|taxi.ugtravel.com|krasnodar.taxi24h.ru|krasnodar.taksi24.taxi|perfect-taxi.ru|taxiresort.ru|kiwitaxi.ru|taxi-svobodnoe.ru;;;
krasnoyarsk-svobodnyj;new;12;1;NONE;Z_LOW_PRIORITY;Низкий приоритет (новые);LOW_PRIORITY;18;8;3;city2city.ru|catalogtaksi.ru|deshevotaxi.ru|jupiter-tmc.ru|catalogtaxi.ru|mezhgorod-taksi.ru|krasnoyarsk.taximaxim.ru|www.avito.ru|taxi.yandex.ru|xn--80atblfjdfd2l.xn--80akxkdedu.xn--p1acf;;;
kursk-belyj;new;12;20;NONE;Z_LOW_PRIORITY;Низкий приоритет (новые);LOW_PRIORITY;25;3;3;taksisvo.ru|taxi555.ru|www.mezhgorod.taxi|taksi-gorod.ru|rustransfer.org|1taxopark.ru|taxivezde.ru|mezhgorod-taksi.ru|obltaxi.ru|taxi.drive-luxe.ru;;;
kursk-saratov;new;12;;NONE;Z_LOW_PRIORITY;Низкий приоритет (новые);LOW_PRIORITY;15;15;0;kursk.taxi24h.ru|kursk.sevastopol24.taxi|kubtaxi.ru|tratatur.ru|taxi-ug.ru|taxi555.ru|kursk.aeroport-simferopol.taxi|ug.taxi|www.mezhgorod.taxi|rustransfer.org;;;
penza-lermontov;new;12;1;NONE;Z_LOW_PRIORITY;Низкий приоритет (новые);LOW_PRIORITY;19;8;3;city2city.ru|taksi-gorod.ru|taksisvo.ru|catalogtaksi.ru|catalogtaxi.ru|deshevotaxi.ru|penza.sevastopol24.taxi|mejgorodtaxi.ru|penza.taxi24h.ru|vse-taxi.com;;;
perm-gornozavodsk;new;12;;NONE;Z_LOW_PRIORITY;Низкий приоритет (новые);LOW_PRIORITY;22;4;1;taxi.drive-luxe.ru|1taxopark.ru|xn----7sbyhcmnbsdikx.xn--p1ai|taksi-gorod.ru|uralavtotaxi.ru|taxi555.ru|www.taxi2000.ru|taxi-perm.su|taksisvo.ru|catalogtaksi.ru;;;
perm-ryazan;new;12;;NONE;Z_LOW_PRIORITY;Низкий приоритет (новые);LOW_PRIORITY;17;10;2;taksi-gorod.ru|perm.taxi24h.ru|taxi533.ru|perm.sevastopol24.taxi|catalogtaksi.ru|taksisvo.ru|taxivezde.ru|taxi555.ru|www.mezhgorod.taxi|www.taxi-love.ru;;;
oryol-voronezh;new;12;;NONE;Z_LOW_PRIORITY;Низкий приоритет (новые);LOW_PRIORITY;16;12;0;kubtaxi.ru|catalogtaksi.ru|ug.taxi|orel.taxi24h.ru|orel.taksi24.taxi|tratatur.ru|taxi-ug.ru|taksi-gorod.ru|taxi555.ru|cabway.ru;;;
ufa-marks;new;12;;NONE;Z_LOW_PRIORITY;Низкий приоритет (новые);LOW_PRIORITY;18;11;4;taksisvo.ru|jupiter-tmc.ru|rustransfer.org|taxi-mini.ru|deshevotaxi.ru|mejgorodtaxi.ru|taxiufa.ru|taximini-ufa.ru|mobilodeon.ru|minivan-go.ru;;;
ufa-urengoj;new;12;;NONE;Z_LOW_PRIORITY;Низкий приоритет (новые);LOW_PRIORITY;14;13;4;taxi-mini.ru|vse-taxi.com|deshevotaxi.ru|catalogtaksi.ru|vk.com|taxiufaurengoi.turbo.site|taxi-ufa-republic-of-bashkortostan-ru.taxigator.ru|toptaxi.org|yandex.ru|transfergid.ru;;;
kazan-kirovskij;new;12;5;SEO;F_AUTOPILOT;SEO автопилот;SEO_AUTOPILOT_NEW;11;11;2;yandex.ru|www.yell.ru|ugtaxi.ru|2gis.ru|city2city.ru|kazan.taxi24h.ru|www.avito.ru|kazan.spravker.ru|kazan.sevastopol24.taxi|kazan.taksi24.taxi;;;
samara-smyshlyaevka;new;12;;NONE;Z_LOW_PRIORITY;Низкий приоритет (новые);LOW_PRIORITY;19;7;2;vk.com|zoon.ru|1taxopark.ru|yandex.ru|taxi555.ru|taxi.drive-luxe.ru|obltaxi.ru|uslugi.yandex.ru|mejgorodtaxi.ru|www.taxi-rokada.ru;;;
saratov-perm;new;12;;NONE;Z_LOW_PRIORITY;Низкий приоритет (новые);LOW_PRIORITY;17;12;0;saratov.taxi24h.ru|saratov.sevastopol24.taxi|taxi.drive-luxe.ru|taxi555.ru|obltaxi.ru|rustransfer.org|www.mezhgorod.taxi|jupiter-tmc.ru|vse-taxi.com|www.taxi-love.ru;;;
aeroport-kolczovo-pyshma;new;12;;NONE;Z_LOW_PRIORITY;Низкий приоритет (новые);LOW_PRIORITY;19;5;1;kiwitaxi.ru|transfers.unitaxi.ru|taxivezde.ru|taksi-gorod.ru|willway.ru|1taxopark.ru|taxi.drive-luxe.ru|taxi555.ru|www.rome2rio.com|xn----7sbyhcmnbsdikx.xn--p1ai;;;
aeroport-kolczovo-uralskij;new;12;1;SEO;F_AUTOPILOT;SEO автопилот;SEO_AUTOPILOT_NEW;13;8;2;city2city.ru|www.tourister.ru|yandex.ru|www.avito.ru|taksi-gorod.ru|kiwitaxi.ru|www.intui.travel|2gis.ru|taxi-avantime.ru|xn----7sbyhcmnbsdikx.xn--p1ai;;;
xabarovsk-yuzhnyj;new;12;2;NONE;Z_LOW_PRIORITY;Низкий приоритет (новые);LOW_PRIORITY;18;7;3;taksi-gorod.ru|city2city.ru|catalogtaksi.ru|taxi.yandex.ru|khabarovsk.taximaxim.ru|deshevotaxi.ru|yandex.ru|zoon.ru|2gis.ru|taxiomega.ru;;;
chelyabinsk-lokomotivnyj;new;12;;NONE;Z_LOW_PRIORITY;Низкий приоритет (новые);LOW_PRIORITY;19;7;3;taxi555.ru|ab-taxi.ru|obltaxi.ru|1taxopark.ru|uslugi.yandex.ru|taxivezde.ru|taxi.drive-luxe.ru|chelyabinsk.taximaxim.ru|www.taxi2000.ru|taxi.yandex.ru;;;
svo-taxi-lugansk-krasnyy-luch;old;12;;SEO;F_AUTOPILOT;SEO автопилот;SEO_AUTOPILOT;1;15;0;estlugansk.ru|lugansk.taxi|yandex.ru|600.taxi|www.avito.ru|dzen.ru|959.xn--p1ai|vk.com|uslugi.yandex.ru|arteltaxi.ru|ok.ru|taxi-alliance.turbo.site|t.me|www.rustore.ru|deshevotaxi.ru|perevozka24.com|horeca-lg.ru|taksi-gorod.ru|taxigoroda.ru|apps.apple.com|lugansk.sky-transfer.ru|lugansk.taksi24.taxi|lugansk.taxi24h.ru|takse.ru|lugansk.taxiarkadiya.ru|taxi-lugansk.ru|434.taxi|taxi-lnr.ru|zvs-lg.ru|xn-----6kcbqgcdjrv0afza5ajp5i.xn--p1ai;Луганск;Красный Луч;2500
vladivostok-lesozavodsk;old;12;3;DIRECT;H_DIRECT_TEST;Директ тест;DIRECT_TEST;1;17;0;sky-transfer.ru|mezhgorod-taksi.ru|city2city.ru|deshevotaxi.ru|rustransfer.org|unit-transfer.ru|catalogtaksi.ru|takse.ru|drive125.ru|jupiter-tmc.ru|www.rome2rio.com|taxigator.ru|taksi-gorod.ru|xn--80adbhunc2aa3al.xn--80akxkdedu.xn--p1acf|go.yandex|taxi.yandex.ru|vladivostok.bt-one.ru|2gis.ru|xn----8sbear7aqwdih2a.xn--p1ai|transfergid.ru|lesozavodsk.taximaxim.ru|perevozka24.com|taxivendi.ru|uslugi.yandex.ru|m.avito.ru|vladivostok.taxipoehali.ru|vse-taxi.com|www.taximezgorod.com|www.farpost.ru|www.rutaxist.ru;Владивосток;Лесозаводск;10500
svo-taxi-krasnyy-luch-lugansk;old;12;16;SEO;F_AUTOPILOT;SEO автопилот;SEO_AUTOPILOT;0;13;0;vk.com|start81.ru|pilot.tvoe.taxi|www.rustore.ru|m.ok.ru|t.me|xn-----6kcb2bidcmr5aiff2a8d3c.xn--p1ai|959.xn--p1ai|arteltaxi.ru|yandex.ru|deshevotaxi.ru|taxi-vokrug.ru|perevozka24.com|taksi-gorod.ru|uslugi.yandex.ru|city2city.ru|takse.ru|intaxi.ru|pilot--taxii.orgs.biz|catalogtaksi.ru|yandex.ru|ugtravel.ru|taxieconom.ru|taxi-cosmos.ru|dzen.ru|ugtravel.com|ugtaxi.ru|bibi-bot.ru|astrataxi.ru|astra.redbeam.ru;Красный луч;Луганск;3200
krasnoyarsk-kodinsk;old;12;6;DIRECT;H_DIRECT_TEST;Директ тест;DIRECT_TEST;1;15;0;vk.com|1taxopark.ru|www.mezhgorod.taxi|takse.ru|taxi.drive-luxe.ru|city2city.ru|taxivezde.ru|www.taxi2000.ru|mezhgorod-taksi.ru|ok.ru|rustransfer.org|catalogtaksi.ru|www.taxi-rokada.ru|www.taxi-love.ru|t.me|deshevotaxi.ru|www.rome2rio.com|obltaxi.ru|jupiter-tmc.ru|minibus.biletyplus.ru|xn--80atblfjdfd2l.xn--80akxkdedu.xn--p1acf|yandex.ru|kodinskexpress.orgs.biz|transfergid.ru|intaxi.ru|krasnojarsk.vezetvsem.ru|uslugi.yandex.ru|taxi-krasnoyarsk-krasnoyarsk-krai-ru.taxigator.ru|youla.ru|taksi-gorod.ru;Красноярск;Кодинск;21000
tver-smolensk;old;12;;DIRECT;H_DIRECT_TEST;Директ тест;DIRECT_TEST;1;25;0;tver.taxi24h.ru|taxi555.ru|1taxopark.ru|tver.taksi24.taxi|rustransfer.org|taxivezde.ru|taxi.drive-luxe.ru|taksi-gorod.ru|www.mezhgorod.taxi|taxi533.ru|tver.yalta-24.taxi|www.taxi-love.ru|taksisvo.ru|ug.taxi|mezhgorod-taksi.ru|mezhgorod-rf.ru|catalogtaksi.ru|jupiter-tmc.ru|tver.simferopol-aeroport.taxi|taksi-services.ru|deshevotaxi.ru|vse-taxi.com|oblastnoe-taxi.ru|mezhdugorodnee-taxi24.ru|mezhdugorodnee-taksi.ru|mejgorodtaxi.ru|onlinetaxi.su|www.avito.ru|taxi-tver-tver-oblast-ru.taxigator.ru|www.rome2rio.com;Тверь;Смоленск;12500
syktyvkar-emva;old;12;4;SEO;F_AUTOPILOT;SEO автопилот;SEO_AUTOPILOT;3;17;0;taxi555.ru|taksi-gorod.ru|yandex.ru|city2city.ru|1taxopark.ru|vk.com|xn----7sbyhcmnbsdikx.xn--p1ai|www.taxi2000.ru|takse.ru|taxivezde.ru|catalogtaksi.ru|deshevotaxi.ru|www.taxi-rokada.ru|rustransfer.org|mejgorodtaxi.ru|www.taxi-love.ru|obltaxi.ru|taxi-syktyvkar-komi-republic-ru.taxigator.ru|www.intui.travel|taxi-russia.ru|mezhgorod-taksi.ru|taximezhgorod.ru|www.rome2rio.com|2gis.ru|xn--80adi2a.xn--80akxkdedu.xn--p1acf|www.avito.ru|perevozka24.com|www.ds11.ru|www.blablacar.ru|catalogtaxi.ru;Сыктывкар;Емва;4900
kazan-kumertau;old;12;2;DIRECT;H_DIRECT_TEST;Директ тест;DIRECT_TEST;0;5;0;www.rome2rio.com|city2city.ru|www.mezhgorod.taxi|taksisvo.ru|1taxopark.ru|mejgorod-taxi.ru|taxi.drive-luxe.ru|taxivezde.ru|yandex.ru|mezhgorod.pro;Казань;Кумертау;21600
barnaul-omsk;old;12;3;DIRECT;H_DIRECT_TEST;Директ тест;DIRECT_TEST;0;9;0;taxi533.ru|www.taxi2000.ru|city2city.ru|taksi-gorod.ru|rustransfer.org|taxivezde.ru|deshevotaxi.ru|www.mezhgorod.taxi|vse-taxi.com|obltaxi.ru;Барнаул;Омск;26000
ryazan-ivanovo;old;12;;DIRECT;H_DIRECT_TEST;Директ тест;DIRECT_TEST;1;24;0;taksi-gorod.ru|rzn-transfer.ru|ryazan.taxi24h.ru|ryazan.taksi24.taxi|ryazan.sevastopol24.taxi|taxi533.ru|rustransfer.org|taksisvo.ru|vse-taxi.com|taxi.drive-luxe.ru|www.taxi-love.ru|www.mezhgorod.taxi|transfer-rzn-62.ru|taxivezde.ru|mezhgorod-rf.ru|catalogtaksi.ru|obltaxi.ru|ryazan.aeroport-simferopol.taxi|www.taxi-rokada.ru|ryazan.simferopol-aeroport.taxi|deshevotaxi.ru|uslugi.yandex.ru|www.avito.ru|transfergid.ru|ru-travel.org|jupiter-tmc.ru|mejgorodtaxi.ru|transfer62.ru|xn--80antj7do.xn--80akxkdedu.xn--p1acf|taxigator.ru;Рязань;Иваново;10500
yaroslavl-nizhnij-novgorod;old;12;;DIRECT;H_DIRECT_TEST;Директ тест;DIRECT_TEST;1;27;0;yaroslavl.taksi24.taxi|www.avito.ru|yatransfer76.ru|yaroslavl.taxi24h.ru|taxi555.ru|taxi533.ru|1taxopark.ru|transfers.unitaxi.ru|www.mezhgorod.taxi|catalogtaksi.ru|mejgorod-taxi.ru|taxivezde.ru|taksi-gorod.ru|takse.ru|taxi.drive-luxe.ru|ug.taxi|www.taxi-love.ru|obltaxi.ru|taksisvo.ru|yaroslavl.simferopol-aeroport.taxi|taxigorkovskoe.ru|deshevotaxi.ru|taksi-services.ru|transfer-raketa76.ru|transfergid.ru|vse-taxi.com|mejgorodtaxi.ru|taxi-russia.ru|mezhdugorodnee-taxi24.ru|taximezhgorod24.ru;Ярославль;Нижний Новгород;12000
omsk-krasnoyarsk;old;12;;DIRECT;H_DIRECT_TEST;Директ тест;DIRECT_TEST;2;19;0;taksi-gorod.ru|taxi533.ru|www.taxi2000.ru|www.mezhgorod.taxi|mezhgorod-rf.ru|vse-taxi.com|taxivezde.ru|obltaxi.ru|taxi-russia.su|catalogtaksi.ru|www.taxi-love.ru|deshevotaxi.ru|mejgorodtaxi.ru|vk.com|mezhgorod-taksi.ru|taxi-omsk-omsk-oblast-ru.taxigator.ru|xn--j1adfn.xn--80akxkdedu.xn--p1acf|perevozka24.com|www.avito.ru|taxi.yandex.ru|uslugi.yandex.ru|2gis.ru|omsk.taxovichkof.ru|omsk.bt-one.ru|drivee.com|www.estaxi.ru|uslugio.com|omsk.taximaxim.ru|catalogtaxi.ru|www.blablacar.ru;Омск;Красноярск;42500
krasnodar-kursk;old;12;;DIRECT;H_DIRECT_TEST;Директ тест;DIRECT_TEST;0;26;0;ugtaxi.ru|taksi-gorod.ru|kubtaxi.ru|perfect-taxi.ru|krasnodar.taksi24.taxi|taxi533.ru|krasnodar.taxi24h.ru|tratatur.ru|ug.taxi|taxi-ug.ru|msk.taxi|krasnodar.taxi-krim.com|mezhgorod-rf.ru|krasnodar.aeroport-simferopol.taxi|taksisvo.ru|sochi.taxi|mejgorod-taxi.ru|krasnodar.simferopol-aeroport.taxi|taxi-cosmos.ru|taxivezde.ru|taxiaero-simferopol.ru|obltaxi.ru|rustransfer.org|deshevotaxi.ru|vse-taxi.com|catalogtaksi.ru|mejgorodtaxi.ru|xn-----6kcj2al3blgik3i.xn--p1ai|transferug.ru|minivan-go.ru;Краснодар;Курск;32000
chelyabinsk-penza;old;12;7;DIRECT;H_DIRECT_TEST;Директ тест;DIRECT_TEST;0;9;0;chelyabinsk.taksi24.taxi|taxi533.ru|chelyabinsk.taxi24h.ru|taksi-gorod.ru|chelyabinsk.sevastopol24.taxi|taxi555.ru|city2city.ru|ug.taxi|chelyabinsk.yalta-24.taxi|www.mezhgorod.taxi;Челябинск;Пенза;36900
svo-taxi-kamenka-novosibirsk;old;12;;DIRECT;H_DIRECT_TEST;Директ тест;DIRECT_TEST;1;16;0;kamenka.taxigost.com|taxi.yandex.ru|2gis.ru|uslugi.yandex.ru|yandex.ru|ok.ru|rutaxist.ru|perevozka24.com|taxitops.ru|m.avito.ru|deshevotaxi.ru|www.rustore.ru|taxi-nomera.ru|catalogtaksi.ru|intaxi.ru|xn--80aqf2ac.taxi|taxigoroda.ru|kamenka.jsprav.ru|vk.com|www.prosto.es|kamenka.spravker.ru|taxi-kamenka-penza-oblast-ru.taxigator.ru|car4you.su|www.taxopark.com|taxi-avto.ru|taxitelephone.ru|taxi-po-telefonu.ru|xn----8sbnojigiuni.xn--p1ai|catalogtaxi.ru|www.komandirovka.ru;село Каменка;Новосибирск;114000
rostov-belaya-kalitva;old;12;;SEO;F_AUTOPILOT;SEO автопилот;SEO_AUTOPILOT;1;23;0;taxi-ug.ru|kubtaxi.ru|tratatur.ru|ugtaxi.ru|perfect-taxi.ru|taksi-gorod.ru|catalogtaxi.ru|rustransfer.org|taxi555.ru|ab-taxi.ru|www.mezhgorod.taxi|ugtravel.com|1taxopark.ru|alex-transport.ru|obltaxi.ru|taxi-cosmos.ru|mezhgorod-rf.ru|takse.ru|taxi-russia.su|taksisvo.ru|taxivezde.ru|www.intui.travel|vse-taxi.com|taxi-orion.ru|catalogtaksi.ru|www.taxi2000.ru|transfers.unitaxi.ru|www.taxi-love.ru|deshevotaxi.ru|mejgorodtaxi.ru;Ростов-на-Дону;Белая Калитва;5500
ufa-tryoxgornyj;old;12;;SEO;F_AUTOPILOT;SEO автопилот;SEO_AUTOPILOT;2;25;0;taksi-gorod.ru|taxi555.ru|www.taxi2000.ru|www.mezhgorod.taxi|taxivezde.ru|taximini-ufa.ru|toptaxi.org|1taxopark.ru|taksisvo.ru|takse.ru|www.taxi-rokada.ru|www.taxi-love.ru|taxi-mini.ru|catalogtaxi.ru|deshevotaxi.ru|www.rome2rio.com|www.intui.travel|taxiufa.ru|mejgorodtaxi.ru|catalogtaksi.ru|mezhgorod-taksi.ru|taxi-ufa-republic-of-bashkortostan-ru.taxigator.ru|taximinimalka.ru|www.taxiufa.com|www.transfer02.ru|transfer-ufa.ru|obltaxi.ru|www.avito.ru|taxi-ufa.ru|taksi-ufa.ru;Уфа;Трёхгорный;6000
ekaterinburg-verxnij-ufalej;old;12;;SEO;F_AUTOPILOT;SEO автопилот;SEO_AUTOPILOT;0;8;0;taksisvo.ru|taksi-ekb.ru|catalogtaksi.ru|rustransfer.org|catalogtaxi.ru|taxi555.ru|www.taxi2000.ru|nexttax.ru|taxivezde.ru|1taxopark.ru;Екатеринбург;Верхний Уфалей;5500
kostroma-makarev;old;12;1;SEO;F_AUTOPILOT;SEO автопилот;SEO_AUTOPILOT;0;20;0;city2city.ru|catalogtaksi.ru|1taxopark.ru|taxi555.ru|deshevotaxi.ru|taxi.drive-luxe.ru|www.mezhgorod.taxi|takse.ru|rustransfer.org|yandex.ru|taxivezde.ru|taksisvo.ru|www.taxi2000.ru|www.taxi-rokada.ru|www.taxi-love.ru|www.rome2rio.com|mejgorodtaxi.ru|taxi-kostroma-kostroma-oblast-ru.taxigator.ru|jupiter-tmc.ru|mezhgorod-taksi.ru|vk.com|uslugi.yandex.ru|taksi-services.ru|ok.ru|obltaxi.ru|transfergid.ru|kostroma.taximaxim.ru|mezhdugorodnee-taksi.ru|xn--80affnblthori.xn--p1ai|transfer44.ru;Кострома;Макарьев;6100
kostroma-sharya;old;12;;SEO;F_AUTOPILOT;SEO автопилот;SEO_AUTOPILOT;1;21;0;catalogtaksi.ru|taksi-gorod.ru|deshevotaxi.ru|taksisvo.ru|taxi555.ru|1taxopark.ru|www.mezhgorod.taxi|taxi.drive-luxe.ru|vk.com|www.taxi-rokada.ru|takse.ru|rustransfer.org|taxivezde.ru|xn----7sbyhcmnbsdikx.xn--p1ai|www.taxi2000.ru|obltaxi.ru|jupiter-tmc.ru|www.taxi-love.ru|taxi-russia.ru|mejgorodtaxi.ru|t.me|taksi-services.ru|mezhgorod-taksi.ru|mobilodeon.ru|www.rome2rio.com|transfergid.ru|taxi-kostroma-kostroma-oblast-ru.taxigator.ru|mezhdugorodnee-taksi.ru|www.avito.ru|transfer44.ru;Кострома;Шарья;9500
novosibirsk-kupino;old;12;;DIRECT;H_DIRECT_TEST;Директ тест;DIRECT_TEST;1;18;0;starcars54.ru|www.mezhgorod.taxi|taxivezde.ru|1taxopark.ru|takse.ru|taxi.drive-luxe.ru|taksi-gorod.ru|www.taxi2000.ru|deshevotaxi.ru|catalogtaksi.ru|obltaxi.ru|jupiter-tmc.ru|rustransfer.org|www.taxi-love.ru|alfa-taxi154.ru|mezhgorod-taksi.ru|m.ok.ru|taxomarket.ru|royalcars54.ru|taxi-novosibirsk-novosibirsk-oblast-ru.taxigator.ru|novosibirsk.perivoz.ru|transfergid.ru|go.yandex|xn--90absbknhbvge.xn--80akxkdedu.xn--p1acf|m.avito.ru|www.transfer154.ru|taxi-iz-tolmachevo.ru|uslugi.yandex.ru|sky-transfer.ru|novosibirsk.taximaxim.ru;Новосибирск;Купино;14000
astraxan-gorod-lagan;old;12;9;SEO;F_AUTOPILOT;SEO автопилот;SEO_AUTOPILOT;0;6;0;kubtaxi.ru|ugtaxi.ru|tratatur.ru|vk.com|taxi-ug.ru|taxi555.ru|1taxopark.ru|taksi-gorod.ru|city2city.ru|taxi-russia.su;Астрахань;Лагань;5800
nizhnij-novgorod-perevoz;old;12;3;SEO;F_AUTOPILOT;SEO автопилот;SEO_AUTOPILOT;1;17;0;taxi555.ru|unit-transfer.ru|city2city.ru|mezhgorod-taksi.ru|mezhgorod-rf.ru|taksisvo.ru|deshevotaxi.ru|www.taxi2000.ru|1taxopark.ru|taxivezde.ru|taxigorkovskoe.ru|xn----7sbyhcmnbsdikx.xn--p1ai|taxi.drive-luxe.ru|obltaxi.ru|catalogtaksi.ru|takse.ru|mejgorodtaxi.ru|rustransfer.org|www.taxi-love.ru|vk.com|mb-taxi.ru|jupiter-tmc.ru|www.avito.ru|2gis.ru|uslugi.yandex.ru|www.rome2rio.com|nn.bt-one.ru|xn--80aesgcvcug0d.su|taxinnov.ru|taxi-nizhny-novgorod-nizhny-novgorod-oblast-ru.taxigator.ru;Нижний Новгород;Перевоз;3600
ryazan-kashira;old;12;;SEO;F_AUTOPILOT;SEO автопилот;SEO_AUTOPILOT;1;22;0;rzn-transfer.ru|taksi-gorod.ru|1taxopark.ru|taxi555.ru|taxi.drive-luxe.ru|www.taxi2000.ru|taxivezde.ru|taksisvo.ru|catalogtaksi.ru|www.taxi-love.ru|deshevotaxi.ru|obltaxi.ru|takse.ru|rustransfer.org|mejgorodtaxi.ru|mezhgorod-taksi.ru|www.rome2rio.com|xn--80antj7do.xn--80akxkdedu.xn--p1acf|www.avito.ru|taxi-mezhgorod24.ru|jupiter-tmc.ru|uslugi.yandex.ru|perevozka24.com|taxi.yandex.ru|taxigator.ru|transfergid.ru|transfer-rzn-62.ru|transfer62.ru|vse-taxi.com|yandex.ru;Рязань;Кашира;4000
elista-pyatigorsk;old;12;8;SEO;F_AUTOPILOT;SEO автопилот;SEO_AUTOPILOT;0;6;0;kubtaxi.ru|elista.taksi24.taxi|elista.sevastopol24.taxi|tratatur.ru|taxi-ug.ru|www.rome2rio.com|1taxopark.ru|city2city.ru|rustransfer.org|taxi.drive-luxe.ru;Элиста;Пятигорск;9900
kostroma-soligalich;old;12;;SEO;F_AUTOPILOT;SEO автопилот;SEO_AUTOPILOT;0;21;0;catalogtaksi.ru|taksisvo.ru|taxi555.ru|taxivezde.ru|ab-taxi.ru|deshevotaxi.ru|www.taxi2000.ru|obltaxi.ru|1taxopark.ru|xn----7sbyhcmnbsdikx.xn--p1ai|takse.ru|www.taxi-rokada.ru|taxi.drive-luxe.ru|www.rome2rio.com|taxi-kostroma-kostroma-oblast-ru.taxigator.ru|mejgorodtaxi.ru|mezhgorod-taksi.ru|www.taxi-love.ru|taksi-services.ru|mobilodeon.ru|xn--80affnblthori.xn--p1ai|kostroma.taximaxim.ru|uslugi.yandex.ru|vk.com|perevozka24.com|mezhdugorodnee-taksi.ru|transfer44.ru|taxi.yandex.ru|vse-taxi.com|m.ok.ru;Кострома;Солигалич;6500
kaluga-kurovskoe;old;12;1;SEO;F_AUTOPILOT;SEO автопилот;SEO_AUTOPILOT;0;8;0;city2city.ru|1taxopark.ru|www.taxi2000.ru|taxi.drive-luxe.ru|taksisvo.ru|catalogtaxi.ru|taxi-mini.ru|www.mezhgorod.taxi|taxivezde.ru|www.taxi-love.ru;Калуга;Куровское;7400
voronezh-chelyabinsk;old;12;8;DIRECT;H_DIRECT_TEST;Директ тест;DIRECT_TEST;0;26;0;tratatur.ru|kubtaxi.ru|voronezh.taxi24h.ru|taksi-gorod.ru|voronezh.sevastopol24.taxi|taxi-ug.ru|vse-taxi.com|city2city.ru|ug.taxi|voronezh.taxi-krim.com|taxi555.ru|cabway.ru|taxi.drive-luxe.ru|unit-transfer.ru|taxivezde.ru|taksisvo.ru|obltaxi.ru|voronezh.simferopol-aeroport.taxi|voronezh.aeroport-simferopol.taxi|deshevotaxi.ru|www.taxi-love.ru|mb-taxi.ru|ru-travel.org|mezhgorod-taksi.ru|mejgorodtaxi.ru|catalogtaksi.ru|taksi-services.ru|mezhdugorodnee-taxi24.ru|taxi-nomer.ru|taxi.yandex.ru;Воронеж;Челябинск;52200
astraxan-lagan;old;12;7;SEO;F_AUTOPILOT;SEO автопилот;SEO_AUTOPILOT;0;6;0;kubtaxi.ru|ugtaxi.ru|tratatur.ru|taxi555.ru|vk.com|1taxopark.ru|city2city.ru|taxi-russia.su|catalogtaxi.ru|deshevotaxi.ru;Астрахань;Лагань;5800
vologda-belgorod;old;12;17;DIRECT;H_DIRECT_TEST;Директ тест;DIRECT_TEST;0;26;0;vologda.taxi24h.ru|taksi-gorod.ru|taxi533.ru|taxi.drive-luxe.ru|taksisvo.ru|vologda.taksi24.taxi|www.mezhgorod.taxi|taxi555.ru|taxi-cosmos.ru|rustransfer.org|www.taxi2000.ru|obltaxi.ru|mejgorod-taxi.ru|vologda.yalta-24.taxi|vse-taxi.com|levtransfer.ru|city2city.ru|vologda.taxi-krim.com|jupiter-tmc.ru|catalogtaksi.ru|mezhgorod-taksi.ru|taxivezde.ru|ru-travel.org|vologda.aeroport-simferopol.taxi|www.taxi-love.ru|vtstaxi.ru|vologda.simferopol-aeroport.taxi|taxi-russia.ru|taksi-go.ru|xn--80adde7arb.xn--80akxkdedu.xn--p1acf;Вологда;Белгород;34000
kazan-urzhum;old;12;3;SEO;F_AUTOPILOT;SEO автопилот;SEO_AUTOPILOT;0;6;0;mezhgorod.pro|taxi555.ru|city2city.ru|taksisvo.ru|taksi-gorod.ru|ab-taxi.ru|1taxopark.ru|www.mezhgorod.taxi|taxi.drive-luxe.ru|yandex.ru;Казань;Уржум;6800
xabarovsk-ussurijsk;old;12;1;DIRECT;H_DIRECT_TEST;Директ тест;DIRECT_TEST;3;13;0;city2city.ru|deshevotaxi.ru|rustransfer.org|mezhgorod-taksi.ru|takse.ru|catalogtaksi.ru|vse-taxi.com|taxi-khabarovsk-khabarovsk-krai-ru.taxigator.ru|www.intui.travel|www.avito.ru|2gis.ru|taksi-gorod.ru|khabarovsk.bt-one.ru|perevozka24.com|uslugi.yandex.ru|khabarovsk.taximaxim.ru|minibus.biletyplus.ru|taxi.yandex.ru|khabarovsk.taxipoehali.ru|yandex.ru|www.blablacar.ru|xn--d1abb2a.xn--p1ai|region27.com|mezhgorod-rf.ru|xn--80aacf4bwnk3a.xn--80akxkdedu.xn--p1acf|mejgorodtaxi.ru|doberemsya.net|taxiomega.ru|www.farpost.ru|vk.com;Хабаровск;Уссурийск;20000
ekaterinburg-gornozavodsk;old;12;;SEO;F_AUTOPILOT;SEO автопилот;SEO_AUTOPILOT;0;7;0;taxi555.ru|1taxopark.ru|taxi.drive-luxe.ru|takse.ru|www.taxi-love.ru|obltaxi.ru|deshevotaxi.ru|catalogtaksi.ru|mezhgorod-taksi.ru|nexttax.ru;Екатеринбург;Горнозаводск;9500
ryazan-egorevsk;old;12;2;SEO;F_AUTOPILOT;SEO автопилот;SEO_AUTOPILOT;1;23;0;rzn-transfer.ru|city2city.ru|taxi555.ru|www.taxi2000.ru|taxi.drive-luxe.ru|www.mezhgorod.taxi|taxivezde.ru|taksisvo.ru|www.taxi-love.ru|catalogtaksi.ru|1taxopark.ru|mezhgorod-taksi.ru|obltaxi.ru|taxi-russia.su|takse.ru|vse-taxi.com|www.rome2rio.com|deshevotaxi.ru|rustransfer.org|mejgorodtaxi.ru|taksi-gorod.ru|ab-taxi.ru|xn--80antj7do.xn--80akxkdedu.xn--p1acf|taxi-mezhgorod24.ru|taxigator.ru|ru-travel.org|taxi.yandex.ru|transfer62.ru|taxinomerok.ru|www.avito.ru;Рязань;Егорьевск;4700
nizhniy_novgorod-yaroslavl;old;12;;DIRECT;H_DIRECT_TEST;Директ тест;DIRECT_TEST;1;24;0;nizhniy-novgorod.taksi24.taxi|www.avito.ru|nizhniy-novgorod.taxi24h.ru|taxi533.ru|unit-transfer.ru|taxi555.ru|ug.taxi|rustransfer.org|jupiter-tmc.ru|mejgorod-taxi.ru|taxivezde.ru|taksisvo.ru|minivan-nn.ru|taxi-russia.su|1taxopark.ru|taxi.drive-luxe.ru|taxigorkovskoe.ru|www.mezhgorod.taxi|obltaxi.ru|diveevo-transfer.ru|www.taxi-love.ru|yatransfer76.ru|xn--80aesgcvcug0d.su|taximezhgorod24.ru|mejgorodtaxi.ru|mb-taxi.ru|deshevotaxi.ru|vse-taxi.com|catalogtaksi.ru|1tmehgorod.ru;Нижний Новгород;Ярославль;12000
saratov-belgorod;old;12;6;DIRECT;H_DIRECT_TEST;Директ тест;DIRECT_TEST;1;25;0;kubtaxi.ru|sky-transfer.ru|saratov.taxi24h.ru|tratatur.ru|taksi-gorod.ru|city2city.ru|saratov.sevastopol24.taxi|taxi533.ru|vse-taxi.com|ug.taxi|catalogtaxi.ru|www.taxi2000.ru|taksisvo.ru|taxi-ug.ru|sochi.taxi|saratov.yalta-24.taxi|taxi-lider64.ru|levtransfer.ru|taxi.drive-luxe.ru|www.mezhgorod.taxi|taxi555.ru|mejgorod-taxi.ru|rustransfer.org|www.avito.ru|taxi-cosmos.ru|obltaxi.ru|taxivezde.ru|mezhgorod-rf.ru|jupiter-tmc.ru|saratov.taxi-krim.com;Саратов;Белгород;23200
kurgan-miass;old;12;;DIRECT;H_DIRECT_TEST;Директ тест;DIRECT_TEST;2;20;0;taxi555.ru|deshevotaxi.ru|rustransfer.org|www.taxi2000.ru|www.mezhgorod.taxi|taxivezde.ru|1taxopark.ru|taxi.drive-luxe.ru|mezhgorod-rf.ru|vse-taxi.com|obltaxi.ru|catalogtaksi.ru|www.taxi-love.ru|mejgorodtaxi.ru|jupiter-tmc.ru|mezhgorod-taksi.ru|www.rome2rio.com|transfergid.ru|taxigator.ru|catalogtaxi.ru|taxi.yandex.ru|takse.ru|intercity74.ru|2gis.ru|www.avito.ru|kurgan.taximaxim.ru|perevozka24.com|xn--80aplwa.xn--80akxkdedu.xn--p1acf|www.blablacar.ru|taxidesyatka.ru;Курган;Миасс;11500
sankt-peterburg-kirishi;old;12;;SEO;F_AUTOPILOT;SEO автопилот;SEO_AUTOPILOT;1;23;0;sky-transfer.ru|taxitoday.ru|taxi555.ru|taxideshevo.com|kiwitaxi.ru|1taxopark.ru|taksisvo.ru|catalogtaksi.ru|unit-transfer.ru|mejgorod-taxi.ru|taxi628.ru|glavtaxi-spb.ru|www.taxi-love.ru|korona-taksi.ru|mezhgorod-taksi.ru|rustransfer.org|xn----7sbebjgab2at5brxcj5g.xn--p1ai|transfers.unitaxi.ru|takse.ru|taxi-st-petersburg-ru.taxigator.ru|www.taxi2000.ru|deshevotaxi.ru|neva-cars.ru|www.rome2rio.com|taxi-cosmos.ru|taxi-nomera.ru|obltaxi.ru|intercity-taxispb.ru|mejgorodtaxi.ru|uslugi.yandex.ru;Санкт-Петербург;Кириши;5000
sankt-peterburg-anapa;old;12;;DIRECT;H_DIRECT_TEST;Директ тест;DIRECT_TEST;1;26;0;sankt-peterburg.taxi24h.ru|sankt-peterburg.taxi-krim.com|ug.taxi|taxitoday.ru|sankt-peterburg.taksi24.taxi|piter.yalta-24.taxi|sankt-peterburg.sevastopol24.taxi|www.avito.ru|sankt-peterburg.simferopol-aeroport.taxi|taxideshevo.com|ugtaxi.ru|taksi-gorod.ru|mejgorod-taxi.ru|taksisvo.ru|catalogtaxi.ru|sankt-peterburg.aeroport-simferopol.taxi|transferug.ru|vtstaxi.ru|sochi.taxi|mejgorodtaxi.ru|vse-taxi.com|xn----7sbebjgab2at5brxcj5g.xn--p1ai|deshevotaxi.ru|1tmehgorod.ru|intercity-taxispb.ru|taximezhdugorodnee.ru|mezhgorod-taksi.ru|mobilodeon.ru|peterburgskoe-taxi.ru|catalogtaksi.ru;Санкт-Петербург;Анапа;66500
perm-saratov;old;12;;DIRECT;H_DIRECT_TEST;Директ тест;DIRECT_TEST;1;26;0;perm.taxi24h.ru|perm.sevastopol24.taxi|taxi555.ru|www.mezhgorod.taxi|taxi.drive-luxe.ru|rustransfer.org|catalogtaksi.ru|www.taxi-love.ru|obltaxi.ru|jupiter-tmc.ru|vse-taxi.com|xn----7sbyhmmrebi.xn--p1ai|mezhgorod-taksi.ru|taxi533.ru|deshevotaxi.ru|taxivezde.ru|perm.simferopol-aeroport.taxi|mejgorodtaxi.ru|taksisvo.ru|taksi-gorod.ru|perm.taxi-krim.com|taxi-realtransfer-mejgorod.ru|www.taxi2000.ru|ab-taxi.ru|perm.aeroport-simferopol.taxi|onlinetaxi.su|transfergid.ru|www.avito.ru|taxi.yandex.ru|perm.perivoz.ru;Пермь;Саратов;38500
chelyabinsk-voronezh;old;12;9;DIRECT;H_DIRECT_TEST;Директ тест;DIRECT_TEST;0;8;0;kubtaxi.ru|taksi-gorod.ru|tratatur.ru|catalogtaksi.ru|taxi-ug.ru|chelyabinsk.taxi24h.ru|chelyabinsk.taksi24.taxi|chelyabinsk.sevastopol24.taxi|city2city.ru|taxi555.ru;Челябинск;Воронеж;52200
nizhnij-novgorod-vyazniki;old;12;;SEO;F_AUTOPILOT;SEO автопилот;SEO_AUTOPILOT;2;22;0;mezhgorod-taksi.ru|taxi555.ru|taxi.drive-luxe.ru|obltaxi.ru|taksi-gorod.ru|takse.ru|unit-transfer.ru|rustransfer.org|taxivezde.ru|1taxopark.ru|catalogtaksi.ru|taxigorkovskoe.ru|deshevotaxi.ru|mejgorodtaxi.ru|www.taxi-love.ru|www.avito.ru|www.intui.travel|mb-taxi.ru|taxi-nizhny-novgorod-nizhny-novgorod-oblast-ru.taxigator.ru|www.rome2rio.com|www.mezhgorod.taxi|ru-travel.org|www.transfer152.ru|taksisvo.ru|order-taxi.ru|minivan-go.ru|regionaltaxi.ru|taxinnov.ru|perevozka24.com|uslugi.yandex.ru;Нижний Новгород;Вязники;4000
tver-belgorod;old;12;4;DIRECT;H_DIRECT_TEST;Директ тест;DIRECT_TEST;1;25;0;taksi-gorod.ru|catalogtaksi.ru|tver.taksi24.taxi|city2city.ru|taxi533.ru|tver.taxi24h.ru|taxivezde.ru|1taxopark.ru|tver.yalta-24.taxi|taxi555.ru|taxi.drive-luxe.ru|tver.taxi-krim.com|taksisvo.ru|www.mezhgorod.taxi|mezhgorod-rf.ru|tver.sevastopol24.taxi|ug.taxi|rustransfer.org|www.taxi-love.ru|taksi-services.ru|deshevotaxi.ru|tver.aeroport-simferopol.taxi|onlinetaxi.su|tver.simferopol-aeroport.taxi|vse-taxi.com|mezhgorod-taksi.ru|www.avito.ru|mezhdugorodnee-taxi24.ru|xn-----6kcj2al3blgik3i.xn--p1ai|taxi-mezhgorod24.ru;Тверь;Белгород;25000
belgorod-saratov;old;12;;DIRECT;H_DIRECT_TEST;Директ тест;DIRECT_TEST;0;9;0;sochi.taxi|kubtaxi.ru|belgorod.taxi24h.ru|taksi-gorod.ru|tratatur.ru|taxi533.ru|www.taxi2000.ru|taxi555.ru|vse-taxi.com|taxi-ug.ru;Белгород;Саратов;23200
krasnoyarsk-omsk;old;12;28;DIRECT;H_DIRECT_TEST;Директ тест;DIRECT_TEST;1;19;0;taksi-gorod.ru|taxi555.ru|taxi533.ru|www.mezhgorod.taxi|obltaxi.ru|taxivezde.ru|catalogtaksi.ru|deshevotaxi.ru|vse-taxi.com|www.taxi-love.ru|unit21.ru|drivee.com|transfergid.ru|vk.com|www.avito.ru|go.yandex|mezhgorod-taksi.ru|xn--24-6kchk7b2h.xn--p1ai|xn--80atblfjdfd2l.xn--80akxkdedu.xn--p1acf|taxi.yandex.ru|perevozka24.com|taxi-krasnoyarsk-krasnoyarsk-krai-ru.taxigator.ru|taxi-russia.su|www.estaxi.ru|uslugi.yandex.ru|krasnoyarsk.taxielite.site|2gis.ru|city2city.ru|omsk.taxovichkof.ru|taxi-krsk24.ru;Красноярск;Омск;42500
cheboksary-sterlitamak;old;12;;DIRECT;H_DIRECT_TEST;Директ тест;DIRECT_TEST;0;8;0;taxi533.ru|catalogtaksi.ru|mezhgorod-rf.ru|rustransfer.org|vse-taxi.com|mejgorodtaxi.ru|deshevotaxi.ru|onlinetaxi.su|mobilodeon.ru|mezhgorod-taksi.ru;Чебоксары;Стерлитамак;24500
nizhnij-novgorod-belgorod;old;12;;DIRECT;H_DIRECT_TEST;Директ тест;DIRECT_TEST;0;23;0;taxigorkovskoe.ru|nizhniy-novgorod.taxi24h.ru|kubtaxi.ru|tratatur.ru|catalogtaksi.ru|ug.taxi|taksisvo.ru|taxi533.ru|minivan-nn.ru|taxi555.ru|nizhniy-novgorod.sevastopol24.taxi|taxi.drive-luxe.ru|nizhniy-novgorod.yalta-24.taxi|takse.ru|jupiter-tmc.ru|mezhgorod-rf.ru|taxi-cosmos.ru|levtransfer.ru|www.mezhgorod.taxi|taxivezde.ru|rustransfer.org|mejgorod-taxi.ru|obltaxi.ru|nizhniy-novgorod.simferopol-aeroport.taxi|xn--80aesgcvcug0d.su|www.taxi-love.ru|1tmehgorod.ru|nn-transfer.ru|nizhniy-novgorod.aeroport-simferopol.taxi|mb-taxi.ru;Нижний Новгород;Белгород;32500
belgorod-biryuch;old;12;;SEO;F_AUTOPILOT;SEO автопилот;SEO_AUTOPILOT;0;8;0;taksi-gorod.ru|taxi555.ru|catalogtaksi.ru|taksisvo.ru|takse.ru|www.mezhgorod.taxi|1taxopark.ru|taxi.drive-luxe.ru|obltaxi.ru|www.taxi2000.ru;Белгород;Бирюч;4500
voronezh-ertil;old;12;3;SEO;F_AUTOPILOT;SEO автопилот;SEO_AUTOPILOT;1;19;0;taksisvo.ru|taxi555.ru|city2city.ru|1taxopark.ru|www.taxi2000.ru|catalogtaksi.ru|mezhgorod-rf.ru|xn----7sbyhcmnbsdikx.xn--p1ai|yandex.ru|taxivezde.ru|obltaxi.ru|taxi.drive-luxe.ru|jupiter-tmc.ru|taxi-russia.su|takse.ru|mejgorodtaxi.ru|www.mezhgorod.taxi|www.taxi-rokada.ru|mobilodeon.ru|taksi-services.ru|mb-taxi.ru|ru-travel.org|deshevotaxi.ru|www.taxi-love.ru|taxicamry.ru|www.intui.travel|mezhdugorodnee-taxi24.ru|mezhgorod-taksi.ru|www.rome2rio.com|transfer36.ru;Воронеж;Эртиль;4500
krasnodar-samara;old;12;;DIRECT;H_DIRECT_TEST;Директ тест;DIRECT_TEST;0;26;0;krasnodar.taxi24h.ru|kubtaxi.ru|tratatur.ru|taksi-gorod.ru|krasnodar.taksi24.taxi|taxi533.ru|perfect-taxi.ru|ug.taxi|ugtravel.com|geltaxi.ru|taksisvo.ru|msk.taxi|centertaxi-krd.ru|krasnodar.taxi-krim.com|mezhgorod-rf.ru|www.mezhgorod.taxi|catalogtaksi.ru|mejgorod-taxi.ru|taxi-cosmos.ru|taxivezde.ru|obltaxi.ru|radartaxi.ru|krasnodar.simferopol-aeroport.taxi|www.taxi-love.ru|deshevotaxi.ru|vse-taxi.com|krasnodar.taxiarkadiya.ru|mejgorodtaxi.ru|sky-transfer.ru|1tmehgorod.ru;Краснодар;Самара;45000
kursk-simferopol;old;12;;DIRECT;H_DIRECT_TEST;Директ тест;DIRECT_TEST;1;26;0;taksi24.taxi|kubtaxi.ru|ugtaxi.ru|kursk.taxi24h.ru|tratatur.ru|kursk.sevastopol24.taxi|kursk.taxi-krim.com|www.avito.ru|kursk.aeroport-simferopol.taxi|kursk.simferopol-aeroport.taxi|ug.taxi|taxi-ug.ru|taxi533.ru|rustransfer.org|ug-transfer.online|unit-transfer.ru|sochi.taxi|levtransfer.ru|mezhgorod-rf.ru|mejgorod-taxi.ru|taxiaero-simferopol.ru|onlinetaxi.su|taksi-gorod.ru|transferug.ru|mejgorodtaxi.ru|vse-taxi.com|catalogtaksi.ru|deshevotaxi.ru|xn--j1aarei.xn--80akxkdedu.xn--p1acf|mezhgorod-taksi.ru;Курск;Симферополь;44500
saratov-kursk;old;12;;DIRECT;H_DIRECT_TEST;Директ тест;DIRECT_TEST;0;27;0;saratov.taxi24h.ru|kubtaxi.ru|saratov.sevastopol24.taxi|tratatur.ru|ug.taxi|www.taxi2000.ru|taxi-ug.ru|taksi-gorod.ru|taxi533.ru|taxi555.ru|rustransfer.org|taxi.drive-luxe.ru|taksisvo.ru|www.mezhgorod.taxi|mezhgorod-rf.ru|taxi-cosmos.ru|sochi.taxi|taxivezde.ru|mejgorod-taxi.ru|saratov.taxi-krim.com|www.taxi-love.ru|catalogtaksi.ru|mb-taxi.ru|obltaxi.ru|saratov.aeroport-simferopol.taxi|vse-taxi.com|jupiter-tmc.ru|onlinetaxi.su|deshevotaxi.ru|cvo-taxi.ru;Саратов;Курск;22000
moskva-livny;old;12;;DIRECT;H_DIRECT_TEST;Директ тест;DIRECT_TEST;2;22;0;taxi-mobil.ru|taxi555.ru|xn----7sbyhcmnbsdikx.xn--p1ai|www.taxi2000.ru|zakaz.mezhgorod.taxi|mezhgorod.taxi-ekvator.ru|kiwitaxi.ru|taxi.drive-luxe.ru|1taxopark.ru|ab-taxi.ru|www.taxi-love.ru|taxi-russia.ru|taksi777.ru|wing-taxi.ru|taxivezde.ru|mos.taxitoday.ru|obltaxi.ru|xn----7sbyhcmnbsdikx.xn--80adxhks|rustransfer.org|taxi-cosmos.ru|www.taxi-rokada.ru|logitaxi.ru|www.taximasters.ru|moskva.taxideshevo.com|takse.ru|mezhdugorodnee-taksi-moskva.ru|xn----7sbyhcmghbyi1l.xn--80adxhks|www.avito.ru|sky-transfer.ru;Москва;Ливны;13500
ufa-tolyatti;old;12;6;DIRECT;H_DIRECT_TEST;Директ тест;DIRECT_TEST;0;25;0;ufa.taxi24h.ru|sky-transfer.ru|taxi24online.ru|taxi555.ru|rustransfer.org|city2city.ru|jupiter-tmc.ru|www.mezhgorod.taxi|www.taxi-love.ru|toptaxi.org|vse-taxi.com|ufa.taxi-krim.com|taksi-ufa.ru|taksi-gorod.ru|ufa.taksi24.taxi|taxi533.ru|taxi-mini.ru|taxivezde.ru|ufa.aeroport-simferopol.taxi|taxi.drive-luxe.ru|ufa.simferopol-aeroport.taxi|taksisvo.ru|mezhgorod-rf.ru|taxi-cosmos.ru|obltaxi.ru|www.taxi2000.ru|xn----7sbp3acjidhfbkt.su|mejgorodtaxi.ru|www.rome2rio.com|catalogtaksi.ru;Уфа;Тольятти;15000
smolensk-tver;old;12;;DIRECT;H_DIRECT_TEST;Директ тест;DIRECT_TEST;1;24;0;smolensk.taxi24h.ru|taxi555.ru|ab-taxi.ru|taksi-gorod.ru|www.mezhgorod.taxi|ug.taxi|taxi.drive-luxe.ru|1taxopark.ru|taxivezde.ru|taxi533.ru|rustransfer.org|www.taxi-love.ru|taksisvo.ru|jupiter-tmc.ru|smolensk.taxi-krim.com|smolensk.aeroport-simferopol.taxi|taksi-services.ru|vse-taxi.com|transfer67.ru|catalogtaksi.ru|deshevotaxi.ru|www.rome2rio.com|smolensk.simferopol-aeroport.taxi|1tmehgorod.ru|mejgorodtaxi.ru|mezhgorod-taksi.ru|mezhdugorodnee-taksi.ru|taxi-mezhgorod24.ru|mobilodeon.ru|www.avito.ru;Смоленск;Тверь;12500
perm-osa;old;12;;SEO;F_AUTOPILOT;SEO автопилот;SEO_AUTOPILOT;1;20;0;deshevotaxi.ru|uralavtotaxi.ru|taxi-perm.su|ab-taxi.ru|1taxopark.ru|taxivezde.ru|taksisvo.ru|taxi555.ru|obltaxi.ru|www.taxi2000.ru|takse.ru|www.rome2rio.com|catalogtaksi.ru|www.taxi-love.ru|mejgorodtaxi.ru|xn----7sbp3acjidhfbkt.su|www.perm-taxi-region.ru|www.intui.travel|mezhgorod-taksi.ru|uslugi.yandex.ru|taxi-perm-perm-krai-ru.taxigator.ru|transfergid.ru|taxitops.ru|xn----7sbyhmmrebi.xn--p1ai|xn--80aaahzdndlon5ak.xn--p1ai|xn--159-5cd4bl3cf.xn--p1ai|taxinomerok.ru|xn--e1aohf5d.xn--80akxkdedu.xn--p1acf|taxi-realtransfer-mejgorod.ru|taxi-po-svetu.ru;Пермь;Оса;4500
syktyvkar-sosnogorsk;old;12;;SEO;F_AUTOPILOT;SEO автопилот;SEO_AUTOPILOT;2;21;0;www.taxi2000.ru|obltaxi.ru|1taxopark.ru|yandex.ru|taxi555.ru|deshevotaxi.ru|taxivezde.ru|www.mezhgorod.taxi|taxi.drive-luxe.ru|www.taxi-rokada.ru|takse.ru|rustransfer.org|www.taxi-love.ru|timan.taxi|jupiter-tmc.ru|mejgorodtaxi.ru|catalogtaksi.ru|www.intui.travel|taksi-gorod.ru|taxi-nomera.ru|taxi-syktyvkar-komi-republic-ru.taxigator.ru|mezhgorod-taksi.ru|transfergid.ru|vk.com|www.avito.ru|y-taxi.ru|xn--c1aohdbbocbf.xn--80akxkdedu.xn--p1acf|spravkataxi.ru|zoon.ru|taxigoroda.ru;Сыктывкар;Сосногорск;9900
nizhnij-novgorod-chkalovsk;old;12;;SEO;F_AUTOPILOT;SEO автопилот;SEO_AUTOPILOT;1;17;0;www.taxi2000.ru|taxi555.ru|1taxopark.ru|taxivezde.ru|taxigorkovskoe.ru|mezhgorod-rf.ru|taksisvo.ru|obltaxi.ru|takse.ru|www.taxi-love.ru|mezhgorod-taksi.ru|rustransfer.org|deshevotaxi.ru|catalogtaksi.ru|taxi-russia.su|mejgorodtaxi.ru|mb-taxi.ru|www.rome2rio.com|mezhgorod.net|jupiter-tmc.ru|nizhnij-novgorod.perivoz.ru|taxomarket.ru|intaxi.ru|2gis.ru|taxi-nizhny-novgorod-nizhny-novgorod-oblast-ru.taxigator.ru|yandex.ru|mobilodeon.ru|www.intui.travel|taxinomerok.ru|minivan-nn.ru;Нижний Новгород;Чкаловск;3500
voronezh-oryol;old;12;16;DIRECT;H_DIRECT_TEST;Директ тест;DIRECT_TEST;0;23;0;catalogtaksi.ru|ug.taxi|kubtaxi.ru|tratatur.ru|www.taxi2000.ru|taxi-ug.ru|taxi555.ru|voronezh.taxi24h.ru|voronezh.sevastopol24.taxi|taxi.drive-luxe.ru|rustransfer.org|voronezh.taxi-krim.com|vip-888.ru|1taxopark.ru|cabway.ru|city2city.ru|jupiter-tmc.ru|vse-taxi.com|taxi-russia.su|obltaxi.ru|vrn-taxi.ru|sochi.taxi|taksi-gorod.ru|unit-transfer.ru|mezhgorod-rf.ru|taxi533.ru|mejgorod-taxi.ru|taxivezde.ru|taxicamry.ru|voronezh.simferopol-aeroport.taxi;Воронеж;Орёл;10200
stavropol-rostov-na-donu;old;12;12;DIRECT;H_DIRECT_TEST;Директ тест;DIRECT_TEST;2;23;0;ugtaxi.ru|kubtaxi.ru|stavropol.taxi24h.ru|tratatur.ru|www.avito.ru|sky-transfer.ru|taxi-svobodnoe.ru|taxi-ug.ru|kiwitaxi.ru|stavropol.taksi24.taxi|perfect-taxi.ru|city2city.ru|taxi-bereg.ru|autoyellow.ru|taxi533.ru|stavropol.taxi-krim.com|taxi.transferplustravel.com|taxi555.ru|transferug.ru|taksi-gorod.ru|ug.taxi|msk.taxi|ugtravel.ru|mejgorod-taxi.ru|taksisvo.ru|stavtransfer.ru|uslugi.yandex.ru|centertaxi-krd.ru|transfer-stavropol.ru|stavropol.aeroport-simferopol.taxi;Ставрополь;Ростов-на-Дону;10200
svo-taxi-kursk-krasnodar;old;12;;DIRECT;H_DIRECT_TEST;Директ тест;DIRECT_TEST;1;26;0;ugtaxi.ru|kubtaxi.ru|taksi-gorod.ru|tratatur.ru|ug.taxi|taxi-ug.ru|kursk.taksi24.taxi|kursk.taxi-krim.com|taxi533.ru|www.taxi2000.ru|kursk.taxi24h.ru|msk.taxi|unit-transfer.ru|taksisvo.ru|www.mezhgorod.taxi|sochi.taxi|taxi.drive-luxe.ru|mezhgorod-rf.ru|levtransfer.ru|rustransfer.org|www.avito.ru|mejgorod-taxi.ru|taxi-cosmos.ru|taxivezde.ru|deshevotaxi.ru|jupiter-tmc.ru|catalogtaksi.ru|www.taxi-love.ru|obltaxi.ru|taxiaero-simferopol.ru;Курск;Краснодар;32000
rostov-stavropol;old;12;14;DIRECT;H_DIRECT_TEST;Директ тест;DIRECT_TEST;2;24;0;www.avito.ru|kubtaxi.ru|rostov-na-donu.sky-transfer.ru|ugtaxi.ru|tratatur.ru|rostov.taxi24h.ru|taxi533.ru|kiwitaxi.ru|taxi-ug.ru|taxi-svobodnoe.ru|rostov.taksi24.taxi|taxi.transferplustravel.com|avto-kruiz.com|city2city.ru|taxi-bereg.ru|unit-transfer.ru|rostov.taxi-krim.com|taxi-yugtaxi.ru|ugtravel.ru|taksisvo.ru|msk.taxi|www.mezhgorod.taxi|ug.taxi|transfers.unitaxi.ru|rostov.simferopol-aeroport.taxi|mejgorod-taxi.ru|rustransfer.org|catalogtaksi.ru|taxi-russia.su|sochi.taxi;Ростов-на-Дону;Ставрополь;10200
ryazan-perm;old;12;;DIRECT;H_DIRECT_TEST;Директ тест;DIRECT_TEST;1;27;0;taxi533.ru|ryazan.taxi24h.ru|taksi-gorod.ru|www.taxi2000.ru|taksisvo.ru|ryazan.sevastopol24.taxi|mezhgorod-rf.ru|taxi.drive-luxe.ru|ryazan.taksi24.taxi|taxivezde.ru|taxi555.ru|ryazan.yalta-24.taxi|catalogtaksi.ru|ryazan.taxi-krim.com|www.taxi-love.ru|www.mezhgorod.taxi|obltaxi.ru|mezhgorod-taksi.ru|ryazan.aeroport-simferopol.taxi|vse-taxi.com|deshevotaxi.ru|ryazan.simferopol-aeroport.taxi|onlinetaxi.su|mejgorodtaxi.ru|taxi.yandex.ru|taxi-mezhgorod24.ru|mobilodeon.ru|taxinomerok.ru|www.avito.ru|ug-transfer.online;Рязань;Пермь;41000
smolensk-desnogorsk;old;12;2;SEO;F_AUTOPILOT;SEO автопилот;SEO_AUTOPILOT;1;22;0;taxi555.ru|city2city.ru|1taxopark.ru|catalogtaksi.ru|turtransfer.ru|www.mezhgorod.taxi|takse.ru|deshevotaxi.ru|taksisvo.ru|taxi-russia.ru|taxivezde.ru|www.taxi-love.ru|rustransfer.org|transfer67.ru|jupiter-tmc.ru|www.taxi-rokada.ru|www.rome2rio.com|m.avito.ru|taksi-services.ru|vse-taxi.com|taxi.drive-luxe.ru|taxi-smolensk-smolensk-oblast-ru.taxigator.ru|mezhgorod-taksi.ru|taxi-mezhgorod24.ru|y-taxi.ru|2gis.ru|obltaxi.ru|mobilodeon.ru|mezhdugorodnee-taksi.ru|mejgorodtaxi.ru;Смоленск;Десногорск;5200
voronezh-bryansk;old;12;;DIRECT;H_DIRECT_TEST;Директ тест;DIRECT_TEST;0;25;0;tratatur.ru|voronezh.taxi24h.ru|voronezh.sevastopol24.taxi|kubtaxi.ru|voronezh.taksi24.taxi|taxi-ug.ru|taxi555.ru|catalogtaksi.ru|taxi.drive-luxe.ru|cabway.ru|taxi533.ru|ug.taxi|www.mezhgorod.taxi|rustransfer.org|sochi.taxi|mejgorod-taxi.ru|taksisvo.ru|mezhgorod-rf.ru|taxi-russia.su|unit-transfer.ru|taxivezde.ru|jupiter-tmc.ru|taxi-cosmos.ru|taxicamry.ru|deshevotaxi.ru|taksi-services.ru|vse-taxi.com|ru-travel.org|voronezh.aeroport-simferopol.taxi|mb-taxi.ru;Воронеж;Брянск;13400
moskva-alatyr;new;11;10;NONE;Z_LOW_PRIORITY;Низкий приоритет (новые);LOW_PRIORITY;17;8;0;vk.com|sky-transfer.ru|taxi555.ru|wing-taxi.ru|taksi-gorod.ru|www.mezhgorod.taxi|1taxopark.ru|www.taxi2000.ru|taxi.drive-luxe.ru|city2city.ru;;;
moskva-dolgoe;new;11;;NONE;Z_LOW_PRIORITY;Низкий приоритет (новые);LOW_PRIORITY;14;14;2;www.mezhgorod.taxi|1taxopark.ru|obltaxi.ru|www.taxi-love.ru|mejgorodtaxi.ru|taxi555.ru|taxi.yandex.ru|perevozka24.com|oldtaxi.ru|taxi-mobil.ru;;;
moskva-morshansk;new;11;;NONE;Z_LOW_PRIORITY;Низкий приоритет (новые);LOW_PRIORITY;9;19;0;taxi555.ru|taxi-mobil.ru|www.taxi2000.ru|ugtravel.ru|ab-taxi.ru|taksi-gorod.ru|taxivezde.ru|www.taxi-love.ru|1taxopark.ru|www.taxi-rokada.ru;;;
moskva-ostashkov;new;11;;NONE;Z_LOW_PRIORITY;Низкий приоритет (новые);LOW_PRIORITY;10;17;0;taxi-mobil.ru|taxidaleko.ru|taxi555.ru|www.100mtaxi.ru|wing-taxi.ru|zakaz.mezhgorod.taxi|taksi-mezhgorod.ru|www.taxi2000.ru|www.taxi-love.ru|1taxopark.ru;;;
moskva-shumerlya;new;11;9;NONE;Z_LOW_PRIORITY;Низкий приоритет (новые);LOW_PRIORITY;16;9;0;taxi-mobil.ru|taxi555.ru|www.mezhgorod.taxi|wing-taxi.ru|taksi-gorod.ru|taxi.drive-luxe.ru|1taxopark.ru|taxivezde.ru|city2city.ru|rustransfer.org;;;
moskva-volzhsk;new;11;4;NONE;Z_LOW_PRIORITY;Низкий приоритет (новые);LOW_PRIORITY;17;9;1;taxi-mobil.ru|sky-transfer.ru|taxi555.ru|city2city.ru|1taxopark.ru|taxivezde.ru|wing-taxi.ru|www.mezhgorod.taxi|taxi.drive-luxe.ru|www.taxi2000.ru;;;
moskva-vyshnij-volochyok;new;11;9;NONE;Z_LOW_PRIORITY;Низкий приоритет (новые);LOW_PRIORITY;13;14;0;www.100mtaxi.ru|xn----7sbyhcmnbsdikx.xn--p1ai|taxi-mobil.ru|taxi555.ru|www.mezhgorod.taxi|1taxopark.ru|ab-taxi.ru|www.taxi-love.ru|city2city.ru|wing-taxi.ru;;;
moskva-zubczov;new;11;7;NONE;Z_LOW_PRIORITY;Низкий приоритет (новые);LOW_PRIORITY;16;12;1;taxi-mobil.ru|taxi.drive-luxe.ru|www.taximasters.ru|1taxopark.ru|www.mezhgorod.taxi|taxi555.ru|city2city.ru|taxivezde.ru|yandex.ru|taksi777.ru;;;
sankt-peterburg-severnyj;new;11;3;SEO;F_AUTOPILOT;SEO автопилот;SEO_AUTOPILOT_NEW;13;13;3;ugtaxi.ru|taksisvo.ru|city2city.ru|www.mezhgorod.taxi|yandex.ru|mejgorodtaxi.ru|catalogtaksi.ru|deshevotaxi.ru|mezhgorod-taksi.ru|taxi-blizhniy.ru;;;
sankt-peterburg-yaroslavl;new;11;;NONE;Z_LOW_PRIORITY;Низкий приоритет (новые);LOW_PRIORITY;10;19;0;sky-transfer.ru|sankt-peterburg.taxi-krim.com|sankt-peterburg.taksi24.taxi|sankt-peterburg.taxi24h.ru|ugtaxi.ru|sankt-peterburg.sevastopol24.taxi|taxi533.ru|taksi-gorod.ru|transferug.ru|unit-transfer.ru;;;
arxangelsk-pleseczk;new;11;;NONE;Z_LOW_PRIORITY;Низкий приоритет (новые);LOW_PRIORITY;20;7;2;kiwitaxi.ru|www.taxi2000.ru|taxi555.ru|catalogtaksi.ru|taxi.drive-luxe.ru|1taxopark.ru|takse.ru|taxivezde.ru|yandex.ru|obltaxi.ru;;;
arxangelsk-velsk;new;11;;NONE;Z_LOW_PRIORITY;Низкий приоритет (новые);LOW_PRIORITY;21;5;3;taksi-gorod.ru|catalogtaksi.ru|taxi.drive-luxe.ru|www.taxi2000.ru|www.mezhgorod.taxi|1taxopark.ru|vk.com|yandex.ru|rustransfer.org|taxivezde.ru;;;
belgorod-anapa;new;11;7;SEO;F_AUTOPILOT;SEO автопилот;SEO_AUTOPILOT_NEW;10;17;0;belgorod.taxi24h.ru|tratatur.ru|www.avito.ru|taxi-ug.ru|rustransfer.org|ug.taxi|city2city.ru|belgorod.taxi-krim.com|catalogtaxi.ru|vse-taxi.com;;;
belgorod-belyj;new;11;1;NONE;Z_LOW_PRIORITY;Низкий приоритет (новые);LOW_PRIORITY;19;9;4;city2city.ru|taksisvo.ru|catalogtaksi.ru|deshevotaxi.ru|mejgorodtaxi.ru|jupiter-tmc.ru|catalogtaxi.ru|mezhgorod-taksi.ru|yandex.ru|belltaxi.ru;;;
bryansk-belye-berega;new;11;;NONE;Z_LOW_PRIORITY;Низкий приоритет (новые);LOW_PRIORITY;21;7;3;vk.com|1taxopark.ru|taxi555.ru|obltaxi.ru|taxi.drive-luxe.ru|rutaxist.ru|deshevotaxi.ru|catalogtaksi.ru|taxigator.ru|yandex.ru;;;
bryansk-vyazma;new;11;;NONE;Z_LOW_PRIORITY;Низкий приоритет (новые);LOW_PRIORITY;24;4;1;deshevotaxi.ru|taxi555.ru|taxi.drive-luxe.ru|1taxopark.ru|www.taxi2000.ru|taxivezde.ru|www.mezhgorod.taxi|taksisvo.ru|catalogtaksi.ru|takse.ru;;;
vladimir-gavrilov-posad;new;11;;NONE;Z_LOW_PRIORITY;Низкий приоритет (новые);LOW_PRIORITY;19;8;2;taxi555.ru|mezhgorod-taksi.ru|transfer-vlad33.ru|www.mezhgorod.taxi|catalogtaksi.ru|ab-taxi.ru|taxivezde.ru|www.taxi-love.ru|www.taxi2000.ru|obltaxi.ru;;;
vladimir-naro-fominsk;new;11;;NONE;Z_LOW_PRIORITY;Низкий приоритет (новые);LOW_PRIORITY;21;5;1;transfer-vlad33.ru|taxi555.ru|taksisvo.ru|www.taxi2000.ru|taxivezde.ru|taxi.drive-luxe.ru|www.taxi-love.ru|obltaxi.ru|www.mezhgorod.taxi|rustransfer.org;;;
volgograd-oktyabrskij;new;11;;NONE;Z_LOW_PRIORITY;Низкий приоритет (новые);LOW_PRIORITY;21;6;2;taksisvo.ru|taxi533.ru|taksi-gorod.ru|mejgorod-taxi.ru|yandex.ru|mezhgorod-rf.ru|rustransfer.org|vse-taxi.com|catalogtaksi.ru|onlinetaxi.su;;;
volgograd-oktyabrskoe;new;11;29;NONE;Z_LOW_PRIORITY;Низкий приоритет (новые);LOW_PRIORITY;20;6;3;taxi533.ru|taksisvo.ru|taksi-gorod.ru|mejgorod-taxi.ru|mezhgorod-rf.ru|catalogtaxi.ru|vse-taxi.com|rustransfer.org|yandex.ru|catalogtaksi.ru;;;
voronezh-dzerzhinsk;new;11;23;NONE;Z_LOW_PRIORITY;Низкий приоритет (новые);LOW_PRIORITY;17;10;2;taksi-gorod.ru|mezhgorod-rf.ru|taksisvo.ru|taxi533.ru|unit-transfer.ru|rustransfer.org|catalogtaksi.ru|mb-taxi.ru|vse-taxi.com|deshevotaxi.ru;;;
ivanovo-krasnyj;new;11;1;NONE;Z_LOW_PRIORITY;Низкий приоритет (новые);LOW_PRIORITY;17;9;3;city2city.ru|taksisvo.ru|mezhgorod-taksi.ru|deshevotaxi.ru|www.mezhgorod.taxi|catalogtaksi.ru|xn--80adbv1agb.xn--80akxkdedu.xn--p1acf|mejgorodtaxi.ru|rustransfer.org|ivanovo.taximaxim.ru;;;
irkutsk-sovetskij;new;11;;NONE;Z_LOW_PRIORITY;Низкий приоритет (новые);LOW_PRIORITY;17;5;3;2gis.ru|yandex.ru|irkutsk.taximaxim.ru|deshevotaxi.ru|zoon.ru|taxi.yandex.ru|irkutsk.taxipoehali.ru|vezet.ru|223-223.ru|m.avito.ru;;;
krasnodar-beryozovo;new;11;;NONE;Z_LOW_PRIORITY;Низкий приоритет (новые);LOW_PRIORITY;14;13;4;deshevotaxi.ru|mejgorodtaxi.ru|ugtaxi.ru|ugtravel.com|transferug.ru|radartaxi.ru|taxi.yandex.ru|taxigator.ru|catalogtaxi.ru|krasnodar.taximaxim.ru;;;
krasnodar-essentuki;new;11;13;SEO;F_AUTOPILOT;SEO автопилот;SEO_AUTOPILOT_NEW;10;18;0;taxi-ug.ru|kubtaxi.ru|ug-transfer.online|tratatur.ru|ug.taxi|taxi.transferplustravel.com|www.krd-taxi.ru|willway.ru|www.avito.ru|taxi555.ru;;;
krasnodar-kuchugury;new;11;;NONE;Z_LOW_PRIORITY;Низкий приоритет (новые);LOW_PRIORITY;6;22;0;kubtaxi.ru|taxi-ug.ru|tratatur.ru|ugtaxi.ru|kiwitaxi.ru|www.avito.ru|transferoff.ru|krasnodar.kerch24.taxi|krasnodar.taxi24h.ru|taxi.transferplustravel.com;;;
krasnodar-leningradskaya;new;11;;NONE;Z_LOW_PRIORITY;Низкий приоритет (новые);LOW_PRIORITY;10;16;3;kubtaxi.ru|taxi-ug.ru|taxi.transferplustravel.com|perfect-taxi.ru|www.krd-taxi.ru|ugtaxi.ru|tratatur.ru|geltaxi.ru|centertaxi-krd.ru|www.taxisea.ru;;;
krasnodar-nebug;new;11;;NONE;Z_LOW_PRIORITY;Низкий приоритет (новые);LOW_PRIORITY;8;20;0;kubtaxi.ru|taxi-ug.ru|tratatur.ru|taxi-krasnodar-aeroport.ru|krasnodar.taksi24.taxi|ug.taxi|kiwitaxi.ru|geltaxi.ru|taxiresort.ru|willway.ru;;;
krasnoyarsk-oktyabrskoe;new;11;;NONE;Z_LOW_PRIORITY;Низкий приоритет (новые);LOW_PRIORITY;19;5;4;2gis.ru|www.yell.ru|deshevotaxi.ru|vse-taxi.com|yandex.ru|krasnoyarsk.taximaxim.ru|catalogtaksi.ru|zoon.ru|taxi.yandex.ru|krasnoyarsk.spravker.ru;;;
kaluga-serpuxov;new;11;;NONE;Z_LOW_PRIORITY;Низкий приоритет (новые);LOW_PRIORITY;19;10;1;kubtaxi.ru|tmkaluga.ru|catalogtaksi.ru|taxi555.ru|tratatur.ru|taksi-gorod.ru|ab-taxi.ru|1taxopark.ru|taxi.drive-luxe.ru|taxi-ug.ru;;;
kemerovo-kedrovyy;new;11;;NONE;Z_LOW_PRIORITY;Низкий приоритет (новые);LOW_PRIORITY;19;4;3;www.mezhgorod.taxi|taxi.drive-luxe.ru|1taxopark.ru|obltaxi.ru|taxivezde.ru|catalogtaksi.ru|deshevotaxi.ru|yandex.ru|taxi555.ru|mezhgorod-taksi.ru;;;
kirov-yaroslavl;new;11;;NONE;Z_LOW_PRIORITY;Низкий приоритет (новые);LOW_PRIORITY;17;11;0;kirov.taxi24h.ru|taxi533.ru|taksisvo.ru|taksikirov.ru|kirov.taksi24.taxi|taxivezde.ru|www.mezhgorod.taxi|1taxopark.ru|jupiter-tmc.ru|rustransfer.org;;;
kursk-lyubim;new;11;1;NONE;Z_LOW_PRIORITY;Низкий приоритет (новые);LOW_PRIORITY;12;16;1;city2city.ru|taksisvo.ru|zoon.ru|jupiter-tmc.ru|deshevotaxi.ru|taxieconom.ru|mejgorodtaxi.ru|vk.com|mezhgorod-taksi.ru|intaxi.ru;;;
kursk-oktyabrskij;new;11;5;NONE;Z_LOW_PRIORITY;Низкий приоритет (новые);LOW_PRIORITY;21;7;3;taxi533.ru|taksisvo.ru|catalogtaksi.ru|mezhgorod-rf.ru|city2city.ru|deshevotaxi.ru|taxi555.ru|taxi.drive-luxe.ru|1taxopark.ru|vse-taxi.com;;;
kursk-oktyabrskoe;new;11;1;NONE;Z_LOW_PRIORITY;Низкий приоритет (новые);LOW_PRIORITY;22;7;3;city2city.ru|catalogtaksi.ru|taksisvo.ru|taxi533.ru|deshevotaxi.ru|mejgorodtaxi.ru|mezhgorod-rf.ru|1taxopark.ru|taxi-nomer.ru|taxivezde.ru;;;
lipeczk-gagarin;new;11;2;NONE;Z_LOW_PRIORITY;Низкий приоритет (новые);LOW_PRIORITY;18;8;3;deshevotaxi.ru|city2city.ru|catalogtaxi.ru|taksisvo.ru|rustransfer.org|mejgorodtaxi.ru|vse-taxi.com|mezhdugorodnee-taxi24.ru|taksi-services.ru|mobilodeon.ru;;;
lipeczk-orlov;new;11;8;NONE;Z_LOW_PRIORITY;Низкий приоритет (новые);LOW_PRIORITY;15;7;2;vk.com|yandex.ru|www.youtube.com|mejgorodtaxi.ru|rutube.ru|catalogtaksi.ru|deshevotaxi.ru|city2city.ru|taksisvo.ru|xn---48-5cdabomi4fqq7a.xn--p1ai;;;
lipeczk-oryol;new;11;;NONE;Z_LOW_PRIORITY;Низкий приоритет (новые);LOW_PRIORITY;13;17;0;kubtaxi.ru|lipetsk.taxi24h.ru|taxi-ug.ru|taksi-gorod.ru|www.mezhgorod.taxi|taxi533.ru|lipetsk.taksi24.taxi|tratatur.ru|taxi555.ru|rustransfer.org;;;
nizhnij-novgorod-leninskoe;new;11;2;NONE;Z_LOW_PRIORITY;Низкий приоритет (новые);LOW_PRIORITY;19;6;4;www.yell.ru|city2city.ru|taxivezde.ru|taxi555.ru|zoon.ru|2gis.ru|yandex.ru|www.avito.ru|nn.taxovichkof.ru|mezhgorod-taksi.ru;;;
nizhnij-novgorod-penza;new;11;;NONE;Z_LOW_PRIORITY;Низкий приоритет (новые);LOW_PRIORITY;14;15;0;nizhniy-novgorod.taxi24h.ru|taxi555.ru|taxi533.ru|nizhniy-novgorod.taksi24.taxi|taxigorkovskoe.ru|unit-transfer.ru|taksi-gorod.ru|catalogtaksi.ru|taxi-russia.su|taksisvo.ru;;;
nizhnij-novgorod-vysokij;new;11;;NONE;Z_LOW_PRIORITY;Низкий приоритет (новые);LOW_PRIORITY;12;8;3;catalogtaksi.ru|www.avito.ru|uslugi.yandex.ru|taxi.yandex.ru|nizhni-novgorod1.taximaxim.ru|vip-taksi.com|vip-taxi-nn.ru|nn.taxovichkof.ru|taxinnov.ru|yandex.ru;;;
penza-balashov;new;11;28;NONE;Z_LOW_PRIORITY;Низкий приоритет (новые);LOW_PRIORITY;23;1;2;www.taxi2000.ru|taksisvo.ru|taxi.drive-luxe.ru|taxi555.ru|taxivezde.ru|mezhgorod-rf.ru|1taxopark.ru|rustransfer.org|obltaxi.ru|catalogtaksi.ru;;;
penza-belyj;new;11;;NONE;Z_LOW_PRIORITY;Низкий приоритет (новые);LOW_PRIORITY;10;7;3;tass.ru|dzen.ru|www.penza.kp.ru|vk.com|quto.ru|nd58.ru|www.penzainform.ru|www.kommersant.ru|www.zspo.ru|ui.pnzreg.ru;;;
penza-nizhnij-novgorod;new;11;;NONE;Z_LOW_PRIORITY;Низкий приоритет (новые);LOW_PRIORITY;17;13;0;penza.taksi24.taxi|penza.taxi24h.ru|taksi-gorod.ru|penza.sevastopol24.taxi|taxi555.ru|1taxopark.ru|catalogtaksi.ru|taxi533.ru|jupiter-tmc.ru|mezhgorod-rf.ru;;;
penza-vysokij;new;11;1;NONE;Z_LOW_PRIORITY;Низкий приоритет (новые);LOW_PRIORITY;16;8;3;city2city.ru|www.avito.ru|deshevotaxi.ru|penza.taximaxim.ru|penza.taxovichkof.ru|taxi.yandex.ru|taxitops.ru|yandex.ru|taxigost.com|uslugi.yandex.ru;;;
perm-tyumen;new;11;;NONE;Z_LOW_PRIORITY;Низкий приоритет (новые);LOW_PRIORITY;18;10;1;catalogtaksi.ru|taksi-gorod.ru|taxi24online.ru|uralavtotaxi.ru|taxi-perm.su|taxi533.ru|www.mezhgorod.taxi|mezhgorod-rf.ru|rustransfer.org|vse-taxi.com;;;
oryol-sochi;new;11;;NONE;Z_LOW_PRIORITY;Низкий приоритет (новые);LOW_PRIORITY;10;19;1;orel.taxi24h.ru|ugtaxi.ru|ug.taxi|orel.taxi-krim.com|sochi.taxi|orel.taksi24.taxi|orel.yalta-24.taxi|taxi533.ru|catalogtaksi.ru|mejgorod-taxi.ru;;;
rostov-sovetskij;new;11;1;NONE;Z_LOW_PRIORITY;Низкий приоритет (новые);LOW_PRIORITY;17;4;4;city2city.ru|ugtaxi.ru|catalogtaksi.ru|www.yell.ru|www.avito.ru|taxi.yandex.ru|yandex.ru|taxi-nomer.ru|deshevotaxi.ru|2gis.ru;;;
rostov-sovetskoe;new;11;3;NONE;Z_LOW_PRIORITY;Низкий приоритет (новые);LOW_PRIORITY;18;5;4;catalogtaksi.ru|ugtaxi.ru|city2city.ru|www.yell.ru|alex-transport.ru|rnd.spravker.ru|www.avito.ru|perevozka24.com|rostov-na-donu.kitabi.ru|yandex.ru;;;
samara-novorossijsk;new;11;;NONE;Z_LOW_PRIORITY;Низкий приоритет (новые);LOW_PRIORITY;9;19;1;www.xn-----7kcbaaphbhdai9a3awnjra5bnrctq.xn--p1ai|samara.sevastopol24.taxi|samara.taxi24h.ru|ug.taxi|dzen.ru|taksisvo.ru|taxi533.ru|unit-transfer.ru|kubtaxi.ru|ugtaxi.ru;;;
samara-vysokij;new;11;1;NONE;Z_LOW_PRIORITY;Низкий приоритет (новые);LOW_PRIORITY;15;6;3;city2city.ru|catalogtaksi.ru|drivee.com|samara.taximaxim.ru|uslugi.yandex.ru|xn----7sbabxukdmwuiegm.xn--p1ai|vezet.ru|www.avito.ru|yandex.ru|taxi.yandex.ru;;;
saratov-magnitnyj;new;11;;NONE;Z_LOW_PRIORITY;Низкий приоритет (новые);LOW_PRIORITY;14;8;3;yandex.ru|catalogtaksi.ru|vse-taxi.com|deshevotaxi.ru|rubrikator.org|allosaratov.ru|vezet.ru|saratov.taxi-list.ru|taxi.yandex.ru|saratov.taximaxim.ru;;;
saratov-stroitel;new;11;1;NONE;Z_LOW_PRIORITY;Низкий приоритет (новые);LOW_PRIORITY;20;6;3;city2city.ru|taksisvo.ru|rustransfer.org|mejgorodtaxi.ru|jupiter-tmc.ru|deshevotaxi.ru|catalogtaxi.ru|mezhgorod-taksi.ru|taxi.yandex.ru|mb-taxi.ru;;;
smolensk-livny;new;11;;NONE;Z_LOW_PRIORITY;Низкий приоритет (новые);LOW_PRIORITY;22;6;1;1taxopark.ru|www.taxi2000.ru|obltaxi.ru|taxi555.ru|taxi.drive-luxe.ru|www.mezhgorod.taxi|taxivezde.ru|www.taxi-love.ru|rustransfer.org|takse.ru;;;
smolensk-rudnya;new;11;12;NONE;Z_LOW_PRIORITY;Низкий приоритет (новые);LOW_PRIORITY;20;6;1;deshevotaxi.ru|taxi555.ru|takse.ru|taksi-gorod.ru|catalogtaksi.ru|1taxopark.ru|taxivezde.ru|xn----7sbyhcmnbsdikx.xn--p1ai|turtransfer.ru|yandex.ru;;;
smolensk-stroitel;new;11;;NONE;Z_LOW_PRIORITY;Низкий приоритет (новые);LOW_PRIORITY;18;11;3;taksisvo.ru|rustransfer.org|deshevotaxi.ru|mejgorodtaxi.ru|transfer67.ru|mezhgorod-taksi.ru|catalogtaxi.ru|taksi-services.ru|taxi-mezhgorod24.ru|taxi.yandex.ru;;;
aeroport-kolczovo-verxnyaya-pyshma;new;11;;NONE;Z_LOW_PRIORITY;Низкий приоритет (новые);LOW_PRIORITY;19;4;1;kiwitaxi.ru|willway.ru|taxivezde.ru|transfers.unitaxi.ru|taksi-gorod.ru|www.rome2rio.com|1taxopark.ru|taxi.drive-luxe.ru|rustransfer.org|xn----7sbyhcmnbsdikx.xn--p1ai;;;
ekaterinburg-belyj;new;11;2;NONE;Z_LOW_PRIORITY;Низкий приоритет (новые);LOW_PRIORITY;16;5;4;ugtaxi.ru|city2city.ru|ugtravel.ru|deshevotaxi.ru|catalogtaxi.ru|mejgorodtaxi.ru|taxi.yandex.ru|vezet.ru|mezhgorod-taksi.ru|uslugi.yandex.ru;;;
tambov-rzhaksa;new;11;;NONE;Z_LOW_PRIORITY;Низкий приоритет (новые);LOW_PRIORITY;22;7;3;kubtaxi.ru|catalogtaksi.ru|taxi555.ru|taxivezde.ru|1taxopark.ru|taxi.drive-luxe.ru|taxi-ug.ru|tratatur.ru|www.taxi2000.ru|taksi-gorod.ru;;;
tver-dmitriev;new;11;2;NONE;Z_LOW_PRIORITY;Низкий приоритет (новые);LOW_PRIORITY;18;9;1;1taxopark.ru|city2city.ru|deshevotaxi.ru|mejgorodtaxi.ru|oblastnoe-taxi.ru|mezhgorod-taksi.ru|taxi533.ru|taxi555.ru|mobilodeon.ru|taksisvo.ru;;;
tver-kuvshinovo;new;11;;NONE;Z_LOW_PRIORITY;Низкий приоритет (новые);LOW_PRIORITY;19;7;1;taxi555.ru|1taxopark.ru|taxi-tver.com|taksisvo.ru|catalogtaksi.ru|www.mezhgorod.taxi|xn----7sbyhcmnbsdikx.xn--p1ai|taxi.drive-luxe.ru|takse.ru|yandex.ru;;;
tula-obninsk;new;11;;NONE;Z_LOW_PRIORITY;Низкий приоритет (новые);LOW_PRIORITY;17;10;0;1taxopark.ru|xn----7sbbu0aptdhddiv.xn--p1ai|taxi555.ru|www.mezhgorod.taxi|taksi-gorod.ru|taxi533.ru|taxivezde.ru|catalogtaksi.ru|taxi.drive-luxe.ru|taksisvo.ru;;;
tula-rostov-na-donu;new;11;;NONE;Z_LOW_PRIORITY;Низкий приоритет (новые);LOW_PRIORITY;14;15;0;ugtaxi.ru|ug.taxi|kubtaxi.ru|taksi-gorod.ru|tula.taksi24.taxi|catalogtaxi.ru|tratatur.ru|1taxopark.ru|mejgorod-taxi.ru|msk.taxi;;;
ulyanovsk-saransk;new;11;;NONE;Z_LOW_PRIORITY;Низкий приоритет (новые);LOW_PRIORITY;19;10;2;1taxopark.ru|kiwitaxi.ru|www.avito.ru|mejgorod-taxi.ru|taxi555.ru|taxi24online.ru|deshevotaxi.ru|taxi.drive-luxe.ru|taxi-russia.su|taxigorkovskoe.ru;;;
izhevsk-yaroslavl;new;11;1;NONE;Z_LOW_PRIORITY;Низкий приоритет (новые);LOW_PRIORITY;17;8;1;city2city.ru|izhevsk.taxi24h.ru|taxi533.ru|izhevsk.taksi24.taxi|taksisvo.ru|taxi555.ru|catalogtaksi.ru|taxivezde.ru|obltaxi.ru|rustransfer.org;;;
xanty-mansijsk-sovetskoe;new;11;2;NONE;Z_LOW_PRIORITY;Низкий приоритет (новые);LOW_PRIORITY;21;4;2;taxi.drive-luxe.ru|city2city.ru|catalogtaksi.ru|1taxopark.ru|www.taxi2000.ru|yandex.ru|taksi-gorod.ru|xn----7sbyhcmnbsdikx.xn--p1ai|obltaxi.ru|deshevotaxi.ru;;;
cheboksary-vysokij;new;11;;NONE;Z_LOW_PRIORITY;Низкий приоритет (новые);LOW_PRIORITY;15;11;3;cheboksary.taximaxim.ru|deshevotaxi.ru|yandex.ru|www.avito.ru|visitvolga.ru|taxi.yandex.ru|taxiboss.biz|catalogtaksi.ru|vezet.ru|taxiarkadiya.ru;;;
yaroslavl-aleksandrov;new;11;;NONE;Z_LOW_PRIORITY;Низкий приоритет (новые);LOW_PRIORITY;21;7;2;catalogtaksi.ru|taxi555.ru|taxivezde.ru|taksisvo.ru|www.mezhgorod.taxi|taxi.drive-luxe.ru|1taxopark.ru|www.taxi-love.ru|obltaxi.ru|deshevotaxi.ru;;;
yaroslavl-izhevsk;new;11;4;SEO;F_AUTOPILOT;SEO автопилот;SEO_AUTOPILOT_NEW;16;11;1;yaroslavl.taxi24h.ru|yaroslavl.sevastopol24.taxi|taxi555.ru|city2city.ru|taxi533.ru|ab-taxi.ru|taksisvo.ru|taxivezde.ru|catalogtaksi.ru|rustransfer.org;;;
yaroslavl-lesnoj;new;11;1;NONE;Z_LOW_PRIORITY;Низкий приоритет (новые);LOW_PRIORITY;21;5;3;city2city.ru|taxi555.ru|1taxopark.ru|taxi.drive-luxe.ru|obltaxi.ru|mejgorodtaxi.ru|catalogtaksi.ru|yandex.ru|taxi.yandex.ru|catalogtaxi.ru;;;
lugansk-smolensk;new;11;;NONE;Z_LOW_PRIORITY;Низкий приоритет (новые);LOW_PRIORITY;13;12;0;lugansk.taxi24h.ru|sky-transfer.ru|lugansk.sevastopol24.taxi|rustransfer.org|ug.taxi|taxi533.ru|den-taxi.ru|taksisvo.ru|jupiter-tmc.ru|lugansk.taxi-krim.com;;;
donetsk-tver;new;11;8;SEO;F_AUTOPILOT;SEO автопилот;SEO_AUTOPILOT_NEW;10;13;0;donetsk.taxi24h.ru|ug.taxi|den-taxi.ru|unit-transfer.ru|taxi533.ru|donetsk.taksi24.taxi|msk.taxi|city2city.ru|avto-kruiz.com|taksisvo.ru;;;
donetsk-voronezh;new;11;4;SEO;F_AUTOPILOT;SEO автопилот;SEO_AUTOPILOT_NEW;8;16;0;sky-transfer.ru|sochi.taxi|ug.taxi|city2city.ru|1taxopark.ru|avto-kruiz.com|den-taxi.ru|taxi533.ru|unit-transfer.ru|vezet-go.ru;;;
kazan-ivanovo;new;11;26;SEO;F_AUTOPILOT;SEO автопилот;SEO_AUTOPILOT_NEW;14;11;0;taksisvo.ru|kazan.taxi24h.ru|kazan.sevastopol24.taxi|kazan.taksi24.taxi|taxi533.ru|ugtaxi.ru|mejgorod-taxi.ru|rustransfer.org|mezhgorod-rf.ru|taxi.drive-luxe.ru;;;
tambov-kirsanov;old;11;6;SEO;F_AUTOPILOT;SEO автопилот;SEO_AUTOPILOT;1;20;0;kubtaxi.ru|taxi555.ru|1taxopark.ru|tratatur.ru|deshevotaxi.ru|city2city.ru|catalogtaksi.ru|taxi.drive-luxe.ru|takse.ru|xn----7sbyhcmnbsdikx.xn--p1ai|taxivezde.ru|www.taxi2000.ru|www.mezhgorod.taxi|taxi-ug.ru|rustransfer.org|taksisvo.ru|www.taxi-love.ru|obltaxi.ru|mobilodeon.ru|mezhgorod-taksi.ru|mejgorodtaxi.ru|ru-travel.org|mb-taxi.ru|kirsanov.taximaxim.ru|xn--80acd2blu.xn--80akxkdedu.xn--p1acf|transfergid.ru|www.avito.ru|order-taxi.ru|perevozka24.com|uslugi.yandex.ru;Тамбов;Кирсанов;4300
aeroport-pulkovo-velikij-novgorod;old;11;5;SEO;E_MONITOR;SEO мониторинг;SEO_MONITOR;2;4;0;www.avito.ru|kiwitaxi.ru|www.taxi2000.ru|www.mezhgorod.taxi|city2city.ru|1taxopark.ru|rustransfer.org|transfers.unitaxi.ru|www.rome2rio.com|mezhgorod-rf.ru;аэропорт Пулково;Великий Новгород;6300
petrozavodsk-kem;old;11;11;DIRECT;H_DIRECT_TEST;Директ тест;DIRECT_TEST;1;18;0;catalogtaksi.ru|taksi-gorod.ru|www.rome2rio.com|xn----7sbyhcmnbsdikx.xn--p1ai|taxi555.ru|obltaxi.ru|1taxopark.ru|www.taxi2000.ru|yandex.ru|taxivezde.ru|city2city.ru|taxi.drive-luxe.ru|rustransfer.org|www.taxi-love.ru|takse.ru|jupiter-tmc.ru|deshevotaxi.ru|mejgorodtaxi.ru|vtstaxi.ru|transfergid.ru|vk.com|internet-taksi.ru|taxi-mezhgorod24.ru|xn--80aegbkvxddlre.xn--80akxkdedu.xn--p1acf|taxi-petrozavodsk-republic-of-karelia-ru.taxigator.ru|www.avito.ru|mezhgorod-taksi.ru|cheap-taxi24.ru|xn--24-6kc6aj8ahcgi.xn--p1ai|ticrk.ru;Петрозаводск;Кемь;12300
tver-yaroslavl;old;11;;DIRECT;H_DIRECT_TEST;Директ тест;DIRECT_TEST;2;25;0;kiwitaxi.ru|catalogtaksi.ru|transfers.unitaxi.ru|taxi555.ru|tver.taxi24h.ru|tver.taksi24.taxi|taxi533.ru|taksisvo.ru|ug.taxi|taxi.drive-luxe.ru|jupiter-tmc.ru|rustransfer.org|www.mezhgorod.taxi|mezhgorod-rf.ru|taksi-services.ru|tver.aeroport-simferopol.taxi|taksi-gorod.ru|www.rome2rio.com|taxi-cosmos.ru|tver.simferopol-aeroport.taxi|vse-taxi.com|taxi-russia.ru|www.avito.ru|ubitaxi.ru|deshevotaxi.ru|mejgorodtaxi.ru|transfergid.ru|mezhdugorodnee-taxi24.ru|mezhgorod-taksi.ru|oblastnoe-taxi.ru;Тверь;Ярославль;10000
tyumen-perm;old;11;;DIRECT;H_DIRECT_TEST;Директ тест;DIRECT_TEST;1;24;0;taxi-russia.su|catalogtaksi.ru|www.taxi2000.ru|taksi-gorod.ru|taxi533.ru|rustransfer.org|taxi-cosmos.ru|taksisvo.ru|taxi555.ru|www.mezhgorod.taxi|obltaxi.ru|mezhgorod-rf.ru|jupiter-tmc.ru|vse-taxi.com|taxivezde.ru|www.taxi-love.ru|mejgorodtaxi.ru|deshevotaxi.ru|www.rome2rio.com|taxi24online.ru|transfergid.ru|uralavtotaxi.ru|vk.com|www.avito.ru|perevozka24.com|taxi-realtransfer-mejgorod.ru|mezhgorod-taksi.ru|taxinomerok.ru|taxi.yandex.ru|uslugi.yandex.ru;Тюмень;Пермь;20500
novosibirsk-kuybyshev;old;11;;DIRECT;H_DIRECT_TEST;Директ тест;DIRECT_TEST;0;17;0;starcars54.ru|royalcars54.ru|willway.ru|www.mezhgorod.taxi|www.taxi2000.ru|abv-auto.com|taxi.drive-luxe.ru|1taxopark.ru|viptaxinsk.ru|ugtaxi.ru|taxivezde.ru|rustransfer.org|www.taxi-love.ru|deshevotaxi.ru|obltaxi.ru|alfa-taxi154.ru|taksi-gorod.ru|jupiter-tmc.ru|catalogtaksi.ru|vk.com|bizorg.su|mezhgorod-taksi.ru|2gis.ru|taxi-novosibirsk-novosibirsk-oblast-ru.taxigator.ru|www.transfer154.ru|novosibirsk.perivoz.ru|novosibirsk.cataloxy.ru|www.rome2rio.com|taxisiberia.ru|xn--90absbknhbvge.xn--80akxkdedu.xn--p1acf;Новосибирск;Куйбышев;68000
voronezh-saratov;old;11;22;DIRECT;H_DIRECT_TEST;Директ тест;DIRECT_TEST;1;24;0;www.avito.ru|voronezh.sky-transfer.ru|kubtaxi.ru|voronezh.taxi24h.ru|taksi-gorod.ru|voronezh.sevastopol24.taxi|tratatur.ru|vse-taxi.com|ab-taxi.ru|voronezh.taksi24.taxi|taxi-ug.ru|rustransfer.org|mejgorod-taxi.ru|cabway.ru|taxi533.ru|catalogtaksi.ru|www.mezhgorod.taxi|unit-transfer.ru|voronezh.yalta-24.taxi|ug.taxi|sochi.taxi|city2city.ru|taksisvo.ru|taxi-svobodnoe.ru|taxi-russia.su|taxivezde.ru|jupiter-tmc.ru|vip-888.ru|taxi-cosmos.ru|www.taxi-love.ru;Воронеж;Саратов;15400
voronezh-ekaterinburg;old;11;7;DIRECT;H_DIRECT_TEST;Директ тест;DIRECT_TEST;1;23;0;ugtaxi.ru|kubtaxi.ru|taksi-gorod.ru|voronezh.taxi24h.ru|taxi-ug.ru|tratatur.ru|city2city.ru|voronezh.taxi-krim.com|voronezh.sevastopol24.taxi|mezhgorod-rf.ru|cabway.ru|unit-transfer.ru|ug.taxi|mejgorod-taxi.ru|www.mezhgorod.taxi|taxivezde.ru|taksisvo.ru|voronezh.simferopol-aeroport.taxi|catalogtaksi.ru|www.taxi-love.ru|ru-travel.org|vse-taxi.com|mejgorodtaxi.ru|deshevotaxi.ru|mezhgorod-taksi.ru|transferug.ru|transfer36.ru|mezhdugorodnee-taxi24.ru|www.avito.ru|1tmehgorod.ru;Воронеж;Екатеринбург;53700
penza-tolyatti;old;11;27;DIRECT;H_DIRECT_TEST;Директ тест;DIRECT_TEST;1;16;0;penza.taksi24.taxi|taxi533.ru|penza.taxi24h.ru|taksi-gorod.ru|taksisvo.ru|vse-taxi.com|catalogtaksi.ru|rustransfer.org|jupiter-tmc.ru|deshevotaxi.ru|mezhgorod-rf.ru|takse.ru|penza.aeroport-simferopol.taxi|penza.simferopol-aeroport.taxi|penza.taxi-krim.com|www.avito.ru|mejgorodtaxi.ru|mobilodeon.ru|mezhgorod-taksi.ru|penza.taxovichkof.ru|xn----7sbybhiuvgfca2ktb.xn--p1ai|minibus.biletyplus.ru|www.rome2rio.com|perevozka24.com|xn--80aaahzdndlon5ak.xn--p1ai|xn--80ajgxi.xn--80akxkdedu.xn--p1acf|city2city.ru|taxi-penza-penza-oblast-ru.taxigator.ru|2gis.ru|uslugi.yandex.ru;Пенза;Тольятти;10500
penza-kazan;old;11;5;DIRECT;H_DIRECT_TEST;Директ тест;DIRECT_TEST;1;24;0;www.avito.ru|taxi533.ru|penza.taxi24h.ru|penza.taksi24.taxi|city2city.ru|ugtaxi.ru|www.taxi2000.ru|taxi-russia.su|taxi555.ru|ug.taxi|transfer-kazan.ru|rustransfer.org|taxivezde.ru|taksisvo.ru|taksi-gorod.ru|mezhgorod-rf.ru|1taxopark.ru|www.mezhgorod.taxi|takse.ru|taxi.drive-luxe.ru|www.taxi-love.ru|penza.taxi-krim.com|jupiter-tmc.ru|penza.simferopol-aeroport.taxi|catalogtaksi.ru|penza.aeroport-simferopol.taxi|transferug.ru|radartaxi.ru|obltaxi.ru|taxi-cosmos.ru;Пенза;Казань;15900
volgograd-kalach-na-donu;old;11;7;SEO;F_AUTOPILOT;SEO автопилот;SEO_AUTOPILOT;1;21;0;kubtaxi.ru|tratatur.ru|taxi-ug.ru|deshevotaxi.ru|catalogtaksi.ru|taxi555.ru|city2city.ru|kiwitaxi.ru|taxi.drive-luxe.ru|taksi-gorod.ru|unit-transfer.ru|taxivezde.ru|taksisvo.ru|obltaxi.ru|www.taxi-rokada.ru|takse.ru|rustransfer.org|mezhgorod-taksi.ru|taxi-cosmos.ru|www.taxi2000.ru|mejgorodtaxi.ru|transfers.unitaxi.ru|ru-travel.org|www.taxi-love.ru|mobilodeon.ru|www.transfer34.ru|www.rome2rio.com|jupiter-tmc.ru|regionaltaxi.ru|xn--80addag2buct.xn--80akxkdedu.xn--p1acf;Волгоград;Калач-на-Дону;4000
kursk-oktyabrskij-respublika-bashkortostan;old;11;3;DIRECT;H_DIRECT_TEST;Директ тест;DIRECT_TEST;1;19;0;taxi533.ru|taksisvo.ru|city2city.ru|catalogtaksi.ru|mezhgorod-rf.ru|deshevotaxi.ru|taxi555.ru|taxi.drive-luxe.ru|1taxopark.ru|vse-taxi.com|taxivezde.ru|mejgorodtaxi.ru|taxi-nomer.ru|mezhgorod-taksi.ru|takse.ru|mobilodeon.ru|kursk.taxipoehali.ru|kursk.taximaxim.ru|vezet.ru|taxi.yandex.ru|m.avito.ru|yandex.ru|perevozka24.com|taxieconom.ru|vk.com|uslugi.yandex.ru|kursktaxi.online|vc.ru|taksicentr.ru|vrn-taxi.ru;Курск;Октябрьский;41500
ufa-ust-katav;old;11;4;SEO;F_AUTOPILOT;SEO автопилот;SEO_AUTOPILOT;2;21;0;taxi555.ru|www.mezhgorod.taxi|catalogtaksi.ru|city2city.ru|taxivezde.ru|taximini-ufa.ru|1taxopark.ru|rustransfer.org|taksi-gorod.ru|www.rome2rio.com|obltaxi.ru|takse.ru|toptaxi.org|taksisvo.ru|www.taxi-rokada.ru|taxi-mini.ru|taxiufa.ru|vk.com|www.intui.travel|www.taxi-love.ru|mejgorodtaxi.ru|deshevotaxi.ru|www.transfer02.ru|taxiufa.com|mezhgorod-taksi.ru|taxiufaustkatav.turbo.site|taxi-bulgakovo-republic-of-bashkortostan-ru.taxigator.ru|m.avito.ru|xn--80a1bd.xn--80akxkdedu.xn--p1acf|ru-travel.org;Уфа;Усть-Катав;5400
kirov-glazov;old;11;;SEO;F_AUTOPILOT;SEO автопилот;SEO_AUTOPILOT;2;20;0;taksikirov.ru|taxi555.ru|catalogtaksi.ru|taxi-russia.su|www.taxi2000.ru|taxivezde.ru|1taxopark.ru|taxi.drive-luxe.ru|obltaxi.ru|taksisvo.ru|www.taxi-love.ru|vk.com|vse-taxi.com|rustransfer.org|www.intui.travel|deshevotaxi.ru|mejgorodtaxi.ru|jupiter-tmc.ru|yandex.ru|www.rome2rio.com|routes43.ru|taxi-mini.ru|mezhgorod-taksi.ru|xn--80aaahzdndlon5ak.xn--p1ai|mobilodeon.ru|taxigator.ru|transfergid.ru|taksi-gorod.ru|catalogtaxi.ru|m.avito.ru;Киров;Глазов;7500
saransk-ulyanovsk;old;11;;SEO;F_AUTOPILOT;SEO автопилот;SEO_AUTOPILOT;3;20;0;www.avito.ru|kiwitaxi.ru|taxi555.ru|1taxopark.ru|taksisvo.ru|rustransfer.org|taxi.drive-luxe.ru|obltaxi.ru|taxivezde.ru|catalogtaksi.ru|www.mezhgorod.taxi|jupiter-tmc.ru|korona-taksi.ru|taxi-russia.su|www.taxi-love.ru|vse-taxi.com|deshevotaxi.ru|taxigorkovskoe.ru|ru-travel.org|www.intui.travel|mezhgorod-taksi.ru|mejgorodtaxi.ru|taxi24online.ru|mobilodeon.ru|taxigator.ru|transfergid.ru|vk.com|mezhgorod-rf.ru|www.rome2rio.com|perevozka24.com;Саранск;Ульяновск;6900
saratov-voronezh;old;11;5;DIRECT;H_DIRECT_TEST;Директ тест;DIRECT_TEST;1;25;0;sky-transfer.ru|saratov.taxi24h.ru|saratov.sevastopol24.taxi|ug.taxi|city2city.ru|kubtaxi.ru|taksi-gorod.ru|tratatur.ru|taksisvo.ru|taxi533.ru|vse-taxi.com|taxi-ug.ru|rustransfer.org|taxivezde.ru|jupiter-tmc.ru|taxi-russia.su|www.avito.ru|taxi.drive-luxe.ru|taxi24online.ru|sochi.taxi|taxi-lider64.ru|korona-taksi.ru|mejgorod-taxi.ru|taxigorkovskoe.ru|taxi-cosmos.ru|www.mezhgorod.taxi|catalogtaksi.ru|www.taxi-love.ru|saratov.taxi-krim.com|mezhgorod-rf.ru;Саратов;Воронеж;15400
kemerovo-gurevsk;old;11;2;SEO;F_AUTOPILOT;SEO автопилот;SEO_AUTOPILOT;0;7;0;royalcars54.ru|city2city.ru|mezhgorod-taksi.ru|www.mezhgorod.taxi|1taxopark.ru|taxi555.ru|www.taxi2000.ru|taxi.drive-luxe.ru|taxivezde.ru|obltaxi.ru;Кемерово;Гурьевск;5000
tver-bologoe;old;11;;SEO;F_AUTOPILOT;SEO автопилот;SEO_AUTOPILOT;1;21;0;taxi555.ru|catalogtaksi.ru|taxi-tver.com|taksisvo.ru|mezhgorod-taksi.ru|taxi.drive-luxe.ru|taxivezde.ru|taksi-services.ru|rustransfer.org|www.mezhgorod.taxi|xn----7sbyhcmnbsdikx.xn--p1ai|takse.ru|oblastnoe-taxi.ru|deshevotaxi.ru|mejgorodtaxi.ru|www.rome2rio.com|taxi-russia.ru|taxomarket.ru|jupiter-tmc.ru|m.avito.ru|taxi-mezhgorod24.ru|transfergid.ru|xn--24-6kc6aj8ahcgi.xn--p1ai|xn----7sbgnfw0acspf.xn--p1ai|xn--80affnblthori.xn--p1ai|taxi.yandex.ru|mezhdugorodnee-taksi.ru|perevozka24.com|y-taxi.ru|taxigator.ru;Тверь;Бологое;5500
ryazan-shaczk;old;11;7;SEO;F_AUTOPILOT;SEO автопилот;SEO_AUTOPILOT;1;21;0;kubtaxi.ru|1taxopark.ru|taxi555.ru|www.taxi2000.ru|tratatur.ru|taxi.drive-luxe.ru|city2city.ru|taxivezde.ru|rustransfer.org|taxi-ug.ru|taxi-russia.su|taksisvo.ru|obltaxi.ru|www.taxi-love.ru|takse.ru|www.taxi-rokada.ru|deshevotaxi.ru|mejgorodtaxi.ru|rzn-transfer.ru|mezhgorod-taksi.ru|catalogtaksi.ru|www.rome2rio.com|mobilodeon.ru|vk.com|transfer-rzn-62.ru|transfer62.ru|www.avito.ru|jupiter-tmc.ru|transfergid.ru|avtotransfer62.ru;Рязань;Шацк;5400
pskov-gdov;old;11;1;SEO;F_AUTOPILOT;SEO автопилот;SEO_AUTOPILOT;2;19;0;city2city.ru|deshevotaxi.ru|catalogtaksi.ru|taxi555.ru|xn----7sbyhcmnbsdikx.xn--p1ai|taxivezde.ru|mezhgorod-taksi.ru|1taxopark.ru|www.mezhgorod.taxi|takse.ru|www.taxi-rokada.ru|obltaxi.ru|www.taxi-love.ru|rustransfer.org|mejgorodtaxi.ru|vtstaxi.ru|www.taxi2000.ru|taxi-russia.ru|www.rome2rio.com|www.intui.travel|jupiter-tmc.ru|taxi-pskov-pskov-oblast-ru.taxigator.ru|taxi.drive-luxe.ru|taxomarket.ru|taxi-mezhgorod24.ru|uslugi.yandex.ru|www.avito.ru|xn--80afdpcl3cf.xn--p1ai|taxitaksi.ru|internet-taksi.ru;Псков;Гдов;4300
yaroslavl-sankt-peterburg;old;11;;DIRECT;H_DIRECT_TEST;Директ тест;DIRECT_TEST;1;28;0;sky-transfer.ru|yatransfer76.ru|ugtaxi.ru|yaroslavl.taxi24h.ru|transferug.ru|yaroslavl.taksi24.taxi|yaroslavl.taxi-krim.com|taxi533.ru|taxi555.ru|www.avito.ru|mejgorod-taxi.ru|1taxopark.ru|ab-taxi.ru|ug.taxi|taksisvo.ru|taxi.drive-luxe.ru|taksi-gorod.ru|rustransfer.org|www.taxi-love.ru|taxivezde.ru|taxi-cosmos.ru|yaroslavl.simferopol-aeroport.taxi|taxi-russia.ru|catalogtaksi.ru|mejgorodtaxi.ru|obltaxi.ru|vse-taxi.com|deshevotaxi.ru|taksi-services.ru|mezhdugorodnee-taksi.ru;Ярославль;Санкт-Петербург;23500
kostroma-vladimir;old;11;;SEO;F_AUTOPILOT;SEO автопилот;SEO_AUTOPILOT;0;26;0;kostroma.taxi24h.ru|taxi555.ru|kostroma.taksi24.taxi|1taxopark.ru|catalogtaksi.ru|taxi533.ru|taxi.drive-luxe.ru|www.mezhgorod.taxi|rustransfer.org|taksisvo.ru|taxivezde.ru|obltaxi.ru|jupiter-tmc.ru|kostroma.simferopol-aeroport.taxi|www.rome2rio.com|taxi-russia.ru|www.taxi-love.ru|vse-taxi.com|kostroma.aeroport-simferopol.taxi|onlinetaxi.su|transfer-44.ru|taksi-services.ru|xn--33-6kcu3bqdcefbvh.xn--p1ai|kostroma.taxi-krim.com|mezhgorod-taksi.ru|deshevotaxi.ru|transfer44.ru|transfergid.ru|mezhdugorodnee-taxi24.ru|www.transfer33.ru;Кострома;Владимир;6500
xanty-mansijsk-sovetskij;old;11;3;DIRECT;H_DIRECT_TEST;Директ тест;DIRECT_TEST;2;18;0;taxi.drive-luxe.ru|catalogtaksi.ru|city2city.ru|1taxopark.ru|taxi555.ru|www.taxi2000.ru|deshevotaxi.ru|taksi-gorod.ru|yandex.ru|obltaxi.ru|taxivezde.ru|taxi-russia.su|www.taxi-love.ru|www.taxi-rokada.ru|mejgorodtaxi.ru|sovetski.taximaxim.ru|mezhgorod-taksi.ru|zoon.ru|www.avito.ru|www.intui.travel|taxi-khanty-mansiysk-khanty-mansi-autonomous-okrug-ru.taxigator.ru|ru-travel.org|www.rome2rio.com|yandex.ru|uslugio.com|perevozka24.com|taxi.yandex.ru|intaxi.ru|takse.ru|vk.com;Ханты-Мансийск;Советский;11100
tyumen-turinsk;old;11;4;SEO;F_AUTOPILOT;SEO автопилот;SEO_AUTOPILOT;2;18;0;taxi555.ru|www.taxi2000.ru|www.mezhgorod.taxi|city2city.ru|takse.ru|1taxopark.ru|taxi.drive-luxe.ru|catalogtaksi.ru|taksisvo.ru|taxi-russia.su|obltaxi.ru|deshevotaxi.ru|rustransfer.org|taxivezde.ru|mezhgorod.taxi-ekvator.ru|mezhgorod-taksi.ru|www.taxi-love.ru|ru-travel.org|mejgorodtaxi.ru|www.intui.travel|jupiter-tmc.ru|xn--e1aner7ci.xn--80akxkdedu.xn--p1acf|taxi-tyumen-tyumen-oblast-ru.taxigator.ru|xn--72-glcedg4btat.xn--p1ai|www.rustore.ru|www.avito.ru|www.xn-----6kcnfedeptyfoja5ajpo7rmb.xn--p1ai|taxinomerok.ru|perevozka24.com|2gis.ru;Тюмень;Туринск;5900
rostov-tula;old;11;16;DIRECT;H_DIRECT_TEST;Директ тест;DIRECT_TEST;0;23;0;rostov-na-donu.sky-transfer.ru|rostov.taksi24.taxi|ugtaxi.ru|kubtaxi.ru|rostov.taxi24h.ru|perfect-taxi.ru|tratatur.ru|taxi533.ru|taxi-russia.su|unit-transfer.ru|taxi555.ru|turtransfer.ru|rostov.sevastopol24.taxi|msk.taxi|ug.taxi|city2city.ru|taxi.drive-luxe.ru|catalogtaksi.ru|taksisvo.ru|mejgorod-taxi.ru|ugtravel.com|taxi-svobodnoe.ru|alex-transport.ru|unit21.ru|rostov.aeroport-simferopol.taxi|rostov.simferopol-aeroport.taxi|rustransfer.org|taxivezde.ru|mezhgorod-rf.ru|avto-kruiz.com;Ростов-на-Дону;Тула;27600
ekaterinburg-surgut;old;11;2;DIRECT;H_DIRECT_TEST;Директ тест;DIRECT_TEST;0;6;0;xn-----6kccfjdehdbgxjti1a2ala5bhdewr6a.xn--p1ai|city2city.ru|taxi555.ru|www.taxi2000.ru|1taxopark.ru|taxi533.ru|taksi-gorod.ru|nexttax.ru|taxi.drive-luxe.ru|rustransfer.org;Екатеринбург;Сургут;33800
yaroslavl-kirov;old;11;;DIRECT;H_DIRECT_TEST;Директ тест;DIRECT_TEST;1;26;0;taxi533.ru|yaroslavl.sevastopol24.taxi|yaroslavl.taxi24h.ru|taxi555.ru|taksisvo.ru|rustransfer.org|1taxopark.ru|taxivezde.ru|taxi.drive-luxe.ru|yaroslavl.simferopol-aeroport.taxi|taksi-services.ru|catalogtaksi.ru|www.taxi-love.ru|yaroslavl.taxi-krim.com|obltaxi.ru|yaroslavl.aeroport-simferopol.taxi|deshevotaxi.ru|vse-taxi.com|onlinetaxi.su|www.rome2rio.com|mejgorodtaxi.ru|taksikirov.ru|mezhdugorodnee-taxi24.ru|xn--80aezclli6gta.xn--80akxkdedu.xn--p1acf|transfergid.ru|mezhdugorodnee-taksi.ru|vrn-taxi.ru|www.avito.ru|taxi.yandex.ru|mezhgorod-taksi.ru;Ярославль;Киров;21000
belgorod-ryazan;old;11;;DIRECT;H_DIRECT_TEST;Директ тест;DIRECT_TEST;0;8;0;kubtaxi.ru|belgorod.taxi24h.ru|tratatur.ru|taksi-gorod.ru|taxi533.ru|taxi-ug.ru|taxi555.ru|rustransfer.org|catalogtaksi.ru|mezhgorod-rf.ru;Белгород;Рязань;19000
smolensk-rudnya-smolenskaya-oblast;old;11;13;SEO;F_AUTOPILOT;SEO автопилот;SEO_AUTOPILOT;0;20;0;deshevotaxi.ru|taxi555.ru|takse.ru|taksi-gorod.ru|catalogtaksi.ru|1taxopark.ru|xn----7sbyhcmnbsdikx.xn--p1ai|taxivezde.ru|turtransfer.ru|yandex.ru|www.taxi-rokada.ru|taxi-smolensk-smolensk-oblast-ru.taxigator.ru|city2city.ru|mejgorodtaxi.ru|rustransfer.org|jupiter-tmc.ru|www.taxi-love.ru|mezhgorod-taksi.ru|taksi-services.ru|xn--80affnblthori.xn--p1ai|www.rome2rio.com|transfer67.ru|mobilodeon.ru|taxi.drive-luxe.ru|www.taxi2000.ru|taxi-mezhgorod24.ru|mb-taxi.ru|xn--e1akbdhdtf.xn--80akxkdedu.xn--p1acf|taksisvo.ru|taxinomerok.ru;Смоленск;Рудня;3200
chelyabinsk-verxneuralsk;old;11;;SEO;F_AUTOPILOT;SEO автопилот;SEO_AUTOPILOT;0;8;0;driver174.ru|taxidesyatka.ru|www.mezhgorod.taxi|rustransfer.org|taxipremier.ru|1taxopark.ru|taxi.drive-luxe.ru|taxivezde.ru|taksisvo.ru|www.taxi2000.ru;Челябинск;Верхнеуральск;7500
vladimir-kostroma;old;11;;SEO;F_AUTOPILOT;SEO автопилот;SEO_AUTOPILOT;1;24;0;vladimir.taxi24h.ru|kiwitaxi.ru|taxi555.ru|taxi533.ru|www.mezhgorod.taxi|vladimir.sevastopol24.taxi|vladimir.taksi24.taxi|rustransfer.org|xn--33-6kcu3bqdcefbvh.xn--p1ai|catalogtaxi.ru|taxi.drive-luxe.ru|1taxopark.ru|taxivezde.ru|catalogtaksi.ru|vse-taxi.com|www.transfer33.ru|taksisvo.ru|vladimir.aeroport-simferopol.taxi|vladimir.taxi-krim.com|www.taxi-love.ru|obltaxi.ru|jupiter-tmc.ru|ru-travel.org|taxi-russia.su|vladimir.simferopol-aeroport.taxi|taksi-services.ru|mejgorodtaxi.ru|mezhgorod-taksi.ru|vladimir.skidkom.ru|deshevotaxi.ru;Владимир;Кострома;6600
saratov-zhirnovsk;old;11;1;SEO;F_AUTOPILOT;SEO автопилот;SEO_AUTOPILOT;2;20;0;city2city.ru|deshevotaxi.ru|taxi.drive-luxe.ru|taxi555.ru|www.taxi2000.ru|www.mezhgorod.taxi|1taxopark.ru|rustransfer.org|taxi-lider64.ru|obltaxi.ru|catalogtaksi.ru|taksisvo.ru|takse.ru|taxi-cosmos.ru|taxivezde.ru|www.taxi-love.ru|www.rome2rio.com|jupiter-tmc.ru|mb-taxi.ru|www.intui.travel|mezhgorod-taksi.ru|taxigator.ru|mejgorodtaxi.ru|xn--80aag1ciek.xn--80akxkdedu.xn--p1acf|taksi-gorod.ru|www.avito.ru|regionaltaxi.ru|xn--80aaahzdndlon5ak.xn--p1ai|taxijaguar.ru|ru-travel.org;Саратов;Жирновск;6400
volgograd-zhirnovsk;old;11;;SEO;F_AUTOPILOT;SEO автопилот;SEO_AUTOPILOT;2;20;0;kubtaxi.ru|tratatur.ru|taxi555.ru|taxi-ug.ru|unit-transfer.ru|taksisvo.ru|1taxopark.ru|taxivezde.ru|taxi.drive-luxe.ru|taxi-cosmos.ru|catalogtaksi.ru|www.mezhgorod.taxi|taxi-russia.su|rustransfer.org|obltaxi.ru|1tmehgorod.ru|deshevotaxi.ru|takse.ru|www.taxi-love.ru|taksi-gorod.ru|ru-travel.org|mejgorodtaxi.ru|www.intui.travel|transfere.ru|mobilodeon.ru|jupiter-tmc.ru|www.transfer34.ru|www.rome2rio.com|regionaltaxi.ru|www.avito.ru;Волгоград;Жирновск;9500
svo-taxi-krasnyy-luch-antratsit;old;11;20;SEO;F_AUTOPILOT;SEO автопилот;SEO_AUTOPILOT;0;14;0;start81.ru|vk.com|pilot.tvoe.taxi|m.ok.ru|959.xn--p1ai|www.rustore.ru|deshevotaxi.ru|xn-----6kcb2bidcmr5aiff2a8d3c.xn--p1ai|t.me|yandex.ru|arteltaxi.ru|perevozka24.com|taksi-gorod.ru|uslugi.yandex.ru|taxi-vokrug.ru|takse.ru|taxieconom.ru|catalogtaksi.ru|pilot--taxii.orgs.biz|city2city.ru|taksisvo.ru|yandex.ru|xn----8sbba8abcp7dh.xn--p1ai|ugtravel.ru|taxi-cosmos.ru|ugtravel.com|intaxi.ru|astrataxi.ru|astra.redbeam.ru|ugtaxi.ru;Красный луч;Антрацит;2000
ufa-novyj-urengoj;old;11;;DIRECT;H_DIRECT_TEST;Директ тест;DIRECT_TEST;2;19;0;vk.com|mezhgorod-rf.ru|taksi-gorod.ru|taxi-mini.ru|taximini-ufa.ru|taxiufa.ru|vse-taxi.com|catalogtaksi.ru|yandex.ru|deshevotaxi.ru|mezhgorod-taksi.ru|xn--80a1bd.xn--80akxkdedu.xn--p1acf|ufa.vezetvsem.ru|mejgorodtaxi.ru|taxi-ufa-republic-of-bashkortostan-ru.taxigator.ru|taxi.yandex.ru|transfergid.ru|www.blablacar.ru|m.avito.ru|xn--d1abb2a.xn--p1ai|perevozka24.com|taxiufaurengoi.turbo.site|nomera-taksi.ru|go.yandex|doberemsya.net|gruzoperevozka02.ru|taximezhgorod.turbo.site|taksi-ufa.ru|ridesharing.biletyplus.ru|taximezhgorodufa.ru;Уфа;Новый Уренгой;71000
vladimir-kazan;old;11;4;DIRECT;H_DIRECT_TEST;Директ тест;DIRECT_TEST;0;25;0;taxi555.ru|vladimir.taxi24h.ru|vladimir.taksi24.taxi|city2city.ru|taxi533.ru|perfect-taxi.ru|xn--33-6kcu3bqdcefbvh.xn--p1ai|taksi-gorod.ru|ugtaxi.ru|ug.taxi|vladimir.taxi-krim.com|www.mezhgorod.taxi|taxi.drive-luxe.ru|rustransfer.org|vladimir.sevastopol24.taxi|taksisvo.ru|taxivezde.ru|www.taxi-love.ru|catalogtaksi.ru|catalogtaxi.ru|vladimir.simferopol-aeroport.taxi|obltaxi.ru|vladimir.aeroport-simferopol.taxi|mejgorodtaxi.ru|vse-taxi.com|ru-travel.org|onlinetaxi.su|transferug.ru|vladimir.skidkom.ru|jupiter-tmc.ru;Владимир;Казань;18600
irkutsk-tajshet;old;11;;DIRECT;H_DIRECT_TEST;Директ тест;DIRECT_TEST;1;7;0;www.transfer38.ru|taksi-gorod.ru|rustransfer.org|jupiter-tmc.ru|www.avito.ru|catalogtaksi.ru|takse.ru|deshevotaxi.ru|vse-taxi.com|mezhgorod-taksi.ru;Иркутск;Тайшет;20000
kostroma-rybinsk;old;11;;SEO;F_AUTOPILOT;SEO автопилот;SEO_AUTOPILOT;0;23;0;taxi555.ru|deshevotaxi.ru|rustransfer.org|1taxopark.ru|taxivezde.ru|catalogtaksi.ru|taxi533.ru|taksisvo.ru|mezhgorod-rf.ru|taxi.drive-luxe.ru|www.mezhgorod.taxi|obltaxi.ru|www.taxi-love.ru|vse-taxi.com|mezhgorod.taxi-ekvator.ru|ru-travel.org|taksi-services.ru|onlinetaxi.su|www.rome2rio.com|taksi-gorod.ru|mejgorodtaxi.ru|mezhgorod-taksi.ru|transfergid.ru|ab-taxi.ru|mobilodeon.ru|takse.ru|mezhdugorodnee-taksi.ru|taxigator.ru|transfer44.ru|dts.limo;Кострома;Рыбинск;5000
oryol-lipeczk;old;11;;SEO;F_AUTOPILOT;SEO автопилот;SEO_AUTOPILOT;1;25;0;orel.taxi24h.ru|kubtaxi.ru|tratatur.ru|orel.taksi24.taxi|ug.taxi|catalogtaksi.ru|taxi-ug.ru|1taxopark.ru|taxi533.ru|www.mezhgorod.taxi|taksisvo.ru|taxi555.ru|taxi.drive-luxe.ru|taxivezde.ru|mejgorod-taxi.ru|www.taxi-love.ru|rustransfer.org|vse-taxi.com|orel.aeroport-simferopol.taxi|jupiter-tmc.ru|taksi-services.ru|taksi-gorod.ru|onlinetaxi.su|orel.taxi-krim.com|taxi-russia.su|www.rome2rio.com|taxi-cosmos.ru|www.avito.ru|deshevotaxi.ru|mejgorodtaxi.ru;Орёл;Липецк;9000
murmansk-sankt-peterburg;old;11;4;DIRECT;H_DIRECT_TEST;Директ тест;DIRECT_TEST;1;22;0;ugtaxi.ru|sky-transfer.ru|perfect-taxi.ru|city2city.ru|taxivezde.ru|taxi533.ru|taksi-gorod.ru|taxi555.ru|catalogtaksi.ru|taxi-cosmos.ru|1taxopark.ru|taxi.drive-luxe.ru|www.taxi-love.ru|mezhgorod-taksi.ru|vse-taxi.com|deshevotaxi.ru|transferug.ru|1tmehgorod.ru|obltaxi.ru|stk51.ru|taxi-russia.ru|mejgorodtaxi.ru|www.avito.ru|taxitoday.ru|transfergid.ru|uslugi.yandex.ru|zoon.ru|xn--80acuhrfsebr.xn--p1ai|perevozka24.com|taxi.yandex.ru;Мурманск;Санкт-Петербург;40200
volgograd-sevastopol;old;11;15;DIRECT;H_DIRECT_TEST;Директ тест;DIRECT_TEST;0;25;0;volgograd.taxi24h.ru|sevastopol24.taxi|kubtaxi.ru|ugtaxi.ru|volgograd.taksi24.taxi|taxi533.ru|ug.taxi|taksi-gorod.ru|volgograd.simferopol-aeroport.taxi|volgograd.yalta-24.taxi|mejgorod-taxi.ru|taxi.transferplustravel.com|mezhgorod-rf.ru|volgograd.taxi-krim.com|city2city.ru|volgograd.aeroport-simferopol.taxi|rustransfer.org|catalogtaksi.ru|sochi.taxi|taxi-cosmos.ru|transferug.ru|mejgorodtaxi.ru|taxiaero-simferopol.ru|deshevotaxi.ru|transfervkrimu.ru|ru-travel.org|airport-service-taxi.ru|vse-taxi.com|xn-----6kcj2al3blgik3i.xn--p1ai|minivan-go.ru;Волгоград;Севастополь;35100
murmansk-polyarnye-zori;old;11;5;SEO;F_AUTOPILOT;SEO автопилот;SEO_AUTOPILOT;3;19;0;www.avito.ru|1taxopark.ru|taximurmansk.ru|takse.ru|city2city.ru|taxi555.ru|taxi.drive-luxe.ru|yandex.ru|yandex.ru|www.taxi2000.ru|taxivezde.ru|rustransfer.org|taksi-gorod.ru|kiwitaxi.ru|catalogtaksi.ru|www.taxi-rokada.ru|www.taxi-love.ru|severnaja-transfernaja.clients.site|www.intui.travel|obltaxi.ru|deshevotaxi.ru|perevozka24.com|transfere.ru|arctic-bus.ru|mejgorodtaxi.ru|uslugi.yandex.ru|taxi-russia.ru|taxi-nomera.ru|mezhgorod-taksi.ru|murmansk.nashaspravka.ru;Мурманск;Полярные Зори;6600
yaroslavl-tver;old;11;;DIRECT;H_DIRECT_TEST;Директ тест;DIRECT_TEST;1;25;0;yaroslavl.taksi24.taxi|yaroslavl.taxi24h.ru|yaroslavl.sevastopol24.taxi|taxi555.ru|taxi533.ru|1taxopark.ru|vse-taxi.com|taxivezde.ru|taksisvo.ru|mejgorod-taxi.ru|yaroslavl.yalta-24.taxi|www.mezhgorod.taxi|yaroslavl.simferopol-aeroport.taxi|mezhgorod-taksi.ru|ug.taxi|mezhgorod-rf.ru|taxi.drive-luxe.ru|www.taxi-love.ru|catalogtaksi.ru|taxi-cosmos.ru|taksi-services.ru|yaroslavl.aeroport-simferopol.taxi|yaroslavl.taxi-krim.com|deshevotaxi.ru|taxi-russia.ru|www.avito.ru|www.tourister.ru|www.rome2rio.com|mejgorodtaxi.ru|taxi-yaroslavl-yaroslavl-oblast-ru.taxigator.ru;Ярославль;Тверь;10000
sankt-peterburg-murmansk;old;11;24;DIRECT;H_DIRECT_TEST;Директ тест;DIRECT_TEST;0;26;0;ugtaxi.ru|sky-transfer.ru|taxitoday.ru|taxi533.ru|unit-transfer.ru|ab-taxi.ru|taxi555.ru|xn--80acuhrfsebr.xn--p1ai|www.mezhgorod.taxi|taxivezde.ru|rustransfer.org|vse-taxi.com|taxi.drive-luxe.ru|mejgorod-taxi.ru|1taxopark.ru|taxideshevo.com|taxi-cosmos.ru|mezhgorod-taksi.ru|vtstaxi.ru|xn----7sbebjgab2at5brxcj5g.xn--p1ai|www.daleko-taxi.ru|www.taxi-love.ru|perfect-taxi.ru|city2city.ru|transferug.ru|obltaxi.ru|deshevotaxi.ru|mejgorodtaxi.ru|www.taxi-mezdugorodnee.ru|transfergid.ru;Санкт-Петербург;Мурманск;40500
volgograd-krasnoslobodsk;old;11;;DIRECT;H_DIRECT_TEST;Директ тест;DIRECT_TEST;3;18;0;taksi-gorod.ru|taxi555.ru|taxivezde.ru|1taxopark.ru|obltaxi.ru|taxi.drive-luxe.ru|takse.ru|kiwitaxi.ru|catalogtaksi.ru|rustransfer.org|yandex.ru|deshevotaxi.ru|taxi-volgograd-volgograd-oblast-ru.taxigator.ru|www.taxi-love.ru|www.rome2rio.com|mejgorodtaxi.ru|uslugi.yandex.ru|ru-travel.org|vk.com|www.intui.travel|mobilodeon.ru|mezhgorod-taksi.ru|taxitelephone.ru|xn--80addag2buct.xn--80akxkdedu.xn--p1acf|rutaxist.ru|www.transfer34.ru|regionaltaxi.ru|perevozka24.com|www.avito.ru|intaxi.ru;Волгоград;Краснослободск;23500
