city_from;city_to;page_url;template;phrase;total_count;top_1_phrase;top_1_count;top_2_phrase;top_2_count;top_3_phrase;top_3_count
аэропорт Томск (Богашёво) имени Н.И. Камова;Северск;https://city2city.ru/aeroport-bogashyovo-seversk;такси {city_from} {city_to};такси аэропорт Томск (Богашёво) имени Н.И. Камова Северск;0;;0;;0;;0
аэропорт Томск (Богашёво) имени Н.И. Камова;Северск;https://city2city.ru/aeroport-bogashyovo-seversk;трансфер {city_from} {city_to};трансфер аэропорт Томск (Богашёво) имени Н.И. Камова Северск;0;;0;;0;;0
аэропорт Томск (Богашёво) имени Н.И. Камова;Северск;https://city2city.ru/aeroport-bogashyovo-seversk;межгород {city_from} {city_to};межгород аэропорт Томск (Богашёво) имени Н.И. Камова Северск;0;;0;;0;;0
аэропорт Томск (Богашёво) имени Н.И. Камова;Северск;https://city2city.ru/aeroport-bogashyovo-seversk;такси {city_from} {city_to} цена;такси аэропорт Томск (Богашёво) имени Н.И. Камова Северск цена;0;;0;;0;;0
аэропорт Томск (Богашёво) имени Н.И. Камова;Юрга;https://city2city.ru/aeroport-bogashyovo-yurga;такси {city_from} {city_to};такси аэропорт Томск (Богашёво) имени Н.И. Камова Юрга;0;;0;;0;;0
аэропорт Томск (Богашёво) имени Н.И. Камова;Юрга;https://city2city.ru/aeroport-bogashyovo-yurga;трансфер {city_from} {city_to};трансфер аэропорт Томск (Богашёво) имени Н.И. Камова Юрга;0;;0;;0;;0
аэропорт Томск (Богашёво) имени Н.И. Камова;Юрга;https://city2city.ru/aeroport-bogashyovo-yurga;межгород {city_from} {city_to};межгород аэропорт Томск (Богашёво) имени Н.И. Камова Юрга;0;;0;;0;;0
аэропорт Томск (Богашёво) имени Н.И. Камова;Юрга;https://city2city.ru/aeroport-bogashyovo-yurga;такси {city_from} {city_to} цена;такси аэропорт Томск (Богашёво) имени Н.И. Камова Юрга цена;0;;0;;0;;0
аэропорт Гагарин;Балаково;https://city2city.ru/aeroport-gagarin-balakovo;такси {city_from} {city_to};такси аэропорт Гагарин Балаково;27;такси балаково аэропорт гагарин;27;такси аэропорт гагарин балаково цена;6;;0
аэропорт Гагарин;Балаково;https://city2city.ru/aeroport-gagarin-balakovo;трансфер {city_from} {city_to};трансфер аэропорт Гагарин Балаково;4;;0;;0;;0
аэропорт Гагарин;Балаково;https://city2city.ru/aeroport-gagarin-balakovo;межгород {city_from} {city_to};межгород аэропорт Гагарин Балаково;0;;0;;0;;0
аэропорт Гагарин;Балаково;https://city2city.ru/aeroport-gagarin-balakovo;такси {city_from} {city_to} цена;такси аэропорт Гагарин Балаково цена;6;такси аэропорт гагарин балаково цена;6;;0;;0
аэропорт Гагарин;Вольск;https://city2city.ru/aeroport-gagarin-volsk;такси {city_from} {city_to};такси аэропорт Гагарин Вольск;3;;0;;0;;0
аэропорт Гагарин;Вольск;https://city2city.ru/aeroport-gagarin-volsk;трансфер {city_from} {city_to};трансфер аэропорт Гагарин Вольск;0;;0;;0;;0
аэропорт Гагарин;Вольск;https://city2city.ru/aeroport-gagarin-volsk;межгород {city_from} {city_to};межгород аэропорт Гагарин Вольск;0;;0;;0;;0
аэропорт Гагарин;Вольск;https://city2city.ru/aeroport-gagarin-volsk;такси {city_from} {city_to} цена;такси аэропорт Гагарин Вольск цена;0;;0;;0;;0
аэропорт Екатеринбург (Кольцово) имени А.Н. Демидова;Челябинск;https://city2city.ru/aeroport-kolczovo-chelyabinsk;такси {city_from} {city_to};такси аэропорт Екатеринбург (Кольцово) имени А.Н. Демидова Челябинск;0;;0;;0;;0
аэропорт Екатеринбург (Кольцово) имени А.Н. Демидова;Челябинск;https://city2city.ru/aeroport-kolczovo-chelyabinsk;трансфер {city_from} {city_to};трансфер аэропорт Екатеринбург (Кольцово) имени А.Н. Демидова Челябинск;0;;0;;0;;0
аэропорт Екатеринбург (Кольцово) имени А.Н. Демидова;Челябинск;https://city2city.ru/aeroport-kolczovo-chelyabinsk;межгород {city_from} {city_to};межгород аэропорт Екатеринбург (Кольцово) имени А.Н. Демидова Челябинск;0;;0;;0;;0
аэропорт Екатеринбург (Кольцово) имени А.Н. Демидова;Челябинск;https://city2city.ru/aeroport-kolczovo-chelyabinsk;такси {city_from} {city_to} цена;такси аэропорт Екатеринбург (Кольцово) имени А.Н. Демидова Челябинск цена;0;;0;;0;;0
аэропорт Екатеринбург (Кольцово) имени А.Н. Демидова;Каменск-Уральский;https://city2city.ru/aeroport-kolczovo-kamensk-uralskij;такси {city_from} {city_to};такси аэропорт Екатеринбург (Кольцово) имени А.Н. Демидова Каменск-Уральский;0;;0;;0;;0
аэропорт Екатеринбург (Кольцово) имени А.Н. Демидова;Каменск-Уральский;https://city2city.ru/aeroport-kolczovo-kamensk-uralskij;трансфер {city_from} {city_to};трансфер аэропорт Екатеринбург (Кольцово) имени А.Н. Демидова Каменск-Уральский;0;;0;;0;;0
аэропорт Екатеринбург (Кольцово) имени А.Н. Демидова;Каменск-Уральский;https://city2city.ru/aeroport-kolczovo-kamensk-uralskij;межгород {city_from} {city_to};межгород аэропорт Екатеринбург (Кольцово) имени А.Н. Демидова Каменск-Уральский;0;;0;;0;;0
аэропорт Екатеринбург (Кольцово) имени А.Н. Демидова;Каменск-Уральский;https://city2city.ru/aeroport-kolczovo-kamensk-uralskij;такси {city_from} {city_to} цена;такси аэропорт Екатеринбург (Кольцово) имени А.Н. Демидова Каменск-Уральский цена;0;;0;;0;;0
аэропорт Екатеринбург (Кольцово) имени А.Н. Демидова;Курган;https://city2city.ru/aeroport-kolczovo-kurgan;такси {city_from} {city_to};такси аэропорт Екатеринбург (Кольцово) имени А.Н. Демидова Курган;0;;0;;0;;0
аэропорт Екатеринбург (Кольцово) имени А.Н. Демидова;Курган;https://city2city.ru/aeroport-kolczovo-kurgan;трансфер {city_from} {city_to};трансфер аэропорт Екатеринбург (Кольцово) имени А.Н. Демидова Курган;0;;0;;0;;0
аэропорт Екатеринбург (Кольцово) имени А.Н. Демидова;Курган;https://city2city.ru/aeroport-kolczovo-kurgan;межгород {city_from} {city_to};межгород аэропорт Екатеринбург (Кольцово) имени А.Н. Демидова Курган;0;;0;;0;;0
аэропорт Екатеринбург (Кольцово) имени А.Н. Демидова;Курган;https://city2city.ru/aeroport-kolczovo-kurgan;такси {city_from} {city_to} цена;такси аэропорт Екатеринбург (Кольцово) имени А.Н. Демидова Курган цена;0;;0;;0;;0
аэропорт Екатеринбург (Кольцово) имени А.Н. Демидова;Миасс;https://city2city.ru/aeroport-kolczovo-miass;такси {city_from} {city_to};такси аэропорт Екатеринбург (Кольцово) имени А.Н. Демидова Миасс;0;;0;;0;;0
аэропорт Екатеринбург (Кольцово) имени А.Н. Демидова;Миасс;https://city2city.ru/aeroport-kolczovo-miass;трансфер {city_from} {city_to};трансфер аэропорт Екатеринбург (Кольцово) имени А.Н. Демидова Миасс;0;;0;;0;;0
аэропорт Екатеринбург (Кольцово) имени А.Н. Демидова;Миасс;https://city2city.ru/aeroport-kolczovo-miass;межгород {city_from} {city_to};межгород аэропорт Екатеринбург (Кольцово) имени А.Н. Демидова Миасс;0;;0;;0;;0
аэропорт Екатеринбург (Кольцово) имени А.Н. Демидова;Миасс;https://city2city.ru/aeroport-kolczovo-miass;такси {city_from} {city_to} цена;такси аэропорт Екатеринбург (Кольцово) имени А.Н. Демидова Миасс цена;0;;0;;0;;0
аэропорт Екатеринбург (Кольцово) имени А.Н. Демидова;Нижний Тагил;https://city2city.ru/aeroport-kolczovo-nizhnij-tagil;такси {city_from} {city_to};такси аэропорт Екатеринбург (Кольцово) имени А.Н. Демидова Нижний Тагил;0;;0;;0;;0
аэропорт Екатеринбург (Кольцово) имени А.Н. Демидова;Нижний Тагил;https://city2city.ru/aeroport-kolczovo-nizhnij-tagil;трансфер {city_from} {city_to};трансфер аэропорт Екатеринбург (Кольцово) имени А.Н. Демидова Нижний Тагил;0;;0;;0;;0
аэропорт Екатеринбург (Кольцово) имени А.Н. Демидова;Нижний Тагил;https://city2city.ru/aeroport-kolczovo-nizhnij-tagil;межгород {city_from} {city_to};межгород аэропорт Екатеринбург (Кольцово) имени А.Н. Демидова Нижний Тагил;0;;0;;0;;0
аэропорт Екатеринбург (Кольцово) имени А.Н. Демидова;Нижний Тагил;https://city2city.ru/aeroport-kolczovo-nizhnij-tagil;такси {city_from} {city_to} цена;такси аэропорт Екатеринбург (Кольцово) имени А.Н. Демидова Нижний Тагил цена;0;;0;;0;;0
аэропорт Екатеринбург (Кольцово) имени А.Н. Демидова;Первоуральск;https://city2city.ru/aeroport-kolczovo-pervouralsk;такси {city_from} {city_to};такси аэропорт Екатеринбург (Кольцово) имени А.Н. Демидова Первоуральск;0;;0;;0;;0
аэропорт Екатеринбург (Кольцово) имени А.Н. Демидова;Первоуральск;https://city2city.ru/aeroport-kolczovo-pervouralsk;трансфер {city_from} {city_to};трансфер аэропорт Екатеринбург (Кольцово) имени А.Н. Демидова Первоуральск;0;;0;;0;;0
аэропорт Екатеринбург (Кольцово) имени А.Н. Демидова;Первоуральск;https://city2city.ru/aeroport-kolczovo-pervouralsk;межгород {city_from} {city_to};межгород аэропорт Екатеринбург (Кольцово) имени А.Н. Демидова Первоуральск;0;;0;;0;;0
аэропорт Екатеринбург (Кольцово) имени А.Н. Демидова;Первоуральск;https://city2city.ru/aeroport-kolczovo-pervouralsk;такси {city_from} {city_to} цена;такси аэропорт Екатеринбург (Кольцово) имени А.Н. Демидова Первоуральск цена;0;;0;;0;;0
аэропорт Краснодар (Пашковский) имени Екатерины II;Донецк;https://city2city.ru/aeroport-krasnodar-pashkovskij-doneczk-rostovskaya-oblast;такси {city_from} {city_to};такси аэропорт Краснодар (Пашковский) имени Екатерины II Донецк;0;;0;;0;;0
аэропорт Краснодар (Пашковский) имени Екатерины II;Донецк;https://city2city.ru/aeroport-krasnodar-pashkovskij-doneczk-rostovskaya-oblast;трансфер {city_from} {city_to};трансфер аэропорт Краснодар (Пашковский) имени Екатерины II Донецк;0;;0;;0;;0
аэропорт Краснодар (Пашковский) имени Екатерины II;Донецк;https://city2city.ru/aeroport-krasnodar-pashkovskij-doneczk-rostovskaya-oblast;межгород {city_from} {city_to};межгород аэропорт Краснодар (Пашковский) имени Екатерины II Донецк;0;;0;;0;;0
аэропорт Краснодар (Пашковский) имени Екатерины II;Донецк;https://city2city.ru/aeroport-krasnodar-pashkovskij-doneczk-rostovskaya-oblast;такси {city_from} {city_to} цена;такси аэропорт Краснодар (Пашковский) имени Екатерины II Донецк цена;0;;0;;0;;0
аэропорт Самара (Курумоч) имени С.П. Королева;Бугуруслан;https://city2city.ru/aeroport-kurumoch-buguruslan;такси {city_from} {city_to};такси аэропорт Самара (Курумоч) имени С.П. Королева Бугуруслан;0;;0;;0;;0
аэропорт Самара (Курумоч) имени С.П. Королева;Бугуруслан;https://city2city.ru/aeroport-kurumoch-buguruslan;трансфер {city_from} {city_to};трансфер аэропорт Самара (Курумоч) имени С.П. Королева Бугуруслан;0;;0;;0;;0
аэропорт Самара (Курумоч) имени С.П. Королева;Бугуруслан;https://city2city.ru/aeroport-kurumoch-buguruslan;межгород {city_from} {city_to};межгород аэропорт Самара (Курумоч) имени С.П. Королева Бугуруслан;0;;0;;0;;0
аэропорт Самара (Курумоч) имени С.П. Королева;Бугуруслан;https://city2city.ru/aeroport-kurumoch-buguruslan;такси {city_from} {city_to} цена;такси аэропорт Самара (Курумоч) имени С.П. Королева Бугуруслан цена;0;;0;;0;;0
аэропорт Самара (Курумоч) имени С.П. Королева;Бузулук;https://city2city.ru/aeroport-kurumoch-buzuluk;такси {city_from} {city_to};такси аэропорт Самара (Курумоч) имени С.П. Королева Бузулук;0;;0;;0;;0
аэропорт Самара (Курумоч) имени С.П. Королева;Бузулук;https://city2city.ru/aeroport-kurumoch-buzuluk;трансфер {city_from} {city_to};трансфер аэропорт Самара (Курумоч) имени С.П. Королева Бузулук;0;;0;;0;;0
аэропорт Самара (Курумоч) имени С.П. Королева;Бузулук;https://city2city.ru/aeroport-kurumoch-buzuluk;межгород {city_from} {city_to};межгород аэропорт Самара (Курумоч) имени С.П. Королева Бузулук;0;;0;;0;;0
аэропорт Самара (Курумоч) имени С.П. Королева;Бузулук;https://city2city.ru/aeroport-kurumoch-buzuluk;такси {city_from} {city_to} цена;такси аэропорт Самара (Курумоч) имени С.П. Королева Бузулук цена;0;;0;;0;;0
аэропорт Самара (Курумоч) имени С.П. Королева;52А-3;https://city2city.ru/aeroport-kurumoch-granicza-kazaxstan;такси {city_from} {city_to};такси аэропорт Самара (Курумоч) имени С.П. Королева 52А-3;0;;0;;0;;0
аэропорт Самара (Курумоч) имени С.П. Королева;52А-3;https://city2city.ru/aeroport-kurumoch-granicza-kazaxstan;трансфер {city_from} {city_to};трансфер аэропорт Самара (Курумоч) имени С.П. Королева 52А-3;0;;0;;0;;0
аэропорт Самара (Курумоч) имени С.П. Королева;52А-3;https://city2city.ru/aeroport-kurumoch-granicza-kazaxstan;межгород {city_from} {city_to};межгород аэропорт Самара (Курумоч) имени С.П. Королева 52А-3;0;;0;;0;;0
аэропорт Самара (Курумоч) имени С.П. Королева;52А-3;https://city2city.ru/aeroport-kurumoch-granicza-kazaxstan;такси {city_from} {city_to} цена;такси аэропорт Самара (Курумоч) имени С.П. Королева 52А-3 цена;0;;0;;0;;0
аэропорт Самара (Курумоч) имени С.П. Королева;Оренбург;https://city2city.ru/aeroport-kurumoch-orenburg;такси {city_from} {city_to};такси аэропорт Самара (Курумоч) имени С.П. Королева Оренбург;0;;0;;0;;0
аэропорт Самара (Курумоч) имени С.П. Королева;Оренбург;https://city2city.ru/aeroport-kurumoch-orenburg;трансфер {city_from} {city_to};трансфер аэропорт Самара (Курумоч) имени С.П. Королева Оренбург;0;;0;;0;;0
аэропорт Самара (Курумоч) имени С.П. Королева;Оренбург;https://city2city.ru/aeroport-kurumoch-orenburg;межгород {city_from} {city_to};межгород аэропорт Самара (Курумоч) имени С.П. Королева Оренбург;0;;0;;0;;0
аэропорт Самара (Курумоч) имени С.П. Королева;Оренбург;https://city2city.ru/aeroport-kurumoch-orenburg;такси {city_from} {city_to} цена;такси аэропорт Самара (Курумоч) имени С.П. Королева Оренбург цена;0;;0;;0;;0
аэропорт Самара (Курумоч) имени С.П. Королева;Первомайск;https://city2city.ru/aeroport-kurumoch-pervomajsk;такси {city_from} {city_to};такси аэропорт Самара (Курумоч) имени С.П. Королева Первомайск;0;;0;;0;;0
аэропорт Самара (Курумоч) имени С.П. Королева;Первомайск;https://city2city.ru/aeroport-kurumoch-pervomajsk;трансфер {city_from} {city_to};трансфер аэропорт Самара (Курумоч) имени С.П. Королева Первомайск;0;;0;;0;;0
аэропорт Самара (Курумоч) имени С.П. Королева;Первомайск;https://city2city.ru/aeroport-kurumoch-pervomajsk;межгород {city_from} {city_to};межгород аэропорт Самара (Курумоч) имени С.П. Королева Первомайск;0;;0;;0;;0
аэропорт Самара (Курумоч) имени С.П. Королева;Первомайск;https://city2city.ru/aeroport-kurumoch-pervomajsk;такси {city_from} {city_to} цена;такси аэропорт Самара (Курумоч) имени С.П. Королева Первомайск цена;0;;0;;0;;0
аэропорт Самара (Курумоч) имени С.П. Королева;Сызрань;https://city2city.ru/aeroport-kurumoch-syzran;такси {city_from} {city_to};такси аэропорт Самара (Курумоч) имени С.П. Королева Сызрань;0;;0;;0;;0
аэропорт Самара (Курумоч) имени С.П. Королева;Сызрань;https://city2city.ru/aeroport-kurumoch-syzran;трансфер {city_from} {city_to};трансфер аэропорт Самара (Курумоч) имени С.П. Королева Сызрань;0;;0;;0;;0
аэропорт Самара (Курумоч) имени С.П. Королева;Сызрань;https://city2city.ru/aeroport-kurumoch-syzran;межгород {city_from} {city_to};межгород аэропорт Самара (Курумоч) имени С.П. Королева Сызрань;0;;0;;0;;0
аэропорт Самара (Курумоч) имени С.П. Королева;Сызрань;https://city2city.ru/aeroport-kurumoch-syzran;такси {city_from} {city_to} цена;такси аэропорт Самара (Курумоч) имени С.П. Королева Сызрань цена;0;;0;;0;;0
Аэропорт Платов;село Бугаёвка;https://city2city.ru/aeroport-platov-app-bugaevka;такси {city_from} {city_to};такси Аэропорт Платов село Бугаёвка;0;;0;;0;;0
Аэропорт Платов;село Бугаёвка;https://city2city.ru/aeroport-platov-app-bugaevka;трансфер {city_from} {city_to};трансфер Аэропорт Платов село Бугаёвка;0;;0;;0;;0
Аэропорт Платов;село Бугаёвка;https://city2city.ru/aeroport-platov-app-bugaevka;межгород {city_from} {city_to};межгород Аэропорт Платов село Бугаёвка;0;;0;;0;;0
Аэропорт Платов;село Бугаёвка;https://city2city.ru/aeroport-platov-app-bugaevka;такси {city_from} {city_to} цена;такси Аэропорт Платов село Бугаёвка цена;0;;0;;0;;0
аэропорт Пулково;Ивангород;https://city2city.ru/aeroport-pulkovo-ivangorod;такси {city_from} {city_to};такси аэропорт Пулково Ивангород;3;;0;;0;;0
аэропорт Пулково;Ивангород;https://city2city.ru/aeroport-pulkovo-ivangorod;трансфер {city_from} {city_to};трансфер аэропорт Пулково Ивангород;0;;0;;0;;0
аэропорт Пулково;Ивангород;https://city2city.ru/aeroport-pulkovo-ivangorod;межгород {city_from} {city_to};межгород аэропорт Пулково Ивангород;0;;0;;0;;0
аэропорт Пулково;Ивангород;https://city2city.ru/aeroport-pulkovo-ivangorod;такси {city_from} {city_to} цена;такси аэропорт Пулково Ивангород цена;0;;0;;0;;0
аэропорт Пулково;Мурманск;https://city2city.ru/aeroport-pulkovo-murmansk;такси {city_from} {city_to};такси аэропорт Пулково Мурманск;0;;0;;0;;0
аэропорт Пулково;Мурманск;https://city2city.ru/aeroport-pulkovo-murmansk;трансфер {city_from} {city_to};трансфер аэропорт Пулково Мурманск;0;;0;;0;;0
аэропорт Пулково;Мурманск;https://city2city.ru/aeroport-pulkovo-murmansk;межгород {city_from} {city_to};межгород аэропорт Пулково Мурманск;0;;0;;0;;0
аэропорт Пулково;Мурманск;https://city2city.ru/aeroport-pulkovo-murmansk;такси {city_from} {city_to} цена;такси аэропорт Пулково Мурманск цена;0;;0;;0;;0
аэропорт Пулково;Псков;https://city2city.ru/aeroport-pulkovo-pskov;такси {city_from} {city_to};такси аэропорт Пулково Псков;1;;0;;0;;0
аэропорт Пулково;Псков;https://city2city.ru/aeroport-pulkovo-pskov;трансфер {city_from} {city_to};трансфер аэропорт Пулково Псков;1;;0;;0;;0
аэропорт Пулково;Псков;https://city2city.ru/aeroport-pulkovo-pskov;межгород {city_from} {city_to};межгород аэропорт Пулково Псков;0;;0;;0;;0
аэропорт Пулково;Псков;https://city2city.ru/aeroport-pulkovo-pskov;такси {city_from} {city_to} цена;такси аэропорт Пулково Псков цена;0;;0;;0;;0
аэропорт Пулково;Тихвин;https://city2city.ru/aeroport-pulkovo-tixvin;такси {city_from} {city_to};такси аэропорт Пулково Тихвин;0;;0;;0;;0
аэропорт Пулково;Тихвин;https://city2city.ru/aeroport-pulkovo-tixvin;трансфер {city_from} {city_to};трансфер аэропорт Пулково Тихвин;0;;0;;0;;0
аэропорт Пулково;Тихвин;https://city2city.ru/aeroport-pulkovo-tixvin;межгород {city_from} {city_to};межгород аэропорт Пулково Тихвин;0;;0;;0;;0
аэропорт Пулково;Тихвин;https://city2city.ru/aeroport-pulkovo-tixvin;такси {city_from} {city_to} цена;такси аэропорт Пулково Тихвин цена;0;;0;;0;;0
аэропорт Пулково;Великий Новгород;https://city2city.ru/aeroport-pulkovo-velikij-novgorod;такси {city_from} {city_to};такси аэропорт Пулково Великий Новгород;6;;0;;0;;0
аэропорт Пулково;Великий Новгород;https://city2city.ru/aeroport-pulkovo-velikij-novgorod;трансфер {city_from} {city_to};трансфер аэропорт Пулково Великий Новгород;4;;0;;0;;0
аэропорт Пулково;Великий Новгород;https://city2city.ru/aeroport-pulkovo-velikij-novgorod;межгород {city_from} {city_to};межгород аэропорт Пулково Великий Новгород;0;;0;;0;;0
аэропорт Пулково;Великий Новгород;https://city2city.ru/aeroport-pulkovo-velikij-novgorod;такси {city_from} {city_to} цена;такси аэропорт Пулково Великий Новгород цена;1;;0;;0;;0
Новосибирск (Толмачёво) терминал Б;Новоалтайск;https://city2city.ru/aeroport-tolmachevo-novosibirsk-novoaltaysk;такси {city_from} {city_to};такси Новосибирск (Толмачёво) терминал Б Новоалтайск;0;;0;;0;;0
Новосибирск (Толмачёво) терминал Б;Новоалтайск;https://city2city.ru/aeroport-tolmachevo-novosibirsk-novoaltaysk;трансфер {city_from} {city_to};трансфер Новосибирск (Толмачёво) терминал Б Новоалтайск;0;;0;;0;;0
Новосибирск (Толмачёво) терминал Б;Новоалтайск;https://city2city.ru/aeroport-tolmachevo-novosibirsk-novoaltaysk;межгород {city_from} {city_to};межгород Новосибирск (Толмачёво) терминал Б Новоалтайск;0;;0;;0;;0
Новосибирск (Толмачёво) терминал Б;Новоалтайск;https://city2city.ru/aeroport-tolmachevo-novosibirsk-novoaltaysk;такси {city_from} {city_to} цена;такси Новосибирск (Толмачёво) терминал Б Новоалтайск цена;0;;0;;0;;0
Алдан;Якутск;https://city2city.ru/aldan-jakutsk;такси {city_from} {city_to};такси Алдан Якутск;85;такси алдан якутск;85;такси якутск алдан номера;18;такси алдан якутск номера телефонов;12
Алдан;Якутск;https://city2city.ru/aldan-jakutsk;трансфер {city_from} {city_to};трансфер Алдан Якутск;9;трансфер якутск алдан;9;;0;;0
Алдан;Якутск;https://city2city.ru/aldan-jakutsk;межгород {city_from} {city_to};межгород Алдан Якутск;6;;0;;0;;0
Алдан;Якутск;https://city2city.ru/aldan-jakutsk;такси {city_from} {city_to} цена;такси Алдан Якутск цена;0;;0;;0;;0
Архангельск;Вологда;https://city2city.ru/arxangelsk-vologda;такси {city_from} {city_to};такси Архангельск Вологда;2;;0;;0;;0
Архангельск;Вологда;https://city2city.ru/arxangelsk-vologda;трансфер {city_from} {city_to};трансфер Архангельск Вологда;0;;0;;0;;0
Архангельск;Вологда;https://city2city.ru/arxangelsk-vologda;межгород {city_from} {city_to};межгород Архангельск Вологда;1;;0;;0;;0
Архангельск;Вологда;https://city2city.ru/arxangelsk-vologda;такси {city_from} {city_to} цена;такси Архангельск Вологда цена;0;;0;;0;;0
Астрахань;Адлер;https://city2city.ru/astraxan-adler;такси {city_from} {city_to};такси Астрахань Адлер;0;;0;;0;;0
Астрахань;Адлер;https://city2city.ru/astraxan-adler;трансфер {city_from} {city_to};трансфер Астрахань Адлер;0;;0;;0;;0
Астрахань;Адлер;https://city2city.ru/astraxan-adler;межгород {city_from} {city_to};межгород Астрахань Адлер;0;;0;;0;;0
Астрахань;Адлер;https://city2city.ru/astraxan-adler;такси {city_from} {city_to} цена;такси Астрахань Адлер цена;0;;0;;0;;0
Астрахань;село Котяевка;https://city2city.ru/astraxan-app-karauzek;такси {city_from} {city_to};такси Астрахань село Котяевка;0;;0;;0;;0
Астрахань;село Котяевка;https://city2city.ru/astraxan-app-karauzek;трансфер {city_from} {city_to};трансфер Астрахань село Котяевка;0;;0;;0;;0
Астрахань;село Котяевка;https://city2city.ru/astraxan-app-karauzek;межгород {city_from} {city_to};межгород Астрахань село Котяевка;0;;0;;0;;0
Астрахань;село Котяевка;https://city2city.ru/astraxan-app-karauzek;такси {city_from} {city_to} цена;такси Астрахань село Котяевка цена;0;;0;;0;;0
Астрахань;Ахтубинск;https://city2city.ru/astraxan-axtubinsk;такси {city_from} {city_to};такси Астрахань Ахтубинск;14;такси ахтубинск астрахань;14;;0;;0
Астрахань;Ахтубинск;https://city2city.ru/astraxan-axtubinsk;трансфер {city_from} {city_to};трансфер Астрахань Ахтубинск;0;;0;;0;;0
Астрахань;Ахтубинск;https://city2city.ru/astraxan-axtubinsk;межгород {city_from} {city_to};межгород Астрахань Ахтубинск;0;;0;;0;;0
Астрахань;Ахтубинск;https://city2city.ru/astraxan-axtubinsk;такси {city_from} {city_to} цена;такси Астрахань Ахтубинск цена;4;;0;;0;;0
Астрахань;Белгород;https://city2city.ru/astraxan-belgorod;такси {city_from} {city_to};такси Астрахань Белгород;3;;0;;0;;0
Астрахань;Белгород;https://city2city.ru/astraxan-belgorod;трансфер {city_from} {city_to};трансфер Астрахань Белгород;0;;0;;0;;0
Астрахань;Белгород;https://city2city.ru/astraxan-belgorod;межгород {city_from} {city_to};межгород Астрахань Белгород;0;;0;;0;;0
Астрахань;Белгород;https://city2city.ru/astraxan-belgorod;такси {city_from} {city_to} цена;такси Астрахань Белгород цена;0;;0;;0;;0
Астрахань;Будённовск;https://city2city.ru/astraxan-budyonnovsk;такси {city_from} {city_to};такси Астрахань Будённовск;1;;0;;0;;0
Астрахань;Будённовск;https://city2city.ru/astraxan-budyonnovsk;трансфер {city_from} {city_to};трансфер Астрахань Будённовск;0;;0;;0;;0
Астрахань;Будённовск;https://city2city.ru/astraxan-budyonnovsk;межгород {city_from} {city_to};межгород Астрахань Будённовск;0;;0;;0;;0
Астрахань;Будённовск;https://city2city.ru/astraxan-budyonnovsk;такси {city_from} {city_to} цена;такси Астрахань Будённовск цена;0;;0;;0;;0
Астрахань;Ейск;https://city2city.ru/astraxan-ejsk;такси {city_from} {city_to};такси Астрахань Ейск;2;;0;;0;;0
Астрахань;Ейск;https://city2city.ru/astraxan-ejsk;трансфер {city_from} {city_to};трансфер Астрахань Ейск;0;;0;;0;;0
Астрахань;Ейск;https://city2city.ru/astraxan-ejsk;межгород {city_from} {city_to};межгород Астрахань Ейск;0;;0;;0;;0
Астрахань;Ейск;https://city2city.ru/astraxan-ejsk;такси {city_from} {city_to} цена;такси Астрахань Ейск цена;0;;0;;0;;0
Астрахань;Элиста;https://city2city.ru/astraxan-elista;такси {city_from} {city_to};такси Астрахань Элиста;89;такси элиста астрахань;89;такси элиста астрахань телефоны;11;;0
Астрахань;Элиста;https://city2city.ru/astraxan-elista;трансфер {city_from} {city_to};трансфер Астрахань Элиста;46;трансфер элиста астрахань;46;;0;;0
Астрахань;Элиста;https://city2city.ru/astraxan-elista;межгород {city_from} {city_to};межгород Астрахань Элиста;3;;0;;0;;0
Астрахань;Элиста;https://city2city.ru/astraxan-elista;такси {city_from} {city_to} цена;такси Астрахань Элиста цена;6;;0;;0;;0
Астрахань;Феодосия;https://city2city.ru/astraxan-feodosiya;такси {city_from} {city_to};такси Астрахань Феодосия;0;;0;;0;;0
Астрахань;Феодосия;https://city2city.ru/astraxan-feodosiya;трансфер {city_from} {city_to};трансфер Астрахань Феодосия;0;;0;;0;;0
Астрахань;Феодосия;https://city2city.ru/astraxan-feodosiya;межгород {city_from} {city_to};межгород Астрахань Феодосия;0;;0;;0;;0
Астрахань;Феодосия;https://city2city.ru/astraxan-feodosiya;такси {city_from} {city_to} цена;такси Астрахань Феодосия цена;0;;0;;0;;0
Астрахань;Геленджик;https://city2city.ru/astraxan-gelendzhik;такси {city_from} {city_to};такси Астрахань Геленджик;2;;0;;0;;0
Астрахань;Геленджик;https://city2city.ru/astraxan-gelendzhik;трансфер {city_from} {city_to};трансфер Астрахань Геленджик;3;;0;;0;;0
Астрахань;Геленджик;https://city2city.ru/astraxan-gelendzhik;межгород {city_from} {city_to};межгород Астрахань Геленджик;0;;0;;0;;0
Астрахань;Геленджик;https://city2city.ru/astraxan-gelendzhik;такси {city_from} {city_to} цена;такси Астрахань Геленджик цена;0;;0;;0;;0
Астрахань;Лагань;https://city2city.ru/astraxan-gorod-lagan;такси {city_from} {city_to};такси Астрахань Лагань;12;такси астрахань лагань;12;;0;;0
Астрахань;Лагань;https://city2city.ru/astraxan-gorod-lagan;трансфер {city_from} {city_to};трансфер Астрахань Лагань;0;;0;;0;;0
Астрахань;Лагань;https://city2city.ru/astraxan-gorod-lagan;межгород {city_from} {city_to};межгород Астрахань Лагань;0;;0;;0;;0
Астрахань;Лагань;https://city2city.ru/astraxan-gorod-lagan;такси {city_from} {city_to} цена;такси Астрахань Лагань цена;0;;0;;0;;0
Астрахань;52А-3;https://city2city.ru/astraxan-granicza-kazaxstan;такси {city_from} {city_to};такси Астрахань 52А-3;0;;0;;0;;0
Астрахань;52А-3;https://city2city.ru/astraxan-granicza-kazaxstan;трансфер {city_from} {city_to};трансфер Астрахань 52А-3;0;;0;;0;;0
Астрахань;52А-3;https://city2city.ru/astraxan-granicza-kazaxstan;межгород {city_from} {city_to};межгород Астрахань 52А-3;0;;0;;0;;0
Астрахань;52А-3;https://city2city.ru/astraxan-granicza-kazaxstan;такси {city_from} {city_to} цена;такси Астрахань 52А-3 цена;0;;0;;0;;0
Астрахань;село Ильинка;https://city2city.ru/astraxan-ilinka;такси {city_from} {city_to};такси Астрахань село Ильинка;0;;0;;0;;0
Астрахань;село Ильинка;https://city2city.ru/astraxan-ilinka;трансфер {city_from} {city_to};трансфер Астрахань село Ильинка;0;;0;;0;;0
Астрахань;село Ильинка;https://city2city.ru/astraxan-ilinka;межгород {city_from} {city_to};межгород Астрахань село Ильинка;0;;0;;0;;0
Астрахань;село Ильинка;https://city2city.ru/astraxan-ilinka;такси {city_from} {city_to} цена;такси Астрахань село Ильинка цена;0;;0;;0;;0
Астрахань;Каменск-Шахтинский;https://city2city.ru/astraxan-kamensk-shaxtinskij;такси {city_from} {city_to};такси Астрахань Каменск-Шахтинский;0;;0;;0;;0
Астрахань;Каменск-Шахтинский;https://city2city.ru/astraxan-kamensk-shaxtinskij;трансфер {city_from} {city_to};трансфер Астрахань Каменск-Шахтинский;0;;0;;0;;0
Астрахань;Каменск-Шахтинский;https://city2city.ru/astraxan-kamensk-shaxtinskij;межгород {city_from} {city_to};межгород Астрахань Каменск-Шахтинский;0;;0;;0;;0
Астрахань;Каменск-Шахтинский;https://city2city.ru/astraxan-kamensk-shaxtinskij;такси {city_from} {city_to} цена;такси Астрахань Каменск-Шахтинский цена;0;;0;;0;;0
Астрахань;Камызяк;https://city2city.ru/astraxan-kamyzyak;такси {city_from} {city_to};такси Астрахань Камызяк;18;такси астрахань камызяк;18;;0;;0
Астрахань;Камызяк;https://city2city.ru/astraxan-kamyzyak;трансфер {city_from} {city_to};трансфер Астрахань Камызяк;0;;0;;0;;0
Астрахань;Камызяк;https://city2city.ru/astraxan-kamyzyak;межгород {city_from} {city_to};межгород Астрахань Камызяк;0;;0;;0;;0
Астрахань;Камызяк;https://city2city.ru/astraxan-kamyzyak;такси {city_from} {city_to} цена;такси Астрахань Камызяк цена;5;;0;;0;;0
Астрахань;Казань;https://city2city.ru/astraxan-kazan;такси {city_from} {city_to};такси Астрахань Казань;6;;0;;0;;0
Астрахань;Казань;https://city2city.ru/astraxan-kazan;трансфер {city_from} {city_to};трансфер Астрахань Казань;0;;0;;0;;0
Астрахань;Казань;https://city2city.ru/astraxan-kazan;межгород {city_from} {city_to};межгород Астрахань Казань;0;;0;;0;;0
Астрахань;Казань;https://city2city.ru/astraxan-kazan;такси {city_from} {city_to} цена;такси Астрахань Казань цена;2;;0;;0;;0
Астрахань;Керчь;https://city2city.ru/astraxan-kerch;такси {city_from} {city_to};такси Астрахань Керчь;6;;0;;0;;0
Астрахань;Керчь;https://city2city.ru/astraxan-kerch;трансфер {city_from} {city_to};трансфер Астрахань Керчь;0;;0;;0;;0
Астрахань;Керчь;https://city2city.ru/astraxan-kerch;межгород {city_from} {city_to};межгород Астрахань Керчь;0;;0;;0;;0
Астрахань;Керчь;https://city2city.ru/astraxan-kerch;такси {city_from} {city_to} цена;такси Астрахань Керчь цена;0;;0;;0;;0
Астрахань;Кисловодск;https://city2city.ru/astraxan-kislovodsk;такси {city_from} {city_to};такси Астрахань Кисловодск;4;;0;;0;;0
Астрахань;Кисловодск;https://city2city.ru/astraxan-kislovodsk;трансфер {city_from} {city_to};трансфер Астрахань Кисловодск;5;;0;;0;;0
Астрахань;Кисловодск;https://city2city.ru/astraxan-kislovodsk;межгород {city_from} {city_to};межгород Астрахань Кисловодск;0;;0;;0;;0
Астрахань;Кисловодск;https://city2city.ru/astraxan-kislovodsk;такси {city_from} {city_to} цена;такси Астрахань Кисловодск цена;0;;0;;0;;0
Астрахань;посёлок городского типа Козлово;https://city2city.ru/astraxan-kozlovo;такси {city_from} {city_to};такси Астрахань посёлок городского типа Козлово;0;;0;;0;;0
Астрахань;посёлок городского типа Козлово;https://city2city.ru/astraxan-kozlovo;трансфер {city_from} {city_to};трансфер Астрахань посёлок городского типа Козлово;0;;0;;0;;0
Астрахань;посёлок городского типа Козлово;https://city2city.ru/astraxan-kozlovo;межгород {city_from} {city_to};межгород Астрахань посёлок городского типа Козлово;0;;0;;0;;0
Астрахань;посёлок городского типа Козлово;https://city2city.ru/astraxan-kozlovo;такси {city_from} {city_to} цена;такси Астрахань посёлок городского типа Козлово цена;0;;0;;0;;0
Астрахань;поселок городского типа Красные Баррикады;https://city2city.ru/astraxan-krasnye-barrikady;такси {city_from} {city_to};такси Астрахань поселок городского типа Красные Баррикады;0;;0;;0;;0
Астрахань;поселок городского типа Красные Баррикады;https://city2city.ru/astraxan-krasnye-barrikady;трансфер {city_from} {city_to};трансфер Астрахань поселок городского типа Красные Баррикады;0;;0;;0;;0
Астрахань;поселок городского типа Красные Баррикады;https://city2city.ru/astraxan-krasnye-barrikady;межгород {city_from} {city_to};межгород Астрахань поселок городского типа Красные Баррикады;0;;0;;0;;0
Астрахань;поселок городского типа Красные Баррикады;https://city2city.ru/astraxan-krasnye-barrikady;такси {city_from} {city_to} цена;такси Астрахань поселок городского типа Красные Баррикады цена;0;;0;;0;;0
Астрахань;Лагань;https://city2city.ru/astraxan-lagan;такси {city_from} {city_to};такси Астрахань Лагань;12;такси астрахань лагань;12;;0;;0
Астрахань;Лагань;https://city2city.ru/astraxan-lagan;трансфер {city_from} {city_to};трансфер Астрахань Лагань;0;;0;;0;;0
Астрахань;Лагань;https://city2city.ru/astraxan-lagan;межгород {city_from} {city_to};межгород Астрахань Лагань;0;;0;;0;;0
Астрахань;Лагань;https://city2city.ru/astraxan-lagan;такси {city_from} {city_to} цена;такси Астрахань Лагань цена;0;;0;;0;;0
Астрахань;рабочий посёлок Лиман;https://city2city.ru/astraxan-liman;такси {city_from} {city_to};такси Астрахань рабочий посёлок Лиман;0;;0;;0;;0
Астрахань;рабочий посёлок Лиман;https://city2city.ru/astraxan-liman;трансфер {city_from} {city_to};трансфер Астрахань рабочий посёлок Лиман;0;;0;;0;;0
Астрахань;рабочий посёлок Лиман;https://city2city.ru/astraxan-liman;межгород {city_from} {city_to};межгород Астрахань рабочий посёлок Лиман;0;;0;;0;;0
Астрахань;рабочий посёлок Лиман;https://city2city.ru/astraxan-liman;такси {city_from} {city_to} цена;такси Астрахань рабочий посёлок Лиман цена;0;;0;;0;;0
Астрахань;Липецк;https://city2city.ru/astraxan-lipeczk;такси {city_from} {city_to};такси Астрахань Липецк;1;;0;;0;;0
Астрахань;Липецк;https://city2city.ru/astraxan-lipeczk;трансфер {city_from} {city_to};трансфер Астрахань Липецк;0;;0;;0;;0
Астрахань;Липецк;https://city2city.ru/astraxan-lipeczk;межгород {city_from} {city_to};межгород Астрахань Липецк;0;;0;;0;;0
Астрахань;Липецк;https://city2city.ru/astraxan-lipeczk;такси {city_from} {city_to} цена;такси Астрахань Липецк цена;0;;0;;0;;0
Астрахань;Минеральные Воды;https://city2city.ru/astraxan-mineralnye-vody;такси {city_from} {city_to};такси Астрахань Минеральные Воды;5;;0;;0;;0
Астрахань;Минеральные Воды;https://city2city.ru/astraxan-mineralnye-vody;трансфер {city_from} {city_to};трансфер Астрахань Минеральные Воды;0;;0;;0;;0
Астрахань;Минеральные Воды;https://city2city.ru/astraxan-mineralnye-vody;межгород {city_from} {city_to};межгород Астрахань Минеральные Воды;0;;0;;0;;0
Астрахань;Минеральные Воды;https://city2city.ru/astraxan-mineralnye-vody;такси {city_from} {city_to} цена;такси Астрахань Минеральные Воды цена;2;;0;;0;;0
Астрахань;Москва;https://city2city.ru/astraxan-moskva;такси {city_from} {city_to};такси Астрахань Москва;61;такси астрахань москва;61;астрахань москва такси сколько;15;такси москва астрахань сколько стоит;8
Астрахань;Москва;https://city2city.ru/astraxan-moskva;трансфер {city_from} {city_to};трансфер Астрахань Москва;0;;0;;0;;0
Астрахань;Москва;https://city2city.ru/astraxan-moskva;межгород {city_from} {city_to};межгород Астрахань Москва;1;;0;;0;;0
Астрахань;Москва;https://city2city.ru/astraxan-moskva;такси {city_from} {city_to} цена;такси Астрахань Москва цена;10;;0;;0;;0
Астрахань;Нариманов;https://city2city.ru/astraxan-narimanov;такси {city_from} {city_to};такси Астрахань Нариманов;28;;0;;0;;0
Астрахань;Нариманов;https://city2city.ru/astraxan-narimanov;трансфер {city_from} {city_to};трансфер Астрахань Нариманов;0;;0;;0;;0
Астрахань;Нариманов;https://city2city.ru/astraxan-narimanov;межгород {city_from} {city_to};межгород Астрахань Нариманов;0;;0;;0;;0
Астрахань;Нариманов;https://city2city.ru/astraxan-narimanov;такси {city_from} {city_to} цена;такси Астрахань Нариманов цена;5;;0;;0;;0
Астрахань;Нефтекумск;https://city2city.ru/astraxan-neftekumsk;такси {city_from} {city_to};такси Астрахань Нефтекумск;0;;0;;0;;0
Астрахань;Нефтекумск;https://city2city.ru/astraxan-neftekumsk;трансфер {city_from} {city_to};трансфер Астрахань Нефтекумск;0;;0;;0;;0
Астрахань;Нефтекумск;https://city2city.ru/astraxan-neftekumsk;межгород {city_from} {city_to};межгород Астрахань Нефтекумск;0;;0;;0;;0
Астрахань;Нефтекумск;https://city2city.ru/astraxan-neftekumsk;такси {city_from} {city_to} цена;такси Астрахань Нефтекумск цена;0;;0;;0;;0
Астрахань;Нижний Новгород;https://city2city.ru/astraxan-nizhnij-novgorod;такси {city_from} {city_to};такси Астрахань Нижний Новгород;0;;0;;0;;0
Астрахань;Нижний Новгород;https://city2city.ru/astraxan-nizhnij-novgorod;трансфер {city_from} {city_to};трансфер Астрахань Нижний Новгород;0;;0;;0;;0
Астрахань;Нижний Новгород;https://city2city.ru/astraxan-nizhnij-novgorod;межгород {city_from} {city_to};межгород Астрахань Нижний Новгород;0;;0;;0;;0
Астрахань;Нижний Новгород;https://city2city.ru/astraxan-nizhnij-novgorod;такси {city_from} {city_to} цена;такси Астрахань Нижний Новгород цена;0;;0;;0;;0
Астрахань;Новороссийск;https://city2city.ru/astraxan-novorossijsk;такси {city_from} {city_to};такси Астрахань Новороссийск;5;;0;;0;;0
Астрахань;Новороссийск;https://city2city.ru/astraxan-novorossijsk;трансфер {city_from} {city_to};трансфер Астрахань Новороссийск;0;;0;;0;;0
Астрахань;Новороссийск;https://city2city.ru/astraxan-novorossijsk;межгород {city_from} {city_to};межгород Астрахань Новороссийск;0;;0;;0;;0
Астрахань;Новороссийск;https://city2city.ru/astraxan-novorossijsk;такси {city_from} {city_to} цена;такси Астрахань Новороссийск цена;2;;0;;0;;0
Астрахань;Оренбург;https://city2city.ru/astraxan-orenburg;такси {city_from} {city_to};такси Астрахань Оренбург;2;;0;;0;;0
Астрахань;Оренбург;https://city2city.ru/astraxan-orenburg;трансфер {city_from} {city_to};трансфер Астрахань Оренбург;0;;0;;0;;0
Астрахань;Оренбург;https://city2city.ru/astraxan-orenburg;межгород {city_from} {city_to};межгород Астрахань Оренбург;0;;0;;0;;0
Астрахань;Оренбург;https://city2city.ru/astraxan-orenburg;такси {city_from} {city_to} цена;такси Астрахань Оренбург цена;0;;0;;0;;0
Астрахань;Пенза;https://city2city.ru/astraxan-penza;такси {city_from} {city_to};такси Астрахань Пенза;1;;0;;0;;0
Астрахань;Пенза;https://city2city.ru/astraxan-penza;трансфер {city_from} {city_to};трансфер Астрахань Пенза;0;;0;;0;;0
Астрахань;Пенза;https://city2city.ru/astraxan-penza;межгород {city_from} {city_to};межгород Астрахань Пенза;0;;0;;0;;0
Астрахань;Пенза;https://city2city.ru/astraxan-penza;такси {city_from} {city_to} цена;такси Астрахань Пенза цена;0;;0;;0;;0
Астрахань;посёлок городского типа Цаган Аман;https://city2city.ru/astraxan-posyolok-czagan-aman;такси {city_from} {city_to};такси Астрахань посёлок городского типа Цаган Аман;0;;0;;0;;0
Астрахань;посёлок городского типа Цаган Аман;https://city2city.ru/astraxan-posyolok-czagan-aman;трансфер {city_from} {city_to};трансфер Астрахань посёлок городского типа Цаган Аман;0;;0;;0;;0
Астрахань;посёлок городского типа Цаган Аман;https://city2city.ru/astraxan-posyolok-czagan-aman;межгород {city_from} {city_to};межгород Астрахань посёлок городского типа Цаган Аман;0;;0;;0;;0
Астрахань;посёлок городского типа Цаган Аман;https://city2city.ru/astraxan-posyolok-czagan-aman;такси {city_from} {city_to} цена;такси Астрахань посёлок городского типа Цаган Аман цена;0;;0;;0;;0
Астрахань;посёлок Комсомольский;https://city2city.ru/astraxan-posyolok-komsomolskij;такси {city_from} {city_to};такси Астрахань посёлок Комсомольский;0;;0;;0;;0
Астрахань;посёлок Комсомольский;https://city2city.ru/astraxan-posyolok-komsomolskij;трансфер {city_from} {city_to};трансфер Астрахань посёлок Комсомольский;0;;0;;0;;0
Астрахань;посёлок Комсомольский;https://city2city.ru/astraxan-posyolok-komsomolskij;межгород {city_from} {city_to};межгород Астрахань посёлок Комсомольский;0;;0;;0;;0
Астрахань;посёлок Комсомольский;https://city2city.ru/astraxan-posyolok-komsomolskij;такси {city_from} {city_to} цена;такси Астрахань посёлок Комсомольский цена;0;;0;;0;;0
Астрахань;поселок Яшкуль;https://city2city.ru/astraxan-posyolok-yashkul;такси {city_from} {city_to};такси Астрахань поселок Яшкуль;0;;0;;0;;0
Астрахань;поселок Яшкуль;https://city2city.ru/astraxan-posyolok-yashkul;трансфер {city_from} {city_to};трансфер Астрахань поселок Яшкуль;0;;0;;0;;0
Астрахань;поселок Яшкуль;https://city2city.ru/astraxan-posyolok-yashkul;межгород {city_from} {city_to};межгород Астрахань поселок Яшкуль;0;;0;;0;;0
Астрахань;поселок Яшкуль;https://city2city.ru/astraxan-posyolok-yashkul;такси {city_from} {city_to} цена;такси Астрахань поселок Яшкуль цена;0;;0;;0;;0
Астрахань;Пятигорск;https://city2city.ru/astraxan-pyatigorsk;такси {city_from} {city_to};такси Астрахань Пятигорск;2;;0;;0;;0
Астрахань;Пятигорск;https://city2city.ru/astraxan-pyatigorsk;трансфер {city_from} {city_to};трансфер Астрахань Пятигорск;0;;0;;0;;0
Астрахань;Пятигорск;https://city2city.ru/astraxan-pyatigorsk;межгород {city_from} {city_to};межгород Астрахань Пятигорск;0;;0;;0;;0
Астрахань;Пятигорск;https://city2city.ru/astraxan-pyatigorsk;такси {city_from} {city_to} цена;такси Астрахань Пятигорск цена;0;;0;;0;;0
Астрахань;Ростов-на-Дону;https://city2city.ru/astraxan-rostov-na-donu;такси {city_from} {city_to};такси Астрахань Ростов-на-Дону;21;ростов на дону астрахань такси;21;;0;;0
Астрахань;Ростов-на-Дону;https://city2city.ru/astraxan-rostov-na-donu;трансфер {city_from} {city_to};трансфер Астрахань Ростов-на-Дону;6;;0;;0;;0
Астрахань;Ростов-на-Дону;https://city2city.ru/astraxan-rostov-na-donu;межгород {city_from} {city_to};межгород Астрахань Ростов-на-Дону;0;;0;;0;;0
Астрахань;Ростов-на-Дону;https://city2city.ru/astraxan-rostov-na-donu;такси {city_from} {city_to} цена;такси Астрахань Ростов-на-Дону цена;5;;0;;0;;0
Астрахань;Рязань;https://city2city.ru/astraxan-ryazan;такси {city_from} {city_to};такси Астрахань Рязань;0;;0;;0;;0
Астрахань;Рязань;https://city2city.ru/astraxan-ryazan;трансфер {city_from} {city_to};трансфер Астрахань Рязань;1;;0;;0;;0
Астрахань;Рязань;https://city2city.ru/astraxan-ryazan;межгород {city_from} {city_to};межгород Астрахань Рязань;0;;0;;0;;0
Астрахань;Рязань;https://city2city.ru/astraxan-ryazan;такси {city_from} {city_to} цена;такси Астрахань Рязань цена;0;;0;;0;;0
Астрахань;Санкт-Петербург;https://city2city.ru/astraxan-sankt-peterburg;такси {city_from} {city_to};такси Астрахань Санкт-Петербург;8;;0;;0;;0
Астрахань;Санкт-Петербург;https://city2city.ru/astraxan-sankt-peterburg;трансфер {city_from} {city_to};трансфер Астрахань Санкт-Петербург;0;;0;;0;;0
Астрахань;Санкт-Петербург;https://city2city.ru/astraxan-sankt-peterburg;межгород {city_from} {city_to};межгород Астрахань Санкт-Петербург;0;;0;;0;;0
Астрахань;Санкт-Петербург;https://city2city.ru/astraxan-sankt-peterburg;такси {city_from} {city_to} цена;такси Астрахань Санкт-Петербург цена;0;;0;;0;;0
Астрахань;Саратов;https://city2city.ru/astraxan-saratov;такси {city_from} {city_to};такси Астрахань Саратов;1;;0;;0;;0
Астрахань;Саратов;https://city2city.ru/astraxan-saratov;трансфер {city_from} {city_to};трансфер Астрахань Саратов;0;;0;;0;;0
Астрахань;Саратов;https://city2city.ru/astraxan-saratov;межгород {city_from} {city_to};межгород Астрахань Саратов;0;;0;;0;;0
Астрахань;Саратов;https://city2city.ru/astraxan-saratov;такси {city_from} {city_to} цена;такси Астрахань Саратов цена;0;;0;;0;;0
Астрахань;Севастополь;https://city2city.ru/astraxan-sevastopol;такси {city_from} {city_to};такси Астрахань Севастополь;6;;0;;0;;0
Астрахань;Севастополь;https://city2city.ru/astraxan-sevastopol;трансфер {city_from} {city_to};трансфер Астрахань Севастополь;0;;0;;0;;0
Астрахань;Севастополь;https://city2city.ru/astraxan-sevastopol;межгород {city_from} {city_to};межгород Астрахань Севастополь;0;;0;;0;;0
Астрахань;Севастополь;https://city2city.ru/astraxan-sevastopol;такси {city_from} {city_to} цена;такси Астрахань Севастополь цена;0;;0;;0;;0
Астрахань;Сочи;https://city2city.ru/astraxan-sochi;такси {city_from} {city_to};такси Астрахань Сочи;5;;0;;0;;0
Астрахань;Сочи;https://city2city.ru/astraxan-sochi;трансфер {city_from} {city_to};трансфер Астрахань Сочи;0;;0;;0;;0
Астрахань;Сочи;https://city2city.ru/astraxan-sochi;межгород {city_from} {city_to};межгород Астрахань Сочи;0;;0;;0;;0
Астрахань;Сочи;https://city2city.ru/astraxan-sochi;такси {city_from} {city_to} цена;такси Астрахань Сочи цена;2;;0;;0;;0
Астрахань;станица Курская;https://city2city.ru/astraxan-stanicza-kurskaya;такси {city_from} {city_to};такси Астрахань станица Курская;0;;0;;0;;0
Астрахань;станица Курская;https://city2city.ru/astraxan-stanicza-kurskaya;трансфер {city_from} {city_to};трансфер Астрахань станица Курская;0;;0;;0;;0
Астрахань;станица Курская;https://city2city.ru/astraxan-stanicza-kurskaya;межгород {city_from} {city_to};межгород Астрахань станица Курская;0;;0;;0;;0
Астрахань;станица Курская;https://city2city.ru/astraxan-stanicza-kurskaya;такси {city_from} {city_to} цена;такси Астрахань станица Курская цена;0;;0;;0;;0
Астрахань;Старица;https://city2city.ru/astraxan-staricza;такси {city_from} {city_to};такси Астрахань Старица;0;;0;;0;;0
Астрахань;Старица;https://city2city.ru/astraxan-staricza;трансфер {city_from} {city_to};трансфер Астрахань Старица;0;;0;;0;;0
Астрахань;Старица;https://city2city.ru/astraxan-staricza;межгород {city_from} {city_to};межгород Астрахань Старица;0;;0;;0;;0
Астрахань;Старица;https://city2city.ru/astraxan-staricza;такси {city_from} {city_to} цена;такси Астрахань Старица цена;0;;0;;0;;0
Астрахань;Ставрополь;https://city2city.ru/astraxan-stavropol;такси {city_from} {city_to};такси Астрахань Ставрополь;28;такси астрахань ставрополь;28;;0;;0
Астрахань;Ставрополь;https://city2city.ru/astraxan-stavropol;трансфер {city_from} {city_to};трансфер Астрахань Ставрополь;0;;0;;0;;0
Астрахань;Ставрополь;https://city2city.ru/astraxan-stavropol;межгород {city_from} {city_to};межгород Астрахань Ставрополь;0;;0;;0;;0
Астрахань;Ставрополь;https://city2city.ru/astraxan-stavropol;такси {city_from} {city_to} цена;такси Астрахань Ставрополь цена;3;;0;;0;;0
Астрахань;Тамбов;https://city2city.ru/astraxan-tambov;такси {city_from} {city_to};такси Астрахань Тамбов;5;;0;;0;;0
Астрахань;Тамбов;https://city2city.ru/astraxan-tambov;трансфер {city_from} {city_to};трансфер Астрахань Тамбов;0;;0;;0;;0
Астрахань;Тамбов;https://city2city.ru/astraxan-tambov;межгород {city_from} {city_to};межгород Астрахань Тамбов;0;;0;;0;;0
Астрахань;Тамбов;https://city2city.ru/astraxan-tambov;такси {city_from} {city_to} цена;такси Астрахань Тамбов цена;1;;0;;0;;0
Астрахань;Темрюк;https://city2city.ru/astraxan-temryuk;такси {city_from} {city_to};такси Астрахань Темрюк;3;;0;;0;;0
Астрахань;Темрюк;https://city2city.ru/astraxan-temryuk;трансфер {city_from} {city_to};трансфер Астрахань Темрюк;0;;0;;0;;0
Астрахань;Темрюк;https://city2city.ru/astraxan-temryuk;межгород {city_from} {city_to};межгород Астрахань Темрюк;0;;0;;0;;0
Астрахань;Темрюк;https://city2city.ru/astraxan-temryuk;такси {city_from} {city_to} цена;такси Астрахань Темрюк цена;0;;0;;0;;0
Астрахань;Туапсе;https://city2city.ru/astraxan-tuapse;такси {city_from} {city_to};такси Астрахань Туапсе;0;;0;;0;;0
Астрахань;Туапсе;https://city2city.ru/astraxan-tuapse;трансфер {city_from} {city_to};трансфер Астрахань Туапсе;0;;0;;0;;0
Астрахань;Туапсе;https://city2city.ru/astraxan-tuapse;межгород {city_from} {city_to};межгород Астрахань Туапсе;0;;0;;0;;0
Астрахань;Туапсе;https://city2city.ru/astraxan-tuapse;такси {city_from} {city_to} цена;такси Астрахань Туапсе цена;0;;0;;0;;0
Астрахань;Уфа;https://city2city.ru/astraxan-ufa;такси {city_from} {city_to};такси Астрахань Уфа;7;;0;;0;;0
Астрахань;Уфа;https://city2city.ru/astraxan-ufa;трансфер {city_from} {city_to};трансфер Астрахань Уфа;0;;0;;0;;0
Астрахань;Уфа;https://city2city.ru/astraxan-ufa;межгород {city_from} {city_to};межгород Астрахань Уфа;0;;0;;0;;0
Астрахань;Уфа;https://city2city.ru/astraxan-ufa;такси {city_from} {city_to} цена;такси Астрахань Уфа цена;0;;0;;0;;0
Астрахань;Валуйки;https://city2city.ru/astraxan-valujki;такси {city_from} {city_to};такси Астрахань Валуйки;0;;0;;0;;0
Астрахань;Валуйки;https://city2city.ru/astraxan-valujki;трансфер {city_from} {city_to};трансфер Астрахань Валуйки;0;;0;;0;;0
Астрахань;Валуйки;https://city2city.ru/astraxan-valujki;межгород {city_from} {city_to};межгород Астрахань Валуйки;0;;0;;0;;0
Астрахань;Валуйки;https://city2city.ru/astraxan-valujki;такси {city_from} {city_to} цена;такси Астрахань Валуйки цена;0;;0;;0;;0
Астрахань;посёлок городского типа Верхний Баскунчак;https://city2city.ru/astraxan-verxnij-baskunchak;такси {city_from} {city_to};такси Астрахань посёлок городского типа Верхний Баскунчак;0;;0;;0;;0
Астрахань;посёлок городского типа Верхний Баскунчак;https://city2city.ru/astraxan-verxnij-baskunchak;трансфер {city_from} {city_to};трансфер Астрахань посёлок городского типа Верхний Баскунчак;0;;0;;0;;0
Астрахань;посёлок городского типа Верхний Баскунчак;https://city2city.ru/astraxan-verxnij-baskunchak;межгород {city_from} {city_to};межгород Астрахань посёлок городского типа Верхний Баскунчак;0;;0;;0;;0
Астрахань;посёлок городского типа Верхний Баскунчак;https://city2city.ru/astraxan-verxnij-baskunchak;такси {city_from} {city_to} цена;такси Астрахань посёлок городского типа Верхний Баскунчак цена;0;;0;;0;;0
Астрахань;поселок городского типа Волго-Каспийский;https://city2city.ru/astraxan-volgo-kaspijskij;такси {city_from} {city_to};такси Астрахань поселок городского типа Волго-Каспийский;0;;0;;0;;0
Астрахань;поселок городского типа Волго-Каспийский;https://city2city.ru/astraxan-volgo-kaspijskij;трансфер {city_from} {city_to};трансфер Астрахань поселок городского типа Волго-Каспийский;0;;0;;0;;0
Астрахань;поселок городского типа Волго-Каспийский;https://city2city.ru/astraxan-volgo-kaspijskij;межгород {city_from} {city_to};межгород Астрахань поселок городского типа Волго-Каспийский;0;;0;;0;;0
Астрахань;поселок городского типа Волго-Каспийский;https://city2city.ru/astraxan-volgo-kaspijskij;такси {city_from} {city_to} цена;такси Астрахань поселок городского типа Волго-Каспийский цена;0;;0;;0;;0
Астрахань;Волгодонск;https://city2city.ru/astraxan-volgodonsk;такси {city_from} {city_to};такси Астрахань Волгодонск;1;;0;;0;;0
Астрахань;Волгодонск;https://city2city.ru/astraxan-volgodonsk;трансфер {city_from} {city_to};трансфер Астрахань Волгодонск;0;;0;;0;;0
Астрахань;Волгодонск;https://city2city.ru/astraxan-volgodonsk;межгород {city_from} {city_to};межгород Астрахань Волгодонск;0;;0;;0;;0
Астрахань;Волгодонск;https://city2city.ru/astraxan-volgodonsk;такси {city_from} {city_to} цена;такси Астрахань Волгодонск цена;0;;0;;0;;0
Астрахань;Волгоград;https://city2city.ru/astraxan-volgograd;такси {city_from} {city_to};такси Астрахань Волгоград;71;такси астрахань волгоград;71;такси волгоград астрахань цены;17;;0
Астрахань;Волгоград;https://city2city.ru/astraxan-volgograd;трансфер {city_from} {city_to};трансфер Астрахань Волгоград;3;;0;;0;;0
Астрахань;Волгоград;https://city2city.ru/astraxan-volgograd;межгород {city_from} {city_to};межгород Астрахань Волгоград;6;;0;;0;;0
Астрахань;Волгоград;https://city2city.ru/astraxan-volgograd;такси {city_from} {city_to} цена;такси Астрахань Волгоград цена;17;такси волгоград астрахань цены;17;;0;;0
Астрахань;Волжский;https://city2city.ru/astraxan-volzhskij;такси {city_from} {city_to};такси Астрахань Волжский;3;;0;;0;;0
Астрахань;Волжский;https://city2city.ru/astraxan-volzhskij;трансфер {city_from} {city_to};трансфер Астрахань Волжский;0;;0;;0;;0
Астрахань;Волжский;https://city2city.ru/astraxan-volzhskij;межгород {city_from} {city_to};межгород Астрахань Волжский;0;;0;;0;;0
Астрахань;Волжский;https://city2city.ru/astraxan-volzhskij;такси {city_from} {city_to} цена;такси Астрахань Волжский цена;2;;0;;0;;0
Астрахань;Воронеж;https://city2city.ru/astraxan-voronezh;такси {city_from} {city_to};такси Астрахань Воронеж;1;;0;;0;;0
Астрахань;Воронеж;https://city2city.ru/astraxan-voronezh;трансфер {city_from} {city_to};трансфер Астрахань Воронеж;0;;0;;0;;0
Астрахань;Воронеж;https://city2city.ru/astraxan-voronezh;межгород {city_from} {city_to};межгород Астрахань Воронеж;0;;0;;0;;0
Астрахань;Воронеж;https://city2city.ru/astraxan-voronezh;такси {city_from} {city_to} цена;такси Астрахань Воронеж цена;0;;0;;0;;0
Астрахань;Харабали;https://city2city.ru/astraxan-xarabali;такси {city_from} {city_to};такси Астрахань Харабали;46;такси харабали астрахань;46;лаптевы такси харабали астрахань;11;лаптевы такси харабали астрахань расписание;10
Астрахань;Харабали;https://city2city.ru/astraxan-xarabali;трансфер {city_from} {city_to};трансфер Астрахань Харабали;0;;0;;0;;0
Астрахань;Харабали;https://city2city.ru/astraxan-xarabali;межгород {city_from} {city_to};межгород Астрахань Харабали;0;;0;;0;;0
Астрахань;Харабали;https://city2city.ru/astraxan-xarabali;такси {city_from} {city_to} цена;такси Астрахань Харабали цена;0;;0;;0;;0
Астрахань;Ялта;https://city2city.ru/astraxan-yalta;такси {city_from} {city_to};такси Астрахань Ялта;1;;0;;0;;0
Астрахань;Ялта;https://city2city.ru/astraxan-yalta;трансфер {city_from} {city_to};трансфер Астрахань Ялта;0;;0;;0;;0
Астрахань;Ялта;https://city2city.ru/astraxan-yalta;межгород {city_from} {city_to};межгород Астрахань Ялта;0;;0;;0;;0
Астрахань;Ялта;https://city2city.ru/astraxan-yalta;такси {city_from} {city_to} цена;такси Астрахань Ялта цена;0;;0;;0;;0
Астрахань;Заволжское сельское поселение;https://city2city.ru/astraxan-zavolzhskoe;такси {city_from} {city_to};такси Астрахань Заволжское сельское поселение;0;;0;;0;;0
Астрахань;Заволжское сельское поселение;https://city2city.ru/astraxan-zavolzhskoe;трансфер {city_from} {city_to};трансфер Астрахань Заволжское сельское поселение;0;;0;;0;;0
Астрахань;Заволжское сельское поселение;https://city2city.ru/astraxan-zavolzhskoe;межгород {city_from} {city_to};межгород Астрахань Заволжское сельское поселение;0;;0;;0;;0
Астрахань;Заволжское сельское поселение;https://city2city.ru/astraxan-zavolzhskoe;такси {city_from} {city_to} цена;такси Астрахань Заволжское сельское поселение цена;0;;0;;0;;0
Астрахань;Зеленокумск;https://city2city.ru/astraxan-zelenokumsk;такси {city_from} {city_to};такси Астрахань Зеленокумск;0;;0;;0;;0
Астрахань;Зеленокумск;https://city2city.ru/astraxan-zelenokumsk;трансфер {city_from} {city_to};трансфер Астрахань Зеленокумск;0;;0;;0;;0
Астрахань;Зеленокумск;https://city2city.ru/astraxan-zelenokumsk;межгород {city_from} {city_to};межгород Астрахань Зеленокумск;0;;0;;0;;0
Астрахань;Зеленокумск;https://city2city.ru/astraxan-zelenokumsk;такси {city_from} {city_to} цена;такси Астрахань Зеленокумск цена;0;;0;;0;;0
Астрахань;Железноводск;https://city2city.ru/astraxan-zheleznovodsk;такси {city_from} {city_to};такси Астрахань Железноводск;3;;0;;0;;0
Астрахань;Железноводск;https://city2city.ru/astraxan-zheleznovodsk;трансфер {city_from} {city_to};трансфер Астрахань Железноводск;0;;0;;0;;0
Астрахань;Железноводск;https://city2city.ru/astraxan-zheleznovodsk;межгород {city_from} {city_to};межгород Астрахань Железноводск;0;;0;;0;;0
Астрахань;Железноводск;https://city2city.ru/astraxan-zheleznovodsk;такси {city_from} {city_to} цена;такси Астрахань Железноводск цена;0;;0;;0;;0
Астрахань;Знаменск;https://city2city.ru/astraxan-znamensk;такси {city_from} {city_to};такси Астрахань Знаменск;6;;0;;0;;0
Астрахань;Знаменск;https://city2city.ru/astraxan-znamensk;трансфер {city_from} {city_to};трансфер Астрахань Знаменск;0;;0;;0;;0
Астрахань;Знаменск;https://city2city.ru/astraxan-znamensk;межгород {city_from} {city_to};межгород Астрахань Знаменск;0;;0;;0;;0
Астрахань;Знаменск;https://city2city.ru/astraxan-znamensk;такси {city_from} {city_to} цена;такси Астрахань Знаменск цена;0;;0;;0;;0
Барнаул;Абакан;https://city2city.ru/barnaul-abakan;такси {city_from} {city_to};такси Барнаул Абакан;4;;0;;0;;0
Барнаул;Абакан;https://city2city.ru/barnaul-abakan;трансфер {city_from} {city_to};трансфер Барнаул Абакан;0;;0;;0;;0
Барнаул;Абакан;https://city2city.ru/barnaul-abakan;межгород {city_from} {city_to};межгород Барнаул Абакан;0;;0;;0;;0
Барнаул;Абакан;https://city2city.ru/barnaul-abakan;такси {city_from} {city_to} цена;такси Барнаул Абакан цена;2;;0;;0;;0
Барнаул;Новосибирск (Толмачёво) терминал Б;https://city2city.ru/barnaul-aeroport-tolmachevo-novosibirsk;такси {city_from} {city_to};такси Барнаул Новосибирск (Толмачёво) терминал Б;0;;0;;0;;0
Барнаул;Новосибирск (Толмачёво) терминал Б;https://city2city.ru/barnaul-aeroport-tolmachevo-novosibirsk;трансфер {city_from} {city_to};трансфер Барнаул Новосибирск (Толмачёво) терминал Б;0;;0;;0;;0
Барнаул;Новосибирск (Толмачёво) терминал Б;https://city2city.ru/barnaul-aeroport-tolmachevo-novosibirsk;межгород {city_from} {city_to};межгород Барнаул Новосибирск (Толмачёво) терминал Б;0;;0;;0;;0
Барнаул;Новосибирск (Толмачёво) терминал Б;https://city2city.ru/barnaul-aeroport-tolmachevo-novosibirsk;такси {city_from} {city_to} цена;такси Барнаул Новосибирск (Толмачёво) терминал Б цена;0;;0;;0;;0
Барнаул;Алейск;https://city2city.ru/barnaul-alyaysk;такси {city_from} {city_to};такси Барнаул Алейск;47;такси барнаул алейск;47;такси алейск барнаул цена;12;;0
Барнаул;Алейск;https://city2city.ru/barnaul-alyaysk;трансфер {city_from} {city_to};трансфер Барнаул Алейск;0;;0;;0;;0
Барнаул;Алейск;https://city2city.ru/barnaul-alyaysk;межгород {city_from} {city_to};межгород Барнаул Алейск;2;;0;;0;;0
Барнаул;Алейск;https://city2city.ru/barnaul-alyaysk;такси {city_from} {city_to} цена;такси Барнаул Алейск цена;12;такси алейск барнаул цена;12;;0;;0
Барнаул;Белокуриха;https://city2city.ru/barnaul-belokuriha;такси {city_from} {city_to};такси Барнаул Белокуриха;152;такси барнаул белокуриха;152;барнаул белокуриха такси стоимость;26;сколько стоит такси от барнаула до белокурихи;10
Барнаул;Белокуриха;https://city2city.ru/barnaul-belokuriha;трансфер {city_from} {city_to};трансфер Барнаул Белокуриха;85;трансфер барнаул белокуриха;85;трансфер белокуриха барнаул аэропорт;10;;0
Барнаул;Белокуриха;https://city2city.ru/barnaul-belokuriha;межгород {city_from} {city_to};межгород Барнаул Белокуриха;9;;0;;0;;0
Барнаул;Белокуриха;https://city2city.ru/barnaul-belokuriha;такси {city_from} {city_to} цена;такси Барнаул Белокуриха цена;34;такси барнаул белокуриха расписание цена;10;такси от барнаула до белокурихи цены;8;;0
Барнаул;Бердск;https://city2city.ru/barnaul-berdsk;такси {city_from} {city_to};такси Барнаул Бердск;3;;0;;0;;0
Барнаул;Бердск;https://city2city.ru/barnaul-berdsk;трансфер {city_from} {city_to};трансфер Барнаул Бердск;1;;0;;0;;0
Барнаул;Бердск;https://city2city.ru/barnaul-berdsk;межгород {city_from} {city_to};межгород Барнаул Бердск;1;;0;;0;;0
Барнаул;Бердск;https://city2city.ru/barnaul-berdsk;такси {city_from} {city_to} цена;такси Барнаул Бердск цена;0;;0;;0;;0
Барнаул;Бийск;https://city2city.ru/barnaul-biysk-2;такси {city_from} {city_to};такси Барнаул Бийск;105;такси бийск барнаул;105;такси барнаул бийск цена;17;такси бийск барнаул аэропорт;13
Барнаул;Бийск;https://city2city.ru/barnaul-biysk-2;трансфер {city_from} {city_to};трансфер Барнаул Бийск;93;трансфер барнаул бийск;93;трансфер бийск барнаул аэропорт;55;;0
Барнаул;Бийск;https://city2city.ru/barnaul-biysk-2;межгород {city_from} {city_to};межгород Барнаул Бийск;4;;0;;0;;0
Барнаул;Бийск;https://city2city.ru/barnaul-biysk-2;такси {city_from} {city_to} цена;такси Барнаул Бийск цена;17;такси барнаул бийск цена;17;;0;;0
Барнаул;Черепаново;https://city2city.ru/barnaul-cherepanovo-2;такси {city_from} {city_to};такси Барнаул Черепаново;4;;0;;0;;0
Барнаул;Черепаново;https://city2city.ru/barnaul-cherepanovo-2;трансфер {city_from} {city_to};трансфер Барнаул Черепаново;0;;0;;0;;0
Барнаул;Черепаново;https://city2city.ru/barnaul-cherepanovo-2;межгород {city_from} {city_to};межгород Барнаул Черепаново;0;;0;;0;;0
Барнаул;Черепаново;https://city2city.ru/barnaul-cherepanovo-2;такси {city_from} {city_to} цена;такси Барнаул Черепаново цена;0;;0;;0;;0
Барнаул;Горно-Алтайск;https://city2city.ru/barnaul-gorno-altaysk;такси {city_from} {city_to};такси Барнаул Горно-Алтайск;107;такси горно алтайск барнаул;107;такси барнаул горно алтайск цена;21;;0
Барнаул;Горно-Алтайск;https://city2city.ru/barnaul-gorno-altaysk;трансфер {city_from} {city_to};трансфер Барнаул Горно-Алтайск;51;трансфер барнаул горно алтайск;51;;0;;0
Барнаул;Горно-Алтайск;https://city2city.ru/barnaul-gorno-altaysk;межгород {city_from} {city_to};межгород Барнаул Горно-Алтайск;0;;0;;0;;0
Барнаул;Горно-Алтайск;https://city2city.ru/barnaul-gorno-altaysk;такси {city_from} {city_to} цена;такси Барнаул Горно-Алтайск цена;21;такси барнаул горно алтайск цена;21;;0;;0
Барнаул;Искитим;https://city2city.ru/barnaul-iskitim-2;такси {city_from} {city_to};такси Барнаул Искитим;1;;0;;0;;0
Барнаул;Искитим;https://city2city.ru/barnaul-iskitim-2;трансфер {city_from} {city_to};трансфер Барнаул Искитим;0;;0;;0;;0
Барнаул;Искитим;https://city2city.ru/barnaul-iskitim-2;межгород {city_from} {city_to};межгород Барнаул Искитим;2;;0;;0;;0
Барнаул;Искитим;https://city2city.ru/barnaul-iskitim-2;такси {city_from} {city_to} цена;такси Барнаул Искитим цена;0;;0;;0;;0
Барнаул;Красноярск;https://city2city.ru/barnaul-krasnoyarsk;такси {city_from} {city_to};такси Барнаул Красноярск;5;;0;;0;;0
Барнаул;Красноярск;https://city2city.ru/barnaul-krasnoyarsk;трансфер {city_from} {city_to};трансфер Барнаул Красноярск;0;;0;;0;;0
Барнаул;Красноярск;https://city2city.ru/barnaul-krasnoyarsk;межгород {city_from} {city_to};межгород Барнаул Красноярск;0;;0;;0;;0
Барнаул;Красноярск;https://city2city.ru/barnaul-krasnoyarsk;такси {city_from} {city_to} цена;такси Барнаул Красноярск цена;1;;0;;0;;0
Барнаул;Кызыл;https://city2city.ru/barnaul-kyzyl;такси {city_from} {city_to};такси Барнаул Кызыл;6;;0;;0;;0
Барнаул;Кызыл;https://city2city.ru/barnaul-kyzyl;трансфер {city_from} {city_to};трансфер Барнаул Кызыл;0;;0;;0;;0
Барнаул;Кызыл;https://city2city.ru/barnaul-kyzyl;межгород {city_from} {city_to};межгород Барнаул Кызыл;0;;0;;0;;0
Барнаул;Кызыл;https://city2city.ru/barnaul-kyzyl;такси {city_from} {city_to} цена;такси Барнаул Кызыл цена;0;;0;;0;;0
Барнаул;Новоалтайск;https://city2city.ru/barnaul-novoaltaysk;такси {city_from} {city_to};такси Барнаул Новоалтайск;65;такси барнаул новоалтайск;65;сколько стоит такси от барнаула до новоалтайска;11;такси барнаул новоалтайск цена;8
Барнаул;Новоалтайск;https://city2city.ru/barnaul-novoaltaysk;трансфер {city_from} {city_to};трансфер Барнаул Новоалтайск;0;;0;;0;;0
Барнаул;Новоалтайск;https://city2city.ru/barnaul-novoaltaysk;межгород {city_from} {city_to};межгород Барнаул Новоалтайск;2;;0;;0;;0
Барнаул;Новоалтайск;https://city2city.ru/barnaul-novoaltaysk;такси {city_from} {city_to} цена;такси Барнаул Новоалтайск цена;8;такси барнаул новоалтайск цена;8;;0;;0
Барнаул;Новокузнецк;https://city2city.ru/barnaul-novokuznetsk;такси {city_from} {city_to};такси Барнаул Новокузнецк;7;такси барнаул новокузнецк;7;;0;;0
Барнаул;Новокузнецк;https://city2city.ru/barnaul-novokuznetsk;трансфер {city_from} {city_to};трансфер Барнаул Новокузнецк;5;;0;;0;;0
Барнаул;Новокузнецк;https://city2city.ru/barnaul-novokuznetsk;межгород {city_from} {city_to};межгород Барнаул Новокузнецк;1;;0;;0;;0
Барнаул;Новокузнецк;https://city2city.ru/barnaul-novokuznetsk;такси {city_from} {city_to} цена;такси Барнаул Новокузнецк цена;1;;0;;0;;0
Барнаул;Омск;https://city2city.ru/barnaul-omsk;такси {city_from} {city_to};такси Барнаул Омск;6;;0;;0;;0
Барнаул;Омск;https://city2city.ru/barnaul-omsk;трансфер {city_from} {city_to};трансфер Барнаул Омск;4;;0;;0;;0
Барнаул;Омск;https://city2city.ru/barnaul-omsk;межгород {city_from} {city_to};межгород Барнаул Омск;1;;0;;0;;0
Барнаул;Омск;https://city2city.ru/barnaul-omsk;такси {city_from} {city_to} цена;такси Барнаул Омск цена;1;;0;;0;;0
Барнаул;Рубцовск;https://city2city.ru/barnaul-rubtsovsk;такси {city_from} {city_to};такси Барнаул Рубцовск;52;такси рубцовск барнаул;52;такси барнаул рубцовск цена;6;;0
Барнаул;Рубцовск;https://city2city.ru/barnaul-rubtsovsk;трансфер {city_from} {city_to};трансфер Барнаул Рубцовск;1;;0;;0;;0
Барнаул;Рубцовск;https://city2city.ru/barnaul-rubtsovsk;межгород {city_from} {city_to};межгород Барнаул Рубцовск;0;;0;;0;;0
Барнаул;Рубцовск;https://city2city.ru/barnaul-rubtsovsk;такси {city_from} {city_to} цена;такси Барнаул Рубцовск цена;6;такси барнаул рубцовск цена;6;;0;;0
Барнаул;Славгород;https://city2city.ru/barnaul-slavgorod;такси {city_from} {city_to};такси Барнаул Славгород;5;;0;;0;;0
Барнаул;Славгород;https://city2city.ru/barnaul-slavgorod;трансфер {city_from} {city_to};трансфер Барнаул Славгород;0;;0;;0;;0
Барнаул;Славгород;https://city2city.ru/barnaul-slavgorod;межгород {city_from} {city_to};межгород Барнаул Славгород;0;;0;;0;;0
Барнаул;Славгород;https://city2city.ru/barnaul-slavgorod;такси {city_from} {city_to} цена;такси Барнаул Славгород цена;4;;0;;0;;0
Барнаул;Томск;https://city2city.ru/barnaul-tomsk;такси {city_from} {city_to};такси Барнаул Томск;17;такси барнаул томск;17;;0;;0
Барнаул;Томск;https://city2city.ru/barnaul-tomsk;трансфер {city_from} {city_to};трансфер Барнаул Томск;4;;0;;0;;0
Барнаул;Томск;https://city2city.ru/barnaul-tomsk;межгород {city_from} {city_to};межгород Барнаул Томск;0;;0;;0;;0
Барнаул;Томск;https://city2city.ru/barnaul-tomsk;такси {city_from} {city_to} цена;такси Барнаул Томск цена;2;;0;;0;;0
Барнаул;Яровое;https://city2city.ru/barnaul-yarovoe;такси {city_from} {city_to};такси Барнаул Яровое;3;;0;;0;;0
Барнаул;Яровое;https://city2city.ru/barnaul-yarovoe;трансфер {city_from} {city_to};трансфер Барнаул Яровое;1;;0;;0;;0
Барнаул;Яровое;https://city2city.ru/barnaul-yarovoe;межгород {city_from} {city_to};межгород Барнаул Яровое;0;;0;;0;;0
Барнаул;Яровое;https://city2city.ru/barnaul-yarovoe;такси {city_from} {city_to} цена;такси Барнаул Яровое цена;2;;0;;0;;0
Барнаул;Юрга;https://city2city.ru/barnaul-yurga;такси {city_from} {city_to};такси Барнаул Юрга;1;;0;;0;;0
Барнаул;Юрга;https://city2city.ru/barnaul-yurga;трансфер {city_from} {city_to};трансфер Барнаул Юрга;0;;0;;0;;0
Барнаул;Юрга;https://city2city.ru/barnaul-yurga;межгород {city_from} {city_to};межгород Барнаул Юрга;0;;0;;0;;0
Барнаул;Юрга;https://city2city.ru/barnaul-yurga;такси {city_from} {city_to} цена;такси Барнаул Юрга цена;0;;0;;0;;0
Барнаул;Заринск;https://city2city.ru/barnaul-zarinsk;такси {city_from} {city_to};такси Барнаул Заринск;27;такси заринск барнаул;27;;0;;0
Барнаул;Заринск;https://city2city.ru/barnaul-zarinsk;трансфер {city_from} {city_to};трансфер Барнаул Заринск;0;;0;;0;;0
Барнаул;Заринск;https://city2city.ru/barnaul-zarinsk;межгород {city_from} {city_to};межгород Барнаул Заринск;2;;0;;0;;0
Барнаул;Заринск;https://city2city.ru/barnaul-zarinsk;такси {city_from} {city_to} цена;такси Барнаул Заринск цена;3;;0;;0;;0
Барнаул;Змеиногорск;https://city2city.ru/barnaul-zmeinogorsk-2;такси {city_from} {city_to};такси Барнаул Змеиногорск;13;такси барнаул змеиногорск;13;;0;;0
Барнаул;Змеиногорск;https://city2city.ru/barnaul-zmeinogorsk-2;трансфер {city_from} {city_to};трансфер Барнаул Змеиногорск;1;;0;;0;;0
Барнаул;Змеиногорск;https://city2city.ru/barnaul-zmeinogorsk-2;межгород {city_from} {city_to};межгород Барнаул Змеиногорск;0;;0;;0;;0
Барнаул;Змеиногорск;https://city2city.ru/barnaul-zmeinogorsk-2;такси {city_from} {city_to} цена;такси Барнаул Змеиногорск цена;1;;0;;0;;0
Белгород;Адлер;https://city2city.ru/belgorod-adler;такси {city_from} {city_to};такси Белгород Адлер;1;;0;;0;;0
Белгород;Адлер;https://city2city.ru/belgorod-adler;трансфер {city_from} {city_to};трансфер Белгород Адлер;0;;0;;0;;0
Белгород;Адлер;https://city2city.ru/belgorod-adler;межгород {city_from} {city_to};межгород Белгород Адлер;0;;0;;0;;0
Белгород;Адлер;https://city2city.ru/belgorod-adler;такси {city_from} {city_to} цена;такси Белгород Адлер цена;0;;0;;0;;0
Белгород;Алексеевка;https://city2city.ru/belgorod-alekseevka;такси {city_from} {city_to};такси Белгород Алексеевка;16;белгород алексеевка такси;16;;0;;0
Белгород;Алексеевка;https://city2city.ru/belgorod-alekseevka;трансфер {city_from} {city_to};трансфер Белгород Алексеевка;0;;0;;0;;0
Белгород;Алексеевка;https://city2city.ru/belgorod-alekseevka;межгород {city_from} {city_to};межгород Белгород Алексеевка;0;;0;;0;;0
Белгород;Алексеевка;https://city2city.ru/belgorod-alekseevka;такси {city_from} {city_to} цена;такси Белгород Алексеевка цена;3;;0;;0;;0
Белгород;село Колотиловка;https://city2city.ru/belgorod-app-kolotilovka;такси {city_from} {city_to};такси Белгород село Колотиловка;0;;0;;0;;0
Белгород;село Колотиловка;https://city2city.ru/belgorod-app-kolotilovka;трансфер {city_from} {city_to};трансфер Белгород село Колотиловка;0;;0;;0;;0
Белгород;село Колотиловка;https://city2city.ru/belgorod-app-kolotilovka;межгород {city_from} {city_to};межгород Белгород село Колотиловка;0;;0;;0;;0
Белгород;село Колотиловка;https://city2city.ru/belgorod-app-kolotilovka;такси {city_from} {city_to} цена;такси Белгород село Колотиловка цена;0;;0;;0;;0
Белгород;Архангельск;https://city2city.ru/belgorod-arxangelsk;такси {city_from} {city_to};такси Белгород Архангельск;5;;0;;0;;0
Белгород;Архангельск;https://city2city.ru/belgorod-arxangelsk;трансфер {city_from} {city_to};трансфер Белгород Архангельск;0;;0;;0;;0
Белгород;Архангельск;https://city2city.ru/belgorod-arxangelsk;межгород {city_from} {city_to};межгород Белгород Архангельск;0;;0;;0;;0
Белгород;Архангельск;https://city2city.ru/belgorod-arxangelsk;такси {city_from} {city_to} цена;такси Белгород Архангельск цена;0;;0;;0;;0
Белгород;Бирюч;https://city2city.ru/belgorod-biryuch;такси {city_from} {city_to};такси Белгород Бирюч;7;такси белгород бирюч белгородская область цена;5;;0;;0
Белгород;Бирюч;https://city2city.ru/belgorod-biryuch;трансфер {city_from} {city_to};трансфер Белгород Бирюч;0;;0;;0;;0
Белгород;Бирюч;https://city2city.ru/belgorod-biryuch;межгород {city_from} {city_to};межгород Белгород Бирюч;0;;0;;0;;0
Белгород;Бирюч;https://city2city.ru/belgorod-biryuch;такси {city_from} {city_to} цена;такси Белгород Бирюч цена;5;такси белгород бирюч белгородская область цена;5;;0;;0
Белгород;Богучар;https://city2city.ru/belgorod-boguchar;такси {city_from} {city_to};такси Белгород Богучар;4;;0;;0;;0
Белгород;Богучар;https://city2city.ru/belgorod-boguchar;трансфер {city_from} {city_to};трансфер Белгород Богучар;0;;0;;0;;0
Белгород;Богучар;https://city2city.ru/belgorod-boguchar;межгород {city_from} {city_to};межгород Белгород Богучар;0;;0;;0;;0
Белгород;Богучар;https://city2city.ru/belgorod-boguchar;такси {city_from} {city_to} цена;такси Белгород Богучар цена;1;;0;;0;;0
Белгород;Боровичи;https://city2city.ru/belgorod-borovichi;такси {city_from} {city_to};такси Белгород Боровичи;0;;0;;0;;0
Белгород;Боровичи;https://city2city.ru/belgorod-borovichi;трансфер {city_from} {city_to};трансфер Белгород Боровичи;0;;0;;0;;0
Белгород;Боровичи;https://city2city.ru/belgorod-borovichi;межгород {city_from} {city_to};межгород Белгород Боровичи;0;;0;;0;;0
Белгород;Боровичи;https://city2city.ru/belgorod-borovichi;такси {city_from} {city_to} цена;такси Белгород Боровичи цена;0;;0;;0;;0
Белгород;Челябинск;https://city2city.ru/belgorod-chelyabinsk;такси {city_from} {city_to};такси Белгород Челябинск;1;;0;;0;;0
Белгород;Челябинск;https://city2city.ru/belgorod-chelyabinsk;трансфер {city_from} {city_to};трансфер Белгород Челябинск;0;;0;;0;;0
Белгород;Челябинск;https://city2city.ru/belgorod-chelyabinsk;межгород {city_from} {city_to};межгород Белгород Челябинск;0;;0;;0;;0
Белгород;Челябинск;https://city2city.ru/belgorod-chelyabinsk;такси {city_from} {city_to} цена;такси Белгород Челябинск цена;0;;0;;0;;0
Белгород;посёлок городского типа Чернянка;https://city2city.ru/belgorod-chernyanka;такси {city_from} {city_to};такси Белгород посёлок городского типа Чернянка;0;;0;;0;;0
Белгород;посёлок городского типа Чернянка;https://city2city.ru/belgorod-chernyanka;трансфер {city_from} {city_to};трансфер Белгород посёлок городского типа Чернянка;0;;0;;0;;0
Белгород;посёлок городского типа Чернянка;https://city2city.ru/belgorod-chernyanka;межгород {city_from} {city_to};межгород Белгород посёлок городского типа Чернянка;0;;0;;0;;0
Белгород;посёлок городского типа Чернянка;https://city2city.ru/belgorod-chernyanka;такси {city_from} {city_to} цена;такси Белгород посёлок городского типа Чернянка цена;0;;0;;0;;0
Белгород;Екатеринбург;https://city2city.ru/belgorod-ekaterinburg;такси {city_from} {city_to};такси Белгород Екатеринбург;0;;0;;0;;0
Белгород;Екатеринбург;https://city2city.ru/belgorod-ekaterinburg;трансфер {city_from} {city_to};трансфер Белгород Екатеринбург;0;;0;;0;;0
Белгород;Екатеринбург;https://city2city.ru/belgorod-ekaterinburg;межгород {city_from} {city_to};межгород Белгород Екатеринбург;0;;0;;0;;0
Белгород;Екатеринбург;https://city2city.ru/belgorod-ekaterinburg;такси {city_from} {city_to} цена;такси Белгород Екатеринбург цена;0;;0;;0;;0
Белгород;А-350;https://city2city.ru/belgorod-granicza-kitaj;такси {city_from} {city_to};такси Белгород А-350;0;;0;;0;;0
Белгород;А-350;https://city2city.ru/belgorod-granicza-kitaj;трансфер {city_from} {city_to};трансфер Белгород А-350;0;;0;;0;;0
Белгород;А-350;https://city2city.ru/belgorod-granicza-kitaj;межгород {city_from} {city_to};межгород Белгород А-350;0;;0;;0;;0
Белгород;А-350;https://city2city.ru/belgorod-granicza-kitaj;такси {city_from} {city_to} цена;такси Белгород А-350 цена;0;;0;;0;;0
Белгород;М-3 Украина;https://city2city.ru/belgorod-granicza-ukraina;такси {city_from} {city_to};такси Белгород М-3 Украина;0;;0;;0;;0
Белгород;М-3 Украина;https://city2city.ru/belgorod-granicza-ukraina;трансфер {city_from} {city_to};трансфер Белгород М-3 Украина;0;;0;;0;;0
Белгород;М-3 Украина;https://city2city.ru/belgorod-granicza-ukraina;межгород {city_from} {city_to};межгород Белгород М-3 Украина;0;;0;;0;;0
Белгород;М-3 Украина;https://city2city.ru/belgorod-granicza-ukraina;такси {city_from} {city_to} цена;такси Белгород М-3 Украина цена;0;;0;;0;;0
Белгород;посёлок городского типа Ивня;https://city2city.ru/belgorod-ivnya;такси {city_from} {city_to};такси Белгород посёлок городского типа Ивня;0;;0;;0;;0
Белгород;посёлок городского типа Ивня;https://city2city.ru/belgorod-ivnya;трансфер {city_from} {city_to};трансфер Белгород посёлок городского типа Ивня;0;;0;;0;;0
Белгород;посёлок городского типа Ивня;https://city2city.ru/belgorod-ivnya;межгород {city_from} {city_to};межгород Белгород посёлок городского типа Ивня;0;;0;;0;;0
Белгород;посёлок городского типа Ивня;https://city2city.ru/belgorod-ivnya;такси {city_from} {city_to} цена;такси Белгород посёлок городского типа Ивня цена;0;;0;;0;;0
Белгород;Калуга;https://city2city.ru/belgorod-kaluga;такси {city_from} {city_to};такси Белгород Калуга;5;;0;;0;;0
Белгород;Калуга;https://city2city.ru/belgorod-kaluga;трансфер {city_from} {city_to};трансфер Белгород Калуга;0;;0;;0;;0
Белгород;Калуга;https://city2city.ru/belgorod-kaluga;межгород {city_from} {city_to};межгород Белгород Калуга;0;;0;;0;;0
Белгород;Калуга;https://city2city.ru/belgorod-kaluga;такси {city_from} {city_to} цена;такси Белгород Калуга цена;1;;0;;0;;0
Белгород;станица Каневская;https://city2city.ru/belgorod-kanevskaya;такси {city_from} {city_to};такси Белгород станица Каневская;0;;0;;0;;0
Белгород;станица Каневская;https://city2city.ru/belgorod-kanevskaya;трансфер {city_from} {city_to};трансфер Белгород станица Каневская;0;;0;;0;;0
Белгород;станица Каневская;https://city2city.ru/belgorod-kanevskaya;межгород {city_from} {city_to};межгород Белгород станица Каневская;0;;0;;0;;0
Белгород;станица Каневская;https://city2city.ru/belgorod-kanevskaya;такси {city_from} {city_to} цена;такси Белгород станица Каневская цена;0;;0;;0;;0
Белгород;Казань;https://city2city.ru/belgorod-kazan;такси {city_from} {city_to};такси Белгород Казань;15;белгород казань такси;15;;0;;0
Белгород;Казань;https://city2city.ru/belgorod-kazan;трансфер {city_from} {city_to};трансфер Белгород Казань;0;;0;;0;;0
Белгород;Казань;https://city2city.ru/belgorod-kazan;межгород {city_from} {city_to};межгород Белгород Казань;0;;0;;0;;0
Белгород;Казань;https://city2city.ru/belgorod-kazan;такси {city_from} {city_to} цена;такси Белгород Казань цена;12;;0;;0;;0
Белгород;Керчь;https://city2city.ru/belgorod-kerch;такси {city_from} {city_to};такси Белгород Керчь;0;;0;;0;;0
Белгород;Керчь;https://city2city.ru/belgorod-kerch;трансфер {city_from} {city_to};трансфер Белгород Керчь;0;;0;;0;;0
Белгород;Керчь;https://city2city.ru/belgorod-kerch;межгород {city_from} {city_to};межгород Белгород Керчь;0;;0;;0;;0
Белгород;Керчь;https://city2city.ru/belgorod-kerch;такси {city_from} {city_to} цена;такси Белгород Керчь цена;0;;0;;0;;0
Белгород;Короча;https://city2city.ru/belgorod-korocha;такси {city_from} {city_to};такси Белгород Короча;20;такси короча белгород;20;;0;;0
Белгород;Короча;https://city2city.ru/belgorod-korocha;трансфер {city_from} {city_to};трансфер Белгород Короча;0;;0;;0;;0
Белгород;Короча;https://city2city.ru/belgorod-korocha;межгород {city_from} {city_to};межгород Белгород Короча;0;;0;;0;;0
Белгород;Короча;https://city2city.ru/belgorod-korocha;такси {city_from} {city_to} цена;такси Белгород Короча цена;8;;0;;0;;0
Белгород;посёлок городского типа Красная Яруга;https://city2city.ru/belgorod-krasnaya-yaruga;такси {city_from} {city_to};такси Белгород посёлок городского типа Красная Яруга;0;;0;;0;;0
Белгород;посёлок городского типа Красная Яруга;https://city2city.ru/belgorod-krasnaya-yaruga;трансфер {city_from} {city_to};трансфер Белгород посёлок городского типа Красная Яруга;0;;0;;0;;0
Белгород;посёлок городского типа Красная Яруга;https://city2city.ru/belgorod-krasnaya-yaruga;межгород {city_from} {city_to};межгород Белгород посёлок городского типа Красная Яруга;0;;0;;0;;0
Белгород;посёлок городского типа Красная Яруга;https://city2city.ru/belgorod-krasnaya-yaruga;такси {city_from} {city_to} цена;такси Белгород посёлок городского типа Красная Яруга цена;0;;0;;0;;0
Белгород;посёлок городского типа Красный Октябрь;https://city2city.ru/belgorod-krasnyj-oktyabr;такси {city_from} {city_to};такси Белгород посёлок городского типа Красный Октябрь;0;;0;;0;;0
Белгород;посёлок городского типа Красный Октябрь;https://city2city.ru/belgorod-krasnyj-oktyabr;трансфер {city_from} {city_to};трансфер Белгород посёлок городского типа Красный Октябрь;0;;0;;0;;0
Белгород;посёлок городского типа Красный Октябрь;https://city2city.ru/belgorod-krasnyj-oktyabr;межгород {city_from} {city_to};межгород Белгород посёлок городского типа Красный Октябрь;0;;0;;0;;0
Белгород;посёлок городского типа Красный Октябрь;https://city2city.ru/belgorod-krasnyj-oktyabr;такси {city_from} {city_to} цена;такси Белгород посёлок городского типа Красный Октябрь цена;0;;0;;0;;0
Белгород;Липецк;https://city2city.ru/belgorod-lipeck;такси {city_from} {city_to};такси Белгород Липецк;18;белгород липецк такси;18;такси белгород липецк цена;8;;0
Белгород;Липецк;https://city2city.ru/belgorod-lipeck;трансфер {city_from} {city_to};трансфер Белгород Липецк;0;;0;;0;;0
Белгород;Липецк;https://city2city.ru/belgorod-lipeck;межгород {city_from} {city_to};межгород Белгород Липецк;3;;0;;0;;0
Белгород;Липецк;https://city2city.ru/belgorod-lipeck;такси {city_from} {city_to} цена;такси Белгород Липецк цена;8;такси белгород липецк цена;8;;0;;0
Белгород;Лиски;https://city2city.ru/belgorod-liski;такси {city_from} {city_to};такси Белгород Лиски;6;;0;;0;;0
Белгород;Лиски;https://city2city.ru/belgorod-liski;трансфер {city_from} {city_to};трансфер Белгород Лиски;0;;0;;0;;0
Белгород;Лиски;https://city2city.ru/belgorod-liski;межгород {city_from} {city_to};межгород Белгород Лиски;0;;0;;0;;0
Белгород;Лиски;https://city2city.ru/belgorod-liski;такси {city_from} {city_to} цена;такси Белгород Лиски цена;1;;0;;0;;0
Белгород;Ливны;https://city2city.ru/belgorod-livny;такси {city_from} {city_to};такси Белгород Ливны;0;;0;;0;;0
Белгород;Ливны;https://city2city.ru/belgorod-livny;трансфер {city_from} {city_to};трансфер Белгород Ливны;0;;0;;0;;0
Белгород;Ливны;https://city2city.ru/belgorod-livny;межгород {city_from} {city_to};межгород Белгород Ливны;0;;0;;0;;0
Белгород;Ливны;https://city2city.ru/belgorod-livny;такси {city_from} {city_to} цена;такси Белгород Ливны цена;0;;0;;0;;0
Белгород;посёлок городского типа Маслова Пристань;https://city2city.ru/belgorod-maslova-pristan;такси {city_from} {city_to};такси Белгород посёлок городского типа Маслова Пристань;0;;0;;0;;0
Белгород;посёлок городского типа Маслова Пристань;https://city2city.ru/belgorod-maslova-pristan;трансфер {city_from} {city_to};трансфер Белгород посёлок городского типа Маслова Пристань;0;;0;;0;;0
Белгород;посёлок городского типа Маслова Пристань;https://city2city.ru/belgorod-maslova-pristan;межгород {city_from} {city_to};межгород Белгород посёлок городского типа Маслова Пристань;0;;0;;0;;0
Белгород;посёлок городского типа Маслова Пристань;https://city2city.ru/belgorod-maslova-pristan;такси {city_from} {city_to} цена;такси Белгород посёлок городского типа Маслова Пристань цена;0;;0;;0;;0
Белгород;Миллерово;https://city2city.ru/belgorod-millerovo;такси {city_from} {city_to};такси Белгород Миллерово;0;;0;;0;;0
Белгород;Миллерово;https://city2city.ru/belgorod-millerovo;трансфер {city_from} {city_to};трансфер Белгород Миллерово;0;;0;;0;;0
Белгород;Миллерово;https://city2city.ru/belgorod-millerovo;межгород {city_from} {city_to};межгород Белгород Миллерово;0;;0;;0;;0
Белгород;Миллерово;https://city2city.ru/belgorod-millerovo;такси {city_from} {city_to} цена;такси Белгород Миллерово цена;0;;0;;0;;0
Белгород;Москва;https://city2city.ru/belgorod-moskva;такси {city_from} {city_to};такси Белгород Москва;298;такси москва белгород;298;такси белгород москва цена;53;такси белгород москва стоимость;42
Белгород;Москва;https://city2city.ru/belgorod-moskva;трансфер {city_from} {city_to};трансфер Белгород Москва;13;трансфер москва белгород;13;трансфер из москвы в белгород с попутчиками;6;;0
Белгород;Москва;https://city2city.ru/belgorod-moskva;межгород {city_from} {city_to};межгород Белгород Москва;1;;0;;0;;0
Белгород;Москва;https://city2city.ru/belgorod-moskva;такси {city_from} {city_to} цена;такси Белгород Москва цена;53;такси белгород москва цена;53;;0;;0
Белгород;Муром;https://city2city.ru/belgorod-murom;такси {city_from} {city_to};такси Белгород Муром;0;;0;;0;;0
Белгород;Муром;https://city2city.ru/belgorod-murom;трансфер {city_from} {city_to};трансфер Белгород Муром;0;;0;;0;;0
Белгород;Муром;https://city2city.ru/belgorod-murom;межгород {city_from} {city_to};межгород Белгород Муром;0;;0;;0;;0
Белгород;Муром;https://city2city.ru/belgorod-murom;такси {city_from} {city_to} цена;такси Белгород Муром цена;0;;0;;0;;0
Белгород;Наро-Фоминск;https://city2city.ru/belgorod-naro-fominsk;такси {city_from} {city_to};такси Белгород Наро-Фоминск;0;;0;;0;;0
Белгород;Наро-Фоминск;https://city2city.ru/belgorod-naro-fominsk;трансфер {city_from} {city_to};трансфер Белгород Наро-Фоминск;0;;0;;0;;0
Белгород;Наро-Фоминск;https://city2city.ru/belgorod-naro-fominsk;межгород {city_from} {city_to};межгород Белгород Наро-Фоминск;0;;0;;0;;0
Белгород;Наро-Фоминск;https://city2city.ru/belgorod-naro-fominsk;такси {city_from} {city_to} цена;такси Белгород Наро-Фоминск цена;0;;0;;0;;0
Белгород;Нижний Новгород;https://city2city.ru/belgorod-nizhnij-novgorod;такси {city_from} {city_to};такси Белгород Нижний Новгород;14;такси белгород нижний новгород;14;;0;;0
Белгород;Нижний Новгород;https://city2city.ru/belgorod-nizhnij-novgorod;трансфер {city_from} {city_to};трансфер Белгород Нижний Новгород;0;;0;;0;;0
Белгород;Нижний Новгород;https://city2city.ru/belgorod-nizhnij-novgorod;межгород {city_from} {city_to};межгород Белгород Нижний Новгород;0;;0;;0;;0
Белгород;Нижний Новгород;https://city2city.ru/belgorod-nizhnij-novgorod;такси {city_from} {city_to} цена;такси Белгород Нижний Новгород цена;1;;0;;0;;0
Белгород;Новый Оскол;https://city2city.ru/belgorod-novyj_oskol;такси {city_from} {city_to};такси Белгород Новый Оскол;19;такси белгород новый оскол;19;;0;;0
Белгород;Новый Оскол;https://city2city.ru/belgorod-novyj_oskol;трансфер {city_from} {city_to};трансфер Белгород Новый Оскол;0;;0;;0;;0
Белгород;Новый Оскол;https://city2city.ru/belgorod-novyj_oskol;межгород {city_from} {city_to};межгород Белгород Новый Оскол;0;;0;;0;;0
Белгород;Новый Оскол;https://city2city.ru/belgorod-novyj_oskol;такси {city_from} {city_to} цена;такси Белгород Новый Оскол цена;11;;0;;0;;0
Белгород;Обнинск;https://city2city.ru/belgorod-obninsk;такси {city_from} {city_to};такси Белгород Обнинск;4;;0;;0;;0
Белгород;Обнинск;https://city2city.ru/belgorod-obninsk;трансфер {city_from} {city_to};трансфер Белгород Обнинск;0;;0;;0;;0
Белгород;Обнинск;https://city2city.ru/belgorod-obninsk;межгород {city_from} {city_to};межгород Белгород Обнинск;0;;0;;0;;0
Белгород;Обнинск;https://city2city.ru/belgorod-obninsk;такси {city_from} {city_to} цена;такси Белгород Обнинск цена;0;;0;;0;;0
Белгород;Обоянь;https://city2city.ru/belgorod-oboyan;такси {city_from} {city_to};такси Белгород Обоянь;2;;0;;0;;0
Белгород;Обоянь;https://city2city.ru/belgorod-oboyan;трансфер {city_from} {city_to};трансфер Белгород Обоянь;0;;0;;0;;0
Белгород;Обоянь;https://city2city.ru/belgorod-oboyan;межгород {city_from} {city_to};межгород Белгород Обоянь;0;;0;;0;;0
Белгород;Обоянь;https://city2city.ru/belgorod-oboyan;такси {city_from} {city_to} цена;такси Белгород Обоянь цена;2;;0;;0;;0
Белгород;Орёл;https://city2city.ru/belgorod-orel;такси {city_from} {city_to};такси Белгород Орёл;13;такси белгород орел;13;;0;;0
Белгород;Орёл;https://city2city.ru/belgorod-orel;трансфер {city_from} {city_to};трансфер Белгород Орёл;0;;0;;0;;0
Белгород;Орёл;https://city2city.ru/belgorod-orel;межгород {city_from} {city_to};межгород Белгород Орёл;0;;0;;0;;0
Белгород;Орёл;https://city2city.ru/belgorod-orel;такси {city_from} {city_to} цена;такси Белгород Орёл цена;3;;0;;0;;0
Белгород;Пенза;https://city2city.ru/belgorod-penza;такси {city_from} {city_to};такси Белгород Пенза;6;такси белгород пенза;6;;0;;0
Белгород;Пенза;https://city2city.ru/belgorod-penza;трансфер {city_from} {city_to};трансфер Белгород Пенза;0;;0;;0;;0
Белгород;Пенза;https://city2city.ru/belgorod-penza;межгород {city_from} {city_to};межгород Белгород Пенза;0;;0;;0;;0
Белгород;Пенза;https://city2city.ru/belgorod-penza;такси {city_from} {city_to} цена;такси Белгород Пенза цена;0;;0;;0;;0
Белгород;Петрозаводск;https://city2city.ru/belgorod-petrozavodsk;такси {city_from} {city_to};такси Белгород Петрозаводск;1;;0;;0;;0
Белгород;Петрозаводск;https://city2city.ru/belgorod-petrozavodsk;трансфер {city_from} {city_to};трансфер Белгород Петрозаводск;0;;0;;0;;0
Белгород;Петрозаводск;https://city2city.ru/belgorod-petrozavodsk;межгород {city_from} {city_to};межгород Белгород Петрозаводск;0;;0;;0;;0
Белгород;Петрозаводск;https://city2city.ru/belgorod-petrozavodsk;такси {city_from} {city_to} цена;такси Белгород Петрозаводск цена;0;;0;;0;;0
Белгород;Псков;https://city2city.ru/belgorod-pskov;такси {city_from} {city_to};такси Белгород Псков;3;;0;;0;;0
Белгород;Псков;https://city2city.ru/belgorod-pskov;трансфер {city_from} {city_to};трансфер Белгород Псков;0;;0;;0;;0
Белгород;Псков;https://city2city.ru/belgorod-pskov;межгород {city_from} {city_to};межгород Белгород Псков;0;;0;;0;;0
Белгород;Псков;https://city2city.ru/belgorod-pskov;такси {city_from} {city_to} цена;такси Белгород Псков цена;0;;0;;0;;0
Белгород;Раменское;https://city2city.ru/belgorod-ramenskoe;такси {city_from} {city_to};такси Белгород Раменское;0;;0;;0;;0
Белгород;Раменское;https://city2city.ru/belgorod-ramenskoe;трансфер {city_from} {city_to};трансфер Белгород Раменское;0;;0;;0;;0
Белгород;Раменское;https://city2city.ru/belgorod-ramenskoe;межгород {city_from} {city_to};межгород Белгород Раменское;0;;0;;0;;0
Белгород;Раменское;https://city2city.ru/belgorod-ramenskoe;такси {city_from} {city_to} цена;такси Белгород Раменское цена;0;;0;;0;;0
Белгород;Россошь;https://city2city.ru/belgorod-rossosh;такси {city_from} {city_to};такси Белгород Россошь;55;такси россошь белгород;55;россошь белгород такси цена;11;;0
Белгород;Россошь;https://city2city.ru/belgorod-rossosh;трансфер {city_from} {city_to};трансфер Белгород Россошь;13;трансфер белгород россошь;13;;0;;0
Белгород;Россошь;https://city2city.ru/belgorod-rossosh;межгород {city_from} {city_to};межгород Белгород Россошь;0;;0;;0;;0
Белгород;Россошь;https://city2city.ru/belgorod-rossosh;такси {city_from} {city_to} цена;такси Белгород Россошь цена;11;россошь белгород такси цена;11;;0;;0
Белгород;Россошь;https://city2city.ru/belgorod-rossosh-2;такси {city_from} {city_to};такси Белгород Россошь;55;такси россошь белгород;55;россошь белгород такси цена;11;;0
Белгород;Россошь;https://city2city.ru/belgorod-rossosh-2;трансфер {city_from} {city_to};трансфер Белгород Россошь;13;трансфер белгород россошь;13;;0;;0
Белгород;Россошь;https://city2city.ru/belgorod-rossosh-2;межгород {city_from} {city_to};межгород Белгород Россошь;0;;0;;0;;0
Белгород;Россошь;https://city2city.ru/belgorod-rossosh-2;такси {city_from} {city_to} цена;такси Белгород Россошь цена;11;россошь белгород такси цена;11;;0;;0
Белгород;посёлок городского типа Ровеньки;https://city2city.ru/belgorod-rovenki;такси {city_from} {city_to};такси Белгород посёлок городского типа Ровеньки;0;;0;;0;;0
Белгород;посёлок городского типа Ровеньки;https://city2city.ru/belgorod-rovenki;трансфер {city_from} {city_to};трансфер Белгород посёлок городского типа Ровеньки;0;;0;;0;;0
Белгород;посёлок городского типа Ровеньки;https://city2city.ru/belgorod-rovenki;межгород {city_from} {city_to};межгород Белгород посёлок городского типа Ровеньки;0;;0;;0;;0
Белгород;посёлок городского типа Ровеньки;https://city2city.ru/belgorod-rovenki;такси {city_from} {city_to} цена;такси Белгород посёлок городского типа Ровеньки цена;0;;0;;0;;0
Белгород;Рязань;https://city2city.ru/belgorod-ryazan;такси {city_from} {city_to};такси Белгород Рязань;7;;0;;0;;0
Белгород;Рязань;https://city2city.ru/belgorod-ryazan;трансфер {city_from} {city_to};трансфер Белгород Рязань;0;;0;;0;;0
Белгород;Рязань;https://city2city.ru/belgorod-ryazan;межгород {city_from} {city_to};межгород Белгород Рязань;0;;0;;0;;0
Белгород;Рязань;https://city2city.ru/belgorod-ryazan;такси {city_from} {city_to} цена;такси Белгород Рязань цена;4;;0;;0;;0
Белгород;Рыльск;https://city2city.ru/belgorod-rylsk;такси {city_from} {city_to};такси Белгород Рыльск;0;;0;;0;;0
Белгород;Рыльск;https://city2city.ru/belgorod-rylsk;трансфер {city_from} {city_to};трансфер Белгород Рыльск;0;;0;;0;;0
Белгород;Рыльск;https://city2city.ru/belgorod-rylsk;межгород {city_from} {city_to};межгород Белгород Рыльск;0;;0;;0;;0
Белгород;Рыльск;https://city2city.ru/belgorod-rylsk;такси {city_from} {city_to} цена;такси Белгород Рыльск цена;0;;0;;0;;0
Белгород;Самара;https://city2city.ru/belgorod-samara;такси {city_from} {city_to};такси Белгород Самара;23;такси белгород самара;23;самара белгород такси цена;7;;0
Белгород;Самара;https://city2city.ru/belgorod-samara;трансфер {city_from} {city_to};трансфер Белгород Самара;0;;0;;0;;0
Белгород;Самара;https://city2city.ru/belgorod-samara;межгород {city_from} {city_to};межгород Белгород Самара;0;;0;;0;;0
Белгород;Самара;https://city2city.ru/belgorod-samara;такси {city_from} {city_to} цена;такси Белгород Самара цена;7;самара белгород такси цена;7;;0;;0
Белгород;Санкт-Петербург;https://city2city.ru/belgorod-sankt-peterburg;такси {city_from} {city_to};такси Белгород Санкт-Петербург;36;такси белгород санкт петербург;36;такси белгород санкт петербург цена;12;;0
Белгород;Санкт-Петербург;https://city2city.ru/belgorod-sankt-peterburg;трансфер {city_from} {city_to};трансфер Белгород Санкт-Петербург;1;;0;;0;;0
Белгород;Санкт-Петербург;https://city2city.ru/belgorod-sankt-peterburg;межгород {city_from} {city_to};межгород Белгород Санкт-Петербург;0;;0;;0;;0
Белгород;Санкт-Петербург;https://city2city.ru/belgorod-sankt-peterburg;такси {city_from} {city_to} цена;такси Белгород Санкт-Петербург цена;12;такси белгород санкт петербург цена;12;;0;;0
Белгород;Саратов;https://city2city.ru/belgorod-saratov;такси {city_from} {city_to};такси Белгород Саратов;12;такси белгород саратов;12;;0;;0
Белгород;Саратов;https://city2city.ru/belgorod-saratov;трансфер {city_from} {city_to};трансфер Белгород Саратов;0;;0;;0;;0
Белгород;Саратов;https://city2city.ru/belgorod-saratov;межгород {city_from} {city_to};межгород Белгород Саратов;0;;0;;0;;0
Белгород;Саратов;https://city2city.ru/belgorod-saratov;такси {city_from} {city_to} цена;такси Белгород Саратов цена;0;;0;;0;;0
Белгород;село Троицкое;https://city2city.ru/belgorod-selo-troiczkoe;такси {city_from} {city_to};такси Белгород село Троицкое;0;;0;;0;;0
Белгород;село Троицкое;https://city2city.ru/belgorod-selo-troiczkoe;трансфер {city_from} {city_to};трансфер Белгород село Троицкое;0;;0;;0;;0
Белгород;село Троицкое;https://city2city.ru/belgorod-selo-troiczkoe;межгород {city_from} {city_to};межгород Белгород село Троицкое;0;;0;;0;;0
Белгород;село Троицкое;https://city2city.ru/belgorod-selo-troiczkoe;такси {city_from} {city_to} цена;такси Белгород село Троицкое цена;0;;0;;0;;0
Белгород;Серпухов;https://city2city.ru/belgorod-serpuxov;такси {city_from} {city_to};такси Белгород Серпухов;1;;0;;0;;0
Белгород;Серпухов;https://city2city.ru/belgorod-serpuxov;трансфер {city_from} {city_to};трансфер Белгород Серпухов;0;;0;;0;;0
Белгород;Серпухов;https://city2city.ru/belgorod-serpuxov;межгород {city_from} {city_to};межгород Белгород Серпухов;0;;0;;0;;0
Белгород;Серпухов;https://city2city.ru/belgorod-serpuxov;такси {city_from} {city_to} цена;такси Белгород Серпухов цена;0;;0;;0;;0
Белгород;Севастополь;https://city2city.ru/belgorod-sevastopol;такси {city_from} {city_to};такси Белгород Севастополь;2;;0;;0;;0
Белгород;Севастополь;https://city2city.ru/belgorod-sevastopol;трансфер {city_from} {city_to};трансфер Белгород Севастополь;0;;0;;0;;0
Белгород;Севастополь;https://city2city.ru/belgorod-sevastopol;межгород {city_from} {city_to};межгород Белгород Севастополь;0;;0;;0;;0
Белгород;Севастополь;https://city2city.ru/belgorod-sevastopol;такси {city_from} {city_to} цена;такси Белгород Севастополь цена;0;;0;;0;;0
Белгород;Шебекино;https://city2city.ru/belgorod-shebekino;такси {city_from} {city_to};такси Белгород Шебекино;58;такси белгород шебекино;58;цена такси белгород шебекино;10;;0
Белгород;Шебекино;https://city2city.ru/belgorod-shebekino;трансфер {city_from} {city_to};трансфер Белгород Шебекино;0;;0;;0;;0
Белгород;Шебекино;https://city2city.ru/belgorod-shebekino;межгород {city_from} {city_to};межгород Белгород Шебекино;0;;0;;0;;0
Белгород;Шебекино;https://city2city.ru/belgorod-shebekino;такси {city_from} {city_to} цена;такси Белгород Шебекино цена;10;цена такси белгород шебекино;10;;0;;0
Белгород;Симферополь;https://city2city.ru/belgorod-simferopol;такси {city_from} {city_to};такси Белгород Симферополь;3;;0;;0;;0
Белгород;Симферополь;https://city2city.ru/belgorod-simferopol;трансфер {city_from} {city_to};трансфер Белгород Симферополь;0;;0;;0;;0
Белгород;Симферополь;https://city2city.ru/belgorod-simferopol;межгород {city_from} {city_to};межгород Белгород Симферополь;0;;0;;0;;0
Белгород;Симферополь;https://city2city.ru/belgorod-simferopol;такси {city_from} {city_to} цена;такси Белгород Симферополь цена;1;;0;;0;;0
Белгород;Смоленск;https://city2city.ru/belgorod-smolensk;такси {city_from} {city_to};такси Белгород Смоленск;8;такси смоленск белгород;8;;0;;0
Белгород;Смоленск;https://city2city.ru/belgorod-smolensk;трансфер {city_from} {city_to};трансфер Белгород Смоленск;0;;0;;0;;0
Белгород;Смоленск;https://city2city.ru/belgorod-smolensk;межгород {city_from} {city_to};межгород Белгород Смоленск;0;;0;;0;;0
Белгород;Смоленск;https://city2city.ru/belgorod-smolensk;такси {city_from} {city_to} цена;такси Белгород Смоленск цена;1;;0;;0;;0
Белгород;Смоленск;https://city2city.ru/belgorod-smolensk-2;такси {city_from} {city_to};такси Белгород Смоленск;8;такси смоленск белгород;8;;0;;0
Белгород;Смоленск;https://city2city.ru/belgorod-smolensk-2;трансфер {city_from} {city_to};трансфер Белгород Смоленск;0;;0;;0;;0
Белгород;Смоленск;https://city2city.ru/belgorod-smolensk-2;межгород {city_from} {city_to};межгород Белгород Смоленск;0;;0;;0;;0
Белгород;Смоленск;https://city2city.ru/belgorod-smolensk-2;такси {city_from} {city_to} цена;такси Белгород Смоленск цена;1;;0;;0;;0
Белгород;Сочи;https://city2city.ru/belgorod-sochi;такси {city_from} {city_to};такси Белгород Сочи;3;;0;;0;;0
Белгород;Сочи;https://city2city.ru/belgorod-sochi;трансфер {city_from} {city_to};трансфер Белгород Сочи;0;;0;;0;;0
Белгород;Сочи;https://city2city.ru/belgorod-sochi;межгород {city_from} {city_to};межгород Белгород Сочи;0;;0;;0;;0
Белгород;Сочи;https://city2city.ru/belgorod-sochi;такси {city_from} {city_to} цена;такси Белгород Сочи цена;0;;0;;0;;0
Белгород;Ставрополь;https://city2city.ru/belgorod-stavropol;такси {city_from} {city_to};такси Белгород Ставрополь;1;;0;;0;;0
Белгород;Ставрополь;https://city2city.ru/belgorod-stavropol;трансфер {city_from} {city_to};трансфер Белгород Ставрополь;0;;0;;0;;0
Белгород;Ставрополь;https://city2city.ru/belgorod-stavropol;межгород {city_from} {city_to};межгород Белгород Ставрополь;0;;0;;0;;0
Белгород;Ставрополь;https://city2city.ru/belgorod-stavropol;такси {city_from} {city_to} цена;такси Белгород Ставрополь цена;0;;0;;0;;0
Белгород;Строитель;https://city2city.ru/belgorod-stroitel;такси {city_from} {city_to};такси Белгород Строитель;64;такси белгород строитель;64;;0;;0
Белгород;Строитель;https://city2city.ru/belgorod-stroitel;трансфер {city_from} {city_to};трансфер Белгород Строитель;0;;0;;0;;0
Белгород;Строитель;https://city2city.ru/belgorod-stroitel;межгород {city_from} {city_to};межгород Белгород Строитель;0;;0;;0;;0
Белгород;Строитель;https://city2city.ru/belgorod-stroitel;такси {city_from} {city_to} цена;такси Белгород Строитель цена;5;;0;;0;;0
Белгород;Тамбов;https://city2city.ru/belgorod-tambov;такси {city_from} {city_to};такси Белгород Тамбов;14;такси белгород тамбов;14;;0;;0
Белгород;Тамбов;https://city2city.ru/belgorod-tambov;трансфер {city_from} {city_to};трансфер Белгород Тамбов;0;;0;;0;;0
Белгород;Тамбов;https://city2city.ru/belgorod-tambov;межгород {city_from} {city_to};межгород Белгород Тамбов;0;;0;;0;;0
Белгород;Тамбов;https://city2city.ru/belgorod-tambov;такси {city_from} {city_to} цена;такси Белгород Тамбов цена;1;;0;;0;;0
Белгород;посёлок городского типа Томаровка;https://city2city.ru/belgorod-tomarovka;такси {city_from} {city_to};такси Белгород посёлок городского типа Томаровка;0;;0;;0;;0
Белгород;посёлок городского типа Томаровка;https://city2city.ru/belgorod-tomarovka;трансфер {city_from} {city_to};трансфер Белгород посёлок городского типа Томаровка;0;;0;;0;;0
Белгород;посёлок городского типа Томаровка;https://city2city.ru/belgorod-tomarovka;межгород {city_from} {city_to};межгород Белгород посёлок городского типа Томаровка;0;;0;;0;;0
Белгород;посёлок городского типа Томаровка;https://city2city.ru/belgorod-tomarovka;такси {city_from} {city_to} цена;такси Белгород посёлок городского типа Томаровка цена;0;;0;;0;;0
Белгород;Тула;https://city2city.ru/belgorod-tula;такси {city_from} {city_to};такси Белгород Тула;15;такси от белгорода до тулы;5;;0;;0
Белгород;Тула;https://city2city.ru/belgorod-tula;трансфер {city_from} {city_to};трансфер Белгород Тула;0;;0;;0;;0
Белгород;Тула;https://city2city.ru/belgorod-tula;межгород {city_from} {city_to};межгород Белгород Тула;0;;0;;0;;0
Белгород;Тула;https://city2city.ru/belgorod-tula;такси {city_from} {city_to} цена;такси Белгород Тула цена;4;;0;;0;;0
Белгород;Тверь;https://city2city.ru/belgorod-tver;такси {city_from} {city_to};такси Белгород Тверь;12;;0;;0;;0
Белгород;Тверь;https://city2city.ru/belgorod-tver;трансфер {city_from} {city_to};трансфер Белгород Тверь;0;;0;;0;;0
Белгород;Тверь;https://city2city.ru/belgorod-tver;межгород {city_from} {city_to};межгород Белгород Тверь;0;;0;;0;;0
Белгород;Тверь;https://city2city.ru/belgorod-tver;такси {city_from} {city_to} цена;такси Белгород Тверь цена;2;;0;;0;;0
Белгород;Уфа;https://city2city.ru/belgorod-ufa;такси {city_from} {city_to};такси Белгород Уфа;3;;0;;0;;0
Белгород;Уфа;https://city2city.ru/belgorod-ufa;трансфер {city_from} {city_to};трансфер Белгород Уфа;0;;0;;0;;0
Белгород;Уфа;https://city2city.ru/belgorod-ufa;межгород {city_from} {city_to};межгород Белгород Уфа;0;;0;;0;;0
Белгород;Уфа;https://city2city.ru/belgorod-ufa;такси {city_from} {city_to} цена;такси Белгород Уфа цена;2;;0;;0;;0
Белгород;посёлок городского типа Уразово;https://city2city.ru/belgorod-urazovo;такси {city_from} {city_to};такси Белгород посёлок городского типа Уразово;0;;0;;0;;0
Белгород;посёлок городского типа Уразово;https://city2city.ru/belgorod-urazovo;трансфер {city_from} {city_to};трансфер Белгород посёлок городского типа Уразово;0;;0;;0;;0
Белгород;посёлок городского типа Уразово;https://city2city.ru/belgorod-urazovo;межгород {city_from} {city_to};межгород Белгород посёлок городского типа Уразово;0;;0;;0;;0
Белгород;посёлок городского типа Уразово;https://city2city.ru/belgorod-urazovo;такси {city_from} {city_to} цена;такси Белгород посёлок городского типа Уразово цена;0;;0;;0;;0
Белгород;Валуйки;https://city2city.ru/belgorod-valujki;такси {city_from} {city_to};такси Белгород Валуйки;55;такси валуйки белгород;55;такси белгород валуйки цена;7;;0
Белгород;Валуйки;https://city2city.ru/belgorod-valujki;трансфер {city_from} {city_to};трансфер Белгород Валуйки;0;;0;;0;;0
Белгород;Валуйки;https://city2city.ru/belgorod-valujki;межгород {city_from} {city_to};межгород Белгород Валуйки;0;;0;;0;;0
Белгород;Валуйки;https://city2city.ru/belgorod-valujki;такси {city_from} {city_to} цена;такси Белгород Валуйки цена;7;такси белгород валуйки цена;7;;0;;0
Белгород;посёлок городского типа Вейделевка;https://city2city.ru/belgorod-vejdelevka;такси {city_from} {city_to};такси Белгород посёлок городского типа Вейделевка;0;;0;;0;;0
Белгород;посёлок городского типа Вейделевка;https://city2city.ru/belgorod-vejdelevka;трансфер {city_from} {city_to};трансфер Белгород посёлок городского типа Вейделевка;0;;0;;0;;0
Белгород;посёлок городского типа Вейделевка;https://city2city.ru/belgorod-vejdelevka;межгород {city_from} {city_to};межгород Белгород посёлок городского типа Вейделевка;0;;0;;0;;0
Белгород;посёлок городского типа Вейделевка;https://city2city.ru/belgorod-vejdelevka;такси {city_from} {city_to} цена;такси Белгород посёлок городского типа Вейделевка цена;0;;0;;0;;0
Белгород;Великий Новгород;https://city2city.ru/belgorod-velikij-novgorod;такси {city_from} {city_to};такси Белгород Великий Новгород;5;;0;;0;;0
Белгород;Великий Новгород;https://city2city.ru/belgorod-velikij-novgorod;трансфер {city_from} {city_to};трансфер Белгород Великий Новгород;0;;0;;0;;0
Белгород;Великий Новгород;https://city2city.ru/belgorod-velikij-novgorod;межгород {city_from} {city_to};межгород Белгород Великий Новгород;0;;0;;0;;0
Белгород;Великий Новгород;https://city2city.ru/belgorod-velikij-novgorod;такси {city_from} {city_to} цена;такси Белгород Великий Новгород цена;1;;0;;0;;0
Белгород;Владимир;https://city2city.ru/belgorod-vladimir;такси {city_from} {city_to};такси Белгород Владимир;9;;0;;0;;0
Белгород;Владимир;https://city2city.ru/belgorod-vladimir;трансфер {city_from} {city_to};трансфер Белгород Владимир;0;;0;;0;;0
Белгород;Владимир;https://city2city.ru/belgorod-vladimir;межгород {city_from} {city_to};межгород Белгород Владимир;0;;0;;0;;0
Белгород;Владимир;https://city2city.ru/belgorod-vladimir;такси {city_from} {city_to} цена;такси Белгород Владимир цена;0;;0;;0;;0
Белгород;Волгоград;https://city2city.ru/belgorod-volgograd;такси {city_from} {city_to};такси Белгород Волгоград;13;такси белгород волгоград;13;;0;;0
Белгород;Волгоград;https://city2city.ru/belgorod-volgograd;трансфер {city_from} {city_to};трансфер Белгород Волгоград;0;;0;;0;;0
Белгород;Волгоград;https://city2city.ru/belgorod-volgograd;межгород {city_from} {city_to};межгород Белгород Волгоград;0;;0;;0;;0
Белгород;Волгоград;https://city2city.ru/belgorod-volgograd;такси {city_from} {city_to} цена;такси Белгород Волгоград цена;0;;0;;0;;0
Белгород;Вологда;https://city2city.ru/belgorod-vologda;такси {city_from} {city_to};такси Белгород Вологда;12;такси белгород вологда;12;такси белгород вологда цена;5;;0
Белгород;Вологда;https://city2city.ru/belgorod-vologda;трансфер {city_from} {city_to};трансфер Белгород Вологда;0;;0;;0;;0
Белгород;Вологда;https://city2city.ru/belgorod-vologda;межгород {city_from} {city_to};межгород Белгород Вологда;0;;0;;0;;0
Белгород;Вологда;https://city2city.ru/belgorod-vologda;такси {city_from} {city_to} цена;такси Белгород Вологда цена;5;такси белгород вологда цена;5;;0;;0
Белгород;посёлок городского типа Волоконовка;https://city2city.ru/belgorod-volokonovka;такси {city_from} {city_to};такси Белгород посёлок городского типа Волоконовка;0;;0;;0;;0
Белгород;посёлок городского типа Волоконовка;https://city2city.ru/belgorod-volokonovka;трансфер {city_from} {city_to};трансфер Белгород посёлок городского типа Волоконовка;0;;0;;0;;0
Белгород;посёлок городского типа Волоконовка;https://city2city.ru/belgorod-volokonovka;межгород {city_from} {city_to};межгород Белгород посёлок городского типа Волоконовка;0;;0;;0;;0
Белгород;посёлок городского типа Волоконовка;https://city2city.ru/belgorod-volokonovka;такси {city_from} {city_to} цена;такси Белгород посёлок городского типа Волоконовка цена;0;;0;;0;;0
Белгород;Воронеж;https://city2city.ru/belgorod-voronezh;такси {city_from} {city_to};такси Белгород Воронеж;101;такси воронеж белгород;101;такси воронеж белгород цена;19;сколько стоит такси воронеж белгород;18
Белгород;Воронеж;https://city2city.ru/belgorod-voronezh;трансфер {city_from} {city_to};трансфер Белгород Воронеж;2;;0;;0;;0
Белгород;Воронеж;https://city2city.ru/belgorod-voronezh;межгород {city_from} {city_to};межгород Белгород Воронеж;4;;0;;0;;0
Белгород;Воронеж;https://city2city.ru/belgorod-voronezh;такси {city_from} {city_to} цена;такси Белгород Воронеж цена;19;такси воронеж белгород цена;19;;0;;0
Белгород;посёлок городского типа Яковлево;https://city2city.ru/belgorod-yakovlevo;такси {city_from} {city_to};такси Белгород посёлок городского типа Яковлево;0;;0;;0;;0
Белгород;посёлок городского типа Яковлево;https://city2city.ru/belgorod-yakovlevo;трансфер {city_from} {city_to};трансфер Белгород посёлок городского типа Яковлево;0;;0;;0;;0
Белгород;посёлок городского типа Яковлево;https://city2city.ru/belgorod-yakovlevo;межгород {city_from} {city_to};межгород Белгород посёлок городского типа Яковлево;0;;0;;0;;0
Белгород;посёлок городского типа Яковлево;https://city2city.ru/belgorod-yakovlevo;такси {city_from} {city_to} цена;такси Белгород посёлок городского типа Яковлево цена;0;;0;;0;;0
Белгород;Ярославль;https://city2city.ru/belgorod-yaroslavl;такси {city_from} {city_to};такси Белгород Ярославль;7;;0;;0;;0
Белгород;Ярославль;https://city2city.ru/belgorod-yaroslavl;трансфер {city_from} {city_to};трансфер Белгород Ярославль;0;;0;;0;;0
Белгород;Ярославль;https://city2city.ru/belgorod-yaroslavl;межгород {city_from} {city_to};межгород Белгород Ярославль;0;;0;;0;;0
Белгород;Ярославль;https://city2city.ru/belgorod-yaroslavl;такси {city_from} {city_to} цена;такси Белгород Ярославль цена;2;;0;;0;;0
Белогорск;Благовещенск;https://city2city.ru/belogorsk-blagoveshhensk;такси {city_from} {city_to};такси Белогорск Благовещенск;91;такси белогорск благовещенск;91;такси белогорск благовещенск амурская;30;такси благовещенск белогорск амурская область;26
Белогорск;Благовещенск;https://city2city.ru/belogorsk-blagoveshhensk;трансфер {city_from} {city_to};трансфер Белогорск Благовещенск;2;;0;;0;;0
Белогорск;Благовещенск;https://city2city.ru/belogorsk-blagoveshhensk;межгород {city_from} {city_to};межгород Белогорск Благовещенск;6;;0;;0;;0
Белогорск;Благовещенск;https://city2city.ru/belogorsk-blagoveshhensk;такси {city_from} {city_to} цена;такси Белогорск Благовещенск цена;11;;0;;0;;0
Благовещенск;Алдан;https://city2city.ru/blagoveshhensk-aldan;такси {city_from} {city_to};такси Благовещенск Алдан;1;;0;;0;;0
Благовещенск;Алдан;https://city2city.ru/blagoveshhensk-aldan;трансфер {city_from} {city_to};трансфер Благовещенск Алдан;0;;0;;0;;0
Благовещенск;Алдан;https://city2city.ru/blagoveshhensk-aldan;межгород {city_from} {city_to};межгород Благовещенск Алдан;0;;0;;0;;0
Благовещенск;Алдан;https://city2city.ru/blagoveshhensk-aldan;такси {city_from} {city_to} цена;такси Благовещенск Алдан цена;0;;0;;0;;0
Благовещенск;Белогорск;https://city2city.ru/blagoveshhensk-belogorsk;такси {city_from} {city_to};такси Благовещенск Белогорск;91;такси белогорск благовещенск;91;такси белогорск благовещенск амурская;30;такси благовещенск белогорск амурская область;26
Благовещенск;Белогорск;https://city2city.ru/blagoveshhensk-belogorsk;трансфер {city_from} {city_to};трансфер Благовещенск Белогорск;2;;0;;0;;0
Благовещенск;Белогорск;https://city2city.ru/blagoveshhensk-belogorsk;межгород {city_from} {city_to};межгород Благовещенск Белогорск;6;;0;;0;;0
Благовещенск;Белогорск;https://city2city.ru/blagoveshhensk-belogorsk;такси {city_from} {city_to} цена;такси Благовещенск Белогорск цена;11;;0;;0;;0
Благовещенск;Биробиджан;https://city2city.ru/blagoveshhensk-birobidzhan;такси {city_from} {city_to};такси Благовещенск Биробиджан;9;;0;;0;;0
Благовещенск;Биробиджан;https://city2city.ru/blagoveshhensk-birobidzhan;трансфер {city_from} {city_to};трансфер Благовещенск Биробиджан;0;;0;;0;;0
Благовещенск;Биробиджан;https://city2city.ru/blagoveshhensk-birobidzhan;межгород {city_from} {city_to};межгород Благовещенск Биробиджан;0;;0;;0;;0
Благовещенск;Биробиджан;https://city2city.ru/blagoveshhensk-birobidzhan;такси {city_from} {city_to} цена;такси Благовещенск Биробиджан цена;0;;0;;0;;0
Благовещенск;Чита;https://city2city.ru/blagoveshhensk-chita;такси {city_from} {city_to};такси Благовещенск Чита;5;;0;;0;;0
Благовещенск;Чита;https://city2city.ru/blagoveshhensk-chita;трансфер {city_from} {city_to};трансфер Благовещенск Чита;0;;0;;0;;0
Благовещенск;Чита;https://city2city.ru/blagoveshhensk-chita;межгород {city_from} {city_to};межгород Благовещенск Чита;0;;0;;0;;0
Благовещенск;Чита;https://city2city.ru/blagoveshhensk-chita;такси {city_from} {city_to} цена;такси Благовещенск Чита цена;0;;0;;0;;0
Благовещенск;Циолковский;https://city2city.ru/blagoveshhensk-cziolkovskij;такси {city_from} {city_to};такси Благовещенск Циолковский;11;;0;;0;;0
Благовещенск;Циолковский;https://city2city.ru/blagoveshhensk-cziolkovskij;трансфер {city_from} {city_to};трансфер Благовещенск Циолковский;0;;0;;0;;0
Благовещенск;Циолковский;https://city2city.ru/blagoveshhensk-cziolkovskij;межгород {city_from} {city_to};межгород Благовещенск Циолковский;0;;0;;0;;0
Благовещенск;Циолковский;https://city2city.ru/blagoveshhensk-cziolkovskij;такси {city_from} {city_to} цена;такси Благовещенск Циолковский цена;3;;0;;0;;0
Благовещенск;Якутск;https://city2city.ru/blagoveshhensk-jakutsk;такси {city_from} {city_to};такси Благовещенск Якутск;48;такси благовещенск якутск;48;такси якутск благовещенск межгород;10;;0
Благовещенск;Якутск;https://city2city.ru/blagoveshhensk-jakutsk;трансфер {city_from} {city_to};трансфер Благовещенск Якутск;0;;0;;0;;0
Благовещенск;Якутск;https://city2city.ru/blagoveshhensk-jakutsk;межгород {city_from} {city_to};межгород Благовещенск Якутск;10;такси якутск благовещенск межгород;10;;0;;0
Благовещенск;Якутск;https://city2city.ru/blagoveshhensk-jakutsk;такси {city_from} {city_to} цена;такси Благовещенск Якутск цена;4;;0;;0;;0
Благовещенск;Комсомольск-на-Амуре;https://city2city.ru/blagoveshhensk-komsomolsk-na-amure;такси {city_from} {city_to};такси Благовещенск Комсомольск-на-Амуре;0;;0;;0;;0
Благовещенск;Комсомольск-на-Амуре;https://city2city.ru/blagoveshhensk-komsomolsk-na-amure;трансфер {city_from} {city_to};трансфер Благовещенск Комсомольск-на-Амуре;0;;0;;0;;0
Благовещенск;Комсомольск-на-Амуре;https://city2city.ru/blagoveshhensk-komsomolsk-na-amure;межгород {city_from} {city_to};межгород Благовещенск Комсомольск-на-Амуре;0;;0;;0;;0
Благовещенск;Комсомольск-на-Амуре;https://city2city.ru/blagoveshhensk-komsomolsk-na-amure;такси {city_from} {city_to} цена;такси Благовещенск Комсомольск-на-Амуре цена;0;;0;;0;;0
Благовещенск;поселок городского типа Кульдур;https://city2city.ru/blagoveshhensk-kuldur;такси {city_from} {city_to};такси Благовещенск поселок городского типа Кульдур;0;;0;;0;;0
Благовещенск;поселок городского типа Кульдур;https://city2city.ru/blagoveshhensk-kuldur;трансфер {city_from} {city_to};трансфер Благовещенск поселок городского типа Кульдур;0;;0;;0;;0
Благовещенск;поселок городского типа Кульдур;https://city2city.ru/blagoveshhensk-kuldur;межгород {city_from} {city_to};межгород Благовещенск поселок городского типа Кульдур;0;;0;;0;;0
Благовещенск;поселок городского типа Кульдур;https://city2city.ru/blagoveshhensk-kuldur;такси {city_from} {city_to} цена;такси Благовещенск поселок городского типа Кульдур цена;0;;0;;0;;0
Благовещенск;Нерюнгри;https://city2city.ru/blagoveshhensk-nerjungri;такси {city_from} {city_to};такси Благовещенск Нерюнгри;19;такси благовещенск нерюнгри;19;;0;;0
Благовещенск;Нерюнгри;https://city2city.ru/blagoveshhensk-nerjungri;трансфер {city_from} {city_to};трансфер Благовещенск Нерюнгри;0;;0;;0;;0
Благовещенск;Нерюнгри;https://city2city.ru/blagoveshhensk-nerjungri;межгород {city_from} {city_to};межгород Благовещенск Нерюнгри;3;;0;;0;;0
Благовещенск;Нерюнгри;https://city2city.ru/blagoveshhensk-nerjungri;такси {city_from} {city_to} цена;такси Благовещенск Нерюнгри цена;2;;0;;0;;0
Благовещенск;Облучье;https://city2city.ru/blagoveshhensk-obluche;такси {city_from} {city_to};такси Благовещенск Облучье;5;;0;;0;;0
Благовещенск;Облучье;https://city2city.ru/blagoveshhensk-obluche;трансфер {city_from} {city_to};трансфер Благовещенск Облучье;0;;0;;0;;0
Благовещенск;Облучье;https://city2city.ru/blagoveshhensk-obluche;межгород {city_from} {city_to};межгород Благовещенск Облучье;0;;0;;0;;0
Благовещенск;Облучье;https://city2city.ru/blagoveshhensk-obluche;такси {city_from} {city_to} цена;такси Благовещенск Облучье цена;1;;0;;0;;0
Благовещенск;Райчихинск;https://city2city.ru/blagoveshhensk-rajchixinsk;такси {city_from} {city_to};такси Благовещенск Райчихинск;7;;0;;0;;0
Благовещенск;Райчихинск;https://city2city.ru/blagoveshhensk-rajchixinsk;трансфер {city_from} {city_to};трансфер Благовещенск Райчихинск;0;;0;;0;;0
Благовещенск;Райчихинск;https://city2city.ru/blagoveshhensk-rajchixinsk;межгород {city_from} {city_to};межгород Благовещенск Райчихинск;1;;0;;0;;0
Благовещенск;Райчихинск;https://city2city.ru/blagoveshhensk-rajchixinsk;такси {city_from} {city_to} цена;такси Благовещенск Райчихинск цена;0;;0;;0;;0
Благовещенск;Шимановск;https://city2city.ru/blagoveshhensk-shimanovsk;такси {city_from} {city_to};такси Благовещенск Шимановск;6;;0;;0;;0
Благовещенск;Шимановск;https://city2city.ru/blagoveshhensk-shimanovsk;трансфер {city_from} {city_to};трансфер Благовещенск Шимановск;0;;0;;0;;0
Благовещенск;Шимановск;https://city2city.ru/blagoveshhensk-shimanovsk;межгород {city_from} {city_to};межгород Благовещенск Шимановск;0;;0;;0;;0
Благовещенск;Шимановск;https://city2city.ru/blagoveshhensk-shimanovsk;такси {city_from} {city_to} цена;такси Благовещенск Шимановск цена;1;;0;;0;;0
Благовещенск;Сковородино;https://city2city.ru/blagoveshhensk-skovorodino;такси {city_from} {city_to};такси Благовещенск Сковородино;2;;0;;0;;0
Благовещенск;Сковородино;https://city2city.ru/blagoveshhensk-skovorodino;трансфер {city_from} {city_to};трансфер Благовещенск Сковородино;0;;0;;0;;0
Благовещенск;Сковородино;https://city2city.ru/blagoveshhensk-skovorodino;межгород {city_from} {city_to};межгород Благовещенск Сковородино;0;;0;;0;;0
Благовещенск;Сковородино;https://city2city.ru/blagoveshhensk-skovorodino;такси {city_from} {city_to} цена;такси Благовещенск Сковородино цена;0;;0;;0;;0
Благовещенск;Свободный;https://city2city.ru/blagoveshhensk-svobodnyj;такси {city_from} {city_to};такси Благовещенск Свободный;264;такси свободный благовещенск;264;такси от дома к дому свободный благовещенск;60;такси свободный благовещенск номер;56
Благовещенск;Свободный;https://city2city.ru/blagoveshhensk-svobodnyj;трансфер {city_from} {city_to};трансфер Благовещенск Свободный;11;трансфер благовещенск свободный;11;;0;;0
Благовещенск;Свободный;https://city2city.ru/blagoveshhensk-svobodnyj;межгород {city_from} {city_to};межгород Благовещенск Свободный;12;;0;;0;;0
Благовещенск;Свободный;https://city2city.ru/blagoveshhensk-svobodnyj;такси {city_from} {city_to} цена;такси Благовещенск Свободный цена;10;;0;;0;;0
Благовещенск;Томмот;https://city2city.ru/blagoveshhensk-tommot;такси {city_from} {city_to};такси Благовещенск Томмот;0;;0;;0;;0
Благовещенск;Томмот;https://city2city.ru/blagoveshhensk-tommot;трансфер {city_from} {city_to};трансфер Благовещенск Томмот;0;;0;;0;;0
Благовещенск;Томмот;https://city2city.ru/blagoveshhensk-tommot;межгород {city_from} {city_to};межгород Благовещенск Томмот;0;;0;;0;;0
Благовещенск;Томмот;https://city2city.ru/blagoveshhensk-tommot;такси {city_from} {city_to} цена;такси Благовещенск Томмот цена;0;;0;;0;;0
Благовещенск;Тында;https://city2city.ru/blagoveshhensk-tynda;такси {city_from} {city_to};такси Благовещенск Тында;7;благовещенск тында такси;7;;0;;0
Благовещенск;Тында;https://city2city.ru/blagoveshhensk-tynda;трансфер {city_from} {city_to};трансфер Благовещенск Тында;0;;0;;0;;0
Благовещенск;Тында;https://city2city.ru/blagoveshhensk-tynda;межгород {city_from} {city_to};межгород Благовещенск Тында;0;;0;;0;;0
Благовещенск;Тында;https://city2city.ru/blagoveshhensk-tynda;такси {city_from} {city_to} цена;такси Благовещенск Тында цена;1;;0;;0;;0
Благовещенск;Углегорск;https://city2city.ru/blagoveshhensk-uglegorsk;такси {city_from} {city_to};такси Благовещенск Углегорск;0;;0;;0;;0
Благовещенск;Углегорск;https://city2city.ru/blagoveshhensk-uglegorsk;трансфер {city_from} {city_to};трансфер Благовещенск Углегорск;0;;0;;0;;0
Благовещенск;Углегорск;https://city2city.ru/blagoveshhensk-uglegorsk;межгород {city_from} {city_to};межгород Благовещенск Углегорск;0;;0;;0;;0
Благовещенск;Углегорск;https://city2city.ru/blagoveshhensk-uglegorsk;такси {city_from} {city_to} цена;такси Благовещенск Углегорск цена;0;;0;;0;;0
Благовещенск;Улан-Удэ;https://city2city.ru/blagoveshhensk-ulan-ude;такси {city_from} {city_to};такси Благовещенск Улан-Удэ;2;;0;;0;;0
Благовещенск;Улан-Удэ;https://city2city.ru/blagoveshhensk-ulan-ude;трансфер {city_from} {city_to};трансфер Благовещенск Улан-Удэ;0;;0;;0;;0
Благовещенск;Улан-Удэ;https://city2city.ru/blagoveshhensk-ulan-ude;межгород {city_from} {city_to};межгород Благовещенск Улан-Удэ;0;;0;;0;;0
Благовещенск;Улан-Удэ;https://city2city.ru/blagoveshhensk-ulan-ude;такси {city_from} {city_to} цена;такси Благовещенск Улан-Удэ цена;0;;0;;0;;0
Благовещенск;Уссурийск;https://city2city.ru/blagoveshhensk-ussurijsk;такси {city_from} {city_to};такси Благовещенск Уссурийск;7;;0;;0;;0
Благовещенск;Уссурийск;https://city2city.ru/blagoveshhensk-ussurijsk;трансфер {city_from} {city_to};трансфер Благовещенск Уссурийск;0;;0;;0;;0
Благовещенск;Уссурийск;https://city2city.ru/blagoveshhensk-ussurijsk;межгород {city_from} {city_to};межгород Благовещенск Уссурийск;1;;0;;0;;0
Благовещенск;Уссурийск;https://city2city.ru/blagoveshhensk-ussurijsk;такси {city_from} {city_to} цена;такси Благовещенск Уссурийск цена;2;;0;;0;;0
Благовещенск;Владивосток;https://city2city.ru/blagoveshhensk-vladivostok;такси {city_from} {city_to};такси Благовещенск Владивосток;7;;0;;0;;0
Благовещенск;Владивосток;https://city2city.ru/blagoveshhensk-vladivostok;трансфер {city_from} {city_to};трансфер Благовещенск Владивосток;1;;0;;0;;0
Благовещенск;Владивосток;https://city2city.ru/blagoveshhensk-vladivostok;межгород {city_from} {city_to};межгород Благовещенск Владивосток;0;;0;;0;;0
Благовещенск;Владивосток;https://city2city.ru/blagoveshhensk-vladivostok;такси {city_from} {city_to} цена;такси Благовещенск Владивосток цена;1;;0;;0;;0
Благовещенск;Хабаровск;https://city2city.ru/blagoveshhensk-xabarovsk;такси {city_from} {city_to};такси Благовещенск Хабаровск;11;благовещенск хабаровск такси;11;;0;;0
Благовещенск;Хабаровск;https://city2city.ru/blagoveshhensk-xabarovsk;трансфер {city_from} {city_to};трансфер Благовещенск Хабаровск;1;;0;;0;;0
Благовещенск;Хабаровск;https://city2city.ru/blagoveshhensk-xabarovsk;межгород {city_from} {city_to};межгород Благовещенск Хабаровск;3;;0;;0;;0
Благовещенск;Хабаровск;https://city2city.ru/blagoveshhensk-xabarovsk;такси {city_from} {city_to} цена;такси Благовещенск Хабаровск цена;1;;0;;0;;0
Благовещенск;Завитинск;https://city2city.ru/blagoveshhensk-zavitinsk;такси {city_from} {city_to};такси Благовещенск Завитинск;2;;0;;0;;0
Благовещенск;Завитинск;https://city2city.ru/blagoveshhensk-zavitinsk;трансфер {city_from} {city_to};трансфер Благовещенск Завитинск;0;;0;;0;;0
Благовещенск;Завитинск;https://city2city.ru/blagoveshhensk-zavitinsk;межгород {city_from} {city_to};межгород Благовещенск Завитинск;0;;0;;0;;0
Благовещенск;Завитинск;https://city2city.ru/blagoveshhensk-zavitinsk;такси {city_from} {city_to} цена;такси Благовещенск Завитинск цена;1;;0;;0;;0
Благовещенск;Зея;https://city2city.ru/blagoveshhensk-zeya;такси {city_from} {city_to};такси Благовещенск Зея;36;такси благовещенск зея;36;;0;;0
Благовещенск;Зея;https://city2city.ru/blagoveshhensk-zeya;трансфер {city_from} {city_to};трансфер Благовещенск Зея;0;;0;;0;;0
Благовещенск;Зея;https://city2city.ru/blagoveshhensk-zeya;межгород {city_from} {city_to};межгород Благовещенск Зея;4;;0;;0;;0
Благовещенск;Зея;https://city2city.ru/blagoveshhensk-zeya;такси {city_from} {city_to} цена;такси Благовещенск Зея цена;0;;0;;0;;0
Братск;Иркутск;https://city2city.ru/bratsk-irkutsk;такси {city_from} {city_to};такси Братск Иркутск;1197;такси братск иркутск;1197;такси братск иркутск телефон;119;такси межгород иркутск братск;52
Братск;Иркутск;https://city2city.ru/bratsk-irkutsk;трансфер {city_from} {city_to};трансфер Братск Иркутск;4;;0;;0;;0
Братск;Иркутск;https://city2city.ru/bratsk-irkutsk;межгород {city_from} {city_to};межгород Братск Иркутск;58;межгород братск иркутск;58;такси межгород иркутск братск;52;;0
Братск;Иркутск;https://city2city.ru/bratsk-irkutsk;такси {city_from} {city_to} цена;такси Братск Иркутск цена;112;такси иркутск братск телефоны и цены;34;такси до иркутска из братска цены;9;такси иркутск братск расписание цена;8
Братск;Красноярск;https://city2city.ru/bratsk-krasnojarsk;такси {city_from} {city_to};такси Братск Красноярск;49;такси братск красноярск;49;;0;;0
Братск;Красноярск;https://city2city.ru/bratsk-krasnojarsk;трансфер {city_from} {city_to};трансфер Братск Красноярск;0;;0;;0;;0
Братск;Красноярск;https://city2city.ru/bratsk-krasnojarsk;межгород {city_from} {city_to};межгород Братск Красноярск;3;;0;;0;;0
Братск;Красноярск;https://city2city.ru/bratsk-krasnojarsk;такси {city_from} {city_to} цена;такси Братск Красноярск цена;3;;0;;0;;0
Брянск;Адлер;https://city2city.ru/bryansk-adler;такси {city_from} {city_to};такси Брянск Адлер;0;;0;;0;;0
Брянск;Адлер;https://city2city.ru/bryansk-adler;трансфер {city_from} {city_to};трансфер Брянск Адлер;0;;0;;0;;0
Брянск;Адлер;https://city2city.ru/bryansk-adler;межгород {city_from} {city_to};межгород Брянск Адлер;1;;0;;0;;0
Брянск;Адлер;https://city2city.ru/bryansk-adler;такси {city_from} {city_to} цена;такси Брянск Адлер цена;0;;0;;0;;0
Брянск;посёлок Белая Берёзка;https://city2city.ru/bryansk-belaya-beryozka;такси {city_from} {city_to};такси Брянск посёлок Белая Берёзка;0;;0;;0;;0
Брянск;посёлок Белая Берёзка;https://city2city.ru/bryansk-belaya-beryozka;трансфер {city_from} {city_to};трансфер Брянск посёлок Белая Берёзка;0;;0;;0;;0
Брянск;посёлок Белая Берёзка;https://city2city.ru/bryansk-belaya-beryozka;межгород {city_from} {city_to};межгород Брянск посёлок Белая Берёзка;0;;0;;0;;0
Брянск;посёлок Белая Берёзка;https://city2city.ru/bryansk-belaya-beryozka;такси {city_from} {city_to} цена;такси Брянск посёлок Белая Берёзка цена;0;;0;;0;;0
Брянск;Белгород;https://city2city.ru/bryansk-belgorod;такси {city_from} {city_to};такси Брянск Белгород;9;такси белгород брянск;9;;0;;0
Брянск;Белгород;https://city2city.ru/bryansk-belgorod;трансфер {city_from} {city_to};трансфер Брянск Белгород;0;;0;;0;;0
Брянск;Белгород;https://city2city.ru/bryansk-belgorod;межгород {city_from} {city_to};межгород Брянск Белгород;0;;0;;0;;0
Брянск;Белгород;https://city2city.ru/bryansk-belgorod;такси {city_from} {city_to} цена;такси Брянск Белгород цена;1;;0;;0;;0
Брянск;посёлок Бытошь;https://city2city.ru/bryansk-bytosh;такси {city_from} {city_to};такси Брянск посёлок Бытошь;0;;0;;0;;0
Брянск;посёлок Бытошь;https://city2city.ru/bryansk-bytosh;трансфер {city_from} {city_to};трансфер Брянск посёлок Бытошь;0;;0;;0;;0
Брянск;посёлок Бытошь;https://city2city.ru/bryansk-bytosh;межгород {city_from} {city_to};межгород Брянск посёлок Бытошь;0;;0;;0;;0
Брянск;посёлок Бытошь;https://city2city.ru/bryansk-bytosh;такси {city_from} {city_to} цена;такси Брянск посёлок Бытошь цена;0;;0;;0;;0
Брянск;Десногорск;https://city2city.ru/bryansk-desnogorsk;такси {city_from} {city_to};такси Брянск Десногорск;2;;0;;0;;0
Брянск;Десногорск;https://city2city.ru/bryansk-desnogorsk;трансфер {city_from} {city_to};трансфер Брянск Десногорск;0;;0;;0;;0
Брянск;Десногорск;https://city2city.ru/bryansk-desnogorsk;межгород {city_from} {city_to};межгород Брянск Десногорск;0;;0;;0;;0
Брянск;Десногорск;https://city2city.ru/bryansk-desnogorsk;такси {city_from} {city_to} цена;такси Брянск Десногорск цена;0;;0;;0;;0
Брянск;Домодедово;https://city2city.ru/bryansk-domodedovo;такси {city_from} {city_to};такси Брянск Домодедово;2;;0;;0;;0
Брянск;Домодедово;https://city2city.ru/bryansk-domodedovo;трансфер {city_from} {city_to};трансфер Брянск Домодедово;51;трансферы брянск домодедово;51;трансфер брянск домодедово аэропорт;11;;0
Брянск;Домодедово;https://city2city.ru/bryansk-domodedovo;межгород {city_from} {city_to};межгород Брянск Домодедово;0;;0;;0;;0
Брянск;Домодедово;https://city2city.ru/bryansk-domodedovo;такси {city_from} {city_to} цена;такси Брянск Домодедово цена;0;;0;;0;;0
Брянск;Донецк;https://city2city.ru/bryansk-doneczk-rostovskaya-oblast;такси {city_from} {city_to};такси Брянск Донецк;3;такси донецк брянск;3;;0;;0
Брянск;Донецк;https://city2city.ru/bryansk-doneczk-rostovskaya-oblast;трансфер {city_from} {city_to};трансфер Брянск Донецк;0;;0;;0;;0
Брянск;Донецк;https://city2city.ru/bryansk-doneczk-rostovskaya-oblast;межгород {city_from} {city_to};межгород Брянск Донецк;0;;0;;0;;0
Брянск;Донецк;https://city2city.ru/bryansk-doneczk-rostovskaya-oblast;такси {city_from} {city_to} цена;такси Брянск Донецк цена;0;;0;;0;;0
Брянск;деревня Дубровка;https://city2city.ru/bryansk-dubrovka;такси {city_from} {city_to};такси Брянск деревня Дубровка;0;;0;;0;;0
Брянск;деревня Дубровка;https://city2city.ru/bryansk-dubrovka;трансфер {city_from} {city_to};трансфер Брянск деревня Дубровка;0;;0;;0;;0
Брянск;деревня Дубровка;https://city2city.ru/bryansk-dubrovka;межгород {city_from} {city_to};межгород Брянск деревня Дубровка;0;;0;;0;;0
Брянск;деревня Дубровка;https://city2city.ru/bryansk-dubrovka;такси {city_from} {city_to} цена;такси Брянск деревня Дубровка цена;0;;0;;0;;0
Брянск;Дятьково;https://city2city.ru/bryansk-dyatkovo;такси {city_from} {city_to};такси Брянск Дятьково;41;такси брянск дятьково;41;такси дятьково брянск цена;6;;0
Брянск;Дятьково;https://city2city.ru/bryansk-dyatkovo;трансфер {city_from} {city_to};трансфер Брянск Дятьково;0;;0;;0;;0
Брянск;Дятьково;https://city2city.ru/bryansk-dyatkovo;межгород {city_from} {city_to};межгород Брянск Дятьково;0;;0;;0;;0
Брянск;Дятьково;https://city2city.ru/bryansk-dyatkovo;такси {city_from} {city_to} цена;такси Брянск Дятьково цена;6;такси дятьково брянск цена;6;;0;;0
Брянск;Геленджик;https://city2city.ru/bryansk-gelendzhik;такси {city_from} {city_to};такси Брянск Геленджик;0;;0;;0;;0
Брянск;Геленджик;https://city2city.ru/bryansk-gelendzhik;трансфер {city_from} {city_to};трансфер Брянск Геленджик;0;;0;;0;;0
Брянск;Геленджик;https://city2city.ru/bryansk-gelendzhik;межгород {city_from} {city_to};межгород Брянск Геленджик;0;;0;;0;;0
Брянск;Геленджик;https://city2city.ru/bryansk-gelendzhik;такси {city_from} {city_to} цена;такси Брянск Геленджик цена;0;;0;;0;;0
Брянск;посёлок Ивот;https://city2city.ru/bryansk-ivot;такси {city_from} {city_to};такси Брянск посёлок Ивот;0;;0;;0;;0
Брянск;посёлок Ивот;https://city2city.ru/bryansk-ivot;трансфер {city_from} {city_to};трансфер Брянск посёлок Ивот;0;;0;;0;;0
Брянск;посёлок Ивот;https://city2city.ru/bryansk-ivot;межгород {city_from} {city_to};межгород Брянск посёлок Ивот;0;;0;;0;;0
Брянск;посёлок Ивот;https://city2city.ru/bryansk-ivot;такси {city_from} {city_to} цена;такси Брянск посёлок Ивот цена;0;;0;;0;;0
Брянск;Калуга;https://city2city.ru/bryansk-kaluga;такси {city_from} {city_to};такси Брянск Калуга;16;брянск калуга такси;16;;0;;0
Брянск;Калуга;https://city2city.ru/bryansk-kaluga;трансфер {city_from} {city_to};трансфер Брянск Калуга;3;;0;;0;;0
Брянск;Калуга;https://city2city.ru/bryansk-kaluga;межгород {city_from} {city_to};межгород Брянск Калуга;0;;0;;0;;0
Брянск;Калуга;https://city2city.ru/bryansk-kaluga;такси {city_from} {city_to} цена;такси Брянск Калуга цена;2;;0;;0;;0
Брянск;Каменка;https://city2city.ru/bryansk-kamenka;такси {city_from} {city_to};такси Брянск Каменка;0;;0;;0;;0
Брянск;Каменка;https://city2city.ru/bryansk-kamenka;трансфер {city_from} {city_to};трансфер Брянск Каменка;0;;0;;0;;0
Брянск;Каменка;https://city2city.ru/bryansk-kamenka;межгород {city_from} {city_to};межгород Брянск Каменка;0;;0;;0;;0
Брянск;Каменка;https://city2city.ru/bryansk-kamenka;такси {city_from} {city_to} цена;такси Брянск Каменка цена;0;;0;;0;;0
Брянск;Карачев;https://city2city.ru/bryansk-karachev;такси {city_from} {city_to};такси Брянск Карачев;21;такси карачев брянск;21;;0;;0
Брянск;Карачев;https://city2city.ru/bryansk-karachev;трансфер {city_from} {city_to};трансфер Брянск Карачев;0;;0;;0;;0
Брянск;Карачев;https://city2city.ru/bryansk-karachev;межгород {city_from} {city_to};межгород Брянск Карачев;0;;0;;0;;0
Брянск;Карачев;https://city2city.ru/bryansk-karachev;такси {city_from} {city_to} цена;такси Брянск Карачев цена;1;;0;;0;;0
Брянск;Киров;https://city2city.ru/bryansk-kirov-kaluzhskaya-oblast;такси {city_from} {city_to};такси Брянск Киров;7;;0;;0;;0
Брянск;Киров;https://city2city.ru/bryansk-kirov-kaluzhskaya-oblast;трансфер {city_from} {city_to};трансфер Брянск Киров;0;;0;;0;;0
Брянск;Киров;https://city2city.ru/bryansk-kirov-kaluzhskaya-oblast;межгород {city_from} {city_to};межгород Брянск Киров;0;;0;;0;;0
Брянск;Киров;https://city2city.ru/bryansk-kirov-kaluzhskaya-oblast;такси {city_from} {city_to} цена;такси Брянск Киров цена;2;;0;;0;;0
Брянск;посёлок городского типа Клетня;https://city2city.ru/bryansk-kletnya;такси {city_from} {city_to};такси Брянск посёлок городского типа Клетня;0;;0;;0;;0
Брянск;посёлок городского типа Клетня;https://city2city.ru/bryansk-kletnya;трансфер {city_from} {city_to};трансфер Брянск посёлок городского типа Клетня;0;;0;;0;;0
Брянск;посёлок городского типа Клетня;https://city2city.ru/bryansk-kletnya;межгород {city_from} {city_to};межгород Брянск посёлок городского типа Клетня;0;;0;;0;;0
Брянск;посёлок городского типа Клетня;https://city2city.ru/bryansk-kletnya;такси {city_from} {city_to} цена;такси Брянск посёлок городского типа Клетня цена;0;;0;;0;;0
Брянск;посёлок Климово;https://city2city.ru/bryansk-klimovo;такси {city_from} {city_to};такси Брянск посёлок Климово;0;;0;;0;;0
Брянск;посёлок Климово;https://city2city.ru/bryansk-klimovo;трансфер {city_from} {city_to};трансфер Брянск посёлок Климово;0;;0;;0;;0
Брянск;посёлок Климово;https://city2city.ru/bryansk-klimovo;межгород {city_from} {city_to};межгород Брянск посёлок Климово;0;;0;;0;;0
Брянск;посёлок Климово;https://city2city.ru/bryansk-klimovo;такси {city_from} {city_to} цена;такси Брянск посёлок Климово цена;0;;0;;0;;0
Брянск;посёлок Комаричи;https://city2city.ru/bryansk-komarichi;такси {city_from} {city_to};такси Брянск посёлок Комаричи;0;;0;;0;;0
Брянск;посёлок Комаричи;https://city2city.ru/bryansk-komarichi;трансфер {city_from} {city_to};трансфер Брянск посёлок Комаричи;0;;0;;0;;0
Брянск;посёлок Комаричи;https://city2city.ru/bryansk-komarichi;межгород {city_from} {city_to};межгород Брянск посёлок Комаричи;0;;0;;0;;0
Брянск;посёлок Комаричи;https://city2city.ru/bryansk-komarichi;такси {city_from} {city_to} цена;такси Брянск посёлок Комаричи цена;0;;0;;0;;0
Брянск;посёлок городского типа Красная Гора;https://city2city.ru/bryansk-krasnaya-gora;такси {city_from} {city_to};такси Брянск посёлок городского типа Красная Гора;0;;0;;0;;0
Брянск;посёлок городского типа Красная Гора;https://city2city.ru/bryansk-krasnaya-gora;трансфер {city_from} {city_to};трансфер Брянск посёлок городского типа Красная Гора;0;;0;;0;;0
Брянск;посёлок городского типа Красная Гора;https://city2city.ru/bryansk-krasnaya-gora;межгород {city_from} {city_to};межгород Брянск посёлок городского типа Красная Гора;0;;0;;0;;0
Брянск;посёлок городского типа Красная Гора;https://city2city.ru/bryansk-krasnaya-gora;такси {city_from} {city_to} цена;такси Брянск посёлок городского типа Красная Гора цена;0;;0;;0;;0
Брянск;Курск;https://city2city.ru/bryansk-kursk;такси {city_from} {city_to};такси Брянск Курск;20;;0;;0;;0
Брянск;Курск;https://city2city.ru/bryansk-kursk;трансфер {city_from} {city_to};трансфер Брянск Курск;1;;0;;0;;0
Брянск;Курск;https://city2city.ru/bryansk-kursk;межгород {city_from} {city_to};межгород Брянск Курск;0;;0;;0;;0
Брянск;Курск;https://city2city.ru/bryansk-kursk;такси {city_from} {city_to} цена;такси Брянск Курск цена;9;;0;;0;;0
Брянск;Липецк;https://city2city.ru/bryansk-lipeczk;такси {city_from} {city_to};такси Брянск Липецк;2;;0;;0;;0
Брянск;Липецк;https://city2city.ru/bryansk-lipeczk;трансфер {city_from} {city_to};трансфер Брянск Липецк;1;;0;;0;;0
Брянск;Липецк;https://city2city.ru/bryansk-lipeczk;межгород {city_from} {city_to};межгород Брянск Липецк;0;;0;;0;;0
Брянск;Липецк;https://city2city.ru/bryansk-lipeczk;такси {city_from} {city_to} цена;такси Брянск Липецк цена;0;;0;;0;;0
Брянск;Ливны;https://city2city.ru/bryansk-livny;такси {city_from} {city_to};такси Брянск Ливны;0;;0;;0;;0
Брянск;Ливны;https://city2city.ru/bryansk-livny;трансфер {city_from} {city_to};трансфер Брянск Ливны;0;;0;;0;;0
Брянск;Ливны;https://city2city.ru/bryansk-livny;межгород {city_from} {city_to};межгород Брянск Ливны;0;;0;;0;;0
Брянск;Ливны;https://city2city.ru/bryansk-livny;такси {city_from} {city_to} цена;такси Брянск Ливны цена;0;;0;;0;;0
Брянск;посёлок Локоть;https://city2city.ru/bryansk-lokot;такси {city_from} {city_to};такси Брянск посёлок Локоть;2;;0;;0;;0
Брянск;посёлок Локоть;https://city2city.ru/bryansk-lokot;трансфер {city_from} {city_to};трансфер Брянск посёлок Локоть;0;;0;;0;;0
Брянск;посёлок Локоть;https://city2city.ru/bryansk-lokot;межгород {city_from} {city_to};межгород Брянск посёлок Локоть;0;;0;;0;;0
Брянск;посёлок Локоть;https://city2city.ru/bryansk-lokot;такси {city_from} {city_to} цена;такси Брянск посёлок Локоть цена;0;;0;;0;;0
Брянск;Людиново;https://city2city.ru/bryansk-lyudinovo;такси {city_from} {city_to};такси Брянск Людиново;26;такси брянск людиново;26;заказать такси людиново брянск;5;;0
Брянск;Людиново;https://city2city.ru/bryansk-lyudinovo;трансфер {city_from} {city_to};трансфер Брянск Людиново;0;;0;;0;;0
Брянск;Людиново;https://city2city.ru/bryansk-lyudinovo;межгород {city_from} {city_to};межгород Брянск Людиново;0;;0;;0;;0
Брянск;Людиново;https://city2city.ru/bryansk-lyudinovo;такси {city_from} {city_to} цена;такси Брянск Людиново цена;4;;0;;0;;0
Брянск;Муром;https://city2city.ru/bryansk-murom;такси {city_from} {city_to};такси Брянск Муром;1;;0;;0;;0
Брянск;Муром;https://city2city.ru/bryansk-murom;трансфер {city_from} {city_to};трансфер Брянск Муром;0;;0;;0;;0
Брянск;Муром;https://city2city.ru/bryansk-murom;межгород {city_from} {city_to};межгород Брянск Муром;0;;0;;0;;0
Брянск;Муром;https://city2city.ru/bryansk-murom;такси {city_from} {city_to} цена;такси Брянск Муром цена;0;;0;;0;;0
Брянск;Наро-Фоминск;https://city2city.ru/bryansk-naro-fominsk;такси {city_from} {city_to};такси Брянск Наро-Фоминск;0;;0;;0;;0
Брянск;Наро-Фоминск;https://city2city.ru/bryansk-naro-fominsk;трансфер {city_from} {city_to};трансфер Брянск Наро-Фоминск;0;;0;;0;;0
Брянск;Наро-Фоминск;https://city2city.ru/bryansk-naro-fominsk;межгород {city_from} {city_to};межгород Брянск Наро-Фоминск;0;;0;;0;;0
Брянск;Наро-Фоминск;https://city2city.ru/bryansk-naro-fominsk;такси {city_from} {city_to} цена;такси Брянск Наро-Фоминск цена;0;;0;;0;;0
Брянск;рабочий посёлок Навля;https://city2city.ru/bryansk-navlya;такси {city_from} {city_to};такси Брянск рабочий посёлок Навля;0;;0;;0;;0
Брянск;рабочий посёлок Навля;https://city2city.ru/bryansk-navlya;трансфер {city_from} {city_to};трансфер Брянск рабочий посёлок Навля;0;;0;;0;;0
Брянск;рабочий посёлок Навля;https://city2city.ru/bryansk-navlya;межгород {city_from} {city_to};межгород Брянск рабочий посёлок Навля;0;;0;;0;;0
Брянск;рабочий посёлок Навля;https://city2city.ru/bryansk-navlya;такси {city_from} {city_to} цена;такси Брянск рабочий посёлок Навля цена;0;;0;;0;;0
Брянск;Нижний Новгород;https://city2city.ru/bryansk-nizhnij-novgorod;такси {city_from} {city_to};такси Брянск Нижний Новгород;4;;0;;0;;0
Брянск;Нижний Новгород;https://city2city.ru/bryansk-nizhnij-novgorod;трансфер {city_from} {city_to};трансфер Брянск Нижний Новгород;0;;0;;0;;0
Брянск;Нижний Новгород;https://city2city.ru/bryansk-nizhnij-novgorod;межгород {city_from} {city_to};межгород Брянск Нижний Новгород;0;;0;;0;;0
Брянск;Нижний Новгород;https://city2city.ru/bryansk-nizhnij-novgorod;такси {city_from} {city_to} цена;такси Брянск Нижний Новгород цена;1;;0;;0;;0
Брянск;Новомосковск;https://city2city.ru/bryansk-novomoskovsk;такси {city_from} {city_to};такси Брянск Новомосковск;1;;0;;0;;0
Брянск;Новомосковск;https://city2city.ru/bryansk-novomoskovsk;трансфер {city_from} {city_to};трансфер Брянск Новомосковск;0;;0;;0;;0
Брянск;Новомосковск;https://city2city.ru/bryansk-novomoskovsk;межгород {city_from} {city_to};межгород Брянск Новомосковск;0;;0;;0;;0
Брянск;Новомосковск;https://city2city.ru/bryansk-novomoskovsk;такси {city_from} {city_to} цена;такси Брянск Новомосковск цена;0;;0;;0;;0
Брянск;Новозыбков;https://city2city.ru/bryansk-novozybkov;такси {city_from} {city_to};такси Брянск Новозыбков;19;такси брянск новозыбков;19;;0;;0
Брянск;Новозыбков;https://city2city.ru/bryansk-novozybkov;трансфер {city_from} {city_to};трансфер Брянск Новозыбков;0;;0;;0;;0
Брянск;Новозыбков;https://city2city.ru/bryansk-novozybkov;межгород {city_from} {city_to};межгород Брянск Новозыбков;0;;0;;0;;0
Брянск;Новозыбков;https://city2city.ru/bryansk-novozybkov;такси {city_from} {city_to} цена;такси Брянск Новозыбков цена;2;;0;;0;;0
Брянск;Обнинск;https://city2city.ru/bryansk-obninsk;такси {city_from} {city_to};такси Брянск Обнинск;11;;0;;0;;0
Брянск;Обнинск;https://city2city.ru/bryansk-obninsk;трансфер {city_from} {city_to};трансфер Брянск Обнинск;0;;0;;0;;0
Брянск;Обнинск;https://city2city.ru/bryansk-obninsk;межгород {city_from} {city_to};межгород Брянск Обнинск;0;;0;;0;;0
Брянск;Обнинск;https://city2city.ru/bryansk-obninsk;такси {city_from} {city_to} цена;такси Брянск Обнинск цена;3;;0;;0;;0
Брянск;Орёл;https://city2city.ru/bryansk-oryol;такси {city_from} {city_to};такси Брянск Орёл;30;такси орел брянск;30;;0;;0
Брянск;Орёл;https://city2city.ru/bryansk-oryol;трансфер {city_from} {city_to};трансфер Брянск Орёл;4;;0;;0;;0
Брянск;Орёл;https://city2city.ru/bryansk-oryol;межгород {city_from} {city_to};межгород Брянск Орёл;0;;0;;0;;0
Брянск;Орёл;https://city2city.ru/bryansk-oryol;такси {city_from} {city_to} цена;такси Брянск Орёл цена;4;;0;;0;;0
Брянск;Почеп;https://city2city.ru/bryansk-pochep;такси {city_from} {city_to};такси Брянск Почеп;37;такси почеп брянск;37;;0;;0
Брянск;Почеп;https://city2city.ru/bryansk-pochep;трансфер {city_from} {city_to};трансфер Брянск Почеп;0;;0;;0;;0
Брянск;Почеп;https://city2city.ru/bryansk-pochep;межгород {city_from} {city_to};межгород Брянск Почеп;0;;0;;0;;0
Брянск;Почеп;https://city2city.ru/bryansk-pochep;такси {city_from} {city_to} цена;такси Брянск Почеп цена;1;;0;;0;;0
Брянск;посёлок Погар;https://city2city.ru/bryansk-pogar;такси {city_from} {city_to};такси Брянск посёлок Погар;0;;0;;0;;0
Брянск;посёлок Погар;https://city2city.ru/bryansk-pogar;трансфер {city_from} {city_to};трансфер Брянск посёлок Погар;0;;0;;0;;0
Брянск;посёлок Погар;https://city2city.ru/bryansk-pogar;межгород {city_from} {city_to};межгород Брянск посёлок Погар;0;;0;;0;;0
Брянск;посёлок Погар;https://city2city.ru/bryansk-pogar;такси {city_from} {city_to} цена;такси Брянск посёлок Погар цена;0;;0;;0;;0
Брянск;Псков;https://city2city.ru/bryansk-pskov;такси {city_from} {city_to};такси Брянск Псков;5;;0;;0;;0
Брянск;Псков;https://city2city.ru/bryansk-pskov;трансфер {city_from} {city_to};трансфер Брянск Псков;2;;0;;0;;0
Брянск;Псков;https://city2city.ru/bryansk-pskov;межгород {city_from} {city_to};межгород Брянск Псков;0;;0;;0;;0
Брянск;Псков;https://city2city.ru/bryansk-pskov;такси {city_from} {city_to} цена;такси Брянск Псков цена;1;;0;;0;;0
Брянск;поселок Рогнедино;https://city2city.ru/bryansk-rognedino;такси {city_from} {city_to};такси Брянск поселок Рогнедино;0;;0;;0;;0
Брянск;поселок Рогнедино;https://city2city.ru/bryansk-rognedino;трансфер {city_from} {city_to};трансфер Брянск поселок Рогнедино;0;;0;;0;;0
Брянск;поселок Рогнедино;https://city2city.ru/bryansk-rognedino;межгород {city_from} {city_to};межгород Брянск поселок Рогнедино;0;;0;;0;;0
Брянск;поселок Рогнедино;https://city2city.ru/bryansk-rognedino;такси {city_from} {city_to} цена;такси Брянск поселок Рогнедино цена;0;;0;;0;;0
Брянск;Россошь;https://city2city.ru/bryansk-rossosh;такси {city_from} {city_to};такси Брянск Россошь;4;;0;;0;;0
Брянск;Россошь;https://city2city.ru/bryansk-rossosh;трансфер {city_from} {city_to};трансфер Брянск Россошь;0;;0;;0;;0
Брянск;Россошь;https://city2city.ru/bryansk-rossosh;межгород {city_from} {city_to};межгород Брянск Россошь;0;;0;;0;;0
Брянск;Россошь;https://city2city.ru/bryansk-rossosh;такси {city_from} {city_to} цена;такси Брянск Россошь цена;1;;0;;0;;0
Брянск;Ростов-на-Дону;https://city2city.ru/bryansk-rostov-na-donu;такси {city_from} {city_to};такси Брянск Ростов-на-Дону;2;;0;;0;;0
Брянск;Ростов-на-Дону;https://city2city.ru/bryansk-rostov-na-donu;трансфер {city_from} {city_to};трансфер Брянск Ростов-на-Дону;0;;0;;0;;0
Брянск;Ростов-на-Дону;https://city2city.ru/bryansk-rostov-na-donu;межгород {city_from} {city_to};межгород Брянск Ростов-на-Дону;0;;0;;0;;0
Брянск;Ростов-на-Дону;https://city2city.ru/bryansk-rostov-na-donu;такси {city_from} {city_to} цена;такси Брянск Ростов-на-Дону цена;1;;0;;0;;0
Брянск;Рыльск;https://city2city.ru/bryansk-rylsk;такси {city_from} {city_to};такси Брянск Рыльск;2;;0;;0;;0
Брянск;Рыльск;https://city2city.ru/bryansk-rylsk;трансфер {city_from} {city_to};трансфер Брянск Рыльск;0;;0;;0;;0
Брянск;Рыльск;https://city2city.ru/bryansk-rylsk;межгород {city_from} {city_to};межгород Брянск Рыльск;0;;0;;0;;0
Брянск;Рыльск;https://city2city.ru/bryansk-rylsk;такси {city_from} {city_to} цена;такси Брянск Рыльск цена;2;;0;;0;;0
Брянск;Санкт-Петербург;https://city2city.ru/bryansk-sankt-peterburg;такси {city_from} {city_to};такси Брянск Санкт-Петербург;5;;0;;0;;0
Брянск;Санкт-Петербург;https://city2city.ru/bryansk-sankt-peterburg;трансфер {city_from} {city_to};трансфер Брянск Санкт-Петербург;1;;0;;0;;0
Брянск;Санкт-Петербург;https://city2city.ru/bryansk-sankt-peterburg;межгород {city_from} {city_to};межгород Брянск Санкт-Петербург;0;;0;;0;;0
Брянск;Санкт-Петербург;https://city2city.ru/bryansk-sankt-peterburg;такси {city_from} {city_to} цена;такси Брянск Санкт-Петербург цена;0;;0;;0;;0
Брянск;село Троицкое;https://city2city.ru/bryansk-selo-troiczkoe;такси {city_from} {city_to};такси Брянск село Троицкое;0;;0;;0;;0
Брянск;село Троицкое;https://city2city.ru/bryansk-selo-troiczkoe;трансфер {city_from} {city_to};трансфер Брянск село Троицкое;0;;0;;0;;0
Брянск;село Троицкое;https://city2city.ru/bryansk-selo-troiczkoe;межгород {city_from} {city_to};межгород Брянск село Троицкое;0;;0;;0;;0
Брянск;село Троицкое;https://city2city.ru/bryansk-selo-troiczkoe;такси {city_from} {city_to} цена;такси Брянск село Троицкое цена;0;;0;;0;;0
Брянск;Севск;https://city2city.ru/bryansk-sevsk;такси {city_from} {city_to};такси Брянск Севск;15;;0;;0;;0
Брянск;Севск;https://city2city.ru/bryansk-sevsk;трансфер {city_from} {city_to};трансфер Брянск Севск;0;;0;;0;;0
Брянск;Севск;https://city2city.ru/bryansk-sevsk;межгород {city_from} {city_to};межгород Брянск Севск;0;;0;;0;;0
Брянск;Севск;https://city2city.ru/bryansk-sevsk;такси {city_from} {city_to} цена;такси Брянск Севск цена;6;;0;;0;;0
Брянск;Симферополь;https://city2city.ru/bryansk-simferopol;такси {city_from} {city_to};такси Брянск Симферополь;5;;0;;0;;0
Брянск;Симферополь;https://city2city.ru/bryansk-simferopol;трансфер {city_from} {city_to};трансфер Брянск Симферополь;1;;0;;0;;0
Брянск;Симферополь;https://city2city.ru/bryansk-simferopol;межгород {city_from} {city_to};межгород Брянск Симферополь;0;;0;;0;;0
Брянск;Симферополь;https://city2city.ru/bryansk-simferopol;такси {city_from} {city_to} цена;такси Брянск Симферополь цена;0;;0;;0;;0
Брянск;Смоленск;https://city2city.ru/bryansk-smolensk;такси {city_from} {city_to};такси Брянск Смоленск;37;такси брянск смоленск;37;такси брянск смоленск цена;11;;0
Брянск;Смоленск;https://city2city.ru/bryansk-smolensk;трансфер {city_from} {city_to};трансфер Брянск Смоленск;1;;0;;0;;0
Брянск;Смоленск;https://city2city.ru/bryansk-smolensk;межгород {city_from} {city_to};межгород Брянск Смоленск;0;;0;;0;;0
Брянск;Смоленск;https://city2city.ru/bryansk-smolensk;такси {city_from} {city_to} цена;такси Брянск Смоленск цена;11;такси брянск смоленск цена;11;;0;;0
Брянск;Сочи;https://city2city.ru/bryansk-sochi;такси {city_from} {city_to};такси Брянск Сочи;1;;0;;0;;0
Брянск;Сочи;https://city2city.ru/bryansk-sochi;трансфер {city_from} {city_to};трансфер Брянск Сочи;2;;0;;0;;0
Брянск;Сочи;https://city2city.ru/bryansk-sochi;межгород {city_from} {city_to};межгород Брянск Сочи;0;;0;;0;;0
Брянск;Сочи;https://city2city.ru/bryansk-sochi;такси {city_from} {city_to} цена;такси Брянск Сочи цена;0;;0;;0;;0
Брянск;посёлок Старь;https://city2city.ru/bryansk-star;такси {city_from} {city_to};такси Брянск посёлок Старь;1;;0;;0;;0
Брянск;посёлок Старь;https://city2city.ru/bryansk-star;трансфер {city_from} {city_to};трансфер Брянск посёлок Старь;0;;0;;0;;0
Брянск;посёлок Старь;https://city2city.ru/bryansk-star;межгород {city_from} {city_to};межгород Брянск посёлок Старь;0;;0;;0;;0
Брянск;посёлок Старь;https://city2city.ru/bryansk-star;такси {city_from} {city_to} цена;такси Брянск посёлок Старь цена;0;;0;;0;;0
Брянск;Стародуб;https://city2city.ru/bryansk-starodub;такси {city_from} {city_to};такси Брянск Стародуб;35;такси брянск стародуб;35;;0;;0
Брянск;Стародуб;https://city2city.ru/bryansk-starodub;трансфер {city_from} {city_to};трансфер Брянск Стародуб;0;;0;;0;;0
Брянск;Стародуб;https://city2city.ru/bryansk-starodub;межгород {city_from} {city_to};межгород Брянск Стародуб;0;;0;;0;;0
Брянск;Стародуб;https://city2city.ru/bryansk-starodub;такси {city_from} {city_to} цена;такси Брянск Стародуб цена;6;;0;;0;;0
Брянск;Ставрополь;https://city2city.ru/bryansk-stavropol;такси {city_from} {city_to};такси Брянск Ставрополь;3;;0;;0;;0
Брянск;Ставрополь;https://city2city.ru/bryansk-stavropol;трансфер {city_from} {city_to};трансфер Брянск Ставрополь;0;;0;;0;;0
Брянск;Ставрополь;https://city2city.ru/bryansk-stavropol;межгород {city_from} {city_to};межгород Брянск Ставрополь;0;;0;;0;;0
Брянск;Ставрополь;https://city2city.ru/bryansk-stavropol;такси {city_from} {city_to} цена;такси Брянск Ставрополь цена;0;;0;;0;;0
Брянск;Сураж;https://city2city.ru/bryansk-surazh;такси {city_from} {city_to};такси Брянск Сураж;11;такси сураж брянск;11;;0;;0
Брянск;Сураж;https://city2city.ru/bryansk-surazh;трансфер {city_from} {city_to};трансфер Брянск Сураж;1;;0;;0;;0
Брянск;Сураж;https://city2city.ru/bryansk-surazh;межгород {city_from} {city_to};межгород Брянск Сураж;0;;0;;0;;0
Брянск;Сураж;https://city2city.ru/bryansk-surazh;такси {city_from} {city_to} цена;такси Брянск Сураж цена;5;;0;;0;;0
Брянск;посёлок Суземка;https://city2city.ru/bryansk-suzemka;такси {city_from} {city_to};такси Брянск посёлок Суземка;0;;0;;0;;0
Брянск;посёлок Суземка;https://city2city.ru/bryansk-suzemka;трансфер {city_from} {city_to};трансфер Брянск посёлок Суземка;0;;0;;0;;0
Брянск;посёлок Суземка;https://city2city.ru/bryansk-suzemka;межгород {city_from} {city_to};межгород Брянск посёлок Суземка;0;;0;;0;;0
Брянск;посёлок Суземка;https://city2city.ru/bryansk-suzemka;такси {city_from} {city_to} цена;такси Брянск посёлок Суземка цена;0;;0;;0;;0
Брянск;Трубчевск;https://city2city.ru/bryansk-trubchevsk;такси {city_from} {city_to};такси Брянск Трубчевск;21;такси брянск трубчевск;21;;0;;0
Брянск;Трубчевск;https://city2city.ru/bryansk-trubchevsk;трансфер {city_from} {city_to};трансфер Брянск Трубчевск;0;;0;;0;;0
Брянск;Трубчевск;https://city2city.ru/bryansk-trubchevsk;межгород {city_from} {city_to};межгород Брянск Трубчевск;0;;0;;0;;0
Брянск;Трубчевск;https://city2city.ru/bryansk-trubchevsk;такси {city_from} {city_to} цена;такси Брянск Трубчевск цена;2;;0;;0;;0
Брянск;Тула;https://city2city.ru/bryansk-tula;такси {city_from} {city_to};такси Брянск Тула;11;;0;;0;;0
Брянск;Тула;https://city2city.ru/bryansk-tula;трансфер {city_from} {city_to};трансфер Брянск Тула;0;;0;;0;;0
Брянск;Тула;https://city2city.ru/bryansk-tula;межгород {city_from} {city_to};межгород Брянск Тула;0;;0;;0;;0
Брянск;Тула;https://city2city.ru/bryansk-tula;такси {city_from} {city_to} цена;такси Брянск Тула цена;2;;0;;0;;0
Брянск;Тверь;https://city2city.ru/bryansk-tver;такси {city_from} {city_to};такси Брянск Тверь;1;;0;;0;;0
Брянск;Тверь;https://city2city.ru/bryansk-tver;трансфер {city_from} {city_to};трансфер Брянск Тверь;0;;0;;0;;0
Брянск;Тверь;https://city2city.ru/bryansk-tver;межгород {city_from} {city_to};межгород Брянск Тверь;0;;0;;0;;0
Брянск;Тверь;https://city2city.ru/bryansk-tver;такси {city_from} {city_to} цена;такси Брянск Тверь цена;0;;0;;0;;0
Брянск;Унеча;https://city2city.ru/bryansk-unecha;такси {city_from} {city_to};такси Брянск Унеча;14;такси унеча брянск;14;;0;;0
Брянск;Унеча;https://city2city.ru/bryansk-unecha;трансфер {city_from} {city_to};трансфер Брянск Унеча;0;;0;;0;;0
Брянск;Унеча;https://city2city.ru/bryansk-unecha;межгород {city_from} {city_to};межгород Брянск Унеча;0;;0;;0;;0
Брянск;Унеча;https://city2city.ru/bryansk-unecha;такси {city_from} {city_to} цена;такси Брянск Унеча цена;2;;0;;0;;0
Брянск;Воронеж;https://city2city.ru/bryansk-voronezh;такси {city_from} {city_to};такси Брянск Воронеж;13;такси воронеж брянск;13;;0;;0
Брянск;Воронеж;https://city2city.ru/bryansk-voronezh;трансфер {city_from} {city_to};трансфер Брянск Воронеж;0;;0;;0;;0
Брянск;Воронеж;https://city2city.ru/bryansk-voronezh;межгород {city_from} {city_to};межгород Брянск Воронеж;0;;0;;0;;0
Брянск;Воронеж;https://city2city.ru/bryansk-voronezh;такси {city_from} {city_to} цена;такси Брянск Воронеж цена;2;;0;;0;;0
Брянск;посёлок городского типа Выгоничи;https://city2city.ru/bryansk-vygonichi;такси {city_from} {city_to};такси Брянск посёлок городского типа Выгоничи;0;;0;;0;;0
Брянск;посёлок городского типа Выгоничи;https://city2city.ru/bryansk-vygonichi;трансфер {city_from} {city_to};трансфер Брянск посёлок городского типа Выгоничи;0;;0;;0;;0
Брянск;посёлок городского типа Выгоничи;https://city2city.ru/bryansk-vygonichi;межгород {city_from} {city_to};межгород Брянск посёлок городского типа Выгоничи;0;;0;;0;;0
Брянск;посёлок городского типа Выгоничи;https://city2city.ru/bryansk-vygonichi;такси {city_from} {city_to} цена;такси Брянск посёлок городского типа Выгоничи цена;0;;0;;0;;0
Брянск;Хвалынск;https://city2city.ru/bryansk-xvalynsk;такси {city_from} {city_to};такси Брянск Хвалынск;0;;0;;0;;0
Брянск;Хвалынск;https://city2city.ru/bryansk-xvalynsk;трансфер {city_from} {city_to};трансфер Брянск Хвалынск;0;;0;;0;;0
Брянск;Хвалынск;https://city2city.ru/bryansk-xvalynsk;межгород {city_from} {city_to};межгород Брянск Хвалынск;0;;0;;0;;0
Брянск;Хвалынск;https://city2city.ru/bryansk-xvalynsk;такси {city_from} {city_to} цена;такси Брянск Хвалынск цена;0;;0;;0;;0
Брянск;Злынка;https://city2city.ru/bryansk-zlynka;такси {city_from} {city_to};такси Брянск Злынка;0;;0;;0;;0
Брянск;Злынка;https://city2city.ru/bryansk-zlynka;трансфер {city_from} {city_to};трансфер Брянск Злынка;0;;0;;0;;0
Брянск;Злынка;https://city2city.ru/bryansk-zlynka;межгород {city_from} {city_to};межгород Брянск Злынка;0;;0;;0;;0
Брянск;Злынка;https://city2city.ru/bryansk-zlynka;такси {city_from} {city_to} цена;такси Брянск Злынка цена;0;;0;;0;;0
Чебоксары;Алатырь;https://city2city.ru/cheboksary-alatyr;такси {city_from} {city_to};такси Чебоксары Алатырь;34;такси алатырь чебоксары;34;;0;;0
Чебоксары;Алатырь;https://city2city.ru/cheboksary-alatyr;трансфер {city_from} {city_to};трансфер Чебоксары Алатырь;0;;0;;0;;0
Чебоксары;Алатырь;https://city2city.ru/cheboksary-alatyr;межгород {city_from} {city_to};межгород Чебоксары Алатырь;6;;0;;0;;0
Чебоксары;Алатырь;https://city2city.ru/cheboksary-alatyr;такси {city_from} {city_to} цена;такси Чебоксары Алатырь цена;4;;0;;0;;0
Чебоксары;Белебей;https://city2city.ru/cheboksary-belebej;такси {city_from} {city_to};такси Чебоксары Белебей;0;;0;;0;;0
Чебоксары;Белебей;https://city2city.ru/cheboksary-belebej;трансфер {city_from} {city_to};трансфер Чебоксары Белебей;0;;0;;0;;0
Чебоксары;Белебей;https://city2city.ru/cheboksary-belebej;межгород {city_from} {city_to};межгород Чебоксары Белебей;0;;0;;0;;0
Чебоксары;Белебей;https://city2city.ru/cheboksary-belebej;такси {city_from} {city_to} цена;такси Чебоксары Белебей цена;0;;0;;0;;0
Чебоксары;Бугульма;https://city2city.ru/cheboksary-bugulma;такси {city_from} {city_to};такси Чебоксары Бугульма;0;;0;;0;;0
Чебоксары;Бугульма;https://city2city.ru/cheboksary-bugulma;трансфер {city_from} {city_to};трансфер Чебоксары Бугульма;0;;0;;0;;0
Чебоксары;Бугульма;https://city2city.ru/cheboksary-bugulma;межгород {city_from} {city_to};межгород Чебоксары Бугульма;2;;0;;0;;0
Чебоксары;Бугульма;https://city2city.ru/cheboksary-bugulma;такси {city_from} {city_to} цена;такси Чебоксары Бугульма цена;0;;0;;0;;0
Чебоксары;Цивильск;https://city2city.ru/cheboksary-czivilsk;такси {city_from} {city_to};такси Чебоксары Цивильск;43;такси цивильск чебоксары;43;такси чебоксары цивильск цена;13;;0
Чебоксары;Цивильск;https://city2city.ru/cheboksary-czivilsk;трансфер {city_from} {city_to};трансфер Чебоксары Цивильск;0;;0;;0;;0
Чебоксары;Цивильск;https://city2city.ru/cheboksary-czivilsk;межгород {city_from} {city_to};межгород Чебоксары Цивильск;0;;0;;0;;0
Чебоксары;Цивильск;https://city2city.ru/cheboksary-czivilsk;такси {city_from} {city_to} цена;такси Чебоксары Цивильск цена;13;такси чебоксары цивильск цена;13;;0;;0
Чебоксары;деревня Дубровка;https://city2city.ru/cheboksary-dubrovka;такси {city_from} {city_to};такси Чебоксары деревня Дубровка;0;;0;;0;;0
Чебоксары;деревня Дубровка;https://city2city.ru/cheboksary-dubrovka;трансфер {city_from} {city_to};трансфер Чебоксары деревня Дубровка;0;;0;;0;;0
Чебоксары;деревня Дубровка;https://city2city.ru/cheboksary-dubrovka;межгород {city_from} {city_to};межгород Чебоксары деревня Дубровка;0;;0;;0;;0
Чебоксары;деревня Дубровка;https://city2city.ru/cheboksary-dubrovka;такси {city_from} {city_to} цена;такси Чебоксары деревня Дубровка цена;0;;0;;0;;0
Чебоксары;52А-3;https://city2city.ru/cheboksary-granicza-kazaxstan;такси {city_from} {city_to};такси Чебоксары 52А-3;0;;0;;0;;0
Чебоксары;52А-3;https://city2city.ru/cheboksary-granicza-kazaxstan;трансфер {city_from} {city_to};трансфер Чебоксары 52А-3;0;;0;;0;;0
Чебоксары;52А-3;https://city2city.ru/cheboksary-granicza-kazaxstan;межгород {city_from} {city_to};межгород Чебоксары 52А-3;0;;0;;0;;0
Чебоксары;52А-3;https://city2city.ru/cheboksary-granicza-kazaxstan;такси {city_from} {city_to} цена;такси Чебоксары 52А-3 цена;0;;0;;0;;0
Чебоксары;Ижевск;https://city2city.ru/cheboksary-izhevsk;такси {city_from} {city_to};такси Чебоксары Ижевск;1;;0;;0;;0
Чебоксары;Ижевск;https://city2city.ru/cheboksary-izhevsk;трансфер {city_from} {city_to};трансфер Чебоксары Ижевск;3;;0;;0;;0
Чебоксары;Ижевск;https://city2city.ru/cheboksary-izhevsk;межгород {city_from} {city_to};межгород Чебоксары Ижевск;0;;0;;0;;0
Чебоксары;Ижевск;https://city2city.ru/cheboksary-izhevsk;такси {city_from} {city_to} цена;такси Чебоксары Ижевск цена;0;;0;;0;;0
Чебоксары;деревня Канаш;https://city2city.ru/cheboksary-kanash;такси {city_from} {city_to};такси Чебоксары деревня Канаш;0;;0;;0;;0
Чебоксары;деревня Канаш;https://city2city.ru/cheboksary-kanash;трансфер {city_from} {city_to};трансфер Чебоксары деревня Канаш;0;;0;;0;;0
Чебоксары;деревня Канаш;https://city2city.ru/cheboksary-kanash;межгород {city_from} {city_to};межгород Чебоксары деревня Канаш;0;;0;;0;;0
Чебоксары;деревня Канаш;https://city2city.ru/cheboksary-kanash;такси {city_from} {city_to} цена;такси Чебоксары деревня Канаш цена;0;;0;;0;;0
Чебоксары;Киров;https://city2city.ru/cheboksary-kirov;такси {city_from} {city_to};такси Чебоксары Киров;6;такси киров чебоксары;6;;0;;0
Чебоксары;Киров;https://city2city.ru/cheboksary-kirov;трансфер {city_from} {city_to};трансфер Чебоксары Киров;0;;0;;0;;0
Чебоксары;Киров;https://city2city.ru/cheboksary-kirov;межгород {city_from} {city_to};межгород Чебоксары Киров;1;;0;;0;;0
Чебоксары;Киров;https://city2city.ru/cheboksary-kirov;такси {city_from} {city_to} цена;такси Чебоксары Киров цена;0;;0;;0;;0
Чебоксары;рабочий посёлок Комсомольский;https://city2city.ru/cheboksary-komsomolskij;такси {city_from} {city_to};такси Чебоксары рабочий посёлок Комсомольский;0;;0;;0;;0
Чебоксары;рабочий посёлок Комсомольский;https://city2city.ru/cheboksary-komsomolskij;трансфер {city_from} {city_to};трансфер Чебоксары рабочий посёлок Комсомольский;0;;0;;0;;0
Чебоксары;рабочий посёлок Комсомольский;https://city2city.ru/cheboksary-komsomolskij;межгород {city_from} {city_to};межгород Чебоксары рабочий посёлок Комсомольский;0;;0;;0;;0
Чебоксары;рабочий посёлок Комсомольский;https://city2city.ru/cheboksary-komsomolskij;такси {city_from} {city_to} цена;такси Чебоксары рабочий посёлок Комсомольский цена;0;;0;;0;;0
Чебоксары;село Козловка;https://city2city.ru/cheboksary-kozlovka;такси {city_from} {city_to};такси Чебоксары село Козловка;0;;0;;0;;0
Чебоксары;село Козловка;https://city2city.ru/cheboksary-kozlovka;трансфер {city_from} {city_to};трансфер Чебоксары село Козловка;0;;0;;0;;0
Чебоксары;село Козловка;https://city2city.ru/cheboksary-kozlovka;межгород {city_from} {city_to};межгород Чебоксары село Козловка;0;;0;;0;;0
Чебоксары;село Козловка;https://city2city.ru/cheboksary-kozlovka;такси {city_from} {city_to} цена;такси Чебоксары село Козловка цена;0;;0;;0;;0
Чебоксары;Козьмодемьянск;https://city2city.ru/cheboksary-kozmodemyansk;такси {city_from} {city_to};такси Чебоксары Козьмодемьянск;12;такси чебоксары козьмодемьянск;12;;0;;0
Чебоксары;Козьмодемьянск;https://city2city.ru/cheboksary-kozmodemyansk;трансфер {city_from} {city_to};трансфер Чебоксары Козьмодемьянск;0;;0;;0;;0
Чебоксары;Козьмодемьянск;https://city2city.ru/cheboksary-kozmodemyansk;межгород {city_from} {city_to};межгород Чебоксары Козьмодемьянск;0;;0;;0;;0
Чебоксары;Козьмодемьянск;https://city2city.ru/cheboksary-kozmodemyansk;такси {city_from} {city_to} цена;такси Чебоксары Козьмодемьянск цена;2;;0;;0;;0
Чебоксары;Красноармейск;https://city2city.ru/cheboksary-krasnoarmejsk;такси {city_from} {city_to};такси Чебоксары Красноармейск;0;;0;;0;;0
Чебоксары;Красноармейск;https://city2city.ru/cheboksary-krasnoarmejsk;трансфер {city_from} {city_to};трансфер Чебоксары Красноармейск;0;;0;;0;;0
Чебоксары;Красноармейск;https://city2city.ru/cheboksary-krasnoarmejsk;межгород {city_from} {city_to};межгород Чебоксары Красноармейск;0;;0;;0;;0
Чебоксары;Красноармейск;https://city2city.ru/cheboksary-krasnoarmejsk;такси {city_from} {city_to} цена;такси Чебоксары Красноармейск цена;0;;0;;0;;0
Чебоксары;Кстово;https://city2city.ru/cheboksary-kstovo;такси {city_from} {city_to};такси Чебоксары Кстово;0;;0;;0;;0
Чебоксары;Кстово;https://city2city.ru/cheboksary-kstovo;трансфер {city_from} {city_to};трансфер Чебоксары Кстово;0;;0;;0;;0
Чебоксары;Кстово;https://city2city.ru/cheboksary-kstovo;межгород {city_from} {city_to};межгород Чебоксары Кстово;0;;0;;0;;0
Чебоксары;Кстово;https://city2city.ru/cheboksary-kstovo;такси {city_from} {city_to} цена;такси Чебоксары Кстово цена;0;;0;;0;;0
Чебоксары;Лысково;https://city2city.ru/cheboksary-lyskovo;такси {city_from} {city_to};такси Чебоксары Лысково;2;;0;;0;;0
Чебоксары;Лысково;https://city2city.ru/cheboksary-lyskovo;трансфер {city_from} {city_to};трансфер Чебоксары Лысково;0;;0;;0;;0
Чебоксары;Лысково;https://city2city.ru/cheboksary-lyskovo;межгород {city_from} {city_to};межгород Чебоксары Лысково;0;;0;;0;;0
Чебоксары;Лысково;https://city2city.ru/cheboksary-lyskovo;такси {city_from} {city_to} цена;такси Чебоксары Лысково цена;2;;0;;0;;0
Чебоксары;Магнитогорск;https://city2city.ru/cheboksary-magnitogorsk;такси {city_from} {city_to};такси Чебоксары Магнитогорск;0;;0;;0;;0
Чебоксары;Магнитогорск;https://city2city.ru/cheboksary-magnitogorsk;трансфер {city_from} {city_to};трансфер Чебоксары Магнитогорск;0;;0;;0;;0
Чебоксары;Магнитогорск;https://city2city.ru/cheboksary-magnitogorsk;межгород {city_from} {city_to};межгород Чебоксары Магнитогорск;0;;0;;0;;0
Чебоксары;Магнитогорск;https://city2city.ru/cheboksary-magnitogorsk;такси {city_from} {city_to} цена;такси Чебоксары Магнитогорск цена;0;;0;;0;;0
Чебоксары;Набережные Челны;https://city2city.ru/cheboksary-naberezhnye-chelny;такси {city_from} {city_to};такси Чебоксары Набережные Челны;16;такси набережные челны чебоксары;16;;0;;0
Чебоксары;Набережные Челны;https://city2city.ru/cheboksary-naberezhnye-chelny;трансфер {city_from} {city_to};трансфер Чебоксары Набережные Челны;1;;0;;0;;0
Чебоксары;Набережные Челны;https://city2city.ru/cheboksary-naberezhnye-chelny;межгород {city_from} {city_to};межгород Чебоксары Набережные Челны;3;;0;;0;;0
Чебоксары;Набережные Челны;https://city2city.ru/cheboksary-naberezhnye-chelny;такси {city_from} {city_to} цена;такси Чебоксары Набережные Челны цена;0;;0;;0;;0
Чебоксары;Нижнекамск;https://city2city.ru/cheboksary-nizhnekamsk;такси {city_from} {city_to};такси Чебоксары Нижнекамск;1;;0;;0;;0
Чебоксары;Нижнекамск;https://city2city.ru/cheboksary-nizhnekamsk;трансфер {city_from} {city_to};трансфер Чебоксары Нижнекамск;0;;0;;0;;0
Чебоксары;Нижнекамск;https://city2city.ru/cheboksary-nizhnekamsk;межгород {city_from} {city_to};межгород Чебоксары Нижнекамск;0;;0;;0;;0
Чебоксары;Нижнекамск;https://city2city.ru/cheboksary-nizhnekamsk;такси {city_from} {city_to} цена;такси Чебоксары Нижнекамск цена;1;;0;;0;;0
Чебоксары;Нижний Новгород;https://city2city.ru/cheboksary-nizhnij-novgorod;такси {city_from} {city_to};такси Чебоксары Нижний Новгород;33;такси нижний новгород чебоксары;33;грузовое такси чебоксары нижний новгород;5;;0
Чебоксары;Нижний Новгород;https://city2city.ru/cheboksary-nizhnij-novgorod;трансфер {city_from} {city_to};трансфер Чебоксары Нижний Новгород;12;трансфер нижний новгород чебоксары;12;;0;;0
Чебоксары;Нижний Новгород;https://city2city.ru/cheboksary-nizhnij-novgorod;межгород {city_from} {city_to};межгород Чебоксары Нижний Новгород;1;;0;;0;;0
Чебоксары;Нижний Новгород;https://city2city.ru/cheboksary-nizhnij-novgorod;такси {city_from} {city_to} цена;такси Чебоксары Нижний Новгород цена;11;;0;;0;;0
Чебоксары;Новочебоксарск;https://city2city.ru/cheboksary-novocheboksarsk;такси {city_from} {city_to};такси Чебоксары Новочебоксарск;106;такси чебоксары новочебоксарск;106;такси чебоксары новочебоксарск цена;20;сколько стоит такси новочебоксарск чебоксары;16
Чебоксары;Новочебоксарск;https://city2city.ru/cheboksary-novocheboksarsk;трансфер {city_from} {city_to};трансфер Чебоксары Новочебоксарск;0;;0;;0;;0
Чебоксары;Новочебоксарск;https://city2city.ru/cheboksary-novocheboksarsk;межгород {city_from} {city_to};межгород Чебоксары Новочебоксарск;4;;0;;0;;0
Чебоксары;Новочебоксарск;https://city2city.ru/cheboksary-novocheboksarsk;такси {city_from} {city_to} цена;такси Чебоксары Новочебоксарск цена;20;такси чебоксары новочебоксарск цена;20;;0;;0
Чебоксары;Обнинск;https://city2city.ru/cheboksary-obninsk;такси {city_from} {city_to};такси Чебоксары Обнинск;0;;0;;0;;0
Чебоксары;Обнинск;https://city2city.ru/cheboksary-obninsk;трансфер {city_from} {city_to};трансфер Чебоксары Обнинск;0;;0;;0;;0
Чебоксары;Обнинск;https://city2city.ru/cheboksary-obninsk;межгород {city_from} {city_to};межгород Чебоксары Обнинск;0;;0;;0;;0
Чебоксары;Обнинск;https://city2city.ru/cheboksary-obninsk;такси {city_from} {city_to} цена;такси Чебоксары Обнинск цена;0;;0;;0;;0
Чебоксары;Октябрьский;https://city2city.ru/cheboksary-oktyabrskij-respublika-bashkortostan;такси {city_from} {city_to};такси Чебоксары Октябрьский;3;;0;;0;;0
Чебоксары;Октябрьский;https://city2city.ru/cheboksary-oktyabrskij-respublika-bashkortostan;трансфер {city_from} {city_to};трансфер Чебоксары Октябрьский;0;;0;;0;;0
Чебоксары;Октябрьский;https://city2city.ru/cheboksary-oktyabrskij-respublika-bashkortostan;межгород {city_from} {city_to};межгород Чебоксары Октябрьский;0;;0;;0;;0
Чебоксары;Октябрьский;https://city2city.ru/cheboksary-oktyabrskij-respublika-bashkortostan;такси {city_from} {city_to} цена;такси Чебоксары Октябрьский цена;0;;0;;0;;0
Чебоксары;Пенза;https://city2city.ru/cheboksary-penza;такси {city_from} {city_to};такси Чебоксары Пенза;22;такси пенза чебоксары;22;;0;;0
Чебоксары;Пенза;https://city2city.ru/cheboksary-penza;трансфер {city_from} {city_to};трансфер Чебоксары Пенза;0;;0;;0;;0
Чебоксары;Пенза;https://city2city.ru/cheboksary-penza;межгород {city_from} {city_to};межгород Чебоксары Пенза;0;;0;;0;;0
Чебоксары;Пенза;https://city2city.ru/cheboksary-penza;такси {city_from} {city_to} цена;такси Чебоксары Пенза цена;4;;0;;0;;0
Чебоксары;Пермь;https://city2city.ru/cheboksary-perm;такси {city_from} {city_to};такси Чебоксары Пермь;1;;0;;0;;0
Чебоксары;Пермь;https://city2city.ru/cheboksary-perm;трансфер {city_from} {city_to};трансфер Чебоксары Пермь;0;;0;;0;;0
Чебоксары;Пермь;https://city2city.ru/cheboksary-perm;межгород {city_from} {city_to};межгород Чебоксары Пермь;0;;0;;0;;0
Чебоксары;Пермь;https://city2city.ru/cheboksary-perm;такси {city_from} {city_to} цена;такси Чебоксары Пермь цена;0;;0;;0;;0
Чебоксары;поселок городского типа Пильна;https://city2city.ru/cheboksary-pilna;такси {city_from} {city_to};такси Чебоксары поселок городского типа Пильна;0;;0;;0;;0
Чебоксары;поселок городского типа Пильна;https://city2city.ru/cheboksary-pilna;трансфер {city_from} {city_to};трансфер Чебоксары поселок городского типа Пильна;0;;0;;0;;0
Чебоксары;поселок городского типа Пильна;https://city2city.ru/cheboksary-pilna;межгород {city_from} {city_to};межгород Чебоксары поселок городского типа Пильна;0;;0;;0;;0
Чебоксары;поселок городского типа Пильна;https://city2city.ru/cheboksary-pilna;такси {city_from} {city_to} цена;такси Чебоксары поселок городского типа Пильна цена;0;;0;;0;;0
Чебоксары;посёлок Комсомольский;https://city2city.ru/cheboksary-posyolok-komsomolskij;такси {city_from} {city_to};такси Чебоксары посёлок Комсомольский;0;;0;;0;;0
Чебоксары;посёлок Комсомольский;https://city2city.ru/cheboksary-posyolok-komsomolskij;трансфер {city_from} {city_to};трансфер Чебоксары посёлок Комсомольский;0;;0;;0;;0
Чебоксары;посёлок Комсомольский;https://city2city.ru/cheboksary-posyolok-komsomolskij;межгород {city_from} {city_to};межгород Чебоксары посёлок Комсомольский;0;;0;;0;;0
Чебоксары;посёлок Комсомольский;https://city2city.ru/cheboksary-posyolok-komsomolskij;такси {city_from} {city_to} цена;такси Чебоксары посёлок Комсомольский цена;0;;0;;0;;0
Чебоксары;Ростов-на-Дону;https://city2city.ru/cheboksary-rostov-na-donu;такси {city_from} {city_to};такси Чебоксары Ростов-на-Дону;2;;0;;0;;0
Чебоксары;Ростов-на-Дону;https://city2city.ru/cheboksary-rostov-na-donu;трансфер {city_from} {city_to};трансфер Чебоксары Ростов-на-Дону;0;;0;;0;;0
Чебоксары;Ростов-на-Дону;https://city2city.ru/cheboksary-rostov-na-donu;межгород {city_from} {city_to};межгород Чебоксары Ростов-на-Дону;0;;0;;0;;0
Чебоксары;Ростов-на-Дону;https://city2city.ru/cheboksary-rostov-na-donu;такси {city_from} {city_to} цена;такси Чебоксары Ростов-на-Дону цена;0;;0;;0;;0
Чебоксары;Сергач;https://city2city.ru/cheboksary-sergach;такси {city_from} {city_to};такси Чебоксары Сергач;1;;0;;0;;0
Чебоксары;Сергач;https://city2city.ru/cheboksary-sergach;трансфер {city_from} {city_to};трансфер Чебоксары Сергач;0;;0;;0;;0
Чебоксары;Сергач;https://city2city.ru/cheboksary-sergach;межгород {city_from} {city_to};межгород Чебоксары Сергач;0;;0;;0;;0
Чебоксары;Сергач;https://city2city.ru/cheboksary-sergach;такси {city_from} {city_to} цена;такси Чебоксары Сергач цена;1;;0;;0;;0
Чебоксары;деревня Шумерля;https://city2city.ru/cheboksary-shumerlya;такси {city_from} {city_to};такси Чебоксары деревня Шумерля;0;;0;;0;;0
Чебоксары;деревня Шумерля;https://city2city.ru/cheboksary-shumerlya;трансфер {city_from} {city_to};трансфер Чебоксары деревня Шумерля;0;;0;;0;;0
Чебоксары;деревня Шумерля;https://city2city.ru/cheboksary-shumerlya;межгород {city_from} {city_to};межгород Чебоксары деревня Шумерля;0;;0;;0;;0
Чебоксары;деревня Шумерля;https://city2city.ru/cheboksary-shumerlya;такси {city_from} {city_to} цена;такси Чебоксары деревня Шумерля цена;0;;0;;0;;0
Чебоксары;Сосновка;https://city2city.ru/cheboksary-sosnovka;такси {city_from} {city_to};такси Чебоксары Сосновка;5;;0;;0;;0
Чебоксары;Сосновка;https://city2city.ru/cheboksary-sosnovka;трансфер {city_from} {city_to};трансфер Чебоксары Сосновка;0;;0;;0;;0
Чебоксары;Сосновка;https://city2city.ru/cheboksary-sosnovka;межгород {city_from} {city_to};межгород Чебоксары Сосновка;0;;0;;0;;0
Чебоксары;Сосновка;https://city2city.ru/cheboksary-sosnovka;такси {city_from} {city_to} цена;такси Чебоксары Сосновка цена;0;;0;;0;;0
Чебоксары;Стерлитамак;https://city2city.ru/cheboksary-sterlitamak;такси {city_from} {city_to};такси Чебоксары Стерлитамак;7;;0;;0;;0
Чебоксары;Стерлитамак;https://city2city.ru/cheboksary-sterlitamak;трансфер {city_from} {city_to};трансфер Чебоксары Стерлитамак;0;;0;;0;;0
Чебоксары;Стерлитамак;https://city2city.ru/cheboksary-sterlitamak;межгород {city_from} {city_to};межгород Чебоксары Стерлитамак;2;;0;;0;;0
Чебоксары;Стерлитамак;https://city2city.ru/cheboksary-sterlitamak;такси {city_from} {city_to} цена;такси Чебоксары Стерлитамак цена;3;;0;;0;;0
Чебоксары;рабочий посёлок Сурское;https://city2city.ru/cheboksary-surskoe;такси {city_from} {city_to};такси Чебоксары рабочий посёлок Сурское;0;;0;;0;;0
Чебоксары;рабочий посёлок Сурское;https://city2city.ru/cheboksary-surskoe;трансфер {city_from} {city_to};трансфер Чебоксары рабочий посёлок Сурское;0;;0;;0;;0
Чебоксары;рабочий посёлок Сурское;https://city2city.ru/cheboksary-surskoe;межгород {city_from} {city_to};межгород Чебоксары рабочий посёлок Сурское;0;;0;;0;;0
Чебоксары;рабочий посёлок Сурское;https://city2city.ru/cheboksary-surskoe;такси {city_from} {city_to} цена;такси Чебоксары рабочий посёлок Сурское цена;0;;0;;0;;0
Чебоксары;Сыктывкар;https://city2city.ru/cheboksary-syktyvkar;такси {city_from} {city_to};такси Чебоксары Сыктывкар;1;;0;;0;;0
Чебоксары;Сыктывкар;https://city2city.ru/cheboksary-syktyvkar;трансфер {city_from} {city_to};трансфер Чебоксары Сыктывкар;0;;0;;0;;0
Чебоксары;Сыктывкар;https://city2city.ru/cheboksary-syktyvkar;межгород {city_from} {city_to};межгород Чебоксары Сыктывкар;0;;0;;0;;0
Чебоксары;Сыктывкар;https://city2city.ru/cheboksary-syktyvkar;такси {city_from} {city_to} цена;такси Чебоксары Сыктывкар цена;0;;0;;0;;0
Чебоксары;Сызрань;https://city2city.ru/cheboksary-syzran;такси {city_from} {city_to};такси Чебоксары Сызрань;2;;0;;0;;0
Чебоксары;Сызрань;https://city2city.ru/cheboksary-syzran;трансфер {city_from} {city_to};трансфер Чебоксары Сызрань;0;;0;;0;;0
Чебоксары;Сызрань;https://city2city.ru/cheboksary-syzran;межгород {city_from} {city_to};межгород Чебоксары Сызрань;0;;0;;0;;0
Чебоксары;Сызрань;https://city2city.ru/cheboksary-syzran;такси {city_from} {city_to} цена;такси Чебоксары Сызрань цена;2;;0;;0;;0
Чебоксары;Ульяновск;https://city2city.ru/cheboksary-ulyanovsk;такси {city_from} {city_to};такси Чебоксары Ульяновск;28;такси чебоксары ульяновск;28;;0;;0
Чебоксары;Ульяновск;https://city2city.ru/cheboksary-ulyanovsk;трансфер {city_from} {city_to};трансфер Чебоксары Ульяновск;6;;0;;0;;0
Чебоксары;Ульяновск;https://city2city.ru/cheboksary-ulyanovsk;межгород {city_from} {city_to};межгород Чебоксары Ульяновск;3;;0;;0;;0
Чебоксары;Ульяновск;https://city2city.ru/cheboksary-ulyanovsk;такси {city_from} {city_to} цена;такси Чебоксары Ульяновск цена;4;;0;;0;;0
Чебоксары;рабочий посёлок Васильсурск;https://city2city.ru/cheboksary-vasilsursk;такси {city_from} {city_to};такси Чебоксары рабочий посёлок Васильсурск;0;;0;;0;;0
Чебоксары;рабочий посёлок Васильсурск;https://city2city.ru/cheboksary-vasilsursk;трансфер {city_from} {city_to};трансфер Чебоксары рабочий посёлок Васильсурск;0;;0;;0;;0
Чебоксары;рабочий посёлок Васильсурск;https://city2city.ru/cheboksary-vasilsursk;межгород {city_from} {city_to};межгород Чебоксары рабочий посёлок Васильсурск;0;;0;;0;;0
Чебоксары;рабочий посёлок Васильсурск;https://city2city.ru/cheboksary-vasilsursk;такси {city_from} {city_to} цена;такси Чебоксары рабочий посёлок Васильсурск цена;0;;0;;0;;0
Чебоксары;Волжск;https://city2city.ru/cheboksary-volzhsk;такси {city_from} {city_to};такси Чебоксары Волжск;7;;0;;0;;0
Чебоксары;Волжск;https://city2city.ru/cheboksary-volzhsk;трансфер {city_from} {city_to};трансфер Чебоксары Волжск;0;;0;;0;;0
Чебоксары;Волжск;https://city2city.ru/cheboksary-volzhsk;межгород {city_from} {city_to};межгород Чебоксары Волжск;0;;0;;0;;0
Чебоксары;Волжск;https://city2city.ru/cheboksary-volzhsk;такси {city_from} {city_to} цена;такси Чебоксары Волжск цена;0;;0;;0;;0
Чебоксары;поселок городского типа Воротынец;https://city2city.ru/cheboksary-vorotynecz;такси {city_from} {city_to};такси Чебоксары поселок городского типа Воротынец;0;;0;;0;;0
Чебоксары;поселок городского типа Воротынец;https://city2city.ru/cheboksary-vorotynecz;трансфер {city_from} {city_to};трансфер Чебоксары поселок городского типа Воротынец;0;;0;;0;;0
Чебоксары;поселок городского типа Воротынец;https://city2city.ru/cheboksary-vorotynecz;межгород {city_from} {city_to};межгород Чебоксары поселок городского типа Воротынец;0;;0;;0;;0
Чебоксары;поселок городского типа Воротынец;https://city2city.ru/cheboksary-vorotynecz;такси {city_from} {city_to} цена;такси Чебоксары поселок городского типа Воротынец цена;0;;0;;0;;0
Чебоксары;Ядрин;https://city2city.ru/cheboksary-yadrin;такси {city_from} {city_to};такси Чебоксары Ядрин;6;;0;;0;;0
Чебоксары;Ядрин;https://city2city.ru/cheboksary-yadrin;трансфер {city_from} {city_to};трансфер Чебоксары Ядрин;0;;0;;0;;0
Чебоксары;Ядрин;https://city2city.ru/cheboksary-yadrin;межгород {city_from} {city_to};межгород Чебоксары Ядрин;0;;0;;0;;0
Чебоксары;Ядрин;https://city2city.ru/cheboksary-yadrin;такси {city_from} {city_to} цена;такси Чебоксары Ядрин цена;3;;0;;0;;0
Чебоксары;Яранск;https://city2city.ru/cheboksary-yaransk;такси {city_from} {city_to};такси Чебоксары Яранск;0;;0;;0;;0
Чебоксары;Яранск;https://city2city.ru/cheboksary-yaransk;трансфер {city_from} {city_to};трансфер Чебоксары Яранск;0;;0;;0;;0
Чебоксары;Яранск;https://city2city.ru/cheboksary-yaransk;межгород {city_from} {city_to};межгород Чебоксары Яранск;0;;0;;0;;0
Чебоксары;Яранск;https://city2city.ru/cheboksary-yaransk;такси {city_from} {city_to} цена;такси Чебоксары Яранск цена;0;;0;;0;;0
Чебоксары;посёлок городского типа Юрино;https://city2city.ru/cheboksary-yurino;такси {city_from} {city_to};такси Чебоксары посёлок городского типа Юрино;0;;0;;0;;0
Чебоксары;посёлок городского типа Юрино;https://city2city.ru/cheboksary-yurino;трансфер {city_from} {city_to};трансфер Чебоксары посёлок городского типа Юрино;0;;0;;0;;0
Чебоксары;посёлок городского типа Юрино;https://city2city.ru/cheboksary-yurino;межгород {city_from} {city_to};межгород Чебоксары посёлок городского типа Юрино;0;;0;;0;;0
Чебоксары;посёлок городского типа Юрино;https://city2city.ru/cheboksary-yurino;такси {city_from} {city_to} цена;такси Чебоксары посёлок городского типа Юрино цена;0;;0;;0;;0
Чебоксары;Зеленодольск;https://city2city.ru/cheboksary-zelenodolsk;такси {city_from} {city_to};такси Чебоксары Зеленодольск;11;;0;;0;;0
Чебоксары;Зеленодольск;https://city2city.ru/cheboksary-zelenodolsk;трансфер {city_from} {city_to};трансфер Чебоксары Зеленодольск;0;;0;;0;;0
Чебоксары;Зеленодольск;https://city2city.ru/cheboksary-zelenodolsk;межгород {city_from} {city_to};межгород Чебоксары Зеленодольск;1;;0;;0;;0
Чебоксары;Зеленодольск;https://city2city.ru/cheboksary-zelenodolsk;такси {city_from} {city_to} цена;такси Чебоксары Зеленодольск цена;3;;0;;0;;0
Чебоксары;Звенигово;https://city2city.ru/cheboksary-zvenigovo;такси {city_from} {city_to};такси Чебоксары Звенигово;8;;0;;0;;0
Чебоксары;Звенигово;https://city2city.ru/cheboksary-zvenigovo;трансфер {city_from} {city_to};трансфер Чебоксары Звенигово;0;;0;;0;;0
Чебоксары;Звенигово;https://city2city.ru/cheboksary-zvenigovo;межгород {city_from} {city_to};межгород Чебоксары Звенигово;0;;0;;0;;0
Чебоксары;Звенигово;https://city2city.ru/cheboksary-zvenigovo;такси {city_from} {city_to} цена;такси Чебоксары Звенигово цена;0;;0;;0;;0
Челябинск;;https://city2city.ru/cheljabinsk-beloreck;такси {city_from} {city_to};такси Челябинск ;24846;такси челябинск;24846;яндекс такси челябинск;6691;такси челябинск телефон;4771
Челябинск;;https://city2city.ru/cheljabinsk-beloreck;трансфер {city_from} {city_to};трансфер Челябинск ;1549;трансфер челябинск;1549;трансфер челябинск кольцово;364;трансфер челябинск екатеринбург;180
Челябинск;;https://city2city.ru/cheljabinsk-beloreck;межгород {city_from} {city_to};межгород Челябинск ;836;межгород челябинск;836;такси межгород челябинск;240;газель межгород челябинск;172
Челябинск;;https://city2city.ru/cheljabinsk-beloreck;такси {city_from} {city_to} цена;такси Челябинск  цена;841;такси до челябинска цена;253;такси екатеринбург челябинск цена;78;такси аэропорт челябинск цена;60
Челябинск;;https://city2city.ru/cheljabinsk-kurgan;такси {city_from} {city_to};такси Челябинск ;24846;такси челябинск;24846;яндекс такси челябинск;6691;такси челябинск телефон;4771
Челябинск;;https://city2city.ru/cheljabinsk-kurgan;трансфер {city_from} {city_to};трансфер Челябинск ;1549;трансфер челябинск;1549;трансфер челябинск кольцово;364;трансфер челябинск екатеринбург;180
Челябинск;;https://city2city.ru/cheljabinsk-kurgan;межгород {city_from} {city_to};межгород Челябинск ;836;межгород челябинск;836;такси межгород челябинск;240;газель межгород челябинск;172
Челябинск;;https://city2city.ru/cheljabinsk-kurgan;такси {city_from} {city_to} цена;такси Челябинск  цена;841;такси до челябинска цена;253;такси екатеринбург челябинск цена;78;такси аэропорт челябинск цена;60
Челябинск;;https://city2city.ru/cheljabinsk-magnitogorsk;такси {city_from} {city_to};такси Челябинск ;24846;такси челябинск;24846;яндекс такси челябинск;6691;такси челябинск телефон;4771
Челябинск;;https://city2city.ru/cheljabinsk-magnitogorsk;трансфер {city_from} {city_to};трансфер Челябинск ;1549;трансфер челябинск;1549;трансфер челябинск кольцово;364;трансфер челябинск екатеринбург;180
Челябинск;;https://city2city.ru/cheljabinsk-magnitogorsk;межгород {city_from} {city_to};межгород Челябинск ;836;межгород челябинск;836;такси межгород челябинск;240;газель межгород челябинск;172
Челябинск;;https://city2city.ru/cheljabinsk-magnitogorsk;такси {city_from} {city_to} цена;такси Челябинск  цена;841;такси до челябинска цена;253;такси екатеринбург челябинск цена;78;такси аэропорт челябинск цена;60
Челябинск;;https://city2city.ru/cheljabinsk-sibaj;такси {city_from} {city_to};такси Челябинск ;24846;такси челябинск;24846;яндекс такси челябинск;6691;такси челябинск телефон;4771
Челябинск;;https://city2city.ru/cheljabinsk-sibaj;трансфер {city_from} {city_to};трансфер Челябинск ;1549;трансфер челябинск;1549;трансфер челябинск кольцово;364;трансфер челябинск екатеринбург;180
Челябинск;;https://city2city.ru/cheljabinsk-sibaj;межгород {city_from} {city_to};межгород Челябинск ;836;межгород челябинск;836;такси межгород челябинск;240;газель межгород челябинск;172
Челябинск;;https://city2city.ru/cheljabinsk-sibaj;такси {city_from} {city_to} цена;такси Челябинск  цена;841;такси до челябинска цена;253;такси екатеринбург челябинск цена;78;такси аэропорт челябинск цена;60
Челябинск;;https://city2city.ru/cheljabinsk-uchaly;такси {city_from} {city_to};такси Челябинск ;24846;такси челябинск;24846;яндекс такси челябинск;6691;такси челябинск телефон;4771
Челябинск;;https://city2city.ru/cheljabinsk-uchaly;трансфер {city_from} {city_to};трансфер Челябинск ;1549;трансфер челябинск;1549;трансфер челябинск кольцово;364;трансфер челябинск екатеринбург;180
Челябинск;;https://city2city.ru/cheljabinsk-uchaly;межгород {city_from} {city_to};межгород Челябинск ;836;межгород челябинск;836;такси межгород челябинск;240;газель межгород челябинск;172
Челябинск;;https://city2city.ru/cheljabinsk-uchaly;такси {city_from} {city_to} цена;такси Челябинск  цена;841;такси до челябинска цена;253;такси екатеринбург челябинск цена;78;такси аэропорт челябинск цена;60
Челябинск;Адлер;https://city2city.ru/chelyabinsk-adler;такси {city_from} {city_to};такси Челябинск Адлер;0;;0;;0;;0
Челябинск;Адлер;https://city2city.ru/chelyabinsk-adler;трансфер {city_from} {city_to};трансфер Челябинск Адлер;2;;0;;0;;0
Челябинск;Адлер;https://city2city.ru/chelyabinsk-adler;межгород {city_from} {city_to};межгород Челябинск Адлер;0;;0;;0;;0
Челябинск;Адлер;https://city2city.ru/chelyabinsk-adler;такси {city_from} {city_to} цена;такси Челябинск Адлер цена;0;;0;;0;;0
Челябинск;Анапа;https://city2city.ru/chelyabinsk-anapa;такси {city_from} {city_to};такси Челябинск Анапа;2;;0;;0;;0
Челябинск;Анапа;https://city2city.ru/chelyabinsk-anapa;трансфер {city_from} {city_to};трансфер Челябинск Анапа;0;;0;;0;;0
Челябинск;Анапа;https://city2city.ru/chelyabinsk-anapa;межгород {city_from} {city_to};межгород Челябинск Анапа;0;;0;;0;;0
Челябинск;Анапа;https://city2city.ru/chelyabinsk-anapa;такси {city_from} {city_to} цена;такси Челябинск Анапа цена;0;;0;;0;;0
Челябинск;Троицк;https://city2city.ru/chelyabinsk-app-bugristoe;такси {city_from} {city_to};такси Челябинск Троицк;46;такси троицк челябинск;46;цена челябинск троицк такси;9;;0
Челябинск;Троицк;https://city2city.ru/chelyabinsk-app-bugristoe;трансфер {city_from} {city_to};трансфер Челябинск Троицк;6;;0;;0;;0
Челябинск;Троицк;https://city2city.ru/chelyabinsk-app-bugristoe;межгород {city_from} {city_to};межгород Челябинск Троицк;3;;0;;0;;0
Челябинск;Троицк;https://city2city.ru/chelyabinsk-app-bugristoe;такси {city_from} {city_to} цена;такси Челябинск Троицк цена;9;цена челябинск троицк такси;9;;0;;0
Челябинск;Баймак;https://city2city.ru/chelyabinsk-bajmak;такси {city_from} {city_to};такси Челябинск Баймак;13;такси баймак челябинск;13;;0;;0
Челябинск;Баймак;https://city2city.ru/chelyabinsk-bajmak;трансфер {city_from} {city_to};трансфер Челябинск Баймак;0;;0;;0;;0
Челябинск;Баймак;https://city2city.ru/chelyabinsk-bajmak;межгород {city_from} {city_to};межгород Челябинск Баймак;0;;0;;0;;0
Челябинск;Баймак;https://city2city.ru/chelyabinsk-bajmak;такси {city_from} {city_to} цена;такси Челябинск Баймак цена;0;;0;;0;;0
Челябинск;Бакал;https://city2city.ru/chelyabinsk-bakal;такси {city_from} {city_to};такси Челябинск Бакал;2;;0;;0;;0
Челябинск;Бакал;https://city2city.ru/chelyabinsk-bakal;трансфер {city_from} {city_to};трансфер Челябинск Бакал;0;;0;;0;;0
Челябинск;Бакал;https://city2city.ru/chelyabinsk-bakal;межгород {city_from} {city_to};межгород Челябинск Бакал;0;;0;;0;;0
Челябинск;Бакал;https://city2city.ru/chelyabinsk-bakal;такси {city_from} {city_to} цена;такси Челябинск Бакал цена;0;;0;;0;;0
Челябинск;посёлок городского типа Бердяуш;https://city2city.ru/chelyabinsk-berdyaush;такси {city_from} {city_to};такси Челябинск посёлок городского типа Бердяуш;0;;0;;0;;0
Челябинск;посёлок городского типа Бердяуш;https://city2city.ru/chelyabinsk-berdyaush;трансфер {city_from} {city_to};трансфер Челябинск посёлок городского типа Бердяуш;0;;0;;0;;0
Челябинск;посёлок городского типа Бердяуш;https://city2city.ru/chelyabinsk-berdyaush;межгород {city_from} {city_to};межгород Челябинск посёлок городского типа Бердяуш;0;;0;;0;;0
Челябинск;посёлок городского типа Бердяуш;https://city2city.ru/chelyabinsk-berdyaush;такси {city_from} {city_to} цена;такси Челябинск посёлок городского типа Бердяуш цена;0;;0;;0;;0
Челябинск;Березники;https://city2city.ru/chelyabinsk-berezniki;такси {city_from} {city_to};такси Челябинск Березники;0;;0;;0;;0
Челябинск;Березники;https://city2city.ru/chelyabinsk-berezniki;трансфер {city_from} {city_to};трансфер Челябинск Березники;1;;0;;0;;0
Челябинск;Березники;https://city2city.ru/chelyabinsk-berezniki;межгород {city_from} {city_to};межгород Челябинск Березники;0;;0;;0;;0
Челябинск;Березники;https://city2city.ru/chelyabinsk-berezniki;такси {city_from} {city_to} цена;такси Челябинск Березники цена;0;;0;;0;;0
Челябинск;Чебаркуль;https://city2city.ru/chelyabinsk-chebarkul;такси {city_from} {city_to};такси Челябинск Чебаркуль;135;такси челябинск чебаркуль;135;такси чебаркуль челябинск цена;31;стоимость такси челябинск чебаркуль;28
Челябинск;Чебаркуль;https://city2city.ru/chelyabinsk-chebarkul;трансфер {city_from} {city_to};трансфер Челябинск Чебаркуль;3;;0;;0;;0
Челябинск;Чебаркуль;https://city2city.ru/chelyabinsk-chebarkul;межгород {city_from} {city_to};межгород Челябинск Чебаркуль;0;;0;;0;;0
Челябинск;Чебаркуль;https://city2city.ru/chelyabinsk-chebarkul;такси {city_from} {city_to} цена;такси Челябинск Чебаркуль цена;31;такси чебаркуль челябинск цена;31;;0;;0
Челябинск;Димитровград;https://city2city.ru/chelyabinsk-dimitrovgrad;такси {city_from} {city_to};такси Челябинск Димитровград;0;;0;;0;;0
Челябинск;Димитровград;https://city2city.ru/chelyabinsk-dimitrovgrad;трансфер {city_from} {city_to};трансфер Челябинск Димитровград;0;;0;;0;;0
Челябинск;Димитровград;https://city2city.ru/chelyabinsk-dimitrovgrad;межгород {city_from} {city_to};межгород Челябинск Димитровград;0;;0;;0;;0
Челябинск;Димитровград;https://city2city.ru/chelyabinsk-dimitrovgrad;такси {city_from} {city_to} цена;такси Челябинск Димитровград цена;0;;0;;0;;0
Челябинск;деревня Дубровка;https://city2city.ru/chelyabinsk-dubrovka;такси {city_from} {city_to};такси Челябинск деревня Дубровка;0;;0;;0;;0
Челябинск;деревня Дубровка;https://city2city.ru/chelyabinsk-dubrovka;трансфер {city_from} {city_to};трансфер Челябинск деревня Дубровка;0;;0;;0;;0
Челябинск;деревня Дубровка;https://city2city.ru/chelyabinsk-dubrovka;межгород {city_from} {city_to};межгород Челябинск деревня Дубровка;0;;0;;0;;0
Челябинск;деревня Дубровка;https://city2city.ru/chelyabinsk-dubrovka;такси {city_from} {city_to} цена;такси Челябинск деревня Дубровка цена;0;;0;;0;;0
Челябинск;Екатеринбург;https://city2city.ru/chelyabinsk-ekaterinburg;такси {city_from} {city_to};такси Челябинск Екатеринбург;642;такси екатеринбург челябинск;642;такси челябинск кольцово екатеринбург;177;такси челябинск екатеринбург стоимость;78
Челябинск;Екатеринбург;https://city2city.ru/chelyabinsk-ekaterinburg;трансфер {city_from} {city_to};трансфер Челябинск Екатеринбург;180;трансфер челябинск екатеринбург;180;трансфер челябинск екатеринбург аэропорт;31;трансфер челябинск кольцово екатеринбург;29
Челябинск;Екатеринбург;https://city2city.ru/chelyabinsk-ekaterinburg;межгород {city_from} {city_to};межгород Челябинск Екатеринбург;62;межгород екатеринбург челябинск;62;такси межгород екатеринбург челябинск;28;;0
Челябинск;Екатеринбург;https://city2city.ru/chelyabinsk-ekaterinburg;такси {city_from} {city_to} цена;такси Челябинск Екатеринбург цена;78;такси екатеринбург челябинск цена;78;заказать такси с челябинска до екатеринбурга цена;6;;0
Челябинск;рабочий посёлок Елань;https://city2city.ru/chelyabinsk-elan;такси {city_from} {city_to};такси Челябинск рабочий посёлок Елань;0;;0;;0;;0
Челябинск;рабочий посёлок Елань;https://city2city.ru/chelyabinsk-elan;трансфер {city_from} {city_to};трансфер Челябинск рабочий посёлок Елань;0;;0;;0;;0
Челябинск;рабочий посёлок Елань;https://city2city.ru/chelyabinsk-elan;межгород {city_from} {city_to};межгород Челябинск рабочий посёлок Елань;0;;0;;0;;0
Челябинск;рабочий посёлок Елань;https://city2city.ru/chelyabinsk-elan;такси {city_from} {city_to} цена;такси Челябинск рабочий посёлок Елань цена;0;;0;;0;;0
Челябинск;Еманжелинск;https://city2city.ru/chelyabinsk-emanzhelinsk;такси {city_from} {city_to};такси Челябинск Еманжелинск;32;еманжелинск челябинск такси;32;;0;;0
Челябинск;Еманжелинск;https://city2city.ru/chelyabinsk-emanzhelinsk;трансфер {city_from} {city_to};трансфер Челябинск Еманжелинск;0;;0;;0;;0
Челябинск;Еманжелинск;https://city2city.ru/chelyabinsk-emanzhelinsk;межгород {city_from} {city_to};межгород Челябинск Еманжелинск;0;;0;;0;;0
Челябинск;Еманжелинск;https://city2city.ru/chelyabinsk-emanzhelinsk;такси {city_from} {city_to} цена;такси Челябинск Еманжелинск цена;6;;0;;0;;0
Челябинск;52А-3;https://city2city.ru/chelyabinsk-granicza-kazaxstan;такси {city_from} {city_to};такси Челябинск 52А-3;0;;0;;0;;0
Челябинск;52А-3;https://city2city.ru/chelyabinsk-granicza-kazaxstan;трансфер {city_from} {city_to};трансфер Челябинск 52А-3;0;;0;;0;;0
Челябинск;52А-3;https://city2city.ru/chelyabinsk-granicza-kazaxstan;межгород {city_from} {city_to};межгород Челябинск 52А-3;0;;0;;0;;0
Челябинск;52А-3;https://city2city.ru/chelyabinsk-granicza-kazaxstan;такси {city_from} {city_to} цена;такси Челябинск 52А-3 цена;0;;0;;0;;0
Челябинск;Ижевск;https://city2city.ru/chelyabinsk-izhevsk;такси {city_from} {city_to};такси Челябинск Ижевск;5;;0;;0;;0
Челябинск;Ижевск;https://city2city.ru/chelyabinsk-izhevsk;трансфер {city_from} {city_to};трансфер Челябинск Ижевск;0;;0;;0;;0
Челябинск;Ижевск;https://city2city.ru/chelyabinsk-izhevsk;межгород {city_from} {city_to};межгород Челябинск Ижевск;0;;0;;0;;0
Челябинск;Ижевск;https://city2city.ru/chelyabinsk-izhevsk;такси {city_from} {city_to} цена;такси Челябинск Ижевск цена;0;;0;;0;;0
Челябинск;Йошкар-Ола;https://city2city.ru/chelyabinsk-joshkar-ola;такси {city_from} {city_to};такси Челябинск Йошкар-Ола;0;;0;;0;;0
Челябинск;Йошкар-Ола;https://city2city.ru/chelyabinsk-joshkar-ola;трансфер {city_from} {city_to};трансфер Челябинск Йошкар-Ола;2;;0;;0;;0
Челябинск;Йошкар-Ола;https://city2city.ru/chelyabinsk-joshkar-ola;межгород {city_from} {city_to};межгород Челябинск Йошкар-Ола;0;;0;;0;;0
Челябинск;Йошкар-Ола;https://city2city.ru/chelyabinsk-joshkar-ola;такси {city_from} {city_to} цена;такси Челябинск Йошкар-Ола цена;0;;0;;0;;0
Челябинск;Карабаш;https://city2city.ru/chelyabinsk-karabash;такси {city_from} {city_to};такси Челябинск Карабаш;16;такси челябинск карабаш;16;;0;;0
Челябинск;Карабаш;https://city2city.ru/chelyabinsk-karabash;трансфер {city_from} {city_to};трансфер Челябинск Карабаш;0;;0;;0;;0
Челябинск;Карабаш;https://city2city.ru/chelyabinsk-karabash;межгород {city_from} {city_to};межгород Челябинск Карабаш;0;;0;;0;;0
Челябинск;Карабаш;https://city2city.ru/chelyabinsk-karabash;такси {city_from} {city_to} цена;такси Челябинск Карабаш цена;5;;0;;0;;0
Челябинск;посёлок Каргаполье;https://city2city.ru/chelyabinsk-kargapole;такси {city_from} {city_to};такси Челябинск посёлок Каргаполье;0;;0;;0;;0
Челябинск;посёлок Каргаполье;https://city2city.ru/chelyabinsk-kargapole;трансфер {city_from} {city_to};трансфер Челябинск посёлок Каргаполье;0;;0;;0;;0
Челябинск;посёлок Каргаполье;https://city2city.ru/chelyabinsk-kargapole;межгород {city_from} {city_to};межгород Челябинск посёлок Каргаполье;0;;0;;0;;0
Челябинск;посёлок Каргаполье;https://city2city.ru/chelyabinsk-kargapole;такси {city_from} {city_to} цена;такси Челябинск посёлок Каргаполье цена;0;;0;;0;;0
Челябинск;Казань;https://city2city.ru/chelyabinsk-kazan;такси {city_from} {city_to};такси Челябинск Казань;3;;0;;0;;0
Челябинск;Казань;https://city2city.ru/chelyabinsk-kazan;трансфер {city_from} {city_to};трансфер Челябинск Казань;9;трансфер казань челябинск;9;;0;;0
Челябинск;Казань;https://city2city.ru/chelyabinsk-kazan;межгород {city_from} {city_to};межгород Челябинск Казань;0;;0;;0;;0
Челябинск;Казань;https://city2city.ru/chelyabinsk-kazan;такси {city_from} {city_to} цена;такси Челябинск Казань цена;1;;0;;0;;0
Челябинск;Копейск;https://city2city.ru/chelyabinsk-kopejsk;такси {city_from} {city_to};такси Челябинск Копейск;88;сколько стоит такси челябинск копейск;26;такси из копейска в челябинск;12;;0
Челябинск;Копейск;https://city2city.ru/chelyabinsk-kopejsk;трансфер {city_from} {city_to};трансфер Челябинск Копейск;0;;0;;0;;0
Челябинск;Копейск;https://city2city.ru/chelyabinsk-kopejsk;межгород {city_from} {city_to};межгород Челябинск Копейск;7;;0;;0;;0
Челябинск;Копейск;https://city2city.ru/chelyabinsk-kopejsk;такси {city_from} {city_to} цена;такси Челябинск Копейск цена;5;;0;;0;;0
Челябинск;Коркино;https://city2city.ru/chelyabinsk-korkino;такси {city_from} {city_to};такси Челябинск Коркино;32;такси коркино челябинск;32;;0;;0
Челябинск;Коркино;https://city2city.ru/chelyabinsk-korkino;трансфер {city_from} {city_to};трансфер Челябинск Коркино;0;;0;;0;;0
Челябинск;Коркино;https://city2city.ru/chelyabinsk-korkino;межгород {city_from} {city_to};межгород Челябинск Коркино;1;;0;;0;;0
Челябинск;Коркино;https://city2city.ru/chelyabinsk-korkino;такси {city_from} {city_to} цена;такси Челябинск Коркино цена;1;;0;;0;;0
Челябинск;Красногорск;https://city2city.ru/chelyabinsk-krasnogorsk;такси {city_from} {city_to};такси Челябинск Красногорск;6;;0;;0;;0
Челябинск;Красногорск;https://city2city.ru/chelyabinsk-krasnogorsk;трансфер {city_from} {city_to};трансфер Челябинск Красногорск;0;;0;;0;;0
Челябинск;Красногорск;https://city2city.ru/chelyabinsk-krasnogorsk;межгород {city_from} {city_to};межгород Челябинск Красногорск;0;;0;;0;;0
Челябинск;Красногорск;https://city2city.ru/chelyabinsk-krasnogorsk;такси {city_from} {city_to} цена;такси Челябинск Красногорск цена;0;;0;;0;;0
Челябинск;посёлок городского типа Красногорский;https://city2city.ru/chelyabinsk-krasnogorskij;такси {city_from} {city_to};такси Челябинск посёлок городского типа Красногорский;0;;0;;0;;0
Челябинск;посёлок городского типа Красногорский;https://city2city.ru/chelyabinsk-krasnogorskij;трансфер {city_from} {city_to};трансфер Челябинск посёлок городского типа Красногорский;0;;0;;0;;0
Челябинск;посёлок городского типа Красногорский;https://city2city.ru/chelyabinsk-krasnogorskij;межгород {city_from} {city_to};межгород Челябинск посёлок городского типа Красногорский;0;;0;;0;;0
Челябинск;посёлок городского типа Красногорский;https://city2city.ru/chelyabinsk-krasnogorskij;такси {city_from} {city_to} цена;такси Челябинск посёлок городского типа Красногорский цена;0;;0;;0;;0
Челябинск;посёлок городского типа Кропачёво;https://city2city.ru/chelyabinsk-kropachyovo;такси {city_from} {city_to};такси Челябинск посёлок городского типа Кропачёво;0;;0;;0;;0
Челябинск;посёлок городского типа Кропачёво;https://city2city.ru/chelyabinsk-kropachyovo;трансфер {city_from} {city_to};трансфер Челябинск посёлок городского типа Кропачёво;0;;0;;0;;0
Челябинск;посёлок городского типа Кропачёво;https://city2city.ru/chelyabinsk-kropachyovo;межгород {city_from} {city_to};межгород Челябинск посёлок городского типа Кропачёво;0;;0;;0;;0
Челябинск;посёлок городского типа Кропачёво;https://city2city.ru/chelyabinsk-kropachyovo;такси {city_from} {city_to} цена;такси Челябинск посёлок городского типа Кропачёво цена;0;;0;;0;;0
Челябинск;Курск;https://city2city.ru/chelyabinsk-kursk;такси {city_from} {city_to};такси Челябинск Курск;6;курск челябинск такси;6;;0;;0
Челябинск;Курск;https://city2city.ru/chelyabinsk-kursk;трансфер {city_from} {city_to};трансфер Челябинск Курск;0;;0;;0;;0
Челябинск;Курск;https://city2city.ru/chelyabinsk-kursk;межгород {city_from} {city_to};межгород Челябинск Курск;0;;0;;0;;0
Челябинск;Курск;https://city2city.ru/chelyabinsk-kursk;такси {city_from} {city_to} цена;такси Челябинск Курск цена;0;;0;;0;;0
Челябинск;Куртамыш;https://city2city.ru/chelyabinsk-kurtamysh;такси {city_from} {city_to};такси Челябинск Куртамыш;1;;0;;0;;0
Челябинск;Куртамыш;https://city2city.ru/chelyabinsk-kurtamysh;трансфер {city_from} {city_to};трансфер Челябинск Куртамыш;0;;0;;0;;0
Челябинск;Куртамыш;https://city2city.ru/chelyabinsk-kurtamysh;межгород {city_from} {city_to};межгород Челябинск Куртамыш;0;;0;;0;;0
Челябинск;Куртамыш;https://city2city.ru/chelyabinsk-kurtamysh;такси {city_from} {city_to} цена;такси Челябинск Куртамыш цена;1;;0;;0;;0
Челябинск;Куса;https://city2city.ru/chelyabinsk-kusa;такси {city_from} {city_to};такси Челябинск Куса;12;такси куса челябинск;12;;0;;0
Челябинск;Куса;https://city2city.ru/chelyabinsk-kusa;трансфер {city_from} {city_to};трансфер Челябинск Куса;16;челябинск куса трансфер;16;;0;;0
Челябинск;Куса;https://city2city.ru/chelyabinsk-kusa;межгород {city_from} {city_to};межгород Челябинск Куса;0;;0;;0;;0
Челябинск;Куса;https://city2city.ru/chelyabinsk-kusa;такси {city_from} {city_to} цена;такси Челябинск Куса цена;2;;0;;0;;0
Челябинск;Кувандык;https://city2city.ru/chelyabinsk-kuvandyk;такси {city_from} {city_to};такси Челябинск Кувандык;0;;0;;0;;0
Челябинск;Кувандык;https://city2city.ru/chelyabinsk-kuvandyk;трансфер {city_from} {city_to};трансфер Челябинск Кувандык;0;;0;;0;;0
Челябинск;Кувандык;https://city2city.ru/chelyabinsk-kuvandyk;межгород {city_from} {city_to};межгород Челябинск Кувандык;0;;0;;0;;0
Челябинск;Кувандык;https://city2city.ru/chelyabinsk-kuvandyk;такси {city_from} {city_to} цена;такси Челябинск Кувандык цена;0;;0;;0;;0
Челябинск;Кузнецк;https://city2city.ru/chelyabinsk-kuzneczk;такси {city_from} {city_to};такси Челябинск Кузнецк;0;;0;;0;;0
Челябинск;Кузнецк;https://city2city.ru/chelyabinsk-kuzneczk;трансфер {city_from} {city_to};трансфер Челябинск Кузнецк;0;;0;;0;;0
Челябинск;Кузнецк;https://city2city.ru/chelyabinsk-kuzneczk;межгород {city_from} {city_to};межгород Челябинск Кузнецк;0;;0;;0;;0
Челябинск;Кузнецк;https://city2city.ru/chelyabinsk-kuzneczk;такси {city_from} {city_to} цена;такси Челябинск Кузнецк цена;0;;0;;0;;0
Челябинск;Макушино;https://city2city.ru/chelyabinsk-makushino;такси {city_from} {city_to};такси Челябинск Макушино;0;;0;;0;;0
Челябинск;Макушино;https://city2city.ru/chelyabinsk-makushino;трансфер {city_from} {city_to};трансфер Челябинск Макушино;0;;0;;0;;0
Челябинск;Макушино;https://city2city.ru/chelyabinsk-makushino;межгород {city_from} {city_to};межгород Челябинск Макушино;0;;0;;0;;0
Челябинск;Макушино;https://city2city.ru/chelyabinsk-makushino;такси {city_from} {city_to} цена;такси Челябинск Макушино цена;0;;0;;0;;0
Челябинск;посёлок Красный Камень;https://city2city.ru/chelyabinsk-mapp-krasnyj-kamen;такси {city_from} {city_to};такси Челябинск посёлок Красный Камень;0;;0;;0;;0
Челябинск;посёлок Красный Камень;https://city2city.ru/chelyabinsk-mapp-krasnyj-kamen;трансфер {city_from} {city_to};трансфер Челябинск посёлок Красный Камень;0;;0;;0;;0
Челябинск;посёлок Красный Камень;https://city2city.ru/chelyabinsk-mapp-krasnyj-kamen;межгород {city_from} {city_to};межгород Челябинск посёлок Красный Камень;0;;0;;0;;0
Челябинск;посёлок Красный Камень;https://city2city.ru/chelyabinsk-mapp-krasnyj-kamen;такси {city_from} {city_to} цена;такси Челябинск посёлок Красный Камень цена;0;;0;;0;;0
Челябинск;Медногорск;https://city2city.ru/chelyabinsk-mednogorsk;такси {city_from} {city_to};такси Челябинск Медногорск;0;;0;;0;;0
Челябинск;Медногорск;https://city2city.ru/chelyabinsk-mednogorsk;трансфер {city_from} {city_to};трансфер Челябинск Медногорск;0;;0;;0;;0
Челябинск;Медногорск;https://city2city.ru/chelyabinsk-mednogorsk;межгород {city_from} {city_to};межгород Челябинск Медногорск;0;;0;;0;;0
Челябинск;Медногорск;https://city2city.ru/chelyabinsk-mednogorsk;такси {city_from} {city_to} цена;такси Челябинск Медногорск цена;0;;0;;0;;0
Челябинск;Межгорье;https://city2city.ru/chelyabinsk-mezhgore;такси {city_from} {city_to};такси Челябинск Межгорье;2;;0;;0;;0
Челябинск;Межгорье;https://city2city.ru/chelyabinsk-mezhgore;трансфер {city_from} {city_to};трансфер Челябинск Межгорье;0;;0;;0;;0
Челябинск;Межгорье;https://city2city.ru/chelyabinsk-mezhgore;межгород {city_from} {city_to};межгород Челябинск Межгорье;0;;0;;0;;0
Челябинск;Межгорье;https://city2city.ru/chelyabinsk-mezhgore;такси {city_from} {city_to} цена;такси Челябинск Межгорье цена;1;;0;;0;;0
Челябинск;посёлок городского типа Межозёрный;https://city2city.ru/chelyabinsk-mezhozyornyj;такси {city_from} {city_to};такси Челябинск посёлок городского типа Межозёрный;0;;0;;0;;0
Челябинск;посёлок городского типа Межозёрный;https://city2city.ru/chelyabinsk-mezhozyornyj;трансфер {city_from} {city_to};трансфер Челябинск посёлок городского типа Межозёрный;0;;0;;0;;0
Челябинск;посёлок городского типа Межозёрный;https://city2city.ru/chelyabinsk-mezhozyornyj;межгород {city_from} {city_to};межгород Челябинск посёлок городского типа Межозёрный;0;;0;;0;;0
Челябинск;посёлок городского типа Межозёрный;https://city2city.ru/chelyabinsk-mezhozyornyj;такси {city_from} {city_to} цена;такси Челябинск посёлок городского типа Межозёрный цена;0;;0;;0;;0
Челябинск;Миасс;https://city2city.ru/chelyabinsk-miass;такси {city_from} {city_to};такси Челябинск Миасс;158;такси челябинск миасс;158;такси челябинск миасс цена;23;такси атлас миасс челябинск;23
Челябинск;Миасс;https://city2city.ru/chelyabinsk-miass;трансфер {city_from} {city_to};трансфер Челябинск Миасс;46;трансфер челябинск миасс;46;;0;;0
Челябинск;Миасс;https://city2city.ru/chelyabinsk-miass;межгород {city_from} {city_to};межгород Челябинск Миасс;10;;0;;0;;0
Челябинск;Миасс;https://city2city.ru/chelyabinsk-miass;такси {city_from} {city_to} цена;такси Челябинск Миасс цена;23;такси челябинск миасс цена;23;такси миасс челябинск аэропорт цена;8;;0
Челябинск;Мирный;https://city2city.ru/chelyabinsk-mirnyj;такси {city_from} {city_to};такси Челябинск Мирный;3;;0;;0;;0
Челябинск;Мирный;https://city2city.ru/chelyabinsk-mirnyj;трансфер {city_from} {city_to};трансфер Челябинск Мирный;0;;0;;0;;0
Челябинск;Мирный;https://city2city.ru/chelyabinsk-mirnyj;межгород {city_from} {city_to};межгород Челябинск Мирный;0;;0;;0;;0
Челябинск;Мирный;https://city2city.ru/chelyabinsk-mirnyj;такси {city_from} {city_to} цена;такси Челябинск Мирный цена;0;;0;;0;;0
Челябинск;Москва;https://city2city.ru/chelyabinsk-moskva;такси {city_from} {city_to};такси Челябинск Москва;78;такси москва челябинск;78;москва челябинск такси сколько;20;такси челябинск москва сколько стоит;11
Челябинск;Москва;https://city2city.ru/chelyabinsk-moskva;трансфер {city_from} {city_to};трансфер Челябинск Москва;1;;0;;0;;0
Челябинск;Москва;https://city2city.ru/chelyabinsk-moskva;межгород {city_from} {city_to};межгород Челябинск Москва;0;;0;;0;;0
Челябинск;Москва;https://city2city.ru/chelyabinsk-moskva;такси {city_from} {city_to} цена;такси Челябинск Москва цена;8;;0;;0;;0
Челябинск;Нижнекамск;https://city2city.ru/chelyabinsk-nizhnekamsk;такси {city_from} {city_to};такси Челябинск Нижнекамск;3;;0;;0;;0
Челябинск;Нижнекамск;https://city2city.ru/chelyabinsk-nizhnekamsk;трансфер {city_from} {city_to};трансфер Челябинск Нижнекамск;0;;0;;0;;0
Челябинск;Нижнекамск;https://city2city.ru/chelyabinsk-nizhnekamsk;межгород {city_from} {city_to};межгород Челябинск Нижнекамск;0;;0;;0;;0
Челябинск;Нижнекамск;https://city2city.ru/chelyabinsk-nizhnekamsk;такси {city_from} {city_to} цена;такси Челябинск Нижнекамск цена;0;;0;;0;;0
Челябинск;Нижневартовск;https://city2city.ru/chelyabinsk-nizhnevartovsk;такси {city_from} {city_to};такси Челябинск Нижневартовск;3;;0;;0;;0
Челябинск;Нижневартовск;https://city2city.ru/chelyabinsk-nizhnevartovsk;трансфер {city_from} {city_to};трансфер Челябинск Нижневартовск;6;трансфер челябинск нижневартовск;6;;0;;0
Челябинск;Нижневартовск;https://city2city.ru/chelyabinsk-nizhnevartovsk;межгород {city_from} {city_to};межгород Челябинск Нижневартовск;0;;0;;0;;0
Челябинск;Нижневартовск;https://city2city.ru/chelyabinsk-nizhnevartovsk;такси {city_from} {city_to} цена;такси Челябинск Нижневартовск цена;1;;0;;0;;0
Челябинск;Нижний Новгород;https://city2city.ru/chelyabinsk-nizhnij-novgorod;такси {city_from} {city_to};такси Челябинск Нижний Новгород;1;;0;;0;;0
Челябинск;Нижний Новгород;https://city2city.ru/chelyabinsk-nizhnij-novgorod;трансфер {city_from} {city_to};трансфер Челябинск Нижний Новгород;0;;0;;0;;0
Челябинск;Нижний Новгород;https://city2city.ru/chelyabinsk-nizhnij-novgorod;межгород {city_from} {city_to};межгород Челябинск Нижний Новгород;0;;0;;0;;0
Челябинск;Нижний Новгород;https://city2city.ru/chelyabinsk-nizhnij-novgorod;такси {city_from} {city_to} цена;такси Челябинск Нижний Новгород цена;0;;0;;0;;0
Челябинск;Нижний Тагил;https://city2city.ru/chelyabinsk-nizhnij-tagil;такси {city_from} {city_to};такси Челябинск Нижний Тагил;1;;0;;0;;0
Челябинск;Нижний Тагил;https://city2city.ru/chelyabinsk-nizhnij-tagil;трансфер {city_from} {city_to};трансфер Челябинск Нижний Тагил;0;;0;;0;;0
Челябинск;Нижний Тагил;https://city2city.ru/chelyabinsk-nizhnij-tagil;межгород {city_from} {city_to};межгород Челябинск Нижний Тагил;0;;0;;0;;0
Челябинск;Нижний Тагил;https://city2city.ru/chelyabinsk-nizhnij-tagil;такси {city_from} {city_to} цена;такси Челябинск Нижний Тагил цена;0;;0;;0;;0
Челябинск;Нижняя Тура;https://city2city.ru/chelyabinsk-nizhnyaya-tura;такси {city_from} {city_to};такси Челябинск Нижняя Тура;1;;0;;0;;0
Челябинск;Нижняя Тура;https://city2city.ru/chelyabinsk-nizhnyaya-tura;трансфер {city_from} {city_to};трансфер Челябинск Нижняя Тура;0;;0;;0;;0
Челябинск;Нижняя Тура;https://city2city.ru/chelyabinsk-nizhnyaya-tura;межгород {city_from} {city_to};межгород Челябинск Нижняя Тура;0;;0;;0;;0
Челябинск;Нижняя Тура;https://city2city.ru/chelyabinsk-nizhnyaya-tura;такси {city_from} {city_to} цена;такси Челябинск Нижняя Тура цена;0;;0;;0;;0
Челябинск;Новотроицк;https://city2city.ru/chelyabinsk-novotroiczk;такси {city_from} {city_to};такси Челябинск Новотроицк;1;;0;;0;;0
Челябинск;Новотроицк;https://city2city.ru/chelyabinsk-novotroiczk;трансфер {city_from} {city_to};трансфер Челябинск Новотроицк;0;;0;;0;;0
Челябинск;Новотроицк;https://city2city.ru/chelyabinsk-novotroiczk;межгород {city_from} {city_to};межгород Челябинск Новотроицк;0;;0;;0;;0
Челябинск;Новотроицк;https://city2city.ru/chelyabinsk-novotroiczk;такси {city_from} {city_to} цена;такси Челябинск Новотроицк цена;0;;0;;0;;0
Челябинск;Новый Уренгой;https://city2city.ru/chelyabinsk-novyj-urengoj;такси {city_from} {city_to};такси Челябинск Новый Уренгой;0;;0;;0;;0
Челябинск;Новый Уренгой;https://city2city.ru/chelyabinsk-novyj-urengoj;трансфер {city_from} {city_to};трансфер Челябинск Новый Уренгой;0;;0;;0;;0
Челябинск;Новый Уренгой;https://city2city.ru/chelyabinsk-novyj-urengoj;межгород {city_from} {city_to};межгород Челябинск Новый Уренгой;0;;0;;0;;0
Челябинск;Новый Уренгой;https://city2city.ru/chelyabinsk-novyj-urengoj;такси {city_from} {city_to} цена;такси Челябинск Новый Уренгой цена;0;;0;;0;;0
Челябинск;Ноябрьск;https://city2city.ru/chelyabinsk-noyabrsk;такси {city_from} {city_to};такси Челябинск Ноябрьск;0;;0;;0;;0
Челябинск;Ноябрьск;https://city2city.ru/chelyabinsk-noyabrsk;трансфер {city_from} {city_to};трансфер Челябинск Ноябрьск;0;;0;;0;;0
Челябинск;Ноябрьск;https://city2city.ru/chelyabinsk-noyabrsk;межгород {city_from} {city_to};межгород Челябинск Ноябрьск;0;;0;;0;;0
Челябинск;Ноябрьск;https://city2city.ru/chelyabinsk-noyabrsk;такси {city_from} {city_to} цена;такси Челябинск Ноябрьск цена;0;;0;;0;;0
Челябинск;Нязепетровск;https://city2city.ru/chelyabinsk-nyazepetrovsk;такси {city_from} {city_to};такси Челябинск Нязепетровск;7;такси нязепетровск челябинск;7;;0;;0
Челябинск;Нязепетровск;https://city2city.ru/chelyabinsk-nyazepetrovsk;трансфер {city_from} {city_to};трансфер Челябинск Нязепетровск;0;;0;;0;;0
Челябинск;Нязепетровск;https://city2city.ru/chelyabinsk-nyazepetrovsk;межгород {city_from} {city_to};межгород Челябинск Нязепетровск;1;;0;;0;;0
Челябинск;Нязепетровск;https://city2city.ru/chelyabinsk-nyazepetrovsk;такси {city_from} {city_to} цена;такси Челябинск Нязепетровск цена;2;;0;;0;;0
Челябинск;посёлок городского типа Октябрьское;https://city2city.ru/chelyabinsk-oktyabrskoe;такси {city_from} {city_to};такси Челябинск посёлок городского типа Октябрьское;0;;0;;0;;0
Челябинск;посёлок городского типа Октябрьское;https://city2city.ru/chelyabinsk-oktyabrskoe;трансфер {city_from} {city_to};трансфер Челябинск посёлок городского типа Октябрьское;0;;0;;0;;0
Челябинск;посёлок городского типа Октябрьское;https://city2city.ru/chelyabinsk-oktyabrskoe;межгород {city_from} {city_to};межгород Челябинск посёлок городского типа Октябрьское;0;;0;;0;;0
Челябинск;посёлок городского типа Октябрьское;https://city2city.ru/chelyabinsk-oktyabrskoe;такси {city_from} {city_to} цена;такси Челябинск посёлок городского типа Октябрьское цена;0;;0;;0;;0
Челябинск;Оренбург;https://city2city.ru/chelyabinsk-orenburg;такси {city_from} {city_to};такси Челябинск Оренбург;38;такси оренбург челябинск;38;;0;;0
Челябинск;Оренбург;https://city2city.ru/chelyabinsk-orenburg;трансфер {city_from} {city_to};трансфер Челябинск Оренбург;2;;0;;0;;0
Челябинск;Оренбург;https://city2city.ru/chelyabinsk-orenburg;межгород {city_from} {city_to};межгород Челябинск Оренбург;9;;0;;0;;0
Челябинск;Оренбург;https://city2city.ru/chelyabinsk-orenburg;такси {city_from} {city_to} цена;такси Челябинск Оренбург цена;2;;0;;0;;0
Челябинск;Орск;https://city2city.ru/chelyabinsk-orsk;такси {city_from} {city_to};такси Челябинск Орск;32;такси челябинск орск;32;такси орск челябинск ларгус цена;14;;0
Челябинск;Орск;https://city2city.ru/chelyabinsk-orsk;трансфер {city_from} {city_to};трансфер Челябинск Орск;0;;0;;0;;0
Челябинск;Орск;https://city2city.ru/chelyabinsk-orsk;межгород {city_from} {city_to};межгород Челябинск Орск;0;;0;;0;;0
Челябинск;Орск;https://city2city.ru/chelyabinsk-orsk;такси {city_from} {city_to} цена;такси Челябинск Орск цена;14;такси орск челябинск ларгус цена;14;;0;;0
Челябинск;Озерск;https://city2city.ru/chelyabinsk-ozyorsk;такси {city_from} {city_to};такси Челябинск Озерск;30;такси челябинск озерск;30;сколько стоит такси с озëрска до челябинска;5;;0
Челябинск;Озерск;https://city2city.ru/chelyabinsk-ozyorsk;трансфер {city_from} {city_to};трансфер Челябинск Озерск;1;;0;;0;;0
Челябинск;Озерск;https://city2city.ru/chelyabinsk-ozyorsk;межгород {city_from} {city_to};межгород Челябинск Озерск;4;;0;;0;;0
Челябинск;Озерск;https://city2city.ru/chelyabinsk-ozyorsk;такси {city_from} {city_to} цена;такси Челябинск Озерск цена;1;;0;;0;;0
Челябинск;Пенза;https://city2city.ru/chelyabinsk-penza;такси {city_from} {city_to};такси Челябинск Пенза;10;;0;;0;;0
Челябинск;Пенза;https://city2city.ru/chelyabinsk-penza;трансфер {city_from} {city_to};трансфер Челябинск Пенза;0;;0;;0;;0
Челябинск;Пенза;https://city2city.ru/chelyabinsk-penza;межгород {city_from} {city_to};межгород Челябинск Пенза;2;;0;;0;;0
Челябинск;Пенза;https://city2city.ru/chelyabinsk-penza;такси {city_from} {city_to} цена;такси Челябинск Пенза цена;0;;0;;0;;0
Челябинск;посёлок Первомайский;https://city2city.ru/chelyabinsk-pervomajskij;такси {city_from} {city_to};такси Челябинск посёлок Первомайский;5;;0;;0;;0
Челябинск;посёлок Первомайский;https://city2city.ru/chelyabinsk-pervomajskij;трансфер {city_from} {city_to};трансфер Челябинск посёлок Первомайский;0;;0;;0;;0
Челябинск;посёлок Первомайский;https://city2city.ru/chelyabinsk-pervomajskij;межгород {city_from} {city_to};межгород Челябинск посёлок Первомайский;0;;0;;0;;0
Челябинск;посёлок Первомайский;https://city2city.ru/chelyabinsk-pervomajskij;такси {city_from} {city_to} цена;такси Челябинск посёлок Первомайский цена;1;;0;;0;;0
Челябинск;поселок городского типа Петровский;https://city2city.ru/chelyabinsk-petrovskij;такси {city_from} {city_to};такси Челябинск поселок городского типа Петровский;0;;0;;0;;0
Челябинск;поселок городского типа Петровский;https://city2city.ru/chelyabinsk-petrovskij;трансфер {city_from} {city_to};трансфер Челябинск поселок городского типа Петровский;0;;0;;0;;0
Челябинск;поселок городского типа Петровский;https://city2city.ru/chelyabinsk-petrovskij;межгород {city_from} {city_to};межгород Челябинск поселок городского типа Петровский;0;;0;;0;;0
Челябинск;поселок городского типа Петровский;https://city2city.ru/chelyabinsk-petrovskij;такси {city_from} {city_to} цена;такси Челябинск поселок городского типа Петровский цена;0;;0;;0;;0
Челябинск;Петухово;https://city2city.ru/chelyabinsk-petuxovo;такси {city_from} {city_to};такси Челябинск Петухово;0;;0;;0;;0
Челябинск;Петухово;https://city2city.ru/chelyabinsk-petuxovo;трансфер {city_from} {city_to};трансфер Челябинск Петухово;0;;0;;0;;0
Челябинск;Петухово;https://city2city.ru/chelyabinsk-petuxovo;межгород {city_from} {city_to};межгород Челябинск Петухово;0;;0;;0;;0
Челябинск;Петухово;https://city2city.ru/chelyabinsk-petuxovo;такси {city_from} {city_to} цена;такси Челябинск Петухово цена;0;;0;;0;;0
Челябинск;посёлок городского типа Рефтинский;https://city2city.ru/chelyabinsk-reftinskij;такси {city_from} {city_to};такси Челябинск посёлок городского типа Рефтинский;0;;0;;0;;0
Челябинск;посёлок городского типа Рефтинский;https://city2city.ru/chelyabinsk-reftinskij;трансфер {city_from} {city_to};трансфер Челябинск посёлок городского типа Рефтинский;0;;0;;0;;0
Челябинск;посёлок городского типа Рефтинский;https://city2city.ru/chelyabinsk-reftinskij;межгород {city_from} {city_to};межгород Челябинск посёлок городского типа Рефтинский;0;;0;;0;;0
Челябинск;посёлок городского типа Рефтинский;https://city2city.ru/chelyabinsk-reftinskij;такси {city_from} {city_to} цена;такси Челябинск посёлок городского типа Рефтинский цена;0;;0;;0;;0
Челябинск;Ростов-на-Дону;https://city2city.ru/chelyabinsk-rostov-na-donu;такси {city_from} {city_to};такси Челябинск Ростов-на-Дону;5;;0;;0;;0
Челябинск;Ростов-на-Дону;https://city2city.ru/chelyabinsk-rostov-na-donu;трансфер {city_from} {city_to};трансфер Челябинск Ростов-на-Дону;0;;0;;0;;0
Челябинск;Ростов-на-Дону;https://city2city.ru/chelyabinsk-rostov-na-donu;межгород {city_from} {city_to};межгород Челябинск Ростов-на-Дону;0;;0;;0;;0
Челябинск;Ростов-на-Дону;https://city2city.ru/chelyabinsk-rostov-na-donu;такси {city_from} {city_to} цена;такси Челябинск Ростов-на-Дону цена;0;;0;;0;;0
Челябинск;посёлок городского типа Роза;https://city2city.ru/chelyabinsk-roza;такси {city_from} {city_to};такси Челябинск посёлок городского типа Роза;0;;0;;0;;0
Челябинск;посёлок городского типа Роза;https://city2city.ru/chelyabinsk-roza;трансфер {city_from} {city_to};трансфер Челябинск посёлок городского типа Роза;0;;0;;0;;0
Челябинск;посёлок городского типа Роза;https://city2city.ru/chelyabinsk-roza;межгород {city_from} {city_to};межгород Челябинск посёлок городского типа Роза;0;;0;;0;;0
Челябинск;посёлок городского типа Роза;https://city2city.ru/chelyabinsk-roza;такси {city_from} {city_to} цена;такси Челябинск посёлок городского типа Роза цена;0;;0;;0;;0
Челябинск;Рязань;https://city2city.ru/chelyabinsk-ryazan;такси {city_from} {city_to};такси Челябинск Рязань;3;;0;;0;;0
Челябинск;Рязань;https://city2city.ru/chelyabinsk-ryazan;трансфер {city_from} {city_to};трансфер Челябинск Рязань;0;;0;;0;;0
Челябинск;Рязань;https://city2city.ru/chelyabinsk-ryazan;межгород {city_from} {city_to};межгород Челябинск Рязань;0;;0;;0;;0
Челябинск;Рязань;https://city2city.ru/chelyabinsk-ryazan;такси {city_from} {city_to} цена;такси Челябинск Рязань цена;0;;0;;0;;0
Челябинск;Санкт-Петербург;https://city2city.ru/chelyabinsk-sankt-peterburg;такси {city_from} {city_to};такси Челябинск Санкт-Петербург;17;санкт петербург челябинск сколько стоит километр такси;5;;0;;0
Челябинск;Санкт-Петербург;https://city2city.ru/chelyabinsk-sankt-peterburg;трансфер {city_from} {city_to};трансфер Челябинск Санкт-Петербург;1;;0;;0;;0
Челябинск;Санкт-Петербург;https://city2city.ru/chelyabinsk-sankt-peterburg;межгород {city_from} {city_to};межгород Челябинск Санкт-Петербург;0;;0;;0;;0
Челябинск;Санкт-Петербург;https://city2city.ru/chelyabinsk-sankt-peterburg;такси {city_from} {city_to} цена;такси Челябинск Санкт-Петербург цена;3;;0;;0;;0
Челябинск;Сатка;https://city2city.ru/chelyabinsk-satka;такси {city_from} {city_to};такси Челябинск Сатка;38;такси челябинск сатка;38;;0;;0
Челябинск;Сатка;https://city2city.ru/chelyabinsk-satka;трансфер {city_from} {city_to};трансфер Челябинск Сатка;1;;0;;0;;0
Челябинск;Сатка;https://city2city.ru/chelyabinsk-satka;межгород {city_from} {city_to};межгород Челябинск Сатка;2;;0;;0;;0
Челябинск;Сатка;https://city2city.ru/chelyabinsk-satka;такси {city_from} {city_to} цена;такси Челябинск Сатка цена;10;;0;;0;;0
Челябинск;село Степное;https://city2city.ru/chelyabinsk-selo-stepnoe;такси {city_from} {city_to};такси Челябинск село Степное;0;;0;;0;;0
Челябинск;село Степное;https://city2city.ru/chelyabinsk-selo-stepnoe;трансфер {city_from} {city_to};трансфер Челябинск село Степное;0;;0;;0;;0
Челябинск;село Степное;https://city2city.ru/chelyabinsk-selo-stepnoe;межгород {city_from} {city_to};межгород Челябинск село Степное;0;;0;;0;;0
Челябинск;село Степное;https://city2city.ru/chelyabinsk-selo-stepnoe;такси {city_from} {city_to} цена;такси Челябинск село Степное цена;0;;0;;0;;0
Челябинск;Шадринск;https://city2city.ru/chelyabinsk-shadrinsk;такси {city_from} {city_to};такси Челябинск Шадринск;14;такси челябинск шадринск;14;;0;;0
Челябинск;Шадринск;https://city2city.ru/chelyabinsk-shadrinsk;трансфер {city_from} {city_to};трансфер Челябинск Шадринск;0;;0;;0;;0
Челябинск;Шадринск;https://city2city.ru/chelyabinsk-shadrinsk;межгород {city_from} {city_to};межгород Челябинск Шадринск;0;;0;;0;;0
Челябинск;Шадринск;https://city2city.ru/chelyabinsk-shadrinsk;такси {city_from} {city_to} цена;такси Челябинск Шадринск цена;5;;0;;0;;0
Челябинск;Щучье;https://city2city.ru/chelyabinsk-shhuche;такси {city_from} {city_to};такси Челябинск Щучье;30;такси челябинск щучье;30;;0;;0
Челябинск;Щучье;https://city2city.ru/chelyabinsk-shhuche;трансфер {city_from} {city_to};трансфер Челябинск Щучье;0;;0;;0;;0
Челябинск;Щучье;https://city2city.ru/chelyabinsk-shhuche;межгород {city_from} {city_to};межгород Челябинск Щучье;0;;0;;0;;0
Челябинск;Щучье;https://city2city.ru/chelyabinsk-shhuche;такси {city_from} {city_to} цена;такси Челябинск Щучье цена;5;;0;;0;;0
Челябинск;Симферополь;https://city2city.ru/chelyabinsk-simferopol;такси {city_from} {city_to};такси Челябинск Симферополь;0;;0;;0;;0
Челябинск;Симферополь;https://city2city.ru/chelyabinsk-simferopol;трансфер {city_from} {city_to};трансфер Челябинск Симферополь;0;;0;;0;;0
Челябинск;Симферополь;https://city2city.ru/chelyabinsk-simferopol;межгород {city_from} {city_to};межгород Челябинск Симферополь;0;;0;;0;;0
Челябинск;Симферополь;https://city2city.ru/chelyabinsk-simferopol;такси {city_from} {city_to} цена;такси Челябинск Симферополь цена;0;;0;;0;;0
Челябинск;посёлок городского типа Смолино;https://city2city.ru/chelyabinsk-smolino;такси {city_from} {city_to};такси Челябинск посёлок городского типа Смолино;0;;0;;0;;0
Челябинск;посёлок городского типа Смолино;https://city2city.ru/chelyabinsk-smolino;трансфер {city_from} {city_to};трансфер Челябинск посёлок городского типа Смолино;0;;0;;0;;0
Челябинск;посёлок городского типа Смолино;https://city2city.ru/chelyabinsk-smolino;межгород {city_from} {city_to};межгород Челябинск посёлок городского типа Смолино;0;;0;;0;;0
Челябинск;посёлок городского типа Смолино;https://city2city.ru/chelyabinsk-smolino;такси {city_from} {city_to} цена;такси Челябинск посёлок городского типа Смолино цена;0;;0;;0;;0
Челябинск;Сочи;https://city2city.ru/chelyabinsk-sochi;такси {city_from} {city_to};такси Челябинск Сочи;3;;0;;0;;0
Челябинск;Сочи;https://city2city.ru/chelyabinsk-sochi;трансфер {city_from} {city_to};трансфер Челябинск Сочи;1;;0;;0;;0
Челябинск;Сочи;https://city2city.ru/chelyabinsk-sochi;межгород {city_from} {city_to};межгород Челябинск Сочи;0;;0;;0;;0
Челябинск;Сочи;https://city2city.ru/chelyabinsk-sochi;такси {city_from} {city_to} цена;такси Челябинск Сочи цена;0;;0;;0;;0
Челябинск;Сосновка;https://city2city.ru/chelyabinsk-sosnovka;такси {city_from} {city_to};такси Челябинск Сосновка;7;;0;;0;;0
Челябинск;Сосновка;https://city2city.ru/chelyabinsk-sosnovka;трансфер {city_from} {city_to};трансфер Челябинск Сосновка;0;;0;;0;;0
Челябинск;Сосновка;https://city2city.ru/chelyabinsk-sosnovka;межгород {city_from} {city_to};межгород Челябинск Сосновка;0;;0;;0;;0
Челябинск;Сосновка;https://city2city.ru/chelyabinsk-sosnovka;такси {city_from} {city_to} цена;такси Челябинск Сосновка цена;0;;0;;0;;0
Челябинск;Сургут;https://city2city.ru/chelyabinsk-surgut;такси {city_from} {city_to};такси Челябинск Сургут;4;;0;;0;;0
Челябинск;Сургут;https://city2city.ru/chelyabinsk-surgut;трансфер {city_from} {city_to};трансфер Челябинск Сургут;0;;0;;0;;0
Челябинск;Сургут;https://city2city.ru/chelyabinsk-surgut;межгород {city_from} {city_to};межгород Челябинск Сургут;0;;0;;0;;0
Челябинск;Сургут;https://city2city.ru/chelyabinsk-surgut;такси {city_from} {city_to} цена;такси Челябинск Сургут цена;3;;0;;0;;0
Челябинск;Сысерть;https://city2city.ru/chelyabinsk-sysert;такси {city_from} {city_to};такси Челябинск Сысерть;0;;0;;0;;0
Челябинск;Сысерть;https://city2city.ru/chelyabinsk-sysert;трансфер {city_from} {city_to};трансфер Челябинск Сысерть;0;;0;;0;;0
Челябинск;Сысерть;https://city2city.ru/chelyabinsk-sysert;межгород {city_from} {city_to};межгород Челябинск Сысерть;0;;0;;0;;0
Челябинск;Сысерть;https://city2city.ru/chelyabinsk-sysert;такси {city_from} {city_to} цена;такси Челябинск Сысерть цена;0;;0;;0;;0
Челябинск;Тюмень;https://city2city.ru/chelyabinsk-tyumen;такси {city_from} {city_to};такси Челябинск Тюмень;62;такси челябинск тюмень;62;;0;;0
Челябинск;Тюмень;https://city2city.ru/chelyabinsk-tyumen;трансфер {city_from} {city_to};трансфер Челябинск Тюмень;4;;0;;0;;0
Челябинск;Тюмень;https://city2city.ru/chelyabinsk-tyumen;межгород {city_from} {city_to};межгород Челябинск Тюмень;9;;0;;0;;0
Челябинск;Тюмень;https://city2city.ru/chelyabinsk-tyumen;такси {city_from} {city_to} цена;такси Челябинск Тюмень цена;3;;0;;0;;0
Челябинск;Уфа;https://city2city.ru/chelyabinsk-ufa;такси {city_from} {city_to};такси Челябинск Уфа;202;такси челябинск уфа;202;челябинск уфа такси межгород;26;челябинск уфа такси цены;14
Челябинск;Уфа;https://city2city.ru/chelyabinsk-ufa;трансфер {city_from} {city_to};трансфер Челябинск Уфа;4;;0;;0;;0
Челябинск;Уфа;https://city2city.ru/chelyabinsk-ufa;межгород {city_from} {city_to};межгород Челябинск Уфа;31;межгород челябинск уфа;31;челябинск уфа такси межгород;26;;0
Челябинск;Уфа;https://city2city.ru/chelyabinsk-ufa;такси {city_from} {city_to} цена;такси Челябинск Уфа цена;14;челябинск уфа такси цены;14;;0;;0
Челябинск;Ульяновск;https://city2city.ru/chelyabinsk-ulyanovsk;такси {city_from} {city_to};такси Челябинск Ульяновск;6;такси ульяновск челябинск;6;;0;;0
Челябинск;Ульяновск;https://city2city.ru/chelyabinsk-ulyanovsk;трансфер {city_from} {city_to};трансфер Челябинск Ульяновск;0;;0;;0;;0
Челябинск;Ульяновск;https://city2city.ru/chelyabinsk-ulyanovsk;межгород {city_from} {city_to};межгород Челябинск Ульяновск;0;;0;;0;;0
Челябинск;Ульяновск;https://city2city.ru/chelyabinsk-ulyanovsk;такси {city_from} {city_to} цена;такси Челябинск Ульяновск цена;1;;0;;0;;0
Челябинск;Валуйки;https://city2city.ru/chelyabinsk-valujki;такси {city_from} {city_to};такси Челябинск Валуйки;0;;0;;0;;0
Челябинск;Валуйки;https://city2city.ru/chelyabinsk-valujki;трансфер {city_from} {city_to};трансфер Челябинск Валуйки;0;;0;;0;;0
Челябинск;Валуйки;https://city2city.ru/chelyabinsk-valujki;межгород {city_from} {city_to};межгород Челябинск Валуйки;0;;0;;0;;0
Челябинск;Валуйки;https://city2city.ru/chelyabinsk-valujki;такси {city_from} {city_to} цена;такси Челябинск Валуйки цена;0;;0;;0;;0
Челябинск;Верхнеуральск;https://city2city.ru/chelyabinsk-verxneuralsk;такси {city_from} {city_to};такси Челябинск Верхнеуральск;10;;0;;0;;0
Челябинск;Верхнеуральск;https://city2city.ru/chelyabinsk-verxneuralsk;трансфер {city_from} {city_to};трансфер Челябинск Верхнеуральск;0;;0;;0;;0
Челябинск;Верхнеуральск;https://city2city.ru/chelyabinsk-verxneuralsk;межгород {city_from} {city_to};межгород Челябинск Верхнеуральск;0;;0;;0;;0
Челябинск;Верхнеуральск;https://city2city.ru/chelyabinsk-verxneuralsk;такси {city_from} {city_to} цена;такси Челябинск Верхнеуральск цена;1;;0;;0;;0
Челябинск;посёлок городского типа Вишневогорск;https://city2city.ru/chelyabinsk-vishnevogorsk;такси {city_from} {city_to};такси Челябинск посёлок городского типа Вишневогорск;0;;0;;0;;0
Челябинск;посёлок городского типа Вишневогорск;https://city2city.ru/chelyabinsk-vishnevogorsk;трансфер {city_from} {city_to};трансфер Челябинск посёлок городского типа Вишневогорск;0;;0;;0;;0
Челябинск;посёлок городского типа Вишневогорск;https://city2city.ru/chelyabinsk-vishnevogorsk;межгород {city_from} {city_to};межгород Челябинск посёлок городского типа Вишневогорск;0;;0;;0;;0
Челябинск;посёлок городского типа Вишневогорск;https://city2city.ru/chelyabinsk-vishnevogorsk;такси {city_from} {city_to} цена;такси Челябинск посёлок городского типа Вишневогорск цена;0;;0;;0;;0
Челябинск;Воронеж;https://city2city.ru/chelyabinsk-voronezh;такси {city_from} {city_to};такси Челябинск Воронеж;12;;0;;0;;0
Челябинск;Воронеж;https://city2city.ru/chelyabinsk-voronezh;трансфер {city_from} {city_to};трансфер Челябинск Воронеж;0;;0;;0;;0
Челябинск;Воронеж;https://city2city.ru/chelyabinsk-voronezh;межгород {city_from} {city_to};межгород Челябинск Воронеж;0;;0;;0;;0
Челябинск;Воронеж;https://city2city.ru/chelyabinsk-voronezh;такси {city_from} {city_to} цена;такси Челябинск Воронеж цена;0;;0;;0;;0
Челябинск;поселок городского типа Юргамыш;https://city2city.ru/chelyabinsk-yurgamysh;такси {city_from} {city_to};такси Челябинск поселок городского типа Юргамыш;0;;0;;0;;0
Челябинск;поселок городского типа Юргамыш;https://city2city.ru/chelyabinsk-yurgamysh;трансфер {city_from} {city_to};трансфер Челябинск поселок городского типа Юргамыш;0;;0;;0;;0
Челябинск;поселок городского типа Юргамыш;https://city2city.ru/chelyabinsk-yurgamysh;межгород {city_from} {city_to};межгород Челябинск поселок городского типа Юргамыш;0;;0;;0;;0
Челябинск;поселок городского типа Юргамыш;https://city2city.ru/chelyabinsk-yurgamysh;такси {city_from} {city_to} цена;такси Челябинск поселок городского типа Юргамыш цена;0;;0;;0;;0
Челябинск;Южноуральск;https://city2city.ru/chelyabinsk-yuzhnouralsk;такси {city_from} {city_to};такси Челябинск Южноуральск;34;такси южноуральск челябинск;34;;0;;0
Челябинск;Южноуральск;https://city2city.ru/chelyabinsk-yuzhnouralsk;трансфер {city_from} {city_to};трансфер Челябинск Южноуральск;1;;0;;0;;0
Челябинск;Южноуральск;https://city2city.ru/chelyabinsk-yuzhnouralsk;межгород {city_from} {city_to};межгород Челябинск Южноуральск;1;;0;;0;;0
Челябинск;Южноуральск;https://city2city.ru/chelyabinsk-yuzhnouralsk;такси {city_from} {city_to} цена;такси Челябинск Южноуральск цена;8;;0;;0;;0
Челябинск;посёлок городского типа Зауральский;https://city2city.ru/chelyabinsk-zauralskij;такси {city_from} {city_to};такси Челябинск посёлок городского типа Зауральский;0;;0;;0;;0
Челябинск;посёлок городского типа Зауральский;https://city2city.ru/chelyabinsk-zauralskij;трансфер {city_from} {city_to};трансфер Челябинск посёлок городского типа Зауральский;0;;0;;0;;0
Челябинск;посёлок городского типа Зауральский;https://city2city.ru/chelyabinsk-zauralskij;межгород {city_from} {city_to};межгород Челябинск посёлок городского типа Зауральский;0;;0;;0;;0
Челябинск;посёлок городского типа Зауральский;https://city2city.ru/chelyabinsk-zauralskij;такси {city_from} {city_to} цена;такси Челябинск посёлок городского типа Зауральский цена;0;;0;;0;;0
Челябинск;Златоуст;https://city2city.ru/chelyabinsk-zlatoust;такси {city_from} {city_to};такси Челябинск Златоуст;53;такси челябинск златоуст;53;такси челябинск златоуст стоимость;14;;0
Челябинск;Златоуст;https://city2city.ru/chelyabinsk-zlatoust;трансфер {city_from} {city_to};трансфер Челябинск Златоуст;14;трансфер челябинск златоуст;14;;0;;0
Челябинск;Златоуст;https://city2city.ru/chelyabinsk-zlatoust;межгород {city_from} {city_to};межгород Челябинск Златоуст;9;;0;;0;;0
Челябинск;Златоуст;https://city2city.ru/chelyabinsk-zlatoust;такси {city_from} {city_to} цена;такси Челябинск Златоуст цена;3;;0;;0;;0
Донецк;;https://city2city.ru/donetsk-chelyabinsk;такси {city_from} {city_to};такси Донецк ;9553;такси донецк;9553;такси донецк днр;1957;такси донецк ростов;984
Донецк;;https://city2city.ru/donetsk-chelyabinsk;трансфер {city_from} {city_to};трансфер Донецк ;180;трансфер донецк;180;трансферы шахтер донецк;48;трансфер донецк москва;33
Донецк;;https://city2city.ru/donetsk-chelyabinsk;межгород {city_from} {city_to};межгород Донецк ;141;межгород донецк;141;такси межгород донецк;98;такси межгород донецк днр;26
Донецк;;https://city2city.ru/donetsk-chelyabinsk;такси {city_from} {city_to} цена;такси Донецк  цена;399;такси донецк москва цена;113;цена такси в донецке;30;такси донецк ростов на дону цена;29
Донецк;;https://city2city.ru/donetsk-ekaterinburg;такси {city_from} {city_to};такси Донецк ;9553;такси донецк;9553;такси донецк днр;1957;такси донецк ростов;984
Донецк;;https://city2city.ru/donetsk-ekaterinburg;трансфер {city_from} {city_to};трансфер Донецк ;180;трансфер донецк;180;трансферы шахтер донецк;48;трансфер донецк москва;33
Донецк;;https://city2city.ru/donetsk-ekaterinburg;межгород {city_from} {city_to};межгород Донецк ;141;межгород донецк;141;такси межгород донецк;98;такси межгород донецк днр;26
Донецк;;https://city2city.ru/donetsk-ekaterinburg;такси {city_from} {city_to} цена;такси Донецк  цена;399;такси донецк москва цена;113;цена такси в донецке;30;такси донецк ростов на дону цена;29
Донецк;;https://city2city.ru/donetsk-kazan;такси {city_from} {city_to};такси Донецк ;9553;такси донецк;9553;такси донецк днр;1957;такси донецк ростов;984
Донецк;;https://city2city.ru/donetsk-kazan;трансфер {city_from} {city_to};трансфер Донецк ;180;трансфер донецк;180;трансферы шахтер донецк;48;трансфер донецк москва;33
Донецк;;https://city2city.ru/donetsk-kazan;межгород {city_from} {city_to};межгород Донецк ;141;межгород донецк;141;такси межгород донецк;98;такси межгород донецк днр;26
Донецк;;https://city2city.ru/donetsk-kazan;такси {city_from} {city_to} цена;такси Донецк  цена;399;такси донецк москва цена;113;цена такси в донецке;30;такси донецк ростов на дону цена;29
Донецк;;https://city2city.ru/donetsk-kirov;такси {city_from} {city_to};такси Донецк ;9553;такси донецк;9553;такси донецк днр;1957;такси донецк ростов;984
Донецк;;https://city2city.ru/donetsk-kirov;трансфер {city_from} {city_to};трансфер Донецк ;180;трансфер донецк;180;трансферы шахтер донецк;48;трансфер донецк москва;33
Донецк;;https://city2city.ru/donetsk-kirov;межгород {city_from} {city_to};межгород Донецк ;141;межгород донецк;141;такси межгород донецк;98;такси межгород донецк днр;26
Донецк;;https://city2city.ru/donetsk-kirov;такси {city_from} {city_to} цена;такси Донецк  цена;399;такси донецк москва цена;113;цена такси в донецке;30;такси донецк ростов на дону цена;29
Донецк;;https://city2city.ru/donetsk-maykop;такси {city_from} {city_to};такси Донецк ;9553;такси донецк;9553;такси донецк днр;1957;такси донецк ростов;984
Донецк;;https://city2city.ru/donetsk-maykop;трансфер {city_from} {city_to};трансфер Донецк ;180;трансфер донецк;180;трансферы шахтер донецк;48;трансфер донецк москва;33
Донецк;;https://city2city.ru/donetsk-maykop;межгород {city_from} {city_to};межгород Донецк ;141;межгород донецк;141;такси межгород донецк;98;такси межгород донецк днр;26
Донецк;;https://city2city.ru/donetsk-maykop;такси {city_from} {city_to} цена;такси Донецк  цена;399;такси донецк москва цена;113;цена такси в донецке;30;такси донецк ростов на дону цена;29
Донецк;;https://city2city.ru/donetsk-orenburg;такси {city_from} {city_to};такси Донецк ;9553;такси донецк;9553;такси донецк днр;1957;такси донецк ростов;984
Донецк;;https://city2city.ru/donetsk-orenburg;трансфер {city_from} {city_to};трансфер Донецк ;180;трансфер донецк;180;трансферы шахтер донецк;48;трансфер донецк москва;33
Донецк;;https://city2city.ru/donetsk-orenburg;межгород {city_from} {city_to};межгород Донецк ;141;межгород донецк;141;такси межгород донецк;98;такси межгород донецк днр;26
Донецк;;https://city2city.ru/donetsk-orenburg;такси {city_from} {city_to} цена;такси Донецк  цена;399;такси донецк москва цена;113;цена такси в донецке;30;такси донецк ростов на дону цена;29
Донецк;;https://city2city.ru/donetsk-perm;такси {city_from} {city_to};такси Донецк ;9553;такси донецк;9553;такси донецк днр;1957;такси донецк ростов;984
Донецк;;https://city2city.ru/donetsk-perm;трансфер {city_from} {city_to};трансфер Донецк ;180;трансфер донецк;180;трансферы шахтер донецк;48;трансфер донецк москва;33
Донецк;;https://city2city.ru/donetsk-perm;межгород {city_from} {city_to};межгород Донецк ;141;межгород донецк;141;такси межгород донецк;98;такси межгород донецк днр;26
Донецк;;https://city2city.ru/donetsk-perm;такси {city_from} {city_to} цена;такси Донецк  цена;399;такси донецк москва цена;113;цена такси в донецке;30;такси донецк ростов на дону цена;29
Донецк;;https://city2city.ru/donetsk-saransk;такси {city_from} {city_to};такси Донецк ;9553;такси донецк;9553;такси донецк днр;1957;такси донецк ростов;984
Донецк;;https://city2city.ru/donetsk-saransk;трансфер {city_from} {city_to};трансфер Донецк ;180;трансфер донецк;180;трансферы шахтер донецк;48;трансфер донецк москва;33
Донецк;;https://city2city.ru/donetsk-saransk;межгород {city_from} {city_to};межгород Донецк ;141;межгород донецк;141;такси межгород донецк;98;такси межгород донецк днр;26
Донецк;;https://city2city.ru/donetsk-saransk;такси {city_from} {city_to} цена;такси Донецк  цена;399;такси донецк москва цена;113;цена такси в донецке;30;такси донецк ростов на дону цена;29
Донецк;;https://city2city.ru/donetsk-saratov;такси {city_from} {city_to};такси Донецк ;9553;такси донецк;9553;такси донецк днр;1957;такси донецк ростов;984
Донецк;;https://city2city.ru/donetsk-saratov;трансфер {city_from} {city_to};трансфер Донецк ;180;трансфер донецк;180;трансферы шахтер донецк;48;трансфер донецк москва;33
Донецк;;https://city2city.ru/donetsk-saratov;межгород {city_from} {city_to};межгород Донецк ;141;межгород донецк;141;такси межгород донецк;98;такси межгород донецк днр;26
Донецк;;https://city2city.ru/donetsk-saratov;такси {city_from} {city_to} цена;такси Донецк  цена;399;такси донецк москва цена;113;цена такси в донецке;30;такси донецк ростов на дону цена;29
Донецк;;https://city2city.ru/donetsk-tambov;такси {city_from} {city_to};такси Донецк ;9553;такси донецк;9553;такси донецк днр;1957;такси донецк ростов;984
Донецк;;https://city2city.ru/donetsk-tambov;трансфер {city_from} {city_to};трансфер Донецк ;180;трансфер донецк;180;трансферы шахтер донецк;48;трансфер донецк москва;33
Донецк;;https://city2city.ru/donetsk-tambov;межгород {city_from} {city_to};межгород Донецк ;141;межгород донецк;141;такси межгород донецк;98;такси межгород донецк днр;26
Донецк;;https://city2city.ru/donetsk-tambov;такси {city_from} {city_to} цена;такси Донецк  цена;399;такси донецк москва цена;113;цена такси в донецке;30;такси донецк ростов на дону цена;29
Донецк;;https://city2city.ru/donetsk-ufa;такси {city_from} {city_to};такси Донецк ;9553;такси донецк;9553;такси донецк днр;1957;такси донецк ростов;984
Донецк;;https://city2city.ru/donetsk-ufa;трансфер {city_from} {city_to};трансфер Донецк ;180;трансфер донецк;180;трансферы шахтер донецк;48;трансфер донецк москва;33
Донецк;;https://city2city.ru/donetsk-ufa;межгород {city_from} {city_to};межгород Донецк ;141;межгород донецк;141;такси межгород донецк;98;такси межгород донецк днр;26
Донецк;;https://city2city.ru/donetsk-ufa;такси {city_from} {city_to} цена;такси Донецк  цена;399;такси донецк москва цена;113;цена такси в донецке;30;такси донецк ростов на дону цена;29
Донецк;;https://city2city.ru/donetsk-volgograd;такси {city_from} {city_to};такси Донецк ;9553;такси донецк;9553;такси донецк днр;1957;такси донецк ростов;984
Донецк;;https://city2city.ru/donetsk-volgograd;трансфер {city_from} {city_to};трансфер Донецк ;180;трансфер донецк;180;трансферы шахтер донецк;48;трансфер донецк москва;33
Донецк;;https://city2city.ru/donetsk-volgograd;межгород {city_from} {city_to};межгород Донецк ;141;межгород донецк;141;такси межгород донецк;98;такси межгород донецк днр;26
Донецк;;https://city2city.ru/donetsk-volgograd;такси {city_from} {city_to} цена;такси Донецк  цена;399;такси донецк москва цена;113;цена такси в донецке;30;такси донецк ростов на дону цена;29
Донецк;;https://city2city.ru/donetsk-yoshkar-ola;такси {city_from} {city_to};такси Донецк ;9553;такси донецк;9553;такси донецк днр;1957;такси донецк ростов;984
Донецк;;https://city2city.ru/donetsk-yoshkar-ola;трансфер {city_from} {city_to};трансфер Донецк ;180;трансфер донецк;180;трансферы шахтер донецк;48;трансфер донецк москва;33
Донецк;;https://city2city.ru/donetsk-yoshkar-ola;межгород {city_from} {city_to};межгород Донецк ;141;межгород донецк;141;такси межгород донецк;98;такси межгород донецк днр;26
Донецк;;https://city2city.ru/donetsk-yoshkar-ola;такси {city_from} {city_to} цена;такси Донецк  цена;399;такси донецк москва цена;113;цена такси в донецке;30;такси донецк ростов на дону цена;29
Екатеринбург;посёлок городского типа Ачит;https://city2city.ru/ekaterinburg-achit;такси {city_from} {city_to};такси Екатеринбург посёлок городского типа Ачит;0;;0;;0;;0
Екатеринбург;посёлок городского типа Ачит;https://city2city.ru/ekaterinburg-achit;трансфер {city_from} {city_to};трансфер Екатеринбург посёлок городского типа Ачит;0;;0;;0;;0
Екатеринбург;посёлок городского типа Ачит;https://city2city.ru/ekaterinburg-achit;межгород {city_from} {city_to};межгород Екатеринбург посёлок городского типа Ачит;0;;0;;0;;0
Екатеринбург;посёлок городского типа Ачит;https://city2city.ru/ekaterinburg-achit;такси {city_from} {city_to} цена;такси Екатеринбург посёлок городского типа Ачит цена;0;;0;;0;;0
Екатеринбург;Алапаевск;https://city2city.ru/ekaterinburg-alapaevsk;такси {city_from} {city_to};такси Екатеринбург Алапаевск;56;такси екатеринбург алапаевск;56;;0;;0
Екатеринбург;Алапаевск;https://city2city.ru/ekaterinburg-alapaevsk;трансфер {city_from} {city_to};трансфер Екатеринбург Алапаевск;0;;0;;0;;0
Екатеринбург;Алапаевск;https://city2city.ru/ekaterinburg-alapaevsk;межгород {city_from} {city_to};межгород Екатеринбург Алапаевск;9;;0;;0;;0
Екатеринбург;Алапаевск;https://city2city.ru/ekaterinburg-alapaevsk;такси {city_from} {city_to} цена;такси Екатеринбург Алапаевск цена;13;;0;;0;;0
Екатеринбург;Альметьевск;https://city2city.ru/ekaterinburg-almetevsk;такси {city_from} {city_to};такси Екатеринбург Альметьевск;1;;0;;0;;0
Екатеринбург;Альметьевск;https://city2city.ru/ekaterinburg-almetevsk;трансфер {city_from} {city_to};трансфер Екатеринбург Альметьевск;0;;0;;0;;0
Екатеринбург;Альметьевск;https://city2city.ru/ekaterinburg-almetevsk;межгород {city_from} {city_to};межгород Екатеринбург Альметьевск;0;;0;;0;;0
Екатеринбург;Альметьевск;https://city2city.ru/ekaterinburg-almetevsk;такси {city_from} {city_to} цена;такси Екатеринбург Альметьевск цена;1;;0;;0;;0
Екатеринбург;Анапа;https://city2city.ru/ekaterinburg-anapa;такси {city_from} {city_to};такси Екатеринбург Анапа;0;;0;;0;;0
Екатеринбург;Анапа;https://city2city.ru/ekaterinburg-anapa;трансфер {city_from} {city_to};трансфер Екатеринбург Анапа;0;;0;;0;;0
Екатеринбург;Анапа;https://city2city.ru/ekaterinburg-anapa;межгород {city_from} {city_to};межгород Екатеринбург Анапа;1;;0;;0;;0
Екатеринбург;Анапа;https://city2city.ru/ekaterinburg-anapa;такси {city_from} {city_to} цена;такси Екатеринбург Анапа цена;0;;0;;0;;0
Екатеринбург;Троицк;https://city2city.ru/ekaterinburg-app-bugristoe;такси {city_from} {city_to};такси Екатеринбург Троицк;5;;0;;0;;0
Екатеринбург;Троицк;https://city2city.ru/ekaterinburg-app-bugristoe;трансфер {city_from} {city_to};трансфер Екатеринбург Троицк;2;;0;;0;;0
Екатеринбург;Троицк;https://city2city.ru/ekaterinburg-app-bugristoe;межгород {city_from} {city_to};межгород Екатеринбург Троицк;0;;0;;0;;0
Екатеринбург;Троицк;https://city2city.ru/ekaterinburg-app-bugristoe;такси {city_from} {city_to} цена;такси Екатеринбург Троицк цена;0;;0;;0;;0
Екатеринбург;Донецк;https://city2city.ru/ekaterinburg-app-doneczk;такси {city_from} {city_to};такси Екатеринбург Донецк;7;такси донецк екатеринбург;7;;0;;0
Екатеринбург;Донецк;https://city2city.ru/ekaterinburg-app-doneczk;трансфер {city_from} {city_to};трансфер Екатеринбург Донецк;0;;0;;0;;0
Екатеринбург;Донецк;https://city2city.ru/ekaterinburg-app-doneczk;межгород {city_from} {city_to};межгород Екатеринбург Донецк;0;;0;;0;;0
Екатеринбург;Донецк;https://city2city.ru/ekaterinburg-app-doneczk;такси {city_from} {city_to} цена;такси Екатеринбург Донецк цена;0;;0;;0;;0
Екатеринбург;село Алимбетовка;https://city2city.ru/ekaterinburg-app-orsk;такси {city_from} {city_to};такси Екатеринбург село Алимбетовка;0;;0;;0;;0
Екатеринбург;село Алимбетовка;https://city2city.ru/ekaterinburg-app-orsk;трансфер {city_from} {city_to};трансфер Екатеринбург село Алимбетовка;0;;0;;0;;0
Екатеринбург;село Алимбетовка;https://city2city.ru/ekaterinburg-app-orsk;межгород {city_from} {city_to};межгород Екатеринбург село Алимбетовка;0;;0;;0;;0
Екатеринбург;село Алимбетовка;https://city2city.ru/ekaterinburg-app-orsk;такси {city_from} {city_to} цена;такси Екатеринбург село Алимбетовка цена;0;;0;;0;;0
Екатеринбург;Арамиль;https://city2city.ru/ekaterinburg-aramil;такси {city_from} {city_to};такси Екатеринбург Арамиль;25;такси екатеринбург арамиль;25;;0;;0
Екатеринбург;Арамиль;https://city2city.ru/ekaterinburg-aramil;трансфер {city_from} {city_to};трансфер Екатеринбург Арамиль;0;;0;;0;;0
Екатеринбург;Арамиль;https://city2city.ru/ekaterinburg-aramil;межгород {city_from} {city_to};межгород Екатеринбург Арамиль;0;;0;;0;;0
Екатеринбург;Арамиль;https://city2city.ru/ekaterinburg-aramil;такси {city_from} {city_to} цена;такси Екатеринбург Арамиль цена;1;;0;;0;;0
Екатеринбург;посёлок городского типа Арти;https://city2city.ru/ekaterinburg-arti;такси {city_from} {city_to};такси Екатеринбург посёлок городского типа Арти;0;;0;;0;;0
Екатеринбург;посёлок городского типа Арти;https://city2city.ru/ekaterinburg-arti;трансфер {city_from} {city_to};трансфер Екатеринбург посёлок городского типа Арти;0;;0;;0;;0
Екатеринбург;посёлок городского типа Арти;https://city2city.ru/ekaterinburg-arti;межгород {city_from} {city_to};межгород Екатеринбург посёлок городского типа Арти;0;;0;;0;;0
Екатеринбург;посёлок городского типа Арти;https://city2city.ru/ekaterinburg-arti;такси {city_from} {city_to} цена;такси Екатеринбург посёлок городского типа Арти цена;0;;0;;0;;0
Екатеринбург;Артёмовский;https://city2city.ru/ekaterinburg-artyomovskij;такси {city_from} {city_to};такси Екатеринбург Артёмовский;16;такси екатеринбург артемовский;16;;0;;0
Екатеринбург;Артёмовский;https://city2city.ru/ekaterinburg-artyomovskij;трансфер {city_from} {city_to};трансфер Екатеринбург Артёмовский;0;;0;;0;;0
Екатеринбург;Артёмовский;https://city2city.ru/ekaterinburg-artyomovskij;межгород {city_from} {city_to};межгород Екатеринбург Артёмовский;0;;0;;0;;0
Екатеринбург;Артёмовский;https://city2city.ru/ekaterinburg-artyomovskij;такси {city_from} {city_to} цена;такси Екатеринбург Артёмовский цена;2;;0;;0;;0
Екатеринбург;Асбест;https://city2city.ru/ekaterinburg-asbest;такси {city_from} {city_to};такси Екатеринбург Асбест;48;такси екатеринбург асбест;48;;0;;0
Екатеринбург;Асбест;https://city2city.ru/ekaterinburg-asbest;трансфер {city_from} {city_to};трансфер Екатеринбург Асбест;0;;0;;0;;0
Екатеринбург;Асбест;https://city2city.ru/ekaterinburg-asbest;межгород {city_from} {city_to};межгород Екатеринбург Асбест;7;;0;;0;;0
Екатеринбург;Асбест;https://city2city.ru/ekaterinburg-asbest;такси {city_from} {city_to} цена;такси Екатеринбург Асбест цена;15;;0;;0;;0
Екатеринбург;посёлок городского типа Атиг;https://city2city.ru/ekaterinburg-atig;такси {city_from} {city_to};такси Екатеринбург посёлок городского типа Атиг;0;;0;;0;;0
Екатеринбург;посёлок городского типа Атиг;https://city2city.ru/ekaterinburg-atig;трансфер {city_from} {city_to};трансфер Екатеринбург посёлок городского типа Атиг;0;;0;;0;;0
Екатеринбург;посёлок городского типа Атиг;https://city2city.ru/ekaterinburg-atig;межгород {city_from} {city_to};межгород Екатеринбург посёлок городского типа Атиг;0;;0;;0;;0
Екатеринбург;посёлок городского типа Атиг;https://city2city.ru/ekaterinburg-atig;такси {city_from} {city_to} цена;такси Екатеринбург посёлок городского типа Атиг цена;0;;0;;0;;0
Екатеринбург;Баймак;https://city2city.ru/ekaterinburg-bajmak;такси {city_from} {city_to};такси Екатеринбург Баймак;2;;0;;0;;0
Екатеринбург;Баймак;https://city2city.ru/ekaterinburg-bajmak;трансфер {city_from} {city_to};трансфер Екатеринбург Баймак;0;;0;;0;;0
Екатеринбург;Баймак;https://city2city.ru/ekaterinburg-bajmak;межгород {city_from} {city_to};межгород Екатеринбург Баймак;0;;0;;0;;0
Екатеринбург;Баймак;https://city2city.ru/ekaterinburg-bajmak;такси {city_from} {city_to} цена;такси Екатеринбург Баймак цена;0;;0;;0;;0
Екатеринбург;Белорецк;https://city2city.ru/ekaterinburg-beloreczk;такси {city_from} {city_to};такси Екатеринбург Белорецк;67;такси белорецк екатеринбург;67;такси белорецк екатеринбург телефон;5;;0
Екатеринбург;Белорецк;https://city2city.ru/ekaterinburg-beloreczk;трансфер {city_from} {city_to};трансфер Екатеринбург Белорецк;0;;0;;0;;0
Екатеринбург;Белорецк;https://city2city.ru/ekaterinburg-beloreczk;межгород {city_from} {city_to};межгород Екатеринбург Белорецк;5;;0;;0;;0
Екатеринбург;Белорецк;https://city2city.ru/ekaterinburg-beloreczk;такси {city_from} {city_to} цена;такси Екатеринбург Белорецк цена;1;;0;;0;;0
Екатеринбург;посёлок городского типа Белоярский;https://city2city.ru/ekaterinburg-beloyarskij;такси {city_from} {city_to};такси Екатеринбург посёлок городского типа Белоярский;0;;0;;0;;0
Екатеринбург;посёлок городского типа Белоярский;https://city2city.ru/ekaterinburg-beloyarskij;трансфер {city_from} {city_to};трансфер Екатеринбург посёлок городского типа Белоярский;0;;0;;0;;0
Екатеринбург;посёлок городского типа Белоярский;https://city2city.ru/ekaterinburg-beloyarskij;межгород {city_from} {city_to};межгород Екатеринбург посёлок городского типа Белоярский;0;;0;;0;;0
Екатеринбург;посёлок городского типа Белоярский;https://city2city.ru/ekaterinburg-beloyarskij;такси {city_from} {city_to} цена;такси Екатеринбург посёлок городского типа Белоярский цена;0;;0;;0;;0
Екатеринбург;Березники;https://city2city.ru/ekaterinburg-berezniki;такси {city_from} {city_to};такси Екатеринбург Березники;0;;0;;0;;0
Екатеринбург;Березники;https://city2city.ru/ekaterinburg-berezniki;трансфер {city_from} {city_to};трансфер Екатеринбург Березники;2;;0;;0;;0
Екатеринбург;Березники;https://city2city.ru/ekaterinburg-berezniki;межгород {city_from} {city_to};межгород Екатеринбург Березники;1;;0;;0;;0
Екатеринбург;Березники;https://city2city.ru/ekaterinburg-berezniki;такси {city_from} {city_to} цена;такси Екатеринбург Березники цена;0;;0;;0;;0
Екатеринбург;Берёзовский;https://city2city.ru/ekaterinburg-beryozovskij;такси {city_from} {city_to};такси Екатеринбург Берёзовский;48;такси березовский екатеринбург;48;;0;;0
Екатеринбург;Берёзовский;https://city2city.ru/ekaterinburg-beryozovskij;трансфер {city_from} {city_to};трансфер Екатеринбург Берёзовский;3;;0;;0;;0
Екатеринбург;Берёзовский;https://city2city.ru/ekaterinburg-beryozovskij;межгород {city_from} {city_to};межгород Екатеринбург Берёзовский;1;;0;;0;;0
Екатеринбург;Берёзовский;https://city2city.ru/ekaterinburg-beryozovskij;такси {city_from} {city_to} цена;такси Екатеринбург Берёзовский цена;3;;0;;0;;0
Екатеринбург;Бирск;https://city2city.ru/ekaterinburg-birsk;такси {city_from} {city_to};такси Екатеринбург Бирск;3;;0;;0;;0
Екатеринбург;Бирск;https://city2city.ru/ekaterinburg-birsk;трансфер {city_from} {city_to};трансфер Екатеринбург Бирск;0;;0;;0;;0
Екатеринбург;Бирск;https://city2city.ru/ekaterinburg-birsk;межгород {city_from} {city_to};межгород Екатеринбург Бирск;0;;0;;0;;0
Екатеринбург;Бирск;https://city2city.ru/ekaterinburg-birsk;такси {city_from} {city_to} цена;такси Екатеринбург Бирск цена;1;;0;;0;;0
Екатеринбург;посёлок городского типа Бисерть;https://city2city.ru/ekaterinburg-bisert;такси {city_from} {city_to};такси Екатеринбург посёлок городского типа Бисерть;0;;0;;0;;0
Екатеринбург;посёлок городского типа Бисерть;https://city2city.ru/ekaterinburg-bisert;трансфер {city_from} {city_to};трансфер Екатеринбург посёлок городского типа Бисерть;0;;0;;0;;0
Екатеринбург;посёлок городского типа Бисерть;https://city2city.ru/ekaterinburg-bisert;межгород {city_from} {city_to};межгород Екатеринбург посёлок городского типа Бисерть;0;;0;;0;;0
Екатеринбург;посёлок городского типа Бисерть;https://city2city.ru/ekaterinburg-bisert;такси {city_from} {city_to} цена;такси Екатеринбург посёлок городского типа Бисерть цена;0;;0;;0;;0
Екатеринбург;Чайковский;https://city2city.ru/ekaterinburg-chajkovskij;такси {city_from} {city_to};такси Екатеринбург Чайковский;2;;0;;0;;0
Екатеринбург;Чайковский;https://city2city.ru/ekaterinburg-chajkovskij;трансфер {city_from} {city_to};трансфер Екатеринбург Чайковский;1;;0;;0;;0
Екатеринбург;Чайковский;https://city2city.ru/ekaterinburg-chajkovskij;межгород {city_from} {city_to};межгород Екатеринбург Чайковский;0;;0;;0;;0
Екатеринбург;Чайковский;https://city2city.ru/ekaterinburg-chajkovskij;такси {city_from} {city_to} цена;такси Екатеринбург Чайковский цена;0;;0;;0;;0
Екатеринбург;Чебаркуль;https://city2city.ru/ekaterinburg-chebarkul;такси {city_from} {city_to};такси Екатеринбург Чебаркуль;25;чебаркуль екатеринбург такси;25;;0;;0
Екатеринбург;Чебаркуль;https://city2city.ru/ekaterinburg-chebarkul;трансфер {city_from} {city_to};трансфер Екатеринбург Чебаркуль;0;;0;;0;;0
Екатеринбург;Чебаркуль;https://city2city.ru/ekaterinburg-chebarkul;межгород {city_from} {city_to};межгород Екатеринбург Чебаркуль;3;;0;;0;;0
Екатеринбург;Чебаркуль;https://city2city.ru/ekaterinburg-chebarkul;такси {city_from} {city_to} цена;такси Екатеринбург Чебаркуль цена;3;;0;;0;;0
Екатеринбург;Чебоксары;https://city2city.ru/ekaterinburg-cheboksary;такси {city_from} {city_to};такси Екатеринбург Чебоксары;1;;0;;0;;0
Екатеринбург;Чебоксары;https://city2city.ru/ekaterinburg-cheboksary;трансфер {city_from} {city_to};трансфер Екатеринбург Чебоксары;0;;0;;0;;0
Екатеринбург;Чебоксары;https://city2city.ru/ekaterinburg-cheboksary;межгород {city_from} {city_to};межгород Екатеринбург Чебоксары;0;;0;;0;;0
Екатеринбург;Чебоксары;https://city2city.ru/ekaterinburg-cheboksary;такси {city_from} {city_to} цена;такси Екатеринбург Чебоксары цена;1;;0;;0;;0
международный аэропорт Кольцово Екатеринбург;;https://city2city.ru/ekaterinburg-chelyabinsk;такси {city_from} {city_to};такси международный аэропорт Кольцово Екатеринбург ;1;;0;;0;;0
международный аэропорт Кольцово Екатеринбург;;https://city2city.ru/ekaterinburg-chelyabinsk;трансфер {city_from} {city_to};трансфер международный аэропорт Кольцово Екатеринбург ;0;;0;;0;;0
международный аэропорт Кольцово Екатеринбург;;https://city2city.ru/ekaterinburg-chelyabinsk;межгород {city_from} {city_to};межгород международный аэропорт Кольцово Екатеринбург ;0;;0;;0;;0
международный аэропорт Кольцово Екатеринбург;;https://city2city.ru/ekaterinburg-chelyabinsk;такси {city_from} {city_to} цена;такси международный аэропорт Кольцово Екатеринбург  цена;1;;0;;0;;0
Екатеринбург;Челябинск;https://city2city.ru/ekaterinburg-chelyabinsk-2;такси {city_from} {city_to};такси Екатеринбург Челябинск;642;такси екатеринбург челябинск;642;такси челябинск кольцово екатеринбург;177;такси челябинск екатеринбург стоимость;78
Екатеринбург;Челябинск;https://city2city.ru/ekaterinburg-chelyabinsk-2;трансфер {city_from} {city_to};трансфер Екатеринбург Челябинск;180;трансфер челябинск екатеринбург;180;трансфер челябинск екатеринбург аэропорт;31;трансфер челябинск кольцово екатеринбург;29
Екатеринбург;Челябинск;https://city2city.ru/ekaterinburg-chelyabinsk-2;межгород {city_from} {city_to};межгород Екатеринбург Челябинск;62;межгород екатеринбург челябинск;62;такси межгород екатеринбург челябинск;28;;0
Екатеринбург;Челябинск;https://city2city.ru/ekaterinburg-chelyabinsk-2;такси {city_from} {city_to} цена;такси Екатеринбург Челябинск цена;78;такси екатеринбург челябинск цена;78;заказать такси с челябинска до екатеринбурга цена;6;;0
Екатеринбург;Чернушка;https://city2city.ru/ekaterinburg-chernushka;такси {city_from} {city_to};такси Екатеринбург Чернушка;6;;0;;0;;0
Екатеринбург;Чернушка;https://city2city.ru/ekaterinburg-chernushka;трансфер {city_from} {city_to};трансфер Екатеринбург Чернушка;0;;0;;0;;0
Екатеринбург;Чернушка;https://city2city.ru/ekaterinburg-chernushka;межгород {city_from} {city_to};межгород Екатеринбург Чернушка;0;;0;;0;;0
Екатеринбург;Чернушка;https://city2city.ru/ekaterinburg-chernushka;такси {city_from} {city_to} цена;такси Екатеринбург Чернушка цена;0;;0;;0;;0
Екатеринбург;Чусовой;https://city2city.ru/ekaterinburg-chusovoj;такси {city_from} {city_to};такси Екатеринбург Чусовой;7;;0;;0;;0
Екатеринбург;Чусовой;https://city2city.ru/ekaterinburg-chusovoj;трансфер {city_from} {city_to};трансфер Екатеринбург Чусовой;0;;0;;0;;0
Екатеринбург;Чусовой;https://city2city.ru/ekaterinburg-chusovoj;межгород {city_from} {city_to};межгород Екатеринбург Чусовой;0;;0;;0;;0
Екатеринбург;Чусовой;https://city2city.ru/ekaterinburg-chusovoj;такси {city_from} {city_to} цена;такси Екатеринбург Чусовой цена;3;;0;;0;;0
Екатеринбург;Дегтярск;https://city2city.ru/ekaterinburg-degtyarsk;такси {city_from} {city_to};такси Екатеринбург Дегтярск;10;такси екатеринбург дегтярск;10;;0;;0
Екатеринбург;Дегтярск;https://city2city.ru/ekaterinburg-degtyarsk;трансфер {city_from} {city_to};трансфер Екатеринбург Дегтярск;0;;0;;0;;0
Екатеринбург;Дегтярск;https://city2city.ru/ekaterinburg-degtyarsk;межгород {city_from} {city_to};межгород Екатеринбург Дегтярск;0;;0;;0;;0
Екатеринбург;Дегтярск;https://city2city.ru/ekaterinburg-degtyarsk;такси {city_from} {city_to} цена;такси Екатеринбург Дегтярск цена;0;;0;;0;;0
Екатеринбург;Добрянка;https://city2city.ru/ekaterinburg-dobryanka;такси {city_from} {city_to};такси Екатеринбург Добрянка;1;;0;;0;;0
Екатеринбург;Добрянка;https://city2city.ru/ekaterinburg-dobryanka;трансфер {city_from} {city_to};трансфер Екатеринбург Добрянка;0;;0;;0;;0
Екатеринбург;Добрянка;https://city2city.ru/ekaterinburg-dobryanka;межгород {city_from} {city_to};межгород Екатеринбург Добрянка;0;;0;;0;;0
Екатеринбург;Добрянка;https://city2city.ru/ekaterinburg-dobryanka;такси {city_from} {city_to} цена;такси Екатеринбург Добрянка цена;0;;0;;0;;0
Екатеринбург;посёлок городского типа Дружинино;https://city2city.ru/ekaterinburg-druzhinino;такси {city_from} {city_to};такси Екатеринбург посёлок городского типа Дружинино;0;;0;;0;;0
Екатеринбург;посёлок городского типа Дружинино;https://city2city.ru/ekaterinburg-druzhinino;трансфер {city_from} {city_to};трансфер Екатеринбург посёлок городского типа Дружинино;0;;0;;0;;0
Екатеринбург;посёлок городского типа Дружинино;https://city2city.ru/ekaterinburg-druzhinino;межгород {city_from} {city_to};межгород Екатеринбург посёлок городского типа Дружинино;0;;0;;0;;0
Екатеринбург;посёлок городского типа Дружинино;https://city2city.ru/ekaterinburg-druzhinino;такси {city_from} {city_to} цена;такси Екатеринбург посёлок городского типа Дружинино цена;0;;0;;0;;0
Екатеринбург;рабочий посёлок Елань;https://city2city.ru/ekaterinburg-elan;такси {city_from} {city_to};такси Екатеринбург рабочий посёлок Елань;0;;0;;0;;0
Екатеринбург;рабочий посёлок Елань;https://city2city.ru/ekaterinburg-elan;трансфер {city_from} {city_to};трансфер Екатеринбург рабочий посёлок Елань;0;;0;;0;;0
Екатеринбург;рабочий посёлок Елань;https://city2city.ru/ekaterinburg-elan;межгород {city_from} {city_to};межгород Екатеринбург рабочий посёлок Елань;0;;0;;0;;0
Екатеринбург;рабочий посёлок Елань;https://city2city.ru/ekaterinburg-elan;такси {city_from} {city_to} цена;такси Екатеринбург рабочий посёлок Елань цена;0;;0;;0;;0
Екатеринбург;Еманжелинск;https://city2city.ru/ekaterinburg-emanzhelinsk;такси {city_from} {city_to};такси Екатеринбург Еманжелинск;2;;0;;0;;0
Екатеринбург;Еманжелинск;https://city2city.ru/ekaterinburg-emanzhelinsk;трансфер {city_from} {city_to};трансфер Екатеринбург Еманжелинск;0;;0;;0;;0
Екатеринбург;Еманжелинск;https://city2city.ru/ekaterinburg-emanzhelinsk;межгород {city_from} {city_to};межгород Екатеринбург Еманжелинск;0;;0;;0;;0
Екатеринбург;Еманжелинск;https://city2city.ru/ekaterinburg-emanzhelinsk;такси {city_from} {city_to} цена;такси Екатеринбург Еманжелинск цена;0;;0;;0;;0
Екатеринбург;Гай;https://city2city.ru/ekaterinburg-gaj;такси {city_from} {city_to};такси Екатеринбург Гай;2;;0;;0;;0
Екатеринбург;Гай;https://city2city.ru/ekaterinburg-gaj;трансфер {city_from} {city_to};трансфер Екатеринбург Гай;0;;0;;0;;0
Екатеринбург;Гай;https://city2city.ru/ekaterinburg-gaj;межгород {city_from} {city_to};межгород Екатеринбург Гай;0;;0;;0;;0
Екатеринбург;Гай;https://city2city.ru/ekaterinburg-gaj;такси {city_from} {city_to} цена;такси Екатеринбург Гай цена;0;;0;;0;;0
Екатеринбург;посёлок городского типа Гари;https://city2city.ru/ekaterinburg-gari;такси {city_from} {city_to};такси Екатеринбург посёлок городского типа Гари;0;;0;;0;;0
Екатеринбург;посёлок городского типа Гари;https://city2city.ru/ekaterinburg-gari;трансфер {city_from} {city_to};трансфер Екатеринбург посёлок городского типа Гари;0;;0;;0;;0
Екатеринбург;посёлок городского типа Гари;https://city2city.ru/ekaterinburg-gari;межгород {city_from} {city_to};межгород Екатеринбург посёлок городского типа Гари;0;;0;;0;;0
Екатеринбург;посёлок городского типа Гари;https://city2city.ru/ekaterinburg-gari;такси {city_from} {city_to} цена;такси Екатеринбург посёлок городского типа Гари цена;0;;0;;0;;0
Екатеринбург;Геленджик;https://city2city.ru/ekaterinburg-gelendzhik;такси {city_from} {city_to};такси Екатеринбург Геленджик;0;;0;;0;;0
Екатеринбург;Геленджик;https://city2city.ru/ekaterinburg-gelendzhik;трансфер {city_from} {city_to};трансфер Екатеринбург Геленджик;0;;0;;0;;0
Екатеринбург;Геленджик;https://city2city.ru/ekaterinburg-gelendzhik;межгород {city_from} {city_to};межгород Екатеринбург Геленджик;0;;0;;0;;0
Екатеринбург;Геленджик;https://city2city.ru/ekaterinburg-gelendzhik;такси {city_from} {city_to} цена;такси Екатеринбург Геленджик цена;0;;0;;0;;0
Екатеринбург;Горнозаводск;https://city2city.ru/ekaterinburg-gornozavodsk;такси {city_from} {city_to};такси Екатеринбург Горнозаводск;6;такси от горнозаводска до екатеринбурга цена;6;;0;;0
Екатеринбург;Горнозаводск;https://city2city.ru/ekaterinburg-gornozavodsk;трансфер {city_from} {city_to};трансфер Екатеринбург Горнозаводск;0;;0;;0;;0
Екатеринбург;Горнозаводск;https://city2city.ru/ekaterinburg-gornozavodsk;межгород {city_from} {city_to};межгород Екатеринбург Горнозаводск;0;;0;;0;;0
Екатеринбург;Горнозаводск;https://city2city.ru/ekaterinburg-gornozavodsk;такси {city_from} {city_to} цена;такси Екатеринбург Горнозаводск цена;6;такси от горнозаводска до екатеринбурга цена;6;;0;;0
Екатеринбург;Губаха;https://city2city.ru/ekaterinburg-gubaxa;такси {city_from} {city_to};такси Екатеринбург Губаха;1;;0;;0;;0
Екатеринбург;Губаха;https://city2city.ru/ekaterinburg-gubaxa;трансфер {city_from} {city_to};трансфер Екатеринбург Губаха;13;;0;;0;;0
Екатеринбург;Губаха;https://city2city.ru/ekaterinburg-gubaxa;межгород {city_from} {city_to};межгород Екатеринбург Губаха;0;;0;;0;;0
Екатеринбург;Губаха;https://city2city.ru/ekaterinburg-gubaxa;такси {city_from} {city_to} цена;такси Екатеринбург Губаха цена;0;;0;;0;;0
Екатеринбург;;https://city2city.ru/ekaterinburg-irbit;такси {city_from} {city_to};такси Екатеринбург ;36663;такси екатеринбург;36663;яндекс такси екатеринбург;11184;такси екатеринбург телефон;6206
Екатеринбург;;https://city2city.ru/ekaterinburg-irbit;трансфер {city_from} {city_to};трансфер Екатеринбург ;1495;трансфер екатеринбург;1495;трансфер екатеринбург аэропорт;219;трансфер челябинск екатеринбург;180
Екатеринбург;;https://city2city.ru/ekaterinburg-irbit;межгород {city_from} {city_to};межгород Екатеринбург ;1356;межгород екатеринбург;1356;такси межгород екатеринбург;390;водитель екатеринбург межгород;291
Екатеринбург;;https://city2city.ru/ekaterinburg-irbit;такси {city_from} {city_to} цена;такси Екатеринбург  цена;1375;такси до екатеринбурга цена;483;такси кольцово екатеринбург цена;116;такси аэропорт екатеринбург цена;115
Екатеринбург;Ирбит;https://city2city.ru/ekaterinburg-irbit-2;такси {city_from} {city_to};такси Екатеринбург Ирбит;250;такси ирбит екатеринбург;250;такси межгород ирбит екатеринбург;62;такси ирбит екатеринбург номера;46
Екатеринбург;Ирбит;https://city2city.ru/ekaterinburg-irbit-2;трансфер {city_from} {city_to};трансфер Екатеринбург Ирбит;0;;0;;0;;0
Екатеринбург;Ирбит;https://city2city.ru/ekaterinburg-irbit-2;межгород {city_from} {city_to};межгород Екатеринбург Ирбит;68;ирбит екатеринбург межгород;68;такси межгород ирбит екатеринбург;62;;0
Екатеринбург;Ирбит;https://city2city.ru/ekaterinburg-irbit-2;такси {city_from} {city_to} цена;такси Екатеринбург Ирбит цена;23;такси ирбит екатеринбург цена;23;;0;;0
Екатеринбург;Ишим;https://city2city.ru/ekaterinburg-ishim;такси {city_from} {city_to};такси Екатеринбург Ишим;0;;0;;0;;0
Екатеринбург;Ишим;https://city2city.ru/ekaterinburg-ishim;трансфер {city_from} {city_to};трансфер Екатеринбург Ишим;0;;0;;0;;0
Екатеринбург;Ишим;https://city2city.ru/ekaterinburg-ishim;межгород {city_from} {city_to};межгород Екатеринбург Ишим;0;;0;;0;;0
Екатеринбург;Ишим;https://city2city.ru/ekaterinburg-ishim;такси {city_from} {city_to} цена;такси Екатеринбург Ишим цена;0;;0;;0;;0
Екатеринбург;Ижевск;https://city2city.ru/ekaterinburg-izhevsk;такси {city_from} {city_to};такси Екатеринбург Ижевск;11;такси екатеринбург ижевск;11;;0;;0
Екатеринбург;Ижевск;https://city2city.ru/ekaterinburg-izhevsk;трансфер {city_from} {city_to};трансфер Екатеринбург Ижевск;23;трансфер ижевск екатеринбург;23;;0;;0
Екатеринбург;Ижевск;https://city2city.ru/ekaterinburg-izhevsk;межгород {city_from} {city_to};межгород Екатеринбург Ижевск;0;;0;;0;;0
Екатеринбург;Ижевск;https://city2city.ru/ekaterinburg-izhevsk;такси {city_from} {city_to} цена;такси Екатеринбург Ижевск цена;0;;0;;0;;0
Екатеринбург;Качканар;https://city2city.ru/ekaterinburg-kachkanar;такси {city_from} {city_to};такси Екатеринбург Качканар;23;такси качканар екатеринбург;23;межгород такси с качканара до екатеринбурга цена;5;;0
Екатеринбург;Качканар;https://city2city.ru/ekaterinburg-kachkanar;трансфер {city_from} {city_to};трансфер Екатеринбург Качканар;4;;0;;0;;0
Екатеринбург;Качканар;https://city2city.ru/ekaterinburg-kachkanar;межгород {city_from} {city_to};межгород Екатеринбург Качканар;5;межгород такси с качканара до екатеринбурга цена;5;;0;;0
Екатеринбург;Качканар;https://city2city.ru/ekaterinburg-kachkanar;такси {city_from} {city_to} цена;такси Екатеринбург Качканар цена;6;межгород такси с качканара до екатеринбурга цена;5;;0;;0
Екатеринбург;Каменск-Уральский;https://city2city.ru/ekaterinburg-kamensk-uralskij;такси {city_from} {city_to};такси Екатеринбург Каменск-Уральский;87;такси екатеринбург каменск уральский;87;сколько стоит такси каменск уральский екатеринбург;15;такси каменск уральский екатеринбург цена;15
Екатеринбург;Каменск-Уральский;https://city2city.ru/ekaterinburg-kamensk-uralskij;трансфер {city_from} {city_to};трансфер Екатеринбург Каменск-Уральский;2;;0;;0;;0
Екатеринбург;Каменск-Уральский;https://city2city.ru/ekaterinburg-kamensk-uralskij;межгород {city_from} {city_to};межгород Екатеринбург Каменск-Уральский;9;;0;;0;;0
Екатеринбург;Каменск-Уральский;https://city2city.ru/ekaterinburg-kamensk-uralskij;такси {city_from} {city_to} цена;такси Екатеринбург Каменск-Уральский цена;15;такси каменск уральский екатеринбург цена;15;;0;;0
Екатеринбург;посёлок городского типа Карабаш;https://city2city.ru/ekaterinburg-karabash;такси {city_from} {city_to};такси Екатеринбург посёлок городского типа Карабаш;0;;0;;0;;0
Екатеринбург;посёлок городского типа Карабаш;https://city2city.ru/ekaterinburg-karabash;трансфер {city_from} {city_to};трансфер Екатеринбург посёлок городского типа Карабаш;0;;0;;0;;0
Екатеринбург;посёлок городского типа Карабаш;https://city2city.ru/ekaterinburg-karabash;межгород {city_from} {city_to};межгород Екатеринбург посёлок городского типа Карабаш;0;;0;;0;;0
Екатеринбург;посёлок городского типа Карабаш;https://city2city.ru/ekaterinburg-karabash;такси {city_from} {city_to} цена;такси Екатеринбург посёлок городского типа Карабаш цена;0;;0;;0;;0
Екатеринбург;посёлок Каргаполье;https://city2city.ru/ekaterinburg-kargapole;такси {city_from} {city_to};такси Екатеринбург посёлок Каргаполье;0;;0;;0;;0
Екатеринбург;посёлок Каргаполье;https://city2city.ru/ekaterinburg-kargapole;трансфер {city_from} {city_to};трансфер Екатеринбург посёлок Каргаполье;0;;0;;0;;0
Екатеринбург;посёлок Каргаполье;https://city2city.ru/ekaterinburg-kargapole;межгород {city_from} {city_to};межгород Екатеринбург посёлок Каргаполье;0;;0;;0;;0
Екатеринбург;посёлок Каргаполье;https://city2city.ru/ekaterinburg-kargapole;такси {city_from} {city_to} цена;такси Екатеринбург посёлок Каргаполье цена;0;;0;;0;;0
Екатеринбург;Касли;https://city2city.ru/ekaterinburg-kasli;такси {city_from} {city_to};такси Екатеринбург Касли;4;;0;;0;;0
Екатеринбург;Касли;https://city2city.ru/ekaterinburg-kasli;трансфер {city_from} {city_to};трансфер Екатеринбург Касли;0;;0;;0;;0
Екатеринбург;Касли;https://city2city.ru/ekaterinburg-kasli;межгород {city_from} {city_to};межгород Екатеринбург Касли;0;;0;;0;;0
Екатеринбург;Касли;https://city2city.ru/ekaterinburg-kasli;такси {city_from} {city_to} цена;такси Екатеринбург Касли цена;2;;0;;0;;0
Екатеринбург;Казань;https://city2city.ru/ekaterinburg-kazan;такси {city_from} {city_to};такси Екатеринбург Казань;42;такси екатеринбург казань;42;сколько стоит такси екатеринбург казань;8;такси казань екатеринбург цена;5
Екатеринбург;Казань;https://city2city.ru/ekaterinburg-kazan;трансфер {city_from} {city_to};трансфер Екатеринбург Казань;6;;0;;0;;0
Екатеринбург;Казань;https://city2city.ru/ekaterinburg-kazan;межгород {city_from} {city_to};межгород Екатеринбург Казань;1;;0;;0;;0
Екатеринбург;Казань;https://city2city.ru/ekaterinburg-kazan;такси {city_from} {city_to} цена;такси Екатеринбург Казань цена;5;такси казань екатеринбург цена;5;;0;;0
Екатеринбург;Киров;https://city2city.ru/ekaterinburg-kirov;такси {city_from} {city_to};такси Екатеринбург Киров;8;;0;;0;;0
Екатеринбург;Киров;https://city2city.ru/ekaterinburg-kirov;трансфер {city_from} {city_to};трансфер Екатеринбург Киров;3;;0;;0;;0
Екатеринбург;Киров;https://city2city.ru/ekaterinburg-kirov;межгород {city_from} {city_to};межгород Екатеринбург Киров;5;;0;;0;;0
Екатеринбург;Киров;https://city2city.ru/ekaterinburg-kirov;такси {city_from} {city_to} цена;такси Екатеринбург Киров цена;3;;0;;0;;0
Екатеринбург;Киров;https://city2city.ru/ekaterinburg-kirov-2;такси {city_from} {city_to};такси Екатеринбург Киров;8;;0;;0;;0
Екатеринбург;Киров;https://city2city.ru/ekaterinburg-kirov-2;трансфер {city_from} {city_to};трансфер Екатеринбург Киров;3;;0;;0;;0
Екатеринбург;Киров;https://city2city.ru/ekaterinburg-kirov-2;межгород {city_from} {city_to};межгород Екатеринбург Киров;5;;0;;0;;0
Екатеринбург;Киров;https://city2city.ru/ekaterinburg-kirov-2;такси {city_from} {city_to} цена;такси Екатеринбург Киров цена;3;;0;;0;;0
Екатеринбург;Кировград;https://city2city.ru/ekaterinburg-kirovgrad;такси {city_from} {city_to};такси Екатеринбург Кировград;12;такси кировград екатеринбург;12;;0;;0
Екатеринбург;Кировград;https://city2city.ru/ekaterinburg-kirovgrad;трансфер {city_from} {city_to};трансфер Екатеринбург Кировград;0;;0;;0;;0
Екатеринбург;Кировград;https://city2city.ru/ekaterinburg-kirovgrad;межгород {city_from} {city_to};межгород Екатеринбург Кировград;0;;0;;0;;0
Екатеринбург;Кировград;https://city2city.ru/ekaterinburg-kirovgrad;такси {city_from} {city_to} цена;такси Екатеринбург Кировград цена;2;;0;;0;;0
Екатеринбург;Кирс;https://city2city.ru/ekaterinburg-kirs;такси {city_from} {city_to};такси Екатеринбург Кирс;0;;0;;0;;0
Екатеринбург;Кирс;https://city2city.ru/ekaterinburg-kirs;трансфер {city_from} {city_to};трансфер Екатеринбург Кирс;0;;0;;0;;0
Екатеринбург;Кирс;https://city2city.ru/ekaterinburg-kirs;межгород {city_from} {city_to};межгород Екатеринбург Кирс;0;;0;;0;;0
Екатеринбург;Кирс;https://city2city.ru/ekaterinburg-kirs;такси {city_from} {city_to} цена;такси Екатеринбург Кирс цена;0;;0;;0;;0
Екатеринбург;Когалым;https://city2city.ru/ekaterinburg-kogalym;такси {city_from} {city_to};такси Екатеринбург Когалым;0;;0;;0;;0
Екатеринбург;Когалым;https://city2city.ru/ekaterinburg-kogalym;трансфер {city_from} {city_to};трансфер Екатеринбург Когалым;0;;0;;0;;0
Екатеринбург;Когалым;https://city2city.ru/ekaterinburg-kogalym;межгород {city_from} {city_to};межгород Екатеринбург Когалым;0;;0;;0;;0
Екатеринбург;Когалым;https://city2city.ru/ekaterinburg-kogalym;такси {city_from} {city_to} цена;такси Екатеринбург Когалым цена;0;;0;;0;;0
Екатеринбург;Копейск;https://city2city.ru/ekaterinburg-kopejsk;такси {city_from} {city_to};такси Екатеринбург Копейск;7;;0;;0;;0
Екатеринбург;Копейск;https://city2city.ru/ekaterinburg-kopejsk;трансфер {city_from} {city_to};трансфер Екатеринбург Копейск;0;;0;;0;;0
Екатеринбург;Копейск;https://city2city.ru/ekaterinburg-kopejsk;межгород {city_from} {city_to};межгород Екатеринбург Копейск;0;;0;;0;;0
Екатеринбург;Копейск;https://city2city.ru/ekaterinburg-kopejsk;такси {city_from} {city_to} цена;такси Екатеринбург Копейск цена;1;;0;;0;;0
Екатеринбург;Краснотурьинск;https://city2city.ru/ekaterinburg-krasnoturinsk;такси {city_from} {city_to};такси Екатеринбург Краснотурьинск;23;такси краснотурьинск екатеринбург;23;;0;;0
Екатеринбург;Краснотурьинск;https://city2city.ru/ekaterinburg-krasnoturinsk;трансфер {city_from} {city_to};трансфер Екатеринбург Краснотурьинск;0;;0;;0;;0
Екатеринбург;Краснотурьинск;https://city2city.ru/ekaterinburg-krasnoturinsk;межгород {city_from} {city_to};межгород Екатеринбург Краснотурьинск;0;;0;;0;;0
Екатеринбург;Краснотурьинск;https://city2city.ru/ekaterinburg-krasnoturinsk;такси {city_from} {city_to} цена;такси Екатеринбург Краснотурьинск цена;3;;0;;0;;0
Екатеринбург;Красноуфимск;https://city2city.ru/ekaterinburg-krasnoufimsk;такси {city_from} {city_to};такси Екатеринбург Красноуфимск;16;такси екатеринбург красноуфимск;16;;0;;0
Екатеринбург;Красноуфимск;https://city2city.ru/ekaterinburg-krasnoufimsk;трансфер {city_from} {city_to};трансфер Екатеринбург Красноуфимск;2;;0;;0;;0
Екатеринбург;Красноуфимск;https://city2city.ru/ekaterinburg-krasnoufimsk;межгород {city_from} {city_to};межгород Екатеринбург Красноуфимск;5;;0;;0;;0
Екатеринбург;Красноуфимск;https://city2city.ru/ekaterinburg-krasnoufimsk;такси {city_from} {city_to} цена;такси Екатеринбург Красноуфимск цена;2;;0;;0;;0
Екатеринбург;Красноуральск;https://city2city.ru/ekaterinburg-krasnouralsk;такси {city_from} {city_to};такси Екатеринбург Красноуральск;7;;0;;0;;0
Екатеринбург;Красноуральск;https://city2city.ru/ekaterinburg-krasnouralsk;трансфер {city_from} {city_to};трансфер Екатеринбург Красноуральск;0;;0;;0;;0
Екатеринбург;Красноуральск;https://city2city.ru/ekaterinburg-krasnouralsk;межгород {city_from} {city_to};межгород Екатеринбург Красноуральск;1;;0;;0;;0
Екатеринбург;Красноуральск;https://city2city.ru/ekaterinburg-krasnouralsk;такси {city_from} {city_to} цена;такси Екатеринбург Красноуральск цена;1;;0;;0;;0
международный аэропорт Кольцово Екатеринбург;;https://city2city.ru/ekaterinburg-kurgan;такси {city_from} {city_to};такси международный аэропорт Кольцово Екатеринбург ;1;;0;;0;;0
международный аэропорт Кольцово Екатеринбург;;https://city2city.ru/ekaterinburg-kurgan;трансфер {city_from} {city_to};трансфер международный аэропорт Кольцово Екатеринбург ;0;;0;;0;;0
международный аэропорт Кольцово Екатеринбург;;https://city2city.ru/ekaterinburg-kurgan;межгород {city_from} {city_to};межгород международный аэропорт Кольцово Екатеринбург ;0;;0;;0;;0
международный аэропорт Кольцово Екатеринбург;;https://city2city.ru/ekaterinburg-kurgan;такси {city_from} {city_to} цена;такси международный аэропорт Кольцово Екатеринбург  цена;1;;0;;0;;0
Екатеринбург;Кушва;https://city2city.ru/ekaterinburg-kushva;такси {city_from} {city_to};такси Екатеринбург Кушва;13;;0;;0;;0
Екатеринбург;Кушва;https://city2city.ru/ekaterinburg-kushva;трансфер {city_from} {city_to};трансфер Екатеринбург Кушва;0;;0;;0;;0
Екатеринбург;Кушва;https://city2city.ru/ekaterinburg-kushva;межгород {city_from} {city_to};межгород Екатеринбург Кушва;0;;0;;0;;0
Екатеринбург;Кушва;https://city2city.ru/ekaterinburg-kushva;такси {city_from} {city_to} цена;такси Екатеринбург Кушва цена;4;;0;;0;;0
Екатеринбург;деревня Кузино;https://city2city.ru/ekaterinburg-kuzino;такси {city_from} {city_to};такси Екатеринбург деревня Кузино;0;;0;;0;;0
Екатеринбург;деревня Кузино;https://city2city.ru/ekaterinburg-kuzino;трансфер {city_from} {city_to};трансфер Екатеринбург деревня Кузино;0;;0;;0;;0
Екатеринбург;деревня Кузино;https://city2city.ru/ekaterinburg-kuzino;межгород {city_from} {city_to};межгород Екатеринбург деревня Кузино;0;;0;;0;;0
Екатеринбург;деревня Кузино;https://city2city.ru/ekaterinburg-kuzino;такси {city_from} {city_to} цена;такси Екатеринбург деревня Кузино цена;0;;0;;0;;0
Екатеринбург;поселок Лесной;https://city2city.ru/ekaterinburg-lesnoj;такси {city_from} {city_to};такси Екатеринбург поселок Лесной;0;;0;;0;;0
Екатеринбург;поселок Лесной;https://city2city.ru/ekaterinburg-lesnoj;трансфер {city_from} {city_to};трансфер Екатеринбург поселок Лесной;0;;0;;0;;0
Екатеринбург;поселок Лесной;https://city2city.ru/ekaterinburg-lesnoj;межгород {city_from} {city_to};межгород Екатеринбург поселок Лесной;0;;0;;0;;0
Екатеринбург;поселок Лесной;https://city2city.ru/ekaterinburg-lesnoj;такси {city_from} {city_to} цена;такси Екатеринбург поселок Лесной цена;0;;0;;0;;0
Екатеринбург;Лысьва;https://city2city.ru/ekaterinburg-lysva;такси {city_from} {city_to};такси Екатеринбург Лысьва;5;;0;;0;;0
Екатеринбург;Лысьва;https://city2city.ru/ekaterinburg-lysva;трансфер {city_from} {city_to};трансфер Екатеринбург Лысьва;0;;0;;0;;0
Екатеринбург;Лысьва;https://city2city.ru/ekaterinburg-lysva;межгород {city_from} {city_to};межгород Екатеринбург Лысьва;0;;0;;0;;0
Екатеринбург;Лысьва;https://city2city.ru/ekaterinburg-lysva;такси {city_from} {city_to} цена;такси Екатеринбург Лысьва цена;1;;0;;0;;0
международный аэропорт Кольцово Екатеринбург;;https://city2city.ru/ekaterinburg-magnitogorsk;такси {city_from} {city_to};такси международный аэропорт Кольцово Екатеринбург ;1;;0;;0;;0
международный аэропорт Кольцово Екатеринбург;;https://city2city.ru/ekaterinburg-magnitogorsk;трансфер {city_from} {city_to};трансфер международный аэропорт Кольцово Екатеринбург ;0;;0;;0;;0
международный аэропорт Кольцово Екатеринбург;;https://city2city.ru/ekaterinburg-magnitogorsk;межгород {city_from} {city_to};межгород международный аэропорт Кольцово Екатеринбург ;0;;0;;0;;0
международный аэропорт Кольцово Екатеринбург;;https://city2city.ru/ekaterinburg-magnitogorsk;такси {city_from} {city_to} цена;такси международный аэропорт Кольцово Екатеринбург  цена;1;;0;;0;;0
Екатеринбург;Магнитогорск;https://city2city.ru/ekaterinburg-magnitogorsk-2;такси {city_from} {city_to};такси Екатеринбург Магнитогорск;84;такси магнитогорск екатеринбург;84;такси магнитогорск екатеринбург цена;13;;0
Екатеринбург;Магнитогорск;https://city2city.ru/ekaterinburg-magnitogorsk-2;трансфер {city_from} {city_to};трансфер Екатеринбург Магнитогорск;132;трансфер магнитогорск екатеринбург;132;трансфер магнитогорск екатеринбург аэропорт;35;трансфер магнитогорск екатеринбург аэропорт цена;20
Екатеринбург;Магнитогорск;https://city2city.ru/ekaterinburg-magnitogorsk-2;межгород {city_from} {city_to};межгород Екатеринбург Магнитогорск;11;;0;;0;;0
Екатеринбург;Магнитогорск;https://city2city.ru/ekaterinburg-magnitogorsk-2;такси {city_from} {city_to} цена;такси Екатеринбург Магнитогорск цена;13;такси магнитогорск екатеринбург цена;13;;0;;0
Екатеринбург;рабочий поселок Малышева;https://city2city.ru/ekaterinburg-malysheva;такси {city_from} {city_to};такси Екатеринбург рабочий поселок Малышева;0;;0;;0;;0
Екатеринбург;рабочий поселок Малышева;https://city2city.ru/ekaterinburg-malysheva;трансфер {city_from} {city_to};трансфер Екатеринбург рабочий поселок Малышева;0;;0;;0;;0
Екатеринбург;рабочий поселок Малышева;https://city2city.ru/ekaterinburg-malysheva;межгород {city_from} {city_to};межгород Екатеринбург рабочий поселок Малышева;0;;0;;0;;0
Екатеринбург;рабочий поселок Малышева;https://city2city.ru/ekaterinburg-malysheva;такси {city_from} {city_to} цена;такси Екатеринбург рабочий поселок Малышева цена;0;;0;;0;;0
Екатеринбург;посёлок городского типа Махнёво;https://city2city.ru/ekaterinburg-maxnyovo;такси {city_from} {city_to};такси Екатеринбург посёлок городского типа Махнёво;0;;0;;0;;0
Екатеринбург;посёлок городского типа Махнёво;https://city2city.ru/ekaterinburg-maxnyovo;трансфер {city_from} {city_to};трансфер Екатеринбург посёлок городского типа Махнёво;0;;0;;0;;0
Екатеринбург;посёлок городского типа Махнёво;https://city2city.ru/ekaterinburg-maxnyovo;межгород {city_from} {city_to};межгород Екатеринбург посёлок городского типа Махнёво;0;;0;;0;;0
Екатеринбург;посёлок городского типа Махнёво;https://city2city.ru/ekaterinburg-maxnyovo;такси {city_from} {city_to} цена;такси Екатеринбург посёлок городского типа Махнёво цена;0;;0;;0;;0
Екатеринбург;Миасс;https://city2city.ru/ekaterinburg-miass;такси {city_from} {city_to};такси Екатеринбург Миасс;39;такси екатеринбург миасс;39;такси миасс екатеринбург цена;9;;0
Екатеринбург;Миасс;https://city2city.ru/ekaterinburg-miass;трансфер {city_from} {city_to};трансфер Екатеринбург Миасс;5;трансфер миасс екатеринбург;5;;0;;0
Екатеринбург;Миасс;https://city2city.ru/ekaterinburg-miass;межгород {city_from} {city_to};межгород Екатеринбург Миасс;2;;0;;0;;0
Екатеринбург;Миасс;https://city2city.ru/ekaterinburg-miass;такси {city_from} {city_to} цена;такси Екатеринбург Миасс цена;9;такси миасс екатеринбург цена;9;;0;;0
Екатеринбург;поселок городского типа Мишкино;https://city2city.ru/ekaterinburg-mishkino;такси {city_from} {city_to};такси Екатеринбург поселок городского типа Мишкино;0;;0;;0;;0
Екатеринбург;поселок городского типа Мишкино;https://city2city.ru/ekaterinburg-mishkino;трансфер {city_from} {city_to};трансфер Екатеринбург поселок городского типа Мишкино;0;;0;;0;;0
Екатеринбург;поселок городского типа Мишкино;https://city2city.ru/ekaterinburg-mishkino;межгород {city_from} {city_to};межгород Екатеринбург поселок городского типа Мишкино;0;;0;;0;;0
Екатеринбург;поселок городского типа Мишкино;https://city2city.ru/ekaterinburg-mishkino;такси {city_from} {city_to} цена;такси Екатеринбург поселок городского типа Мишкино цена;0;;0;;0;;0
Екатеринбург;Москва;https://city2city.ru/ekaterinburg-moskva;такси {city_from} {city_to};такси Екатеринбург Москва;119;такси москва екатеринбург;119;екатеринбург москва сколько такси;20;екатеринбург москва такси сколько стоит;19
Екатеринбург;Москва;https://city2city.ru/ekaterinburg-moskva;трансфер {city_from} {city_to};трансфер Екатеринбург Москва;3;;0;;0;;0
Екатеринбург;Москва;https://city2city.ru/ekaterinburg-moskva;межгород {city_from} {city_to};межгород Екатеринбург Москва;14;;0;;0;;0
Екатеринбург;Москва;https://city2city.ru/ekaterinburg-moskva;такси {city_from} {city_to} цена;такси Екатеринбург Москва цена;18;такси екатеринбург москва цена;18;;0;;0
Екатеринбург;Набережные Челны;https://city2city.ru/ekaterinburg-naberezhnye-chelny;такси {city_from} {city_to};такси Екатеринбург Набережные Челны;6;;0;;0;;0
Екатеринбург;Набережные Челны;https://city2city.ru/ekaterinburg-naberezhnye-chelny;трансфер {city_from} {city_to};трансфер Екатеринбург Набережные Челны;0;;0;;0;;0
Екатеринбург;Набережные Челны;https://city2city.ru/ekaterinburg-naberezhnye-chelny;межгород {city_from} {city_to};межгород Екатеринбург Набережные Челны;2;;0;;0;;0
Екатеринбург;Набережные Челны;https://city2city.ru/ekaterinburg-naberezhnye-chelny;такси {city_from} {city_to} цена;такси Екатеринбург Набережные Челны цена;2;;0;;0;;0
Екатеринбург;Невьянск;https://city2city.ru/ekaterinburg-nevyansk;такси {city_from} {city_to};такси Екатеринбург Невьянск;22;такси екатеринбург невьянск;22;;0;;0
Екатеринбург;Невьянск;https://city2city.ru/ekaterinburg-nevyansk;трансфер {city_from} {city_to};трансфер Екатеринбург Невьянск;2;;0;;0;;0
Екатеринбург;Невьянск;https://city2city.ru/ekaterinburg-nevyansk;межгород {city_from} {city_to};межгород Екатеринбург Невьянск;6;;0;;0;;0
Екатеринбург;Невьянск;https://city2city.ru/ekaterinburg-nevyansk;такси {city_from} {city_to} цена;такси Екатеринбург Невьянск цена;6;;0;;0;;0
Екатеринбург;Нижневартовск;https://city2city.ru/ekaterinburg-nizhnevartovsk;такси {city_from} {city_to};такси Екатеринбург Нижневартовск;1;;0;;0;;0
Екатеринбург;Нижневартовск;https://city2city.ru/ekaterinburg-nizhnevartovsk;трансфер {city_from} {city_to};трансфер Екатеринбург Нижневартовск;0;;0;;0;;0
Екатеринбург;Нижневартовск;https://city2city.ru/ekaterinburg-nizhnevartovsk;межгород {city_from} {city_to};межгород Екатеринбург Нижневартовск;0;;0;;0;;0
Екатеринбург;Нижневартовск;https://city2city.ru/ekaterinburg-nizhnevartovsk;такси {city_from} {city_to} цена;такси Екатеринбург Нижневартовск цена;0;;0;;0;;0
Екатеринбург;Нижние Серги;https://city2city.ru/ekaterinburg-nizhnie-sergi;такси {city_from} {city_to};такси Екатеринбург Нижние Серги;9;;0;;0;;0
Екатеринбург;Нижние Серги;https://city2city.ru/ekaterinburg-nizhnie-sergi;трансфер {city_from} {city_to};трансфер Екатеринбург Нижние Серги;2;;0;;0;;0
Екатеринбург;Нижние Серги;https://city2city.ru/ekaterinburg-nizhnie-sergi;межгород {city_from} {city_to};межгород Екатеринбург Нижние Серги;0;;0;;0;;0
Екатеринбург;Нижние Серги;https://city2city.ru/ekaterinburg-nizhnie-sergi;такси {city_from} {city_to} цена;такси Екатеринбург Нижние Серги цена;5;;0;;0;;0
Екатеринбург;Нижняя Тура;https://city2city.ru/ekaterinburg-nizhnyaya-tura;такси {city_from} {city_to};такси Екатеринбург Нижняя Тура;29;такси нижняя тура екатеринбург;29;такси нижняя тура до екатеринбург попутчик;16;;0
Екатеринбург;Нижняя Тура;https://city2city.ru/ekaterinburg-nizhnyaya-tura;трансфер {city_from} {city_to};трансфер Екатеринбург Нижняя Тура;0;;0;;0;;0
Екатеринбург;Нижняя Тура;https://city2city.ru/ekaterinburg-nizhnyaya-tura;межгород {city_from} {city_to};межгород Екатеринбург Нижняя Тура;1;;0;;0;;0
Екатеринбург;Нижняя Тура;https://city2city.ru/ekaterinburg-nizhnyaya-tura;такси {city_from} {city_to} цена;такси Екатеринбург Нижняя Тура цена;3;;0;;0;;0
Екатеринбург;Новоуральск;https://city2city.ru/ekaterinburg-novouralsk;такси {city_from} {city_to};такси Екатеринбург Новоуральск;41;такси новоуральск екатеринбург;41;;0;;0
Екатеринбург;Новоуральск;https://city2city.ru/ekaterinburg-novouralsk;трансфер {city_from} {city_to};трансфер Екатеринбург Новоуральск;4;;0;;0;;0
Екатеринбург;Новоуральск;https://city2city.ru/ekaterinburg-novouralsk;межгород {city_from} {city_to};межгород Екатеринбург Новоуральск;1;;0;;0;;0
Екатеринбург;Новоуральск;https://city2city.ru/ekaterinburg-novouralsk;такси {city_from} {city_to} цена;такси Екатеринбург Новоуральск цена;2;;0;;0;;0
Екатеринбург;Нягань;https://city2city.ru/ekaterinburg-nyagan;такси {city_from} {city_to};такси Екатеринбург Нягань;2;;0;;0;;0
Екатеринбург;Нягань;https://city2city.ru/ekaterinburg-nyagan;трансфер {city_from} {city_to};трансфер Екатеринбург Нягань;0;;0;;0;;0
Екатеринбург;Нягань;https://city2city.ru/ekaterinburg-nyagan;межгород {city_from} {city_to};межгород Екатеринбург Нягань;0;;0;;0;;0
Екатеринбург;Нягань;https://city2city.ru/ekaterinburg-nyagan;такси {city_from} {city_to} цена;такси Екатеринбург Нягань цена;0;;0;;0;;0
Екатеринбург;Нязепетровск;https://city2city.ru/ekaterinburg-nyazepetrovsk;такси {city_from} {city_to};такси Екатеринбург Нязепетровск;2;;0;;0;;0
Екатеринбург;Нязепетровск;https://city2city.ru/ekaterinburg-nyazepetrovsk;трансфер {city_from} {city_to};трансфер Екатеринбург Нязепетровск;0;;0;;0;;0
Екатеринбург;Нязепетровск;https://city2city.ru/ekaterinburg-nyazepetrovsk;межгород {city_from} {city_to};межгород Екатеринбург Нязепетровск;0;;0;;0;;0
Екатеринбург;Нязепетровск;https://city2city.ru/ekaterinburg-nyazepetrovsk;такси {city_from} {city_to} цена;такси Екатеринбург Нязепетровск цена;2;;0;;0;;0
Екатеринбург;поселок городского типа Октябрьский;https://city2city.ru/ekaterinburg-oktyabrskij;такси {city_from} {city_to};такси Екатеринбург поселок городского типа Октябрьский;0;;0;;0;;0
Екатеринбург;поселок городского типа Октябрьский;https://city2city.ru/ekaterinburg-oktyabrskij;трансфер {city_from} {city_to};трансфер Екатеринбург поселок городского типа Октябрьский;0;;0;;0;;0
Екатеринбург;поселок городского типа Октябрьский;https://city2city.ru/ekaterinburg-oktyabrskij;межгород {city_from} {city_to};межгород Екатеринбург поселок городского типа Октябрьский;0;;0;;0;;0
Екатеринбург;поселок городского типа Октябрьский;https://city2city.ru/ekaterinburg-oktyabrskij;такси {city_from} {city_to} цена;такси Екатеринбург поселок городского типа Октябрьский цена;0;;0;;0;;0
Екатеринбург;Октябрьский;https://city2city.ru/ekaterinburg-oktyabrskij-5;такси {city_from} {city_to};такси Екатеринбург Октябрьский;17;такси октябрьский екатеринбург;17;;0;;0
Екатеринбург;Октябрьский;https://city2city.ru/ekaterinburg-oktyabrskij-5;трансфер {city_from} {city_to};трансфер Екатеринбург Октябрьский;0;;0;;0;;0
Екатеринбург;Октябрьский;https://city2city.ru/ekaterinburg-oktyabrskij-5;межгород {city_from} {city_to};межгород Екатеринбург Октябрьский;6;;0;;0;;0
Екатеринбург;Октябрьский;https://city2city.ru/ekaterinburg-oktyabrskij-5;такси {city_from} {city_to} цена;такси Екатеринбург Октябрьский цена;1;;0;;0;;0
Екатеринбург;посёлок Октябрьский;https://city2city.ru/ekaterinburg-oktyabrskij-6;такси {city_from} {city_to};такси Екатеринбург посёлок Октябрьский;1;;0;;0;;0
Екатеринбург;посёлок Октябрьский;https://city2city.ru/ekaterinburg-oktyabrskij-6;трансфер {city_from} {city_to};трансфер Екатеринбург посёлок Октябрьский;0;;0;;0;;0
Екатеринбург;посёлок Октябрьский;https://city2city.ru/ekaterinburg-oktyabrskij-6;межгород {city_from} {city_to};межгород Екатеринбург посёлок Октябрьский;0;;0;;0;;0
Екатеринбург;посёлок Октябрьский;https://city2city.ru/ekaterinburg-oktyabrskij-6;такси {city_from} {city_to} цена;такси Екатеринбург посёлок Октябрьский цена;0;;0;;0;;0
Екатеринбург;Оренбург;https://city2city.ru/ekaterinburg-orenburg;такси {city_from} {city_to};такси Екатеринбург Оренбург;39;такси оренбург екатеринбург;39;;0;;0
Екатеринбург;Оренбург;https://city2city.ru/ekaterinburg-orenburg;трансфер {city_from} {city_to};трансфер Екатеринбург Оренбург;1;;0;;0;;0
Екатеринбург;Оренбург;https://city2city.ru/ekaterinburg-orenburg;межгород {city_from} {city_to};межгород Екатеринбург Оренбург;1;;0;;0;;0
Екатеринбург;Оренбург;https://city2city.ru/ekaterinburg-orenburg;такси {city_from} {city_to} цена;такси Екатеринбург Оренбург цена;2;;0;;0;;0
Екатеринбург;Орск;https://city2city.ru/ekaterinburg-orsk;такси {city_from} {city_to};такси Екатеринбург Орск;12;орск екатеринбург такси;12;;0;;0
Екатеринбург;Орск;https://city2city.ru/ekaterinburg-orsk;трансфер {city_from} {city_to};трансфер Екатеринбург Орск;0;;0;;0;;0
Екатеринбург;Орск;https://city2city.ru/ekaterinburg-orsk;межгород {city_from} {city_to};межгород Екатеринбург Орск;2;;0;;0;;0
Екатеринбург;Орск;https://city2city.ru/ekaterinburg-orsk;такси {city_from} {city_to} цена;такси Екатеринбург Орск цена;0;;0;;0;;0
Екатеринбург;Озерск;https://city2city.ru/ekaterinburg-ozyorsk;такси {city_from} {city_to};такси Екатеринбург Озерск;133;такси озерск екатеринбург;133;такси хаски озерск екатеринбург;120;хаски такси озерск екатеринбург официальный;9
Екатеринбург;Озерск;https://city2city.ru/ekaterinburg-ozyorsk;трансфер {city_from} {city_to};трансфер Екатеринбург Озерск;0;;0;;0;;0
Екатеринбург;Озерск;https://city2city.ru/ekaterinburg-ozyorsk;межгород {city_from} {city_to};межгород Екатеринбург Озерск;1;;0;;0;;0
Екатеринбург;Озерск;https://city2city.ru/ekaterinburg-ozyorsk;такси {city_from} {city_to} цена;такси Екатеринбург Озерск цена;1;;0;;0;;0
Екатеринбург;посёлок городского типа Палкино;https://city2city.ru/ekaterinburg-palkino;такси {city_from} {city_to};такси Екатеринбург посёлок городского типа Палкино;0;;0;;0;;0
Екатеринбург;посёлок городского типа Палкино;https://city2city.ru/ekaterinburg-palkino;трансфер {city_from} {city_to};трансфер Екатеринбург посёлок городского типа Палкино;0;;0;;0;;0
Екатеринбург;посёлок городского типа Палкино;https://city2city.ru/ekaterinburg-palkino;межгород {city_from} {city_to};межгород Екатеринбург посёлок городского типа Палкино;0;;0;;0;;0
Екатеринбург;посёлок городского типа Палкино;https://city2city.ru/ekaterinburg-palkino;такси {city_from} {city_to} цена;такси Екатеринбург посёлок городского типа Палкино цена;0;;0;;0;;0
Екатеринбург;посёлок городского типа Пелым;https://city2city.ru/ekaterinburg-pelym;такси {city_from} {city_to};такси Екатеринбург посёлок городского типа Пелым;0;;0;;0;;0
Екатеринбург;посёлок городского типа Пелым;https://city2city.ru/ekaterinburg-pelym;трансфер {city_from} {city_to};трансфер Екатеринбург посёлок городского типа Пелым;0;;0;;0;;0
Екатеринбург;посёлок городского типа Пелым;https://city2city.ru/ekaterinburg-pelym;межгород {city_from} {city_to};межгород Екатеринбург посёлок городского типа Пелым;0;;0;;0;;0
Екатеринбург;посёлок городского типа Пелым;https://city2city.ru/ekaterinburg-pelym;такси {city_from} {city_to} цена;такси Екатеринбург посёлок городского типа Пелым цена;0;;0;;0;;0
международный аэропорт Кольцово Екатеринбург;;https://city2city.ru/ekaterinburg-perm;такси {city_from} {city_to};такси международный аэропорт Кольцово Екатеринбург ;1;;0;;0;;0
международный аэропорт Кольцово Екатеринбург;;https://city2city.ru/ekaterinburg-perm;трансфер {city_from} {city_to};трансфер международный аэропорт Кольцово Екатеринбург ;0;;0;;0;;0
международный аэропорт Кольцово Екатеринбург;;https://city2city.ru/ekaterinburg-perm;межгород {city_from} {city_to};межгород международный аэропорт Кольцово Екатеринбург ;0;;0;;0;;0
международный аэропорт Кольцово Екатеринбург;;https://city2city.ru/ekaterinburg-perm;такси {city_from} {city_to} цена;такси международный аэропорт Кольцово Екатеринбург  цена;1;;0;;0;;0
Екатеринбург;Первоуральск;https://city2city.ru/ekaterinburg-pervouralsk;такси {city_from} {city_to};такси Екатеринбург Первоуральск;136;такси екатеринбург первоуральск;136;такси екатеринбург первоуральск цена;25;сколько стоит такси от екатеринбурга до первоуральска;16
Екатеринбург;Первоуральск;https://city2city.ru/ekaterinburg-pervouralsk;трансфер {city_from} {city_to};трансфер Екатеринбург Первоуральск;6;;0;;0;;0
Екатеринбург;Первоуральск;https://city2city.ru/ekaterinburg-pervouralsk;межгород {city_from} {city_to};межгород Екатеринбург Первоуральск;5;;0;;0;;0
Екатеринбург;Первоуральск;https://city2city.ru/ekaterinburg-pervouralsk;такси {city_from} {city_to} цена;такси Екатеринбург Первоуральск цена;25;такси екатеринбург первоуральск цена;25;;0;;0
Екатеринбург;Петухово;https://city2city.ru/ekaterinburg-petuxovo;такси {city_from} {city_to};такси Екатеринбург Петухово;0;;0;;0;;0
Екатеринбург;Петухово;https://city2city.ru/ekaterinburg-petuxovo;трансфер {city_from} {city_to};трансфер Екатеринбург Петухово;0;;0;;0;;0
Екатеринбург;Петухово;https://city2city.ru/ekaterinburg-petuxovo;межгород {city_from} {city_to};межгород Екатеринбург Петухово;0;;0;;0;;0
Екатеринбург;Петухово;https://city2city.ru/ekaterinburg-petuxovo;такси {city_from} {city_to} цена;такси Екатеринбург Петухово цена;0;;0;;0;;0
Екатеринбург;Пласт;https://city2city.ru/ekaterinburg-plast;такси {city_from} {city_to};такси Екатеринбург Пласт;5;;0;;0;;0
Екатеринбург;Пласт;https://city2city.ru/ekaterinburg-plast;трансфер {city_from} {city_to};трансфер Екатеринбург Пласт;1;;0;;0;;0
Екатеринбург;Пласт;https://city2city.ru/ekaterinburg-plast;межгород {city_from} {city_to};межгород Екатеринбург Пласт;0;;0;;0;;0
Екатеринбург;Пласт;https://city2city.ru/ekaterinburg-plast;такси {city_from} {city_to} цена;такси Екатеринбург Пласт цена;0;;0;;0;;0
Екатеринбург;посёлок городского типа Покровское;https://city2city.ru/ekaterinburg-pokrovskoe;такси {city_from} {city_to};такси Екатеринбург посёлок городского типа Покровское;0;;0;;0;;0
Екатеринбург;посёлок городского типа Покровское;https://city2city.ru/ekaterinburg-pokrovskoe;трансфер {city_from} {city_to};трансфер Екатеринбург посёлок городского типа Покровское;0;;0;;0;;0
Екатеринбург;посёлок городского типа Покровское;https://city2city.ru/ekaterinburg-pokrovskoe;межгород {city_from} {city_to};межгород Екатеринбург посёлок городского типа Покровское;0;;0;;0;;0
Екатеринбург;посёлок городского типа Покровское;https://city2city.ru/ekaterinburg-pokrovskoe;такси {city_from} {city_to} цена;такси Екатеринбург посёлок городского типа Покровское цена;0;;0;;0;;0
Екатеринбург;посёлок городского типа Приобье;https://city2city.ru/ekaterinburg-priobe;такси {city_from} {city_to};такси Екатеринбург посёлок городского типа Приобье;0;;0;;0;;0
Екатеринбург;посёлок городского типа Приобье;https://city2city.ru/ekaterinburg-priobe;трансфер {city_from} {city_to};трансфер Екатеринбург посёлок городского типа Приобье;0;;0;;0;;0
Екатеринбург;посёлок городского типа Приобье;https://city2city.ru/ekaterinburg-priobe;межгород {city_from} {city_to};межгород Екатеринбург посёлок городского типа Приобье;0;;0;;0;;0
Екатеринбург;посёлок городского типа Приобье;https://city2city.ru/ekaterinburg-priobe;такси {city_from} {city_to} цена;такси Екатеринбург посёлок городского типа Приобье цена;0;;0;;0;;0
Екатеринбург;посёлок городского типа Пышма;https://city2city.ru/ekaterinburg-pyshma;такси {city_from} {city_to};такси Екатеринбург посёлок городского типа Пышма;0;;0;;0;;0
Екатеринбург;посёлок городского типа Пышма;https://city2city.ru/ekaterinburg-pyshma;трансфер {city_from} {city_to};трансфер Екатеринбург посёлок городского типа Пышма;0;;0;;0;;0
Екатеринбург;посёлок городского типа Пышма;https://city2city.ru/ekaterinburg-pyshma;межгород {city_from} {city_to};межгород Екатеринбург посёлок городского типа Пышма;0;;0;;0;;0
Екатеринбург;посёлок городского типа Пышма;https://city2city.ru/ekaterinburg-pyshma;такси {city_from} {city_to} цена;такси Екатеринбург посёлок городского типа Пышма цена;0;;0;;0;;0
Екатеринбург;посёлок городского типа Рефтинский;https://city2city.ru/ekaterinburg-reftinskij;такси {city_from} {city_to};такси Екатеринбург посёлок городского типа Рефтинский;0;;0;;0;;0
Екатеринбург;посёлок городского типа Рефтинский;https://city2city.ru/ekaterinburg-reftinskij;трансфер {city_from} {city_to};трансфер Екатеринбург посёлок городского типа Рефтинский;0;;0;;0;;0
Екатеринбург;посёлок городского типа Рефтинский;https://city2city.ru/ekaterinburg-reftinskij;межгород {city_from} {city_to};межгород Екатеринбург посёлок городского типа Рефтинский;0;;0;;0;;0
Екатеринбург;посёлок городского типа Рефтинский;https://city2city.ru/ekaterinburg-reftinskij;такси {city_from} {city_to} цена;такси Екатеринбург посёлок городского типа Рефтинский цена;0;;0;;0;;0
Екатеринбург;Ревда;https://city2city.ru/ekaterinburg-revda-2;такси {city_from} {city_to};такси Екатеринбург Ревда;38;такси екатеринбург ревда;38;;0;;0
Екатеринбург;Ревда;https://city2city.ru/ekaterinburg-revda-2;трансфер {city_from} {city_to};трансфер Екатеринбург Ревда;1;;0;;0;;0
Екатеринбург;Ревда;https://city2city.ru/ekaterinburg-revda-2;межгород {city_from} {city_to};межгород Екатеринбург Ревда;6;;0;;0;;0
Екатеринбург;Ревда;https://city2city.ru/ekaterinburg-revda-2;такси {city_from} {city_to} цена;такси Екатеринбург Ревда цена;2;;0;;0;;0
Екатеринбург;Реж;https://city2city.ru/ekaterinburg-rezh;такси {city_from} {city_to};такси Екатеринбург Реж;39;такси екатеринбург реж;39;;0;;0
Екатеринбург;Реж;https://city2city.ru/ekaterinburg-rezh;трансфер {city_from} {city_to};трансфер Екатеринбург Реж;0;;0;;0;;0
Екатеринбург;Реж;https://city2city.ru/ekaterinburg-rezh;межгород {city_from} {city_to};межгород Екатеринбург Реж;4;;0;;0;;0
Екатеринбург;Реж;https://city2city.ru/ekaterinburg-rezh;такси {city_from} {city_to} цена;такси Екатеринбург Реж цена;5;;0;;0;;0
Екатеринбург;Ростов-на-Дону;https://city2city.ru/ekaterinburg-rostov-na-don;такси {city_from} {city_to};такси Екатеринбург Ростов-на-Дону;4;;0;;0;;0
Екатеринбург;Ростов-на-Дону;https://city2city.ru/ekaterinburg-rostov-na-don;трансфер {city_from} {city_to};трансфер Екатеринбург Ростов-на-Дону;0;;0;;0;;0
Екатеринбург;Ростов-на-Дону;https://city2city.ru/ekaterinburg-rostov-na-don;межгород {city_from} {city_to};межгород Екатеринбург Ростов-на-Дону;0;;0;;0;;0
Екатеринбург;Ростов-на-Дону;https://city2city.ru/ekaterinburg-rostov-na-don;такси {city_from} {city_to} цена;такси Екатеринбург Ростов-на-Дону цена;0;;0;;0;;0
Екатеринбург;Самара;https://city2city.ru/ekaterinburg-samara;такси {city_from} {city_to};такси Екатеринбург Самара;15;самара екатеринбург такси;15;;0;;0
Екатеринбург;Самара;https://city2city.ru/ekaterinburg-samara;трансфер {city_from} {city_to};трансфер Екатеринбург Самара;1;;0;;0;;0
Екатеринбург;Самара;https://city2city.ru/ekaterinburg-samara;межгород {city_from} {city_to};межгород Екатеринбург Самара;0;;0;;0;;0
Екатеринбург;Самара;https://city2city.ru/ekaterinburg-samara;такси {city_from} {city_to} цена;такси Екатеринбург Самара цена;4;;0;;0;;0
Екатеринбург;Санкт-Петербург;https://city2city.ru/ekaterinburg-sankt-peterburg;такси {city_from} {city_to};такси Екатеринбург Санкт-Петербург;8;такси екатеринбург санкт петербург;8;;0;;0
Екатеринбург;Санкт-Петербург;https://city2city.ru/ekaterinburg-sankt-peterburg;трансфер {city_from} {city_to};трансфер Екатеринбург Санкт-Петербург;0;;0;;0;;0
Екатеринбург;Санкт-Петербург;https://city2city.ru/ekaterinburg-sankt-peterburg;межгород {city_from} {city_to};межгород Екатеринбург Санкт-Петербург;3;;0;;0;;0
Екатеринбург;Санкт-Петербург;https://city2city.ru/ekaterinburg-sankt-peterburg;такси {city_from} {city_to} цена;такси Екатеринбург Санкт-Петербург цена;2;;0;;0;;0
Екатеринбург;Саратов;https://city2city.ru/ekaterinburg-saratov;такси {city_from} {city_to};такси Екатеринбург Саратов;8;;0;;0;;0
Екатеринбург;Саратов;https://city2city.ru/ekaterinburg-saratov;трансфер {city_from} {city_to};трансфер Екатеринбург Саратов;0;;0;;0;;0
Екатеринбург;Саратов;https://city2city.ru/ekaterinburg-saratov;межгород {city_from} {city_to};межгород Екатеринбург Саратов;0;;0;;0;;0
Екатеринбург;Саратов;https://city2city.ru/ekaterinburg-saratov;такси {city_from} {city_to} цена;такси Екатеринбург Саратов цена;2;;0;;0;;0
Екатеринбург;деревня Большой Сарс;https://city2city.ru/ekaterinburg-sars;такси {city_from} {city_to};такси Екатеринбург деревня Большой Сарс;0;;0;;0;;0
Екатеринбург;деревня Большой Сарс;https://city2city.ru/ekaterinburg-sars;трансфер {city_from} {city_to};трансфер Екатеринбург деревня Большой Сарс;0;;0;;0;;0
Екатеринбург;деревня Большой Сарс;https://city2city.ru/ekaterinburg-sars;межгород {city_from} {city_to};межгород Екатеринбург деревня Большой Сарс;0;;0;;0;;0
Екатеринбург;деревня Большой Сарс;https://city2city.ru/ekaterinburg-sars;такси {city_from} {city_to} цена;такси Екатеринбург деревня Большой Сарс цена;0;;0;;0;;0
Екатеринбург;Сатка;https://city2city.ru/ekaterinburg-satka;такси {city_from} {city_to};такси Екатеринбург Сатка;6;;0;;0;;0
Екатеринбург;Сатка;https://city2city.ru/ekaterinburg-satka;трансфер {city_from} {city_to};трансфер Екатеринбург Сатка;0;;0;;0;;0
Екатеринбург;Сатка;https://city2city.ru/ekaterinburg-satka;межгород {city_from} {city_to};межгород Екатеринбург Сатка;0;;0;;0;;0
Екатеринбург;Сатка;https://city2city.ru/ekaterinburg-satka;такси {city_from} {city_to} цена;такси Екатеринбург Сатка цена;0;;0;;0;;0
Екатеринбург;село Красногвардейское;https://city2city.ru/ekaterinburg-selo-krasnogvardejskoe;такси {city_from} {city_to};такси Екатеринбург село Красногвардейское;0;;0;;0;;0
Екатеринбург;село Красногвардейское;https://city2city.ru/ekaterinburg-selo-krasnogvardejskoe;трансфер {city_from} {city_to};трансфер Екатеринбург село Красногвардейское;0;;0;;0;;0
Екатеринбург;село Красногвардейское;https://city2city.ru/ekaterinburg-selo-krasnogvardejskoe;межгород {city_from} {city_to};межгород Екатеринбург село Красногвардейское;0;;0;;0;;0
Екатеринбург;село Красногвардейское;https://city2city.ru/ekaterinburg-selo-krasnogvardejskoe;такси {city_from} {city_to} цена;такси Екатеринбург село Красногвардейское цена;0;;0;;0;;0
Екатеринбург;Серов;https://city2city.ru/ekaterinburg-serov;такси {city_from} {city_to};такси Екатеринбург Серов;18;такси екатеринбург серов;18;;0;;0
Екатеринбург;Серов;https://city2city.ru/ekaterinburg-serov;трансфер {city_from} {city_to};трансфер Екатеринбург Серов;1;;0;;0;;0
Екатеринбург;Серов;https://city2city.ru/ekaterinburg-serov;межгород {city_from} {city_to};межгород Екатеринбург Серов;3;;0;;0;;0
Екатеринбург;Серов;https://city2city.ru/ekaterinburg-serov;такси {city_from} {city_to} цена;такси Екатеринбург Серов цена;3;;0;;0;;0
Екатеринбург;Севастополь;https://city2city.ru/ekaterinburg-sevastopol;такси {city_from} {city_to};такси Екатеринбург Севастополь;0;;0;;0;;0
Екатеринбург;Севастополь;https://city2city.ru/ekaterinburg-sevastopol;трансфер {city_from} {city_to};трансфер Екатеринбург Севастополь;0;;0;;0;;0
Екатеринбург;Севастополь;https://city2city.ru/ekaterinburg-sevastopol;межгород {city_from} {city_to};межгород Екатеринбург Севастополь;0;;0;;0;;0
Екатеринбург;Севастополь;https://city2city.ru/ekaterinburg-sevastopol;такси {city_from} {city_to} цена;такси Екатеринбург Севастополь цена;0;;0;;0;;0
Екатеринбург;Североуральск;https://city2city.ru/ekaterinburg-severouralsk;такси {city_from} {city_to};такси Екатеринбург Североуральск;68;такси екатеринбург североуральск;68;такси ред екатеринбург североуральск;56;ред такси североуральск расписание рейсов екатеринбург;21
Екатеринбург;Североуральск;https://city2city.ru/ekaterinburg-severouralsk;трансфер {city_from} {city_to};трансфер Екатеринбург Североуральск;0;;0;;0;;0
Екатеринбург;Североуральск;https://city2city.ru/ekaterinburg-severouralsk;межгород {city_from} {city_to};межгород Екатеринбург Североуральск;1;;0;;0;;0
Екатеринбург;Североуральск;https://city2city.ru/ekaterinburg-severouralsk;такси {city_from} {city_to} цена;такси Екатеринбург Североуральск цена;5;;0;;0;;0
международный аэропорт Кольцово Екатеринбург;;https://city2city.ru/ekaterinburg-shadrinsk;такси {city_from} {city_to};такси международный аэропорт Кольцово Екатеринбург ;1;;0;;0;;0
международный аэропорт Кольцово Екатеринбург;;https://city2city.ru/ekaterinburg-shadrinsk;трансфер {city_from} {city_to};трансфер международный аэропорт Кольцово Екатеринбург ;0;;0;;0;;0
международный аэропорт Кольцово Екатеринбург;;https://city2city.ru/ekaterinburg-shadrinsk;межгород {city_from} {city_to};межгород международный аэропорт Кольцово Екатеринбург ;0;;0;;0;;0
международный аэропорт Кольцово Екатеринбург;;https://city2city.ru/ekaterinburg-shadrinsk;такси {city_from} {city_to} цена;такси международный аэропорт Кольцово Екатеринбург  цена;1;;0;;0;;0
Екатеринбург;посёлок городского типа Шаля;https://city2city.ru/ekaterinburg-shalya;такси {city_from} {city_to};такси Екатеринбург посёлок городского типа Шаля;0;;0;;0;;0
Екатеринбург;посёлок городского типа Шаля;https://city2city.ru/ekaterinburg-shalya;трансфер {city_from} {city_to};трансфер Екатеринбург посёлок городского типа Шаля;0;;0;;0;;0
Екатеринбург;посёлок городского типа Шаля;https://city2city.ru/ekaterinburg-shalya;межгород {city_from} {city_to};межгород Екатеринбург посёлок городского типа Шаля;0;;0;;0;;0
Екатеринбург;посёлок городского типа Шаля;https://city2city.ru/ekaterinburg-shalya;такси {city_from} {city_to} цена;такси Екатеринбург посёлок городского типа Шаля цена;0;;0;;0;;0
Екатеринбург;Шарья;https://city2city.ru/ekaterinburg-sharya;такси {city_from} {city_to};такси Екатеринбург Шарья;0;;0;;0;;0
Екатеринбург;Шарья;https://city2city.ru/ekaterinburg-sharya;трансфер {city_from} {city_to};трансфер Екатеринбург Шарья;0;;0;;0;;0
Екатеринбург;Шарья;https://city2city.ru/ekaterinburg-sharya;межгород {city_from} {city_to};межгород Екатеринбург Шарья;0;;0;;0;;0
Екатеринбург;Шарья;https://city2city.ru/ekaterinburg-sharya;такси {city_from} {city_to} цена;такси Екатеринбург Шарья цена;0;;0;;0;;0
Екатеринбург;Шумиха;https://city2city.ru/ekaterinburg-shumixa;такси {city_from} {city_to};такси Екатеринбург Шумиха;1;;0;;0;;0
Екатеринбург;Шумиха;https://city2city.ru/ekaterinburg-shumixa;трансфер {city_from} {city_to};трансфер Екатеринбург Шумиха;0;;0;;0;;0
Екатеринбург;Шумиха;https://city2city.ru/ekaterinburg-shumixa;межгород {city_from} {city_to};межгород Екатеринбург Шумиха;0;;0;;0;;0
Екатеринбург;Шумиха;https://city2city.ru/ekaterinburg-shumixa;такси {city_from} {city_to} цена;такси Екатеринбург Шумиха цена;1;;0;;0;;0
Екатеринбург;;https://city2city.ru/ekaterinburg-sibaj;такси {city_from} {city_to};такси Екатеринбург ;36663;такси екатеринбург;36663;яндекс такси екатеринбург;11184;такси екатеринбург телефон;6206
Екатеринбург;;https://city2city.ru/ekaterinburg-sibaj;трансфер {city_from} {city_to};трансфер Екатеринбург ;1495;трансфер екатеринбург;1495;трансфер екатеринбург аэропорт;219;трансфер челябинск екатеринбург;180
Екатеринбург;;https://city2city.ru/ekaterinburg-sibaj;межгород {city_from} {city_to};межгород Екатеринбург ;1356;межгород екатеринбург;1356;такси межгород екатеринбург;390;водитель екатеринбург межгород;291
Екатеринбург;;https://city2city.ru/ekaterinburg-sibaj;такси {city_from} {city_to} цена;такси Екатеринбург  цена;1375;такси до екатеринбурга цена;483;такси кольцово екатеринбург цена;116;такси аэропорт екатеринбург цена;115
Екатеринбург;Сибай;https://city2city.ru/ekaterinburg-sibaj-2;такси {city_from} {city_to};такси Екатеринбург Сибай;164;такси сибай екатеринбург;164;такси сибай екатеринбург номера;17;такси ниссан сибай екатеринбург;17
Екатеринбург;Сибай;https://city2city.ru/ekaterinburg-sibaj-2;трансфер {city_from} {city_to};трансфер Екатеринбург Сибай;1;;0;;0;;0
Екатеринбург;Сибай;https://city2city.ru/ekaterinburg-sibaj-2;межгород {city_from} {city_to};межгород Екатеринбург Сибай;8;такси межгород екатеринбург сибай;8;;0;;0
Екатеринбург;Сибай;https://city2city.ru/ekaterinburg-sibaj-2;такси {city_from} {city_to} цена;такси Екатеринбург Сибай цена;9;такси сибай екатеринбург цена;9;;0;;0
Екатеринбург;Снежинск;https://city2city.ru/ekaterinburg-snezhinsk;такси {city_from} {city_to};такси Екатеринбург Снежинск;19;такси снежинск екатеринбург;19;;0;;0
Екатеринбург;Снежинск;https://city2city.ru/ekaterinburg-snezhinsk;трансфер {city_from} {city_to};трансфер Екатеринбург Снежинск;0;;0;;0;;0
Екатеринбург;Снежинск;https://city2city.ru/ekaterinburg-snezhinsk;межгород {city_from} {city_to};межгород Екатеринбург Снежинск;2;;0;;0;;0
Екатеринбург;Снежинск;https://city2city.ru/ekaterinburg-snezhinsk;такси {city_from} {city_to} цена;такси Екатеринбург Снежинск цена;1;;0;;0;;0
Екатеринбург;Сочи;https://city2city.ru/ekaterinburg-sochi;такси {city_from} {city_to};такси Екатеринбург Сочи;7;;0;;0;;0
Екатеринбург;Сочи;https://city2city.ru/ekaterinburg-sochi;трансфер {city_from} {city_to};трансфер Екатеринбург Сочи;3;;0;;0;;0
Екатеринбург;Сочи;https://city2city.ru/ekaterinburg-sochi;межгород {city_from} {city_to};межгород Екатеринбург Сочи;1;;0;;0;;0
Екатеринбург;Сочи;https://city2city.ru/ekaterinburg-sochi;такси {city_from} {city_to} цена;такси Екатеринбург Сочи цена;2;;0;;0;;0
Екатеринбург;Соль-Илецк;https://city2city.ru/ekaterinburg-sol-ileczk;такси {city_from} {city_to};такси Екатеринбург Соль-Илецк;1;;0;;0;;0
Екатеринбург;Соль-Илецк;https://city2city.ru/ekaterinburg-sol-ileczk;трансфер {city_from} {city_to};трансфер Екатеринбург Соль-Илецк;0;;0;;0;;0
Екатеринбург;Соль-Илецк;https://city2city.ru/ekaterinburg-sol-ileczk;межгород {city_from} {city_to};межгород Екатеринбург Соль-Илецк;0;;0;;0;;0
Екатеринбург;Соль-Илецк;https://city2city.ru/ekaterinburg-sol-ileczk;такси {city_from} {city_to} цена;такси Екатеринбург Соль-Илецк цена;0;;0;;0;;0
Екатеринбург;Соликамск;https://city2city.ru/ekaterinburg-solikamsk;такси {city_from} {city_to};такси Екатеринбург Соликамск;1;;0;;0;;0
Екатеринбург;Соликамск;https://city2city.ru/ekaterinburg-solikamsk;трансфер {city_from} {city_to};трансфер Екатеринбург Соликамск;0;;0;;0;;0
Екатеринбург;Соликамск;https://city2city.ru/ekaterinburg-solikamsk;межгород {city_from} {city_to};межгород Екатеринбург Соликамск;0;;0;;0;;0
Екатеринбург;Соликамск;https://city2city.ru/ekaterinburg-solikamsk;такси {city_from} {city_to} цена;такси Екатеринбург Соликамск цена;1;;0;;0;;0
Екатеринбург;посёлок Солнечный;https://city2city.ru/ekaterinburg-solnechnyj;такси {city_from} {city_to};такси Екатеринбург посёлок Солнечный;1;;0;;0;;0
Екатеринбург;посёлок Солнечный;https://city2city.ru/ekaterinburg-solnechnyj;трансфер {city_from} {city_to};трансфер Екатеринбург посёлок Солнечный;0;;0;;0;;0
Екатеринбург;посёлок Солнечный;https://city2city.ru/ekaterinburg-solnechnyj;межгород {city_from} {city_to};межгород Екатеринбург посёлок Солнечный;1;;0;;0;;0
Екатеринбург;посёлок Солнечный;https://city2city.ru/ekaterinburg-solnechnyj;такси {city_from} {city_to} цена;такси Екатеринбург посёлок Солнечный цена;0;;0;;0;;0
Екатеринбург;поселок городского типа Сосьва;https://city2city.ru/ekaterinburg-sosva;такси {city_from} {city_to};такси Екатеринбург поселок городского типа Сосьва;0;;0;;0;;0
Екатеринбург;поселок городского типа Сосьва;https://city2city.ru/ekaterinburg-sosva;трансфер {city_from} {city_to};трансфер Екатеринбург поселок городского типа Сосьва;0;;0;;0;;0
Екатеринбург;поселок городского типа Сосьва;https://city2city.ru/ekaterinburg-sosva;межгород {city_from} {city_to};межгород Екатеринбург поселок городского типа Сосьва;0;;0;;0;;0
Екатеринбург;поселок городского типа Сосьва;https://city2city.ru/ekaterinburg-sosva;такси {city_from} {city_to} цена;такси Екатеринбург поселок городского типа Сосьва цена;0;;0;;0;;0
Екатеринбург;Советский;https://city2city.ru/ekaterinburg-sovetskij-2;такси {city_from} {city_to};такси Екатеринбург Советский;4;;0;;0;;0
Екатеринбург;Советский;https://city2city.ru/ekaterinburg-sovetskij-2;трансфер {city_from} {city_to};трансфер Екатеринбург Советский;0;;0;;0;;0
Екатеринбург;Советский;https://city2city.ru/ekaterinburg-sovetskij-2;межгород {city_from} {city_to};межгород Екатеринбург Советский;0;;0;;0;;0
Екатеринбург;Советский;https://city2city.ru/ekaterinburg-sovetskij-2;такси {city_from} {city_to} цена;такси Екатеринбург Советский цена;1;;0;;0;;0
Екатеринбург;Среднеуральск;https://city2city.ru/ekaterinburg-sredneuralsk;такси {city_from} {city_to};такси Екатеринбург Среднеуральск;16;такси среднеуральск екатеринбург;16;;0;;0
Екатеринбург;Среднеуральск;https://city2city.ru/ekaterinburg-sredneuralsk;трансфер {city_from} {city_to};трансфер Екатеринбург Среднеуральск;0;;0;;0;;0
Екатеринбург;Среднеуральск;https://city2city.ru/ekaterinburg-sredneuralsk;межгород {city_from} {city_to};межгород Екатеринбург Среднеуральск;1;;0;;0;;0
Екатеринбург;Среднеуральск;https://city2city.ru/ekaterinburg-sredneuralsk;такси {city_from} {city_to} цена;такси Екатеринбург Среднеуральск цена;3;;0;;0;;0
Екатеринбург;поселок городского типа Староуткинск;https://city2city.ru/ekaterinburg-staroutkinsk;такси {city_from} {city_to};такси Екатеринбург поселок городского типа Староуткинск;0;;0;;0;;0
Екатеринбург;поселок городского типа Староуткинск;https://city2city.ru/ekaterinburg-staroutkinsk;трансфер {city_from} {city_to};трансфер Екатеринбург поселок городского типа Староуткинск;0;;0;;0;;0
Екатеринбург;поселок городского типа Староуткинск;https://city2city.ru/ekaterinburg-staroutkinsk;межгород {city_from} {city_to};межгород Екатеринбург поселок городского типа Староуткинск;0;;0;;0;;0
Екатеринбург;поселок городского типа Староуткинск;https://city2city.ru/ekaterinburg-staroutkinsk;такси {city_from} {city_to} цена;такси Екатеринбург поселок городского типа Староуткинск цена;0;;0;;0;;0
Екатеринбург;Ставрополь;https://city2city.ru/ekaterinburg-stavropol;такси {city_from} {city_to};такси Екатеринбург Ставрополь;2;;0;;0;;0
Екатеринбург;Ставрополь;https://city2city.ru/ekaterinburg-stavropol;трансфер {city_from} {city_to};трансфер Екатеринбург Ставрополь;0;;0;;0;;0
Екатеринбург;Ставрополь;https://city2city.ru/ekaterinburg-stavropol;межгород {city_from} {city_to};межгород Екатеринбург Ставрополь;0;;0;;0;;0
Екатеринбург;Ставрополь;https://city2city.ru/ekaterinburg-stavropol;такси {city_from} {city_to} цена;такси Екатеринбург Ставрополь цена;0;;0;;0;;0
Екатеринбург;Стерлитамак;https://city2city.ru/ekaterinburg-sterlitamak;такси {city_from} {city_to};такси Екатеринбург Стерлитамак;0;;0;;0;;0
Екатеринбург;Стерлитамак;https://city2city.ru/ekaterinburg-sterlitamak;трансфер {city_from} {city_to};трансфер Екатеринбург Стерлитамак;0;;0;;0;;0
Екатеринбург;Стерлитамак;https://city2city.ru/ekaterinburg-sterlitamak;межгород {city_from} {city_to};межгород Екатеринбург Стерлитамак;0;;0;;0;;0
Екатеринбург;Стерлитамак;https://city2city.ru/ekaterinburg-sterlitamak;такси {city_from} {city_to} цена;такси Екатеринбург Стерлитамак цена;0;;0;;0;;0
Екатеринбург;рабочий посёлок Суксун;https://city2city.ru/ekaterinburg-suksun;такси {city_from} {city_to};такси Екатеринбург рабочий посёлок Суксун;0;;0;;0;;0
Екатеринбург;рабочий посёлок Суксун;https://city2city.ru/ekaterinburg-suksun;трансфер {city_from} {city_to};трансфер Екатеринбург рабочий посёлок Суксун;0;;0;;0;;0
Екатеринбург;рабочий посёлок Суксун;https://city2city.ru/ekaterinburg-suksun;межгород {city_from} {city_to};межгород Екатеринбург рабочий посёлок Суксун;0;;0;;0;;0
Екатеринбург;рабочий посёлок Суксун;https://city2city.ru/ekaterinburg-suksun;такси {city_from} {city_to} цена;такси Екатеринбург рабочий посёлок Суксун цена;0;;0;;0;;0
Екатеринбург;Сургут;https://city2city.ru/ekaterinburg-surgut;такси {city_from} {city_to};такси Екатеринбург Сургут;6;;0;;0;;0
Екатеринбург;Сургут;https://city2city.ru/ekaterinburg-surgut;трансфер {city_from} {city_to};трансфер Екатеринбург Сургут;3;;0;;0;;0
Екатеринбург;Сургут;https://city2city.ru/ekaterinburg-surgut;межгород {city_from} {city_to};межгород Екатеринбург Сургут;1;;0;;0;;0
Екатеринбург;Сургут;https://city2city.ru/ekaterinburg-surgut;такси {city_from} {city_to} цена;такси Екатеринбург Сургут цена;1;;0;;0;;0
Екатеринбург;Сысерть;https://city2city.ru/ekaterinburg-sysert;такси {city_from} {city_to};такси Екатеринбург Сысерть;47;такси сысерть екатеринбург;47;сколько стоит такси от екатеринбурга до сысерти;15;;0
Екатеринбург;Сысерть;https://city2city.ru/ekaterinburg-sysert;трансфер {city_from} {city_to};трансфер Екатеринбург Сысерть;1;;0;;0;;0
Екатеринбург;Сысерть;https://city2city.ru/ekaterinburg-sysert;межгород {city_from} {city_to};межгород Екатеринбург Сысерть;2;;0;;0;;0
Екатеринбург;Сысерть;https://city2city.ru/ekaterinburg-sysert;такси {city_from} {city_to} цена;такси Екатеринбург Сысерть цена;6;;0;;0;;0
международный аэропорт Кольцово Екатеринбург;;https://city2city.ru/ekaterinburg-tagil;такси {city_from} {city_to};такси международный аэропорт Кольцово Екатеринбург ;1;;0;;0;;0
международный аэропорт Кольцово Екатеринбург;;https://city2city.ru/ekaterinburg-tagil;трансфер {city_from} {city_to};трансфер международный аэропорт Кольцово Екатеринбург ;0;;0;;0;;0
международный аэропорт Кольцово Екатеринбург;;https://city2city.ru/ekaterinburg-tagil;межгород {city_from} {city_to};межгород международный аэропорт Кольцово Екатеринбург ;0;;0;;0;;0
международный аэропорт Кольцово Екатеринбург;;https://city2city.ru/ekaterinburg-tagil;такси {city_from} {city_to} цена;такси международный аэропорт Кольцово Екатеринбург  цена;1;;0;;0;;0
Екатеринбург;Талица;https://city2city.ru/ekaterinburg-talicza;такси {city_from} {city_to};такси Екатеринбург Талица;15;такси екатеринбург талица;15;;0;;0
Екатеринбург;Талица;https://city2city.ru/ekaterinburg-talicza;трансфер {city_from} {city_to};трансфер Екатеринбург Талица;0;;0;;0;;0
Екатеринбург;Талица;https://city2city.ru/ekaterinburg-talicza;межгород {city_from} {city_to};межгород Екатеринбург Талица;2;;0;;0;;0
Екатеринбург;Талица;https://city2city.ru/ekaterinburg-talicza;такси {city_from} {city_to} цена;такси Екатеринбург Талица цена;4;;0;;0;;0
Екатеринбург;Тавда;https://city2city.ru/ekaterinburg-tavda;такси {city_from} {city_to};такси Екатеринбург Тавда;7;екатеринбург тавда такси;7;;0;;0
Екатеринбург;Тавда;https://city2city.ru/ekaterinburg-tavda;трансфер {city_from} {city_to};трансфер Екатеринбург Тавда;0;;0;;0;;0
Екатеринбург;Тавда;https://city2city.ru/ekaterinburg-tavda;межгород {city_from} {city_to};межгород Екатеринбург Тавда;0;;0;;0;;0
Екатеринбург;Тавда;https://city2city.ru/ekaterinburg-tavda;такси {city_from} {city_to} цена;такси Екатеринбург Тавда цена;0;;0;;0;;0
Екатеринбург;Тобольск;https://city2city.ru/ekaterinburg-tobolsk;такси {city_from} {city_to};такси Екатеринбург Тобольск;1;;0;;0;;0
Екатеринбург;Тобольск;https://city2city.ru/ekaterinburg-tobolsk;трансфер {city_from} {city_to};трансфер Екатеринбург Тобольск;0;;0;;0;;0
Екатеринбург;Тобольск;https://city2city.ru/ekaterinburg-tobolsk;межгород {city_from} {city_to};межгород Екатеринбург Тобольск;0;;0;;0;;0
Екатеринбург;Тобольск;https://city2city.ru/ekaterinburg-tobolsk;такси {city_from} {city_to} цена;такси Екатеринбург Тобольск цена;0;;0;;0;;0
Екатеринбург;Тольятти;https://city2city.ru/ekaterinburg-tolyatti;такси {city_from} {city_to};такси Екатеринбург Тольятти;4;;0;;0;;0
Екатеринбург;Тольятти;https://city2city.ru/ekaterinburg-tolyatti;трансфер {city_from} {city_to};трансфер Екатеринбург Тольятти;0;;0;;0;;0
Екатеринбург;Тольятти;https://city2city.ru/ekaterinburg-tolyatti;межгород {city_from} {city_to};межгород Екатеринбург Тольятти;2;;0;;0;;0
Екатеринбург;Тольятти;https://city2city.ru/ekaterinburg-tolyatti;такси {city_from} {city_to} цена;такси Екатеринбург Тольятти цена;0;;0;;0;;0
Екатеринбург;Троицк;https://city2city.ru/ekaterinburg-troiczk;такси {city_from} {city_to};такси Екатеринбург Троицк;5;;0;;0;;0
Екатеринбург;Троицк;https://city2city.ru/ekaterinburg-troiczk;трансфер {city_from} {city_to};трансфер Екатеринбург Троицк;2;;0;;0;;0
Екатеринбург;Троицк;https://city2city.ru/ekaterinburg-troiczk;межгород {city_from} {city_to};межгород Екатеринбург Троицк;0;;0;;0;;0
Екатеринбург;Троицк;https://city2city.ru/ekaterinburg-troiczk;такси {city_from} {city_to} цена;такси Екатеринбург Троицк цена;0;;0;;0;;0
Екатеринбург;Туапсе;https://city2city.ru/ekaterinburg-tuapse;такси {city_from} {city_to};такси Екатеринбург Туапсе;0;;0;;0;;0
Екатеринбург;Туапсе;https://city2city.ru/ekaterinburg-tuapse;трансфер {city_from} {city_to};трансфер Екатеринбург Туапсе;0;;0;;0;;0
Екатеринбург;Туапсе;https://city2city.ru/ekaterinburg-tuapse;межгород {city_from} {city_to};межгород Екатеринбург Туапсе;0;;0;;0;;0
Екатеринбург;Туапсе;https://city2city.ru/ekaterinburg-tuapse;такси {city_from} {city_to} цена;такси Екатеринбург Туапсе цена;0;;0;;0;;0
Екатеринбург;посёлок городского типа Тугулым;https://city2city.ru/ekaterinburg-tugulym;такси {city_from} {city_to};такси Екатеринбург посёлок городского типа Тугулым;0;;0;;0;;0
Екатеринбург;посёлок городского типа Тугулым;https://city2city.ru/ekaterinburg-tugulym;трансфер {city_from} {city_to};трансфер Екатеринбург посёлок городского типа Тугулым;0;;0;;0;;0
Екатеринбург;посёлок городского типа Тугулым;https://city2city.ru/ekaterinburg-tugulym;межгород {city_from} {city_to};межгород Екатеринбург посёлок городского типа Тугулым;0;;0;;0;;0
Екатеринбург;посёлок городского типа Тугулым;https://city2city.ru/ekaterinburg-tugulym;такси {city_from} {city_to} цена;такси Екатеринбург посёлок городского типа Тугулым цена;0;;0;;0;;0
Екатеринбург;Тула;https://city2city.ru/ekaterinburg-tula;такси {city_from} {city_to};такси Екатеринбург Тула;2;;0;;0;;0
Екатеринбург;Тула;https://city2city.ru/ekaterinburg-tula;трансфер {city_from} {city_to};трансфер Екатеринбург Тула;0;;0;;0;;0
Екатеринбург;Тула;https://city2city.ru/ekaterinburg-tula;межгород {city_from} {city_to};межгород Екатеринбург Тула;0;;0;;0;;0
Екатеринбург;Тула;https://city2city.ru/ekaterinburg-tula;такси {city_from} {city_to} цена;такси Екатеринбург Тула цена;0;;0;;0;;0
Екатеринбург;Туринск;https://city2city.ru/ekaterinburg-turinsk;такси {city_from} {city_to};такси Екатеринбург Туринск;14;;0;;0;;0
Екатеринбург;Туринск;https://city2city.ru/ekaterinburg-turinsk;трансфер {city_from} {city_to};трансфер Екатеринбург Туринск;0;;0;;0;;0
Екатеринбург;Туринск;https://city2city.ru/ekaterinburg-turinsk;межгород {city_from} {city_to};межгород Екатеринбург Туринск;0;;0;;0;;0
Екатеринбург;Туринск;https://city2city.ru/ekaterinburg-turinsk;такси {city_from} {city_to} цена;такси Екатеринбург Туринск цена;3;;0;;0;;0
Екатеринбург;Тверь;https://city2city.ru/ekaterinburg-tver;такси {city_from} {city_to};такси Екатеринбург Тверь;0;;0;;0;;0
Екатеринбург;Тверь;https://city2city.ru/ekaterinburg-tver;трансфер {city_from} {city_to};трансфер Екатеринбург Тверь;0;;0;;0;;0
Екатеринбург;Тверь;https://city2city.ru/ekaterinburg-tver;межгород {city_from} {city_to};межгород Екатеринбург Тверь;0;;0;;0;;0
Екатеринбург;Тверь;https://city2city.ru/ekaterinburg-tver;такси {city_from} {city_to} цена;такси Екатеринбург Тверь цена;0;;0;;0;;0
Екатеринбург;рабочий посёлок Тёплая Гора;https://city2city.ru/ekaterinburg-tyoplaya-gora;такси {city_from} {city_to};такси Екатеринбург рабочий посёлок Тёплая Гора;0;;0;;0;;0
Екатеринбург;рабочий посёлок Тёплая Гора;https://city2city.ru/ekaterinburg-tyoplaya-gora;трансфер {city_from} {city_to};трансфер Екатеринбург рабочий посёлок Тёплая Гора;0;;0;;0;;0
Екатеринбург;рабочий посёлок Тёплая Гора;https://city2city.ru/ekaterinburg-tyoplaya-gora;межгород {city_from} {city_to};межгород Екатеринбург рабочий посёлок Тёплая Гора;0;;0;;0;;0
Екатеринбург;рабочий посёлок Тёплая Гора;https://city2city.ru/ekaterinburg-tyoplaya-gora;такси {city_from} {city_to} цена;такси Екатеринбург рабочий посёлок Тёплая Гора цена;0;;0;;0;;0
Екатеринбург;Тюмень;https://city2city.ru/ekaterinburg-tyumen;такси {city_from} {city_to};такси Екатеринбург Тюмень;198;такси екатеринбург тюмень;198;такси тюмень екатеринбург цена;34;тюмень екатеринбург такси сколько;33
Екатеринбург;Тюмень;https://city2city.ru/ekaterinburg-tyumen;трансфер {city_from} {city_to};трансфер Екатеринбург Тюмень;48;трансфер тюмень екатеринбург;48;трансфер тюмень екатеринбург аэропорт кольцово;9;;0
Екатеринбург;Тюмень;https://city2city.ru/ekaterinburg-tyumen;межгород {city_from} {city_to};межгород Екатеринбург Тюмень;23;такси межгород екатеринбург тюмень;7;расписание автобусов межгород тюмень екатеринбург;6;;0
Екатеринбург;Тюмень;https://city2city.ru/ekaterinburg-tyumen;такси {city_from} {city_to} цена;такси Екатеринбург Тюмень цена;34;такси тюмень екатеринбург цена;34;;0;;0
Екатеринбург;село Учалы;https://city2city.ru/ekaterinburg-uchaly;такси {city_from} {city_to};такси Екатеринбург село Учалы;0;;0;;0;;0
Екатеринбург;село Учалы;https://city2city.ru/ekaterinburg-uchaly;трансфер {city_from} {city_to};трансфер Екатеринбург село Учалы;0;;0;;0;;0
Екатеринбург;село Учалы;https://city2city.ru/ekaterinburg-uchaly;межгород {city_from} {city_to};межгород Екатеринбург село Учалы;0;;0;;0;;0
Екатеринбург;село Учалы;https://city2city.ru/ekaterinburg-uchaly;такси {city_from} {city_to} цена;такси Екатеринбург село Учалы цена;0;;0;;0;;0
международный аэропорт Кольцово Екатеринбург;;https://city2city.ru/ekaterinburg-ufa;такси {city_from} {city_to};такси международный аэропорт Кольцово Екатеринбург ;1;;0;;0;;0
международный аэропорт Кольцово Екатеринбург;;https://city2city.ru/ekaterinburg-ufa;трансфер {city_from} {city_to};трансфер международный аэропорт Кольцово Екатеринбург ;0;;0;;0;;0
международный аэропорт Кольцово Екатеринбург;;https://city2city.ru/ekaterinburg-ufa;межгород {city_from} {city_to};межгород международный аэропорт Кольцово Екатеринбург ;0;;0;;0;;0
международный аэропорт Кольцово Екатеринбург;;https://city2city.ru/ekaterinburg-ufa;такси {city_from} {city_to} цена;такси международный аэропорт Кольцово Екатеринбург  цена;1;;0;;0;;0
Екатеринбург;Ульяновск;https://city2city.ru/ekaterinburg-ulyanovsk;такси {city_from} {city_to};такси Екатеринбург Ульяновск;20;такси ульяновск екатеринбург;20;;0;;0
Екатеринбург;Ульяновск;https://city2city.ru/ekaterinburg-ulyanovsk;трансфер {city_from} {city_to};трансфер Екатеринбург Ульяновск;0;;0;;0;;0
Екатеринбург;Ульяновск;https://city2city.ru/ekaterinburg-ulyanovsk;межгород {city_from} {city_to};межгород Екатеринбург Ульяновск;0;;0;;0;;0
Екатеринбург;Ульяновск;https://city2city.ru/ekaterinburg-ulyanovsk;такси {city_from} {city_to} цена;такси Екатеринбург Ульяновск цена;7;;0;;0;;0
Екатеринбург;Урай;https://city2city.ru/ekaterinburg-uraj;такси {city_from} {city_to};такси Екатеринбург Урай;0;;0;;0;;0
Екатеринбург;Урай;https://city2city.ru/ekaterinburg-uraj;трансфер {city_from} {city_to};трансфер Екатеринбург Урай;0;;0;;0;;0
Екатеринбург;Урай;https://city2city.ru/ekaterinburg-uraj;межгород {city_from} {city_to};межгород Екатеринбург Урай;0;;0;;0;;0
Екатеринбург;Урай;https://city2city.ru/ekaterinburg-uraj;такси {city_from} {city_to} цена;такси Екатеринбург Урай цена;0;;0;;0;;0
Екатеринбург;городской округ Верх-Нейвинский;https://city2city.ru/ekaterinburg-verx-nejvinskij;такси {city_from} {city_to};такси Екатеринбург городской округ Верх-Нейвинский;0;;0;;0;;0
Екатеринбург;городской округ Верх-Нейвинский;https://city2city.ru/ekaterinburg-verx-nejvinskij;трансфер {city_from} {city_to};трансфер Екатеринбург городской округ Верх-Нейвинский;0;;0;;0;;0
Екатеринбург;городской округ Верх-Нейвинский;https://city2city.ru/ekaterinburg-verx-nejvinskij;межгород {city_from} {city_to};межгород Екатеринбург городской округ Верх-Нейвинский;0;;0;;0;;0
Екатеринбург;городской округ Верх-Нейвинский;https://city2city.ru/ekaterinburg-verx-nejvinskij;такси {city_from} {city_to} цена;такси Екатеринбург городской округ Верх-Нейвинский цена;0;;0;;0;;0
Екатеринбург;посёлок городского типа Верхнее Дуброво;https://city2city.ru/ekaterinburg-verxnee-dubrovo;такси {city_from} {city_to};такси Екатеринбург посёлок городского типа Верхнее Дуброво;0;;0;;0;;0
Екатеринбург;посёлок городского типа Верхнее Дуброво;https://city2city.ru/ekaterinburg-verxnee-dubrovo;трансфер {city_from} {city_to};трансфер Екатеринбург посёлок городского типа Верхнее Дуброво;0;;0;;0;;0
Екатеринбург;посёлок городского типа Верхнее Дуброво;https://city2city.ru/ekaterinburg-verxnee-dubrovo;межгород {city_from} {city_to};межгород Екатеринбург посёлок городского типа Верхнее Дуброво;0;;0;;0;;0
Екатеринбург;посёлок городского типа Верхнее Дуброво;https://city2city.ru/ekaterinburg-verxnee-dubrovo;такси {city_from} {city_to} цена;такси Екатеринбург посёлок городского типа Верхнее Дуброво цена;0;;0;;0;;0
Екатеринбург;поселок городского типа Верхние Серги;https://city2city.ru/ekaterinburg-verxnie-sergi;такси {city_from} {city_to};такси Екатеринбург поселок городского типа Верхние Серги;0;;0;;0;;0
Екатеринбург;поселок городского типа Верхние Серги;https://city2city.ru/ekaterinburg-verxnie-sergi;трансфер {city_from} {city_to};трансфер Екатеринбург поселок городского типа Верхние Серги;0;;0;;0;;0
Екатеринбург;поселок городского типа Верхние Серги;https://city2city.ru/ekaterinburg-verxnie-sergi;межгород {city_from} {city_to};межгород Екатеринбург поселок городского типа Верхние Серги;0;;0;;0;;0
Екатеринбург;поселок городского типа Верхние Серги;https://city2city.ru/ekaterinburg-verxnie-sergi;такси {city_from} {city_to} цена;такси Екатеринбург поселок городского типа Верхние Серги цена;0;;0;;0;;0
Екатеринбург;Верхний Тагил;https://city2city.ru/ekaterinburg-verxnij-tagil;такси {city_from} {city_to};такси Екатеринбург Верхний Тагил;12;такси верхний тагил екатеринбург;12;;0;;0
Екатеринбург;Верхний Тагил;https://city2city.ru/ekaterinburg-verxnij-tagil;трансфер {city_from} {city_to};трансфер Екатеринбург Верхний Тагил;0;;0;;0;;0
Екатеринбург;Верхний Тагил;https://city2city.ru/ekaterinburg-verxnij-tagil;межгород {city_from} {city_to};межгород Екатеринбург Верхний Тагил;0;;0;;0;;0
Екатеринбург;Верхний Тагил;https://city2city.ru/ekaterinburg-verxnij-tagil;такси {city_from} {city_to} цена;такси Екатеринбург Верхний Тагил цена;3;;0;;0;;0
Екатеринбург;Верхний Уфалей;https://city2city.ru/ekaterinburg-verxnij-ufalej;такси {city_from} {city_to};такси Екатеринбург Верхний Уфалей;12;такси верхний уфалей екатеринбург;12;;0;;0
Екатеринбург;Верхний Уфалей;https://city2city.ru/ekaterinburg-verxnij-ufalej;трансфер {city_from} {city_to};трансфер Екатеринбург Верхний Уфалей;0;;0;;0;;0
Екатеринбург;Верхний Уфалей;https://city2city.ru/ekaterinburg-verxnij-ufalej;межгород {city_from} {city_to};межгород Екатеринбург Верхний Уфалей;0;;0;;0;;0
Екатеринбург;Верхний Уфалей;https://city2city.ru/ekaterinburg-verxnij-ufalej;такси {city_from} {city_to} цена;такси Екатеринбург Верхний Уфалей цена;0;;0;;0;;0
Екатеринбург;Верхняя Пышма;https://city2city.ru/ekaterinburg-verxnyaya-pyshma;такси {city_from} {city_to};такси Екатеринбург Верхняя Пышма;63;такси екатеринбург верхняя пышма;63;;0;;0
Екатеринбург;Верхняя Пышма;https://city2city.ru/ekaterinburg-verxnyaya-pyshma;трансфер {city_from} {city_to};трансфер Екатеринбург Верхняя Пышма;7;;0;;0;;0
Екатеринбург;Верхняя Пышма;https://city2city.ru/ekaterinburg-verxnyaya-pyshma;межгород {city_from} {city_to};межгород Екатеринбург Верхняя Пышма;1;;0;;0;;0
Екатеринбург;Верхняя Пышма;https://city2city.ru/ekaterinburg-verxnyaya-pyshma;такси {city_from} {city_to} цена;такси Екатеринбург Верхняя Пышма цена;9;;0;;0;;0
Екатеринбург;Верхняя Салда;https://city2city.ru/ekaterinburg-verxnyaya-salda;такси {city_from} {city_to};такси Екатеринбург Верхняя Салда;9;такси верхняя салда екатеринбург;9;;0;;0
Екатеринбург;Верхняя Салда;https://city2city.ru/ekaterinburg-verxnyaya-salda;трансфер {city_from} {city_to};трансфер Екатеринбург Верхняя Салда;3;;0;;0;;0
Екатеринбург;Верхняя Салда;https://city2city.ru/ekaterinburg-verxnyaya-salda;межгород {city_from} {city_to};межгород Екатеринбург Верхняя Салда;0;;0;;0;;0
Екатеринбург;Верхняя Салда;https://city2city.ru/ekaterinburg-verxnyaya-salda;такси {city_from} {city_to} цена;такси Екатеринбург Верхняя Салда цена;2;;0;;0;;0
Екатеринбург;посёлок городского типа Верхняя Синячиха;https://city2city.ru/ekaterinburg-verxnyaya-sinyachixa;такси {city_from} {city_to};такси Екатеринбург посёлок городского типа Верхняя Синячиха;0;;0;;0;;0
Екатеринбург;посёлок городского типа Верхняя Синячиха;https://city2city.ru/ekaterinburg-verxnyaya-sinyachixa;трансфер {city_from} {city_to};трансфер Екатеринбург посёлок городского типа Верхняя Синячиха;0;;0;;0;;0
Екатеринбург;посёлок городского типа Верхняя Синячиха;https://city2city.ru/ekaterinburg-verxnyaya-sinyachixa;межгород {city_from} {city_to};межгород Екатеринбург посёлок городского типа Верхняя Синячиха;0;;0;;0;;0
Екатеринбург;посёлок городского типа Верхняя Синячиха;https://city2city.ru/ekaterinburg-verxnyaya-sinyachixa;такси {city_from} {city_to} цена;такси Екатеринбург посёлок городского типа Верхняя Синячиха цена;0;;0;;0;;0
Екатеринбург;Верхняя Тура;https://city2city.ru/ekaterinburg-verxnyaya-tura;такси {city_from} {city_to};такси Екатеринбург Верхняя Тура;4;;0;;0;;0
Екатеринбург;Верхняя Тура;https://city2city.ru/ekaterinburg-verxnyaya-tura;трансфер {city_from} {city_to};трансфер Екатеринбург Верхняя Тура;0;;0;;0;;0
Екатеринбург;Верхняя Тура;https://city2city.ru/ekaterinburg-verxnyaya-tura;межгород {city_from} {city_to};межгород Екатеринбург Верхняя Тура;0;;0;;0;;0
Екатеринбург;Верхняя Тура;https://city2city.ru/ekaterinburg-verxnyaya-tura;такси {city_from} {city_to} цена;такси Екатеринбург Верхняя Тура цена;3;;0;;0;;0
Екатеринбург;Верхотурье;https://city2city.ru/ekaterinburg-verxoture;такси {city_from} {city_to};такси Екатеринбург Верхотурье;7;;0;;0;;0
Екатеринбург;Верхотурье;https://city2city.ru/ekaterinburg-verxoture;трансфер {city_from} {city_to};трансфер Екатеринбург Верхотурье;0;;0;;0;;0
Екатеринбург;Верхотурье;https://city2city.ru/ekaterinburg-verxoture;межгород {city_from} {city_to};межгород Екатеринбург Верхотурье;0;;0;;0;;0
Екатеринбург;Верхотурье;https://city2city.ru/ekaterinburg-verxoture;такси {city_from} {city_to} цена;такси Екатеринбург Верхотурье цена;0;;0;;0;;0
Екатеринбург;посёлок городского типа Вишневогорск;https://city2city.ru/ekaterinburg-vishnevogorsk;такси {city_from} {city_to};такси Екатеринбург посёлок городского типа Вишневогорск;0;;0;;0;;0
Екатеринбург;посёлок городского типа Вишневогорск;https://city2city.ru/ekaterinburg-vishnevogorsk;трансфер {city_from} {city_to};трансфер Екатеринбург посёлок городского типа Вишневогорск;0;;0;;0;;0
Екатеринбург;посёлок городского типа Вишневогорск;https://city2city.ru/ekaterinburg-vishnevogorsk;межгород {city_from} {city_to};межгород Екатеринбург посёлок городского типа Вишневогорск;0;;0;;0;;0
Екатеринбург;посёлок городского типа Вишневогорск;https://city2city.ru/ekaterinburg-vishnevogorsk;такси {city_from} {city_to} цена;такси Екатеринбург посёлок городского типа Вишневогорск цена;0;;0;;0;;0
Екатеринбург;Волгоград;https://city2city.ru/ekaterinburg-volgograd;такси {city_from} {city_to};такси Екатеринбург Волгоград;1;;0;;0;;0
Екатеринбург;Волгоград;https://city2city.ru/ekaterinburg-volgograd;трансфер {city_from} {city_to};трансфер Екатеринбург Волгоград;0;;0;;0;;0
Екатеринбург;Волгоград;https://city2city.ru/ekaterinburg-volgograd;межгород {city_from} {city_to};межгород Екатеринбург Волгоград;0;;0;;0;;0
Екатеринбург;Волгоград;https://city2city.ru/ekaterinburg-volgograd;такси {city_from} {city_to} цена;такси Екатеринбург Волгоград цена;0;;0;;0;;0
Екатеринбург;Воронеж;https://city2city.ru/ekaterinburg-voronezh;такси {city_from} {city_to};такси Екатеринбург Воронеж;11;такси межгород заказать екатеринбург воронеж;6;;0;;0
Екатеринбург;Воронеж;https://city2city.ru/ekaterinburg-voronezh;трансфер {city_from} {city_to};трансфер Екатеринбург Воронеж;0;;0;;0;;0
Екатеринбург;Воронеж;https://city2city.ru/ekaterinburg-voronezh;межгород {city_from} {city_to};межгород Екатеринбург Воронеж;8;такси межгород заказать екатеринбург воронеж;6;;0;;0
Екатеринбург;Воронеж;https://city2city.ru/ekaterinburg-voronezh;такси {city_from} {city_to} цена;такси Екатеринбург Воронеж цена;2;;0;;0;;0
Екатеринбург;Югорск;https://city2city.ru/ekaterinburg-yugorsk;такси {city_from} {city_to};такси Екатеринбург Югорск;4;;0;;0;;0
Екатеринбург;Югорск;https://city2city.ru/ekaterinburg-yugorsk;трансфер {city_from} {city_to};трансфер Екатеринбург Югорск;0;;0;;0;;0
Екатеринбург;Югорск;https://city2city.ru/ekaterinburg-yugorsk;межгород {city_from} {city_to};межгород Екатеринбург Югорск;0;;0;;0;;0
Екатеринбург;Югорск;https://city2city.ru/ekaterinburg-yugorsk;такси {city_from} {city_to} цена;такси Екатеринбург Югорск цена;0;;0;;0;;0
Екатеринбург;Юрюзань;https://city2city.ru/ekaterinburg-yuryuzan;такси {city_from} {city_to};такси Екатеринбург Юрюзань;0;;0;;0;;0
Екатеринбург;Юрюзань;https://city2city.ru/ekaterinburg-yuryuzan;трансфер {city_from} {city_to};трансфер Екатеринбург Юрюзань;1;;0;;0;;0
Екатеринбург;Юрюзань;https://city2city.ru/ekaterinburg-yuryuzan;межгород {city_from} {city_to};межгород Екатеринбург Юрюзань;0;;0;;0;;0
Екатеринбург;Юрюзань;https://city2city.ru/ekaterinburg-yuryuzan;такси {city_from} {city_to} цена;такси Екатеринбург Юрюзань цена;0;;0;;0;;0
Екатеринбург;Южноуральск;https://city2city.ru/ekaterinburg-yuzhnouralsk;такси {city_from} {city_to};такси Екатеринбург Южноуральск;7;;0;;0;;0
Екатеринбург;Южноуральск;https://city2city.ru/ekaterinburg-yuzhnouralsk;трансфер {city_from} {city_to};трансфер Екатеринбург Южноуральск;2;;0;;0;;0
Екатеринбург;Южноуральск;https://city2city.ru/ekaterinburg-yuzhnouralsk;межгород {city_from} {city_to};межгород Екатеринбург Южноуральск;0;;0;;0;;0
Екатеринбург;Южноуральск;https://city2city.ru/ekaterinburg-yuzhnouralsk;такси {city_from} {city_to} цена;такси Екатеринбург Южноуральск цена;1;;0;;0;;0
Екатеринбург;Заречный;https://city2city.ru/ekaterinburg-zarechnyj-2;такси {city_from} {city_to};такси Екатеринбург Заречный;39;такси екатеринбург заречный;39;;0;;0
Екатеринбург;Заречный;https://city2city.ru/ekaterinburg-zarechnyj-2;трансфер {city_from} {city_to};трансфер Екатеринбург Заречный;2;;0;;0;;0
Екатеринбург;Заречный;https://city2city.ru/ekaterinburg-zarechnyj-2;межгород {city_from} {city_to};межгород Екатеринбург Заречный;1;;0;;0;;0
Екатеринбург;Заречный;https://city2city.ru/ekaterinburg-zarechnyj-2;такси {city_from} {city_to} цена;такси Екатеринбург Заречный цена;2;;0;;0;;0
Екатеринбург;Златоуст;https://city2city.ru/ekaterinburg-zlatoust;такси {city_from} {city_to};такси Екатеринбург Златоуст;23;екатеринбург златоуст такси;23;;0;;0
Екатеринбург;Златоуст;https://city2city.ru/ekaterinburg-zlatoust;трансфер {city_from} {city_to};трансфер Екатеринбург Златоуст;3;;0;;0;;0
Екатеринбург;Златоуст;https://city2city.ru/ekaterinburg-zlatoust;межгород {city_from} {city_to};межгород Екатеринбург Златоуст;1;;0;;0;;0
Екатеринбург;Златоуст;https://city2city.ru/ekaterinburg-zlatoust;такси {city_from} {city_to} цена;такси Екатеринбург Златоуст цена;2;;0;;0;;0
Элиста;Анапа;https://city2city.ru/elista-anapa;такси {city_from} {city_to};такси Элиста Анапа;3;;0;;0;;0
Элиста;Анапа;https://city2city.ru/elista-anapa;трансфер {city_from} {city_to};трансфер Элиста Анапа;0;;0;;0;;0
Элиста;Анапа;https://city2city.ru/elista-anapa;межгород {city_from} {city_to};межгород Элиста Анапа;0;;0;;0;;0
Элиста;Анапа;https://city2city.ru/elista-anapa;такси {city_from} {city_to} цена;такси Элиста Анапа цена;1;;0;;0;;0
Элиста;село Архипо-Осиповка;https://city2city.ru/elista-arxipo-osipovka;такси {city_from} {city_to};такси Элиста село Архипо-Осиповка;0;;0;;0;;0
Элиста;село Архипо-Осиповка;https://city2city.ru/elista-arxipo-osipovka;трансфер {city_from} {city_to};трансфер Элиста село Архипо-Осиповка;0;;0;;0;;0
Элиста;село Архипо-Осиповка;https://city2city.ru/elista-arxipo-osipovka;межгород {city_from} {city_to};межгород Элиста село Архипо-Осиповка;0;;0;;0;;0
Элиста;село Архипо-Осиповка;https://city2city.ru/elista-arxipo-osipovka;такси {city_from} {city_to} цена;такси Элиста село Архипо-Осиповка цена;0;;0;;0;;0
Элиста;Астрахань;https://city2city.ru/elista-astraxan;такси {city_from} {city_to};такси Элиста Астрахань;89;такси элиста астрахань;89;такси элиста астрахань телефоны;11;;0
Элиста;Астрахань;https://city2city.ru/elista-astraxan;трансфер {city_from} {city_to};трансфер Элиста Астрахань;46;трансфер элиста астрахань;46;;0;;0
Элиста;Астрахань;https://city2city.ru/elista-astraxan;межгород {city_from} {city_to};межгород Элиста Астрахань;3;;0;;0;;0
Элиста;Астрахань;https://city2city.ru/elista-astraxan;такси {city_from} {city_to} цена;такси Элиста Астрахань цена;6;;0;;0;;0
Элиста;Будённовск;https://city2city.ru/elista-budyonnovsk;такси {city_from} {city_to};такси Элиста Будённовск;0;;0;;0;;0
Элиста;Будённовск;https://city2city.ru/elista-budyonnovsk;трансфер {city_from} {city_to};трансфер Элиста Будённовск;0;;0;;0;;0
Элиста;Будённовск;https://city2city.ru/elista-budyonnovsk;межгород {city_from} {city_to};межгород Элиста Будённовск;0;;0;;0;;0
Элиста;Будённовск;https://city2city.ru/elista-budyonnovsk;такси {city_from} {city_to} цена;такси Элиста Будённовск цена;0;;0;;0;;0
Элиста;Ессентуки;https://city2city.ru/elista-essentuki;такси {city_from} {city_to};такси Элиста Ессентуки;4;;0;;0;;0
Элиста;Ессентуки;https://city2city.ru/elista-essentuki;трансфер {city_from} {city_to};трансфер Элиста Ессентуки;6;;0;;0;;0
Элиста;Ессентуки;https://city2city.ru/elista-essentuki;межгород {city_from} {city_to};межгород Элиста Ессентуки;0;;0;;0;;0
Элиста;Ессентуки;https://city2city.ru/elista-essentuki;такси {city_from} {city_to} цена;такси Элиста Ессентуки цена;3;;0;;0;;0
Элиста;Геленджик;https://city2city.ru/elista-gelendzhik;такси {city_from} {city_to};такси Элиста Геленджик;1;;0;;0;;0
Элиста;Геленджик;https://city2city.ru/elista-gelendzhik;трансфер {city_from} {city_to};трансфер Элиста Геленджик;0;;0;;0;;0
Элиста;Геленджик;https://city2city.ru/elista-gelendzhik;межгород {city_from} {city_to};межгород Элиста Геленджик;0;;0;;0;;0
Элиста;Геленджик;https://city2city.ru/elista-gelendzhik;такси {city_from} {city_to} цена;такси Элиста Геленджик цена;1;;0;;0;;0
Элиста;Лагань;https://city2city.ru/elista-gorod-lagan;такси {city_from} {city_to};такси Элиста Лагань;10;такси лагань элиста;10;;0;;0
Элиста;Лагань;https://city2city.ru/elista-gorod-lagan;трансфер {city_from} {city_to};трансфер Элиста Лагань;0;;0;;0;;0
Элиста;Лагань;https://city2city.ru/elista-gorod-lagan;межгород {city_from} {city_to};межгород Элиста Лагань;0;;0;;0;;0
Элиста;Лагань;https://city2city.ru/elista-gorod-lagan;такси {city_from} {city_to} цена;такси Элиста Лагань цена;0;;0;;0;;0
Элиста;Городовиковск;https://city2city.ru/elista-gorodovikovsk;такси {city_from} {city_to};такси Элиста Городовиковск;6;такси городовиковск элиста;6;;0;;0
Элиста;Городовиковск;https://city2city.ru/elista-gorodovikovsk;трансфер {city_from} {city_to};трансфер Элиста Городовиковск;0;;0;;0;;0
Элиста;Городовиковск;https://city2city.ru/elista-gorodovikovsk;межгород {city_from} {city_to};межгород Элиста Городовиковск;0;;0;;0;;0
Элиста;Городовиковск;https://city2city.ru/elista-gorodovikovsk;такси {city_from} {city_to} цена;такси Элиста Городовиковск цена;0;;0;;0;;0
Элиста;52А-3;https://city2city.ru/elista-granicza-kazaxstan;такси {city_from} {city_to};такси Элиста 52А-3;0;;0;;0;;0
Элиста;52А-3;https://city2city.ru/elista-granicza-kazaxstan;трансфер {city_from} {city_to};трансфер Элиста 52А-3;0;;0;;0;;0
Элиста;52А-3;https://city2city.ru/elista-granicza-kazaxstan;межгород {city_from} {city_to};межгород Элиста 52А-3;0;;0;;0;;0
Элиста;52А-3;https://city2city.ru/elista-granicza-kazaxstan;такси {city_from} {city_to} цена;такси Элиста 52А-3 цена;0;;0;;0;;0
Элиста;Кисловодск;https://city2city.ru/elista-kislovodsk;такси {city_from} {city_to};такси Элиста Кисловодск;4;;0;;0;;0
Элиста;Кисловодск;https://city2city.ru/elista-kislovodsk;трансфер {city_from} {city_to};трансфер Элиста Кисловодск;4;;0;;0;;0
Элиста;Кисловодск;https://city2city.ru/elista-kislovodsk;межгород {city_from} {city_to};межгород Элиста Кисловодск;0;;0;;0;;0
Элиста;Кисловодск;https://city2city.ru/elista-kislovodsk;такси {city_from} {city_to} цена;такси Элиста Кисловодск цена;0;;0;;0;;0
Элиста;рабочий посёлок Комсомольский;https://city2city.ru/elista-komsomolskij;такси {city_from} {city_to};такси Элиста рабочий посёлок Комсомольский;0;;0;;0;;0
Элиста;рабочий посёлок Комсомольский;https://city2city.ru/elista-komsomolskij;трансфер {city_from} {city_to};трансфер Элиста рабочий посёлок Комсомольский;0;;0;;0;;0
Элиста;рабочий посёлок Комсомольский;https://city2city.ru/elista-komsomolskij;межгород {city_from} {city_to};межгород Элиста рабочий посёлок Комсомольский;0;;0;;0;;0
Элиста;рабочий посёлок Комсомольский;https://city2city.ru/elista-komsomolskij;такси {city_from} {city_to} цена;такси Элиста рабочий посёлок Комсомольский цена;0;;0;;0;;0
Элиста;посёлок городского типа Кожва;https://city2city.ru/elista-kozhva;такси {city_from} {city_to};такси Элиста посёлок городского типа Кожва;0;;0;;0;;0
Элиста;посёлок городского типа Кожва;https://city2city.ru/elista-kozhva;трансфер {city_from} {city_to};трансфер Элиста посёлок городского типа Кожва;0;;0;;0;;0
Элиста;посёлок городского типа Кожва;https://city2city.ru/elista-kozhva;межгород {city_from} {city_to};межгород Элиста посёлок городского типа Кожва;0;;0;;0;;0
Элиста;посёлок городского типа Кожва;https://city2city.ru/elista-kozhva;такси {city_from} {city_to} цена;такси Элиста посёлок городского типа Кожва цена;0;;0;;0;;0
Элиста;Лагань;https://city2city.ru/elista-lagan;такси {city_from} {city_to};такси Элиста Лагань;10;такси лагань элиста;10;;0;;0
Элиста;Лагань;https://city2city.ru/elista-lagan;трансфер {city_from} {city_to};трансфер Элиста Лагань;0;;0;;0;;0
Элиста;Лагань;https://city2city.ru/elista-lagan;межгород {city_from} {city_to};межгород Элиста Лагань;0;;0;;0;;0
Элиста;Лагань;https://city2city.ru/elista-lagan;такси {city_from} {city_to} цена;такси Элиста Лагань цена;0;;0;;0;;0
Элиста;рабочий посёлок Лиман;https://city2city.ru/elista-liman;такси {city_from} {city_to};такси Элиста рабочий посёлок Лиман;0;;0;;0;;0
Элиста;рабочий посёлок Лиман;https://city2city.ru/elista-liman;трансфер {city_from} {city_to};трансфер Элиста рабочий посёлок Лиман;0;;0;;0;;0
Элиста;рабочий посёлок Лиман;https://city2city.ru/elista-liman;межгород {city_from} {city_to};межгород Элиста рабочий посёлок Лиман;0;;0;;0;;0
Элиста;рабочий посёлок Лиман;https://city2city.ru/elista-liman;такси {city_from} {city_to} цена;такси Элиста рабочий посёлок Лиман цена;0;;0;;0;;0
Элиста;Минеральные Воды;https://city2city.ru/elista-mineralnye-vody;такси {city_from} {city_to};такси Элиста Минеральные Воды;11;такси элиста минеральные воды;11;;0;;0
Элиста;Минеральные Воды;https://city2city.ru/elista-mineralnye-vody;трансфер {city_from} {city_to};трансфер Элиста Минеральные Воды;31;элиста минеральные воды трансфер;31;трансфер элиста минеральные воды аэропорт;12;;0
Элиста;Минеральные Воды;https://city2city.ru/elista-mineralnye-vody;межгород {city_from} {city_to};межгород Элиста Минеральные Воды;0;;0;;0;;0
Элиста;Минеральные Воды;https://city2city.ru/elista-mineralnye-vody;такси {city_from} {city_to} цена;такси Элиста Минеральные Воды цена;0;;0;;0;;0
Элиста;Москва;https://city2city.ru/elista-moskva;такси {city_from} {city_to};такси Элиста Москва;61;такси москва элиста;61;такси москва элиста от дома;11;;0
Элиста;Москва;https://city2city.ru/elista-moskva;трансфер {city_from} {city_to};трансфер Элиста Москва;23;трансфер элиста москва;23;;0;;0
Элиста;Москва;https://city2city.ru/elista-moskva;межгород {city_from} {city_to};межгород Элиста Москва;0;;0;;0;;0
Элиста;Москва;https://city2city.ru/elista-moskva;такси {city_from} {city_to} цена;такси Элиста Москва цена;4;;0;;0;;0
Элиста;село Пляхо;https://city2city.ru/elista-plyaxo;такси {city_from} {city_to};такси Элиста село Пляхо;0;;0;;0;;0
Элиста;село Пляхо;https://city2city.ru/elista-plyaxo;трансфер {city_from} {city_to};трансфер Элиста село Пляхо;0;;0;;0;;0
Элиста;село Пляхо;https://city2city.ru/elista-plyaxo;межгород {city_from} {city_to};межгород Элиста село Пляхо;0;;0;;0;;0
Элиста;село Пляхо;https://city2city.ru/elista-plyaxo;такси {city_from} {city_to} цена;такси Элиста село Пляхо цена;0;;0;;0;;0
Элиста;посёлок Большой Царын;https://city2city.ru/elista-posyolok-bolshoj-czaryn;такси {city_from} {city_to};такси Элиста посёлок Большой Царын;0;;0;;0;;0
Элиста;посёлок Большой Царын;https://city2city.ru/elista-posyolok-bolshoj-czaryn;трансфер {city_from} {city_to};трансфер Элиста посёлок Большой Царын;0;;0;;0;;0
Элиста;посёлок Большой Царын;https://city2city.ru/elista-posyolok-bolshoj-czaryn;межгород {city_from} {city_to};межгород Элиста посёлок Большой Царын;0;;0;;0;;0
Элиста;посёлок Большой Царын;https://city2city.ru/elista-posyolok-bolshoj-czaryn;такси {city_from} {city_to} цена;такси Элиста посёлок Большой Царын цена;0;;0;;0;;0
Элиста;посёлок городского типа Цаган Аман;https://city2city.ru/elista-posyolok-czagan-aman;такси {city_from} {city_to};такси Элиста посёлок городского типа Цаган Аман;0;;0;;0;;0
Элиста;посёлок городского типа Цаган Аман;https://city2city.ru/elista-posyolok-czagan-aman;трансфер {city_from} {city_to};трансфер Элиста посёлок городского типа Цаган Аман;0;;0;;0;;0
Элиста;посёлок городского типа Цаган Аман;https://city2city.ru/elista-posyolok-czagan-aman;межгород {city_from} {city_to};межгород Элиста посёлок городского типа Цаган Аман;0;;0;;0;;0
Элиста;посёлок городского типа Цаган Аман;https://city2city.ru/elista-posyolok-czagan-aman;такси {city_from} {city_to} цена;такси Элиста посёлок городского типа Цаган Аман цена;0;;0;;0;;0
Элиста;поселок Ики-Бурул;https://city2city.ru/elista-posyolok-iki-burul;такси {city_from} {city_to};такси Элиста поселок Ики-Бурул;0;;0;;0;;0
Элиста;поселок Ики-Бурул;https://city2city.ru/elista-posyolok-iki-burul;трансфер {city_from} {city_to};трансфер Элиста поселок Ики-Бурул;0;;0;;0;;0
Элиста;поселок Ики-Бурул;https://city2city.ru/elista-posyolok-iki-burul;межгород {city_from} {city_to};межгород Элиста поселок Ики-Бурул;0;;0;;0;;0
Элиста;поселок Ики-Бурул;https://city2city.ru/elista-posyolok-iki-burul;такси {city_from} {city_to} цена;такси Элиста поселок Ики-Бурул цена;0;;0;;0;;0
Элиста;поселок Кетченеры;https://city2city.ru/elista-posyolok-ketchenery;такси {city_from} {city_to};такси Элиста поселок Кетченеры;0;;0;;0;;0
Элиста;поселок Кетченеры;https://city2city.ru/elista-posyolok-ketchenery;трансфер {city_from} {city_to};трансфер Элиста поселок Кетченеры;0;;0;;0;;0
Элиста;поселок Кетченеры;https://city2city.ru/elista-posyolok-ketchenery;межгород {city_from} {city_to};межгород Элиста поселок Кетченеры;0;;0;;0;;0
Элиста;поселок Кетченеры;https://city2city.ru/elista-posyolok-ketchenery;такси {city_from} {city_to} цена;такси Элиста поселок Кетченеры цена;0;;0;;0;;0
Элиста;посёлок Комсомольский;https://city2city.ru/elista-posyolok-komsomolskij;такси {city_from} {city_to};такси Элиста посёлок Комсомольский;2;;0;;0;;0
Элиста;посёлок Комсомольский;https://city2city.ru/elista-posyolok-komsomolskij;трансфер {city_from} {city_to};трансфер Элиста посёлок Комсомольский;0;;0;;0;;0
Элиста;посёлок Комсомольский;https://city2city.ru/elista-posyolok-komsomolskij;межгород {city_from} {city_to};межгород Элиста посёлок Комсомольский;0;;0;;0;;0
Элиста;посёлок Комсомольский;https://city2city.ru/elista-posyolok-komsomolskij;такси {city_from} {city_to} цена;такси Элиста посёлок Комсомольский цена;0;;0;;0;;0
Элиста;поселок Яшкуль;https://city2city.ru/elista-posyolok-yashkul;такси {city_from} {city_to};такси Элиста поселок Яшкуль;0;;0;;0;;0
Элиста;поселок Яшкуль;https://city2city.ru/elista-posyolok-yashkul;трансфер {city_from} {city_to};трансфер Элиста поселок Яшкуль;0;;0;;0;;0
Элиста;поселок Яшкуль;https://city2city.ru/elista-posyolok-yashkul;межгород {city_from} {city_to};межгород Элиста поселок Яшкуль;0;;0;;0;;0
Элиста;поселок Яшкуль;https://city2city.ru/elista-posyolok-yashkul;такси {city_from} {city_to} цена;такси Элиста поселок Яшкуль цена;0;;0;;0;;0
Элиста;посёлок Зимовники;https://city2city.ru/elista-posyolok-zimovniki;такси {city_from} {city_to};такси Элиста посёлок Зимовники;0;;0;;0;;0
Элиста;посёлок Зимовники;https://city2city.ru/elista-posyolok-zimovniki;трансфер {city_from} {city_to};трансфер Элиста посёлок Зимовники;0;;0;;0;;0
Элиста;посёлок Зимовники;https://city2city.ru/elista-posyolok-zimovniki;межгород {city_from} {city_to};межгород Элиста посёлок Зимовники;0;;0;;0;;0
Элиста;посёлок Зимовники;https://city2city.ru/elista-posyolok-zimovniki;такси {city_from} {city_to} цена;такси Элиста посёлок Зимовники цена;0;;0;;0;;0
Элиста;Пятигорск;https://city2city.ru/elista-pyatigorsk;такси {city_from} {city_to};такси Элиста Пятигорск;4;;0;;0;;0
Элиста;Пятигорск;https://city2city.ru/elista-pyatigorsk;трансфер {city_from} {city_to};трансфер Элиста Пятигорск;5;;0;;0;;0
Элиста;Пятигорск;https://city2city.ru/elista-pyatigorsk;межгород {city_from} {city_to};межгород Элиста Пятигорск;3;;0;;0;;0
Элиста;Пятигорск;https://city2city.ru/elista-pyatigorsk;такси {city_from} {city_to} цена;такси Элиста Пятигорск цена;0;;0;;0;;0
Элиста;село Ремонтное;https://city2city.ru/elista-remontnoe;такси {city_from} {city_to};такси Элиста село Ремонтное;0;;0;;0;;0
Элиста;село Ремонтное;https://city2city.ru/elista-remontnoe;трансфер {city_from} {city_to};трансфер Элиста село Ремонтное;0;;0;;0;;0
Элиста;село Ремонтное;https://city2city.ru/elista-remontnoe;межгород {city_from} {city_to};межгород Элиста село Ремонтное;0;;0;;0;;0
Элиста;село Ремонтное;https://city2city.ru/elista-remontnoe;такси {city_from} {city_to} цена;такси Элиста село Ремонтное цена;0;;0;;0;;0
Элиста;Ростов-на-Дону;https://city2city.ru/elista-rostov-na-donu;такси {city_from} {city_to};такси Элиста Ростов-на-Дону;9;;0;;0;;0
Элиста;Ростов-на-Дону;https://city2city.ru/elista-rostov-na-donu;трансфер {city_from} {city_to};трансфер Элиста Ростов-на-Дону;3;;0;;0;;0
Элиста;Ростов-на-Дону;https://city2city.ru/elista-rostov-na-donu;межгород {city_from} {city_to};межгород Элиста Ростов-на-Дону;0;;0;;0;;0
Элиста;Ростов-на-Дону;https://city2city.ru/elista-rostov-na-donu;такси {city_from} {city_to} цена;такси Элиста Ростов-на-Дону цена;4;;0;;0;;0
Элиста;Санкт-Петербург;https://city2city.ru/elista-sankt-peterburg;такси {city_from} {city_to};такси Элиста Санкт-Петербург;2;;0;;0;;0
Элиста;Санкт-Петербург;https://city2city.ru/elista-sankt-peterburg;трансфер {city_from} {city_to};трансфер Элиста Санкт-Петербург;0;;0;;0;;0
Элиста;Санкт-Петербург;https://city2city.ru/elista-sankt-peterburg;межгород {city_from} {city_to};межгород Элиста Санкт-Петербург;0;;0;;0;;0
Элиста;Санкт-Петербург;https://city2city.ru/elista-sankt-peterburg;такси {city_from} {city_to} цена;такси Элиста Санкт-Петербург цена;0;;0;;0;;0
Элиста;село Арзгир;https://city2city.ru/elista-selo-arzgir;такси {city_from} {city_to};такси Элиста село Арзгир;0;;0;;0;;0
Элиста;село Арзгир;https://city2city.ru/elista-selo-arzgir;трансфер {city_from} {city_to};трансфер Элиста село Арзгир;0;;0;;0;;0
Элиста;село Арзгир;https://city2city.ru/elista-selo-arzgir;межгород {city_from} {city_to};межгород Элиста село Арзгир;0;;0;;0;;0
Элиста;село Арзгир;https://city2city.ru/elista-selo-arzgir;такси {city_from} {city_to} цена;такси Элиста село Арзгир цена;0;;0;;0;;0
Элиста;село Дивное;https://city2city.ru/elista-selo-divnoe;такси {city_from} {city_to};такси Элиста село Дивное;0;;0;;0;;0
Элиста;село Дивное;https://city2city.ru/elista-selo-divnoe;трансфер {city_from} {city_to};трансфер Элиста село Дивное;0;;0;;0;;0
Элиста;село Дивное;https://city2city.ru/elista-selo-divnoe;межгород {city_from} {city_to};межгород Элиста село Дивное;0;;0;;0;;0
Элиста;село Дивное;https://city2city.ru/elista-selo-divnoe;такси {city_from} {city_to} цена;такси Элиста село Дивное цена;0;;0;;0;;0
Элиста;село Малые Дербеты;https://city2city.ru/elista-selo-malye-derbety;такси {city_from} {city_to};такси Элиста село Малые Дербеты;0;;0;;0;;0
Элиста;село Малые Дербеты;https://city2city.ru/elista-selo-malye-derbety;трансфер {city_from} {city_to};трансфер Элиста село Малые Дербеты;0;;0;;0;;0
Элиста;село Малые Дербеты;https://city2city.ru/elista-selo-malye-derbety;межгород {city_from} {city_to};межгород Элиста село Малые Дербеты;0;;0;;0;;0
Элиста;село Малые Дербеты;https://city2city.ru/elista-selo-malye-derbety;такси {city_from} {city_to} цена;такси Элиста село Малые Дербеты цена;0;;0;;0;;0
Элиста;село Приютное;https://city2city.ru/elista-selo-priyutnoe;такси {city_from} {city_to};такси Элиста село Приютное;0;;0;;0;;0
Элиста;село Приютное;https://city2city.ru/elista-selo-priyutnoe;трансфер {city_from} {city_to};трансфер Элиста село Приютное;0;;0;;0;;0
Элиста;село Приютное;https://city2city.ru/elista-selo-priyutnoe;межгород {city_from} {city_to};межгород Элиста село Приютное;0;;0;;0;;0
Элиста;село Приютное;https://city2city.ru/elista-selo-priyutnoe;такси {city_from} {city_to} цена;такси Элиста село Приютное цена;0;;0;;0;;0
Элиста;село Садовое;https://city2city.ru/elista-selo-sadovoe;такси {city_from} {city_to};такси Элиста село Садовое;0;;0;;0;;0
Элиста;село Садовое;https://city2city.ru/elista-selo-sadovoe;трансфер {city_from} {city_to};трансфер Элиста село Садовое;0;;0;;0;;0
Элиста;село Садовое;https://city2city.ru/elista-selo-sadovoe;межгород {city_from} {city_to};межгород Элиста село Садовое;0;;0;;0;;0
Элиста;село Садовое;https://city2city.ru/elista-selo-sadovoe;такси {city_from} {city_to} цена;такси Элиста село Садовое цена;0;;0;;0;;0
Элиста;село Троицкое;https://city2city.ru/elista-selo-troiczkoe;такси {city_from} {city_to};такси Элиста село Троицкое;0;;0;;0;;0
Элиста;село Троицкое;https://city2city.ru/elista-selo-troiczkoe;трансфер {city_from} {city_to};трансфер Элиста село Троицкое;0;;0;;0;;0
Элиста;село Троицкое;https://city2city.ru/elista-selo-troiczkoe;межгород {city_from} {city_to};межгород Элиста село Троицкое;0;;0;;0;;0
Элиста;село Троицкое;https://city2city.ru/elista-selo-troiczkoe;такси {city_from} {city_to} цена;такси Элиста село Троицкое цена;0;;0;;0;;0
Элиста;село Яшалта;https://city2city.ru/elista-selo-yashalta;такси {city_from} {city_to};такси Элиста село Яшалта;0;;0;;0;;0
Элиста;село Яшалта;https://city2city.ru/elista-selo-yashalta;трансфер {city_from} {city_to};трансфер Элиста село Яшалта;0;;0;;0;;0
Элиста;село Яшалта;https://city2city.ru/elista-selo-yashalta;межгород {city_from} {city_to};межгород Элиста село Яшалта;0;;0;;0;;0
Элиста;село Яшалта;https://city2city.ru/elista-selo-yashalta;такси {city_from} {city_to} цена;такси Элиста село Яшалта цена;0;;0;;0;;0
Элиста;село Заветное;https://city2city.ru/elista-selo-zavetnoe;такси {city_from} {city_to};такси Элиста село Заветное;0;;0;;0;;0
Элиста;село Заветное;https://city2city.ru/elista-selo-zavetnoe;трансфер {city_from} {city_to};трансфер Элиста село Заветное;0;;0;;0;;0
Элиста;село Заветное;https://city2city.ru/elista-selo-zavetnoe;межгород {city_from} {city_to};межгород Элиста село Заветное;0;;0;;0;;0
Элиста;село Заветное;https://city2city.ru/elista-selo-zavetnoe;такси {city_from} {city_to} цена;такси Элиста село Заветное цена;0;;0;;0;;0
Элиста;Сочи;https://city2city.ru/elista-sochi;такси {city_from} {city_to};такси Элиста Сочи;0;;0;;0;;0
Элиста;Сочи;https://city2city.ru/elista-sochi;трансфер {city_from} {city_to};трансфер Элиста Сочи;2;;0;;0;;0
Элиста;Сочи;https://city2city.ru/elista-sochi;межгород {city_from} {city_to};межгород Элиста Сочи;0;;0;;0;;0
Элиста;Сочи;https://city2city.ru/elista-sochi;такси {city_from} {city_to} цена;такси Элиста Сочи цена;0;;0;;0;;0
Элиста;Ставрополь;https://city2city.ru/elista-stavropol;такси {city_from} {city_to};такси Элиста Ставрополь;31;такси элиста ставрополь;31;;0;;0
Элиста;Ставрополь;https://city2city.ru/elista-stavropol;трансфер {city_from} {city_to};трансфер Элиста Ставрополь;8;;0;;0;;0
Элиста;Ставрополь;https://city2city.ru/elista-stavropol;межгород {city_from} {city_to};межгород Элиста Ставрополь;0;;0;;0;;0
Элиста;Ставрополь;https://city2city.ru/elista-stavropol;такси {city_from} {city_to} цена;такси Элиста Ставрополь цена;0;;0;;0;;0
Элиста;Волгодонск;https://city2city.ru/elista-volgodonsk;такси {city_from} {city_to};такси Элиста Волгодонск;3;;0;;0;;0
Элиста;Волгодонск;https://city2city.ru/elista-volgodonsk;трансфер {city_from} {city_to};трансфер Элиста Волгодонск;4;;0;;0;;0
Элиста;Волгодонск;https://city2city.ru/elista-volgodonsk;межгород {city_from} {city_to};межгород Элиста Волгодонск;0;;0;;0;;0
Элиста;Волгодонск;https://city2city.ru/elista-volgodonsk;такси {city_from} {city_to} цена;такси Элиста Волгодонск цена;0;;0;;0;;0
Элиста;Волгоград;https://city2city.ru/elista-volgograd;такси {city_from} {city_to};такси Элиста Волгоград;115;такси волгоград элиста;115;элиста волгоград такси ежедневно;7;;0
Элиста;Волгоград;https://city2city.ru/elista-volgograd;трансфер {city_from} {city_to};трансфер Элиста Волгоград;330;трансфер элиста волгоград;330;трансфер волгоград элиста из аэропорта;35;трансфер элиста волгоград телефон;12
Элиста;Волгоград;https://city2city.ru/elista-volgograd;межгород {city_from} {city_to};межгород Элиста Волгоград;3;;0;;0;;0
Элиста;Волгоград;https://city2city.ru/elista-volgograd;такси {city_from} {city_to} цена;такси Элиста Волгоград цена;8;;0;;0;;0
Элиста;Волжский;https://city2city.ru/elista-volzhskij;такси {city_from} {city_to};такси Элиста Волжский;1;;0;;0;;0
Элиста;Волжский;https://city2city.ru/elista-volzhskij;трансфер {city_from} {city_to};трансфер Элиста Волжский;0;;0;;0;;0
Элиста;Волжский;https://city2city.ru/elista-volzhskij;межгород {city_from} {city_to};межгород Элиста Волжский;0;;0;;0;;0
Элиста;Волжский;https://city2city.ru/elista-volzhskij;такси {city_from} {city_to} цена;такси Элиста Волжский цена;0;;0;;0;;0
Элиста;Воронеж;https://city2city.ru/elista-voronezh;такси {city_from} {city_to};такси Элиста Воронеж;2;;0;;0;;0
Элиста;Воронеж;https://city2city.ru/elista-voronezh;трансфер {city_from} {city_to};трансфер Элиста Воронеж;1;;0;;0;;0
Элиста;Воронеж;https://city2city.ru/elista-voronezh;межгород {city_from} {city_to};межгород Элиста Воронеж;0;;0;;0;;0
Элиста;Воронеж;https://city2city.ru/elista-voronezh;такси {city_from} {city_to} цена;такси Элиста Воронеж цена;0;;0;;0;;0
Элиста;Ялта;https://city2city.ru/elista-yalta;такси {city_from} {city_to};такси Элиста Ялта;0;;0;;0;;0
Элиста;Ялта;https://city2city.ru/elista-yalta;трансфер {city_from} {city_to};трансфер Элиста Ялта;0;;0;;0;;0
Элиста;Ялта;https://city2city.ru/elista-yalta;межгород {city_from} {city_to};межгород Элиста Ялта;0;;0;;0;;0
Элиста;Ялта;https://city2city.ru/elista-yalta;такси {city_from} {city_to} цена;такси Элиста Ялта цена;0;;0;;0;;0
Элиста;рабочий посёлок Юганец;https://city2city.ru/elista-yuganecz;такси {city_from} {city_to};такси Элиста рабочий посёлок Юганец;0;;0;;0;;0
Элиста;рабочий посёлок Юганец;https://city2city.ru/elista-yuganecz;трансфер {city_from} {city_to};трансфер Элиста рабочий посёлок Юганец;0;;0;;0;;0
Элиста;рабочий посёлок Юганец;https://city2city.ru/elista-yuganecz;межгород {city_from} {city_to};межгород Элиста рабочий посёлок Юганец;0;;0;;0;;0
Элиста;рабочий посёлок Юганец;https://city2city.ru/elista-yuganecz;такси {city_from} {city_to} цена;такси Элиста рабочий посёлок Юганец цена;0;;0;;0;;0
Элиста;Железноводск;https://city2city.ru/elista-zheleznovodsk;такси {city_from} {city_to};такси Элиста Железноводск;0;;0;;0;;0
Элиста;Железноводск;https://city2city.ru/elista-zheleznovodsk;трансфер {city_from} {city_to};трансфер Элиста Железноводск;2;;0;;0;;0
Элиста;Железноводск;https://city2city.ru/elista-zheleznovodsk;межгород {city_from} {city_to};межгород Элиста Железноводск;0;;0;;0;;0
Элиста;Железноводск;https://city2city.ru/elista-zheleznovodsk;такси {city_from} {city_to} цена;такси Элиста Железноводск цена;0;;0;;0;;0
Энергодар;;https://city2city.ru/energodar-rostov-na-don;такси {city_from} {city_to};такси Энергодар ;36;такси энергодара;36;такси мелитополь энергодар;3;такси энергодар мобильный телефон;3
Энергодар;;https://city2city.ru/energodar-rostov-na-don;трансфер {city_from} {city_to};трансфер Энергодар ;1;;0;;0;;0
Энергодар;;https://city2city.ru/energodar-rostov-na-don;межгород {city_from} {city_to};межгород Энергодар ;0;;0;;0;;0
Энергодар;;https://city2city.ru/energodar-rostov-na-don;такси {city_from} {city_to} цена;такси Энергодар  цена;1;;0;;0;;0
Энергодар;;https://city2city.ru/energodar-simferopol;такси {city_from} {city_to};такси Энергодар ;36;такси энергодара;36;такси мелитополь энергодар;3;такси энергодар мобильный телефон;3
Энергодар;;https://city2city.ru/energodar-simferopol;трансфер {city_from} {city_to};трансфер Энергодар ;1;;0;;0;;0
Энергодар;;https://city2city.ru/energodar-simferopol;межгород {city_from} {city_to};межгород Энергодар ;0;;0;;0;;0
Энергодар;;https://city2city.ru/energodar-simferopol;такси {city_from} {city_to} цена;такси Энергодар  цена;1;;0;;0;;0
Энергодар;;https://city2city.ru/energodar-ufa;такси {city_from} {city_to};такси Энергодар ;36;такси энергодара;36;такси мелитополь энергодар;3;такси энергодар мобильный телефон;3
Энергодар;;https://city2city.ru/energodar-ufa;трансфер {city_from} {city_to};трансфер Энергодар ;1;;0;;0;;0
Энергодар;;https://city2city.ru/energodar-ufa;межгород {city_from} {city_to};межгород Энергодар ;0;;0;;0;;0
Энергодар;;https://city2city.ru/energodar-ufa;такси {city_from} {city_to} цена;такси Энергодар  цена;1;;0;;0;;0
Енисейск;Красноярск;https://city2city.ru/enisejsk-krasnojarsk;такси {city_from} {city_to};такси Енисейск Красноярск;483;такси енисейск красноярск;483;такси комфорт енисейск красноярск;85;такси енисейск красноярск телефон;79
Енисейск;Красноярск;https://city2city.ru/enisejsk-krasnojarsk;трансфер {city_from} {city_to};трансфер Енисейск Красноярск;5;;0;;0;;0
Енисейск;Красноярск;https://city2city.ru/enisejsk-krasnojarsk;межгород {city_from} {city_to};межгород Енисейск Красноярск;35;такси межгород енисейск красноярск;34;;0;;0
Енисейск;Красноярск;https://city2city.ru/enisejsk-krasnojarsk;такси {city_from} {city_to} цена;такси Енисейск Красноярск цена;12;такси енисейск красноярск цена;12;;0;;0
Хабаровск;Якутск;https://city2city.ru/habarovsk-jakutsk;такси {city_from} {city_to};такси Хабаровск Якутск;20;хабаровск якутск такси;20;;0;;0
Хабаровск;Якутск;https://city2city.ru/habarovsk-jakutsk;трансфер {city_from} {city_to};трансфер Хабаровск Якутск;0;;0;;0;;0
Хабаровск;Якутск;https://city2city.ru/habarovsk-jakutsk;межгород {city_from} {city_to};межгород Хабаровск Якутск;0;;0;;0;;0
Хабаровск;Якутск;https://city2city.ru/habarovsk-jakutsk;такси {city_from} {city_to} цена;такси Хабаровск Якутск цена;2;;0;;0;;0
Хандыга;Якутск;https://city2city.ru/handyga-jakutsk;такси {city_from} {city_to};такси Хандыга Якутск;23;такси якутск хандыга;23;;0;;0
Хандыга;Якутск;https://city2city.ru/handyga-jakutsk;трансфер {city_from} {city_to};трансфер Хандыга Якутск;0;;0;;0;;0
Хандыга;Якутск;https://city2city.ru/handyga-jakutsk;межгород {city_from} {city_to};межгород Хандыга Якутск;1;;0;;0;;0
Хандыга;Якутск;https://city2city.ru/handyga-jakutsk;такси {city_from} {city_to} цена;такси Хандыга Якутск цена;1;;0;;0;;0
Ханты-Мансийск;Нягань;https://city2city.ru/hanty-mansijsk-njagan;такси {city_from} {city_to};такси Ханты-Мансийск Нягань;54;такси ханты мансийск нягань;54;такси нягань ханты мансийск цена;13;;0
Ханты-Мансийск;Нягань;https://city2city.ru/hanty-mansijsk-njagan;трансфер {city_from} {city_to};трансфер Ханты-Мансийск Нягань;4;;0;;0;;0
Ханты-Мансийск;Нягань;https://city2city.ru/hanty-mansijsk-njagan;межгород {city_from} {city_to};межгород Ханты-Мансийск Нягань;0;;0;;0;;0
Ханты-Мансийск;Нягань;https://city2city.ru/hanty-mansijsk-njagan;такси {city_from} {city_to} цена;такси Ханты-Мансийск Нягань цена;13;такси нягань ханты мансийск цена;13;;0;;0
Иркутск;аэропорт Улан-Удэ (Байкал);https://city2city.ru/irkutsk-aeroport-bajkal-ulan-ude;такси {city_from} {city_to};такси Иркутск аэропорт Улан-Удэ (Байкал);0;;0;;0;;0
Иркутск;аэропорт Улан-Удэ (Байкал);https://city2city.ru/irkutsk-aeroport-bajkal-ulan-ude;трансфер {city_from} {city_to};трансфер Иркутск аэропорт Улан-Удэ (Байкал);0;;0;;0;;0
Иркутск;аэропорт Улан-Удэ (Байкал);https://city2city.ru/irkutsk-aeroport-bajkal-ulan-ude;межгород {city_from} {city_to};межгород Иркутск аэропорт Улан-Удэ (Байкал);0;;0;;0;;0
Иркутск;аэропорт Улан-Удэ (Байкал);https://city2city.ru/irkutsk-aeroport-bajkal-ulan-ude;такси {city_from} {city_to} цена;такси Иркутск аэропорт Улан-Удэ (Байкал) цена;0;;0;;0;;0
аэропорт Иркутск;Усть-Кут;https://city2city.ru/irkutsk-aeroport-ust-kut;такси {city_from} {city_to};такси аэропорт Иркутск Усть-Кут;4;;0;;0;;0
аэропорт Иркутск;Усть-Кут;https://city2city.ru/irkutsk-aeroport-ust-kut;трансфер {city_from} {city_to};трансфер аэропорт Иркутск Усть-Кут;0;;0;;0;;0
аэропорт Иркутск;Усть-Кут;https://city2city.ru/irkutsk-aeroport-ust-kut;межгород {city_from} {city_to};межгород аэропорт Иркутск Усть-Кут;0;;0;;0;;0
аэропорт Иркутск;Усть-Кут;https://city2city.ru/irkutsk-aeroport-ust-kut;такси {city_from} {city_to} цена;такси аэропорт Иркутск Усть-Кут цена;0;;0;;0;;0
Иркутск;Ангарск;https://city2city.ru/irkutsk-angarsk;такси {city_from} {city_to};такси Иркутск Ангарск;207;такси ангарск иркутск;207;такси иркутск ангарск цена;34;сколько стоит такси с иркутска до ангарска;28
Иркутск;Ангарск;https://city2city.ru/irkutsk-angarsk;трансфер {city_from} {city_to};трансфер Иркутск Ангарск;3;;0;;0;;0
Иркутск;Ангарск;https://city2city.ru/irkutsk-angarsk;межгород {city_from} {city_to};межгород Иркутск Ангарск;34;межгород иркутск ангарск;34;;0;;0
Иркутск;Ангарск;https://city2city.ru/irkutsk-angarsk;такси {city_from} {city_to} цена;такси Иркутск Ангарск цена;34;такси иркутск ангарск цена;34;такси ангарск иркутск аэропорт цена;8;;0
Иркутск;поселок Аршан;https://city2city.ru/irkutsk-arshan;такси {city_from} {city_to};такси Иркутск поселок Аршан;0;;0;;0;;0
Иркутск;поселок Аршан;https://city2city.ru/irkutsk-arshan;трансфер {city_from} {city_to};трансфер Иркутск поселок Аршан;0;;0;;0;;0
Иркутск;поселок Аршан;https://city2city.ru/irkutsk-arshan;межгород {city_from} {city_to};межгород Иркутск поселок Аршан;0;;0;;0;;0
Иркутск;поселок Аршан;https://city2city.ru/irkutsk-arshan;такси {city_from} {city_to} цена;такси Иркутск поселок Аршан цена;0;;0;;0;;0
Иркутск;село Сахюрта;https://city2city.ru/irkutsk-bajkal;такси {city_from} {city_to};такси Иркутск село Сахюрта;0;;0;;0;;0
Иркутск;село Сахюрта;https://city2city.ru/irkutsk-bajkal;трансфер {city_from} {city_to};трансфер Иркутск село Сахюрта;0;;0;;0;;0
Иркутск;село Сахюрта;https://city2city.ru/irkutsk-bajkal;межгород {city_from} {city_to};межгород Иркутск село Сахюрта;0;;0;;0;;0
Иркутск;село Сахюрта;https://city2city.ru/irkutsk-bajkal;такси {city_from} {city_to} цена;такси Иркутск село Сахюрта цена;0;;0;;0;;0
Иркутск;Байкальская улица;https://city2city.ru/irkutsk-bajkalsk;такси {city_from} {city_to};такси Иркутск Байкальская улица;6;;0;;0;;0
Иркутск;Байкальская улица;https://city2city.ru/irkutsk-bajkalsk;трансфер {city_from} {city_to};трансфер Иркутск Байкальская улица;0;;0;;0;;0
Иркутск;Байкальская улица;https://city2city.ru/irkutsk-bajkalsk;межгород {city_from} {city_to};межгород Иркутск Байкальская улица;0;;0;;0;;0
Иркутск;Байкальская улица;https://city2city.ru/irkutsk-bajkalsk;такси {city_from} {city_to} цена;такси Иркутск Байкальская улица цена;3;;0;;0;;0
Иркутск;Благовещенск;https://city2city.ru/irkutsk-blagoveshhensk;такси {city_from} {city_to};такси Иркутск Благовещенск;2;;0;;0;;0
Иркутск;Благовещенск;https://city2city.ru/irkutsk-blagoveshhensk;трансфер {city_from} {city_to};трансфер Иркутск Благовещенск;0;;0;;0;;0
Иркутск;Благовещенск;https://city2city.ru/irkutsk-blagoveshhensk;межгород {city_from} {city_to};межгород Иркутск Благовещенск;0;;0;;0;;0
Иркутск;Благовещенск;https://city2city.ru/irkutsk-blagoveshhensk;такси {city_from} {city_to} цена;такси Иркутск Благовещенск цена;0;;0;;0;;0
Иркутск;Бодайбо;https://city2city.ru/irkutsk-bodajbo;такси {city_from} {city_to};такси Иркутск Бодайбо;20;такси бодайбо иркутск;20;;0;;0
Иркутск;Бодайбо;https://city2city.ru/irkutsk-bodajbo;трансфер {city_from} {city_to};трансфер Иркутск Бодайбо;1;;0;;0;;0
Иркутск;Бодайбо;https://city2city.ru/irkutsk-bodajbo;межгород {city_from} {city_to};межгород Иркутск Бодайбо;6;;0;;0;;0
Иркутск;Бодайбо;https://city2city.ru/irkutsk-bodajbo;такси {city_from} {city_to} цена;такси Иркутск Бодайбо цена;0;;0;;0;;0
Иркутск;посёлок Большое Голоустное;https://city2city.ru/irkutsk-bolshoe-goloustnoe;такси {city_from} {city_to};такси Иркутск посёлок Большое Голоустное;2;;0;;0;;0
Иркутск;посёлок Большое Голоустное;https://city2city.ru/irkutsk-bolshoe-goloustnoe;трансфер {city_from} {city_to};трансфер Иркутск посёлок Большое Голоустное;0;;0;;0;;0
Иркутск;посёлок Большое Голоустное;https://city2city.ru/irkutsk-bolshoe-goloustnoe;межгород {city_from} {city_to};межгород Иркутск посёлок Большое Голоустное;0;;0;;0;;0
Иркутск;посёлок Большое Голоустное;https://city2city.ru/irkutsk-bolshoe-goloustnoe;такси {city_from} {city_to} цена;такси Иркутск посёлок Большое Голоустное цена;0;;0;;0;;0
Иркутск;Черемхово;https://city2city.ru/irkutsk-cheremxovo;такси {city_from} {city_to};такси Иркутск Черемхово;50;такси черемхово иркутск;50;маршрутные такси иркутск черемхово;6;;0
Иркутск;Черемхово;https://city2city.ru/irkutsk-cheremxovo;трансфер {city_from} {city_to};трансфер Иркутск Черемхово;0;;0;;0;;0
Иркутск;Черемхово;https://city2city.ru/irkutsk-cheremxovo;межгород {city_from} {city_to};межгород Иркутск Черемхово;3;;0;;0;;0
Иркутск;Черемхово;https://city2city.ru/irkutsk-cheremxovo;такси {city_from} {city_to} цена;такси Иркутск Черемхово цена;16;;0;;0;;0
Иркутск;Чита;https://city2city.ru/irkutsk-chita;такси {city_from} {city_to};такси Иркутск Чита;27;такси иркутск чита;27;;0;;0
Иркутск;Чита;https://city2city.ru/irkutsk-chita;трансфер {city_from} {city_to};трансфер Иркутск Чита;0;;0;;0;;0
Иркутск;Чита;https://city2city.ru/irkutsk-chita;межгород {city_from} {city_to};межгород Иркутск Чита;3;;0;;0;;0
Иркутск;Чита;https://city2city.ru/irkutsk-chita;такси {city_from} {city_to} цена;такси Иркутск Чита цена;0;;0;;0;;0
Иркутск;Екатеринбург;https://city2city.ru/irkutsk-ekaterinburg;такси {city_from} {city_to};такси Иркутск Екатеринбург;3;;0;;0;;0
Иркутск;Екатеринбург;https://city2city.ru/irkutsk-ekaterinburg;трансфер {city_from} {city_to};трансфер Иркутск Екатеринбург;0;;0;;0;;0
Иркутск;Екатеринбург;https://city2city.ru/irkutsk-ekaterinburg;межгород {city_from} {city_to};межгород Иркутск Екатеринбург;0;;0;;0;;0
Иркутск;Екатеринбург;https://city2city.ru/irkutsk-ekaterinburg;такси {city_from} {city_to} цена;такси Иркутск Екатеринбург цена;0;;0;;0;;0
Иркутск;село Ташанта;https://city2city.ru/irkutsk-granicza-mongolii;такси {city_from} {city_to};такси Иркутск село Ташанта;0;;0;;0;;0
Иркутск;село Ташанта;https://city2city.ru/irkutsk-granicza-mongolii;трансфер {city_from} {city_to};трансфер Иркутск село Ташанта;0;;0;;0;;0
Иркутск;село Ташанта;https://city2city.ru/irkutsk-granicza-mongolii;межгород {city_from} {city_to};межгород Иркутск село Ташанта;0;;0;;0;;0
Иркутск;село Ташанта;https://city2city.ru/irkutsk-granicza-mongolii;такси {city_from} {city_to} цена;такси Иркутск село Ташанта цена;0;;0;;0;;0
Иркутск;Якутск;https://city2city.ru/irkutsk-jakutsk;такси {city_from} {city_to};такси Иркутск Якутск;6;;0;;0;;0
Иркутск;Якутск;https://city2city.ru/irkutsk-jakutsk;трансфер {city_from} {city_to};трансфер Иркутск Якутск;1;;0;;0;;0
Иркутск;Якутск;https://city2city.ru/irkutsk-jakutsk;межгород {city_from} {city_to};межгород Иркутск Якутск;0;;0;;0;;0
Иркутск;Якутск;https://city2city.ru/irkutsk-jakutsk;такси {city_from} {city_to} цена;такси Иркутск Якутск цена;2;;0;;0;;0
Иркутск;рабочий посёлок Магистральный;https://city2city.ru/irkutsk-kavykta;такси {city_from} {city_to};такси Иркутск рабочий посёлок Магистральный;0;;0;;0;;0
Иркутск;рабочий посёлок Магистральный;https://city2city.ru/irkutsk-kavykta;трансфер {city_from} {city_to};трансфер Иркутск рабочий посёлок Магистральный;0;;0;;0;;0
Иркутск;рабочий посёлок Магистральный;https://city2city.ru/irkutsk-kavykta;межгород {city_from} {city_to};межгород Иркутск рабочий посёлок Магистральный;0;;0;;0;;0
Иркутск;рабочий посёлок Магистральный;https://city2city.ru/irkutsk-kavykta;такси {city_from} {city_to} цена;такси Иркутск рабочий посёлок Магистральный цена;0;;0;;0;;0
Иркутск;Кемерово;https://city2city.ru/irkutsk-kemerovo;такси {city_from} {city_to};такси Иркутск Кемерово;6;;0;;0;;0
Иркутск;Кемерово;https://city2city.ru/irkutsk-kemerovo;трансфер {city_from} {city_to};трансфер Иркутск Кемерово;2;;0;;0;;0
Иркутск;Кемерово;https://city2city.ru/irkutsk-kemerovo;межгород {city_from} {city_to};межгород Иркутск Кемерово;0;;0;;0;;0
Иркутск;Кемерово;https://city2city.ru/irkutsk-kemerovo;такси {city_from} {city_to} цена;такси Иркутск Кемерово цена;2;;0;;0;;0
Иркутск;Киренск;https://city2city.ru/irkutsk-kirensk;такси {city_from} {city_to};такси Иркутск Киренск;52;такси киренск иркутск;52;маршрутное такси иркутск киренск;18;такси идеал иркутск киренск;12
Иркутск;Киренск;https://city2city.ru/irkutsk-kirensk;трансфер {city_from} {city_to};трансфер Иркутск Киренск;0;;0;;0;;0
Иркутск;Киренск;https://city2city.ru/irkutsk-kirensk;межгород {city_from} {city_to};межгород Иркутск Киренск;1;;0;;0;;0
Иркутск;Киренск;https://city2city.ru/irkutsk-kirensk;такси {city_from} {city_to} цена;такси Иркутск Киренск цена;2;;0;;0;;0
Иркутск;Красноярск;https://city2city.ru/irkutsk-krasnoyarsk;такси {city_from} {city_to};такси Иркутск Красноярск;33;такси иркутск красноярск;33;;0;;0
Иркутск;Красноярск;https://city2city.ru/irkutsk-krasnoyarsk;трансфер {city_from} {city_to};трансфер Иркутск Красноярск;0;;0;;0;;0
Иркутск;Красноярск;https://city2city.ru/irkutsk-krasnoyarsk;межгород {city_from} {city_to};межгород Иркутск Красноярск;0;;0;;0;;0
Иркутск;Красноярск;https://city2city.ru/irkutsk-krasnoyarsk;такси {city_from} {city_to} цена;такси Иркутск Красноярск цена;13;;0;;0;;0
Иркутск;рабочий посёлок Култук;https://city2city.ru/irkutsk-kultuk;такси {city_from} {city_to};такси Иркутск рабочий посёлок Култук;0;;0;;0;;0
Иркутск;рабочий посёлок Култук;https://city2city.ru/irkutsk-kultuk;трансфер {city_from} {city_to};трансфер Иркутск рабочий посёлок Култук;0;;0;;0;;0
Иркутск;рабочий посёлок Култук;https://city2city.ru/irkutsk-kultuk;межгород {city_from} {city_to};межгород Иркутск рабочий посёлок Култук;0;;0;;0;;0
Иркутск;рабочий посёлок Култук;https://city2city.ru/irkutsk-kultuk;такси {city_from} {city_to} цена;такси Иркутск рабочий посёлок Култук цена;0;;0;;0;;0
Иркутск;село Листвянка;https://city2city.ru/irkutsk-listvyanka;такси {city_from} {city_to};такси Иркутск село Листвянка;0;;0;;0;;0
Иркутск;село Листвянка;https://city2city.ru/irkutsk-listvyanka;трансфер {city_from} {city_to};трансфер Иркутск село Листвянка;0;;0;;0;;0
Иркутск;село Листвянка;https://city2city.ru/irkutsk-listvyanka;межгород {city_from} {city_to};межгород Иркутск село Листвянка;0;;0;;0;;0
Иркутск;село Листвянка;https://city2city.ru/irkutsk-listvyanka;такси {city_from} {city_to} цена;такси Иркутск село Листвянка цена;0;;0;;0;;0
Иркутск;посёлок городского типа Луговой;https://city2city.ru/irkutsk-lugovoj;такси {city_from} {city_to};такси Иркутск посёлок городского типа Луговой;0;;0;;0;;0
Иркутск;посёлок городского типа Луговой;https://city2city.ru/irkutsk-lugovoj;трансфер {city_from} {city_to};трансфер Иркутск посёлок городского типа Луговой;0;;0;;0;;0
Иркутск;посёлок городского типа Луговой;https://city2city.ru/irkutsk-lugovoj;межгород {city_from} {city_to};межгород Иркутск посёлок городского типа Луговой;0;;0;;0;;0
Иркутск;посёлок городского типа Луговой;https://city2city.ru/irkutsk-lugovoj;такси {city_from} {city_to} цена;такси Иркутск посёлок городского типа Луговой цена;0;;0;;0;;0
Иркутск;село Выдрино;https://city2city.ru/irkutsk-mamaj;такси {city_from} {city_to};такси Иркутск село Выдрино;0;;0;;0;;0
Иркутск;село Выдрино;https://city2city.ru/irkutsk-mamaj;трансфер {city_from} {city_to};трансфер Иркутск село Выдрино;0;;0;;0;;0
Иркутск;село Выдрино;https://city2city.ru/irkutsk-mamaj;межгород {city_from} {city_to};межгород Иркутск село Выдрино;0;;0;;0;;0
Иркутск;село Выдрино;https://city2city.ru/irkutsk-mamaj;такси {city_from} {city_to} цена;такси Иркутск село Выдрино цена;0;;0;;0;;0
Иркутск;село Сахюрта;https://city2city.ru/irkutsk-mrs;такси {city_from} {city_to};такси Иркутск село Сахюрта;0;;0;;0;;0
Иркутск;село Сахюрта;https://city2city.ru/irkutsk-mrs;трансфер {city_from} {city_to};трансфер Иркутск село Сахюрта;0;;0;;0;;0
Иркутск;село Сахюрта;https://city2city.ru/irkutsk-mrs;межгород {city_from} {city_to};межгород Иркутск село Сахюрта;0;;0;;0;;0
Иркутск;село Сахюрта;https://city2city.ru/irkutsk-mrs;такси {city_from} {city_to} цена;такси Иркутск село Сахюрта цена;0;;0;;0;;0
Иркутск;Нерюнгри;https://city2city.ru/irkutsk-neryungri;такси {city_from} {city_to};такси Иркутск Нерюнгри;0;;0;;0;;0
Иркутск;Нерюнгри;https://city2city.ru/irkutsk-neryungri;трансфер {city_from} {city_to};трансфер Иркутск Нерюнгри;0;;0;;0;;0
Иркутск;Нерюнгри;https://city2city.ru/irkutsk-neryungri;межгород {city_from} {city_to};межгород Иркутск Нерюнгри;0;;0;;0;;0
Иркутск;Нерюнгри;https://city2city.ru/irkutsk-neryungri;такси {city_from} {city_to} цена;такси Иркутск Нерюнгри цена;0;;0;;0;;0
Иркутск;Нижнеудинск;https://city2city.ru/irkutsk-nizhneudinsk;такси {city_from} {city_to};такси Иркутск Нижнеудинск;8;такси иркутск нижнеудинск;8;;0;;0
Иркутск;Нижнеудинск;https://city2city.ru/irkutsk-nizhneudinsk;трансфер {city_from} {city_to};трансфер Иркутск Нижнеудинск;0;;0;;0;;0
Иркутск;Нижнеудинск;https://city2city.ru/irkutsk-nizhneudinsk;межгород {city_from} {city_to};межгород Иркутск Нижнеудинск;1;;0;;0;;0
Иркутск;Нижнеудинск;https://city2city.ru/irkutsk-nizhneudinsk;такси {city_from} {city_to} цена;такси Иркутск Нижнеудинск цена;0;;0;;0;;0
Иркутск;Новосибирск;https://city2city.ru/irkutsk-novosibirsk;такси {city_from} {city_to};такси Иркутск Новосибирск;31;такси иркутск новосибирск;31;;0;;0
Иркутск;Новосибирск;https://city2city.ru/irkutsk-novosibirsk;трансфер {city_from} {city_to};трансфер Иркутск Новосибирск;0;;0;;0;;0
Иркутск;Новосибирск;https://city2city.ru/irkutsk-novosibirsk;межгород {city_from} {city_to};межгород Иркутск Новосибирск;0;;0;;0;;0
Иркутск;Новосибирск;https://city2city.ru/irkutsk-novosibirsk;такси {city_from} {city_to} цена;такси Иркутск Новосибирск цена;8;;0;;0;;0
Иркутск;Омск;https://city2city.ru/irkutsk-omsk;такси {city_from} {city_to};такси Иркутск Омск;10;;0;;0;;0
Иркутск;Омск;https://city2city.ru/irkutsk-omsk;трансфер {city_from} {city_to};трансфер Иркутск Омск;0;;0;;0;;0
Иркутск;Омск;https://city2city.ru/irkutsk-omsk;межгород {city_from} {city_to};межгород Иркутск Омск;0;;0;;0;;0
Иркутск;Омск;https://city2city.ru/irkutsk-omsk;такси {city_from} {city_to} цена;такси Иркутск Омск цена;0;;0;;0;;0
Иркутск;село Сахюрта;https://city2city.ru/irkutsk-ostrov-olxon;такси {city_from} {city_to};такси Иркутск село Сахюрта;0;;0;;0;;0
Иркутск;село Сахюрта;https://city2city.ru/irkutsk-ostrov-olxon;трансфер {city_from} {city_to};трансфер Иркутск село Сахюрта;0;;0;;0;;0
Иркутск;село Сахюрта;https://city2city.ru/irkutsk-ostrov-olxon;межгород {city_from} {city_to};межгород Иркутск село Сахюрта;0;;0;;0;;0
Иркутск;село Сахюрта;https://city2city.ru/irkutsk-ostrov-olxon;такси {city_from} {city_to} цена;такси Иркутск село Сахюрта цена;0;;0;;0;;0
Иркутск;Саянск;https://city2city.ru/irkutsk-sayansk;такси {city_from} {city_to};такси Иркутск Саянск;26;такси иркутск саянск;26;;0;;0
Иркутск;Саянск;https://city2city.ru/irkutsk-sayansk;трансфер {city_from} {city_to};трансфер Иркутск Саянск;0;;0;;0;;0
Иркутск;Саянск;https://city2city.ru/irkutsk-sayansk;межгород {city_from} {city_to};межгород Иркутск Саянск;0;;0;;0;;0
Иркутск;Саянск;https://city2city.ru/irkutsk-sayansk;такси {city_from} {city_to} цена;такси Иркутск Саянск цена;7;;0;;0;;0
Иркутск;Северобайкальск;https://city2city.ru/irkutsk-severobajkalsk;такси {city_from} {city_to};такси Иркутск Северобайкальск;30;такси северобайкальск иркутск;30;маршрутное такси иркутск северобайкальск;20;;0
Иркутск;Северобайкальск;https://city2city.ru/irkutsk-severobajkalsk;трансфер {city_from} {city_to};трансфер Иркутск Северобайкальск;0;;0;;0;;0
Иркутск;Северобайкальск;https://city2city.ru/irkutsk-severobajkalsk;межгород {city_from} {city_to};межгород Иркутск Северобайкальск;10;;0;;0;;0
Иркутск;Северобайкальск;https://city2city.ru/irkutsk-severobajkalsk;такси {city_from} {city_to} цена;такси Иркутск Северобайкальск цена;0;;0;;0;;0
Иркутск;Шелехов;https://city2city.ru/irkutsk-shelexov;такси {city_from} {city_to};такси Иркутск Шелехов;80;такси шелехов иркутск;80;такси иркутск до шелехова;45;сколько стоит такси иркутск шелехов;17
Иркутск;Шелехов;https://city2city.ru/irkutsk-shelexov;трансфер {city_from} {city_to};трансфер Иркутск Шелехов;0;;0;;0;;0
Иркутск;Шелехов;https://city2city.ru/irkutsk-shelexov;межгород {city_from} {city_to};межгород Иркутск Шелехов;1;;0;;0;;0
Иркутск;Шелехов;https://city2city.ru/irkutsk-shelexov;такси {city_from} {city_to} цена;такси Иркутск Шелехов цена;13;;0;;0;;0
Иркутск;Слюдянка;https://city2city.ru/irkutsk-slyudyanka;такси {city_from} {city_to};такси Иркутск Слюдянка;58;такси слюдянка иркутск;58;;0;;0
Иркутск;Слюдянка;https://city2city.ru/irkutsk-slyudyanka;трансфер {city_from} {city_to};трансфер Иркутск Слюдянка;2;;0;;0;;0
Иркутск;Слюдянка;https://city2city.ru/irkutsk-slyudyanka;межгород {city_from} {city_to};межгород Иркутск Слюдянка;0;;0;;0;;0
Иркутск;Слюдянка;https://city2city.ru/irkutsk-slyudyanka;такси {city_from} {city_to} цена;такси Иркутск Слюдянка цена;9;;0;;0;;0
Иркутск;Свирск;https://city2city.ru/irkutsk-svirsk;такси {city_from} {city_to};такси Иркутск Свирск;7;;0;;0;;0
Иркутск;Свирск;https://city2city.ru/irkutsk-svirsk;трансфер {city_from} {city_to};трансфер Иркутск Свирск;0;;0;;0;;0
Иркутск;Свирск;https://city2city.ru/irkutsk-svirsk;межгород {city_from} {city_to};межгород Иркутск Свирск;0;;0;;0;;0
Иркутск;Свирск;https://city2city.ru/irkutsk-svirsk;такси {city_from} {city_to} цена;такси Иркутск Свирск цена;1;;0;;0;;0
Иркутск;Тайшет;https://city2city.ru/irkutsk-tajshet;такси {city_from} {city_to};такси Иркутск Тайшет;6;;0;;0;;0
Иркутск;Тайшет;https://city2city.ru/irkutsk-tajshet;трансфер {city_from} {city_to};трансфер Иркутск Тайшет;0;;0;;0;;0
Иркутск;Тайшет;https://city2city.ru/irkutsk-tajshet;межгород {city_from} {city_to};межгород Иркутск Тайшет;3;;0;;0;;0
Иркутск;Тайшет;https://city2city.ru/irkutsk-tajshet;такси {city_from} {city_to} цена;такси Иркутск Тайшет цена;2;;0;;0;;0
Иркутск;Троицк;https://city2city.ru/irkutsk-troiczk;такси {city_from} {city_to};такси Иркутск Троицк;2;;0;;0;;0
Иркутск;Троицк;https://city2city.ru/irkutsk-troiczk;трансфер {city_from} {city_to};трансфер Иркутск Троицк;0;;0;;0;;0
Иркутск;Троицк;https://city2city.ru/irkutsk-troiczk;межгород {city_from} {city_to};межгород Иркутск Троицк;0;;0;;0;;0
Иркутск;Троицк;https://city2city.ru/irkutsk-troiczk;такси {city_from} {city_to} цена;такси Иркутск Троицк цена;0;;0;;0;;0
Иркутск;Тулун;https://city2city.ru/irkutsk-tulun;такси {city_from} {city_to};такси Иркутск Тулун;21;такси иркутск тулун;21;;0;;0
Иркутск;Тулун;https://city2city.ru/irkutsk-tulun;трансфер {city_from} {city_to};трансфер Иркутск Тулун;0;;0;;0;;0
Иркутск;Тулун;https://city2city.ru/irkutsk-tulun;межгород {city_from} {city_to};межгород Иркутск Тулун;1;;0;;0;;0
Иркутск;Тулун;https://city2city.ru/irkutsk-tulun;такси {city_from} {city_to} цена;такси Иркутск Тулун цена;2;;0;;0;;0
Иркутск;село Тунка;https://city2city.ru/irkutsk-tunkinskaya-dolina;такси {city_from} {city_to};такси Иркутск село Тунка;0;;0;;0;;0
Иркутск;село Тунка;https://city2city.ru/irkutsk-tunkinskaya-dolina;трансфер {city_from} {city_to};трансфер Иркутск село Тунка;0;;0;;0;;0
Иркутск;село Тунка;https://city2city.ru/irkutsk-tunkinskaya-dolina;межгород {city_from} {city_to};межгород Иркутск село Тунка;0;;0;;0;;0
Иркутск;село Тунка;https://city2city.ru/irkutsk-tunkinskaya-dolina;такси {city_from} {city_to} цена;такси Иркутск село Тунка цена;0;;0;;0;;0
Иркутск;Усолье-Сибирское;https://city2city.ru/irkutsk-usole-sibirskoe;такси {city_from} {city_to};такси Иркутск Усолье-Сибирское;62;такси иркутск усолье сибирское;62;иркутск усолье сибирское сколько стоит такси;25;такси иркутск усолье сибирское цена;17
Иркутск;Усолье-Сибирское;https://city2city.ru/irkutsk-usole-sibirskoe;трансфер {city_from} {city_to};трансфер Иркутск Усолье-Сибирское;4;;0;;0;;0
Иркутск;Усолье-Сибирское;https://city2city.ru/irkutsk-usole-sibirskoe;межгород {city_from} {city_to};межгород Иркутск Усолье-Сибирское;1;;0;;0;;0
Иркутск;Усолье-Сибирское;https://city2city.ru/irkutsk-usole-sibirskoe;такси {city_from} {city_to} цена;такси Иркутск Усолье-Сибирское цена;17;такси иркутск усолье сибирское цена;17;цена поездки такси иркутск усолье сибирское;5;;0
Иркутск;Усть-Илимск;https://city2city.ru/irkutsk-ust-ilimsk;такси {city_from} {city_to};такси Иркутск Усть-Илимск;24;такси усть илимск иркутск;24;;0;;0
Иркутск;Усть-Илимск;https://city2city.ru/irkutsk-ust-ilimsk;трансфер {city_from} {city_to};трансфер Иркутск Усть-Илимск;0;;0;;0;;0
Иркутск;Усть-Илимск;https://city2city.ru/irkutsk-ust-ilimsk;межгород {city_from} {city_to};межгород Иркутск Усть-Илимск;0;;0;;0;;0
Иркутск;Усть-Илимск;https://city2city.ru/irkutsk-ust-ilimsk;такси {city_from} {city_to} цена;такси Иркутск Усть-Илимск цена;1;;0;;0;;0
Иркутск;Вихоревка;https://city2city.ru/irkutsk-vixorevka;такси {city_from} {city_to};такси Иркутск Вихоревка;2;;0;;0;;0
Иркутск;Вихоревка;https://city2city.ru/irkutsk-vixorevka;трансфер {city_from} {city_to};трансфер Иркутск Вихоревка;0;;0;;0;;0
Иркутск;Вихоревка;https://city2city.ru/irkutsk-vixorevka;межгород {city_from} {city_to};межгород Иркутск Вихоревка;0;;0;;0;;0
Иркутск;Вихоревка;https://city2city.ru/irkutsk-vixorevka;такси {city_from} {city_to} цена;такси Иркутск Вихоревка цена;0;;0;;0;;0
Иркутск;Владивосток;https://city2city.ru/irkutsk-vladivostok;такси {city_from} {city_to};такси Иркутск Владивосток;6;;0;;0;;0
Иркутск;Владивосток;https://city2city.ru/irkutsk-vladivostok;трансфер {city_from} {city_to};трансфер Иркутск Владивосток;0;;0;;0;;0
Иркутск;Владивосток;https://city2city.ru/irkutsk-vladivostok;межгород {city_from} {city_to};межгород Иркутск Владивосток;3;;0;;0;;0
Иркутск;Владивосток;https://city2city.ru/irkutsk-vladivostok;такси {city_from} {city_to} цена;такси Иркутск Владивосток цена;0;;0;;0;;0
Иркутск;посёлок Хужир;https://city2city.ru/irkutsk-xuzhir;такси {city_from} {city_to};такси Иркутск посёлок Хужир;1;;0;;0;;0
Иркутск;посёлок Хужир;https://city2city.ru/irkutsk-xuzhir;трансфер {city_from} {city_to};трансфер Иркутск посёлок Хужир;0;;0;;0;;0
Иркутск;посёлок Хужир;https://city2city.ru/irkutsk-xuzhir;межгород {city_from} {city_to};межгород Иркутск посёлок Хужир;0;;0;;0;;0
Иркутск;посёлок Хужир;https://city2city.ru/irkutsk-xuzhir;такси {city_from} {city_to} цена;такси Иркутск посёлок Хужир цена;0;;0;;0;;0
Иркутск;Железногорск-Илимский;https://city2city.ru/irkutsk-zheleznogorsk-ilimskij;такси {city_from} {city_to};такси Иркутск Железногорск-Илимский;1;;0;;0;;0
Иркутск;Железногорск-Илимский;https://city2city.ru/irkutsk-zheleznogorsk-ilimskij;трансфер {city_from} {city_to};трансфер Иркутск Железногорск-Илимский;0;;0;;0;;0
Иркутск;Железногорск-Илимский;https://city2city.ru/irkutsk-zheleznogorsk-ilimskij;межгород {city_from} {city_to};межгород Иркутск Железногорск-Илимский;0;;0;;0;;0
Иркутск;Железногорск-Илимский;https://city2city.ru/irkutsk-zheleznogorsk-ilimskij;такси {city_from} {city_to} цена;такси Иркутск Железногорск-Илимский цена;0;;0;;0;;0
Иркутск;Зима;https://city2city.ru/irkutsk-zima;такси {city_from} {city_to};такси Иркутск Зима;35;такси иркутск зима;35;;0;;0
Иркутск;Зима;https://city2city.ru/irkutsk-zima;трансфер {city_from} {city_to};трансфер Иркутск Зима;3;;0;;0;;0
Иркутск;Зима;https://city2city.ru/irkutsk-zima;межгород {city_from} {city_to};межгород Иркутск Зима;2;;0;;0;;0
Иркутск;Зима;https://city2city.ru/irkutsk-zima;такси {city_from} {city_to} цена;такси Иркутск Зима цена;0;;0;;0;;0
Иваново;Адлер;https://city2city.ru/ivanovo-adler;такси {city_from} {city_to};такси Иваново Адлер;0;;0;;0;;0
Иваново;Адлер;https://city2city.ru/ivanovo-adler;трансфер {city_from} {city_to};трансфер Иваново Адлер;0;;0;;0;;0
Иваново;Адлер;https://city2city.ru/ivanovo-adler;межгород {city_from} {city_to};межгород Иваново Адлер;0;;0;;0;;0
Иваново;Адлер;https://city2city.ru/ivanovo-adler;такси {city_from} {city_to} цена;такси Иваново Адлер цена;0;;0;;0;;0
Иваново;Александров;https://city2city.ru/ivanovo-aleksandrov;такси {city_from} {city_to};такси Иваново Александров;14;;0;;0;;0
Иваново;Александров;https://city2city.ru/ivanovo-aleksandrov;трансфер {city_from} {city_to};трансфер Иваново Александров;0;;0;;0;;0
Иваново;Александров;https://city2city.ru/ivanovo-aleksandrov;межгород {city_from} {city_to};межгород Иваново Александров;1;;0;;0;;0
Иваново;Александров;https://city2city.ru/ivanovo-aleksandrov;такси {city_from} {city_to} цена;такси Иваново Александров цена;0;;0;;0;;0
Иваново;Анапа;https://city2city.ru/ivanovo-anapa;такси {city_from} {city_to};такси Иваново Анапа;1;;0;;0;;0
Иваново;Анапа;https://city2city.ru/ivanovo-anapa;трансфер {city_from} {city_to};трансфер Иваново Анапа;3;;0;;0;;0
Иваново;Анапа;https://city2city.ru/ivanovo-anapa;межгород {city_from} {city_to};межгород Иваново Анапа;0;;0;;0;;0
Иваново;Анапа;https://city2city.ru/ivanovo-anapa;такси {city_from} {city_to} цена;такси Иваново Анапа цена;0;;0;;0;;0
Иваново;Чкаловск;https://city2city.ru/ivanovo-chkalovsk;такси {city_from} {city_to};такси Иваново Чкаловск;0;;0;;0;;0
Иваново;Чкаловск;https://city2city.ru/ivanovo-chkalovsk;трансфер {city_from} {city_to};трансфер Иваново Чкаловск;0;;0;;0;;0
Иваново;Чкаловск;https://city2city.ru/ivanovo-chkalovsk;межгород {city_from} {city_to};межгород Иваново Чкаловск;0;;0;;0;;0
Иваново;Чкаловск;https://city2city.ru/ivanovo-chkalovsk;такси {city_from} {city_to} цена;такси Иваново Чкаловск цена;0;;0;;0;;0
Иваново;Екатеринбург;https://city2city.ru/ivanovo-ekaterinburg;такси {city_from} {city_to};такси Иваново Екатеринбург;3;;0;;0;;0
Иваново;Екатеринбург;https://city2city.ru/ivanovo-ekaterinburg;трансфер {city_from} {city_to};трансфер Иваново Екатеринбург;0;;0;;0;;0
Иваново;Екатеринбург;https://city2city.ru/ivanovo-ekaterinburg;межгород {city_from} {city_to};межгород Иваново Екатеринбург;0;;0;;0;;0
Иваново;Екатеринбург;https://city2city.ru/ivanovo-ekaterinburg;такси {city_from} {city_to} цена;такси Иваново Екатеринбург цена;2;;0;;0;;0
Иваново;Ермолино;https://city2city.ru/ivanovo-ermolino;такси {city_from} {city_to};такси Иваново Ермолино;1;;0;;0;;0
Иваново;Ермолино;https://city2city.ru/ivanovo-ermolino;трансфер {city_from} {city_to};трансфер Иваново Ермолино;0;;0;;0;;0
Иваново;Ермолино;https://city2city.ru/ivanovo-ermolino;межгород {city_from} {city_to};межгород Иваново Ермолино;0;;0;;0;;0
Иваново;Ермолино;https://city2city.ru/ivanovo-ermolino;такси {city_from} {city_to} цена;такси Иваново Ермолино цена;0;;0;;0;;0
Иваново;город Фурманов;https://city2city.ru/ivanovo-furmanov;такси {city_from} {city_to};такси Иваново город Фурманов;2;;0;;0;;0
Иваново;город Фурманов;https://city2city.ru/ivanovo-furmanov;трансфер {city_from} {city_to};трансфер Иваново город Фурманов;0;;0;;0;;0
Иваново;город Фурманов;https://city2city.ru/ivanovo-furmanov;межгород {city_from} {city_to};межгород Иваново город Фурманов;0;;0;;0;;0
Иваново;город Фурманов;https://city2city.ru/ivanovo-furmanov;такси {city_from} {city_to} цена;такси Иваново город Фурманов цена;1;;0;;0;;0
Иваново;Гаврилов Посад;https://city2city.ru/ivanovo-gavrilov-posad;такси {city_from} {city_to};такси Иваново Гаврилов Посад;8;;0;;0;;0
Иваново;Гаврилов Посад;https://city2city.ru/ivanovo-gavrilov-posad;трансфер {city_from} {city_to};трансфер Иваново Гаврилов Посад;0;;0;;0;;0
Иваново;Гаврилов Посад;https://city2city.ru/ivanovo-gavrilov-posad;межгород {city_from} {city_to};межгород Иваново Гаврилов Посад;0;;0;;0;;0
Иваново;Гаврилов Посад;https://city2city.ru/ivanovo-gavrilov-posad;такси {city_from} {city_to} цена;такси Иваново Гаврилов Посад цена;0;;0;;0;;0
Иваново;Гаврилов-Ям;https://city2city.ru/ivanovo-gavrilov-yam;такси {city_from} {city_to};такси Иваново Гаврилов-Ям;1;;0;;0;;0
Иваново;Гаврилов-Ям;https://city2city.ru/ivanovo-gavrilov-yam;трансфер {city_from} {city_to};трансфер Иваново Гаврилов-Ям;0;;0;;0;;0
Иваново;Гаврилов-Ям;https://city2city.ru/ivanovo-gavrilov-yam;межгород {city_from} {city_to};межгород Иваново Гаврилов-Ям;0;;0;;0;;0
Иваново;Гаврилов-Ям;https://city2city.ru/ivanovo-gavrilov-yam;такси {city_from} {city_to} цена;такси Иваново Гаврилов-Ям цена;0;;0;;0;;0
Иваново;Геленджик;https://city2city.ru/ivanovo-gelendzhik;такси {city_from} {city_to};такси Иваново Геленджик;0;;0;;0;;0
Иваново;Геленджик;https://city2city.ru/ivanovo-gelendzhik;трансфер {city_from} {city_to};трансфер Иваново Геленджик;0;;0;;0;;0
Иваново;Геленджик;https://city2city.ru/ivanovo-gelendzhik;межгород {city_from} {city_to};межгород Иваново Геленджик;0;;0;;0;;0
Иваново;Геленджик;https://city2city.ru/ivanovo-gelendzhik;такси {city_from} {city_to} цена;такси Иваново Геленджик цена;0;;0;;0;;0
Иваново;52А-3;https://city2city.ru/ivanovo-granicza-kazaxstan;такси {city_from} {city_to};такси Иваново 52А-3;0;;0;;0;;0
Иваново;52А-3;https://city2city.ru/ivanovo-granicza-kazaxstan;трансфер {city_from} {city_to};трансфер Иваново 52А-3;0;;0;;0;;0
Иваново;52А-3;https://city2city.ru/ivanovo-granicza-kazaxstan;межгород {city_from} {city_to};межгород Иваново 52А-3;0;;0;;0;;0
Иваново;52А-3;https://city2city.ru/ivanovo-granicza-kazaxstan;такси {city_from} {city_to} цена;такси Иваново 52А-3 цена;0;;0;;0;;0
Иваново;Гусь-Хрустальный;https://city2city.ru/ivanovo-gus-xrustalnyj;такси {city_from} {city_to};такси Иваново Гусь-Хрустальный;0;;0;;0;;0
Иваново;Гусь-Хрустальный;https://city2city.ru/ivanovo-gus-xrustalnyj;трансфер {city_from} {city_to};трансфер Иваново Гусь-Хрустальный;0;;0;;0;;0
Иваново;Гусь-Хрустальный;https://city2city.ru/ivanovo-gus-xrustalnyj;межгород {city_from} {city_to};межгород Иваново Гусь-Хрустальный;0;;0;;0;;0
Иваново;Гусь-Хрустальный;https://city2city.ru/ivanovo-gus-xrustalnyj;такси {city_from} {city_to} цена;такси Иваново Гусь-Хрустальный цена;0;;0;;0;;0
Иваново;Йошкар-Ола;https://city2city.ru/ivanovo-joshkar-ola;такси {city_from} {city_to};такси Иваново Йошкар-Ола;0;;0;;0;;0
Иваново;Йошкар-Ола;https://city2city.ru/ivanovo-joshkar-ola;трансфер {city_from} {city_to};трансфер Иваново Йошкар-Ола;1;;0;;0;;0
Иваново;Йошкар-Ола;https://city2city.ru/ivanovo-joshkar-ola;межгород {city_from} {city_to};межгород Иваново Йошкар-Ола;0;;0;;0;;0
Иваново;Йошкар-Ола;https://city2city.ru/ivanovo-joshkar-ola;такси {city_from} {city_to} цена;такси Иваново Йошкар-Ола цена;0;;0;;0;;0
Иваново;Каменка;https://city2city.ru/ivanovo-kamenka;такси {city_from} {city_to};такси Иваново Каменка;3;;0;;0;;0
Иваново;Каменка;https://city2city.ru/ivanovo-kamenka;трансфер {city_from} {city_to};трансфер Иваново Каменка;0;;0;;0;;0
Иваново;Каменка;https://city2city.ru/ivanovo-kamenka;межгород {city_from} {city_to};межгород Иваново Каменка;0;;0;;0;;0
Иваново;Каменка;https://city2city.ru/ivanovo-kamenka;такси {city_from} {city_to} цена;такси Иваново Каменка цена;3;;0;;0;;0
Иваново;Казань;https://city2city.ru/ivanovo-kazan;такси {city_from} {city_to};такси Иваново Казань;10;;0;;0;;0
Иваново;Казань;https://city2city.ru/ivanovo-kazan;трансфер {city_from} {city_to};трансфер Иваново Казань;7;;0;;0;;0
Иваново;Казань;https://city2city.ru/ivanovo-kazan;межгород {city_from} {city_to};межгород Иваново Казань;0;;0;;0;;0
Иваново;Казань;https://city2city.ru/ivanovo-kazan;такси {city_from} {city_to} цена;такси Иваново Казань цена;1;;0;;0;;0
Иваново;Кинешма;https://city2city.ru/ivanovo-kineshma;такси {city_from} {city_to};такси Иваново Кинешма;60;такси кинешма иваново;60;такси иваново кинешма цена;17;;0
Иваново;Кинешма;https://city2city.ru/ivanovo-kineshma;трансфер {city_from} {city_to};трансфер Иваново Кинешма;5;;0;;0;;0
Иваново;Кинешма;https://city2city.ru/ivanovo-kineshma;межгород {city_from} {city_to};межгород Иваново Кинешма;1;;0;;0;;0
Иваново;Кинешма;https://city2city.ru/ivanovo-kineshma;такси {city_from} {city_to} цена;такси Иваново Кинешма цена;17;такси иваново кинешма цена;17;;0;;0
Иваново;посёлок городского типа Колобово;https://city2city.ru/ivanovo-kolobovo;такси {city_from} {city_to};такси Иваново посёлок городского типа Колобово;0;;0;;0;;0
Иваново;посёлок городского типа Колобово;https://city2city.ru/ivanovo-kolobovo;трансфер {city_from} {city_to};трансфер Иваново посёлок городского типа Колобово;0;;0;;0;;0
Иваново;посёлок городского типа Колобово;https://city2city.ru/ivanovo-kolobovo;межгород {city_from} {city_to};межгород Иваново посёлок городского типа Колобово;0;;0;;0;;0
Иваново;посёлок городского типа Колобово;https://city2city.ru/ivanovo-kolobovo;такси {city_from} {city_to} цена;такси Иваново посёлок городского типа Колобово цена;0;;0;;0;;0
Иваново;Комсомольск;https://city2city.ru/ivanovo-komsomolsk;такси {city_from} {city_to};такси Иваново Комсомольск;19;такси иваново комсомольск;19;иваново комсомольск такси цена;8;;0
Иваново;Комсомольск;https://city2city.ru/ivanovo-komsomolsk;трансфер {city_from} {city_to};трансфер Иваново Комсомольск;2;;0;;0;;0
Иваново;Комсомольск;https://city2city.ru/ivanovo-komsomolsk;межгород {city_from} {city_to};межгород Иваново Комсомольск;1;;0;;0;;0
Иваново;Комсомольск;https://city2city.ru/ivanovo-komsomolsk;такси {city_from} {city_to} цена;такси Иваново Комсомольск цена;8;иваново комсомольск такси цена;8;;0;;0
Иваново;Кострома;https://city2city.ru/ivanovo-kostroma;такси {city_from} {city_to};такси Иваново Кострома;47;иванова кострома такси;47;такси иваново кострома;47;такси кострома иваново цена;13
Иваново;Кострома;https://city2city.ru/ivanovo-kostroma;трансфер {city_from} {city_to};трансфер Иваново Кострома;32;трансфер иваново кострома;32;;0;;0
Иваново;Кострома;https://city2city.ru/ivanovo-kostroma;межгород {city_from} {city_to};межгород Иваново Кострома;1;;0;;0;;0
Иваново;Кострома;https://city2city.ru/ivanovo-kostroma;такси {city_from} {city_to} цена;такси Иваново Кострома цена;13;такси кострома иваново цена;13;;0;;0
Иваново;Ковров;https://city2city.ru/ivanovo-kovrov;такси {city_from} {city_to};такси Иваново Ковров;19;такси иваново ковров;19;;0;;0
Иваново;Ковров;https://city2city.ru/ivanovo-kovrov;трансфер {city_from} {city_to};трансфер Иваново Ковров;0;;0;;0;;0
Иваново;Ковров;https://city2city.ru/ivanovo-kovrov;межгород {city_from} {city_to};межгород Иваново Ковров;0;;0;;0;;0
Иваново;Ковров;https://city2city.ru/ivanovo-kovrov;такси {city_from} {city_to} цена;такси Иваново Ковров цена;4;;0;;0;;0
Иваново;Курск;https://city2city.ru/ivanovo-kursk;такси {city_from} {city_to};такси Иваново Курск;6;;0;;0;;0
Иваново;Курск;https://city2city.ru/ivanovo-kursk;трансфер {city_from} {city_to};трансфер Иваново Курск;0;;0;;0;;0
Иваново;Курск;https://city2city.ru/ivanovo-kursk;межгород {city_from} {city_to};межгород Иваново Курск;0;;0;;0;;0
Иваново;Курск;https://city2city.ru/ivanovo-kursk;такси {city_from} {city_to} цена;такси Иваново Курск цена;0;;0;;0;;0
Иваново;посёлок городского типа Лежнево;https://city2city.ru/ivanovo-lezhnevo;такси {city_from} {city_to};такси Иваново посёлок городского типа Лежнево;0;;0;;0;;0
Иваново;посёлок городского типа Лежнево;https://city2city.ru/ivanovo-lezhnevo;трансфер {city_from} {city_to};трансфер Иваново посёлок городского типа Лежнево;0;;0;;0;;0
Иваново;посёлок городского типа Лежнево;https://city2city.ru/ivanovo-lezhnevo;межгород {city_from} {city_to};межгород Иваново посёлок городского типа Лежнево;0;;0;;0;;0
Иваново;посёлок городского типа Лежнево;https://city2city.ru/ivanovo-lezhnevo;такси {city_from} {city_to} цена;такси Иваново посёлок городского типа Лежнево цена;0;;0;;0;;0
Иваново;Липецк;https://city2city.ru/ivanovo-lipeczk;такси {city_from} {city_to};такси Иваново Липецк;1;;0;;0;;0
Иваново;Липецк;https://city2city.ru/ivanovo-lipeczk;трансфер {city_from} {city_to};трансфер Иваново Липецк;0;;0;;0;;0
Иваново;Липецк;https://city2city.ru/ivanovo-lipeczk;межгород {city_from} {city_to};межгород Иваново Липецк;0;;0;;0;;0
Иваново;Липецк;https://city2city.ru/ivanovo-lipeczk;такси {city_from} {city_to} цена;такси Иваново Липецк цена;0;;0;;0;;0
Иваново;посёлок городского типа Лух;https://city2city.ru/ivanovo-lux;такси {city_from} {city_to};такси Иваново посёлок городского типа Лух;0;;0;;0;;0
Иваново;посёлок городского типа Лух;https://city2city.ru/ivanovo-lux;трансфер {city_from} {city_to};трансфер Иваново посёлок городского типа Лух;0;;0;;0;;0
Иваново;посёлок городского типа Лух;https://city2city.ru/ivanovo-lux;межгород {city_from} {city_to};межгород Иваново посёлок городского типа Лух;0;;0;;0;;0
Иваново;посёлок городского типа Лух;https://city2city.ru/ivanovo-lux;такси {city_from} {city_to} цена;такси Иваново посёлок городского типа Лух цена;0;;0;;0;;0
Иваново;Наро-Фоминск;https://city2city.ru/ivanovo-naro-fominsk;такси {city_from} {city_to};такси Иваново Наро-Фоминск;3;;0;;0;;0
Иваново;Наро-Фоминск;https://city2city.ru/ivanovo-naro-fominsk;трансфер {city_from} {city_to};трансфер Иваново Наро-Фоминск;0;;0;;0;;0
Иваново;Наро-Фоминск;https://city2city.ru/ivanovo-naro-fominsk;межгород {city_from} {city_to};межгород Иваново Наро-Фоминск;0;;0;;0;;0
Иваново;Наро-Фоминск;https://city2city.ru/ivanovo-naro-fominsk;такси {city_from} {city_to} цена;такси Иваново Наро-Фоминск цена;0;;0;;0;;0
Иваново;Наволоки;https://city2city.ru/ivanovo-navoloki;такси {city_from} {city_to};такси Иваново Наволоки;1;;0;;0;;0
Иваново;Наволоки;https://city2city.ru/ivanovo-navoloki;трансфер {city_from} {city_to};трансфер Иваново Наволоки;0;;0;;0;;0
Иваново;Наволоки;https://city2city.ru/ivanovo-navoloki;межгород {city_from} {city_to};межгород Иваново Наволоки;0;;0;;0;;0
Иваново;Наволоки;https://city2city.ru/ivanovo-navoloki;такси {city_from} {city_to} цена;такси Иваново Наволоки цена;0;;0;;0;;0
Иваново;поселок городского типа Нерль;https://city2city.ru/ivanovo-nerl;такси {city_from} {city_to};такси Иваново поселок городского типа Нерль;0;;0;;0;;0
Иваново;поселок городского типа Нерль;https://city2city.ru/ivanovo-nerl;трансфер {city_from} {city_to};трансфер Иваново поселок городского типа Нерль;0;;0;;0;;0
Иваново;поселок городского типа Нерль;https://city2city.ru/ivanovo-nerl;межгород {city_from} {city_to};межгород Иваново поселок городского типа Нерль;0;;0;;0;;0
Иваново;поселок городского типа Нерль;https://city2city.ru/ivanovo-nerl;такси {city_from} {city_to} цена;такси Иваново поселок городского типа Нерль цена;0;;0;;0;;0
Иваново;Нижний Новгород;https://city2city.ru/ivanovo-nizhnij-novgorod;такси {city_from} {city_to};такси Иваново Нижний Новгород;17;такси иваново нижний новгород;17;;0;;0
Иваново;Нижний Новгород;https://city2city.ru/ivanovo-nizhnij-novgorod;трансфер {city_from} {city_to};трансфер Иваново Нижний Новгород;12;трансфер иваново нижний новгород;12;;0;;0
Иваново;Нижний Новгород;https://city2city.ru/ivanovo-nizhnij-novgorod;межгород {city_from} {city_to};межгород Иваново Нижний Новгород;0;;0;;0;;0
Иваново;Нижний Новгород;https://city2city.ru/ivanovo-nizhnij-novgorod;такси {city_from} {city_to} цена;такси Иваново Нижний Новгород цена;2;;0;;0;;0
Иваново;Ногинск;https://city2city.ru/ivanovo-noginsk;такси {city_from} {city_to};такси Иваново Ногинск;4;;0;;0;;0
Иваново;Ногинск;https://city2city.ru/ivanovo-noginsk;трансфер {city_from} {city_to};трансфер Иваново Ногинск;0;;0;;0;;0
Иваново;Ногинск;https://city2city.ru/ivanovo-noginsk;межгород {city_from} {city_to};межгород Иваново Ногинск;0;;0;;0;;0
Иваново;Ногинск;https://city2city.ru/ivanovo-noginsk;такси {city_from} {city_to} цена;такси Иваново Ногинск цена;1;;0;;0;;0
Иваново;Пенза;https://city2city.ru/ivanovo-penza;такси {city_from} {city_to};такси Иваново Пенза;4;;0;;0;;0
Иваново;Пенза;https://city2city.ru/ivanovo-penza;трансфер {city_from} {city_to};трансфер Иваново Пенза;2;;0;;0;;0
Иваново;Пенза;https://city2city.ru/ivanovo-penza;межгород {city_from} {city_to};межгород Иваново Пенза;0;;0;;0;;0
Иваново;Пенза;https://city2city.ru/ivanovo-penza;такси {city_from} {city_to} цена;такси Иваново Пенза цена;2;;0;;0;;0
Иваново;посёлок городского типа Пестяки;https://city2city.ru/ivanovo-pestyaki;такси {city_from} {city_to};такси Иваново посёлок городского типа Пестяки;0;;0;;0;;0
Иваново;посёлок городского типа Пестяки;https://city2city.ru/ivanovo-pestyaki;трансфер {city_from} {city_to};трансфер Иваново посёлок городского типа Пестяки;0;;0;;0;;0
Иваново;посёлок городского типа Пестяки;https://city2city.ru/ivanovo-pestyaki;межгород {city_from} {city_to};межгород Иваново посёлок городского типа Пестяки;0;;0;;0;;0
Иваново;посёлок городского типа Пестяки;https://city2city.ru/ivanovo-pestyaki;такси {city_from} {city_to} цена;такси Иваново посёлок городского типа Пестяки цена;0;;0;;0;;0
Иваново;Плёс;https://city2city.ru/ivanovo-plyos;такси {city_from} {city_to};такси Иваново Плёс;74;иваново плес такси;74;такси плес иваново цена;18;такси иваново плес стоимость;17
Иваново;Плёс;https://city2city.ru/ivanovo-plyos;трансфер {city_from} {city_to};трансфер Иваново Плёс;18;трансфер иваново плес;18;;0;;0
Иваново;Плёс;https://city2city.ru/ivanovo-plyos;межгород {city_from} {city_to};межгород Иваново Плёс;0;;0;;0;;0
Иваново;Плёс;https://city2city.ru/ivanovo-plyos;такси {city_from} {city_to} цена;такси Иваново Плёс цена;18;такси плес иваново цена;18;;0;;0
Иваново;Подольск;https://city2city.ru/ivanovo-podolsk;такси {city_from} {city_to};такси Иваново Подольск;0;;0;;0;;0
Иваново;Подольск;https://city2city.ru/ivanovo-podolsk;трансфер {city_from} {city_to};трансфер Иваново Подольск;0;;0;;0;;0
Иваново;Подольск;https://city2city.ru/ivanovo-podolsk;межгород {city_from} {city_to};межгород Иваново Подольск;0;;0;;0;;0
Иваново;Подольск;https://city2city.ru/ivanovo-podolsk;такси {city_from} {city_to} цена;такси Иваново Подольск цена;0;;0;;0;;0
Иваново;посёлок Комсомольский;https://city2city.ru/ivanovo-posyolok-komsomolskij;такси {city_from} {city_to};такси Иваново посёлок Комсомольский;0;;0;;0;;0
Иваново;посёлок Комсомольский;https://city2city.ru/ivanovo-posyolok-komsomolskij;трансфер {city_from} {city_to};трансфер Иваново посёлок Комсомольский;0;;0;;0;;0
Иваново;посёлок Комсомольский;https://city2city.ru/ivanovo-posyolok-komsomolskij;межгород {city_from} {city_to};межгород Иваново посёлок Комсомольский;0;;0;;0;;0
Иваново;посёлок Комсомольский;https://city2city.ru/ivanovo-posyolok-komsomolskij;такси {city_from} {city_to} цена;такси Иваново посёлок Комсомольский цена;0;;0;;0;;0
Иваново;Приволжск;https://city2city.ru/ivanovo-privolzhsk;такси {city_from} {city_to};такси Иваново Приволжск;19;такси иваново приволжск;19;;0;;0
Иваново;Приволжск;https://city2city.ru/ivanovo-privolzhsk;трансфер {city_from} {city_to};трансфер Иваново Приволжск;0;;0;;0;;0
Иваново;Приволжск;https://city2city.ru/ivanovo-privolzhsk;межгород {city_from} {city_to};межгород Иваново Приволжск;0;;0;;0;;0
Иваново;Приволжск;https://city2city.ru/ivanovo-privolzhsk;такси {city_from} {city_to} цена;такси Иваново Приволжск цена;4;;0;;0;;0
Иваново;Пучеж;https://city2city.ru/ivanovo-puchezh;такси {city_from} {city_to};такси Иваново Пучеж;5;;0;;0;;0
Иваново;Пучеж;https://city2city.ru/ivanovo-puchezh;трансфер {city_from} {city_to};трансфер Иваново Пучеж;0;;0;;0;;0
Иваново;Пучеж;https://city2city.ru/ivanovo-puchezh;межгород {city_from} {city_to};межгород Иваново Пучеж;0;;0;;0;;0
Иваново;Пучеж;https://city2city.ru/ivanovo-puchezh;такси {city_from} {city_to} цена;такси Иваново Пучеж цена;2;;0;;0;;0
Иваново;Родники;https://city2city.ru/ivanovo-rodniki;такси {city_from} {city_to};такси Иваново Родники;22;такси иваново родники;22;стоимость такси иваново родники;8;;0
Иваново;Родники;https://city2city.ru/ivanovo-rodniki;трансфер {city_from} {city_to};трансфер Иваново Родники;0;;0;;0;;0
Иваново;Родники;https://city2city.ru/ivanovo-rodniki;межгород {city_from} {city_to};межгород Иваново Родники;0;;0;;0;;0
Иваново;Родники;https://city2city.ru/ivanovo-rodniki;такси {city_from} {city_to} цена;такси Иваново Родники цена;0;;0;;0;;0
Иваново;Ростов-на-Дону;https://city2city.ru/ivanovo-rostov-na-donu;такси {city_from} {city_to};такси Иваново Ростов-на-Дону;6;;0;;0;;0
Иваново;Ростов-на-Дону;https://city2city.ru/ivanovo-rostov-na-donu;трансфер {city_from} {city_to};трансфер Иваново Ростов-на-Дону;0;;0;;0;;0
Иваново;Ростов-на-Дону;https://city2city.ru/ivanovo-rostov-na-donu;межгород {city_from} {city_to};межгород Иваново Ростов-на-Дону;0;;0;;0;;0
Иваново;Ростов-на-Дону;https://city2city.ru/ivanovo-rostov-na-donu;такси {city_from} {city_to} цена;такси Иваново Ростов-на-Дону цена;1;;0;;0;;0
Иваново;Ростов;https://city2city.ru/ivanovo-rostov-velikij;такси {city_from} {city_to};такси Иваново Ростов;11;;0;;0;;0
Иваново;Ростов;https://city2city.ru/ivanovo-rostov-velikij;трансфер {city_from} {city_to};трансфер Иваново Ростов;24;;0;;0;;0
Иваново;Ростов;https://city2city.ru/ivanovo-rostov-velikij;межгород {city_from} {city_to};межгород Иваново Ростов;0;;0;;0;;0
Иваново;Ростов;https://city2city.ru/ivanovo-rostov-velikij;такси {city_from} {city_to} цена;такси Иваново Ростов цена;2;;0;;0;;0
Иваново;посёлок городского типа Ровеньки;https://city2city.ru/ivanovo-rovenki;такси {city_from} {city_to};такси Иваново посёлок городского типа Ровеньки;0;;0;;0;;0
Иваново;посёлок городского типа Ровеньки;https://city2city.ru/ivanovo-rovenki;трансфер {city_from} {city_to};трансфер Иваново посёлок городского типа Ровеньки;0;;0;;0;;0
Иваново;посёлок городского типа Ровеньки;https://city2city.ru/ivanovo-rovenki;межгород {city_from} {city_to};межгород Иваново посёлок городского типа Ровеньки;0;;0;;0;;0
Иваново;посёлок городского типа Ровеньки;https://city2city.ru/ivanovo-rovenki;такси {city_from} {city_to} цена;такси Иваново посёлок городского типа Ровеньки цена;0;;0;;0;;0
Иваново;Рязань;https://city2city.ru/ivanovo-ryazan;такси {city_from} {city_to};такси Иваново Рязань;12;;0;;0;;0
Иваново;Рязань;https://city2city.ru/ivanovo-ryazan;трансфер {city_from} {city_to};трансфер Иваново Рязань;2;;0;;0;;0
Иваново;Рязань;https://city2city.ru/ivanovo-ryazan;межгород {city_from} {city_to};межгород Иваново Рязань;0;;0;;0;;0
Иваново;Рязань;https://city2city.ru/ivanovo-ryazan;такси {city_from} {city_to} цена;такси Иваново Рязань цена;4;;0;;0;;0
Иваново;Самара;https://city2city.ru/ivanovo-samara;такси {city_from} {city_to};такси Иваново Самара;2;;0;;0;;0
Иваново;Самара;https://city2city.ru/ivanovo-samara;трансфер {city_from} {city_to};трансфер Иваново Самара;0;;0;;0;;0
Иваново;Самара;https://city2city.ru/ivanovo-samara;межгород {city_from} {city_to};межгород Иваново Самара;0;;0;;0;;0
Иваново;Самара;https://city2city.ru/ivanovo-samara;такси {city_from} {city_to} цена;такси Иваново Самара цена;0;;0;;0;;0
Иваново;Санкт-Петербург;https://city2city.ru/ivanovo-sankt-peterburg;такси {city_from} {city_to};такси Иваново Санкт-Петербург;3;;0;;0;;0
Иваново;Санкт-Петербург;https://city2city.ru/ivanovo-sankt-peterburg;трансфер {city_from} {city_to};трансфер Иваново Санкт-Петербург;2;;0;;0;;0
Иваново;Санкт-Петербург;https://city2city.ru/ivanovo-sankt-peterburg;межгород {city_from} {city_to};межгород Иваново Санкт-Петербург;0;;0;;0;;0
Иваново;Санкт-Петербург;https://city2city.ru/ivanovo-sankt-peterburg;такси {city_from} {city_to} цена;такси Иваново Санкт-Петербург цена;0;;0;;0;;0
Иваново;деревня Савино;https://city2city.ru/ivanovo-savino;такси {city_from} {city_to};такси Иваново деревня Савино;0;;0;;0;;0
Иваново;деревня Савино;https://city2city.ru/ivanovo-savino;трансфер {city_from} {city_to};трансфер Иваново деревня Савино;0;;0;;0;;0
Иваново;деревня Савино;https://city2city.ru/ivanovo-savino;межгород {city_from} {city_to};межгород Иваново деревня Савино;0;;0;;0;;0
Иваново;деревня Савино;https://city2city.ru/ivanovo-savino;такси {city_from} {city_to} цена;такси Иваново деревня Савино цена;0;;0;;0;;0
Иваново;Сочи;https://city2city.ru/ivanovo-sochi;такси {city_from} {city_to};такси Иваново Сочи;8;;0;;0;;0
Иваново;Сочи;https://city2city.ru/ivanovo-sochi;трансфер {city_from} {city_to};трансфер Иваново Сочи;1;;0;;0;;0
Иваново;Сочи;https://city2city.ru/ivanovo-sochi;межгород {city_from} {city_to};межгород Иваново Сочи;0;;0;;0;;0
Иваново;Сочи;https://city2city.ru/ivanovo-sochi;такси {city_from} {city_to} цена;такси Иваново Сочи цена;1;;0;;0;;0
Иваново;Суздаль;https://city2city.ru/ivanovo-suzdal;такси {city_from} {city_to};такси Иваново Суздаль;20;такси иваново суздаль;20;;0;;0
Иваново;Суздаль;https://city2city.ru/ivanovo-suzdal;трансфер {city_from} {city_to};трансфер Иваново Суздаль;15;;0;;0;;0
Иваново;Суздаль;https://city2city.ru/ivanovo-suzdal;межгород {city_from} {city_to};межгород Иваново Суздаль;0;;0;;0;;0
Иваново;Суздаль;https://city2city.ru/ivanovo-suzdal;такси {city_from} {city_to} цена;такси Иваново Суздаль цена;2;;0;;0;;0
Иваново;Тула;https://city2city.ru/ivanovo-tula;такси {city_from} {city_to};такси Иваново Тула;5;;0;;0;;0
Иваново;Тула;https://city2city.ru/ivanovo-tula;трансфер {city_from} {city_to};трансфер Иваново Тула;0;;0;;0;;0
Иваново;Тула;https://city2city.ru/ivanovo-tula;межгород {city_from} {city_to};межгород Иваново Тула;0;;0;;0;;0
Иваново;Тула;https://city2city.ru/ivanovo-tula;такси {city_from} {city_to} цена;такси Иваново Тула цена;0;;0;;0;;0
Иваново;Уфа;https://city2city.ru/ivanovo-ufa;такси {city_from} {city_to};такси Иваново Уфа;1;;0;;0;;0
Иваново;Уфа;https://city2city.ru/ivanovo-ufa;трансфер {city_from} {city_to};трансфер Иваново Уфа;1;;0;;0;;0
Иваново;Уфа;https://city2city.ru/ivanovo-ufa;межгород {city_from} {city_to};межгород Иваново Уфа;0;;0;;0;;0
Иваново;Уфа;https://city2city.ru/ivanovo-ufa;такси {city_from} {city_to} цена;такси Иваново Уфа цена;0;;0;;0;;0
Иваново;Углич;https://city2city.ru/ivanovo-uglich;такси {city_from} {city_to};такси Иваново Углич;0;;0;;0;;0
Иваново;Углич;https://city2city.ru/ivanovo-uglich;трансфер {city_from} {city_to};трансфер Иваново Углич;0;;0;;0;;0
Иваново;Углич;https://city2city.ru/ivanovo-uglich;межгород {city_from} {city_to};межгород Иваново Углич;0;;0;;0;;0
Иваново;Углич;https://city2city.ru/ivanovo-uglich;такси {city_from} {city_to} цена;такси Иваново Углич цена;0;;0;;0;;0
Иваново;Ульяновск;https://city2city.ru/ivanovo-ulyanovsk;такси {city_from} {city_to};такси Иваново Ульяновск;0;;0;;0;;0
Иваново;Ульяновск;https://city2city.ru/ivanovo-ulyanovsk;трансфер {city_from} {city_to};трансфер Иваново Ульяновск;0;;0;;0;;0
Иваново;Ульяновск;https://city2city.ru/ivanovo-ulyanovsk;межгород {city_from} {city_to};межгород Иваново Ульяновск;0;;0;;0;;0
Иваново;Ульяновск;https://city2city.ru/ivanovo-ulyanovsk;такси {city_from} {city_to} цена;такси Иваново Ульяновск цена;0;;0;;0;;0
Иваново;Вичуга;https://city2city.ru/ivanovo-vichuga;такси {city_from} {city_to};такси Иваново Вичуга;48;такси иваново вичуга;48;такси иваново вичуга цена;20;;0
Иваново;Вичуга;https://city2city.ru/ivanovo-vichuga;трансфер {city_from} {city_to};трансфер Иваново Вичуга;0;;0;;0;;0
Иваново;Вичуга;https://city2city.ru/ivanovo-vichuga;межгород {city_from} {city_to};межгород Иваново Вичуга;1;;0;;0;;0
Иваново;Вичуга;https://city2city.ru/ivanovo-vichuga;такси {city_from} {city_to} цена;такси Иваново Вичуга цена;20;такси иваново вичуга цена;20;;0;;0
Иваново;Владимир;https://city2city.ru/ivanovo-vladimir;такси {city_from} {city_to};такси Иваново Владимир;77;такси владимир иваново;77;маршрутное такси владимир иваново;17;такси владимир иваново стоимость;16
Иваново;Владимир;https://city2city.ru/ivanovo-vladimir;трансфер {city_from} {city_to};трансфер Иваново Владимир;33;трансфер владимир иваново;33;;0;;0
Иваново;Владимир;https://city2city.ru/ivanovo-vladimir;межгород {city_from} {city_to};межгород Иваново Владимир;0;;0;;0;;0
Иваново;Владимир;https://city2city.ru/ivanovo-vladimir;такси {city_from} {city_to} цена;такси Иваново Владимир цена;7;;0;;0;;0
Иваново;Волгореченск;https://city2city.ru/ivanovo-volgorechensk;такси {city_from} {city_to};такси Иваново Волгореченск;6;;0;;0;;0
Иваново;Волгореченск;https://city2city.ru/ivanovo-volgorechensk;трансфер {city_from} {city_to};трансфер Иваново Волгореченск;0;;0;;0;;0
Иваново;Волгореченск;https://city2city.ru/ivanovo-volgorechensk;межгород {city_from} {city_to};межгород Иваново Волгореченск;0;;0;;0;;0
Иваново;Волгореченск;https://city2city.ru/ivanovo-volgorechensk;такси {city_from} {city_to} цена;такси Иваново Волгореченск цена;1;;0;;0;;0
Иваново;Вязники;https://city2city.ru/ivanovo-vyazniki;такси {city_from} {city_to};такси Иваново Вязники;4;;0;;0;;0
Иваново;Вязники;https://city2city.ru/ivanovo-vyazniki;трансфер {city_from} {city_to};трансфер Иваново Вязники;0;;0;;0;;0
Иваново;Вязники;https://city2city.ru/ivanovo-vyazniki;межгород {city_from} {city_to};межгород Иваново Вязники;0;;0;;0;;0
Иваново;Вязники;https://city2city.ru/ivanovo-vyazniki;такси {city_from} {city_to} цена;такси Иваново Вязники цена;0;;0;;0;;0
Иваново;Выкса;https://city2city.ru/ivanovo-vyksa;такси {city_from} {city_to};такси Иваново Выкса;0;;0;;0;;0
Иваново;Выкса;https://city2city.ru/ivanovo-vyksa;трансфер {city_from} {city_to};трансфер Иваново Выкса;0;;0;;0;;0
Иваново;Выкса;https://city2city.ru/ivanovo-vyksa;межгород {city_from} {city_to};межгород Иваново Выкса;0;;0;;0;;0
Иваново;Выкса;https://city2city.ru/ivanovo-vyksa;такси {city_from} {city_to} цена;такси Иваново Выкса цена;0;;0;;0;;0
Иваново;Ярославль;https://city2city.ru/ivanovo-yaroslavl;такси {city_from} {city_to};такси Иваново Ярославль;74;такси ярославль иваново;74;такси ярославль иваново цена;21;;0
Иваново;Ярославль;https://city2city.ru/ivanovo-yaroslavl;трансфер {city_from} {city_to};трансфер Иваново Ярославль;50;трансфер иваново ярославль;50;трансфер ярославль иваново аэропорт;7;трансфер иваново ярославль цена;7
Иваново;Ярославль;https://city2city.ru/ivanovo-yaroslavl;межгород {city_from} {city_to};межгород Иваново Ярославль;2;;0;;0;;0
Иваново;Ярославль;https://city2city.ru/ivanovo-yaroslavl;такси {city_from} {city_to} цена;такси Иваново Ярославль цена;21;такси ярославль иваново цена;21;;0;;0
Иваново;Южа;https://city2city.ru/ivanovo-yuzha;такси {city_from} {city_to};такси Иваново Южа;20;такси иваново южа;20;;0;;0
Иваново;Южа;https://city2city.ru/ivanovo-yuzha;трансфер {city_from} {city_to};трансфер Иваново Южа;1;;0;;0;;0
Иваново;Южа;https://city2city.ru/ivanovo-yuzha;межгород {city_from} {city_to};межгород Иваново Южа;1;;0;;0;;0
Иваново;Южа;https://city2city.ru/ivanovo-yuzha;такси {city_from} {city_to} цена;такси Иваново Южа цена;5;;0;;0;;0
Ижевск;Агидель;https://city2city.ru/izhevsk-agidel;такси {city_from} {city_to};такси Ижевск Агидель;2;;0;;0;;0
Ижевск;Агидель;https://city2city.ru/izhevsk-agidel;трансфер {city_from} {city_to};трансфер Ижевск Агидель;0;;0;;0;;0
Ижевск;Агидель;https://city2city.ru/izhevsk-agidel;межгород {city_from} {city_to};межгород Ижевск Агидель;0;;0;;0;;0
Ижевск;Агидель;https://city2city.ru/izhevsk-agidel;такси {city_from} {city_to} цена;такси Ижевск Агидель цена;1;;0;;0;;0
Ижевск;Агрыз;https://city2city.ru/izhevsk-agryz;такси {city_from} {city_to};такси Ижевск Агрыз;121;такси агрыз ижевск;121;такси мост агрыз ижевск;34;такси агрыз ижевск цена;25
Ижевск;Агрыз;https://city2city.ru/izhevsk-agryz;трансфер {city_from} {city_to};трансфер Ижевск Агрыз;4;;0;;0;;0
Ижевск;Агрыз;https://city2city.ru/izhevsk-agryz;межгород {city_from} {city_to};межгород Ижевск Агрыз;2;;0;;0;;0
Ижевск;Агрыз;https://city2city.ru/izhevsk-agryz;такси {city_from} {city_to} цена;такси Ижевск Агрыз цена;25;такси агрыз ижевск цена;25;;0;;0
Ижевск;Бугульма;https://city2city.ru/izhevsk-bugulma;такси {city_from} {city_to};такси Ижевск Бугульма;0;;0;;0;;0
Ижевск;Бугульма;https://city2city.ru/izhevsk-bugulma;трансфер {city_from} {city_to};трансфер Ижевск Бугульма;0;;0;;0;;0
Ижевск;Бугульма;https://city2city.ru/izhevsk-bugulma;межгород {city_from} {city_to};межгород Ижевск Бугульма;0;;0;;0;;0
Ижевск;Бугульма;https://city2city.ru/izhevsk-bugulma;такси {city_from} {city_to} цена;такси Ижевск Бугульма цена;0;;0;;0;;0
Ижевск;Чебаркуль;https://city2city.ru/izhevsk-chebarkul;такси {city_from} {city_to};такси Ижевск Чебаркуль;0;;0;;0;;0
Ижевск;Чебаркуль;https://city2city.ru/izhevsk-chebarkul;трансфер {city_from} {city_to};трансфер Ижевск Чебаркуль;0;;0;;0;;0
Ижевск;Чебаркуль;https://city2city.ru/izhevsk-chebarkul;межгород {city_from} {city_to};межгород Ижевск Чебаркуль;0;;0;;0;;0
Ижевск;Чебаркуль;https://city2city.ru/izhevsk-chebarkul;такси {city_from} {city_to} цена;такси Ижевск Чебаркуль цена;0;;0;;0;;0
Ижевск;Челябинск;https://city2city.ru/izhevsk-chelyabinsk;такси {city_from} {city_to};такси Ижевск Челябинск;5;;0;;0;;0
Ижевск;Челябинск;https://city2city.ru/izhevsk-chelyabinsk;трансфер {city_from} {city_to};трансфер Ижевск Челябинск;0;;0;;0;;0
Ижевск;Челябинск;https://city2city.ru/izhevsk-chelyabinsk;межгород {city_from} {city_to};межгород Ижевск Челябинск;0;;0;;0;;0
Ижевск;Челябинск;https://city2city.ru/izhevsk-chelyabinsk;такси {city_from} {city_to} цена;такси Ижевск Челябинск цена;0;;0;;0;;0
Ижевск;Чернушка;https://city2city.ru/izhevsk-chernushka;такси {city_from} {city_to};такси Ижевск Чернушка;4;;0;;0;;0
Ижевск;Чернушка;https://city2city.ru/izhevsk-chernushka;трансфер {city_from} {city_to};трансфер Ижевск Чернушка;0;;0;;0;;0
Ижевск;Чернушка;https://city2city.ru/izhevsk-chernushka;межгород {city_from} {city_to};межгород Ижевск Чернушка;0;;0;;0;;0
Ижевск;Чернушка;https://city2city.ru/izhevsk-chernushka;такси {city_from} {city_to} цена;такси Ижевск Чернушка цена;0;;0;;0;;0
Ижевск;Екатеринбург;https://city2city.ru/izhevsk-ekaterinburg;такси {city_from} {city_to};такси Ижевск Екатеринбург;11;такси екатеринбург ижевск;11;;0;;0
Ижевск;Екатеринбург;https://city2city.ru/izhevsk-ekaterinburg;трансфер {city_from} {city_to};трансфер Ижевск Екатеринбург;23;трансфер ижевск екатеринбург;23;;0;;0
Ижевск;Екатеринбург;https://city2city.ru/izhevsk-ekaterinburg;межгород {city_from} {city_to};межгород Ижевск Екатеринбург;0;;0;;0;;0
Ижевск;Екатеринбург;https://city2city.ru/izhevsk-ekaterinburg;такси {city_from} {city_to} цена;такси Ижевск Екатеринбург цена;0;;0;;0;;0
Ижевск;Глазов;https://city2city.ru/izhevsk-glazov;такси {city_from} {city_to};такси Ижевск Глазов;84;такси глазов ижевск;84;такси глазов ижевск стоимость;8;такси ижевск глазов цена;7
Ижевск;Глазов;https://city2city.ru/izhevsk-glazov;трансфер {city_from} {city_to};трансфер Ижевск Глазов;11;трансфер ижевск глазов;11;;0;;0
Ижевск;Глазов;https://city2city.ru/izhevsk-glazov;межгород {city_from} {city_to};межгород Ижевск Глазов;1;;0;;0;;0
Ижевск;Глазов;https://city2city.ru/izhevsk-glazov;такси {city_from} {city_to} цена;такси Ижевск Глазов цена;7;такси ижевск глазов цена;7;;0;;0
Ижевск;52А-3;https://city2city.ru/izhevsk-granicza-kazaxstan;такси {city_from} {city_to};такси Ижевск 52А-3;0;;0;;0;;0
Ижевск;52А-3;https://city2city.ru/izhevsk-granicza-kazaxstan;трансфер {city_from} {city_to};трансфер Ижевск 52А-3;0;;0;;0;;0
Ижевск;52А-3;https://city2city.ru/izhevsk-granicza-kazaxstan;межгород {city_from} {city_to};межгород Ижевск 52А-3;0;;0;;0;;0
Ижевск;52А-3;https://city2city.ru/izhevsk-granicza-kazaxstan;такси {city_from} {city_to} цена;такси Ижевск 52А-3 цена;0;;0;;0;;0
Ижевск;Йошкар-Ола;https://city2city.ru/izhevsk-joshkar-ola;такси {city_from} {city_to};такси Ижевск Йошкар-Ола;1;;0;;0;;0
Ижевск;Йошкар-Ола;https://city2city.ru/izhevsk-joshkar-ola;трансфер {city_from} {city_to};трансфер Ижевск Йошкар-Ола;0;;0;;0;;0
Ижевск;Йошкар-Ола;https://city2city.ru/izhevsk-joshkar-ola;межгород {city_from} {city_to};межгород Ижевск Йошкар-Ола;0;;0;;0;;0
Ижевск;Йошкар-Ола;https://city2city.ru/izhevsk-joshkar-ola;такси {city_from} {city_to} цена;такси Ижевск Йошкар-Ола цена;0;;0;;0;;0
Ижевск;Камбарка;https://city2city.ru/izhevsk-kambarka;такси {city_from} {city_to};такси Ижевск Камбарка;7;;0;;0;;0
Ижевск;Камбарка;https://city2city.ru/izhevsk-kambarka;трансфер {city_from} {city_to};трансфер Ижевск Камбарка;0;;0;;0;;0
Ижевск;Камбарка;https://city2city.ru/izhevsk-kambarka;межгород {city_from} {city_to};межгород Ижевск Камбарка;0;;0;;0;;0
Ижевск;Камбарка;https://city2city.ru/izhevsk-kambarka;такси {city_from} {city_to} цена;такси Ижевск Камбарка цена;0;;0;;0;;0
Ижевск;Казань;https://city2city.ru/izhevsk-kazan;такси {city_from} {city_to};такси Ижевск Казань;128;такси казань ижевск;128;такси ижевск казань цена;34;такси ижевск казань аэропорт;33
Ижевск;Казань;https://city2city.ru/izhevsk-kazan;трансфер {city_from} {city_to};трансфер Ижевск Казань;856;трансфер ижевск казань;856;трансфер ижевск казань аэропорт;618;трансфер ижевск казань аэропорт расписание;118
Ижевск;Казань;https://city2city.ru/izhevsk-kazan;межгород {city_from} {city_to};межгород Ижевск Казань;8;;0;;0;;0
Ижевск;Казань;https://city2city.ru/izhevsk-kazan;такси {city_from} {city_to} цена;такси Ижевск Казань цена;34;такси ижевск казань цена;34;ижевск такси казань аэропорт цена;21;такси мост ижевск казань аэропорт цена;5
Ижевск;посёлок городского типа Кильмезь;https://city2city.ru/izhevsk-kilmez;такси {city_from} {city_to};такси Ижевск посёлок городского типа Кильмезь;0;;0;;0;;0
Ижевск;посёлок городского типа Кильмезь;https://city2city.ru/izhevsk-kilmez;трансфер {city_from} {city_to};трансфер Ижевск посёлок городского типа Кильмезь;0;;0;;0;;0
Ижевск;посёлок городского типа Кильмезь;https://city2city.ru/izhevsk-kilmez;межгород {city_from} {city_to};межгород Ижевск посёлок городского типа Кильмезь;0;;0;;0;;0
Ижевск;посёлок городского типа Кильмезь;https://city2city.ru/izhevsk-kilmez;такси {city_from} {city_to} цена;такси Ижевск посёлок городского типа Кильмезь цена;0;;0;;0;;0
Ижевск;Киров;https://city2city.ru/izhevsk-kirov;такси {city_from} {city_to};такси Ижевск Киров;4;;0;;0;;0
Ижевск;Киров;https://city2city.ru/izhevsk-kirov;трансфер {city_from} {city_to};трансфер Ижевск Киров;2;;0;;0;;0
Ижевск;Киров;https://city2city.ru/izhevsk-kirov;межгород {city_from} {city_to};межгород Ижевск Киров;0;;0;;0;;0
Ижевск;Киров;https://city2city.ru/izhevsk-kirov;такси {city_from} {city_to} цена;такси Ижевск Киров цена;1;;0;;0;;0
Ижевск;Кунгур;https://city2city.ru/izhevsk-kungur;такси {city_from} {city_to};такси Ижевск Кунгур;0;;0;;0;;0
Ижевск;Кунгур;https://city2city.ru/izhevsk-kungur;трансфер {city_from} {city_to};трансфер Ижевск Кунгур;0;;0;;0;;0
Ижевск;Кунгур;https://city2city.ru/izhevsk-kungur;межгород {city_from} {city_to};межгород Ижевск Кунгур;0;;0;;0;;0
Ижевск;Кунгур;https://city2city.ru/izhevsk-kungur;такси {city_from} {city_to} цена;такси Ижевск Кунгур цена;0;;0;;0;;0
Ижевск;Магнитогорск;https://city2city.ru/izhevsk-magnitogorsk;такси {city_from} {city_to};такси Ижевск Магнитогорск;2;;0;;0;;0
Ижевск;Магнитогорск;https://city2city.ru/izhevsk-magnitogorsk;трансфер {city_from} {city_to};трансфер Ижевск Магнитогорск;0;;0;;0;;0
Ижевск;Магнитогорск;https://city2city.ru/izhevsk-magnitogorsk;межгород {city_from} {city_to};межгород Ижевск Магнитогорск;0;;0;;0;;0
Ижевск;Магнитогорск;https://city2city.ru/izhevsk-magnitogorsk;такси {city_from} {city_to} цена;такси Ижевск Магнитогорск цена;0;;0;;0;;0
Ижевск;Москва;https://city2city.ru/izhevsk-moskva;такси {city_from} {city_to};такси Ижевск Москва;56;такси ижевск москва;56;такси дешевое из ижевска до москвы;21;;0
Ижевск;Москва;https://city2city.ru/izhevsk-moskva;трансфер {city_from} {city_to};трансфер Ижевск Москва;4;;0;;0;;0
Ижевск;Москва;https://city2city.ru/izhevsk-moskva;межгород {city_from} {city_to};межгород Ижевск Москва;5;;0;;0;;0
Ижевск;Москва;https://city2city.ru/izhevsk-moskva;такси {city_from} {city_to} цена;такси Ижевск Москва цена;9;;0;;0;;0
Ижевск;село Можга;https://city2city.ru/izhevsk-mozhga;такси {city_from} {city_to};такси Ижевск село Можга;0;;0;;0;;0
Ижевск;село Можга;https://city2city.ru/izhevsk-mozhga;трансфер {city_from} {city_to};трансфер Ижевск село Можга;0;;0;;0;;0
Ижевск;село Можга;https://city2city.ru/izhevsk-mozhga;межгород {city_from} {city_to};межгород Ижевск село Можга;0;;0;;0;;0
Ижевск;село Можга;https://city2city.ru/izhevsk-mozhga;такси {city_from} {city_to} цена;такси Ижевск село Можга цена;0;;0;;0;;0
Ижевск;Набережные Челны;https://city2city.ru/izhevsk-naberezhnye-chelny;такси {city_from} {city_to};такси Ижевск Набережные Челны;7;такси набережные челны ижевск;7;;0;;0
Ижевск;Набережные Челны;https://city2city.ru/izhevsk-naberezhnye-chelny;трансфер {city_from} {city_to};трансфер Ижевск Набережные Челны;14;трансфер ижевск набережные челны аэропорт;8;;0;;0
Ижевск;Набережные Челны;https://city2city.ru/izhevsk-naberezhnye-chelny;межгород {city_from} {city_to};межгород Ижевск Набережные Челны;0;;0;;0;;0
Ижевск;Набережные Челны;https://city2city.ru/izhevsk-naberezhnye-chelny;такси {city_from} {city_to} цена;такси Ижевск Набережные Челны цена;0;;0;;0;;0
Ижевск;Нефтекамск;https://city2city.ru/izhevsk-neftekamsk;такси {city_from} {city_to};такси Ижевск Нефтекамск;57;такси ижевск нефтекамск;57;такси ижевск нефтекамск стоимость;5;;0
Ижевск;Нефтекамск;https://city2city.ru/izhevsk-neftekamsk;трансфер {city_from} {city_to};трансфер Ижевск Нефтекамск;1;;0;;0;;0
Ижевск;Нефтекамск;https://city2city.ru/izhevsk-neftekamsk;межгород {city_from} {city_to};межгород Ижевск Нефтекамск;4;;0;;0;;0
Ижевск;Нефтекамск;https://city2city.ru/izhevsk-neftekamsk;такси {city_from} {city_to} цена;такси Ижевск Нефтекамск цена;7;;0;;0;;0
Ижевск;Нижнекамск;https://city2city.ru/izhevsk-nizhnekamsk;такси {city_from} {city_to};такси Ижевск Нижнекамск;2;такси нижнекамск ижевск;2;;0;;0
Ижевск;Нижнекамск;https://city2city.ru/izhevsk-nizhnekamsk;трансфер {city_from} {city_to};трансфер Ижевск Нижнекамск;34;трансфер ижевск нижнекамск;34;ижевск нижнекамск трансфер бегишево;13;трансфер ижевск нижнекамск аэропорт бегишево;13
Ижевск;Нижнекамск;https://city2city.ru/izhevsk-nizhnekamsk;межгород {city_from} {city_to};межгород Ижевск Нижнекамск;0;;0;;0;;0
Ижевск;Нижнекамск;https://city2city.ru/izhevsk-nizhnekamsk;такси {city_from} {city_to} цена;такси Ижевск Нижнекамск цена;1;;0;;0;;0
Ижевск;Омутнинск;https://city2city.ru/izhevsk-omutninsk;такси {city_from} {city_to};такси Ижевск Омутнинск;0;;0;;0;;0
Ижевск;Омутнинск;https://city2city.ru/izhevsk-omutninsk;трансфер {city_from} {city_to};трансфер Ижевск Омутнинск;0;;0;;0;;0
Ижевск;Омутнинск;https://city2city.ru/izhevsk-omutninsk;межгород {city_from} {city_to};межгород Ижевск Омутнинск;0;;0;;0;;0
Ижевск;Омутнинск;https://city2city.ru/izhevsk-omutninsk;такси {city_from} {city_to} цена;такси Ижевск Омутнинск цена;0;;0;;0;;0
Ижевск;Оренбург;https://city2city.ru/izhevsk-orenburg;такси {city_from} {city_to};такси Ижевск Оренбург;15;такси оренбург ижевск;15;;0;;0
Ижевск;Оренбург;https://city2city.ru/izhevsk-orenburg;трансфер {city_from} {city_to};трансфер Ижевск Оренбург;0;;0;;0;;0
Ижевск;Оренбург;https://city2city.ru/izhevsk-orenburg;межгород {city_from} {city_to};межгород Ижевск Оренбург;0;;0;;0;;0
Ижевск;Оренбург;https://city2city.ru/izhevsk-orenburg;такси {city_from} {city_to} цена;такси Ижевск Оренбург цена;0;;0;;0;;0
Ижевск;Пенза;https://city2city.ru/izhevsk-penza;такси {city_from} {city_to};такси Ижевск Пенза;0;;0;;0;;0
Ижевск;Пенза;https://city2city.ru/izhevsk-penza;трансфер {city_from} {city_to};трансфер Ижевск Пенза;0;;0;;0;;0
Ижевск;Пенза;https://city2city.ru/izhevsk-penza;межгород {city_from} {city_to};межгород Ижевск Пенза;0;;0;;0;;0
Ижевск;Пенза;https://city2city.ru/izhevsk-penza;такси {city_from} {city_to} цена;такси Ижевск Пенза цена;0;;0;;0;;0
Ижевск;Пермь;https://city2city.ru/izhevsk-perm;такси {city_from} {city_to};такси Ижевск Пермь;39;такси пермь ижевск;39;;0;;0
Ижевск;Пермь;https://city2city.ru/izhevsk-perm;трансфер {city_from} {city_to};трансфер Ижевск Пермь;89;трансфер пермь ижевск;89;ижевск пермь аэропорт трансфер;38;;0
Ижевск;Пермь;https://city2city.ru/izhevsk-perm;межгород {city_from} {city_to};межгород Ижевск Пермь;5;;0;;0;;0
Ижевск;Пермь;https://city2city.ru/izhevsk-perm;такси {city_from} {city_to} цена;такси Ижевск Пермь цена;3;;0;;0;;0
Ижевск;Самара;https://city2city.ru/izhevsk-samara;такси {city_from} {city_to};такси Ижевск Самара;32;такси самара ижевск;32;;0;;0
Ижевск;Самара;https://city2city.ru/izhevsk-samara;трансфер {city_from} {city_to};трансфер Ижевск Самара;4;;0;;0;;0
Ижевск;Самара;https://city2city.ru/izhevsk-samara;межгород {city_from} {city_to};межгород Ижевск Самара;1;;0;;0;;0
Ижевск;Самара;https://city2city.ru/izhevsk-samara;такси {city_from} {city_to} цена;такси Ижевск Самара цена;5;;0;;0;;0
Ижевск;Санкт-Петербург;https://city2city.ru/izhevsk-sankt-peterburg;такси {city_from} {city_to};такси Ижевск Санкт-Петербург;3;;0;;0;;0
Ижевск;Санкт-Петербург;https://city2city.ru/izhevsk-sankt-peterburg;трансфер {city_from} {city_to};трансфер Ижевск Санкт-Петербург;0;;0;;0;;0
Ижевск;Санкт-Петербург;https://city2city.ru/izhevsk-sankt-peterburg;межгород {city_from} {city_to};межгород Ижевск Санкт-Петербург;0;;0;;0;;0
Ижевск;Санкт-Петербург;https://city2city.ru/izhevsk-sankt-peterburg;такси {city_from} {city_to} цена;такси Ижевск Санкт-Петербург цена;1;;0;;0;;0
Ижевск;Сарапул;https://city2city.ru/izhevsk-sarapul;такси {city_from} {city_to};такси Ижевск Сарапул;197;такси ижевск сарапул;197;такси мост сарапул ижевск;52;такси сарапул аэропорт ижевск;32
Ижевск;Сарапул;https://city2city.ru/izhevsk-sarapul;трансфер {city_from} {city_to};трансфер Ижевск Сарапул;6;;0;;0;;0
Ижевск;Сарапул;https://city2city.ru/izhevsk-sarapul;межгород {city_from} {city_to};межгород Ижевск Сарапул;9;;0;;0;;0
Ижевск;Сарапул;https://city2city.ru/izhevsk-sarapul;такси {city_from} {city_to} цена;такси Ижевск Сарапул цена;27;такси сарапул ижевск цена;27;такси мост ижевск сарапул цена;5;;0
Ижевск;Сочи;https://city2city.ru/izhevsk-sochi;такси {city_from} {city_to};такси Ижевск Сочи;1;;0;;0;;0
Ижевск;Сочи;https://city2city.ru/izhevsk-sochi;трансфер {city_from} {city_to};трансфер Ижевск Сочи;0;;0;;0;;0
Ижевск;Сочи;https://city2city.ru/izhevsk-sochi;межгород {city_from} {city_to};межгород Ижевск Сочи;0;;0;;0;;0
Ижевск;Сочи;https://city2city.ru/izhevsk-sochi;такси {city_from} {city_to} цена;такси Ижевск Сочи цена;0;;0;;0;;0
Ижевск;Соль-Илецк;https://city2city.ru/izhevsk-sol-ileczk;такси {city_from} {city_to};такси Ижевск Соль-Илецк;0;;0;;0;;0
Ижевск;Соль-Илецк;https://city2city.ru/izhevsk-sol-ileczk;трансфер {city_from} {city_to};трансфер Ижевск Соль-Илецк;0;;0;;0;;0
Ижевск;Соль-Илецк;https://city2city.ru/izhevsk-sol-ileczk;межгород {city_from} {city_to};межгород Ижевск Соль-Илецк;0;;0;;0;;0
Ижевск;Соль-Илецк;https://city2city.ru/izhevsk-sol-ileczk;такси {city_from} {city_to} цена;такси Ижевск Соль-Илецк цена;0;;0;;0;;0
Ижевск;Тольятти;https://city2city.ru/izhevsk-tolyatti;такси {city_from} {city_to};такси Ижевск Тольятти;5;такси тольятти ижевск;5;;0;;0
Ижевск;Тольятти;https://city2city.ru/izhevsk-tolyatti;трансфер {city_from} {city_to};трансфер Ижевск Тольятти;0;;0;;0;;0
Ижевск;Тольятти;https://city2city.ru/izhevsk-tolyatti;межгород {city_from} {city_to};межгород Ижевск Тольятти;0;;0;;0;;0
Ижевск;Тольятти;https://city2city.ru/izhevsk-tolyatti;такси {city_from} {city_to} цена;такси Ижевск Тольятти цена;0;;0;;0;;0
Ижевск;Тюмень;https://city2city.ru/izhevsk-tyumen;такси {city_from} {city_to};такси Ижевск Тюмень;0;;0;;0;;0
Ижевск;Тюмень;https://city2city.ru/izhevsk-tyumen;трансфер {city_from} {city_to};трансфер Ижевск Тюмень;0;;0;;0;;0
Ижевск;Тюмень;https://city2city.ru/izhevsk-tyumen;межгород {city_from} {city_to};межгород Ижевск Тюмень;0;;0;;0;;0
Ижевск;Тюмень;https://city2city.ru/izhevsk-tyumen;такси {city_from} {city_to} цена;такси Ижевск Тюмень цена;0;;0;;0;;0
Ижевск;Уфа;https://city2city.ru/izhevsk-ufa;такси {city_from} {city_to};такси Ижевск Уфа;122;такси уфа ижевск;122;уфа ижевск такси межгород;14;такси ижевск уфа цена;13
Ижевск;Уфа;https://city2city.ru/izhevsk-ufa;трансфер {city_from} {city_to};трансфер Ижевск Уфа;234;трансфер ижевск уфа;234;трансфер ижевск уфа аэропорт;120;трансфер ижевск уфа аэропорт расписание;17
Ижевск;Уфа;https://city2city.ru/izhevsk-ufa;межгород {city_from} {city_to};межгород Ижевск Уфа;15;ижевск уфа межгород;15;уфа ижевск такси межгород;14;;0
Ижевск;Уфа;https://city2city.ru/izhevsk-ufa;такси {city_from} {city_to} цена;такси Ижевск Уфа цена;13;такси ижевск уфа цена;13;;0;;0
Ижевск;Ульяновск;https://city2city.ru/izhevsk-ulyanovsk;такси {city_from} {city_to};такси Ижевск Ульяновск;7;такси ульяновск ижевск;7;такси мост ижевск ульяновск;5;;0
Ижевск;Ульяновск;https://city2city.ru/izhevsk-ulyanovsk;трансфер {city_from} {city_to};трансфер Ижевск Ульяновск;0;;0;;0;;0
Ижевск;Ульяновск;https://city2city.ru/izhevsk-ulyanovsk;межгород {city_from} {city_to};межгород Ижевск Ульяновск;0;;0;;0;;0
Ижевск;Ульяновск;https://city2city.ru/izhevsk-ulyanovsk;такси {city_from} {city_to} цена;такси Ижевск Ульяновск цена;1;;0;;0;;0
Ижевск;Верещагино;https://city2city.ru/izhevsk-vereshhagino;такси {city_from} {city_to};такси Ижевск Верещагино;0;;0;;0;;0
Ижевск;Верещагино;https://city2city.ru/izhevsk-vereshhagino;трансфер {city_from} {city_to};трансфер Ижевск Верещагино;0;;0;;0;;0
Ижевск;Верещагино;https://city2city.ru/izhevsk-vereshhagino;межгород {city_from} {city_to};межгород Ижевск Верещагино;0;;0;;0;;0
Ижевск;Верещагино;https://city2city.ru/izhevsk-vereshhagino;такси {city_from} {city_to} цена;такси Ижевск Верещагино цена;0;;0;;0;;0
Ижевск;Воткинск;https://city2city.ru/izhevsk-votkinsk;такси {city_from} {city_to};такси Ижевск Воткинск;151;ижевск воткинск такси;151;такси мост воткинск ижевск;65;такси ижевск воткинск цена;43
Ижевск;Воткинск;https://city2city.ru/izhevsk-votkinsk;трансфер {city_from} {city_to};трансфер Ижевск Воткинск;6;;0;;0;;0
Ижевск;Воткинск;https://city2city.ru/izhevsk-votkinsk;межгород {city_from} {city_to};межгород Ижевск Воткинск;8;такси межгород ижевск воткинск;4;;0;;0
Ижевск;Воткинск;https://city2city.ru/izhevsk-votkinsk;такси {city_from} {city_to} цена;такси Ижевск Воткинск цена;43;такси ижевск воткинск цена;43;такси мост ижевск воткинск цена;12;;0
Ижевск;Вятские Поляны;https://city2city.ru/izhevsk-vyatskie-polyany;такси {city_from} {city_to};такси Ижевск Вятские Поляны;9;;0;;0;;0
Ижевск;Вятские Поляны;https://city2city.ru/izhevsk-vyatskie-polyany;трансфер {city_from} {city_to};трансфер Ижевск Вятские Поляны;0;;0;;0;;0
Ижевск;Вятские Поляны;https://city2city.ru/izhevsk-vyatskie-polyany;межгород {city_from} {city_to};межгород Ижевск Вятские Поляны;0;;0;;0;;0
Ижевск;Вятские Поляны;https://city2city.ru/izhevsk-vyatskie-polyany;такси {city_from} {city_to} цена;такси Ижевск Вятские Поляны цена;0;;0;;0;;0
Ижевск;Янаул;https://city2city.ru/izhevsk-yanaul;такси {city_from} {city_to};такси Ижевск Янаул;2;;0;;0;;0
Ижевск;Янаул;https://city2city.ru/izhevsk-yanaul;трансфер {city_from} {city_to};трансфер Ижевск Янаул;0;;0;;0;;0
Ижевск;Янаул;https://city2city.ru/izhevsk-yanaul;межгород {city_from} {city_to};межгород Ижевск Янаул;0;;0;;0;;0
Ижевск;Янаул;https://city2city.ru/izhevsk-yanaul;такси {city_from} {city_to} цена;такси Ижевск Янаул цена;1;;0;;0;;0
Йошкар-Ола;Иваново;https://city2city.ru/joshkar-ola-ivanovo;такси {city_from} {city_to};такси Йошкар-Ола Иваново;0;;0;;0;;0
Йошкар-Ола;Иваново;https://city2city.ru/joshkar-ola-ivanovo;трансфер {city_from} {city_to};трансфер Йошкар-Ола Иваново;1;;0;;0;;0
Йошкар-Ола;Иваново;https://city2city.ru/joshkar-ola-ivanovo;межгород {city_from} {city_to};межгород Йошкар-Ола Иваново;0;;0;;0;;0
Йошкар-Ола;Иваново;https://city2city.ru/joshkar-ola-ivanovo;такси {city_from} {city_to} цена;такси Йошкар-Ола Иваново цена;0;;0;;0;;0
Йошкар-Ола;деревня Канаш;https://city2city.ru/joshkar-ola-kanash;такси {city_from} {city_to};такси Йошкар-Ола деревня Канаш;0;;0;;0;;0
Йошкар-Ола;деревня Канаш;https://city2city.ru/joshkar-ola-kanash;трансфер {city_from} {city_to};трансфер Йошкар-Ола деревня Канаш;0;;0;;0;;0
Йошкар-Ола;деревня Канаш;https://city2city.ru/joshkar-ola-kanash;межгород {city_from} {city_to};межгород Йошкар-Ола деревня Канаш;0;;0;;0;;0
Йошкар-Ола;деревня Канаш;https://city2city.ru/joshkar-ola-kanash;такси {city_from} {city_to} цена;такси Йошкар-Ола деревня Канаш цена;0;;0;;0;;0
Йошкар-Ола;Казань;https://city2city.ru/joshkar-ola-kazan;такси {city_from} {city_to};такси Йошкар-Ола Казань;198;такси казань йошкар ола;198;такси аэропорт казани йошкар оле;44;такси аэропорт казань йошкар ола;44
Йошкар-Ола;Казань;https://city2city.ru/joshkar-ola-kazan;трансфер {city_from} {city_to};трансфер Йошкар-Ола Казань;82;трансфер казань йошкар ола;82;трансфер йошкар ола казань аэропорт;40;;0
Йошкар-Ола;Казань;https://city2city.ru/joshkar-ola-kazan;межгород {city_from} {city_to};межгород Йошкар-Ола Казань;5;;0;;0;;0
Йошкар-Ола;Казань;https://city2city.ru/joshkar-ola-kazan;такси {city_from} {city_to} цена;такси Йошкар-Ола Казань цена;40;цены такси йошкар ола казань;40;такси йошкар ола казань аэропорт цена;8;;0
Йошкар-Ола;посёлок городского типа Кикнур;https://city2city.ru/joshkar-ola-kiknur;такси {city_from} {city_to};такси Йошкар-Ола посёлок городского типа Кикнур;0;;0;;0;;0
Йошкар-Ола;посёлок городского типа Кикнур;https://city2city.ru/joshkar-ola-kiknur;трансфер {city_from} {city_to};трансфер Йошкар-Ола посёлок городского типа Кикнур;0;;0;;0;;0
Йошкар-Ола;посёлок городского типа Кикнур;https://city2city.ru/joshkar-ola-kiknur;межгород {city_from} {city_to};межгород Йошкар-Ола посёлок городского типа Кикнур;0;;0;;0;;0
Йошкар-Ола;посёлок городского типа Кикнур;https://city2city.ru/joshkar-ola-kiknur;такси {city_from} {city_to} цена;такси Йошкар-Ола посёлок городского типа Кикнур цена;0;;0;;0;;0
Йошкар-Ола;посёлок городского типа Килемары;https://city2city.ru/joshkar-ola-kilemary;такси {city_from} {city_to};такси Йошкар-Ола посёлок городского типа Килемары;0;;0;;0;;0
Йошкар-Ола;посёлок городского типа Килемары;https://city2city.ru/joshkar-ola-kilemary;трансфер {city_from} {city_to};трансфер Йошкар-Ола посёлок городского типа Килемары;0;;0;;0;;0
Йошкар-Ола;посёлок городского типа Килемары;https://city2city.ru/joshkar-ola-kilemary;межгород {city_from} {city_to};межгород Йошкар-Ола посёлок городского типа Килемары;0;;0;;0;;0
Йошкар-Ола;посёлок городского типа Килемары;https://city2city.ru/joshkar-ola-kilemary;такси {city_from} {city_to} цена;такси Йошкар-Ола посёлок городского типа Килемары цена;0;;0;;0;;0
Йошкар-Ола;Киров;https://city2city.ru/joshkar-ola-kirov;такси {city_from} {city_to};такси Йошкар-Ола Киров;16;такси киров йошкар ола;16;;0;;0
Йошкар-Ола;Киров;https://city2city.ru/joshkar-ola-kirov;трансфер {city_from} {city_to};трансфер Йошкар-Ола Киров;1;;0;;0;;0
Йошкар-Ола;Киров;https://city2city.ru/joshkar-ola-kirov;межгород {city_from} {city_to};межгород Йошкар-Ола Киров;2;;0;;0;;0
Йошкар-Ола;Киров;https://city2city.ru/joshkar-ola-kirov;такси {city_from} {city_to} цена;такси Йошкар-Ола Киров цена;5;;0;;0;;0
Йошкар-Ола;Кострома;https://city2city.ru/joshkar-ola-kostroma;такси {city_from} {city_to};такси Йошкар-Ола Кострома;0;;0;;0;;0
Йошкар-Ола;Кострома;https://city2city.ru/joshkar-ola-kostroma;трансфер {city_from} {city_to};трансфер Йошкар-Ола Кострома;0;;0;;0;;0
Йошкар-Ола;Кострома;https://city2city.ru/joshkar-ola-kostroma;межгород {city_from} {city_to};межгород Йошкар-Ола Кострома;0;;0;;0;;0
Йошкар-Ола;Кострома;https://city2city.ru/joshkar-ola-kostroma;такси {city_from} {city_to} цена;такси Йошкар-Ола Кострома цена;0;;0;;0;;0
Йошкар-Ола;Котельнич;https://city2city.ru/joshkar-ola-kotelnich;такси {city_from} {city_to};такси Йошкар-Ола Котельнич;0;;0;;0;;0
Йошкар-Ола;Котельнич;https://city2city.ru/joshkar-ola-kotelnich;трансфер {city_from} {city_to};трансфер Йошкар-Ола Котельнич;0;;0;;0;;0
Йошкар-Ола;Котельнич;https://city2city.ru/joshkar-ola-kotelnich;межгород {city_from} {city_to};межгород Йошкар-Ола Котельнич;0;;0;;0;;0
Йошкар-Ола;Котельнич;https://city2city.ru/joshkar-ola-kotelnich;такси {city_from} {city_to} цена;такси Йошкар-Ола Котельнич цена;0;;0;;0;;0
Йошкар-Ола;посёлок городского типа Куженер;https://city2city.ru/joshkar-ola-kuzhener;такси {city_from} {city_to};такси Йошкар-Ола посёлок городского типа Куженер;0;;0;;0;;0
Йошкар-Ола;посёлок городского типа Куженер;https://city2city.ru/joshkar-ola-kuzhener;трансфер {city_from} {city_to};трансфер Йошкар-Ола посёлок городского типа Куженер;0;;0;;0;;0
Йошкар-Ола;посёлок городского типа Куженер;https://city2city.ru/joshkar-ola-kuzhener;межгород {city_from} {city_to};межгород Йошкар-Ола посёлок городского типа Куженер;0;;0;;0;;0
Йошкар-Ола;посёлок городского типа Куженер;https://city2city.ru/joshkar-ola-kuzhener;такси {city_from} {city_to} цена;такси Йошкар-Ола посёлок городского типа Куженер цена;0;;0;;0;;0
Йошкар-Ола;Лысково;https://city2city.ru/joshkar-ola-lyskovo;такси {city_from} {city_to};такси Йошкар-Ола Лысково;0;;0;;0;;0
Йошкар-Ола;Лысково;https://city2city.ru/joshkar-ola-lyskovo;трансфер {city_from} {city_to};трансфер Йошкар-Ола Лысково;0;;0;;0;;0
Йошкар-Ола;Лысково;https://city2city.ru/joshkar-ola-lyskovo;межгород {city_from} {city_to};межгород Йошкар-Ола Лысково;0;;0;;0;;0
Йошкар-Ола;Лысково;https://city2city.ru/joshkar-ola-lyskovo;такси {city_from} {city_to} цена;такси Йошкар-Ола Лысково цена;0;;0;;0;;0
Йошкар-Ола;поселок городского типа Мари-Турек;https://city2city.ru/joshkar-ola-mari-turek;такси {city_from} {city_to};такси Йошкар-Ола поселок городского типа Мари-Турек;0;;0;;0;;0
Йошкар-Ола;поселок городского типа Мари-Турек;https://city2city.ru/joshkar-ola-mari-turek;трансфер {city_from} {city_to};трансфер Йошкар-Ола поселок городского типа Мари-Турек;0;;0;;0;;0
Йошкар-Ола;поселок городского типа Мари-Турек;https://city2city.ru/joshkar-ola-mari-turek;межгород {city_from} {city_to};межгород Йошкар-Ола поселок городского типа Мари-Турек;0;;0;;0;;0
Йошкар-Ола;поселок городского типа Мари-Турек;https://city2city.ru/joshkar-ola-mari-turek;такси {city_from} {city_to} цена;такси Йошкар-Ола поселок городского типа Мари-Турек цена;0;;0;;0;;0
Йошкар-Ола;посёлок городского типа Морки;https://city2city.ru/joshkar-ola-morki;такси {city_from} {city_to};такси Йошкар-Ола посёлок городского типа Морки;0;;0;;0;;0
Йошкар-Ола;посёлок городского типа Морки;https://city2city.ru/joshkar-ola-morki;трансфер {city_from} {city_to};трансфер Йошкар-Ола посёлок городского типа Морки;0;;0;;0;;0
Йошкар-Ола;посёлок городского типа Морки;https://city2city.ru/joshkar-ola-morki;межгород {city_from} {city_to};межгород Йошкар-Ола посёлок городского типа Морки;0;;0;;0;;0
Йошкар-Ола;посёлок городского типа Морки;https://city2city.ru/joshkar-ola-morki;такси {city_from} {city_to} цена;такси Йошкар-Ола посёлок городского типа Морки цена;0;;0;;0;;0
Йошкар-Ола;Набережные Челны;https://city2city.ru/joshkar-ola-naberezhnye-chelny;такси {city_from} {city_to};такси Йошкар-Ола Набережные Челны;2;;0;;0;;0
Йошкар-Ола;Набережные Челны;https://city2city.ru/joshkar-ola-naberezhnye-chelny;трансфер {city_from} {city_to};трансфер Йошкар-Ола Набережные Челны;0;;0;;0;;0
Йошкар-Ола;Набережные Челны;https://city2city.ru/joshkar-ola-naberezhnye-chelny;межгород {city_from} {city_to};межгород Йошкар-Ола Набережные Челны;0;;0;;0;;0
Йошкар-Ола;Набережные Челны;https://city2city.ru/joshkar-ola-naberezhnye-chelny;такси {city_from} {city_to} цена;такси Йошкар-Ола Набережные Челны цена;0;;0;;0;;0
Йошкар-Ола;Нижний Новгород;https://city2city.ru/joshkar-ola-nizhnij-novgorod;такси {city_from} {city_to};такси Йошкар-Ола Нижний Новгород;10;;0;;0;;0
Йошкар-Ола;Нижний Новгород;https://city2city.ru/joshkar-ola-nizhnij-novgorod;трансфер {city_from} {city_to};трансфер Йошкар-Ола Нижний Новгород;3;;0;;0;;0
Йошкар-Ола;Нижний Новгород;https://city2city.ru/joshkar-ola-nizhnij-novgorod;межгород {city_from} {city_to};межгород Йошкар-Ола Нижний Новгород;0;;0;;0;;0
Йошкар-Ола;Нижний Новгород;https://city2city.ru/joshkar-ola-nizhnij-novgorod;такси {city_from} {city_to} цена;такси Йошкар-Ола Нижний Новгород цена;0;;0;;0;;0
Йошкар-Ола;посёлок городского типа Новый Торъял;https://city2city.ru/joshkar-ola-novyj-toryal;такси {city_from} {city_to};такси Йошкар-Ола посёлок городского типа Новый Торъял;0;;0;;0;;0
Йошкар-Ола;посёлок городского типа Новый Торъял;https://city2city.ru/joshkar-ola-novyj-toryal;трансфер {city_from} {city_to};трансфер Йошкар-Ола посёлок городского типа Новый Торъял;0;;0;;0;;0
Йошкар-Ола;посёлок городского типа Новый Торъял;https://city2city.ru/joshkar-ola-novyj-toryal;межгород {city_from} {city_to};межгород Йошкар-Ола посёлок городского типа Новый Торъял;0;;0;;0;;0
Йошкар-Ола;посёлок городского типа Новый Торъял;https://city2city.ru/joshkar-ola-novyj-toryal;такси {city_from} {city_to} цена;такси Йошкар-Ола посёлок городского типа Новый Торъял цена;0;;0;;0;;0
Йошкар-Ола;посёлок городского типа Оршанка;https://city2city.ru/joshkar-ola-orshanka;такси {city_from} {city_to};такси Йошкар-Ола посёлок городского типа Оршанка;0;;0;;0;;0
Йошкар-Ола;посёлок городского типа Оршанка;https://city2city.ru/joshkar-ola-orshanka;трансфер {city_from} {city_to};трансфер Йошкар-Ола посёлок городского типа Оршанка;0;;0;;0;;0
Йошкар-Ола;посёлок городского типа Оршанка;https://city2city.ru/joshkar-ola-orshanka;межгород {city_from} {city_to};межгород Йошкар-Ола посёлок городского типа Оршанка;0;;0;;0;;0
Йошкар-Ола;посёлок городского типа Оршанка;https://city2city.ru/joshkar-ola-orshanka;такси {city_from} {city_to} цена;такси Йошкар-Ола посёлок городского типа Оршанка цена;0;;0;;0;;0
Йошкар-Ола;посёлок городского типа Параньга;https://city2city.ru/joshkar-ola-paranga;такси {city_from} {city_to};такси Йошкар-Ола посёлок городского типа Параньга;0;;0;;0;;0
Йошкар-Ола;посёлок городского типа Параньга;https://city2city.ru/joshkar-ola-paranga;трансфер {city_from} {city_to};трансфер Йошкар-Ола посёлок городского типа Параньга;0;;0;;0;;0
Йошкар-Ола;посёлок городского типа Параньга;https://city2city.ru/joshkar-ola-paranga;межгород {city_from} {city_to};межгород Йошкар-Ола посёлок городского типа Параньга;0;;0;;0;;0
Йошкар-Ола;посёлок городского типа Параньга;https://city2city.ru/joshkar-ola-paranga;такси {city_from} {city_to} цена;такси Йошкар-Ола посёлок городского типа Параньга цена;0;;0;;0;;0
Йошкар-Ола;посёлок городского типа Пижанка;https://city2city.ru/joshkar-ola-pizhanka;такси {city_from} {city_to};такси Йошкар-Ола посёлок городского типа Пижанка;0;;0;;0;;0
Йошкар-Ола;посёлок городского типа Пижанка;https://city2city.ru/joshkar-ola-pizhanka;трансфер {city_from} {city_to};трансфер Йошкар-Ола посёлок городского типа Пижанка;0;;0;;0;;0
Йошкар-Ола;посёлок городского типа Пижанка;https://city2city.ru/joshkar-ola-pizhanka;межгород {city_from} {city_to};межгород Йошкар-Ола посёлок городского типа Пижанка;0;;0;;0;;0
Йошкар-Ола;посёлок городского типа Пижанка;https://city2city.ru/joshkar-ola-pizhanka;такси {city_from} {city_to} цена;такси Йошкар-Ола посёлок городского типа Пижанка цена;0;;0;;0;;0
Йошкар-Ола;Ростов-на-Дону;https://city2city.ru/joshkar-ola-rostov-na-donu;такси {city_from} {city_to};такси Йошкар-Ола Ростов-на-Дону;0;;0;;0;;0
Йошкар-Ола;Ростов-на-Дону;https://city2city.ru/joshkar-ola-rostov-na-donu;трансфер {city_from} {city_to};трансфер Йошкар-Ола Ростов-на-Дону;0;;0;;0;;0
Йошкар-Ола;Ростов-на-Дону;https://city2city.ru/joshkar-ola-rostov-na-donu;межгород {city_from} {city_to};межгород Йошкар-Ола Ростов-на-Дону;0;;0;;0;;0
Йошкар-Ола;Ростов-на-Дону;https://city2city.ru/joshkar-ola-rostov-na-donu;такси {city_from} {city_to} цена;такси Йошкар-Ола Ростов-на-Дону цена;0;;0;;0;;0
Йошкар-Ола;посёлок городского типа Санчурск;https://city2city.ru/joshkar-ola-sanchursk;такси {city_from} {city_to};такси Йошкар-Ола посёлок городского типа Санчурск;0;;0;;0;;0
Йошкар-Ола;посёлок городского типа Санчурск;https://city2city.ru/joshkar-ola-sanchursk;трансфер {city_from} {city_to};трансфер Йошкар-Ола посёлок городского типа Санчурск;0;;0;;0;;0
Йошкар-Ола;посёлок городского типа Санчурск;https://city2city.ru/joshkar-ola-sanchursk;межгород {city_from} {city_to};межгород Йошкар-Ола посёлок городского типа Санчурск;0;;0;;0;;0
Йошкар-Ола;посёлок городского типа Санчурск;https://city2city.ru/joshkar-ola-sanchursk;такси {city_from} {city_to} цена;такси Йошкар-Ола посёлок городского типа Санчурск цена;0;;0;;0;;0
Йошкар-Ола;Саратов;https://city2city.ru/joshkar-ola-saratov;такси {city_from} {city_to};такси Йошкар-Ола Саратов;0;;0;;0;;0
Йошкар-Ола;Саратов;https://city2city.ru/joshkar-ola-saratov;трансфер {city_from} {city_to};трансфер Йошкар-Ола Саратов;0;;0;;0;;0
Йошкар-Ола;Саратов;https://city2city.ru/joshkar-ola-saratov;межгород {city_from} {city_to};межгород Йошкар-Ола Саратов;1;;0;;0;;0
Йошкар-Ола;Саратов;https://city2city.ru/joshkar-ola-saratov;такси {city_from} {city_to} цена;такси Йошкар-Ола Саратов цена;0;;0;;0;;0
Йошкар-Ола;посёлок городского типа Сернур;https://city2city.ru/joshkar-ola-sernur;такси {city_from} {city_to};такси Йошкар-Ола посёлок городского типа Сернур;0;;0;;0;;0
Йошкар-Ола;посёлок городского типа Сернур;https://city2city.ru/joshkar-ola-sernur;трансфер {city_from} {city_to};трансфер Йошкар-Ола посёлок городского типа Сернур;0;;0;;0;;0
Йошкар-Ола;посёлок городского типа Сернур;https://city2city.ru/joshkar-ola-sernur;межгород {city_from} {city_to};межгород Йошкар-Ола посёлок городского типа Сернур;0;;0;;0;;0
Йошкар-Ола;посёлок городского типа Сернур;https://city2city.ru/joshkar-ola-sernur;такси {city_from} {city_to} цена;такси Йошкар-Ола посёлок городского типа Сернур цена;0;;0;;0;;0
Йошкар-Ола;посёлок городского типа Шаранга;https://city2city.ru/joshkar-ola-sharanga;такси {city_from} {city_to};такси Йошкар-Ола посёлок городского типа Шаранга;0;;0;;0;;0
Йошкар-Ола;посёлок городского типа Шаранга;https://city2city.ru/joshkar-ola-sharanga;трансфер {city_from} {city_to};трансфер Йошкар-Ола посёлок городского типа Шаранга;0;;0;;0;;0
Йошкар-Ола;посёлок городского типа Шаранга;https://city2city.ru/joshkar-ola-sharanga;межгород {city_from} {city_to};межгород Йошкар-Ола посёлок городского типа Шаранга;0;;0;;0;;0
Йошкар-Ола;посёлок городского типа Шаранга;https://city2city.ru/joshkar-ola-sharanga;такси {city_from} {city_to} цена;такси Йошкар-Ола посёлок городского типа Шаранга цена;0;;0;;0;;0
Йошкар-Ола;Сочи;https://city2city.ru/joshkar-ola-sochi;такси {city_from} {city_to};такси Йошкар-Ола Сочи;0;;0;;0;;0
Йошкар-Ола;Сочи;https://city2city.ru/joshkar-ola-sochi;трансфер {city_from} {city_to};трансфер Йошкар-Ола Сочи;0;;0;;0;;0
Йошкар-Ола;Сочи;https://city2city.ru/joshkar-ola-sochi;межгород {city_from} {city_to};межгород Йошкар-Ола Сочи;0;;0;;0;;0
Йошкар-Ола;Сочи;https://city2city.ru/joshkar-ola-sochi;такси {city_from} {city_to} цена;такси Йошкар-Ола Сочи цена;0;;0;;0;;0
Йошкар-Ола;посёлок Солнечный;https://city2city.ru/joshkar-ola-solnechnyj;такси {city_from} {city_to};такси Йошкар-Ола посёлок Солнечный;0;;0;;0;;0
Йошкар-Ола;посёлок Солнечный;https://city2city.ru/joshkar-ola-solnechnyj;трансфер {city_from} {city_to};трансфер Йошкар-Ола посёлок Солнечный;0;;0;;0;;0
Йошкар-Ола;посёлок Солнечный;https://city2city.ru/joshkar-ola-solnechnyj;межгород {city_from} {city_to};межгород Йошкар-Ола посёлок Солнечный;0;;0;;0;;0
Йошкар-Ола;посёлок Солнечный;https://city2city.ru/joshkar-ola-solnechnyj;такси {city_from} {city_to} цена;такси Йошкар-Ола посёлок Солнечный цена;0;;0;;0;;0
Йошкар-Ола;городское поселение Суслонгер;https://city2city.ru/joshkar-ola-suslonger;такси {city_from} {city_to};такси Йошкар-Ола городское поселение Суслонгер;0;;0;;0;;0
Йошкар-Ола;городское поселение Суслонгер;https://city2city.ru/joshkar-ola-suslonger;трансфер {city_from} {city_to};трансфер Йошкар-Ола городское поселение Суслонгер;0;;0;;0;;0
Йошкар-Ола;городское поселение Суслонгер;https://city2city.ru/joshkar-ola-suslonger;межгород {city_from} {city_to};межгород Йошкар-Ола городское поселение Суслонгер;0;;0;;0;;0
Йошкар-Ола;городское поселение Суслонгер;https://city2city.ru/joshkar-ola-suslonger;такси {city_from} {city_to} цена;такси Йошкар-Ола городское поселение Суслонгер цена;0;;0;;0;;0
Йошкар-Ола;Уфа;https://city2city.ru/joshkar-ola-ufa;такси {city_from} {city_to};такси Йошкар-Ола Уфа;0;;0;;0;;0
Йошкар-Ола;Уфа;https://city2city.ru/joshkar-ola-ufa;трансфер {city_from} {city_to};трансфер Йошкар-Ола Уфа;0;;0;;0;;0
Йошкар-Ола;Уфа;https://city2city.ru/joshkar-ola-ufa;межгород {city_from} {city_to};межгород Йошкар-Ола Уфа;1;;0;;0;;0
Йошкар-Ола;Уфа;https://city2city.ru/joshkar-ola-ufa;такси {city_from} {city_to} цена;такси Йошкар-Ола Уфа цена;0;;0;;0;;0
Йошкар-Ола;Уржум;https://city2city.ru/joshkar-ola-urzhum;такси {city_from} {city_to};такси Йошкар-Ола Уржум;1;;0;;0;;0
Йошкар-Ола;Уржум;https://city2city.ru/joshkar-ola-urzhum;трансфер {city_from} {city_to};трансфер Йошкар-Ола Уржум;0;;0;;0;;0
Йошкар-Ола;Уржум;https://city2city.ru/joshkar-ola-urzhum;межгород {city_from} {city_to};межгород Йошкар-Ола Уржум;0;;0;;0;;0
Йошкар-Ола;Уржум;https://city2city.ru/joshkar-ola-urzhum;такси {city_from} {city_to} цена;такси Йошкар-Ола Уржум цена;1;;0;;0;;0
Йошкар-Ола;Волжск;https://city2city.ru/joshkar-ola-volzhsk;такси {city_from} {city_to};такси Йошкар-Ола Волжск;23;такси волжск йошкар ола;23;;0;;0
Йошкар-Ола;Волжск;https://city2city.ru/joshkar-ola-volzhsk;трансфер {city_from} {city_to};трансфер Йошкар-Ола Волжск;0;;0;;0;;0
Йошкар-Ола;Волжск;https://city2city.ru/joshkar-ola-volzhsk;межгород {city_from} {city_to};межгород Йошкар-Ола Волжск;0;;0;;0;;0
Йошкар-Ола;Волжск;https://city2city.ru/joshkar-ola-volzhsk;такси {city_from} {city_to} цена;такси Йошкар-Ола Волжск цена;3;;0;;0;;0
Йошкар-Ола;Яранск;https://city2city.ru/joshkar-ola-yaransk;такси {city_from} {city_to};такси Йошкар-Ола Яранск;11;такси яранск йошкар ола;11;;0;;0
Йошкар-Ола;Яранск;https://city2city.ru/joshkar-ola-yaransk;трансфер {city_from} {city_to};трансфер Йошкар-Ола Яранск;0;;0;;0;;0
Йошкар-Ола;Яранск;https://city2city.ru/joshkar-ola-yaransk;межгород {city_from} {city_to};межгород Йошкар-Ола Яранск;2;;0;;0;;0
Йошкар-Ола;Яранск;https://city2city.ru/joshkar-ola-yaransk;такси {city_from} {city_to} цена;такси Йошкар-Ола Яранск цена;1;;0;;0;;0
Йошкар-Ола;Ярославль;https://city2city.ru/joshkar-ola-yaroslavl;такси {city_from} {city_to};такси Йошкар-Ола Ярославль;0;;0;;0;;0
Йошкар-Ола;Ярославль;https://city2city.ru/joshkar-ola-yaroslavl;трансфер {city_from} {city_to};трансфер Йошкар-Ола Ярославль;0;;0;;0;;0
Йошкар-Ола;Ярославль;https://city2city.ru/joshkar-ola-yaroslavl;межгород {city_from} {city_to};межгород Йошкар-Ола Ярославль;0;;0;;0;;0
Йошкар-Ола;Ярославль;https://city2city.ru/joshkar-ola-yaroslavl;такси {city_from} {city_to} цена;такси Йошкар-Ола Ярославль цена;0;;0;;0;;0
Йошкар-Ола;посёлок городского типа Юрино;https://city2city.ru/joshkar-ola-yurino;такси {city_from} {city_to};такси Йошкар-Ола посёлок городского типа Юрино;0;;0;;0;;0
Йошкар-Ола;посёлок городского типа Юрино;https://city2city.ru/joshkar-ola-yurino;трансфер {city_from} {city_to};трансфер Йошкар-Ола посёлок городского типа Юрино;0;;0;;0;;0
Йошкар-Ола;посёлок городского типа Юрино;https://city2city.ru/joshkar-ola-yurino;межгород {city_from} {city_to};межгород Йошкар-Ола посёлок городского типа Юрино;0;;0;;0;;0
Йошкар-Ола;посёлок городского типа Юрино;https://city2city.ru/joshkar-ola-yurino;такси {city_from} {city_to} цена;такси Йошкар-Ола посёлок городского типа Юрино цена;0;;0;;0;;0
Йошкар-Ола;Звенигово;https://city2city.ru/joshkar-ola-zvenigovo;такси {city_from} {city_to};такси Йошкар-Ола Звенигово;13;;0;;0;;0
Йошкар-Ола;Звенигово;https://city2city.ru/joshkar-ola-zvenigovo;трансфер {city_from} {city_to};трансфер Йошкар-Ола Звенигово;0;;0;;0;;0
Йошкар-Ола;Звенигово;https://city2city.ru/joshkar-ola-zvenigovo;межгород {city_from} {city_to};межгород Йошкар-Ола Звенигово;0;;0;;0;;0
Йошкар-Ола;Звенигово;https://city2city.ru/joshkar-ola-zvenigovo;такси {city_from} {city_to} цена;такси Йошкар-Ола Звенигово цена;6;;0;;0;;0
Калуга;Белгород;https://city2city.ru/kaluga-belgorod;такси {city_from} {city_to};такси Калуга Белгород;5;;0;;0;;0
Калуга;Белгород;https://city2city.ru/kaluga-belgorod;трансфер {city_from} {city_to};трансфер Калуга Белгород;0;;0;;0;;0
Калуга;Белгород;https://city2city.ru/kaluga-belgorod;межгород {city_from} {city_to};межгород Калуга Белгород;0;;0;;0;;0
Калуга;Белгород;https://city2city.ru/kaluga-belgorod;такси {city_from} {city_to} цена;такси Калуга Белгород цена;1;;0;;0;;0
Калуга;Белёв;https://city2city.ru/kaluga-belyov;такси {city_from} {city_to};такси Калуга Белёв;0;;0;;0;;0
Калуга;Белёв;https://city2city.ru/kaluga-belyov;трансфер {city_from} {city_to};трансфер Калуга Белёв;0;;0;;0;;0
Калуга;Белёв;https://city2city.ru/kaluga-belyov;межгород {city_from} {city_to};межгород Калуга Белёв;0;;0;;0;;0
Калуга;Белёв;https://city2city.ru/kaluga-belyov;такси {city_from} {city_to} цена;такси Калуга Белёв цена;0;;0;;0;;0
Калуга;Боровск;https://city2city.ru/kaluga-borovsk;такси {city_from} {city_to};такси Калуга Боровск;0;;0;;0;;0
Калуга;Боровск;https://city2city.ru/kaluga-borovsk;трансфер {city_from} {city_to};трансфер Калуга Боровск;0;;0;;0;;0
Калуга;Боровск;https://city2city.ru/kaluga-borovsk;межгород {city_from} {city_to};межгород Калуга Боровск;0;;0;;0;;0
Калуга;Боровск;https://city2city.ru/kaluga-borovsk;такси {city_from} {city_to} цена;такси Калуга Боровск цена;0;;0;;0;;0
Калуга;Брянск;https://city2city.ru/kaluga-bryansk;такси {city_from} {city_to};такси Калуга Брянск;16;брянск калуга такси;16;;0;;0
Калуга;Брянск;https://city2city.ru/kaluga-bryansk;трансфер {city_from} {city_to};трансфер Калуга Брянск;3;;0;;0;;0
Калуга;Брянск;https://city2city.ru/kaluga-bryansk;межгород {city_from} {city_to};межгород Калуга Брянск;0;;0;;0;;0
Калуга;Брянск;https://city2city.ru/kaluga-bryansk;такси {city_from} {city_to} цена;такси Калуга Брянск цена;2;;0;;0;;0
Калуга;Джанкой;https://city2city.ru/kaluga-dzhankoj;такси {city_from} {city_to};такси Калуга Джанкой;0;;0;;0;;0
Калуга;Джанкой;https://city2city.ru/kaluga-dzhankoj;трансфер {city_from} {city_to};трансфер Калуга Джанкой;0;;0;;0;;0
Калуга;Джанкой;https://city2city.ru/kaluga-dzhankoj;межгород {city_from} {city_to};межгород Калуга Джанкой;0;;0;;0;;0
Калуга;Джанкой;https://city2city.ru/kaluga-dzhankoj;такси {city_from} {city_to} цена;такси Калуга Джанкой цена;0;;0;;0;;0
Калуга;Электросталь;https://city2city.ru/kaluga-elektrostal;такси {city_from} {city_to};такси Калуга Электросталь;0;;0;;0;;0
Калуга;Электросталь;https://city2city.ru/kaluga-elektrostal;трансфер {city_from} {city_to};трансфер Калуга Электросталь;0;;0;;0;;0
Калуга;Электросталь;https://city2city.ru/kaluga-elektrostal;межгород {city_from} {city_to};межгород Калуга Электросталь;0;;0;;0;;0
Калуга;Электросталь;https://city2city.ru/kaluga-elektrostal;такси {city_from} {city_to} цена;такси Калуга Электросталь цена;0;;0;;0;;0
Калуга;52А-3;https://city2city.ru/kaluga-granicza-kazaxstan;такси {city_from} {city_to};такси Калуга 52А-3;0;;0;;0;;0
Калуга;52А-3;https://city2city.ru/kaluga-granicza-kazaxstan;трансфер {city_from} {city_to};трансфер Калуга 52А-3;0;;0;;0;;0
Калуга;52А-3;https://city2city.ru/kaluga-granicza-kazaxstan;межгород {city_from} {city_to};межгород Калуга 52А-3;0;;0;;0;;0
Калуга;52А-3;https://city2city.ru/kaluga-granicza-kazaxstan;такси {city_from} {city_to} цена;такси Калуга 52А-3 цена;0;;0;;0;;0
Калуга;поселок городского типа Гремячево;https://city2city.ru/kaluga-gremyachevo;такси {city_from} {city_to};такси Калуга поселок городского типа Гремячево;0;;0;;0;;0
Калуга;поселок городского типа Гремячево;https://city2city.ru/kaluga-gremyachevo;трансфер {city_from} {city_to};трансфер Калуга поселок городского типа Гремячево;0;;0;;0;;0
Калуга;поселок городского типа Гремячево;https://city2city.ru/kaluga-gremyachevo;межгород {city_from} {city_to};межгород Калуга поселок городского типа Гремячево;0;;0;;0;;0
Калуга;поселок городского типа Гремячево;https://city2city.ru/kaluga-gremyachevo;такси {city_from} {city_to} цена;такси Калуга поселок городского типа Гремячево цена;0;;0;;0;;0
Калуга;Киров;https://city2city.ru/kaluga-kirov-kaluzhskaya-oblast;такси {city_from} {city_to};такси Калуга Киров;31;такси киров калуга;31;;0;;0
Калуга;Киров;https://city2city.ru/kaluga-kirov-kaluzhskaya-oblast;трансфер {city_from} {city_to};трансфер Калуга Киров;0;;0;;0;;0
Калуга;Киров;https://city2city.ru/kaluga-kirov-kaluzhskaya-oblast;межгород {city_from} {city_to};межгород Калуга Киров;0;;0;;0;;0
Калуга;Киров;https://city2city.ru/kaluga-kirov-kaluzhskaya-oblast;такси {city_from} {city_to} цена;такси Калуга Киров цена;3;;0;;0;;0
Калуга;Коломна;https://city2city.ru/kaluga-kolomna;такси {city_from} {city_to};такси Калуга Коломна;1;;0;;0;;0
Калуга;Коломна;https://city2city.ru/kaluga-kolomna;трансфер {city_from} {city_to};трансфер Калуга Коломна;0;;0;;0;;0
Калуга;Коломна;https://city2city.ru/kaluga-kolomna;межгород {city_from} {city_to};межгород Калуга Коломна;0;;0;;0;;0
Калуга;Коломна;https://city2city.ru/kaluga-kolomna;такси {city_from} {city_to} цена;такси Калуга Коломна цена;0;;0;;0;;0
Калуга;Козельск;https://city2city.ru/kaluga-kozelsk;такси {city_from} {city_to};такси Калуга Козельск;26;такси калуга козельск;26;;0;;0
Калуга;Козельск;https://city2city.ru/kaluga-kozelsk;трансфер {city_from} {city_to};трансфер Калуга Козельск;0;;0;;0;;0
Калуга;Козельск;https://city2city.ru/kaluga-kozelsk;межгород {city_from} {city_to};межгород Калуга Козельск;1;;0;;0;;0
Калуга;Козельск;https://city2city.ru/kaluga-kozelsk;такси {city_from} {city_to} цена;такси Калуга Козельск цена;3;;0;;0;;0
Калуга;Куровское;https://city2city.ru/kaluga-kurovskoe;такси {city_from} {city_to};такси Калуга Куровское;9;;0;;0;;0
Калуга;Куровское;https://city2city.ru/kaluga-kurovskoe;трансфер {city_from} {city_to};трансфер Калуга Куровское;0;;0;;0;;0
Калуга;Куровское;https://city2city.ru/kaluga-kurovskoe;межгород {city_from} {city_to};межгород Калуга Куровское;0;;0;;0;;0
Калуга;Куровское;https://city2city.ru/kaluga-kurovskoe;такси {city_from} {city_to} цена;такси Калуга Куровское цена;3;;0;;0;;0
Калуга;Липецк;https://city2city.ru/kaluga-lipeczk;такси {city_from} {city_to};такси Калуга Липецк;3;;0;;0;;0
Калуга;Липецк;https://city2city.ru/kaluga-lipeczk;трансфер {city_from} {city_to};трансфер Калуга Липецк;0;;0;;0;;0
Калуга;Липецк;https://city2city.ru/kaluga-lipeczk;межгород {city_from} {city_to};межгород Калуга Липецк;0;;0;;0;;0
Калуга;Липецк;https://city2city.ru/kaluga-lipeczk;такси {city_from} {city_to} цена;такси Калуга Липецк цена;1;;0;;0;;0
Калуга;посёлок Лоо;https://city2city.ru/kaluga-loo;такси {city_from} {city_to};такси Калуга посёлок Лоо;0;;0;;0;;0
Калуга;посёлок Лоо;https://city2city.ru/kaluga-loo;трансфер {city_from} {city_to};трансфер Калуга посёлок Лоо;0;;0;;0;;0
Калуга;посёлок Лоо;https://city2city.ru/kaluga-loo;межгород {city_from} {city_to};межгород Калуга посёлок Лоо;0;;0;;0;;0
Калуга;посёлок Лоо;https://city2city.ru/kaluga-loo;такси {city_from} {city_to} цена;такси Калуга посёлок Лоо цена;0;;0;;0;;0
Калуга;Людиново;https://city2city.ru/kaluga-lyudinovo;такси {city_from} {city_to};такси Калуга Людиново;17;такси людиново калуга;17;;0;;0
Калуга;Людиново;https://city2city.ru/kaluga-lyudinovo;трансфер {city_from} {city_to};трансфер Калуга Людиново;0;;0;;0;;0
Калуга;Людиново;https://city2city.ru/kaluga-lyudinovo;межгород {city_from} {city_to};межгород Калуга Людиново;0;;0;;0;;0
Калуга;Людиново;https://city2city.ru/kaluga-lyudinovo;такси {city_from} {city_to} цена;такси Калуга Людиново цена;10;;0;;0;;0
Калуга;Малоярославец;https://city2city.ru/kaluga-maloyaroslavecz;такси {city_from} {city_to};такси Калуга Малоярославец;28;такси калуга малоярославец;28;;0;;0
Калуга;Малоярославец;https://city2city.ru/kaluga-maloyaroslavecz;трансфер {city_from} {city_to};трансфер Калуга Малоярославец;0;;0;;0;;0
Калуга;Малоярославец;https://city2city.ru/kaluga-maloyaroslavecz;межгород {city_from} {city_to};межгород Калуга Малоярославец;0;;0;;0;;0
Калуга;Малоярославец;https://city2city.ru/kaluga-maloyaroslavecz;такси {city_from} {city_to} цена;такси Калуга Малоярославец цена;7;;0;;0;;0
Калуга;Мещовск;https://city2city.ru/kaluga-meshhovsk;такси {city_from} {city_to};такси Калуга Мещовск;17;;0;;0;;0
Калуга;Мещовск;https://city2city.ru/kaluga-meshhovsk;трансфер {city_from} {city_to};трансфер Калуга Мещовск;0;;0;;0;;0
Калуга;Мещовск;https://city2city.ru/kaluga-meshhovsk;межгород {city_from} {city_to};межгород Калуга Мещовск;0;;0;;0;;0
Калуга;Мещовск;https://city2city.ru/kaluga-meshhovsk;такси {city_from} {city_to} цена;такси Калуга Мещовск цена;5;;0;;0;;0
Калуга;Мосальск;https://city2city.ru/kaluga-mosalsk;такси {city_from} {city_to};такси Калуга Мосальск;4;;0;;0;;0
Калуга;Мосальск;https://city2city.ru/kaluga-mosalsk;трансфер {city_from} {city_to};трансфер Калуга Мосальск;0;;0;;0;;0
Калуга;Мосальск;https://city2city.ru/kaluga-mosalsk;межгород {city_from} {city_to};межгород Калуга Мосальск;0;;0;;0;;0
Калуга;Мосальск;https://city2city.ru/kaluga-mosalsk;такси {city_from} {city_to} цена;такси Калуга Мосальск цена;2;;0;;0;;0
Калуга;Новомосковск;https://city2city.ru/kaluga-novomoskovsk;такси {city_from} {city_to};такси Калуга Новомосковск;6;;0;;0;;0
Калуга;Новомосковск;https://city2city.ru/kaluga-novomoskovsk;трансфер {city_from} {city_to};трансфер Калуга Новомосковск;0;;0;;0;;0
Калуга;Новомосковск;https://city2city.ru/kaluga-novomoskovsk;межгород {city_from} {city_to};межгород Калуга Новомосковск;0;;0;;0;;0
Калуга;Новомосковск;https://city2city.ru/kaluga-novomoskovsk;такси {city_from} {city_to} цена;такси Калуга Новомосковск цена;1;;0;;0;;0
Калуга;Обнинск;https://city2city.ru/kaluga-obninsk;такси {city_from} {city_to};такси Калуга Обнинск;79;такси калуга обнинск;79;такси калуга обнинск стоимость;24;обнинск калуга такси цена;16
Калуга;Обнинск;https://city2city.ru/kaluga-obninsk;трансфер {city_from} {city_to};трансфер Калуга Обнинск;1;;0;;0;;0
Калуга;Обнинск;https://city2city.ru/kaluga-obninsk;межгород {city_from} {city_to};межгород Калуга Обнинск;0;;0;;0;;0
Калуга;Обнинск;https://city2city.ru/kaluga-obninsk;такси {city_from} {city_to} цена;такси Калуга Обнинск цена;16;обнинск калуга такси цена;16;;0;;0
Калуга;Орёл;https://city2city.ru/kaluga-oryol;такси {city_from} {city_to};такси Калуга Орёл;14;;0;;0;;0
Калуга;Орёл;https://city2city.ru/kaluga-oryol;трансфер {city_from} {city_to};трансфер Калуга Орёл;0;;0;;0;;0
Калуга;Орёл;https://city2city.ru/kaluga-oryol;межгород {city_from} {city_to};межгород Калуга Орёл;0;;0;;0;;0
Калуга;Орёл;https://city2city.ru/kaluga-oryol;такси {city_from} {city_to} цена;такси Калуга Орёл цена;0;;0;;0;;0
Калуга;Подольск;https://city2city.ru/kaluga-podolsk;такси {city_from} {city_to};такси Калуга Подольск;15;;0;;0;;0
Калуга;Подольск;https://city2city.ru/kaluga-podolsk;трансфер {city_from} {city_to};трансфер Калуга Подольск;0;;0;;0;;0
Калуга;Подольск;https://city2city.ru/kaluga-podolsk;межгород {city_from} {city_to};межгород Калуга Подольск;0;;0;;0;;0
Калуга;Подольск;https://city2city.ru/kaluga-podolsk;такси {city_from} {city_to} цена;такси Калуга Подольск цена;4;;0;;0;;0
Калуга;посёлок городского типа Полотняный Завод;https://city2city.ru/kaluga-polotnyanyj-zavod;такси {city_from} {city_to};такси Калуга посёлок городского типа Полотняный Завод;0;;0;;0;;0
Калуга;посёлок городского типа Полотняный Завод;https://city2city.ru/kaluga-polotnyanyj-zavod;трансфер {city_from} {city_to};трансфер Калуга посёлок городского типа Полотняный Завод;0;;0;;0;;0
Калуга;посёлок городского типа Полотняный Завод;https://city2city.ru/kaluga-polotnyanyj-zavod;межгород {city_from} {city_to};межгород Калуга посёлок городского типа Полотняный Завод;0;;0;;0;;0
Калуга;посёлок городского типа Полотняный Завод;https://city2city.ru/kaluga-polotnyanyj-zavod;такси {city_from} {city_to} цена;такси Калуга посёлок городского типа Полотняный Завод цена;0;;0;;0;;0
Калуга;Протвино;https://city2city.ru/kaluga-protvino;такси {city_from} {city_to};такси Калуга Протвино;1;;0;;0;;0
Калуга;Протвино;https://city2city.ru/kaluga-protvino;трансфер {city_from} {city_to};трансфер Калуга Протвино;0;;0;;0;;0
Калуга;Протвино;https://city2city.ru/kaluga-protvino;межгород {city_from} {city_to};межгород Калуга Протвино;0;;0;;0;;0
Калуга;Протвино;https://city2city.ru/kaluga-protvino;такси {city_from} {city_to} цена;такси Калуга Протвино цена;0;;0;;0;;0
Калуга;Руза;https://city2city.ru/kaluga-ruza;такси {city_from} {city_to};такси Калуга Руза;1;;0;;0;;0
Калуга;Руза;https://city2city.ru/kaluga-ruza;трансфер {city_from} {city_to};трансфер Калуга Руза;0;;0;;0;;0
Калуга;Руза;https://city2city.ru/kaluga-ruza;межгород {city_from} {city_to};межгород Калуга Руза;0;;0;;0;;0
Калуга;Руза;https://city2city.ru/kaluga-ruza;такси {city_from} {city_to} цена;такси Калуга Руза цена;1;;0;;0;;0
Калуга;Санкт-Петербург;https://city2city.ru/kaluga-sankt-peterburg;такси {city_from} {city_to};такси Калуга Санкт-Петербург;5;;0;;0;;0
Калуга;Санкт-Петербург;https://city2city.ru/kaluga-sankt-peterburg;трансфер {city_from} {city_to};трансфер Калуга Санкт-Петербург;1;;0;;0;;0
Калуга;Санкт-Петербург;https://city2city.ru/kaluga-sankt-peterburg;межгород {city_from} {city_to};межгород Калуга Санкт-Петербург;1;;0;;0;;0
Калуга;Санкт-Петербург;https://city2city.ru/kaluga-sankt-peterburg;такси {city_from} {city_to} цена;такси Калуга Санкт-Петербург цена;1;;0;;0;;0
Калуга;Шебекино;https://city2city.ru/kaluga-shebekino;такси {city_from} {city_to};такси Калуга Шебекино;0;;0;;0;;0
Калуга;Шебекино;https://city2city.ru/kaluga-shebekino;трансфер {city_from} {city_to};трансфер Калуга Шебекино;0;;0;;0;;0
Калуга;Шебекино;https://city2city.ru/kaluga-shebekino;межгород {city_from} {city_to};межгород Калуга Шебекино;0;;0;;0;;0
Калуга;Шебекино;https://city2city.ru/kaluga-shebekino;такси {city_from} {city_to} цена;такси Калуга Шебекино цена;0;;0;;0;;0
Калуга;Симферополь;https://city2city.ru/kaluga-simferopol;такси {city_from} {city_to};такси Калуга Симферополь;2;;0;;0;;0
Калуга;Симферополь;https://city2city.ru/kaluga-simferopol;трансфер {city_from} {city_to};трансфер Калуга Симферополь;0;;0;;0;;0
Калуга;Симферополь;https://city2city.ru/kaluga-simferopol;межгород {city_from} {city_to};межгород Калуга Симферополь;0;;0;;0;;0
Калуга;Симферополь;https://city2city.ru/kaluga-simferopol;такси {city_from} {city_to} цена;такси Калуга Симферополь цена;0;;0;;0;;0
Калуга;Смоленск;https://city2city.ru/kaluga-smolensk;такси {city_from} {city_to};такси Калуга Смоленск;18;;0;;0;;0
Калуга;Смоленск;https://city2city.ru/kaluga-smolensk;трансфер {city_from} {city_to};трансфер Калуга Смоленск;0;;0;;0;;0
Калуга;Смоленск;https://city2city.ru/kaluga-smolensk;межгород {city_from} {city_to};межгород Калуга Смоленск;0;;0;;0;;0
Калуга;Смоленск;https://city2city.ru/kaluga-smolensk;такси {city_from} {city_to} цена;такси Калуга Смоленск цена;3;;0;;0;;0
Калуга;Сочи;https://city2city.ru/kaluga-sochi;такси {city_from} {city_to};такси Калуга Сочи;0;;0;;0;;0
Калуга;Сочи;https://city2city.ru/kaluga-sochi;трансфер {city_from} {city_to};трансфер Калуга Сочи;0;;0;;0;;0
Калуга;Сочи;https://city2city.ru/kaluga-sochi;межгород {city_from} {city_to};межгород Калуга Сочи;0;;0;;0;;0
Калуга;Сочи;https://city2city.ru/kaluga-sochi;такси {city_from} {city_to} цена;такси Калуга Сочи цена;0;;0;;0;;0
Калуга;Солнечногорск;https://city2city.ru/kaluga-solnechnogorsk;такси {city_from} {city_to};такси Калуга Солнечногорск;0;;0;;0;;0
Калуга;Солнечногорск;https://city2city.ru/kaluga-solnechnogorsk;трансфер {city_from} {city_to};трансфер Калуга Солнечногорск;0;;0;;0;;0
Калуга;Солнечногорск;https://city2city.ru/kaluga-solnechnogorsk;межгород {city_from} {city_to};межгород Калуга Солнечногорск;0;;0;;0;;0
Калуга;Солнечногорск;https://city2city.ru/kaluga-solnechnogorsk;такси {city_from} {city_to} цена;такси Калуга Солнечногорск цена;0;;0;;0;;0
Калуга;Суворов;https://city2city.ru/kaluga-suvorov;такси {city_from} {city_to};такси Калуга Суворов;36;такси суворов калуга;36;такси калуга суворов цена;12;;0
Калуга;Суворов;https://city2city.ru/kaluga-suvorov;трансфер {city_from} {city_to};трансфер Калуга Суворов;0;;0;;0;;0
Калуга;Суворов;https://city2city.ru/kaluga-suvorov;межгород {city_from} {city_to};межгород Калуга Суворов;0;;0;;0;;0
Калуга;Суворов;https://city2city.ru/kaluga-suvorov;такси {city_from} {city_to} цена;такси Калуга Суворов цена;12;такси калуга суворов цена;12;;0;;0
Калуга;Сухиничи;https://city2city.ru/kaluga-suxinichi;такси {city_from} {city_to};такси Калуга Сухиничи;10;такси калуга сухиничи;10;;0;;0
Калуга;Сухиничи;https://city2city.ru/kaluga-suxinichi;трансфер {city_from} {city_to};трансфер Калуга Сухиничи;0;;0;;0;;0
Калуга;Сухиничи;https://city2city.ru/kaluga-suxinichi;межгород {city_from} {city_to};межгород Калуга Сухиничи;1;;0;;0;;0
Калуга;Сухиничи;https://city2city.ru/kaluga-suxinichi;такси {city_from} {city_to} цена;такси Калуга Сухиничи цена;3;;0;;0;;0
Калуга;Таруса;https://city2city.ru/kaluga-tarusa;такси {city_from} {city_to};такси Калуга Таруса;19;такси таруса калуга;19;;0;;0
Калуга;Таруса;https://city2city.ru/kaluga-tarusa;трансфер {city_from} {city_to};трансфер Калуга Таруса;1;;0;;0;;0
Калуга;Таруса;https://city2city.ru/kaluga-tarusa;межгород {city_from} {city_to};межгород Калуга Таруса;0;;0;;0;;0
Калуга;Таруса;https://city2city.ru/kaluga-tarusa;такси {city_from} {city_to} цена;такси Калуга Таруса цена;5;;0;;0;;0
Калуга;Тула;https://city2city.ru/kaluga-tula;такси {city_from} {city_to};такси Калуга Тула;85;такси тула калуга;85;такси тула калуга цена;19;такси калуга тула стоимость;14
Калуга;Тула;https://city2city.ru/kaluga-tula;трансфер {city_from} {city_to};трансфер Калуга Тула;15;трансфер калуга тула;15;трансфер калуга тула автобус;5;;0
Калуга;Тула;https://city2city.ru/kaluga-tula;межгород {city_from} {city_to};межгород Калуга Тула;1;;0;;0;;0
Калуга;Тула;https://city2city.ru/kaluga-tula;такси {city_from} {city_to} цена;такси Калуга Тула цена;19;такси тула калуга цена;19;;0;;0
Калуга;Воронеж;https://city2city.ru/kaluga-voronezh;такси {city_from} {city_to};такси Калуга Воронеж;10;такси воронеж калуга;10;;0;;0
Калуга;Воронеж;https://city2city.ru/kaluga-voronezh;трансфер {city_from} {city_to};трансфер Калуга Воронеж;0;;0;;0;;0
Калуга;Воронеж;https://city2city.ru/kaluga-voronezh;межгород {city_from} {city_to};межгород Калуга Воронеж;3;;0;;0;;0
Калуга;Воронеж;https://city2city.ru/kaluga-voronezh;такси {city_from} {city_to} цена;такси Калуга Воронеж цена;0;;0;;0;;0
Калуга;Вязьма;https://city2city.ru/kaluga-vyazma;такси {city_from} {city_to};такси Калуга Вязьма;8;;0;;0;;0
Калуга;Вязьма;https://city2city.ru/kaluga-vyazma;трансфер {city_from} {city_to};трансфер Калуга Вязьма;0;;0;;0;;0
Калуга;Вязьма;https://city2city.ru/kaluga-vyazma;межгород {city_from} {city_to};межгород Калуга Вязьма;0;;0;;0;;0
Калуга;Вязьма;https://city2city.ru/kaluga-vyazma;такси {city_from} {city_to} цена;такси Калуга Вязьма цена;2;;0;;0;;0
Калуга;Жиздра;https://city2city.ru/kaluga-zhizdra;такси {city_from} {city_to};такси Калуга Жиздра;3;;0;;0;;0
Калуга;Жиздра;https://city2city.ru/kaluga-zhizdra;трансфер {city_from} {city_to};трансфер Калуга Жиздра;0;;0;;0;;0
Калуга;Жиздра;https://city2city.ru/kaluga-zhizdra;межгород {city_from} {city_to};межгород Калуга Жиздра;0;;0;;0;;0
Калуга;Жиздра;https://city2city.ru/kaluga-zhizdra;такси {city_from} {city_to} цена;такси Калуга Жиздра цена;0;;0;;0;;0
Калуга;Жуков;https://city2city.ru/kaluga-zhukov;такси {city_from} {city_to};такси Калуга Жуков;3;;0;;0;;0
Калуга;Жуков;https://city2city.ru/kaluga-zhukov;трансфер {city_from} {city_to};трансфер Калуга Жуков;0;;0;;0;;0
Калуга;Жуков;https://city2city.ru/kaluga-zhukov;межгород {city_from} {city_to};межгород Калуга Жуков;0;;0;;0;;0
Калуга;Жуков;https://city2city.ru/kaluga-zhukov;такси {city_from} {city_to} цена;такси Калуга Жуков цена;0;;0;;0;;0
Казань;Абдулино;https://city2city.ru/kazan-abdulino;такси {city_from} {city_to};такси Казань Абдулино;10;;0;;0;;0
Казань;Абдулино;https://city2city.ru/kazan-abdulino;трансфер {city_from} {city_to};трансфер Казань Абдулино;0;;0;;0;;0
Казань;Абдулино;https://city2city.ru/kazan-abdulino;межгород {city_from} {city_to};межгород Казань Абдулино;3;;0;;0;;0
Казань;Абдулино;https://city2city.ru/kazan-abdulino;такси {city_from} {city_to} цена;такси Казань Абдулино цена;1;;0;;0;;0
Казань;Агидель;https://city2city.ru/kazan-agidel;такси {city_from} {city_to};такси Казань Агидель;2;;0;;0;;0
Казань;Агидель;https://city2city.ru/kazan-agidel;трансфер {city_from} {city_to};трансфер Казань Агидель;0;;0;;0;;0
Казань;Агидель;https://city2city.ru/kazan-agidel;межгород {city_from} {city_to};межгород Казань Агидель;0;;0;;0;;0
Казань;Агидель;https://city2city.ru/kazan-agidel;такси {city_from} {city_to} цена;такси Казань Агидель цена;0;;0;;0;;0
Казань;Агрыз;https://city2city.ru/kazan-agryz;такси {city_from} {city_to};такси Казань Агрыз;2;;0;;0;;0
Казань;Агрыз;https://city2city.ru/kazan-agryz;трансфер {city_from} {city_to};трансфер Казань Агрыз;0;;0;;0;;0
Казань;Агрыз;https://city2city.ru/kazan-agryz;межгород {city_from} {city_to};межгород Казань Агрыз;0;;0;;0;;0
Казань;Агрыз;https://city2city.ru/kazan-agryz;такси {city_from} {city_to} цена;такси Казань Агрыз цена;0;;0;;0;;0
Казань;посёлок городского типа Актюбинский;https://city2city.ru/kazan-aktyubinskij;такси {city_from} {city_to};такси Казань посёлок городского типа Актюбинский;0;;0;;0;;0
Казань;посёлок городского типа Актюбинский;https://city2city.ru/kazan-aktyubinskij;трансфер {city_from} {city_to};трансфер Казань посёлок городского типа Актюбинский;0;;0;;0;;0
Казань;посёлок городского типа Актюбинский;https://city2city.ru/kazan-aktyubinskij;межгород {city_from} {city_to};межгород Казань посёлок городского типа Актюбинский;0;;0;;0;;0
Казань;посёлок городского типа Актюбинский;https://city2city.ru/kazan-aktyubinskij;такси {city_from} {city_to} цена;такси Казань посёлок городского типа Актюбинский цена;0;;0;;0;;0
Казань;Алатырь;https://city2city.ru/kazan-alatyr;такси {city_from} {city_to};такси Казань Алатырь;3;;0;;0;;0
Казань;Алатырь;https://city2city.ru/kazan-alatyr;трансфер {city_from} {city_to};трансфер Казань Алатырь;0;;0;;0;;0
Казань;Алатырь;https://city2city.ru/kazan-alatyr;межгород {city_from} {city_to};межгород Казань Алатырь;2;;0;;0;;0
Казань;Алатырь;https://city2city.ru/kazan-alatyr;такси {city_from} {city_to} цена;такси Казань Алатырь цена;0;;0;;0;;0
Казань;посёлок городского типа Алексеевское;https://city2city.ru/kazan-alekseevskoe;такси {city_from} {city_to};такси Казань посёлок городского типа Алексеевское;0;;0;;0;;0
Казань;посёлок городского типа Алексеевское;https://city2city.ru/kazan-alekseevskoe;трансфер {city_from} {city_to};трансфер Казань посёлок городского типа Алексеевское;0;;0;;0;;0
Казань;посёлок городского типа Алексеевское;https://city2city.ru/kazan-alekseevskoe;межгород {city_from} {city_to};межгород Казань посёлок городского типа Алексеевское;0;;0;;0;;0
Казань;посёлок городского типа Алексеевское;https://city2city.ru/kazan-alekseevskoe;такси {city_from} {city_to} цена;такси Казань посёлок городского типа Алексеевское цена;0;;0;;0;;0
Международный аэропорт Казань;;https://city2city.ru/kazan-almetevsk;такси {city_from} {city_to};такси Международный аэропорт Казань ;1;;0;;0;;0
Международный аэропорт Казань;;https://city2city.ru/kazan-almetevsk;трансфер {city_from} {city_to};трансфер Международный аэропорт Казань ;0;;0;;0;;0
Международный аэропорт Казань;;https://city2city.ru/kazan-almetevsk;межгород {city_from} {city_to};межгород Международный аэропорт Казань ;0;;0;;0;;0
Международный аэропорт Казань;;https://city2city.ru/kazan-almetevsk;такси {city_from} {city_to} цена;такси Международный аэропорт Казань  цена;0;;0;;0;;0
Казань;поселок городского типа Апастово;https://city2city.ru/kazan-apastovo;такси {city_from} {city_to};такси Казань поселок городского типа Апастово;0;;0;;0;;0
Казань;поселок городского типа Апастово;https://city2city.ru/kazan-apastovo;трансфер {city_from} {city_to};трансфер Казань поселок городского типа Апастово;0;;0;;0;;0
Казань;поселок городского типа Апастово;https://city2city.ru/kazan-apastovo;межгород {city_from} {city_to};межгород Казань поселок городского типа Апастово;0;;0;;0;;0
Казань;поселок городского типа Апастово;https://city2city.ru/kazan-apastovo;такси {city_from} {city_to} цена;такси Казань поселок городского типа Апастово цена;0;;0;;0;;0
Казань;Арск;https://city2city.ru/kazan-arsk;такси {city_from} {city_to};такси Казань Арск;22;такси казань арск;22;;0;;0
Казань;Арск;https://city2city.ru/kazan-arsk;трансфер {city_from} {city_to};трансфер Казань Арск;0;;0;;0;;0
Казань;Арск;https://city2city.ru/kazan-arsk;межгород {city_from} {city_to};межгород Казань Арск;0;;0;;0;;0
Казань;Арск;https://city2city.ru/kazan-arsk;такси {city_from} {city_to} цена;такси Казань Арск цена;4;;0;;0;;0
Казань;Архангельск;https://city2city.ru/kazan-arxangelsk;такси {city_from} {city_to};такси Казань Архангельск;0;;0;;0;;0
Казань;Архангельск;https://city2city.ru/kazan-arxangelsk;трансфер {city_from} {city_to};трансфер Казань Архангельск;0;;0;;0;;0
Казань;Архангельск;https://city2city.ru/kazan-arxangelsk;межгород {city_from} {city_to};межгород Казань Архангельск;0;;0;;0;;0
Казань;Архангельск;https://city2city.ru/kazan-arxangelsk;такси {city_from} {city_to} цена;такси Казань Архангельск цена;0;;0;;0;;0
Казань;Азнакаево;https://city2city.ru/kazan-aznakaevo;такси {city_from} {city_to};такси Казань Азнакаево;189;такси азнакаево казань;189;такси апельсин азнакаево казань;88;такси азнакаево казань номера;39
Казань;Азнакаево;https://city2city.ru/kazan-aznakaevo;трансфер {city_from} {city_to};трансфер Казань Азнакаево;0;;0;;0;;0
Казань;Азнакаево;https://city2city.ru/kazan-aznakaevo;межгород {city_from} {city_to};межгород Казань Азнакаево;2;;0;;0;;0
Казань;Азнакаево;https://city2city.ru/kazan-aznakaevo;такси {city_from} {city_to} цена;такси Казань Азнакаево цена;13;;0;;0;;0
Казань;посёлок городского типа Балтаси;https://city2city.ru/kazan-baltasi;такси {city_from} {city_to};такси Казань посёлок городского типа Балтаси;0;;0;;0;;0
Казань;посёлок городского типа Балтаси;https://city2city.ru/kazan-baltasi;трансфер {city_from} {city_to};трансфер Казань посёлок городского типа Балтаси;0;;0;;0;;0
Казань;посёлок городского типа Балтаси;https://city2city.ru/kazan-baltasi;межгород {city_from} {city_to};межгород Казань посёлок городского типа Балтаси;0;;0;;0;;0
Казань;посёлок городского типа Балтаси;https://city2city.ru/kazan-baltasi;такси {city_from} {city_to} цена;такси Казань посёлок городского типа Балтаси цена;0;;0;;0;;0
Казань;Барыш;https://city2city.ru/kazan-barysh;такси {city_from} {city_to};такси Казань Барыш;3;;0;;0;;0
Казань;Барыш;https://city2city.ru/kazan-barysh;трансфер {city_from} {city_to};трансфер Казань Барыш;0;;0;;0;;0
Казань;Барыш;https://city2city.ru/kazan-barysh;межгород {city_from} {city_to};межгород Казань Барыш;0;;0;;0;;0
Казань;Барыш;https://city2city.ru/kazan-barysh;такси {city_from} {city_to} цена;такси Казань Барыш цена;0;;0;;0;;0
Казань;Бавлы;https://city2city.ru/kazan-bavly;такси {city_from} {city_to};такси Казань Бавлы;116;такси казань бавлы;116;такси бавлы казань телефон;16;номера такси бавлы казань;15
Казань;Бавлы;https://city2city.ru/kazan-bavly;трансфер {city_from} {city_to};трансфер Казань Бавлы;0;;0;;0;;0
Казань;Бавлы;https://city2city.ru/kazan-bavly;межгород {city_from} {city_to};межгород Казань Бавлы;9;;0;;0;;0
Казань;Бавлы;https://city2city.ru/kazan-bavly;такси {city_from} {city_to} цена;такси Казань Бавлы цена;1;;0;;0;;0
Казань;Белебей;https://city2city.ru/kazan-belebej;такси {city_from} {city_to};такси Казань Белебей;65;белебей казань такси;65;такси белка белебей казань;30;;0
Казань;Белебей;https://city2city.ru/kazan-belebej;трансфер {city_from} {city_to};трансфер Казань Белебей;1;;0;;0;;0
Казань;Белебей;https://city2city.ru/kazan-belebej;межгород {city_from} {city_to};межгород Казань Белебей;1;;0;;0;;0
Казань;Белебей;https://city2city.ru/kazan-belebej;такси {city_from} {city_to} цена;такси Казань Белебей цена;0;;0;;0;;0
Казань;Белгород;https://city2city.ru/kazan-belgorod;такси {city_from} {city_to};такси Казань Белгород;15;белгород казань такси;15;;0;;0
Казань;Белгород;https://city2city.ru/kazan-belgorod;трансфер {city_from} {city_to};трансфер Казань Белгород;0;;0;;0;;0
Казань;Белгород;https://city2city.ru/kazan-belgorod;межгород {city_from} {city_to};межгород Казань Белгород;0;;0;;0;;0
Казань;Белгород;https://city2city.ru/kazan-belgorod;такси {city_from} {city_to} цена;такси Казань Белгород цена;12;;0;;0;;0
Казань;Бирск;https://city2city.ru/kazan-birsk;такси {city_from} {city_to};такси Казань Бирск;1;;0;;0;;0
Казань;Бирск;https://city2city.ru/kazan-birsk;трансфер {city_from} {city_to};трансфер Казань Бирск;0;;0;;0;;0
Казань;Бирск;https://city2city.ru/kazan-birsk;межгород {city_from} {city_to};межгород Казань Бирск;0;;0;;0;;0
Казань;Бирск;https://city2city.ru/kazan-birsk;такси {city_from} {city_to} цена;такси Казань Бирск цена;1;;0;;0;;0
Казань;Муниципальное образование поселок городского типа Богатые Сабы;https://city2city.ru/kazan-bogatye-saby;такси {city_from} {city_to};такси Казань Муниципальное образование поселок городского типа Богатые Сабы;0;;0;;0;;0
Казань;Муниципальное образование поселок городского типа Богатые Сабы;https://city2city.ru/kazan-bogatye-saby;трансфер {city_from} {city_to};трансфер Казань Муниципальное образование поселок городского типа Богатые Сабы;0;;0;;0;;0
Казань;Муниципальное образование поселок городского типа Богатые Сабы;https://city2city.ru/kazan-bogatye-saby;межгород {city_from} {city_to};межгород Казань Муниципальное образование поселок городского типа Богатые Сабы;0;;0;;0;;0
Казань;Муниципальное образование поселок городского типа Богатые Сабы;https://city2city.ru/kazan-bogatye-saby;такси {city_from} {city_to} цена;такси Казань Муниципальное образование поселок городского типа Богатые Сабы цена;0;;0;;0;;0
Казань;Болгар;https://city2city.ru/kazan-bolgar;такси {city_from} {city_to};такси Казань Болгар;42;такси казань болгары;42;;0;;0
Казань;Болгар;https://city2city.ru/kazan-bolgar;трансфер {city_from} {city_to};трансфер Казань Болгар;3;;0;;0;;0
Казань;Болгар;https://city2city.ru/kazan-bolgar;межгород {city_from} {city_to};межгород Казань Болгар;2;;0;;0;;0
Казань;Болгар;https://city2city.ru/kazan-bolgar;такси {city_from} {city_to} цена;такси Казань Болгар цена;4;;0;;0;;0
Международный аэропорт Казань;;https://city2city.ru/kazan-bugulma;такси {city_from} {city_to};такси Международный аэропорт Казань ;1;;0;;0;;0
Международный аэропорт Казань;;https://city2city.ru/kazan-bugulma;трансфер {city_from} {city_to};трансфер Международный аэропорт Казань ;0;;0;;0;;0
Международный аэропорт Казань;;https://city2city.ru/kazan-bugulma;межгород {city_from} {city_to};межгород Международный аэропорт Казань ;0;;0;;0;;0
Международный аэропорт Казань;;https://city2city.ru/kazan-bugulma;такси {city_from} {city_to} цена;такси Международный аэропорт Казань  цена;0;;0;;0;;0
Казань;Бугуруслан;https://city2city.ru/kazan-buguruslan;такси {city_from} {city_to};такси Казань Бугуруслан;29;бугуруслан казань такси;29;;0;;0
Казань;Бугуруслан;https://city2city.ru/kazan-buguruslan;трансфер {city_from} {city_to};трансфер Казань Бугуруслан;0;;0;;0;;0
Казань;Бугуруслан;https://city2city.ru/kazan-buguruslan;межгород {city_from} {city_to};межгород Казань Бугуруслан;0;;0;;0;;0
Казань;Бугуруслан;https://city2city.ru/kazan-buguruslan;такси {city_from} {city_to} цена;такси Казань Бугуруслан цена;3;;0;;0;;0
Казань;Буинск;https://city2city.ru/kazan-buinsk;такси {city_from} {city_to};такси Казань Буинск;36;такси буинск казань;36;;0;;0
Казань;Буинск;https://city2city.ru/kazan-buinsk;трансфер {city_from} {city_to};трансфер Казань Буинск;1;;0;;0;;0
Казань;Буинск;https://city2city.ru/kazan-buinsk;межгород {city_from} {city_to};межгород Казань Буинск;0;;0;;0;;0
Казань;Буинск;https://city2city.ru/kazan-buinsk;такси {city_from} {city_to} цена;такси Казань Буинск цена;6;;0;;0;;0
Казань;Бузулук;https://city2city.ru/kazan-buzuluk;такси {city_from} {city_to};такси Казань Бузулук;5;;0;;0;;0
Казань;Бузулук;https://city2city.ru/kazan-buzuluk;трансфер {city_from} {city_to};трансфер Казань Бузулук;0;;0;;0;;0
Казань;Бузулук;https://city2city.ru/kazan-buzuluk;межгород {city_from} {city_to};межгород Казань Бузулук;0;;0;;0;;0
Казань;Бузулук;https://city2city.ru/kazan-buzuluk;такси {city_from} {city_to} цена;такси Казань Бузулук цена;1;;0;;0;;0
Казань;Чайковский;https://city2city.ru/kazan-chajkovskij;такси {city_from} {city_to};такси Казань Чайковский;3;;0;;0;;0
Казань;Чайковский;https://city2city.ru/kazan-chajkovskij;трансфер {city_from} {city_to};трансфер Казань Чайковский;2;;0;;0;;0
Казань;Чайковский;https://city2city.ru/kazan-chajkovskij;межгород {city_from} {city_to};межгород Казань Чайковский;0;;0;;0;;0
Казань;Чайковский;https://city2city.ru/kazan-chajkovskij;такси {city_from} {city_to} цена;такси Казань Чайковский цена;1;;0;;0;;0
Казань;Чебаркуль;https://city2city.ru/kazan-chebarkul;такси {city_from} {city_to};такси Казань Чебаркуль;1;;0;;0;;0
Казань;Чебаркуль;https://city2city.ru/kazan-chebarkul;трансфер {city_from} {city_to};трансфер Казань Чебаркуль;0;;0;;0;;0
Казань;Чебаркуль;https://city2city.ru/kazan-chebarkul;межгород {city_from} {city_to};межгород Казань Чебаркуль;0;;0;;0;;0
Казань;Чебаркуль;https://city2city.ru/kazan-chebarkul;такси {city_from} {city_to} цена;такси Казань Чебаркуль цена;0;;0;;0;;0
Международный аэропорт Казань;;https://city2city.ru/kazan-cheboksary;такси {city_from} {city_to};такси Международный аэропорт Казань ;1;;0;;0;;0
Международный аэропорт Казань;;https://city2city.ru/kazan-cheboksary;трансфер {city_from} {city_to};трансфер Международный аэропорт Казань ;0;;0;;0;;0
Международный аэропорт Казань;;https://city2city.ru/kazan-cheboksary;межгород {city_from} {city_to};межгород Международный аэропорт Казань ;0;;0;;0;;0
Международный аэропорт Казань;;https://city2city.ru/kazan-cheboksary;такси {city_from} {city_to} цена;такси Международный аэропорт Казань  цена;0;;0;;0;;0
Казань;Челябинск;https://city2city.ru/kazan-chelyabinsk;такси {city_from} {city_to};такси Казань Челябинск;3;;0;;0;;0
Казань;Челябинск;https://city2city.ru/kazan-chelyabinsk;трансфер {city_from} {city_to};трансфер Казань Челябинск;9;трансфер казань челябинск;9;;0;;0
Казань;Челябинск;https://city2city.ru/kazan-chelyabinsk;межгород {city_from} {city_to};межгород Казань Челябинск;0;;0;;0;;0
Казань;Челябинск;https://city2city.ru/kazan-chelyabinsk;такси {city_from} {city_to} цена;такси Казань Челябинск цена;1;;0;;0;;0
Казань;посёлок городского типа Чердаклы;https://city2city.ru/kazan-cherdakly;такси {city_from} {city_to};такси Казань посёлок городского типа Чердаклы;0;;0;;0;;0
Казань;посёлок городского типа Чердаклы;https://city2city.ru/kazan-cherdakly;трансфер {city_from} {city_to};трансфер Казань посёлок городского типа Чердаклы;0;;0;;0;;0
Казань;посёлок городского типа Чердаклы;https://city2city.ru/kazan-cherdakly;межгород {city_from} {city_to};межгород Казань посёлок городского типа Чердаклы;0;;0;;0;;0
Казань;посёлок городского типа Чердаклы;https://city2city.ru/kazan-cherdakly;такси {city_from} {city_to} цена;такси Казань посёлок городского типа Чердаклы цена;0;;0;;0;;0
Казань;Чернушка;https://city2city.ru/kazan-chernushka;такси {city_from} {city_to};такси Казань Чернушка;2;;0;;0;;0
Казань;Чернушка;https://city2city.ru/kazan-chernushka;трансфер {city_from} {city_to};трансфер Казань Чернушка;0;;0;;0;;0
Казань;Чернушка;https://city2city.ru/kazan-chernushka;межгород {city_from} {city_to};межгород Казань Чернушка;0;;0;;0;;0
Казань;Чернушка;https://city2city.ru/kazan-chernushka;такси {city_from} {city_to} цена;такси Казань Чернушка цена;1;;0;;0;;0
Казань;деревня Чишмы;https://city2city.ru/kazan-chishmy;такси {city_from} {city_to};такси Казань деревня Чишмы;0;;0;;0;;0
Казань;деревня Чишмы;https://city2city.ru/kazan-chishmy;трансфер {city_from} {city_to};трансфер Казань деревня Чишмы;0;;0;;0;;0
Казань;деревня Чишмы;https://city2city.ru/kazan-chishmy;межгород {city_from} {city_to};межгород Казань деревня Чишмы;0;;0;;0;;0
Казань;деревня Чишмы;https://city2city.ru/kazan-chishmy;такси {city_from} {city_to} цена;такси Казань деревня Чишмы цена;0;;0;;0;;0
Международный аэропорт Казань;;https://city2city.ru/kazan-chistopol;такси {city_from} {city_to};такси Международный аэропорт Казань ;1;;0;;0;;0
Международный аэропорт Казань;;https://city2city.ru/kazan-chistopol;трансфер {city_from} {city_to};трансфер Международный аэропорт Казань ;0;;0;;0;;0
Международный аэропорт Казань;;https://city2city.ru/kazan-chistopol;межгород {city_from} {city_to};межгород Международный аэропорт Казань ;0;;0;;0;;0
Международный аэропорт Казань;;https://city2city.ru/kazan-chistopol;такси {city_from} {city_to} цена;такси Международный аэропорт Казань  цена;0;;0;;0;;0
Казань;Дзержинск;https://city2city.ru/kazan-dzerzhinsk;такси {city_from} {city_to};такси Казань Дзержинск;3;;0;;0;;0
Казань;Дзержинск;https://city2city.ru/kazan-dzerzhinsk;трансфер {city_from} {city_to};трансфер Казань Дзержинск;4;;0;;0;;0
Казань;Дзержинск;https://city2city.ru/kazan-dzerzhinsk;межгород {city_from} {city_to};межгород Казань Дзержинск;0;;0;;0;;0
Казань;Дзержинск;https://city2city.ru/kazan-dzerzhinsk;такси {city_from} {city_to} цена;такси Казань Дзержинск цена;1;;0;;0;;0
Казань;посёлок городского типа Джалиль;https://city2city.ru/kazan-dzhalil;такси {city_from} {city_to};такси Казань посёлок городского типа Джалиль;0;;0;;0;;0
Казань;посёлок городского типа Джалиль;https://city2city.ru/kazan-dzhalil;трансфер {city_from} {city_to};трансфер Казань посёлок городского типа Джалиль;0;;0;;0;;0
Казань;посёлок городского типа Джалиль;https://city2city.ru/kazan-dzhalil;межгород {city_from} {city_to};межгород Казань посёлок городского типа Джалиль;0;;0;;0;;0
Казань;посёлок городского типа Джалиль;https://city2city.ru/kazan-dzhalil;такси {city_from} {city_to} цена;такси Казань посёлок городского типа Джалиль цена;0;;0;;0;;0
Международный аэропорт Казань;;https://city2city.ru/kazan-ekaterinburg;такси {city_from} {city_to};такси Международный аэропорт Казань ;1;;0;;0;;0
Международный аэропорт Казань;;https://city2city.ru/kazan-ekaterinburg;трансфер {city_from} {city_to};трансфер Международный аэропорт Казань ;0;;0;;0;;0
Международный аэропорт Казань;;https://city2city.ru/kazan-ekaterinburg;межгород {city_from} {city_to};межгород Международный аэропорт Казань ;0;;0;;0;;0
Международный аэропорт Казань;;https://city2city.ru/kazan-ekaterinburg;такси {city_from} {city_to} цена;такси Международный аэропорт Казань  цена;0;;0;;0;;0
Казань;;https://city2city.ru/kazan-elabuga;такси {city_from} {city_to};такси Казань ;35681;такси казань;35681;яндекс такси казань;8411;такси казань телефон;6157
Казань;;https://city2city.ru/kazan-elabuga;трансфер {city_from} {city_to};трансфер Казань ;3250;трансфер казань;3250;трансфер аэропорт казань;1182;трансфер ижевск казань;856
Казань;;https://city2city.ru/kazan-elabuga;межгород {city_from} {city_to};межгород Казань ;1629;межгород казань;1629;такси межгород казань;823;межгород казань бугульма;143
Казань;;https://city2city.ru/kazan-elabuga;такси {city_from} {city_to} цена;такси Казань  цена;1516;такси в казани цены;334;такси казань челны цена;100;яндекс такси казань цены;98
Казань;Глазов;https://city2city.ru/kazan-glazov;такси {city_from} {city_to};такси Казань Глазов;1;;0;;0;;0
Казань;Глазов;https://city2city.ru/kazan-glazov;трансфер {city_from} {city_to};трансфер Казань Глазов;0;;0;;0;;0
Казань;Глазов;https://city2city.ru/kazan-glazov;межгород {city_from} {city_to};межгород Казань Глазов;0;;0;;0;;0
Казань;Глазов;https://city2city.ru/kazan-glazov;такси {city_from} {city_to} цена;такси Казань Глазов цена;1;;0;;0;;0
Казань;52А-3;https://city2city.ru/kazan-granicza-kazaxstan;такси {city_from} {city_to};такси Казань 52А-3;0;;0;;0;;0
Казань;52А-3;https://city2city.ru/kazan-granicza-kazaxstan;трансфер {city_from} {city_to};трансфер Казань 52А-3;0;;0;;0;;0
Казань;52А-3;https://city2city.ru/kazan-granicza-kazaxstan;межгород {city_from} {city_to};межгород Казань 52А-3;0;;0;;0;;0
Казань;52А-3;https://city2city.ru/kazan-granicza-kazaxstan;такси {city_from} {city_to} цена;такси Казань 52А-3 цена;0;;0;;0;;0
Казань;Иннополис;https://city2city.ru/kazan-innopolis;такси {city_from} {city_to};такси Казань Иннополис;62;такси иннополис казань;62;беспилотное такси в казани иннополис;25;как заказать беспилотное такси в иннополисе казань;6
Казань;Иннополис;https://city2city.ru/kazan-innopolis;трансфер {city_from} {city_to};трансфер Казань Иннополис;4;;0;;0;;0
Казань;Иннополис;https://city2city.ru/kazan-innopolis;межгород {city_from} {city_to};межгород Казань Иннополис;0;;0;;0;;0
Казань;Иннополис;https://city2city.ru/kazan-innopolis;такси {city_from} {city_to} цена;такси Казань Иннополис цена;4;;0;;0;;0
Международный аэропорт Казань;;https://city2city.ru/kazan-izhevsk;такси {city_from} {city_to};такси Международный аэропорт Казань ;1;;0;;0;;0
Международный аэропорт Казань;;https://city2city.ru/kazan-izhevsk;трансфер {city_from} {city_to};трансфер Международный аэропорт Казань ;0;;0;;0;;0
Международный аэропорт Казань;;https://city2city.ru/kazan-izhevsk;межгород {city_from} {city_to};межгород Международный аэропорт Казань ;0;;0;;0;;0
Международный аэропорт Казань;;https://city2city.ru/kazan-izhevsk;такси {city_from} {city_to} цена;такси Международный аэропорт Казань  цена;0;;0;;0;;0
Казань;поселок городского типа Камские Поляны;https://city2city.ru/kazan-kamskie-polyany;такси {city_from} {city_to};такси Казань поселок городского типа Камские Поляны;0;;0;;0;;0
Казань;поселок городского типа Камские Поляны;https://city2city.ru/kazan-kamskie-polyany;трансфер {city_from} {city_to};трансфер Казань поселок городского типа Камские Поляны;0;;0;;0;;0
Казань;поселок городского типа Камские Поляны;https://city2city.ru/kazan-kamskie-polyany;межгород {city_from} {city_to};межгород Казань поселок городского типа Камские Поляны;0;;0;;0;;0
Казань;поселок городского типа Камские Поляны;https://city2city.ru/kazan-kamskie-polyany;такси {city_from} {city_to} цена;такси Казань поселок городского типа Камские Поляны цена;0;;0;;0;;0
Казань;посёлок городского типа Камское Устье;https://city2city.ru/kazan-kamskoe-uste;такси {city_from} {city_to};такси Казань посёлок городского типа Камское Устье;0;;0;;0;;0
Казань;посёлок городского типа Камское Устье;https://city2city.ru/kazan-kamskoe-uste;трансфер {city_from} {city_to};трансфер Казань посёлок городского типа Камское Устье;0;;0;;0;;0
Казань;посёлок городского типа Камское Устье;https://city2city.ru/kazan-kamskoe-uste;межгород {city_from} {city_to};межгород Казань посёлок городского типа Камское Устье;0;;0;;0;;0
Казань;посёлок городского типа Камское Устье;https://city2city.ru/kazan-kamskoe-uste;такси {city_from} {city_to} цена;такси Казань посёлок городского типа Камское Устье цена;0;;0;;0;;0
Казань;деревня Канаш;https://city2city.ru/kazan-kanash;такси {city_from} {city_to};такси Казань деревня Канаш;0;;0;;0;;0
Казань;деревня Канаш;https://city2city.ru/kazan-kanash;трансфер {city_from} {city_to};трансфер Казань деревня Канаш;0;;0;;0;;0
Казань;деревня Канаш;https://city2city.ru/kazan-kanash;межгород {city_from} {city_to};межгород Казань деревня Канаш;0;;0;;0;;0
Казань;деревня Канаш;https://city2city.ru/kazan-kanash;такси {city_from} {city_to} цена;такси Казань деревня Канаш цена;0;;0;;0;;0
Казань;Карабаш;https://city2city.ru/kazan-karabash;такси {city_from} {city_to};такси Казань Карабаш;0;;0;;0;;0
Казань;Карабаш;https://city2city.ru/kazan-karabash;трансфер {city_from} {city_to};трансфер Казань Карабаш;0;;0;;0;;0
Казань;Карабаш;https://city2city.ru/kazan-karabash;межгород {city_from} {city_to};межгород Казань Карабаш;0;;0;;0;;0
Казань;Карабаш;https://city2city.ru/kazan-karabash;такси {city_from} {city_to} цена;такси Казань Карабаш цена;0;;0;;0;;0
Казань;посёлок городского типа Кильмезь;https://city2city.ru/kazan-kilmez;такси {city_from} {city_to};такси Казань посёлок городского типа Кильмезь;0;;0;;0;;0
Казань;посёлок городского типа Кильмезь;https://city2city.ru/kazan-kilmez;трансфер {city_from} {city_to};трансфер Казань посёлок городского типа Кильмезь;0;;0;;0;;0
Казань;посёлок городского типа Кильмезь;https://city2city.ru/kazan-kilmez;межгород {city_from} {city_to};межгород Казань посёлок городского типа Кильмезь;0;;0;;0;;0
Казань;посёлок городского типа Кильмезь;https://city2city.ru/kazan-kilmez;такси {city_from} {city_to} цена;такси Казань посёлок городского типа Кильмезь цена;0;;0;;0;;0
Казань;Кинель;https://city2city.ru/kazan-kinel;такси {city_from} {city_to};такси Казань Кинель;0;;0;;0;;0
Казань;Кинель;https://city2city.ru/kazan-kinel;трансфер {city_from} {city_to};трансфер Казань Кинель;0;;0;;0;;0
Казань;Кинель;https://city2city.ru/kazan-kinel;межгород {city_from} {city_to};межгород Казань Кинель;0;;0;;0;;0
Казань;Кинель;https://city2city.ru/kazan-kinel;такси {city_from} {city_to} цена;такси Казань Кинель цена;0;;0;;0;;0
Международный аэропорт Казань;;https://city2city.ru/kazan-kirov;такси {city_from} {city_to};такси Международный аэропорт Казань ;1;;0;;0;;0
Международный аэропорт Казань;;https://city2city.ru/kazan-kirov;трансфер {city_from} {city_to};трансфер Международный аэропорт Казань ;0;;0;;0;;0
Международный аэропорт Казань;;https://city2city.ru/kazan-kirov;межгород {city_from} {city_to};межгород Международный аэропорт Казань ;0;;0;;0;;0
Международный аэропорт Казань;;https://city2city.ru/kazan-kirov;такси {city_from} {city_to} цена;такси Международный аэропорт Казань  цена;0;;0;;0;;0
Казань;Кисловодск;https://city2city.ru/kazan-kislovodsk;такси {city_from} {city_to};такси Казань Кисловодск;0;;0;;0;;0
Казань;Кисловодск;https://city2city.ru/kazan-kislovodsk;трансфер {city_from} {city_to};трансфер Казань Кисловодск;0;;0;;0;;0
Казань;Кисловодск;https://city2city.ru/kazan-kislovodsk;межгород {city_from} {city_to};межгород Казань Кисловодск;0;;0;;0;;0
Казань;Кисловодск;https://city2city.ru/kazan-kislovodsk;такси {city_from} {city_to} цена;такси Казань Кисловодск цена;0;;0;;0;;0
Казань;Кострома;https://city2city.ru/kazan-kostroma;такси {city_from} {city_to};такси Казань Кострома;4;;0;;0;;0
Казань;Кострома;https://city2city.ru/kazan-kostroma;трансфер {city_from} {city_to};трансфер Казань Кострома;2;;0;;0;;0
Казань;Кострома;https://city2city.ru/kazan-kostroma;межгород {city_from} {city_to};межгород Казань Кострома;3;;0;;0;;0
Казань;Кострома;https://city2city.ru/kazan-kostroma;такси {city_from} {city_to} цена;такси Казань Кострома цена;1;;0;;0;;0
Казань;село Козловка;https://city2city.ru/kazan-kozlovka;такси {city_from} {city_to};такси Казань село Козловка;0;;0;;0;;0
Казань;село Козловка;https://city2city.ru/kazan-kozlovka;трансфер {city_from} {city_to};трансфер Казань село Козловка;0;;0;;0;;0
Казань;село Козловка;https://city2city.ru/kazan-kozlovka;межгород {city_from} {city_to};межгород Казань село Козловка;0;;0;;0;;0
Казань;село Козловка;https://city2city.ru/kazan-kozlovka;такси {city_from} {city_to} цена;такси Казань село Козловка цена;0;;0;;0;;0
Казань;посёлок городского типа Куйбышевский Затон;https://city2city.ru/kazan-kujbyshevskij-zaton;такси {city_from} {city_to};такси Казань посёлок городского типа Куйбышевский Затон;0;;0;;0;;0
Казань;посёлок городского типа Куйбышевский Затон;https://city2city.ru/kazan-kujbyshevskij-zaton;трансфер {city_from} {city_to};трансфер Казань посёлок городского типа Куйбышевский Затон;0;;0;;0;;0
Казань;посёлок городского типа Куйбышевский Затон;https://city2city.ru/kazan-kujbyshevskij-zaton;межгород {city_from} {city_to};межгород Казань посёлок городского типа Куйбышевский Затон;0;;0;;0;;0
Казань;посёлок городского типа Куйбышевский Затон;https://city2city.ru/kazan-kujbyshevskij-zaton;такси {city_from} {city_to} цена;такси Казань посёлок городского типа Куйбышевский Затон цена;0;;0;;0;;0
Казань;Кукмор;https://city2city.ru/kazan-kukmor;такси {city_from} {city_to};такси Казань Кукмор;20;такси кукмор казань;20;;0;;0
Казань;Кукмор;https://city2city.ru/kazan-kukmor;трансфер {city_from} {city_to};трансфер Казань Кукмор;0;;0;;0;;0
Казань;Кукмор;https://city2city.ru/kazan-kukmor;межгород {city_from} {city_to};межгород Казань Кукмор;0;;0;;0;;0
Казань;Кукмор;https://city2city.ru/kazan-kukmor;такси {city_from} {city_to} цена;такси Казань Кукмор цена;2;;0;;0;;0
Казань;Кумертау;https://city2city.ru/kazan-kumertau;такси {city_from} {city_to};такси Казань Кумертау;10;такси кумертау казань;10;;0;;0
Казань;Кумертау;https://city2city.ru/kazan-kumertau;трансфер {city_from} {city_to};трансфер Казань Кумертау;0;;0;;0;;0
Казань;Кумертау;https://city2city.ru/kazan-kumertau;межгород {city_from} {city_to};межгород Казань Кумертау;0;;0;;0;;0
Казань;Кумертау;https://city2city.ru/kazan-kumertau;такси {city_from} {city_to} цена;такси Казань Кумертау цена;2;;0;;0;;0
Казань;Лаишево;https://city2city.ru/kazan-laishevo;такси {city_from} {city_to};такси Казань Лаишево;28;такси с лаишево до казани;5;;0;;0
Казань;Лаишево;https://city2city.ru/kazan-laishevo;трансфер {city_from} {city_to};трансфер Казань Лаишево;0;;0;;0;;0
Казань;Лаишево;https://city2city.ru/kazan-laishevo;межгород {city_from} {city_to};межгород Казань Лаишево;3;;0;;0;;0
Казань;Лаишево;https://city2city.ru/kazan-laishevo;такси {city_from} {city_to} цена;такси Казань Лаишево цена;5;;0;;0;;0
Казань;рабочий посёлок Лебяжье;https://city2city.ru/kazan-lebyazhe;такси {city_from} {city_to};такси Казань рабочий посёлок Лебяжье;0;;0;;0;;0
Казань;рабочий посёлок Лебяжье;https://city2city.ru/kazan-lebyazhe;трансфер {city_from} {city_to};трансфер Казань рабочий посёлок Лебяжье;0;;0;;0;;0
Казань;рабочий посёлок Лебяжье;https://city2city.ru/kazan-lebyazhe;межгород {city_from} {city_to};межгород Казань рабочий посёлок Лебяжье;0;;0;;0;;0
Казань;рабочий посёлок Лебяжье;https://city2city.ru/kazan-lebyazhe;такси {city_from} {city_to} цена;такси Казань рабочий посёлок Лебяжье цена;0;;0;;0;;0
Казань;;https://city2city.ru/kazan-leninogorsk;такси {city_from} {city_to};такси Казань ;35681;такси казань;35681;яндекс такси казань;8411;такси казань телефон;6157
Казань;;https://city2city.ru/kazan-leninogorsk;трансфер {city_from} {city_to};трансфер Казань ;3250;трансфер казань;3250;трансфер аэропорт казань;1182;трансфер ижевск казань;856
Казань;;https://city2city.ru/kazan-leninogorsk;межгород {city_from} {city_to};межгород Казань ;1629;межгород казань;1629;такси межгород казань;823;межгород казань бугульма;143
Казань;;https://city2city.ru/kazan-leninogorsk;такси {city_from} {city_to} цена;такси Казань  цена;1516;такси в казани цены;334;такси казань челны цена;100;яндекс такси казань цены;98
Казань;Лысково;https://city2city.ru/kazan-lyskovo;такси {city_from} {city_to};такси Казань Лысково;0;;0;;0;;0
Казань;Лысково;https://city2city.ru/kazan-lyskovo;трансфер {city_from} {city_to};трансфер Казань Лысково;0;;0;;0;;0
Казань;Лысково;https://city2city.ru/kazan-lyskovo;межгород {city_from} {city_to};межгород Казань Лысково;0;;0;;0;;0
Казань;Лысково;https://city2city.ru/kazan-lyskovo;такси {city_from} {city_to} цена;такси Казань Лысково цена;0;;0;;0;;0
Казань;Магнитогорск;https://city2city.ru/kazan-magnitogorsk;такси {city_from} {city_to};такси Казань Магнитогорск;20;магнитогорск казань такси;20;;0;;0
Казань;Магнитогорск;https://city2city.ru/kazan-magnitogorsk;трансфер {city_from} {city_to};трансфер Казань Магнитогорск;19;трансфер магнитогорск казань;19;;0;;0
Казань;Магнитогорск;https://city2city.ru/kazan-magnitogorsk;межгород {city_from} {city_to};межгород Казань Магнитогорск;1;;0;;0;;0
Казань;Магнитогорск;https://city2city.ru/kazan-magnitogorsk;такси {city_from} {city_to} цена;такси Казань Магнитогорск цена;2;;0;;0;;0
Казань;Малмыж;https://city2city.ru/kazan-malmyzh;такси {city_from} {city_to};такси Казань Малмыж;24;такси малмыж казань;24;;0;;0
Казань;Малмыж;https://city2city.ru/kazan-malmyzh;трансфер {city_from} {city_to};трансфер Казань Малмыж;0;;0;;0;;0
Казань;Малмыж;https://city2city.ru/kazan-malmyzh;межгород {city_from} {city_to};межгород Казань Малмыж;0;;0;;0;;0
Казань;Малмыж;https://city2city.ru/kazan-malmyzh;такси {city_from} {city_to} цена;такси Казань Малмыж цена;1;;0;;0;;0
Казань;Мамадыш;https://city2city.ru/kazan-mamadysh;такси {city_from} {city_to};такси Казань Мамадыш;20;такси мамадыш казань;20;;0;;0
Казань;Мамадыш;https://city2city.ru/kazan-mamadysh;трансфер {city_from} {city_to};трансфер Казань Мамадыш;0;;0;;0;;0
Казань;Мамадыш;https://city2city.ru/kazan-mamadysh;межгород {city_from} {city_to};межгород Казань Мамадыш;0;;0;;0;;0
Казань;Мамадыш;https://city2city.ru/kazan-mamadysh;такси {city_from} {city_to} цена;такси Казань Мамадыш цена;1;;0;;0;;0
Казань;поселок городского типа Мари-Турек;https://city2city.ru/kazan-mari-turek;такси {city_from} {city_to};такси Казань поселок городского типа Мари-Турек;0;;0;;0;;0
Казань;поселок городского типа Мари-Турек;https://city2city.ru/kazan-mari-turek;трансфер {city_from} {city_to};трансфер Казань поселок городского типа Мари-Турек;0;;0;;0;;0
Казань;поселок городского типа Мари-Турек;https://city2city.ru/kazan-mari-turek;межгород {city_from} {city_to};межгород Казань поселок городского типа Мари-Турек;0;;0;;0;;0
Казань;поселок городского типа Мари-Турек;https://city2city.ru/kazan-mari-turek;такси {city_from} {city_to} цена;такси Казань поселок городского типа Мари-Турек цена;0;;0;;0;;0
Казань;Мелеуз;https://city2city.ru/kazan-meleuz;такси {city_from} {city_to};такси Казань Мелеуз;4;;0;;0;;0
Казань;Мелеуз;https://city2city.ru/kazan-meleuz;трансфер {city_from} {city_to};трансфер Казань Мелеуз;0;;0;;0;;0
Казань;Мелеуз;https://city2city.ru/kazan-meleuz;межгород {city_from} {city_to};межгород Казань Мелеуз;3;;0;;0;;0
Казань;Мелеуз;https://city2city.ru/kazan-meleuz;такси {city_from} {city_to} цена;такси Казань Мелеуз цена;2;;0;;0;;0
Казань;Мензелинск;https://city2city.ru/kazan-menzelinsk;такси {city_from} {city_to};такси Казань Мензелинск;8;такси казань мензелинск;8;;0;;0
Казань;Мензелинск;https://city2city.ru/kazan-menzelinsk;трансфер {city_from} {city_to};трансфер Казань Мензелинск;0;;0;;0;;0
Казань;Мензелинск;https://city2city.ru/kazan-menzelinsk;межгород {city_from} {city_to};межгород Казань Мензелинск;0;;0;;0;;0
Казань;Мензелинск;https://city2city.ru/kazan-menzelinsk;такси {city_from} {city_to} цена;такси Казань Мензелинск цена;0;;0;;0;;0
Казань;Миасс;https://city2city.ru/kazan-miass;такси {city_from} {city_to};такси Казань Миасс;0;;0;;0;;0
Казань;Миасс;https://city2city.ru/kazan-miass;трансфер {city_from} {city_to};трансфер Казань Миасс;0;;0;;0;;0
Казань;Миасс;https://city2city.ru/kazan-miass;межгород {city_from} {city_to};межгород Казань Миасс;0;;0;;0;;0
Казань;Миасс;https://city2city.ru/kazan-miass;такси {city_from} {city_to} цена;такси Казань Миасс цена;0;;0;;0;;0
Казань;посёлок городского типа Морки;https://city2city.ru/kazan-morki;такси {city_from} {city_to};такси Казань посёлок городского типа Морки;0;;0;;0;;0
Казань;посёлок городского типа Морки;https://city2city.ru/kazan-morki;трансфер {city_from} {city_to};трансфер Казань посёлок городского типа Морки;0;;0;;0;;0
Казань;посёлок городского типа Морки;https://city2city.ru/kazan-morki;межгород {city_from} {city_to};межгород Казань посёлок городского типа Морки;0;;0;;0;;0
Казань;посёлок городского типа Морки;https://city2city.ru/kazan-morki;такси {city_from} {city_to} цена;такси Казань посёлок городского типа Морки цена;0;;0;;0;;0
Казань;Москва;https://city2city.ru/kazan-moskva;такси {city_from} {city_to};такси Казань Москва;280;такси москва казань;280;москва казань такси цена;52;москва казань такси сколько;43
Казань;Москва;https://city2city.ru/kazan-moskva;трансфер {city_from} {city_to};трансфер Казань Москва;27;трансфер казань москва;27;;0;;0
Казань;Москва;https://city2city.ru/kazan-moskva;межгород {city_from} {city_to};межгород Казань Москва;40;межгород казань москва;40;такси межгород москва казань;9;;0
Казань;Москва;https://city2city.ru/kazan-moskva;такси {city_from} {city_to} цена;такси Казань Москва цена;52;москва казань такси цена;52;такси казань москва цена и расписание;8;;0
Казань;село Можга;https://city2city.ru/kazan-mozhga;такси {city_from} {city_to};такси Казань село Можга;0;;0;;0;;0
Казань;село Можга;https://city2city.ru/kazan-mozhga;трансфер {city_from} {city_to};трансфер Казань село Можга;0;;0;;0;;0
Казань;село Можга;https://city2city.ru/kazan-mozhga;межгород {city_from} {city_to};межгород Казань село Можга;0;;0;;0;;0
Казань;село Можга;https://city2city.ru/kazan-mozhga;такси {city_from} {city_to} цена;такси Казань село Можга цена;0;;0;;0;;0
Казань;Мурманск;https://city2city.ru/kazan-murmansk;такси {city_from} {city_to};такси Казань Мурманск;0;;0;;0;;0
Казань;Мурманск;https://city2city.ru/kazan-murmansk;трансфер {city_from} {city_to};трансфер Казань Мурманск;0;;0;;0;;0
Казань;Мурманск;https://city2city.ru/kazan-murmansk;межгород {city_from} {city_to};межгород Казань Мурманск;0;;0;;0;;0
Казань;Мурманск;https://city2city.ru/kazan-murmansk;такси {city_from} {city_to} цена;такси Казань Мурманск цена;0;;0;;0;;0
Казань;Муром;https://city2city.ru/kazan-murom;такси {city_from} {city_to};такси Казань Муром;2;;0;;0;;0
Казань;Муром;https://city2city.ru/kazan-murom;трансфер {city_from} {city_to};трансфер Казань Муром;0;;0;;0;;0
Казань;Муром;https://city2city.ru/kazan-murom;межгород {city_from} {city_to};межгород Казань Муром;0;;0;;0;;0
Казань;Муром;https://city2city.ru/kazan-murom;такси {city_from} {city_to} цена;такси Казань Муром цена;0;;0;;0;;0
Международный аэропорт Казань;;https://city2city.ru/kazan-nab_chelny;такси {city_from} {city_to};такси Международный аэропорт Казань ;1;;0;;0;;0
Международный аэропорт Казань;;https://city2city.ru/kazan-nab_chelny;трансфер {city_from} {city_to};трансфер Международный аэропорт Казань ;0;;0;;0;;0
Международный аэропорт Казань;;https://city2city.ru/kazan-nab_chelny;межгород {city_from} {city_to};межгород Международный аэропорт Казань ;0;;0;;0;;0
Международный аэропорт Казань;;https://city2city.ru/kazan-nab_chelny;такси {city_from} {city_to} цена;такси Международный аэропорт Казань  цена;0;;0;;0;;0
Казань;Наро-Фоминск;https://city2city.ru/kazan-naro-fominsk;такси {city_from} {city_to};такси Казань Наро-Фоминск;0;;0;;0;;0
Казань;Наро-Фоминск;https://city2city.ru/kazan-naro-fominsk;трансфер {city_from} {city_to};трансфер Казань Наро-Фоминск;0;;0;;0;;0
Казань;Наро-Фоминск;https://city2city.ru/kazan-naro-fominsk;межгород {city_from} {city_to};межгород Казань Наро-Фоминск;0;;0;;0;;0
Казань;Наро-Фоминск;https://city2city.ru/kazan-naro-fominsk;такси {city_from} {city_to} цена;такси Казань Наро-Фоминск цена;0;;0;;0;;0
Казань;Нефтекамск;https://city2city.ru/kazan-neftekamsk;такси {city_from} {city_to};такси Казань Нефтекамск;20;такси казань нефтекамск;20;такси межгород нефтекамск казань;8;;0
Казань;Нефтекамск;https://city2city.ru/kazan-neftekamsk;трансфер {city_from} {city_to};трансфер Казань Нефтекамск;0;;0;;0;;0
Казань;Нефтекамск;https://city2city.ru/kazan-neftekamsk;межгород {city_from} {city_to};межгород Казань Нефтекамск;12;такси межгород нефтекамск казань;8;;0;;0
Казань;Нефтекамск;https://city2city.ru/kazan-neftekamsk;такси {city_from} {city_to} цена;такси Казань Нефтекамск цена;0;;0;;0;;0
Казань;деревня Николаевка;https://city2city.ru/kazan-nikolaevka;такси {city_from} {city_to};такси Казань деревня Николаевка;0;;0;;0;;0
Казань;деревня Николаевка;https://city2city.ru/kazan-nikolaevka;трансфер {city_from} {city_to};трансфер Казань деревня Николаевка;0;;0;;0;;0
Казань;деревня Николаевка;https://city2city.ru/kazan-nikolaevka;межгород {city_from} {city_to};межгород Казань деревня Николаевка;0;;0;;0;;0
Казань;деревня Николаевка;https://city2city.ru/kazan-nikolaevka;такси {city_from} {city_to} цена;такси Казань деревня Николаевка цена;0;;0;;0;;0
Международный аэропорт Казань;;https://city2city.ru/kazan-nizhnekamsk;такси {city_from} {city_to};такси Международный аэропорт Казань ;1;;0;;0;;0
Международный аэропорт Казань;;https://city2city.ru/kazan-nizhnekamsk;трансфер {city_from} {city_to};трансфер Международный аэропорт Казань ;0;;0;;0;;0
Международный аэропорт Казань;;https://city2city.ru/kazan-nizhnekamsk;межгород {city_from} {city_to};межгород Международный аэропорт Казань ;0;;0;;0;;0
Международный аэропорт Казань;;https://city2city.ru/kazan-nizhnekamsk;такси {city_from} {city_to} цена;такси Международный аэропорт Казань  цена;0;;0;;0;;0
Казань;посёлок городского типа Нижние Вязовые;https://city2city.ru/kazan-nizhnie-vyazovye;такси {city_from} {city_to};такси Казань посёлок городского типа Нижние Вязовые;0;;0;;0;;0
Казань;посёлок городского типа Нижние Вязовые;https://city2city.ru/kazan-nizhnie-vyazovye;трансфер {city_from} {city_to};трансфер Казань посёлок городского типа Нижние Вязовые;0;;0;;0;;0
Казань;посёлок городского типа Нижние Вязовые;https://city2city.ru/kazan-nizhnie-vyazovye;межгород {city_from} {city_to};межгород Казань посёлок городского типа Нижние Вязовые;0;;0;;0;;0
Казань;посёлок городского типа Нижние Вязовые;https://city2city.ru/kazan-nizhnie-vyazovye;такси {city_from} {city_to} цена;такси Казань посёлок городского типа Нижние Вязовые цена;0;;0;;0;;0
Казань;Нижний Ломов;https://city2city.ru/kazan-nizhnij-lomov;такси {city_from} {city_to};такси Казань Нижний Ломов;0;;0;;0;;0
Казань;Нижний Ломов;https://city2city.ru/kazan-nizhnij-lomov;трансфер {city_from} {city_to};трансфер Казань Нижний Ломов;0;;0;;0;;0
Казань;Нижний Ломов;https://city2city.ru/kazan-nizhnij-lomov;межгород {city_from} {city_to};межгород Казань Нижний Ломов;0;;0;;0;;0
Казань;Нижний Ломов;https://city2city.ru/kazan-nizhnij-lomov;такси {city_from} {city_to} цена;такси Казань Нижний Ломов цена;0;;0;;0;;0
Международный аэропорт Казань;;https://city2city.ru/kazan-nizhniy_novgorod;такси {city_from} {city_to};такси Международный аэропорт Казань ;1;;0;;0;;0
Международный аэропорт Казань;;https://city2city.ru/kazan-nizhniy_novgorod;трансфер {city_from} {city_to};трансфер Международный аэропорт Казань ;0;;0;;0;;0
Международный аэропорт Казань;;https://city2city.ru/kazan-nizhniy_novgorod;межгород {city_from} {city_to};межгород Международный аэропорт Казань ;0;;0;;0;;0
Международный аэропорт Казань;;https://city2city.ru/kazan-nizhniy_novgorod;такси {city_from} {city_to} цена;такси Международный аэропорт Казань  цена;0;;0;;0;;0
Казань;Новочебоксарск;https://city2city.ru/kazan-novocheboksarsk;такси {city_from} {city_to};такси Казань Новочебоксарск;16;такси казань новочебоксарск;16;;0;;0
Казань;Новочебоксарск;https://city2city.ru/kazan-novocheboksarsk;трансфер {city_from} {city_to};трансфер Казань Новочебоксарск;0;;0;;0;;0
Казань;Новочебоксарск;https://city2city.ru/kazan-novocheboksarsk;межгород {city_from} {city_to};межгород Казань Новочебоксарск;0;;0;;0;;0
Казань;Новочебоксарск;https://city2city.ru/kazan-novocheboksarsk;такси {city_from} {city_to} цена;такси Казань Новочебоксарск цена;5;;0;;0;;0
Казань;Новый Уренгой;https://city2city.ru/kazan-novyj-urengoj;такси {city_from} {city_to};такси Казань Новый Уренгой;3;;0;;0;;0
Казань;Новый Уренгой;https://city2city.ru/kazan-novyj-urengoj;трансфер {city_from} {city_to};трансфер Казань Новый Уренгой;0;;0;;0;;0
Казань;Новый Уренгой;https://city2city.ru/kazan-novyj-urengoj;межгород {city_from} {city_to};межгород Казань Новый Уренгой;0;;0;;0;;0
Казань;Новый Уренгой;https://city2city.ru/kazan-novyj-urengoj;такси {city_from} {city_to} цена;такси Казань Новый Уренгой цена;0;;0;;0;;0
Казань;село Нурлаты;https://city2city.ru/kazan-nurlat;такси {city_from} {city_to};такси Казань село Нурлаты;0;;0;;0;;0
Казань;село Нурлаты;https://city2city.ru/kazan-nurlat;трансфер {city_from} {city_to};трансфер Казань село Нурлаты;0;;0;;0;;0
Казань;село Нурлаты;https://city2city.ru/kazan-nurlat;межгород {city_from} {city_to};межгород Казань село Нурлаты;0;;0;;0;;0
Казань;село Нурлаты;https://city2city.ru/kazan-nurlat;такси {city_from} {city_to} цена;такси Казань село Нурлаты цена;0;;0;;0;;0
Казань;Октябрьский;https://city2city.ru/kazan-oktyabrskij-respublika-bashkortostan;такси {city_from} {city_to};такси Казань Октябрьский;153;такси октябрьский казань;153;октябрьский казань такси межгород;30;такси казань октябрьский башкортостан;22
Казань;Октябрьский;https://city2city.ru/kazan-oktyabrskij-respublika-bashkortostan;трансфер {city_from} {city_to};трансфер Казань Октябрьский;2;;0;;0;;0
Казань;Октябрьский;https://city2city.ru/kazan-oktyabrskij-respublika-bashkortostan;межгород {city_from} {city_to};межгород Казань Октябрьский;51;межгород казань октябрьский;51;октябрьский казань такси межгород;30;;0
Казань;Октябрьский;https://city2city.ru/kazan-oktyabrskij-respublika-bashkortostan;такси {city_from} {city_to} цена;такси Казань Октябрьский цена;0;;0;;0;;0
Казань;Оренбург;https://city2city.ru/kazan-orenburg;такси {city_from} {city_to};такси Казань Оренбург;184;такси оренбург казань;184;оренбург казань такси цена;28;такси оренбург казань расписание;27
Казань;Оренбург;https://city2city.ru/kazan-orenburg;трансфер {city_from} {city_to};трансфер Казань Оренбург;4;;0;;0;;0
Казань;Оренбург;https://city2city.ru/kazan-orenburg;межгород {city_from} {city_to};межгород Казань Оренбург;31;оренбург казань межгород;31;оренбург казань такси межгород;23;;0
Казань;Оренбург;https://city2city.ru/kazan-orenburg;такси {city_from} {city_to} цена;такси Казань Оренбург цена;28;оренбург казань такси цена;28;такси оренбург казань расписание цена;22;;0
Казань;Орск;https://city2city.ru/kazan-orsk;такси {city_from} {city_to};такси Казань Орск;23;такси казань орск;23;;0;;0
Казань;Орск;https://city2city.ru/kazan-orsk;трансфер {city_from} {city_to};трансфер Казань Орск;1;;0;;0;;0
Казань;Орск;https://city2city.ru/kazan-orsk;межгород {city_from} {city_to};межгород Казань Орск;3;;0;;0;;0
Казань;Орск;https://city2city.ru/kazan-orsk;такси {city_from} {city_to} цена;такси Казань Орск цена;0;;0;;0;;0
Казань;посёлок городского типа Параньга;https://city2city.ru/kazan-paranga;такси {city_from} {city_to};такси Казань посёлок городского типа Параньга;0;;0;;0;;0
Казань;посёлок городского типа Параньга;https://city2city.ru/kazan-paranga;трансфер {city_from} {city_to};трансфер Казань посёлок городского типа Параньга;0;;0;;0;;0
Казань;посёлок городского типа Параньга;https://city2city.ru/kazan-paranga;межгород {city_from} {city_to};межгород Казань посёлок городского типа Параньга;0;;0;;0;;0
Казань;посёлок городского типа Параньга;https://city2city.ru/kazan-paranga;такси {city_from} {city_to} цена;такси Казань посёлок городского типа Параньга цена;0;;0;;0;;0
Казань;Пенза;https://city2city.ru/kazan-penza;такси {city_from} {city_to};такси Казань Пенза;11;такси казань пенза;11;;0;;0
Казань;Пенза;https://city2city.ru/kazan-penza;трансфер {city_from} {city_to};трансфер Казань Пенза;2;;0;;0;;0
Казань;Пенза;https://city2city.ru/kazan-penza;межгород {city_from} {city_to};межгород Казань Пенза;1;;0;;0;;0
Казань;Пенза;https://city2city.ru/kazan-penza;такси {city_from} {city_to} цена;такси Казань Пенза цена;0;;0;;0;;0
Международный аэропорт Казань;;https://city2city.ru/kazan-perm;такси {city_from} {city_to};такси Международный аэропорт Казань ;1;;0;;0;;0
Международный аэропорт Казань;;https://city2city.ru/kazan-perm;трансфер {city_from} {city_to};трансфер Международный аэропорт Казань ;0;;0;;0;;0
Международный аэропорт Казань;;https://city2city.ru/kazan-perm;межгород {city_from} {city_to};межгород Международный аэропорт Казань ;0;;0;;0;;0
Международный аэропорт Казань;;https://city2city.ru/kazan-perm;такси {city_from} {city_to} цена;такси Международный аэропорт Казань  цена;0;;0;;0;;0
Казань;Похвистнево;https://city2city.ru/kazan-poxvistnevo;такси {city_from} {city_to};такси Казань Похвистнево;1;;0;;0;;0
Казань;Похвистнево;https://city2city.ru/kazan-poxvistnevo;трансфер {city_from} {city_to};трансфер Казань Похвистнево;0;;0;;0;;0
Казань;Похвистнево;https://city2city.ru/kazan-poxvistnevo;межгород {city_from} {city_to};межгород Казань Похвистнево;0;;0;;0;;0
Казань;Похвистнево;https://city2city.ru/kazan-poxvistnevo;такси {city_from} {city_to} цена;такси Казань Похвистнево цена;0;;0;;0;;0
Казань;поселок городского типа Приютово;https://city2city.ru/kazan-priyutovo;такси {city_from} {city_to};такси Казань поселок городского типа Приютово;0;;0;;0;;0
Казань;поселок городского типа Приютово;https://city2city.ru/kazan-priyutovo;трансфер {city_from} {city_to};трансфер Казань поселок городского типа Приютово;0;;0;;0;;0
Казань;поселок городского типа Приютово;https://city2city.ru/kazan-priyutovo;межгород {city_from} {city_to};межгород Казань поселок городского типа Приютово;0;;0;;0;;0
Казань;поселок городского типа Приютово;https://city2city.ru/kazan-priyutovo;такси {city_from} {city_to} цена;такси Казань поселок городского типа Приютово цена;0;;0;;0;;0
Казань;Россошь;https://city2city.ru/kazan-rossosh;такси {city_from} {city_to};такси Казань Россошь;0;;0;;0;;0
Казань;Россошь;https://city2city.ru/kazan-rossosh;трансфер {city_from} {city_to};трансфер Казань Россошь;0;;0;;0;;0
Казань;Россошь;https://city2city.ru/kazan-rossosh;межгород {city_from} {city_to};межгород Казань Россошь;0;;0;;0;;0
Казань;Россошь;https://city2city.ru/kazan-rossosh;такси {city_from} {city_to} цена;такси Казань Россошь цена;0;;0;;0;;0
Казань;Ростов-на-Дону;https://city2city.ru/kazan-rostov-na-donu;такси {city_from} {city_to};такси Казань Ростов-на-Дону;9;такси ростов на дону казань;9;;0;;0
Казань;Ростов-на-Дону;https://city2city.ru/kazan-rostov-na-donu;трансфер {city_from} {city_to};трансфер Казань Ростов-на-Дону;0;;0;;0;;0
Казань;Ростов-на-Дону;https://city2city.ru/kazan-rostov-na-donu;межгород {city_from} {city_to};межгород Казань Ростов-на-Дону;0;;0;;0;;0
Казань;Ростов-на-Дону;https://city2city.ru/kazan-rostov-na-donu;такси {city_from} {city_to} цена;такси Казань Ростов-на-Дону цена;1;;0;;0;;0
Казань;посёлок городского типа Рыбная Слобода;https://city2city.ru/kazan-rybnaya-sloboda;такси {city_from} {city_to};такси Казань посёлок городского типа Рыбная Слобода;0;;0;;0;;0
Казань;посёлок городского типа Рыбная Слобода;https://city2city.ru/kazan-rybnaya-sloboda;трансфер {city_from} {city_to};трансфер Казань посёлок городского типа Рыбная Слобода;0;;0;;0;;0
Казань;посёлок городского типа Рыбная Слобода;https://city2city.ru/kazan-rybnaya-sloboda;межгород {city_from} {city_to};межгород Казань посёлок городского типа Рыбная Слобода;0;;0;;0;;0
Казань;посёлок городского типа Рыбная Слобода;https://city2city.ru/kazan-rybnaya-sloboda;такси {city_from} {city_to} цена;такси Казань посёлок городского типа Рыбная Слобода цена;0;;0;;0;;0
Казань;Салават;https://city2city.ru/kazan-salavat;такси {city_from} {city_to};такси Казань Салават;19;такси салават казань;19;;0;;0
Казань;Салават;https://city2city.ru/kazan-salavat;трансфер {city_from} {city_to};трансфер Казань Салават;0;;0;;0;;0
Казань;Салават;https://city2city.ru/kazan-salavat;межгород {city_from} {city_to};межгород Казань Салават;0;;0;;0;;0
Казань;Салават;https://city2city.ru/kazan-salavat;такси {city_from} {city_to} цена;такси Казань Салават цена;3;;0;;0;;0
Международный аэропорт Казань;;https://city2city.ru/kazan-samara;такси {city_from} {city_to};такси Международный аэропорт Казань ;1;;0;;0;;0
Международный аэропорт Казань;;https://city2city.ru/kazan-samara;трансфер {city_from} {city_to};трансфер Международный аэропорт Казань ;0;;0;;0;;0
Международный аэропорт Казань;;https://city2city.ru/kazan-samara;межгород {city_from} {city_to};межгород Международный аэропорт Казань ;0;;0;;0;;0
Международный аэропорт Казань;;https://city2city.ru/kazan-samara;такси {city_from} {city_to} цена;такси Международный аэропорт Казань  цена;0;;0;;0;;0
Казань;Санкт-Петербург;https://city2city.ru/kazan-sankt-peterburg;такси {city_from} {city_to};такси Казань Санкт-Петербург;4;;0;;0;;0
Казань;Санкт-Петербург;https://city2city.ru/kazan-sankt-peterburg;трансфер {city_from} {city_to};трансфер Казань Санкт-Петербург;2;;0;;0;;0
Казань;Санкт-Петербург;https://city2city.ru/kazan-sankt-peterburg;межгород {city_from} {city_to};межгород Казань Санкт-Петербург;2;;0;;0;;0
Казань;Санкт-Петербург;https://city2city.ru/kazan-sankt-peterburg;такси {city_from} {city_to} цена;такси Казань Санкт-Петербург цена;0;;0;;0;;0
Международный аэропорт Казань;;https://city2city.ru/kazan-saransk;такси {city_from} {city_to};такси Международный аэропорт Казань ;1;;0;;0;;0
Международный аэропорт Казань;;https://city2city.ru/kazan-saransk;трансфер {city_from} {city_to};трансфер Международный аэропорт Казань ;0;;0;;0;;0
Международный аэропорт Казань;;https://city2city.ru/kazan-saransk;межгород {city_from} {city_to};межгород Международный аэропорт Казань ;0;;0;;0;;0
Международный аэропорт Казань;;https://city2city.ru/kazan-saransk;такси {city_from} {city_to} цена;такси Международный аэропорт Казань  цена;0;;0;;0;;0
Казань;Сарапул;https://city2city.ru/kazan-sarapul;такси {city_from} {city_to};такси Казань Сарапул;0;;0;;0;;0
Казань;Сарапул;https://city2city.ru/kazan-sarapul;трансфер {city_from} {city_to};трансфер Казань Сарапул;8;;0;;0;;0
Казань;Сарапул;https://city2city.ru/kazan-sarapul;межгород {city_from} {city_to};межгород Казань Сарапул;0;;0;;0;;0
Казань;Сарапул;https://city2city.ru/kazan-sarapul;такси {city_from} {city_to} цена;такси Казань Сарапул цена;0;;0;;0;;0
Казань;Саратов;https://city2city.ru/kazan-saratov;такси {city_from} {city_to};такси Казань Саратов;31;такси саратов казань;31;;0;;0
Казань;Саратов;https://city2city.ru/kazan-saratov;трансфер {city_from} {city_to};трансфер Казань Саратов;4;;0;;0;;0
Казань;Саратов;https://city2city.ru/kazan-saratov;межгород {city_from} {city_to};межгород Казань Саратов;3;;0;;0;;0
Казань;Саратов;https://city2city.ru/kazan-saratov;такси {city_from} {city_to} цена;такси Казань Саратов цена;4;;0;;0;;0
Казань;Сергач;https://city2city.ru/kazan-sergach;такси {city_from} {city_to};такси Казань Сергач;1;;0;;0;;0
Казань;Сергач;https://city2city.ru/kazan-sergach;трансфер {city_from} {city_to};трансфер Казань Сергач;0;;0;;0;;0
Казань;Сергач;https://city2city.ru/kazan-sergach;межгород {city_from} {city_to};межгород Казань Сергач;0;;0;;0;;0
Казань;Сергач;https://city2city.ru/kazan-sergach;такси {city_from} {city_to} цена;такси Казань Сергач цена;0;;0;;0;;0
Казань;посёлок городского типа Сернур;https://city2city.ru/kazan-sernur;такси {city_from} {city_to};такси Казань посёлок городского типа Сернур;0;;0;;0;;0
Казань;посёлок городского типа Сернур;https://city2city.ru/kazan-sernur;трансфер {city_from} {city_to};трансфер Казань посёлок городского типа Сернур;0;;0;;0;;0
Казань;посёлок городского типа Сернур;https://city2city.ru/kazan-sernur;межгород {city_from} {city_to};межгород Казань посёлок городского типа Сернур;0;;0;;0;;0
Казань;посёлок городского типа Сернур;https://city2city.ru/kazan-sernur;такси {city_from} {city_to} цена;такси Казань посёлок городского типа Сернур цена;0;;0;;0;;0
Казань;Севастополь;https://city2city.ru/kazan-sevastopol;такси {city_from} {city_to};такси Казань Севастополь;1;;0;;0;;0
Казань;Севастополь;https://city2city.ru/kazan-sevastopol;трансфер {city_from} {city_to};трансфер Казань Севастополь;0;;0;;0;;0
Казань;Севастополь;https://city2city.ru/kazan-sevastopol;межгород {city_from} {city_to};межгород Казань Севастополь;0;;0;;0;;0
Казань;Севастополь;https://city2city.ru/kazan-sevastopol;такси {city_from} {city_to} цена;такси Казань Севастополь цена;0;;0;;0;;0
Казань;посёлок городского типа Шаранга;https://city2city.ru/kazan-sharanga;такси {city_from} {city_to};такси Казань посёлок городского типа Шаранга;0;;0;;0;;0
Казань;посёлок городского типа Шаранга;https://city2city.ru/kazan-sharanga;трансфер {city_from} {city_to};трансфер Казань посёлок городского типа Шаранга;0;;0;;0;;0
Казань;посёлок городского типа Шаранга;https://city2city.ru/kazan-sharanga;межгород {city_from} {city_to};межгород Казань посёлок городского типа Шаранга;0;;0;;0;;0
Казань;посёлок городского типа Шаранга;https://city2city.ru/kazan-sharanga;такси {city_from} {city_to} цена;такси Казань посёлок городского типа Шаранга цена;0;;0;;0;;0
Казань;Сибай;https://city2city.ru/kazan-sibaj;такси {city_from} {city_to};такси Казань Сибай;32;сибай казань такси;32;;0;;0
Казань;Сибай;https://city2city.ru/kazan-sibaj;трансфер {city_from} {city_to};трансфер Казань Сибай;0;;0;;0;;0
Казань;Сибай;https://city2city.ru/kazan-sibaj;межгород {city_from} {city_to};межгород Казань Сибай;0;;0;;0;;0
Казань;Сибай;https://city2city.ru/kazan-sibaj;такси {city_from} {city_to} цена;такси Казань Сибай цена;3;;0;;0;;0
Казань;Сим;https://city2city.ru/kazan-sim;такси {city_from} {city_to};такси Казань Сим;8;;0;;0;;0
Казань;Сим;https://city2city.ru/kazan-sim;трансфер {city_from} {city_to};трансфер Казань Сим;0;;0;;0;;0
Казань;Сим;https://city2city.ru/kazan-sim;межгород {city_from} {city_to};межгород Казань Сим;0;;0;;0;;0
Казань;Сим;https://city2city.ru/kazan-sim;такси {city_from} {city_to} цена;такси Казань Сим цена;0;;0;;0;;0
Казань;Симферополь;https://city2city.ru/kazan-simferopol;такси {city_from} {city_to};такси Казань Симферополь;1;;0;;0;;0
Казань;Симферополь;https://city2city.ru/kazan-simferopol;трансфер {city_from} {city_to};трансфер Казань Симферополь;0;;0;;0;;0
Казань;Симферополь;https://city2city.ru/kazan-simferopol;межгород {city_from} {city_to};межгород Казань Симферополь;0;;0;;0;;0
Казань;Симферополь;https://city2city.ru/kazan-simferopol;такси {city_from} {city_to} цена;такси Казань Симферополь цена;0;;0;;0;;0
Казань;Сочи;https://city2city.ru/kazan-sochi;такси {city_from} {city_to};такси Казань Сочи;4;;0;;0;;0
Казань;Сочи;https://city2city.ru/kazan-sochi;трансфер {city_from} {city_to};трансфер Казань Сочи;8;;0;;0;;0
Казань;Сочи;https://city2city.ru/kazan-sochi;межгород {city_from} {city_to};межгород Казань Сочи;2;;0;;0;;0
Казань;Сочи;https://city2city.ru/kazan-sochi;такси {city_from} {city_to} цена;такси Казань Сочи цена;1;;0;;0;;0
Казань;Соль-Илецк;https://city2city.ru/kazan-sol-ileczk;такси {city_from} {city_to};такси Казань Соль-Илецк;0;;0;;0;;0
Казань;Соль-Илецк;https://city2city.ru/kazan-sol-ileczk;трансфер {city_from} {city_to};трансфер Казань Соль-Илецк;0;;0;;0;;0
Казань;Соль-Илецк;https://city2city.ru/kazan-sol-ileczk;межгород {city_from} {city_to};межгород Казань Соль-Илецк;0;;0;;0;;0
Казань;Соль-Илецк;https://city2city.ru/kazan-sol-ileczk;такси {city_from} {city_to} цена;такси Казань Соль-Илецк цена;0;;0;;0;;0
Казань;Сорочинск;https://city2city.ru/kazan-sorochinsk;такси {city_from} {city_to};такси Казань Сорочинск;4;;0;;0;;0
Казань;Сорочинск;https://city2city.ru/kazan-sorochinsk;трансфер {city_from} {city_to};трансфер Казань Сорочинск;0;;0;;0;;0
Казань;Сорочинск;https://city2city.ru/kazan-sorochinsk;межгород {city_from} {city_to};межгород Казань Сорочинск;0;;0;;0;;0
Казань;Сорочинск;https://city2city.ru/kazan-sorochinsk;такси {city_from} {city_to} цена;такси Казань Сорочинск цена;1;;0;;0;;0
Казань;Сосновка;https://city2city.ru/kazan-sosnovka;такси {city_from} {city_to};такси Казань Сосновка;3;;0;;0;;0
Казань;Сосновка;https://city2city.ru/kazan-sosnovka;трансфер {city_from} {city_to};трансфер Казань Сосновка;0;;0;;0;;0
Казань;Сосновка;https://city2city.ru/kazan-sosnovka;межгород {city_from} {city_to};межгород Казань Сосновка;0;;0;;0;;0
Казань;Сосновка;https://city2city.ru/kazan-sosnovka;такси {city_from} {city_to} цена;такси Казань Сосновка цена;0;;0;;0;;0
Казань;посёлок городского типа Сосновый Бор;https://city2city.ru/kazan-sosnovyj-bor;такси {city_from} {city_to};такси Казань посёлок городского типа Сосновый Бор;0;;0;;0;;0
Казань;посёлок городского типа Сосновый Бор;https://city2city.ru/kazan-sosnovyj-bor;трансфер {city_from} {city_to};трансфер Казань посёлок городского типа Сосновый Бор;0;;0;;0;;0
Казань;посёлок городского типа Сосновый Бор;https://city2city.ru/kazan-sosnovyj-bor;межгород {city_from} {city_to};межгород Казань посёлок городского типа Сосновый Бор;0;;0;;0;;0
Казань;посёлок городского типа Сосновый Бор;https://city2city.ru/kazan-sosnovyj-bor;такси {city_from} {city_to} цена;такси Казань посёлок городского типа Сосновый Бор цена;0;;0;;0;;0
Казань;посёлок городского типа Старая Кулатка;https://city2city.ru/kazan-staraya-kulatka;такси {city_from} {city_to};такси Казань посёлок городского типа Старая Кулатка;0;;0;;0;;0
Казань;посёлок городского типа Старая Кулатка;https://city2city.ru/kazan-staraya-kulatka;трансфер {city_from} {city_to};трансфер Казань посёлок городского типа Старая Кулатка;0;;0;;0;;0
Казань;посёлок городского типа Старая Кулатка;https://city2city.ru/kazan-staraya-kulatka;межгород {city_from} {city_to};межгород Казань посёлок городского типа Старая Кулатка;0;;0;;0;;0
Казань;посёлок городского типа Старая Кулатка;https://city2city.ru/kazan-staraya-kulatka;такси {city_from} {city_to} цена;такси Казань посёлок городского типа Старая Кулатка цена;0;;0;;0;;0
Казань;Стерлитамак;https://city2city.ru/kazan-sterlitamak;такси {city_from} {city_to};такси Казань Стерлитамак;14;такси стерлитамак казань;14;;0;;0
Казань;Стерлитамак;https://city2city.ru/kazan-sterlitamak;трансфер {city_from} {city_to};трансфер Казань Стерлитамак;1;;0;;0;;0
Казань;Стерлитамак;https://city2city.ru/kazan-sterlitamak;межгород {city_from} {city_to};межгород Казань Стерлитамак;1;;0;;0;;0
Казань;Стерлитамак;https://city2city.ru/kazan-sterlitamak;такси {city_from} {city_to} цена;такси Казань Стерлитамак цена;1;;0;;0;;0
Казань;Сургут;https://city2city.ru/kazan-surgut;такси {city_from} {city_to};такси Казань Сургут;8;;0;;0;;0
Казань;Сургут;https://city2city.ru/kazan-surgut;трансфер {city_from} {city_to};трансфер Казань Сургут;0;;0;;0;;0
Казань;Сургут;https://city2city.ru/kazan-surgut;межгород {city_from} {city_to};межгород Казань Сургут;0;;0;;0;;0
Казань;Сургут;https://city2city.ru/kazan-surgut;такси {city_from} {city_to} цена;такси Казань Сургут цена;0;;0;;0;;0
Казань;городское поселение Суслонгер;https://city2city.ru/kazan-suslonger;такси {city_from} {city_to};такси Казань городское поселение Суслонгер;0;;0;;0;;0
Казань;городское поселение Суслонгер;https://city2city.ru/kazan-suslonger;трансфер {city_from} {city_to};трансфер Казань городское поселение Суслонгер;0;;0;;0;;0
Казань;городское поселение Суслонгер;https://city2city.ru/kazan-suslonger;межгород {city_from} {city_to};межгород Казань городское поселение Суслонгер;0;;0;;0;;0
Казань;городское поселение Суслонгер;https://city2city.ru/kazan-suslonger;такси {city_from} {city_to} цена;такси Казань городское поселение Суслонгер цена;0;;0;;0;;0
Казань;Сыктывкар;https://city2city.ru/kazan-syktyvkar;такси {city_from} {city_to};такси Казань Сыктывкар;5;сыктывкар казань такси;5;;0;;0
Казань;Сыктывкар;https://city2city.ru/kazan-syktyvkar;трансфер {city_from} {city_to};трансфер Казань Сыктывкар;1;;0;;0;;0
Казань;Сыктывкар;https://city2city.ru/kazan-syktyvkar;межгород {city_from} {city_to};межгород Казань Сыктывкар;0;;0;;0;;0
Казань;Сыктывкар;https://city2city.ru/kazan-syktyvkar;такси {city_from} {city_to} цена;такси Казань Сыктывкар цена;3;;0;;0;;0
Казань;Сызрань;https://city2city.ru/kazan-syzran;такси {city_from} {city_to};такси Казань Сызрань;6;казань сызрань такси;6;;0;;0
Казань;Сызрань;https://city2city.ru/kazan-syzran;трансфер {city_from} {city_to};трансфер Казань Сызрань;1;;0;;0;;0
Казань;Сызрань;https://city2city.ru/kazan-syzran;межгород {city_from} {city_to};межгород Казань Сызрань;0;;0;;0;;0
Казань;Сызрань;https://city2city.ru/kazan-syzran;такси {city_from} {city_to} цена;такси Казань Сызрань цена;0;;0;;0;;0
Казань;Тамбов;https://city2city.ru/kazan-tambov;такси {city_from} {city_to};такси Казань Тамбов;6;;0;;0;;0
Казань;Тамбов;https://city2city.ru/kazan-tambov;трансфер {city_from} {city_to};трансфер Казань Тамбов;0;;0;;0;;0
Казань;Тамбов;https://city2city.ru/kazan-tambov;межгород {city_from} {city_to};межгород Казань Тамбов;0;;0;;0;;0
Казань;Тамбов;https://city2city.ru/kazan-tambov;такси {city_from} {city_to} цена;такси Казань Тамбов цена;3;;0;;0;;0
Казань;Тетюши;https://city2city.ru/kazan-tetyushi;такси {city_from} {city_to};такси Казань Тетюши;5;казань тетюши такси;5;;0;;0
Казань;Тетюши;https://city2city.ru/kazan-tetyushi;трансфер {city_from} {city_to};трансфер Казань Тетюши;0;;0;;0;;0
Казань;Тетюши;https://city2city.ru/kazan-tetyushi;межгород {city_from} {city_to};межгород Казань Тетюши;0;;0;;0;;0
Казань;Тетюши;https://city2city.ru/kazan-tetyushi;такси {city_from} {city_to} цена;такси Казань Тетюши цена;2;;0;;0;;0
Казань;Тольятти;https://city2city.ru/kazan-tolyatti;такси {city_from} {city_to};такси Казань Тольятти;43;такси тольятти казань;43;такси казань тольятти цена;11;;0
Казань;Тольятти;https://city2city.ru/kazan-tolyatti;трансфер {city_from} {city_to};трансфер Казань Тольятти;8;трансфер казань тольятти;8;;0;;0
Казань;Тольятти;https://city2city.ru/kazan-tolyatti;межгород {city_from} {city_to};межгород Казань Тольятти;3;;0;;0;;0
Казань;Тольятти;https://city2city.ru/kazan-tolyatti;такси {city_from} {city_to} цена;такси Казань Тольятти цена;11;такси казань тольятти цена;11;;0;;0
Казань;Туймазы;https://city2city.ru/kazan-tujmazy;такси {city_from} {city_to};такси Казань Туймазы;93;туймазы казань такси;93;такси межгород казань туймазы;18;;0
Казань;Туймазы;https://city2city.ru/kazan-tujmazy;трансфер {city_from} {city_to};трансфер Казань Туймазы;1;;0;;0;;0
Казань;Туймазы;https://city2city.ru/kazan-tujmazy;межгород {city_from} {city_to};межгород Казань Туймазы;23;межгород казань туймазы;23;такси межгород казань туймазы;18;;0
Казань;Туймазы;https://city2city.ru/kazan-tujmazy;такси {city_from} {city_to} цена;такси Казань Туймазы цена;3;;0;;0;;0
Казань;село Учалы;https://city2city.ru/kazan-uchaly;такси {city_from} {city_to};такси Казань село Учалы;0;;0;;0;;0
Казань;село Учалы;https://city2city.ru/kazan-uchaly;трансфер {city_from} {city_to};трансфер Казань село Учалы;0;;0;;0;;0
Казань;село Учалы;https://city2city.ru/kazan-uchaly;межгород {city_from} {city_to};межгород Казань село Учалы;0;;0;;0;;0
Казань;село Учалы;https://city2city.ru/kazan-uchaly;такси {city_from} {city_to} цена;такси Казань село Учалы цена;0;;0;;0;;0
Международный аэропорт Казань;;https://city2city.ru/kazan-ufa;такси {city_from} {city_to};такси Международный аэропорт Казань ;1;;0;;0;;0
Международный аэропорт Казань;;https://city2city.ru/kazan-ufa;трансфер {city_from} {city_to};трансфер Международный аэропорт Казань ;0;;0;;0;;0
Международный аэропорт Казань;;https://city2city.ru/kazan-ufa;межгород {city_from} {city_to};межгород Международный аэропорт Казань ;0;;0;;0;;0
Международный аэропорт Казань;;https://city2city.ru/kazan-ufa;такси {city_from} {city_to} цена;такси Международный аэропорт Казань  цена;0;;0;;0;;0
Международный аэропорт Казань;;https://city2city.ru/kazan-ulyanovsk;такси {city_from} {city_to};такси Международный аэропорт Казань ;1;;0;;0;;0
Международный аэропорт Казань;;https://city2city.ru/kazan-ulyanovsk;трансфер {city_from} {city_to};трансфер Международный аэропорт Казань ;0;;0;;0;;0
Международный аэропорт Казань;;https://city2city.ru/kazan-ulyanovsk;межгород {city_from} {city_to};межгород Международный аэропорт Казань ;0;;0;;0;;0
Международный аэропорт Казань;;https://city2city.ru/kazan-ulyanovsk;такси {city_from} {city_to} цена;такси Международный аэропорт Казань  цена;0;;0;;0;;0
Казань;поселок городского типа Уруссу;https://city2city.ru/kazan-urussu;такси {city_from} {city_to};такси Казань поселок городского типа Уруссу;0;;0;;0;;0
Казань;поселок городского типа Уруссу;https://city2city.ru/kazan-urussu;трансфер {city_from} {city_to};трансфер Казань поселок городского типа Уруссу;0;;0;;0;;0
Казань;поселок городского типа Уруссу;https://city2city.ru/kazan-urussu;межгород {city_from} {city_to};межгород Казань поселок городского типа Уруссу;0;;0;;0;;0
Казань;поселок городского типа Уруссу;https://city2city.ru/kazan-urussu;такси {city_from} {city_to} цена;такси Казань поселок городского типа Уруссу цена;0;;0;;0;;0
Казань;Уржум;https://city2city.ru/kazan-urzhum;такси {city_from} {city_to};такси Казань Уржум;9;;0;;0;;0
Казань;Уржум;https://city2city.ru/kazan-urzhum;трансфер {city_from} {city_to};трансфер Казань Уржум;0;;0;;0;;0
Казань;Уржум;https://city2city.ru/kazan-urzhum;межгород {city_from} {city_to};межгород Казань Уржум;0;;0;;0;;0
Казань;Уржум;https://city2city.ru/kazan-urzhum;такси {city_from} {city_to} цена;такси Казань Уржум цена;3;;0;;0;;0
Казань;посёлок городского типа Васильево;https://city2city.ru/kazan-vasilevo;такси {city_from} {city_to};такси Казань посёлок городского типа Васильево;0;;0;;0;;0
Казань;посёлок городского типа Васильево;https://city2city.ru/kazan-vasilevo;трансфер {city_from} {city_to};трансфер Казань посёлок городского типа Васильево;0;;0;;0;;0
Казань;посёлок городского типа Васильево;https://city2city.ru/kazan-vasilevo;межгород {city_from} {city_to};межгород Казань посёлок городского типа Васильево;0;;0;;0;;0
Казань;посёлок городского типа Васильево;https://city2city.ru/kazan-vasilevo;такси {city_from} {city_to} цена;такси Казань посёлок городского типа Васильево цена;0;;0;;0;;0
Казань;Владимир;https://city2city.ru/kazan-vladimir;такси {city_from} {city_to};такси Казань Владимир;11;;0;;0;;0
Казань;Владимир;https://city2city.ru/kazan-vladimir;трансфер {city_from} {city_to};трансфер Казань Владимир;1;;0;;0;;0
Казань;Владимир;https://city2city.ru/kazan-vladimir;межгород {city_from} {city_to};межгород Казань Владимир;0;;0;;0;;0
Казань;Владимир;https://city2city.ru/kazan-vladimir;такси {city_from} {city_to} цена;такси Казань Владимир цена;2;;0;;0;;0
Казань;Волгоград;https://city2city.ru/kazan-volgograd;такси {city_from} {city_to};такси Казань Волгоград;22;казань волгоград такси;22;;0;;0
Казань;Волгоград;https://city2city.ru/kazan-volgograd;трансфер {city_from} {city_to};трансфер Казань Волгоград;0;;0;;0;;0
Казань;Волгоград;https://city2city.ru/kazan-volgograd;межгород {city_from} {city_to};межгород Казань Волгоград;0;;0;;0;;0
Казань;Волгоград;https://city2city.ru/kazan-volgograd;такси {city_from} {city_to} цена;такси Казань Волгоград цена;6;;0;;0;;0
Казань;Вологда;https://city2city.ru/kazan-vologda;такси {city_from} {city_to};такси Казань Вологда;2;;0;;0;;0
Казань;Вологда;https://city2city.ru/kazan-vologda;трансфер {city_from} {city_to};трансфер Казань Вологда;0;;0;;0;;0
Казань;Вологда;https://city2city.ru/kazan-vologda;межгород {city_from} {city_to};межгород Казань Вологда;0;;0;;0;;0
Казань;Вологда;https://city2city.ru/kazan-vologda;такси {city_from} {city_to} цена;такси Казань Вологда цена;0;;0;;0;;0
Казань;Волжск;https://city2city.ru/kazan-volzhsk;такси {city_from} {city_to};такси Казань Волжск;41;такси казань волжск;41;такси мост казань волжск;10;;0
Казань;Волжск;https://city2city.ru/kazan-volzhsk;трансфер {city_from} {city_to};трансфер Казань Волжск;0;;0;;0;;0
Казань;Волжск;https://city2city.ru/kazan-volzhsk;межгород {city_from} {city_to};межгород Казань Волжск;3;;0;;0;;0
Казань;Волжск;https://city2city.ru/kazan-volzhsk;такси {city_from} {city_to} цена;такси Казань Волжск цена;3;;0;;0;;0
Казань;Воронеж;https://city2city.ru/kazan-voronezh;такси {city_from} {city_to};такси Казань Воронеж;4;;0;;0;;0
Казань;Воронеж;https://city2city.ru/kazan-voronezh;трансфер {city_from} {city_to};трансфер Казань Воронеж;1;;0;;0;;0
Казань;Воронеж;https://city2city.ru/kazan-voronezh;межгород {city_from} {city_to};межгород Казань Воронеж;0;;0;;0;;0
Казань;Воронеж;https://city2city.ru/kazan-voronezh;такси {city_from} {city_to} цена;такси Казань Воронеж цена;1;;0;;0;;0
Казань;Вятские Поляны;https://city2city.ru/kazan-vyatskie-polyany;такси {city_from} {city_to};такси Казань Вятские Поляны;34;такси вятские поляны казань;34;;0;;0
Казань;Вятские Поляны;https://city2city.ru/kazan-vyatskie-polyany;трансфер {city_from} {city_to};трансфер Казань Вятские Поляны;1;;0;;0;;0
Казань;Вятские Поляны;https://city2city.ru/kazan-vyatskie-polyany;межгород {city_from} {city_to};межгород Казань Вятские Поляны;2;;0;;0;;0
Казань;Вятские Поляны;https://city2city.ru/kazan-vyatskie-polyany;такси {city_from} {city_to} цена;такси Казань Вятские Поляны цена;1;;0;;0;;0
Казань;Янаул;https://city2city.ru/kazan-yanaul;такси {city_from} {city_to};такси Казань Янаул;0;;0;;0;;0
Казань;Янаул;https://city2city.ru/kazan-yanaul;трансфер {city_from} {city_to};трансфер Казань Янаул;0;;0;;0;;0
Казань;Янаул;https://city2city.ru/kazan-yanaul;межгород {city_from} {city_to};межгород Казань Янаул;0;;0;;0;;0
Казань;Янаул;https://city2city.ru/kazan-yanaul;такси {city_from} {city_to} цена;такси Казань Янаул цена;0;;0;;0;;0
Казань;Яранск;https://city2city.ru/kazan-yaransk;такси {city_from} {city_to};такси Казань Яранск;0;;0;;0;;0
Казань;Яранск;https://city2city.ru/kazan-yaransk;трансфер {city_from} {city_to};трансфер Казань Яранск;0;;0;;0;;0
Казань;Яранск;https://city2city.ru/kazan-yaransk;межгород {city_from} {city_to};межгород Казань Яранск;0;;0;;0;;0
Казань;Яранск;https://city2city.ru/kazan-yaransk;такси {city_from} {city_to} цена;такси Казань Яранск цена;0;;0;;0;;0
Международный аэропорт Казань;;https://city2city.ru/kazan-yoskar_ola;такси {city_from} {city_to};такси Международный аэропорт Казань ;1;;0;;0;;0
Международный аэропорт Казань;;https://city2city.ru/kazan-yoskar_ola;трансфер {city_from} {city_to};трансфер Международный аэропорт Казань ;0;;0;;0;;0
Международный аэропорт Казань;;https://city2city.ru/kazan-yoskar_ola;межгород {city_from} {city_to};межгород Международный аэропорт Казань ;0;;0;;0;;0
Международный аэропорт Казань;;https://city2city.ru/kazan-yoskar_ola;такси {city_from} {city_to} цена;такси Международный аэропорт Казань  цена;0;;0;;0;;0
Казань;Заинск;https://city2city.ru/kazan-zainsk;такси {city_from} {city_to};такси Казань Заинск;23;такси казань заинск;23;;0;;0
Казань;Заинск;https://city2city.ru/kazan-zainsk;трансфер {city_from} {city_to};трансфер Казань Заинск;1;;0;;0;;0
Казань;Заинск;https://city2city.ru/kazan-zainsk;межгород {city_from} {city_to};межгород Казань Заинск;0;;0;;0;;0
Казань;Заинск;https://city2city.ru/kazan-zainsk;такси {city_from} {city_to} цена;такси Казань Заинск цена;1;;0;;0;;0
Казань;Зеленодольск;https://city2city.ru/kazan-zelenodolsk;такси {city_from} {city_to};такси Казань Зеленодольск;158;такси зеленодольск казань;158;такси зеленодольск казань цена;30;сколько стоит такси зеленодольск казань;28
Казань;Зеленодольск;https://city2city.ru/kazan-zelenodolsk;трансфер {city_from} {city_to};трансфер Казань Зеленодольск;4;;0;;0;;0
Казань;Зеленодольск;https://city2city.ru/kazan-zelenodolsk;межгород {city_from} {city_to};межгород Казань Зеленодольск;9;межгород зеленодольск казань;9;;0;;0
Казань;Зеленодольск;https://city2city.ru/kazan-zelenodolsk;такси {city_from} {city_to} цена;такси Казань Зеленодольск цена;30;такси зеленодольск казань цена;30;;0;;0
Казань;Жигулёвск;https://city2city.ru/kazan-zhigulyovsk;такси {city_from} {city_to};такси Казань Жигулёвск;1;;0;;0;;0
Казань;Жигулёвск;https://city2city.ru/kazan-zhigulyovsk;трансфер {city_from} {city_to};трансфер Казань Жигулёвск;0;;0;;0;;0
Казань;Жигулёвск;https://city2city.ru/kazan-zhigulyovsk;межгород {city_from} {city_to};межгород Казань Жигулёвск;0;;0;;0;;0
Казань;Жигулёвск;https://city2city.ru/kazan-zhigulyovsk;такси {city_from} {city_to} цена;такси Казань Жигулёвск цена;0;;0;;0;;0
Казань;Звенигово;https://city2city.ru/kazan-zvenigovo;такси {city_from} {city_to};такси Казань Звенигово;10;;0;;0;;0
Казань;Звенигово;https://city2city.ru/kazan-zvenigovo;трансфер {city_from} {city_to};трансфер Казань Звенигово;0;;0;;0;;0
Казань;Звенигово;https://city2city.ru/kazan-zvenigovo;межгород {city_from} {city_to};межгород Казань Звенигово;0;;0;;0;;0
Казань;Звенигово;https://city2city.ru/kazan-zvenigovo;такси {city_from} {city_to} цена;такси Казань Звенигово цена;4;;0;;0;;0
Кемерово;Абакан;https://city2city.ru/kemerovo-abakan;такси {city_from} {city_to};такси Кемерово Абакан;3;;0;;0;;0
Кемерово;Абакан;https://city2city.ru/kemerovo-abakan;трансфер {city_from} {city_to};трансфер Кемерово Абакан;0;;0;;0;;0
Кемерово;Абакан;https://city2city.ru/kemerovo-abakan;межгород {city_from} {city_to};межгород Кемерово Абакан;1;;0;;0;;0
Кемерово;Абакан;https://city2city.ru/kemerovo-abakan;такси {city_from} {city_to} цена;такси Кемерово Абакан цена;1;;0;;0;;0
Кемерово;Новосибирск (Толмачёво) терминал Б;https://city2city.ru/kemerovo-aeroport-tolmachevo-novosibirsk;такси {city_from} {city_to};такси Кемерово Новосибирск (Толмачёво) терминал Б;0;;0;;0;;0
Кемерово;Новосибирск (Толмачёво) терминал Б;https://city2city.ru/kemerovo-aeroport-tolmachevo-novosibirsk;трансфер {city_from} {city_to};трансфер Кемерово Новосибирск (Толмачёво) терминал Б;0;;0;;0;;0
Кемерово;Новосибирск (Толмачёво) терминал Б;https://city2city.ru/kemerovo-aeroport-tolmachevo-novosibirsk;межгород {city_from} {city_to};межгород Кемерово Новосибирск (Толмачёво) терминал Б;0;;0;;0;;0
Кемерово;Новосибирск (Толмачёво) терминал Б;https://city2city.ru/kemerovo-aeroport-tolmachevo-novosibirsk;такси {city_from} {city_to} цена;такси Кемерово Новосибирск (Толмачёво) терминал Б цена;0;;0;;0;;0
Кемерово;Анжеро-Судженск;https://city2city.ru/kemerovo-anzhero-sudzhensk;такси {city_from} {city_to};такси Кемерово Анжеро-Судженск;29;такси кемерово анжеро судженск;29;;0;;0
Кемерово;Анжеро-Судженск;https://city2city.ru/kemerovo-anzhero-sudzhensk;трансфер {city_from} {city_to};трансфер Кемерово Анжеро-Судженск;0;;0;;0;;0
Кемерово;Анжеро-Судженск;https://city2city.ru/kemerovo-anzhero-sudzhensk;межгород {city_from} {city_to};межгород Кемерово Анжеро-Судженск;9;;0;;0;;0
Кемерово;Анжеро-Судженск;https://city2city.ru/kemerovo-anzhero-sudzhensk;такси {city_from} {city_to} цена;такси Кемерово Анжеро-Судженск цена;7;;0;;0;;0
Кемерово;Барнаул;https://city2city.ru/kemerovo-barnaul;такси {city_from} {city_to};такси Кемерово Барнаул;19;такси кемерово барнаул;19;;0;;0
Кемерово;Барнаул;https://city2city.ru/kemerovo-barnaul;трансфер {city_from} {city_to};трансфер Кемерово Барнаул;5;;0;;0;;0
Кемерово;Барнаул;https://city2city.ru/kemerovo-barnaul;межгород {city_from} {city_to};межгород Кемерово Барнаул;0;;0;;0;;0
Кемерово;Барнаул;https://city2city.ru/kemerovo-barnaul;такси {city_from} {city_to} цена;такси Кемерово Барнаул цена;0;;0;;0;;0
Кемерово;Белокуриха;https://city2city.ru/kemerovo-belokuriha;такси {city_from} {city_to};такси Кемерово Белокуриха;6;;0;;0;;0
Кемерово;Белокуриха;https://city2city.ru/kemerovo-belokuriha;трансфер {city_from} {city_to};трансфер Кемерово Белокуриха;0;;0;;0;;0
Кемерово;Белокуриха;https://city2city.ru/kemerovo-belokuriha;межгород {city_from} {city_to};межгород Кемерово Белокуриха;0;;0;;0;;0
Кемерово;Белокуриха;https://city2city.ru/kemerovo-belokuriha;такси {city_from} {city_to} цена;такси Кемерово Белокуриха цена;1;;0;;0;;0
Кемерово;Белово;https://city2city.ru/kemerovo-belovo;такси {city_from} {city_to};такси Кемерово Белово;69;такси кемерово белово;69;дешевые такси с кемерово до белово;11;;0
Кемерово;Белово;https://city2city.ru/kemerovo-belovo;трансфер {city_from} {city_to};трансфер Кемерово Белово;3;;0;;0;;0
Кемерово;Белово;https://city2city.ru/kemerovo-belovo;межгород {city_from} {city_to};межгород Кемерово Белово;6;;0;;0;;0
Кемерово;Белово;https://city2city.ru/kemerovo-belovo;такси {city_from} {city_to} цена;такси Кемерово Белово цена;11;;0;;0;;0
Кемерово;Бердск;https://city2city.ru/kemerovo-berdsk;такси {city_from} {city_to};такси Кемерово Бердск;0;;0;;0;;0
Кемерово;Бердск;https://city2city.ru/kemerovo-berdsk;трансфер {city_from} {city_to};трансфер Кемерово Бердск;0;;0;;0;;0
Кемерово;Бердск;https://city2city.ru/kemerovo-berdsk;межгород {city_from} {city_to};межгород Кемерово Бердск;0;;0;;0;;0
Кемерово;Бердск;https://city2city.ru/kemerovo-berdsk;такси {city_from} {city_to} цена;такси Кемерово Бердск цена;0;;0;;0;;0
Кемерово;Берёзовский;https://city2city.ru/kemerovo-beryozovskiy;такси {city_from} {city_to};такси Кемерово Берёзовский;24;такси березовский кемерово;24;;0;;0
Кемерово;Берёзовский;https://city2city.ru/kemerovo-beryozovskiy;трансфер {city_from} {city_to};трансфер Кемерово Берёзовский;0;;0;;0;;0
Кемерово;Берёзовский;https://city2city.ru/kemerovo-beryozovskiy;межгород {city_from} {city_to};межгород Кемерово Берёзовский;2;;0;;0;;0
Кемерово;Берёзовский;https://city2city.ru/kemerovo-beryozovskiy;такси {city_from} {city_to} цена;такси Кемерово Берёзовский цена;5;;0;;0;;0
Кемерово;Бийск;https://city2city.ru/kemerovo-biysk;такси {city_from} {city_to};такси Кемерово Бийск;2;;0;;0;;0
Кемерово;Бийск;https://city2city.ru/kemerovo-biysk;трансфер {city_from} {city_to};трансфер Кемерово Бийск;0;;0;;0;;0
Кемерово;Бийск;https://city2city.ru/kemerovo-biysk;межгород {city_from} {city_to};межгород Кемерово Бийск;0;;0;;0;;0
Кемерово;Бийск;https://city2city.ru/kemerovo-biysk;такси {city_from} {city_to} цена;такси Кемерово Бийск цена;0;;0;;0;;0
Кемерово;Боготол;https://city2city.ru/kemerovo-bogotol;такси {city_from} {city_to};такси Кемерово Боготол;0;;0;;0;;0
Кемерово;Боготол;https://city2city.ru/kemerovo-bogotol;трансфер {city_from} {city_to};трансфер Кемерово Боготол;0;;0;;0;;0
Кемерово;Боготол;https://city2city.ru/kemerovo-bogotol;межгород {city_from} {city_to};межгород Кемерово Боготол;0;;0;;0;;0
Кемерово;Боготол;https://city2city.ru/kemerovo-bogotol;такси {city_from} {city_to} цена;такси Кемерово Боготол цена;0;;0;;0;;0
Кемерово;Горно-Алтайск;https://city2city.ru/kemerovo-gorno-altaysk;такси {city_from} {city_to};такси Кемерово Горно-Алтайск;2;;0;;0;;0
Кемерово;Горно-Алтайск;https://city2city.ru/kemerovo-gorno-altaysk;трансфер {city_from} {city_to};трансфер Кемерово Горно-Алтайск;2;;0;;0;;0
Кемерово;Горно-Алтайск;https://city2city.ru/kemerovo-gorno-altaysk;межгород {city_from} {city_to};межгород Кемерово Горно-Алтайск;0;;0;;0;;0
Кемерово;Горно-Алтайск;https://city2city.ru/kemerovo-gorno-altaysk;такси {city_from} {city_to} цена;такси Кемерово Горно-Алтайск цена;0;;0;;0;;0
Кемерово;Гурьевск;https://city2city.ru/kemerovo-gurevsk;такси {city_from} {city_to};такси Кемерово Гурьевск;9;;0;;0;;0
Кемерово;Гурьевск;https://city2city.ru/kemerovo-gurevsk;трансфер {city_from} {city_to};трансфер Кемерово Гурьевск;0;;0;;0;;0
Кемерово;Гурьевск;https://city2city.ru/kemerovo-gurevsk;межгород {city_from} {city_to};межгород Кемерово Гурьевск;0;;0;;0;;0
Кемерово;Гурьевск;https://city2city.ru/kemerovo-gurevsk;такси {city_from} {city_to} цена;такси Кемерово Гурьевск цена;2;;0;;0;;0
Кемерово;Иркутск;https://city2city.ru/kemerovo-irkutsk;такси {city_from} {city_to};такси Кемерово Иркутск;6;;0;;0;;0
Кемерово;Иркутск;https://city2city.ru/kemerovo-irkutsk;трансфер {city_from} {city_to};трансфер Кемерово Иркутск;2;;0;;0;;0
Кемерово;Иркутск;https://city2city.ru/kemerovo-irkutsk;межгород {city_from} {city_to};межгород Кемерово Иркутск;0;;0;;0;;0
Кемерово;Иркутск;https://city2city.ru/kemerovo-irkutsk;такси {city_from} {city_to} цена;такси Кемерово Иркутск цена;2;;0;;0;;0
Кемерово;Искитим;https://city2city.ru/kemerovo-iskitim;такси {city_from} {city_to};такси Кемерово Искитим;1;;0;;0;;0
Кемерово;Искитим;https://city2city.ru/kemerovo-iskitim;трансфер {city_from} {city_to};трансфер Кемерово Искитим;0;;0;;0;;0
Кемерово;Искитим;https://city2city.ru/kemerovo-iskitim;межгород {city_from} {city_to};межгород Кемерово Искитим;0;;0;;0;;0
Кемерово;Искитим;https://city2city.ru/kemerovo-iskitim;такси {city_from} {city_to} цена;такси Кемерово Искитим цена;1;;0;;0;;0
Кемерово;Калтан;https://city2city.ru/kemerovo-kaltan;такси {city_from} {city_to};такси Кемерово Калтан;0;;0;;0;;0
Кемерово;Калтан;https://city2city.ru/kemerovo-kaltan;трансфер {city_from} {city_to};трансфер Кемерово Калтан;0;;0;;0;;0
Кемерово;Калтан;https://city2city.ru/kemerovo-kaltan;межгород {city_from} {city_to};межгород Кемерово Калтан;0;;0;;0;;0
Кемерово;Калтан;https://city2city.ru/kemerovo-kaltan;такси {city_from} {city_to} цена;такси Кемерово Калтан цена;0;;0;;0;;0
Кемерово;Киселёвск;https://city2city.ru/kemerovo-kiselyovsk;такси {city_from} {city_to};такси Кемерово Киселёвск;9;такси киселевск кемерово;9;;0;;0
Кемерово;Киселёвск;https://city2city.ru/kemerovo-kiselyovsk;трансфер {city_from} {city_to};трансфер Кемерово Киселёвск;1;;0;;0;;0
Кемерово;Киселёвск;https://city2city.ru/kemerovo-kiselyovsk;межгород {city_from} {city_to};межгород Кемерово Киселёвск;31;кемерово киселевск межгород;31;расписание автобуса межгород кемерово киселевск;26;автовокзал киселевск расписание автобусов межгород киселевск кемерово;19
Кемерово;Киселёвск;https://city2city.ru/kemerovo-kiselyovsk;такси {city_from} {city_to} цена;такси Кемерово Киселёвск цена;3;;0;;0;;0
Кемерово;Красноярск;https://city2city.ru/kemerovo-krasnoyarsk;такси {city_from} {city_to};такси Кемерово Красноярск;24;кемерово красноярске такси;24;;0;;0
Кемерово;Красноярск;https://city2city.ru/kemerovo-krasnoyarsk;трансфер {city_from} {city_to};трансфер Кемерово Красноярск;20;трансфер красноярск кемерово;20;;0;;0
Кемерово;Красноярск;https://city2city.ru/kemerovo-krasnoyarsk;межгород {city_from} {city_to};межгород Кемерово Красноярск;5;;0;;0;;0
Кемерово;Красноярск;https://city2city.ru/kemerovo-krasnoyarsk;такси {city_from} {city_to} цена;такси Кемерово Красноярск цена;4;;0;;0;;0
Кемерово;Ленинск-Кузнецкий;https://city2city.ru/kemerovo-leninsk-kuznetskiy;такси {city_from} {city_to};такси Кемерово Ленинск-Кузнецкий;21;такси ленинск кузнецкий кемерово;21;;0;;0
Кемерово;Ленинск-Кузнецкий;https://city2city.ru/kemerovo-leninsk-kuznetskiy;трансфер {city_from} {city_to};трансфер Кемерово Ленинск-Кузнецкий;0;;0;;0;;0
Кемерово;Ленинск-Кузнецкий;https://city2city.ru/kemerovo-leninsk-kuznetskiy;межгород {city_from} {city_to};межгород Кемерово Ленинск-Кузнецкий;4;;0;;0;;0
Кемерово;Ленинск-Кузнецкий;https://city2city.ru/kemerovo-leninsk-kuznetskiy;такси {city_from} {city_to} цена;такси Кемерово Ленинск-Кузнецкий цена;10;;0;;0;;0
Кемерово;Мариинск;https://city2city.ru/kemerovo-mariinsk;такси {city_from} {city_to};такси Кемерово Мариинск;14;такси кемерово мариинск;14;;0;;0
Кемерово;Мариинск;https://city2city.ru/kemerovo-mariinsk;трансфер {city_from} {city_to};трансфер Кемерово Мариинск;0;;0;;0;;0
Кемерово;Мариинск;https://city2city.ru/kemerovo-mariinsk;межгород {city_from} {city_to};межгород Кемерово Мариинск;1;;0;;0;;0
Кемерово;Мариинск;https://city2city.ru/kemerovo-mariinsk;такси {city_from} {city_to} цена;такси Кемерово Мариинск цена;1;;0;;0;;0
Кемерово;Мыски;https://city2city.ru/kemerovo-myski;такси {city_from} {city_to};такси Кемерово Мыски;2;;0;;0;;0
Кемерово;Мыски;https://city2city.ru/kemerovo-myski;трансфер {city_from} {city_to};трансфер Кемерово Мыски;0;;0;;0;;0
Кемерово;Мыски;https://city2city.ru/kemerovo-myski;межгород {city_from} {city_to};межгород Кемерово Мыски;0;;0;;0;;0
Кемерово;Мыски;https://city2city.ru/kemerovo-myski;такси {city_from} {city_to} цена;такси Кемерово Мыски цена;1;;0;;0;;0
Кемерово;Новокузнецк;https://city2city.ru/kemerovo-novokuznetsk;такси {city_from} {city_to};такси Кемерово Новокузнецк;87;такси кемерово новокузнецк;87;такси кемерово новокузнецк цена;20;новокузнецк кемерово сколько стоит такси;14
Кемерово;Новокузнецк;https://city2city.ru/kemerovo-novokuznetsk;трансфер {city_from} {city_to};трансфер Кемерово Новокузнецк;55;трансфер кемерово новокузнецк;55;трансфер новокузнецк аэропорт кемерово;30;;0
Кемерово;Новокузнецк;https://city2city.ru/kemerovo-novokuznetsk;межгород {city_from} {city_to};межгород Кемерово Новокузнецк;26;межгород кемерово новокузнецк;26;межгород автобусы новокузнецк кемерово;17;автовокзал новокузнецк расписание автобусов межгород кемерово;7
Кемерово;Новокузнецк;https://city2city.ru/kemerovo-novokuznetsk;такси {city_from} {city_to} цена;такси Кемерово Новокузнецк цена;20;такси кемерово новокузнецк цена;20;;0;;0
Кемерово;Новосибирск;https://city2city.ru/kemerovo-novosibirsk;такси {city_from} {city_to};такси Кемерово Новосибирск;161;такси новосибирск кемерово;161;новосибирск кемерово такси цена;32;сколько стоит такси с новосибирска до кемерово;15
Кемерово;Новосибирск;https://city2city.ru/kemerovo-novosibirsk;трансфер {city_from} {city_to};трансфер Кемерово Новосибирск;95;трансфер новосибирск кемерово;95;трансфер аэропорт новосибирска кемерово;23;трансфер кемерово новосибирск толмачево;21
Кемерово;Новосибирск;https://city2city.ru/kemerovo-novosibirsk;межгород {city_from} {city_to};межгород Кемерово Новосибирск;11;межгород новосибирск кемерово;11;;0;;0
Кемерово;Новосибирск;https://city2city.ru/kemerovo-novosibirsk;такси {city_from} {city_to} цена;такси Кемерово Новосибирск цена;32;новосибирск кемерово такси цена;32;;0;;0
Кемерово;Осинники;https://city2city.ru/kemerovo-osinniki;такси {city_from} {city_to};такси Кемерово Осинники;6;;0;;0;;0
Кемерово;Осинники;https://city2city.ru/kemerovo-osinniki;трансфер {city_from} {city_to};трансфер Кемерово Осинники;4;;0;;0;;0
Кемерово;Осинники;https://city2city.ru/kemerovo-osinniki;межгород {city_from} {city_to};межгород Кемерово Осинники;0;;0;;0;;0
Кемерово;Осинники;https://city2city.ru/kemerovo-osinniki;такси {city_from} {city_to} цена;такси Кемерово Осинники цена;0;;0;;0;;0
Кемерово;Прокопьевск;https://city2city.ru/kemerovo-prokopevsk;такси {city_from} {city_to};такси Кемерово Прокопьевск;50;такси прокопьевск кемерово;50;сколько от прокопьевска до кемерово на такси;13;цена такси прокопьевск кемерово;8
Кемерово;Прокопьевск;https://city2city.ru/kemerovo-prokopevsk;трансфер {city_from} {city_to};трансфер Кемерово Прокопьевск;7;;0;;0;;0
Кемерово;Прокопьевск;https://city2city.ru/kemerovo-prokopevsk;межгород {city_from} {city_to};межгород Кемерово Прокопьевск;16;кемерово расписание автобусов межгород кемерово прокопьевск;13;расписание межгород прокопьевск кемерово;13;расписание автобусов прокопьевск кемерово автовокзал межгород;11
Кемерово;Прокопьевск;https://city2city.ru/kemerovo-prokopevsk;такси {city_from} {city_to} цена;такси Кемерово Прокопьевск цена;8;цена такси прокопьевск кемерово;8;;0;;0
Кемерово;Салаир;https://city2city.ru/kemerovo-salair;такси {city_from} {city_to};такси Кемерово Салаир;2;;0;;0;;0
Кемерово;Салаир;https://city2city.ru/kemerovo-salair;трансфер {city_from} {city_to};трансфер Кемерово Салаир;0;;0;;0;;0
Кемерово;Салаир;https://city2city.ru/kemerovo-salair;межгород {city_from} {city_to};межгород Кемерово Салаир;0;;0;;0;;0
Кемерово;Салаир;https://city2city.ru/kemerovo-salair;такси {city_from} {city_to} цена;такси Кемерово Салаир цена;0;;0;;0;;0
Кемерово;Шарыпово;https://city2city.ru/kemerovo-sharypovo;такси {city_from} {city_to};такси Кемерово Шарыпово;6;;0;;0;;0
Кемерово;Шарыпово;https://city2city.ru/kemerovo-sharypovo;трансфер {city_from} {city_to};трансфер Кемерово Шарыпово;0;;0;;0;;0
Кемерово;Шарыпово;https://city2city.ru/kemerovo-sharypovo;межгород {city_from} {city_to};межгород Кемерово Шарыпово;0;;0;;0;;0
Кемерово;Шарыпово;https://city2city.ru/kemerovo-sharypovo;такси {city_from} {city_to} цена;такси Кемерово Шарыпово цена;0;;0;;0;;0
Кемерово;Таштагол;https://city2city.ru/kemerovo-tashtagol;такси {city_from} {city_to};такси Кемерово Таштагол;1;;0;;0;;0
Кемерово;Таштагол;https://city2city.ru/kemerovo-tashtagol;трансфер {city_from} {city_to};трансфер Кемерово Таштагол;0;;0;;0;;0
Кемерово;Таштагол;https://city2city.ru/kemerovo-tashtagol;межгород {city_from} {city_to};межгород Кемерово Таштагол;0;;0;;0;;0
Кемерово;Таштагол;https://city2city.ru/kemerovo-tashtagol;такси {city_from} {city_to} цена;такси Кемерово Таштагол цена;0;;0;;0;;0
Кемерово;Тайга;https://city2city.ru/kemerovo-tayga;такси {city_from} {city_to};такси Кемерово Тайга;27;такси тайга кемерово;27;;0;;0
Кемерово;Тайга;https://city2city.ru/kemerovo-tayga;трансфер {city_from} {city_to};трансфер Кемерово Тайга;2;;0;;0;;0
Кемерово;Тайга;https://city2city.ru/kemerovo-tayga;межгород {city_from} {city_to};межгород Кемерово Тайга;2;;0;;0;;0
Кемерово;Тайга;https://city2city.ru/kemerovo-tayga;такси {city_from} {city_to} цена;такси Кемерово Тайга цена;9;;0;;0;;0
Кемерово;Тогучин;https://city2city.ru/kemerovo-toguchin;такси {city_from} {city_to};такси Кемерово Тогучин;3;;0;;0;;0
Кемерово;Тогучин;https://city2city.ru/kemerovo-toguchin;трансфер {city_from} {city_to};трансфер Кемерово Тогучин;0;;0;;0;;0
Кемерово;Тогучин;https://city2city.ru/kemerovo-toguchin;межгород {city_from} {city_to};межгород Кемерово Тогучин;0;;0;;0;;0
Кемерово;Тогучин;https://city2city.ru/kemerovo-toguchin;такси {city_from} {city_to} цена;такси Кемерово Тогучин цена;0;;0;;0;;0
Кемерово;Томск;https://city2city.ru/kemerovo-tomsk;такси {city_from} {city_to};такси Кемерово Томск;44;такси томск кемерово;44;такси томск кемерово цена;12;;0
Кемерово;Томск;https://city2city.ru/kemerovo-tomsk;трансфер {city_from} {city_to};трансфер Кемерово Томск;19;трансфер кемерово томск;19;;0;;0
Кемерово;Томск;https://city2city.ru/kemerovo-tomsk;межгород {city_from} {city_to};межгород Кемерово Томск;3;;0;;0;;0
Кемерово;Томск;https://city2city.ru/kemerovo-tomsk;такси {city_from} {city_to} цена;такси Кемерово Томск цена;12;такси томск кемерово цена;12;;0;;0
Кемерово;Топки;https://city2city.ru/kemerovo-topki;такси {city_from} {city_to};такси Кемерово Топки;32;такси топки кемерово;32;;0;;0
Кемерово;Топки;https://city2city.ru/kemerovo-topki;трансфер {city_from} {city_to};трансфер Кемерово Топки;0;;0;;0;;0
Кемерово;Топки;https://city2city.ru/kemerovo-topki;межгород {city_from} {city_to};межгород Кемерово Топки;1;;0;;0;;0
Кемерово;Топки;https://city2city.ru/kemerovo-topki;такси {city_from} {city_to} цена;такси Кемерово Топки цена;6;;0;;0;;0
Кемерово;Яровое;https://city2city.ru/kemerovo-yarovoe;такси {city_from} {city_to};такси Кемерово Яровое;0;;0;;0;;0
Кемерово;Яровое;https://city2city.ru/kemerovo-yarovoe;трансфер {city_from} {city_to};трансфер Кемерово Яровое;2;;0;;0;;0
Кемерово;Яровое;https://city2city.ru/kemerovo-yarovoe;межгород {city_from} {city_to};межгород Кемерово Яровое;0;;0;;0;;0
Кемерово;Яровое;https://city2city.ru/kemerovo-yarovoe;такси {city_from} {city_to} цена;такси Кемерово Яровое цена;0;;0;;0;;0
Кемерово;Юрга;https://city2city.ru/kemerovo-yurga;такси {city_from} {city_to};такси Кемерово Юрга;65;такси юрга кемерово;65;такси юрга кемерово цена;18;такси межгород кемерово юрга;6
Кемерово;Юрга;https://city2city.ru/kemerovo-yurga;трансфер {city_from} {city_to};трансфер Кемерово Юрга;1;;0;;0;;0
Кемерово;Юрга;https://city2city.ru/kemerovo-yurga;межгород {city_from} {city_to};межгород Кемерово Юрга;18;такси межгород кемерово юрга;6;;0;;0
Кемерово;Юрга;https://city2city.ru/kemerovo-yurga;такси {city_from} {city_to} цена;такси Кемерово Юрга цена;18;такси юрга кемерово цена;18;;0;;0
Кемерово;Заринск;https://city2city.ru/kemerovo-zarinsk;такси {city_from} {city_to};такси Кемерово Заринск;0;;0;;0;;0
Кемерово;Заринск;https://city2city.ru/kemerovo-zarinsk;трансфер {city_from} {city_to};трансфер Кемерово Заринск;0;;0;;0;;0
Кемерово;Заринск;https://city2city.ru/kemerovo-zarinsk;межгород {city_from} {city_to};межгород Кемерово Заринск;0;;0;;0;;0
Кемерово;Заринск;https://city2city.ru/kemerovo-zarinsk;такси {city_from} {city_to} цена;такси Кемерово Заринск цена;0;;0;;0;;0
Кемерово;Зеленогорск;https://city2city.ru/kemerovo-zelenogorsk;такси {city_from} {city_to};такси Кемерово Зеленогорск;2;;0;;0;;0
Кемерово;Зеленогорск;https://city2city.ru/kemerovo-zelenogorsk;трансфер {city_from} {city_to};трансфер Кемерово Зеленогорск;0;;0;;0;;0
Кемерово;Зеленогорск;https://city2city.ru/kemerovo-zelenogorsk;межгород {city_from} {city_to};межгород Кемерово Зеленогорск;0;;0;;0;;0
Кемерово;Зеленогорск;https://city2city.ru/kemerovo-zelenogorsk;такси {city_from} {city_to} цена;такси Кемерово Зеленогорск цена;1;;0;;0;;0
Киров;посёлок городского типа Афанасьево;https://city2city.ru/kirov-afanasevo;такси {city_from} {city_to};такси Киров посёлок городского типа Афанасьево;0;;0;;0;;0
Киров;посёлок городского типа Афанасьево;https://city2city.ru/kirov-afanasevo;трансфер {city_from} {city_to};трансфер Киров посёлок городского типа Афанасьево;0;;0;;0;;0
Киров;посёлок городского типа Афанасьево;https://city2city.ru/kirov-afanasevo;межгород {city_from} {city_to};межгород Киров посёлок городского типа Афанасьево;0;;0;;0;;0
Киров;посёлок городского типа Афанасьево;https://city2city.ru/kirov-afanasevo;такси {city_from} {city_to} цена;такси Киров посёлок городского типа Афанасьево цена;0;;0;;0;;0
Киров;Анапа;https://city2city.ru/kirov-anapa;такси {city_from} {city_to};такси Киров Анапа;3;;0;;0;;0
Киров;Анапа;https://city2city.ru/kirov-anapa;трансфер {city_from} {city_to};трансфер Киров Анапа;0;;0;;0;;0
Киров;Анапа;https://city2city.ru/kirov-anapa;межгород {city_from} {city_to};межгород Киров Анапа;0;;0;;0;;0
Киров;Анапа;https://city2city.ru/kirov-anapa;такси {city_from} {city_to} цена;такси Киров Анапа цена;1;;0;;0;;0
Киров;посёлок городского типа Арбаж;https://city2city.ru/kirov-arbazh;такси {city_from} {city_to};такси Киров посёлок городского типа Арбаж;0;;0;;0;;0
Киров;посёлок городского типа Арбаж;https://city2city.ru/kirov-arbazh;трансфер {city_from} {city_to};трансфер Киров посёлок городского типа Арбаж;0;;0;;0;;0
Киров;посёлок городского типа Арбаж;https://city2city.ru/kirov-arbazh;межгород {city_from} {city_to};межгород Киров посёлок городского типа Арбаж;0;;0;;0;;0
Киров;посёлок городского типа Арбаж;https://city2city.ru/kirov-arbazh;такси {city_from} {city_to} цена;такси Киров посёлок городского типа Арбаж цена;0;;0;;0;;0
