page_url;city_from;city_to;phrase;total_count;top_1_phrase;top_1_count;top_2_phrase;top_2_count;top_3_phrase;top_3_count;related_json
https://city2city.ru/aeroport-bogashyovo-seversk;аэропорт Томск (Богашёво) имени Н.И. Камова;Северск;такси аэропорт Томск (Богашёво) имени Н.И. Камова Северск;0;;0;;0;;0;[]
https://city2city.ru/aeroport-bogashyovo-yurga;аэропорт Томск (Богашёво) имени Н.И. Камова;Юрга;такси аэропорт Томск (Богашёво) имени Н.И. Камова Юрга;0;;0;;0;;0;[]
https://city2city.ru/aeroport-gagarin-balakovo;аэропорт Гагарин;Балаково;такси аэропорт Гагарин Балаково;30;такси балаково аэропорт гагарин;30;такси аэропорт гагарин балаково цена;6;;0;"[{""phrase"": ""такси балаково аэропорт гагарин"", ""count"": ""30""}, {""phrase"": ""такси аэропорт гагарин балаково цена"", ""count"": ""6""}]"
https://city2city.ru/aeroport-gagarin-volsk;аэропорт Гагарин;Вольск;такси аэропорт Гагарин Вольск;3;;0;;0;;0;[]
https://city2city.ru/aeroport-kolczovo-chelyabinsk;аэропорт Екатеринбург (Кольцово) имени А.Н. Демидова;Челябинск;такси аэропорт Екатеринбург (Кольцово) имени А.Н. Демидова Челябинск;0;;0;;0;;0;[]
https://city2city.ru/aeroport-kolczovo-kamensk-uralskij;аэропорт Екатеринбург (Кольцово) имени А.Н. Демидова;Каменск-Уральский;такси аэропорт Екатеринбург (Кольцово) имени А.Н. Демидова Каменск-Уральский;0;;0;;0;;0;[]
https://city2city.ru/aeroport-kolczovo-kurgan;аэропорт Екатеринбург (Кольцово) имени А.Н. Демидова;Курган;такси аэропорт Екатеринбург (Кольцово) имени А.Н. Демидова Курган;0;;0;;0;;0;[]
https://city2city.ru/aeroport-kolczovo-miass;аэропорт Екатеринбург (Кольцово) имени А.Н. Демидова;Миасс;такси аэропорт Екатеринбург (Кольцово) имени А.Н. Демидова Миасс;0;;0;;0;;0;[]
https://city2city.ru/aeroport-kolczovo-nizhnij-tagil;аэропорт Екатеринбург (Кольцово) имени А.Н. Демидова;Нижний Тагил;такси аэропорт Екатеринбург (Кольцово) имени А.Н. Демидова Нижний Тагил;0;;0;;0;;0;[]
https://city2city.ru/aeroport-kolczovo-pervouralsk;аэропорт Екатеринбург (Кольцово) имени А.Н. Демидова;Первоуральск;такси аэропорт Екатеринбург (Кольцово) имени А.Н. Демидова Первоуральск;0;;0;;0;;0;[]
https://city2city.ru/aeroport-krasnodar-pashkovskij-doneczk-rostovskaya-oblast;аэропорт Краснодар (Пашковский) имени Екатерины II;Донецк;такси аэропорт Краснодар (Пашковский) имени Екатерины II Донецк;0;;0;;0;;0;[]
https://city2city.ru/aeroport-kurumoch-buguruslan;аэропорт Самара (Курумоч) имени С.П. Королева;Бугуруслан;такси аэропорт Самара (Курумоч) имени С.П. Королева Бугуруслан;0;;0;;0;;0;[]
https://city2city.ru/aeroport-kurumoch-buzuluk;аэропорт Самара (Курумоч) имени С.П. Королева;Бузулук;такси аэропорт Самара (Курумоч) имени С.П. Королева Бузулук;0;;0;;0;;0;[]
https://city2city.ru/aeroport-kurumoch-granicza-kazaxstan;аэропорт Самара (Курумоч) имени С.П. Королева;52А-3;такси аэропорт Самара (Курумоч) имени С.П. Королева 52А-3;0;;0;;0;;0;[]
https://city2city.ru/aeroport-kurumoch-orenburg;аэропорт Самара (Курумоч) имени С.П. Королева;Оренбург;такси аэропорт Самара (Курумоч) имени С.П. Королева Оренбург;0;;0;;0;;0;[]
https://city2city.ru/aeroport-kurumoch-pervomajsk;аэропорт Самара (Курумоч) имени С.П. Королева;Первомайск;такси аэропорт Самара (Курумоч) имени С.П. Королева Первомайск;0;;0;;0;;0;[]
https://city2city.ru/aeroport-kurumoch-syzran;аэропорт Самара (Курумоч) имени С.П. Королева;Сызрань;такси аэропорт Самара (Курумоч) имени С.П. Королева Сызрань;0;;0;;0;;0;[]
https://city2city.ru/aeroport-platov-app-bugaevka;Аэропорт Платов;село Бугаёвка;такси Аэропорт Платов село Бугаёвка;0;;0;;0;;0;[]
https://city2city.ru/aeroport-pulkovo-ivangorod;аэропорт Пулково;Ивангород;такси аэропорт Пулково Ивангород;3;;0;;0;;0;[]
https://city2city.ru/aeroport-pulkovo-murmansk;аэропорт Пулково;Мурманск;такси аэропорт Пулково Мурманск;0;;0;;0;;0;[]
https://city2city.ru/aeroport-pulkovo-pskov;аэропорт Пулково;Псков;такси аэропорт Пулково Псков;1;;0;;0;;0;[]
https://city2city.ru/aeroport-pulkovo-tixvin;аэропорт Пулково;Тихвин;такси аэропорт Пулково Тихвин;0;;0;;0;;0;[]
https://city2city.ru/aeroport-pulkovo-velikij-novgorod;аэропорт Пулково;Великий Новгород;такси аэропорт Пулково Великий Новгород;6;;0;;0;;0;[]
https://city2city.ru/aeroport-tolmachevo-novosibirsk-novoaltaysk;Новосибирск (Толмачёво) терминал Б;Новоалтайск;такси Новосибирск (Толмачёво) терминал Б Новоалтайск;0;;0;;0;;0;[]
https://city2city.ru/aldan-jakutsk;Алдан;Якутск;такси Алдан Якутск;80;такси алдан якутск;80;такси якутск алдан номера;18;такси алдан якутск номера телефонов;12;"[{""phrase"": ""такси алдан якутск"", ""count"": ""80""}, {""phrase"": ""такси якутск алдан номера"", ""count"": ""18""}, {""phrase"": ""такси алдан якутск номера телефонов"", ""count"": ""12""}, {""phrase"": ""такси в город алдан из якутска номер"", ""count"": ""6""}]"
https://city2city.ru/arxangelsk-vologda;Архангельск;Вологда;такси Архангельск Вологда;2;;0;;0;;0;[]
https://city2city.ru/astraxan-adler;Астрахань;Адлер;такси Астрахань Адлер;0;;0;;0;;0;[]
https://city2city.ru/astraxan-app-karauzek;Астрахань;село Котяевка;такси Астрахань село Котяевка;0;;0;;0;;0;[]
https://city2city.ru/astraxan-axtubinsk;Астрахань;Ахтубинск;такси Астрахань Ахтубинск;13;такси ахтубинск астрахань;13;;0;;0;"[{""phrase"": ""такси ахтубинск астрахань"", ""count"": ""13""}]"
https://city2city.ru/astraxan-belgorod;Астрахань;Белгород;такси Астрахань Белгород;3;;0;;0;;0;[]
https://city2city.ru/astraxan-budyonnovsk;Астрахань;Будённовск;такси Астрахань Будённовск;1;;0;;0;;0;[]
https://city2city.ru/astraxan-ejsk;Астрахань;Ейск;такси Астрахань Ейск;2;;0;;0;;0;[]
https://city2city.ru/astraxan-elista;Астрахань;Элиста;такси Астрахань Элиста;91;такси элиста астрахань;91;такси элиста астрахань телефоны;12;;0;"[{""phrase"": ""такси элиста астрахань"", ""count"": ""91""}, {""phrase"": ""такси элиста астрахань телефоны"", ""count"": ""12""}]"
https://city2city.ru/astraxan-feodosiya;Астрахань;Феодосия;такси Астрахань Феодосия;0;;0;;0;;0;[]
https://city2city.ru/astraxan-gelendzhik;Астрахань;Геленджик;такси Астрахань Геленджик;2;;0;;0;;0;[]
https://city2city.ru/astraxan-gorod-lagan;Астрахань;Лагань;такси Астрахань Лагань;12;такси астрахань лагань;12;;0;;0;"[{""phrase"": ""такси астрахань лагань"", ""count"": ""12""}]"
https://city2city.ru/astraxan-granicza-kazaxstan;Астрахань;52А-3;такси Астрахань 52А-3;0;;0;;0;;0;[]
https://city2city.ru/astraxan-ilinka;Астрахань;село Ильинка;такси Астрахань село Ильинка;0;;0;;0;;0;[]
https://city2city.ru/astraxan-kamensk-shaxtinskij;Астрахань;Каменск-Шахтинский;такси Астрахань Каменск-Шахтинский;0;;0;;0;;0;[]
https://city2city.ru/astraxan-kamyzyak;Астрахань;Камызяк;такси Астрахань Камызяк;18;такси астрахань камызяк;18;;0;;0;"[{""phrase"": ""такси астрахань камызяк"", ""count"": ""18""}]"
https://city2city.ru/astraxan-kazan;Астрахань;Казань;такси Астрахань Казань;6;;0;;0;;0;[]
https://city2city.ru/astraxan-kerch;Астрахань;Керчь;такси Астрахань Керчь;8;;0;;0;;0;[]
https://city2city.ru/astraxan-kislovodsk;Астрахань;Кисловодск;такси Астрахань Кисловодск;4;;0;;0;;0;[]
https://city2city.ru/astraxan-kozlovo;Астрахань;посёлок городского типа Козлово;такси Астрахань посёлок городского типа Козлово;0;;0;;0;;0;[]
https://city2city.ru/astraxan-krasnye-barrikady;Астрахань;поселок городского типа Красные Баррикады;такси Астрахань поселок городского типа Красные Баррикады;0;;0;;0;;0;[]
https://city2city.ru/astraxan-lagan;Астрахань;Лагань;такси Астрахань Лагань;12;такси астрахань лагань;12;;0;;0;"[{""phrase"": ""такси астрахань лагань"", ""count"": ""12""}]"
https://city2city.ru/astraxan-liman;Астрахань;рабочий посёлок Лиман;такси Астрахань рабочий посёлок Лиман;0;;0;;0;;0;[]
https://city2city.ru/astraxan-lipeczk;Астрахань;Липецк;такси Астрахань Липецк;1;;0;;0;;0;[]
https://city2city.ru/astraxan-mineralnye-vody;Астрахань;Минеральные Воды;такси Астрахань Минеральные Воды;5;;0;;0;;0;[]
https://city2city.ru/astraxan-moskva;Астрахань;Москва;такси Астрахань Москва;60;такси астрахань москва;60;астрахань москва такси сколько;19;такси москва астрахань сколько стоит;10;"[{""phrase"": ""такси астрахань москва"", ""count"": ""60""}, {""phrase"": ""астрахань москва такси сколько"", ""count"": ""19""}, {""phrase"": ""такси москва астрахань сколько стоит"", ""count"": ""10""}]"
https://city2city.ru/astraxan-narimanov;Астрахань;Нариманов;такси Астрахань Нариманов;29;;0;;0;;0;[]
https://city2city.ru/astraxan-neftekumsk;Астрахань;Нефтекумск;такси Астрахань Нефтекумск;0;;0;;0;;0;[]
https://city2city.ru/astraxan-nizhnij-novgorod;Астрахань;Нижний Новгород;такси Астрахань Нижний Новгород;0;;0;;0;;0;[]
https://city2city.ru/astraxan-novorossijsk;Астрахань;Новороссийск;такси Астрахань Новороссийск;4;;0;;0;;0;[]
https://city2city.ru/astraxan-orenburg;Астрахань;Оренбург;такси Астрахань Оренбург;2;;0;;0;;0;[]
https://city2city.ru/astraxan-penza;Астрахань;Пенза;такси Астрахань Пенза;1;;0;;0;;0;[]
https://city2city.ru/astraxan-posyolok-czagan-aman;Астрахань;посёлок городского типа Цаган Аман;такси Астрахань посёлок городского типа Цаган Аман;0;;0;;0;;0;[]
https://city2city.ru/astraxan-posyolok-komsomolskij;Астрахань;посёлок Комсомольский;такси Астрахань посёлок Комсомольский;0;;0;;0;;0;[]
https://city2city.ru/astraxan-posyolok-yashkul;Астрахань;поселок Яшкуль;такси Астрахань поселок Яшкуль;0;;0;;0;;0;[]
https://city2city.ru/astraxan-pyatigorsk;Астрахань;Пятигорск;такси Астрахань Пятигорск;2;;0;;0;;0;[]
https://city2city.ru/astraxan-rostov-na-donu;Астрахань;Ростов-на-Дону;такси Астрахань Ростов-на-Дону;21;ростов на дону астрахань такси;21;;0;;0;"[{""phrase"": ""ростов на дону астрахань такси"", ""count"": ""21""}]"
https://city2city.ru/astraxan-ryazan;Астрахань;Рязань;такси Астрахань Рязань;0;;0;;0;;0;[]
https://city2city.ru/astraxan-sankt-peterburg;Астрахань;Санкт-Петербург;такси Астрахань Санкт-Петербург;8;;0;;0;;0;[]
https://city2city.ru/astraxan-saratov;Астрахань;Саратов;такси Астрахань Саратов;1;;0;;0;;0;[]
https://city2city.ru/astraxan-sevastopol;Астрахань;Севастополь;такси Астрахань Севастополь;6;;0;;0;;0;[]
https://city2city.ru/astraxan-sochi;Астрахань;Сочи;такси Астрахань Сочи;3;;0;;0;;0;[]
https://city2city.ru/astraxan-stanicza-kurskaya;Астрахань;станица Курская;такси Астрахань станица Курская;0;;0;;0;;0;[]
https://city2city.ru/astraxan-staricza;Астрахань;Старица;такси Астрахань Старица;0;;0;;0;;0;[]
https://city2city.ru/astraxan-stavropol;Астрахань;Ставрополь;такси Астрахань Ставрополь;24;такси астрахань ставрополь;24;;0;;0;"[{""phrase"": ""такси астрахань ставрополь"", ""count"": ""24""}]"
https://city2city.ru/astraxan-tambov;Астрахань;Тамбов;такси Астрахань Тамбов;5;;0;;0;;0;[]
https://city2city.ru/astraxan-temryuk;Астрахань;Темрюк;такси Астрахань Темрюк;3;;0;;0;;0;[]
https://city2city.ru/astraxan-tuapse;Астрахань;Туапсе;такси Астрахань Туапсе;0;;0;;0;;0;[]
https://city2city.ru/astraxan-ufa;Астрахань;Уфа;такси Астрахань Уфа;7;;0;;0;;0;[]
https://city2city.ru/astraxan-valujki;Астрахань;Валуйки;такси Астрахань Валуйки;0;;0;;0;;0;[]
https://city2city.ru/astraxan-verxnij-baskunchak;Астрахань;посёлок городского типа Верхний Баскунчак;такси Астрахань посёлок городского типа Верхний Баскунчак;0;;0;;0;;0;[]
https://city2city.ru/astraxan-volgo-kaspijskij;Астрахань;поселок городского типа Волго-Каспийский;такси Астрахань поселок городского типа Волго-Каспийский;0;;0;;0;;0;[]
https://city2city.ru/astraxan-volgodonsk;Астрахань;Волгодонск;такси Астрахань Волгодонск;1;;0;;0;;0;[]
https://city2city.ru/astraxan-volgograd;Астрахань;Волгоград;такси Астрахань Волгоград;75;такси астрахань волгоград;75;такси волгоград астрахань цены;19;;0;"[{""phrase"": ""такси астрахань волгоград"", ""count"": ""75""}, {""phrase"": ""такси волгоград астрахань цены"", ""count"": ""19""}]"
https://city2city.ru/astraxan-volzhskij;Астрахань;Волжский;такси Астрахань Волжский;3;;0;;0;;0;[]
https://city2city.ru/astraxan-voronezh;Астрахань;Воронеж;такси Астрахань Воронеж;1;;0;;0;;0;[]
https://city2city.ru/astraxan-xarabali;Астрахань;Харабали;такси Астрахань Харабали;47;такси харабали астрахань;47;лаптевы такси харабали астрахань;11;лаптевы такси харабали астрахань расписание;10;"[{""phrase"": ""такси харабали астрахань"", ""count"": ""47""}, {""phrase"": ""лаптевы такси харабали астрахань"", ""count"": ""11""}, {""phrase"": ""лаптевы такси харабали астрахань расписание"", ""count"": ""10""}]"
https://city2city.ru/astraxan-yalta;Астрахань;Ялта;такси Астрахань Ялта;1;;0;;0;;0;[]
https://city2city.ru/astraxan-zavolzhskoe;Астрахань;Заволжское сельское поселение;такси Астрахань Заволжское сельское поселение;0;;0;;0;;0;[]
https://city2city.ru/astraxan-zelenokumsk;Астрахань;Зеленокумск;такси Астрахань Зеленокумск;0;;0;;0;;0;[]
https://city2city.ru/astraxan-zheleznovodsk;Астрахань;Железноводск;такси Астрахань Железноводск;3;;0;;0;;0;[]
https://city2city.ru/astraxan-znamensk;Астрахань;Знаменск;такси Астрахань Знаменск;7;;0;;0;;0;[]
https://city2city.ru/barnaul-abakan;Барнаул;Абакан;такси Барнаул Абакан;4;;0;;0;;0;[]
https://city2city.ru/barnaul-aeroport-tolmachevo-novosibirsk;Барнаул;Новосибирск (Толмачёво) терминал Б;такси Барнаул Новосибирск (Толмачёво) терминал Б;0;;0;;0;;0;[]
https://city2city.ru/barnaul-alyaysk;Барнаул;Алейск;такси Барнаул Алейск;43;такси барнаул алейск;43;такси алейск барнаул цена;12;;0;"[{""phrase"": ""такси барнаул алейск"", ""count"": ""43""}, {""phrase"": ""такси алейск барнаул цена"", ""count"": ""12""}]"
https://city2city.ru/barnaul-belokuriha;Барнаул;Белокуриха;такси Барнаул Белокуриха;157;такси барнаул белокуриха;157;такси барнаул белокуриха цена;34;сколько стоит такси от барнаула до белокурихи;10;"[{""phrase"": ""такси барнаул белокуриха"", ""count"": ""157""}, {""phrase"": ""такси барнаул белокуриха цена"", ""count"": ""34""}, {""phrase"": ""сколько стоит такси от барнаула до белокурихи"", ""count"": ""10""}, {""phrase"": ""такси барнаул белокуриха расписание цена"", ""count"": ""10""}, {""phrase"": ""стоимость такси от барнаула до белокурихи"", ""count"": ""9""}]"
https://city2city.ru/barnaul-berdsk;Барнаул;Бердск;такси Барнаул Бердск;2;;0;;0;;0;[]
https://city2city.ru/barnaul-biysk-2;Барнаул;Бийск;такси Барнаул Бийск;104;такси бийск барнаул;104;такси барнаул бийск цена;19;такси бийск барнаул аэропорт;13;"[{""phrase"": ""такси бийск барнаул"", ""count"": ""104""}, {""phrase"": ""такси барнаул бийск цена"", ""count"": ""19""}, {""phrase"": ""такси бийск барнаул аэропорт"", ""count"": ""13""}, {""phrase"": ""такси барнаул бийск стоимость"", ""count"": ""13""}, {""phrase"": ""сколько стоит такси от бийска до барнаула"", ""count"": ""9""}]"
https://city2city.ru/barnaul-cherepanovo-2;Барнаул;Черепаново;такси Барнаул Черепаново;4;;0;;0;;0;[]
https://city2city.ru/barnaul-gorno-altaysk;Барнаул;Горно-Алтайск;такси Барнаул Горно-Алтайск;102;такси горно алтайск барнаул;102;такси барнаул горно алтайск цена;21;;0;"[{""phrase"": ""такси горно алтайск барнаул"", ""count"": ""102""}, {""phrase"": ""такси барнаул горно алтайск цена"", ""count"": ""21""}]"
https://city2city.ru/barnaul-iskitim-2;Барнаул;Искитим;такси Барнаул Искитим;1;;0;;0;;0;[]
https://city2city.ru/barnaul-krasnoyarsk;Барнаул;Красноярск;такси Барнаул Красноярск;5;;0;;0;;0;[]
https://city2city.ru/barnaul-kyzyl;Барнаул;Кызыл;такси Барнаул Кызыл;3;;0;;0;;0;[]
https://city2city.ru/barnaul-novoaltaysk;Барнаул;Новоалтайск;такси Барнаул Новоалтайск;65;такси барнаул новоалтайск;65;сколько стоит такси от барнаула до новоалтайска;11;такси барнаул новоалтайск цена;8;"[{""phrase"": ""такси барнаул новоалтайск"", ""count"": ""65""}, {""phrase"": ""сколько стоит такси от барнаула до новоалтайска"", ""count"": ""11""}, {""phrase"": ""такси барнаул новоалтайск цена"", ""count"": ""8""}]"
https://city2city.ru/barnaul-novokuznetsk;Барнаул;Новокузнецк;такси Барнаул Новокузнецк;8;такси барнаул новокузнецк;8;;0;;0;"[{""phrase"": ""такси барнаул новокузнецк"", ""count"": ""8""}]"
https://city2city.ru/barnaul-omsk;Барнаул;Омск;такси Барнаул Омск;6;;0;;0;;0;[]
https://city2city.ru/barnaul-rubtsovsk;Барнаул;Рубцовск;такси Барнаул Рубцовск;48;такси рубцовск барнаул;48;;0;;0;"[{""phrase"": ""такси рубцовск барнаул"", ""count"": ""48""}]"
https://city2city.ru/barnaul-slavgorod;Барнаул;Славгород;такси Барнаул Славгород;5;;0;;0;;0;[]
https://city2city.ru/barnaul-tomsk;Барнаул;Томск;такси Барнаул Томск;17;такси барнаул томск;17;;0;;0;"[{""phrase"": ""такси барнаул томск"", ""count"": ""17""}]"
https://city2city.ru/barnaul-yarovoe;Барнаул;Яровое;такси Барнаул Яровое;3;;0;;0;;0;[]
https://city2city.ru/barnaul-yurga;Барнаул;Юрга;такси Барнаул Юрга;1;;0;;0;;0;[]
https://city2city.ru/barnaul-zarinsk;Барнаул;Заринск;такси Барнаул Заринск;28;такси заринск барнаул;28;;0;;0;"[{""phrase"": ""такси заринск барнаул"", ""count"": ""28""}]"
https://city2city.ru/barnaul-zmeinogorsk-2;Барнаул;Змеиногорск;такси Барнаул Змеиногорск;15;такси барнаул змеиногорск;15;;0;;0;"[{""phrase"": ""такси барнаул змеиногорск"", ""count"": ""15""}]"
https://city2city.ru/belgorod-adler;Белгород;Адлер;такси Белгород Адлер;1;;0;;0;;0;[]
https://city2city.ru/belgorod-alekseevka;Белгород;Алексеевка;такси Белгород Алексеевка;16;белгород алексеевка такси;16;;0;;0;"[{""phrase"": ""белгород алексеевка такси"", ""count"": ""16""}]"
https://city2city.ru/belgorod-app-kolotilovka;Белгород;село Колотиловка;такси Белгород село Колотиловка;0;;0;;0;;0;[]
https://city2city.ru/belgorod-arxangelsk;Белгород;Архангельск;такси Белгород Архангельск;5;;0;;0;;0;[]
https://city2city.ru/belgorod-biryuch;Белгород;Бирюч;такси Белгород Бирюч;7;такси белгород бирюч белгородская область цена;5;;0;;0;"[{""phrase"": ""такси белгород бирюч белгородская область цена"", ""count"": ""5""}]"
https://city2city.ru/belgorod-boguchar;Белгород;Богучар;такси Белгород Богучар;4;;0;;0;;0;[]
https://city2city.ru/belgorod-borovichi;Белгород;Боровичи;такси Белгород Боровичи;0;;0;;0;;0;[]
https://city2city.ru/belgorod-chelyabinsk;Белгород;Челябинск;такси Белгород Челябинск;1;;0;;0;;0;[]
https://city2city.ru/belgorod-chernyanka;Белгород;посёлок городского типа Чернянка;такси Белгород посёлок городского типа Чернянка;0;;0;;0;;0;[]
https://city2city.ru/belgorod-ekaterinburg;Белгород;Екатеринбург;такси Белгород Екатеринбург;0;;0;;0;;0;[]
https://city2city.ru/belgorod-granicza-kitaj;Белгород;А-350;такси Белгород А-350;0;;0;;0;;0;[]
https://city2city.ru/belgorod-granicza-ukraina;Белгород;М-3 Украина;такси Белгород М-3 Украина;0;;0;;0;;0;[]
https://city2city.ru/belgorod-ivnya;Белгород;посёлок городского типа Ивня;такси Белгород посёлок городского типа Ивня;0;;0;;0;;0;[]
https://city2city.ru/belgorod-kaluga;Белгород;Калуга;такси Белгород Калуга;6;;0;;0;;0;[]
https://city2city.ru/belgorod-kanevskaya;Белгород;станица Каневская;такси Белгород станица Каневская;0;;0;;0;;0;[]
https://city2city.ru/belgorod-kazan;Белгород;Казань;такси Белгород Казань;15;белгород казань такси;15;;0;;0;"[{""phrase"": ""белгород казань такси"", ""count"": ""15""}]"
https://city2city.ru/belgorod-kerch;Белгород;Керчь;такси Белгород Керчь;0;;0;;0;;0;[]
https://city2city.ru/belgorod-korocha;Белгород;Короча;такси Белгород Короча;22;такси короча белгород;22;;0;;0;"[{""phrase"": ""такси короча белгород"", ""count"": ""22""}]"
https://city2city.ru/belgorod-krasnaya-yaruga;Белгород;посёлок городского типа Красная Яруга;такси Белгород посёлок городского типа Красная Яруга;0;;0;;0;;0;[]
https://city2city.ru/belgorod-krasnyj-oktyabr;Белгород;посёлок городского типа Красный Октябрь;такси Белгород посёлок городского типа Красный Октябрь;0;;0;;0;;0;[]
https://city2city.ru/belgorod-lipeck;Белгород;Липецк;такси Белгород Липецк;17;белгород липецк такси;17;такси белгород липецк цена;7;;0;"[{""phrase"": ""белгород липецк такси"", ""count"": ""17""}, {""phrase"": ""такси белгород липецк цена"", ""count"": ""7""}]"
https://city2city.ru/belgorod-liski;Белгород;Лиски;такси Белгород Лиски;6;;0;;0;;0;[]
https://city2city.ru/belgorod-livny;Белгород;Ливны;такси Белгород Ливны;0;;0;;0;;0;[]
https://city2city.ru/belgorod-maslova-pristan;Белгород;посёлок городского типа Маслова Пристань;такси Белгород посёлок городского типа Маслова Пристань;0;;0;;0;;0;[]
https://city2city.ru/belgorod-millerovo;Белгород;Миллерово;такси Белгород Миллерово;0;;0;;0;;0;[]
https://city2city.ru/belgorod-moskva;Белгород;Москва;такси Белгород Москва;303;такси москва белгород;303;такси белгород москва цена;55;такси белгород москва стоимость;42;"[{""phrase"": ""такси москва белгород"", ""count"": ""303""}, {""phrase"": ""такси белгород москва цена"", ""count"": ""55""}, {""phrase"": ""такси белгород москва стоимость"", ""count"": ""42""}, {""phrase"": ""такси белгород москва стоимость поездки"", ""count"": ""32""}, {""phrase"": ""сколько стоит такси от белгорода до москвы"", ""count"": ""19""}, {""phrase"": ""маршрутное такси белгород москва"", ""count"": ""6""}]"
https://city2city.ru/belgorod-murom;Белгород;Муром;такси Белгород Муром;0;;0;;0;;0;[]
https://city2city.ru/belgorod-naro-fominsk;Белгород;Наро-Фоминск;такси Белгород Наро-Фоминск;0;;0;;0;;0;[]
https://city2city.ru/belgorod-nizhnij-novgorod;Белгород;Нижний Новгород;такси Белгород Нижний Новгород;12;такси белгород нижний новгород;12;;0;;0;"[{""phrase"": ""такси белгород нижний новгород"", ""count"": ""12""}]"
https://city2city.ru/belgorod-novyj_oskol;Белгород;Новый Оскол;такси Белгород Новый Оскол;16;такси белгород новый оскол;16;;0;;0;"[{""phrase"": ""такси белгород новый оскол"", ""count"": ""16""}]"
https://city2city.ru/belgorod-obninsk;Белгород;Обнинск;такси Белгород Обнинск;4;;0;;0;;0;[]
https://city2city.ru/belgorod-oboyan;Белгород;Обоянь;такси Белгород Обоянь;2;;0;;0;;0;[]
https://city2city.ru/belgorod-orel;Белгород;Орёл;такси Белгород Орёл;13;такси белгород орел;13;;0;;0;"[{""phrase"": ""такси белгород орел"", ""count"": ""13""}]"
https://city2city.ru/belgorod-penza;Белгород;Пенза;такси Белгород Пенза;6;такси белгород пенза;6;;0;;0;"[{""phrase"": ""такси белгород пенза"", ""count"": ""6""}]"
https://city2city.ru/belgorod-petrozavodsk;Белгород;Петрозаводск;такси Белгород Петрозаводск;1;;0;;0;;0;[]
https://city2city.ru/belgorod-pskov;Белгород;Псков;такси Белгород Псков;2;;0;;0;;0;[]
https://city2city.ru/belgorod-ramenskoe;Белгород;Раменское;такси Белгород Раменское;0;;0;;0;;0;[]
https://city2city.ru/belgorod-rossosh;Белгород;Россошь;такси Белгород Россошь;55;такси россошь белгород;55;россошь белгород такси цена;11;;0;"[{""phrase"": ""такси россошь белгород"", ""count"": ""55""}, {""phrase"": ""россошь белгород такси цена"", ""count"": ""11""}]"
https://city2city.ru/belgorod-rossosh-2;Белгород;Россошь;такси Белгород Россошь;55;такси россошь белгород;55;россошь белгород такси цена;11;;0;"[{""phrase"": ""такси россошь белгород"", ""count"": ""55""}, {""phrase"": ""россошь белгород такси цена"", ""count"": ""11""}]"
https://city2city.ru/belgorod-rovenki;Белгород;посёлок городского типа Ровеньки;такси Белгород посёлок городского типа Ровеньки;0;;0;;0;;0;[]
https://city2city.ru/belgorod-ryazan;Белгород;Рязань;такси Белгород Рязань;7;;0;;0;;0;[]
https://city2city.ru/belgorod-rylsk;Белгород;Рыльск;такси Белгород Рыльск;0;;0;;0;;0;[]
https://city2city.ru/belgorod-samara;Белгород;Самара;такси Белгород Самара;23;такси белгород самара;23;самара белгород такси цена;7;;0;"[{""phrase"": ""такси белгород самара"", ""count"": ""23""}, {""phrase"": ""самара белгород такси цена"", ""count"": ""7""}]"
https://city2city.ru/belgorod-sankt-peterburg;Белгород;Санкт-Петербург;такси Белгород Санкт-Петербург;37;такси белгород санкт петербург;37;такси белгород санкт петербург цена;12;;0;"[{""phrase"": ""такси белгород санкт петербург"", ""count"": ""37""}, {""phrase"": ""такси белгород санкт петербург цена"", ""count"": ""12""}]"
https://city2city.ru/belgorod-saratov;Белгород;Саратов;такси Белгород Саратов;12;такси белгород саратов;12;;0;;0;"[{""phrase"": ""такси белгород саратов"", ""count"": ""12""}]"
https://city2city.ru/belgorod-selo-troiczkoe;Белгород;село Троицкое;такси Белгород село Троицкое;0;;0;;0;;0;[]
https://city2city.ru/belgorod-serpuxov;Белгород;Серпухов;такси Белгород Серпухов;1;;0;;0;;0;[]
https://city2city.ru/belgorod-sevastopol;Белгород;Севастополь;такси Белгород Севастополь;2;;0;;0;;0;[]
https://city2city.ru/belgorod-shebekino;Белгород;Шебекино;такси Белгород Шебекино;62;такси белгород шебекино;62;цена такси белгород шебекино;9;;0;"[{""phrase"": ""такси белгород шебекино"", ""count"": ""62""}, {""phrase"": ""цена такси белгород шебекино"", ""count"": ""9""}]"
https://city2city.ru/belgorod-simferopol;Белгород;Симферополь;такси Белгород Симферополь;3;;0;;0;;0;[]
https://city2city.ru/belgorod-smolensk;Белгород;Смоленск;такси Белгород Смоленск;8;такси смоленск белгород;8;;0;;0;"[{""phrase"": ""такси смоленск белгород"", ""count"": ""8""}]"
https://city2city.ru/belgorod-smolensk-2;Белгород;Смоленск;такси Белгород Смоленск;8;такси смоленск белгород;8;;0;;0;"[{""phrase"": ""такси смоленск белгород"", ""count"": ""8""}]"
https://city2city.ru/belgorod-sochi;Белгород;Сочи;такси Белгород Сочи;3;;0;;0;;0;[]
https://city2city.ru/belgorod-stavropol;Белгород;Ставрополь;такси Белгород Ставрополь;1;;0;;0;;0;[]
https://city2city.ru/belgorod-stroitel;Белгород;Строитель;такси Белгород Строитель;61;такси белгород строитель;61;;0;;0;"[{""phrase"": ""такси белгород строитель"", ""count"": ""61""}]"
https://city2city.ru/belgorod-tambov;Белгород;Тамбов;такси Белгород Тамбов;15;такси белгород тамбов;15;;0;;0;"[{""phrase"": ""такси белгород тамбов"", ""count"": ""15""}]"
https://city2city.ru/belgorod-tomarovka;Белгород;посёлок городского типа Томаровка;такси Белгород посёлок городского типа Томаровка;0;;0;;0;;0;[]
https://city2city.ru/belgorod-tula;Белгород;Тула;такси Белгород Тула;13;;0;;0;;0;[]
https://city2city.ru/belgorod-tver;Белгород;Тверь;такси Белгород Тверь;12;;0;;0;;0;[]
https://city2city.ru/belgorod-ufa;Белгород;Уфа;такси Белгород Уфа;3;;0;;0;;0;[]
https://city2city.ru/belgorod-urazovo;Белгород;посёлок городского типа Уразово;такси Белгород посёлок городского типа Уразово;0;;0;;0;;0;[]
https://city2city.ru/belgorod-valujki;Белгород;Валуйки;такси Белгород Валуйки;60;такси валуйки белгород;60;такси белгород валуйки цена;7;;0;"[{""phrase"": ""такси валуйки белгород"", ""count"": ""60""}, {""phrase"": ""такси белгород валуйки цена"", ""count"": ""7""}]"
https://city2city.ru/belgorod-vejdelevka;Белгород;посёлок городского типа Вейделевка;такси Белгород посёлок городского типа Вейделевка;0;;0;;0;;0;[]
https://city2city.ru/belgorod-velikij-novgorod;Белгород;Великий Новгород;такси Белгород Великий Новгород;5;;0;;0;;0;[]
https://city2city.ru/belgorod-vladimir;Белгород;Владимир;такси Белгород Владимир;8;;0;;0;;0;[]
https://city2city.ru/belgorod-volgograd;Белгород;Волгоград;такси Белгород Волгоград;10;такси белгород волгоград;10;;0;;0;"[{""phrase"": ""такси белгород волгоград"", ""count"": ""10""}]"
https://city2city.ru/belgorod-vologda;Белгород;Вологда;такси Белгород Вологда;12;такси белгород вологда;12;такси белгород вологда цена;5;;0;"[{""phrase"": ""такси белгород вологда"", ""count"": ""12""}, {""phrase"": ""такси белгород вологда цена"", ""count"": ""5""}]"
https://city2city.ru/belgorod-volokonovka;Белгород;посёлок городского типа Волоконовка;такси Белгород посёлок городского типа Волоконовка;0;;0;;0;;0;[]
https://city2city.ru/belgorod-voronezh;Белгород;Воронеж;такси Белгород Воронеж;91;такси воронеж белгород;91;такси воронеж белгород цена;19;сколько стоит такси воронеж белгород;17;"[{""phrase"": ""такси воронеж белгород"", ""count"": ""91""}, {""phrase"": ""такси воронеж белгород цена"", ""count"": ""19""}, {""phrase"": ""сколько стоит такси воронеж белгород"", ""count"": ""17""}]"
https://city2city.ru/belgorod-yakovlevo;Белгород;посёлок городского типа Яковлево;такси Белгород посёлок городского типа Яковлево;0;;0;;0;;0;[]
https://city2city.ru/belgorod-yaroslavl;Белгород;Ярославль;такси Белгород Ярославль;7;;0;;0;;0;[]
https://city2city.ru/belogorsk-blagoveshhensk;Белогорск;Благовещенск;такси Белогорск Благовещенск;92;такси белогорск благовещенск;92;такси белогорск благовещенск амурская;29;такси благовещенск белогорск амурская область;25;"[{""phrase"": ""такси белогорск благовещенск"", ""count"": ""92""}, {""phrase"": ""такси белогорск благовещенск амурская"", ""count"": ""29""}, {""phrase"": ""такси благовещенск белогорск амурская область"", ""count"": ""25""}]"
https://city2city.ru/blagoveshhensk-aldan;Благовещенск;Алдан;такси Благовещенск Алдан;2;;0;;0;;0;[]
https://city2city.ru/blagoveshhensk-belogorsk;Благовещенск;Белогорск;такси Благовещенск Белогорск;92;такси белогорск благовещенск;92;такси белогорск благовещенск амурская;29;такси благовещенск белогорск амурская область;25;"[{""phrase"": ""такси белогорск благовещенск"", ""count"": ""92""}, {""phrase"": ""такси белогорск благовещенск амурская"", ""count"": ""29""}, {""phrase"": ""такси благовещенск белогорск амурская область"", ""count"": ""25""}]"
https://city2city.ru/blagoveshhensk-birobidzhan;Благовещенск;Биробиджан;такси Благовещенск Биробиджан;9;;0;;0;;0;[]
https://city2city.ru/blagoveshhensk-chita;Благовещенск;Чита;такси Благовещенск Чита;3;;0;;0;;0;[]
https://city2city.ru/blagoveshhensk-cziolkovskij;Благовещенск;Циолковский;такси Благовещенск Циолковский;12;;0;;0;;0;[]
https://city2city.ru/blagoveshhensk-jakutsk;Благовещенск;Якутск;такси Благовещенск Якутск;49;такси благовещенск якутск;49;такси якутск благовещенск межгород;10;;0;"[{""phrase"": ""такси благовещенск якутск"", ""count"": ""49""}, {""phrase"": ""такси якутск благовещенск межгород"", ""count"": ""10""}]"
https://city2city.ru/blagoveshhensk-komsomolsk-na-amure;Благовещенск;Комсомольск-на-Амуре;такси Благовещенск Комсомольск-на-Амуре;0;;0;;0;;0;[]
https://city2city.ru/blagoveshhensk-kuldur;Благовещенск;поселок городского типа Кульдур;такси Благовещенск поселок городского типа Кульдур;0;;0;;0;;0;[]
https://city2city.ru/blagoveshhensk-nerjungri;Благовещенск;Нерюнгри;такси Благовещенск Нерюнгри;19;такси благовещенск нерюнгри;19;;0;;0;"[{""phrase"": ""такси благовещенск нерюнгри"", ""count"": ""19""}]"
https://city2city.ru/blagoveshhensk-obluche;Благовещенск;Облучье;такси Благовещенск Облучье;5;;0;;0;;0;[]
https://city2city.ru/blagoveshhensk-rajchixinsk;Благовещенск;Райчихинск;такси Благовещенск Райчихинск;8;;0;;0;;0;[]
https://city2city.ru/blagoveshhensk-shimanovsk;Благовещенск;Шимановск;такси Благовещенск Шимановск;8;;0;;0;;0;[]
https://city2city.ru/blagoveshhensk-skovorodino;Благовещенск;Сковородино;такси Благовещенск Сковородино;2;;0;;0;;0;[]
https://city2city.ru/blagoveshhensk-svobodnyj;Благовещенск;Свободный;такси Благовещенск Свободный;258;такси свободный благовещенск;258;такси от дома к дому свободный благовещенск;59;такси свободный благовещенск номер;56;"[{""phrase"": ""такси свободный благовещенск"", ""count"": ""258""}, {""phrase"": ""такси от дома к дому свободный благовещенск"", ""count"": ""59""}, {""phrase"": ""такси свободный благовещенск номер"", ""count"": ""56""}, {""phrase"": ""такси свободный благовещенск аэропорт"", ""count"": ""33""}, {""phrase"": ""номер телефона такси в благовещенске до свободного"", ""count"": ""22""}, {""phrase"": ""такси из свободного в город благовещенск"", ""count"": ""8""}]"
https://city2city.ru/blagoveshhensk-tommot;Благовещенск;Томмот;такси Благовещенск Томмот;0;;0;;0;;0;[]
https://city2city.ru/blagoveshhensk-tynda;Благовещенск;Тында;такси Благовещенск Тында;7;благовещенск тында такси;7;;0;;0;"[{""phrase"": ""благовещенск тында такси"", ""count"": ""7""}]"
https://city2city.ru/blagoveshhensk-uglegorsk;Благовещенск;Углегорск;такси Благовещенск Углегорск;0;;0;;0;;0;[]
https://city2city.ru/blagoveshhensk-ulan-ude;Благовещенск;Улан-Удэ;такси Благовещенск Улан-Удэ;2;;0;;0;;0;[]
https://city2city.ru/blagoveshhensk-ussurijsk;Благовещенск;Уссурийск;такси Благовещенск Уссурийск;7;;0;;0;;0;[]
https://city2city.ru/blagoveshhensk-vladivostok;Благовещенск;Владивосток;такси Благовещенск Владивосток;10;;0;;0;;0;[]
https://city2city.ru/blagoveshhensk-xabarovsk;Благовещенск;Хабаровск;такси Благовещенск Хабаровск;13;благовещенск хабаровск такси;13;;0;;0;"[{""phrase"": ""благовещенск хабаровск такси"", ""count"": ""13""}]"
https://city2city.ru/blagoveshhensk-zavitinsk;Благовещенск;Завитинск;такси Благовещенск Завитинск;2;;0;;0;;0;[]
https://city2city.ru/blagoveshhensk-zeya;Благовещенск;Зея;такси Благовещенск Зея;36;такси благовещенск зея;36;;0;;0;"[{""phrase"": ""такси благовещенск зея"", ""count"": ""36""}]"
https://city2city.ru/bratsk-irkutsk;Братск;Иркутск;такси Братск Иркутск;1196;такси братск иркутск;1196;такси братск иркутск телефон;126;такси межгород иркутск братск;52;"[{""phrase"": ""такси братск иркутск"", ""count"": ""1196""}, {""phrase"": ""такси братск иркутск телефон"", ""count"": ""126""}, {""phrase"": ""такси межгород иркутск братск"", ""count"": ""52""}, {""phrase"": ""такси братск иркутск телефон и стоимость"", ""count"": ""36""}, {""phrase"": ""такси иркутск братск телефоны и цены"", ""count"": ""35""}, {""phrase"": ""сколько стоит такси от иркутска до братска"", ""count"": ""11""}, {""phrase"": ""междугородное такси иркутск братск"", ""count"": ""10""}, {""phrase"": ""заказать такси иркутск братск"", ""count"": ""10""}, {""phrase"": ""конек горбунок такси братск иркутск"", ""count"": ""9""}, {""phrase"": ""такси до иркутска из братска цены"", ""count"": ""9""}]"
https://city2city.ru/bratsk-krasnojarsk;Братск;Красноярск;такси Братск Красноярск;45;такси братск красноярск;45;;0;;0;"[{""phrase"": ""такси братск красноярск"", ""count"": ""45""}]"
https://city2city.ru/bryansk-adler;Брянск;Адлер;такси Брянск Адлер;0;;0;;0;;0;[]
https://city2city.ru/bryansk-belaya-beryozka;Брянск;посёлок Белая Берёзка;такси Брянск посёлок Белая Берёзка;0;;0;;0;;0;[]
https://city2city.ru/bryansk-belgorod;Брянск;Белгород;такси Брянск Белгород;8;такси белгород брянск;8;;0;;0;"[{""phrase"": ""такси белгород брянск"", ""count"": ""8""}]"
https://city2city.ru/bryansk-bytosh;Брянск;посёлок Бытошь;такси Брянск посёлок Бытошь;0;;0;;0;;0;[]
https://city2city.ru/bryansk-desnogorsk;Брянск;Десногорск;такси Брянск Десногорск;2;;0;;0;;0;[]
https://city2city.ru/bryansk-domodedovo;Брянск;Домодедово;такси Брянск Домодедово;2;;0;;0;;0;[]
https://city2city.ru/bryansk-doneczk-rostovskaya-oblast;Брянск;Донецк;такси Брянск Донецк;3;такси донецк брянск;3;;0;;0;"[{""phrase"": ""такси донецк брянск"", ""count"": ""3""}]"
https://city2city.ru/bryansk-dubrovka;Брянск;деревня Дубровка;такси Брянск деревня Дубровка;0;;0;;0;;0;[]
https://city2city.ru/bryansk-dyatkovo;Брянск;Дятьково;такси Брянск Дятьково;41;такси брянск дятьково;41;такси дятьково брянск цена;6;;0;"[{""phrase"": ""такси брянск дятьково"", ""count"": ""41""}, {""phrase"": ""такси дятьково брянск цена"", ""count"": ""6""}]"
https://city2city.ru/bryansk-gelendzhik;Брянск;Геленджик;такси Брянск Геленджик;0;;0;;0;;0;[]
https://city2city.ru/bryansk-ivot;Брянск;посёлок Ивот;такси Брянск посёлок Ивот;0;;0;;0;;0;[]
https://city2city.ru/bryansk-kaluga;Брянск;Калуга;такси Брянск Калуга;17;брянск калуга такси;17;;0;;0;"[{""phrase"": ""брянск калуга такси"", ""count"": ""17""}]"
https://city2city.ru/bryansk-kamenka;Брянск;Каменка;такси Брянск Каменка;0;;0;;0;;0;[]
https://city2city.ru/bryansk-karachev;Брянск;Карачев;такси Брянск Карачев;21;такси карачев брянск;21;;0;;0;"[{""phrase"": ""такси карачев брянск"", ""count"": ""21""}]"
https://city2city.ru/bryansk-kirov-kaluzhskaya-oblast;Брянск;Киров;такси Брянск Киров;7;;0;;0;;0;[]
https://city2city.ru/bryansk-kletnya;Брянск;посёлок городского типа Клетня;такси Брянск посёлок городского типа Клетня;0;;0;;0;;0;[]
https://city2city.ru/bryansk-klimovo;Брянск;посёлок Климово;такси Брянск посёлок Климово;0;;0;;0;;0;[]
https://city2city.ru/bryansk-komarichi;Брянск;посёлок Комаричи;такси Брянск посёлок Комаричи;0;;0;;0;;0;[]
https://city2city.ru/bryansk-krasnaya-gora;Брянск;посёлок городского типа Красная Гора;такси Брянск посёлок городского типа Красная Гора;0;;0;;0;;0;[]
https://city2city.ru/bryansk-kursk;Брянск;Курск;такси Брянск Курск;19;;0;;0;;0;[]
https://city2city.ru/bryansk-lipeczk;Брянск;Липецк;такси Брянск Липецк;2;;0;;0;;0;[]
https://city2city.ru/bryansk-livny;Брянск;Ливны;такси Брянск Ливны;0;;0;;0;;0;[]
https://city2city.ru/bryansk-lokot;Брянск;посёлок Локоть;такси Брянск посёлок Локоть;2;;0;;0;;0;[]
https://city2city.ru/bryansk-lyudinovo;Брянск;Людиново;такси Брянск Людиново;24;такси брянск людиново;24;заказать такси людиново брянск;5;;0;"[{""phrase"": ""такси брянск людиново"", ""count"": ""24""}, {""phrase"": ""заказать такси людиново брянск"", ""count"": ""5""}]"
https://city2city.ru/bryansk-murom;Брянск;Муром;такси Брянск Муром;1;;0;;0;;0;[]
https://city2city.ru/bryansk-naro-fominsk;Брянск;Наро-Фоминск;такси Брянск Наро-Фоминск;0;;0;;0;;0;[]
https://city2city.ru/bryansk-navlya;Брянск;рабочий посёлок Навля;такси Брянск рабочий посёлок Навля;0;;0;;0;;0;[]
https://city2city.ru/bryansk-nizhnij-novgorod;Брянск;Нижний Новгород;такси Брянск Нижний Новгород;4;;0;;0;;0;[]
https://city2city.ru/bryansk-novomoskovsk;Брянск;Новомосковск;такси Брянск Новомосковск;1;;0;;0;;0;[]
https://city2city.ru/bryansk-novozybkov;Брянск;Новозыбков;такси Брянск Новозыбков;18;такси брянска новозыбков;18;;0;;0;"[{""phrase"": ""такси брянска новозыбков"", ""count"": ""18""}]"
https://city2city.ru/bryansk-obninsk;Брянск;Обнинск;такси Брянск Обнинск;11;;0;;0;;0;[]
https://city2city.ru/bryansk-oryol;Брянск;Орёл;такси Брянск Орёл;30;такси орел брянск;30;;0;;0;"[{""phrase"": ""такси орел брянск"", ""count"": ""30""}]"
https://city2city.ru/bryansk-pochep;Брянск;Почеп;такси Брянск Почеп;35;такси почеп брянск;35;;0;;0;"[{""phrase"": ""такси почеп брянск"", ""count"": ""35""}]"
https://city2city.ru/bryansk-pogar;Брянск;посёлок Погар;такси Брянск посёлок Погар;0;;0;;0;;0;[]
https://city2city.ru/bryansk-pskov;Брянск;Псков;такси Брянск Псков;5;;0;;0;;0;[]
https://city2city.ru/bryansk-rognedino;Брянск;поселок Рогнедино;такси Брянск поселок Рогнедино;0;;0;;0;;0;[]
https://city2city.ru/bryansk-rossosh;Брянск;Россошь;такси Брянск Россошь;4;;0;;0;;0;[]
https://city2city.ru/bryansk-rostov-na-donu;Брянск;Ростов-на-Дону;такси Брянск Ростов-на-Дону;2;;0;;0;;0;[]
https://city2city.ru/bryansk-rylsk;Брянск;Рыльск;такси Брянск Рыльск;2;;0;;0;;0;[]
https://city2city.ru/bryansk-sankt-peterburg;Брянск;Санкт-Петербург;такси Брянск Санкт-Петербург;6;;0;;0;;0;[]
https://city2city.ru/bryansk-selo-troiczkoe;Брянск;село Троицкое;такси Брянск село Троицкое;0;;0;;0;;0;[]
https://city2city.ru/bryansk-sevsk;Брянск;Севск;такси Брянск Севск;13;;0;;0;;0;[]
https://city2city.ru/bryansk-simferopol;Брянск;Симферополь;такси Брянск Симферополь;5;;0;;0;;0;[]
https://city2city.ru/bryansk-smolensk;Брянск;Смоленск;такси Брянск Смоленск;37;такси брянск смоленск;37;такси брянск смоленск цена;11;;0;"[{""phrase"": ""такси брянск смоленск"", ""count"": ""37""}, {""phrase"": ""такси брянск смоленск цена"", ""count"": ""11""}]"
https://city2city.ru/bryansk-sochi;Брянск;Сочи;такси Брянск Сочи;1;;0;;0;;0;[]
https://city2city.ru/bryansk-star;Брянск;посёлок Старь;такси Брянск посёлок Старь;1;;0;;0;;0;[]
https://city2city.ru/bryansk-starodub;Брянск;Стародуб;такси Брянск Стародуб;38;такси брянск стародуб;38;;0;;0;"[{""phrase"": ""такси брянск стародуб"", ""count"": ""38""}]"
https://city2city.ru/bryansk-stavropol;Брянск;Ставрополь;такси Брянск Ставрополь;3;;0;;0;;0;[]
https://city2city.ru/bryansk-surazh;Брянск;Сураж;такси Брянск Сураж;10;такси сураж брянск;10;;0;;0;"[{""phrase"": ""такси сураж брянск"", ""count"": ""10""}]"
https://city2city.ru/bryansk-suzemka;Брянск;посёлок Суземка;такси Брянск посёлок Суземка;0;;0;;0;;0;[]
https://city2city.ru/bryansk-trubchevsk;Брянск;Трубчевск;такси Брянск Трубчевск;20;такси брянск трубчевск;20;;0;;0;"[{""phrase"": ""такси брянск трубчевск"", ""count"": ""20""}]"
https://city2city.ru/bryansk-tula;Брянск;Тула;такси Брянск Тула;10;;0;;0;;0;[]
https://city2city.ru/bryansk-tver;Брянск;Тверь;такси Брянск Тверь;1;;0;;0;;0;[]
https://city2city.ru/bryansk-unecha;Брянск;Унеча;такси Брянск Унеча;14;такси унеча брянск;14;;0;;0;"[{""phrase"": ""такси унеча брянск"", ""count"": ""14""}]"
https://city2city.ru/bryansk-voronezh;Брянск;Воронеж;такси Брянск Воронеж;12;такси воронеж брянск;12;;0;;0;"[{""phrase"": ""такси воронеж брянск"", ""count"": ""12""}]"
https://city2city.ru/bryansk-vygonichi;Брянск;посёлок городского типа Выгоничи;такси Брянск посёлок городского типа Выгоничи;0;;0;;0;;0;[]
https://city2city.ru/bryansk-xvalynsk;Брянск;Хвалынск;такси Брянск Хвалынск;0;;0;;0;;0;[]
https://city2city.ru/bryansk-zlynka;Брянск;Злынка;такси Брянск Злынка;1;;0;;0;;0;[]
https://city2city.ru/cheboksary-alatyr;Чебоксары;Алатырь;такси Чебоксары Алатырь;32;такси алатырь чебоксары;32;;0;;0;"[{""phrase"": ""такси алатырь чебоксары"", ""count"": ""32""}]"
https://city2city.ru/cheboksary-belebej;Чебоксары;Белебей;такси Чебоксары Белебей;0;;0;;0;;0;[]
https://city2city.ru/cheboksary-bugulma;Чебоксары;Бугульма;такси Чебоксары Бугульма;0;;0;;0;;0;[]
https://city2city.ru/cheboksary-czivilsk;Чебоксары;Цивильск;такси Чебоксары Цивильск;43;такси цивильск чебоксары;43;такси чебоксары цивильск цена;13;;0;"[{""phrase"": ""такси цивильск чебоксары"", ""count"": ""43""}, {""phrase"": ""такси чебоксары цивильск цена"", ""count"": ""13""}]"
https://city2city.ru/cheboksary-dubrovka;Чебоксары;деревня Дубровка;такси Чебоксары деревня Дубровка;0;;0;;0;;0;[]
https://city2city.ru/cheboksary-granicza-kazaxstan;Чебоксары;52А-3;такси Чебоксары 52А-3;0;;0;;0;;0;[]
https://city2city.ru/cheboksary-izhevsk;Чебоксары;Ижевск;такси Чебоксары Ижевск;1;;0;;0;;0;[]
https://city2city.ru/cheboksary-kanash;Чебоксары;деревня Канаш;такси Чебоксары деревня Канаш;0;;0;;0;;0;[]
https://city2city.ru/cheboksary-kirov;Чебоксары;Киров;такси Чебоксары Киров;5;такси киров чебоксары;5;;0;;0;"[{""phrase"": ""такси киров чебоксары"", ""count"": ""5""}]"
https://city2city.ru/cheboksary-komsomolskij;Чебоксары;рабочий посёлок Комсомольский;такси Чебоксары рабочий посёлок Комсомольский;0;;0;;0;;0;[]
https://city2city.ru/cheboksary-kozlovka;Чебоксары;село Козловка;такси Чебоксары село Козловка;0;;0;;0;;0;[]
https://city2city.ru/cheboksary-kozmodemyansk;Чебоксары;Козьмодемьянск;такси Чебоксары Козьмодемьянск;12;такси чебоксары козьмодемьянск;12;;0;;0;"[{""phrase"": ""такси чебоксары козьмодемьянск"", ""count"": ""12""}]"
https://city2city.ru/cheboksary-krasnoarmejsk;Чебоксары;Красноармейск;такси Чебоксары Красноармейск;0;;0;;0;;0;[]
https://city2city.ru/cheboksary-kstovo;Чебоксары;Кстово;такси Чебоксары Кстово;0;;0;;0;;0;[]
https://city2city.ru/cheboksary-lyskovo;Чебоксары;Лысково;такси Чебоксары Лысково;2;;0;;0;;0;[]
https://city2city.ru/cheboksary-magnitogorsk;Чебоксары;Магнитогорск;такси Чебоксары Магнитогорск;0;;0;;0;;0;[]
https://city2city.ru/cheboksary-naberezhnye-chelny;Чебоксары;Набережные Челны;такси Чебоксары Набережные Челны;16;такси набережные челны чебоксары;16;;0;;0;"[{""phrase"": ""такси набережные челны чебоксары"", ""count"": ""16""}]"
https://city2city.ru/cheboksary-nizhnekamsk;Чебоксары;Нижнекамск;такси Чебоксары Нижнекамск;1;;0;;0;;0;[]
https://city2city.ru/cheboksary-nizhnij-novgorod;Чебоксары;Нижний Новгород;такси Чебоксары Нижний Новгород;33;такси нижний новгород чебоксары;33;грузовое такси чебоксары нижний новгород;5;;0;"[{""phrase"": ""такси нижний новгород чебоксары"", ""count"": ""33""}, {""phrase"": ""грузовое такси чебоксары нижний новгород"", ""count"": ""5""}]"
https://city2city.ru/cheboksary-novocheboksarsk;Чебоксары;Новочебоксарск;такси Чебоксары Новочебоксарск;106;такси чебоксары новочебоксарск;106;такси чебоксары новочебоксарск цена;18;сколько стоит такси новочебоксарск чебоксары;18;"[{""phrase"": ""такси чебоксары новочебоксарск"", ""count"": ""106""}, {""phrase"": ""такси чебоксары новочебоксарск цена"", ""count"": ""18""}, {""phrase"": ""сколько стоит такси новочебоксарск чебоксары"", ""count"": ""18""}]"
https://city2city.ru/cheboksary-obninsk;Чебоксары;Обнинск;такси Чебоксары Обнинск;0;;0;;0;;0;[]
https://city2city.ru/cheboksary-oktyabrskij-respublika-bashkortostan;Чебоксары;Октябрьский;такси Чебоксары Октябрьский;3;;0;;0;;0;[]
https://city2city.ru/cheboksary-penza;Чебоксары;Пенза;такси Чебоксары Пенза;23;такси пенза чебоксары;23;;0;;0;"[{""phrase"": ""такси пенза чебоксары"", ""count"": ""23""}]"
https://city2city.ru/cheboksary-perm;Чебоксары;Пермь;такси Чебоксары Пермь;1;;0;;0;;0;[]
https://city2city.ru/cheboksary-pilna;Чебоксары;поселок городского типа Пильна;такси Чебоксары поселок городского типа Пильна;0;;0;;0;;0;[]
https://city2city.ru/cheboksary-posyolok-komsomolskij;Чебоксары;посёлок Комсомольский;такси Чебоксары посёлок Комсомольский;0;;0;;0;;0;[]
https://city2city.ru/cheboksary-rostov-na-donu;Чебоксары;Ростов-на-Дону;такси Чебоксары Ростов-на-Дону;2;;0;;0;;0;[]
https://city2city.ru/cheboksary-sergach;Чебоксары;Сергач;такси Чебоксары Сергач;1;;0;;0;;0;[]
https://city2city.ru/cheboksary-shumerlya;Чебоксары;деревня Шумерля;такси Чебоксары деревня Шумерля;0;;0;;0;;0;[]
https://city2city.ru/cheboksary-sosnovka;Чебоксары;Сосновка;такси Чебоксары Сосновка;5;;0;;0;;0;[]
https://city2city.ru/cheboksary-sterlitamak;Чебоксары;Стерлитамак;такси Чебоксары Стерлитамак;7;;0;;0;;0;[]
https://city2city.ru/cheboksary-surskoe;Чебоксары;рабочий посёлок Сурское;такси Чебоксары рабочий посёлок Сурское;0;;0;;0;;0;[]
https://city2city.ru/cheboksary-syktyvkar;Чебоксары;Сыктывкар;такси Чебоксары Сыктывкар;1;;0;;0;;0;[]
https://city2city.ru/cheboksary-syzran;Чебоксары;Сызрань;такси Чебоксары Сызрань;2;;0;;0;;0;[]
https://city2city.ru/cheboksary-ulyanovsk;Чебоксары;Ульяновск;такси Чебоксары Ульяновск;26;такси чебоксары ульяновск;26;;0;;0;"[{""phrase"": ""такси чебоксары ульяновск"", ""count"": ""26""}]"
https://city2city.ru/cheboksary-vasilsursk;Чебоксары;рабочий посёлок Васильсурск;такси Чебоксары рабочий посёлок Васильсурск;0;;0;;0;;0;[]
https://city2city.ru/cheboksary-volzhsk;Чебоксары;Волжск;такси Чебоксары Волжск;7;;0;;0;;0;[]
https://city2city.ru/cheboksary-vorotynecz;Чебоксары;поселок городского типа Воротынец;такси Чебоксары поселок городского типа Воротынец;0;;0;;0;;0;[]
https://city2city.ru/cheboksary-yadrin;Чебоксары;Ядрин;такси Чебоксары Ядрин;8;;0;;0;;0;[]
https://city2city.ru/cheboksary-yaransk;Чебоксары;Яранск;такси Чебоксары Яранск;0;;0;;0;;0;[]
https://city2city.ru/cheboksary-yurino;Чебоксары;посёлок городского типа Юрино;такси Чебоксары посёлок городского типа Юрино;0;;0;;0;;0;[]
https://city2city.ru/cheboksary-zelenodolsk;Чебоксары;Зеленодольск;такси Чебоксары Зеленодольск;11;;0;;0;;0;[]
https://city2city.ru/cheboksary-zvenigovo;Чебоксары;Звенигово;такси Чебоксары Звенигово;8;;0;;0;;0;[]
https://city2city.ru/cheljabinsk-beloreck;Челябинск;;такси Челябинск ;24617;такси челябинск;24617;яндекс такси челябинск;6674;такси челябинск телефон;4755;"[{""phrase"": ""такси челябинск"", ""count"": ""24617""}, {""phrase"": ""яндекс такси челябинск"", ""count"": ""6674""}, {""phrase"": ""такси челябинск телефон"", ""count"": ""4755""}, {""phrase"": ""номер такси челябинск"", ""count"": ""2597""}, {""phrase"": ""такси максим челябинск"", ""count"": ""2493""}, {""phrase"": ""яндекс такси челябинск телефон"", ""count"": ""1970""}, {""phrase"": ""такси челябинск номер телефона"", ""count"": ""1730""}, {""phrase"": ""заказ такси челябинск"", ""count"": ""1213""}, {""phrase"": ""такси челябинск телефон для заказа"", ""count"": ""1025""}, {""phrase"": ""такси максим челябинск телефон"", ""count"": ""988""}]"
https://city2city.ru/cheljabinsk-kurgan;Челябинск;;такси Челябинск ;24617;такси челябинск;24617;яндекс такси челябинск;6674;такси челябинск телефон;4755;"[{""phrase"": ""такси челябинск"", ""count"": ""24617""}, {""phrase"": ""яндекс такси челябинск"", ""count"": ""6674""}, {""phrase"": ""такси челябинск телефон"", ""count"": ""4755""}, {""phrase"": ""номер такси челябинск"", ""count"": ""2597""}, {""phrase"": ""такси максим челябинск"", ""count"": ""2493""}, {""phrase"": ""яндекс такси челябинск телефон"", ""count"": ""1970""}, {""phrase"": ""такси челябинск номер телефона"", ""count"": ""1730""}, {""phrase"": ""заказ такси челябинск"", ""count"": ""1213""}, {""phrase"": ""такси челябинск телефон для заказа"", ""count"": ""1025""}, {""phrase"": ""такси максим челябинск телефон"", ""count"": ""988""}]"
https://city2city.ru/cheljabinsk-magnitogorsk;Челябинск;;такси Челябинск ;24617;такси челябинск;24617;яндекс такси челябинск;6674;такси челябинск телефон;4755;"[{""phrase"": ""такси челябинск"", ""count"": ""24617""}, {""phrase"": ""яндекс такси челябинск"", ""count"": ""6674""}, {""phrase"": ""такси челябинск телефон"", ""count"": ""4755""}, {""phrase"": ""номер такси челябинск"", ""count"": ""2597""}, {""phrase"": ""такси максим челябинск"", ""count"": ""2493""}, {""phrase"": ""яндекс такси челябинск телефон"", ""count"": ""1970""}, {""phrase"": ""такси челябинск номер телефона"", ""count"": ""1730""}, {""phrase"": ""заказ такси челябинск"", ""count"": ""1213""}, {""phrase"": ""такси челябинск телефон для заказа"", ""count"": ""1025""}, {""phrase"": ""такси максим челябинск телефон"", ""count"": ""988""}]"
https://city2city.ru/cheljabinsk-sibaj;Челябинск;;такси Челябинск ;24617;такси челябинск;24617;яндекс такси челябинск;6674;такси челябинск телефон;4755;"[{""phrase"": ""такси челябинск"", ""count"": ""24617""}, {""phrase"": ""яндекс такси челябинск"", ""count"": ""6674""}, {""phrase"": ""такси челябинск телефон"", ""count"": ""4755""}, {""phrase"": ""номер такси челябинск"", ""count"": ""2597""}, {""phrase"": ""такси максим челябинск"", ""count"": ""2493""}, {""phrase"": ""яндекс такси челябинск телефон"", ""count"": ""1970""}, {""phrase"": ""такси челябинск номер телефона"", ""count"": ""1730""}, {""phrase"": ""заказ такси челябинск"", ""count"": ""1213""}, {""phrase"": ""такси челябинск телефон для заказа"", ""count"": ""1025""}, {""phrase"": ""такси максим челябинск телефон"", ""count"": ""988""}]"
https://city2city.ru/cheljabinsk-uchaly;Челябинск;;такси Челябинск ;24617;такси челябинск;24617;яндекс такси челябинск;6674;такси челябинск телефон;4755;"[{""phrase"": ""такси челябинск"", ""count"": ""24617""}, {""phrase"": ""яндекс такси челябинск"", ""count"": ""6674""}, {""phrase"": ""такси челябинск телефон"", ""count"": ""4755""}, {""phrase"": ""номер такси челябинск"", ""count"": ""2597""}, {""phrase"": ""такси максим челябинск"", ""count"": ""2493""}, {""phrase"": ""яндекс такси челябинск телефон"", ""count"": ""1970""}, {""phrase"": ""такси челябинск номер телефона"", ""count"": ""1730""}, {""phrase"": ""заказ такси челябинск"", ""count"": ""1213""}, {""phrase"": ""такси челябинск телефон для заказа"", ""count"": ""1025""}, {""phrase"": ""такси максим челябинск телефон"", ""count"": ""988""}]"
https://city2city.ru/chelyabinsk-adler;Челябинск;Адлер;такси Челябинск Адлер;0;;0;;0;;0;[]
https://city2city.ru/chelyabinsk-anapa;Челябинск;Анапа;такси Челябинск Анапа;2;;0;;0;;0;[]
https://city2city.ru/chelyabinsk-app-bugristoe;Челябинск;Троицк;такси Челябинск Троицк;50;такси троицк челябинск;50;цена челябинск троицк такси;9;;0;"[{""phrase"": ""такси троицк челябинск"", ""count"": ""50""}, {""phrase"": ""цена челябинск троицк такси"", ""count"": ""9""}]"
https://city2city.ru/chelyabinsk-bajmak;Челябинск;Баймак;такси Челябинск Баймак;12;такси баймак челябинск;12;;0;;0;"[{""phrase"": ""такси баймак челябинск"", ""count"": ""12""}]"
https://city2city.ru/chelyabinsk-bakal;Челябинск;Бакал;такси Челябинск Бакал;2;;0;;0;;0;[]
https://city2city.ru/chelyabinsk-berdyaush;Челябинск;посёлок городского типа Бердяуш;такси Челябинск посёлок городского типа Бердяуш;0;;0;;0;;0;[]
https://city2city.ru/chelyabinsk-berezniki;Челябинск;Березники;такси Челябинск Березники;0;;0;;0;;0;[]
https://city2city.ru/chelyabinsk-chebarkul;Челябинск;Чебаркуль;такси Челябинск Чебаркуль;124;такси челябинск чебаркуль;124;такси чебаркуль челябинск цена;30;стоимость такси челябинск чебаркуль;28;"[{""phrase"": ""такси челябинск чебаркуль"", ""count"": ""124""}, {""phrase"": ""такси чебаркуль челябинск цена"", ""count"": ""30""}, {""phrase"": ""стоимость такси челябинск чебаркуль"", ""count"": ""28""}, {""phrase"": ""сколько стоит такси от челябинска до чебаркуля"", ""count"": ""15""}, {""phrase"": ""стоимость такси из перми до челябинска чебаркуль"", ""count"": ""6""}]"
https://city2city.ru/chelyabinsk-dimitrovgrad;Челябинск;Димитровград;такси Челябинск Димитровград;0;;0;;0;;0;[]
https://city2city.ru/chelyabinsk-dubrovka;Челябинск;деревня Дубровка;такси Челябинск деревня Дубровка;0;;0;;0;;0;[]
https://city2city.ru/chelyabinsk-ekaterinburg;Челябинск;Екатеринбург;такси Челябинск Екатеринбург;626;такси екатеринбург челябинск;626;такси челябинск кольцово екатеринбург;166;такси челябинск екатеринбург стоимость;83;"[{""phrase"": ""такси екатеринбург челябинск"", ""count"": ""626""}, {""phrase"": ""такси челябинск кольцово екатеринбург"", ""count"": ""166""}, {""phrase"": ""такси челябинск екатеринбург стоимость"", ""count"": ""83""}, {""phrase"": ""такси екатеринбург челябинск цена"", ""count"": ""75""}, {""phrase"": ""сколько стоит такси от челябинска до екатеринбурга"", ""count"": ""35""}, {""phrase"": ""такси межгород екатеринбург челябинск"", ""count"": ""28""}, {""phrase"": ""яндекс такси екатеринбург челябинск"", ""count"": ""23""}, {""phrase"": ""такси челябинск екатеринбург кольцово стоимость"", ""count"": ""19""}, {""phrase"": ""такси челябинск екатеринбург аэропорт"", ""count"": ""18""}, {""phrase"": ""заказать такси с челябинска до екатеринбурга цена"", ""count"": ""6""}]"
https://city2city.ru/chelyabinsk-elan;Челябинск;рабочий посёлок Елань;такси Челябинск рабочий посёлок Елань;0;;0;;0;;0;[]
https://city2city.ru/chelyabinsk-emanzhelinsk;Челябинск;Еманжелинск;такси Челябинск Еманжелинск;32;еманжелинск челябинск такси;32;;0;;0;"[{""phrase"": ""еманжелинск челябинск такси"", ""count"": ""32""}]"
https://city2city.ru/chelyabinsk-granicza-kazaxstan;Челябинск;52А-3;такси Челябинск 52А-3;0;;0;;0;;0;[]
https://city2city.ru/chelyabinsk-izhevsk;Челябинск;Ижевск;такси Челябинск Ижевск;5;;0;;0;;0;[]
https://city2city.ru/chelyabinsk-joshkar-ola;Челябинск;Йошкар-Ола;такси Челябинск Йошкар-Ола;0;;0;;0;;0;[]
https://city2city.ru/chelyabinsk-karabash;Челябинск;Карабаш;такси Челябинск Карабаш;16;такси челябинск карабаш;16;;0;;0;"[{""phrase"": ""такси челябинск карабаш"", ""count"": ""16""}]"
https://city2city.ru/chelyabinsk-kargapole;Челябинск;посёлок Каргаполье;такси Челябинск посёлок Каргаполье;0;;0;;0;;0;[]
https://city2city.ru/chelyabinsk-kazan;Челябинск;Казань;такси Челябинск Казань;9;;0;;0;;0;[]
https://city2city.ru/chelyabinsk-kopejsk;Челябинск;Копейск;такси Челябинск Копейск;87;сколько стоит такси челябинск копейск;23;такси из копейска в челябинск;13;;0;"[{""phrase"": ""сколько стоит такси челябинск копейск"", ""count"": ""23""}, {""phrase"": ""такси из копейска в челябинск"", ""count"": ""13""}]"
https://city2city.ru/chelyabinsk-korkino;Челябинск;Коркино;такси Челябинск Коркино;35;такси коркино челябинск;35;;0;;0;"[{""phrase"": ""такси коркино челябинск"", ""count"": ""35""}]"
https://city2city.ru/chelyabinsk-krasnogorsk;Челябинск;Красногорск;такси Челябинск Красногорск;7;;0;;0;;0;[]
https://city2city.ru/chelyabinsk-krasnogorskij;Челябинск;посёлок городского типа Красногорский;такси Челябинск посёлок городского типа Красногорский;0;;0;;0;;0;[]
https://city2city.ru/chelyabinsk-kropachyovo;Челябинск;посёлок городского типа Кропачёво;такси Челябинск посёлок городского типа Кропачёво;0;;0;;0;;0;[]
https://city2city.ru/chelyabinsk-kursk;Челябинск;Курск;такси Челябинск Курск;6;курск челябинск такси;6;;0;;0;"[{""phrase"": ""курск челябинск такси"", ""count"": ""6""}]"
https://city2city.ru/chelyabinsk-kurtamysh;Челябинск;Куртамыш;такси Челябинск Куртамыш;1;;0;;0;;0;[]
https://city2city.ru/chelyabinsk-kusa;Челябинск;Куса;такси Челябинск Куса;12;такси куса челябинск;12;;0;;0;"[{""phrase"": ""такси куса челябинск"", ""count"": ""12""}]"
https://city2city.ru/chelyabinsk-kuvandyk;Челябинск;Кувандык;такси Челябинск Кувандык;0;;0;;0;;0;[]
https://city2city.ru/chelyabinsk-kuzneczk;Челябинск;Кузнецк;такси Челябинск Кузнецк;0;;0;;0;;0;[]
https://city2city.ru/chelyabinsk-makushino;Челябинск;Макушино;такси Челябинск Макушино;0;;0;;0;;0;[]
https://city2city.ru/chelyabinsk-mapp-krasnyj-kamen;Челябинск;посёлок Красный Камень;такси Челябинск посёлок Красный Камень;0;;0;;0;;0;[]
https://city2city.ru/chelyabinsk-mednogorsk;Челябинск;Медногорск;такси Челябинск Медногорск;0;;0;;0;;0;[]
https://city2city.ru/chelyabinsk-mezhgore;Челябинск;Межгорье;такси Челябинск Межгорье;2;;0;;0;;0;[]
https://city2city.ru/chelyabinsk-mezhozyornyj;Челябинск;посёлок городского типа Межозёрный;такси Челябинск посёлок городского типа Межозёрный;0;;0;;0;;0;[]
https://city2city.ru/chelyabinsk-miass;Челябинск;Миасс;такси Челябинск Миасс;148;такси челябинск миасс;148;такси атлас миасс челябинск;23;такси аэропорт челябинска миасс;23;"[{""phrase"": ""такси челябинск миасс"", ""count"": ""148""}, {""phrase"": ""такси атлас миасс челябинск"", ""count"": ""23""}, {""phrase"": ""такси аэропорт челябинска миасс"", ""count"": ""23""}, {""phrase"": ""такси челябинск миасс цена"", ""count"": ""20""}, {""phrase"": ""такси атлас миасс челябинск официальный сайт"", ""count"": ""16""}, {""phrase"": ""такси челябинск миасс стоимость"", ""count"": ""15""}, {""phrase"": ""сколько стоит такси от челябинска до миасса"", ""count"": ""12""}, {""phrase"": ""такси миасс челябинск аэропорт цена"", ""count"": ""8""}]"
https://city2city.ru/chelyabinsk-mirnyj;Челябинск;Мирный;такси Челябинск Мирный;3;;0;;0;;0;[]
https://city2city.ru/chelyabinsk-moskva;Челябинск;Москва;такси Челябинск Москва;73;такси москва челябинск;73;москва челябинск такси сколько;19;такси челябинск москва сколько стоит;10;"[{""phrase"": ""такси москва челябинск"", ""count"": ""73""}, {""phrase"": ""москва челябинск такси сколько"", ""count"": ""19""}, {""phrase"": ""такси челябинск москва сколько стоит"", ""count"": ""10""}, {""phrase"": ""яндекс такси челябинск москва"", ""count"": ""7""}]"
https://city2city.ru/chelyabinsk-nizhnekamsk;Челябинск;Нижнекамск;такси Челябинск Нижнекамск;3;;0;;0;;0;[]
https://city2city.ru/chelyabinsk-nizhnevartovsk;Челябинск;Нижневартовск;такси Челябинск Нижневартовск;3;;0;;0;;0;[]
https://city2city.ru/chelyabinsk-nizhnij-novgorod;Челябинск;Нижний Новгород;такси Челябинск Нижний Новгород;1;;0;;0;;0;[]
https://city2city.ru/chelyabinsk-nizhnij-tagil;Челябинск;Нижний Тагил;такси Челябинск Нижний Тагил;1;;0;;0;;0;[]
https://city2city.ru/chelyabinsk-nizhnyaya-tura;Челябинск;Нижняя Тура;такси Челябинск Нижняя Тура;1;;0;;0;;0;[]
https://city2city.ru/chelyabinsk-novotroiczk;Челябинск;Новотроицк;такси Челябинск Новотроицк;1;;0;;0;;0;[]
https://city2city.ru/chelyabinsk-novyj-urengoj;Челябинск;Новый Уренгой;такси Челябинск Новый Уренгой;0;;0;;0;;0;[]
https://city2city.ru/chelyabinsk-noyabrsk;Челябинск;Ноябрьск;такси Челябинск Ноябрьск;0;;0;;0;;0;[]
https://city2city.ru/chelyabinsk-nyazepetrovsk;Челябинск;Нязепетровск;такси Челябинск Нязепетровск;7;такси нязепетровск челябинск;7;;0;;0;"[{""phrase"": ""такси нязепетровск челябинск"", ""count"": ""7""}]"
https://city2city.ru/chelyabinsk-oktyabrskoe;Челябинск;посёлок городского типа Октябрьское;такси Челябинск посёлок городского типа Октябрьское;0;;0;;0;;0;[]
https://city2city.ru/chelyabinsk-orenburg;Челябинск;Оренбург;такси Челябинск Оренбург;40;такси оренбург челябинск;40;;0;;0;"[{""phrase"": ""такси оренбург челябинск"", ""count"": ""40""}]"
https://city2city.ru/chelyabinsk-orsk;Челябинск;Орск;такси Челябинск Орск;34;такси челябинск орск;34;такси орск челябинск ларгус цена;14;;0;"[{""phrase"": ""такси челябинск орск"", ""count"": ""34""}, {""phrase"": ""такси орск челябинск ларгус цена"", ""count"": ""14""}]"
https://city2city.ru/chelyabinsk-ozyorsk;Челябинск;Озерск;такси Челябинск Озерск;27;такси челябинск озерск;27;сколько стоит такси с озëрска до челябинска;5;;0;"[{""phrase"": ""такси челябинск озерск"", ""count"": ""27""}, {""phrase"": ""сколько стоит такси с озëрска до челябинска"", ""count"": ""5""}]"
https://city2city.ru/chelyabinsk-penza;Челябинск;Пенза;такси Челябинск Пенза;10;;0;;0;;0;[]
https://city2city.ru/chelyabinsk-pervomajskij;Челябинск;посёлок Первомайский;такси Челябинск посёлок Первомайский;5;;0;;0;;0;[]
https://city2city.ru/chelyabinsk-petrovskij;Челябинск;поселок городского типа Петровский;такси Челябинск поселок городского типа Петровский;0;;0;;0;;0;[]
https://city2city.ru/chelyabinsk-petuxovo;Челябинск;Петухово;такси Челябинск Петухово;0;;0;;0;;0;[]
https://city2city.ru/chelyabinsk-reftinskij;Челябинск;посёлок городского типа Рефтинский;такси Челябинск посёлок городского типа Рефтинский;0;;0;;0;;0;[]
https://city2city.ru/chelyabinsk-rostov-na-donu;Челябинск;Ростов-на-Дону;такси Челябинск Ростов-на-Дону;5;;0;;0;;0;[]
https://city2city.ru/chelyabinsk-roza;Челябинск;посёлок городского типа Роза;такси Челябинск посёлок городского типа Роза;0;;0;;0;;0;[]
https://city2city.ru/chelyabinsk-ryazan;Челябинск;Рязань;такси Челябинск Рязань;4;;0;;0;;0;[]
https://city2city.ru/chelyabinsk-sankt-peterburg;Челябинск;Санкт-Петербург;такси Челябинск Санкт-Петербург;13;санкт петербург челябинск сколько стоит километр такси;5;;0;;0;"[{""phrase"": ""санкт петербург челябинск сколько стоит километр такси"", ""count"": ""5""}]"
https://city2city.ru/chelyabinsk-satka;Челябинск;Сатка;такси Челябинск Сатка;40;такси челябинск сатка;40;;0;;0;"[{""phrase"": ""такси челябинск сатка"", ""count"": ""40""}]"
https://city2city.ru/chelyabinsk-selo-stepnoe;Челябинск;село Степное;такси Челябинск село Степное;0;;0;;0;;0;[]
https://city2city.ru/chelyabinsk-shadrinsk;Челябинск;Шадринск;такси Челябинск Шадринск;14;такси челябинск шадринск;14;;0;;0;"[{""phrase"": ""такси челябинск шадринск"", ""count"": ""14""}]"
https://city2city.ru/chelyabinsk-shhuche;Челябинск;Щучье;такси Челябинск Щучье;31;такси челябинск щучье;31;;0;;0;"[{""phrase"": ""такси челябинск щучье"", ""count"": ""31""}]"
https://city2city.ru/chelyabinsk-simferopol;Челябинск;Симферополь;такси Челябинск Симферополь;0;;0;;0;;0;[]
https://city2city.ru/chelyabinsk-smolino;Челябинск;посёлок городского типа Смолино;такси Челябинск посёлок городского типа Смолино;0;;0;;0;;0;[]
https://city2city.ru/chelyabinsk-sochi;Челябинск;Сочи;такси Челябинск Сочи;3;;0;;0;;0;[]
https://city2city.ru/chelyabinsk-sosnovka;Челябинск;Сосновка;такси Челябинск Сосновка;7;;0;;0;;0;[]
https://city2city.ru/chelyabinsk-surgut;Челябинск;Сургут;такси Челябинск Сургут;4;;0;;0;;0;[]
https://city2city.ru/chelyabinsk-sysert;Челябинск;Сысерть;такси Челябинск Сысерть;0;;0;;0;;0;[]
https://city2city.ru/chelyabinsk-tyumen;Челябинск;Тюмень;такси Челябинск Тюмень;57;такси челябинск тюмень;57;;0;;0;"[{""phrase"": ""такси челябинск тюмень"", ""count"": ""57""}]"
https://city2city.ru/chelyabinsk-ufa;Челябинск;Уфа;такси Челябинск Уфа;207;такси челябинск уфа;207;челябинск уфа такси межгород;26;челябинск уфа такси цены;19;"[{""phrase"": ""такси челябинск уфа"", ""count"": ""207""}, {""phrase"": ""челябинск уфа такси межгород"", ""count"": ""26""}, {""phrase"": ""челябинск уфа такси цены"", ""count"": ""19""}, {""phrase"": ""маршрутное такси челябинск уфа"", ""count"": ""13""}, {""phrase"": ""уфа челябинск такси ларгус"", ""count"": ""6""}]"
https://city2city.ru/chelyabinsk-ulyanovsk;Челябинск;Ульяновск;такси Челябинск Ульяновск;8;такси ульяновск челябинск;8;;0;;0;"[{""phrase"": ""такси ульяновск челябинск"", ""count"": ""8""}]"
https://city2city.ru/chelyabinsk-valujki;Челябинск;Валуйки;такси Челябинск Валуйки;0;;0;;0;;0;[]
https://city2city.ru/chelyabinsk-verxneuralsk;Челябинск;Верхнеуральск;такси Челябинск Верхнеуральск;10;;0;;0;;0;[]
https://city2city.ru/chelyabinsk-vishnevogorsk;Челябинск;посёлок городского типа Вишневогорск;такси Челябинск посёлок городского типа Вишневогорск;0;;0;;0;;0;[]
https://city2city.ru/chelyabinsk-voronezh;Челябинск;Воронеж;такси Челябинск Воронеж;12;;0;;0;;0;[]
https://city2city.ru/chelyabinsk-yurgamysh;Челябинск;поселок городского типа Юргамыш;такси Челябинск поселок городского типа Юргамыш;0;;0;;0;;0;[]
https://city2city.ru/chelyabinsk-yuzhnouralsk;Челябинск;Южноуральск;такси Челябинск Южноуральск;42;такси южноуральск челябинск;42;;0;;0;"[{""phrase"": ""такси южноуральск челябинск"", ""count"": ""42""}]"
https://city2city.ru/chelyabinsk-zauralskij;Челябинск;посёлок городского типа Зауральский;такси Челябинск посёлок городского типа Зауральский;0;;0;;0;;0;[]
https://city2city.ru/chelyabinsk-zlatoust;Челябинск;Златоуст;такси Челябинск Златоуст;52;такси челябинск златоуст;52;такси челябинск златоуст стоимость;14;;0;"[{""phrase"": ""такси челябинск златоуст"", ""count"": ""52""}, {""phrase"": ""такси челябинск златоуст стоимость"", ""count"": ""14""}]"
https://city2city.ru/donetsk-chelyabinsk;Донецк;;такси Донецк ;9588;такси донецк;9588;такси донецк днр;1977;такси донецк ростов;989;"[{""phrase"": ""такси донецк"", ""count"": ""9588""}, {""phrase"": ""такси донецк днр"", ""count"": ""1977""}, {""phrase"": ""такси донецк ростов"", ""count"": ""989""}, {""phrase"": ""такси донецк номера"", ""count"": ""915""}, {""phrase"": ""москва донецк такси"", ""count"": ""818""}, {""phrase"": ""такси донецк ростовская"", ""count"": ""669""}, {""phrase"": ""такси донецк ростовская область"", ""count"": ""589""}, {""phrase"": ""такси донецка телефоны"", ""count"": ""454""}, {""phrase"": ""такси донецк номера телефонов"", ""count"": ""330""}, {""phrase"": ""номера такси донецк днр"", ""count"": ""269""}]"
https://city2city.ru/donetsk-ekaterinburg;Донецк;;такси Донецк ;9588;такси донецк;9588;такси донецк днр;1977;такси донецк ростов;989;"[{""phrase"": ""такси донецк"", ""count"": ""9588""}, {""phrase"": ""такси донецк днр"", ""count"": ""1977""}, {""phrase"": ""такси донецк ростов"", ""count"": ""989""}, {""phrase"": ""такси донецк номера"", ""count"": ""915""}, {""phrase"": ""москва донецк такси"", ""count"": ""818""}, {""phrase"": ""такси донецк ростовская"", ""count"": ""669""}, {""phrase"": ""такси донецк ростовская область"", ""count"": ""589""}, {""phrase"": ""такси донецка телефоны"", ""count"": ""454""}, {""phrase"": ""такси донецк номера телефонов"", ""count"": ""330""}, {""phrase"": ""номера такси донецк днр"", ""count"": ""269""}]"
https://city2city.ru/donetsk-kazan;Донецк;;такси Донецк ;9588;такси донецк;9588;такси донецк днр;1977;такси донецк ростов;989;"[{""phrase"": ""такси донецк"", ""count"": ""9588""}, {""phrase"": ""такси донецк днр"", ""count"": ""1977""}, {""phrase"": ""такси донецк ростов"", ""count"": ""989""}, {""phrase"": ""такси донецк номера"", ""count"": ""915""}, {""phrase"": ""москва донецк такси"", ""count"": ""818""}, {""phrase"": ""такси донецк ростовская"", ""count"": ""669""}, {""phrase"": ""такси донецк ростовская область"", ""count"": ""589""}, {""phrase"": ""такси донецка телефоны"", ""count"": ""454""}, {""phrase"": ""такси донецк номера телефонов"", ""count"": ""330""}, {""phrase"": ""номера такси донецк днр"", ""count"": ""269""}]"
https://city2city.ru/donetsk-kirov;Донецк;;такси Донецк ;9588;такси донецк;9588;такси донецк днр;1977;такси донецк ростов;989;"[{""phrase"": ""такси донецк"", ""count"": ""9588""}, {""phrase"": ""такси донецк днр"", ""count"": ""1977""}, {""phrase"": ""такси донецк ростов"", ""count"": ""989""}, {""phrase"": ""такси донецк номера"", ""count"": ""915""}, {""phrase"": ""москва донецк такси"", ""count"": ""818""}, {""phrase"": ""такси донецк ростовская"", ""count"": ""669""}, {""phrase"": ""такси донецк ростовская область"", ""count"": ""589""}, {""phrase"": ""такси донецка телефоны"", ""count"": ""454""}, {""phrase"": ""такси донецк номера телефонов"", ""count"": ""330""}, {""phrase"": ""номера такси донецк днр"", ""count"": ""269""}]"
https://city2city.ru/donetsk-maykop;Донецк;;такси Донецк ;9588;такси донецк;9588;такси донецк днр;1977;такси донецк ростов;989;"[{""phrase"": ""такси донецк"", ""count"": ""9588""}, {""phrase"": ""такси донецк днр"", ""count"": ""1977""}, {""phrase"": ""такси донецк ростов"", ""count"": ""989""}, {""phrase"": ""такси донецк номера"", ""count"": ""915""}, {""phrase"": ""москва донецк такси"", ""count"": ""818""}, {""phrase"": ""такси донецк ростовская"", ""count"": ""669""}, {""phrase"": ""такси донецк ростовская область"", ""count"": ""589""}, {""phrase"": ""такси донецка телефоны"", ""count"": ""454""}, {""phrase"": ""такси донецк номера телефонов"", ""count"": ""330""}, {""phrase"": ""номера такси донецк днр"", ""count"": ""269""}]"
https://city2city.ru/donetsk-orenburg;Донецк;;такси Донецк ;9588;такси донецк;9588;такси донецк днр;1977;такси донецк ростов;989;"[{""phrase"": ""такси донецк"", ""count"": ""9588""}, {""phrase"": ""такси донецк днр"", ""count"": ""1977""}, {""phrase"": ""такси донецк ростов"", ""count"": ""989""}, {""phrase"": ""такси донецк номера"", ""count"": ""915""}, {""phrase"": ""москва донецк такси"", ""count"": ""818""}, {""phrase"": ""такси донецк ростовская"", ""count"": ""669""}, {""phrase"": ""такси донецк ростовская область"", ""count"": ""589""}, {""phrase"": ""такси донецка телефоны"", ""count"": ""454""}, {""phrase"": ""такси донецк номера телефонов"", ""count"": ""330""}, {""phrase"": ""номера такси донецк днр"", ""count"": ""269""}]"
https://city2city.ru/donetsk-perm;Донецк;;такси Донецк ;9588;такси донецк;9588;такси донецк днр;1977;такси донецк ростов;989;"[{""phrase"": ""такси донецк"", ""count"": ""9588""}, {""phrase"": ""такси донецк днр"", ""count"": ""1977""}, {""phrase"": ""такси донецк ростов"", ""count"": ""989""}, {""phrase"": ""такси донецк номера"", ""count"": ""915""}, {""phrase"": ""москва донецк такси"", ""count"": ""818""}, {""phrase"": ""такси донецк ростовская"", ""count"": ""669""}, {""phrase"": ""такси донецк ростовская область"", ""count"": ""589""}, {""phrase"": ""такси донецка телефоны"", ""count"": ""454""}, {""phrase"": ""такси донецк номера телефонов"", ""count"": ""330""}, {""phrase"": ""номера такси донецк днр"", ""count"": ""269""}]"
https://city2city.ru/donetsk-saransk;Донецк;;такси Донецк ;9588;такси донецк;9588;такси донецк днр;1977;такси донецк ростов;989;"[{""phrase"": ""такси донецк"", ""count"": ""9588""}, {""phrase"": ""такси донецк днр"", ""count"": ""1977""}, {""phrase"": ""такси донецк ростов"", ""count"": ""989""}, {""phrase"": ""такси донецк номера"", ""count"": ""915""}, {""phrase"": ""москва донецк такси"", ""count"": ""818""}, {""phrase"": ""такси донецк ростовская"", ""count"": ""669""}, {""phrase"": ""такси донецк ростовская область"", ""count"": ""589""}, {""phrase"": ""такси донецка телефоны"", ""count"": ""454""}, {""phrase"": ""такси донецк номера телефонов"", ""count"": ""330""}, {""phrase"": ""номера такси донецк днр"", ""count"": ""269""}]"
https://city2city.ru/donetsk-saratov;Донецк;;такси Донецк ;9588;такси донецк;9588;такси донецк днр;1977;такси донецк ростов;989;"[{""phrase"": ""такси донецк"", ""count"": ""9588""}, {""phrase"": ""такси донецк днр"", ""count"": ""1977""}, {""phrase"": ""такси донецк ростов"", ""count"": ""989""}, {""phrase"": ""такси донецк номера"", ""count"": ""915""}, {""phrase"": ""москва донецк такси"", ""count"": ""818""}, {""phrase"": ""такси донецк ростовская"", ""count"": ""669""}, {""phrase"": ""такси донецк ростовская область"", ""count"": ""589""}, {""phrase"": ""такси донецка телефоны"", ""count"": ""454""}, {""phrase"": ""такси донецк номера телефонов"", ""count"": ""330""}, {""phrase"": ""номера такси донецк днр"", ""count"": ""269""}]"
https://city2city.ru/donetsk-tambov;Донецк;;такси Донецк ;9588;такси донецк;9588;такси донецк днр;1977;такси донецк ростов;989;"[{""phrase"": ""такси донецк"", ""count"": ""9588""}, {""phrase"": ""такси донецк днр"", ""count"": ""1977""}, {""phrase"": ""такси донецк ростов"", ""count"": ""989""}, {""phrase"": ""такси донецк номера"", ""count"": ""915""}, {""phrase"": ""москва донецк такси"", ""count"": ""818""}, {""phrase"": ""такси донецк ростовская"", ""count"": ""669""}, {""phrase"": ""такси донецк ростовская область"", ""count"": ""589""}, {""phrase"": ""такси донецка телефоны"", ""count"": ""454""}, {""phrase"": ""такси донецк номера телефонов"", ""count"": ""330""}, {""phrase"": ""номера такси донецк днр"", ""count"": ""269""}]"
https://city2city.ru/donetsk-ufa;Донецк;;такси Донецк ;9588;такси донецк;9588;такси донецк днр;1977;такси донецк ростов;989;"[{""phrase"": ""такси донецк"", ""count"": ""9588""}, {""phrase"": ""такси донецк днр"", ""count"": ""1977""}, {""phrase"": ""такси донецк ростов"", ""count"": ""989""}, {""phrase"": ""такси донецк номера"", ""count"": ""915""}, {""phrase"": ""москва донецк такси"", ""count"": ""818""}, {""phrase"": ""такси донецк ростовская"", ""count"": ""669""}, {""phrase"": ""такси донецк ростовская область"", ""count"": ""589""}, {""phrase"": ""такси донецка телефоны"", ""count"": ""454""}, {""phrase"": ""такси донецк номера телефонов"", ""count"": ""330""}, {""phrase"": ""номера такси донецк днр"", ""count"": ""269""}]"
https://city2city.ru/donetsk-volgograd;Донецк;;такси Донецк ;9588;такси донецк;9588;такси донецк днр;1977;такси донецк ростов;989;"[{""phrase"": ""такси донецк"", ""count"": ""9588""}, {""phrase"": ""такси донецк днр"", ""count"": ""1977""}, {""phrase"": ""такси донецк ростов"", ""count"": ""989""}, {""phrase"": ""такси донецк номера"", ""count"": ""915""}, {""phrase"": ""москва донецк такси"", ""count"": ""818""}, {""phrase"": ""такси донецк ростовская"", ""count"": ""669""}, {""phrase"": ""такси донецк ростовская область"", ""count"": ""589""}, {""phrase"": ""такси донецка телефоны"", ""count"": ""454""}, {""phrase"": ""такси донецк номера телефонов"", ""count"": ""330""}, {""phrase"": ""номера такси донецк днр"", ""count"": ""269""}]"
https://city2city.ru/donetsk-yoshkar-ola;Донецк;;такси Донецк ;9588;такси донецк;9588;такси донецк днр;1977;такси донецк ростов;989;"[{""phrase"": ""такси донецк"", ""count"": ""9588""}, {""phrase"": ""такси донецк днр"", ""count"": ""1977""}, {""phrase"": ""такси донецк ростов"", ""count"": ""989""}, {""phrase"": ""такси донецк номера"", ""count"": ""915""}, {""phrase"": ""москва донецк такси"", ""count"": ""818""}, {""phrase"": ""такси донецк ростовская"", ""count"": ""669""}, {""phrase"": ""такси донецк ростовская область"", ""count"": ""589""}, {""phrase"": ""такси донецка телефоны"", ""count"": ""454""}, {""phrase"": ""такси донецк номера телефонов"", ""count"": ""330""}, {""phrase"": ""номера такси донецк днр"", ""count"": ""269""}]"
https://city2city.ru/ekaterinburg-achit;Екатеринбург;посёлок городского типа Ачит;такси Екатеринбург посёлок городского типа Ачит;0;;0;;0;;0;[]
https://city2city.ru/ekaterinburg-alapaevsk;Екатеринбург;Алапаевск;такси Екатеринбург Алапаевск;56;такси екатеринбург алапаевск;56;;0;;0;"[{""phrase"": ""такси екатеринбург алапаевск"", ""count"": ""56""}]"
https://city2city.ru/ekaterinburg-almetevsk;Екатеринбург;Альметьевск;такси Екатеринбург Альметьевск;1;;0;;0;;0;[]
https://city2city.ru/ekaterinburg-anapa;Екатеринбург;Анапа;такси Екатеринбург Анапа;0;;0;;0;;0;[]
https://city2city.ru/ekaterinburg-app-bugristoe;Екатеринбург;Троицк;такси Екатеринбург Троицк;5;;0;;0;;0;[]
https://city2city.ru/ekaterinburg-app-doneczk;Екатеринбург;Донецк;такси Екатеринбург Донецк;7;такси донецк екатеринбург;7;;0;;0;"[{""phrase"": ""такси донецк екатеринбург"", ""count"": ""7""}]"
https://city2city.ru/ekaterinburg-app-orsk;Екатеринбург;село Алимбетовка;такси Екатеринбург село Алимбетовка;0;;0;;0;;0;[]
https://city2city.ru/ekaterinburg-aramil;Екатеринбург;Арамиль;такси Екатеринбург Арамиль;25;такси екатеринбург арамиль;25;;0;;0;"[{""phrase"": ""такси екатеринбург арамиль"", ""count"": ""25""}]"
https://city2city.ru/ekaterinburg-arti;Екатеринбург;посёлок городского типа Арти;такси Екатеринбург посёлок городского типа Арти;0;;0;;0;;0;[]
https://city2city.ru/ekaterinburg-artyomovskij;Екатеринбург;Артёмовский;такси Екатеринбург Артёмовский;16;такси екатеринбург артемовский;16;;0;;0;"[{""phrase"": ""такси екатеринбург артемовский"", ""count"": ""16""}]"
https://city2city.ru/ekaterinburg-asbest;Екатеринбург;Асбест;такси Екатеринбург Асбест;50;такси екатеринбург асбест;50;;0;;0;"[{""phrase"": ""такси екатеринбург асбест"", ""count"": ""50""}]"
https://city2city.ru/ekaterinburg-atig;Екатеринбург;посёлок городского типа Атиг;такси Екатеринбург посёлок городского типа Атиг;0;;0;;0;;0;[]
https://city2city.ru/ekaterinburg-bajmak;Екатеринбург;Баймак;такси Екатеринбург Баймак;2;;0;;0;;0;[]
https://city2city.ru/ekaterinburg-beloreczk;Екатеринбург;Белорецк;такси Екатеринбург Белорецк;72;такси белорецк екатеринбург;72;екатеринбург белорецк такси межгород;8;;0;"[{""phrase"": ""такси белорецк екатеринбург"", ""count"": ""72""}, {""phrase"": ""екатеринбург белорецк такси межгород"", ""count"": ""8""}]"
https://city2city.ru/ekaterinburg-beloyarskij;Екатеринбург;посёлок городского типа Белоярский;такси Екатеринбург посёлок городского типа Белоярский;0;;0;;0;;0;[]
https://city2city.ru/ekaterinburg-berezniki;Екатеринбург;Березники;такси Екатеринбург Березники;1;;0;;0;;0;[]
https://city2city.ru/ekaterinburg-beryozovskij;Екатеринбург;Берёзовский;такси Екатеринбург Берёзовский;47;такси березовский екатеринбург;47;;0;;0;"[{""phrase"": ""такси березовский екатеринбург"", ""count"": ""47""}]"
https://city2city.ru/ekaterinburg-birsk;Екатеринбург;Бирск;такси Екатеринбург Бирск;3;;0;;0;;0;[]
https://city2city.ru/ekaterinburg-bisert;Екатеринбург;посёлок городского типа Бисерть;такси Екатеринбург посёлок городского типа Бисерть;0;;0;;0;;0;[]
https://city2city.ru/ekaterinburg-chajkovskij;Екатеринбург;Чайковский;такси Екатеринбург Чайковский;4;;0;;0;;0;[]
https://city2city.ru/ekaterinburg-chebarkul;Екатеринбург;Чебаркуль;такси Екатеринбург Чебаркуль;28;чебаркуль екатеринбург такси;28;;0;;0;"[{""phrase"": ""чебаркуль екатеринбург такси"", ""count"": ""28""}]"
https://city2city.ru/ekaterinburg-cheboksary;Екатеринбург;Чебоксары;такси Екатеринбург Чебоксары;1;;0;;0;;0;[]
https://city2city.ru/ekaterinburg-chelyabinsk;международный аэропорт Кольцово Екатеринбург;;такси международный аэропорт Кольцово Екатеринбург ;1;;0;;0;;0;[]
https://city2city.ru/ekaterinburg-chelyabinsk-2;Екатеринбург;Челябинск;такси Екатеринбург Челябинск;626;такси екатеринбург челябинск;626;такси челябинск кольцово екатеринбург;166;такси челябинск екатеринбург стоимость;83;"[{""phrase"": ""такси екатеринбург челябинск"", ""count"": ""626""}, {""phrase"": ""такси челябинск кольцово екатеринбург"", ""count"": ""166""}, {""phrase"": ""такси челябинск екатеринбург стоимость"", ""count"": ""83""}, {""phrase"": ""такси екатеринбург челябинск цена"", ""count"": ""75""}, {""phrase"": ""сколько стоит такси от челябинска до екатеринбурга"", ""count"": ""35""}, {""phrase"": ""такси межгород екатеринбург челябинск"", ""count"": ""28""}, {""phrase"": ""яндекс такси екатеринбург челябинск"", ""count"": ""23""}, {""phrase"": ""такси челябинск екатеринбург кольцово стоимость"", ""count"": ""19""}, {""phrase"": ""такси челябинск екатеринбург аэропорт"", ""count"": ""18""}, {""phrase"": ""заказать такси с челябинска до екатеринбурга цена"", ""count"": ""6""}]"
https://city2city.ru/ekaterinburg-chernushka;Екатеринбург;Чернушка;такси Екатеринбург Чернушка;6;;0;;0;;0;[]
https://city2city.ru/ekaterinburg-chusovoj;Екатеринбург;Чусовой;такси Екатеринбург Чусовой;7;;0;;0;;0;[]
https://city2city.ru/ekaterinburg-degtyarsk;Екатеринбург;Дегтярск;такси Екатеринбург Дегтярск;8;такси екатеринбург дегтярск;8;;0;;0;"[{""phrase"": ""такси екатеринбург дегтярск"", ""count"": ""8""}]"
https://city2city.ru/ekaterinburg-dobryanka;Екатеринбург;Добрянка;такси Екатеринбург Добрянка;1;;0;;0;;0;[]
https://city2city.ru/ekaterinburg-druzhinino;Екатеринбург;посёлок городского типа Дружинино;такси Екатеринбург посёлок городского типа Дружинино;0;;0;;0;;0;[]
https://city2city.ru/ekaterinburg-elan;Екатеринбург;рабочий посёлок Елань;такси Екатеринбург рабочий посёлок Елань;0;;0;;0;;0;[]
https://city2city.ru/ekaterinburg-emanzhelinsk;Екатеринбург;Еманжелинск;такси Екатеринбург Еманжелинск;2;;0;;0;;0;[]
https://city2city.ru/ekaterinburg-gaj;Екатеринбург;Гай;такси Екатеринбург Гай;2;;0;;0;;0;[]
https://city2city.ru/ekaterinburg-gari;Екатеринбург;посёлок городского типа Гари;такси Екатеринбург посёлок городского типа Гари;0;;0;;0;;0;[]
https://city2city.ru/ekaterinburg-gelendzhik;Екатеринбург;Геленджик;такси Екатеринбург Геленджик;0;;0;;0;;0;[]
https://city2city.ru/ekaterinburg-gornozavodsk;Екатеринбург;Горнозаводск;такси Екатеринбург Горнозаводск;6;такси от горнозаводска до екатеринбурга цена;6;;0;;0;"[{""phrase"": ""такси от горнозаводска до екатеринбурга цена"", ""count"": ""6""}]"
https://city2city.ru/ekaterinburg-gubaxa;Екатеринбург;Губаха;такси Екатеринбург Губаха;0;;0;;0;;0;[]
https://city2city.ru/ekaterinburg-irbit;Екатеринбург;;такси Екатеринбург ;36477;такси екатеринбург;36477;яндекс такси екатеринбург;11243;такси екатеринбург телефон;6194;"[{""phrase"": ""такси екатеринбург"", ""count"": ""36477""}, {""phrase"": ""яндекс такси екатеринбург"", ""count"": ""11243""}, {""phrase"": ""такси екатеринбург телефон"", ""count"": ""6194""}, {""phrase"": ""яндекс такси екатеринбург телефон"", ""count"": ""2808""}, {""phrase"": ""такси екатеринбург номер"", ""count"": ""2483""}, {""phrase"": ""заказ такси екатеринбург"", ""count"": ""2115""}, {""phrase"": ""такси максим екатеринбург"", ""count"": ""1872""}, {""phrase"": ""такси екатеринбург телефон для заказа"", ""count"": ""1863""}, {""phrase"": ""заказ яндекс такси екатеринбург"", ""count"": ""1169""}, {""phrase"": ""яндекс такси екатеринбург телефон для заказа"", ""count"": ""1116""}]"
https://city2city.ru/ekaterinburg-irbit-2;Екатеринбург;Ирбит;такси Екатеринбург Ирбит;250;такси ирбит екатеринбург;250;такси межгород ирбит екатеринбург;68;номер такси ирбит екатеринбург;43;"[{""phrase"": ""такси ирбит екатеринбург"", ""count"": ""250""}, {""phrase"": ""такси межгород ирбит екатеринбург"", ""count"": ""68""}, {""phrase"": ""номер такси ирбит екатеринбург"", ""count"": ""43""}, {""phrase"": ""такси ирбит екатеринбург регион"", ""count"": ""31""}, {""phrase"": ""такси ирбит екатеринбург номер телефона"", ""count"": ""29""}, {""phrase"": ""такси ирбит екатеринбург цена"", ""count"": ""23""}, {""phrase"": ""такси регион ирбит екатеринбург номер телефона"", ""count"": ""11""}, {""phrase"": ""такси ирбит екатеринбург дилижанс"", ""count"": ""10""}, {""phrase"": ""ирбит екатеринбург такси сколько стоит"", ""count"": ""9""}]"
https://city2city.ru/ekaterinburg-ishim;Екатеринбург;Ишим;такси Екатеринбург Ишим;0;;0;;0;;0;[]
https://city2city.ru/ekaterinburg-izhevsk;Екатеринбург;Ижевск;такси Екатеринбург Ижевск;11;такси екатеринбург ижевск;11;;0;;0;"[{""phrase"": ""такси екатеринбург ижевск"", ""count"": ""11""}]"
https://city2city.ru/ekaterinburg-kachkanar;Екатеринбург;Качканар;такси Екатеринбург Качканар;23;такси качканар екатеринбург;23;межгород такси с качканара до екатеринбурга цена;5;;0;"[{""phrase"": ""такси качканар екатеринбург"", ""count"": ""23""}, {""phrase"": ""межгород такси с качканара до екатеринбурга цена"", ""count"": ""5""}]"
https://city2city.ru/ekaterinburg-kamensk-uralskij;Екатеринбург;Каменск-Уральский;такси Екатеринбург Каменск-Уральский;85;такси екатеринбург каменск уральский;85;сколько стоит такси каменск уральский екатеринбург;15;такси каменск уральский екатеринбург цена;15;"[{""phrase"": ""такси екатеринбург каменск уральский"", ""count"": ""85""}, {""phrase"": ""сколько стоит такси каменск уральский екатеринбург"", ""count"": ""15""}, {""phrase"": ""такси каменск уральский екатеринбург цена"", ""count"": ""15""}, {""phrase"": ""такси екатеринбург каменск уральский стоимость"", ""count"": ""12""}]"
https://city2city.ru/ekaterinburg-karabash;Екатеринбург;посёлок городского типа Карабаш;такси Екатеринбург посёлок городского типа Карабаш;0;;0;;0;;0;[]
https://city2city.ru/ekaterinburg-kargapole;Екатеринбург;посёлок Каргаполье;такси Екатеринбург посёлок Каргаполье;0;;0;;0;;0;[]
https://city2city.ru/ekaterinburg-kasli;Екатеринбург;Касли;такси Екатеринбург Касли;4;;0;;0;;0;[]
https://city2city.ru/ekaterinburg-kazan;Екатеринбург;Казань;такси Екатеринбург Казань;42;такси екатеринбург казань;42;сколько стоит такси екатеринбург казань;8;такси казань екатеринбург цена;5;"[{""phrase"": ""такси екатеринбург казань"", ""count"": ""42""}, {""phrase"": ""сколько стоит такси екатеринбург казань"", ""count"": ""8""}, {""phrase"": ""такси казань екатеринбург цена"", ""count"": ""5""}]"
https://city2city.ru/ekaterinburg-kirov;Екатеринбург;Киров;такси Екатеринбург Киров;7;;0;;0;;0;[]
https://city2city.ru/ekaterinburg-kirov-2;Екатеринбург;Киров;такси Екатеринбург Киров;7;;0;;0;;0;[]
https://city2city.ru/ekaterinburg-kirovgrad;Екатеринбург;Кировград;такси Екатеринбург Кировград;12;такси кировград екатеринбург;12;;0;;0;"[{""phrase"": ""такси кировград екатеринбург"", ""count"": ""12""}]"
https://city2city.ru/ekaterinburg-kirs;Екатеринбург;Кирс;такси Екатеринбург Кирс;0;;0;;0;;0;[]
https://city2city.ru/ekaterinburg-kogalym;Екатеринбург;Когалым;такси Екатеринбург Когалым;0;;0;;0;;0;[]
https://city2city.ru/ekaterinburg-kopejsk;Екатеринбург;Копейск;такси Екатеринбург Копейск;7;;0;;0;;0;[]
https://city2city.ru/ekaterinburg-krasnoturinsk;Екатеринбург;Краснотурьинск;такси Екатеринбург Краснотурьинск;23;такси краснотурьинск екатеринбург;23;;0;;0;"[{""phrase"": ""такси краснотурьинск екатеринбург"", ""count"": ""23""}]"
https://city2city.ru/ekaterinburg-krasnoufimsk;Екатеринбург;Красноуфимск;такси Екатеринбург Красноуфимск;17;такси екатеринбург красноуфимск;17;;0;;0;"[{""phrase"": ""такси екатеринбург красноуфимск"", ""count"": ""17""}]"
https://city2city.ru/ekaterinburg-krasnouralsk;Екатеринбург;Красноуральск;такси Екатеринбург Красноуральск;8;;0;;0;;0;[]
https://city2city.ru/ekaterinburg-kurgan;международный аэропорт Кольцово Екатеринбург;;такси международный аэропорт Кольцово Екатеринбург ;1;;0;;0;;0;[]
https://city2city.ru/ekaterinburg-kushva;Екатеринбург;Кушва;такси Екатеринбург Кушва;14;;0;;0;;0;[]
https://city2city.ru/ekaterinburg-kuzino;Екатеринбург;деревня Кузино;такси Екатеринбург деревня Кузино;0;;0;;0;;0;[]
https://city2city.ru/ekaterinburg-lesnoj;Екатеринбург;поселок Лесной;такси Екатеринбург поселок Лесной;0;;0;;0;;0;[]
https://city2city.ru/ekaterinburg-lysva;Екатеринбург;Лысьва;такси Екатеринбург Лысьва;5;;0;;0;;0;[]
https://city2city.ru/ekaterinburg-magnitogorsk;международный аэропорт Кольцово Екатеринбург;;такси международный аэропорт Кольцово Екатеринбург ;1;;0;;0;;0;[]
https://city2city.ru/ekaterinburg-magnitogorsk-2;Екатеринбург;Магнитогорск;такси Екатеринбург Магнитогорск;82;такси магнитогорск екатеринбург;82;такси магнитогорск екатеринбург цена;12;;0;"[{""phrase"": ""такси магнитогорск екатеринбург"", ""count"": ""82""}, {""phrase"": ""такси магнитогорск екатеринбург цена"", ""count"": ""12""}]"
https://city2city.ru/ekaterinburg-malysheva;Екатеринбург;рабочий поселок Малышева;такси Екатеринбург рабочий поселок Малышева;0;;0;;0;;0;[]
https://city2city.ru/ekaterinburg-maxnyovo;Екатеринбург;посёлок городского типа Махнёво;такси Екатеринбург посёлок городского типа Махнёво;0;;0;;0;;0;[]
https://city2city.ru/ekaterinburg-miass;Екатеринбург;Миасс;такси Екатеринбург Миасс;38;такси екатеринбург миасс;38;такси миасс екатеринбург цена;9;;0;"[{""phrase"": ""такси екатеринбург миасс"", ""count"": ""38""}, {""phrase"": ""такси миасс екатеринбург цена"", ""count"": ""9""}]"
https://city2city.ru/ekaterinburg-mishkino;Екатеринбург;поселок городского типа Мишкино;такси Екатеринбург поселок городского типа Мишкино;0;;0;;0;;0;[]
https://city2city.ru/ekaterinburg-moskva;Екатеринбург;Москва;такси Екатеринбург Москва;115;такси москва екатеринбург;115;екатеринбург москва сколько такси;20;екатеринбург москва такси сколько стоит;19;"[{""phrase"": ""такси москва екатеринбург"", ""count"": ""115""}, {""phrase"": ""екатеринбург москва сколько такси"", ""count"": ""20""}, {""phrase"": ""екатеринбург москва такси сколько стоит"", ""count"": ""19""}, {""phrase"": ""такси екатеринбург москва цена"", ""count"": ""15""}, {""phrase"": ""такси москва екатеринбург стоимость"", ""count"": ""11""}, {""phrase"": ""екатеринбург москва попутки такси"", ""count"": ""5""}]"
https://city2city.ru/ekaterinburg-naberezhnye-chelny;Екатеринбург;Набережные Челны;такси Екатеринбург Набережные Челны;6;;0;;0;;0;[]
https://city2city.ru/ekaterinburg-nevyansk;Екатеринбург;Невьянск;такси Екатеринбург Невьянск;22;такси екатеринбург невьянск;22;;0;;0;"[{""phrase"": ""такси екатеринбург невьянск"", ""count"": ""22""}]"
https://city2city.ru/ekaterinburg-nizhnevartovsk;Екатеринбург;Нижневартовск;такси Екатеринбург Нижневартовск;1;;0;;0;;0;[]
https://city2city.ru/ekaterinburg-nizhnie-sergi;Екатеринбург;Нижние Серги;такси Екатеринбург Нижние Серги;9;;0;;0;;0;[]
https://city2city.ru/ekaterinburg-nizhnyaya-tura;Екатеринбург;Нижняя Тура;такси Екатеринбург Нижняя Тура;29;такси нижняя тура екатеринбург;29;такси нижняя тура до екатеринбург попутчик;16;;0;"[{""phrase"": ""такси нижняя тура екатеринбург"", ""count"": ""29""}, {""phrase"": ""такси нижняя тура до екатеринбург попутчик"", ""count"": ""16""}]"
https://city2city.ru/ekaterinburg-novouralsk;Екатеринбург;Новоуральск;такси Екатеринбург Новоуральск;40;такси новоуральск екатеринбург;40;;0;;0;"[{""phrase"": ""такси новоуральск екатеринбург"", ""count"": ""40""}]"
https://city2city.ru/ekaterinburg-nyagan;Екатеринбург;Нягань;такси Екатеринбург Нягань;2;;0;;0;;0;[]
https://city2city.ru/ekaterinburg-nyazepetrovsk;Екатеринбург;Нязепетровск;такси Екатеринбург Нязепетровск;2;;0;;0;;0;[]
https://city2city.ru/ekaterinburg-oktyabrskij;Екатеринбург;поселок городского типа Октябрьский;такси Екатеринбург поселок городского типа Октябрьский;0;;0;;0;;0;[]
https://city2city.ru/ekaterinburg-oktyabrskij-5;Екатеринбург;Октябрьский;такси Екатеринбург Октябрьский;16;такси октябрьский екатеринбург;16;;0;;0;"[{""phrase"": ""такси октябрьский екатеринбург"", ""count"": ""16""}]"
https://city2city.ru/ekaterinburg-oktyabrskij-6;Екатеринбург;посёлок Октябрьский;такси Екатеринбург посёлок Октябрьский;1;;0;;0;;0;[]
https://city2city.ru/ekaterinburg-orenburg;Екатеринбург;Оренбург;такси Екатеринбург Оренбург;39;такси оренбург екатеринбург;39;;0;;0;"[{""phrase"": ""такси оренбург екатеринбург"", ""count"": ""39""}]"
https://city2city.ru/ekaterinburg-orsk;Екатеринбург;Орск;такси Екатеринбург Орск;12;орск екатеринбург такси;12;;0;;0;"[{""phrase"": ""орск екатеринбург такси"", ""count"": ""12""}]"
https://city2city.ru/ekaterinburg-ozyorsk;Екатеринбург;Озерск;такси Екатеринбург Озерск;139;такси озерск екатеринбург;139;такси хаски озерск екатеринбург;125;хаски такси озерск екатеринбург официальный;10;"[{""phrase"": ""такси озерск екатеринбург"", ""count"": ""139""}, {""phrase"": ""такси хаски озерск екатеринбург"", ""count"": ""125""}, {""phrase"": ""хаски такси озерск екатеринбург официальный"", ""count"": ""10""}, {""phrase"": ""такси хаски озерск екатеринбург официальный сайт"", ""count"": ""8""}]"
https://city2city.ru/ekaterinburg-palkino;Екатеринбург;посёлок городского типа Палкино;такси Екатеринбург посёлок городского типа Палкино;0;;0;;0;;0;[]
https://city2city.ru/ekaterinburg-pelym;Екатеринбург;посёлок городского типа Пелым;такси Екатеринбург посёлок городского типа Пелым;0;;0;;0;;0;[]
https://city2city.ru/ekaterinburg-perm;международный аэропорт Кольцово Екатеринбург;;такси международный аэропорт Кольцово Екатеринбург ;1;;0;;0;;0;[]
https://city2city.ru/ekaterinburg-pervouralsk;Екатеринбург;Первоуральск;такси Екатеринбург Первоуральск;125;такси екатеринбург первоуральск;125;такси первоуральск екатеринбург цены;24;сколько стоит такси от екатеринбурга до первоуральска;10;"[{""phrase"": ""такси екатеринбург первоуральск"", ""count"": ""125""}, {""phrase"": ""такси первоуральск екатеринбург цены"", ""count"": ""24""}, {""phrase"": ""сколько стоит такси от екатеринбурга до первоуральска"", ""count"": ""10""}, {""phrase"": ""стоимость такси из первоуральска до екатеринбурга"", ""count"": ""6""}]"
https://city2city.ru/ekaterinburg-petuxovo;Екатеринбург;Петухово;такси Екатеринбург Петухово;0;;0;;0;;0;[]
https://city2city.ru/ekaterinburg-plast;Екатеринбург;Пласт;такси Екатеринбург Пласт;5;;0;;0;;0;[]
https://city2city.ru/ekaterinburg-pokrovskoe;Екатеринбург;посёлок городского типа Покровское;такси Екатеринбург посёлок городского типа Покровское;0;;0;;0;;0;[]
https://city2city.ru/ekaterinburg-priobe;Екатеринбург;посёлок городского типа Приобье;такси Екатеринбург посёлок городского типа Приобье;0;;0;;0;;0;[]
https://city2city.ru/ekaterinburg-pyshma;Екатеринбург;посёлок городского типа Пышма;такси Екатеринбург посёлок городского типа Пышма;0;;0;;0;;0;[]
https://city2city.ru/ekaterinburg-reftinskij;Екатеринбург;посёлок городского типа Рефтинский;такси Екатеринбург посёлок городского типа Рефтинский;0;;0;;0;;0;[]
https://city2city.ru/ekaterinburg-revda-2;Екатеринбург;Ревда;такси Екатеринбург Ревда;38;такси екатеринбург ревда;38;;0;;0;"[{""phrase"": ""такси екатеринбург ревда"", ""count"": ""38""}]"
https://city2city.ru/ekaterinburg-rezh;Екатеринбург;Реж;такси Екатеринбург Реж;36;такси екатеринбург реж;36;;0;;0;"[{""phrase"": ""такси екатеринбург реж"", ""count"": ""36""}]"
https://city2city.ru/ekaterinburg-rostov-na-don;Екатеринбург;Ростов-на-Дону;такси Екатеринбург Ростов-на-Дону;3;;0;;0;;0;[]
https://city2city.ru/ekaterinburg-samara;Екатеринбург;Самара;такси Екатеринбург Самара;14;самара екатеринбург такси;14;;0;;0;"[{""phrase"": ""самара екатеринбург такси"", ""count"": ""14""}]"
https://city2city.ru/ekaterinburg-sankt-peterburg;Екатеринбург;Санкт-Петербург;такси Екатеринбург Санкт-Петербург;7;такси екатеринбург санкт петербург;7;;0;;0;"[{""phrase"": ""такси екатеринбург санкт петербург"", ""count"": ""7""}]"
https://city2city.ru/ekaterinburg-saratov;Екатеринбург;Саратов;такси Екатеринбург Саратов;8;;0;;0;;0;[]
https://city2city.ru/ekaterinburg-sars;Екатеринбург;деревня Большой Сарс;такси Екатеринбург деревня Большой Сарс;0;;0;;0;;0;[]
https://city2city.ru/ekaterinburg-satka;Екатеринбург;Сатка;такси Екатеринбург Сатка;7;;0;;0;;0;[]
https://city2city.ru/ekaterinburg-selo-krasnogvardejskoe;Екатеринбург;село Красногвардейское;такси Екатеринбург село Красногвардейское;0;;0;;0;;0;[]
https://city2city.ru/ekaterinburg-serov;Екатеринбург;Серов;такси Екатеринбург Серов;18;такси екатеринбург серов;18;;0;;0;"[{""phrase"": ""такси екатеринбург серов"", ""count"": ""18""}]"
https://city2city.ru/ekaterinburg-sevastopol;Екатеринбург;Севастополь;такси Екатеринбург Севастополь;0;;0;;0;;0;[]
https://city2city.ru/ekaterinburg-severouralsk;Екатеринбург;Североуральск;такси Екатеринбург Североуральск;69;такси екатеринбург североуральск;69;такси ред екатеринбург североуральск;57;ред такси североуральск расписание рейсов екатеринбург;20;"[{""phrase"": ""такси екатеринбург североуральск"", ""count"": ""69""}, {""phrase"": ""такси ред екатеринбург североуральск"", ""count"": ""57""}, {""phrase"": ""ред такси североуральск расписание рейсов екатеринбург"", ""count"": ""20""}, {""phrase"": ""такси ред североуральск расписание из екатеринбурга"", ""count"": ""8""}]"
https://city2city.ru/ekaterinburg-shadrinsk;международный аэропорт Кольцово Екатеринбург;;такси международный аэропорт Кольцово Екатеринбург ;1;;0;;0;;0;[]
https://city2city.ru/ekaterinburg-shalya;Екатеринбург;посёлок городского типа Шаля;такси Екатеринбург посёлок городского типа Шаля;0;;0;;0;;0;[]
https://city2city.ru/ekaterinburg-sharya;Екатеринбург;Шарья;такси Екатеринбург Шарья;0;;0;;0;;0;[]
https://city2city.ru/ekaterinburg-shumixa;Екатеринбург;Шумиха;такси Екатеринбург Шумиха;1;;0;;0;;0;[]
https://city2city.ru/ekaterinburg-sibaj;Екатеринбург;;такси Екатеринбург ;36477;такси екатеринбург;36477;яндекс такси екатеринбург;11243;такси екатеринбург телефон;6194;"[{""phrase"": ""такси екатеринбург"", ""count"": ""36477""}, {""phrase"": ""яндекс такси екатеринбург"", ""count"": ""11243""}, {""phrase"": ""такси екатеринбург телефон"", ""count"": ""6194""}, {""phrase"": ""яндекс такси екатеринбург телефон"", ""count"": ""2808""}, {""phrase"": ""такси екатеринбург номер"", ""count"": ""2483""}, {""phrase"": ""заказ такси екатеринбург"", ""count"": ""2115""}, {""phrase"": ""такси максим екатеринбург"", ""count"": ""1872""}, {""phrase"": ""такси екатеринбург телефон для заказа"", ""count"": ""1863""}, {""phrase"": ""заказ яндекс такси екатеринбург"", ""count"": ""1169""}, {""phrase"": ""яндекс такси екатеринбург телефон для заказа"", ""count"": ""1116""}]"
https://city2city.ru/ekaterinburg-sibaj-2;Екатеринбург;Сибай;такси Екатеринбург Сибай;160;такси сибай екатеринбург;160;такси сибай екатеринбург номера;17;такси ниссан сибай екатеринбург;17;"[{""phrase"": ""такси сибай екатеринбург"", ""count"": ""160""}, {""phrase"": ""такси сибай екатеринбург номера"", ""count"": ""17""}, {""phrase"": ""такси ниссан сибай екатеринбург"", ""count"": ""17""}, {""phrase"": ""такси сибай екатеринбург номера телефонов"", ""count"": ""16""}, {""phrase"": ""такси транзит сибай екатеринбург"", ""count"": ""9""}, {""phrase"": ""такси сибай екатеринбург цена"", ""count"": ""9""}]"
https://city2city.ru/ekaterinburg-snezhinsk;Екатеринбург;Снежинск;такси Екатеринбург Снежинск;20;такси снежинск екатеринбург;20;;0;;0;"[{""phrase"": ""такси снежинск екатеринбург"", ""count"": ""20""}]"
https://city2city.ru/ekaterinburg-sochi;Екатеринбург;Сочи;такси Екатеринбург Сочи;7;;0;;0;;0;[]
https://city2city.ru/ekaterinburg-sol-ileczk;Екатеринбург;Соль-Илецк;такси Екатеринбург Соль-Илецк;1;;0;;0;;0;[]
https://city2city.ru/ekaterinburg-solikamsk;Екатеринбург;Соликамск;такси Екатеринбург Соликамск;1;;0;;0;;0;[]
https://city2city.ru/ekaterinburg-solnechnyj;Екатеринбург;посёлок Солнечный;такси Екатеринбург посёлок Солнечный;1;;0;;0;;0;[]
https://city2city.ru/ekaterinburg-sosva;Екатеринбург;поселок городского типа Сосьва;такси Екатеринбург поселок городского типа Сосьва;0;;0;;0;;0;[]
https://city2city.ru/ekaterinburg-sovetskij-2;Екатеринбург;Советский;такси Екатеринбург Советский;3;;0;;0;;0;[]
https://city2city.ru/ekaterinburg-sredneuralsk;Екатеринбург;Среднеуральск;такси Екатеринбург Среднеуральск;16;такси среднеуральск екатеринбург;16;;0;;0;"[{""phrase"": ""такси среднеуральск екатеринбург"", ""count"": ""16""}]"
https://city2city.ru/ekaterinburg-staroutkinsk;Екатеринбург;поселок городского типа Староуткинск;такси Екатеринбург поселок городского типа Староуткинск;0;;0;;0;;0;[]
https://city2city.ru/ekaterinburg-stavropol;Екатеринбург;Ставрополь;такси Екатеринбург Ставрополь;2;;0;;0;;0;[]
https://city2city.ru/ekaterinburg-sterlitamak;Екатеринбург;Стерлитамак;такси Екатеринбург Стерлитамак;0;;0;;0;;0;[]
https://city2city.ru/ekaterinburg-suksun;Екатеринбург;рабочий посёлок Суксун;такси Екатеринбург рабочий посёлок Суксун;0;;0;;0;;0;[]
https://city2city.ru/ekaterinburg-surgut;Екатеринбург;Сургут;такси Екатеринбург Сургут;5;;0;;0;;0;[]
https://city2city.ru/ekaterinburg-sysert;Екатеринбург;Сысерть;такси Екатеринбург Сысерть;45;такси сысерть екатеринбург;45;сколько стоит такси от екатеринбурга до сысерти;15;;0;"[{""phrase"": ""такси сысерть екатеринбург"", ""count"": ""45""}, {""phrase"": ""сколько стоит такси от екатеринбурга до сысерти"", ""count"": ""15""}]"
https://city2city.ru/ekaterinburg-tagil;международный аэропорт Кольцово Екатеринбург;;такси международный аэропорт Кольцово Екатеринбург ;1;;0;;0;;0;[]
https://city2city.ru/ekaterinburg-talicza;Екатеринбург;Талица;такси Екатеринбург Талица;15;такси екатеринбург талица;15;;0;;0;"[{""phrase"": ""такси екатеринбург талица"", ""count"": ""15""}]"
https://city2city.ru/ekaterinburg-tavda;Екатеринбург;Тавда;такси Екатеринбург Тавда;8;екатеринбург тавда такси;8;;0;;0;"[{""phrase"": ""екатеринбург тавда такси"", ""count"": ""8""}]"
https://city2city.ru/ekaterinburg-tobolsk;Екатеринбург;Тобольск;такси Екатеринбург Тобольск;1;;0;;0;;0;[]
https://city2city.ru/ekaterinburg-tolyatti;Екатеринбург;Тольятти;такси Екатеринбург Тольятти;4;;0;;0;;0;[]
https://city2city.ru/ekaterinburg-troiczk;Екатеринбург;Троицк;такси Екатеринбург Троицк;5;;0;;0;;0;[]
https://city2city.ru/ekaterinburg-tuapse;Екатеринбург;Туапсе;такси Екатеринбург Туапсе;0;;0;;0;;0;[]
https://city2city.ru/ekaterinburg-tugulym;Екатеринбург;посёлок городского типа Тугулым;такси Екатеринбург посёлок городского типа Тугулым;0;;0;;0;;0;[]
https://city2city.ru/ekaterinburg-tula;Екатеринбург;Тула;такси Екатеринбург Тула;2;;0;;0;;0;[]
https://city2city.ru/ekaterinburg-turinsk;Екатеринбург;Туринск;такси Екатеринбург Туринск;13;;0;;0;;0;[]
https://city2city.ru/ekaterinburg-tver;Екатеринбург;Тверь;такси Екатеринбург Тверь;0;;0;;0;;0;[]
https://city2city.ru/ekaterinburg-tyoplaya-gora;Екатеринбург;рабочий посёлок Тёплая Гора;такси Екатеринбург рабочий посёлок Тёплая Гора;0;;0;;0;;0;[]
https://city2city.ru/ekaterinburg-tyumen;Екатеринбург;Тюмень;такси Екатеринбург Тюмень;190;такси екатеринбург тюмень;190;такси тюмень екатеринбург цена;31;тюмень екатеринбург такси сколько;29;"[{""phrase"": ""такси екатеринбург тюмень"", ""count"": ""190""}, {""phrase"": ""такси тюмень екатеринбург цена"", ""count"": ""31""}, {""phrase"": ""тюмень екатеринбург такси сколько"", ""count"": ""29""}, {""phrase"": ""такси тюмень екатеринбург стоимость"", ""count"": ""26""}, {""phrase"": ""сколько стоит такси с екатеринбурга до тюмени"", ""count"": ""9""}, {""phrase"": ""такси межгород екатеринбург тюмень"", ""count"": ""7""}, {""phrase"": ""такси екатеринбург тюмень телеграмм"", ""count"": ""5""}]"
https://city2city.ru/ekaterinburg-uchaly;Екатеринбург;село Учалы;такси Екатеринбург село Учалы;0;;0;;0;;0;[]
https://city2city.ru/ekaterinburg-ufa;международный аэропорт Кольцово Екатеринбург;;такси международный аэропорт Кольцово Екатеринбург ;1;;0;;0;;0;[]
https://city2city.ru/ekaterinburg-ulyanovsk;Екатеринбург;Ульяновск;такси Екатеринбург Ульяновск;20;такси ульяновск екатеринбург;20;;0;;0;"[{""phrase"": ""такси ульяновск екатеринбург"", ""count"": ""20""}]"
https://city2city.ru/ekaterinburg-uraj;Екатеринбург;Урай;такси Екатеринбург Урай;0;;0;;0;;0;[]
https://city2city.ru/ekaterinburg-verx-nejvinskij;Екатеринбург;городской округ Верх-Нейвинский;такси Екатеринбург городской округ Верх-Нейвинский;0;;0;;0;;0;[]
https://city2city.ru/ekaterinburg-verxnee-dubrovo;Екатеринбург;посёлок городского типа Верхнее Дуброво;такси Екатеринбург посёлок городского типа Верхнее Дуброво;0;;0;;0;;0;[]
https://city2city.ru/ekaterinburg-verxnie-sergi;Екатеринбург;поселок городского типа Верхние Серги;такси Екатеринбург поселок городского типа Верхние Серги;0;;0;;0;;0;[]
https://city2city.ru/ekaterinburg-verxnij-tagil;Екатеринбург;Верхний Тагил;такси Екатеринбург Верхний Тагил;11;такси верхний тагил екатеринбург;11;;0;;0;"[{""phrase"": ""такси верхний тагил екатеринбург"", ""count"": ""11""}]"
https://city2city.ru/ekaterinburg-verxnij-ufalej;Екатеринбург;Верхний Уфалей;такси Екатеринбург Верхний Уфалей;12;такси верхний уфалей екатеринбург;12;;0;;0;"[{""phrase"": ""такси верхний уфалей екатеринбург"", ""count"": ""12""}]"
https://city2city.ru/ekaterinburg-verxnyaya-pyshma;Екатеринбург;Верхняя Пышма;такси Екатеринбург Верхняя Пышма;61;такси екатеринбург верхняя пышма;61;;0;;0;"[{""phrase"": ""такси екатеринбург верхняя пышма"", ""count"": ""61""}]"
https://city2city.ru/ekaterinburg-verxnyaya-salda;Екатеринбург;Верхняя Салда;такси Екатеринбург Верхняя Салда;9;такси верхняя салда екатеринбург;9;;0;;0;"[{""phrase"": ""такси верхняя салда екатеринбург"", ""count"": ""9""}]"
https://city2city.ru/ekaterinburg-verxnyaya-sinyachixa;Екатеринбург;посёлок городского типа Верхняя Синячиха;такси Екатеринбург посёлок городского типа Верхняя Синячиха;0;;0;;0;;0;[]
https://city2city.ru/ekaterinburg-verxnyaya-tura;Екатеринбург;Верхняя Тура;такси Екатеринбург Верхняя Тура;4;;0;;0;;0;[]
https://city2city.ru/ekaterinburg-verxoture;Екатеринбург;Верхотурье;такси Екатеринбург Верхотурье;7;;0;;0;;0;[]
https://city2city.ru/ekaterinburg-vishnevogorsk;Екатеринбург;посёлок городского типа Вишневогорск;такси Екатеринбург посёлок городского типа Вишневогорск;0;;0;;0;;0;[]
https://city2city.ru/ekaterinburg-volgograd;Екатеринбург;Волгоград;такси Екатеринбург Волгоград;1;;0;;0;;0;[]
https://city2city.ru/ekaterinburg-voronezh;Екатеринбург;Воронеж;такси Екатеринбург Воронеж;11;такси межгород заказать екатеринбург воронеж;6;;0;;0;"[{""phrase"": ""такси межгород заказать екатеринбург воронеж"", ""count"": ""6""}]"
https://city2city.ru/ekaterinburg-yugorsk;Екатеринбург;Югорск;такси Екатеринбург Югорск;4;;0;;0;;0;[]
https://city2city.ru/ekaterinburg-yuryuzan;Екатеринбург;Юрюзань;такси Екатеринбург Юрюзань;0;;0;;0;;0;[]
https://city2city.ru/ekaterinburg-yuzhnouralsk;Екатеринбург;Южноуральск;такси Екатеринбург Южноуральск;8;;0;;0;;0;[]
https://city2city.ru/ekaterinburg-zarechnyj-2;Екатеринбург;Заречный;такси Екатеринбург Заречный;38;такси екатеринбург заречный;38;;0;;0;"[{""phrase"": ""такси екатеринбург заречный"", ""count"": ""38""}]"
https://city2city.ru/ekaterinburg-zlatoust;Екатеринбург;Златоуст;такси Екатеринбург Златоуст;21;екатеринбург златоуст такси;21;;0;;0;"[{""phrase"": ""екатеринбург златоуст такси"", ""count"": ""21""}]"
https://city2city.ru/elista-anapa;Элиста;Анапа;такси Элиста Анапа;3;;0;;0;;0;[]
https://city2city.ru/elista-arxipo-osipovka;Элиста;село Архипо-Осиповка;такси Элиста село Архипо-Осиповка;0;;0;;0;;0;[]
https://city2city.ru/elista-astraxan;Элиста;Астрахань;такси Элиста Астрахань;91;такси элиста астрахань;91;такси элиста астрахань телефоны;12;;0;"[{""phrase"": ""такси элиста астрахань"", ""count"": ""91""}, {""phrase"": ""такси элиста астрахань телефоны"", ""count"": ""12""}]"
https://city2city.ru/elista-budyonnovsk;Элиста;Будённовск;такси Элиста Будённовск;0;;0;;0;;0;[]
https://city2city.ru/elista-essentuki;Элиста;Ессентуки;такси Элиста Ессентуки;4;;0;;0;;0;[]
https://city2city.ru/elista-gelendzhik;Элиста;Геленджик;такси Элиста Геленджик;1;;0;;0;;0;[]
https://city2city.ru/elista-gorod-lagan;Элиста;Лагань;такси Элиста Лагань;10;такси лагань элиста;10;;0;;0;"[{""phrase"": ""такси лагань элиста"", ""count"": ""10""}]"
https://city2city.ru/elista-gorodovikovsk;Элиста;Городовиковск;такси Элиста Городовиковск;6;такси городовиковск элиста;6;;0;;0;"[{""phrase"": ""такси городовиковск элиста"", ""count"": ""6""}]"
https://city2city.ru/elista-granicza-kazaxstan;Элиста;52А-3;такси Элиста 52А-3;0;;0;;0;;0;[]
https://city2city.ru/elista-kislovodsk;Элиста;Кисловодск;такси Элиста Кисловодск;4;;0;;0;;0;[]
https://city2city.ru/elista-komsomolskij;Элиста;рабочий посёлок Комсомольский;такси Элиста рабочий посёлок Комсомольский;0;;0;;0;;0;[]
https://city2city.ru/elista-kozhva;Элиста;посёлок городского типа Кожва;такси Элиста посёлок городского типа Кожва;0;;0;;0;;0;[]
https://city2city.ru/elista-lagan;Элиста;Лагань;такси Элиста Лагань;10;такси лагань элиста;10;;0;;0;"[{""phrase"": ""такси лагань элиста"", ""count"": ""10""}]"
https://city2city.ru/elista-liman;Элиста;рабочий посёлок Лиман;такси Элиста рабочий посёлок Лиман;0;;0;;0;;0;[]
https://city2city.ru/elista-mineralnye-vody;Элиста;Минеральные Воды;такси Элиста Минеральные Воды;7;такси элиста минеральные воды;7;;0;;0;"[{""phrase"": ""такси элиста минеральные воды"", ""count"": ""7""}]"
https://city2city.ru/elista-moskva;Элиста;Москва;такси Элиста Москва;66;такси москва элиста;66;элиста москва такси от дома до дома;15;;0;"[{""phrase"": ""такси москва элиста"", ""count"": ""66""}, {""phrase"": ""элиста москва такси от дома до дома"", ""count"": ""15""}]"
https://city2city.ru/elista-plyaxo;Элиста;село Пляхо;такси Элиста село Пляхо;0;;0;;0;;0;[]
https://city2city.ru/elista-posyolok-bolshoj-czaryn;Элиста;посёлок Большой Царын;такси Элиста посёлок Большой Царын;0;;0;;0;;0;[]
https://city2city.ru/elista-posyolok-czagan-aman;Элиста;посёлок городского типа Цаган Аман;такси Элиста посёлок городского типа Цаган Аман;0;;0;;0;;0;[]
https://city2city.ru/elista-posyolok-iki-burul;Элиста;поселок Ики-Бурул;такси Элиста поселок Ики-Бурул;0;;0;;0;;0;[]
https://city2city.ru/elista-posyolok-ketchenery;Элиста;поселок Кетченеры;такси Элиста поселок Кетченеры;0;;0;;0;;0;[]
https://city2city.ru/elista-posyolok-komsomolskij;Элиста;посёлок Комсомольский;такси Элиста посёлок Комсомольский;2;;0;;0;;0;[]
https://city2city.ru/elista-posyolok-yashkul;Элиста;поселок Яшкуль;такси Элиста поселок Яшкуль;0;;0;;0;;0;[]
https://city2city.ru/elista-posyolok-zimovniki;Элиста;посёлок Зимовники;такси Элиста посёлок Зимовники;0;;0;;0;;0;[]
https://city2city.ru/elista-pyatigorsk;Элиста;Пятигорск;такси Элиста Пятигорск;4;;0;;0;;0;[]
https://city2city.ru/elista-remontnoe;Элиста;село Ремонтное;такси Элиста село Ремонтное;0;;0;;0;;0;[]
https://city2city.ru/elista-rostov-na-donu;Элиста;Ростов-на-Дону;такси Элиста Ростов-на-Дону;9;;0;;0;;0;[]
https://city2city.ru/elista-sankt-peterburg;Элиста;Санкт-Петербург;такси Элиста Санкт-Петербург;2;;0;;0;;0;[]
https://city2city.ru/elista-selo-arzgir;Элиста;село Арзгир;такси Элиста село Арзгир;0;;0;;0;;0;[]
https://city2city.ru/elista-selo-divnoe;Элиста;село Дивное;такси Элиста село Дивное;0;;0;;0;;0;[]
https://city2city.ru/elista-selo-malye-derbety;Элиста;село Малые Дербеты;такси Элиста село Малые Дербеты;0;;0;;0;;0;[]
https://city2city.ru/elista-selo-priyutnoe;Элиста;село Приютное;такси Элиста село Приютное;0;;0;;0;;0;[]
https://city2city.ru/elista-selo-sadovoe;Элиста;село Садовое;такси Элиста село Садовое;0;;0;;0;;0;[]
https://city2city.ru/elista-selo-troiczkoe;Элиста;село Троицкое;такси Элиста село Троицкое;0;;0;;0;;0;[]
https://city2city.ru/elista-selo-yashalta;Элиста;село Яшалта;такси Элиста село Яшалта;0;;0;;0;;0;[]
https://city2city.ru/elista-selo-zavetnoe;Элиста;село Заветное;такси Элиста село Заветное;0;;0;;0;;0;[]
https://city2city.ru/elista-sochi;Элиста;Сочи;такси Элиста Сочи;0;;0;;0;;0;[]
https://city2city.ru/elista-stavropol;Элиста;Ставрополь;такси Элиста Ставрополь;31;такси элиста ставрополь;31;;0;;0;"[{""phrase"": ""такси элиста ставрополь"", ""count"": ""31""}]"
https://city2city.ru/elista-volgodonsk;Элиста;Волгодонск;такси Элиста Волгодонск;3;;0;;0;;0;[]
https://city2city.ru/elista-volgograd;Элиста;Волгоград;такси Элиста Волгоград;111;такси волгоград элиста;111;элиста волгоград такси ежедневно;7;;0;"[{""phrase"": ""такси волгоград элиста"", ""count"": ""111""}, {""phrase"": ""элиста волгоград такси ежедневно"", ""count"": ""7""}]"
https://city2city.ru/elista-volzhskij;Элиста;Волжский;такси Элиста Волжский;1;;0;;0;;0;[]
https://city2city.ru/elista-voronezh;Элиста;Воронеж;такси Элиста Воронеж;2;;0;;0;;0;[]
https://city2city.ru/elista-yalta;Элиста;Ялта;такси Элиста Ялта;0;;0;;0;;0;[]
https://city2city.ru/elista-yuganecz;Элиста;рабочий посёлок Юганец;такси Элиста рабочий посёлок Юганец;0;;0;;0;;0;[]
https://city2city.ru/elista-zheleznovodsk;Элиста;Железноводск;такси Элиста Железноводск;0;;0;;0;;0;[]
https://city2city.ru/energodar-rostov-na-don;Энергодар;;такси Энергодар ;37;энергодар такси;37;такси мелитополь энергодар;3;такси энергодар мобильный телефон;3;"[{""phrase"": ""энергодар такси"", ""count"": ""37""}, {""phrase"": ""такси мелитополь энергодар"", ""count"": ""3""}, {""phrase"": ""такси энергодар мобильный телефон"", ""count"": ""3""}, {""phrase"": ""такси омега энергодар"", ""count"": ""1""}]"
https://city2city.ru/energodar-simferopol;Энергодар;;такси Энергодар ;37;энергодар такси;37;такси мелитополь энергодар;3;такси энергодар мобильный телефон;3;"[{""phrase"": ""энергодар такси"", ""count"": ""37""}, {""phrase"": ""такси мелитополь энергодар"", ""count"": ""3""}, {""phrase"": ""такси энергодар мобильный телефон"", ""count"": ""3""}, {""phrase"": ""такси омега энергодар"", ""count"": ""1""}]"
https://city2city.ru/energodar-ufa;Энергодар;;такси Энергодар ;37;энергодар такси;37;такси мелитополь энергодар;3;такси энергодар мобильный телефон;3;"[{""phrase"": ""энергодар такси"", ""count"": ""37""}, {""phrase"": ""такси мелитополь энергодар"", ""count"": ""3""}, {""phrase"": ""такси энергодар мобильный телефон"", ""count"": ""3""}, {""phrase"": ""такси омега энергодар"", ""count"": ""1""}]"
https://city2city.ru/enisejsk-krasnojarsk;Енисейск;Красноярск;такси Енисейск Красноярск;476;такси енисейск красноярск;476;такси комфорт енисейск красноярск;85;такси енисейск красноярск телефон;80;"[{""phrase"": ""такси енисейск красноярск"", ""count"": ""476""}, {""phrase"": ""такси комфорт енисейск красноярск"", ""count"": ""85""}, {""phrase"": ""такси енисейск красноярск телефон"", ""count"": ""80""}, {""phrase"": ""такси красноярск северо енисейск"", ""count"": ""69""}, {""phrase"": ""такси регион енисейск красноярск"", ""count"": ""62""}, {""phrase"": ""номер такси енисейск красноярск"", ""count"": ""60""}, {""phrase"": ""такси комфорт енисейск красноярск номер"", ""count"": ""35""}, {""phrase"": ""такси межгород енисейск красноярск"", ""count"": ""34""}, {""phrase"": ""такси красноярск енисейск номер телефона"", ""count"": ""33""}, {""phrase"": ""расписание такси енисейск красноярск"", ""count"": ""32""}]"
https://city2city.ru/habarovsk-jakutsk;Хабаровск;Якутск;такси Хабаровск Якутск;20;хабаровск якутск такси;20;;0;;0;"[{""phrase"": ""хабаровск якутск такси"", ""count"": ""20""}]"
https://city2city.ru/handyga-jakutsk;Хандыга;Якутск;такси Хандыга Якутск;23;такси якутск хандыга;23;;0;;0;"[{""phrase"": ""такси якутск хандыга"", ""count"": ""23""}]"
https://city2city.ru/hanty-mansijsk-njagan;Ханты-Мансийск;Нягань;такси Ханты-Мансийск Нягань;54;такси ханты мансийск нягань;54;такси нягань ханты мансийск цена;13;;0;"[{""phrase"": ""такси ханты мансийск нягань"", ""count"": ""54""}, {""phrase"": ""такси нягань ханты мансийск цена"", ""count"": ""13""}]"
https://city2city.ru/irkutsk-aeroport-bajkal-ulan-ude;Иркутск;аэропорт Улан-Удэ (Байкал);такси Иркутск аэропорт Улан-Удэ (Байкал);0;;0;;0;;0;[]
https://city2city.ru/irkutsk-aeroport-ust-kut;аэропорт Иркутск;Усть-Кут;такси аэропорт Иркутск Усть-Кут;4;;0;;0;;0;[]
https://city2city.ru/irkutsk-angarsk;Иркутск;Ангарск;такси Иркутск Ангарск;210;такси ангарск иркутск;210;такси иркутск ангарск цена;37;такси ангарск аэропорт иркутск;28;"[{""phrase"": ""такси ангарск иркутск"", ""count"": ""210""}, {""phrase"": ""такси иркутск ангарск цена"", ""count"": ""37""}, {""phrase"": ""такси ангарск аэропорт иркутск"", ""count"": ""28""}, {""phrase"": ""сколько стоит такси от иркутска до ангарска"", ""count"": ""23""}, {""phrase"": ""такси иркутск ангарск стоимость"", ""count"": ""17""}, {""phrase"": ""такси ангарск иркутск аэропорт цена"", ""count"": ""9""}]"
https://city2city.ru/irkutsk-arshan;Иркутск;поселок Аршан;такси Иркутск поселок Аршан;0;;0;;0;;0;[]
https://city2city.ru/irkutsk-bajkal;Иркутск;село Сахюрта;такси Иркутск село Сахюрта;0;;0;;0;;0;[]
https://city2city.ru/irkutsk-bajkalsk;Иркутск;Байкальская улица;такси Иркутск Байкальская улица;6;;0;;0;;0;[]
https://city2city.ru/irkutsk-blagoveshhensk;Иркутск;Благовещенск;такси Иркутск Благовещенск;2;;0;;0;;0;[]
https://city2city.ru/irkutsk-bodajbo;Иркутск;Бодайбо;такси Иркутск Бодайбо;19;такси бодайбо иркутск;19;;0;;0;"[{""phrase"": ""такси бодайбо иркутск"", ""count"": ""19""}]"
https://city2city.ru/irkutsk-bolshoe-goloustnoe;Иркутск;посёлок Большое Голоустное;такси Иркутск посёлок Большое Голоустное;2;;0;;0;;0;[]
https://city2city.ru/irkutsk-cheremxovo;Иркутск;Черемхово;такси Иркутск Черемхово;50;такси черемхово иркутск;50;;0;;0;"[{""phrase"": ""такси черемхово иркутск"", ""count"": ""50""}]"
https://city2city.ru/irkutsk-chita;Иркутск;Чита;такси Иркутск Чита;24;такси иркутск чита;24;;0;;0;"[{""phrase"": ""такси иркутск чита"", ""count"": ""24""}]"
https://city2city.ru/irkutsk-ekaterinburg;Иркутск;Екатеринбург;такси Иркутск Екатеринбург;3;;0;;0;;0;[]
https://city2city.ru/irkutsk-granicza-mongolii;Иркутск;село Ташанта;такси Иркутск село Ташанта;0;;0;;0;;0;[]
https://city2city.ru/irkutsk-jakutsk;Иркутск;Якутск;такси Иркутск Якутск;6;;0;;0;;0;[]
https://city2city.ru/irkutsk-kavykta;Иркутск;рабочий посёлок Магистральный;такси Иркутск рабочий посёлок Магистральный;0;;0;;0;;0;[]
https://city2city.ru/irkutsk-kemerovo;Иркутск;Кемерово;такси Иркутск Кемерово;6;;0;;0;;0;[]
https://city2city.ru/irkutsk-kirensk;Иркутск;Киренск;такси Иркутск Киренск;52;такси киренск иркутск;52;маршрутное такси иркутск киренск;18;такси идеал иркутск киренск;12;"[{""phrase"": ""такси киренск иркутск"", ""count"": ""52""}, {""phrase"": ""маршрутное такси иркутск киренск"", ""count"": ""18""}, {""phrase"": ""такси идеал иркутск киренск"", ""count"": ""12""}]"
https://city2city.ru/irkutsk-krasnoyarsk;Иркутск;Красноярск;такси Иркутск Красноярск;31;такси иркутск красноярск;31;;0;;0;"[{""phrase"": ""такси иркутск красноярск"", ""count"": ""31""}]"
https://city2city.ru/irkutsk-kultuk;Иркутск;рабочий посёлок Култук;такси Иркутск рабочий посёлок Култук;0;;0;;0;;0;[]
https://city2city.ru/irkutsk-listvyanka;Иркутск;село Листвянка;такси Иркутск село Листвянка;0;;0;;0;;0;[]
https://city2city.ru/irkutsk-lugovoj;Иркутск;посёлок городского типа Луговой;такси Иркутск посёлок городского типа Луговой;0;;0;;0;;0;[]
https://city2city.ru/irkutsk-mamaj;Иркутск;село Выдрино;такси Иркутск село Выдрино;0;;0;;0;;0;[]
https://city2city.ru/irkutsk-mrs;Иркутск;село Сахюрта;такси Иркутск село Сахюрта;0;;0;;0;;0;[]
https://city2city.ru/irkutsk-neryungri;Иркутск;Нерюнгри;такси Иркутск Нерюнгри;0;;0;;0;;0;[]
https://city2city.ru/irkutsk-nizhneudinsk;Иркутск;Нижнеудинск;такси Иркутск Нижнеудинск;8;такси иркутск нижнеудинск;8;;0;;0;"[{""phrase"": ""такси иркутск нижнеудинск"", ""count"": ""8""}]"
https://city2city.ru/irkutsk-novosibirsk;Иркутск;Новосибирск;такси Иркутск Новосибирск;33;такси иркутск новосибирск;33;;0;;0;"[{""phrase"": ""такси иркутск новосибирск"", ""count"": ""33""}]"
https://city2city.ru/irkutsk-omsk;Иркутск;Омск;такси Иркутск Омск;10;;0;;0;;0;[]
https://city2city.ru/irkutsk-ostrov-olxon;Иркутск;село Сахюрта;такси Иркутск село Сахюрта;0;;0;;0;;0;[]
https://city2city.ru/irkutsk-sayansk;Иркутск;Саянск;такси Иркутск Саянск;24;такси иркутск саянск;24;;0;;0;"[{""phrase"": ""такси иркутск саянск"", ""count"": ""24""}]"
https://city2city.ru/irkutsk-severobajkalsk;Иркутск;Северобайкальск;такси Иркутск Северобайкальск;33;такси северобайкальск иркутск;33;маршрутное такси иркутск северобайкальск;21;;0;"[{""phrase"": ""такси северобайкальск иркутск"", ""count"": ""33""}, {""phrase"": ""маршрутное такси иркутск северобайкальск"", ""count"": ""21""}]"
https://city2city.ru/irkutsk-shelexov;Иркутск;Шелехов;такси Иркутск Шелехов;83;такси шелехов иркутск;83;такси иркутск до шелехова;47;сколько стоит такси иркутск шелехов;19;"[{""phrase"": ""такси шелехов иркутск"", ""count"": ""83""}, {""phrase"": ""такси иркутск до шелехова"", ""count"": ""47""}, {""phrase"": ""сколько стоит такси иркутск шелехов"", ""count"": ""19""}]"
https://city2city.ru/irkutsk-slyudyanka;Иркутск;Слюдянка;такси Иркутск Слюдянка;60;такси слюдянка иркутск;60;;0;;0;"[{""phrase"": ""такси слюдянка иркутск"", ""count"": ""60""}]"
https://city2city.ru/irkutsk-svirsk;Иркутск;Свирск;такси Иркутск Свирск;7;;0;;0;;0;[]
https://city2city.ru/irkutsk-tajshet;Иркутск;Тайшет;такси Иркутск Тайшет;6;;0;;0;;0;[]
https://city2city.ru/irkutsk-troiczk;Иркутск;Троицк;такси Иркутск Троицк;2;;0;;0;;0;[]
https://city2city.ru/irkutsk-tulun;Иркутск;Тулун;такси Иркутск Тулун;22;такси иркутск тулун;22;;0;;0;"[{""phrase"": ""такси иркутск тулун"", ""count"": ""22""}]"
https://city2city.ru/irkutsk-tunkinskaya-dolina;Иркутск;село Тунка;такси Иркутск село Тунка;0;;0;;0;;0;[]
https://city2city.ru/irkutsk-usole-sibirskoe;Иркутск;Усолье-Сибирское;такси Иркутск Усолье-Сибирское;65;такси иркутск усолье сибирское;65;иркутск усолье сибирское сколько стоит такси;27;такси иркутск усолье сибирское цена;18;"[{""phrase"": ""такси иркутск усолье сибирское"", ""count"": ""65""}, {""phrase"": ""иркутск усолье сибирское сколько стоит такси"", ""count"": ""27""}, {""phrase"": ""такси иркутск усолье сибирское цена"", ""count"": ""18""}, {""phrase"": ""цена поездки такси иркутск усолье сибирское"", ""count"": ""5""}]"
https://city2city.ru/irkutsk-ust-ilimsk;Иркутск;Усть-Илимск;такси Иркутск Усть-Илимск;24;такси усть илимск иркутск;24;;0;;0;"[{""phrase"": ""такси усть илимск иркутск"", ""count"": ""24""}]"
https://city2city.ru/irkutsk-vixorevka;Иркутск;Вихоревка;такси Иркутск Вихоревка;2;;0;;0;;0;[]
https://city2city.ru/irkutsk-vladivostok;Иркутск;Владивосток;такси Иркутск Владивосток;6;;0;;0;;0;[]
https://city2city.ru/irkutsk-xuzhir;Иркутск;посёлок Хужир;такси Иркутск посёлок Хужир;1;;0;;0;;0;[]
https://city2city.ru/irkutsk-zheleznogorsk-ilimskij;Иркутск;Железногорск-Илимский;такси Иркутск Железногорск-Илимский;1;;0;;0;;0;[]
https://city2city.ru/irkutsk-zima;Иркутск;Зима;такси Иркутск Зима;39;такси иркутск зима;39;;0;;0;"[{""phrase"": ""такси иркутск зима"", ""count"": ""39""}]"
https://city2city.ru/ivanovo-adler;Иваново;Адлер;такси Иваново Адлер;0;;0;;0;;0;[]
https://city2city.ru/ivanovo-aleksandrov;Иваново;Александров;такси Иваново Александров;14;;0;;0;;0;[]
https://city2city.ru/ivanovo-anapa;Иваново;Анапа;такси Иваново Анапа;1;;0;;0;;0;[]
https://city2city.ru/ivanovo-chkalovsk;Иваново;Чкаловск;такси Иваново Чкаловск;0;;0;;0;;0;[]
https://city2city.ru/ivanovo-ekaterinburg;Иваново;Екатеринбург;такси Иваново Екатеринбург;3;;0;;0;;0;[]
https://city2city.ru/ivanovo-ermolino;Иваново;Ермолино;такси Иваново Ермолино;1;;0;;0;;0;[]
https://city2city.ru/ivanovo-furmanov;Иваново;город Фурманов;такси Иваново город Фурманов;1;;0;;0;;0;[]
https://city2city.ru/ivanovo-gavrilov-posad;Иваново;Гаврилов Посад;такси Иваново Гаврилов Посад;8;;0;;0;;0;[]
https://city2city.ru/ivanovo-gavrilov-yam;Иваново;Гаврилов-Ям;такси Иваново Гаврилов-Ям;1;;0;;0;;0;[]
https://city2city.ru/ivanovo-gelendzhik;Иваново;Геленджик;такси Иваново Геленджик;0;;0;;0;;0;[]
https://city2city.ru/ivanovo-granicza-kazaxstan;Иваново;52А-3;такси Иваново 52А-3;0;;0;;0;;0;[]
https://city2city.ru/ivanovo-gus-xrustalnyj;Иваново;Гусь-Хрустальный;такси Иваново Гусь-Хрустальный;0;;0;;0;;0;[]
https://city2city.ru/ivanovo-joshkar-ola;Иваново;Йошкар-Ола;такси Иваново Йошкар-Ола;0;;0;;0;;0;[]
https://city2city.ru/ivanovo-kamenka;Иваново;Каменка;такси Иваново Каменка;3;;0;;0;;0;[]
https://city2city.ru/ivanovo-kazan;Иваново;Казань;такси Иваново Казань;11;;0;;0;;0;[]
https://city2city.ru/ivanovo-kineshma;Иваново;Кинешма;такси Иваново Кинешма;59;такси кинешма иваново;59;такси иваново кинешма цена;15;;0;"[{""phrase"": ""такси кинешма иваново"", ""count"": ""59""}, {""phrase"": ""такси иваново кинешма цена"", ""count"": ""15""}]"
https://city2city.ru/ivanovo-kolobovo;Иваново;посёлок городского типа Колобово;такси Иваново посёлок городского типа Колобово;0;;0;;0;;0;[]
https://city2city.ru/ivanovo-komsomolsk;Иваново;Комсомольск;такси Иваново Комсомольск;18;такси иваново комсомольск;18;иваново комсомольск такси цена;8;;0;"[{""phrase"": ""такси иваново комсомольск"", ""count"": ""18""}, {""phrase"": ""иваново комсомольск такси цена"", ""count"": ""8""}]"
https://city2city.ru/ivanovo-kostroma;Иваново;Кострома;такси Иваново Кострома;43;иванова кострома такси;43;такси иваново кострома;43;такси кострома иваново цена;11;"[{""phrase"": ""иванова кострома такси"", ""count"": ""43""}, {""phrase"": ""такси иваново кострома"", ""count"": ""43""}, {""phrase"": ""такси кострома иваново цена"", ""count"": ""11""}, {""phrase"": ""такси иваново кострома стоимость"", ""count"": ""9""}]"
https://city2city.ru/ivanovo-kovrov;Иваново;Ковров;такси Иваново Ковров;19;такси иваново ковров;19;;0;;0;"[{""phrase"": ""такси иваново ковров"", ""count"": ""19""}]"
https://city2city.ru/ivanovo-kursk;Иваново;Курск;такси Иваново Курск;10;;0;;0;;0;[]
https://city2city.ru/ivanovo-lezhnevo;Иваново;посёлок городского типа Лежнево;такси Иваново посёлок городского типа Лежнево;0;;0;;0;;0;[]
https://city2city.ru/ivanovo-lipeczk;Иваново;Липецк;такси Иваново Липецк;1;;0;;0;;0;[]
https://city2city.ru/ivanovo-lux;Иваново;посёлок городского типа Лух;такси Иваново посёлок городского типа Лух;0;;0;;0;;0;[]
https://city2city.ru/ivanovo-naro-fominsk;Иваново;Наро-Фоминск;такси Иваново Наро-Фоминск;3;;0;;0;;0;[]
https://city2city.ru/ivanovo-navoloki;Иваново;Наволоки;такси Иваново Наволоки;1;;0;;0;;0;[]
https://city2city.ru/ivanovo-nerl;Иваново;поселок городского типа Нерль;такси Иваново поселок городского типа Нерль;0;;0;;0;;0;[]
https://city2city.ru/ivanovo-nizhnij-novgorod;Иваново;Нижний Новгород;такси Иваново Нижний Новгород;16;такси иваново нижний новгород;16;;0;;0;"[{""phrase"": ""такси иваново нижний новгород"", ""count"": ""16""}]"
https://city2city.ru/ivanovo-noginsk;Иваново;Ногинск;такси Иваново Ногинск;4;;0;;0;;0;[]
https://city2city.ru/ivanovo-penza;Иваново;Пенза;такси Иваново Пенза;4;;0;;0;;0;[]
https://city2city.ru/ivanovo-pestyaki;Иваново;посёлок городского типа Пестяки;такси Иваново посёлок городского типа Пестяки;0;;0;;0;;0;[]
https://city2city.ru/ivanovo-plyos;Иваново;Плёс;такси Иваново Плёс;74;иваново плес такси;74;такси плес иваново цена;18;такси иваново плес стоимость;17;"[{""phrase"": ""иваново плес такси"", ""count"": ""74""}, {""phrase"": ""такси плес иваново цена"", ""count"": ""18""}, {""phrase"": ""такси иваново плес стоимость"", ""count"": ""17""}, {""phrase"": ""сколько стоит такси от иваново до плеса"", ""count"": ""9""}, {""phrase"": ""такси иваново плес стоимость поездки"", ""count"": ""5""}]"
https://city2city.ru/ivanovo-podolsk;Иваново;Подольск;такси Иваново Подольск;0;;0;;0;;0;[]
https://city2city.ru/ivanovo-posyolok-komsomolskij;Иваново;посёлок Комсомольский;такси Иваново посёлок Комсомольский;0;;0;;0;;0;[]
https://city2city.ru/ivanovo-privolzhsk;Иваново;Приволжск;такси Иваново Приволжск;15;такси иваново приволжск;15;;0;;0;"[{""phrase"": ""такси иваново приволжск"", ""count"": ""15""}]"
https://city2city.ru/ivanovo-puchezh;Иваново;Пучеж;такси Иваново Пучеж;5;;0;;0;;0;[]
https://city2city.ru/ivanovo-rodniki;Иваново;Родники;такси Иваново Родники;19;такси иваново родники;19;стоимость такси иваново родники;8;;0;"[{""phrase"": ""такси иваново родники"", ""count"": ""19""}, {""phrase"": ""стоимость такси иваново родники"", ""count"": ""8""}]"
https://city2city.ru/ivanovo-rostov-na-donu;Иваново;Ростов-на-Дону;такси Иваново Ростов-на-Дону;6;;0;;0;;0;[]
https://city2city.ru/ivanovo-rostov-velikij;Иваново;Ростов;такси Иваново Ростов;10;;0;;0;;0;[]
https://city2city.ru/ivanovo-rovenki;Иваново;посёлок городского типа Ровеньки;такси Иваново посёлок городского типа Ровеньки;0;;0;;0;;0;[]
https://city2city.ru/ivanovo-ryazan;Иваново;Рязань;такси Иваново Рязань;12;;0;;0;;0;[]
https://city2city.ru/ivanovo-samara;Иваново;Самара;такси Иваново Самара;0;;0;;0;;0;[]
https://city2city.ru/ivanovo-sankt-peterburg;Иваново;Санкт-Петербург;такси Иваново Санкт-Петербург;3;;0;;0;;0;[]
https://city2city.ru/ivanovo-savino;Иваново;деревня Савино;такси Иваново деревня Савино;0;;0;;0;;0;[]
https://city2city.ru/ivanovo-sochi;Иваново;Сочи;такси Иваново Сочи;8;;0;;0;;0;[]
https://city2city.ru/ivanovo-suzdal;Иваново;Суздаль;такси Иваново Суздаль;19;такси иваново суздаль;19;;0;;0;"[{""phrase"": ""такси иваново суздаль"", ""count"": ""19""}]"
https://city2city.ru/ivanovo-tula;Иваново;Тула;такси Иваново Тула;5;;0;;0;;0;[]
https://city2city.ru/ivanovo-ufa;Иваново;Уфа;такси Иваново Уфа;1;;0;;0;;0;[]
https://city2city.ru/ivanovo-uglich;Иваново;Углич;такси Иваново Углич;0;;0;;0;;0;[]
https://city2city.ru/ivanovo-ulyanovsk;Иваново;Ульяновск;такси Иваново Ульяновск;0;;0;;0;;0;[]
https://city2city.ru/ivanovo-vichuga;Иваново;Вичуга;такси Иваново Вичуга;48;такси иваново вичуга;48;такси иваново вичуга цена;20;;0;"[{""phrase"": ""такси иваново вичуга"", ""count"": ""48""}, {""phrase"": ""такси иваново вичуга цена"", ""count"": ""20""}]"
https://city2city.ru/ivanovo-vladimir;Иваново;Владимир;такси Иваново Владимир;74;такси владимир иваново;74;маршрутное такси владимир иваново;17;такси владимир иваново стоимость;16;"[{""phrase"": ""такси владимир иваново"", ""count"": ""74""}, {""phrase"": ""маршрутное такси владимир иваново"", ""count"": ""17""}, {""phrase"": ""такси владимир иваново стоимость"", ""count"": ""16""}, {""phrase"": ""такси владимир иваново стоимость поездки"", ""count"": ""11""}]"
https://city2city.ru/ivanovo-volgorechensk;Иваново;Волгореченск;такси Иваново Волгореченск;8;;0;;0;;0;[]
https://city2city.ru/ivanovo-vyazniki;Иваново;Вязники;такси Иваново Вязники;4;;0;;0;;0;[]
https://city2city.ru/ivanovo-vyksa;Иваново;Выкса;такси Иваново Выкса;0;;0;;0;;0;[]
https://city2city.ru/ivanovo-yaroslavl;Иваново;Ярославль;такси Иваново Ярославль;74;такси ярославль иваново;74;такси ярославль иваново цена;20;;0;"[{""phrase"": ""такси ярославль иваново"", ""count"": ""74""}, {""phrase"": ""такси ярославль иваново цена"", ""count"": ""20""}]"
https://city2city.ru/ivanovo-yuzha;Иваново;Южа;такси Иваново Южа;18;такси иваново южа;18;;0;;0;"[{""phrase"": ""такси иваново южа"", ""count"": ""18""}]"
https://city2city.ru/izhevsk-agidel;Ижевск;Агидель;такси Ижевск Агидель;2;;0;;0;;0;[]
https://city2city.ru/izhevsk-agryz;Ижевск;Агрыз;такси Ижевск Агрыз;124;такси агрыз ижевск;124;такси мост агрыз ижевск;36;такси агрыз ижевск цена;25;"[{""phrase"": ""такси агрыз ижевск"", ""count"": ""124""}, {""phrase"": ""такси мост агрыз ижевск"", ""count"": ""36""}, {""phrase"": ""такси агрыз ижевск цена"", ""count"": ""25""}, {""phrase"": ""агрыз ижевск такси стоимость"", ""count"": ""16""}]"
https://city2city.ru/izhevsk-bugulma;Ижевск;Бугульма;такси Ижевск Бугульма;0;;0;;0;;0;[]
https://city2city.ru/izhevsk-chebarkul;Ижевск;Чебаркуль;такси Ижевск Чебаркуль;0;;0;;0;;0;[]
https://city2city.ru/izhevsk-chelyabinsk;Ижевск;Челябинск;такси Ижевск Челябинск;5;;0;;0;;0;[]
https://city2city.ru/izhevsk-chernushka;Ижевск;Чернушка;такси Ижевск Чернушка;4;;0;;0;;0;[]
https://city2city.ru/izhevsk-ekaterinburg;Ижевск;Екатеринбург;такси Ижевск Екатеринбург;11;такси екатеринбург ижевск;11;;0;;0;"[{""phrase"": ""такси екатеринбург ижевск"", ""count"": ""11""}]"
https://city2city.ru/izhevsk-glazov;Ижевск;Глазов;такси Ижевск Глазов;85;такси глазов ижевск;85;такси глазов ижевск стоимость;8;такси ижевск глазов цена;7;"[{""phrase"": ""такси глазов ижевск"", ""count"": ""85""}, {""phrase"": ""такси глазов ижевск стоимость"", ""count"": ""8""}, {""phrase"": ""такси ижевск глазов цена"", ""count"": ""7""}]"
https://city2city.ru/izhevsk-granicza-kazaxstan;Ижевск;52А-3;такси Ижевск 52А-3;0;;0;;0;;0;[]
https://city2city.ru/izhevsk-joshkar-ola;Ижевск;Йошкар-Ола;такси Ижевск Йошкар-Ола;1;;0;;0;;0;[]
https://city2city.ru/izhevsk-kambarka;Ижевск;Камбарка;такси Ижевск Камбарка;7;;0;;0;;0;[]
https://city2city.ru/izhevsk-kazan;Ижевск;Казань;такси Ижевск Казань;126;такси казань ижевск;126;такси ижевск казань цена;34;такси ижевск казань аэропорт;33;"[{""phrase"": ""такси казань ижевск"", ""count"": ""126""}, {""phrase"": ""такси ижевск казань цена"", ""count"": ""34""}, {""phrase"": ""такси ижевск казань аэропорт"", ""count"": ""33""}, {""phrase"": ""ижевск такси казань аэропорт цена"", ""count"": ""21""}, {""phrase"": ""такси казань ижевск стоимость"", ""count"": ""14""}, {""phrase"": ""такси мост казань ижевск"", ""count"": ""11""}, {""phrase"": ""такси мост ижевск казань аэропорт цена"", ""count"": ""5""}]"
https://city2city.ru/izhevsk-kilmez;Ижевск;посёлок городского типа Кильмезь;такси Ижевск посёлок городского типа Кильмезь;0;;0;;0;;0;[]
https://city2city.ru/izhevsk-kirov;Ижевск;Киров;такси Ижевск Киров;4;;0;;0;;0;[]
https://city2city.ru/izhevsk-kungur;Ижевск;Кунгур;такси Ижевск Кунгур;0;;0;;0;;0;[]
https://city2city.ru/izhevsk-magnitogorsk;Ижевск;Магнитогорск;такси Ижевск Магнитогорск;2;;0;;0;;0;[]
https://city2city.ru/izhevsk-moskva;Ижевск;Москва;такси Ижевск Москва;56;такси ижевск москва;56;такси дешевое из ижевска до москвы;21;;0;"[{""phrase"": ""такси ижевск москва"", ""count"": ""56""}, {""phrase"": ""такси дешевое из ижевска до москвы"", ""count"": ""21""}]"
https://city2city.ru/izhevsk-mozhga;Ижевск;село Можга;такси Ижевск село Можга;0;;0;;0;;0;[]
https://city2city.ru/izhevsk-naberezhnye-chelny;Ижевск;Набережные Челны;такси Ижевск Набережные Челны;7;такси набережные челны ижевск;7;;0;;0;"[{""phrase"": ""такси набережные челны ижевск"", ""count"": ""7""}]"
https://city2city.ru/izhevsk-neftekamsk;Ижевск;Нефтекамск;такси Ижевск Нефтекамск;58;такси ижевск нефтекамск;58;такси ижевск нефтекамск стоимость;5;;0;"[{""phrase"": ""такси ижевск нефтекамск"", ""count"": ""58""}, {""phrase"": ""такси ижевск нефтекамск стоимость"", ""count"": ""5""}]"
https://city2city.ru/izhevsk-nizhnekamsk;Ижевск;Нижнекамск;такси Ижевск Нижнекамск;2;такси нижнекамск ижевск;2;;0;;0;"[{""phrase"": ""такси нижнекамск ижевск"", ""count"": ""2""}]"
https://city2city.ru/izhevsk-omutninsk;Ижевск;Омутнинск;такси Ижевск Омутнинск;0;;0;;0;;0;[]
https://city2city.ru/izhevsk-orenburg;Ижевск;Оренбург;такси Ижевск Оренбург;15;такси оренбург ижевск;15;;0;;0;"[{""phrase"": ""такси оренбург ижевск"", ""count"": ""15""}]"
https://city2city.ru/izhevsk-penza;Ижевск;Пенза;такси Ижевск Пенза;0;;0;;0;;0;[]
https://city2city.ru/izhevsk-perm;Ижевск;Пермь;такси Ижевск Пермь;39;такси пермь ижевск;39;;0;;0;"[{""phrase"": ""такси пермь ижевск"", ""count"": ""39""}]"
https://city2city.ru/izhevsk-samara;Ижевск;Самара;такси Ижевск Самара;37;такси самара ижевск;37;;0;;0;"[{""phrase"": ""такси самара ижевск"", ""count"": ""37""}]"
https://city2city.ru/izhevsk-sankt-peterburg;Ижевск;Санкт-Петербург;такси Ижевск Санкт-Петербург;3;;0;;0;;0;[]
https://city2city.ru/izhevsk-sarapul;Ижевск;Сарапул;такси Ижевск Сарапул;198;такси ижевск сарапул;198;такси мост сарапул ижевск;53;такси сарапул аэропорт ижевск;32;"[{""phrase"": ""такси ижевск сарапул"", ""count"": ""198""}, {""phrase"": ""такси мост сарапул ижевск"", ""count"": ""53""}, {""phrase"": ""такси сарапул аэропорт ижевск"", ""count"": ""32""}, {""phrase"": ""такси сарапул ижевск цена"", ""count"": ""28""}, {""phrase"": ""такси ижевск сарапул стоимость"", ""count"": ""27""}, {""phrase"": ""сколько стоит такси ижевск сарапул"", ""count"": ""19""}, {""phrase"": ""такси мост ижевск сарапул цена"", ""count"": ""6""}, {""phrase"": ""эконом такси аэропорт ижевск сарапул телефон"", ""count"": ""5""}, {""phrase"": ""такси ижевск сарапул где можно заказать заранее"", ""count"": ""5""}]"
https://city2city.ru/izhevsk-sochi;Ижевск;Сочи;такси Ижевск Сочи;1;;0;;0;;0;[]
https://city2city.ru/izhevsk-sol-ileczk;Ижевск;Соль-Илецк;такси Ижевск Соль-Илецк;0;;0;;0;;0;[]
https://city2city.ru/izhevsk-tolyatti;Ижевск;Тольятти;такси Ижевск Тольятти;5;такси тольятти ижевск;5;;0;;0;"[{""phrase"": ""такси тольятти ижевск"", ""count"": ""5""}]"
https://city2city.ru/izhevsk-tyumen;Ижевск;Тюмень;такси Ижевск Тюмень;0;;0;;0;;0;[]
https://city2city.ru/izhevsk-ufa;Ижевск;Уфа;такси Ижевск Уфа;130;такси уфа ижевск;130;такси ижевск уфа цена;13;уфа ижевск такси межгород;12;"[{""phrase"": ""такси уфа ижевск"", ""count"": ""130""}, {""phrase"": ""такси ижевск уфа цена"", ""count"": ""13""}, {""phrase"": ""уфа ижевск такси межгород"", ""count"": ""12""}, {""phrase"": ""такси уфа ижевск стоимость"", ""count"": ""9""}]"
https://city2city.ru/izhevsk-ulyanovsk;Ижевск;Ульяновск;такси Ижевск Ульяновск;6;такси ульяновск ижевск;6;такси мост ижевск ульяновск;5;;0;"[{""phrase"": ""такси ульяновск ижевск"", ""count"": ""6""}, {""phrase"": ""такси мост ижевск ульяновск"", ""count"": ""5""}]"
https://city2city.ru/izhevsk-vereshhagino;Ижевск;Верещагино;такси Ижевск Верещагино;0;;0;;0;;0;[]
https://city2city.ru/izhevsk-votkinsk;Ижевск;Воткинск;такси Ижевск Воткинск;150;ижевск воткинск такси;150;такси мост воткинск ижевск;63;такси ижевск воткинск цена;43;"[{""phrase"": ""ижевск воткинск такси"", ""count"": ""150""}, {""phrase"": ""такси мост воткинск ижевск"", ""count"": ""63""}, {""phrase"": ""такси ижевск воткинск цена"", ""count"": ""43""}, {""phrase"": ""ижевск воткинск такси стоимость"", ""count"": ""17""}, {""phrase"": ""такси мост ижевск воткинск цена"", ""count"": ""13""}, {""phrase"": ""такси мост воткинск ижевск стоимость"", ""count"": ""11""}, {""phrase"": ""такси мост воткинск ижевск телефон"", ""count"": ""8""}, {""phrase"": ""сколько стоит такси ижевск воткинск"", ""count"": ""7""}, {""phrase"": ""такси межгород ижевск воткинск"", ""count"": ""5""}]"
https://city2city.ru/izhevsk-vyatskie-polyany;Ижевск;Вятские Поляны;такси Ижевск Вятские Поляны;9;;0;;0;;0;[]
https://city2city.ru/izhevsk-yanaul;Ижевск;Янаул;такси Ижевск Янаул;2;;0;;0;;0;[]
https://city2city.ru/joshkar-ola-ivanovo;Йошкар-Ола;Иваново;такси Йошкар-Ола Иваново;0;;0;;0;;0;[]
https://city2city.ru/joshkar-ola-kanash;Йошкар-Ола;деревня Канаш;такси Йошкар-Ола деревня Канаш;0;;0;;0;;0;[]
https://city2city.ru/joshkar-ola-kazan;Йошкар-Ола;Казань;такси Йошкар-Ола Казань;192;такси казань йошкар ола;192;такси аэропорт казани йошкар оле;45;такси аэропорт казань йошкар ола;45;"[{""phrase"": ""такси казань йошкар ола"", ""count"": ""192""}, {""phrase"": ""такси аэропорт казани йошкар оле"", ""count"": ""45""}, {""phrase"": ""такси аэропорт казань йошкар ола"", ""count"": ""45""}, {""phrase"": ""цены такси йошкар ола казань"", ""count"": ""43""}, {""phrase"": ""сколько стоит такси казань йошкар ола"", ""count"": ""35""}, {""phrase"": ""стоимость такси йошкар ола казань"", ""count"": ""17""}, {""phrase"": ""такси йошкар ола казань аэропорт цена"", ""count"": ""10""}]"
https://city2city.ru/joshkar-ola-kiknur;Йошкар-Ола;посёлок городского типа Кикнур;такси Йошкар-Ола посёлок городского типа Кикнур;0;;0;;0;;0;[]
https://city2city.ru/joshkar-ola-kilemary;Йошкар-Ола;посёлок городского типа Килемары;такси Йошкар-Ола посёлок городского типа Килемары;0;;0;;0;;0;[]
https://city2city.ru/joshkar-ola-kirov;Йошкар-Ола;Киров;такси Йошкар-Ола Киров;16;такси киров йошкар ола;16;;0;;0;"[{""phrase"": ""такси киров йошкар ола"", ""count"": ""16""}]"
https://city2city.ru/joshkar-ola-kostroma;Йошкар-Ола;Кострома;такси Йошкар-Ола Кострома;0;;0;;0;;0;[]
https://city2city.ru/joshkar-ola-kotelnich;Йошкар-Ола;Котельнич;такси Йошкар-Ола Котельнич;0;;0;;0;;0;[]
https://city2city.ru/joshkar-ola-kuzhener;Йошкар-Ола;посёлок городского типа Куженер;такси Йошкар-Ола посёлок городского типа Куженер;0;;0;;0;;0;[]
https://city2city.ru/joshkar-ola-lyskovo;Йошкар-Ола;Лысково;такси Йошкар-Ола Лысково;0;;0;;0;;0;[]
https://city2city.ru/joshkar-ola-mari-turek;Йошкар-Ола;поселок городского типа Мари-Турек;такси Йошкар-Ола поселок городского типа Мари-Турек;0;;0;;0;;0;[]
https://city2city.ru/joshkar-ola-morki;Йошкар-Ола;посёлок городского типа Морки;такси Йошкар-Ола посёлок городского типа Морки;0;;0;;0;;0;[]
https://city2city.ru/joshkar-ola-naberezhnye-chelny;Йошкар-Ола;Набережные Челны;такси Йошкар-Ола Набережные Челны;2;;0;;0;;0;[]
https://city2city.ru/joshkar-ola-nizhnij-novgorod;Йошкар-Ола;Нижний Новгород;такси Йошкар-Ола Нижний Новгород;13;;0;;0;;0;[]
https://city2city.ru/joshkar-ola-novyj-toryal;Йошкар-Ола;посёлок городского типа Новый Торъял;такси Йошкар-Ола посёлок городского типа Новый Торъял;0;;0;;0;;0;[]
https://city2city.ru/joshkar-ola-orshanka;Йошкар-Ола;посёлок городского типа Оршанка;такси Йошкар-Ола посёлок городского типа Оршанка;0;;0;;0;;0;[]
https://city2city.ru/joshkar-ola-paranga;Йошкар-Ола;посёлок городского типа Параньга;такси Йошкар-Ола посёлок городского типа Параньга;0;;0;;0;;0;[]
https://city2city.ru/joshkar-ola-pizhanka;Йошкар-Ола;посёлок городского типа Пижанка;такси Йошкар-Ола посёлок городского типа Пижанка;0;;0;;0;;0;[]
https://city2city.ru/joshkar-ola-rostov-na-donu;Йошкар-Ола;Ростов-на-Дону;такси Йошкар-Ола Ростов-на-Дону;0;;0;;0;;0;[]
https://city2city.ru/joshkar-ola-sanchursk;Йошкар-Ола;посёлок городского типа Санчурск;такси Йошкар-Ола посёлок городского типа Санчурск;0;;0;;0;;0;[]
https://city2city.ru/joshkar-ola-saratov;Йошкар-Ола;Саратов;такси Йошкар-Ола Саратов;0;;0;;0;;0;[]
https://city2city.ru/joshkar-ola-sernur;Йошкар-Ола;посёлок городского типа Сернур;такси Йошкар-Ола посёлок городского типа Сернур;0;;0;;0;;0;[]
https://city2city.ru/joshkar-ola-sharanga;Йошкар-Ола;посёлок городского типа Шаранга;такси Йошкар-Ола посёлок городского типа Шаранга;0;;0;;0;;0;[]
https://city2city.ru/joshkar-ola-sochi;Йошкар-Ола;Сочи;такси Йошкар-Ола Сочи;0;;0;;0;;0;[]
https://city2city.ru/joshkar-ola-solnechnyj;Йошкар-Ола;посёлок Солнечный;такси Йошкар-Ола посёлок Солнечный;0;;0;;0;;0;[]
https://city2city.ru/joshkar-ola-suslonger;Йошкар-Ола;городское поселение Суслонгер;такси Йошкар-Ола городское поселение Суслонгер;0;;0;;0;;0;[]
https://city2city.ru/joshkar-ola-ufa;Йошкар-Ола;Уфа;такси Йошкар-Ола Уфа;0;;0;;0;;0;[]
https://city2city.ru/joshkar-ola-urzhum;Йошкар-Ола;Уржум;такси Йошкар-Ола Уржум;1;;0;;0;;0;[]
https://city2city.ru/joshkar-ola-volzhsk;Йошкар-Ола;Волжск;такси Йошкар-Ола Волжск;21;такси волжск йошкар ола;21;;0;;0;"[{""phrase"": ""такси волжск йошкар ола"", ""count"": ""21""}]"
https://city2city.ru/joshkar-ola-yaransk;Йошкар-Ола;Яранск;такси Йошкар-Ола Яранск;13;такси яранск йошкар ола;13;;0;;0;"[{""phrase"": ""такси яранск йошкар ола"", ""count"": ""13""}]"
https://city2city.ru/joshkar-ola-yaroslavl;Йошкар-Ола;Ярославль;такси Йошкар-Ола Ярославль;0;;0;;0;;0;[]
https://city2city.ru/joshkar-ola-yurino;Йошкар-Ола;посёлок городского типа Юрино;такси Йошкар-Ола посёлок городского типа Юрино;0;;0;;0;;0;[]
https://city2city.ru/joshkar-ola-zvenigovo;Йошкар-Ола;Звенигово;такси Йошкар-Ола Звенигово;13;;0;;0;;0;[]
https://city2city.ru/kaluga-belgorod;Калуга;Белгород;такси Калуга Белгород;6;;0;;0;;0;[]
https://city2city.ru/kaluga-belyov;Калуга;Белёв;такси Калуга Белёв;0;;0;;0;;0;[]
https://city2city.ru/kaluga-borovsk;Калуга;Боровск;такси Калуга Боровск;0;;0;;0;;0;[]
https://city2city.ru/kaluga-bryansk;Калуга;Брянск;такси Калуга Брянск;17;брянск калуга такси;17;;0;;0;"[{""phrase"": ""брянск калуга такси"", ""count"": ""17""}]"
https://city2city.ru/kaluga-dzhankoj;Калуга;Джанкой;такси Калуга Джанкой;0;;0;;0;;0;[]
https://city2city.ru/kaluga-elektrostal;Калуга;Электросталь;такси Калуга Электросталь;0;;0;;0;;0;[]
https://city2city.ru/kaluga-granicza-kazaxstan;Калуга;52А-3;такси Калуга 52А-3;0;;0;;0;;0;[]
https://city2city.ru/kaluga-gremyachevo;Калуга;поселок городского типа Гремячево;такси Калуга поселок городского типа Гремячево;0;;0;;0;;0;[]
https://city2city.ru/kaluga-kirov-kaluzhskaya-oblast;Калуга;Киров;такси Калуга Киров;31;такси киров калуга;31;;0;;0;"[{""phrase"": ""такси киров калуга"", ""count"": ""31""}]"
https://city2city.ru/kaluga-kolomna;Калуга;Коломна;такси Калуга Коломна;1;;0;;0;;0;[]
https://city2city.ru/kaluga-kozelsk;Калуга;Козельск;такси Калуга Козельск;21;такси калуга козельск;21;;0;;0;"[{""phrase"": ""такси калуга козельск"", ""count"": ""21""}]"
https://city2city.ru/kaluga-kurovskoe;Калуга;Куровское;такси Калуга Куровское;12;;0;;0;;0;[]
https://city2city.ru/kaluga-lipeczk;Калуга;Липецк;такси Калуга Липецк;3;;0;;0;;0;[]
https://city2city.ru/kaluga-loo;Калуга;посёлок Лоо;такси Калуга посёлок Лоо;0;;0;;0;;0;[]
https://city2city.ru/kaluga-lyudinovo;Калуга;Людиново;такси Калуга Людиново;17;такси людиново калуга;17;;0;;0;"[{""phrase"": ""такси людиново калуга"", ""count"": ""17""}]"
https://city2city.ru/kaluga-maloyaroslavecz;Калуга;Малоярославец;такси Калуга Малоярославец;27;такси калуга малоярославец;27;;0;;0;"[{""phrase"": ""такси калуга малоярославец"", ""count"": ""27""}]"
https://city2city.ru/kaluga-meshhovsk;Калуга;Мещовск;такси Калуга Мещовск;18;;0;;0;;0;[]
https://city2city.ru/kaluga-mosalsk;Калуга;Мосальск;такси Калуга Мосальск;4;;0;;0;;0;[]
https://city2city.ru/kaluga-novomoskovsk;Калуга;Новомосковск;такси Калуга Новомосковск;6;;0;;0;;0;[]
https://city2city.ru/kaluga-obninsk;Калуга;Обнинск;такси Калуга Обнинск;76;такси калуга обнинск;76;такси калуга обнинск стоимость;23;обнинск калуга такси цена;16;"[{""phrase"": ""такси калуга обнинск"", ""count"": ""76""}, {""phrase"": ""такси калуга обнинск стоимость"", ""count"": ""23""}, {""phrase"": ""обнинск калуга такси цена"", ""count"": ""16""}]"
https://city2city.ru/kaluga-oryol;Калуга;Орёл;такси Калуга Орёл;14;;0;;0;;0;[]
https://city2city.ru/kaluga-podolsk;Калуга;Подольск;такси Калуга Подольск;13;;0;;0;;0;[]
https://city2city.ru/kaluga-polotnyanyj-zavod;Калуга;посёлок городского типа Полотняный Завод;такси Калуга посёлок городского типа Полотняный Завод;0;;0;;0;;0;[]
https://city2city.ru/kaluga-protvino;Калуга;Протвино;такси Калуга Протвино;1;;0;;0;;0;[]
https://city2city.ru/kaluga-ruza;Калуга;Руза;такси Калуга Руза;1;;0;;0;;0;[]
https://city2city.ru/kaluga-sankt-peterburg;Калуга;Санкт-Петербург;такси Калуга Санкт-Петербург;5;;0;;0;;0;[]
https://city2city.ru/kaluga-shebekino;Калуга;Шебекино;такси Калуга Шебекино;0;;0;;0;;0;[]
https://city2city.ru/kaluga-simferopol;Калуга;Симферополь;такси Калуга Симферополь;2;;0;;0;;0;[]
https://city2city.ru/kaluga-smolensk;Калуга;Смоленск;такси Калуга Смоленск;18;;0;;0;;0;[]
https://city2city.ru/kaluga-sochi;Калуга;Сочи;такси Калуга Сочи;0;;0;;0;;0;[]
https://city2city.ru/kaluga-solnechnogorsk;Калуга;Солнечногорск;такси Калуга Солнечногорск;0;;0;;0;;0;[]
https://city2city.ru/kaluga-suvorov;Калуга;Суворов;такси Калуга Суворов;35;такси суворов калуга;35;такси калуга суворов цена;12;;0;"[{""phrase"": ""такси суворов калуга"", ""count"": ""35""}, {""phrase"": ""такси калуга суворов цена"", ""count"": ""12""}]"
https://city2city.ru/kaluga-suxinichi;Калуга;Сухиничи;такси Калуга Сухиничи;10;такси калуга сухиничи;10;;0;;0;"[{""phrase"": ""такси калуга сухиничи"", ""count"": ""10""}]"
https://city2city.ru/kaluga-tarusa;Калуга;Таруса;такси Калуга Таруса;24;такси таруса калуга;24;;0;;0;"[{""phrase"": ""такси таруса калуга"", ""count"": ""24""}]"
https://city2city.ru/kaluga-tula;Калуга;Тула;такси Калуга Тула;86;такси тула калуга;86;такси тула калуга цена;19;такси тула калуга сколько стоит;13;"[{""phrase"": ""такси тула калуга"", ""count"": ""86""}, {""phrase"": ""такси тула калуга цена"", ""count"": ""19""}, {""phrase"": ""такси тула калуга сколько стоит"", ""count"": ""13""}, {""phrase"": ""такси калуга тула стоимость"", ""count"": ""11""}]"
https://city2city.ru/kaluga-voronezh;Калуга;Воронеж;такси Калуга Воронеж;10;такси воронеж калуга;10;;0;;0;"[{""phrase"": ""такси воронеж калуга"", ""count"": ""10""}]"
https://city2city.ru/kaluga-vyazma;Калуга;Вязьма;такси Калуга Вязьма;8;;0;;0;;0;[]
https://city2city.ru/kaluga-zhizdra;Калуга;Жиздра;такси Калуга Жиздра;3;;0;;0;;0;[]
https://city2city.ru/kaluga-zhukov;Калуга;Жуков;такси Калуга Жуков;4;;0;;0;;0;[]
https://city2city.ru/kazan-abdulino;Казань;Абдулино;такси Казань Абдулино;9;;0;;0;;0;[]
https://city2city.ru/kazan-agidel;Казань;Агидель;такси Казань Агидель;2;;0;;0;;0;[]
https://city2city.ru/kazan-agryz;Казань;Агрыз;такси Казань Агрыз;3;;0;;0;;0;[]
https://city2city.ru/kazan-aktyubinskij;Казань;посёлок городского типа Актюбинский;такси Казань посёлок городского типа Актюбинский;0;;0;;0;;0;[]
https://city2city.ru/kazan-alatyr;Казань;Алатырь;такси Казань Алатырь;1;;0;;0;;0;[]
https://city2city.ru/kazan-alekseevskoe;Казань;посёлок городского типа Алексеевское;такси Казань посёлок городского типа Алексеевское;0;;0;;0;;0;[]
https://city2city.ru/kazan-almetevsk;Международный аэропорт Казань;;такси Международный аэропорт Казань ;1;;0;;0;;0;[]
https://city2city.ru/kazan-apastovo;Казань;поселок городского типа Апастово;такси Казань поселок городского типа Апастово;0;;0;;0;;0;[]
https://city2city.ru/kazan-arsk;Казань;Арск;такси Казань Арск;23;такси казань арск;23;;0;;0;"[{""phrase"": ""такси казань арск"", ""count"": ""23""}]"
https://city2city.ru/kazan-arxangelsk;Казань;Архангельск;такси Казань Архангельск;0;;0;;0;;0;[]
https://city2city.ru/kazan-aznakaevo;Казань;Азнакаево;такси Казань Азнакаево;190;такси азнакаево казань;190;такси апельсин азнакаево казань;89;такси азнакаево казань номера;38;"[{""phrase"": ""такси азнакаево казань"", ""count"": ""190""}, {""phrase"": ""такси апельсин азнакаево казань"", ""count"": ""89""}, {""phrase"": ""такси азнакаево казань номера"", ""count"": ""38""}, {""phrase"": ""такси комфорт азнакаево казань"", ""count"": ""34""}, {""phrase"": ""такси азнакаево казань номера телефонов"", ""count"": ""32""}, {""phrase"": ""такси апельсин азнакаево казань номер"", ""count"": ""21""}, {""phrase"": ""такси апельсин азнакаево казань номер телефона"", ""count"": ""20""}, {""phrase"": ""такси апельсин азнакаево казань телефон"", ""count"": ""20""}, {""phrase"": ""такси казань азнакаево расписание"", ""count"": ""18""}, {""phrase"": ""такси апельсин азнакаево казань расписание"", ""count"": ""12""}]"
https://city2city.ru/kazan-baltasi;Казань;посёлок городского типа Балтаси;такси Казань посёлок городского типа Балтаси;0;;0;;0;;0;[]
https://city2city.ru/kazan-barysh;Казань;Барыш;такси Казань Барыш;3;;0;;0;;0;[]
https://city2city.ru/kazan-bavly;Казань;Бавлы;такси Казань Бавлы;102;такси казань бавлы;102;маршрутные такси казань бавлы;13;такси бавлы казань телефон;11;"[{""phrase"": ""такси казань бавлы"", ""count"": ""102""}, {""phrase"": ""маршрутные такси казань бавлы"", ""count"": ""13""}, {""phrase"": ""такси бавлы казань телефон"", ""count"": ""11""}, {""phrase"": ""номера такси бавлы казань"", ""count"": ""11""}, {""phrase"": ""такси бавлы казань номера телефонов"", ""count"": ""10""}]"
https://city2city.ru/kazan-belebej;Казань;Белебей;такси Казань Белебей;68;белебей казань такси;68;такси белка белебей казань;31;;0;"[{""phrase"": ""белебей казань такси"", ""count"": ""68""}, {""phrase"": ""такси белка белебей казань"", ""count"": ""31""}]"
https://city2city.ru/kazan-belgorod;Казань;Белгород;такси Казань Белгород;15;белгород казань такси;15;;0;;0;"[{""phrase"": ""белгород казань такси"", ""count"": ""15""}]"
https://city2city.ru/kazan-birsk;Казань;Бирск;такси Казань Бирск;0;;0;;0;;0;[]
https://city2city.ru/kazan-bogatye-saby;Казань;Муниципальное образование поселок городского типа Богатые Сабы;такси Казань Муниципальное образование поселок городского типа Богатые Сабы;0;;0;;0;;0;[]
https://city2city.ru/kazan-bolgar;Казань;Болгар;такси Казань Болгар;40;такси казань болгары;40;;0;;0;"[{""phrase"": ""такси казань болгары"", ""count"": ""40""}]"
https://city2city.ru/kazan-bugulma;Международный аэропорт Казань;;такси Международный аэропорт Казань ;1;;0;;0;;0;[]
https://city2city.ru/kazan-buguruslan;Казань;Бугуруслан;такси Казань Бугуруслан;26;бугуруслан казань такси;26;;0;;0;"[{""phrase"": ""бугуруслан казань такси"", ""count"": ""26""}]"
https://city2city.ru/kazan-buinsk;Казань;Буинск;такси Казань Буинск;35;такси буинск казань;35;;0;;0;"[{""phrase"": ""такси буинск казань"", ""count"": ""35""}]"
https://city2city.ru/kazan-buzuluk;Казань;Бузулук;такси Казань Бузулук;4;;0;;0;;0;[]
https://city2city.ru/kazan-chajkovskij;Казань;Чайковский;такси Казань Чайковский;3;;0;;0;;0;[]
https://city2city.ru/kazan-chebarkul;Казань;Чебаркуль;такси Казань Чебаркуль;1;;0;;0;;0;[]
https://city2city.ru/kazan-cheboksary;Международный аэропорт Казань;;такси Международный аэропорт Казань ;1;;0;;0;;0;[]
https://city2city.ru/kazan-chelyabinsk;Казань;Челябинск;такси Казань Челябинск;9;;0;;0;;0;[]
https://city2city.ru/kazan-cherdakly;Казань;посёлок городского типа Чердаклы;такси Казань посёлок городского типа Чердаклы;0;;0;;0;;0;[]
https://city2city.ru/kazan-chernushka;Казань;Чернушка;такси Казань Чернушка;2;;0;;0;;0;[]
https://city2city.ru/kazan-chishmy;Казань;деревня Чишмы;такси Казань деревня Чишмы;0;;0;;0;;0;[]
https://city2city.ru/kazan-chistopol;Международный аэропорт Казань;;такси Международный аэропорт Казань ;1;;0;;0;;0;[]
https://city2city.ru/kazan-dzerzhinsk;Казань;Дзержинск;такси Казань Дзержинск;4;;0;;0;;0;[]
https://city2city.ru/kazan-dzhalil;Казань;посёлок городского типа Джалиль;такси Казань посёлок городского типа Джалиль;0;;0;;0;;0;[]
https://city2city.ru/kazan-ekaterinburg;Международный аэропорт Казань;;такси Международный аэропорт Казань ;1;;0;;0;;0;[]
https://city2city.ru/kazan-elabuga;Казань;;такси Казань ;35744;такси казань;35744;яндекс такси казань;8415;такси казань телефон;6155;"[{""phrase"": ""такси казань"", ""count"": ""35744""}, {""phrase"": ""яндекс такси казань"", ""count"": ""8415""}, {""phrase"": ""такси казань телефон"", ""count"": ""6155""}, {""phrase"": ""номер такси казань"", ""count"": ""3541""}, {""phrase"": ""такси казань номер телефона"", ""count"": ""2233""}, {""phrase"": ""такси максим казань"", ""count"": ""2223""}, {""phrase"": ""яндекс такси казань телефон"", ""count"": ""2170""}, {""phrase"": ""такси аэропорт казань"", ""count"": ""1718""}, {""phrase"": ""номер яндекс такси казань"", ""count"": ""1192""}, {""phrase"": ""такси челны казань"", ""count"": ""1108""}]"
https://city2city.ru/kazan-glazov;Казань;Глазов;такси Казань Глазов;1;;0;;0;;0;[]
https://city2city.ru/kazan-granicza-kazaxstan;Казань;52А-3;такси Казань 52А-3;0;;0;;0;;0;[]
https://city2city.ru/kazan-innopolis;Казань;Иннополис;такси Казань Иннополис;57;такси иннополис казань;57;беспилотное такси казань иннополис;25;как заказать беспилотное такси в иннополисе казань;7;"[{""phrase"": ""такси иннополис казань"", ""count"": ""57""}, {""phrase"": ""беспилотное такси казань иннополис"", ""count"": ""25""}, {""phrase"": ""как заказать беспилотное такси в иннополисе казань"", ""count"": ""7""}]"
https://city2city.ru/kazan-izhevsk;Международный аэропорт Казань;;такси Международный аэропорт Казань ;1;;0;;0;;0;[]
https://city2city.ru/kazan-kamskie-polyany;Казань;поселок городского типа Камские Поляны;такси Казань поселок городского типа Камские Поляны;0;;0;;0;;0;[]
https://city2city.ru/kazan-kamskoe-uste;Казань;посёлок городского типа Камское Устье;такси Казань посёлок городского типа Камское Устье;0;;0;;0;;0;[]
https://city2city.ru/kazan-kanash;Казань;деревня Канаш;такси Казань деревня Канаш;0;;0;;0;;0;[]
https://city2city.ru/kazan-karabash;Казань;Карабаш;такси Казань Карабаш;0;;0;;0;;0;[]
https://city2city.ru/kazan-kilmez;Казань;посёлок городского типа Кильмезь;такси Казань посёлок городского типа Кильмезь;0;;0;;0;;0;[]
https://city2city.ru/kazan-kinel;Казань;Кинель;такси Казань Кинель;0;;0;;0;;0;[]
https://city2city.ru/kazan-kirov;Международный аэропорт Казань;;такси Международный аэропорт Казань ;1;;0;;0;;0;[]
https://city2city.ru/kazan-kislovodsk;Казань;Кисловодск;такси Казань Кисловодск;0;;0;;0;;0;[]
https://city2city.ru/kazan-kostroma;Казань;Кострома;такси Казань Кострома;4;;0;;0;;0;[]
https://city2city.ru/kazan-kozlovka;Казань;село Козловка;такси Казань село Козловка;0;;0;;0;;0;[]
https://city2city.ru/kazan-kujbyshevskij-zaton;Казань;посёлок городского типа Куйбышевский Затон;такси Казань посёлок городского типа Куйбышевский Затон;0;;0;;0;;0;[]
https://city2city.ru/kazan-kukmor;Казань;Кукмор;такси Казань Кукмор;20;такси кукмор казань;20;;0;;0;"[{""phrase"": ""такси кукмор казань"", ""count"": ""20""}]"
https://city2city.ru/kazan-kumertau;Казань;Кумертау;такси Казань Кумертау;10;такси кумертау казань;10;;0;;0;"[{""phrase"": ""такси кумертау казань"", ""count"": ""10""}]"
https://city2city.ru/kazan-laishevo;Казань;Лаишево;такси Казань Лаишево;26;такси с лаишево до казани;5;;0;;0;"[{""phrase"": ""такси с лаишево до казани"", ""count"": ""5""}]"
https://city2city.ru/kazan-lebyazhe;Казань;рабочий посёлок Лебяжье;такси Казань рабочий посёлок Лебяжье;0;;0;;0;;0;[]
https://city2city.ru/kazan-leninogorsk;Казань;;такси Казань ;35744;такси казань;35744;яндекс такси казань;8415;такси казань телефон;6155;"[{""phrase"": ""такси казань"", ""count"": ""35744""}, {""phrase"": ""яндекс такси казань"", ""count"": ""8415""}, {""phrase"": ""такси казань телефон"", ""count"": ""6155""}, {""phrase"": ""номер такси казань"", ""count"": ""3541""}, {""phrase"": ""такси казань номер телефона"", ""count"": ""2233""}, {""phrase"": ""такси максим казань"", ""count"": ""2223""}, {""phrase"": ""яндекс такси казань телефон"", ""count"": ""2170""}, {""phrase"": ""такси аэропорт казань"", ""count"": ""1718""}, {""phrase"": ""номер яндекс такси казань"", ""count"": ""1192""}, {""phrase"": ""такси челны казань"", ""count"": ""1108""}]"
https://city2city.ru/kazan-lyskovo;Казань;Лысково;такси Казань Лысково;0;;0;;0;;0;[]
https://city2city.ru/kazan-magnitogorsk;Казань;Магнитогорск;такси Казань Магнитогорск;21;магнитогорск казань такси;21;;0;;0;"[{""phrase"": ""магнитогорск казань такси"", ""count"": ""21""}]"
https://city2city.ru/kazan-malmyzh;Казань;Малмыж;такси Казань Малмыж;24;такси малмыж казань;24;;0;;0;"[{""phrase"": ""такси малмыж казань"", ""count"": ""24""}]"
https://city2city.ru/kazan-mamadysh;Казань;Мамадыш;такси Казань Мамадыш;20;такси мамадыш казань;20;;0;;0;"[{""phrase"": ""такси мамадыш казань"", ""count"": ""20""}]"
https://city2city.ru/kazan-mari-turek;Казань;поселок городского типа Мари-Турек;такси Казань поселок городского типа Мари-Турек;0;;0;;0;;0;[]
https://city2city.ru/kazan-meleuz;Казань;Мелеуз;такси Казань Мелеуз;4;;0;;0;;0;[]
https://city2city.ru/kazan-menzelinsk;Казань;Мензелинск;такси Казань Мензелинск;8;такси казань мензелинск;8;;0;;0;"[{""phrase"": ""такси казань мензелинск"", ""count"": ""8""}]"
https://city2city.ru/kazan-miass;Казань;Миасс;такси Казань Миасс;0;;0;;0;;0;[]
https://city2city.ru/kazan-morki;Казань;посёлок городского типа Морки;такси Казань посёлок городского типа Морки;0;;0;;0;;0;[]
https://city2city.ru/kazan-moskva;Казань;Москва;такси Казань Москва;288;такси москва казань;288;москва казань такси цена;50;москва казань такси сколько;37;"[{""phrase"": ""такси москва казань"", ""count"": ""288""}, {""phrase"": ""москва казань такси цена"", ""count"": ""50""}, {""phrase"": ""москва казань такси сколько"", ""count"": ""37""}, {""phrase"": ""сколько стоит такси от москвы до казани"", ""count"": ""12""}, {""phrase"": ""такси межгород москва казань"", ""count"": ""12""}, {""phrase"": ""такси москва казань стоимость"", ""count"": ""8""}, {""phrase"": ""такси казань москва цена и расписание"", ""count"": ""8""}]"
https://city2city.ru/kazan-mozhga;Казань;село Можга;такси Казань село Можга;0;;0;;0;;0;[]
https://city2city.ru/kazan-murmansk;Казань;Мурманск;такси Казань Мурманск;0;;0;;0;;0;[]
https://city2city.ru/kazan-murom;Казань;Муром;такси Казань Муром;2;;0;;0;;0;[]
https://city2city.ru/kazan-nab_chelny;Международный аэропорт Казань;;такси Международный аэропорт Казань ;1;;0;;0;;0;[]
https://city2city.ru/kazan-naro-fominsk;Казань;Наро-Фоминск;такси Казань Наро-Фоминск;0;;0;;0;;0;[]
https://city2city.ru/kazan-neftekamsk;Казань;Нефтекамск;такси Казань Нефтекамск;18;такси казань нефтекамск;18;;0;;0;"[{""phrase"": ""такси казань нефтекамск"", ""count"": ""18""}]"
https://city2city.ru/kazan-nikolaevka;Казань;деревня Николаевка;такси Казань деревня Николаевка;0;;0;;0;;0;[]
https://city2city.ru/kazan-nizhnekamsk;Международный аэропорт Казань;;такси Международный аэропорт Казань ;1;;0;;0;;0;[]
https://city2city.ru/kazan-nizhnie-vyazovye;Казань;посёлок городского типа Нижние Вязовые;такси Казань посёлок городского типа Нижние Вязовые;0;;0;;0;;0;[]
https://city2city.ru/kazan-nizhnij-lomov;Казань;Нижний Ломов;такси Казань Нижний Ломов;0;;0;;0;;0;[]
https://city2city.ru/kazan-nizhniy_novgorod;Международный аэропорт Казань;;такси Международный аэропорт Казань ;1;;0;;0;;0;[]
https://city2city.ru/kazan-novocheboksarsk;Казань;Новочебоксарск;такси Казань Новочебоксарск;16;такси казань новочебоксарск;16;;0;;0;"[{""phrase"": ""такси казань новочебоксарск"", ""count"": ""16""}]"
https://city2city.ru/kazan-novyj-urengoj;Казань;Новый Уренгой;такси Казань Новый Уренгой;3;;0;;0;;0;[]
https://city2city.ru/kazan-nurlat;Казань;село Нурлаты;такси Казань село Нурлаты;0;;0;;0;;0;[]
https://city2city.ru/kazan-oktyabrskij-respublika-bashkortostan;Казань;Октябрьский;такси Казань Октябрьский;147;такси октябрьский казань;147;октябрьский казань такси межгород;30;такси казань октябрьский башкортостан;22;"[{""phrase"": ""такси октябрьский казань"", ""count"": ""147""}, {""phrase"": ""октябрьский казань такси межгород"", ""count"": ""30""}, {""phrase"": ""такси казань октябрьский башкортостан"", ""count"": ""22""}, {""phrase"": ""казань октябрьский рейсы такси"", ""count"": ""6""}]"
https://city2city.ru/kazan-orenburg;Казань;Оренбург;такси Казань Оренбург;180;такси оренбург казань;180;оренбург казань такси цена;27;такси оренбург казань расписание;25;"[{""phrase"": ""такси оренбург казань"", ""count"": ""180""}, {""phrase"": ""оренбург казань такси цена"", ""count"": ""27""}, {""phrase"": ""такси оренбург казань расписание"", ""count"": ""25""}, {""phrase"": ""оренбург казань такси межгород"", ""count"": ""25""}, {""phrase"": ""такси оренбург казань расписание цена"", ""count"": ""19""}]"
https://city2city.ru/kazan-orsk;Казань;Орск;такси Казань Орск;23;такси казань орск;23;;0;;0;"[{""phrase"": ""такси казань орск"", ""count"": ""23""}]"
https://city2city.ru/kazan-paranga;Казань;посёлок городского типа Параньга;такси Казань посёлок городского типа Параньга;0;;0;;0;;0;[]
https://city2city.ru/kazan-penza;Казань;Пенза;такси Казань Пенза;11;такси казань пенза;11;;0;;0;"[{""phrase"": ""такси казань пенза"", ""count"": ""11""}]"
https://city2city.ru/kazan-perm;Международный аэропорт Казань;;такси Международный аэропорт Казань ;1;;0;;0;;0;[]
https://city2city.ru/kazan-poxvistnevo;Казань;Похвистнево;такси Казань Похвистнево;1;;0;;0;;0;[]
https://city2city.ru/kazan-priyutovo;Казань;поселок городского типа Приютово;такси Казань поселок городского типа Приютово;0;;0;;0;;0;[]
https://city2city.ru/kazan-rossosh;Казань;Россошь;такси Казань Россошь;0;;0;;0;;0;[]
https://city2city.ru/kazan-rostov-na-donu;Казань;Ростов-на-Дону;такси Казань Ростов-на-Дону;9;такси ростов на дону казань;9;;0;;0;"[{""phrase"": ""такси ростов на дону казань"", ""count"": ""9""}]"
https://city2city.ru/kazan-rybnaya-sloboda;Казань;посёлок городского типа Рыбная Слобода;такси Казань посёлок городского типа Рыбная Слобода;0;;0;;0;;0;[]
https://city2city.ru/kazan-salavat;Казань;Салават;такси Казань Салават;19;такси салават казань;19;;0;;0;"[{""phrase"": ""такси салават казань"", ""count"": ""19""}]"
https://city2city.ru/kazan-samara;Международный аэропорт Казань;;такси Международный аэропорт Казань ;1;;0;;0;;0;[]
https://city2city.ru/kazan-sankt-peterburg;Казань;Санкт-Петербург;такси Казань Санкт-Петербург;4;;0;;0;;0;[]
https://city2city.ru/kazan-saransk;Международный аэропорт Казань;;такси Международный аэропорт Казань ;1;;0;;0;;0;[]
https://city2city.ru/kazan-sarapul;Казань;Сарапул;такси Казань Сарапул;1;;0;;0;;0;[]
https://city2city.ru/kazan-saratov;Казань;Саратов;такси Казань Саратов;31;такси саратов казань;31;;0;;0;"[{""phrase"": ""такси саратов казань"", ""count"": ""31""}]"
https://city2city.ru/kazan-sergach;Казань;Сергач;такси Казань Сергач;1;;0;;0;;0;[]
https://city2city.ru/kazan-sernur;Казань;посёлок городского типа Сернур;такси Казань посёлок городского типа Сернур;0;;0;;0;;0;[]
https://city2city.ru/kazan-sevastopol;Казань;Севастополь;такси Казань Севастополь;1;;0;;0;;0;[]
https://city2city.ru/kazan-sharanga;Казань;посёлок городского типа Шаранга;такси Казань посёлок городского типа Шаранга;0;;0;;0;;0;[]
https://city2city.ru/kazan-sibaj;Казань;Сибай;такси Казань Сибай;25;сибай казань такси;25;;0;;0;"[{""phrase"": ""сибай казань такси"", ""count"": ""25""}]"
https://city2city.ru/kazan-sim;Казань;Сим;такси Казань Сим;8;;0;;0;;0;[]
https://city2city.ru/kazan-simferopol;Казань;Симферополь;такси Казань Симферополь;1;;0;;0;;0;[]
https://city2city.ru/kazan-sochi;Казань;Сочи;такси Казань Сочи;3;;0;;0;;0;[]
https://city2city.ru/kazan-sol-ileczk;Казань;Соль-Илецк;такси Казань Соль-Илецк;0;;0;;0;;0;[]
https://city2city.ru/kazan-sorochinsk;Казань;Сорочинск;такси Казань Сорочинск;4;;0;;0;;0;[]
https://city2city.ru/kazan-sosnovka;Казань;Сосновка;такси Казань Сосновка;3;;0;;0;;0;[]
https://city2city.ru/kazan-sosnovyj-bor;Казань;посёлок городского типа Сосновый Бор;такси Казань посёлок городского типа Сосновый Бор;0;;0;;0;;0;[]
https://city2city.ru/kazan-staraya-kulatka;Казань;посёлок городского типа Старая Кулатка;такси Казань посёлок городского типа Старая Кулатка;0;;0;;0;;0;[]
https://city2city.ru/kazan-sterlitamak;Казань;Стерлитамак;такси Казань Стерлитамак;10;такси стерлитамак казань;10;;0;;0;"[{""phrase"": ""такси стерлитамак казань"", ""count"": ""10""}]"
https://city2city.ru/kazan-surgut;Казань;Сургут;такси Казань Сургут;8;;0;;0;;0;[]
https://city2city.ru/kazan-suslonger;Казань;городское поселение Суслонгер;такси Казань городское поселение Суслонгер;0;;0;;0;;0;[]
https://city2city.ru/kazan-syktyvkar;Казань;Сыктывкар;такси Казань Сыктывкар;5;сыктывкар казань такси;5;;0;;0;"[{""phrase"": ""сыктывкар казань такси"", ""count"": ""5""}]"
https://city2city.ru/kazan-syzran;Казань;Сызрань;такси Казань Сызрань;6;казань сызрань такси;6;;0;;0;"[{""phrase"": ""казань сызрань такси"", ""count"": ""6""}]"
https://city2city.ru/kazan-tambov;Казань;Тамбов;такси Казань Тамбов;6;;0;;0;;0;[]
https://city2city.ru/kazan-tetyushi;Казань;Тетюши;такси Казань Тетюши;5;казань тетюши такси;5;;0;;0;"[{""phrase"": ""казань тетюши такси"", ""count"": ""5""}]"
https://city2city.ru/kazan-tolyatti;Казань;Тольятти;такси Казань Тольятти;43;такси тольятти казань;43;такси казань тольятти цена;11;;0;"[{""phrase"": ""такси тольятти казань"", ""count"": ""43""}, {""phrase"": ""такси казань тольятти цена"", ""count"": ""11""}]"
https://city2city.ru/kazan-tujmazy;Казань;Туймазы;такси Казань Туймазы;94;туймазы казань такси;94;такси межгород казань туймазы;18;;0;"[{""phrase"": ""туймазы казань такси"", ""count"": ""94""}, {""phrase"": ""такси межгород казань туймазы"", ""count"": ""18""}]"
https://city2city.ru/kazan-uchaly;Казань;село Учалы;такси Казань село Учалы;0;;0;;0;;0;[]
https://city2city.ru/kazan-ufa;Международный аэропорт Казань;;такси Международный аэропорт Казань ;1;;0;;0;;0;[]
https://city2city.ru/kazan-ulyanovsk;Международный аэропорт Казань;;такси Международный аэропорт Казань ;1;;0;;0;;0;[]
https://city2city.ru/kazan-urussu;Казань;поселок городского типа Уруссу;такси Казань поселок городского типа Уруссу;0;;0;;0;;0;[]
https://city2city.ru/kazan-urzhum;Казань;Уржум;такси Казань Уржум;9;;0;;0;;0;[]
https://city2city.ru/kazan-vasilevo;Казань;посёлок городского типа Васильево;такси Казань посёлок городского типа Васильево;0;;0;;0;;0;[]
https://city2city.ru/kazan-vladimir;Казань;Владимир;такси Казань Владимир;11;;0;;0;;0;[]
https://city2city.ru/kazan-volgograd;Казань;Волгоград;такси Казань Волгоград;22;казань волгоград такси;22;;0;;0;"[{""phrase"": ""казань волгоград такси"", ""count"": ""22""}]"
https://city2city.ru/kazan-vologda;Казань;Вологда;такси Казань Вологда;2;;0;;0;;0;[]
https://city2city.ru/kazan-volzhsk;Казань;Волжск;такси Казань Волжск;41;такси казань волжск;41;такси мост казань волжск;10;;0;"[{""phrase"": ""такси казань волжск"", ""count"": ""41""}, {""phrase"": ""такси мост казань волжск"", ""count"": ""10""}]"
https://city2city.ru/kazan-voronezh;Казань;Воронеж;такси Казань Воронеж;6;;0;;0;;0;[]
https://city2city.ru/kazan-vyatskie-polyany;Казань;Вятские Поляны;такси Казань Вятские Поляны;33;такси вятские поляны казань;33;;0;;0;"[{""phrase"": ""такси вятские поляны казань"", ""count"": ""33""}]"
https://city2city.ru/kazan-yanaul;Казань;Янаул;такси Казань Янаул;0;;0;;0;;0;[]
https://city2city.ru/kazan-yaransk;Казань;Яранск;такси Казань Яранск;0;;0;;0;;0;[]
https://city2city.ru/kazan-yoskar_ola;Международный аэропорт Казань;;такси Международный аэропорт Казань ;1;;0;;0;;0;[]
https://city2city.ru/kazan-zainsk;Казань;Заинск;такси Казань Заинск;22;такси казань заинск;22;;0;;0;"[{""phrase"": ""такси казань заинск"", ""count"": ""22""}]"
https://city2city.ru/kazan-zelenodolsk;Казань;Зеленодольск;такси Казань Зеленодольск;161;такси зеленодольск казань;161;такси зеленодольск казань цены;31;сколько стоит такси зеленодольск казань;28;"[{""phrase"": ""такси зеленодольск казань"", ""count"": ""161""}, {""phrase"": ""такси зеленодольск казань цены"", ""count"": ""31""}, {""phrase"": ""сколько стоит такси зеленодольск казань"", ""count"": ""28""}, {""phrase"": ""такси зеленодольск казань стоимость"", ""count"": ""16""}, {""phrase"": ""такси зеленодольск казань номер"", ""count"": ""9""}, {""phrase"": ""такси зеленодольск аэропорт казань"", ""count"": ""8""}, {""phrase"": ""попутное такси казань сибирский тракт 29 зеленодольск"", ""count"": ""6""}, {""phrase"": ""такси мост казань зеленодольск номер телефона"", ""count"": ""5""}]"
https://city2city.ru/kazan-zhigulyovsk;Казань;Жигулёвск;такси Казань Жигулёвск;1;;0;;0;;0;[]
https://city2city.ru/kazan-zvenigovo;Казань;Звенигово;такси Казань Звенигово;10;;0;;0;;0;[]
https://city2city.ru/kemerovo-abakan;Кемерово;Абакан;такси Кемерово Абакан;3;;0;;0;;0;[]
https://city2city.ru/kemerovo-aeroport-tolmachevo-novosibirsk;Кемерово;Новосибирск (Толмачёво) терминал Б;такси Кемерово Новосибирск (Толмачёво) терминал Б;0;;0;;0;;0;[]
https://city2city.ru/kemerovo-anzhero-sudzhensk;Кемерово;Анжеро-Судженск;такси Кемерово Анжеро-Судженск;30;такси кемерово анжеро судженск;30;;0;;0;"[{""phrase"": ""такси кемерово анжеро судженск"", ""count"": ""30""}]"
https://city2city.ru/kemerovo-barnaul;Кемерово;Барнаул;такси Кемерово Барнаул;18;такси кемерово барнаул;18;;0;;0;"[{""phrase"": ""такси кемерово барнаул"", ""count"": ""18""}]"
https://city2city.ru/kemerovo-belokuriha;Кемерово;Белокуриха;такси Кемерово Белокуриха;6;;0;;0;;0;[]
https://city2city.ru/kemerovo-belovo;Кемерово;Белово;такси Кемерово Белово;71;такси кемерово белово;71;дешевые такси с кемерово до белово;11;;0;"[{""phrase"": ""такси кемерово белово"", ""count"": ""71""}, {""phrase"": ""дешевые такси с кемерово до белово"", ""count"": ""11""}]"
https://city2city.ru/kemerovo-berdsk;Кемерово;Бердск;такси Кемерово Бердск;0;;0;;0;;0;[]
https://city2city.ru/kemerovo-beryozovskiy;Кемерово;Берёзовский;такси Кемерово Берёзовский;27;такси березовский кемерово;27;;0;;0;"[{""phrase"": ""такси березовский кемерово"", ""count"": ""27""}]"
https://city2city.ru/kemerovo-biysk;Кемерово;Бийск;такси Кемерово Бийск;1;;0;;0;;0;[]
https://city2city.ru/kemerovo-bogotol;Кемерово;Боготол;такси Кемерово Боготол;0;;0;;0;;0;[]
https://city2city.ru/kemerovo-gorno-altaysk;Кемерово;Горно-Алтайск;такси Кемерово Горно-Алтайск;2;;0;;0;;0;[]
https://city2city.ru/kemerovo-gurevsk;Кемерово;Гурьевск;такси Кемерово Гурьевск;8;;0;;0;;0;[]
https://city2city.ru/kemerovo-irkutsk;Кемерово;Иркутск;такси Кемерово Иркутск;6;;0;;0;;0;[]
https://city2city.ru/kemerovo-iskitim;Кемерово;Искитим;такси Кемерово Искитим;1;;0;;0;;0;[]
https://city2city.ru/kemerovo-kaltan;Кемерово;Калтан;такси Кемерово Калтан;0;;0;;0;;0;[]
https://city2city.ru/kemerovo-kiselyovsk;Кемерово;Киселёвск;такси Кемерово Киселёвск;11;такси киселевск кемерово;11;;0;;0;"[{""phrase"": ""такси киселевск кемерово"", ""count"": ""11""}]"
https://city2city.ru/kemerovo-krasnoyarsk;Кемерово;Красноярск;такси Кемерово Красноярск;26;такси красноярск кемерово;26;;0;;0;"[{""phrase"": ""такси красноярск кемерово"", ""count"": ""26""}]"
https://city2city.ru/kemerovo-leninsk-kuznetskiy;Кемерово;Ленинск-Кузнецкий;такси Кемерово Ленинск-Кузнецкий;21;такси ленинск кузнецкий кемерово;21;;0;;0;"[{""phrase"": ""такси ленинск кузнецкий кемерово"", ""count"": ""21""}]"
https://city2city.ru/kemerovo-mariinsk;Кемерово;Мариинск;такси Кемерово Мариинск;14;такси кемерово мариинск;14;;0;;0;"[{""phrase"": ""такси кемерово мариинск"", ""count"": ""14""}]"
https://city2city.ru/kemerovo-myski;Кемерово;Мыски;такси Кемерово Мыски;2;;0;;0;;0;[]
https://city2city.ru/kemerovo-novokuznetsk;Кемерово;Новокузнецк;такси Кемерово Новокузнецк;80;такси кемерово новокузнецк;80;такси кемерово новокузнецк цена;19;новокузнецк кемерово сколько стоит такси;14;"[{""phrase"": ""такси кемерово новокузнецк"", ""count"": ""80""}, {""phrase"": ""такси кемерово новокузнецк цена"", ""count"": ""19""}, {""phrase"": ""новокузнецк кемерово сколько стоит такси"", ""count"": ""14""}]"
https://city2city.ru/kemerovo-novosibirsk;Кемерово;Новосибирск;такси Кемерово Новосибирск;162;такси новосибирск кемерово;162;новосибирск кемерово такси цена;34;сколько стоит такси с новосибирска до кемерово;16;"[{""phrase"": ""такси новосибирск кемерово"", ""count"": ""162""}, {""phrase"": ""новосибирск кемерово такси цена"", ""count"": ""34""}, {""phrase"": ""сколько стоит такси с новосибирска до кемерово"", ""count"": ""16""}]"
https://city2city.ru/kemerovo-osinniki;Кемерово;Осинники;такси Кемерово Осинники;2;;0;;0;;0;[]
https://city2city.ru/kemerovo-prokopevsk;Кемерово;Прокопьевск;такси Кемерово Прокопьевск;50;такси прокопьевск кемерово;50;сколько от прокопьевска до кемерово на такси;13;цена такси прокопьевск кемерово;8;"[{""phrase"": ""такси прокопьевск кемерово"", ""count"": ""50""}, {""phrase"": ""сколько от прокопьевска до кемерово на такси"", ""count"": ""13""}, {""phrase"": ""цена такси прокопьевск кемерово"", ""count"": ""8""}]"
https://city2city.ru/kemerovo-salair;Кемерово;Салаир;такси Кемерово Салаир;2;;0;;0;;0;[]
https://city2city.ru/kemerovo-sharypovo;Кемерово;Шарыпово;такси Кемерово Шарыпово;6;;0;;0;;0;[]
https://city2city.ru/kemerovo-tashtagol;Кемерово;Таштагол;такси Кемерово Таштагол;1;;0;;0;;0;[]
https://city2city.ru/kemerovo-tayga;Кемерово;Тайга;такси Кемерово Тайга;28;такси тайга кемерово;28;;0;;0;"[{""phrase"": ""такси тайга кемерово"", ""count"": ""28""}]"
https://city2city.ru/kemerovo-toguchin;Кемерово;Тогучин;такси Кемерово Тогучин;3;;0;;0;;0;[]
https://city2city.ru/kemerovo-tomsk;Кемерово;Томск;такси Кемерово Томск;47;такси томск кемерово;47;такси томск кемерово цена;12;;0;"[{""phrase"": ""такси томск кемерово"", ""count"": ""47""}, {""phrase"": ""такси томск кемерово цена"", ""count"": ""12""}]"
https://city2city.ru/kemerovo-topki;Кемерово;Топки;такси Кемерово Топки;32;такси топки кемерово;32;;0;;0;"[{""phrase"": ""такси топки кемерово"", ""count"": ""32""}]"
https://city2city.ru/kemerovo-yarovoe;Кемерово;Яровое;такси Кемерово Яровое;0;;0;;0;;0;[]
https://city2city.ru/kemerovo-yurga;Кемерово;Юрга;такси Кемерово Юрга;65;такси юрга кемерово;65;такси юрга кемерово цена;17;такси межгород кемерово юрга;6;"[{""phrase"": ""такси юрга кемерово"", ""count"": ""65""}, {""phrase"": ""такси юрга кемерово цена"", ""count"": ""17""}, {""phrase"": ""такси межгород кемерово юрга"", ""count"": ""6""}]"
https://city2city.ru/kemerovo-zarinsk;Кемерово;Заринск;такси Кемерово Заринск;0;;0;;0;;0;[]
https://city2city.ru/kemerovo-zelenogorsk;Кемерово;Зеленогорск;такси Кемерово Зеленогорск;2;;0;;0;;0;[]
https://city2city.ru/kirov-afanasevo;Киров;посёлок городского типа Афанасьево;такси Киров посёлок городского типа Афанасьево;0;;0;;0;;0;[]
https://city2city.ru/kirov-anapa;Киров;Анапа;такси Киров Анапа;3;;0;;0;;0;[]
https://city2city.ru/kirov-arbazh;Киров;посёлок городского типа Арбаж;такси Киров посёлок городского типа Арбаж;0;;0;;0;;0;[]
https://city2city.ru/kirov-arkul;Киров;посёлок городского типа Аркуль;такси Киров посёлок городского типа Аркуль;0;;0;;0;;0;[]
https://city2city.ru/kirov-arxangelsk;Киров;Архангельск;такси Киров Архангельск;5;;0;;0;;0;[]
https://city2city.ru/kirov-belaya-xolunicza;Киров;Белая Холуница;такси Киров Белая Холуница;7;такси белая холуница киров;7;;0;;0;"[{""phrase"": ""такси белая холуница киров"", ""count"": ""7""}]"
https://city2city.ru/kirov-belebej;Киров;Белебей;такси Киров Белебей;1;;0;;0;;0;[]
https://city2city.ru/kirov-bogorodskoe;Киров;посёлок городского типа Богородское;такси Киров посёлок городского типа Богородское;0;;0;;0;;0;[]
https://city2city.ru/kirov-burmakino;Киров;поселок городского типа Бурмакино;такси Киров поселок городского типа Бурмакино;0;;0;;0;;0;[]
https://city2city.ru/kirov-cheboksary;Киров;Чебоксары;такси Киров Чебоксары;5;такси киров чебоксары;5;;0;;0;"[{""phrase"": ""такси киров чебоксары"", ""count"": ""5""}]"
https://city2city.ru/kirov-darovskoj;Киров;посёлок городского типа Даровской;такси Киров посёлок городского типа Даровской;0;;0;;0;;0;[]
https://city2city.ru/kirov-demyanovo;Киров;посёлок городского типа Демьяново;такси Киров посёлок городского типа Демьяново;0;;0;;0;;0;[]
https://city2city.ru/kirov-doneczk-rostovskaya-oblast;Киров;Донецк;такси Киров Донецк;13;такси донецк киров;13;;0;;0;"[{""phrase"": ""такси донецк киров"", ""count"": ""13""}]"
https://city2city.ru/kirov-donskoj;Киров;Донской;такси Киров Донской;0;;0;;0;;0;[]
https://city2city.ru/kirov-elabuga;Киров;Елабуга;такси Киров Елабуга;0;;0;;0;;0;[]
https://city2city.ru/kirov-ershov;Киров;Ершов;такси Киров Ершов;0;;0;;0;;0;[]
https://city2city.ru/kirov-falyonki;Киров;посёлок городского типа Фалёнки;такси Киров посёлок городского типа Фалёнки;0;;0;;0;;0;[]
https://city2city.ru/kirov-glazov;Киров;Глазов;такси Киров Глазов;11;такси киров глазов;11;;0;;0;"[{""phrase"": ""такси киров глазов"", ""count"": ""11""}]"
https://city2city.ru/kirov-granicza-kazaxstan;Киров;52А-3;такси Киров 52А-3;0;;0;;0;;0;[]
https://city2city.ru/kirov-granicza-ukraina;Киров;река Старая Граница;такси Киров река Старая Граница;0;;0;;0;;0;[]
https://city2city.ru/kirov-izhevsk;Киров;Ижевск;такси Киров Ижевск;4;;0;;0;;0;[]
https://city2city.ru/kirov-kaluga;Киров;Калуга;такси Киров Калуга;31;такси киров калуга;31;;0;;0;"[{""phrase"": ""такси киров калуга"", ""count"": ""31""}]"
https://city2city.ru/kirov-kamensk-shaxtinskij;Киров;Каменск-Шахтинский;такси Киров Каменск-Шахтинский;0;;0;;0;;0;[]
https://city2city.ru/kirov-kazan;Киров;Казань;такси Киров Казань;169;такси казань киров;169;маршрутное такси киров казань;28;такси киров казань цена;15;"[{""phrase"": ""такси казань киров"", ""count"": ""169""}, {""phrase"": ""маршрутное такси киров казань"", ""count"": ""28""}, {""phrase"": ""такси киров казань цена"", ""count"": ""15""}, {""phrase"": ""такси киров казань киров на 2 человека"", ""count"": ""12""}, {""phrase"": ""такси киров казань микроавтобус"", ""count"": ""5""}]"
https://city2city.ru/kirov-kiknur;Киров;посёлок городского типа Кикнур;такси Киров посёлок городского типа Кикнур;0;;0;;0;;0;[]
https://city2city.ru/kirov-kilmez;Киров;посёлок городского типа Кильмезь;такси Киров посёлок городского типа Кильмезь;0;;0;;0;;0;[]
https://city2city.ru/kirov-kirs;Киров;Кирс;такси Киров Кирс;69;кирс киров такси попутчики;21;не такси кирс киров;6;;0;"[{""phrase"": ""кирс киров такси попутчики"", ""count"": ""21""}, {""phrase"": ""не такси кирс киров"", ""count"": ""6""}]"
https://city2city.ru/kirov-koryazhma;Киров;Коряжма;такси Киров Коряжма;1;;0;;0;;0;[]
https://city2city.ru/kirov-kotelnich;Киров;Котельнич;такси Киров Котельнич;103;такси киров котельнич;103;маршрутное такси котельнич киров;10;;0;"[{""phrase"": ""такси киров котельнич"", ""count"": ""103""}, {""phrase"": ""маршрутное такси котельнич киров"", ""count"": ""10""}]"
https://city2city.ru/kirov-kumyony;Киров;посёлок городского типа Кумёны;такси Киров посёлок городского типа Кумёны;0;;0;;0;;0;[]
https://city2city.ru/kirov-lalsk;Киров;посёлок городского типа Лальск;такси Киров посёлок городского типа Лальск;0;;0;;0;;0;[]
https://city2city.ru/kirov-lebyazhe;Киров;рабочий посёлок Лебяжье;такси Киров рабочий посёлок Лебяжье;0;;0;;0;;0;[]
https://city2city.ru/kirov-lesnoj;Киров;Лесной;такси Киров Лесной;7;;0;;0;;0;[]
https://city2city.ru/kirov-luza;Киров;Луза;такси Киров Луза;2;;0;;0;;0;[]
https://city2city.ru/kirov-lyovinczy;Киров;посёлок городского типа Лёвинцы;такси Киров посёлок городского типа Лёвинцы;0;;0;;0;;0;[]
https://city2city.ru/kirov-lyudinovo;Киров;Людиново;такси Киров Людиново;8;;0;;0;;0;[]
https://city2city.ru/kirov-malmyzh;Киров;Малмыж;такси Киров Малмыж;85;такси малмыж киров;85;маршрутное такси малмыж киров;14;такси малмыж киров хлебников;9;"[{""phrase"": ""такси малмыж киров"", ""count"": ""85""}, {""phrase"": ""маршрутное такси малмыж киров"", ""count"": ""14""}, {""phrase"": ""такси малмыж киров хлебников"", ""count"": ""9""}]"
https://city2city.ru/kirov-mari-turek;Киров;поселок городского типа Мари-Турек;такси Киров поселок городского типа Мари-Турек;0;;0;;0;;0;[]
https://city2city.ru/kirov-mikun;Киров;Микунь;такси Киров Микунь;2;;0;;0;;0;[]
https://city2city.ru/kirov-millerovo;Киров;Миллерово;такси Киров Миллерово;0;;0;;0;;0;[]
https://city2city.ru/kirov-mirnyj;Киров;Мирный;такси Киров Мирный;1;;0;;0;;0;[]
https://city2city.ru/kirov-mozhga;Киров;село Можга;такси Киров село Можга;0;;0;;0;;0;[]
https://city2city.ru/kirov-murashi;Киров;Мураши;такси Киров Мураши;53;такси мураши киров;53;;0;;0;"[{""phrase"": ""такси мураши киров"", ""count"": ""53""}]"
https://city2city.ru/kirov-murygino;Киров;посёлок городского типа Мурыгино;такси Киров посёлок городского типа Мурыгино;0;;0;;0;;0;[]
https://city2city.ru/kirov-naberezhnye-chelny;Киров;Набережные Челны;такси Киров Набережные Челны;10;такси киров набережные челны;10;;0;;0;"[{""phrase"": ""такси киров набережные челны"", ""count"": ""10""}]"
https://city2city.ru/kirov-nagorsk;Киров;посёлок городского типа Нагорск;такси Киров посёлок городского типа Нагорск;0;;0;;0;;0;[]
https://city2city.ru/kirov-neftekamsk;Киров;Нефтекамск;такси Киров Нефтекамск;0;;0;;0;;0;[]
https://city2city.ru/kirov-nema;Киров;посёлок городского типа Нема;такси Киров посёлок городского типа Нема;0;;0;;0;;0;[]
https://city2city.ru/kirov-nizhneivkino;Киров;посёлок городского типа Нижнеивкино;такси Киров посёлок городского типа Нижнеивкино;0;;0;;0;;0;[]
https://city2city.ru/kirov-nizhnij-novgorod;Киров;Нижний Новгород;такси Киров Нижний Новгород;20;такси нижний новгород киров;20;;0;;0;"[{""phrase"": ""такси нижний новгород киров"", ""count"": ""20""}]"
https://city2city.ru/kirov-nolinsk;Киров;Нолинск;такси Киров Нолинск;20;такси киров нолинск;20;;0;;0;"[{""phrase"": ""такси киров нолинск"", ""count"": ""20""}]"
https://city2city.ru/kirov-novyj-toryal;Киров;посёлок городского типа Новый Торъял;такси Киров посёлок городского типа Новый Торъял;0;;0;;0;;0;[]
https://city2city.ru/kirov-oktyabrskij-respublika-bashkortostan;Киров;Октябрьский;такси Киров Октябрьский;14;;0;;0;;0;[]
https://city2city.ru/kirov-omutninsk;Киров;Омутнинск;такси Киров Омутнинск;46;такси киров омутнинск;46;;0;;0;"[{""phrase"": ""такси киров омутнинск"", ""count"": ""46""}]"
https://city2city.ru/kirov-oparino;Киров;посёлок городского типа Опарино;такси Киров посёлок городского типа Опарино;0;;0;;0;;0;[]
https://city2city.ru/kirov-orichi;Киров;посёлок городского типа Оричи;такси Киров посёлок городского типа Оричи;0;;0;;0;;0;[]
https://city2city.ru/kirov-orlov;Киров;Орлов;такси Киров Орлов;17;такси киров орлов;17;;0;;0;"[{""phrase"": ""такси киров орлов"", ""count"": ""17""}]"
https://city2city.ru/kirov-perm;Киров;Пермь;такси Киров Пермь;17;такси пермь киров;17;из кирова до перми на такси частники;5;;0;"[{""phrase"": ""такси пермь киров"", ""count"": ""17""}, {""phrase"": ""из кирова до перми на такси частники"", ""count"": ""5""}]"
https://city2city.ru/kirov-pervomajskij;Киров;посёлок Первомайский;такси Киров посёлок Первомайский;0;;0;;0;;0;[]
https://city2city.ru/kirov-peskovka;Киров;посёлок городского типа Песковка;такси Киров посёлок городского типа Песковка;0;;0;;0;;0;[]
https://city2city.ru/kirov-pinyug;Киров;посёлок городского типа Пинюг;такси Киров посёлок городского типа Пинюг;0;;0;;0;;0;[]
https://city2city.ru/kirov-pizhanka;Киров;посёлок городского типа Пижанка;такси Киров посёлок городского типа Пижанка;0;;0;;0;;0;[]
https://city2city.ru/kirov-podosinovecz;Киров;посёлок городского типа Подосиновец;такси Киров посёлок городского типа Подосиновец;0;;0;;0;;0;[]
https://city2city.ru/kirov-raduzhnyj;Киров;Радужный;такси Киров Радужный;15;такси радужный киров;15;;0;;0;"[{""phrase"": ""такси радужный киров"", ""count"": ""15""}]"
https://city2city.ru/kirov-rudnichnyj;Киров;посёлок городского типа Рудничный;такси Киров посёлок городского типа Рудничный;0;;0;;0;;0;[]
https://city2city.ru/kirov-samara;Киров;Самара;такси Киров Самара;56;такси самара киров;56;;0;;0;"[{""phrase"": ""такси самара киров"", ""count"": ""56""}]"
https://city2city.ru/kirov-sanchursk;Киров;посёлок городского типа Санчурск;такси Киров посёлок городского типа Санчурск;0;;0;;0;;0;[]
https://city2city.ru/kirov-sankt-peterburg;Киров;Санкт-Петербург;такси Киров Санкт-Петербург;7;;0;;0;;0;[]
https://city2city.ru/kirov-saransk;Киров;Саранск;такси Киров Саранск;1;;0;;0;;0;[]
https://city2city.ru/kirov-sarapul;Киров;Сарапул;такси Киров Сарапул;1;;0;;0;;0;[]
https://city2city.ru/kirov-sernur;Киров;посёлок городского типа Сернур;такси Киров посёлок городского типа Сернур;0;;0;;0;;0;[]
https://city2city.ru/kirov-sharya;Киров;Шарья;такси Киров Шарья;38;такси шарья киров;38;;0;;0;"[{""phrase"": ""такси шарья киров"", ""count"": ""38""}]"
https://city2city.ru/kirov-shaxunya;Киров;Шахунья;такси Киров Шахунья;3;;0;;0;;0;[]
https://city2city.ru/kirov-slobodskoj;Киров;Слободской;такси Киров Слободской;65;такси слободской киров;65;такси киров слободской цена;15;;0;"[{""phrase"": ""такси слободской киров"", ""count"": ""65""}, {""phrase"": ""такси киров слободской цена"", ""count"": ""15""}]"
https://city2city.ru/kirov-sochi;Киров;Сочи;такси Киров Сочи;0;;0;;0;;0;[]
https://city2city.ru/kirov-sosnovyj-bor;Киров;посёлок городского типа Сосновый Бор;такси Киров посёлок городского типа Сосновый Бор;0;;0;;0;;0;[]
https://city2city.ru/kirov-sovetsk;Киров;Советск;такси Киров Советск;16;такси советск киров;16;;0;;0;"[{""phrase"": ""такси советск киров"", ""count"": ""16""}]"
https://city2city.ru/kirov-spas-demensk;Киров;Спас-Деменск;такси Киров Спас-Деменск;0;;0;;0;;0;[]
https://city2city.ru/kirov-sterlitamak;Киров;Стерлитамак;такси Киров Стерлитамак;0;;0;;0;;0;[]
https://city2city.ru/kirov-strizhi;Киров;деревня Стрижи;такси Киров деревня Стрижи;0;;0;;0;;0;[]
https://city2city.ru/kirov-suna;Киров;посёлок городского типа Суна;такси Киров посёлок городского типа Суна;0;;0;;0;;0;[]
https://city2city.ru/kirov-svecha;Киров;посёлок городского типа Свеча;такси Киров посёлок городского типа Свеча;0;;0;;0;;0;[]
https://city2city.ru/kirov-svetlopolyansk;Киров;посёлок городского типа Светлополянск;такси Киров посёлок городского типа Светлополянск;0;;0;;0;;0;[]
https://city2city.ru/kirov-syktyvkar;Киров;Сыктывкар;такси Киров Сыктывкар;131;такси киров сыктывкар;131;киров сыктывкар такси цена;22;такси сыктывкар киров от жд;21;"[{""phrase"": ""такси киров сыктывкар"", ""count"": ""131""}, {""phrase"": ""киров сыктывкар такси цена"", ""count"": ""22""}, {""phrase"": ""такси сыктывкар киров от жд"", ""count"": ""21""}, {""phrase"": ""такси киров сыктывкар от вокзала"", ""count"": ""19""}, {""phrase"": ""такси сыктывкар киров от жд вокзала"", ""count"": ""19""}, {""phrase"": ""сыктывкар киров такси расписание"", ""count"": ""14""}, {""phrase"": ""маршрутные такси киров сыктывкар"", ""count"": ""10""}]"
https://city2city.ru/kirov-syktyvkar-2;Киров;Сыктывкар;такси Киров Сыктывкар;131;такси киров сыктывкар;131;киров сыктывкар такси цена;22;такси сыктывкар киров от жд;21;"[{""phrase"": ""такси киров сыктывкар"", ""count"": ""131""}, {""phrase"": ""киров сыктывкар такси цена"", ""count"": ""22""}, {""phrase"": ""такси сыктывкар киров от жд"", ""count"": ""21""}, {""phrase"": ""такси киров сыктывкар от вокзала"", ""count"": ""19""}, {""phrase"": ""такси сыктывкар киров от жд вокзала"", ""count"": ""19""}, {""phrase"": ""сыктывкар киров такси расписание"", ""count"": ""14""}, {""phrase"": ""маршрутные такси киров сыктывкар"", ""count"": ""10""}]"
https://city2city.ru/kirov-tolyatti;Киров;Тольятти;такси Киров Тольятти;4;;0;;0;;0;[]
https://city2city.ru/kirov-tuzha;Киров;посёлок городского типа Тужа;такси Киров посёлок городского типа Тужа;0;;0;;0;;0;[]
https://city2city.ru/kirov-ufa;Киров;Уфа;такси Киров Уфа;25;такси киров уфа;25;;0;;0;"[{""phrase"": ""такси киров уфа"", ""count"": ""25""}]"
https://city2city.ru/kirov-ulyanovsk;Киров;Ульяновск;такси Киров Ульяновск;19;ульяновск киров такси;19;;0;;0;"[{""phrase"": ""ульяновск киров такси"", ""count"": ""19""}]"
https://city2city.ru/kirov-uni;Киров;посёлок городского типа Уни;такси Киров посёлок городского типа Уни;0;;0;;0;;0;[]
https://city2city.ru/kirov-uren;Киров;Урень;такси Киров Урень;4;;0;;0;;0;[]
https://city2city.ru/kirov-urzhum;Киров;Уржум;такси Киров Уржум;76;такси киров уржум;76;такси киров уржум номера телефонов;13;маршрутное такси киров уржум;10;"[{""phrase"": ""такси киров уржум"", ""count"": ""76""}, {""phrase"": ""такси киров уржум номера телефонов"", ""count"": ""13""}, {""phrase"": ""маршрутное такси киров уржум"", ""count"": ""10""}]"
https://city2city.ru/kirov-uxta;Киров;Ухта;такси Киров Ухта;23;такси ухта киров;23;;0;;0;"[{""phrase"": ""такси ухта киров"", ""count"": ""23""}]"
https://city2city.ru/kirov-vaxrushi;Киров;посёлок городского типа Вахруши;такси Киров посёлок городского типа Вахруши;0;;0;;0;;0;[]
https://city2city.ru/kirov-velikij-ustyug;Киров;Великий Устюг;такси Киров Великий Устюг;0;;0;;0;;0;[]
https://city2city.ru/kirov-verxoshizheme;Киров;посёлок городского типа Верхошижемье;такси Киров посёлок городского типа Верхошижемье;0;;0;;0;;0;[]
https://city2city.ru/kirov-vologda;Киров;Вологда;такси Киров Вологда;1;;0;;0;;0;[]
https://city2city.ru/kirov-vostochnyj;Киров;посёлок городского типа Восточный;такси Киров посёлок городского типа Восточный;0;;0;;0;;0;[]
https://city2city.ru/kirov-vyatskie-polyany;Киров;Вятские Поляны;такси Киров Вятские Поляны;300;такси вятские поляны киров;300;такси вятские поляны киров телефоны;53;номер такси вятские поляны киров;39;"[{""phrase"": ""такси вятские поляны киров"", ""count"": ""300""}, {""phrase"": ""такси вятские поляны киров телефоны"", ""count"": ""53""}, {""phrase"": ""номер такси вятские поляны киров"", ""count"": ""39""}, {""phrase"": ""такси киров вятские поляны номера телефонов"", ""count"": ""37""}, {""phrase"": ""такси вятские поляны киров расписание"", ""count"": ""32""}, {""phrase"": ""маршрутное такси вятские поляны киров"", ""count"": ""21""}, {""phrase"": ""расписание такси киров вятские поляны цена поездки"", ""count"": ""6""}]"
https://city2city.ru/kirov-yaransk;Киров;Яранск;такси Киров Яранск;16;такси яранск киров;16;;0;;0;"[{""phrase"": ""такси яранск киров"", ""count"": ""16""}]"
https://city2city.ru/kirov-yurya;Киров;посёлок городского типа Юрья;такси Киров посёлок городского типа Юрья;0;;0;;0;;0;[]
https://city2city.ru/kirov-zuevka;Киров;Зуевка;такси Киров Зуевка;34;такси киров зуевка;34;сколько стоит такси зуевка в киров;8;;0;"[{""phrase"": ""такси киров зуевка"", ""count"": ""34""}, {""phrase"": ""сколько стоит такси зуевка в киров"", ""count"": ""8""}]"
https://city2city.ru/komsomolsk-na-amure-habarovsk;Комсомольск-на-Амуре;Хабаровск;такси Комсомольск-на-Амуре Хабаровск;48;такси комсомольск на амуре хабаровск;48;такси хабаровск комсомольск на амуре цена;12;;0;"[{""phrase"": ""такси комсомольск на амуре хабаровск"", ""count"": ""48""}, {""phrase"": ""такси хабаровск комсомольск на амуре цена"", ""count"": ""12""}]"
https://city2city.ru/kostroma-anapa;Кострома;Анапа;такси Кострома Анапа;0;;0;;0;;0;[]
https://city2city.ru/kostroma-buj;Кострома;Буй;такси Кострома Буй;30;такси буй кострома;30;;0;;0;"[{""phrase"": ""такси буй кострома"", ""count"": ""30""}]"
https://city2city.ru/kostroma-cherepovecz;Кострома;Череповец;такси Кострома Череповец;5;;0;;0;;0;[]
https://city2city.ru/kostroma-chistye-bory;Кострома;поселок городского типа Чистые Боры;такси Кострома поселок городского типа Чистые Боры;0;;0;;0;;0;[]
https://city2city.ru/kostroma-chuxloma;Кострома;Чухлома;такси Кострома Чухлома;1;;0;;0;;0;[]
https://city2city.ru/kostroma-dolgoprudnyj;Кострома;Долгопрудный;такси Кострома Долгопрудный;0;;0;;0;;0;[]
https://city2city.ru/kostroma-furmanov;Кострома;город Фурманов;такси Кострома город Фурманов;0;;0;;0;;0;[]
https://city2city.ru/kostroma-galich;Кострома;Галич;такси Кострома Галич;32;такси кострома галич;32;такси кострома галич цена;15;;0;"[{""phrase"": ""такси кострома галич"", ""count"": ""32""}, {""phrase"": ""такси кострома галич цена"", ""count"": ""15""}]"
https://city2city.ru/kostroma-granicza-kazaxstan;Кострома;52А-3;такси Кострома 52А-3;0;;0;;0;;0;[]
https://city2city.ru/kostroma-ivanovo;Кострома;Иваново;такси Кострома Иваново;43;иванова кострома такси;43;такси иваново кострома;43;такси кострома иваново цена;11;"[{""phrase"": ""иванова кострома такси"", ""count"": ""43""}, {""phrase"": ""такси иваново кострома"", ""count"": ""43""}, {""phrase"": ""такси кострома иваново цена"", ""count"": ""11""}, {""phrase"": ""такси иваново кострома стоимость"", ""count"": ""9""}]"
https://city2city.ru/kostroma-joshkar-ola;Кострома;Йошкар-Ола;такси Кострома Йошкар-Ола;0;;0;;0;;0;[]
https://city2city.ru/kostroma-kadyj;Кострома;посёлок городского типа Кадый;такси Кострома посёлок городского типа Кадый;0;;0;;0;;0;[]
https://city2city.ru/kostroma-kazan;Кострома;Казань;такси Кострома Казань;4;;0;;0;;0;[]
https://city2city.ru/kostroma-kineshma;Кострома;Кинешма;такси Кострома Кинешма;6;;0;;0;;0;[]
https://city2city.ru/kostroma-kirov;Кострома;Киров;такси Кострома Киров;7;;0;;0;;0;[]
https://city2city.ru/kostroma-kolomna;Кострома;Коломна;такси Кострома Коломна;0;;0;;0;;0;[]
https://city2city.ru/kostroma-kovrov;Кострома;Ковров;такси Кострома Ковров;1;;0;;0;;0;[]
https://city2city.ru/kostroma-krasnoe-na-volge;Кострома;посёлок городского типа Красное-на-Волге;такси Кострома посёлок городского типа Красное-на-Волге;0;;0;;0;;0;[]
https://city2city.ru/kostroma-kursk;Кострома;Курск;такси Кострома Курск;2;;0;;0;;0;[]
https://city2city.ru/kostroma-makarev;Кострома;Макарьев;такси Кострома Макарьев;12;;0;;0;;0;[]
https://city2city.ru/kostroma-manturovo;Кострома;Мантурово;такси Кострома Мантурово;3;;0;;0;;0;[]
https://city2city.ru/kostroma-moskva;Кострома;Москва;такси Кострома Москва;142;такси москва кострома;142;сколько стоит такси от костромы до москвы;42;москва кострома цены такси;16;"[{""phrase"": ""такси москва кострома"", ""count"": ""142""}, {""phrase"": ""сколько стоит такси от костромы до москвы"", ""count"": ""42""}, {""phrase"": ""москва кострома цены такси"", ""count"": ""16""}, {""phrase"": ""такси кострома москва стоимость"", ""count"": ""14""}]"
https://city2city.ru/kostroma-nekrasovskoe;Кострома;посёлок городского типа Некрасовское;такси Кострома посёлок городского типа Некрасовское;0;;0;;0;;0;[]
https://city2city.ru/kostroma-nerexta;Кострома;Нерехта;такси Кострома Нерехта;78;такси кострома нерехта;78;кострома нерехта такси цены;15;такси нерехта кострома стоимость;9;"[{""phrase"": ""такси кострома нерехта"", ""count"": ""78""}, {""phrase"": ""кострома нерехта такси цены"", ""count"": ""15""}, {""phrase"": ""такси нерехта кострома стоимость"", ""count"": ""9""}, {""phrase"": ""сколько стоит такси нерехта кострома"", ""count"": ""8""}]"
https://city2city.ru/kostroma-neya;Кострома;Нея;такси Кострома Нея;21;такси из костромы в нею;8;;0;;0;"[{""phrase"": ""такси из костромы в нею"", ""count"": ""8""}]"
https://city2city.ru/kostroma-nizhnij-novgorod;Кострома;Нижний Новгород;такси Кострома Нижний Новгород;18;такси кострома нижний новгород;18;;0;;0;"[{""phrase"": ""такси кострома нижний новгород"", ""count"": ""18""}]"
https://city2city.ru/kostroma-obninsk;Кострома;Обнинск;такси Кострома Обнинск;0;;0;;0;;0;[]
https://city2city.ru/kostroma-pereslavl-zalesskij;Кострома;Переславль-Залесский;такси Кострома Переславль-Залесский;1;;0;;0;;0;[]
https://city2city.ru/kostroma-pesochnoe;Кострома;Песочное шоссе;такси Кострома Песочное шоссе;0;;0;;0;;0;[]
https://city2city.ru/kostroma-plyos;Кострома;Плёс;такси Кострома Плёс;32;такси кострома плес;32;;0;;0;"[{""phrase"": ""такси кострома плес"", ""count"": ""32""}]"
https://city2city.ru/kostroma-ponazyrevo;Кострома;поселок городского типа Поназырево;такси Кострома поселок городского типа Поназырево;0;;0;;0;;0;[]
https://city2city.ru/kostroma-privolzhsk;Кострома;Приволжск;такси Кострома Приволжск;4;;0;;0;;0;[]
https://city2city.ru/kostroma-pudozh;Кострома;Пудож;такси Кострома Пудож;0;;0;;0;;0;[]
https://city2city.ru/kostroma-rostov-velikij;Кострома;Ростов;такси Кострома Ростов;5;;0;;0;;0;[]
https://city2city.ru/kostroma-ryazan;Кострома;Рязань;такси Кострома Рязань;5;;0;;0;;0;[]
https://city2city.ru/kostroma-rybinsk;Кострома;Рыбинск;такси Кострома Рыбинск;11;;0;;0;;0;[]
https://city2city.ru/kostroma-sandovo;Кострома;село Старое Сандово;такси Кострома село Старое Сандово;0;;0;;0;;0;[]
https://city2city.ru/kostroma-sankt-peterburg;Кострома;Санкт-Петербург;такси Кострома Санкт-Петербург;8;кострома санкт петербург такси;8;;0;;0;"[{""phrase"": ""кострома санкт петербург такси"", ""count"": ""8""}]"
https://city2city.ru/kostroma-saratov;Кострома;Саратов;такси Кострома Саратов;3;;0;;0;;0;[]
https://city2city.ru/kostroma-sharya;Кострома;Шарья;такси Кострома Шарья;12;шарья кострома такси;12;;0;;0;"[{""phrase"": ""шарья кострома такси"", ""count"": ""12""}]"
https://city2city.ru/kostroma-shuya;Кострома;Шуя;такси Кострома Шуя;1;;0;;0;;0;[]
https://city2city.ru/kostroma-sochi;Кострома;Сочи;такси Кострома Сочи;0;;0;;0;;0;[]
https://city2city.ru/kostroma-soligalich;Кострома;Солигалич;такси Кострома Солигалич;12;;0;;0;;0;[]
https://city2city.ru/kostroma-sosnovyj-bor;Кострома;посёлок городского типа Сосновый Бор;такси Кострома посёлок городского типа Сосновый Бор;0;;0;;0;;0;[]
https://city2city.ru/kostroma-sudislavl;Кострома;посёлок городского типа Судиславль;такси Кострома посёлок городского типа Судиславль;0;;0;;0;;0;[]
https://city2city.ru/kostroma-sudzha;Кострома;Суджа;такси Кострома Суджа;0;;0;;0;;0;[]
https://city2city.ru/kostroma-susanino;Кострома;поселок городского типа Сусанино;такси Кострома поселок городского типа Сусанино;0;;0;;0;;0;[]
https://city2city.ru/kostroma-suzdal;Кострома;Суздаль;такси Кострома Суздаль;2;;0;;0;;0;[]
https://city2city.ru/kostroma-tejkovo;Кострома;Тейково;такси Кострома Тейково;1;;0;;0;;0;[]
https://city2city.ru/kostroma-tver;Кострома;Тверь;такси Кострома Тверь;4;;0;;0;;0;[]
https://city2city.ru/kostroma-valujki;Кострома;Валуйки;такси Кострома Валуйки;0;;0;;0;;0;[]
https://city2city.ru/kostroma-velikij-novgorod;Кострома;Великий Новгород;такси Кострома Великий Новгород;0;;0;;0;;0;[]
https://city2city.ru/kostroma-vichuga;Кострома;Вичуга;такси Кострома Вичуга;8;;0;;0;;0;[]
https://city2city.ru/kostroma-vladimir;Кострома;Владимир;такси Кострома Владимир;11;;0;;0;;0;[]
https://city2city.ru/kostroma-volgorechensk;Кострома;Волгореченск;такси Кострома Волгореченск;33;такси волгореченск кострома;33;такси кострома волгореченск номер;5;;0;"[{""phrase"": ""такси волгореченск кострома"", ""count"": ""33""}, {""phrase"": ""такси кострома волгореченск номер"", ""count"": ""5""}]"
https://city2city.ru/kostroma-vologda;Кострома;Вологда;такси Кострома Вологда;17;оператор такси кострома вологда;5;;0;;0;"[{""phrase"": ""оператор такси кострома вологда"", ""count"": ""5""}]"
https://city2city.ru/kostroma-voronezh;Кострома;Воронеж;такси Кострома Воронеж;5;;0;;0;;0;[]
https://city2city.ru/kostroma-yaroslavl;Кострома;Ярославль;такси Кострома Ярославль;161;такси ярославль кострома;161;такси ярославль кострома стоимость;30;сколько стоит такси от ярославля до костромы;27;"[{""phrase"": ""такси ярославль кострома"", ""count"": ""161""}, {""phrase"": ""такси ярославль кострома стоимость"", ""count"": ""30""}, {""phrase"": ""сколько стоит такси от ярославля до костромы"", ""count"": ""27""}, {""phrase"": ""такси кострома ярославль цена"", ""count"": ""21""}, {""phrase"": ""такси ярославль кострома стоимость поездки"", ""count"": ""12""}]"
https://city2city.ru/kostroma-zavolzhsk;Кострома;Заволжск;такси Кострома Заволжск;0;;0;;0;;0;[]
https://city2city.ru/krasnodar-anapa;Аэропорт;Анапа;такси Аэропорт Анапа;212;такси аэропорт анапы;212;такси краснодар аэропорт анапа;134;стоимость такси анапа аэропорт;44;"[{""phrase"": ""такси аэропорт анапы"", ""count"": ""212""}, {""phrase"": ""такси краснодар аэропорт анапа"", ""count"": ""134""}, {""phrase"": ""стоимость такси анапа аэропорт"", ""count"": ""44""}, {""phrase"": ""анапа такси аэропорт цена"", ""count"": ""40""}, {""phrase"": ""сколько стоит такси анапа аэропорт"", ""count"": ""32""}, {""phrase"": ""такси геленджик анапа аэропорт"", ""count"": ""32""}, {""phrase"": ""такси сочи аэропорт анапа"", ""count"": ""28""}, {""phrase"": ""такси анапа краснодар аэропорт цена"", ""count"": ""25""}, {""phrase"": ""стоимость такси аэропорт краснодар анапа"", ""count"": ""25""}, {""phrase"": ""такси сочи анапа стоимость из аэропорта"", ""count"": ""11""}]"
https://city2city.ru/krasnodar-app-kolotilovka;Краснодар;село Колотиловка;такси Краснодар село Колотиловка;0;;0;;0;;0;[]
https://city2city.ru/krasnodar-app-orsk;Краснодар;село Алимбетовка;такси Краснодар село Алимбетовка;0;;0;;0;;0;[]
https://city2city.ru/krasnodar-app-verxnij-lars;Краснодар;село Верхний Ларс;такси Краснодар село Верхний Ларс;0;;0;;0;;0;[]
https://city2city.ru/krasnodar-apsheronsk;Краснодар;Апшеронск;такси Краснодар Апшеронск;41;такси краснодар апшеронск;41;маршрутное такси краснодар апшеронск;9;;0;"[{""phrase"": ""такси краснодар апшеронск"", ""count"": ""41""}, {""phrase"": ""маршрутное такси краснодар апшеронск"", ""count"": ""9""}]"
https://city2city.ru/krasnodar-astraxan;Краснодар;Астрахань;такси Краснодар Астрахань;45;такси краснодар астрахань;45;;0;;0;"[{""phrase"": ""такси краснодар астрахань"", ""count"": ""45""}]"
https://city2city.ru/krasnodar-belgorod;Краснодар;Белгород;такси Краснодар Белгород;16;краснодар белгород такси;16;;0;;0;"[{""phrase"": ""краснодар белгород такси"", ""count"": ""16""}]"
https://city2city.ru/krasnodar-belorechensk;Краснодар;Белореченск;такси Краснодар Белореченск;51;такси краснодар белореченск;51;такси краснодар белореченск цена;7;;0;"[{""phrase"": ""такси краснодар белореченск"", ""count"": ""51""}, {""phrase"": ""такси краснодар белореченск цена"", ""count"": ""7""}]"
https://city2city.ru/krasnodar-betta;Краснодар;хутор Бетта;такси Краснодар хутор Бетта;1;;0;;0;;0;[]
https://city2city.ru/krasnodar-blagodarnyj;Краснодар;Благодарный;такси Краснодар Благодарный;1;;0;;0;;0;[]
https://city2city.ru/krasnodar-blagoveshhensk;Краснодар;Благовещенск;такси Краснодар Благовещенск;2;;0;;0;;0;[]
https://city2city.ru/krasnodar-bryansk;Краснодар;Брянск;такси Краснодар Брянск;4;;0;;0;;0;[]
https://city2city.ru/krasnodar-budyonnovsk;Краснодар;Будённовск;такси Краснодар Будённовск;2;;0;;0;;0;[]
https://city2city.ru/krasnodar-chelyabinsk;Краснодар;Челябинск;такси Краснодар Челябинск;13;;0;;0;;0;[]
https://city2city.ru/krasnodar-daxovskaya;Краснодар;станица Даховская;такси Краснодар станица Даховская;0;;0;;0;;0;[]
https://city2city.ru/krasnodar-dinskaya;Краснодар;станица Динская;такси Краснодар станица Динская;2;;0;;0;;0;[]
https://city2city.ru/krasnodar-dolgoe;Краснодар;деревня Долгое;такси Краснодар деревня Долгое;0;;0;;0;;0;[]
https://city2city.ru/krasnodar-dyurso;Краснодар;село Абрау-Дюрсо;такси Краснодар село Абрау-Дюрсо;0;;0;;0;;0;[]
https://city2city.ru/krasnodar-dzhiginka;Краснодар;село Джигинка;такси Краснодар село Джигинка;0;;0;;0;;0;[]
https://city2city.ru/krasnodar-dzhubga;Аэропорт;поселок городского типа Джубга;такси Аэропорт поселок городского типа Джубга;0;;0;;0;;0;[]
https://city2city.ru/krasnodar-ekaterinburg;Краснодар;Екатеринбург;такси Краснодар Екатеринбург;19;такси екатеринбург краснодар;19;;0;;0;"[{""phrase"": ""такси екатеринбург краснодар"", ""count"": ""19""}]"
https://city2city.ru/krasnodar-elista;Краснодар;Элиста;такси Краснодар Элиста;8;элиста краснодар такси;8;;0;;0;"[{""phrase"": ""элиста краснодар такси"", ""count"": ""8""}]"
https://city2city.ru/krasnodar-enem;Краснодар;посёлок городского типа Энем;такси Краснодар посёлок городского типа Энем;0;;0;;0;;0;[]
https://city2city.ru/krasnodar-fyodorovskij;Краснодар;посёлок городского типа Фёдоровский;такси Краснодар посёлок городского типа Фёдоровский;0;;0;;0;;0;[]
https://city2city.ru/krasnodar-georgievsk;Краснодар;Георгиевск;такси Краснодар Георгиевск;2;;0;;0;;0;[]
https://city2city.ru/krasnodar-granicza-kazaxstan;Краснодар;52А-3;такси Краснодар 52А-3;0;;0;;0;;0;[]
https://city2city.ru/krasnodar-granicza-ukraina;Краснодар;М-3 Украина;такси Краснодар М-3 Украина;0;;0;;0;;0;[]
https://city2city.ru/krasnodar-groznyj;Краснодар;Грозный;такси Краснодар Грозный;30;такси краснодар грозный;30;;0;;0;"[{""phrase"": ""такси краснодар грозный"", ""count"": ""30""}]"
https://city2city.ru/krasnodar-gukovo;Краснодар;Гуково;такси Краснодар Гуково;2;;0;;0;;0;[]
https://city2city.ru/krasnodar-guzeripl;Краснодар;поселок Гузерипль;такси Краснодар поселок Гузерипль;0;;0;;0;;0;[]
https://city2city.ru/krasnodar-ilskij;Краснодар;посёлок городского типа Ильский;такси Краснодар посёлок городского типа Ильский;0;;0;;0;;0;[]
https://city2city.ru/krasnodar-izhevsk;Краснодар;Ижевск;такси Краснодар Ижевск;5;;0;;0;;0;[]
https://city2city.ru/krasnodar-kaluga;Краснодар;Калуга;такси Краснодар Калуга;3;;0;;0;;0;[]
https://city2city.ru/krasnodar-kamennomostskij;Краснодар;посёлок Каменномостский;такси Краснодар посёлок Каменномостский;5;;0;;0;;0;[]
https://city2city.ru/krasnodar-kamyshin;Краснодар;Камышин;такси Краснодар Камышин;1;;0;;0;;0;[]
https://city2city.ru/krasnodar-kazan;Краснодар;Казань;такси Краснодар Казань;3;;0;;0;;0;[]
https://city2city.ru/krasnodar-kemerovo;Краснодар;Кемерово;такси Краснодар Кемерово;0;;0;;0;;0;[]
https://city2city.ru/krasnodar-kislovodsk;Краснодар;Кисловодск;такси Краснодар Кисловодск;9;кисловодск краснодар такси;9;;0;;0;"[{""phrase"": ""кисловодск краснодар такси"", ""count"": ""9""}]"
https://city2city.ru/krasnodar-korenovsk;Краснодар;Кореновск;такси Краснодар Кореновск;42;такси кореновск краснодар;42;;0;;0;"[{""phrase"": ""такси кореновск краснодар"", ""count"": ""42""}]"
https://city2city.ru/krasnodar-kotelnikovo;Краснодар;Котельниково;такси Краснодар Котельниково;0;;0;;0;;0;[]
https://city2city.ru/krasnodar-krasnyj-luch;Краснодар;поселок городского типа Красный Луч;такси Краснодар поселок городского типа Красный Луч;0;;0;;0;;0;[]
https://city2city.ru/krasnodar-kursk;Краснодар;Курск;такси Краснодар Курск;12;курск краснодар такси;12;;0;;0;"[{""phrase"": ""курск краснодар такси"", ""count"": ""12""}]"
https://city2city.ru/krasnodar-kuzneczk;Краснодар;Кузнецк;такси Краснодар Кузнецк;0;;0;;0;;0;[]
https://city2city.ru/krasnodar-lermontovo;Аэропорт;село Лермонтово;такси Аэропорт село Лермонтово;2;;0;;0;;0;[]
https://city2city.ru/krasnodar-mapp-psou;Краснодар;посёлок городского типа Гячрыпш;такси Краснодар посёлок городского типа Гячрыпш;0;;0;;0;;0;[]
https://city2city.ru/krasnodar-mapp-uspenka;Краснодар;село Успенка;такси Краснодар село Успенка;0;;0;;0;;0;[]
https://city2city.ru/krasnodar-maxachkala;Краснодар;Махачкала;такси Краснодар Махачкала;30;такси краснодар махачкала;30;такси махачкала краснодар телеграмм;7;;0;"[{""phrase"": ""такси краснодар махачкала"", ""count"": ""30""}, {""phrase"": ""такси махачкала краснодар телеграмм"", ""count"": ""7""}]"
https://city2city.ru/krasnodar-mineralnye-vody;Краснодар;Минеральные Воды;такси Краснодар Минеральные Воды;57;минеральные воды краснодар такси;57;такси минеральные воды аэропорт краснодар;10;;0;"[{""phrase"": ""минеральные воды краснодар такси"", ""count"": ""57""}, {""phrase"": ""такси минеральные воды аэропорт краснодар"", ""count"": ""10""}]"
https://city2city.ru/krasnodar-mixajlovka;Краснодар;Михайловка;такси Краснодар Михайловка;0;;0;;0;;0;[]
https://city2city.ru/krasnodar-moskva;Краснодар;Москва;такси Краснодар Москва;271;краснодар москва такси сколько;58;такси москва краснодар сколько стоит;55;краснодар москва такси цена;36;"[{""phrase"": ""краснодар москва такси сколько"", ""count"": ""58""}, {""phrase"": ""такси москва краснодар сколько стоит"", ""count"": ""55""}, {""phrase"": ""краснодар москва такси цена"", ""count"": ""36""}, {""phrase"": ""такси из москвы в краснодар"", ""count"": ""28""}, {""phrase"": ""яндекс такси краснодар москва"", ""count"": ""10""}, {""phrase"": ""стоимость такси краснодар москва"", ""count"": ""4""}]"
https://city2city.ru/krasnodar-mostovskoj;Краснодар;поселок городского типа Мостовской;такси Краснодар поселок городского типа Мостовской;0;;0;;0;;0;[]
https://city2city.ru/krasnodar-nalchik;Краснодар;Нальчик;такси Краснодар Нальчик;22;краснодар нальчик такси;22;;0;;0;"[{""phrase"": ""краснодар нальчик такси"", ""count"": ""22""}]"
https://city2city.ru/krasnodar-nizhnij-novgorod;Краснодар;Нижний Новгород;такси Краснодар Нижний Новгород;5;;0;;0;;0;[]
https://city2city.ru/krasnodar-novokubansk;Краснодар;Новокубанск;такси Краснодар Новокубанск;6;;0;;0;;0;[]
https://city2city.ru/krasnodar-novorossijsk;Краснодар;Новороссийск;такси Краснодар Новороссийск;641;такси краснодар новороссийск;641;такси новороссийск краснодар аэропорт;60;такси новороссийск краснодар 700;58;"[{""phrase"": ""такси краснодар новороссийск"", ""count"": ""641""}, {""phrase"": ""такси новороссийск краснодар аэропорт"", ""count"": ""60""}, {""phrase"": ""такси новороссийск краснодар 700"", ""count"": ""58""}, {""phrase"": ""такси краснодар новороссийск цена"", ""count"": ""55""}, {""phrase"": ""стоимость такси краснодар новороссийск"", ""count"": ""45""}, {""phrase"": ""такси новороссийск краснодар 700 рублей"", ""count"": ""43""}, {""phrase"": ""такси новороссийск краснодар телефон"", ""count"": ""22""}, {""phrase"": ""сколько стоит такси от новороссийска до краснодара"", ""count"": ""19""}, {""phrase"": ""маршрутное такси новороссийск краснодар"", ""count"": ""18""}, {""phrase"": ""такси новороссийск краснодар 700 телефон"", ""count"": ""18""}]"
https://city2city.ru/krasnodar-novotitarovskaya;Краснодар;станица Новотитаровская;такси Краснодар станица Новотитаровская;1;;0;;0;;0;[]
https://city2city.ru/krasnodar-oktyabrskij;Краснодар;поселок городского типа Октябрьский;такси Краснодар поселок городского типа Октябрьский;0;;0;;0;;0;[]
https://city2city.ru/krasnodar-oktyabrskij-7;Краснодар;поселок Октябрьский;такси Краснодар поселок Октябрьский;0;;0;;0;;0;[]
https://city2city.ru/krasnodar-orenburg;Краснодар;Оренбург;такси Краснодар Оренбург;9;оренбург краснодар такси;9;;0;;0;"[{""phrase"": ""оренбург краснодар такси"", ""count"": ""9""}]"
https://city2city.ru/krasnodar-perm;Краснодар;Пермь;такси Краснодар Пермь;2;;0;;0;;0;[]
https://city2city.ru/krasnodar-posyolok-prigorodnyj;Краснодар;посёлок Пригородный;такси Краснодар посёлок Пригородный;0;;0;;0;;0;[]
https://city2city.ru/krasnodar-rostov-na-donu;Краснодар;Ростов-на-Дону;такси Краснодар Ростов-на-Дону;216;такси краснодар ростов на дону;216;такси краснодар ростов на дону цена;80;такси ростов на дону аэропорт краснодар;43;"[{""phrase"": ""такси краснодар ростов на дону"", ""count"": ""216""}, {""phrase"": ""такси краснодар ростов на дону цена"", ""count"": ""80""}, {""phrase"": ""такси ростов на дону аэропорт краснодар"", ""count"": ""43""}, {""phrase"": ""стоимость такси краснодар ростов на дону"", ""count"": ""9""}]"
https://city2city.ru/krasnodar-rovenki;Краснодар;посёлок городского типа Ровеньки;такси Краснодар посёлок городского типа Ровеньки;0;;0;;0;;0;[]
https://city2city.ru/krasnodar-ryazan;Краснодар;Рязань;такси Краснодар Рязань;25;;0;;0;;0;[]
https://city2city.ru/krasnodar-samara;Краснодар;Самара;такси Краснодар Самара;12;такси самара краснодар;12;;0;;0;"[{""phrase"": ""такси самара краснодар"", ""count"": ""12""}]"
https://city2city.ru/krasnodar-sankt-peterburg;Ростов-на-Дону;Санкт-Петербург;такси Ростов-на-Дону Санкт-Петербург;26;санкт петербург ростов на дону такси;26;;0;;0;"[{""phrase"": ""санкт петербург ростов на дону такси"", ""count"": ""26""}]"
https://city2city.ru/krasnodar-saransk;Краснодар;Саранск;такси Краснодар Саранск;1;;0;;0;;0;[]
https://city2city.ru/krasnodar-saratov;Краснодар;Саратов;такси Краснодар Саратов;22;;0;;0;;0;[]
https://city2city.ru/krasnodar-selo-kochubeevskoe;Краснодар;село Кочубеевское;такси Краснодар село Кочубеевское;1;;0;;0;;0;[]
https://city2city.ru/krasnodar-selo-krasnogvardejskoe;Краснодар;село Красногвардейское;такси Краснодар село Красногвардейское;0;;0;;0;;0;[]
https://city2city.ru/krasnodar-selo-novoseliczkoe;Краснодар;село Новоселицкое;такси Краснодар село Новоселицкое;0;;0;;0;;0;[]
https://city2city.ru/krasnodar-severskaya;Краснодар;станица Северская;такси Краснодар станица Северская;2;;0;;0;;0;[]
https://city2city.ru/krasnodar-slavyansk-na-kubani;Краснодар;Славянск-на-Кубани;такси Краснодар Славянск-на-Кубани;52;такси краснодар славянск на кубани;52;такси краснодар славянск на кубани цена;14;;0;"[{""phrase"": ""такси краснодар славянск на кубани"", ""count"": ""52""}, {""phrase"": ""такси краснодар славянск на кубани цена"", ""count"": ""14""}]"
https://city2city.ru/krasnodar-staryj-oskol;Краснодар;Старый Оскол;такси Краснодар Старый Оскол;3;;0;;0;;0;[]
https://city2city.ru/krasnodar-svetlograd;Краснодар;Светлоград;такси Краснодар Светлоград;0;;0;;0;;0;[]
https://city2city.ru/krasnodar-syktyvkar;Краснодар;Сыктывкар;такси Краснодар Сыктывкар;0;;0;;0;;0;[]
https://city2city.ru/krasnodar-taganrog;Краснодар;Таганрог;такси Краснодар Таганрог;21;такси таганрог краснодар;21;такси краснодар таганрог цена;3;;0;"[{""phrase"": ""такси таганрог краснодар"", ""count"": ""21""}, {""phrase"": ""такси краснодар таганрог цена"", ""count"": ""3""}]"
https://city2city.ru/krasnodar-tolyatti;Краснодар;Тольятти;такси Краснодар Тольятти;1;;0;;0;;0;[]
https://city2city.ru/krasnodar-tver;Краснодар;Тверь;такси Краснодар Тверь;2;;0;;0;;0;[]
https://city2city.ru/krasnodar-ufa;Краснодар;Уфа;такси Краснодар Уфа;4;;0;;0;;0;[]
https://city2city.ru/krasnodar-ulyanovsk;Краснодар;Ульяновск;такси Краснодар Ульяновск;3;;0;;0;;0;[]
https://city2city.ru/krasnodar-vladikavkaz;Краснодар;Владикавказ;такси Краснодар Владикавказ;33;такси краснодар владикавказ;33;;0;;0;"[{""phrase"": ""такси краснодар владикавказ"", ""count"": ""33""}]"
https://city2city.ru/krasnodar-vladivostok;Краснодар;Владивосток;такси Краснодар Владивосток;0;;0;;0;;0;[]
https://city2city.ru/krasnodar-vologda;Краснодар;Вологда;такси Краснодар Вологда;0;;0;;0;;0;[]
https://city2city.ru/krasnodar-xamyshki;Краснодар;село Хамышки;такси Краснодар село Хамышки;0;;0;;0;;0;[]
https://city2city.ru/krasnodar-yablonovskij;Краснодар;посёлок городского типа Яблоновский;такси Краснодар посёлок городского типа Яблоновский;0;;0;;0;;0;[]
https://city2city.ru/krasnodar-yuzhnyj;Краснодар;рабочий поселок Южный;такси Краснодар рабочий поселок Южный;0;;0;;0;;0;[]
https://city2city.ru/krasnodar-zelenokumsk;Краснодар;Зеленокумск;такси Краснодар Зеленокумск;1;;0;;0;;0;[]
https://city2city.ru/krasnodar-znamensk;Краснодар;Знаменск;такси Краснодар Знаменск;1;;0;;0;;0;[]
https://city2city.ru/krasnoyarsk-abakan;Красноярск;Абакан;такси Красноярск Абакан;114;такси красноярск абакан;114;сколько стоит такси красноярск абакан;13;такси абакан красноярск цена;11;"[{""phrase"": ""такси красноярск абакан"", ""count"": ""114""}, {""phrase"": ""сколько стоит такси красноярск абакан"", ""count"": ""13""}, {""phrase"": ""такси абакан красноярск цена"", ""count"": ""11""}, {""phrase"": ""бла бла кар такси абакан красноярск"", ""count"": ""6""}]"
https://city2city.ru/krasnoyarsk-abaza;Красноярск;Абаза;такси Красноярск Абаза;3;;0;;0;;0;[]
https://city2city.ru/krasnoyarsk-achinsk;Красноярск;Ачинск;такси Красноярск Ачинск;77;такси ачинск красноярск;77;такси ачинск красноярск цена;22;сколько стоит такси от ачинска до красноярска;8;"[{""phrase"": ""такси ачинск красноярск"", ""count"": ""77""}, {""phrase"": ""такси ачинск красноярск цена"", ""count"": ""22""}, {""phrase"": ""сколько стоит такси от ачинска до красноярска"", ""count"": ""8""}]"
https://city2city.ru/krasnoyarsk-aeroport-emelyanovo-krasnoyarsk;Красноярск;аэропорт Красноярск имени Д.А. Хворостовского;такси Красноярск аэропорт Красноярск имени Д.А. Хворостовского;1;;0;;0;;0;[]
https://city2city.ru/krasnoyarsk-alejsk;Красноярск;Алейск;такси Красноярск Алейск;0;;0;;0;;0;[]
https://city2city.ru/krasnoyarsk-alzamaj;Красноярск;Алзамай;такси Красноярск Алзамай;0;;0;;0;;0;[]
https://city2city.ru/krasnoyarsk-angarsk;Красноярск;Ангарск;такси Красноярск Ангарск;0;;0;;0;;0;[]
https://city2city.ru/krasnoyarsk-arej;Красноярск;село Арей;такси Красноярск село Арей;0;;0;;0;;0;[]
https://city2city.ru/krasnoyarsk-artyomovsk;Красноярск;Артёмовск;такси Красноярск Артёмовск;1;;0;;0;;0;[]
https://city2city.ru/krasnoyarsk-barnaul;Красноярск;Барнаул;такси Красноярск Барнаул;5;;0;;0;;0;[]
https://city2city.ru/krasnoyarsk-belokurixa;Красноярск;Белокуриха;такси Красноярск Белокуриха;0;;0;;0;;0;[]
https://city2city.ru/krasnoyarsk-bijsk;Красноярск;Бийск;такси Красноярск Бийск;2;;0;;0;;0;[]
https://city2city.ru/krasnoyarsk-blagoveshhensk;Красноярск;Благовещенск;такси Красноярск Благовещенск;1;;0;;0;;0;[]
https://city2city.ru/krasnoyarsk-bogotol;Красноярск;Боготол;такси Красноярск Боготол;6;такси красноярск боготол;6;;0;;0;"[{""phrase"": ""такси красноярск боготол"", ""count"": ""6""}]"
https://city2city.ru/krasnoyarsk-borodino;Красноярск;Бородино;такси Красноярск Бородино;65;такси красноярск бородино;65;такси бородино красноярск номер телефона;10;;0;"[{""phrase"": ""такси красноярск бородино"", ""count"": ""65""}, {""phrase"": ""такси бородино красноярск номер телефона"", ""count"": ""10""}]"
https://city2city.ru/krasnoyarsk-bratsk;Красноярск;Братск;такси Красноярск Братск;45;такси братск красноярск;45;;0;;0;"[{""phrase"": ""такси братск красноярск"", ""count"": ""45""}]"
https://city2city.ru/krasnoyarsk-buzim;Красноярск;поселок Бузим;такси Красноярск поселок Бузим;0;;0;;0;;0;[]
https://city2city.ru/krasnoyarsk-chelyabinsk;Красноярск;Челябинск;такси Красноярск Челябинск;2;;0;;0;;0;[]
https://city2city.ru/krasnoyarsk-cheremxovo;Красноярск;Черемхово;такси Красноярск Черемхово;0;;0;;0;;0;[]
https://city2city.ru/krasnoyarsk-chernogorsk;Красноярск;Черногорск;такси Красноярск Черногорск;6;;0;;0;;0;[]
https://city2city.ru/krasnoyarsk-chita;Красноярск;Чита;такси Красноярск Чита;6;;0;;0;;0;[]
https://city2city.ru/krasnoyarsk-divnogorsk;Красноярск;Дивногорск;такси Красноярск Дивногорск;66;такси дивногорск красноярск;66;такси красноярск дивногорск цена;16;;0;"[{""phrase"": ""такси дивногорск красноярск"", ""count"": ""66""}, {""phrase"": ""такси красноярск дивногорск цена"", ""count"": ""16""}]"
https://city2city.ru/krasnoyarsk-dudinka;Красноярск;Дудинка;такси Красноярск Дудинка;1;;0;;0;;0;[]
https://city2city.ru/krasnoyarsk-ekaterinburg;Красноярск;Екатеринбург;такси Красноярск Екатеринбург;5;;0;;0;;0;[]
https://city2city.ru/krasnoyarsk-enisejsk;Красноярск;Енисейск;такси Красноярск Енисейск;476;такси енисейск красноярск;476;такси комфорт енисейск красноярск;85;такси енисейск красноярск телефон;80;"[{""phrase"": ""такси енисейск красноярск"", ""count"": ""476""}, {""phrase"": ""такси комфорт енисейск красноярск"", ""count"": ""85""}, {""phrase"": ""такси енисейск красноярск телефон"", ""count"": ""80""}, {""phrase"": ""такси красноярск северо енисейск"", ""count"": ""69""}, {""phrase"": ""такси регион енисейск красноярск"", ""count"": ""62""}, {""phrase"": ""номер такси енисейск красноярск"", ""count"": ""60""}, {""phrase"": ""такси комфорт енисейск красноярск номер"", ""count"": ""35""}, {""phrase"": ""такси межгород енисейск красноярск"", ""count"": ""34""}, {""phrase"": ""такси красноярск енисейск номер телефона"", ""count"": ""33""}, {""phrase"": ""расписание такси енисейск красноярск"", ""count"": ""32""}]"
https://city2city.ru/krasnoyarsk-ergaki;Красноярск;турбаза Ергаки;такси Красноярск турбаза Ергаки;0;;0;;0;;0;[]
https://city2city.ru/krasnoyarsk-gorno-altajsk;Красноярск;Горно-Алтайск;такси Красноярск Горно-Алтайск;2;;0;;0;;0;[]
https://city2city.ru/krasnoyarsk-granicza-mongolii;Красноярск;село Ташанта;такси Красноярск село Ташанта;0;;0;;0;;0;[]
https://city2city.ru/krasnoyarsk-igarka;Красноярск;Игарка;такси Красноярск Игарка;0;;0;;0;;0;[]
https://city2city.ru/krasnoyarsk-ilanskij;Красноярск;Иланский;такси Красноярск Иланский;1;;0;;0;;0;[]
https://city2city.ru/krasnoyarsk-irkutsk;Красноярск;Иркутск;такси Красноярск Иркутск;31;такси иркутск красноярск;31;;0;;0;"[{""phrase"": ""такси иркутск красноярск"", ""count"": ""31""}]"
https://city2city.ru/krasnoyarsk-kansk;Красноярск;Канск;такси Красноярск Канск;70;такси красноярск канск;70;такси красноярск канск цена;14;сколько стоит такси красноярск канск;11;"[{""phrase"": ""такси красноярск канск"", ""count"": ""70""}, {""phrase"": ""такси красноярск канск цена"", ""count"": ""14""}, {""phrase"": ""сколько стоит такси красноярск канск"", ""count"": ""11""}]"
https://city2city.ru/krasnoyarsk-kedrovyj;Красноярск;город Кедровый;такси Красноярск город Кедровый;0;;0;;0;;0;[]
https://city2city.ru/krasnoyarsk-kemerovo;Красноярск;Кемерово;такси Красноярск Кемерово;26;такси красноярск кемерово;26;;0;;0;"[{""phrase"": ""такси красноярск кемерово"", ""count"": ""26""}]"
https://city2city.ru/krasnoyarsk-kodinsk;Красноярск;Кодинск;такси Красноярск Кодинск;12;маршрутное такси красноярск кодинск;6;;0;;0;"[{""phrase"": ""маршрутное такси красноярск кодинск"", ""count"": ""6""}]"
https://city2city.ru/krasnoyarsk-krasnokamensk;Красноярск;Краснокаменск;такси Красноярск Краснокаменск;1;;0;;0;;0;[]
https://city2city.ru/krasnoyarsk-kyzyl;Красноярск;Кызыл;такси Красноярск Кызыл;47;такси кызыл красноярск;47;;0;;0;"[{""phrase"": ""такси кызыл красноярск"", ""count"": ""47""}]"
https://city2city.ru/krasnoyarsk-leninsk-kuzneczkij;Красноярск;Ленинск-Кузнецкий;такси Красноярск Ленинск-Кузнецкий;0;;0;;0;;0;[]
https://city2city.ru/krasnoyarsk-lesosibirsk;Красноярск;Лесосибирск;такси Красноярск Лесосибирск;122;такси лесосибирск красноярск;122;такси комфорт лесосибирск красноярск;15;такси лесосибирск красноярск номер телефона;8;"[{""phrase"": ""такси лесосибирск красноярск"", ""count"": ""122""}, {""phrase"": ""такси комфорт лесосибирск красноярск"", ""count"": ""15""}, {""phrase"": ""такси лесосибирск красноярск номер телефона"", ""count"": ""8""}]"
https://city2city.ru/krasnoyarsk-mariinsk;Красноярск;Мариинск;такси Красноярск Мариинск;5;;0;;0;;0;[]
https://city2city.ru/krasnoyarsk-minusinsk;Красноярск;Минусинск;такси Красноярск Минусинск;32;такси минусинск красноярск;32;;0;;0;"[{""phrase"": ""такси минусинск красноярск"", ""count"": ""32""}]"
https://city2city.ru/krasnoyarsk-nazarovo;Красноярск;Назарово;такси Красноярск Назарово;32;такси красноярск назарово;32;;0;;0;"[{""phrase"": ""такси красноярск назарово"", ""count"": ""32""}]"
https://city2city.ru/krasnoyarsk-nizhneudinsk;Красноярск;Нижнеудинск;такси Красноярск Нижнеудинск;7;;0;;0;;0;[]
https://city2city.ru/krasnoyarsk-norilsk;Красноярск;Норильск;такси Красноярск Норильск;5;;0;;0;;0;[]
https://city2city.ru/krasnoyarsk-novokuzneczk;Красноярск;Новокузнецк;такси Красноярск Новокузнецк;20;такси красноярск новокузнецк;20;;0;;0;"[{""phrase"": ""такси красноярск новокузнецк"", ""count"": ""20""}]"
https://city2city.ru/krasnoyarsk-novosibirsk;Красноярск;Новосибирск;такси Красноярск Новосибирск;114;такси из новосибирска до красноярска;50;заказать такси из новосибирска до красноярска;17;такси новосибирск красноярск цена;15;"[{""phrase"": ""такси из новосибирска до красноярска"", ""count"": ""50""}, {""phrase"": ""заказать такси из новосибирска до красноярска"", ""count"": ""17""}, {""phrase"": ""такси новосибирск красноярск цена"", ""count"": ""15""}, {""phrase"": ""стоимость такси до красноярска из новосибирска"", ""count"": ""11""}]"
https://city2city.ru/krasnoyarsk-omsk;Красноярск;Омск;такси Красноярск Омск;12;;0;;0;;0;[]
https://city2city.ru/krasnoyarsk-priiskovyj;Красноярск;посёлок городского типа Приисковый;такси Красноярск посёлок городского типа Приисковый;0;;0;;0;;0;[]
https://city2city.ru/krasnoyarsk-prokopevsk;Красноярск;Прокопьевск;такси Красноярск Прокопьевск;0;;0;;0;;0;[]
https://city2city.ru/krasnoyarsk-sayanogorsk;Красноярск;Саяногорск;такси Красноярск Саяногорск;1;;0;;0;;0;[]
https://city2city.ru/krasnoyarsk-sayansk;Красноярск;Саянск;такси Красноярск Саянск;0;;0;;0;;0;[]
https://city2city.ru/krasnoyarsk-sharypovo;Красноярск;Шарыпово;такси Красноярск Шарыпово;38;такси красноярск шарыпово;38;;0;;0;"[{""phrase"": ""такси красноярск шарыпово"", ""count"": ""38""}]"
https://city2city.ru/krasnoyarsk-sheregesh;Красноярск;посёлок городского типа Шерегеш;такси Красноярск посёлок городского типа Шерегеш;0;;0;;0;;0;[]
https://city2city.ru/krasnoyarsk-shumixa;Красноярск;Шумиха;такси Красноярск Шумиха;1;;0;;0;;0;[]
https://city2city.ru/krasnoyarsk-sorsk;Красноярск;Сорск;такси Красноярск Сорск;6;;0;;0;;0;[]
https://city2city.ru/krasnoyarsk-sosnovoborsk;Красноярск;Сосновоборск;такси Красноярск Сосновоборск;95;такси сосновоборск красноярск;95;такси сосновоборск красноярск цена;15;;0;"[{""phrase"": ""такси сосновоборск красноярск"", ""count"": ""95""}, {""phrase"": ""такси сосновоборск красноярск цена"", ""count"": ""15""}]"
https://city2city.ru/krasnoyarsk-surgut;Красноярск;Сургут;такси Красноярск Сургут;2;;0;;0;;0;[]
https://city2city.ru/krasnoyarsk-tajshet;Красноярск;Тайшет;такси Красноярск Тайшет;14;такси красноярск тайшет;14;;0;;0;"[{""phrase"": ""такси красноярск тайшет"", ""count"": ""14""}]"
https://city2city.ru/krasnoyarsk-tayozhnyj;Красноярск;посёлок городского типа Таёжный;такси Красноярск посёлок городского типа Таёжный;0;;0;;0;;0;[]
https://city2city.ru/krasnoyarsk-tomsk;Красноярск;Томск;такси Красноярск Томск;35;такси красноярск томск;35;;0;;0;"[{""phrase"": ""такси красноярск томск"", ""count"": ""35""}]"
https://city2city.ru/krasnoyarsk-tulun;Красноярск;Тулун;такси Красноярск Тулун;6;;0;;0;;0;[]
https://city2city.ru/krasnoyarsk-tyumen;Красноярск;Тюмень;такси Красноярск Тюмень;0;;0;;0;;0;[]
https://city2city.ru/krasnoyarsk-ulan-ude;Красноярск;Улан-Удэ;такси Красноярск Улан-Удэ;7;;0;;0;;0;[]
https://city2city.ru/krasnoyarsk-usole-sibirskoe;Красноярск;Усолье-Сибирское;такси Красноярск Усолье-Сибирское;0;;0;;0;;0;[]
https://city2city.ru/krasnoyarsk-ust-ilimsk;Красноярск;Усть-Илимск;такси Красноярск Усть-Илимск;5;;0;;0;;0;[]
https://city2city.ru/krasnoyarsk-ust-kut;Красноярск;Усть-Кут;такси Красноярск Усть-Кут;0;;0;;0;;0;[]
https://city2city.ru/krasnoyarsk-uyar;Красноярск;Уяр;такси Красноярск Уяр;15;такси уяр красноярск;15;;0;;0;"[{""phrase"": ""такси уяр красноярск"", ""count"": ""15""}]"
https://city2city.ru/krasnoyarsk-uzhur;Красноярск;Ужур;такси Красноярск Ужур;26;такси красноярск ужур;26;такси межгород ужур красноярск;5;;0;"[{""phrase"": ""такси красноярск ужур"", ""count"": ""26""}, {""phrase"": ""такси межгород ужур красноярск"", ""count"": ""5""}]"
https://city2city.ru/krasnoyarsk-vixorevka;Красноярск;Вихоревка;такси Красноярск Вихоревка;2;;0;;0;;0;[]
https://city2city.ru/krasnoyarsk-vladivostok;Красноярск;Владивосток;такси Красноярск Владивосток;5;;0;;0;;0;[]
https://city2city.ru/krasnoyarsk-xabarovsk;Красноярск;Хабаровск;такси Красноярск Хабаровск;5;;0;;0;;0;[]
https://city2city.ru/krasnoyarsk-yakutsk;Красноярск;Якутск;такси Красноярск Якутск;5;;0;;0;;0;[]
https://city2city.ru/krasnoyarsk-yarovoe;Красноярск;Яровое;такси Красноярск Яровое;0;;0;;0;;0;[]
https://city2city.ru/krasnoyarsk-yurga;Красноярск;Юрга;такси Красноярск Юрга;7;;0;;0;;0;[]
https://city2city.ru/krasnoyarsk-zaozyornyj;Красноярск;Заозёрный;такси Красноярск Заозёрный;18;такси заозерный красноярск;18;;0;;0;"[{""phrase"": ""такси заозерный красноярск"", ""count"": ""18""}]"
https://city2city.ru/krasnoyarsk-zelenogorsk;Красноярск;Зеленогорск;такси Красноярск Зеленогорск;55;такси зеленогорск красноярск;55;;0;;0;"[{""phrase"": ""такси зеленогорск красноярск"", ""count"": ""55""}]"
https://city2city.ru/krasnoyarsk-zheleznogorsk;Красноярск;Железногорск;такси Красноярск Железногорск;89;такси железногорск красноярском крае;1400;такси железногорск красноярск;89;;0;"[{""phrase"": ""такси железногорск красноярском крае"", ""count"": ""1400""}, {""phrase"": ""такси железногорск красноярск"", ""count"": ""89""}]"
https://city2city.ru/krasnoyarsk-zheleznogorsk-ilimskij;Красноярск;Железногорск-Илимский;такси Красноярск Железногорск-Илимский;1;;0;;0;;0;[]
https://city2city.ru/krasnoyarsk-zima;Красноярск;Зима;такси Красноярск Зима;1;;0;;0;;0;[]
https://city2city.ru/krasnoyarsk-zlatoust;Красноярск;Златоуст;такси Красноярск Златоуст;0;;0;;0;;0;[]
https://city2city.ru/kurgan-app-zverinogolovskoe;Курган;поселок Украинец;такси Курган поселок Украинец;0;;0;;0;;0;[]
https://city2city.ru/kurgan-beryozovskij;Курган;Берёзовский;такси Курган Берёзовский;0;;0;;0;;0;[]
https://city2city.ru/kurgan-chebarkul;Курган;Чебаркуль;такси Курган Чебаркуль;1;;0;;0;;0;[]
https://city2city.ru/kurgan-ekaterinburg;Курган;Екатеринбург;такси Курган Екатеринбург;47;такси курган екатеринбург;47;сколько стоит такси курган екатеринбург;9;такси екатеринбург курган цена;9;"[{""phrase"": ""такси курган екатеринбург"", ""count"": ""47""}, {""phrase"": ""сколько стоит такси курган екатеринбург"", ""count"": ""9""}, {""phrase"": ""такси екатеринбург курган цена"", ""count"": ""9""}]"
https://city2city.ru/kurgan-elan;Курган;рабочий посёлок Елань;такси Курган рабочий посёлок Елань;0;;0;;0;;0;[]
https://city2city.ru/kurgan-granicza-kazaxstan;Курган;52А-3;такси Курган 52А-3;0;;0;;0;;0;[]
https://city2city.ru/kurgan-ishim;Курган;Ишим;такси Курган Ишим;2;;0;;0;;0;[]
https://city2city.ru/kurgan-izhevsk;Курган;Ижевск;такси Курган Ижевск;0;;0;;0;;0;[]
https://city2city.ru/kurgan-kargapole;Курган;посёлок Каргаполье;такси Курган посёлок Каргаполье;0;;0;;0;;0;[]
https://city2city.ru/kurgan-kopejsk;Курган;Копейск;такси Курган Копейск;0;;0;;0;;0;[]
https://city2city.ru/kurgan-kurtamysh;Курган;Куртамыш;такси Курган Куртамыш;13;такси куртамыш курган;13;;0;;0;"[{""phrase"": ""такси куртамыш курган"", ""count"": ""13""}]"
https://city2city.ru/kurgan-lebyazhe;Курган;рабочий посёлок Лебяжье;такси Курган рабочий посёлок Лебяжье;0;;0;;0;;0;[]
https://city2city.ru/kurgan-lukino;Курган;село Лукино;такси Курган село Лукино;0;;0;;0;;0;[]
https://city2city.ru/kurgan-magnitogorsk;Курган;Магнитогорск;такси Курган Магнитогорск;3;;0;;0;;0;[]
https://city2city.ru/kurgan-makushino;Курган;Макушино;такси Курган Макушино;3;;0;;0;;0;[]
https://city2city.ru/kurgan-miass;Курган;Миасс;такси Курган Миасс;12;;0;;0;;0;[]
https://city2city.ru/kurgan-mishkino;Курган;поселок городского типа Мишкино;такси Курган поселок городского типа Мишкино;0;;0;;0;;0;[]
https://city2city.ru/kurgan-moskva;Курган;Москва;такси Курган Москва;5;такси москва курган;5;;0;;0;"[{""phrase"": ""такси москва курган"", ""count"": ""5""}]"
https://city2city.ru/kurgan-mostovskoj;Курган;поселок городского типа Мостовской;такси Курган поселок городского типа Мостовской;0;;0;;0;;0;[]
https://city2city.ru/kurgan-nizhnevartovsk;Курган;Нижневартовск;такси Курган Нижневартовск;0;;0;;0;;0;[]
https://city2city.ru/kurgan-penza;Курган;Пенза;такси Курган Пенза;0;;0;;0;;0;[]
https://city2city.ru/kurgan-perm;Курган;Пермь;такси Курган Пермь;6;;0;;0;;0;[]
https://city2city.ru/kurgan-petuxovo;Курган;Петухово;такси Курган Петухово;5;;0;;0;;0;[]
https://city2city.ru/kurgan-selo-sadovoe;Курган;село Садовое;такси Курган село Садовое;3;;0;;0;;0;[]
https://city2city.ru/kurgan-shhuche;Курган;Щучье;такси Курган Щучье;9;такси щучье курган;9;;0;;0;"[{""phrase"": ""такси щучье курган"", ""count"": ""9""}]"
https://city2city.ru/kurgan-shumixa;Курган;Шумиха;такси Курган Шумиха;7;такси шумиха курган;7;;0;;0;"[{""phrase"": ""такси шумиха курган"", ""count"": ""7""}]"
https://city2city.ru/kurgan-sibaj;Курган;Сибай;такси Курган Сибай;3;;0;;0;;0;[]
https://city2city.ru/kurgan-stavropol;Курган;Ставрополь;такси Курган Ставрополь;0;;0;;0;;0;[]
https://city2city.ru/kurgan-surgut;Курган;Сургут;такси Курган Сургут;0;;0;;0;;0;[]
https://city2city.ru/kurgan-tobolsk;Курган;Тобольск;такси Курган Тобольск;3;;0;;0;;0;[]
https://city2city.ru/kurgan-troiczk;Курган;Троицк;такси Курган Троицк;1;;0;;0;;0;[]
https://city2city.ru/kurgan-tyumen;Курган;Тюмень;такси Курган Тюмень;179;такси тюмень курган;179;такси тюмень курган стоимость;31;сколько стоит такси от тюмени до кургана;30;"[{""phrase"": ""такси тюмень курган"", ""count"": ""179""}, {""phrase"": ""такси тюмень курган стоимость"", ""count"": ""31""}, {""phrase"": ""сколько стоит такси от тюмени до кургана"", ""count"": ""30""}, {""phrase"": ""такси курган тюмень цена"", ""count"": ""28""}, {""phrase"": ""такси межгород тюмень курган"", ""count"": ""12""}, {""phrase"": ""такси тюмень курган стоимость с аэропорта"", ""count"": ""5""}]"
https://city2city.ru/kurgan-vargashi;Курган;посёлок городского типа Варгаши;такси Курган посёлок городского типа Варгаши;0;;0;;0;;0;[]
https://city2city.ru/kurgan-yalutorovsk;Курган;Ялуторовск;такси Курган Ялуторовск;1;;0;;0;;0;[]
https://city2city.ru/kurgan-yurgamysh;Курган;поселок городского типа Юргамыш;такси Курган поселок городского типа Юргамыш;0;;0;;0;;0;[]
https://city2city.ru/kurgan-zavodoukovsk;Курган;Заводоуковск;такси Курган Заводоуковск;0;;0;;0;;0;[]
https://city2city.ru/kursk-alekseevka;Курск;село Алексеевка;такси Курск село Алексеевка;0;;0;;0;;0;[]
https://city2city.ru/kursk-anapa;Курск;Анапа;такси Курск Анапа;1;;0;;0;;0;[]
https://city2city.ru/kursk-app-kolotilovka;Курск;село Колотиловка;такси Курск село Колотиловка;0;;0;;0;;0;[]
https://city2city.ru/kursk-app-krupecz;Курск;село Козино;такси Курск село Козино;0;;0;;0;;0;[]
https://city2city.ru/kursk-astraxan;Курск;Астрахань;такси Курск Астрахань;2;;0;;0;;0;[]
https://city2city.ru/kursk-belgorod;Курск;Белгород;такси Курск Белгород;54;такси белгород курск;54;такси белгород курск цена;12;;0;"[{""phrase"": ""такси белгород курск"", ""count"": ""54""}, {""phrase"": ""такси белгород курск цена"", ""count"": ""12""}]"
https://city2city.ru/kursk-boguchar;Курск;Богучар;такси Курск Богучар;6;;0;;0;;0;[]
https://city2city.ru/kursk-bryansk;Курск;Брянск;такси Курск Брянск;19;;0;;0;;0;[]
https://city2city.ru/kursk-chelyabinsk;Курск;Челябинск;такси Курск Челябинск;6;курск челябинск такси;6;;0;;0;"[{""phrase"": ""курск челябинск такси"", ""count"": ""6""}]"
https://city2city.ru/kursk-cheremisinovo;Курск;посёлок городского типа Черемисиново;такси Курск посёлок городского типа Черемисиново;0;;0;;0;;0;[]
https://city2city.ru/kursk-dmitriev;Курск;Дмитриев;такси Курск Дмитриев;5;;0;;0;;0;[]
https://city2city.ru/kursk-fatezh;Курск;Фатеж;такси Курск Фатеж;10;такси курск фатеж;10;;0;;0;"[{""phrase"": ""такси курск фатеж"", ""count"": ""10""}]"
https://city2city.ru/kursk-gelendzhik;Курск;Геленджик;такси Курск Геленджик;1;;0;;0;;0;[]
https://city2city.ru/kursk-glushkovo;Курск;посёлок городского типа Глушково;такси Курск посёлок городского типа Глушково;0;;0;;0;;0;[]
https://city2city.ru/kursk-granicza-kazaxstan;Курск;52А-3;такси Курск 52А-3;0;;0;;0;;0;[]
https://city2city.ru/kursk-granicza-ukraina;Курск;река Старая Граница;такси Курск река Старая Граница;0;;0;;0;;0;[]
https://city2city.ru/kursk-gubkin;Курск;Губкин;такси Курск Губкин;5;;0;;0;;0;[]
https://city2city.ru/kursk-ivanino;Курск;посёлок городского типа Иванино;такси Курск посёлок городского типа Иванино;0;;0;;0;;0;[]
https://city2city.ru/kursk-ivnya;Курск;посёлок городского типа Ивня;такси Курск посёлок городского типа Ивня;0;;0;;0;;0;[]
https://city2city.ru/kursk-kaluga;Курск;Калуга;такси Курск Калуга;6;;0;;0;;0;[]
https://city2city.ru/kursk-kastornoe;Курск;посёлок городского типа Касторное;такси Курск посёлок городского типа Касторное;0;;0;;0;;0;[]
https://city2city.ru/kursk-kolpna;Курск;посёлок городского типа Колпна;такси Курск посёлок городского типа Колпна;0;;0;;0;;0;[]
https://city2city.ru/kursk-konyshyovka;Курск;посёлок городского типа Конышёвка;такси Курск посёлок городского типа Конышёвка;0;;0;;0;;0;[]
https://city2city.ru/kursk-korenevo;Курск;посёлок городского типа Коренево;такси Курск посёлок городского типа Коренево;0;;0;;0;;0;[]
https://city2city.ru/kursk-kostroma;Курск;Кострома;такси Курск Кострома;2;;0;;0;;0;[]
https://city2city.ru/kursk-krasnaya-yaruga;Курск;посёлок городского типа Красная Яруга;такси Курск посёлок городского типа Красная Яруга;0;;0;;0;;0;[]
https://city2city.ru/kursk-kromy;Курск;посёлок городского типа Кромы;такси Курск посёлок городского типа Кромы;0;;0;;0;;0;[]
https://city2city.ru/kursk-kshenskij;Курск;посёлок городского типа Кшенский;такси Курск посёлок городского типа Кшенский;0;;0;;0;;0;[]
https://city2city.ru/kursk-kurchatov;Курск;Курчатов;такси Курск Курчатов;114;такси курск курчатов;114;маршрутные такси курчатов курск;26;такси курск курчатов стоимость;14;"[{""phrase"": ""такси курск курчатов"", ""count"": ""114""}, {""phrase"": ""маршрутные такси курчатов курск"", ""count"": ""26""}, {""phrase"": ""такси курск курчатов стоимость"", ""count"": ""14""}]"
https://city2city.ru/kursk-lgov;Курск;Льгов;такси Курск Льгов;59;курск льгов такси;59;такси льгов курск цена;11;;0;"[{""phrase"": ""курск льгов такси"", ""count"": ""59""}, {""phrase"": ""такси льгов курск цена"", ""count"": ""11""}]"
https://city2city.ru/kursk-lipeczk;Курск;Липецк;такси Курск Липецк;7;такси курск липецк;7;;0;;0;"[{""phrase"": ""такси курск липецк"", ""count"": ""7""}]"
https://city2city.ru/kursk-livny;Курск;Ливны;такси Курск Ливны;0;;0;;0;;0;[]
https://city2city.ru/kursk-manturovo;Курск;Мантурово;такси Курск Мантурово;2;;0;;0;;0;[]
https://city2city.ru/kursk-medvenka;Курск;посёлок городского типа Медвенка;такси Курск посёлок городского типа Медвенка;0;;0;;0;;0;[]
https://city2city.ru/kursk-naro-fominsk;Курск;Наро-Фоминск;такси Курск Наро-Фоминск;1;;0;;0;;0;[]
https://city2city.ru/kursk-novokastornoe;Курск;посёлок городского типа Новокасторное;такси Курск посёлок городского типа Новокасторное;0;;0;;0;;0;[]
https://city2city.ru/kursk-novyj-oskol;Курск;Новый Оскол;такси Курск Новый Оскол;2;;0;;0;;0;[]
https://city2city.ru/kursk-oboyan;Курск;Обоянь;такси Курск Обоянь;41;такси курск обоянь;41;;0;;0;"[{""phrase"": ""такси курск обоянь"", ""count"": ""41""}]"
https://city2city.ru/kursk-oktyabrskij-respublika-bashkortostan;Курск;Октябрьский;такси Курск Октябрьский;11;;0;;0;;0;[]
https://city2city.ru/kursk-olymskij;Курск;посёлок городского типа Олымский;такси Курск посёлок городского типа Олымский;0;;0;;0;;0;[]
https://city2city.ru/kursk-orenburg;Курск;Оренбург;такси Курск Оренбург;1;;0;;0;;0;[]
https://city2city.ru/kursk-oryol;Курск;Орёл;такси Курск Орёл;29;такси орел курск;29;;0;;0;"[{""phrase"": ""такси орел курск"", ""count"": ""29""}]"
https://city2city.ru/kursk-penza;Курск;Пенза;такси Курск Пенза;5;;0;;0;;0;[]
https://city2city.ru/kursk-petrozavodsk;Курск;Петрозаводск;такси Курск Петрозаводск;2;;0;;0;;0;[]
https://city2city.ru/kursk-polevoj;Курск;посёлок Полевой;такси Курск посёлок Полевой;0;;0;;0;;0;[]
https://city2city.ru/kursk-ponyri;Курск;посёлок городского типа Поныри;такси Курск посёлок городского типа Поныри;0;;0;;0;;0;[]
https://city2city.ru/kursk-proxorovka;Курск;посёлок городского типа Прохоровка;такси Курск посёлок городского типа Прохоровка;0;;0;;0;;0;[]
https://city2city.ru/kursk-pryamiczyno;Курск;посёлок городского типа Прямицыно;такси Курск посёлок городского типа Прямицыно;0;;0;;0;;0;[]
https://city2city.ru/kursk-pskov;Курск;Псков;такси Курск Псков;6;;0;;0;;0;[]
https://city2city.ru/kursk-rakitnoe;Курск;посёлок городского типа Ракитное;такси Курск посёлок городского типа Ракитное;0;;0;;0;;0;[]
https://city2city.ru/kursk-rossosh;Курск;Россошь;такси Курск Россошь;3;;0;;0;;0;[]
https://city2city.ru/kursk-rostov-na-donu;Курск;Ростов-на-Дону;такси Курск Ростов-на-Дону;10;;0;;0;;0;[]
https://city2city.ru/kursk-ryazan;Курск;Рязань;такси Курск Рязань;15;такси курск рязань;15;;0;;0;"[{""phrase"": ""такси курск рязань"", ""count"": ""15""}]"
https://city2city.ru/kursk-rylsk;Курск;Рыльск;такси Курск Рыльск;79;такси курск рыльск;79;такси курск рыльск цена;14;;0;"[{""phrase"": ""такси курск рыльск"", ""count"": ""79""}, {""phrase"": ""такси курск рыльск цена"", ""count"": ""14""}]"
https://city2city.ru/kursk-samara;Курск;Самара;такси Курск Самара;3;;0;;0;;0;[]
https://city2city.ru/kursk-sankt-peterburg;Курск;Санкт-Петербург;такси Курск Санкт-Петербург;21;такси курск санкт петербург;21;;0;;0;"[{""phrase"": ""такси курск санкт петербург"", ""count"": ""21""}]"
https://city2city.ru/kursk-sevsk;Курск;Севск;такси Курск Севск;3;;0;;0;;0;[]
https://city2city.ru/kursk-shebekino;Курск;Шебекино;такси Курск Шебекино;6;такси шебекино курск;6;;0;;0;"[{""phrase"": ""такси шебекино курск"", ""count"": ""6""}]"
https://city2city.ru/kursk-shhigry;Курск;Щигры;такси Курск Щигры;36;такси щигры курск;36;;0;;0;"[{""phrase"": ""такси щигры курск"", ""count"": ""36""}]"
https://city2city.ru/kursk-simferopol;Курск;Симферополь;такси Курск Симферополь;12;такси курск симферополь;12;;0;;0;"[{""phrase"": ""такси курск симферополь"", ""count"": ""12""}]"
https://city2city.ru/kursk-solnczevo;Курск;посёлок городского типа Солнцево;такси Курск посёлок городского типа Солнцево;0;;0;;0;;0;[]
https://city2city.ru/kursk-solnechnyj;Курск;посёлок Солнечный;такси Курск посёлок Солнечный;0;;0;;0;;0;[]
https://city2city.ru/kursk-staryj-oskol;Курск;Старый Оскол;такси Курск Старый Оскол;18;такси старый оскол курск;18;;0;;0;"[{""phrase"": ""такси старый оскол курск"", ""count"": ""18""}]"
https://city2city.ru/kursk-sudzha;Курск;Суджа;такси Курск Суджа;0;;0;;0;;0;[]
https://city2city.ru/kursk-tambov;Курск;Тамбов;такси Курск Тамбов;5;;0;;0;;0;[]
https://city2city.ru/kursk-tim;Курск;посёлок городского типа Тим;такси Курск посёлок городского типа Тим;0;;0;;0;;0;[]
https://city2city.ru/kursk-tula;Курск;Тула;такси Курск Тула;16;такси курск тула;16;;0;;0;"[{""phrase"": ""такси курск тула"", ""count"": ""16""}]"
https://city2city.ru/kursk-tver;Курск;Тверь;такси Курск Тверь;0;;0;;0;;0;[]
https://city2city.ru/kursk-tyotkino;Курск;посёлок городского типа Тёткино;такси Курск посёлок городского типа Тёткино;0;;0;;0;;0;[]
https://city2city.ru/kursk-ufa;Курск;Уфа;такси Курск Уфа;5;;0;;0;;0;[]
https://city2city.ru/kursk-valujki;Курск;Валуйки;такси Курск Валуйки;5;;0;;0;;0;[]
https://city2city.ru/kursk-volgograd;Курск;Волгоград;такси Курск Волгоград;3;;0;;0;;0;[]
https://city2city.ru/kursk-vologda;Курск;Вологда;такси Курск Вологда;5;;0;;0;;0;[]
https://city2city.ru/kursk-voronezh;Курск;Воронеж;такси Курск Воронеж;93;цена такси курск воронеж;20;сколько стоит такси курск воронеж;16;такси из курска в воронеж;6;"[{""phrase"": ""цена такси курск воронеж"", ""count"": ""20""}, {""phrase"": ""сколько стоит такси курск воронеж"", ""count"": ""16""}, {""phrase"": ""такси из курска в воронеж"", ""count"": ""6""}]"
https://city2city.ru/kursk-xomutovka;Курск;посёлок городского типа Хомутовка;такси Курск посёлок городского типа Хомутовка;0;;0;;0;;0;[]
https://city2city.ru/kursk-zheleznogorsk;Курск;Железногорск;такси Курск Железногорск;89;такси курск железногорск;89;сколько стоит такси от курска до железногорска;21;такси курск железногорск цены;18;"[{""phrase"": ""такси курск железногорск"", ""count"": ""89""}, {""phrase"": ""сколько стоит такси от курска до железногорска"", ""count"": ""21""}, {""phrase"": ""такси курск железногорск цены"", ""count"": ""18""}]"
https://city2city.ru/kursk-zolotuxino;Курск;посёлок городского типа Золотухино;такси Курск посёлок городского типа Золотухино;0;;0;;0;;0;[]
https://city2city.ru/kyzyl-abakan;Кызыл;Абакан;такси Кызыл Абакан;72;такси абакан кызыл;72;;0;;0;"[{""phrase"": ""такси абакан кызыл"", ""count"": ""72""}]"
https://city2city.ru/kyzyl-ak-dovurak;Кызыл;Ак-Довурак;такси Кызыл Ак-Довурак;2;;0;;0;;0;[]
https://city2city.ru/kyzyl-chadan;Кызыл;Чадан;такси Кызыл Чадан;5;;0;;0;;0;[]
https://city2city.ru/kyzyl-kemerovo;Кызыл;Кемерово;такси Кызыл Кемерово;0;;0;;0;;0;[]
https://city2city.ru/kyzyl-krasnoyarsk;Кызыл;Красноярск;такси Кызыл Красноярск;47;такси кызыл красноярск;47;;0;;0;"[{""phrase"": ""такси кызыл красноярск"", ""count"": ""47""}]"
https://city2city.ru/kyzyl-minusinsk;Кызыл;Минусинск;такси Кызыл Минусинск;3;;0;;0;;0;[]
https://city2city.ru/kyzyl-novosibirsk;Кызыл;Новосибирск;такси Кызыл Новосибирск;22;такси новосибирск кызыл;22;;0;;0;"[{""phrase"": ""такси новосибирск кызыл"", ""count"": ""22""}]"
https://city2city.ru/kyzyl-sayanogorsk;Кызыл;Саяногорск;такси Кызыл Саяногорск;0;;0;;0;;0;[]
https://city2city.ru/kyzyl-shagonar;Кызыл;Шагонар;такси Кызыл Шагонар;3;;0;;0;;0;[]
https://city2city.ru/kyzyl-tomsk;Кызыл;Томск;такси Кызыл Томск;3;;0;;0;;0;[]
https://city2city.ru/kyzyl-turan;Кызыл;Туран;такси Кызыл Туран;14;такси кызыл туран;14;вк туран кызыл такси;6;;0;"[{""phrase"": ""такси кызыл туран"", ""count"": ""14""}, {""phrase"": ""вк туран кызыл такси"", ""count"": ""6""}]"
https://city2city.ru/kyzyl-zaozyornyy;Кызыл;Заозёрный;такси Кызыл Заозёрный;0;;0;;0;;0;[]
https://city2city.ru/lensk-jakutsk;Ленск;Якутск;такси Ленск Якутск;61;такси ленск якутск;61;;0;;0;"[{""phrase"": ""такси ленск якутск"", ""count"": ""61""}]"
https://city2city.ru/lesosibirsk-krasnojarsk;Лесосибирск;Красноярск;такси Лесосибирск Красноярск;122;такси лесосибирск красноярск;122;такси комфорт лесосибирск красноярск;15;такси лесосибирск красноярск номер телефона;8;"[{""phrase"": ""такси лесосибирск красноярск"", ""count"": ""122""}, {""phrase"": ""такси комфорт лесосибирск красноярск"", ""count"": ""15""}, {""phrase"": ""такси лесосибирск красноярск номер телефона"", ""count"": ""8""}]"
https://city2city.ru/lipeczk-adler;Липецк;Адлер;такси Липецк Адлер;0;;0;;0;;0;[]
https://city2city.ru/lipeczk-belgorod;Липецк;Белгород;такси Липецк Белгород;17;белгород липецк такси;17;такси белгород липецк цена;7;;0;"[{""phrase"": ""белгород липецк такси"", ""count"": ""17""}, {""phrase"": ""такси белгород липецк цена"", ""count"": ""7""}]"
https://city2city.ru/lipeczk-boguchar;Липецк;Богучар;такси Липецк Богучар;1;;0;;0;;0;[]
https://city2city.ru/lipeczk-bryansk;Липецк;Брянск;такси Липецк Брянск;2;;0;;0;;0;[]
https://city2city.ru/lipeczk-dankov;Липецк;Данков;такси Липецк Данков;29;данков липецк такси;29;;0;;0;"[{""phrase"": ""данков липецк такси"", ""count"": ""29""}]"
https://city2city.ru/lipeczk-dmitrov;Липецк;Дмитров;такси Липецк Дмитров;0;;0;;0;;0;[]
https://city2city.ru/lipeczk-efremov;Липецк;Ефремов;такси Липецк Ефремов;1;;0;;0;;0;[]
https://city2city.ru/lipeczk-ejsk;Липецк;Ейск;такси Липецк Ейск;0;;0;;0;;0;[]
https://city2city.ru/lipeczk-ekaterinburg;Липецк;Екатеринбург;такси Липецк Екатеринбург;1;;0;;0;;0;[]
https://city2city.ru/lipeczk-elecz;Липецк;Елец;такси Липецк Елец;50;такси липецк елец;50;такси елец липецк стоимость;20;сколько стоит такси липецк елец;9;"[{""phrase"": ""такси липецк елец"", ""count"": ""50""}, {""phrase"": ""такси елец липецк стоимость"", ""count"": ""20""}, {""phrase"": ""сколько стоит такси липецк елец"", ""count"": ""9""}]"
https://city2city.ru/lipeczk-gelendzhik;Липецк;Геленджик;такси Липецк Геленджик;3;;0;;0;;0;[]
https://city2city.ru/lipeczk-granicza-kazaxstan;Липецк;52А-3;такси Липецк 52А-3;0;;0;;0;;0;[]
https://city2city.ru/lipeczk-gryazi;Липецк;Грязи;такси Липецк Грязи;81;такси липецк грязи;81;сколько стоит такси липецк грязи;24;такси грязи липецк цена;16;"[{""phrase"": ""такси липецк грязи"", ""count"": ""81""}, {""phrase"": ""сколько стоит такси липецк грязи"", ""count"": ""24""}, {""phrase"": ""такси грязи липецк цена"", ""count"": ""16""}, {""phrase"": ""стоимость такси липецк грязи"", ""count"": ""11""}, {""phrase"": ""такси липецк грязи стоимость поездки"", ""count"": ""5""}]"
https://city2city.ru/lipeczk-ivanovo;Липецк;Иваново;такси Липецк Иваново;1;;0;;0;;0;[]
https://city2city.ru/lipeczk-kaluga;Липецк;Калуга;такси Липецк Калуга;3;;0;;0;;0;[]
https://city2city.ru/lipeczk-kazan;Липецк;Казань;такси Липецк Казань;0;;0;;0;;0;[]
https://city2city.ru/lipeczk-kursk;Липецк;Курск;такси Липецк Курск;7;такси курск липецк;7;;0;;0;"[{""phrase"": ""такси курск липецк"", ""count"": ""7""}]"
https://city2city.ru/lipeczk-lebedyan;Липецк;Лебедянь;такси Липецк Лебедянь;50;такси липецк лебедянь;50;такси липецк лебедянь цена;11;;0;"[{""phrase"": ""такси липецк лебедянь"", ""count"": ""50""}, {""phrase"": ""такси липецк лебедянь цена"", ""count"": ""11""}]"
https://city2city.ru/lipeczk-liski;Липецк;Лиски;такси Липецк Лиски;2;;0;;0;;0;[]
https://city2city.ru/lipeczk-livny;Липецк;Ливны;такси Липецк Ливны;2;;0;;0;;0;[]
https://city2city.ru/lipeczk-michurinsk;Липецк;Мичуринск;такси Липецк Мичуринск;14;такси липецк мичуринск;14;;0;;0;"[{""phrase"": ""такси липецк мичуринск"", ""count"": ""14""}]"
https://city2city.ru/lipeczk-morshansk;Липецк;Моршанск;такси Липецк Моршанск;0;;0;;0;;0;[]
https://city2city.ru/lipeczk-moskva;Липецк;Москва;такси Липецк Москва;115;такси москва липецк;115;липецк москва такси сколько стоит;22;такси москва липецк цена;21;"[{""phrase"": ""такси москва липецк"", ""count"": ""115""}, {""phrase"": ""липецк москва такси сколько стоит"", ""count"": ""22""}, {""phrase"": ""такси москва липецк цена"", ""count"": ""21""}, {""phrase"": ""такси москва липецк стоимость"", ""count"": ""20""}, {""phrase"": ""такси москва липецк стоимость поездки"", ""count"": ""13""}]"
https://city2city.ru/lipeczk-nizhnij-novgorod;Липецк;Нижний Новгород;такси Липецк Нижний Новгород;4;;0;;0;;0;[]
https://city2city.ru/lipeczk-obninsk;Липецк;Обнинск;такси Липецк Обнинск;2;;0;;0;;0;[]
https://city2city.ru/lipeczk-oktyabrskoe;Липецк;посёлок городского типа Октябрьское;такси Липецк посёлок городского типа Октябрьское;0;;0;;0;;0;[]
https://city2city.ru/lipeczk-penza;Липецк;Пенза;такси Липецк Пенза;8;;0;;0;;0;[]
https://city2city.ru/lipeczk-pskov;Липецк;Псков;такси Липецк Псков;5;;0;;0;;0;[]
https://city2city.ru/lipeczk-rostov-na-donu;Липецк;Ростов-на-Дону;такси Липецк Ростов-на-Дону;2;;0;;0;;0;[]
https://city2city.ru/lipeczk-ryazan;Липецк;Рязань;такси Липецк Рязань;10;;0;;0;;0;[]
https://city2city.ru/lipeczk-ryazhsk;Липецк;Ряжск;такси Липецк Ряжск;2;;0;;0;;0;[]
https://city2city.ru/lipeczk-samara;Липецк;Самара;такси Липецк Самара;2;;0;;0;;0;[]
https://city2city.ru/lipeczk-sankt-peterburg;Липецк;Санкт-Петербург;такси Липецк Санкт-Петербург;2;;0;;0;;0;[]
https://city2city.ru/lipeczk-selo-donskoe;Липецк;село Донское;такси Липецк село Донское;2;;0;;0;;0;[]
https://city2city.ru/lipeczk-selo-troiczkoe;Липецк;село Троицкое;такси Липецк село Троицкое;0;;0;;0;;0;[]
https://city2city.ru/lipeczk-skopin;Липецк;Скопин;такси Липецк Скопин;1;;0;;0;;0;[]
https://city2city.ru/lipeczk-sochi;Липецк;Сочи;такси Липецк Сочи;2;;0;;0;;0;[]
https://city2city.ru/lipeczk-sokol;Липецк;Сокол;такси Липецк Сокол;17;;0;;0;;0;[]
https://city2city.ru/lipeczk-staryj-oskol;Липецк;Старый Оскол;такси Липецк Старый Оскол;0;;0;;0;;0;[]
https://city2city.ru/lipeczk-tambov;Липецк;Тамбов;такси Липецк Тамбов;56;такси тамбов липецк;56;сколько стоит такси липецк тамбов;19;такси липецк тамбов стоимость;9;"[{""phrase"": ""такси тамбов липецк"", ""count"": ""56""}, {""phrase"": ""сколько стоит такси липецк тамбов"", ""count"": ""19""}, {""phrase"": ""такси липецк тамбов стоимость"", ""count"": ""9""}]"
https://city2city.ru/lipeczk-tula;Липецк;Тула;такси Липецк Тула;8;;0;;0;;0;[]
https://city2city.ru/lipeczk-tver;Липецк;Тверь;такси Липецк Тверь;1;;0;;0;;0;[]
https://city2city.ru/lipeczk-ufa;Липецк;Уфа;такси Липецк Уфа;0;;0;;0;;0;[]
https://city2city.ru/lipeczk-usman;Липецк;Усмань;такси Липецк Усмань;29;такси липецк усмань;29;;0;;0;"[{""phrase"": ""такси липецк усмань"", ""count"": ""29""}]"
https://city2city.ru/lipeczk-valujki;Липецк;Валуйки;такси Липецк Валуйки;0;;0;;0;;0;[]
https://city2city.ru/lipeczk-volgograd;Липецк;Волгоград;такси Липецк Волгоград;3;;0;;0;;0;[]
https://city2city.ru/lipeczk-volovo;Липецк;поселок Волово;такси Липецк поселок Волово;0;;0;;0;;0;[]
https://city2city.ru/lipeczk-voronezh;Липецк;Воронеж;такси Липецк Воронеж;87;такси воронеж липецк;87;такси воронеж липецк цена;17;такси липецк воронеж стоимость;16;"[{""phrase"": ""такси воронеж липецк"", ""count"": ""87""}, {""phrase"": ""такси воронеж липецк цена"", ""count"": ""17""}, {""phrase"": ""такси липецк воронеж стоимость"", ""count"": ""16""}, {""phrase"": ""сколько стоит такси с липецка до воронежа"", ""count"": ""12""}, {""phrase"": ""такси липецк воронеж стоимость проезда"", ""count"": ""6""}]"
https://city2city.ru/lipeczk-zadonsk;Липецк;Задонск;такси Липецк Задонск;22;липецк задонск такси;22;;0;;0;"[{""phrase"": ""липецк задонск такси"", ""count"": ""22""}]"
https://city2city.ru/lugansk-astrahan;Луганск;;такси Луганск ;4944;такси луганск;4944;номер такси луганск;515;такси москва луганск;245;"[{""phrase"": ""такси луганск"", ""count"": ""4944""}, {""phrase"": ""номер такси луганск"", ""count"": ""515""}, {""phrase"": ""такси москва луганск"", ""count"": ""245""}, {""phrase"": ""такси луганск цена"", ""count"": ""243""}, {""phrase"": ""такси ростов луганск"", ""count"": ""210""}, {""phrase"": ""сколько стоит такси луганск"", ""count"": ""207""}, {""phrase"": ""такси луганск номера телефонов"", ""count"": ""184""}, {""phrase"": ""артель такси луганск"", ""count"": ""169""}, {""phrase"": ""такси луганск онлайн"", ""count"": ""135""}, {""phrase"": ""такси луганск лнр"", ""count"": ""99""}]"
https://city2city.ru/lugansk-belgorod;Луганск;;такси Луганск ;4944;такси луганск;4944;номер такси луганск;515;такси москва луганск;245;"[{""phrase"": ""такси луганск"", ""count"": ""4944""}, {""phrase"": ""номер такси луганск"", ""count"": ""515""}, {""phrase"": ""такси москва луганск"", ""count"": ""245""}, {""phrase"": ""такси луганск цена"", ""count"": ""243""}, {""phrase"": ""такси ростов луганск"", ""count"": ""210""}, {""phrase"": ""сколько стоит такси луганск"", ""count"": ""207""}, {""phrase"": ""такси луганск номера телефонов"", ""count"": ""184""}, {""phrase"": ""артель такси луганск"", ""count"": ""169""}, {""phrase"": ""такси луганск онлайн"", ""count"": ""135""}, {""phrase"": ""такси луганск лнр"", ""count"": ""99""}]"
https://city2city.ru/lugansk-bryansk;Луганск;;такси Луганск ;4944;такси луганск;4944;номер такси луганск;515;такси москва луганск;245;"[{""phrase"": ""такси луганск"", ""count"": ""4944""}, {""phrase"": ""номер такси луганск"", ""count"": ""515""}, {""phrase"": ""такси москва луганск"", ""count"": ""245""}, {""phrase"": ""такси луганск цена"", ""count"": ""243""}, {""phrase"": ""такси ростов луганск"", ""count"": ""210""}, {""phrase"": ""сколько стоит такси луганск"", ""count"": ""207""}, {""phrase"": ""такси луганск номера телефонов"", ""count"": ""184""}, {""phrase"": ""артель такси луганск"", ""count"": ""169""}, {""phrase"": ""такси луганск онлайн"", ""count"": ""135""}, {""phrase"": ""такси луганск лнр"", ""count"": ""99""}]"
https://city2city.ru/lugansk-chelyabinsk;Луганск;;такси Луганск ;4944;такси луганск;4944;номер такси луганск;515;такси москва луганск;245;"[{""phrase"": ""такси луганск"", ""count"": ""4944""}, {""phrase"": ""номер такси луганск"", ""count"": ""515""}, {""phrase"": ""такси москва луганск"", ""count"": ""245""}, {""phrase"": ""такси луганск цена"", ""count"": ""243""}, {""phrase"": ""такси ростов луганск"", ""count"": ""210""}, {""phrase"": ""сколько стоит такси луганск"", ""count"": ""207""}, {""phrase"": ""такси луганск номера телефонов"", ""count"": ""184""}, {""phrase"": ""артель такси луганск"", ""count"": ""169""}, {""phrase"": ""такси луганск онлайн"", ""count"": ""135""}, {""phrase"": ""такси луганск лнр"", ""count"": ""99""}]"
https://city2city.ru/lugansk-izhevsk;Луганск;;такси Луганск ;4944;такси луганск;4944;номер такси луганск;515;такси москва луганск;245;"[{""phrase"": ""такси луганск"", ""count"": ""4944""}, {""phrase"": ""номер такси луганск"", ""count"": ""515""}, {""phrase"": ""такси москва луганск"", ""count"": ""245""}, {""phrase"": ""такси луганск цена"", ""count"": ""243""}, {""phrase"": ""такси ростов луганск"", ""count"": ""210""}, {""phrase"": ""сколько стоит такси луганск"", ""count"": ""207""}, {""phrase"": ""такси луганск номера телефонов"", ""count"": ""184""}, {""phrase"": ""артель такси луганск"", ""count"": ""169""}, {""phrase"": ""такси луганск онлайн"", ""count"": ""135""}, {""phrase"": ""такси луганск лнр"", ""count"": ""99""}]"
https://city2city.ru/lugansk-kirov;Луганск;;такси Луганск ;4944;такси луганск;4944;номер такси луганск;515;такси москва луганск;245;"[{""phrase"": ""такси луганск"", ""count"": ""4944""}, {""phrase"": ""номер такси луганск"", ""count"": ""515""}, {""phrase"": ""такси москва луганск"", ""count"": ""245""}, {""phrase"": ""такси луганск цена"", ""count"": ""243""}, {""phrase"": ""такси ростов луганск"", ""count"": ""210""}, {""phrase"": ""сколько стоит такси луганск"", ""count"": ""207""}, {""phrase"": ""такси луганск номера телефонов"", ""count"": ""184""}, {""phrase"": ""артель такси луганск"", ""count"": ""169""}, {""phrase"": ""такси луганск онлайн"", ""count"": ""135""}, {""phrase"": ""такси луганск лнр"", ""count"": ""99""}]"
https://city2city.ru/lugansk-kostroma;Луганск;;такси Луганск ;4944;такси луганск;4944;номер такси луганск;515;такси москва луганск;245;"[{""phrase"": ""такси луганск"", ""count"": ""4944""}, {""phrase"": ""номер такси луганск"", ""count"": ""515""}, {""phrase"": ""такси москва луганск"", ""count"": ""245""}, {""phrase"": ""такси луганск цена"", ""count"": ""243""}, {""phrase"": ""такси ростов луганск"", ""count"": ""210""}, {""phrase"": ""сколько стоит такси луганск"", ""count"": ""207""}, {""phrase"": ""такси луганск номера телефонов"", ""count"": ""184""}, {""phrase"": ""артель такси луганск"", ""count"": ""169""}, {""phrase"": ""такси луганск онлайн"", ""count"": ""135""}, {""phrase"": ""такси луганск лнр"", ""count"": ""99""}]"
https://city2city.ru/lugansk-kursk;Луганск;;такси Луганск ;4944;такси луганск;4944;номер такси луганск;515;такси москва луганск;245;"[{""phrase"": ""такси луганск"", ""count"": ""4944""}, {""phrase"": ""номер такси луганск"", ""count"": ""515""}, {""phrase"": ""такси москва луганск"", ""count"": ""245""}, {""phrase"": ""такси луганск цена"", ""count"": ""243""}, {""phrase"": ""такси ростов луганск"", ""count"": ""210""}, {""phrase"": ""сколько стоит такси луганск"", ""count"": ""207""}, {""phrase"": ""такси луганск номера телефонов"", ""count"": ""184""}, {""phrase"": ""артель такси луганск"", ""count"": ""169""}, {""phrase"": ""такси луганск онлайн"", ""count"": ""135""}, {""phrase"": ""такси луганск лнр"", ""count"": ""99""}]"
https://city2city.ru/lugansk-perm;Луганск;;такси Луганск ;4944;такси луганск;4944;номер такси луганск;515;такси москва луганск;245;"[{""phrase"": ""такси луганск"", ""count"": ""4944""}, {""phrase"": ""номер такси луганск"", ""count"": ""515""}, {""phrase"": ""такси москва луганск"", ""count"": ""245""}, {""phrase"": ""такси луганск цена"", ""count"": ""243""}, {""phrase"": ""такси ростов луганск"", ""count"": ""210""}, {""phrase"": ""сколько стоит такси луганск"", ""count"": ""207""}, {""phrase"": ""такси луганск номера телефонов"", ""count"": ""184""}, {""phrase"": ""артель такси луганск"", ""count"": ""169""}, {""phrase"": ""такси луганск онлайн"", ""count"": ""135""}, {""phrase"": ""такси луганск лнр"", ""count"": ""99""}]"
https://city2city.ru/lugansk-rostov-na-don;Луганск;;такси Луганск ;4944;такси луганск;4944;номер такси луганск;515;такси москва луганск;245;"[{""phrase"": ""такси луганск"", ""count"": ""4944""}, {""phrase"": ""номер такси луганск"", ""count"": ""515""}, {""phrase"": ""такси москва луганск"", ""count"": ""245""}, {""phrase"": ""такси луганск цена"", ""count"": ""243""}, {""phrase"": ""такси ростов луганск"", ""count"": ""210""}, {""phrase"": ""сколько стоит такси луганск"", ""count"": ""207""}, {""phrase"": ""такси луганск номера телефонов"", ""count"": ""184""}, {""phrase"": ""артель такси луганск"", ""count"": ""169""}, {""phrase"": ""такси луганск онлайн"", ""count"": ""135""}, {""phrase"": ""такси луганск лнр"", ""count"": ""99""}]"
https://city2city.ru/lugansk-ryazan;Луганск;;такси Луганск ;4944;такси луганск;4944;номер такси луганск;515;такси москва луганск;245;"[{""phrase"": ""такси луганск"", ""count"": ""4944""}, {""phrase"": ""номер такси луганск"", ""count"": ""515""}, {""phrase"": ""такси москва луганск"", ""count"": ""245""}, {""phrase"": ""такси луганск цена"", ""count"": ""243""}, {""phrase"": ""такси ростов луганск"", ""count"": ""210""}, {""phrase"": ""сколько стоит такси луганск"", ""count"": ""207""}, {""phrase"": ""такси луганск номера телефонов"", ""count"": ""184""}, {""phrase"": ""артель такси луганск"", ""count"": ""169""}, {""phrase"": ""такси луганск онлайн"", ""count"": ""135""}, {""phrase"": ""такси луганск лнр"", ""count"": ""99""}]"
https://city2city.ru/lugansk-samara;Луганск;;такси Луганск ;4944;такси луганск;4944;номер такси луганск;515;такси москва луганск;245;"[{""phrase"": ""такси луганск"", ""count"": ""4944""}, {""phrase"": ""номер такси луганск"", ""count"": ""515""}, {""phrase"": ""такси москва луганск"", ""count"": ""245""}, {""phrase"": ""такси луганск цена"", ""count"": ""243""}, {""phrase"": ""такси ростов луганск"", ""count"": ""210""}, {""phrase"": ""сколько стоит такси луганск"", ""count"": ""207""}, {""phrase"": ""такси луганск номера телефонов"", ""count"": ""184""}, {""phrase"": ""артель такси луганск"", ""count"": ""169""}, {""phrase"": ""такси луганск онлайн"", ""count"": ""135""}, {""phrase"": ""такси луганск лнр"", ""count"": ""99""}]"
https://city2city.ru/lugansk-saransk;Луганск;;такси Луганск ;4944;такси луганск;4944;номер такси луганск;515;такси москва луганск;245;"[{""phrase"": ""такси луганск"", ""count"": ""4944""}, {""phrase"": ""номер такси луганск"", ""count"": ""515""}, {""phrase"": ""такси москва луганск"", ""count"": ""245""}, {""phrase"": ""такси луганск цена"", ""count"": ""243""}, {""phrase"": ""такси ростов луганск"", ""count"": ""210""}, {""phrase"": ""сколько стоит такси луганск"", ""count"": ""207""}, {""phrase"": ""такси луганск номера телефонов"", ""count"": ""184""}, {""phrase"": ""артель такси луганск"", ""count"": ""169""}, {""phrase"": ""такси луганск онлайн"", ""count"": ""135""}, {""phrase"": ""такси луганск лнр"", ""count"": ""99""}]"
https://city2city.ru/lugansk-saratov;Луганск;;такси Луганск ;4944;такси луганск;4944;номер такси луганск;515;такси москва луганск;245;"[{""phrase"": ""такси луганск"", ""count"": ""4944""}, {""phrase"": ""номер такси луганск"", ""count"": ""515""}, {""phrase"": ""такси москва луганск"", ""count"": ""245""}, {""phrase"": ""такси луганск цена"", ""count"": ""243""}, {""phrase"": ""такси ростов луганск"", ""count"": ""210""}, {""phrase"": ""сколько стоит такси луганск"", ""count"": ""207""}, {""phrase"": ""такси луганск номера телефонов"", ""count"": ""184""}, {""phrase"": ""артель такси луганск"", ""count"": ""169""}, {""phrase"": ""такси луганск онлайн"", ""count"": ""135""}, {""phrase"": ""такси луганск лнр"", ""count"": ""99""}]"
https://city2city.ru/lugansk-simferopol;Луганск;;такси Луганск ;4944;такси луганск;4944;номер такси луганск;515;такси москва луганск;245;"[{""phrase"": ""такси луганск"", ""count"": ""4944""}, {""phrase"": ""номер такси луганск"", ""count"": ""515""}, {""phrase"": ""такси москва луганск"", ""count"": ""245""}, {""phrase"": ""такси луганск цена"", ""count"": ""243""}, {""phrase"": ""такси ростов луганск"", ""count"": ""210""}, {""phrase"": ""сколько стоит такси луганск"", ""count"": ""207""}, {""phrase"": ""такси луганск номера телефонов"", ""count"": ""184""}, {""phrase"": ""артель такси луганск"", ""count"": ""169""}, {""phrase"": ""такси луганск онлайн"", ""count"": ""135""}, {""phrase"": ""такси луганск лнр"", ""count"": ""99""}]"
https://city2city.ru/lugansk-stavropol;Луганск;;такси Луганск ;4944;такси луганск;4944;номер такси луганск;515;такси москва луганск;245;"[{""phrase"": ""такси луганск"", ""count"": ""4944""}, {""phrase"": ""номер такси луганск"", ""count"": ""515""}, {""phrase"": ""такси москва луганск"", ""count"": ""245""}, {""phrase"": ""такси луганск цена"", ""count"": ""243""}, {""phrase"": ""такси ростов луганск"", ""count"": ""210""}, {""phrase"": ""сколько стоит такси луганск"", ""count"": ""207""}, {""phrase"": ""такси луганск номера телефонов"", ""count"": ""184""}, {""phrase"": ""артель такси луганск"", ""count"": ""169""}, {""phrase"": ""такси луганск онлайн"", ""count"": ""135""}, {""phrase"": ""такси луганск лнр"", ""count"": ""99""}]"
https://city2city.ru/lugansk-ufa;Луганск;;такси Луганск ;4944;такси луганск;4944;номер такси луганск;515;такси москва луганск;245;"[{""phrase"": ""такси луганск"", ""count"": ""4944""}, {""phrase"": ""номер такси луганск"", ""count"": ""515""}, {""phrase"": ""такси москва луганск"", ""count"": ""245""}, {""phrase"": ""такси луганск цена"", ""count"": ""243""}, {""phrase"": ""такси ростов луганск"", ""count"": ""210""}, {""phrase"": ""сколько стоит такси луганск"", ""count"": ""207""}, {""phrase"": ""такси луганск номера телефонов"", ""count"": ""184""}, {""phrase"": ""артель такси луганск"", ""count"": ""169""}, {""phrase"": ""такси луганск онлайн"", ""count"": ""135""}, {""phrase"": ""такси луганск лнр"", ""count"": ""99""}]"
https://city2city.ru/lugansk-volgograd;Луганск;;такси Луганск ;4944;такси луганск;4944;номер такси луганск;515;такси москва луганск;245;"[{""phrase"": ""такси луганск"", ""count"": ""4944""}, {""phrase"": ""номер такси луганск"", ""count"": ""515""}, {""phrase"": ""такси москва луганск"", ""count"": ""245""}, {""phrase"": ""такси луганск цена"", ""count"": ""243""}, {""phrase"": ""такси ростов луганск"", ""count"": ""210""}, {""phrase"": ""сколько стоит такси луганск"", ""count"": ""207""}, {""phrase"": ""такси луганск номера телефонов"", ""count"": ""184""}, {""phrase"": ""артель такси луганск"", ""count"": ""169""}, {""phrase"": ""такси луганск онлайн"", ""count"": ""135""}, {""phrase"": ""такси луганск лнр"", ""count"": ""99""}]"
https://city2city.ru/lugansk-voronezh;Луганск;;такси Луганск ;4944;такси луганск;4944;номер такси луганск;515;такси москва луганск;245;"[{""phrase"": ""такси луганск"", ""count"": ""4944""}, {""phrase"": ""номер такси луганск"", ""count"": ""515""}, {""phrase"": ""такси москва луганск"", ""count"": ""245""}, {""phrase"": ""такси луганск цена"", ""count"": ""243""}, {""phrase"": ""такси ростов луганск"", ""count"": ""210""}, {""phrase"": ""сколько стоит такси луганск"", ""count"": ""207""}, {""phrase"": ""такси луганск номера телефонов"", ""count"": ""184""}, {""phrase"": ""артель такси луганск"", ""count"": ""169""}, {""phrase"": ""такси луганск онлайн"", ""count"": ""135""}, {""phrase"": ""такси луганск лнр"", ""count"": ""99""}]"
https://city2city.ru/lugansk-yoshkar-ola;Луганск;;такси Луганск ;4944;такси луганск;4944;номер такси луганск;515;такси москва луганск;245;"[{""phrase"": ""такси луганск"", ""count"": ""4944""}, {""phrase"": ""номер такси луганск"", ""count"": ""515""}, {""phrase"": ""такси москва луганск"", ""count"": ""245""}, {""phrase"": ""такси луганск цена"", ""count"": ""243""}, {""phrase"": ""такси ростов луганск"", ""count"": ""210""}, {""phrase"": ""сколько стоит такси луганск"", ""count"": ""207""}, {""phrase"": ""такси луганск номера телефонов"", ""count"": ""184""}, {""phrase"": ""артель такси луганск"", ""count"": ""169""}, {""phrase"": ""такси луганск онлайн"", ""count"": ""135""}, {""phrase"": ""такси луганск лнр"", ""count"": ""99""}]"
https://city2city.ru/mariupol-kazan;Мариуполь;;такси Мариуполь ;2738;такси мариуполь;2738;такси мариуполь номера;331;такси заря мариуполь;309;"[{""phrase"": ""такси мариуполь"", ""count"": ""2738""}, {""phrase"": ""такси мариуполь номера"", ""count"": ""331""}, {""phrase"": ""такси заря мариуполь"", ""count"": ""309""}, {""phrase"": ""такси ростов мариуполь"", ""count"": ""258""}, {""phrase"": ""такси игнат мариуполь"", ""count"": ""197""}, {""phrase"": ""такси мариуполь номера телефонов"", ""count"": ""154""}, {""phrase"": ""такси мариуполь цены"", ""count"": ""117""}, {""phrase"": ""такси москва мариуполь"", ""count"": ""111""}, {""phrase"": ""такси заря мариуполь номер"", ""count"": ""96""}, {""phrase"": ""такси мариуполь днр"", ""count"": ""89""}]"
https://city2city.ru/mariupol-kursk;Мариуполь;;такси Мариуполь ;2738;такси мариуполь;2738;такси мариуполь номера;331;такси заря мариуполь;309;"[{""phrase"": ""такси мариуполь"", ""count"": ""2738""}, {""phrase"": ""такси мариуполь номера"", ""count"": ""331""}, {""phrase"": ""такси заря мариуполь"", ""count"": ""309""}, {""phrase"": ""такси ростов мариуполь"", ""count"": ""258""}, {""phrase"": ""такси игнат мариуполь"", ""count"": ""197""}, {""phrase"": ""такси мариуполь номера телефонов"", ""count"": ""154""}, {""phrase"": ""такси мариуполь цены"", ""count"": ""117""}, {""phrase"": ""такси москва мариуполь"", ""count"": ""111""}, {""phrase"": ""такси заря мариуполь номер"", ""count"": ""96""}, {""phrase"": ""такси мариуполь днр"", ""count"": ""89""}]"
https://city2city.ru/mariupol-rostov-na-don;Мариуполь;;такси Мариуполь ;2738;такси мариуполь;2738;такси мариуполь номера;331;такси заря мариуполь;309;"[{""phrase"": ""такси мариуполь"", ""count"": ""2738""}, {""phrase"": ""такси мариуполь номера"", ""count"": ""331""}, {""phrase"": ""такси заря мариуполь"", ""count"": ""309""}, {""phrase"": ""такси ростов мариуполь"", ""count"": ""258""}, {""phrase"": ""такси игнат мариуполь"", ""count"": ""197""}, {""phrase"": ""такси мариуполь номера телефонов"", ""count"": ""154""}, {""phrase"": ""такси мариуполь цены"", ""count"": ""117""}, {""phrase"": ""такси москва мариуполь"", ""count"": ""111""}, {""phrase"": ""такси заря мариуполь номер"", ""count"": ""96""}, {""phrase"": ""такси мариуполь днр"", ""count"": ""89""}]"
https://city2city.ru/mariupol-stavropol;Мариуполь;;такси Мариуполь ;2738;такси мариуполь;2738;такси мариуполь номера;331;такси заря мариуполь;309;"[{""phrase"": ""такси мариуполь"", ""count"": ""2738""}, {""phrase"": ""такси мариуполь номера"", ""count"": ""331""}, {""phrase"": ""такси заря мариуполь"", ""count"": ""309""}, {""phrase"": ""такси ростов мариуполь"", ""count"": ""258""}, {""phrase"": ""такси игнат мариуполь"", ""count"": ""197""}, {""phrase"": ""такси мариуполь номера телефонов"", ""count"": ""154""}, {""phrase"": ""такси мариуполь цены"", ""count"": ""117""}, {""phrase"": ""такси москва мариуполь"", ""count"": ""111""}, {""phrase"": ""такси заря мариуполь номер"", ""count"": ""96""}, {""phrase"": ""такси мариуполь днр"", ""count"": ""89""}]"
https://city2city.ru/mariupol-ufa;Мариуполь;;такси Мариуполь ;2738;такси мариуполь;2738;такси мариуполь номера;331;такси заря мариуполь;309;"[{""phrase"": ""такси мариуполь"", ""count"": ""2738""}, {""phrase"": ""такси мариуполь номера"", ""count"": ""331""}, {""phrase"": ""такси заря мариуполь"", ""count"": ""309""}, {""phrase"": ""такси ростов мариуполь"", ""count"": ""258""}, {""phrase"": ""такси игнат мариуполь"", ""count"": ""197""}, {""phrase"": ""такси мариуполь номера телефонов"", ""count"": ""154""}, {""phrase"": ""такси мариуполь цены"", ""count"": ""117""}, {""phrase"": ""такси москва мариуполь"", ""count"": ""111""}, {""phrase"": ""такси заря мариуполь номер"", ""count"": ""96""}, {""phrase"": ""такси мариуполь днр"", ""count"": ""89""}]"
https://city2city.ru/mariupol-voronezh;Мариуполь;;такси Мариуполь ;2738;такси мариуполь;2738;такси мариуполь номера;331;такси заря мариуполь;309;"[{""phrase"": ""такси мариуполь"", ""count"": ""2738""}, {""phrase"": ""такси мариуполь номера"", ""count"": ""331""}, {""phrase"": ""такси заря мариуполь"", ""count"": ""309""}, {""phrase"": ""такси ростов мариуполь"", ""count"": ""258""}, {""phrase"": ""такси игнат мариуполь"", ""count"": ""197""}, {""phrase"": ""такси мариуполь номера телефонов"", ""count"": ""154""}, {""phrase"": ""такси мариуполь цены"", ""count"": ""117""}, {""phrase"": ""такси москва мариуполь"", ""count"": ""111""}, {""phrase"": ""такси заря мариуполь номер"", ""count"": ""96""}, {""phrase"": ""такси мариуполь днр"", ""count"": ""89""}]"
https://city2city.ru/melitopol-penza;Мелитополь;;такси Мелитополь ;1513;такси мелитополь;1513;артель такси мелитополь;145;такси шереметьево мелитополь;113;"[{""phrase"": ""такси мелитополь"", ""count"": ""1513""}, {""phrase"": ""артель такси мелитополь"", ""count"": ""145""}, {""phrase"": ""такси шереметьево мелитополь"", ""count"": ""113""}, {""phrase"": ""такси мелитополь телефоны"", ""count"": ""95""}, {""phrase"": ""такси мелитополь номер"", ""count"": ""94""}, {""phrase"": ""такси мелитополь ростов"", ""count"": ""83""}, {""phrase"": ""такси москва мелитополь"", ""count"": ""79""}, {""phrase"": ""такси шереметьево мелитополь сейчас"", ""count"": ""76""}, {""phrase"": ""цена такси мелитополь"", ""count"": ""72""}, {""phrase"": ""такси джанкой мелитополь"", ""count"": ""68""}]"
https://city2city.ru/melitopol-rostov-na-don;Мелитополь;;такси Мелитополь ;1513;такси мелитополь;1513;артель такси мелитополь;145;такси шереметьево мелитополь;113;"[{""phrase"": ""такси мелитополь"", ""count"": ""1513""}, {""phrase"": ""артель такси мелитополь"", ""count"": ""145""}, {""phrase"": ""такси шереметьево мелитополь"", ""count"": ""113""}, {""phrase"": ""такси мелитополь телефоны"", ""count"": ""95""}, {""phrase"": ""такси мелитополь номер"", ""count"": ""94""}, {""phrase"": ""такси мелитополь ростов"", ""count"": ""83""}, {""phrase"": ""такси москва мелитополь"", ""count"": ""79""}, {""phrase"": ""такси шереметьево мелитополь сейчас"", ""count"": ""76""}, {""phrase"": ""цена такси мелитополь"", ""count"": ""72""}, {""phrase"": ""такси джанкой мелитополь"", ""count"": ""68""}]"
https://city2city.ru/melitopol-ryazan;Мелитополь;;такси Мелитополь ;1513;такси мелитополь;1513;артель такси мелитополь;145;такси шереметьево мелитополь;113;"[{""phrase"": ""такси мелитополь"", ""count"": ""1513""}, {""phrase"": ""артель такси мелитополь"", ""count"": ""145""}, {""phrase"": ""такси шереметьево мелитополь"", ""count"": ""113""}, {""phrase"": ""такси мелитополь телефоны"", ""count"": ""95""}, {""phrase"": ""такси мелитополь номер"", ""count"": ""94""}, {""phrase"": ""такси мелитополь ростов"", ""count"": ""83""}, {""phrase"": ""такси москва мелитополь"", ""count"": ""79""}, {""phrase"": ""такси шереметьево мелитополь сейчас"", ""count"": ""76""}, {""phrase"": ""цена такси мелитополь"", ""count"": ""72""}, {""phrase"": ""такси джанкой мелитополь"", ""count"": ""68""}]"
https://city2city.ru/melitopol-ufa;Мелитополь;;такси Мелитополь ;1513;такси мелитополь;1513;артель такси мелитополь;145;такси шереметьево мелитополь;113;"[{""phrase"": ""такси мелитополь"", ""count"": ""1513""}, {""phrase"": ""артель такси мелитополь"", ""count"": ""145""}, {""phrase"": ""такси шереметьево мелитополь"", ""count"": ""113""}, {""phrase"": ""такси мелитополь телефоны"", ""count"": ""95""}, {""phrase"": ""такси мелитополь номер"", ""count"": ""94""}, {""phrase"": ""такси мелитополь ростов"", ""count"": ""83""}, {""phrase"": ""такси москва мелитополь"", ""count"": ""79""}, {""phrase"": ""такси шереметьево мелитополь сейчас"", ""count"": ""76""}, {""phrase"": ""цена такси мелитополь"", ""count"": ""72""}, {""phrase"": ""такси джанкой мелитополь"", ""count"": ""68""}]"
https://city2city.ru/moskva-aleksin;Москва;Алексин;такси Москва Алексин;57;такси москва алексин;57;москва алексин такси цена;18;;0;"[{""phrase"": ""такси москва алексин"", ""count"": ""57""}, {""phrase"": ""москва алексин такси цена"", ""count"": ""18""}]"
https://city2city.ru/moskva-ardatov-2;Москва;рабочий посёлок Ардатов;такси Москва рабочий посёлок Ардатов;0;;0;;0;;0;[]
https://city2city.ru/moskva-armavir;Москва;Армавир;такси Москва Армавир;0;;0;;0;;0;[]
https://city2city.ru/moskva-bajmak;Москва;Баймак;такси Москва Баймак;0;;0;;0;;0;[]
https://city2city.ru/moskva-belebej;Москва;Белебей;такси Москва Белебей;3;;0;;0;;0;[]
https://city2city.ru/moskva-belousovo;Москва;Белоусово;такси Москва Белоусово;0;;0;;0;;0;[]
https://city2city.ru/moskva-blagodarnyj;Москва;Благодарный;такси Москва Благодарный;0;;0;;0;;0;[]
https://city2city.ru/moskva-borovichi;Москва;;такси Москва ;166887;такси москва;166887;яндекс такси москва;36823;такси москва телефон;20577;"[{""phrase"": ""такси москва"", ""count"": ""166887""}, {""phrase"": ""яндекс такси москва"", ""count"": ""36823""}, {""phrase"": ""такси москва телефон"", ""count"": ""20577""}, {""phrase"": ""яндекс такси москва телефон"", ""count"": ""12868""}, {""phrase"": ""такси до москвы стоит"", ""count"": ""6952""}, {""phrase"": ""сколько такси в москве"", ""count"": ""6731""}, {""phrase"": ""работа в такси в москве"", ""count"": ""6595""}, {""phrase"": ""номер такси москва"", ""count"": ""6486""}, {""phrase"": ""такси москва недорого"", ""count"": ""6315""}, {""phrase"": ""заказ такси в москве"", ""count"": ""6292""}]"
https://city2city.ru/moskva-buzuluk;Москва;Бузулук;такси Москва Бузулук;6;;0;;0;;0;[]
https://city2city.ru/moskva-chagoda;Москва;посёлок городского типа Чагода;такси Москва посёлок городского типа Чагода;0;;0;;0;;0;[]
https://city2city.ru/moskva-chelyabinsk;Москва;Челябинск;такси Москва Челябинск;73;такси москва челябинск;73;москва челябинск такси сколько;19;такси челябинск москва сколько стоит;10;"[{""phrase"": ""такси москва челябинск"", ""count"": ""73""}, {""phrase"": ""москва челябинск такси сколько"", ""count"": ""19""}, {""phrase"": ""такси челябинск москва сколько стоит"", ""count"": ""10""}, {""phrase"": ""яндекс такси челябинск москва"", ""count"": ""7""}]"
https://city2city.ru/moskva-demyansk;Москва;посёлок городского типа Демянск;такси Москва посёлок городского типа Демянск;0;;0;;0;;0;[]
https://city2city.ru/moskva-dolzhanskaya;Москва;станица Должанская;такси Москва станица Должанская;0;;0;;0;;0;[]
https://city2city.ru/moskva-doneczk-rostovskaya-oblast;Москва;Донецк;такси Москва Донецк;818;москва донецк такси;818;такси донецк москва цена;110;такси москва донецк днр;76;"[{""phrase"": ""москва донецк такси"", ""count"": ""818""}, {""phrase"": ""такси донецк москва цена"", ""count"": ""110""}, {""phrase"": ""такси москва донецк днр"", ""count"": ""76""}, {""phrase"": ""такси донецк москва стоимость"", ""count"": ""26""}, {""phrase"": ""заказать такси донецк москва"", ""count"": ""21""}, {""phrase"": ""такси донецк москва аэропорт"", ""count"": ""19""}, {""phrase"": ""такси москва донецк днр цена"", ""count"": ""17""}, {""phrase"": ""такси донецк москва аэропорт шереметьево"", ""count"": ""14""}, {""phrase"": ""такси межгород донецк москва"", ""count"": ""12""}, {""phrase"": ""такси и трансферы москва донецк"", ""count"": ""7""}]"
https://city2city.ru/moskva-dubna;Москва;Дубна;такси Москва Дубна;71;такси москва дубна;71;такси дубна москва стоимость;13;такси дубна москва стоимость поездки;9;"[{""phrase"": ""такси москва дубна"", ""count"": ""71""}, {""phrase"": ""такси дубна москва стоимость"", ""count"": ""13""}, {""phrase"": ""такси дубна москва стоимость поездки"", ""count"": ""9""}, {""phrase"": ""заказать такси яндекс дубна москва"", ""count"": ""8""}, {""phrase"": ""заказать такси москва дубна московская область"", ""count"": ""5""}, {""phrase"": ""самый дешевый такси от москвы до дубны"", ""count"": ""5""}]"
https://city2city.ru/moskva-ekaterinburg;Москва;Екатеринбург;такси Москва Екатеринбург;115;такси москва екатеринбург;115;екатеринбург москва сколько такси;20;екатеринбург москва такси сколько стоит;19;"[{""phrase"": ""такси москва екатеринбург"", ""count"": ""115""}, {""phrase"": ""екатеринбург москва сколько такси"", ""count"": ""20""}, {""phrase"": ""екатеринбург москва такси сколько стоит"", ""count"": ""19""}, {""phrase"": ""такси екатеринбург москва цена"", ""count"": ""15""}, {""phrase"": ""такси москва екатеринбург стоимость"", ""count"": ""11""}, {""phrase"": ""екатеринбург москва попутки такси"", ""count"": ""5""}]"
https://city2city.ru/moskva-elista;Москва;Элиста;такси Москва Элиста;66;такси москва элиста;66;элиста москва такси от дома до дома;15;;0;"[{""phrase"": ""такси москва элиста"", ""count"": ""66""}, {""phrase"": ""элиста москва такси от дома до дома"", ""count"": ""15""}]"
https://city2city.ru/moskva-essentuki;Москва;Ессентуки;такси Москва Ессентуки;4;;0;;0;;0;[]
https://city2city.ru/moskva-glazov;Москва;Глазов;такси Москва Глазов;1;;0;;0;;0;[]
https://city2city.ru/moskva-glushkovo;Москва;посёлок городского типа Глушково;такси Москва посёлок городского типа Глушково;0;;0;;0;;0;[]
https://city2city.ru/moskva-golubiczkaya;Москва;станица Голубицкая;такси Москва станица Голубицкая;0;;0;;0;;0;[]
https://city2city.ru/moskva-gus-zheleznyj;Москва;посёлок городского типа Гусь-Железный;такси Москва посёлок городского типа Гусь-Железный;0;;0;;0;;0;[]
https://city2city.ru/moskva-kantemirovka;Москва;рабочий посёлок Кантемировка;такси Москва рабочий посёлок Кантемировка;0;;0;;0;;0;[]
https://city2city.ru/moskva-kazan;Москва;Казань;такси Москва Казань;288;такси москва казань;288;москва казань такси цена;50;москва казань такси сколько;37;"[{""phrase"": ""такси москва казань"", ""count"": ""288""}, {""phrase"": ""москва казань такси цена"", ""count"": ""50""}, {""phrase"": ""москва казань такси сколько"", ""count"": ""37""}, {""phrase"": ""сколько стоит такси от москвы до казани"", ""count"": ""12""}, {""phrase"": ""такси межгород москва казань"", ""count"": ""12""}, {""phrase"": ""такси москва казань стоимость"", ""count"": ""8""}, {""phrase"": ""такси казань москва цена и расписание"", ""count"": ""8""}]"
https://city2city.ru/moskva-kirovsk-2;Москва;Кировск;такси Москва Кировск;5;;0;;0;;0;[]
https://city2city.ru/moskva-kotlas;Москва;Котлас;такси Москва Котлас;4;;0;;0;;0;[]
https://city2city.ru/moskva-krasnyj-luch;Москва;поселок городского типа Красный Луч;такси Москва поселок городского типа Красный Луч;0;;0;;0;;0;[]
https://city2city.ru/moskva-kuchugury;Москва;посёлок Кучугуры;такси Москва посёлок Кучугуры;0;;0;;0;;0;[]
https://city2city.ru/moskva-kuloj;Москва;рабочий посёлок Кулой;такси Москва рабочий посёлок Кулой;0;;0;;0;;0;[]
https://city2city.ru/moskva-lebedyan;Москва;Лебедянь;такси Москва Лебедянь;8;;0;;0;;0;[]
https://city2city.ru/moskva-lipetsk;Москва;;такси Москва ;166887;такси москва;166887;яндекс такси москва;36823;такси москва телефон;20577;"[{""phrase"": ""такси москва"", ""count"": ""166887""}, {""phrase"": ""яндекс такси москва"", ""count"": ""36823""}, {""phrase"": ""такси москва телефон"", ""count"": ""20577""}, {""phrase"": ""яндекс такси москва телефон"", ""count"": ""12868""}, {""phrase"": ""такси до москвы стоит"", ""count"": ""6952""}, {""phrase"": ""сколько такси в москве"", ""count"": ""6731""}, {""phrase"": ""работа в такси в москве"", ""count"": ""6595""}, {""phrase"": ""номер такси москва"", ""count"": ""6486""}, {""phrase"": ""такси москва недорого"", ""count"": ""6315""}, {""phrase"": ""заказ такси в москве"", ""count"": ""6292""}]"
https://city2city.ru/moskva-livny;Москва;Ливны;такси Москва Ливны;12;такси ливны москва;12;;0;;0;"[{""phrase"": ""такси ливны москва"", ""count"": ""12""}]"
https://city2city.ru/moskva-lokot;Москва;посёлок Локоть;такси Москва посёлок Локоть;0;;0;;0;;0;[]
https://city2city.ru/moskva-lukoyanov;Москва;Лукоянов;такси Москва Лукоянов;0;;0;;0;;0;[]
https://city2city.ru/moskva-magnitogorsk;Москва;Магнитогорск;такси Москва Магнитогорск;9;магнитогорск москва такси;9;;0;;0;"[{""phrase"": ""магнитогорск москва такси"", ""count"": ""9""}]"
https://city2city.ru/moskva-murmansk;Москва;Мурманск;такси Москва Мурманск;23;москва мурманск такси;23;;0;;0;"[{""phrase"": ""москва мурманск такси"", ""count"": ""23""}]"
https://city2city.ru/moskva-nadym;Москва;Надым;такси Москва Надым;0;;0;;0;;0;[]
https://city2city.ru/moskva-nerl;Москва;поселок городского типа Нерль;такси Москва поселок городского типа Нерль;0;;0;;0;;0;[]
https://city2city.ru/moskva-nizhnevartovsk;Москва;Нижневартовск;такси Москва Нижневартовск;3;;0;;0;;0;[]
https://city2city.ru/moskva-novoaleksandrovsk;Москва;Новоалександровск;такси Москва Новоалександровск;1;;0;;0;;0;[]
https://city2city.ru/moskva-novomoskovsk;Москва;Новомосковск;такси Москва Новомосковск;60;такси москва новомосковск;60;;0;;0;"[{""phrase"": ""такси москва новомосковск"", ""count"": ""60""}]"
https://city2city.ru/moskva-noyabrsk;Москва;Ноябрьск;такси Москва Ноябрьск;0;;0;;0;;0;[]
https://city2city.ru/moskva-oblivskaya;Москва;станица Обливская;такси Москва станица Обливская;0;;0;;0;;0;[]
https://city2city.ru/moskva-obninsk;Москва;Обнинск;такси Москва Обнинск;145;такси москва обнинск;145;сколько стоит такси обнинск москва;26;стоимость такси обнинск москва;26;"[{""phrase"": ""такси москва обнинск"", ""count"": ""145""}, {""phrase"": ""сколько стоит такси обнинск москва"", ""count"": ""26""}, {""phrase"": ""стоимость такси обнинск москва"", ""count"": ""26""}, {""phrase"": ""такси обнинск москва цены"", ""count"": ""22""}, {""phrase"": ""обнинск до москвы сколько такси"", ""count"": ""18""}, {""phrase"": ""такси москва обнинск стоимость поездки"", ""count"": ""7""}]"
https://city2city.ru/moskva-okulovka;Москва;деревня Окуловка;такси Москва деревня Окуловка;0;;0;;0;;0;[]
https://city2city.ru/moskva-orenburg;Москва;Оренбург;такси Москва Оренбург;136;такси оренбург москва;136;такси москва оренбург цена;27;такси москва оренбург сколько;14;"[{""phrase"": ""такси оренбург москва"", ""count"": ""136""}, {""phrase"": ""такси москва оренбург цена"", ""count"": ""27""}, {""phrase"": ""такси москва оренбург сколько"", ""count"": ""14""}, {""phrase"": ""такси москва оренбург автовокзал"", ""count"": ""6""}, {""phrase"": ""заказать такси из оренбурга в москву"", ""count"": ""5""}]"
https://city2city.ru/moskva-orsk;Москва;Орск;такси Москва Орск;15;такси москва орск;15;;0;;0;"[{""phrase"": ""такси москва орск"", ""count"": ""15""}]"
https://city2city.ru/moskva-ozinki;Москва;рабочий посёлок Озинки;такси Москва рабочий посёлок Озинки;0;;0;;0;;0;[]
https://city2city.ru/moskva-pallasovka;Москва;Палласовка;такси Москва Палласовка;0;;0;;0;;0;[]
https://city2city.ru/moskva-penza;Москва;Пенза;такси Москва Пенза;155;такси пенза москва;155;такси москва пенза цена;32;сколько стоит такси из москвы до пензы;16;"[{""phrase"": ""такси пенза москва"", ""count"": ""155""}, {""phrase"": ""такси москва пенза цена"", ""count"": ""32""}, {""phrase"": ""сколько стоит такси из москвы до пензы"", ""count"": ""16""}, {""phrase"": ""такси москва пенза стоимость"", ""count"": ""12""}, {""phrase"": ""такси москва пенза стоимость поездки"", ""count"": ""6""}]"
https://city2city.ru/moskva-perm;Москва;Пермь;такси Москва Пермь;113;перми москва такси;113;такси москва пермь цена;18;пермь москва такси сколько стоит;15;"[{""phrase"": ""перми москва такси"", ""count"": ""113""}, {""phrase"": ""такси москва пермь цена"", ""count"": ""18""}, {""phrase"": ""пермь москва такси сколько стоит"", ""count"": ""15""}]"
https://city2city.ru/moskva-pervomajsk;Москва;Первомайск;такси Москва Первомайск;36;такси первомайск москва;36;такси в первомайском москва;34;;0;"[{""phrase"": ""такси первомайск москва"", ""count"": ""36""}, {""phrase"": ""такси в первомайском москва"", ""count"": ""34""}]"
https://city2city.ru/moskva-pestovo;Москва;деревня Пестово;такси Москва деревня Пестово;0;;0;;0;;0;[]
https://city2city.ru/moskva-piter;Москва;;такси Москва ;166887;такси москва;166887;яндекс такси москва;36823;такси москва телефон;20577;"[{""phrase"": ""такси москва"", ""count"": ""166887""}, {""phrase"": ""яндекс такси москва"", ""count"": ""36823""}, {""phrase"": ""такси москва телефон"", ""count"": ""20577""}, {""phrase"": ""яндекс такси москва телефон"", ""count"": ""12868""}, {""phrase"": ""такси до москвы стоит"", ""count"": ""6952""}, {""phrase"": ""сколько такси в москве"", ""count"": ""6731""}, {""phrase"": ""работа в такси в москве"", ""count"": ""6595""}, {""phrase"": ""номер такси москва"", ""count"": ""6486""}, {""phrase"": ""такси москва недорого"", ""count"": ""6315""}, {""phrase"": ""заказ такси в москве"", ""count"": ""6292""}]"
https://city2city.ru/moskva-pleseczk;Москва;рабочий посёлок Плесецк;такси Москва рабочий посёлок Плесецк;0;;0;;0;;0;[]
https://city2city.ru/moskva-posyolok-czagan-aman;Москва;посёлок городского типа Цаган Аман;такси Москва посёлок городского типа Цаган Аман;0;;0;;0;;0;[]
https://city2city.ru/moskva-radchenko;Москва;посёлок городского типа Радченко;такси Москва посёлок городского типа Радченко;0;;0;;0;;0;[]
https://city2city.ru/moskva-roslavl;Москва;Рославль;такси Москва Рославль;6;такси москва рославль;6;;0;;0;"[{""phrase"": ""такси москва рославль"", ""count"": ""6""}]"
https://city2city.ru/moskva-rostov-velikij;Москва;Ростов;такси Москва Ростов;723;такси москва ростов;723;такси москва ростов на дону;261;ростов москва такси сколько;106;"[{""phrase"": ""такси москва ростов"", ""count"": ""723""}, {""phrase"": ""такси москва ростов на дону"", ""count"": ""261""}, {""phrase"": ""ростов москва такси сколько"", ""count"": ""106""}, {""phrase"": ""такси ростов москва цена"", ""count"": ""85""}, {""phrase"": ""заказать такси ростов москва"", ""count"": ""62""}, {""phrase"": ""такси межгород москва ростов"", ""count"": ""60""}, {""phrase"": ""такси ростов москва стоимость"", ""count"": ""46""}, {""phrase"": ""заказать такси межгород ростов москва"", ""count"": ""37""}, {""phrase"": ""сколько стоит такси от ростова до москвы"", ""count"": ""33""}, {""phrase"": ""такси москва ростов на дону стоимость"", ""count"": ""27""}]"
https://city2city.ru/moskva-rovenki;Москва;посёлок городского типа Ровеньки;такси Москва посёлок городского типа Ровеньки;0;;0;;0;;0;[]
https://city2city.ru/moskva-ryazan;Москва;;такси Москва ;166887;такси москва;166887;яндекс такси москва;36823;такси москва телефон;20577;"[{""phrase"": ""такси москва"", ""count"": ""166887""}, {""phrase"": ""яндекс такси москва"", ""count"": ""36823""}, {""phrase"": ""такси москва телефон"", ""count"": ""20577""}, {""phrase"": ""яндекс такси москва телефон"", ""count"": ""12868""}, {""phrase"": ""такси до москвы стоит"", ""count"": ""6952""}, {""phrase"": ""сколько такси в москве"", ""count"": ""6731""}, {""phrase"": ""работа в такси в москве"", ""count"": ""6595""}, {""phrase"": ""номер такси москва"", ""count"": ""6486""}, {""phrase"": ""такси москва недорого"", ""count"": ""6315""}, {""phrase"": ""заказ такси в москве"", ""count"": ""6292""}]"
https://city2city.ru/moskva-rylsk;Москва;Рыльск;такси Москва Рыльск;4;;0;;0;;0;[]
https://city2city.ru/moskva-salexard;Москва;Салехард;такси Москва Салехард;0;;0;;0;;0;[]
https://city2city.ru/moskva-samara;Москва;Самара;такси Москва Самара;290;такси москва самара;290;такси москва самара цена;80;москва самара такси сколько;67;"[{""phrase"": ""такси москва самара"", ""count"": ""290""}, {""phrase"": ""такси москва самара цена"", ""count"": ""80""}, {""phrase"": ""москва самара такси сколько"", ""count"": ""67""}, {""phrase"": ""сколько стоит такси от самары до москвы"", ""count"": ""15""}]"
https://city2city.ru/moskva-saransk;Москва;Саранск;такси Москва Саранск;30;такси саранск москва;30;;0;;0;"[{""phrase"": ""такси саранск москва"", ""count"": ""30""}]"
https://city2city.ru/moskva-sarapul;Москва;Сарапул;такси Москва Сарапул;2;;0;;0;;0;[]
https://city2city.ru/moskva-selizharovo;Москва;посёлок городского типа Селижарово;такси Москва посёлок городского типа Селижарово;0;;0;;0;;0;[]
https://city2city.ru/moskva-sibaj;Москва;Сибай;такси Москва Сибай;4;;0;;0;;0;[]
https://city2city.ru/moskva-sokolskoe;Москва;посёлок городского типа Сокольское;такси Москва посёлок городского типа Сокольское;0;;0;;0;;0;[]
https://city2city.ru/moskva-spassk-ryazanskij;Москва;Спасск-Рязанский;такси Москва Спасск-Рязанский;1;;0;;0;;0;[]
https://city2city.ru/moskva-staraya-toropa;Москва;посёлок городского типа Старая Торопа;такси Москва посёлок городского типа Старая Торопа;0;;0;;0;;0;[]
https://city2city.ru/moskva-surgut;Москва;Сургут;такси Москва Сургут;13;сургут москва такси;13;;0;;0;"[{""phrase"": ""сургут москва такси"", ""count"": ""13""}]"
https://city2city.ru/moskva-suzdal;Москва;Суздаль;такси Москва Суздаль;48;такси москва суздаль;48;;0;;0;"[{""phrase"": ""такси москва суздаль"", ""count"": ""48""}]"
https://city2city.ru/moskva-svetlograd;Москва;Светлоград;такси Москва Светлоград;1;;0;;0;;0;[]
https://city2city.ru/moskva-syktyvkar;Москва;Сыктывкар;такси Москва Сыктывкар;31;такси москва сыктывкар;31;;0;;0;"[{""phrase"": ""такси москва сыктывкар"", ""count"": ""31""}]"
https://city2city.ru/moskva-taman;Москва;станица Тамань;такси Москва станица Тамань;0;;0;;0;;0;[]
https://city2city.ru/moskva-tixoreczk;Москва;Тихорецк;такси Москва Тихорецк;2;;0;;0;;0;[]
https://city2city.ru/moskva-tobolsk;Москва;Тобольск;такси Москва Тобольск;6;;0;;0;;0;[]
https://city2city.ru/moskva-tujmazy;Москва;Туймазы;такси Москва Туймазы;6;;0;;0;;0;[]
https://city2city.ru/moskva-tula;Москва;;такси Москва ;166887;такси москва;166887;яндекс такси москва;36823;такси москва телефон;20577;"[{""phrase"": ""такси москва"", ""count"": ""166887""}, {""phrase"": ""яндекс такси москва"", ""count"": ""36823""}, {""phrase"": ""такси москва телефон"", ""count"": ""20577""}, {""phrase"": ""яндекс такси москва телефон"", ""count"": ""12868""}, {""phrase"": ""такси до москвы стоит"", ""count"": ""6952""}, {""phrase"": ""сколько такси в москве"", ""count"": ""6731""}, {""phrase"": ""работа в такси в москве"", ""count"": ""6595""}, {""phrase"": ""номер такси москва"", ""count"": ""6486""}, {""phrase"": ""такси москва недорого"", ""count"": ""6315""}, {""phrase"": ""заказ такси в москве"", ""count"": ""6292""}]"
https://city2city.ru/moskva-tver;Москва;;такси Москва ;166887;такси москва;166887;яндекс такси москва;36823;такси москва телефон;20577;"[{""phrase"": ""такси москва"", ""count"": ""166887""}, {""phrase"": ""яндекс такси москва"", ""count"": ""36823""}, {""phrase"": ""такси москва телефон"", ""count"": ""20577""}, {""phrase"": ""яндекс такси москва телефон"", ""count"": ""12868""}, {""phrase"": ""такси до москвы стоит"", ""count"": ""6952""}, {""phrase"": ""сколько такси в москве"", ""count"": ""6731""}, {""phrase"": ""работа в такси в москве"", ""count"": ""6595""}, {""phrase"": ""номер такси москва"", ""count"": ""6486""}, {""phrase"": ""такси москва недорого"", ""count"": ""6315""}, {""phrase"": ""заказ такси в москве"", ""count"": ""6292""}]"
https://city2city.ru/moskva-tyumen;Москва;Тюмень;такси Москва Тюмень;31;такси москва тюмень;31;такси цена москва тюмень;9;;0;"[{""phrase"": ""такси москва тюмень"", ""count"": ""31""}, {""phrase"": ""такси цена москва тюмень"", ""count"": ""9""}]"
https://city2city.ru/moskva-uglich;Москва;Углич;такси Москва Углич;33;такси углича москва;33;;0;;0;"[{""phrase"": ""такси углича москва"", ""count"": ""33""}]"
https://city2city.ru/moskva-uglovka;Москва;поселок городского типа Угловка;такси Москва поселок городского типа Угловка;0;;0;;0;;0;[]
https://city2city.ru/moskva-uralskij;Москва;Уральский;такси Москва Уральский;3;;0;;0;;0;[]
https://city2city.ru/moskva-urazovo;Москва;посёлок городского типа Уразово;такси Москва посёлок городского типа Уразово;0;;0;;0;;0;[]
https://city2city.ru/moskva-usinsk;Москва;Усинск;такси Москва Усинск;0;;0;;0;;0;[]
https://city2city.ru/moskva-valujki;Москва;Валуйки;такси Москва Валуйки;51;такси валуйки москва;51;;0;;0;"[{""phrase"": ""такси валуйки москва"", ""count"": ""51""}]"
https://city2city.ru/moskva-velsk;Москва;Вельск;такси Москва Вельск;7;;0;;0;;0;[]
https://city2city.ru/moskva-vladimir;Москва;;такси Москва ;166887;такси москва;166887;яндекс такси москва;36823;такси москва телефон;20577;"[{""phrase"": ""такси москва"", ""count"": ""166887""}, {""phrase"": ""яндекс такси москва"", ""count"": ""36823""}, {""phrase"": ""такси москва телефон"", ""count"": ""20577""}, {""phrase"": ""яндекс такси москва телефон"", ""count"": ""12868""}, {""phrase"": ""такси до москвы стоит"", ""count"": ""6952""}, {""phrase"": ""сколько такси в москве"", ""count"": ""6731""}, {""phrase"": ""работа в такси в москве"", ""count"": ""6595""}, {""phrase"": ""номер такси москва"", ""count"": ""6486""}, {""phrase"": ""такси москва недорого"", ""count"": ""6315""}, {""phrase"": ""заказ такси в москве"", ""count"": ""6292""}]"
https://city2city.ru/moskva-vologda;Москва;Вологда;такси Москва Вологда;63;такси москва вологда;63;вологда москва такси цена;10;такси москва вологда стоимость;4;"[{""phrase"": ""такси москва вологда"", ""count"": ""63""}, {""phrase"": ""вологда москва такси цена"", ""count"": ""10""}, {""phrase"": ""такси москва вологда стоимость"", ""count"": ""4""}]"
https://city2city.ru/moskva-volokonovka;Москва;посёлок городского типа Волоконовка;такси Москва посёлок городского типа Волоконовка;0;;0;;0;;0;[]
https://city2city.ru/moskva-vorkuta;Москва;Воркута;такси Москва Воркута;2;;0;;0;;0;[]
https://city2city.ru/moskva-voronezh;Москва;;такси Москва ;166887;такси москва;166887;яндекс такси москва;36823;такси москва телефон;20577;"[{""phrase"": ""такси москва"", ""count"": ""166887""}, {""phrase"": ""яндекс такси москва"", ""count"": ""36823""}, {""phrase"": ""такси москва телефон"", ""count"": ""20577""}, {""phrase"": ""яндекс такси москва телефон"", ""count"": ""12868""}, {""phrase"": ""такси до москвы стоит"", ""count"": ""6952""}, {""phrase"": ""сколько такси в москве"", ""count"": ""6731""}, {""phrase"": ""работа в такси в москве"", ""count"": ""6595""}, {""phrase"": ""номер такси москва"", ""count"": ""6486""}, {""phrase"": ""такси москва недорого"", ""count"": ""6315""}, {""phrase"": ""заказ такси в москве"", ""count"": ""6292""}]"
https://city2city.ru/moskva-voznesenskoe;Москва;деревня Вознесенское;такси Москва деревня Вознесенское;0;;0;;0;;0;[]
https://city2city.ru/moskva-vyazniki;Москва;Вязники;такси Москва Вязники;20;;0;;0;;0;[]
https://city2city.ru/moskva-vyoshenskaya;Москва;станица Вешенская;такси Москва станица Вешенская;0;;0;;0;;0;[]
https://city2city.ru/moskva-xanty-mansijsk;Москва;Ханты-Мансийск;такси Москва Ханты-Мансийск;4;;0;;0;;0;[]
https://city2city.ru/moskva-xarabali;Москва;Харабали;такси Москва Харабали;0;;0;;0;;0;[]
https://city2city.ru/moskva-yaroslavl;Москва;;такси Москва ;166887;такси москва;166887;яндекс такси москва;36823;такси москва телефон;20577;"[{""phrase"": ""такси москва"", ""count"": ""166887""}, {""phrase"": ""яндекс такси москва"", ""count"": ""36823""}, {""phrase"": ""такси москва телефон"", ""count"": ""20577""}, {""phrase"": ""яндекс такси москва телефон"", ""count"": ""12868""}, {""phrase"": ""такси до москвы стоит"", ""count"": ""6952""}, {""phrase"": ""сколько такси в москве"", ""count"": ""6731""}, {""phrase"": ""работа в такси в москве"", ""count"": ""6595""}, {""phrase"": ""номер такси москва"", ""count"": ""6486""}, {""phrase"": ""такси москва недорого"", ""count"": ""6315""}, {""phrase"": ""заказ такси в москве"", ""count"": ""6292""}]"
https://city2city.ru/moskva-zelenokumsk;Москва;Зеленокумск;такси Москва Зеленокумск;1;;0;;0;;0;[]
https://city2city.ru/moskva-zemetchino;Москва;рабочий посёлок Земетчино;такси Москва рабочий посёлок Земетчино;0;;0;;0;;0;[]
https://city2city.ru/moskva-zlatoust;Москва;Златоуст;такси Москва Златоуст;1;;0;;0;;0;[]
https://city2city.ru/murmansk-apatity;Мурманск;Апатиты;такси Мурманск Апатиты;128;такси апатиты мурманск;128;фламинго такси апатиты мурманск;43;такси фламинго апатиты мурманск расписание;25;"[{""phrase"": ""такси апатиты мурманск"", ""count"": ""128""}, {""phrase"": ""фламинго такси апатиты мурманск"", ""count"": ""43""}, {""phrase"": ""такси фламинго апатиты мурманск расписание"", ""count"": ""25""}, {""phrase"": ""апатиты мурманск маршрутное такси"", ""count"": ""21""}, {""phrase"": ""маршрутное такси фламинго апатиты мурманск"", ""count"": ""11""}, {""phrase"": ""маршрутное такси апатиты мурманск расписание"", ""count"": ""10""}, {""phrase"": ""такси мурманск апатиты стоимость"", ""count"": ""9""}, {""phrase"": ""такси апатиты мурманск цена"", ""count"": ""8""}, {""phrase"": ""апатиты маршрутное такси мурманск фламинго расписание автобусов"", ""count"": ""6""}]"
https://city2city.ru/murmansk-arhangelsk;Мурманск;Архангельск;такси Мурманск Архангельск;8;;0;;0;;0;[]
https://city2city.ru/murmansk-chupa;Мурманск;посёлок городского типа Чупа;такси Мурманск посёлок городского типа Чупа;0;;0;;0;;0;[]
https://city2city.ru/murmansk-domodedovo;Мурманск;Домодедово;такси Мурманск Домодедово;0;;0;;0;;0;[]
https://city2city.ru/murmansk-gadzhievo;Мурманск;Гаджиево;такси Мурманск Гаджиево;20;такси мурманск гаджиево;20;;0;;0;"[{""phrase"": ""такси мурманск гаджиево"", ""count"": ""20""}]"
https://city2city.ru/murmansk-kandalaksha;Мурманск;Кандалакша;такси Мурманск Кандалакша;44;такси кандалакша мурманск;44;такси от кандалакши до мурманска цена;8;заказать такси в кандалакшу из аэропорта мурманск;5;"[{""phrase"": ""такси кандалакша мурманск"", ""count"": ""44""}, {""phrase"": ""такси от кандалакши до мурманска цена"", ""count"": ""8""}, {""phrase"": ""заказать такси в кандалакшу из аэропорта мурманск"", ""count"": ""5""}]"
https://city2city.ru/murmansk-kildinstroy;Мурманск;посёлок городского типа Кильдинстрой;такси Мурманск посёлок городского типа Кильдинстрой;0;;0;;0;;0;[]
https://city2city.ru/murmansk-kirovsk;Мурманск;Кировск;такси Мурманск Кировск;183;такси мурманск кировск;183;кировск мурманск маршрутное такси;35;такси мурманск кировск стоимость;32;"[{""phrase"": ""такси мурманск кировск"", ""count"": ""183""}, {""phrase"": ""кировск мурманск маршрутное такси"", ""count"": ""35""}, {""phrase"": ""такси мурманск кировск стоимость"", ""count"": ""32""}, {""phrase"": ""заказать такси в кировск из аэропорта мурманск"", ""count"": ""22""}, {""phrase"": ""расписание маршрутного такси из мурманска на кировск"", ""count"": ""17""}, {""phrase"": ""такси фламинго кировск мурманск"", ""count"": ""8""}, {""phrase"": ""такси мурманск кировск цена"", ""count"": ""5""}]"
https://city2city.ru/murmansk-kola;Мурманск;Кола;такси Мурманск Кола;22;такси мурманск кола;22;;0;;0;"[{""phrase"": ""такси мурманск кола"", ""count"": ""22""}]"
https://city2city.ru/murmansk-kovdor;Мурманск;Ковдор;такси Мурманск Ковдор;24;такси мурманск ковдор;24;;0;;0;"[{""phrase"": ""такси мурманск ковдор"", ""count"": ""24""}]"
https://city2city.ru/murmansk-louhi;Мурманск;посёлок городского типа Лоухи;такси Мурманск посёлок городского типа Лоухи;0;;0;;0;;0;[]
https://city2city.ru/murmansk-medvezhegorsk;Мурманск;Медвежьегорск;такси Мурманск Медвежьегорск;0;;0;;0;;0;[]
https://city2city.ru/murmansk-molochnyy;Мурманск;поселок городского типа Молочный;такси Мурманск поселок городского типа Молочный;0;;0;;0;;0;[]
https://city2city.ru/murmansk-monchegorsk;Мурманск;Мончегорск;такси Мурманск Мончегорск;113;такси мурманск мончегорск цена;24;сколько стоит такси мончегорск мурманск;18;такси с мончегорска до мурманска;12;"[{""phrase"": ""такси мурманск мончегорск цена"", ""count"": ""24""}, {""phrase"": ""сколько стоит такси мончегорск мурманск"", ""count"": ""18""}, {""phrase"": ""такси с мончегорска до мурманска"", ""count"": ""12""}, {""phrase"": ""стоимость такси мончегорск мурманск"", ""count"": ""10""}]"
https://city2city.ru/murmansk-murmashi;Мурманск;поселок городского типа Мурмаши;такси Мурманск поселок городского типа Мурмаши;0;;0;;0;;0;[]
https://city2city.ru/murmansk-nikel;Мурманск;поселок городского типа Никель;такси Мурманск поселок городского типа Никель;0;;0;;0;;0;[]
https://city2city.ru/murmansk-olenegorsk;Мурманск;Оленегорск;такси Мурманск Оленегорск;60;мурманск оленегорск такси;60;такси оленегорск мурманск цена;13;;0;"[{""phrase"": ""мурманск оленегорск такси"", ""count"": ""60""}, {""phrase"": ""такси оленегорск мурманск цена"", ""count"": ""13""}]"
https://city2city.ru/murmansk-pechenga;Мурманск;городское поселение Печенга;такси Мурманск городское поселение Печенга;0;;0;;0;;0;[]
https://city2city.ru/murmansk-polyarnye-zori;Мурманск;Полярные Зори;такси Мурманск Полярные Зори;11;такси полярные зори мурманск;11;;0;;0;"[{""phrase"": ""такси полярные зори мурманск"", ""count"": ""11""}]"
https://city2city.ru/murmansk-polyarnyy;Мурманск;Полярный;такси Мурманск Полярный;218;такси полярный мурманск;218;первое такси полярный мурманск;73;маршрутное такси полярный мурманск;66;"[{""phrase"": ""такси полярный мурманск"", ""count"": ""218""}, {""phrase"": ""первое такси полярный мурманск"", ""count"": ""73""}, {""phrase"": ""маршрутное такси полярный мурманск"", ""count"": ""66""}, {""phrase"": ""первое такси полярный мурманск расписание"", ""count"": ""25""}, {""phrase"": ""такси полярные зори мурманск"", ""count"": ""11""}, {""phrase"": ""первое такси полярный мурманск телефон"", ""count"": ""9""}, {""phrase"": ""расписание маршрутного такси полярный мурманск"", ""count"": ""8""}]"
https://city2city.ru/murmansk-pyaozerskiy;Мурманск;посёлок городского типа Пяозерский;такси Мурманск посёлок городского типа Пяозерский;0;;0;;0;;0;[]
https://city2city.ru/murmansk-revda;Мурманск;Ревда;такси Мурманск Ревда;2;;0;;0;;0;[]
https://city2city.ru/murmansk-safonovo;Мурманск;Сафоново;такси Мурманск Сафоново;4;;0;;0;;0;[]
https://city2city.ru/murmansk-sankt-peterburg;Мурманск;Санкт-Петербург;такси Мурманск Санкт-Петербург;11;такси мурманск санкт петербург;11;;0;;0;"[{""phrase"": ""такси мурманск санкт петербург"", ""count"": ""11""}]"
https://city2city.ru/murmansk-sasovo;Мурманск;Сасово;такси Мурманск Сасово;0;;0;;0;;0;[]
https://city2city.ru/murmansk-snezhnogorsk;Мурманск;Снежногорск;такси Мурманск Снежногорск;112;такси мурманск снежногорск;112;такси командир снежногорск мурманск;53;такси командир снежногорск мурманск расписание;25;"[{""phrase"": ""такси мурманск снежногорск"", ""count"": ""112""}, {""phrase"": ""такси командир снежногорск мурманск"", ""count"": ""53""}, {""phrase"": ""такси командир снежногорск мурманск расписание"", ""count"": ""25""}, {""phrase"": ""маршрутное такси снежногорск мурманск"", ""count"": ""24""}, {""phrase"": ""командир такси снежногорск мурманск телефон"", ""count"": ""11""}, {""phrase"": ""заказать такси в снежногорск из аэропорта мурманск"", ""count"": ""5""}]"
https://city2city.ru/murmansk-syktyvkar;Мурманск;Сыктывкар;такси Мурманск Сыктывкар;0;;0;;0;;0;[]
https://city2city.ru/murmansk-tumannyy;Мурманск;городское поселение Туманный;такси Мурманск городское поселение Туманный;0;;0;;0;;0;[]
https://city2city.ru/murmansk-umba;Мурманск;поселок городского типа Умба;такси Мурманск поселок городского типа Умба;0;;0;;0;;0;[]
https://city2city.ru/murmansk-verhnetulomskiy;Мурманск;поселок городского типа Верхнетуломский;такси Мурманск поселок городского типа Верхнетуломский;0;;0;;0;;0;[]
https://city2city.ru/murmansk-zaozyorsk;Мурманск;Заозёрск;такси Мурманск Заозёрск;7;такси мурманск заозерск;7;;0;;0;"[{""phrase"": ""такси мурманск заозерск"", ""count"": ""7""}]"
https://city2city.ru/murmansk-zapolyarnyy;Мурманск;поселок городского типа Заполярный;такси Мурманск поселок городского типа Заполярный;0;;0;;0;;0;[]
https://city2city.ru/murmansk-zelenoborsk;Мурманск;поселок городского типа Зеленоборск;такси Мурманск поселок городского типа Зеленоборск;0;;0;;0;;0;[]
https://city2city.ru/murmansk-zelenoborskiy;Мурманск;посёлок городского типа Зеленоборский;такси Мурманск посёлок городского типа Зеленоборский;0;;0;;0;;0;[]
https://city2city.ru/nadvoicy-petrozavodsk;Надвоицы;Петрозаводск;такси Надвоицы Петрозаводск;2;;0;;0;;0;[]
https://city2city.ru/nerjungri-jakutsk;Нерюнгри;Якутск;такси Нерюнгри Якутск;109;такси якутск нерюнгри;109;такси нерюнгри якутск цена;18;такси нерюнгри якутск телефон цена;11;"[{""phrase"": ""такси якутск нерюнгри"", ""count"": ""109""}, {""phrase"": ""такси нерюнгри якутск цена"", ""count"": ""18""}, {""phrase"": ""такси нерюнгри якутск телефон цена"", ""count"": ""11""}, {""phrase"": ""такси межгород якутск нерюнгри"", ""count"": ""10""}, {""phrase"": ""маршрутное такси якутск нерюнгри"", ""count"": ""6""}]"
https://city2city.ru/nikolaevsk-na-amure-habarovsk;Николаевск-на-Амуре;Хабаровск;такси Николаевск-на-Амуре Хабаровск;42;такси хабаровск николаевск на амуре;42;такси межгород николаевск на амуре хабаровск;20;;0;"[{""phrase"": ""такси хабаровск николаевск на амуре"", ""count"": ""42""}, {""phrase"": ""такси межгород николаевск на амуре хабаровск"", ""count"": ""20""}]"
https://city2city.ru/nizhnij-novgorod-adler;Нижний Новгород;Адлер;такси Нижний Новгород Адлер;1;;0;;0;;0;[]
https://city2city.ru/nizhnij-novgorod-afanasevo;Нижний Новгород;посёлок городского типа Афанасьево;такси Нижний Новгород посёлок городского типа Афанасьево;0;;0;;0;;0;[]
https://city2city.ru/nizhnij-novgorod-alekseevka-belgorodskaya-oblast;Нижний Новгород;Алексеевка;такси Нижний Новгород Алексеевка;0;;0;;0;;0;[]
https://city2city.ru/nizhnij-novgorod-ardatov;Нижний Новгород;рабочий посёлок Ардатов;такси Нижний Новгород рабочий посёлок Ардатов;0;;0;;0;;0;[]
https://city2city.ru/nizhnij-novgorod-ardatov-mordoviya;Нижний Новгород;Ардатов;такси Нижний Новгород Ардатов;27;такси нижний новгород ардатов;27;такси дали ардатов нижний новгород расписание;7;;0;"[{""phrase"": ""такси нижний новгород ардатов"", ""count"": ""27""}, {""phrase"": ""такси дали ардатов нижний новгород расписание"", ""count"": ""7""}]"
https://city2city.ru/nizhnij-novgorod-arya;Нижний Новгород;посёлок городского типа Арья;такси Нижний Новгород посёлок городского типа Арья;0;;0;;0;;0;[]
https://city2city.ru/nizhnij-novgorod-astraxan;Нижний Новгород;Астрахань;такси Нижний Новгород Астрахань;0;;0;;0;;0;[]
https://city2city.ru/nizhnij-novgorod-balaxna;Нижний Новгород;Балахна;такси Нижний Новгород Балахна;38;такси нижний новгород балахна;38;;0;;0;"[{""phrase"": ""такси нижний новгород балахна"", ""count"": ""38""}]"
https://city2city.ru/nizhnij-novgorod-belgorod;Нижний Новгород;Белгород;такси Нижний Новгород Белгород;12;такси белгород нижний новгород;12;;0;;0;"[{""phrase"": ""такси белгород нижний новгород"", ""count"": ""12""}]"
https://city2city.ru/nizhnij-novgorod-bolshoe-kozino;Нижний Новгород;муниципальное образование рабочий посёлок Большое Козино;такси Нижний Новгород муниципальное образование рабочий посёлок Большое Козино;0;;0;;0;;0;[]
https://city2city.ru/nizhnij-novgorod-bolshoe-murashkino;Нижний Новгород;посёлок городского типа Большое Мурашкино;такси Нижний Новгород посёлок городского типа Большое Мурашкино;0;;0;;0;;0;[]
https://city2city.ru/nizhnij-novgorod-bor;Нижний Новгород;Бор;такси Нижний Новгород Бор;102;такси бор нижний новгород;102;;0;;0;"[{""phrase"": ""такси бор нижний новгород"", ""count"": ""102""}]"
https://city2city.ru/nizhnij-novgorod-bryansk;Нижний Новгород;Брянск;такси Нижний Новгород Брянск;4;;0;;0;;0;[]
https://city2city.ru/nizhnij-novgorod-buturlino;Нижний Новгород;поселок городского типа Бутурлино;такси Нижний Новгород поселок городского типа Бутурлино;0;;0;;0;;0;[]
https://city2city.ru/nizhnij-novgorod-chebarkul;Нижний Новгород;Чебаркуль;такси Нижний Новгород Чебаркуль;0;;0;;0;;0;[]
https://city2city.ru/nizhnij-novgorod-chelyabinsk;Нижний Новгород;Челябинск;такси Нижний Новгород Челябинск;1;;0;;0;;0;[]
https://city2city.ru/nizhnij-novgorod-cherepovecz;Нижний Новгород;Череповец;такси Нижний Новгород Череповец;1;;0;;0;;0;[]
https://city2city.ru/nizhnij-novgorod-chkalovsk;Нижний Новгород;Чкаловск;такси Нижний Новгород Чкаловск;12;такси нижний новгород чкаловск;12;;0;;0;"[{""phrase"": ""такси нижний новгород чкаловск"", ""count"": ""12""}]"
https://city2city.ru/nizhnij-novgorod-czentralnyj;Нижний Новгород;Центральный;такси Нижний Новгород Центральный;16;центральное такси нижний новгород;16;;0;;0;"[{""phrase"": ""центральное такси нижний новгород"", ""count"": ""16""}]"
https://city2city.ru/nizhnij-novgorod-dalnee-konstantinovo;Нижний Новгород;посёлок городского типа Дальнее Константиново;такси Нижний Новгород посёлок городского типа Дальнее Константиново;0;;0;;0;;0;[]
https://city2city.ru/nizhnij-novgorod-dzerzhinsk;Нижний Новгород;Дзержинск;такси Нижний Новгород Дзержинск;242;такси дзержинск нижний новгород;242;маршрутное такси дзержинск нижний новгород;47;стоимость такси дзержинск нижний новгород;46;"[{""phrase"": ""такси дзержинск нижний новгород"", ""count"": ""242""}, {""phrase"": ""маршрутное такси дзержинск нижний новгород"", ""count"": ""47""}, {""phrase"": ""стоимость такси дзержинск нижний новгород"", ""count"": ""46""}, {""phrase"": ""такси дзержинск нижний новгород расписание"", ""count"": ""37""}, {""phrase"": ""сколько стоит такси нижний новгород до дзержинска"", ""count"": ""34""}, {""phrase"": ""маршрутное такси дзержинск нижний новгород расписание"", ""count"": ""33""}, {""phrase"": ""такси нижний новгород дзержинск стоимость проезда"", ""count"": ""31""}, {""phrase"": ""такси нижний новгород дзержинск цена"", ""count"": ""25""}, {""phrase"": ""такси мост нижний новгород дзержинск"", ""count"": ""23""}, {""phrase"": ""такси мост дзержинск нижний новгород стоимость проезда"", ""count"": ""11""}]"
https://city2city.ru/nizhnij-novgorod-egorevsk;Нижний Новгород;Егорьевск;такси Нижний Новгород Егорьевск;0;;0;;0;;0;[]
https://city2city.ru/nizhnij-novgorod-ekaterinburg;Нижний Новгород;Екатеринбург;такси Нижний Новгород Екатеринбург;5;;0;;0;;0;[]
https://city2city.ru/nizhnij-novgorod-elabuga;Нижний Новгород;Елабуга;такси Нижний Новгород Елабуга;0;;0;;0;;0;[]
https://city2city.ru/nizhnij-novgorod-frolishhi;Нижний Новгород;посёлок городского типа Фролищи;такси Нижний Новгород посёлок городского типа Фролищи;0;;0;;0;;0;[]
https://city2city.ru/nizhnij-novgorod-gelendzhik;Нижний Новгород;Геленджик;такси Нижний Новгород Геленджик;0;;0;;0;;0;[]
https://city2city.ru/nizhnij-novgorod-gidrotorf;Нижний Новгород;поселок городского типа Гидроторф;такси Нижний Новгород поселок городского типа Гидроторф;0;;0;;0;;0;[]
https://city2city.ru/nizhnij-novgorod-gorbatov;Нижний Новгород;Горбатов;такси Нижний Новгород Горбатов;9;;0;;0;;0;[]
https://city2city.ru/nizhnij-novgorod-gorbatovka;Нижний Новгород;рабочий посёлок Горбатовка;такси Нижний Новгород рабочий посёлок Горбатовка;0;;0;;0;;0;[]
https://city2city.ru/nizhnij-novgorod-gorodecz;Нижний Новгород;Городец;такси Нижний Новгород Городец;73;такси городец нижний новгород;73;городец нижний новгород такси цена;14;такси нижний новгород городец стоимость;8;"[{""phrase"": ""такси городец нижний новгород"", ""count"": ""73""}, {""phrase"": ""городец нижний новгород такси цена"", ""count"": ""14""}, {""phrase"": ""такси нижний новгород городец стоимость"", ""count"": ""8""}]"
https://city2city.ru/nizhnij-novgorod-goroxovecz;Нижний Новгород;Гороховец;такси Нижний Новгород Гороховец;16;;0;;0;;0;[]
https://city2city.ru/nizhnij-novgorod-granicza-kazaxstan;Нижний Новгород;52А-3;такси Нижний Новгород 52А-3;0;;0;;0;;0;[]
https://city2city.ru/nizhnij-novgorod-granicza-ukraina;Нижний Новгород;М-3 Украина;такси Нижний Новгород М-3 Украина;0;;0;;0;;0;[]
https://city2city.ru/nizhnij-novgorod-gremyachevo;Нижний Новгород;поселок городского типа Гремячево;такси Нижний Новгород поселок городского типа Гремячево;0;;0;;0;;0;[]
https://city2city.ru/nizhnij-novgorod-ilinogorsk;Нижний Новгород;посёлок городского типа Ильиногорск;такси Нижний Новгород посёлок городского типа Ильиногорск;0;;0;;0;;0;[]
https://city2city.ru/nizhnij-novgorod-kanash;Нижний Новгород;деревня Канаш;такси Нижний Новгород деревня Канаш;0;;0;;0;;0;[]
https://city2city.ru/nizhnij-novgorod-kasimov;Нижний Новгород;Касимов;такси Нижний Новгород Касимов;2;;0;;0;;0;[]
https://city2city.ru/nizhnij-novgorod-kazan;Нижний Новгород;Казань;такси Нижний Новгород Казань;64;такси казань нижний новгород;64;;0;;0;"[{""phrase"": ""такси казань нижний новгород"", ""count"": ""64""}]"
https://city2city.ru/nizhnij-novgorod-knyaginino;Нижний Новгород;Княгинино;такси Нижний Новгород Княгинино;5;;0;;0;;0;[]
https://city2city.ru/nizhnij-novgorod-kostroma;Нижний Новгород;Кострома;такси Нижний Новгород Кострома;18;такси кострома нижний новгород;18;;0;;0;"[{""phrase"": ""такси кострома нижний новгород"", ""count"": ""18""}]"
https://city2city.ru/nizhnij-novgorod-kotelnich;Нижний Новгород;Котельнич;такси Нижний Новгород Котельнич;0;;0;;0;;0;[]
https://city2city.ru/nizhnij-novgorod-kovernino;Нижний Новгород;деревня Ковернино;такси Нижний Новгород деревня Ковернино;0;;0;;0;;0;[]
https://city2city.ru/nizhnij-novgorod-kovylkino;Нижний Новгород;Ковылкино;такси Нижний Новгород Ковылкино;0;;0;;0;;0;[]
https://city2city.ru/nizhnij-novgorod-krasnye-baki;Нижний Новгород;Красные Баки-Варнавино;такси Нижний Новгород Красные Баки-Варнавино;0;;0;;0;;0;[]
https://city2city.ru/nizhnij-novgorod-kstovo;Нижний Новгород;Кстово;такси Нижний Новгород Кстово;121;такси нижний новгород кстово;121;такси нижний новгород кстово цена;30;такси кстово нижний новгород сколько стоит;14;"[{""phrase"": ""такси нижний новгород кстово"", ""count"": ""121""}, {""phrase"": ""такси нижний новгород кстово цена"", ""count"": ""30""}, {""phrase"": ""такси кстово нижний новгород сколько стоит"", ""count"": ""14""}, {""phrase"": ""такси нижний новгород кстово стоимость"", ""count"": ""8""}]"
https://city2city.ru/nizhnij-novgorod-kulebaki;Нижний Новгород;Кулебаки;такси Нижний Новгород Кулебаки;18;такси кулебаки нижний новгород;18;;0;;0;"[{""phrase"": ""такси кулебаки нижний новгород"", ""count"": ""18""}]"
https://city2city.ru/nizhnij-novgorod-kumertau;Нижний Новгород;Кумертау;такси Нижний Новгород Кумертау;1;;0;;0;;0;[]
https://city2city.ru/nizhnij-novgorod-lipeczk;Нижний Новгород;Липецк;такси Нижний Новгород Липецк;4;;0;;0;;0;[]
https://city2city.ru/nizhnij-novgorod-lukino;Нижний Новгород;село Лукино;такси Нижний Новгород село Лукино;0;;0;;0;;0;[]
https://city2city.ru/nizhnij-novgorod-lukoyanov;Нижний Новгород;Лукоянов;такси Нижний Новгород Лукоянов;9;такси лукоянов нижний новгород;9;;0;;0;"[{""phrase"": ""такси лукоянов нижний новгород"", ""count"": ""9""}]"
https://city2city.ru/nizhnij-novgorod-makarev;Нижний Новгород;Макарьев;такси Нижний Новгород Макарьев;1;;0;;0;;0;[]
https://city2city.ru/nizhnij-novgorod-maloe-kozino;Нижний Новгород;посёлок городского типа Малое Козино;такси Нижний Новгород посёлок городского типа Малое Козино;0;;0;;0;;0;[]
https://city2city.ru/nizhnij-novgorod-moskva;Нижний Новгород;Москва;такси Нижний Новгород Москва;325;такси москва нижний новгород;325;сколько стоит такси нижний новгород москва;67;такси москва нижний новгород цена;43;"[{""phrase"": ""такси москва нижний новгород"", ""count"": ""325""}, {""phrase"": ""сколько стоит такси нижний новгород москва"", ""count"": ""67""}, {""phrase"": ""такси москва нижний новгород цена"", ""count"": ""43""}, {""phrase"": ""такси москва нижний новгород стоимость"", ""count"": ""27""}, {""phrase"": ""яндекс такси москва нижний новгород"", ""count"": ""8""}]"
https://city2city.ru/nizhnij-novgorod-muxtolovo;Нижний Новгород;рабочий посёлок Мухтолово;такси Нижний Новгород рабочий посёлок Мухтолово;0;;0;;0;;0;[]
https://city2city.ru/nizhnij-novgorod-novocheboksarsk;Нижний Новгород;Новочебоксарск;такси Нижний Новгород Новочебоксарск;0;;0;;0;;0;[]
https://city2city.ru/nizhnij-novgorod-orenburg;Нижний Новгород;Оренбург;такси Нижний Новгород Оренбург;9;;0;;0;;0;[]
https://city2city.ru/nizhnij-novgorod-osinki;Нижний Новгород;поселок городского типа Осинки;такси Нижний Новгород поселок городского типа Осинки;0;;0;;0;;0;[]
https://city2city.ru/nizhnij-novgorod-pavlovo;Нижний Новгород;Павлово;такси Нижний Новгород Павлово;44;такси нижний новгород павлово;44;;0;;0;"[{""phrase"": ""такси нижний новгород павлово"", ""count"": ""44""}]"
https://city2city.ru/nizhnij-novgorod-pereslavl-zalesskij;Нижний Новгород;Переславль-Залесский;такси Нижний Новгород Переславль-Залесский;0;;0;;0;;0;[]
https://city2city.ru/nizhnij-novgorod-perevoz;Нижний Новгород;Перевоз;такси Нижний Новгород Перевоз;12;такси перевоз нижний новгород;12;;0;;0;"[{""phrase"": ""такси перевоз нижний новгород"", ""count"": ""12""}]"
https://city2city.ru/nizhnij-novgorod-pilna;Нижний Новгород;поселок городского типа Пильна;такси Нижний Новгород поселок городского типа Пильна;0;;0;;0;;0;[]
https://city2city.ru/nizhnij-novgorod-pizhma;Нижний Новгород;посёлок городского типа Пижма;такси Нижний Новгород посёлок городского типа Пижма;0;;0;;0;;0;[]
https://city2city.ru/nizhnij-novgorod-plyos;Нижний Новгород;Плёс;такси Нижний Новгород Плёс;2;;0;;0;;0;[]
https://city2city.ru/nizhnij-novgorod-puchezh;Нижний Новгород;Пучеж;такси Нижний Новгород Пучеж;5;;0;;0;;0;[]
https://city2city.ru/nizhnij-novgorod-rossosh;Нижний Новгород;Россошь;такси Нижний Новгород Россошь;5;;0;;0;;0;[]
https://city2city.ru/nizhnij-novgorod-rostov-na-donu;Нижний Новгород;Ростов-на-Дону;такси Нижний Новгород Ростов-на-Дону;18;;0;;0;;0;[]
https://city2city.ru/nizhnij-novgorod-rostov-velikij;Нижний Новгород;Ростов;такси Нижний Новгород Ростов;18;такси ростов нижний новгород;18;;0;;0;"[{""phrase"": ""такси ростов нижний новгород"", ""count"": ""18""}]"
https://city2city.ru/nizhnij-novgorod-rovenki;Нижний Новгород;посёлок городского типа Ровеньки;такси Нижний Новгород посёлок городского типа Ровеньки;0;;0;;0;;0;[]
https://city2city.ru/nizhnij-novgorod-ryazan;Нижний Новгород;Рязань;такси Нижний Новгород Рязань;7;;0;;0;;0;[]
https://city2city.ru/nizhnij-novgorod-samara;Нижний Новгород;Самара;такси Нижний Новгород Самара;18;такси нижний новгород самара;18;;0;;0;"[{""phrase"": ""такси нижний новгород самара"", ""count"": ""18""}]"
https://city2city.ru/nizhnij-novgorod-sankt-peterburg;Нижний Новгород;Санкт-Петербург;такси Нижний Новгород Санкт-Петербург;18;такси нижний новгород санкт петербурга;18;;0;;0;"[{""phrase"": ""такси нижний новгород санкт петербурга"", ""count"": ""18""}]"
https://city2city.ru/nizhnij-novgorod-semyonov;Нижний Новгород;Семёнов;такси Нижний Новгород Семёнов;10;такси нижний новгород семенов;10;;0;;0;"[{""phrase"": ""такси нижний новгород семенов"", ""count"": ""10""}]"
https://city2city.ru/nizhnij-novgorod-sergach;Нижний Новгород;Сергач;такси Нижний Новгород Сергач;10;такси сергач нижний новгород;10;;0;;0;"[{""phrase"": ""такси сергач нижний новгород"", ""count"": ""10""}]"
https://city2city.ru/nizhnij-novgorod-sergiev-posad;Нижний Новгород;Сергиев Посад;такси Нижний Новгород Сергиев Посад;0;;0;;0;;0;[]
https://city2city.ru/nizhnij-novgorod-sevastopol;Нижний Новгород;Севастополь;такси Нижний Новгород Севастополь;0;;0;;0;;0;[]
https://city2city.ru/nizhnij-novgorod-sharanga;Нижний Новгород;посёлок городского типа Шаранга;такси Нижний Новгород посёлок городского типа Шаранга;0;;0;;0;;0;[]
https://city2city.ru/nizhnij-novgorod-sharya;Нижний Новгород;Шарья;такси Нижний Новгород Шарья;4;;0;;0;;0;[]
https://city2city.ru/nizhnij-novgorod-shatki;Нижний Новгород;рабочий посёлок Шатки;такси Нижний Новгород рабочий посёлок Шатки;0;;0;;0;;0;[]
https://city2city.ru/nizhnij-novgorod-shuya;Нижний Новгород;Шуя;такси Нижний Новгород Шуя;0;;0;;0;;0;[]
https://city2city.ru/nizhnij-novgorod-simferopol;Нижний Новгород;Симферополь;такси Нижний Новгород Симферополь;1;;0;;0;;0;[]
https://city2city.ru/nizhnij-novgorod-smolino;Нижний Новгород;посёлок городского типа Смолино;такси Нижний Новгород посёлок городского типа Смолино;0;;0;;0;;0;[]
https://city2city.ru/nizhnij-novgorod-sochi;Нижний Новгород;Сочи;такси Нижний Новгород Сочи;7;;0;;0;;0;[]
https://city2city.ru/nizhnij-novgorod-sokolskoe;Нижний Новгород;посёлок городского типа Сокольское;такси Нижний Новгород посёлок городского типа Сокольское;0;;0;;0;;0;[]
https://city2city.ru/nizhnij-novgorod-sosnovskoe;Нижний Новгород;рабочий посёлок Сосновское;такси Нижний Новгород рабочий посёлок Сосновское;0;;0;;0;;0;[]
https://city2city.ru/nizhnij-novgorod-suxobezvodnoe;Нижний Новгород;деревня Сухобезводное;такси Нижний Новгород деревня Сухобезводное;0;;0;;0;;0;[]
https://city2city.ru/nizhnij-novgorod-suxodol;Нижний Новгород;поселок городского типа Суходол;такси Нижний Новгород поселок городского типа Суходол;0;;0;;0;;0;[]
https://city2city.ru/nizhnij-novgorod-syktyvkar;Нижний Новгород;Сыктывкар;такси Нижний Новгород Сыктывкар;2;;0;;0;;0;[]
https://city2city.ru/nizhnij-novgorod-tambov;Нижний Новгород;Тамбов;такси Нижний Новгород Тамбов;2;;0;;0;;0;[]
https://city2city.ru/nizhnij-novgorod-temnikov;Нижний Новгород;Темников;такси Нижний Новгород Темников;0;;0;;0;;0;[]
https://city2city.ru/nizhnij-novgorod-tolyatti;Нижний Новгород;Тольятти;такси Нижний Новгород Тольятти;8;;0;;0;;0;[]
https://city2city.ru/nizhnij-novgorod-tonkino;Нижний Новгород;деревня Новое Тонкино;такси Нижний Новгород деревня Новое Тонкино;0;;0;;0;;0;[]
https://city2city.ru/nizhnij-novgorod-tula;Нижний Новгород;Тула;такси Нижний Новгород Тула;4;;0;;0;;0;[]
https://city2city.ru/nizhnij-novgorod-tver;Нижний Новгород;Тверь;такси Нижний Новгород Тверь;5;;0;;0;;0;[]
https://city2city.ru/nizhnij-novgorod-uren;Нижний Новгород;Урень;такси Нижний Новгород Урень;2;;0;;0;;0;[]
https://city2city.ru/nizhnij-novgorod-vacha;Нижний Новгород;городское поселение рабочий посёлок Вача;такси Нижний Новгород городское поселение рабочий посёлок Вача;0;;0;;0;;0;[]
https://city2city.ru/nizhnij-novgorod-valujki;Нижний Новгород;Валуйки;такси Нижний Новгород Валуйки;2;;0;;0;;0;[]
https://city2city.ru/nizhnij-novgorod-varnavino;Нижний Новгород;поселок городского типа Варнавино;такси Нижний Новгород поселок городского типа Варнавино;0;;0;;0;;0;[]
https://city2city.ru/nizhnij-novgorod-vasilsursk;Нижний Новгород;рабочий посёлок Васильсурск;такси Нижний Новгород рабочий посёлок Васильсурск;0;;0;;0;;0;[]
https://city2city.ru/nizhnij-novgorod-vetluzhskij;Нижний Новгород;посёлок городского типа Ветлужский;такси Нижний Новгород посёлок городского типа Ветлужский;0;;0;;0;;0;[]
https://city2city.ru/nizhnij-novgorod-volgograd;Нижний Новгород;Волгоград;такси Нижний Новгород Волгоград;2;;0;;0;;0;[]
https://city2city.ru/nizhnij-novgorod-volodarsk;Нижний Новгород;Володарск;такси Нижний Новгород Володарск;0;;0;;0;;0;[]
https://city2city.ru/nizhnij-novgorod-vologda;Нижний Новгород;Вологда;такси Нижний Новгород Вологда;2;;0;;0;;0;[]
https://city2city.ru/nizhnij-novgorod-voronezh;Нижний Новгород;Воронеж;такси Нижний Новгород Воронеж;25;такси воронеж нижний новгород;25;;0;;0;"[{""phrase"": ""такси воронеж нижний новгород"", ""count"": ""25""}]"
https://city2city.ru/nizhnij-novgorod-vorotynecz;Нижний Новгород;поселок городского типа Воротынец;такси Нижний Новгород поселок городского типа Воротынец;0;;0;;0;;0;[]
https://city2city.ru/nizhnij-novgorod-vorsma;Нижний Новгород;Ворсма;такси Нижний Новгород Ворсма;6;;0;;0;;0;[]
https://city2city.ru/nizhnij-novgorod-voskresenskoe;Нижний Новгород;рабочий посёлок Воскресенское;такси Нижний Новгород рабочий посёлок Воскресенское;0;;0;;0;;0;[]
https://city2city.ru/nizhnij-novgorod-voznesenskoe;Нижний Новгород;деревня Вознесенское;такси Нижний Новгород деревня Вознесенское;0;;0;;0;;0;[]
https://city2city.ru/nizhnij-novgorod-vyazniki;Нижний Новгород;Вязники;такси Нижний Новгород Вязники;12;;0;;0;;0;[]
https://city2city.ru/nizhnij-novgorod-vyksa;Нижний Новгород;Выкса;такси Нижний Новгород Выкса;78;такси нижний новгород выкса;78;маршрутное такси выкса нижний новгород;29;такси выкса нижний новгород цена;12;"[{""phrase"": ""такси нижний новгород выкса"", ""count"": ""78""}, {""phrase"": ""маршрутное такси выкса нижний новгород"", ""count"": ""29""}, {""phrase"": ""такси выкса нижний новгород цена"", ""count"": ""12""}]"
https://city2city.ru/nizhnij-novgorod-yuganecz;Нижний Новгород;рабочий посёлок Юганец;такси Нижний Новгород рабочий посёлок Юганец;0;;0;;0;;0;[]
https://city2city.ru/nizhnij-novgorod-yurevecz;Нижний Новгород;Юрьевец;такси Нижний Новгород Юрьевец;3;;0;;0;;0;[]
https://city2city.ru/nizhnij-novgorod-yurino;Нижний Новгород;посёлок городского типа Юрино;такси Нижний Новгород посёлок городского типа Юрино;0;;0;;0;;0;[]
https://city2city.ru/nizhnij-novgorod-zavolzhe;Нижний Новгород;Заволжье;такси Нижний Новгород Заволжье;46;такси нижний новгород заволжье;46;;0;;0;"[{""phrase"": ""такси нижний новгород заволжье"", ""count"": ""46""}]"
https://city2city.ru/nizhnij-novgorod-zelyonyj-gorod;Нижний Новгород;курортный посёлок Зелёный Город;такси Нижний Новгород курортный посёлок Зелёный Город;0;;0;;0;;0;[]
https://city2city.ru/nizhnij-novgorod-zhelnino;Нижний Новгород;рабочий посёлок Желнино;такси Нижний Новгород рабочий посёлок Желнино;0;;0;;0;;0;[]
https://city2city.ru/nizhnij-novgorod-zvenigovo;Нижний Новгород;Звенигово;такси Нижний Новгород Звенигово;0;;0;;0;;0;[]
https://city2city.ru/nizhniy_novgorod-alatyr;Нижний Новгород;Алатырь;такси Нижний Новгород Алатырь;1;;0;;0;;0;[]
https://city2city.ru/nizhniy_novgorod-arzamas;Нижний Новгород;Арзамас;такси Нижний Новгород Арзамас;68;такси арзамас нижний новгород;68;такси арзамас нижний новгород цена;17;;0;"[{""phrase"": ""такси арзамас нижний новгород"", ""count"": ""68""}, {""phrase"": ""такси арзамас нижний новгород цена"", ""count"": ""17""}]"
https://city2city.ru/nizhniy_novgorod-cheboksary;Нижний Новгород;Чебоксары;такси Нижний Новгород Чебоксары;33;такси нижний новгород чебоксары;33;грузовое такси чебоксары нижний новгород;5;;0;"[{""phrase"": ""такси нижний новгород чебоксары"", ""count"": ""33""}, {""phrase"": ""грузовое такси чебоксары нижний новгород"", ""count"": ""5""}]"
https://city2city.ru/nizhniy_novgorod-ivanovo;Нижний Новгород;Иваново;такси Нижний Новгород Иваново;16;такси иваново нижний новгород;16;;0;;0;"[{""phrase"": ""такси иваново нижний новгород"", ""count"": ""16""}]"
https://city2city.ru/nizhniy_novgorod-kineshma;Нижний Новгород;Кинешма;такси Нижний Новгород Кинешма;5;;0;;0;;0;[]
https://city2city.ru/nizhniy_novgorod-kirov;Нижний Новгород;Киров;такси Нижний Новгород Киров;20;такси нижний новгород киров;20;;0;;0;"[{""phrase"": ""такси нижний новгород киров"", ""count"": ""20""}]"
https://city2city.ru/nizhniy_novgorod-murom;Нижний Новгород;Муром;такси Нижний Новгород Муром;14;такси нижний новгород муром;14;;0;;0;"[{""phrase"": ""такси нижний новгород муром"", ""count"": ""14""}]"
https://city2city.ru/nizhniy_novgorod-saransk;Нижний Новгород;Саранск;такси Нижний Новгород Саранск;26;такси нижний новгород саранск;26;;0;;0;"[{""phrase"": ""такси нижний новгород саранск"", ""count"": ""26""}]"
https://city2city.ru/nizhniy_novgorod-saratov;Нижний Новгород;Саратов;такси Нижний Новгород Саратов;17;такси саратов нижний новгород;17;;0;;0;"[{""phrase"": ""такси саратов нижний новгород"", ""count"": ""17""}]"
https://city2city.ru/nizhniy_novgorod-sarov;Нижний Новгород;Саров;такси Нижний Новгород Саров;32;такси нижний новгород саров;32;;0;;0;"[{""phrase"": ""такси нижний новгород саров"", ""count"": ""32""}]"
https://city2city.ru/nizhniy_novgorod-satis;Нижний Новгород;посёлок городского типа Сатис;такси Нижний Новгород посёлок городского типа Сатис;0;;0;;0;;0;[]
https://city2city.ru/nizhniy_novgorod-suzdal;Нижний Новгород;Суздаль;такси Нижний Новгород Суздаль;4;;0;;0;;0;[]
https://city2city.ru/nizhniy_novgorod-vladimir;Нижний Новгород;Владимир;такси Нижний Новгород Владимир;33;такси нижний новгород владимир;33;;0;;0;"[{""phrase"": ""такси нижний новгород владимир"", ""count"": ""33""}]"
https://city2city.ru/nizhniy_novgorod-yaroslavl;Нижний Новгород;Ярославль;такси Нижний Новгород Ярославль;12;такси ярославль нижний новгород;12;;0;;0;"[{""phrase"": ""такси ярославль нижний новгород"", ""count"": ""12""}]"
https://city2city.ru/nizhniy_novgorod-yoshkar-ola;Нижний Новгород;Йошкар-Ола;такси Нижний Новгород Йошкар-Ола;13;;0;;0;;0;[]
https://city2city.ru/novosibirsk-abakan;Новосибирск;Абакан;такси Новосибирск Абакан;22;такси новосибирск абакан;22;;0;;0;"[{""phrase"": ""такси новосибирск абакан"", ""count"": ""22""}]"
https://city2city.ru/novosibirsk-achinsk;Новосибирск;Ачинск;такси Новосибирск Ачинск;6;;0;;0;;0;[]
https://city2city.ru/novosibirsk-alyaysk;Новосибирск;Алейск;такси Новосибирск Алейск;9;такси новосибирск алейск;9;;0;;0;"[{""phrase"": ""такси новосибирск алейск"", ""count"": ""9""}]"
https://city2city.ru/novosibirsk-anzhero-sudzhensk;Новосибирск;Анжеро-Судженск;такси Новосибирск Анжеро-Судженск;6;;0;;0;;0;[]
https://city2city.ru/novosibirsk-asino;Новосибирск;город Асино;такси Новосибирск город Асино;0;;0;;0;;0;[]
https://city2city.ru/novosibirsk-belovo;Новосибирск;Белово;такси Новосибирск Белово;27;такси новосибирск белово;27;;0;;0;"[{""phrase"": ""такси новосибирск белово"", ""count"": ""27""}]"
https://city2city.ru/novosibirsk-berdsk;Новосибирск;Бердск;такси Новосибирск Бердск;143;такси бердск новосибирск;143;такси новосибирск бердск цена;28;такси новосибирск бердск стоимость;27;"[{""phrase"": ""такси бердск новосибирск"", ""count"": ""143""}, {""phrase"": ""такси новосибирск бердск цена"", ""count"": ""28""}, {""phrase"": ""такси новосибирск бердск стоимость"", ""count"": ""27""}, {""phrase"": ""сколько стоит такси от новосибирска до бердска"", ""count"": ""14""}, {""phrase"": ""бердск новосибирск аэропорт такси"", ""count"": ""10""}]"
https://city2city.ru/novosibirsk-beryozovskiy;Новосибирск;Берёзовский;такси Новосибирск Берёзовский;1;;0;;0;;0;[]
https://city2city.ru/novosibirsk-bratsk;Новосибирск;Братск;такси Новосибирск Братск;2;;0;;0;;0;[]
https://city2city.ru/novosibirsk-cherepanovo;Новосибирск;Черепаново;такси Новосибирск Черепаново;23;такси новосибирск черепаново;23;;0;;0;"[{""phrase"": ""такси новосибирск черепаново"", ""count"": ""23""}]"
https://city2city.ru/novosibirsk-chulym;Новосибирск;Чулым;такси Новосибирск Чулым;13;;0;;0;;0;[]
https://city2city.ru/novosibirsk-divnogorsk;Новосибирск;Дивногорск;такси Новосибирск Дивногорск;6;;0;;0;;0;[]
https://city2city.ru/novosibirsk-gurevsk;Новосибирск;Гурьевск;такси Новосибирск Гурьевск;6;;0;;0;;0;[]
https://city2city.ru/novosibirsk-irkutsk;Новосибирск;Иркутск;такси Новосибирск Иркутск;33;такси иркутск новосибирск;33;;0;;0;"[{""phrase"": ""такси иркутск новосибирск"", ""count"": ""33""}]"
https://city2city.ru/novosibirsk-iskitim;Новосибирск;Искитим;такси Новосибирск Искитим;60;такси искитим новосибирск;60;;0;;0;"[{""phrase"": ""такси искитим новосибирск"", ""count"": ""60""}]"
https://city2city.ru/novosibirsk-kalachinsk;Новосибирск;Калачинск;такси Новосибирск Калачинск;2;;0;;0;;0;[]
https://city2city.ru/novosibirsk-kargat;Новосибирск;Каргат;такси Новосибирск Каргат;10;;0;;0;;0;[]
https://city2city.ru/novosibirsk-kolpashevo;Новосибирск;Колпашево;такси Новосибирск Колпашево;31;такси колпашево новосибирск;31;;0;;0;"[{""phrase"": ""такси колпашево новосибирск"", ""count"": ""31""}]"
https://city2city.ru/novosibirsk-krasnoyarsk;Новосибирск;Красноярск;такси Новосибирск Красноярск;114;такси из новосибирска до красноярска;50;заказать такси из новосибирска до красноярска;17;такси новосибирск красноярск цена;15;"[{""phrase"": ""такси из новосибирска до красноярска"", ""count"": ""50""}, {""phrase"": ""заказать такси из новосибирска до красноярска"", ""count"": ""17""}, {""phrase"": ""такси новосибирск красноярск цена"", ""count"": ""15""}, {""phrase"": ""стоимость такси до красноярска из новосибирска"", ""count"": ""11""}]"
https://city2city.ru/novosibirsk-kupino;Новосибирск;Купино;такси Новосибирск Купино;12;;0;;0;;0;[]
https://city2city.ru/novosibirsk-kuybyshev;Новосибирск;Куйбышев;такси Новосибирск Куйбышев;11;такси новосибирск куйбышев;11;;0;;0;"[{""phrase"": ""такси новосибирск куйбышев"", ""count"": ""11""}]"
https://city2city.ru/novosibirsk-kyzyl;Новосибирск;Кызыл;такси Новосибирск Кызыл;22;такси новосибирск кызыл;22;;0;;0;"[{""phrase"": ""такси новосибирск кызыл"", ""count"": ""22""}]"
https://city2city.ru/novosibirsk-mariinsk;Новосибирск;Мариинск;такси Новосибирск Мариинск;6;;0;;0;;0;[]
https://city2city.ru/novosibirsk-mezhdurechensk;Новосибирск;Междуреченск;такси Новосибирск Междуреченск;18;такси новосибирск междуреченск;18;;0;;0;"[{""phrase"": ""такси новосибирск междуреченск"", ""count"": ""18""}]"
https://city2city.ru/novosibirsk-minusinsk;Новосибирск;Минусинск;такси Новосибирск Минусинск;7;такси новосибирск минусинск;7;;0;;0;"[{""phrase"": ""такси новосибирск минусинск"", ""count"": ""7""}]"
https://city2city.ru/novosibirsk-ob;Новосибирск;Обь;такси Новосибирск Обь;61;такси обь новосибирск;61;такси новосибирск камень на оби;24;такси обь новосибирск номера телефонов;6;"[{""phrase"": ""такси обь новосибирск"", ""count"": ""61""}, {""phrase"": ""такси новосибирск камень на оби"", ""count"": ""24""}, {""phrase"": ""такси обь новосибирск номера телефонов"", ""count"": ""6""}]"
https://city2city.ru/novosibirsk-osinniki;Новосибирск;Осинники;такси Новосибирск Осинники;1;;0;;0;;0;[]
https://city2city.ru/novosibirsk-rubtsovsk;Новосибирск;Рубцовск;такси Новосибирск Рубцовск;34;такси новосибирск рубцовск;34;такси новосибирск до рубцовска дешево цена попутчик;6;;0;"[{""phrase"": ""такси новосибирск рубцовск"", ""count"": ""34""}, {""phrase"": ""такси новосибирск до рубцовска дешево цена попутчик"", ""count"": ""6""}]"
https://city2city.ru/novosibirsk-sayanogorsk;Новосибирск;Саяногорск;такси Новосибирск Саяногорск;1;;0;;0;;0;[]
https://city2city.ru/novosibirsk-sharypovo;Новосибирск;Шарыпово;такси Новосибирск Шарыпово;1;;0;;0;;0;[]
https://city2city.ru/novosibirsk-tayga;Новосибирск;Тайга;такси Новосибирск Тайга;1;;0;;0;;0;[]
https://city2city.ru/novosibirsk-toguchin;Новосибирск;Тогучин;такси Новосибирск Тогучин;23;новосибирск тогучин такси;23;;0;;0;"[{""phrase"": ""новосибирск тогучин такси"", ""count"": ""23""}]"
https://city2city.ru/novosibirsk-topki;Новосибирск;Топки;такси Новосибирск Топки;2;;0;;0;;0;[]
https://city2city.ru/novosibirsk-uyar;Новосибирск;Уяр;такси Новосибирск Уяр;6;новосибирск уяр такси;6;;0;;0;"[{""phrase"": ""новосибирск уяр такси"", ""count"": ""6""}]"
https://city2city.ru/novosibirsk-yarovoe;Новосибирск;Яровое;такси Новосибирск Яровое;10;такси новосибирск яровое;10;;0;;0;"[{""phrase"": ""такси новосибирск яровое"", ""count"": ""10""}]"
https://city2city.ru/novosibirsk-yurga;Новосибирск;Юрга;такси Новосибирск Юрга;54;такси новосибирск юрга;54;такси новосибирск юрга стоимость;11;такси с новосибирска до юрги;7;"[{""phrase"": ""такси новосибирск юрга"", ""count"": ""54""}, {""phrase"": ""такси новосибирск юрга стоимость"", ""count"": ""11""}, {""phrase"": ""такси с новосибирска до юрги"", ""count"": ""7""}]"
https://city2city.ru/novosibirsk-zarinsk;Новосибирск;Заринск;такси Новосибирск Заринск;6;такси новосибирск заринск;6;;0;;0;"[{""phrase"": ""такси новосибирск заринск"", ""count"": ""6""}]"
https://city2city.ru/novosibirsk-zmeinogorsk;Новосибирск;Змеиногорск;такси Новосибирск Змеиногорск;6;;0;;0;;0;[]
https://city2city.ru/olekminsk-jakutsk;Олекминск;Якутск;такси Олекминск Якутск;31;якутск олекминск такси;31;;0;;0;"[{""phrase"": ""якутск олекминск такси"", ""count"": ""31""}]"
https://city2city.ru/omsk-abakan;Омск;Абакан;такси Омск Абакан;0;;0;;0;;0;[]
https://city2city.ru/omsk-aeroport-karbysheva-yarovoe;аэропорт Омск (Центральный) имени Д.М. Карбышева;аэропорт Омск (Центральный) имени Д.М. Карбышева;такси аэропорт Омск (Центральный) имени Д.М. Карбышева аэропорт Омск (Центральный) имени Д.М. Карбышева;0;;0;;0;;0;[]
https://city2city.ru/omsk-barabinsk;Омск;Барабинск;такси Омск Барабинск;0;;0;;0;;0;[]
https://city2city.ru/omsk-barnaul;Омск;Барнаул;такси Омск Барнаул;6;;0;;0;;0;[]
https://city2city.ru/omsk-belokuriha;Омск;Белокуриха;такси Омск Белокуриха;0;;0;;0;;0;[]
https://city2city.ru/omsk-biysk;Омск;Бийск;такси Омск Бийск;1;;0;;0;;0;[]
https://city2city.ru/omsk-gorno-altaysk;Омск;Горно-Алтайск;такси Омск Горно-Алтайск;0;;0;;0;;0;[]
https://city2city.ru/omsk-irkutsk;Омск;Иркутск;такси Омск Иркутск;10;;0;;0;;0;[]
https://city2city.ru/omsk-isilkul;Омск;Исилькуль;такси Омск Исилькуль;38;такси омск исилькуль;38;;0;;0;"[{""phrase"": ""такси омск исилькуль"", ""count"": ""38""}]"
https://city2city.ru/omsk-kalachinsk;Омск;Калачинск;такси Омск Калачинск;31;такси омск калачинск;31;;0;;0;"[{""phrase"": ""такси омск калачинск"", ""count"": ""31""}]"
https://city2city.ru/omsk-karasuk;Омск;Карасук;такси Омск Карасук;0;;0;;0;;0;[]
https://city2city.ru/omsk-kemerovo;Омск;Кемерово;такси Омск Кемерово;6;;0;;0;;0;[]
https://city2city.ru/omsk-krasnoyarsk;Омск;Красноярск;такси Омск Красноярск;12;;0;;0;;0;[]
https://city2city.ru/omsk-kupino;Омск;Купино;такси Омск Купино;6;;0;;0;;0;[]
https://city2city.ru/omsk-kuybyshev;Омск;Куйбышев;такси Омск Куйбышев;6;;0;;0;;0;[]
https://city2city.ru/omsk-nazyvaevsk;Омск;Называевск;такси Омск Называевск;13;;0;;0;;0;[]
https://city2city.ru/omsk-novosibirsk;Омск;Новосибирск;такси Омск Новосибирск;51;такси новосибирск омск;51;новосибирск омск такси цена;6;;0;"[{""phrase"": ""такси новосибирск омск"", ""count"": ""51""}, {""phrase"": ""новосибирск омск такси цена"", ""count"": ""6""}]"
https://city2city.ru/omsk-rubtsovsk;Омск;Рубцовск;такси Омск Рубцовск;0;;0;;0;;0;[]
https://city2city.ru/omsk-slavgorod;Омск;Славгород;такси Омск Славгород;0;;0;;0;;0;[]
https://city2city.ru/omsk-tara;Омск;Тара;такси Омск Тара;46;такси тара омск;46;;0;;0;"[{""phrase"": ""такси тара омск"", ""count"": ""46""}]"
https://city2city.ru/omsk-tatarsk;Омск;Татарск;такси Омск Татарск;14;такси омск татарск;14;;0;;0;"[{""phrase"": ""такси омск татарск"", ""count"": ""14""}]"
https://city2city.ru/omsk-tomsk;Омск;Томск;такси Омск Томск;23;такси томск омск;23;;0;;0;"[{""phrase"": ""такси томск омск"", ""count"": ""23""}]"
https://city2city.ru/omsk-tyukalinsk;Омск;Тюкалинск;такси Омск Тюкалинск;18;такси омск тюкалинск;18;заказ такси в другой город тюкалинск омск;5;;0;"[{""phrase"": ""такси омск тюкалинск"", ""count"": ""18""}, {""phrase"": ""заказ такси в другой город тюкалинск омск"", ""count"": ""5""}]"
https://city2city.ru/omsk-yarovoe;Омск;Яровое;такси Омск Яровое;0;;0;;0;;0;[]
https://city2city.ru/omsk-yurga;Омск;Юрга;такси Омск Юрга;0;;0;;0;;0;[]
https://city2city.ru/orenburg-abdulino;Оренбург;Абдулино;такси Оренбург Абдулино;80;такси абдулино оренбург;80;такси абдулино оренбург телефоны;16;такси оренбург абдулино номера;11;"[{""phrase"": ""такси абдулино оренбург"", ""count"": ""80""}, {""phrase"": ""такси абдулино оренбург телефоны"", ""count"": ""16""}, {""phrase"": ""такси оренбург абдулино номера"", ""count"": ""11""}, {""phrase"": ""такси оренбург абдулино номера телефонов"", ""count"": ""9""}]"
https://city2city.ru/orenburg-almetevsk;Оренбург;Альметьевск;такси Оренбург Альметьевск;2;;0;;0;;0;[]
https://city2city.ru/orenburg-app-ilek;Оренбург;село Илек;такси Оренбург село Илек;2;;0;;0;;0;[]
https://city2city.ru/orenburg-astraxan;Оренбург;Астрахань;такси Оренбург Астрахань;2;;0;;0;;0;[]
https://city2city.ru/orenburg-aznakaevo;Оренбург;Азнакаево;такси Оренбург Азнакаево;0;;0;;0;;0;[]
https://city2city.ru/orenburg-bajmak;Оренбург;Баймак;такси Оренбург Баймак;8;оренбург баймак такси;8;;0;;0;"[{""phrase"": ""оренбург баймак такси"", ""count"": ""8""}]"
https://city2city.ru/orenburg-balakovo;Оренбург;Балаково;такси Оренбург Балаково;1;;0;;0;;0;[]
https://city2city.ru/orenburg-bavly;Оренбург;Бавлы;такси Оренбург Бавлы;3;;0;;0;;0;[]
https://city2city.ru/orenburg-belebej;Оренбург;Белебей;такси Оренбург Белебей;6;;0;;0;;0;[]
https://city2city.ru/orenburg-belgorod;Оренбург;Белгород;такси Оренбург Белгород;2;;0;;0;;0;[]
https://city2city.ru/orenburg-beloreczk;Оренбург;Белорецк;такси Оренбург Белорецк;7;;0;;0;;0;[]
https://city2city.ru/orenburg-bugulma;Оренбург;Бугульма;такси Оренбург Бугульма;17;бугульма оренбург такси;17;;0;;0;"[{""phrase"": ""бугульма оренбург такси"", ""count"": ""17""}]"
https://city2city.ru/orenburg-buguruslan;Оренбург;Бугуруслан;такси Оренбург Бугуруслан;216;такси бугуруслан оренбург;216;такси ларгус бугуруслан оренбург;42;такси бугуруслан оренбург от подъезда до подъезда;38;"[{""phrase"": ""такси бугуруслан оренбург"", ""count"": ""216""}, {""phrase"": ""такси ларгус бугуруслан оренбург"", ""count"": ""42""}, {""phrase"": ""такси бугуруслан оренбург от подъезда до подъезда"", ""count"": ""38""}, {""phrase"": ""такси бугуруслан оренбург телефон"", ""count"": ""33""}, {""phrase"": ""такси бугуруслан оренбург ларгус телефон"", ""count"": ""19""}, {""phrase"": ""номера такси оренбург бугуруслан"", ""count"": ""11""}, {""phrase"": ""такси оренбург бугуруслан номер телефона"", ""count"": ""10""}, {""phrase"": ""такси вояж бугуруслан оренбург"", ""count"": ""5""}]"
https://city2city.ru/orenburg-buzuluk;Оренбург;Бузулук;такси Оренбург Бузулук;150;такси оренбург бузулук;150;такси бузулук оренбург номер;27;такси бузулук оренбург номер телефона;24;"[{""phrase"": ""такси оренбург бузулук"", ""count"": ""150""}, {""phrase"": ""такси бузулук оренбург номер"", ""count"": ""27""}, {""phrase"": ""такси бузулук оренбург номер телефона"", ""count"": ""24""}, {""phrase"": ""такси оренбург бузулук цена"", ""count"": ""14""}, {""phrase"": ""такси оренбург бузулук ларгус"", ""count"": ""12""}, {""phrase"": ""такси межгород оренбург бузулук"", ""count"": ""7""}]"
https://city2city.ru/orenburg-chebarkul;Оренбург;Чебаркуль;такси Оренбург Чебаркуль;3;;0;;0;;0;[]
https://city2city.ru/orenburg-cheboksary;Оренбург;Чебоксары;такси Оренбург Чебоксары;1;;0;;0;;0;[]
https://city2city.ru/orenburg-chelyabinsk;Оренбург;Челябинск;такси Оренбург Челябинск;40;такси оренбург челябинск;40;;0;;0;"[{""phrase"": ""такси оренбург челябинск"", ""count"": ""40""}]"
https://city2city.ru/orenburg-chistopol;Оренбург;Чистополь;такси Оренбург Чистополь;0;;0;;0;;0;[]
https://city2city.ru/orenburg-dimitrovgrad;Оренбург;Димитровград;такси Оренбург Димитровград;0;;0;;0;;0;[]
https://city2city.ru/orenburg-dmitrievka;Оренбург;село Дмитриевка;такси Оренбург село Дмитриевка;0;;0;;0;;0;[]
https://city2city.ru/orenburg-dzhankoj;Оренбург;Джанкой;такси Оренбург Джанкой;0;;0;;0;;0;[]
https://city2city.ru/orenburg-ekaterinburg;Оренбург;Екатеринбург;такси Оренбург Екатеринбург;39;такси оренбург екатеринбург;39;;0;;0;"[{""phrase"": ""такси оренбург екатеринбург"", ""count"": ""39""}]"
https://city2city.ru/orenburg-gaj;Оренбург;Гай;такси Оренбург Гай;110;оренбург гай такси;110;такси ларгус гай оренбург;53;такси гай оренбург ларгус номер;24;"[{""phrase"": ""оренбург гай такси"", ""count"": ""110""}, {""phrase"": ""такси ларгус гай оренбург"", ""count"": ""53""}, {""phrase"": ""такси гай оренбург ларгус номер"", ""count"": ""24""}, {""phrase"": ""такси гай оренбург номера"", ""count"": ""24""}, {""phrase"": ""гай оренбург такси телефон"", ""count"": ""23""}, {""phrase"": ""ларгус гай оренбург телефон такси"", ""count"": ""21""}, {""phrase"": ""такси гай оренбург ларгус номер телефона"", ""count"": ""21""}, {""phrase"": ""оренбург гай такси ларгус расписание"", ""count"": ""19""}]"
https://city2city.ru/orenburg-gornyj;Оренбург;село Горный Щит;такси Оренбург село Горный Щит;0;;0;;0;;0;[]
https://city2city.ru/orenburg-gorodishhe;Оренбург;рабочий посёлок Городище;такси Оренбург рабочий посёлок Городище;0;;0;;0;;0;[]
https://city2city.ru/orenburg-granicza-kazaxstan;Оренбург;52А-3;такси Оренбург 52А-3;0;;0;;0;;0;[]
https://city2city.ru/orenburg-granicza-ukraina;Оренбург;река Старая Граница;такси Оренбург река Старая Граница;0;;0;;0;;0;[]
https://city2city.ru/orenburg-ilinka;Оренбург;село Ильинка;такси Оренбург село Ильинка;1;;0;;0;;0;[]
https://city2city.ru/orenburg-ishimbaj;Оренбург;Ишимбай;такси Оренбург Ишимбай;0;;0;;0;;0;[]
https://city2city.ru/orenburg-izhevsk;Оренбург;Ижевск;такси Оренбург Ижевск;15;такси оренбург ижевск;15;;0;;0;"[{""phrase"": ""такси оренбург ижевск"", ""count"": ""15""}]"
https://city2city.ru/orenburg-kartaly;Оренбург;Карталы;такси Оренбург Карталы;0;;0;;0;;0;[]
https://city2city.ru/orenburg-kazan;Оренбург;Казань;такси Оренбург Казань;180;такси оренбург казань;180;оренбург казань такси цена;27;такси оренбург казань расписание;25;"[{""phrase"": ""такси оренбург казань"", ""count"": ""180""}, {""phrase"": ""оренбург казань такси цена"", ""count"": ""27""}, {""phrase"": ""такси оренбург казань расписание"", ""count"": ""25""}, {""phrase"": ""оренбург казань такси межгород"", ""count"": ""25""}, {""phrase"": ""такси оренбург казань расписание цена"", ""count"": ""19""}]"
https://city2city.ru/orenburg-kinel;Оренбург;Кинель;такси Оренбург Кинель;0;;0;;0;;0;[]
https://city2city.ru/orenburg-kirov;Оренбург;Киров;такси Оренбург Киров;3;;0;;0;;0;[]
https://city2city.ru/orenburg-kumertau;Оренбург;Кумертау;такси Оренбург Кумертау;456;такси кумертау оренбург;456;кумертау оренбург такси телефон;63;такси кумертау оренбург номера;61;"[{""phrase"": ""такси кумертау оренбург"", ""count"": ""456""}, {""phrase"": ""кумертау оренбург такси телефон"", ""count"": ""63""}, {""phrase"": ""такси кумертау оренбург номера"", ""count"": ""61""}, {""phrase"": ""такси кумертау оренбург номера телефонов"", ""count"": ""50""}, {""phrase"": ""такси кумертау оренбург цена"", ""count"": ""34""}, {""phrase"": ""оренбург кумертау такси межгород"", ""count"": ""19""}, {""phrase"": ""такси везет кумертау оренбург"", ""count"": ""8""}, {""phrase"": ""такси оренбург кумертау цена и расписание"", ""count"": ""5""}, {""phrase"": ""такси оренбург кумертау телефон диспетчера"", ""count"": ""5""}]"
https://city2city.ru/orenburg-kurgan;Оренбург;Курган;такси Оренбург Курган;2;;0;;0;;0;[]
https://city2city.ru/orenburg-kuvandyk;Оренбург;Кувандык;такси Оренбург Кувандык;54;такси кувандык оренбург;54;такси оренбург кувандык цена;7;;0;"[{""phrase"": ""такси кувандык оренбург"", ""count"": ""54""}, {""phrase"": ""такси оренбург кувандык цена"", ""count"": ""7""}]"
https://city2city.ru/orenburg-leninogorsk;Оренбург;Лениногорск;такси Оренбург Лениногорск;0;;0;;0;;0;[]
https://city2city.ru/orenburg-magnitogorsk;Оренбург;Магнитогорск;такси Оренбург Магнитогорск;25;такси оренбург магнитогорск;25;;0;;0;"[{""phrase"": ""такси оренбург магнитогорск"", ""count"": ""25""}]"
https://city2city.ru/orenburg-mapp-mashtakovo;Оренбург;село Погодаево;такси Оренбург село Погодаево;0;;0;;0;;0;[]
https://city2city.ru/orenburg-mapp-sagarchin;Оренбург;село Жайсан;такси Оренбург село Жайсан;0;;0;;0;;0;[]
https://city2city.ru/orenburg-mednogorsk;Оренбург;Медногорск;такси Оренбург Медногорск;10;такси медногорск оренбург;10;;0;;0;"[{""phrase"": ""такси медногорск оренбург"", ""count"": ""10""}]"
https://city2city.ru/orenburg-meleuz;Оренбург;Мелеуз;такси Оренбург Мелеуз;215;такси мелеуз оренбург;215;такси оренбург мелеуз телефон;34;такси мелеуз оренбург номера;33;"[{""phrase"": ""такси мелеуз оренбург"", ""count"": ""215""}, {""phrase"": ""такси оренбург мелеуз телефон"", ""count"": ""34""}, {""phrase"": ""такси мелеуз оренбург номера"", ""count"": ""33""}, {""phrase"": ""такси мелеуз оренбург номера телефонов"", ""count"": ""28""}, {""phrase"": ""такси мелеуз оренбург цена"", ""count"": ""15""}]"
https://city2city.ru/orenburg-moskva;Оренбург;Москва;такси Оренбург Москва;136;такси оренбург москва;136;такси москва оренбург цена;27;такси москва оренбург сколько;14;"[{""phrase"": ""такси оренбург москва"", ""count"": ""136""}, {""phrase"": ""такси москва оренбург цена"", ""count"": ""27""}, {""phrase"": ""такси москва оренбург сколько"", ""count"": ""14""}, {""phrase"": ""такси москва оренбург автовокзал"", ""count"": ""6""}, {""phrase"": ""заказать такси из оренбурга в москву"", ""count"": ""5""}]"
https://city2city.ru/orenburg-naberezhnye-chelny;Оренбург;Набережные Челны;такси Оренбург Набережные Челны;31;такси набережные челны оренбург;31;;0;;0;"[{""phrase"": ""такси набережные челны оренбург"", ""count"": ""31""}]"
https://city2city.ru/orenburg-neftekamsk;Оренбург;Нефтекамск;такси Оренбург Нефтекамск;2;;0;;0;;0;[]
https://city2city.ru/orenburg-nikolaevka;Оренбург;деревня Николаевка;такси Оренбург деревня Николаевка;0;;0;;0;;0;[]
https://city2city.ru/orenburg-nizhnekamsk;Оренбург;Нижнекамск;такси Оренбург Нижнекамск;5;;0;;0;;0;[]
https://city2city.ru/orenburg-nizhnevartovsk;Оренбург;Нижневартовск;такси Оренбург Нижневартовск;2;;0;;0;;0;[]
https://city2city.ru/orenburg-nizhnij-novgorod;Оренбург;Нижний Новгород;такси Оренбург Нижний Новгород;9;;0;;0;;0;[]
https://city2city.ru/orenburg-novotroiczk;Оренбург;Новотроицк;такси Оренбург Новотроицк;162;новотроицк оренбург такси;162;такси новотроицк оренбург с адреса до адреса;24;оренбург новотроицк такси телефон;22;"[{""phrase"": ""новотроицк оренбург такси"", ""count"": ""162""}, {""phrase"": ""такси новотроицк оренбург с адреса до адреса"", ""count"": ""24""}, {""phrase"": ""оренбург новотроицк такси телефон"", ""count"": ""22""}, {""phrase"": ""такси новотроицк оренбург цена"", ""count"": ""14""}]"
https://city2city.ru/orenburg-novyj-urengoj;Оренбург;Новый Уренгой;такси Оренбург Новый Уренгой;3;;0;;0;;0;[]
https://city2city.ru/orenburg-oktyabrskij;Оренбург;поселок Октябрьский;такси Оренбург поселок Октябрьский;0;;0;;0;;0;[]
https://city2city.ru/orenburg-oktyabrskij-respublika-bashkortostan;Оренбург;Октябрьский;такси Оренбург Октябрьский;39;такси октябрьский оренбург;39;;0;;0;"[{""phrase"": ""такси октябрьский оренбург"", ""count"": ""39""}]"
https://city2city.ru/orenburg-oktyabrskoe;Оренбург;посёлок городского типа Октябрьское;такси Оренбург посёлок городского типа Октябрьское;0;;0;;0;;0;[]
https://city2city.ru/orenburg-orsk;Оренбург;Орск;такси Оренбург Орск;1062;такси орск оренбург;1062;такси оренбург орск телефон;146;номер такси орск оренбург;117;"[{""phrase"": ""такси орск оренбург"", ""count"": ""1062""}, {""phrase"": ""такси оренбург орск телефон"", ""count"": ""146""}, {""phrase"": ""номер такси орск оренбург"", ""count"": ""117""}, {""phrase"": ""такси орск оренбург номер телефона"", ""count"": ""109""}, {""phrase"": ""такси орск оренбург с адреса до адреса"", ""count"": ""101""}, {""phrase"": ""оренбург орск такси ларгус"", ""count"": ""84""}, {""phrase"": ""такси оренбург орск цена"", ""count"": ""65""}, {""phrase"": ""сколько стоит такси орск оренбург"", ""count"": ""27""}, {""phrase"": ""оренбург орск такси ларгус телефон"", ""count"": ""22""}, {""phrase"": ""такси межгород орск оренбург"", ""count"": ""14""}]"
https://city2city.ru/orenburg-otradnyj;Оренбург;Отрадный;такси Оренбург Отрадный;0;;0;;0;;0;[]
https://city2city.ru/orenburg-pavlovka;Оренбург;посёлок городского типа Павловка;такси Оренбург посёлок городского типа Павловка;0;;0;;0;;0;[]
https://city2city.ru/orenburg-penza;Оренбург;Пенза;такси Оренбург Пенза;1;;0;;0;;0;[]
https://city2city.ru/orenburg-perm;Оренбург;Пермь;такси Оренбург Пермь;14;такси оренбург пермь;14;;0;;0;"[{""phrase"": ""такси оренбург пермь"", ""count"": ""14""}]"
https://city2city.ru/orenburg-pervomajsk;Оренбург;Первомайск;такси Оренбург Первомайск;0;;0;;0;;0;[]
https://city2city.ru/orenburg-pervomajskij;Оренбург;посёлок Первомайский;такси Оренбург посёлок Первомайский;0;;0;;0;;0;[]
https://city2city.ru/orenburg-posyolok-prigorodnyj;Оренбург;посёлок Пригородный;такси Оренбург посёлок Пригородный;0;;0;;0;;0;[]
https://city2city.ru/orenburg-priyutovo;Оренбург;поселок городского типа Приютово;такси Оренбург поселок городского типа Приютово;0;;0;;0;;0;[]
https://city2city.ru/orenburg-rostov-na-donu;Оренбург;Ростов-на-Дону;такси Оренбург Ростов-на-Дону;5;такси ростов на дону оренбург;5;;0;;0;"[{""phrase"": ""такси ростов на дону оренбург"", ""count"": ""5""}]"
https://city2city.ru/orenburg-rovenki;Оренбург;посёлок городского типа Ровеньки;такси Оренбург посёлок городского типа Ровеньки;0;;0;;0;;0;[]
https://city2city.ru/orenburg-salavat;Оренбург;Салават;такси Оренбург Салават;84;такси салават оренбург;84;такси салават оренбург номера телефонов;16;такси салават оренбург стоимость;14;"[{""phrase"": ""такси салават оренбург"", ""count"": ""84""}, {""phrase"": ""такси салават оренбург номера телефонов"", ""count"": ""16""}, {""phrase"": ""такси салават оренбург стоимость"", ""count"": ""14""}, {""phrase"": ""салават оренбург такси межгород"", ""count"": ""7""}, {""phrase"": ""такси салават оренбург стоимость номер телефона"", ""count"": ""6""}]"
https://city2city.ru/orenburg-samara;Оренбург;Самара;такси Оренбург Самара;359;такси оренбург самара;359;такси межгород оренбург самара;51;оренбурге самара такси цена;27;"[{""phrase"": ""такси оренбург самара"", ""count"": ""359""}, {""phrase"": ""такси межгород оренбург самара"", ""count"": ""51""}, {""phrase"": ""оренбурге самара такси цена"", ""count"": ""27""}, {""phrase"": ""такси оренбург самара аэропорт"", ""count"": ""26""}, {""phrase"": ""самара оренбург такси расписание"", ""count"": ""19""}, {""phrase"": ""такси самара оренбург аэропорт курумоч"", ""count"": ""17""}, {""phrase"": ""оренбург самара такси ларгус"", ""count"": ""17""}, {""phrase"": ""маршрутное такси оренбург самара"", ""count"": ""13""}, {""phrase"": ""такси оренбург самара расписание цена"", ""count"": ""12""}, {""phrase"": ""такси оренбург самара ул советская"", ""count"": ""9""}]"
https://city2city.ru/orenburg-sankt-peterburg;Оренбург;Санкт-Петербург;такси Оренбург Санкт-Петербург;10;такси санкт петербург оренбург;10;такси оренбург санкт петербург цена;6;;0;"[{""phrase"": ""такси санкт петербург оренбург"", ""count"": ""10""}, {""phrase"": ""такси оренбург санкт петербург цена"", ""count"": ""6""}]"
https://city2city.ru/orenburg-saratov;Оренбург;Саратов;такси Оренбург Саратов;20;такси саратов оренбург;20;;0;;0;"[{""phrase"": ""такси саратов оренбург"", ""count"": ""20""}]"
https://city2city.ru/orenburg-selo-aleksandrovskoe;Оренбург;село Александровское;такси Оренбург село Александровское;2;;0;;0;;0;[]
https://city2city.ru/orenburg-selo-grachyovka;Оренбург;село Грачёвка;такси Оренбург село Грачёвка;0;;0;;0;;0;[]
https://city2city.ru/orenburg-selo-troiczkoe;Оренбург;село Троицкое;такси Оренбург село Троицкое;0;;0;;0;;0;[]
https://city2city.ru/orenburg-severnyj;Оренбург;посёлок городского типа Северный;такси Оренбург посёлок городского типа Северный;0;;0;;0;;0;[]
https://city2city.ru/orenburg-sibaj;Оренбург;Сибай;такси Оренбург Сибай;28;такси оренбург сибай;28;;0;;0;"[{""phrase"": ""такси оренбург сибай"", ""count"": ""28""}]"
https://city2city.ru/orenburg-sochi;Оренбург;Сочи;такси Оренбург Сочи;2;;0;;0;;0;[]
https://city2city.ru/orenburg-sol-ileczk;Оренбург;Соль-Илецк;такси Оренбург Соль-Илецк;146;такси оренбург соль илецк;146;такси оренбург соль илецк цена;24;стс такси оренбург соль илецк;21;"[{""phrase"": ""такси оренбург соль илецк"", ""count"": ""146""}, {""phrase"": ""такси оренбург соль илецк цена"", ""count"": ""24""}, {""phrase"": ""стс такси оренбург соль илецк"", ""count"": ""21""}, {""phrase"": ""такси оренбург соль илецк номер"", ""count"": ""21""}, {""phrase"": ""такси соль илецк оренбург телефон"", ""count"": ""19""}, {""phrase"": ""сколько стоит такси оренбург соль илецк"", ""count"": ""18""}, {""phrase"": ""стс такси соль илецк оренбург номер"", ""count"": ""17""}, {""phrase"": ""стс такси соль илецк оренбург номер телефона"", ""count"": ""12""}]"
https://city2city.ru/orenburg-sorochinsk;Оренбург;Сорочинск;такси Оренбург Сорочинск;97;такси сорочинск оренбург;97;оренбург сорочинск такси номер;28;сорочинск оренбург такси телефон;25;"[{""phrase"": ""такси сорочинск оренбург"", ""count"": ""97""}, {""phrase"": ""оренбург сорочинск такси номер"", ""count"": ""28""}, {""phrase"": ""сорочинск оренбург такси телефон"", ""count"": ""25""}, {""phrase"": ""такси сорочинск оренбург номер телефона"", ""count"": ""25""}]"
https://city2city.ru/orenburg-staricza;Оренбург;Старица;такси Оренбург Старица;0;;0;;0;;0;[]
https://city2city.ru/orenburg-stepnoe;Оренбург;село Степное;такси Оренбург село Степное;0;;0;;0;;0;[]
https://city2city.ru/orenburg-sterlitamak;Оренбург;Стерлитамак;такси Оренбург Стерлитамак;53;стерлитамак оренбург такси;53;расписание маршрутного такси из стерлитамака в оренбург;5;;0;"[{""phrase"": ""стерлитамак оренбург такси"", ""count"": ""53""}, {""phrase"": ""расписание маршрутного такси из стерлитамака в оренбург"", ""count"": ""5""}]"
https://city2city.ru/orenburg-surgut;Оренбург;Сургут;такси Оренбург Сургут;3;;0;;0;;0;[]
https://city2city.ru/orenburg-svetlyj;Оренбург;поселок Светлый;такси Оренбург поселок Светлый;0;;0;;0;;0;[]
https://city2city.ru/orenburg-syzran;Оренбург;Сызрань;такси Оренбург Сызрань;5;;0;;0;;0;[]
https://city2city.ru/orenburg-tolyatti;Оренбург;Тольятти;такси Оренбург Тольятти;21;оренбург тольятти такси;21;;0;;0;"[{""phrase"": ""оренбург тольятти такси"", ""count"": ""21""}]"
https://city2city.ru/orenburg-troiczk;Оренбург;Троицк;такси Оренбург Троицк;2;;0;;0;;0;[]
https://city2city.ru/orenburg-tujmazy;Оренбург;Туймазы;такси Оренбург Туймазы;4;;0;;0;;0;[]
https://city2city.ru/orenburg-tula;Оренбург;Тула;такси Оренбург Тула;3;;0;;0;;0;[]
https://city2city.ru/orenburg-tyumen;Оренбург;Тюмень;такси Оренбург Тюмень;3;;0;;0;;0;[]
https://city2city.ru/orenburg-uchaly;Оренбург;село Учалы;такси Оренбург село Учалы;0;;0;;0;;0;[]
https://city2city.ru/orenburg-ufa;Оренбург;Уфа;такси Оренбург Уфа;791;такси оренбург уфа;791;такси оренбург уфа цена;113;такси оренбург уфа ларгус;79;"[{""phrase"": ""такси оренбург уфа"", ""count"": ""791""}, {""phrase"": ""такси оренбург уфа цена"", ""count"": ""113""}, {""phrase"": ""такси оренбург уфа ларгус"", ""count"": ""79""}, {""phrase"": ""такси межгород оренбург уфа"", ""count"": ""63""}, {""phrase"": ""оренбург уфа такси ларгус цена"", ""count"": ""59""}, {""phrase"": ""оренбург уфа такси расписание"", ""count"": ""55""}, {""phrase"": ""оренбург уфа аэропорт такси"", ""count"": ""50""}, {""phrase"": ""такси уфа оренбург расписание и цена"", ""count"": ""42""}, {""phrase"": ""такси оренбург уфа сколько стоит"", ""count"": ""25""}, {""phrase"": ""такси уфа оренбург телефоны"", ""count"": ""24""}]"
https://city2city.ru/orenburg-ulyanovsk;Оренбург;Ульяновск;такси Оренбург Ульяновск;10;такси ульяновск оренбург;10;;0;;0;"[{""phrase"": ""такси ульяновск оренбург"", ""count"": ""10""}]"
https://city2city.ru/orenburg-uralskij;Оренбург;посёлок городского типа Уральский;такси Оренбург посёлок городского типа Уральский;0;;0;;0;;0;[]
https://city2city.ru/orenburg-vladimir;Оренбург;Владимир;такси Оренбург Владимир;0;;0;;0;;0;[]
https://city2city.ru/orenburg-volgograd;Оренбург;Волгоград;такси Оренбург Волгоград;5;;0;;0;;0;[]
https://city2city.ru/orenburg-voronezh;Оренбург;Воронеж;такси Оренбург Воронеж;4;;0;;0;;0;[]
https://city2city.ru/orenburg-vyksa;Оренбург;Выкса;такси Оренбург Выкса;0;;0;;0;;0;[]
https://city2city.ru/orenburg-yasnyj;Оренбург;Ясный;такси Оренбург Ясный;66;оренбург ясный такси;66;такси ясный оренбург номер;9;такси оренбург ясный номера телефонов;7;"[{""phrase"": ""оренбург ясный такси"", ""count"": ""66""}, {""phrase"": ""такси ясный оренбург номер"", ""count"": ""9""}, {""phrase"": ""такси оренбург ясный номера телефонов"", ""count"": ""7""}]"
https://city2city.ru/oryol-anapa;Орёл;Анапа;такси Орёл Анапа;1;;0;;0;;0;[]
https://city2city.ru/oryol-belgorod;Орёл;Белгород;такси Орёл Белгород;13;такси белгород орел;13;;0;;0;"[{""phrase"": ""такси белгород орел"", ""count"": ""13""}]"
https://city2city.ru/oryol-belyov;Орёл;Белёв;такси Орёл Белёв;0;;0;;0;;0;[]
https://city2city.ru/oryol-berezniki;Орёл;Березники;такси Орёл Березники;0;;0;;0;;0;[]
https://city2city.ru/oryol-bolxov;Орёл;Болхов;такси Орёл Болхов;15;такси болхов орел;15;;0;;0;"[{""phrase"": ""такси болхов орел"", ""count"": ""15""}]"
https://city2city.ru/oryol-bryansk;Орёл;Брянск;такси Орёл Брянск;30;такси орел брянск;30;;0;;0;"[{""phrase"": ""такси орел брянск"", ""count"": ""30""}]"
https://city2city.ru/oryol-chelyabinsk;Орёл;Челябинск;такси Орёл Челябинск;0;;0;;0;;0;[]
https://city2city.ru/oryol-dmitriev;Орёл;Дмитриев;такси Орёл Дмитриев;2;;0;;0;;0;[]
https://city2city.ru/oryol-dmitrovsk;Орёл;Дмитровск;такси Орёл Дмитровск;3;;0;;0;;0;[]
https://city2city.ru/oryol-efremov;Орёл;Ефремов;такси Орёл Ефремов;0;;0;;0;;0;[]
https://city2city.ru/oryol-ejsk;Орёл;Ейск;такси Орёл Ейск;0;;0;;0;;0;[]
https://city2city.ru/oryol-gelendzhik;Орёл;Геленджик;такси Орёл Геленджик;0;;0;;0;;0;[]
https://city2city.ru/oryol-glazunovka;Орёл;посёлок городского типа Глазуновка;такси Орёл посёлок городского типа Глазуновка;0;;0;;0;;0;[]
https://city2city.ru/oryol-granicza-kazaxstan;Орёл;52А-3;такси Орёл 52А-3;0;;0;;0;;0;[]
https://city2city.ru/oryol-kaluga;Орёл;Калуга;такси Орёл Калуга;14;;0;;0;;0;[]
https://city2city.ru/oryol-karachev;Орёл;Карачев;такси Орёл Карачев;2;;0;;0;;0;[]
https://city2city.ru/oryol-kolpna;Орёл;посёлок городского типа Колпна;такси Орёл посёлок городского типа Колпна;0;;0;;0;;0;[]
https://city2city.ru/oryol-kromy;Орёл;посёлок городского типа Кромы;такси Орёл посёлок городского типа Кромы;0;;0;;0;;0;[]
https://city2city.ru/oryol-lipeczk;Орёл;Липецк;такси Орёл Липецк;11;орел липецк такси;11;;0;;0;"[{""phrase"": ""орел липецк такси"", ""count"": ""11""}]"
https://city2city.ru/oryol-livny;Орёл;Ливны;такси Орёл Ливны;73;такси ливны орел;73;такси ливны орел цена;13;;0;"[{""phrase"": ""такси ливны орел"", ""count"": ""73""}, {""phrase"": ""такси ливны орел цена"", ""count"": ""13""}]"
https://city2city.ru/oryol-maloarxangelsk;Орёл;Малоархангельск;такси Орёл Малоархангельск;9;;0;;0;;0;[]
https://city2city.ru/oryol-mczensk;Орёл;Мценск;такси Орёл Мценск;70;такси орел мценск;70;;0;;0;"[{""phrase"": ""такси орел мценск"", ""count"": ""70""}]"
https://city2city.ru/oryol-moskva;Орёл;Москва;такси Орёл Москва;127;такси орлов москва;138;такси москва орел;127;такси орел москва цена;24;"[{""phrase"": ""такси орлов москва"", ""count"": ""138""}, {""phrase"": ""такси москва орел"", ""count"": ""127""}, {""phrase"": ""такси орел москва цена"", ""count"": ""24""}, {""phrase"": ""сколько стоит такси от москвы до орла"", ""count"": ""17""}, {""phrase"": ""стоимость такси от орла до москвы"", ""count"": ""7""}, {""phrase"": ""авито минивэн такси москва орел"", ""count"": ""6""}]"
https://city2city.ru/oryol-naryshkino;Орёл;деревня Нарышкино;такси Орёл деревня Нарышкино;0;;0;;0;;0;[]
https://city2city.ru/oryol-nizhnij-novgorod;Орёл;Нижний Новгород;такси Орёл Нижний Новгород;3;;0;;0;;0;[]
https://city2city.ru/oryol-novosil;Орёл;Новосиль;такси Орёл Новосиль;9;;0;;0;;0;[]
https://city2city.ru/oryol-obninsk;Орёл;Обнинск;такси Орёл Обнинск;3;;0;;0;;0;[]
https://city2city.ru/oryol-pokrovskoe;Орёл;деревня Покровское;такси Орёл деревня Покровское;0;;0;;0;;0;[]
https://city2city.ru/oryol-rostov-na-donu;Орёл;Ростов-на-Дону;такси Орёл Ростов-на-Дону;1;;0;;0;;0;[]
https://city2city.ru/oryol-ryazan;Орёл;Рязань;такси Орёл Рязань;5;;0;;0;;0;[]
https://city2city.ru/oryol-shablykino;Орёл;посёлок городского типа Шаблыкино;такси Орёл посёлок городского типа Шаблыкино;0;;0;;0;;0;[]
https://city2city.ru/oryol-smolensk;Орёл;Смоленск;такси Орёл Смоленск;24;смоленск орел такси;24;;0;;0;"[{""phrase"": ""смоленск орел такси"", ""count"": ""24""}]"
https://city2city.ru/oryol-tambov;Орёл;Тамбов;такси Орёл Тамбов;3;;0;;0;;0;[]
https://city2city.ru/oryol-tula;Орёл;Тула;такси Орёл Тула;16;такси орел тула;16;;0;;0;"[{""phrase"": ""такси орел тула"", ""count"": ""16""}]"
https://city2city.ru/oryol-verxove;Орёл;посёлок городского типа Верховье;такси Орёл посёлок городского типа Верховье;0;;0;;0;;0;[]
https://city2city.ru/oryol-vladimir;Орёл;Владимир;такси Орёл Владимир;6;;0;;0;;0;[]
https://city2city.ru/oryol-xomutovo;Орёл;посёлок городского типа Хомутово;такси Орёл посёлок городского типа Хомутово;0;;0;;0;;0;[]
https://city2city.ru/oryol-xotynecz;Орёл;посёлок городского типа Хотынец;такси Орёл посёлок городского типа Хотынец;0;;0;;0;;0;[]
https://city2city.ru/oryol-zalegoshh;Орёл;посёлок городского типа Залегощь;такси Орёл посёлок городского типа Залегощь;0;;0;;0;;0;[]
https://city2city.ru/oryol-zheleznogorsk;Орёл;Железногорск;такси Орёл Железногорск;51;такси орел железногорск цена;10;такси из орла в железногорск;10;;0;"[{""phrase"": ""такси орел железногорск цена"", ""count"": ""10""}, {""phrase"": ""такси из орла в железногорск"", ""count"": ""10""}]"
https://city2city.ru/penza-anapa;Пенза;Анапа;такси Пенза Анапа;2;;0;;0;;0;[]
https://city2city.ru/penza-astraxan;Пенза;Астрахань;такси Пенза Астрахань;1;;0;;0;;0;[]
https://city2city.ru/penza-barysh;Пенза;Барыш;такси Пенза Барыш;2;;0;;0;;0;[]
https://city2city.ru/penza-bashmakovo;Пенза;рабочий посёлок Башмаково;такси Пенза рабочий посёлок Башмаково;0;;0;;0;;0;[]
https://city2city.ru/penza-bekovo;Пенза;рабочий посёлок Беково;такси Пенза рабочий посёлок Беково;0;;0;;0;;0;[]
https://city2city.ru/penza-belgorod;Пенза;Белгород;такси Пенза Белгород;6;такси белгород пенза;6;;0;;0;"[{""phrase"": ""такси белгород пенза"", ""count"": ""6""}]"
https://city2city.ru/penza-belinskij;Пенза;Белинский;такси Пенза Белинский;2;;0;;0;;0;[]
https://city2city.ru/penza-chaadaevka;Пенза;село Чаадаевка;такси Пенза село Чаадаевка;0;;0;;0;;0;[]
https://city2city.ru/penza-cheboksary;Пенза;Чебоксары;такси Пенза Чебоксары;23;такси пенза чебоксары;23;;0;;0;"[{""phrase"": ""такси пенза чебоксары"", ""count"": ""23""}]"
https://city2city.ru/penza-chelyabinsk;Пенза;Челябинск;такси Пенза Челябинск;10;;0;;0;;0;[]
https://city2city.ru/penza-chertkovo;Пенза;посёлок городского типа Чертково;такси Пенза посёлок городского типа Чертково;0;;0;;0;;0;[]
https://city2city.ru/penza-elan;Пенза;рабочий посёлок Елань;такси Пенза рабочий посёлок Елань;0;;0;;0;;0;[]
https://city2city.ru/penza-evlashevo;Пенза;посёлок городского типа Евлашево;такси Пенза посёлок городского типа Евлашево;0;;0;;0;;0;[]
https://city2city.ru/penza-gorodishhe-penzenskaya-oblast;Пенза;Городище;такси Пенза Городище;8;;0;;0;;0;[]
https://city2city.ru/penza-granicza-kazaxstan;Пенза;52А-3;такси Пенза 52А-3;0;;0;;0;;0;[]
https://city2city.ru/penza-insar;Пенза;Инсар;такси Пенза Инсар;0;;0;;0;;0;[]
https://city2city.ru/penza-inza;Пенза;Инза;такси Пенза Инза;3;;0;;0;;0;[]
https://city2city.ru/penza-issa;Пенза;посёлок городского типа Исса;такси Пенза посёлок городского типа Исса;0;;0;;0;;0;[]
https://city2city.ru/penza-izhevsk;Пенза;Ижевск;такси Пенза Ижевск;0;;0;;0;;0;[]
https://city2city.ru/penza-joshkar-ola;Пенза;Йошкар-Ола;такси Пенза Йошкар-Ола;4;;0;;0;;0;[]
https://city2city.ru/penza-kabardinka;Пенза;село Кабардинка;такси Пенза село Кабардинка;0;;0;;0;;0;[]
https://city2city.ru/penza-kamenka;Пенза;Каменка;такси Пенза Каменка;34;такси каменка пенза;34;;0;;0;"[{""phrase"": ""такси каменка пенза"", ""count"": ""34""}]"
https://city2city.ru/penza-karsun;Пенза;поселок городского типа Карсун;такси Пенза поселок городского типа Карсун;0;;0;;0;;0;[]
https://city2city.ru/penza-kazan;Пенза;Казань;такси Пенза Казань;11;такси казань пенза;11;;0;;0;"[{""phrase"": ""такси казань пенза"", ""count"": ""11""}]"
https://city2city.ru/penza-kirov;Пенза;Киров;такси Пенза Киров;0;;0;;0;;0;[]
https://city2city.ru/penza-kirsanov;Пенза;Кирсанов;такси Пенза Кирсанов;3;;0;;0;;0;[]
https://city2city.ru/penza-kolyshlej;Пенза;рабочий посёлок Колышлей;такси Пенза рабочий посёлок Колышлей;0;;0;;0;;0;[]
https://city2city.ru/penza-kovylkino;Пенза;Ковылкино;такси Пенза Ковылкино;5;;0;;0;;0;[]
https://city2city.ru/penza-kurgan;Пенза;Курган;такси Пенза Курган;0;;0;;0;;0;[]
https://city2city.ru/penza-kuzneczk;Пенза;Кузнецк;такси Пенза Кузнецк;58;такси пенза кузнецк;58;такси пенза кузнецк стоимость;16;;0;"[{""phrase"": ""такси пенза кузнецк"", ""count"": ""58""}, {""phrase"": ""такси пенза кузнецк стоимость"", ""count"": ""16""}]"
https://city2city.ru/penza-lermontovo;Пенза;село Лермонтово;такси Пенза село Лермонтово;0;;0;;0;;0;[]
https://city2city.ru/penza-lipeczk;Пенза;Липецк;такси Пенза Липецк;8;;0;;0;;0;[]
https://city2city.ru/penza-lunino;Пенза;рабочий посёлок Лунино;такси Пенза рабочий посёлок Лунино;0;;0;;0;;0;[]
https://city2city.ru/penza-millerovo;Пенза;Миллерово;такси Пенза Миллерово;1;;0;;0;;0;[]
https://city2city.ru/penza-mineralnye-vody;Пенза;Минеральные Воды;такси Пенза Минеральные Воды;0;;0;;0;;0;[]
https://city2city.ru/penza-mokshan;Пенза;рабочий посёлок Мокшан;такси Пенза рабочий посёлок Мокшан;0;;0;;0;;0;[]
https://city2city.ru/penza-morshansk;Пенза;Моршанск;такси Пенза Моршанск;1;;0;;0;;0;[]
https://city2city.ru/penza-moskva;Пенза;Москва;такси Пенза Москва;155;такси пенза москва;155;такси москва пенза цена;32;сколько стоит такси из москвы до пензы;16;"[{""phrase"": ""такси пенза москва"", ""count"": ""155""}, {""phrase"": ""такси москва пенза цена"", ""count"": ""32""}, {""phrase"": ""сколько стоит такси из москвы до пензы"", ""count"": ""16""}, {""phrase"": ""такси москва пенза стоимость"", ""count"": ""12""}, {""phrase"": ""такси москва пенза стоимость поездки"", ""count"": ""6""}]"
https://city2city.ru/penza-nikolaevka;Пенза;деревня Николаевка;такси Пенза деревня Николаевка;0;;0;;0;;0;[]
https://city2city.ru/penza-nikolsk;Пенза;село Никольск;такси Пенза село Никольск;0;;0;;0;;0;[]
https://city2city.ru/penza-nizhnij-lomov;Пенза;Нижний Ломов;такси Пенза Нижний Ломов;38;такси нижний ломов пенза;38;;0;;0;"[{""phrase"": ""такси нижний ломов пенза"", ""count"": ""38""}]"
https://city2city.ru/penza-novospasskoe;Пенза;посёлок городского типа Новоспасское;такси Пенза посёлок городского типа Новоспасское;0;;0;;0;;0;[]
https://city2city.ru/penza-oktyabrskij-respublika-bashkortostan;Пенза;Октябрьский;такси Пенза Октябрьский;0;;0;;0;;0;[]
https://city2city.ru/penza-orenburg;Пенза;Оренбург;такси Пенза Оренбург;1;;0;;0;;0;[]
https://city2city.ru/penza-pachelma;Пенза;рабочий посёлок Пачелма;такси Пенза рабочий посёлок Пачелма;0;;0;;0;;0;[]
https://city2city.ru/penza-pavlovka;Пенза;посёлок городского типа Павловка;такси Пенза посёлок городского типа Павловка;0;;0;;0;;0;[]
https://city2city.ru/penza-perm;Пенза;Пермь;такси Пенза Пермь;14;с пенза до перми такси;11;;0;;0;"[{""phrase"": ""с пенза до перми такси"", ""count"": ""11""}]"
https://city2city.ru/penza-petrovsk;Пенза;Петровск;такси Пенза Петровск;8;;0;;0;;0;[]
https://city2city.ru/penza-rossosh;Пенза;Россошь;такси Пенза Россошь;0;;0;;0;;0;[]
https://city2city.ru/penza-rostov-na-donu;Пенза;Ростов-на-Дону;такси Пенза Ростов-на-Дону;1;;0;;0;;0;[]
https://city2city.ru/penza-rtishhevo;Пенза;Ртищево;такси Пенза Ртищево;8;;0;;0;;0;[]
https://city2city.ru/penza-ruzaevka;Пенза;село Рузаевка;такси Пенза село Рузаевка;0;;0;;0;;0;[]
https://city2city.ru/penza-ryazan;Пенза;Рязань;такси Пенза Рязань;3;;0;;0;;0;[]
https://city2city.ru/penza-salavat;Пенза;Салават;такси Пенза Салават;0;;0;;0;;0;[]
https://city2city.ru/penza-samara;Пенза;Самара;такси Пенза Самара;36;такси самара пенза;36;;0;;0;"[{""phrase"": ""такси самара пенза"", ""count"": ""36""}]"
https://city2city.ru/penza-sankt-peterburg;Пенза;Санкт-Петербург;такси Пенза Санкт-Петербург;2;;0;;0;;0;[]
https://city2city.ru/penza-saransk;Пенза;Саранск;такси Пенза Саранск;68;такси пенза саранск;68;сколько стоит такси саранск пенза;15;такси саранск пенза стоимость;11;"[{""phrase"": ""такси пенза саранск"", ""count"": ""68""}, {""phrase"": ""сколько стоит такси саранск пенза"", ""count"": ""15""}, {""phrase"": ""такси саранск пенза стоимость"", ""count"": ""11""}, {""phrase"": ""такси пенза саранск цена"", ""count"": ""10""}]"
https://city2city.ru/penza-sarov;Пенза;Саров;такси Пенза Саров;1;;0;;0;;0;[]
https://city2city.ru/penza-serdobsk;Пенза;Сердобск;такси Пенза Сердобск;65;такси сердобск пенза;65;такси г сердобск до пензы цена;6;заказать такси от сердобск до пензы;5;"[{""phrase"": ""такси сердобск пенза"", ""count"": ""65""}, {""phrase"": ""такси г сердобск до пензы цена"", ""count"": ""6""}, {""phrase"": ""заказать такси от сердобск до пензы"", ""count"": ""5""}]"
https://city2city.ru/penza-sevastopol;Пенза;Севастополь;такси Пенза Севастополь;1;;0;;0;;0;[]
https://city2city.ru/penza-shaczk;Пенза;Шацк;такси Пенза Шацк;0;;0;;0;;0;[]
https://city2city.ru/penza-shemyshejka;Пенза;посёлок городского типа Шемышейка;такси Пенза посёлок городского типа Шемышейка;0;;0;;0;;0;[]
https://city2city.ru/penza-sochi;Пенза;Сочи;такси Пенза Сочи;5;;0;;0;;0;[]
https://city2city.ru/penza-sosnovka;Пенза;Сосновка;такси Пенза Сосновка;0;;0;;0;;0;[]
https://city2city.ru/penza-sosnovoborsk;Пенза;рабочий посёлок Сосновоборск;такси Пенза рабочий посёлок Сосновоборск;0;;0;;0;;0;[]
https://city2city.ru/penza-spassk;Пенза;Спасск;такси Пенза Спасск;9;;0;;0;;0;[]
https://city2city.ru/penza-sursk;Пенза;Сурск;такси Пенза Сурск;6;;0;;0;;0;[]
https://city2city.ru/penza-syzran;Пенза;Сызрань;такси Пенза Сызрань;3;;0;;0;;0;[]
https://city2city.ru/penza-tamala;Пенза;рабочий посёлок Тамала;такси Пенза рабочий посёлок Тамала;0;;0;;0;;0;[]
https://city2city.ru/penza-tambov;Пенза;Тамбов;такси Пенза Тамбов;33;такси пенза тамбов;33;;0;;0;"[{""phrase"": ""такси пенза тамбов"", ""count"": ""33""}]"
https://city2city.ru/penza-tolyatti;Пенза;Тольятти;такси Пенза Тольятти;11;пенза тольятти такси;11;;0;;0;"[{""phrase"": ""пенза тольятти такси"", ""count"": ""11""}]"
https://city2city.ru/penza-torbeevo;Пенза;посёлок городского типа Торбеево;такси Пенза посёлок городского типа Торбеево;0;;0;;0;;0;[]
https://city2city.ru/penza-tula;Пенза;Тула;такси Пенза Тула;1;;0;;0;;0;[]
https://city2city.ru/penza-ufa;Пенза;Уфа;такси Пенза Уфа;3;;0;;0;;0;[]
https://city2city.ru/penza-ulyanovsk;Пенза;Ульяновск;такси Пенза Ульяновск;30;такси ульяновск пенза;30;;0;;0;"[{""phrase"": ""такси ульяновск пенза"", ""count"": ""30""}]"
https://city2city.ru/penza-volgograd;Пенза;Волгоград;такси Пенза Волгоград;6;;0;;0;;0;[]
https://city2city.ru/penza-volsk;Пенза;Вольск;такси Пенза Вольск;0;;0;;0;;0;[]
https://city2city.ru/penza-voronezh;Пенза;Воронеж;такси Пенза Воронеж;21;такси пенза воронеж;21;;0;;0;"[{""phrase"": ""такси пенза воронеж"", ""count"": ""21""}]"
https://city2city.ru/penza-xvalynsk;Пенза;Хвалынск;такси Пенза Хвалынск;0;;0;;0;;0;[]
https://city2city.ru/penza-yavas;Пенза;рабочий посёлок Явас;такси Пенза рабочий посёлок Явас;0;;0;;0;;0;[]
https://city2city.ru/penza-zarechnyj-penzenskaya-oblast;Пенза;Заречный;такси Пенза Заречный;56;такси заречный пенза;56;;0;;0;"[{""phrase"": ""такси заречный пенза"", ""count"": ""56""}]"
https://city2city.ru/penza-zemetchino;Пенза;рабочий посёлок Земетчино;такси Пенза рабочий посёлок Земетчино;0;;0;;0;;0;[]
https://city2city.ru/penza-zolotaryovka;Пенза;рабочий посёлок Золотарёвка;такси Пенза рабочий посёлок Золотарёвка;0;;0;;0;;0;[]
https://city2city.ru/penza-zubova-polyana;Пенза;посёлок городского типа Зубова Поляна;такси Пенза посёлок городского типа Зубова Поляна;0;;0;;0;;0;[]
https://city2city.ru/perm-achit;Пермь;посёлок городского типа Ачит;такси Пермь посёлок городского типа Ачит;0;;0;;0;;0;[]
https://city2city.ru/perm-adler;Пермь;Адлер;такси Пермь Адлер;0;;0;;0;;0;[]
https://city2city.ru/perm-afanasevo;Пермь;посёлок городского типа Афанасьево;такси Пермь посёлок городского типа Афанасьево;0;;0;;0;;0;[]
https://city2city.ru/perm-aleksandrovsk;Пермь;Александровск;такси Пермь Александровск;1;;0;;0;;0;[]
https://city2city.ru/perm-almetevsk;Пермь;Альметьевск;такси Пермь Альметьевск;0;;0;;0;;0;[]
https://city2city.ru/perm-anapa;Пермь;Анапа;такси Пермь Анапа;1;;0;;0;;0;[]
https://city2city.ru/perm-belebej;Пермь;Белебей;такси Пермь Белебей;0;;0;;0;;0;[]
https://city2city.ru/perm-bereznik;Пермь;рабочий посёлок Березник;такси Пермь рабочий посёлок Березник;0;;0;;0;;0;[]
https://city2city.ru/perm-berezniki;Пермь;Березники;такси Пермь Березники;79;такси пермь березники;79;такси пермь березники цена;21;пермь березники такси стоимость;11;"[{""phrase"": ""такси пермь березники"", ""count"": ""79""}, {""phrase"": ""такси пермь березники цена"", ""count"": ""21""}, {""phrase"": ""пермь березники такси стоимость"", ""count"": ""11""}]"
https://city2city.ru/perm-chajkovskij;Пермь;Чайковский;такси Пермь Чайковский;36;такси чайковском пермь;36;;0;;0;"[{""phrase"": ""такси чайковском пермь"", ""count"": ""36""}]"
https://city2city.ru/perm-chebarkul;Пермь;Чебаркуль;такси Пермь Чебаркуль;9;стоимость такси из перми до челябинска чебаркуль;6;;0;;0;"[{""phrase"": ""стоимость такси из перми до челябинска чебаркуль"", ""count"": ""6""}]"
https://city2city.ru/perm-cherdyn;Пермь;Чердынь;такси Пермь Чердынь;3;;0;;0;;0;[]
https://city2city.ru/perm-chusovoj;Пермь;Чусовой;такси Пермь Чусовой;23;такси пермь чусовой;23;;0;;0;"[{""phrase"": ""такси пермь чусовой"", ""count"": ""23""}]"
https://city2city.ru/perm-chyormoz;Пермь;Чёрмоз;такси Пермь Чёрмоз;2;;0;;0;;0;[]
https://city2city.ru/perm-dobryanka;Пермь;Добрянка;такси Пермь Добрянка;34;такси добрянка пермь;34;;0;;0;"[{""phrase"": ""такси добрянка пермь"", ""count"": ""34""}]"
https://city2city.ru/perm-ekaterinburg;Пермь;Екатеринбург;такси Пермь Екатеринбург;129;такси екатеринбург пермь;129;такси пермь екатеринбург цена;25;пермь екатеринбург такси сколько стоит;17;"[{""phrase"": ""такси екатеринбург пермь"", ""count"": ""129""}, {""phrase"": ""такси пермь екатеринбург цена"", ""count"": ""25""}, {""phrase"": ""пермь екатеринбург такси сколько стоит"", ""count"": ""17""}, {""phrase"": ""такси пермь екатеринбург стоимость"", ""count"": ""12""}]"
https://city2city.ru/perm-elabuga;Пермь;Елабуга;такси Пермь Елабуга;1;;0;;0;;0;[]
https://city2city.ru/perm-gari;Пермь;посёлок городского типа Гари;такси Пермь посёлок городского типа Гари;0;;0;;0;;0;[]
https://city2city.ru/perm-glazov;Пермь;Глазов;такси Пермь Глазов;4;;0;;0;;0;[]
https://city2city.ru/perm-granicza-kazaxstan;Пермь;52А-3;такси Пермь 52А-3;0;;0;;0;;0;[]
https://city2city.ru/perm-granicza-ukraina;Пермь;река Старая Граница;такси Пермь река Старая Граница;0;;0;;0;;0;[]
https://city2city.ru/perm-gremyachinsk;Пермь;Гремячинск;такси Пермь Гремячинск;3;;0;;0;;0;[]
https://city2city.ru/perm-gubaxa;Пермь;Губаха;такси Пермь Губаха;67;такси пермь губаха;67;;0;;0;"[{""phrase"": ""такси пермь губаха"", ""count"": ""67""}]"
https://city2city.ru/perm-izhevsk;Пермь;Ижевск;такси Пермь Ижевск;39;такси пермь ижевск;39;;0;;0;"[{""phrase"": ""такси пермь ижевск"", ""count"": ""39""}]"
https://city2city.ru/perm-kachkanar;Пермь;Качканар;такси Пермь Качканар;5;;0;;0;;0;[]
https://city2city.ru/perm-kambarka;Пермь;Камбарка;такси Пермь Камбарка;0;;0;;0;;0;[]
https://city2city.ru/perm-kazan;Пермь;Казань;такси Пермь Казань;17;такси казань пермь;17;;0;;0;"[{""phrase"": ""такси казань пермь"", ""count"": ""17""}]"
https://city2city.ru/perm-kirov;Пермь;Киров;такси Пермь Киров;17;такси пермь киров;17;из кирова до перми на такси частники;5;;0;"[{""phrase"": ""такси пермь киров"", ""count"": ""17""}, {""phrase"": ""из кирова до перми на такси частники"", ""count"": ""5""}]"
https://city2city.ru/perm-kirs;Пермь;Кирс;такси Пермь Кирс;0;;0;;0;;0;[]
https://city2city.ru/perm-kizel;Пермь;Кизел;такси Пермь Кизел;6;;0;;0;;0;[]
https://city2city.ru/perm-krasnokamsk;Пермь;Краснокамск;такси Пермь Краснокамск;56;такси краснокамск пермь;56;;0;;0;"[{""phrase"": ""такси краснокамск пермь"", ""count"": ""56""}]"
https://city2city.ru/perm-krasnovishersk;Пермь;Красновишерск;такси Пермь Красновишерск;7;;0;;0;;0;[]
https://city2city.ru/perm-kudymkar;Пермь;Кудымкар;такси Пермь Кудымкар;28;такси кудымкар пермь;28;;0;;0;"[{""phrase"": ""такси кудымкар пермь"", ""count"": ""28""}]"
https://city2city.ru/perm-kungur;Пермь;Кунгур;такси Пермь Кунгур;47;такси кунгур пермь;47;такси пермь кунгур цена;13;такси кунгур до аэропорта пермь;5;"[{""phrase"": ""такси кунгур пермь"", ""count"": ""47""}, {""phrase"": ""такси пермь кунгур цена"", ""count"": ""13""}, {""phrase"": ""такси кунгур до аэропорта пермь"", ""count"": ""5""}]"
https://city2city.ru/perm-kurgan;Пермь;Курган;такси Пермь Курган;6;;0;;0;;0;[]
https://city2city.ru/perm-kuse-aleksandrovskij;Пермь;рабочий посёлок Кусье-Александровский;такси Пермь рабочий посёлок Кусье-Александровский;0;;0;;0;;0;[]
https://city2city.ru/perm-lysva;Пермь;Лысьва;такси Пермь Лысьва;61;такси пермь лысьва;61;;0;;0;"[{""phrase"": ""такси пермь лысьва"", ""count"": ""61""}]"
https://city2city.ru/perm-magnitogorsk;Пермь;Магнитогорск;такси Пермь Магнитогорск;1;;0;;0;;0;[]
https://city2city.ru/perm-moskva;Пермь;Москва;такси Пермь Москва;113;перми москва такси;113;такси москва пермь цена;18;пермь москва такси сколько стоит;15;"[{""phrase"": ""перми москва такси"", ""count"": ""113""}, {""phrase"": ""такси москва пермь цена"", ""count"": ""18""}, {""phrase"": ""пермь москва такси сколько стоит"", ""count"": ""15""}]"
https://city2city.ru/perm-naberezhnye-chelny;Пермь;Набережные Челны;такси Пермь Набережные Челны;5;;0;;0;;0;[]
https://city2city.ru/perm-neftekamsk;Пермь;Нефтекамск;такси Пермь Нефтекамск;5;;0;;0;;0;[]
https://city2city.ru/perm-nizhnekamsk;Пермь;Нижнекамск;такси Пермь Нижнекамск;2;;0;;0;;0;[]
https://city2city.ru/perm-novaya-lyada;Пермь;рабочий посёлок Новая Ляда;такси Пермь рабочий посёлок Новая Ляда;0;;0;;0;;0;[]
https://city2city.ru/perm-novoilinskij;Пермь;рабочий посёлок Новоильинский;такси Пермь рабочий посёлок Новоильинский;0;;0;;0;;0;[]
https://city2city.ru/perm-nyrob;Пермь;рабочий посёлок Ныроб;такси Пермь рабочий посёлок Ныроб;0;;0;;0;;0;[]
https://city2city.ru/perm-nytva;Пермь;Нытва;такси Пермь Нытва;22;такси пермь нытва;22;;0;;0;"[{""phrase"": ""такси пермь нытва"", ""count"": ""22""}]"
https://city2city.ru/perm-ochyor;Пермь;Очёр;такси Пермь Очёр;22;такси пермь очер;22;;0;;0;"[{""phrase"": ""такси пермь очер"", ""count"": ""22""}]"
https://city2city.ru/perm-oktyabrskij-respublika-bashkortostan;Пермь;Октябрьский;такси Пермь Октябрьский;21;такси пермь октябрьский;21;такси октябрьский пермский край пермь;8;;0;"[{""phrase"": ""такси пермь октябрьский"", ""count"": ""21""}, {""phrase"": ""такси октябрьский пермский край пермь"", ""count"": ""8""}]"
https://city2city.ru/perm-orenburg;Пермь;Оренбург;такси Пермь Оренбург;14;такси оренбург пермь;14;;0;;0;"[{""phrase"": ""такси оренбург пермь"", ""count"": ""14""}]"
https://city2city.ru/perm-osa;Пермь;Оса;такси Пермь Оса;12;такси оса пермь;12;;0;;0;"[{""phrase"": ""такси оса пермь"", ""count"": ""12""}]"
https://city2city.ru/perm-overyata;Пермь;посёлок городского типа Оверята;такси Пермь посёлок городского типа Оверята;0;;0;;0;;0;[]
https://city2city.ru/perm-oxansk;Пермь;Оханск;такси Пермь Оханск;28;пермь оханск такси;28;такси оханск пермь переправа;8;;0;"[{""phrase"": ""пермь оханск такси"", ""count"": ""28""}, {""phrase"": ""такси оханск пермь переправа"", ""count"": ""8""}]"
https://city2city.ru/perm-pashiya;Пермь;рабочий посёлок Пашия;такси Пермь рабочий посёлок Пашия;0;;0;;0;;0;[]
https://city2city.ru/perm-pavlovsk;Пермь;Павловск;такси Пермь Павловск;0;;0;;0;;0;[]
https://city2city.ru/perm-pervouralsk;Пермь;Первоуральск;такси Пермь Первоуральск;0;;0;;0;;0;[]
https://city2city.ru/perm-polazna;Пермь;посёлок городского типа Полазна;такси Пермь посёлок городского типа Полазна;0;;0;;0;;0;[]
https://city2city.ru/perm-sankt-peterburg;Пермь;Санкт-Петербург;такси Пермь Санкт-Петербург;6;;0;;0;;0;[]
https://city2city.ru/perm-sarany;Пермь;рабочий посёлок Сараны;такси Пермь рабочий посёлок Сараны;0;;0;;0;;0;[]
https://city2city.ru/perm-saratov;Пермь;Саратов;такси Пермь Саратов;12;такси саратов пермь;12;;0;;0;"[{""phrase"": ""такси саратов пермь"", ""count"": ""12""}]"
https://city2city.ru/perm-sars;Пермь;деревня Большой Сарс;такси Пермь деревня Большой Сарс;0;;0;;0;;0;[]
https://city2city.ru/perm-savino;Пермь;деревня Савино;такси Пермь деревня Савино;0;;0;;0;;0;[]
https://city2city.ru/perm-serov;Пермь;Серов;такси Пермь Серов;0;;0;;0;;0;[]
https://city2city.ru/perm-sevastopol;Пермь;Севастополь;такси Пермь Севастополь;5;;0;;0;;0;[]
https://city2city.ru/perm-sibaj;Пермь;Сибай;такси Пермь Сибай;1;;0;;0;;0;[]
https://city2city.ru/perm-simferopol;Пермь;Симферополь;такси Пермь Симферополь;1;;0;;0;;0;[]
https://city2city.ru/perm-skalnyj;Пермь;рабочий посёлок Скальный;такси Пермь рабочий посёлок Скальный;0;;0;;0;;0;[]
https://city2city.ru/perm-sochi;Пермь;Сочи;такси Пермь Сочи;6;;0;;0;;0;[]
https://city2city.ru/perm-sokol;Пермь;Сокол;такси Пермь Сокол;2;;0;;0;;0;[]
https://city2city.ru/perm-solikamsk;Пермь;Соликамск;такси Пермь Соликамск;58;такси пермь соликамск;58;такси пермь соликамск цена;17;;0;"[{""phrase"": ""такси пермь соликамск"", ""count"": ""58""}, {""phrase"": ""такси пермь соликамск цена"", ""count"": ""17""}]"
https://city2city.ru/perm-sosnovyj-bor;Пермь;посёлок городского типа Сосновый Бор;такси Пермь посёлок городского типа Сосновый Бор;0;;0;;0;;0;[]
https://city2city.ru/perm-suksun;Пермь;рабочий посёлок Суксун;такси Пермь рабочий посёлок Суксун;0;;0;;0;;0;[]
https://city2city.ru/perm-tambov;Пермь;Тамбов;такси Пермь Тамбов;2;;0;;0;;0;[]
https://city2city.ru/perm-tyoplaya-gora;Пермь;рабочий посёлок Тёплая Гора;такси Пермь рабочий посёлок Тёплая Гора;0;;0;;0;;0;[]
https://city2city.ru/perm-uchaly;Пермь;село Учалы;такси Пермь село Учалы;0;;0;;0;;0;[]
https://city2city.ru/perm-ufa;Пермь;Уфа;такси Пермь Уфа;97;уфа пермь такси;97;такси уфа пермь межгород;23;;0;"[{""phrase"": ""уфа пермь такси"", ""count"": ""97""}, {""phrase"": ""такси уфа пермь межгород"", ""count"": ""23""}]"
https://city2city.ru/perm-ulyanovsk;Пермь;Ульяновск;такси Пермь Ульяновск;9;такси ульяновск пермь;9;;0;;0;"[{""phrase"": ""такси ульяновск пермь"", ""count"": ""9""}]"
https://city2city.ru/perm-uralskij;Пермь;посёлок городского типа Уральский;такси Пермь посёлок городского типа Уральский;0;;0;;0;;0;[]
https://city2city.ru/perm-usole;Пермь;Усолье;такси Пермь Усолье;0;;0;;0;;0;[]
https://city2city.ru/perm-usva;Пермь;посёлок городского типа Усьва;такси Пермь посёлок городского типа Усьва;0;;0;;0;;0;[]
https://city2city.ru/perm-vereshhagino;Пермь;Верещагино;такси Пермь Верещагино;29;пермь верещагино такси;29;;0;;0;"[{""phrase"": ""пермь верещагино такси"", ""count"": ""29""}]"
https://city2city.ru/perm-volgograd;Пермь;Волгоград;такси Пермь Волгоград;4;;0;;0;;0;[]
https://city2city.ru/perm-voronezh;Пермь;Воронеж;такси Пермь Воронеж;5;;0;;0;;0;[]
https://city2city.ru/perm-votkinsk;Пермь;Воткинск;такси Пермь Воткинск;21;такси пермь воткинск;21;такси мост воткинск пермь аэропорт цена;11;;0;"[{""phrase"": ""такси пермь воткинск"", ""count"": ""21""}, {""phrase"": ""такси мост воткинск пермь аэропорт цена"", ""count"": ""11""}]"
https://city2city.ru/perm-vsevolodo-vilva;Пермь;рабочий посёлок Всеволодо-Вильва;такси Пермь рабочий посёлок Всеволодо-Вильва;0;;0;;0;;0;[]
https://city2city.ru/perm-xoxlovo;Пермь;рабочий посёлок Хохлово;такси Пермь рабочий посёлок Хохлово;0;;0;;0;;0;[]
https://city2city.ru/perm-yajva;Пермь;рабочий посёлок Яйва;такси Пермь рабочий посёлок Яйва;0;;0;;0;;0;[]
https://city2city.ru/perm-yaroslavl;Пермь;Ярославль;такси Пермь Ярославль;2;;0;;0;;0;[]
https://city2city.ru/perm-zvyozdnyj;Пермь;посёлок городского типа Звёздный;такси Пермь посёлок городского типа Звёздный;0;;0;;0;;0;[]
https://city2city.ru/petrozavodsk-app-ivangorod;Петрозаводск;Ивангород;такси Петрозаводск Ивангород;0;;0;;0;;0;[]
https://city2city.ru/petrozavodsk-app-lyuttya;Петрозаводск;Костомукша;такси Петрозаводск Костомукша;7;такси костомукша петрозаводск;7;;0;;0;"[{""phrase"": ""такси костомукша петрозаводск"", ""count"": ""7""}]"
https://city2city.ru/petrozavodsk-belomorsk;Петрозаводск;Беломорск;такси Петрозаводск Беломорск;4;;0;;0;;0;[]
https://city2city.ru/petrozavodsk-boksitogorsk;Петрозаводск;Бокситогорск;такси Петрозаводск Бокситогорск;1;;0;;0;;0;[]
https://city2city.ru/petrozavodsk-ivangorod;Петрозаводск;Ивангород;такси Петрозаводск Ивангород;0;;0;;0;;0;[]
https://city2city.ru/petrozavodsk-kalevala;Петрозаводск;посёлок городского типа Калевала;такси Петрозаводск посёлок городского типа Калевала;0;;0;;0;;0;[]
https://city2city.ru/petrozavodsk-kem;Петрозаводск;Кемь;такси Петрозаводск Кемь;11;кемь петрозаводск такси;11;;0;;0;"[{""phrase"": ""кемь петрозаводск такси"", ""count"": ""11""}]"
https://city2city.ru/petrozavodsk-kondopoga;Петрозаводск;Кондопога;такси Петрозаводск Кондопога;61;такси кондопога петрозаводск;61;сколько стоит такси с петрозаводска до кондопоги;7;карелия кондопога маршрутное такси петрозаводск кондопога расписание;7;"[{""phrase"": ""такси кондопога петрозаводск"", ""count"": ""61""}, {""phrase"": ""сколько стоит такси с петрозаводска до кондопоги"", ""count"": ""7""}, {""phrase"": ""карелия кондопога маршрутное такси петрозаводск кондопога расписание"", ""count"": ""7""}]"
https://city2city.ru/petrozavodsk-kostomuksha;Петрозаводск;Костомукша;такси Петрозаводск Костомукша;7;такси костомукша петрозаводск;7;;0;;0;"[{""phrase"": ""такси костомукша петрозаводск"", ""count"": ""7""}]"
https://city2city.ru/petrozavodsk-kursk;Петрозаводск;Курск;такси Петрозаводск Курск;2;;0;;0;;0;[]
https://city2city.ru/petrozavodsk-louxi;Петрозаводск;посёлок городского типа Лоухи;такси Петрозаводск посёлок городского типа Лоухи;0;;0;;0;;0;[]
https://city2city.ru/petrozavodsk-medvezhegorsk;Петрозаводск;Медвежьегорск;такси Петрозаводск Медвежьегорск;23;такси петрозаводск медвежьегорск;23;;0;;0;"[{""phrase"": ""такси петрозаводск медвежьегорск"", ""count"": ""23""}]"
https://city2city.ru/petrozavodsk-muezerskij;Петрозаводск;посёлок городского типа Муезерский;такси Петрозаводск посёлок городского типа Муезерский;0;;0;;0;;0;[]
https://city2city.ru/petrozavodsk-olonecz;Петрозаводск;Олонец;такси Петрозаводск Олонец;5;;0;;0;;0;[]
https://city2city.ru/petrozavodsk-pechory;Петрозаводск;Печоры;такси Петрозаводск Печоры;0;;0;;0;;0;[]
https://city2city.ru/petrozavodsk-pitkyaranta;Петрозаводск;Питкяранта;такси Петрозаводск Питкяранта;3;;0;;0;;0;[]
https://city2city.ru/petrozavodsk-podporozhe;Петрозаводск;Подпорожье;такси Петрозаводск Подпорожье;1;;0;;0;;0;[]
https://city2city.ru/petrozavodsk-pryazha;Петрозаводск;Павлова Пряжа;такси Петрозаводск Павлова Пряжа;0;;0;;0;;0;[]
https://city2city.ru/petrozavodsk-pudozh;Петрозаводск;Пудож;такси Петрозаводск Пудож;4;;0;;0;;0;[]
https://city2city.ru/petrozavodsk-sankt-peterburg;Петрозаводск;Санкт-Петербург;такси Петрозаводск Санкт-Петербург;45;такси петрозаводск санкт петербург;45;такси петрозаводск санкт петербург стоимость;12;;0;"[{""phrase"": ""такси петрозаводск санкт петербург"", ""count"": ""45""}, {""phrase"": ""такси петрозаводск санкт петербург стоимость"", ""count"": ""12""}]"
https://city2city.ru/petrozavodsk-shuya;Петрозаводск;Шуя;такси Петрозаводск Шуя;1;;0;;0;;0;[]
https://city2city.ru/petrozavodsk-sortavala;Петрозаводск;Сортавала;такси Петрозаводск Сортавала;45;петрозаводск сортавала такси;45;такси петрозаводск сортавала цена;8;;0;"[{""phrase"": ""петрозаводск сортавала такси"", ""count"": ""45""}, {""phrase"": ""такси петрозаводск сортавала цена"", ""count"": ""8""}]"
https://city2city.ru/petrozavodsk-suoyarvi;Петрозаводск;Суоярви;такси Петрозаводск Суоярви;7;;0;;0;;0;[]
https://city2city.ru/petrozavodsk-voronezh;Петрозаводск;Воронеж;такси Петрозаводск Воронеж;0;;0;;0;;0;[]
https://city2city.ru/petrozavodsk-voznesene;Петрозаводск;городской посёлок Вознесенье;такси Петрозаводск городской посёлок Вознесенье;0;;0;;0;;0;[]
https://city2city.ru/petrozavodsk-vyartsilya;Петрозаводск;посёлок городского типа Вяртсиля;такси Петрозаводск посёлок городского типа Вяртсиля;0;;0;;0;;0;[]
https://city2city.ru/petrozavodsk-vytegra;Петрозаводск;Вытегра;такси Петрозаводск Вытегра;4;;0;;0;;0;[]
https://city2city.ru/pskov-app-brunishevo;Псков;поселок Кендеши;такси Псков поселок Кендеши;0;;0;;0;;0;[]
https://city2city.ru/pskov-app-burachki;Псков;Терехова;такси Псков Терехова;1;;0;;0;;0;[]
https://city2city.ru/pskov-app-kunichina-gora;Псков;посёлок Куничина Гора;такси Псков посёлок Куничина Гора;0;;0;;0;;0;[]
https://city2city.ru/pskov-app-ludonka;Псков;деревня Новая Лудонка;такси Псков деревня Новая Лудонка;0;;0;;0;;0;[]
https://city2city.ru/pskov-app-lyuttya;Псков;Костомукша;такси Псков Костомукша;0;;0;;0;;0;[]
https://city2city.ru/pskov-belgorod;Псков;Белгород;такси Псков Белгород;2;;0;;0;;0;[]
https://city2city.ru/pskov-bezhaniczy;Псков;посёлок городского типа Бежаницы;такси Псков посёлок городского типа Бежаницы;0;;0;;0;;0;[]
https://city2city.ru/pskov-borovichi;Псков;Боровичи;такси Псков Боровичи;0;;0;;0;;0;[]
https://city2city.ru/pskov-dedovichi;Псков;посёлок городского типа Дедовичи;такси Псков посёлок городского типа Дедовичи;0;;0;;0;;0;[]
https://city2city.ru/pskov-gdov;Псков;Гдов;такси Псков Гдов;11;;0;;0;;0;[]
https://city2city.ru/pskov-granicza-estoniya;Псков;23113;такси Псков 23113;0;;0;;0;;0;[]
https://city2city.ru/pskov-granicza-latviya;Псков;А3;такси Псков А3;0;;0;;0;;0;[]
https://city2city.ru/pskov-granicza-litva;Псков;103;такси Псков 103;0;;0;;0;;0;[]
https://city2city.ru/pskov-idricza;Псков;посёлок городского типа Идрица;такси Псков посёлок городского типа Идрица;0;;0;;0;;0;[]
https://city2city.ru/pskov-ivangorod;Псков;Ивангород;такси Псков Ивангород;1;;0;;0;;0;[]
https://city2city.ru/pskov-kingisep-2;Псков;Кингисепп;такси Псков Кингисепп;1;;0;;0;;0;[]
https://city2city.ru/pskov-klin;Псков;Клин;такси Псков Клин;0;;0;;0;;0;[]
https://city2city.ru/pskov-kpp_shumilkino;Псков;деревня Горланово;такси Псков деревня Горланово;0;;0;;0;;0;[]
https://city2city.ru/pskov-kpp_ubylinka;Псков;деревня Уболенка;такси Псков деревня Уболенка;0;;0;;0;;0;[]
https://city2city.ru/pskov-krasnogorodsk;Псков;посёлок городского типа Красногородск;такси Псков посёлок городского типа Красногородск;0;;0;;0;;0;[]
https://city2city.ru/pskov-kunya;Псков;рабочий посёлок Кунья;такси Псков рабочий посёлок Кунья;0;;0;;0;;0;[]
https://city2city.ru/pskov-kursk;Псков;Курск;такси Псков Курск;6;;0;;0;;0;[]
https://city2city.ru/pskov-lipeczk;Псков;Липецк;такси Псков Липецк;5;;0;;0;;0;[]
https://city2city.ru/pskov-loknya;Псков;рабочий посёлок Локня;такси Псков рабочий посёлок Локня;0;;0;;0;;0;[]
https://city2city.ru/pskov-luga;Псков;Луга;такси Псков Луга;5;;0;;0;;0;[]
https://city2city.ru/pskov-moskva;Псков;Москва;такси Псков Москва;50;такси москва псков;50;такси псков москва сколько стоит;5;такси псков москва стоимость;4;"[{""phrase"": ""такси москва псков"", ""count"": ""50""}, {""phrase"": ""такси псков москва сколько стоит"", ""count"": ""5""}, {""phrase"": ""такси псков москва стоимость"", ""count"": ""4""}, {""phrase"": ""такси москва псков цена"", ""count"": ""3""}]"
https://city2city.ru/pskov-nebel;Псков;Невель;такси Псков Невель;2;;0;;0;;0;[]
https://city2city.ru/pskov-novorzhev;Псков;Новоржев;такси Псков Новоржев;7;;0;;0;;0;[]
https://city2city.ru/pskov-okulovka;Псков;деревня Окуловка;такси Псков деревня Окуловка;0;;0;;0;;0;[]
https://city2city.ru/pskov-opochka;Псков;Опочка;такси Псков Опочка;10;;0;;0;;0;[]
https://city2city.ru/pskov-oryol;Псков;Орёл;такси Псков Орёл;0;;0;;0;;0;[]
https://city2city.ru/pskov-ostrov;Псков;Остров;такси Псков Остров;44;такси остров псков;44;;0;;0;"[{""phrase"": ""такси остров псков"", ""count"": ""44""}]"
https://city2city.ru/pskov-palkino;Псков;посёлок городского типа Палкино;такси Псков посёлок городского типа Палкино;0;;0;;0;;0;[]
https://city2city.ru/pskov-pechory;Псков;Печоры;такси Псков Печоры;79;такси псков печоры сколько стоит;25;псков печоры такси цена;18;такси из пскова в печоры;8;"[{""phrase"": ""такси псков печоры сколько стоит"", ""count"": ""25""}, {""phrase"": ""псков печоры такси цена"", ""count"": ""18""}, {""phrase"": ""такси из пскова в печоры"", ""count"": ""8""}]"
https://city2city.ru/pskov-piter;Псков;Санкт-Петербург;такси Псков Санкт-Петербург;127;такси псков санкт петербург;127;маршрутные такси псков санкт петербург;52;маршрутное такси псков санкт петербург расписание;32;"[{""phrase"": ""такси псков санкт петербург"", ""count"": ""127""}, {""phrase"": ""маршрутные такси псков санкт петербург"", ""count"": ""52""}, {""phrase"": ""маршрутное такси псков санкт петербург расписание"", ""count"": ""32""}, {""phrase"": ""такси псков санкт петербург цена"", ""count"": ""13""}, {""phrase"": ""стоимость такси санкт петербург псков"", ""count"": ""12""}, {""phrase"": ""расписание автобуса санкт петербург псков маршрутное такси"", ""count"": ""5""}]"
https://city2city.ru/pskov-plyussa;Псков;рабочий посёлок Плюсса;такси Псков рабочий посёлок Плюсса;0;;0;;0;;0;[]
https://city2city.ru/pskov-porhov;Псков;Порхов;такси Псков Порхов;10;;0;;0;;0;[]
https://city2city.ru/pskov-pulkovo;Псков;аэропорт Пулково;такси Псков аэропорт Пулково;1;;0;;0;;0;[]
https://city2city.ru/pskov-pushkinskie-gory;Псков;рабочий посёлок Пушкинские Горы;такси Псков рабочий посёлок Пушкинские Горы;0;;0;;0;;0;[]
https://city2city.ru/pskov-pustoshka;Псков;Пустошка;такси Псков Пустошка;2;;0;;0;;0;[]
https://city2city.ru/pskov-pytalovo;Псков;Пыталово;такси Псков Пыталово;4;;0;;0;;0;[]
https://city2city.ru/pskov-ryazan;Псков;Рязань;такси Псков Рязань;4;;0;;0;;0;[]
https://city2city.ru/pskov-rylsk;Псков;Рыльск;такси Псков Рыльск;0;;0;;0;;0;[]
https://city2city.ru/pskov-sebezh;Псков;Себеж;такси Псков Себеж;2;;0;;0;;0;[]
https://city2city.ru/pskov-slanci;Псков;Сланцы;такси Псков Сланцы;1;;0;;0;;0;[]
https://city2city.ru/pskov-smolensk;Псков;Смоленск;такси Псков Смоленск;1;;0;;0;;0;[]
https://city2city.ru/pskov-staraya_russa;Псков;Старая Русса;такси Псков Старая Русса;7;;0;;0;;0;[]
https://city2city.ru/pskov-strugi-krasnye;Псков;посёлок городского типа Струги Красные;такси Псков посёлок городского типа Струги Красные;0;;0;;0;;0;[]
https://city2city.ru/pskov-tver;Псков;Тверь;такси Псков Тверь;2;;0;;0;;0;[]
https://city2city.ru/pskov-usvyaty;Псков;посёлок городского типа Усвяты;такси Псков посёлок городского типа Усвяты;0;;0;;0;;0;[]
https://city2city.ru/pskov-valujki;Псков;Валуйки;такси Псков Валуйки;0;;0;;0;;0;[]
https://city2city.ru/pskov-velikie_luki;Псков;Великие Луки;такси Псков Великие Луки;66;такси великие луки псков;66;маршрутное такси псков великие луки;36;;0;"[{""phrase"": ""такси великие луки псков"", ""count"": ""66""}, {""phrase"": ""маршрутное такси псков великие луки"", ""count"": ""36""}]"
https://city2city.ru/pskov-voronezh;Псков;Воронеж;такси Псков Воронеж;0;;0;;0;;0;[]
https://city2city.ru/pskov-zaplyuse;Псков;посёлок городского типа Заплюсье;такси Псков посёлок городского типа Заплюсье;0;;0;;0;;0;[]
https://city2city.ru/rostov-adler;Ростов-на-Дону;Адлер;такси Ростов-на-Дону Адлер;2;;0;;0;;0;[]
https://city2city.ru/rostov-anapa;Ростов-на-Дону;Анапа;такси Ростов-на-Дону Анапа;8;;0;;0;;0;[]
https://city2city.ru/rostov-app-kolotilovka;Ростов-на-Дону;село Колотиловка;такси Ростов-на-Дону село Колотиловка;0;;0;;0;;0;[]
https://city2city.ru/rostov-app-verxnij-lars;Ростов-на-Дону;село Верхний Ларс;такси Ростов-на-Дону село Верхний Ларс;0;;0;;0;;0;[]
https://city2city.ru/rostov-app-voloshino;Ростов-на-Дону;слобода Машлыкино;такси Ростов-на-Дону слобода Машлыкино;0;;0;;0;;0;[]
https://city2city.ru/rostov-astrahan;аэропорт Платов;;такси аэропорт Платов ;7;такси аэропорт платов;7;;0;;0;"[{""phrase"": ""такси аэропорт платов"", ""count"": ""7""}]"
https://city2city.ru/rostov-balakovo;Ростов-на-Дону;Балаково;такси Ростов-на-Дону Балаково;1;;0;;0;;0;[]
https://city2city.ru/rostov-belaya-glina;Ростов-на-Дону;село Белая Глина;такси Ростов-на-Дону село Белая Глина;0;;0;;0;;0;[]
https://city2city.ru/rostov-belaya-kalitva;Ростов-на-Дону;Белая Калитва;такси Ростов-на-Дону Белая Калитва;12;такси белая калитва ростов на дону;12;;0;;0;"[{""phrase"": ""такси белая калитва ростов на дону"", ""count"": ""12""}]"
https://city2city.ru/rostov-bokovskaya;Ростов-на-Дону;станица Боковская;такси Ростов-на-Дону станица Боковская;0;;0;;0;;0;[]
https://city2city.ru/rostov-bolshaya-martynovka;Ростов-на-Дону;слобода Большая Мартыновка;такси Ростов-на-Дону слобода Большая Мартыновка;0;;0;;0;;0;[]
https://city2city.ru/rostov-bryansk;Ростов-на-Дону;Брянск;такси Ростов-на-Дону Брянск;2;;0;;0;;0;[]
https://city2city.ru/rostov-bryuxoveczkaya;Ростов-на-Дону;станица Брюховецкая;такси Ростов-на-Дону станица Брюховецкая;0;;0;;0;;0;[]
https://city2city.ru/rostov-budyonnovsk;Ростов-на-Дону;Будённовск;такси Ростов-на-Дону Будённовск;1;;0;;0;;0;[]
https://city2city.ru/rostov-cheboksary;Ростов-на-Дону;Чебоксары;такси Ростов-на-Дону Чебоксары;2;;0;;0;;0;[]
https://city2city.ru/rostov-chelyabinsk;Ростов-на-Дону;Челябинск;такси Ростов-на-Дону Челябинск;5;;0;;0;;0;[]
https://city2city.ru/rostov-cherkessk;Ростов-на-Дону;Черкесск;такси Ростов-на-Дону Черкесск;2;;0;;0;;0;[]
https://city2city.ru/rostov-chertkovo;Ростов-на-Дону;посёлок городского типа Чертково;такси Ростов-на-Дону посёлок городского типа Чертково;0;;0;;0;;0;[]
https://city2city.ru/rostov-czelina;Ростов-на-Дону;посёлок Целина;такси Ростов-на-Дону посёлок Целина;0;;0;;0;;0;[]
https://city2city.ru/rostov-daxovskaya;Ростов-на-Дону;станица Даховская;такси Ростов-на-Дону станица Даховская;0;;0;;0;;0;[]
https://city2city.ru/rostov-dinskaya;Ростов-на-Дону;станица Динская;такси Ростов-на-Дону станица Динская;0;;0;;0;;0;[]
https://city2city.ru/rostov-doneczk-rostovskaya-oblast;Ростов-на-Дону;Донецк;такси Ростов-на-Дону Донецк;239;такси донецк ростов на дону;239;такси ростов на дону донецк днр;71;такси донецк ростов на дону цена;29;"[{""phrase"": ""такси донецк ростов на дону"", ""count"": ""239""}, {""phrase"": ""такси ростов на дону донецк днр"", ""count"": ""71""}, {""phrase"": ""такси донецк ростов на дону цена"", ""count"": ""29""}, {""phrase"": ""такси ростов на дону донецк днр цена"", ""count"": ""11""}, {""phrase"": ""стоимость такси ростов на дону донецк"", ""count"": ""8""}]"
https://city2city.ru/rostov-dzhankoj;Ростов-на-Дону;Джанкой;такси Ростов-на-Дону Джанкой;8;;0;;0;;0;[]
https://city2city.ru/rostov-eisk;аэропорт Платов;;такси аэропорт Платов ;7;такси аэропорт платов;7;;0;;0;"[{""phrase"": ""такси аэропорт платов"", ""count"": ""7""}]"
https://city2city.ru/rostov-ekaterinburg;Ростов-на-Дону;Екатеринбург;такси Ростов-на-Дону Екатеринбург;3;;0;;0;;0;[]
https://city2city.ru/rostov-ekaterinovka;Ростов-на-Дону;посёлок городского типа Екатериновка;такси Ростов-на-Дону посёлок городского типа Екатериновка;0;;0;;0;;0;[]
https://city2city.ru/rostov-elista;Ростов-на-Дону;Элиста;такси Ростов-на-Дону Элиста;9;;0;;0;;0;[]
https://city2city.ru/rostov-essentuki;Ростов-на-Дону;Ессентуки;такси Ростов-на-Дону Ессентуки;1;;0;;0;;0;[]
https://city2city.ru/rostov-gavrilov-yam;Ростов-на-Дону;Гаврилов-Ям;такси Ростов-на-Дону Гаврилов-Ям;0;;0;;0;;0;[]
https://city2city.ru/rostov-golubiczkaya;Ростов-на-Дону;станица Голубицкая;такси Ростов-на-Дону станица Голубицкая;0;;0;;0;;0;[]
https://city2city.ru/rostov-gornyj;Ростов-на-Дону;село Горный Щит;такси Ростов-на-Дону село Горный Щит;0;;0;;0;;0;[]
https://city2city.ru/rostov-gorod-zernograd;Ростов-на-Дону;Зерноград;такси Ростов-на-Дону Зерноград;6;такси зерноград ростов на дону;6;;0;;0;"[{""phrase"": ""такси зерноград ростов на дону"", ""count"": ""6""}]"
https://city2city.ru/rostov-gorodovikovsk;Ростов-на-Дону;Городовиковск;такси Ростов-на-Дону Городовиковск;0;;0;;0;;0;[]
https://city2city.ru/rostov-goryachij-klyuch;Ростов-на-Дону;Горячий Ключ;такси Ростов-на-Дону Горячий Ключ;1;;0;;0;;0;[]
https://city2city.ru/rostov-groznyj;Ростов-на-Дону;Грозный;такси Ростов-на-Дону Грозный;9;такси грозный ростов на дону;9;;0;;0;"[{""phrase"": ""такси грозный ростов на дону"", ""count"": ""9""}]"
https://city2city.ru/rostov-gulkevichi;Ростов-на-Дону;Гулькевичи;такси Ростов-на-Дону Гулькевичи;2;;0;;0;;0;[]
https://city2city.ru/rostov-guzeripl;Ростов-на-Дону;поселок Гузерипль;такси Ростов-на-Дону поселок Гузерипль;0;;0;;0;;0;[]
https://city2city.ru/rostov-ilinskoe-xovanskoe;Ростов-на-Дону;поселок городского типа Ильинское-Хованское;такси Ростов-на-Дону поселок городского типа Ильинское-Хованское;0;;0;;0;;0;[]
https://city2city.ru/rostov-izhevsk;Ростов-на-Дону;Ижевск;такси Ростов-на-Дону Ижевск;1;;0;;0;;0;[]
https://city2city.ru/rostov-joshkar-ola;Ростов-на-Дону;Йошкар-Ола;такси Ростов-на-Дону Йошкар-Ола;0;;0;;0;;0;[]
https://city2city.ru/rostov-kaluga;Ростов-на-Дону;Калуга;такси Ростов-на-Дону Калуга;3;;0;;0;;0;[]
https://city2city.ru/rostov-kamennomostskij;Ростов-на-Дону;посёлок Каменномостский;такси Ростов-на-Дону посёлок Каменномостский;0;;0;;0;;0;[]
https://city2city.ru/rostov-kamyshin;Ростов-на-Дону;Камышин;такси Ростов-на-Дону Камышин;1;;0;;0;;0;[]
https://city2city.ru/rostov-kanevskaya;Ростов-на-Дону;станица Каневская;такси Ростов-на-Дону станица Каневская;1;;0;;0;;0;[]
https://city2city.ru/rostov-kazan;Ростов-на-Дону;Казань;такси Ростов-на-Дону Казань;9;такси ростов на дону казань;9;;0;;0;"[{""phrase"": ""такси ростов на дону казань"", ""count"": ""9""}]"
https://city2city.ru/rostov-kemerovo;Ростов-на-Дону;Кемерово;такси Ростов-на-Дону Кемерово;0;;0;;0;;0;[]
https://city2city.ru/rostov-kirov-2;Ростов-на-Дону;Киров;такси Ростов-на-Дону Киров;7;;0;;0;;0;[]
https://city2city.ru/rostov-kislovodsk;Ростов-на-Дону;Кисловодск;такси Ростов-на-Дону Кисловодск;1;;0;;0;;0;[]
https://city2city.ru/rostov-kolomna;Ростов-на-Дону;Коломна;такси Ростов-на-Дону Коломна;0;;0;;0;;0;[]
https://city2city.ru/rostov-kostroma;Ростов-на-Дону;Кострома;такси Ростов-на-Дону Кострома;2;;0;;0;;0;[]
https://city2city.ru/rostov-kotelnikovo;Ростов-на-Дону;Котельниково;такси Ростов-на-Дону Котельниково;0;;0;;0;;0;[]
https://city2city.ru/rostov-krasnodar;Ростов-на-Дону;Краснодар;такси Ростов-на-Дону Краснодар;216;такси краснодар ростов на дону;216;такси краснодар ростов на дону цена;80;такси ростов на дону аэропорт краснодар;43;"[{""phrase"": ""такси краснодар ростов на дону"", ""count"": ""216""}, {""phrase"": ""такси краснодар ростов на дону цена"", ""count"": ""80""}, {""phrase"": ""такси ростов на дону аэропорт краснодар"", ""count"": ""43""}, {""phrase"": ""стоимость такси краснодар ростов на дону"", ""count"": ""9""}]"
https://city2city.ru/rostov-krasnyj-luch;Ростов-на-Дону;поселок городского типа Красный Луч;такси Ростов-на-Дону поселок городского типа Красный Луч;0;;0;;0;;0;[]
https://city2city.ru/rostov-krasnyj-sulin;Ростов-на-Дону;Красный Сулин;такси Ростов-на-Дону Красный Сулин;2;;0;;0;;0;[]
https://city2city.ru/rostov-krylovskaya;Ростов-на-Дону;станица Крыловская;такси Ростов-на-Дону станица Крыловская;0;;0;;0;;0;[]
https://city2city.ru/rostov-kujbyshevo;Ростов-на-Дону;село Куйбышево;такси Ростов-на-Дону село Куйбышево;0;;0;;0;;0;[]
https://city2city.ru/rostov-kurgan;Ростов-на-Дону;Курган;такси Ростов-на-Дону Курган;9;;0;;0;;0;[]
https://city2city.ru/rostov-leningradskaya;Ростов-на-Дону;станица Ленинградская;такси Ростов-на-Дону станица Ленинградская;0;;0;;0;;0;[]
https://city2city.ru/rostov-loo;Ростов-на-Дону;посёлок Лоо;такси Ростов-на-Дону посёлок Лоо;0;;0;;0;;0;[]
https://city2city.ru/rostov-magnitogorsk;Ростов-на-Дону;Магнитогорск;такси Ростов-на-Дону Магнитогорск;1;;0;;0;;0;[]
https://city2city.ru/rostov-majkop;Ростов-на-Дону;Майкоп;такси Ростов-на-Дону Майкоп;4;;0;;0;;0;[]
https://city2city.ru/rostov-majkop-2;Ростов-на-Дону;Майкоп;такси Ростов-на-Дону Майкоп;4;;0;;0;;0;[]
https://city2city.ru/rostov-mapp-uspenka;Ростов-на-Дону;село Успенка;такси Ростов-на-Дону село Успенка;1;;0;;0;;0;[]
https://city2city.ru/rostov-mapp-veselo-voznesenka;Ростов-на-Дону;хутор Максимов;такси Ростов-на-Дону хутор Максимов;0;;0;;0;;0;[]
https://city2city.ru/rostov-matveev-kurgan;Ростов-на-Дону;посёлок Матвеев Курган;такси Ростов-на-Дону посёлок Матвеев Курган;0;;0;;0;;0;[]
https://city2city.ru/rostov-maxachkala;Ростов-на-Дону;Махачкала;такси Ростов-на-Дону Махачкала;6;;0;;0;;0;[]
https://city2city.ru/rostov-mezmaj;Ростов-на-Дону;посёлок Мезмай;такси Ростов-на-Дону посёлок Мезмай;0;;0;;0;;0;[]
https://city2city.ru/rostov-millerovo;Ростов-на-Дону;Миллерово;такси Ростов-на-Дону Миллерово;37;такси ростов на дону миллерово;37;такси комфорт ростов на дону миллерово;19;;0;"[{""phrase"": ""такси ростов на дону миллерово"", ""count"": ""37""}, {""phrase"": ""такси комфорт ростов на дону миллерово"", ""count"": ""19""}]"
https://city2city.ru/rostov-milyutinskaya;Ростов-на-Дону;станица Милютинская;такси Ростов-на-Дону станица Милютинская;0;;0;;0;;0;[]
https://city2city.ru/rostov-mineralnye-vody;Ростов-на-Дону;Минеральные Воды;такси Ростов-на-Дону Минеральные Воды;33;такси минеральные воды ростов на дону;33;;0;;0;"[{""phrase"": ""такси минеральные воды ростов на дону"", ""count"": ""33""}]"
https://city2city.ru/rostov-mixajlovka;Ростов-на-Дону;Михайловка;такси Ростов-на-Дону Михайловка;0;;0;;0;;0;[]
https://city2city.ru/rostov-morozovsk;Ростов-на-Дону;Морозовск;такси Ростов-на-Дону Морозовск;33;такси ростов на дону морозовск;33;такси комфорт ростов на дону морозовск;27;такси комфорт ростов на дону морозовск расписание;13;"[{""phrase"": ""такси ростов на дону морозовск"", ""count"": ""33""}, {""phrase"": ""такси комфорт ростов на дону морозовск"", ""count"": ""27""}, {""phrase"": ""такси комфорт ростов на дону морозовск расписание"", ""count"": ""13""}]"
https://city2city.ru/rostov-moskva;Ростов-на-Дону;Москва;такси Ростов-на-Дону Москва;261;такси москва ростов на дону;261;такси москва ростов на дону стоимость;27;такси москва ростов на дону цена;27;"[{""phrase"": ""такси москва ростов на дону"", ""count"": ""261""}, {""phrase"": ""такси москва ростов на дону стоимость"", ""count"": ""27""}, {""phrase"": ""такси москва ростов на дону цена"", ""count"": ""27""}, {""phrase"": ""такси москва ростов на дону стоимость поездки"", ""count"": ""15""}, {""phrase"": ""заказать такси ростов на дону москва"", ""count"": ""6""}]"
https://city2city.ru/rostov-mostovskoj;Ростов-на-Дону;поселок городского типа Мостовской;такси Ростов-на-Дону поселок городского типа Мостовской;0;;0;;0;;0;[]
https://city2city.ru/rostov-murmansk;Ростов-на-Дону;Мурманск;такси Ростов-на-Дону Мурманск;1;;0;;0;;0;[]
https://city2city.ru/rostov-murom;Ростов-на-Дону;Муром;такси Ростов-на-Дону Муром;1;;0;;0;;0;[]
https://city2city.ru/rostov-naberezhnye-chelny;Ростов-на-Дону;Набережные Челны;такси Ростов-на-Дону Набережные Челны;0;;0;;0;;0;[]
https://city2city.ru/rostov-naro-fominsk;Ростов-на-Дону;Наро-Фоминск;такси Ростов-на-Дону Наро-Фоминск;0;;0;;0;;0;[]
https://city2city.ru/rostov-nevinnomyssk;Ростов-на-Дону;Невинномысск;такси Ростов-на-Дону Невинномысск;3;;0;;0;;0;[]
https://city2city.ru/rostov-nizhnekamsk;Ростов-на-Дону;Нижнекамск;такси Ростов-на-Дону Нижнекамск;6;;0;;0;;0;[]
https://city2city.ru/rostov-nizhnij-novgorod;Ростов-на-Дону;Нижний Новгород;такси Ростов-на-Дону Нижний Новгород;18;;0;;0;;0;[]
https://city2city.ru/rostov-novopokrovskaya;Ростов-на-Дону;станица Новопокровская;такси Ростов-на-Дону станица Новопокровская;0;;0;;0;;0;[]
https://city2city.ru/rostov-oblivskaya;Ростов-на-Дону;станица Обливская;такси Ростов-на-Дону станица Обливская;0;;0;;0;;0;[]
https://city2city.ru/rostov-orenburg;Ростов-на-Дону;Оренбург;такси Ростов-на-Дону Оренбург;5;такси ростов на дону оренбург;5;;0;;0;"[{""phrase"": ""такси ростов на дону оренбург"", ""count"": ""5""}]"
https://city2city.ru/rostov-park-loga;Ростов-на-Дону;парк Лога;такси Ростов-на-Дону парк Лога;0;;0;;0;;0;[]
https://city2city.ru/rostov-pavlovskaya;Ростов-на-Дону;станица Павловская;такси Ростов-на-Дону станица Павловская;0;;0;;0;;0;[]
https://city2city.ru/rostov-pereslavl-zalesskij;Ростов-на-Дону;Переславль-Залесский;такси Ростов-на-Дону Переславль-Залесский;0;;0;;0;;0;[]
https://city2city.ru/rostov-perm;Ростов-на-Дону;Пермь;такси Ростов-на-Дону Пермь;39;такси ростов на дону пермь;39;;0;;0;"[{""phrase"": ""такси ростов на дону пермь"", ""count"": ""39""}]"
https://city2city.ru/rostov-pervomajsk;Ростов-на-Дону;Первомайск;такси Ростов-на-Дону Первомайск;1;;0;;0;;0;[]
https://city2city.ru/rostov-pervomajskij;Ростов-на-Дону;посёлок Первомайский;такси Ростов-на-Дону посёлок Первомайский;0;;0;;0;;0;[]
https://city2city.ru/rostov-petrovsk;Ростов-на-Дону;Петровск;такси Ростов-на-Дону Петровск;0;;0;;0;;0;[]
https://city2city.ru/rostov-pokrovskoe;Ростов-на-Дону;посёлок городского типа Покровское;такси Ростов-на-Дону посёлок городского типа Покровское;0;;0;;0;;0;[]
https://city2city.ru/rostov-posyolok-orlovskij;Ростов-на-Дону;посёлок Орловский;такси Ростов-на-Дону посёлок Орловский;2;;0;;0;;0;[]
https://city2city.ru/rostov-posyolok-tarasovskij;Ростов-на-Дону;посёлок городского типа Тарасовский;такси Ростов-на-Дону посёлок городского типа Тарасовский;0;;0;;0;;0;[]
https://city2city.ru/rostov-posyolok-zimovniki;Ростов-на-Дону;посёлок Зимовники;такси Ростов-на-Дону посёлок Зимовники;0;;0;;0;;0;[]
https://city2city.ru/rostov-proletarsk;Ростов-на-Дону;Пролетарск;такси Ростов-на-Дону Пролетарск;21;такси комфорт ростов на дону пролетарск;20;такси комфорт ростов на дону пролетарск расписание;13;;0;"[{""phrase"": ""такси комфорт ростов на дону пролетарск"", ""count"": ""20""}, {""phrase"": ""такси комфорт ростов на дону пролетарск расписание"", ""count"": ""13""}]"
https://city2city.ru/rostov-pskov;Ростов-на-Дону;Псков;такси Ростов-на-Дону Псков;3;;0;;0;;0;[]
https://city2city.ru/rostov-pyatigorsk;Ростов-на-Дону;Пятигорск;такси Ростов-на-Дону Пятигорск;8;;0;;0;;0;[]
https://city2city.ru/rostov-remontnoe;Ростов-на-Дону;село Ремонтное;такси Ростов-на-Дону село Ремонтное;0;;0;;0;;0;[]
https://city2city.ru/rostov-rodionovo-nesvetajskaya;Ростов-на-Дону;слобода Родионово-Несветайская;такси Ростов-на-Дону слобода Родионово-Несветайская;2;;0;;0;;0;[]
https://city2city.ru/rostov-rostov-velikij;Ростов-на-Дону;Ростов;такси Ростов-на-Дону Ростов;19134;такси ростов на дону;19134;яндекс такси ростов на дону;4979;такси ростов на дону телефоны;3481;"[{""phrase"": ""такси ростов на дону"", ""count"": ""19134""}, {""phrase"": ""яндекс такси ростов на дону"", ""count"": ""4979""}, {""phrase"": ""такси ростов на дону телефоны"", ""count"": ""3481""}, {""phrase"": ""номер такси ростов на дону"", ""count"": ""1920""}, {""phrase"": ""яндекс такси ростов на дону телефон"", ""count"": ""1539""}, {""phrase"": ""такси 306 306 ростов на дону"", ""count"": ""1450""}, {""phrase"": ""заказ такси ростов на дону"", ""count"": ""1089""}, {""phrase"": ""такси ростов на дону телефон для заказа"", ""count"": ""862""}, {""phrase"": ""номер яндекс такси ростов на дону"", ""count"": ""630""}, {""phrase"": ""заказ яндекс такси ростов на дону"", ""count"": ""618""}]"
https://city2city.ru/rostov-rovenki;Ростов-на-Дону;посёлок городского типа Ровеньки;такси Ростов-на-Дону посёлок городского типа Ровеньки;0;;0;;0;;0;[]
https://city2city.ru/rostov-ryazan;Ростов-на-Дону;Рязань;такси Ростов-на-Дону Рязань;1;;0;;0;;0;[]
https://city2city.ru/rostov-salsk;Ростов-на-Дону;Сальск;такси Ростов-на-Дону Сальск;115;такси ростов на дону сальск;115;такси комфорт ростов на дону сальск;91;такси комфорт сальск ростов на дону расписание;63;"[{""phrase"": ""такси ростов на дону сальск"", ""count"": ""115""}, {""phrase"": ""такси комфорт ростов на дону сальск"", ""count"": ""91""}, {""phrase"": ""такси комфорт сальск ростов на дону расписание"", ""count"": ""63""}]"
https://city2city.ru/rostov-samara;Ростов-на-Дону;Самара;такси Ростов-на-Дону Самара;34;такси самара ростов на дону;34;;0;;0;"[{""phrase"": ""такси самара ростов на дону"", ""count"": ""34""}]"
https://city2city.ru/rostov-sankt-peterburg;Ростов-на-Дону;Санкт-Петербург;такси Ростов-на-Дону Санкт-Петербург;26;санкт петербург ростов на дону такси;26;;0;;0;"[{""phrase"": ""санкт петербург ростов на дону такси"", ""count"": ""26""}]"
https://city2city.ru/rostov-saransk;Ростов-на-Дону;Саранск;такси Ростов-на-Дону Саранск;3;;0;;0;;0;[]
https://city2city.ru/rostov-saratov;Ростов-на-Дону;Саратов;такси Ростов-на-Дону Саратов;20;такси ростов на дону саратов;20;;0;;0;"[{""phrase"": ""такси ростов на дону саратов"", ""count"": ""20""}]"
https://city2city.ru/rostov-selo-divnoe;Ростов-на-Дону;село Дивное;такси Ростов-на-Дону село Дивное;0;;0;;0;;0;[]
https://city2city.ru/rostov-selo-dubovskoe;Ростов-на-Дону;село Дубовское;такси Ростов-на-Дону село Дубовское;0;;0;;0;;0;[]
https://city2city.ru/rostov-selo-krasnogvardejskoe;Ростов-на-Дону;село Красногвардейское;такси Ростов-на-Дону село Красногвардейское;0;;0;;0;;0;[]
https://city2city.ru/rostov-selo-peschanokopskoe;Ростов-на-Дону;село Песчанокопское;такси Ростов-на-Дону село Песчанокопское;0;;0;;0;;0;[]
https://city2city.ru/rostov-selo-yashalta;Ростов-на-Дону;село Яшалта;такси Ростов-на-Дону село Яшалта;0;;0;;0;;0;[]
https://city2city.ru/rostov-selo-zavetnoe;Ростов-на-Дону;село Заветное;такси Ростов-на-Дону село Заветное;0;;0;;0;;0;[]
https://city2city.ru/rostov-semikarakorsk;Ростов-на-Дону;Семикаракорск;такси Ростов-на-Дону Семикаракорск;3;;0;;0;;0;[]
https://city2city.ru/rostov-sloboda-kashary;Ростов-на-Дону;слобода Кашары;такси Ростов-на-Дону слобода Кашары;0;;0;;0;;0;[]
https://city2city.ru/rostov-smolensk;Ростов-на-Дону;Смоленск;такси Ростов-на-Дону Смоленск;1;;0;;0;;0;[]
https://city2city.ru/rostov-sochi;Ростов-на-Дону;Сочи;такси Ростов-на-Дону Сочи;18;такси сочи ростов на дону;18;такси сочи ростов на дону цена;6;такси межгород ростов на дону сочи;5;"[{""phrase"": ""такси сочи ростов на дону"", ""count"": ""18""}, {""phrase"": ""такси сочи ростов на дону цена"", ""count"": ""6""}, {""phrase"": ""такси межгород ростов на дону сочи"", ""count"": ""5""}]"
https://city2city.ru/rostov-stanicza-bagaevskaya;Ростов-на-Дону;станица Багаевская;такси Ростов-на-Дону станица Багаевская;0;;0;;0;;0;[]
https://city2city.ru/rostov-stanicza-egorlykskaya;Ростов-на-Дону;станица Егорлыкская;такси Ростов-на-Дону станица Егорлыкская;0;;0;;0;;0;[]
https://city2city.ru/rostov-stanicza-kagalniczkaya;Ростов-на-Дону;станица Кагальницкая;такси Ростов-на-Дону станица Кагальницкая;1;;0;;0;;0;[]
https://city2city.ru/rostov-stanicza-kazanskaya;Ростов-на-Дону;станица Казанская;такси Ростов-на-Дону станица Казанская;0;;0;;0;;0;[]
https://city2city.ru/rostov-stanicza-sovetskaya;Ростов-на-Дону;станица Советская;такси Ростов-на-Дону станица Советская;0;;0;;0;;0;[]
https://city2city.ru/rostov-stanicza-taczinskaya;Ростов-на-Дону;станица Тацинская;такси Ростов-на-Дону станица Тацинская;1;;0;;0;;0;[]
https://city2city.ru/rostov-starominskaya;Ростов-на-Дону;станица Староминская;такси Ростов-на-Дону станица Староминская;0;;0;;0;;0;[]
https://city2city.ru/rostov-staroshherbinovskaya;Ростов-на-Дону;станица Старощербиновская;такси Ростов-на-Дону станица Старощербиновская;0;;0;;0;;0;[]
https://city2city.ru/rostov-stavropol;Ростов-на-Дону;Ставрополь;такси Ростов-на-Дону Ставрополь;12;такси ставрополь ростов на дону;12;;0;;0;"[{""phrase"": ""такси ставрополь ростов на дону"", ""count"": ""12""}]"
https://city2city.ru/rostov-sterlitamak;Ростов-на-Дону;Стерлитамак;такси Ростов-на-Дону Стерлитамак;0;;0;;0;;0;[]
https://city2city.ru/rostov-syzran;Ростов-на-Дону;Сызрань;такси Ростов-на-Дону Сызрань;0;;0;;0;;0;[]
https://city2city.ru/rostov-taganrog;Аэропорт Платов;Таганрог;такси Аэропорт Платов Таганрог;0;;0;;0;;0;[]
https://city2city.ru/rostov-tambov;Ростов-на-Дону;Тамбов;такси Ростов-на-Дону Тамбов;6;;0;;0;;0;[]
https://city2city.ru/rostov-temryuk;Ростов-на-Дону;Темрюк;такси Ростов-на-Дону Темрюк;4;;0;;0;;0;[]
https://city2city.ru/rostov-tolyatti;Ростов-на-Дону;Тольятти;такси Ростов-на-Дону Тольятти;14;такси с тольятти в ростов на дону;10;;0;;0;"[{""phrase"": ""такси с тольятти в ростов на дону"", ""count"": ""10""}]"
https://city2city.ru/rostov-tuapse;Ростов-на-Дону;Туапсе;такси Ростов-на-Дону Туапсе;0;;0;;0;;0;[]
https://city2city.ru/rostov-tujmazy;Ростов-на-Дону;Туймазы;такси Ростов-на-Дону Туймазы;0;;0;;0;;0;[]
https://city2city.ru/rostov-tula;Ростов-на-Дону;Тула;такси Ростов-на-Дону Тула;11;;0;;0;;0;[]
https://city2city.ru/rostov-tver;Ростов-на-Дону;Тверь;такси Ростов-на-Дону Тверь;5;;0;;0;;0;[]
https://city2city.ru/rostov-tyumen;Ростов-на-Дону;Тюмень;такси Ростов-на-Дону Тюмень;1;;0;;0;;0;[]
https://city2city.ru/rostov-ufa;Ростов-на-Дону;Уфа;такси Ростов-на-Дону Уфа;14;такси ростов на дону уфа;14;;0;;0;"[{""phrase"": ""такси ростов на дону уфа"", ""count"": ""14""}]"
https://city2city.ru/rostov-uglich;Ростов-на-Дону;Углич;такси Ростов-на-Дону Углич;0;;0;;0;;0;[]
https://city2city.ru/rostov-ulyanovsk;Ростов-на-Дону;Ульяновск;такси Ростов-на-Дону Ульяновск;1;;0;;0;;0;[]
https://city2city.ru/rostov-ust-doneczkij;Ростов-на-Дону;посёлок городского типа Усть-Донецкий;такси Ростов-на-Дону посёлок городского типа Усть-Донецкий;0;;0;;0;;0;[]
https://city2city.ru/rostov-velikij-novgorod;Ростов-на-Дону;Великий Новгород;такси Ростов-на-Дону Великий Новгород;0;;0;;0;;0;[]
https://city2city.ru/rostov-vladikavkaz;Ростов-на-Дону;Владикавказ;такси Ростов-на-Дону Владикавказ;6;;0;;0;;0;[]
https://city2city.ru/rostov-vladimir;Ростов-на-Дону;Владимир;такси Ростов-на-Дону Владимир;4;;0;;0;;0;[]
https://city2city.ru/rostov-volgodonsk;Аэропорт Платов;Волгодонск;такси Аэропорт Платов Волгодонск;0;;0;;0;;0;[]
https://city2city.ru/rostov-volgograd;Ростов-на-Дону;Волгоград;такси Ростов-на-Дону Волгоград;61;такси ростов на дону волгоград;61;такси волгоград ростов на дону цена;12;волгоград ростов на дону маршрутное такси;6;"[{""phrase"": ""такси ростов на дону волгоград"", ""count"": ""61""}, {""phrase"": ""такси волгоград ростов на дону цена"", ""count"": ""12""}, {""phrase"": ""волгоград ростов на дону маршрутное такси"", ""count"": ""6""}]"
https://city2city.ru/rostov-voronezh;Ростов-на-Дону;Воронеж;такси Ростов-на-Дону Воронеж;13;такси воронеж ростов на дону;13;;0;;0;"[{""phrase"": ""такси воронеж ростов на дону"", ""count"": ""13""}]"
https://city2city.ru/rostov-vyoshenskaya;Ростов-на-Дону;станица Вешенская;такси Ростов-на-Дону станица Вешенская;2;;0;;0;;0;[]
https://city2city.ru/rostov-vyselki;Ростов-на-Дону;станица Выселки;такси Ростов-на-Дону станица Выселки;0;;0;;0;;0;[]
https://city2city.ru/rostov-yalta;Ростов-на-Дону;Ялта;такси Ростов-на-Дону Ялта;5;;0;;0;;0;[]
https://city2city.ru/rostov-yaroslavl;Ростов-на-Дону;Ярославль;такси Ростов-на-Дону Ярославль;3;;0;;0;;0;[]
https://city2city.ru/rostov-zelenokumsk;Ростов-на-Дону;Зеленокумск;такси Ростов-на-Дону Зеленокумск;0;;0;;0;;0;[]
https://city2city.ru/rostov-zheleznovodsk;Ростов-на-Дону;Железноводск;такси Ростов-на-Дону Железноводск;0;;0;;0;;0;[]
https://city2city.ru/rostov-zverevo;Ростов-на-Дону;Зверево;такси Ростов-на-Дону Зверево;2;;0;;0;;0;[]
https://city2city.ru/ryazan-aleksandro-nevskij;Рязань;рабочий посёлок Александро-Невский;такси Рязань рабочий посёлок Александро-Невский;0;;0;;0;;0;[]
https://city2city.ru/ryazan-anapa;Рязань;Анапа;такси Рязань Анапа;1;;0;;0;;0;[]
https://city2city.ru/ryazan-astraxan;Рязань;Астрахань;такси Рязань Астрахань;0;;0;;0;;0;[]
https://city2city.ru/ryazan-bogorodiczk;Рязань;Богородицк;такси Рязань Богородицк;0;;0;;0;;0;[]
https://city2city.ru/ryazan-bronniczy;Рязань;Бронницы;такси Рязань Бронницы;4;;0;;0;;0;[]
https://city2city.ru/ryazan-bryansk;Рязань;Брянск;такси Рязань Брянск;2;;0;;0;;0;[]
https://city2city.ru/ryazan-chaplygin;Рязань;Чаплыгин;такси Рязань Чаплыгин;0;;0;;0;;0;[]
https://city2city.ru/ryazan-cheboksary;Рязань;Чебоксары;такси Рязань Чебоксары;0;;0;;0;;0;[]
https://city2city.ru/ryazan-chexov;Рязань;Чехов;такси Рязань Чехов;4;;0;;0;;0;[]
https://city2city.ru/ryazan-chuchkovo;Рязань;рабочий посёлок Чучково;такси Рязань рабочий посёлок Чучково;1;;0;;0;;0;[]
https://city2city.ru/ryazan-dalnee-konstantinovo;Рязань;посёлок городского типа Дальнее Константиново;такси Рязань посёлок городского типа Дальнее Константиново;0;;0;;0;;0;[]
https://city2city.ru/ryazan-efremov;Рязань;Ефремов;такси Рязань Ефремов;2;;0;;0;;0;[]
https://city2city.ru/ryazan-egorevsk;Рязань;Егорьевск;такси Рязань Егорьевск;12;такси егорьевск рязань;12;;0;;0;"[{""phrase"": ""такси егорьевск рязань"", ""count"": ""12""}]"
https://city2city.ru/ryazan-ekaterinburg;Рязань;Екатеринбург;такси Рязань Екатеринбург;3;;0;;0;;0;[]
https://city2city.ru/ryazan-elatma;Рязань;поселок городского типа Елатьма;такси Рязань поселок городского типа Елатьма;0;;0;;0;;0;[]
https://city2city.ru/ryazan-elektrostal;Рязань;Электросталь;такси Рязань Электросталь;0;;0;;0;;0;[]
https://city2city.ru/ryazan-ermish;Рязань;рабочий посёлок Ермишь;такси Рязань рабочий посёлок Ермишь;0;;0;;0;;0;[]
https://city2city.ru/ryazan-fyodorovskij;Рязань;посёлок городского типа Фёдоровский;такси Рязань посёлок городского типа Фёдоровский;0;;0;;0;;0;[]
https://city2city.ru/ryazan-gelendzhik;Рязань;Геленджик;такси Рязань Геленджик;0;;0;;0;;0;[]
https://city2city.ru/ryazan-granicza-kazaxstan;Рязань;52А-3;такси Рязань 52А-3;0;;0;;0;;0;[]
https://city2city.ru/ryazan-granicza-ukraina;Рязань;река Старая Граница;такси Рязань река Старая Граница;0;;0;;0;;0;[]
https://city2city.ru/ryazan-gryazi;Рязань;Грязи;такси Рязань Грязи;2;;0;;0;;0;[]
https://city2city.ru/ryazan-gus-xrustalnyj;Рязань;Гусь-Хрустальный;такси Рязань Гусь-Хрустальный;6;;0;;0;;0;[]
https://city2city.ru/ryazan-gus-zheleznyj;Рязань;посёлок городского типа Гусь-Железный;такси Рязань посёлок городского типа Гусь-Железный;0;;0;;0;;0;[]
https://city2city.ru/ryazan-ivanovo;Рязань;Иваново;такси Рязань Иваново;12;;0;;0;;0;[]
https://city2city.ru/ryazan-kadom;Рязань;рабочий посёлок Кадом;такси Рязань рабочий посёлок Кадом;0;;0;;0;;0;[]
https://city2city.ru/ryazan-kashira;Рязань;Кашира;такси Рязань Кашира;12;;0;;0;;0;[]
https://city2city.ru/ryazan-kasimov;Рязань;Касимов;такси Рязань Касимов;58;такси рязань касимов;58;стоимость такси касимов рязань туда и обратно;5;;0;"[{""phrase"": ""такси рязань касимов"", ""count"": ""58""}, {""phrase"": ""стоимость такси касимов рязань туда и обратно"", ""count"": ""5""}]"
https://city2city.ru/ryazan-kimovsk;Рязань;Кимовск;такси Рязань Кимовск;3;;0;;0;;0;[]
https://city2city.ru/ryazan-kirov;Рязань;Киров;такси Рязань Киров;3;;0;;0;;0;[]
https://city2city.ru/ryazan-kolomna;Рязань;Коломна;такси Рязань Коломна;59;такси коломна рязань;59;такси рязань коломна стоимость;11;;0;"[{""phrase"": ""такси коломна рязань"", ""count"": ""59""}, {""phrase"": ""такси рязань коломна стоимость"", ""count"": ""11""}]"
https://city2city.ru/ryazan-korablino;Рязань;Кораблино;такси Рязань Кораблино;17;такси кораблино рязань;17;;0;;0;"[{""phrase"": ""такси кораблино рязань"", ""count"": ""17""}]"
https://city2city.ru/ryazan-kostroma;Рязань;Кострома;такси Рязань Кострома;5;;0;;0;;0;[]
https://city2city.ru/ryazan-kotelniki;Рязань;Котельники;такси Рязань Котельники;5;;0;;0;;0;[]
https://city2city.ru/ryazan-kulebaki;Рязань;Кулебаки;такси Рязань Кулебаки;2;;0;;0;;0;[]
https://city2city.ru/ryazan-kurovskoe;Рязань;Куровское;такси Рязань Куровское;1;;0;;0;;0;[]
https://city2city.ru/ryazan-kursk;Рязань;Курск;такси Рязань Курск;15;такси курск рязань;15;;0;;0;"[{""phrase"": ""такси курск рязань"", ""count"": ""15""}]"
https://city2city.ru/ryazan-lesnoj;Рязань;Лесной;такси Рязань Лесной;6;;0;;0;;0;[]
https://city2city.ru/ryazan-lipeczk;Рязань;Липецк;такси Рязань Липецк;10;;0;;0;;0;[]
https://city2city.ru/ryazan-luxoviczy;Рязань;Луховицы;такси Рязань Луховицы;24;такси луховицы рязань;24;;0;;0;"[{""phrase"": ""такси луховицы рязань"", ""count"": ""24""}]"
https://city2city.ru/ryazan-melenki;Рязань;Меленки;такси Рязань Меленки;0;;0;;0;;0;[]
https://city2city.ru/ryazan-miloslavskoe;Рязань;рабочий посёлок Милославское;такси Рязань рабочий посёлок Милославское;0;;0;;0;;0;[]
https://city2city.ru/ryazan-mixajlov;Рязань;Михайлов;такси Рязань Михайлов;42;такси рязань михайлов;42;сколько стоит такси с рязани до михайлова;9;;0;"[{""phrase"": ""такси рязань михайлов"", ""count"": ""42""}, {""phrase"": ""сколько стоит такси с рязани до михайлова"", ""count"": ""9""}]"
https://city2city.ru/ryazan-morshansk;Рязань;Моршанск;такси Рязань Моршанск;1;;0;;0;;0;[]
https://city2city.ru/ryazan-murom;Рязань;Муром;такси Рязань Муром;7;;0;;0;;0;[]
https://city2city.ru/ryazan-nizhnij-novgorod;Рязань;Нижний Новгород;такси Рязань Нижний Новгород;7;;0;;0;;0;[]
https://city2city.ru/ryazan-novomichurinsk;Рязань;Новомичуринск;такси Рязань Новомичуринск;43;такси рязань новомичуринск;43;такси рязань новомичуринск цена;26;;0;"[{""phrase"": ""такси рязань новомичуринск"", ""count"": ""43""}, {""phrase"": ""такси рязань новомичуринск цена"", ""count"": ""26""}]"
https://city2city.ru/ryazan-novomoskovsk;Рязань;Новомосковск;такси Рязань Новомосковск;18;такси новомосковск рязань;18;яндекс такси рязань новомосковск цена;6;;0;"[{""phrase"": ""такси новомосковск рязань"", ""count"": ""18""}, {""phrase"": ""яндекс такси рязань новомосковск цена"", ""count"": ""6""}]"
https://city2city.ru/ryazan-orexovo-zuevo;Рязань;Орехово-Зуево;такси Рязань Орехово-Зуево;0;;0;;0;;0;[]
https://city2city.ru/ryazan-oryol;Рязань;Орёл;такси Рязань Орёл;5;;0;;0;;0;[]
https://city2city.ru/ryazan-ozyory;Рязань;Озёры;такси Рязань Озёры;3;;0;;0;;0;[]
https://city2city.ru/ryazan-panino;Рязань;рабочий посёлок Панино;такси Рязань рабочий посёлок Панино;0;;0;;0;;0;[]
https://city2city.ru/ryazan-pavelecz;Рязань;поселок городского типа Павелец;такси Рязань поселок городского типа Павелец;0;;0;;0;;0;[]
https://city2city.ru/ryazan-penza;Рязань;Пенза;такси Рязань Пенза;3;;0;;0;;0;[]
https://city2city.ru/ryazan-perm;Рязань;Пермь;такси Рязань Пермь;12;междугороднее такси пермь рязань;9;;0;;0;"[{""phrase"": ""междугороднее такси пермь рязань"", ""count"": ""9""}]"
https://city2city.ru/ryazan-pitelino;Рязань;Пителино;такси Рязань Пителино;0;;0;;0;;0;[]
https://city2city.ru/ryazan-podolsk;Рязань;Подольск;такси Рязань Подольск;9;;0;;0;;0;[]
https://city2city.ru/ryazan-pronsk;Рязань;рабочий посёлок Пронск;такси Рязань рабочий посёлок Пронск;0;;0;;0;;0;[]
https://city2city.ru/ryazan-pskov;Рязань;Псков;такси Рязань Псков;4;;0;;0;;0;[]
https://city2city.ru/ryazan-ramenskoe;Рязань;Раменское;такси Рязань Раменское;1;;0;;0;;0;[]
https://city2city.ru/ryazan-rostov-na-donu;Рязань;Ростов-на-Дону;такси Рязань Ростов-на-Дону;1;;0;;0;;0;[]
https://city2city.ru/ryazan-ryazhsk;Рязань;Ряжск;такси Рязань Ряжск;17;ряжск рязань такси;17;;0;;0;"[{""phrase"": ""ряжск рязань такси"", ""count"": ""17""}]"
https://city2city.ru/ryazan-sankt-peterburg;Рязань;Санкт-Петербург;такси Рязань Санкт-Петербург;8;такси рязань санкт петербург;8;;0;;0;"[{""phrase"": ""такси рязань санкт петербург"", ""count"": ""8""}]"
https://city2city.ru/ryazan-sapozhok;Рязань;рабочий посёлок Сапожок;такси Рязань рабочий посёлок Сапожок;0;;0;;0;;0;[]
https://city2city.ru/ryazan-sarai;Рязань;рабочий посёлок Сараи;такси Рязань рабочий посёлок Сараи;0;;0;;0;;0;[]
https://city2city.ru/ryazan-saransk;Рязань;Саранск;такси Рязань Саранск;5;;0;;0;;0;[]
https://city2city.ru/ryazan-sasovo;Рязань;Сасово;такси Рязань Сасово;10;такси сасово рязань;10;;0;;0;"[{""phrase"": ""такси сасово рязань"", ""count"": ""10""}]"
https://city2city.ru/ryazan-sergiev-posad;Рязань;Сергиев Посад;такси Рязань Сергиев Посад;1;;0;;0;;0;[]
https://city2city.ru/ryazan-serpuxov;Рязань;Серпухов;такси Рязань Серпухов;0;;0;;0;;0;[]
https://city2city.ru/ryazan-shaczk;Рязань;Шацк;такси Рязань Шацк;11;такси рязань шацк;11;;0;;0;"[{""phrase"": ""такси рязань шацк"", ""count"": ""11""}]"
https://city2city.ru/ryazan-shatura;Рязань;Шатура;такси Рязань Шатура;3;;0;;0;;0;[]
https://city2city.ru/ryazan-shilovo;Рязань;рабочий посёлок Шилово;такси Рязань рабочий посёлок Шилово;0;;0;;0;;0;[]
https://city2city.ru/ryazan-skopin;Рязань;Скопин;такси Рязань Скопин;53;такси рязань скопин;53;такси рязань скопин цена;11;скопин рязань такси сколько стоит;10;"[{""phrase"": ""такси рязань скопин"", ""count"": ""53""}, {""phrase"": ""такси рязань скопин цена"", ""count"": ""11""}, {""phrase"": ""скопин рязань такси сколько стоит"", ""count"": ""10""}]"
https://city2city.ru/ryazan-smolensk;Рязань;Смоленск;такси Рязань Смоленск;5;;0;;0;;0;[]
https://city2city.ru/ryazan-sochi;Рязань;Сочи;такси Рязань Сочи;0;;0;;0;;0;[]
https://city2city.ru/ryazan-sosnovyj-bor;Рязань;посёлок городского типа Сосновый Бор;такси Рязань посёлок городского типа Сосновый Бор;0;;0;;0;;0;[]
https://city2city.ru/ryazan-spas-klepiki;Рязань;Спас-Клепики;такси Рязань Спас-Клепики;8;;0;;0;;0;[]
https://city2city.ru/ryazan-spassk-ryazanskij;Рязань;Спасск-Рязанский;такси Рязань Спасск-Рязанский;10;;0;;0;;0;[]
https://city2city.ru/ryazan-staricza;Рязань;Старица;такси Рязань Старица;1;;0;;0;;0;[]
https://city2city.ru/ryazan-starozhilovo;Рязань;рабочий посёлок Старожилово;такси Рязань рабочий посёлок Старожилово;0;;0;;0;;0;[]
https://city2city.ru/ryazan-stavropol;Рязань;Ставрополь;такси Рязань Ставрополь;0;;0;;0;;0;[]
https://city2city.ru/ryazan-stroitel;Рязань;Строитель;такси Рязань Строитель;16;такси строитель рязань;16;;0;;0;"[{""phrase"": ""такси строитель рязань"", ""count"": ""16""}]"
https://city2city.ru/ryazan-stupino;Рязань;Ступино;такси Рязань Ступино;5;;0;;0;;0;[]
https://city2city.ru/ryazan-tambov;Рязань;Тамбов;такси Рязань Тамбов;9;;0;;0;;0;[]
https://city2city.ru/ryazan-torbeevo;Рязань;посёлок городского типа Торбеево;такси Рязань посёлок городского типа Торбеево;0;;0;;0;;0;[]
https://city2city.ru/ryazan-tula;Рязань;Тула;такси Рязань Тула;66;такси рязань тула сколько стоит;18;такси тула рязань стоимость;12;такси рязань тула цена;10;"[{""phrase"": ""такси рязань тула сколько стоит"", ""count"": ""18""}, {""phrase"": ""такси тула рязань стоимость"", ""count"": ""12""}, {""phrase"": ""такси рязань тула цена"", ""count"": ""10""}, {""phrase"": ""такси с тулы в рязань"", ""count"": ""8""}]"
https://city2city.ru/ryazan-tuma;Рязань;посёлок городского типа Тума;такси Рязань посёлок городского типа Тума;0;;0;;0;;0;[]
https://city2city.ru/ryazan-tver;Рязань;Тверь;такси Рязань Тверь;2;;0;;0;;0;[]
https://city2city.ru/ryazan-ufa;Рязань;Уфа;такси Рязань Уфа;7;;0;;0;;0;[]
https://city2city.ru/ryazan-ulyanovsk;Рязань;Ульяновск;такси Рязань Ульяновск;4;;0;;0;;0;[]
https://city2city.ru/ryazan-uxolovo;Рязань;рабочий посёлок Ухолово;такси Рязань рабочий посёлок Ухолово;0;;0;;0;;0;[]
https://city2city.ru/ryazan-uzlovaya;Рязань;Узловая;такси Рязань Узловая;0;;0;;0;;0;[]
https://city2city.ru/ryazan-vladimir;Рязань;Владимир;такси Рязань Владимир;13;такси владимир рязань;13;;0;;0;"[{""phrase"": ""такси владимир рязань"", ""count"": ""13""}]"
https://city2city.ru/ryazan-volgograd;Рязань;Волгоград;такси Рязань Волгоград;4;;0;;0;;0;[]
https://city2city.ru/ryazan-voronezh;Рязань;Воронеж;такси Рязань Воронеж;13;рязань воронеж такси;13;;0;;0;"[{""phrase"": ""рязань воронеж такси"", ""count"": ""13""}]"
https://city2city.ru/ryazan-voskresensk;Рязань;Воскресенск;такси Рязань Воскресенск;13;;0;;0;;0;[]
https://city2city.ru/ryazan-ximki;Рязань;Химки;такси Рязань Химки;1;;0;;0;;0;[]
https://city2city.ru/ryazan-yaroslavl;Рязань;Ярославль;такси Рязань Ярославль;0;;0;;0;;0;[]
https://city2city.ru/ryazan-yasnogorsk;Рязань;Ясногорск;такси Рязань Ясногорск;1;;0;;0;;0;[]
https://city2city.ru/ryazan-zarajsk;Рязань;Зарайск;такси Рязань Зарайск;10;такси рязань зарайск;10;;0;;0;"[{""phrase"": ""такси рязань зарайск"", ""count"": ""10""}]"
https://city2city.ru/ryazan-zubova-polyana;Рязань;посёлок городского типа Зубова Поляна;такси Рязань посёлок городского типа Зубова Поляна;0;;0;;0;;0;[]
https://city2city.ru/samara-abdulino;Самара;Абдулино;такси Самара Абдулино;6;такси самара абдулино;6;;0;;0;"[{""phrase"": ""такси самара абдулино"", ""count"": ""6""}]"
https://city2city.ru/samara-adler;Самара;Адлер;такси Самара Адлер;10;такси самара сочи адлер эконом стоимость;6;;0;;0;"[{""phrase"": ""такси самара сочи адлер эконом стоимость"", ""count"": ""6""}]"
https://city2city.ru/samara-agryz;Самара;Агрыз;такси Самара Агрыз;0;;0;;0;;0;[]
https://city2city.ru/samara-aksubaevo;Самара;село Новое Аксубаево;такси Самара село Новое Аксубаево;0;;0;;0;;0;[]
https://city2city.ru/samara-aktyubinskij;Самара;посёлок городского типа Актюбинский;такси Самара посёлок городского типа Актюбинский;0;;0;;0;;0;[]
https://city2city.ru/samara-alekseevka;Самара;село Алексеевка;такси Самара село Алексеевка;0;;0;;0;;0;[]
https://city2city.ru/samara-almetevsk;Самара;Альметьевск;такси Самара Альметьевск;17;альметьевск самара такси;17;;0;;0;"[{""phrase"": ""альметьевск самара такси"", ""count"": ""17""}]"
https://city2city.ru/samara-app-ilek;Самара;село Илек;такси Самара село Илек;0;;0;;0;;0;[]
https://city2city.ru/samara-astraxan;Самара;Астрахань;такси Самара Астрахань;5;;0;;0;;0;[]
https://city2city.ru/samara-aznakaevo;Самара;Азнакаево;такси Самара Азнакаево;6;;0;;0;;0;[]
https://city2city.ru/samara-bajmak;Самара;Баймак;такси Самара Баймак;0;;0;;0;;0;[]
https://city2city.ru/samara-balakovo;Самара;Балаково;такси Самара Балаково;19;такси самара балаково;19;;0;;0;"[{""phrase"": ""такси самара балаково"", ""count"": ""19""}]"
https://city2city.ru/samara-balashov;Самара;Балашов;такси Самара Балашов;0;;0;;0;;0;[]
https://city2city.ru/samara-barysh;Самара;Барыш;такси Самара Барыш;6;;0;;0;;0;[]
https://city2city.ru/samara-bavly;Самара;Бавлы;такси Самара Бавлы;10;;0;;0;;0;[]
https://city2city.ru/samara-belebej;Самара;Белебей;такси Самара Белебей;4;;0;;0;;0;[]
https://city2city.ru/samara-belgorod;Самара;Белгород;такси Самара Белгород;23;такси белгород самара;23;самара белгород такси цена;7;;0;"[{""phrase"": ""такси белгород самара"", ""count"": ""23""}, {""phrase"": ""самара белгород такси цена"", ""count"": ""7""}]"
https://city2city.ru/samara-bezenchuk;Самара;посёлок городского типа Безенчук;такси Самара посёлок городского типа Безенчук;0;;0;;0;;0;[]
https://city2city.ru/samara-bolgar;Самара;Болгар;такси Самара Болгар;0;;0;;0;;0;[]
https://city2city.ru/samara-bugulma;Самара;Бугульма;такси Самара Бугульма;32;бугульма самара такси;32;такси бугульма самара маршрутное;7;;0;"[{""phrase"": ""бугульма самара такси"", ""count"": ""32""}, {""phrase"": ""такси бугульма самара маршрутное"", ""count"": ""7""}]"
https://city2city.ru/samara-buguruslan;Самара;;такси Самара ;26829;такси самара;26829;яндекс такси самара;7732;такси самара телефон;4895;"[{""phrase"": ""такси самара"", ""count"": ""26829""}, {""phrase"": ""яндекс такси самара"", ""count"": ""7732""}, {""phrase"": ""такси самара телефон"", ""count"": ""4895""}, {""phrase"": ""яндекс такси самара телефон"", ""count"": ""2395""}, {""phrase"": ""такси самара номер"", ""count"": ""2275""}, {""phrase"": ""такси самара номер телефона"", ""count"": ""1372""}, {""phrase"": ""такси везет самара"", ""count"": ""1030""}, {""phrase"": ""яндекс такси самара номер"", ""count"": ""918""}, {""phrase"": ""такси до самары сколько"", ""count"": ""823""}, {""phrase"": ""заказ яндекс такси самара"", ""count"": ""780""}]"
https://city2city.ru/samara-buzuluk;Самара;Бузулук;такси Самара Бузулук;119;такси бузулук самара;119;такси бузулук самара цена;17;;0;"[{""phrase"": ""такси бузулук самара"", ""count"": ""119""}, {""phrase"": ""такси бузулук самара цена"", ""count"": ""17""}]"
https://city2city.ru/samara-chapaevsk;Самара;Чапаевск;такси Самара Чапаевск;53;такси самара чапаевск;53;сколько стоит такси самара чапаевск;18;;0;"[{""phrase"": ""такси самара чапаевск"", ""count"": ""53""}, {""phrase"": ""сколько стоит такси самара чапаевск"", ""count"": ""18""}]"
https://city2city.ru/samara-chebarkul;Самара;Чебаркуль;такси Самара Чебаркуль;7;;0;;0;;0;[]
https://city2city.ru/samara-cheboksary;Самара;;такси Самара ;26829;такси самара;26829;яндекс такси самара;7732;такси самара телефон;4895;"[{""phrase"": ""такси самара"", ""count"": ""26829""}, {""phrase"": ""яндекс такси самара"", ""count"": ""7732""}, {""phrase"": ""такси самара телефон"", ""count"": ""4895""}, {""phrase"": ""яндекс такси самара телефон"", ""count"": ""2395""}, {""phrase"": ""такси самара номер"", ""count"": ""2275""}, {""phrase"": ""такси самара номер телефона"", ""count"": ""1372""}, {""phrase"": ""такси везет самара"", ""count"": ""1030""}, {""phrase"": ""яндекс такси самара номер"", ""count"": ""918""}, {""phrase"": ""такси до самары сколько"", ""count"": ""823""}, {""phrase"": ""заказ яндекс такси самара"", ""count"": ""780""}]"
https://city2city.ru/samara-chelyabinsk;Самара;Челябинск;такси Самара Челябинск;17;такси челябинск самара;17;;0;;0;"[{""phrase"": ""такси челябинск самара"", ""count"": ""17""}]"
https://city2city.ru/samara-cherdakly;Самара;посёлок городского типа Чердаклы;такси Самара посёлок городского типа Чердаклы;0;;0;;0;;0;[]
https://city2city.ru/samara-dimitrovgrad;Самара;Димитровград;такси Самара Димитровград;59;такси самара димитровград;59;самара димитровград такси цена;17;такси межгород димитровград самара;5;"[{""phrase"": ""такси самара димитровград"", ""count"": ""59""}, {""phrase"": ""самара димитровград такси цена"", ""count"": ""17""}, {""phrase"": ""такси межгород димитровград самара"", ""count"": ""5""}, {""phrase"": ""сколько стоит такси от самары до димитровграда"", ""count"": ""5""}]"
https://city2city.ru/samara-dmitrievka;Самара;село Дмитриевка;такси Самара село Дмитриевка;0;;0;;0;;0;[]
https://city2city.ru/samara-duxovniczkoe;Самара;посёлок городского типа Духовницкое;такси Самара посёлок городского типа Духовницкое;0;;0;;0;;0;[]
https://city2city.ru/samara-dzhankoj;Самара;Джанкой;такси Самара Джанкой;0;;0;;0;;0;[]
https://city2city.ru/samara-ekaterinburg;Самара;Екатеринбург;такси Самара Екатеринбург;14;самара екатеринбург такси;14;;0;;0;"[{""phrase"": ""самара екатеринбург такси"", ""count"": ""14""}]"
https://city2city.ru/samara-ershov;Самара;Ершов;такси Самара Ершов;0;;0;;0;;0;[]
https://city2city.ru/samara-gelendzhik;Самара;Геленджик;такси Самара Геленджик;1;;0;;0;;0;[]
https://city2city.ru/samara-glazov;Самара;Глазов;такси Самара Глазов;1;;0;;0;;0;[]
https://city2city.ru/samara-granicza-kazaxstan;Самара;52А-3;такси Самара 52А-3;0;;0;;0;;0;[]
https://city2city.ru/samara-granicza-ukraina;Самара;М-3 Украина;такси Самара М-3 Украина;0;;0;;0;;0;[]
https://city2city.ru/samara-insar;Самара;Инсар;такси Самара Инсар;0;;0;;0;;0;[]
https://city2city.ru/samara-inza;Самара;Инза;такси Самара Инза;1;;0;;0;;0;[]
https://city2city.ru/samara-ivanovo;Самара;Иваново;такси Самара Иваново;0;;0;;0;;0;[]
https://city2city.ru/samara-ivanteevka;Самара;Ивантеевка;такси Самара Ивантеевка;0;;0;;0;;0;[]
https://city2city.ru/samara-izhevsk;Самара;Ижевск;такси Самара Ижевск;37;такси самара ижевск;37;;0;;0;"[{""phrase"": ""такси самара ижевск"", ""count"": ""37""}]"
https://city2city.ru/samara-joshkar-ola;Самара;Йошкар-Ола;такси Самара Йошкар-Ола;9;;0;;0;;0;[]
https://city2city.ru/samara-kamyshin;Самара;Камышин;такси Самара Камышин;6;;0;;0;;0;[]
https://city2city.ru/samara-kazan;Самара;Казань;такси Самара Казань;385;такси казань самара;385;такси аэропорт казань самара;28;казань самара цены такси;24;"[{""phrase"": ""такси казань самара"", ""count"": ""385""}, {""phrase"": ""такси аэропорт казань самара"", ""count"": ""28""}, {""phrase"": ""казань самара цены такси"", ""count"": ""24""}, {""phrase"": ""такси межгород самара казань"", ""count"": ""18""}, {""phrase"": ""такси казань самара стоимость поездки"", ""count"": ""10""}, {""phrase"": ""такси казань самара минивэн"", ""count"": ""10""}, {""phrase"": ""стоимость такси от казани до самары"", ""count"": ""5""}]"
https://city2city.ru/samara-kinel;Самара;Кинель;такси Самара Кинель;53;такси кинель самара;53;;0;;0;"[{""phrase"": ""такси кинель самара"", ""count"": ""53""}]"
https://city2city.ru/samara-kirov;Самара;Киров;такси Самара Киров;56;такси самара киров;56;;0;;0;"[{""phrase"": ""такси самара киров"", ""count"": ""56""}]"
https://city2city.ru/samara-kumertau;Самара;Кумертау;такси Самара Кумертау;2;;0;;0;;0;[]
https://city2city.ru/samara-kursk;Самара;Курск;такси Самара Курск;3;;0;;0;;0;[]
https://city2city.ru/samara-kuzneck;Самара;Кузнецк;такси Самара Кузнецк;1;;0;;0;;0;[]
https://city2city.ru/samara-kuzovatovo;Самара;рабочий посёлок Кузоватово;такси Самара рабочий посёлок Кузоватово;0;;0;;0;;0;[]
https://city2city.ru/samara-leninogorsk;Самара;Лениногорск;такси Самара Лениногорск;1;;0;;0;;0;[]
https://city2city.ru/samara-lipeczk;Самара;Липецк;такси Самара Липецк;2;;0;;0;;0;[]
https://city2city.ru/samara-magnitogorsk;Самара;Магнитогорск;такси Самара Магнитогорск;7;такси самара магнитогорск;7;;0;;0;"[{""phrase"": ""такси самара магнитогорск"", ""count"": ""7""}]"
https://city2city.ru/samara-mapp-mashtakovo;Самара;село Погодаево;такси Самара село Погодаево;0;;0;;0;;0;[]
https://city2city.ru/samara-meleuz;Самара;Мелеуз;такси Самара Мелеуз;1;;0;;0;;0;[]
https://city2city.ru/samara-miass;Самара;Миасс;такси Самара Миасс;0;;0;;0;;0;[]
https://city2city.ru/samara-mirnyj;Самара;Мирный;такси Самара Мирный;29;такси мирный самара;29;;0;;0;"[{""phrase"": ""такси мирный самара"", ""count"": ""29""}]"
https://city2city.ru/samara-moskva;Самара;Москва;такси Самара Москва;290;такси москва самара;290;такси москва самара цена;80;москва самара такси сколько;67;"[{""phrase"": ""такси москва самара"", ""count"": ""290""}, {""phrase"": ""такси москва самара цена"", ""count"": ""80""}, {""phrase"": ""москва самара такси сколько"", ""count"": ""67""}, {""phrase"": ""сколько стоит такси от самары до москвы"", ""count"": ""15""}]"
https://city2city.ru/samara-naberezhnye-chelny;Самара;Набережные Челны;такси Самара Набережные Челны;10;такси самара набережные челны;10;;0;;0;"[{""phrase"": ""такси самара набережные челны"", ""count"": ""10""}]"
https://city2city.ru/samara-naro-fominsk;Самара;Наро-Фоминск;такси Самара Наро-Фоминск;1;;0;;0;;0;[]
https://city2city.ru/samara-neftegorsk;Самара;Нефтегорск;такси Самара Нефтегорск;30;самара нефтегорск такси;30;;0;;0;"[{""phrase"": ""самара нефтегорск такси"", ""count"": ""30""}]"
https://city2city.ru/samara-neftekamsk;Самара;Нефтекамск;такси Самара Нефтекамск;2;;0;;0;;0;[]
https://city2city.ru/samara-nikolaevka;Самара;деревня Николаевка;такси Самара деревня Николаевка;0;;0;;0;;0;[]
https://city2city.ru/samara-nizhnekamsk;Самара;Нижнекамск;такси Самара Нижнекамск;18;такси нижнекамск самара;18;;0;;0;"[{""phrase"": ""такси нижнекамск самара"", ""count"": ""18""}]"
https://city2city.ru/samara-nizhnevartovsk;Самара;Нижневартовск;такси Самара Нижневартовск;2;;0;;0;;0;[]
https://city2city.ru/samara-nizhnij-novgorod;Самара;Нижний Новгород;такси Самара Нижний Новгород;18;такси нижний новгород самара;18;;0;;0;"[{""phrase"": ""такси нижний новгород самара"", ""count"": ""18""}]"
https://city2city.ru/samara-novaya-majna;Самара;поселок городского типа Новая Майна;такси Самара поселок городского типа Новая Майна;0;;0;;0;;0;[]
https://city2city.ru/samara-novokuybyshevsk;Самара;Новокуйбышевск;такси Самара Новокуйбышевск;74;такси самара новокуйбышевск;74;самара новокуйбышевск такси цена;12;сколько стоит такси от самары до новокуйбышевска;9;"[{""phrase"": ""такси самара новокуйбышевск"", ""count"": ""74""}, {""phrase"": ""самара новокуйбышевск такси цена"", ""count"": ""12""}, {""phrase"": ""сколько стоит такси от самары до новокуйбышевска"", ""count"": ""9""}]"
https://city2city.ru/samara-novosemejkino;Самара;поселок городского типа Новосемейкино;такси Самара поселок городского типа Новосемейкино;0;;0;;0;;0;[]
https://city2city.ru/samara-novospasskoe;Самара;посёлок городского типа Новоспасское;такси Самара посёлок городского типа Новоспасское;0;;0;;0;;0;[]
https://city2city.ru/samara-nurlat;Самара;село Нурлаты;такси Самара село Нурлаты;0;;0;;0;;0;[]
https://city2city.ru/samara-oktyabrsk;Самара;Октябрьск;такси Самара Октябрьск;5;;0;;0;;0;[]
https://city2city.ru/samara-oktyabrskiy;Самара;Октябрьский;такси Самара Октябрьский;49;такси октябрьский самара;49;такси межгород октябрьский самара;16;такси самара октябрьский башкортостан;12;"[{""phrase"": ""такси октябрьский самара"", ""count"": ""49""}, {""phrase"": ""такси межгород октябрьский самара"", ""count"": ""16""}, {""phrase"": ""такси самара октябрьский башкортостан"", ""count"": ""12""}]"
https://city2city.ru/samara-orenburg;Самара;Оренбург;такси Самара Оренбург;359;такси оренбург самара;359;такси межгород оренбург самара;51;оренбурге самара такси цена;27;"[{""phrase"": ""такси оренбург самара"", ""count"": ""359""}, {""phrase"": ""такси межгород оренбург самара"", ""count"": ""51""}, {""phrase"": ""оренбурге самара такси цена"", ""count"": ""27""}, {""phrase"": ""такси оренбург самара аэропорт"", ""count"": ""26""}, {""phrase"": ""самара оренбург такси расписание"", ""count"": ""19""}, {""phrase"": ""такси самара оренбург аэропорт курумоч"", ""count"": ""17""}, {""phrase"": ""оренбург самара такси ларгус"", ""count"": ""17""}, {""phrase"": ""маршрутное такси оренбург самара"", ""count"": ""13""}, {""phrase"": ""такси оренбург самара расписание цена"", ""count"": ""12""}, {""phrase"": ""такси оренбург самара ул советская"", ""count"": ""9""}]"
https://city2city.ru/samara-orsk;Самара;Орск;такси Самара Орск;10;такси орск самара;10;;0;;0;"[{""phrase"": ""такси орск самара"", ""count"": ""10""}]"
https://city2city.ru/samara-osinki;Самара;поселок городского типа Осинки;такси Самара поселок городского типа Осинки;0;;0;;0;;0;[]
https://city2city.ru/samara-otradnyj;Самара;Отрадный;такси Самара Отрадный;53;такси отрадный самара;53;сколько стоит такси самара отрадный;20;такси самара отрадный цены;17;"[{""phrase"": ""такси отрадный самара"", ""count"": ""53""}, {""phrase"": ""сколько стоит такси самара отрадный"", ""count"": ""20""}, {""phrase"": ""такси самара отрадный цены"", ""count"": ""17""}]"
https://city2city.ru/samara-ozinki;Самара;рабочий посёлок Озинки;такси Самара рабочий посёлок Озинки;0;;0;;0;;0;[]
https://city2city.ru/samara-pavlovka;Самара;посёлок городского типа Павловка;такси Самара посёлок городского типа Павловка;0;;0;;0;;0;[]
https://city2city.ru/samara-penza;Самара;Пенза;такси Самара Пенза;36;такси самара пенза;36;;0;;0;"[{""phrase"": ""такси самара пенза"", ""count"": ""36""}]"
https://city2city.ru/samara-perm;Самара;Пермь;такси Самара Пермь;29;такси самара пермь;29;;0;;0;"[{""phrase"": ""такси самара пермь"", ""count"": ""29""}]"
https://city2city.ru/samara-pervomajskij-2;Самара;Первомайский проспект;такси Самара Первомайский проспект;0;;0;;0;;0;[]
https://city2city.ru/samara-poxvistnevo;Самара;Похвистнево;такси Самара Похвистнево;55;такси самара похвистнево;55;;0;;0;"[{""phrase"": ""такси самара похвистнево"", ""count"": ""55""}]"
https://city2city.ru/samara-priyutovo;Самара;поселок городского типа Приютово;такси Самара поселок городского типа Приютово;0;;0;;0;;0;[]
https://city2city.ru/samara-pugachyov;Самара;Пугачёв;такси Самара Пугачёв;25;пугачев самара такси;25;самара пугачева такси;25;цена такси от самары до пугачева;6;"[{""phrase"": ""пугачев самара такси"", ""count"": ""25""}, {""phrase"": ""самара пугачева такси"", ""count"": ""25""}, {""phrase"": ""цена такси от самары до пугачева"", ""count"": ""6""}]"
https://city2city.ru/samara-roshhinskij;Самара;поселок городского типа Рощинский;такси Самара поселок городского типа Рощинский;0;;0;;0;;0;[]
https://city2city.ru/samara-rossosh;Самара;Россошь;такси Самара Россошь;1;;0;;0;;0;[]
https://city2city.ru/samara-rostov-na-donu;Самара;Ростов-на-Дону;такси Самара Ростов-на-Дону;34;такси самара ростов на дону;34;;0;;0;"[{""phrase"": ""такси самара ростов на дону"", ""count"": ""34""}]"
https://city2city.ru/samara-ryazan;Самара;Рязань;такси Самара Рязань;8;;0;;0;;0;[]
https://city2city.ru/samara-salavat;Самара;Салават;такси Самара Салават;1;;0;;0;;0;[]
https://city2city.ru/samara-sankt-peterburg;Самара;Санкт-Петербург;такси Самара Санкт-Петербург;10;такси санкт петербург самара;10;;0;;0;"[{""phrase"": ""такси санкт петербург самара"", ""count"": ""10""}]"
https://city2city.ru/samara-saransk;Самара;Саранск;такси Самара Саранск;2;;0;;0;;0;[]
https://city2city.ru/samara-sarapul;Самара;Сарапул;такси Самара Сарапул;0;;0;;0;;0;[]
https://city2city.ru/samara-saratov;Самара;Саратов;такси Самара Саратов;90;такси саратов самара;90;такси саратов самара сколько стоит;14;такси межгород ларгус саратов самара;5;"[{""phrase"": ""такси саратов самара"", ""count"": ""90""}, {""phrase"": ""такси саратов самара сколько стоит"", ""count"": ""14""}, {""phrase"": ""такси межгород ларгус саратов самара"", ""count"": ""5""}]"
https://city2city.ru/samara-selo-grachyovka;Самара;село Грачёвка;такси Самара село Грачёвка;0;;0;;0;;0;[]
https://city2city.ru/samara-sevastopol;Самара;Севастополь;такси Самара Севастополь;1;;0;;0;;0;[]
https://city2city.ru/samara-sibaj;Самара;Сибай;такси Самара Сибай;10;такси сибай самара;10;;0;;0;"[{""phrase"": ""такси сибай самара"", ""count"": ""10""}]"
https://city2city.ru/samara-sochi;Самара;Сочи;такси Самара Сочи;17;такси самара сочи адлер эконом стоимость;6;;0;;0;"[{""phrase"": ""такси самара сочи адлер эконом стоимость"", ""count"": ""6""}]"
https://city2city.ru/samara-sol-ileczk;Самара;Соль-Илецк;такси Самара Соль-Илецк;0;;0;;0;;0;[]
https://city2city.ru/samara-sorochinsk;Самара;Сорочинск;такси Самара Сорочинск;15;такси сорочинск самара;15;;0;;0;"[{""phrase"": ""такси сорочинск самара"", ""count"": ""15""}]"
https://city2city.ru/samara-staraya-kulatka;Самара;посёлок городского типа Старая Кулатка;такси Самара посёлок городского типа Старая Кулатка;0;;0;;0;;0;[]
https://city2city.ru/samara-stavropol;Самара;Ставрополь;такси Самара Ставрополь;2;;0;;0;;0;[]
https://city2city.ru/samara-sterlitamak;Самара;Стерлитамак;такси Самара Стерлитамак;5;;0;;0;;0;[]
https://city2city.ru/samara-surgut;Самара;Сургут;такси Самара Сургут;6;;0;;0;;0;[]
https://city2city.ru/samara-suxodol;Самара;поселок городского типа Суходол;такси Самара поселок городского типа Суходол;0;;0;;0;;0;[]
https://city2city.ru/samara-syzran;Самара;Сызрань;такси Самара Сызрань;82;самара сызрань такси;82;такси самара сызрань цена;21;сколько стоит такси от самары до сызрани;12;"[{""phrase"": ""самара сызрань такси"", ""count"": ""82""}, {""phrase"": ""такси самара сызрань цена"", ""count"": ""21""}, {""phrase"": ""сколько стоит такси от самары до сызрани"", ""count"": ""12""}, {""phrase"": ""такси самара сызрань стоимость"", ""count"": ""12""}]"
https://city2city.ru/samara-tambov;Самара;Тамбов;такси Самара Тамбов;2;;0;;0;;0;[]
https://city2city.ru/samara-tolyatti;Самара;Тольятти;такси Самара Тольятти;475;такси самара тольятти;475;такси тольятти самара стоимость;96;сколько стоит такси от самары до тольятти;34;"[{""phrase"": ""такси самара тольятти"", ""count"": ""475""}, {""phrase"": ""такси тольятти самара стоимость"", ""count"": ""96""}, {""phrase"": ""сколько стоит такси от самары до тольятти"", ""count"": ""34""}, {""phrase"": ""яндекс такси самара тольятти"", ""count"": ""29""}, {""phrase"": ""такси тольятти в самару сколько"", ""count"": ""27""}, {""phrase"": ""такси аэропорт самара тольятти"", ""count"": ""20""}, {""phrase"": ""такси тольятти жд самара"", ""count"": ""19""}, {""phrase"": ""такси от самары до тольятти цена"", ""count"": ""18""}, {""phrase"": ""межгород такси тольятти самара"", ""count"": ""16""}, {""phrase"": ""такси тольятти самара жд вокзал"", ""count"": ""16""}]"
https://city2city.ru/samara-tujmazy;Самара;Туймазы;такси Самара Туймазы;27;такси самара туймазы;27;;0;;0;"[{""phrase"": ""такси самара туймазы"", ""count"": ""27""}]"
https://city2city.ru/samara-tula;Самара;Тула;такси Самара Тула;4;;0;;0;;0;[]
https://city2city.ru/samara-tver;Самара;Тверь;такси Самара Тверь;0;;0;;0;;0;[]
https://city2city.ru/samara-uchaly;Самара;село Учалы;такси Самара село Учалы;0;;0;;0;;0;[]
https://city2city.ru/samara-ufa;Самара;Уфа;такси Самара Уфа;200;такси уфа самара;200;такси уфа самара цена;34;уфа самара такси межгород;25;"[{""phrase"": ""такси уфа самара"", ""count"": ""200""}, {""phrase"": ""такси уфа самара цена"", ""count"": ""34""}, {""phrase"": ""уфа самара такси межгород"", ""count"": ""25""}, {""phrase"": ""такси уфа самара стоимость"", ""count"": ""18""}]"
https://city2city.ru/samara-ulyanovsk;Самара;Ульяновск;такси Самара Ульяновск;116;такси самара ульяновск;116;сколько стоит такси самара ульяновск;30;такси самара ульяновск цены;24;"[{""phrase"": ""такси самара ульяновск"", ""count"": ""116""}, {""phrase"": ""сколько стоит такси самара ульяновск"", ""count"": ""30""}, {""phrase"": ""такси самара ульяновск цены"", ""count"": ""24""}, {""phrase"": ""такси самара ульяновск стоимость"", ""count"": ""14""}, {""phrase"": ""такси самара ульяновск цена на январь 2026г"", ""count"": ""5""}]"
https://city2city.ru/samara-uralsk;Самара;Уральск;такси Самара Уральск;222;такси уральск самара;222;такси уральск самара цена;38;такси самара уральск казахстан;17;"[{""phrase"": ""такси уральск самара"", ""count"": ""222""}, {""phrase"": ""такси уральск самара цена"", ""count"": ""38""}, {""phrase"": ""такси самара уральск казахстан"", ""count"": ""17""}, {""phrase"": ""сколько стоит такси уральск самара"", ""count"": ""15""}, {""phrase"": ""самара уральск такси стоимость"", ""count"": ""14""}, {""phrase"": ""такси самара уральск расписание цена"", ""count"": ""10""}, {""phrase"": ""такси межгород самара уральск"", ""count"": ""6""}, {""phrase"": ""уральск самара такси цена за место"", ""count"": ""5""}, {""phrase"": ""такси райан самара уральск"", ""count"": ""5""}]"
https://city2city.ru/samara-urussu;Самара;поселок городского типа Уруссу;такси Самара поселок городского типа Уруссу;0;;0;;0;;0;[]
https://city2city.ru/samara-usinsk;Самара;Усинск;такси Самара Усинск;0;;0;;0;;0;[]
https://city2city.ru/samara-volgograd;Самара;Волгоград;такси Самара Волгоград;37;такси волгоград самара;37;;0;;0;"[{""phrase"": ""такси волгоград самара"", ""count"": ""37""}]"
https://city2city.ru/samara-volsk;Самара;Вольск;такси Самара Вольск;9;;0;;0;;0;[]
https://city2city.ru/samara-volzhskij;Самара;Волжский;такси Самара Волжский;21;такси волжский самара;21;;0;;0;"[{""phrase"": ""такси волжский самара"", ""count"": ""21""}]"
https://city2city.ru/samara-voronezh;Самара;Воронеж;такси Самара Воронеж;21;такси самара воронеж;21;;0;;0;"[{""phrase"": ""такси самара воронеж"", ""count"": ""21""}]"
https://city2city.ru/samara-xvalynsk;Самара;Хвалынск;такси Самара Хвалынск;1;;0;;0;;0;[]
https://city2city.ru/samara-yuzhnyj;Самара;рабочий поселок Южный;такси Самара рабочий поселок Южный;0;;0;;0;;0;[]
https://city2city.ru/samara-zainsk;Самара;Заинск;такси Самара Заинск;2;;0;;0;;0;[]
https://city2city.ru/sankt-peterburg-anapa;Санкт-Петербург;Анапа;такси Санкт-Петербург Анапа;12;такси диля санкт петербург и анапа;5;;0;;0;"[{""phrase"": ""такси диля санкт петербург и анапа"", ""count"": ""5""}]"
https://city2city.ru/sankt-peterburg-apatity;Санкт-Петербург;Апатиты;такси Санкт-Петербург Апатиты;0;;0;;0;;0;[]
https://city2city.ru/sankt-peterburg-belgorod;Санкт-Петербург;Белгород;такси Санкт-Петербург Белгород;37;такси белгород санкт петербург;37;такси белгород санкт петербург цена;12;;0;"[{""phrase"": ""такси белгород санкт петербург"", ""count"": ""37""}, {""phrase"": ""такси белгород санкт петербург цена"", ""count"": ""12""}]"
https://city2city.ru/sankt-peterburg-borovichi;Санкт-Петербург;Боровичи;такси Санкт-Петербург Боровичи;382;такси боровичи санкт петербург;382;такси межгород боровичи санкт петербург;231;такси боровичи санкт петербург звездная;46;"[{""phrase"": ""такси боровичи санкт петербург"", ""count"": ""382""}, {""phrase"": ""такси межгород боровичи санкт петербург"", ""count"": ""231""}, {""phrase"": ""такси боровичи санкт петербург звездная"", ""count"": ""46""}, {""phrase"": ""маршрутное такси боровичи санкт петербург"", ""count"": ""32""}, {""phrase"": ""такси межгород боровичи санкт петербург звездная"", ""count"": ""30""}, {""phrase"": ""такси боровичи санкт петербург расписание"", ""count"": ""28""}, {""phrase"": ""такси лидер боровичи санкт петербург"", ""count"": ""28""}, {""phrase"": ""такси дилижанс боровичи санкт петербург"", ""count"": ""19""}, {""phrase"": ""такси межгород боровичи санкт петербург расписание"", ""count"": ""17""}, {""phrase"": ""такси боровичи санкт петербург цена"", ""count"": ""17""}]"
https://city2city.ru/sankt-peterburg-cheboksary;Санкт-Петербург;Чебоксары;такси Санкт-Петербург Чебоксары;5;;0;;0;;0;[]
https://city2city.ru/sankt-peterburg-chelyabinsk;Санкт-Петербург;Челябинск;такси Санкт-Петербург Челябинск;13;санкт петербург челябинск сколько стоит километр такси;5;;0;;0;"[{""phrase"": ""санкт петербург челябинск сколько стоит километр такси"", ""count"": ""5""}]"
https://city2city.ru/sankt-peterburg-dedovichi;Санкт-Петербург;посёлок городского типа Дедовичи;такси Санкт-Петербург посёлок городского типа Дедовичи;0;;0;;0;;0;[]
https://city2city.ru/sankt-peterburg-ekaterinburg;Санкт-Петербург;Екатеринбург;такси Санкт-Петербург Екатеринбург;7;такси екатеринбург санкт петербург;7;;0;;0;"[{""phrase"": ""такси екатеринбург санкт петербург"", ""count"": ""7""}]"
https://city2city.ru/sankt-peterburg-ivangorod;Санкт-Петербург;Ивангород;такси Санкт-Петербург Ивангород;57;такси ивангород санкт петербург;57;такси ивангород санкт петербург цена;8;;0;"[{""phrase"": ""такси ивангород санкт петербург"", ""count"": ""57""}, {""phrase"": ""такси ивангород санкт петербург цена"", ""count"": ""8""}]"
https://city2city.ru/sankt-peterburg-izhevsk;Санкт-Петербург;Ижевск;такси Санкт-Петербург Ижевск;3;;0;;0;;0;[]
https://city2city.ru/sankt-peterburg-kaluga;Санкт-Петербург;Калуга;такси Санкт-Петербург Калуга;5;;0;;0;;0;[]
https://city2city.ru/sankt-peterburg-kandalaksha;Санкт-Петербург;Кандалакша;такси Санкт-Петербург Кандалакша;1;;0;;0;;0;[]
https://city2city.ru/sankt-peterburg-kazan;Санкт-Петербург;Казань;такси Санкт-Петербург Казань;4;;0;;0;;0;[]
https://city2city.ru/sankt-peterburg-kirishi;Санкт-Петербург;Кириши;такси Санкт-Петербург Кириши;12;такси санкт петербург кириши;12;;0;;0;"[{""phrase"": ""такси санкт петербург кириши"", ""count"": ""12""}]"
https://city2city.ru/sankt-peterburg-kostroma;Санкт-Петербург;Кострома;такси Санкт-Петербург Кострома;8;кострома санкт петербург такси;8;;0;;0;"[{""phrase"": ""кострома санкт петербург такси"", ""count"": ""8""}]"
https://city2city.ru/sankt-peterburg-kpp-kunichnaya-gora;Санкт-Петербург;деревня Койдула;такси Санкт-Петербург деревня Койдула;0;;0;;0;;0;[]
https://city2city.ru/sankt-peterburg-kpp-shumilkino;Санкт-Петербург;деревня Горланово;такси Санкт-Петербург деревня Горланово;0;;0;;0;;0;[]
https://city2city.ru/sankt-peterburg-kpp-ubylinka;Санкт-Петербург;деревня Уболенка;такси Санкт-Петербург деревня Уболенка;0;;0;;0;;0;[]
https://city2city.ru/sankt-peterburg-kurgan;Санкт-Петербург;Курган;такси Санкт-Петербург Курган;4;;0;;0;;0;[]
https://city2city.ru/sankt-peterburg-kursk;Санкт-Петербург;Курск;такси Санкт-Петербург Курск;21;такси курск санкт петербург;21;;0;;0;"[{""phrase"": ""такси курск санкт петербург"", ""count"": ""21""}]"
https://city2city.ru/sankt-peterburg-kuznechnoe;Санкт-Петербург;городской посёлок Кузнечное;такси Санкт-Петербург городской посёлок Кузнечное;0;;0;;0;;0;[]
https://city2city.ru/sankt-peterburg-laxdenpoxya;Санкт-Петербург;Лахденпохья;такси Санкт-Петербург Лахденпохья;2;;0;;0;;0;[]
https://city2city.ru/sankt-peterburg-lyubytino;Санкт-Петербург;поселок городского типа Любытино;такси Санкт-Петербург поселок городского типа Любытино;0;;0;;0;;0;[]
https://city2city.ru/sankt-peterburg-magnitogorsk;Санкт-Петербург;Магнитогорск;такси Санкт-Петербург Магнитогорск;4;;0;;0;;0;[]
https://city2city.ru/sankt-peterburg-moskva;Санкт-Петербург;Москва;такси Санкт-Петербург Москва;449;такси москва санкт петербург;449;такси москва санкт петербург цена;86;санкт петербург москва такси сколько;73;"[{""phrase"": ""такси москва санкт петербург"", ""count"": ""449""}, {""phrase"": ""такси москва санкт петербург цена"", ""count"": ""86""}, {""phrase"": ""санкт петербург москва такси сколько"", ""count"": ""73""}, {""phrase"": ""санкт петербург москва такси сколько стоит"", ""count"": ""64""}, {""phrase"": ""такси санкт петербург москва стоимость"", ""count"": ""38""}, {""phrase"": ""яндекс такси санкт петербург москва"", ""count"": ""18""}, {""phrase"": ""такси москва санкт петербург цена на сегодня"", ""count"": ""8""}, {""phrase"": ""алиса мне нужно такси москва санкт петербург"", ""count"": ""5""}]"
https://city2city.ru/sankt-peterburg-murmansk;Санкт-Петербург;Мурманск;такси Санкт-Петербург Мурманск;11;такси мурманск санкт петербург;11;;0;;0;"[{""phrase"": ""такси мурманск санкт петербург"", ""count"": ""11""}]"
https://city2city.ru/sankt-peterburg-nebolchi;Санкт-Петербург;рабочий посёлок Неболчи;такси Санкт-Петербург рабочий посёлок Неболчи;0;;0;;0;;0;[]
https://city2city.ru/sankt-peterburg-nizhnij-novgorod;Санкт-Петербург;Нижний Новгород;такси Санкт-Петербург Нижний Новгород;18;такси нижний новгород санкт петербурга;18;;0;;0;"[{""phrase"": ""такси нижний новгород санкт петербурга"", ""count"": ""18""}]"
https://city2city.ru/sankt-peterburg-okulovka;Санкт-Петербург;деревня Окуловка;такси Санкт-Петербург деревня Окуловка;0;;0;;0;;0;[]
https://city2city.ru/sankt-peterburg-orsk;Санкт-Петербург;Орск;такси Санкт-Петербург Орск;1;;0;;0;;0;[]
https://city2city.ru/sankt-peterburg-perm;Санкт-Петербург;Пермь;такси Санкт-Петербург Пермь;6;;0;;0;;0;[]
https://city2city.ru/sankt-peterburg-pestovo;Санкт-Петербург;деревня Пестово;такси Санкт-Петербург деревня Пестово;0;;0;;0;;0;[]
https://city2city.ru/sankt-peterburg-petrozavodsk;Санкт-Петербург;Петрозаводск;такси Санкт-Петербург Петрозаводск;45;такси петрозаводск санкт петербург;45;такси петрозаводск санкт петербург стоимость;12;;0;"[{""phrase"": ""такси петрозаводск санкт петербург"", ""count"": ""45""}, {""phrase"": ""такси петрозаводск санкт петербург стоимость"", ""count"": ""12""}]"
https://city2city.ru/sankt-peterburg-pitkyaranta;Санкт-Петербург;Питкяранта;такси Санкт-Петербург Питкяранта;2;;0;;0;;0;[]
https://city2city.ru/sankt-peterburg-porxov;Санкт-Петербург;Порхов;такси Санкт-Петербург Порхов;0;;0;;0;;0;[]
https://city2city.ru/sankt-peterburg-pskov;Санкт-Петербург;Псков;такси Санкт-Петербург Псков;127;такси псков санкт петербург;127;маршрутные такси псков санкт петербург;52;маршрутное такси псков санкт петербург расписание;32;"[{""phrase"": ""такси псков санкт петербург"", ""count"": ""127""}, {""phrase"": ""маршрутные такси псков санкт петербург"", ""count"": ""52""}, {""phrase"": ""маршрутное такси псков санкт петербург расписание"", ""count"": ""32""}, {""phrase"": ""такси псков санкт петербург цена"", ""count"": ""13""}, {""phrase"": ""стоимость такси санкт петербург псков"", ""count"": ""12""}, {""phrase"": ""расписание автобуса санкт петербург псков маршрутное такси"", ""count"": ""5""}]"
https://city2city.ru/sankt-peterburg-pushkinskie-gory;Санкт-Петербург;рабочий посёлок Пушкинские Горы;такси Санкт-Петербург рабочий посёлок Пушкинские Горы;0;;0;;0;;0;[]
https://city2city.ru/sankt-peterburg-rostov-na-don;Санкт-Петербург;Ростов-на-Дону;такси Санкт-Петербург Ростов-на-Дону;26;санкт петербург ростов на дону такси;26;;0;;0;"[{""phrase"": ""санкт петербург ростов на дону такси"", ""count"": ""26""}]"
https://city2city.ru/sankt-peterburg-ryazan;Санкт-Петербург;Рязань;такси Санкт-Петербург Рязань;8;такси рязань санкт петербург;8;;0;;0;"[{""phrase"": ""такси рязань санкт петербург"", ""count"": ""8""}]"
https://city2city.ru/sankt-peterburg-rybinsk;Санкт-Петербург;Рыбинск;такси Санкт-Петербург Рыбинск;3;;0;;0;;0;[]
https://city2city.ru/sankt-peterburg-samara;Санкт-Петербург;Самара;такси Санкт-Петербург Самара;10;такси санкт петербург самара;10;;0;;0;"[{""phrase"": ""такси санкт петербург самара"", ""count"": ""10""}]"
https://city2city.ru/sankt-peterburg-saransk;Санкт-Петербург;Саранск;такси Санкт-Петербург Саранск;0;;0;;0;;0;[]
https://city2city.ru/sankt-peterburg-saratov;Санкт-Петербург;Саратов;такси Санкт-Петербург Саратов;8;такси санкт петербург саратов;8;;0;;0;"[{""phrase"": ""такси санкт петербург саратов"", ""count"": ""8""}]"
https://city2city.ru/sankt-peterburg-segezha;Санкт-Петербург;Сегежа;такси Санкт-Петербург Сегежа;0;;0;;0;;0;[]
https://city2city.ru/sankt-peterburg-sevastopol;Санкт-Петербург;Севастополь;такси Санкт-Петербург Севастополь;5;;0;;0;;0;[]
https://city2city.ru/sankt-peterburg-simferopol;Санкт-Петербург;Симферополь;такси Санкт-Петербург Симферополь;4;;0;;0;;0;[]
https://city2city.ru/sankt-peterburg-smolensk;Санкт-Петербург;Смоленск;такси Санкт-Петербург Смоленск;9;;0;;0;;0;[]
https://city2city.ru/sankt-peterburg-sochi;Санкт-Петербург;Сочи;такси Санкт-Петербург Сочи;4;такси санкт петербург сочи;4;;0;;0;"[{""phrase"": ""такси санкт петербург сочи"", ""count"": ""4""}]"
https://city2city.ru/sankt-peterburg-sortavala;Санкт-Петербург;Сортавала;такси Санкт-Петербург Сортавала;28;санкт петербург сортавала такси;28;;0;;0;"[{""phrase"": ""санкт петербург сортавала такси"", ""count"": ""28""}]"
https://city2city.ru/sankt-peterburg-svetlogorsk;Санкт-Петербург;Светлогорск;такси Санкт-Петербург Светлогорск;0;;0;;0;;0;[]
https://city2city.ru/sankt-peterburg-syktyvkar;Санкт-Петербург;Сыктывкар;такси Санкт-Петербург Сыктывкар;13;;0;;0;;0;[]
https://city2city.ru/sankt-peterburg-tambov;Санкт-Петербург;Тамбов;такси Санкт-Петербург Тамбов;6;;0;;0;;0;[]
https://city2city.ru/sankt-peterburg-tula;Санкт-Петербург;Тула;такси Санкт-Петербург Тула;3;;0;;0;;0;[]
https://city2city.ru/sankt-peterburg-tver;Санкт-Петербург;Тверь;такси Санкт-Петербург Тверь;16;тверь санкт петербург такси;16;;0;;0;"[{""phrase"": ""тверь санкт петербург такси"", ""count"": ""16""}]"
https://city2city.ru/sankt-peterburg-tyumen;Санкт-Петербург;Тюмень;такси Санкт-Петербург Тюмень;3;;0;;0;;0;[]
https://city2city.ru/sankt-peterburg-udomlya;Санкт-Петербург;Удомля;такси Санкт-Петербург Удомля;0;;0;;0;;0;[]
https://city2city.ru/sankt-peterburg-ufa;Санкт-Петербург;Уфа;такси Санкт-Петербург Уфа;10;такси уфа санкт петербург;10;;0;;0;"[{""phrase"": ""такси уфа санкт петербург"", ""count"": ""10""}]"
https://city2city.ru/sankt-peterburg-urazovo;Санкт-Петербург;посёлок городского типа Уразово;такси Санкт-Петербург посёлок городского типа Уразово;0;;0;;0;;0;[]
https://city2city.ru/sankt-peterburg-valujki;Санкт-Петербург;Валуйки;такси Санкт-Петербург Валуйки;1;;0;;0;;0;[]
https://city2city.ru/sankt-peterburg-velikij-novgorod;Санкт-Петербург;Великий Новгород;такси Санкт-Петербург Великий Новгород;174;такси санкт петербург великий новгород;174;маршрутное такси санкт петербург великий новгород;57;такси великий новгород санкт петербург цена;39;"[{""phrase"": ""такси санкт петербург великий новгород"", ""count"": ""174""}, {""phrase"": ""маршрутное такси санкт петербург великий новгород"", ""count"": ""57""}, {""phrase"": ""такси великий новгород санкт петербург цена"", ""count"": ""39""}, {""phrase"": ""маршрутное такси великий новгород санкт петербург расписание"", ""count"": ""17""}, {""phrase"": ""такси межгород великий новгород санкт петербург"", ""count"": ""15""}, {""phrase"": ""санкт петербург великий новгород такси стоимость"", ""count"": ""13""}]"
https://city2city.ru/sankt-peterburg-vologda;Санкт-Петербург;Вологда;такси Санкт-Петербург Вологда;9;такси санкт петербург вологда;9;;0;;0;"[{""phrase"": ""такси санкт петербург вологда"", ""count"": ""9""}]"
https://city2city.ru/sankt-peterburg-voronezh;Санкт-Петербург;Воронеж;такси Санкт-Петербург Воронеж;16;такси воронеж санкт петербург;16;;0;;0;"[{""phrase"": ""такси воронеж санкт петербург"", ""count"": ""16""}]"
https://city2city.ru/sankt-peterburg-voznesene;Санкт-Петербург;городской посёлок Вознесенье;такси Санкт-Петербург городской посёлок Вознесенье;0;;0;;0;;0;[]
https://city2city.ru/sankt-peterburg-xvojnaya;Санкт-Петербург;деревня Хвойная;такси Санкт-Петербург деревня Хвойная;0;;0;;0;;0;[]
https://city2city.ru/saransk-alatyr;Саранск;Алатырь;такси Саранск Алатырь;5;;0;;0;;0;[]
https://city2city.ru/saransk-ardatov-mordoviya;Саранск;Ардатов;такси Саранск Ардатов;13;;0;;0;;0;[]
https://city2city.ru/saransk-arzamas;Саранск;Арзамас;такси Саранск Арзамас;3;;0;;0;;0;[]
https://city2city.ru/saransk-atyashevo;Саранск;село Атяшево;такси Саранск село Атяшево;0;;0;;0;;0;[]
https://city2city.ru/saransk-berezniki;Саранск;Березники;такси Саранск Березники;9;;0;;0;;0;[]
https://city2city.ru/saransk-chamzinka;Саранск;посёлок городского типа Чамзинка;такси Саранск посёлок городского типа Чамзинка;0;;0;;0;;0;[]
https://city2city.ru/saransk-cheboksary;Саранск;Чебоксары;такси Саранск Чебоксары;24;такси саранск чебоксары;24;;0;;0;"[{""phrase"": ""такси саранск чебоксары"", ""count"": ""24""}]"
https://city2city.ru/saransk-dimitrovgrad;Саранск;Димитровград;такси Саранск Димитровград;0;;0;;0;;0;[]
https://city2city.ru/saransk-granicza-kazaxstan;Саранск;52А-3;такси Саранск 52А-3;0;;0;;0;;0;[]
https://city2city.ru/saransk-insar;Саранск;Инсар;такси Саранск Инсар;6;;0;;0;;0;[]
https://city2city.ru/saransk-inza;Саранск;Инза;такси Саранск Инза;3;;0;;0;;0;[]
https://city2city.ru/saransk-issa;Саранск;посёлок городского типа Исса;такси Саранск посёлок городского типа Исса;0;;0;;0;;0;[]
https://city2city.ru/saransk-kadoshkino;Саранск;рабочий посёлок Кадошкино;такси Саранск рабочий посёлок Кадошкино;0;;0;;0;;0;[]
https://city2city.ru/saransk-kazan;Саранск;Казань;такси Саранск Казань;6;;0;;0;;0;[]
https://city2city.ru/saransk-kirov;Саранск;Киров;такси Саранск Киров;1;;0;;0;;0;[]
https://city2city.ru/saransk-komsomolskij;Саранск;рабочий посёлок Комсомольский;такси Саранск рабочий посёлок Комсомольский;0;;0;;0;;0;[]
https://city2city.ru/saransk-kovylkino;Саранск;Ковылкино;такси Саранск Ковылкино;32;такси саранск ковылкино;32;;0;;0;"[{""phrase"": ""такси саранск ковылкино"", ""count"": ""32""}]"
https://city2city.ru/saransk-krasnoslobodsk;Саранск;Краснослободск;такси Саранск Краснослободск;8;;0;;0;;0;[]
https://city2city.ru/saransk-lukoyanov;Саранск;Лукоянов;такси Саранск Лукоянов;0;;0;;0;;0;[]
https://city2city.ru/saransk-luxovka;Саранск;рабочий посёлок Луховка;такси Саранск рабочий посёлок Луховка;0;;0;;0;;0;[]
https://city2city.ru/saransk-moskva;Саранск;Москва;такси Саранск Москва;30;такси саранск москва;30;;0;;0;"[{""phrase"": ""такси саранск москва"", ""count"": ""30""}]"
https://city2city.ru/saransk-mytishhi;Саранск;Мытищи;такси Саранск Мытищи;0;;0;;0;;0;[]
https://city2city.ru/saransk-nizhnij-novgorod;Саранск;Нижний Новгород;такси Саранск Нижний Новгород;26;такси нижний новгород саранск;26;;0;;0;"[{""phrase"": ""такси нижний новгород саранск"", ""count"": ""26""}]"
https://city2city.ru/saransk-orenburg;Саранск;Оренбург;такси Саранск Оренбург;1;;0;;0;;0;[]
https://city2city.ru/saransk-ozyornyj;Саранск;посёлок городского типа Озёрный;такси Саранск посёлок городского типа Озёрный;0;;0;;0;;0;[]
https://city2city.ru/saransk-penza;Саранск;Пенза;такси Саранск Пенза;68;такси пенза саранск;68;сколько стоит такси саранск пенза;15;такси саранск пенза стоимость;11;"[{""phrase"": ""такси пенза саранск"", ""count"": ""68""}, {""phrase"": ""сколько стоит такси саранск пенза"", ""count"": ""15""}, {""phrase"": ""такси саранск пенза стоимость"", ""count"": ""11""}, {""phrase"": ""такси пенза саранск цена"", ""count"": ""10""}]"
https://city2city.ru/saransk-pochinok;Саранск;Починок;такси Саранск Починок;5;такси саранск починки;5;;0;;0;"[{""phrase"": ""такси саранск починки"", ""count"": ""5""}]"
https://city2city.ru/saransk-posyolok-komsomolskij;Саранск;посёлок Комсомольский;такси Саранск посёлок Комсомольский;0;;0;;0;;0;[]
https://city2city.ru/saransk-potma;Саранск;посёлок городского типа Потьма;такси Саранск посёлок городского типа Потьма;0;;0;;0;;0;[]
https://city2city.ru/saransk-ruzaevka;Саранск;село Рузаевка;такси Саранск село Рузаевка;0;;0;;0;;0;[]
https://city2city.ru/saransk-samara;Саранск;Самара;такси Саранск Самара;2;;0;;0;;0;[]
https://city2city.ru/saransk-sankt-peterburg;Саранск;Санкт-Петербург;такси Саранск Санкт-Петербург;0;;0;;0;;0;[]
https://city2city.ru/saransk-sarov;Саранск;Саров;такси Саранск Саров;4;;0;;0;;0;[]
https://city2city.ru/saransk-sergach;Саранск;Сергач;такси Саранск Сергач;0;;0;;0;;0;[]
https://city2city.ru/saransk-shatki;Саранск;рабочий посёлок Шатки;такси Саранск рабочий посёлок Шатки;0;;0;;0;;0;[]
https://city2city.ru/saransk-sol-ileczk;Саранск;Соль-Илецк;такси Саранск Соль-Илецк;0;;0;;0;;0;[]
https://city2city.ru/saransk-sura;Саранск;рабочий посёлок Сура;такси Саранск рабочий посёлок Сура;0;;0;;0;;0;[]
https://city2city.ru/saransk-surskoe;Саранск;рабочий посёлок Сурское;такси Саранск рабочий посёлок Сурское;0;;0;;0;;0;[]
https://city2city.ru/saransk-temnikov;Саранск;Темников;такси Саранск Темников;8;;0;;0;;0;[]
https://city2city.ru/saransk-tolyatti;Саранск;Тольятти;такси Саранск Тольятти;1;;0;;0;;0;[]
https://city2city.ru/saransk-torbeevo;Саранск;посёлок городского типа Торбеево;такси Саранск посёлок городского типа Торбеево;0;;0;;0;;0;[]
https://city2city.ru/saransk-ulyanovsk;Саранск;Ульяновск;такси Саранск Ульяновск;11;такси саранск ульяновск;11;;0;;0;"[{""phrase"": ""такси саранск ульяновск"", ""count"": ""11""}]"
https://city2city.ru/saransk-volgograd;Саранск;Волгоград;такси Саранск Волгоград;0;;0;;0;;0;[]
https://city2city.ru/saransk-yalga;Саранск;рабочий посёлок Ялга;такси Саранск рабочий посёлок Ялга;0;;0;;0;;0;[]
https://city2city.ru/saransk-yavas;Саранск;рабочий посёлок Явас;такси Саранск рабочий посёлок Явас;0;;0;;0;;0;[]
https://city2city.ru/saransk-zubova-polyana;Саранск;посёлок городского типа Зубова Поляна;такси Саранск посёлок городского типа Зубова Поляна;0;;0;;0;;0;[]
https://city2city.ru/saratov-adler;Саратов;Адлер;такси Саратов Адлер;1;;0;;0;;0;[]
https://city2city.ru/saratov-alekseevka;Саратов;село Алексеевка;такси Саратов село Алексеевка;0;;0;;0;;0;[]
https://city2city.ru/saratov-app-borisoglebsk;Саратов;Стурскуг;такси Саратов Стурскуг;0;;0;;0;;0;[]
https://city2city.ru/saratov-app-orsk;Саратов;село Алимбетовка;такси Саратов село Алимбетовка;0;;0;;0;;0;[]
https://city2city.ru/saratov-app-ozinki;Саратов;рабочий посёлок Озинки;такси Саратов рабочий посёлок Озинки;0;;0;;0;;0;[]
https://city2city.ru/saratov-arkadak;Саратов;Аркадак;такси Саратов Аркадак;6;;0;;0;;0;[]
https://city2city.ru/saratov-astraxan;Саратов;Астрахань;такси Саратов Астрахань;1;;0;;0;;0;[]
https://city2city.ru/saratov-atkarsk;Саратов;Аткарск;такси Саратов Аткарск;32;такси саратов аткарск;32;стоимость такси от саратова до аткарска 2026;7;;0;"[{""phrase"": ""такси саратов аткарск"", ""count"": ""32""}, {""phrase"": ""стоимость такси от саратова до аткарска 2026"", ""count"": ""7""}]"
https://city2city.ru/saratov-balakovo;Саратов;Балаково;такси Саратов Балаково;168;такси саратов балаково;168;такси саратов балаково цена;35;такси межгород балаково саратов;14;"[{""phrase"": ""такси саратов балаково"", ""count"": ""168""}, {""phrase"": ""такси саратов балаково цена"", ""count"": ""35""}, {""phrase"": ""такси межгород балаково саратов"", ""count"": ""14""}, {""phrase"": ""такси балаково саратов аэропорт"", ""count"": ""12""}, {""phrase"": ""сколько стоит такси от саратова до балаково"", ""count"": ""11""}, {""phrase"": ""сколько стоит проезд на такси балаково саратов"", ""count"": ""10""}, {""phrase"": ""такси саратов балаково стоимость поездки"", ""count"": ""8""}, {""phrase"": ""стоимость такси от саратова до балаково"", ""count"": ""8""}]"
https://city2city.ru/saratov-balashov;Саратов;Балашов;такси Саратов Балашов;26;такси саратов балашов;26;;0;;0;"[{""phrase"": ""такси саратов балашов"", ""count"": ""26""}]"
https://city2city.ru/saratov-bazarnyj-karabulak;Саратов;посёлок городского типа Базарный Карабулак;такси Саратов посёлок городского типа Базарный Карабулак;0;;0;;0;;0;[]
https://city2city.ru/saratov-bekovo;Саратов;рабочий посёлок Беково;такси Саратов рабочий посёлок Беково;0;;0;;0;;0;[]
https://city2city.ru/saratov-belgorod;Саратов;Белгород;такси Саратов Белгород;12;такси белгород саратов;12;;0;;0;"[{""phrase"": ""такси белгород саратов"", ""count"": ""12""}]"
https://city2city.ru/saratov-boguchar;Саратов;Богучар;такси Саратов Богучар;0;;0;;0;;0;[]
https://city2city.ru/saratov-borisoglebsk;Саратов;Борисоглебск;такси Саратов Борисоглебск;1;;0;;0;;0;[]
https://city2city.ru/saratov-buguruslan;Саратов;Бугуруслан;такси Саратов Бугуруслан;0;;0;;0;;0;[]
https://city2city.ru/saratov-buzuluk;Саратов;Бузулук;такси Саратов Бузулук;1;;0;;0;;0;[]
https://city2city.ru/saratov-dergachi;Саратов;посёлок городского типа Дергачи;такси Саратов посёлок городского типа Дергачи;0;;0;;0;;0;[]
https://city2city.ru/saratov-doneczk-rostovskaya-oblast;Саратов;Донецк;такси Саратов Донецк;29;такси донецк саратов;29;;0;;0;"[{""phrase"": ""такси донецк саратов"", ""count"": ""29""}]"
https://city2city.ru/saratov-duxovniczkoe;Саратов;посёлок городского типа Духовницкое;такси Саратов посёлок городского типа Духовницкое;0;;0;;0;;0;[]
https://city2city.ru/saratov-dzhankoj;Саратов;Джанкой;такси Саратов Джанкой;0;;0;;0;;0;[]
https://city2city.ru/saratov-ekaterinburg;Саратов;Екатеринбург;такси Саратов Екатеринбург;8;;0;;0;;0;[]
https://city2city.ru/saratov-ekaterinovka;Саратов;посёлок городского типа Екатериновка;такси Саратов посёлок городского типа Екатериновка;0;;0;;0;;0;[]
https://city2city.ru/saratov-elan;Саратов;рабочий посёлок Елань;такси Саратов рабочий посёлок Елань;0;;0;;0;;0;[]
https://city2city.ru/saratov-elista;Саратов;Элиста;такси Саратов Элиста;1;;0;;0;;0;[]
https://city2city.ru/saratov-ershov;Саратов;Ершов;такси Саратов Ершов;22;такси саратов ершов;22;;0;;0;"[{""phrase"": ""такси саратов ершов"", ""count"": ""22""}]"
https://city2city.ru/saratov-frolovo;Саратов;Фролово;такси Саратов Фролово;2;;0;;0;;0;[]
https://city2city.ru/saratov-gornyj;Саратов;село Горный Щит;такси Саратов село Горный Щит;0;;0;;0;;0;[]
https://city2city.ru/saratov-granicza-kazaxstan;Саратов;52А-3;такси Саратов 52А-3;0;;0;;0;;0;[]
https://city2city.ru/saratov-granicza-ukraina;Саратов;река Старая Граница;такси Саратов река Старая Граница;0;;0;;0;;0;[]
https://city2city.ru/saratov-ivanteevka;Саратов;Ивантеевка;такси Саратов Ивантеевка;3;;0;;0;;0;[]
https://city2city.ru/saratov-izhevsk;Саратов;Ижевск;такси Саратов Ижевск;3;;0;;0;;0;[]
https://city2city.ru/saratov-kalininsk;Саратов;Калининск;такси Саратов Калининск;8;калининск саратов такси;8;;0;;0;"[{""phrase"": ""калининск саратов такси"", ""count"": ""8""}]"
https://city2city.ru/saratov-kamenka;Саратов;Каменка;такси Саратов Каменка;2;;0;;0;;0;[]
https://city2city.ru/saratov-kamenskij;Саратов;посёлок Каменский;такси Саратов посёлок Каменский;0;;0;;0;;0;[]
https://city2city.ru/saratov-kamyshin;Саратов;Камышин;такси Саратов Камышин;27;такси саратов камышин;27;;0;;0;"[{""phrase"": ""такси саратов камышин"", ""count"": ""27""}]"
https://city2city.ru/saratov-kazan;Саратов;Казань;такси Саратов Казань;31;такси саратов казань;31;;0;;0;"[{""phrase"": ""такси саратов казань"", ""count"": ""31""}]"
https://city2city.ru/saratov-kirov;Саратов;Киров;такси Саратов Киров;2;;0;;0;;0;[]
https://city2city.ru/saratov-kirsanov;Саратов;Кирсанов;такси Саратов Кирсанов;0;;0;;0;;0;[]
https://city2city.ru/saratov-kotovo;Саратов;Котово;такси Саратов Котово;2;;0;;0;;0;[]
https://city2city.ru/saratov-kovylkino;Саратов;Ковылкино;такси Саратов Ковылкино;0;;0;;0;;0;[]
https://city2city.ru/saratov-krasnoarmejsk;Саратов;Красноармейск;такси Саратов Красноармейск;21;такси саратов красноармейск;21;сколько стоит проезд на такси саратов красноармейск;5;;0;"[{""phrase"": ""такси саратов красноармейск"", ""count"": ""21""}, {""phrase"": ""сколько стоит проезд на такси саратов красноармейск"", ""count"": ""5""}]"
https://city2city.ru/saratov-krasnyj-kut;Саратов;Красный Кут;такси Саратов Красный Кут;7;такси саратов красный кут;7;;0;;0;"[{""phrase"": ""такси саратов красный кут"", ""count"": ""7""}]"
https://city2city.ru/saratov-krasnyj-oktyabr;Саратов;посёлок городского типа Красный Октябрь;такси Саратов посёлок городского типа Красный Октябрь;0;;0;;0;;0;[]
https://city2city.ru/saratov-kumertau;Саратов;Кумертау;такси Саратов Кумертау;0;;0;;0;;0;[]
https://city2city.ru/saratov-kursk;Саратов;Курск;такси Саратов Курск;12;такси курск саратов;12;;0;;0;"[{""phrase"": ""такси курск саратов"", ""count"": ""12""}]"
https://city2city.ru/saratov-kuzneczk;Саратов;Кузнецк;такси Саратов Кузнецк;0;;0;;0;;0;[]
https://city2city.ru/saratov-lipeczk;Саратов;Липецк;такси Саратов Липецк;0;;0;;0;;0;[]
https://city2city.ru/saratov-lysye-gory;Саратов;посёлок городского типа Лысые Горы;такси Саратов посёлок городского типа Лысые Горы;0;;0;;0;;0;[]
https://city2city.ru/saratov-mapp-izvarino;Саратов;посёлок городского типа Изварино;такси Саратов посёлок городского типа Изварино;0;;0;;0;;0;[]
https://city2city.ru/saratov-marks;Саратов;Маркс;такси Саратов Маркс;33;такси саратов маркс;33;стоимость такси саратов маркс;12;;0;"[{""phrase"": ""такси саратов маркс"", ""count"": ""33""}, {""phrase"": ""стоимость такси саратов маркс"", ""count"": ""12""}]"
https://city2city.ru/saratov-michurinsk;Саратов;Мичуринск;такси Саратов Мичуринск;1;;0;;0;;0;[]
https://city2city.ru/saratov-millerovo;Саратов;Миллерово;такси Саратов Миллерово;0;;0;;0;;0;[]
https://city2city.ru/saratov-mineralnye-vody;Саратов;Минеральные Воды;такси Саратов Минеральные Воды;0;;0;;0;;0;[]
https://city2city.ru/saratov-mixajlovka;Саратов;Михайловка;такси Саратов Михайловка;1;;0;;0;;0;[]
https://city2city.ru/saratov-mokrous;Саратов;рабочий посёлок Мокроус;такси Саратов рабочий посёлок Мокроус;0;;0;;0;;0;[]
https://city2city.ru/saratov-naberezhnye-chelny;Саратов;Набережные Челны;такси Саратов Набережные Челны;1;;0;;0;;0;[]
https://city2city.ru/saratov-nizhnij-lomov;Саратов;Нижний Ломов;такси Саратов Нижний Ломов;1;;0;;0;;0;[]
https://city2city.ru/saratov-nizhnij-novgorod;Саратов;Нижний Новгород;такси Саратов Нижний Новгород;17;такси саратов нижний новгород;17;;0;;0;"[{""phrase"": ""такси саратов нижний новгород"", ""count"": ""17""}]"
https://city2city.ru/saratov-novomoskovsk;Саратов;Новомосковск;такси Саратов Новомосковск;0;;0;;0;;0;[]
https://city2city.ru/saratov-novouzensk;Саратов;Новоузенск;такси Саратов Новоузенск;18;такси саратов новоузенск;18;;0;;0;"[{""phrase"": ""такси саратов новоузенск"", ""count"": ""18""}]"
https://city2city.ru/saratov-novye-burasy;Саратов;посёлок городского типа Новые Бурасы;такси Саратов посёлок городского типа Новые Бурасы;0;;0;;0;;0;[]
https://city2city.ru/saratov-orenburg;Саратов;Оренбург;такси Саратов Оренбург;20;такси саратов оренбург;20;;0;;0;"[{""phrase"": ""такси саратов оренбург"", ""count"": ""20""}]"
https://city2city.ru/saratov-orsk;Саратов;Орск;такси Саратов Орск;1;;0;;0;;0;[]
https://city2city.ru/saratov-ozinki;Саратов;рабочий посёлок Озинки;такси Саратов рабочий посёлок Озинки;0;;0;;0;;0;[]
https://city2city.ru/saratov-pallasovka;Саратов;Палласовка;такси Саратов Палласовка;13;;0;;0;;0;[]
https://city2city.ru/saratov-pavlovka;Саратов;посёлок городского типа Павловка;такси Саратов посёлок городского типа Павловка;0;;0;;0;;0;[]
https://city2city.ru/saratov-penza;Саратов;Пенза;такси Саратов Пенза;71;такси пенза саратов;71;такси пенза саратов стоимость;16;такси саратов пенза стоимость поездки;9;"[{""phrase"": ""такси пенза саратов"", ""count"": ""71""}, {""phrase"": ""такси пенза саратов стоимость"", ""count"": ""16""}, {""phrase"": ""такси саратов пенза стоимость поездки"", ""count"": ""9""}]"
https://city2city.ru/saratov-petrovsk;Саратов;Петровск;такси Саратов Петровск;26;такси петровск саратов;26;;0;;0;"[{""phrase"": ""такси петровск саратов"", ""count"": ""26""}]"
https://city2city.ru/saratov-povorino;Саратов;Поворино;такси Саратов Поворино;1;;0;;0;;0;[]
https://city2city.ru/saratov-pugachyov;Саратов;Пугачёв;такси Саратов Пугачёв;56;саратов пугачев такси;56;консул такси пугачев саратов;22;такси консул пугачев саратов расписание;6;"[{""phrase"": ""саратов пугачев такси"", ""count"": ""56""}, {""phrase"": ""консул такси пугачев саратов"", ""count"": ""22""}, {""phrase"": ""такси консул пугачев саратов расписание"", ""count"": ""6""}]"
https://city2city.ru/saratov-pyatigorsk;Саратов;Пятигорск;такси Саратов Пятигорск;1;;0;;0;;0;[]
https://city2city.ru/saratov-romanovka;Саратов;село Романовка;такси Саратов село Романовка;0;;0;;0;;0;[]
https://city2city.ru/saratov-rostov-na-donu;Саратов;Ростов-на-Дону;такси Саратов Ростов-на-Дону;20;такси ростов на дону саратов;20;;0;;0;"[{""phrase"": ""такси ростов на дону саратов"", ""count"": ""20""}]"
https://city2city.ru/saratov-rovnoe;Саратов;поселок городского типа Ровное;такси Саратов поселок городского типа Ровное;0;;0;;0;;0;[]
https://city2city.ru/saratov-rtishhevo;Саратов;Ртищево;такси Саратов Ртищево;14;такси ртищево саратов;14;;0;;0;"[{""phrase"": ""такси ртищево саратов"", ""count"": ""14""}]"
https://city2city.ru/saratov-ryazan;Саратов;Рязань;такси Саратов Рязань;8;;0;;0;;0;[]
https://city2city.ru/saratov-samara;Саратов;Самара;такси Саратов Самара;90;такси саратов самара;90;такси саратов самара сколько стоит;14;такси межгород ларгус саратов самара;5;"[{""phrase"": ""такси саратов самара"", ""count"": ""90""}, {""phrase"": ""такси саратов самара сколько стоит"", ""count"": ""14""}, {""phrase"": ""такси межгород ларгус саратов самара"", ""count"": ""5""}]"
https://city2city.ru/saratov-samojlovka;Саратов;посёлок городского типа Самойловка;такси Саратов посёлок городского типа Самойловка;0;;0;;0;;0;[]
https://city2city.ru/saratov-sankt-peterburg;Саратов;Санкт-Петербург;такси Саратов Санкт-Петербург;8;такси санкт петербург саратов;8;;0;;0;"[{""phrase"": ""такси санкт петербург саратов"", ""count"": ""8""}]"
https://city2city.ru/saratov-saransk;Саратов;Саранск;такси Саратов Саранск;6;;0;;0;;0;[]
https://city2city.ru/saratov-selo-sadovoe;Саратов;село Садовое;такси Саратов село Садовое;0;;0;;0;;0;[]
https://city2city.ru/saratov-selo-staraya-poltavka;Саратов;село Старая Полтавка;такси Саратов село Старая Полтавка;0;;0;;0;;0;[]
https://city2city.ru/saratov-sennoj;Саратов;поселок Сенной;такси Саратов поселок Сенной;1;;0;;0;;0;[]
https://city2city.ru/saratov-serdobsk;Саратов;Сердобск;такси Саратов Сердобск;1;;0;;0;;0;[]
https://city2city.ru/saratov-shixany;Саратов;Шиханы;такси Саратов Шиханы;2;;0;;0;;0;[]
https://city2city.ru/saratov-sokol;Саратов;Сокол;такси Саратов Сокол;2;;0;;0;;0;[]
https://city2city.ru/saratov-sokolovyj;Саратов;рабочий посёлок Соколовый;такси Саратов рабочий посёлок Соколовый;0;;0;;0;;0;[]
https://city2city.ru/saratov-solnechnyj;Саратов;посёлок Солнечный;такси Саратов посёлок Солнечный;3;;0;;0;;0;[]
https://city2city.ru/saratov-sosnovka;Саратов;Сосновка;такси Саратов Сосновка;0;;0;;0;;0;[]
https://city2city.ru/saratov-sovetskoe;Саратов;посёлок городского типа Советское;такси Саратов посёлок городского типа Советское;0;;0;;0;;0;[]
https://city2city.ru/saratov-staryj-oskol;Саратов;Старый Оскол;такси Саратов Старый Оскол;8;;0;;0;;0;[]
https://city2city.ru/saratov-stavropol;Саратов;Ставрополь;такси Саратов Ставрополь;1;;0;;0;;0;[]
https://city2city.ru/saratov-stepnoe;Саратов;село Степное;такси Саратов село Степное;0;;0;;0;;0;[]
https://city2city.ru/saratov-svetlyj;Саратов;поселок Светлый;такси Саратов поселок Светлый;0;;0;;0;;0;[]
https://city2city.ru/saratov-syzran;Саратов;Сызрань;такси Саратов Сызрань;1;;0;;0;;0;[]
https://city2city.ru/saratov-tambov;Саратов;Тамбов;такси Саратов Тамбов;1;;0;;0;;0;[]
https://city2city.ru/saratov-tatishhevo;Саратов;посёлок городского типа Татищево;такси Саратов посёлок городского типа Татищево;0;;0;;0;;0;[]
https://city2city.ru/saratov-tolyatti;Саратов;Тольятти;такси Саратов Тольятти;17;такси тольятти саратов;17;;0;;0;"[{""phrase"": ""такси тольятти саратов"", ""count"": ""17""}]"
https://city2city.ru/saratov-tula;Саратов;Тула;такси Саратов Тула;3;;0;;0;;0;[]
https://city2city.ru/saratov-turki;Саратов;посёлок городского типа Турки;такси Саратов посёлок городского типа Турки;0;;0;;0;;0;[]
https://city2city.ru/saratov-tyumen;Саратов;Тюмень;такси Саратов Тюмень;2;;0;;0;;0;[]
https://city2city.ru/saratov-ufa;Саратов;Уфа;такси Саратов Уфа;19;такси уфа саратов;19;;0;;0;"[{""phrase"": ""такси уфа саратов"", ""count"": ""19""}]"
https://city2city.ru/saratov-ulyanovsk;Саратов;Ульяновск;такси Саратов Ульяновск;5;такси саратов ульяновск;5;;0;;0;"[{""phrase"": ""такси саратов ульяновск"", ""count"": ""5""}]"
https://city2city.ru/saratov-volgograd;Саратов;Волгоград;такси Саратов Волгоград;34;такси саратов волгоград;34;;0;;0;"[{""phrase"": ""такси саратов волгоград"", ""count"": ""34""}]"
https://city2city.ru/saratov-volsk;Саратов;Вольск;такси Саратов Вольск;69;такси саратов вольск стоимость;22;такси саратов вольск стоимость поездки;13;такси с вольска до саратова;10;"[{""phrase"": ""такси саратов вольск стоимость"", ""count"": ""22""}, {""phrase"": ""такси саратов вольск стоимость поездки"", ""count"": ""13""}, {""phrase"": ""такси с вольска до саратова"", ""count"": ""10""}]"
https://city2city.ru/saratov-voronezh;Саратов;Воронеж;такси Саратов Воронеж;11;саратов воронеж такси;11;;0;;0;"[{""phrase"": ""саратов воронеж такси"", ""count"": ""11""}]"
https://city2city.ru/saratov-voskresenskoe;Саратов;рабочий посёлок Воскресенское;такси Саратов рабочий посёлок Воскресенское;0;;0;;0;;0;[]
https://city2city.ru/saratov-ximki;Саратов;Химки;такси Саратов Химки;0;;0;;0;;0;[]
https://city2city.ru/saratov-xvalynsk;Саратов;Хвалынск;такси Саратов Хвалынск;55;хвалынск саратов такси;55;купить билет на маршрутное такси саратов хвалынск;6;;0;"[{""phrase"": ""хвалынск саратов такси"", ""count"": ""55""}, {""phrase"": ""купить билет на маршрутное такси саратов хвалынск"", ""count"": ""6""}]"
https://city2city.ru/saratov-yaroslavl;Саратов;Ярославль;такси Саратов Ярославль;0;;0;;0;;0;[]
https://city2city.ru/saratov-zhirnovsk;Саратов;Жирновск;такси Саратов Жирновск;11;;0;;0;;0;[]
https://city2city.ru/segezha-petrozavodsk;Сегежа;Петрозаводск;такси Сегежа Петрозаводск;2;;0;;0;;0;[]
https://city2city.ru/severodvinsk-arhangelsk;Северодвинск;Архангельск;такси Северодвинск Архангельск;202;такси архангельск северодвинск;202;такси северодвинск архангельск цена;40;такси архангельск северодвинск стоимость;27;"[{""phrase"": ""такси архангельск северодвинск"", ""count"": ""202""}, {""phrase"": ""такси северодвинск архангельск цена"", ""count"": ""40""}, {""phrase"": ""такси архангельск северодвинск стоимость"", ""count"": ""27""}, {""phrase"": ""такси аэропорт архангельск северодвинск"", ""count"": ""17""}, {""phrase"": ""сколько стоит такси от архангельска до северодвинска"", ""count"": ""14""}, {""phrase"": ""такси межгород северодвинск архангельск"", ""count"": ""9""}]"
https://city2city.ru/shelehov-irkutsk;Шелехов;Иркутск;такси Шелехов Иркутск;83;такси шелехов иркутск;83;такси иркутск до шелехова;47;сколько стоит такси иркутск шелехов;19;"[{""phrase"": ""такси шелехов иркутск"", ""count"": ""83""}, {""phrase"": ""такси иркутск до шелехова"", ""count"": ""47""}, {""phrase"": ""сколько стоит такси иркутск шелехов"", ""count"": ""19""}]"
https://city2city.ru/smolensk-app-burachki;Смоленск;Терехова;такси Смоленск Терехова;0;;0;;0;;0;[]
https://city2city.ru/smolensk-app-krasnaya-gorka;Смоленск;деревня Красная Горка;такси Смоленск деревня Красная Горка;0;;0;;0;;0;[]
https://city2city.ru/smolensk-arxangelsk;Смоленск;Архангельск;такси Смоленск Архангельск;2;;0;;0;;0;[]
https://city2city.ru/smolensk-belgorod;Смоленск;Белгород;такси Смоленск Белгород;8;такси смоленск белгород;8;;0;;0;"[{""phrase"": ""такси смоленск белгород"", ""count"": ""8""}]"
https://city2city.ru/smolensk-belyj;Смоленск;Белый;такси Смоленск Белый;2;;0;;0;;0;[]
https://city2city.ru/smolensk-bryansk;Смоленск;Брянск;такси Смоленск Брянск;37;такси брянск смоленск;37;такси брянск смоленск цена;11;;0;"[{""phrase"": ""такси брянск смоленск"", ""count"": ""37""}, {""phrase"": ""такси брянск смоленск цена"", ""count"": ""11""}]"
https://city2city.ru/smolensk-demidov;Смоленск;Демидов;такси Смоленск Демидов;5;;0;;0;;0;[]
https://city2city.ru/smolensk-desnogorsk;Смоленск;Десногорск;такси Смоленск Десногорск;12;такси смоленск десногорск;12;;0;;0;"[{""phrase"": ""такси смоленск десногорск"", ""count"": ""12""}]"
https://city2city.ru/smolensk-dorogobuzh;Смоленск;Дорогобуж;такси Смоленск Дорогобуж;5;дорогобуж смоленск такси;5;;0;;0;"[{""phrase"": ""дорогобуж смоленск такси"", ""count"": ""5""}]"
https://city2city.ru/smolensk-elnya;Смоленск;Ельня;такси Смоленск Ельня;26;такси ельня смоленск;26;;0;;0;"[{""phrase"": ""такси ельня смоленск"", ""count"": ""26""}]"
https://city2city.ru/smolensk-golynki;Смоленск;поселок городского типа Голынки;такси Смоленск поселок городского типа Голынки;0;;0;;0;;0;[]
https://city2city.ru/smolensk-granicza-belorussiya;Смоленск;М-1;такси Смоленск М-1;0;;0;;0;;0;[]
https://city2city.ru/smolensk-granicza-kazaxstan;Смоленск;52А-3;такси Смоленск 52А-3;0;;0;;0;;0;[]
https://city2city.ru/smolensk-granicza-ukraina;Смоленск;река Старая Граница;такси Смоленск река Старая Граница;0;;0;;0;;0;[]
https://city2city.ru/smolensk-kaluga;Смоленск;Калуга;такси Смоленск Калуга;18;;0;;0;;0;[]
https://city2city.ru/smolensk-kardymovo;Смоленск;посёлок городского типа Кардымово;такси Смоленск посёлок городского типа Кардымово;0;;0;;0;;0;[]
https://city2city.ru/smolensk-kazan;Смоленск;Казань;такси Смоленск Казань;1;;0;;0;;0;[]
https://city2city.ru/smolensk-klinczy;Смоленск;Клинцы;такси Смоленск Клинцы;0;;0;;0;;0;[]
https://city2city.ru/smolensk-krasnyj;Смоленск;поселок городского типа Красный;такси Смоленск поселок городского типа Красный;0;;0;;0;;0;[]
https://city2city.ru/smolensk-kursk;Смоленск;Курск;такси Смоленск Курск;14;такси курск смоленск;14;;0;;0;"[{""phrase"": ""такси курск смоленск"", ""count"": ""14""}]"
https://city2city.ru/smolensk-monastyrshhina;Смоленск;посёлок городского типа Монастырщина;такси Смоленск посёлок городского типа Монастырщина;0;;0;;0;;0;[]
https://city2city.ru/smolensk-moskva;Смоленск;Москва;такси Смоленск Москва;144;такси москва смоленск;144;такси москва смоленск цена;25;сколько стоит такси от смоленска до москвы;15;"[{""phrase"": ""такси москва смоленск"", ""count"": ""144""}, {""phrase"": ""такси москва смоленск цена"", ""count"": ""25""}, {""phrase"": ""сколько стоит такси от смоленска до москвы"", ""count"": ""15""}, {""phrase"": ""такси смоленск москва стоимость"", ""count"": ""13""}, {""phrase"": ""грузовое такси папути смоленск москва"", ""count"": ""5""}]"
https://city2city.ru/smolensk-mozhajsk;Смоленск;Можайск;такси Смоленск Можайск;2;;0;;0;;0;[]
https://city2city.ru/smolensk-murygino;Смоленск;посёлок городского типа Мурыгино;такси Смоленск посёлок городского типа Мурыгино;0;;0;;0;;0;[]
https://city2city.ru/smolensk-naro-fominsk;Смоленск;Наро-Фоминск;такси Смоленск Наро-Фоминск;1;;0;;0;;0;[]
https://city2city.ru/smolensk-nizhnij-novgorod;Смоленск;Нижний Новгород;такси Смоленск Нижний Новгород;2;;0;;0;;0;[]
https://city2city.ru/smolensk-obninsk;Смоленск;Обнинск;такси Смоленск Обнинск;0;;0;;0;;0;[]
https://city2city.ru/smolensk-orsha;Смоленск;поселок городского типа Орша;такси Смоленск поселок городского типа Орша;0;;0;;0;;0;[]
https://city2city.ru/smolensk-oryol;Смоленск;Орёл;такси Смоленск Орёл;24;смоленск орел такси;24;;0;;0;"[{""phrase"": ""смоленск орел такси"", ""count"": ""24""}]"
https://city2city.ru/smolensk-ozyornyj;Смоленск;посёлок городского типа Озёрный;такси Смоленск посёлок городского типа Озёрный;0;;0;;0;;0;[]
https://city2city.ru/smolensk-pochinok;Смоленск;Починок;такси Смоленск Починок;15;такси починок смоленск;15;;0;;0;"[{""phrase"": ""такси починок смоленск"", ""count"": ""15""}]"
https://city2city.ru/smolensk-przhevalskoe;Смоленск;посёлок городского типа Пржевальское;такси Смоленск посёлок городского типа Пржевальское;0;;0;;0;;0;[]
https://city2city.ru/smolensk-pskov;Смоленск;Псков;такси Смоленск Псков;1;;0;;0;;0;[]
https://city2city.ru/smolensk-roslavl;Смоленск;Рославль;такси Смоленск Рославль;25;такси рославль смоленск;25;такси смоленск рославль цена;8;;0;"[{""phrase"": ""такси рославль смоленск"", ""count"": ""25""}, {""phrase"": ""такси смоленск рославль цена"", ""count"": ""8""}]"
https://city2city.ru/smolensk-rossosh;Смоленск;Россошь;такси Смоленск Россошь;7;такси россошь смоленск;7;;0;;0;"[{""phrase"": ""такси россошь смоленск"", ""count"": ""7""}]"
https://city2city.ru/smolensk-rostov-na-donu;Смоленск;Ростов-на-Дону;такси Смоленск Ростов-на-Дону;1;;0;;0;;0;[]
https://city2city.ru/smolensk-rudnya-smolenskaya-oblast;Смоленск;Рудня;такси Смоленск Рудня;11;такси рудня смоленск;11;;0;;0;"[{""phrase"": ""такси рудня смоленск"", ""count"": ""11""}]"
https://city2city.ru/smolensk-ryazan;Смоленск;Рязань;такси Смоленск Рязань;5;;0;;0;;0;[]
https://city2city.ru/smolensk-rylsk;Смоленск;Рыльск;такси Смоленск Рыльск;1;;0;;0;;0;[]
https://city2city.ru/smolensk-rzhev;Смоленск;Ржев;такси Смоленск Ржев;1;;0;;0;;0;[]
https://city2city.ru/smolensk-safonovo;Смоленск;Сафоново;такси Смоленск Сафоново;27;смоленск сафоново такси;27;стоимость такси смоленск сафоново;8;;0;"[{""phrase"": ""смоленск сафоново такси"", ""count"": ""27""}, {""phrase"": ""стоимость такси смоленск сафоново"", ""count"": ""8""}]"
https://city2city.ru/smolensk-samara;Смоленск;Самара;такси Смоленск Самара;4;;0;;0;;0;[]
https://city2city.ru/smolensk-sankt-peterburg;Смоленск;Санкт-Петербург;такси Смоленск Санкт-Петербург;9;;0;;0;;0;[]
https://city2city.ru/smolensk-serpuxov;Смоленск;Серпухов;такси Смоленск Серпухов;0;;0;;0;;0;[]
https://city2city.ru/smolensk-shumyachi;Смоленск;поселок городского типа Шумячи;такси Смоленск поселок городского типа Шумячи;0;;0;;0;;0;[]
https://city2city.ru/smolensk-sochi;Смоленск;Сочи;такси Смоленск Сочи;0;;0;;0;;0;[]
https://city2city.ru/smolensk-staryj-oskol;Смоленск;Старый Оскол;такси Смоленск Старый Оскол;0;;0;;0;;0;[]
https://city2city.ru/smolensk-tula;Смоленск;Тула;такси Смоленск Тула;4;;0;;0;;0;[]
https://city2city.ru/smolensk-tver;Смоленск;Тверь;такси Смоленск Тверь;12;;0;;0;;0;[]
https://city2city.ru/smolensk-velizh;Смоленск;Велиж;такси Смоленск Велиж;10;такси смоленск велиж;10;;0;;0;"[{""phrase"": ""такси смоленск велиж"", ""count"": ""10""}]"
https://city2city.ru/smolensk-verxnedneprovskij;Смоленск;посёлок городского типа Верхнеднепровский;такси Смоленск посёлок городского типа Верхнеднепровский;0;;0;;0;;0;[]
https://city2city.ru/smolensk-volokonovka;Смоленск;посёлок городского типа Волоконовка;такси Смоленск посёлок городского типа Волоконовка;0;;0;;0;;0;[]
https://city2city.ru/smolensk-voronezh;Смоленск;Воронеж;такси Смоленск Воронеж;9;такси воронеж смоленск;9;;0;;0;"[{""phrase"": ""такси воронеж смоленск"", ""count"": ""9""}]"
https://city2city.ru/smolensk-vyazma;Смоленск;Вязьма;такси Смоленск Вязьма;32;такси вязьма смоленск;32;;0;;0;"[{""phrase"": ""такси вязьма смоленск"", ""count"": ""32""}]"
https://city2city.ru/smolensk-xislavichi;Смоленск;посёлок городского типа Хиславичи;такси Смоленск посёлок городского типа Хиславичи;0;;0;;0;;0;[]
https://city2city.ru/smolensk-xolm-zhirkovskij;Смоленск;посёлок городского типа Холм-Жирковский;такси Смоленск посёлок городского типа Холм-Жирковский;0;;0;;0;;0;[]
https://city2city.ru/smolensk-xoxlovo;Смоленск;рабочий посёлок Хохлово;такси Смоленск рабочий посёлок Хохлово;0;;0;;0;;0;[]
https://city2city.ru/smolensk-yarczevo;Смоленск;Ярцево;такси Смоленск Ярцево;43;такси смоленск ярцево;43;такси ярцево смоленск цена;9;;0;"[{""phrase"": ""такси смоленск ярцево"", ""count"": ""43""}, {""phrase"": ""такси ярцево смоленск цена"", ""count"": ""9""}]"
https://city2city.ru/smolensk-zharkovskij;Смоленск;посёлок городского типа Жарковский;такси Смоленск посёлок городского типа Жарковский;0;;0;;0;;0;[]
https://city2city.ru/sochi-kazan;Сочи;Казань;такси Сочи Казань;3;;0;;0;;0;[]
https://city2city.ru/stavropol-adler;Ставрополь;Адлер;такси Ставрополь Адлер;1;;0;;0;;0;[]
https://city2city.ru/stavropol-anapa;Ставрополь;Анапа;такси Ставрополь Анапа;21;такси со ставрополя в анапу;6;;0;;0;"[{""phrase"": ""такси со ставрополя в анапу"", ""count"": ""6""}]"
https://city2city.ru/stavropol-armavir;Ставрополь;Армавир;такси Ставрополь Армавир;17;ставрополь армавир такси;17;;0;;0;"[{""phrase"": ""ставрополь армавир такси"", ""count"": ""17""}]"
https://city2city.ru/stavropol-astraxan;Ставрополь;Астрахань;такси Ставрополь Астрахань;24;такси астрахань ставрополь;24;;0;;0;"[{""phrase"": ""такси астрахань ставрополь"", ""count"": ""24""}]"
https://city2city.ru/stavropol-belgorod;Ставрополь;Белгород;такси Ставрополь Белгород;1;;0;;0;;0;[]
https://city2city.ru/stavropol-belorechensk;Ставрополь;Белореченск;такси Ставрополь Белореченск;1;;0;;0;;0;[]
https://city2city.ru/stavropol-blagodarnyj;Ставрополь;Благодарный;такси Ставрополь Благодарный;13;;0;;0;;0;[]
https://city2city.ru/stavropol-bryansk;Ставрополь;Брянск;такси Ставрополь Брянск;3;;0;;0;;0;[]
https://city2city.ru/stavropol-chelyabinsk;Ставрополь;Челябинск;такси Ставрополь Челябинск;0;;0;;0;;0;[]
https://city2city.ru/stavropol-dalnee-konstantinovo;Ставрополь;посёлок городского типа Дальнее Константиново;такси Ставрополь посёлок городского типа Дальнее Константиново;0;;0;;0;;0;[]
https://city2city.ru/stavropol-daxovskaya;Ставрополь;станица Даховская;такси Ставрополь станица Даховская;0;;0;;0;;0;[]
https://city2city.ru/stavropol-dolzhanskaya;Ставрополь;станица Должанская;такси Ставрополь станица Должанская;0;;0;;0;;0;[]
https://city2city.ru/stavropol-doneczk-rostovskaya-oblast;Ставрополь;Донецк;такси Ставрополь Донецк;0;;0;;0;;0;[]
https://city2city.ru/stavropol-dubovka;Ставрополь;Дубовка;такси Ставрополь Дубовка;0;;0;;0;;0;[]
https://city2city.ru/stavropol-dzhubga;Ставрополь;посёлок городского типа Джубга;такси Ставрополь посёлок городского типа Джубга;0;;0;;0;;0;[]
https://city2city.ru/stavropol-elista;Ставрополь;Элиста;такси Ставрополь Элиста;31;такси элиста ставрополь;31;;0;;0;"[{""phrase"": ""такси элиста ставрополь"", ""count"": ""31""}]"
https://city2city.ru/stavropol-essentuki;Ставрополь;Ессентуки;такси Ставрополь Ессентуки;46;такси ессентуки ставрополь;46;ессентуки ставрополь маршрутное такси;16;;0;"[{""phrase"": ""такси ессентуки ставрополь"", ""count"": ""46""}, {""phrase"": ""ессентуки ставрополь маршрутное такси"", ""count"": ""16""}]"
https://city2city.ru/stavropol-feodosiya;Ставрополь;Феодосия;такси Ставрополь Феодосия;2;;0;;0;;0;[]
https://city2city.ru/stavropol-gelendzhik;Ставрополь;Геленджик;такси Ставрополь Геленджик;4;;0;;0;;0;[]
https://city2city.ru/stavropol-golubiczkaya;Ставрополь;станица Голубицкая;такси Ставрополь станица Голубицкая;0;;0;;0;;0;[]
https://city2city.ru/stavropol-gorodovikovsk;Ставрополь;Городовиковск;такси Ставрополь Городовиковск;3;;0;;0;;0;[]
https://city2city.ru/stavropol-gulkevichi;Ставрополь;Гулькевичи;такси Ставрополь Гулькевичи;0;;0;;0;;0;[]
https://city2city.ru/stavropol-ipatovo;Ставрополь;Ипатово;такси Ставрополь Ипатово;20;такси ипатово ставрополь;20;;0;;0;"[{""phrase"": ""такси ипатово ставрополь"", ""count"": ""20""}]"
https://city2city.ru/stavropol-izobilnyj;Ставрополь;Изобильный;такси Ставрополь Изобильный;47;такси изобильный ставрополь;47;;0;;0;"[{""phrase"": ""такси изобильный ставрополь"", ""count"": ""47""}]"
https://city2city.ru/stavropol-kabardinka;Ставрополь;село Кабардинка;такси Ставрополь село Кабардинка;0;;0;;0;;0;[]
https://city2city.ru/stavropol-kamennomostskij;Ставрополь;посёлок Каменномостский;такси Ставрополь посёлок Каменномостский;0;;0;;0;;0;[]
https://city2city.ru/stavropol-kamyshin;Ставрополь;Камышин;такси Ставрополь Камышин;0;;0;;0;;0;[]
https://city2city.ru/stavropol-kazan;Ставрополь;Казань;такси Ставрополь Казань;2;;0;;0;;0;[]
https://city2city.ru/stavropol-kerch;Ставрополь;Керчь;такси Ставрополь Керчь;6;;0;;0;;0;[]
https://city2city.ru/stavropol-kislovodsk;Ставрополь;Кисловодск;такси Ставрополь Кисловодск;55;такси ставрополь кисловодск;55;маршрутное такси кисловодск ставрополь;33;такси кисловодск ставрополь цена;8;"[{""phrase"": ""такси ставрополь кисловодск"", ""count"": ""55""}, {""phrase"": ""маршрутное такси кисловодск ставрополь"", ""count"": ""33""}, {""phrase"": ""такси кисловодск ставрополь цена"", ""count"": ""8""}]"
https://city2city.ru/stavropol-korenovsk;Ставрополь;Кореновск;такси Ставрополь Кореновск;1;;0;;0;;0;[]
https://city2city.ru/stavropol-kropotkin;Ставрополь;Кропоткин;такси Ставрополь Кропоткин;9;;0;;0;;0;[]
https://city2city.ru/stavropol-krymsk;Ставрополь;Крымск;такси Ставрополь Крымск;2;;0;;0;;0;[]
https://city2city.ru/stavropol-kurgan;Ставрополь;Курган;такси Ставрополь Курган;0;;0;;0;;0;[]
https://city2city.ru/stavropol-kurganinsk;Ставрополь;Курганинск;такси Ставрополь Курганинск;6;ставрополь курганинск такси;6;;0;;0;"[{""phrase"": ""ставрополь курганинск такси"", ""count"": ""6""}]"
https://city2city.ru/stavropol-labinsk;Ставрополь;Усть-Лабинск;такси Ставрополь Усть-Лабинск;0;;0;;0;;0;[]
https://city2city.ru/stavropol-majkop;Ставрополь;Майкоп;такси Ставрополь Майкоп;1;;0;;0;;0;[]
https://city2city.ru/stavropol-mineralnye-vody;Ставрополь;Минеральные Воды;такси Ставрополь Минеральные Воды;74;такси ставрополь минеральные воды;74;такси ставрополь минеральные воды цена;29;такси ставрополь аэропорт минеральные воды;24;"[{""phrase"": ""такси ставрополь минеральные воды"", ""count"": ""74""}, {""phrase"": ""такси ставрополь минеральные воды цена"", ""count"": ""29""}, {""phrase"": ""такси ставрополь аэропорт минеральные воды"", ""count"": ""24""}, {""phrase"": ""сколько стоит такси минеральные воды ставрополь"", ""count"": ""12""}, {""phrase"": ""такси ставрополь минеральные воды аэропорт цена"", ""count"": ""10""}]"
https://city2city.ru/stavropol-mixajlovsk;Ставрополь;Михайловск;такси Ставрополь Михайловск;86;такси ставрополь михайловск;86;сколько стоит такси ставрополь михайловск;21;такси ставрополь михайловск цена;13;"[{""phrase"": ""такси ставрополь михайловск"", ""count"": ""86""}, {""phrase"": ""сколько стоит такси ставрополь михайловск"", ""count"": ""21""}, {""phrase"": ""такси ставрополь михайловск цена"", ""count"": ""13""}]"
https://city2city.ru/stavropol-moskva;Ставрополь;Москва;такси Ставрополь Москва;49;такси ставрополь москва;49;такси ставрополь москва цена;13;почему комиссия такси ставрополе дороже чем москве;6;"[{""phrase"": ""такси ставрополь москва"", ""count"": ""49""}, {""phrase"": ""такси ставрополь москва цена"", ""count"": ""13""}, {""phrase"": ""почему комиссия такси ставрополе дороже чем москве"", ""count"": ""6""}]"
https://city2city.ru/stavropol-mostovskoj;Ставрополь;поселок городского типа Мостовской;такси Ставрополь поселок городского типа Мостовской;0;;0;;0;;0;[]
https://city2city.ru/stavropol-neftekumsk;Ставрополь;Нефтекумск;такси Ставрополь Нефтекумск;6;;0;;0;;0;[]
https://city2city.ru/stavropol-nevinnomyssk;Ставрополь;Невинномысск;такси Ставрополь Невинномысск;153;такси невинномысск ставрополь;153;такси ставрополь невинномысск цена;42;стоимость такси невинномысск ставрополь;29;"[{""phrase"": ""такси невинномысск ставрополь"", ""count"": ""153""}, {""phrase"": ""такси ставрополь невинномысск цена"", ""count"": ""42""}, {""phrase"": ""стоимость такси невинномысск ставрополь"", ""count"": ""29""}, {""phrase"": ""сколько стоит такси от невинномысска до ставрополя"", ""count"": ""14""}, {""phrase"": ""такси ставрополь невинномысск жд вокзал цена"", ""count"": ""5""}]"
https://city2city.ru/stavropol-nizhnij-novgorod;Ставрополь;Нижний Новгород;такси Ставрополь Нижний Новгород;5;;0;;0;;0;[]
https://city2city.ru/stavropol-novoaleksandrovsk;Ставрополь;Новоалександровск;такси Ставрополь Новоалександровск;27;такси новоалександровск ставрополь;27;;0;;0;"[{""phrase"": ""такси новоалександровск ставрополь"", ""count"": ""27""}]"
https://city2city.ru/stavropol-novokubansk;Ставрополь;Новокубанск;такси Ставрополь Новокубанск;1;;0;;0;;0;[]
https://city2city.ru/stavropol-novopavlovsk;Ставрополь;Новопавловск;такси Ставрополь Новопавловск;4;;0;;0;;0;[]
https://city2city.ru/stavropol-novorossijsk;Ставрополь;Новороссийск;такси Ставрополь Новороссийск;4;;0;;0;;0;[]
https://city2city.ru/stavropol-otradnaya;Ставрополь;станица Отрадная;такси Ставрополь станица Отрадная;1;;0;;0;;0;[]
https://city2city.ru/stavropol-perm;Ставрополь;Пермь;такси Ставрополь Пермь;0;;0;;0;;0;[]
https://city2city.ru/stavropol-primorsko-axtarsk;Ставрополь;Приморско-Ахтарск;такси Ставрополь Приморско-Ахтарск;0;;0;;0;;0;[]
https://city2city.ru/stavropol-pyatigorsk;Ставрополь;Пятигорск;такси Ставрополь Пятигорск;47;такси ставрополь пятигорск;47;ставрополь пятигорск такси сколько;11;сколько стоит такси пятигорск ставрополь;9;"[{""phrase"": ""такси ставрополь пятигорск"", ""count"": ""47""}, {""phrase"": ""ставрополь пятигорск такси сколько"", ""count"": ""11""}, {""phrase"": ""сколько стоит такси пятигорск ставрополь"", ""count"": ""9""}, {""phrase"": ""такси ставрополь пятигорск цена"", ""count"": ""9""}]"
https://city2city.ru/stavropol-rostov-na-donu;Ставрополь;Ростов-на-Дону;такси Ставрополь Ростов-на-Дону;12;такси ставрополь ростов на дону;12;;0;;0;"[{""phrase"": ""такси ставрополь ростов на дону"", ""count"": ""12""}]"
https://city2city.ru/stavropol-salsk;Ставрополь;Сальск;такси Ставрополь Сальск;5;;0;;0;;0;[]
https://city2city.ru/stavropol-samara;Ставрополь;Самара;такси Ставрополь Самара;2;;0;;0;;0;[]
https://city2city.ru/stavropol-sankt-peterburg;Ставрополь;Санкт-Петербург;такси Ставрополь Санкт-Петербург;5;;0;;0;;0;[]
https://city2city.ru/stavropol-saratov;Ставрополь;Саратов;такси Ставрополь Саратов;1;;0;;0;;0;[]
https://city2city.ru/stavropol-selo-aleksandrovskoe;Ставрополь;село Александровское;такси Ставрополь село Александровское;0;;0;;0;;0;[]
https://city2city.ru/stavropol-selo-arzgir;Ставрополь;село Арзгир;такси Ставрополь село Арзгир;0;;0;;0;;0;[]
https://city2city.ru/stavropol-selo-divnoe;Ставрополь;село Дивное;такси Ставрополь село Дивное;0;;0;;0;;0;[]
https://city2city.ru/stavropol-selo-donskoe;Ставрополь;село Донское;такси Ставрополь село Донское;1;;0;;0;;0;[]
https://city2city.ru/stavropol-selo-grachyovka;Ставрополь;село Грачёвка;такси Ставрополь село Грачёвка;1;;0;;0;;0;[]
https://city2city.ru/stavropol-selo-kochubeevskoe;Ставрополь;село Кочубеевское;такси Ставрополь село Кочубеевское;0;;0;;0;;0;[]
https://city2city.ru/stavropol-selo-krasnogvardejskoe;Ставрополь;село Красногвардейское;такси Ставрополь село Красногвардейское;3;;0;;0;;0;[]
https://city2city.ru/stavropol-selo-kursavka;Ставрополь;село Курсавка;такси Ставрополь село Курсавка;0;;0;;0;;0;[]
https://city2city.ru/stavropol-selo-letnyaya-stavka;Ставрополь;село Летняя Ставка;такси Ставрополь село Летняя Ставка;0;;0;;0;;0;[]
https://city2city.ru/stavropol-selo-levokumskoe;Ставрополь;село Левокумское;такси Ставрополь село Левокумское;0;;0;;0;;0;[]
https://city2city.ru/stavropol-selo-malye-derbety;Ставрополь;село Малые Дербеты;такси Ставрополь село Малые Дербеты;0;;0;;0;;0;[]
https://city2city.ru/stavropol-selo-novoseliczkoe;Ставрополь;село Новоселицкое;такси Ставрополь село Новоселицкое;0;;0;;0;;0;[]
https://city2city.ru/stavropol-selo-priyutnoe;Ставрополь;село Приютное;такси Ставрополь село Приютное;0;;0;;0;;0;[]
https://city2city.ru/stavropol-selo-stepnoe;Ставрополь;село Степное;такси Ставрополь село Степное;0;;0;;0;;0;[]
https://city2city.ru/stavropol-selo-yashalta;Ставрополь;село Яшалта;такси Ставрополь село Яшалта;0;;0;;0;;0;[]
https://city2city.ru/stavropol-selo-zavetnoe;Ставрополь;село Заветное;такси Ставрополь село Заветное;0;;0;;0;;0;[]
https://city2city.ru/stavropol-sevastopol;Ставрополь;Севастополь;такси Ставрополь Севастополь;1;;0;;0;;0;[]
https://city2city.ru/stavropol-simferopol;Ставрополь;Симферополь;такси Ставрополь Симферополь;6;;0;;0;;0;[]
https://city2city.ru/stavropol-sochi;Ставрополь;Сочи;такси Ставрополь Сочи;13;такси сочи ставрополь;13;;0;;0;"[{""phrase"": ""такси сочи ставрополь"", ""count"": ""13""}]"
https://city2city.ru/stavropol-stanicza-egorlykskaya;Ставрополь;станица Егорлыкская;такси Ставрополь станица Егорлыкская;0;;0;;0;;0;[]
https://city2city.ru/stavropol-stanicza-kurskaya;Ставрополь;станица Курская;такси Ставрополь станица Курская;0;;0;;0;;0;[]
https://city2city.ru/stavropol-stanicza-sovetskaya;Ставрополь;станица Советская;такси Ставрополь станица Советская;0;;0;;0;;0;[]
https://city2city.ru/stavropol-stepnoe;Ставрополь;село Степное;такси Ставрополь село Степное;0;;0;;0;;0;[]
https://city2city.ru/stavropol-svetlograd;Ставрополь;Светлоград;такси Ставрополь Светлоград;24;ставрополь светлоград такси;24;;0;;0;"[{""phrase"": ""ставрополь светлоград такси"", ""count"": ""24""}]"
https://city2city.ru/stavropol-tbilisskaya;Ставрополь;станица Тбилисская;такси Ставрополь станица Тбилисская;0;;0;;0;;0;[]
https://city2city.ru/stavropol-temryuk;Ставрополь;Темрюк;такси Ставрополь Темрюк;1;;0;;0;;0;[]
https://city2city.ru/stavropol-tixoreczk;Ставрополь;Тихорецк;такси Ставрополь Тихорецк;2;;0;;0;;0;[]
https://city2city.ru/stavropol-ufa;Ставрополь;Уфа;такси Ставрополь Уфа;3;;0;;0;;0;[]
https://city2city.ru/stavropol-uspenskoe;Ставрополь;село Успенское;такси Ставрополь село Успенское;0;;0;;0;;0;[]
https://city2city.ru/stavropol-ust-labinsk;Ставрополь;Усть-Лабинск;такси Ставрополь Усть-Лабинск;0;;0;;0;;0;[]
https://city2city.ru/stavropol-volgodonsk;Ставрополь;Волгодонск;такси Ставрополь Волгодонск;2;;0;;0;;0;[]
https://city2city.ru/stavropol-voronezh;Ставрополь;Воронеж;такси Ставрополь Воронеж;4;;0;;0;;0;[]
https://city2city.ru/stavropol-zelenokumsk;Ставрополь;Зеленокумск;такси Ставрополь Зеленокумск;2;;0;;0;;0;[]
https://city2city.ru/svatovo-belgorod;Сватово;;такси Сватово ;12;такси сватова;12;;0;;0;"[{""phrase"": ""такси сватова"", ""count"": ""12""}]"
https://city2city.ru/svatovo-kazan;Сватово;;такси Сватово ;12;такси сватова;12;;0;;0;"[{""phrase"": ""такси сватова"", ""count"": ""12""}]"
https://city2city.ru/svo-taxi-alchevsk-lugansk;Алчевск;;такси Алчевск ;578;такси алчевск;578;такси алчевск номера;111;любимое такси алчевск;97;"[{""phrase"": ""такси алчевск"", ""count"": ""578""}, {""phrase"": ""такси алчевск номера"", ""count"": ""111""}, {""phrase"": ""любимое такси алчевск"", ""count"": ""97""}, {""phrase"": ""такси алчевск телефон"", ""count"": ""46""}, {""phrase"": ""такси алчевск номера телефонов"", ""count"": ""27""}, {""phrase"": ""такси подкова алчевск"", ""count"": ""24""}, {""phrase"": ""такси алчевск луганск"", ""count"": ""24""}, {""phrase"": ""любимое такси алчевск номер"", ""count"": ""23""}, {""phrase"": ""такси алчевск приложение"", ""count"": ""23""}, {""phrase"": ""любимое такси алчевск скачать"", ""count"": ""13""}]"
https://city2city.ru/svo-taxi-boguchar-bryansk;Богучар;;такси Богучар ;1411;такси богучар;1411;номер такси богучар;272;такси богучар телефон;191;"[{""phrase"": ""такси богучар"", ""count"": ""1411""}, {""phrase"": ""номер такси богучар"", ""count"": ""272""}, {""phrase"": ""такси богучар телефон"", ""count"": ""191""}, {""phrase"": ""яндекс такси богучар"", ""count"": ""141""}, {""phrase"": ""такси богучар воронежской"", ""count"": ""136""}, {""phrase"": ""такси богучар номер телефона"", ""count"": ""134""}, {""phrase"": ""такси богучар воронежская область"", ""count"": ""119""}, {""phrase"": ""такси олимп богучар"", ""count"": ""93""}, {""phrase"": ""такси богучар москва"", ""count"": ""49""}, {""phrase"": ""такси богучар воронежская область телефон"", ""count"": ""49""}]"
https://city2city.ru/svo-taxi-boguchar-rossosh;Богучар;;такси Богучар ;1411;такси богучар;1411;номер такси богучар;272;такси богучар телефон;191;"[{""phrase"": ""такси богучар"", ""count"": ""1411""}, {""phrase"": ""номер такси богучар"", ""count"": ""272""}, {""phrase"": ""такси богучар телефон"", ""count"": ""191""}, {""phrase"": ""яндекс такси богучар"", ""count"": ""141""}, {""phrase"": ""такси богучар воронежской"", ""count"": ""136""}, {""phrase"": ""такси богучар номер телефона"", ""count"": ""134""}, {""phrase"": ""такси богучар воронежская область"", ""count"": ""119""}, {""phrase"": ""такси олимп богучар"", ""count"": ""93""}, {""phrase"": ""такси богучар москва"", ""count"": ""49""}, {""phrase"": ""такси богучар воронежская область телефон"", ""count"": ""49""}]"
https://city2city.ru/svo-taxi-boguchar-saratov;Богучар;;такси Богучар ;1411;такси богучар;1411;номер такси богучар;272;такси богучар телефон;191;"[{""phrase"": ""такси богучар"", ""count"": ""1411""}, {""phrase"": ""номер такси богучар"", ""count"": ""272""}, {""phrase"": ""такси богучар телефон"", ""count"": ""191""}, {""phrase"": ""яндекс такси богучар"", ""count"": ""141""}, {""phrase"": ""такси богучар воронежской"", ""count"": ""136""}, {""phrase"": ""такси богучар номер телефона"", ""count"": ""134""}, {""phrase"": ""такси богучар воронежская область"", ""count"": ""119""}, {""phrase"": ""такси олимп богучар"", ""count"": ""93""}, {""phrase"": ""такси богучар москва"", ""count"": ""49""}, {""phrase"": ""такси богучар воронежская область телефон"", ""count"": ""49""}]"
https://city2city.ru/svo-taxi-bryanka-lugansk;Брянка;;такси Брянка ;180;номер такси брянка;52;такси брянка лнр;24;такси виктория брянка;20;"[{""phrase"": ""номер такси брянка"", ""count"": ""52""}, {""phrase"": ""такси брянка лнр"", ""count"": ""24""}, {""phrase"": ""такси виктория брянка"", ""count"": ""20""}, {""phrase"": ""такси брянка номер телефона"", ""count"": ""17""}, {""phrase"": ""такси брянка телефон"", ""count"": ""17""}, {""phrase"": ""такси стс брянка"", ""count"": ""14""}, {""phrase"": ""такси брянка лнр номера"", ""count"": ""14""}, {""phrase"": ""такси города брянки"", ""count"": ""12""}, {""phrase"": ""такси в брянке"", ""count"": ""11""}, {""phrase"": ""такси стс брянка номер"", ""count"": ""11""}]"
https://city2city.ru/svo-taxi-bryansk-lugansk;Брянск;Луганск;такси Брянск Луганск;4;;0;;0;;0;[]
https://city2city.ru/svo-taxi-donetsk-gorlovka;Донецк;;такси Донецк ;9588;такси донецк;9588;такси донецк днр;1977;такси донецк ростов;989;"[{""phrase"": ""такси донецк"", ""count"": ""9588""}, {""phrase"": ""такси донецк днр"", ""count"": ""1977""}, {""phrase"": ""такси донецк ростов"", ""count"": ""989""}, {""phrase"": ""такси донецк номера"", ""count"": ""915""}, {""phrase"": ""москва донецк такси"", ""count"": ""818""}, {""phrase"": ""такси донецк ростовская"", ""count"": ""669""}, {""phrase"": ""такси донецк ростовская область"", ""count"": ""589""}, {""phrase"": ""такси донецка телефоны"", ""count"": ""454""}, {""phrase"": ""такси донецк номера телефонов"", ""count"": ""330""}, {""phrase"": ""номера такси донецк днр"", ""count"": ""269""}]"
https://city2city.ru/svo-taxi-donetsk-lugansk;Донецк;;такси Донецк ;9588;такси донецк;9588;такси донецк днр;1977;такси донецк ростов;989;"[{""phrase"": ""такси донецк"", ""count"": ""9588""}, {""phrase"": ""такси донецк днр"", ""count"": ""1977""}, {""phrase"": ""такси донецк ростов"", ""count"": ""989""}, {""phrase"": ""такси донецк номера"", ""count"": ""915""}, {""phrase"": ""москва донецк такси"", ""count"": ""818""}, {""phrase"": ""такси донецк ростовская"", ""count"": ""669""}, {""phrase"": ""такси донецк ростовская область"", ""count"": ""589""}, {""phrase"": ""такси донецка телефоны"", ""count"": ""454""}, {""phrase"": ""такси донецк номера телефонов"", ""count"": ""330""}, {""phrase"": ""номера такси донецк днр"", ""count"": ""269""}]"
https://city2city.ru/svo-taxi-donetsk-mineralnye-vody-aeroport;Донецк;;такси Донецк ;9588;такси донецк;9588;такси донецк днр;1977;такси донецк ростов;989;"[{""phrase"": ""такси донецк"", ""count"": ""9588""}, {""phrase"": ""такси донецк днр"", ""count"": ""1977""}, {""phrase"": ""такси донецк ростов"", ""count"": ""989""}, {""phrase"": ""такси донецк номера"", ""count"": ""915""}, {""phrase"": ""москва донецк такси"", ""count"": ""818""}, {""phrase"": ""такси донецк ростовская"", ""count"": ""669""}, {""phrase"": ""такси донецк ростовская область"", ""count"": ""589""}, {""phrase"": ""такси донецка телефоны"", ""count"": ""454""}, {""phrase"": ""такси донецк номера телефонов"", ""count"": ""330""}, {""phrase"": ""номера такси донецк днр"", ""count"": ""269""}]"
https://city2city.ru/svo-taxi-donetsk-novopetrovka;Донецк;;такси Донецк ;9588;такси донецк;9588;такси донецк днр;1977;такси донецк ростов;989;"[{""phrase"": ""такси донецк"", ""count"": ""9588""}, {""phrase"": ""такси донецк днр"", ""count"": ""1977""}, {""phrase"": ""такси донецк ростов"", ""count"": ""989""}, {""phrase"": ""такси донецк номера"", ""count"": ""915""}, {""phrase"": ""москва донецк такси"", ""count"": ""818""}, {""phrase"": ""такси донецк ростовская"", ""count"": ""669""}, {""phrase"": ""такси донецк ростовская область"", ""count"": ""589""}, {""phrase"": ""такси донецка телефоны"", ""count"": ""454""}, {""phrase"": ""такси донецк номера телефонов"", ""count"": ""330""}, {""phrase"": ""номера такси донецк днр"", ""count"": ""269""}]"
https://city2city.ru/svo-taxi-donetsk-starobeshevo;Донецк;;такси Донецк ;9588;такси донецк;9588;такси донецк днр;1977;такси донецк ростов;989;"[{""phrase"": ""такси донецк"", ""count"": ""9588""}, {""phrase"": ""такси донецк днр"", ""count"": ""1977""}, {""phrase"": ""такси донецк ростов"", ""count"": ""989""}, {""phrase"": ""такси донецк номера"", ""count"": ""915""}, {""phrase"": ""москва донецк такси"", ""count"": ""818""}, {""phrase"": ""такси донецк ростовская"", ""count"": ""669""}, {""phrase"": ""такси донецк ростовская область"", ""count"": ""589""}, {""phrase"": ""такси донецка телефоны"", ""count"": ""454""}, {""phrase"": ""такси донецк номера телефонов"", ""count"": ""330""}, {""phrase"": ""номера такси донецк днр"", ""count"": ""269""}]"
https://city2city.ru/svo-taxi-donetsk-yurevka;Донецк;;такси Донецк ;9588;такси донецк;9588;такси донецк днр;1977;такси донецк ростов;989;"[{""phrase"": ""такси донецк"", ""count"": ""9588""}, {""phrase"": ""такси донецк днр"", ""count"": ""1977""}, {""phrase"": ""такси донецк ростов"", ""count"": ""989""}, {""phrase"": ""такси донецк номера"", ""count"": ""915""}, {""phrase"": ""москва донецк такси"", ""count"": ""818""}, {""phrase"": ""такси донецк ростовская"", ""count"": ""669""}, {""phrase"": ""такси донецк ростовская область"", ""count"": ""589""}, {""phrase"": ""такси донецка телефоны"", ""count"": ""454""}, {""phrase"": ""такси донецк номера телефонов"", ""count"": ""330""}, {""phrase"": ""номера такси донецк днр"", ""count"": ""269""}]"
https://city2city.ru/svo-taxi-ekaterinburg-lugansk;Екатеринбург;Луганск;такси Екатеринбург Луганск;1;;0;;0;;0;[]
https://city2city.ru/svo-taxi-gorlovka-moskva;Горловка;;такси Горловка ;719;такси горловка;719;такси горловка номера;109;такси москва горловка;58;"[{""phrase"": ""такси горловка"", ""count"": ""719""}, {""phrase"": ""такси горловка номера"", ""count"": ""109""}, {""phrase"": ""такси москва горловка"", ""count"": ""58""}, {""phrase"": ""горловка ростов такси"", ""count"": ""47""}, {""phrase"": ""такси горловка телефон"", ""count"": ""46""}, {""phrase"": ""такси горловка днр"", ""count"": ""39""}, {""phrase"": ""такси горловка номера телефонов"", ""count"": ""34""}, {""phrase"": ""такси горловка цена"", ""count"": ""33""}, {""phrase"": ""такси донецк горловка"", ""count"": ""31""}, {""phrase"": ""такси донбасс горловка"", ""count"": ""31""}]"
https://city2city.ru/svo-taxi-gorlovka-rostov-na-donu;Горловка;;такси Горловка ;719;такси горловка;719;такси горловка номера;109;такси москва горловка;58;"[{""phrase"": ""такси горловка"", ""count"": ""719""}, {""phrase"": ""такси горловка номера"", ""count"": ""109""}, {""phrase"": ""такси москва горловка"", ""count"": ""58""}, {""phrase"": ""горловка ростов такси"", ""count"": ""47""}, {""phrase"": ""такси горловка телефон"", ""count"": ""46""}, {""phrase"": ""такси горловка днр"", ""count"": ""39""}, {""phrase"": ""такси горловка номера телефонов"", ""count"": ""34""}, {""phrase"": ""такси горловка цена"", ""count"": ""33""}, {""phrase"": ""такси донецк горловка"", ""count"": ""31""}, {""phrase"": ""такси донбасс горловка"", ""count"": ""31""}]"
https://city2city.ru/svo-taxi-ivanovo-lugansk;Иваново;;такси Иваново ;10673;такси иванов;11349;такси иваново;10673;иванова такси яндекс;2720;"[{""phrase"": ""такси иванов"", ""count"": ""11349""}, {""phrase"": ""такси иваново"", ""count"": ""10673""}, {""phrase"": ""иванова такси яндекс"", ""count"": ""2720""}, {""phrase"": ""яндекс такси иваново"", ""count"": ""2720""}, {""phrase"": ""такси иваново телефон"", ""count"": ""2160""}, {""phrase"": ""иванова такси номер"", ""count"": ""1276""}, {""phrase"": ""такси иваново номера"", ""count"": ""1276""}, {""phrase"": ""такси максим иванов"", ""count"": ""872""}, {""phrase"": ""такси максим иваново"", ""count"": ""864""}, {""phrase"": ""яндекс такси иваново телефон"", ""count"": ""862""}]"
https://city2city.ru/svo-taxi-izvarino-lugansk;посёлок городского типа Изварино;;такси посёлок городского типа Изварино ;0;;0;;0;;0;[]
https://city2city.ru/svo-taxi-kamenka-nizhniy-novgorod;село Каменка;;такси село Каменка ;13;;0;;0;;0;[]
https://city2city.ru/svo-taxi-kamenka-novosibirsk;село Каменка;;такси село Каменка ;13;;0;;0;;0;[]
https://city2city.ru/svo-taxi-kamenka-smolensk;село Каменка;;такси село Каменка ;13;;0;;0;;0;[]
https://city2city.ru/svo-taxi-kazan-lugansk;Казань;Луганск;такси Казань Луганск;5;;0;;0;;0;[]
https://city2city.ru/svo-taxi-kostroma-lugansk;Кострома;Луганск;такси Кострома Луганск;1;;0;;0;;0;[]
https://city2city.ru/svo-taxi-kpp-uspenka-donetsk;село Авило-Успенка;;такси село Авило-Успенка ;1;;0;;0;;0;[]
https://city2city.ru/svo-taxi-kpp-valuyki-rossosh;Валуйки;;такси Валуйки ;2499;такси валуйки;2499;такси некст валуйки;658;такси валуйки телефона;419;"[{""phrase"": ""такси валуйки"", ""count"": ""2499""}, {""phrase"": ""такси некст валуйки"", ""count"": ""658""}, {""phrase"": ""такси валуйки телефона"", ""count"": ""419""}, {""phrase"": ""такси валуйки номер телефона"", ""count"": ""363""}, {""phrase"": ""такси некст валуйки номер"", ""count"": ""287""}, {""phrase"": ""такси некст валуйки телефона"", ""count"": ""198""}, {""phrase"": ""такси каприз валуйки"", ""count"": ""191""}, {""phrase"": ""такси некст валуйки номер телефона"", ""count"": ""170""}, {""phrase"": ""такси метро валуйки"", ""count"": ""101""}, {""phrase"": ""такси валуйки белгородская"", ""count"": ""99""}]"
https://city2city.ru/svo-taxi-krasnodar-donetsk;Краснодар;;такси Краснодар ;39394;такси краснодар;39394;яндекс такси краснодар;10751;такси краснодар телефон;6694;"[{""phrase"": ""такси краснодар"", ""count"": ""39394""}, {""phrase"": ""яндекс такси краснодар"", ""count"": ""10751""}, {""phrase"": ""такси краснодар телефон"", ""count"": ""6694""}, {""phrase"": ""номер такси краснодар"", ""count"": ""3464""}, {""phrase"": ""такси яндекс краснодар телефон"", ""count"": ""3395""}, {""phrase"": ""заказ такси краснодар"", ""count"": ""2566""}, {""phrase"": ""такси максим краснодар"", ""count"": ""2285""}, {""phrase"": ""такси краснодар телефон для заказа"", ""count"": ""2150""}, {""phrase"": ""такси краснодар номер телефона"", ""count"": ""1900""}, {""phrase"": ""яндекс такси краснодар номер"", ""count"": ""1773""}]"
https://city2city.ru/svo-taxi-krasnodar-lugansk;Краснодар;;такси Краснодар ;39394;такси краснодар;39394;яндекс такси краснодар;10751;такси краснодар телефон;6694;"[{""phrase"": ""такси краснодар"", ""count"": ""39394""}, {""phrase"": ""яндекс такси краснодар"", ""count"": ""10751""}, {""phrase"": ""такси краснодар телефон"", ""count"": ""6694""}, {""phrase"": ""номер такси краснодар"", ""count"": ""3464""}, {""phrase"": ""такси яндекс краснодар телефон"", ""count"": ""3395""}, {""phrase"": ""заказ такси краснодар"", ""count"": ""2566""}, {""phrase"": ""такси максим краснодар"", ""count"": ""2285""}, {""phrase"": ""такси краснодар телефон для заказа"", ""count"": ""2150""}, {""phrase"": ""такси краснодар номер телефона"", ""count"": ""1900""}, {""phrase"": ""яндекс такси краснодар номер"", ""count"": ""1773""}]"
https://city2city.ru/svo-taxi-krasnodar-mariupol;Краснодар;;такси Краснодар ;39394;такси краснодар;39394;яндекс такси краснодар;10751;такси краснодар телефон;6694;"[{""phrase"": ""такси краснодар"", ""count"": ""39394""}, {""phrase"": ""яндекс такси краснодар"", ""count"": ""10751""}, {""phrase"": ""такси краснодар телефон"", ""count"": ""6694""}, {""phrase"": ""номер такси краснодар"", ""count"": ""3464""}, {""phrase"": ""такси яндекс краснодар телефон"", ""count"": ""3395""}, {""phrase"": ""заказ такси краснодар"", ""count"": ""2566""}, {""phrase"": ""такси максим краснодар"", ""count"": ""2285""}, {""phrase"": ""такси краснодар телефон для заказа"", ""count"": ""2150""}, {""phrase"": ""такси краснодар номер телефона"", ""count"": ""1900""}, {""phrase"": ""яндекс такси краснодар номер"", ""count"": ""1773""}]"
https://city2city.ru/svo-taxi-krasnodar-melitopol;Краснодар;;такси Краснодар ;39394;такси краснодар;39394;яндекс такси краснодар;10751;такси краснодар телефон;6694;"[{""phrase"": ""такси краснодар"", ""count"": ""39394""}, {""phrase"": ""яндекс такси краснодар"", ""count"": ""10751""}, {""phrase"": ""такси краснодар телефон"", ""count"": ""6694""}, {""phrase"": ""номер такси краснодар"", ""count"": ""3464""}, {""phrase"": ""такси яндекс краснодар телефон"", ""count"": ""3395""}, {""phrase"": ""заказ такси краснодар"", ""count"": ""2566""}, {""phrase"": ""такси максим краснодар"", ""count"": ""2285""}, {""phrase"": ""такси краснодар телефон для заказа"", ""count"": ""2150""}, {""phrase"": ""такси краснодар номер телефона"", ""count"": ""1900""}, {""phrase"": ""яндекс такси краснодар номер"", ""count"": ""1773""}]"
https://city2city.ru/svo-taxi-krasnyy-luch-antratsit;Красный луч;;такси Красный луч ;280;такси красный луч;280;номер такси красный луч;50;такси красный луч лнр;49;"[{""phrase"": ""такси красный луч"", ""count"": ""280""}, {""phrase"": ""номер такси красный луч"", ""count"": ""50""}, {""phrase"": ""такси красный луч лнр"", ""count"": ""49""}, {""phrase"": ""такси красный луч телефон"", ""count"": ""25""}, {""phrase"": ""такси старт красный луч"", ""count"": ""25""}, {""phrase"": ""такси красный луч номер телефона"", ""count"": ""23""}, {""phrase"": ""такси красный луч лнр номер"", ""count"": ""22""}, {""phrase"": ""такси красного луча лнр телефоны"", ""count"": ""14""}, {""phrase"": ""такси красный луч лнр номер телефона"", ""count"": ""14""}, {""phrase"": ""такси пилот красный луч"", ""count"": ""13""}]"
https://city2city.ru/svo-taxi-krasnyy-luch-lugansk;Красный луч;;такси Красный луч ;280;такси красный луч;280;номер такси красный луч;50;такси красный луч лнр;49;"[{""phrase"": ""такси красный луч"", ""count"": ""280""}, {""phrase"": ""номер такси красный луч"", ""count"": ""50""}, {""phrase"": ""такси красный луч лнр"", ""count"": ""49""}, {""phrase"": ""такси красный луч телефон"", ""count"": ""25""}, {""phrase"": ""такси старт красный луч"", ""count"": ""25""}, {""phrase"": ""такси красный луч номер телефона"", ""count"": ""23""}, {""phrase"": ""такси красный луч лнр номер"", ""count"": ""22""}, {""phrase"": ""такси красного луча лнр телефоны"", ""count"": ""14""}, {""phrase"": ""такси красный луч лнр номер телефона"", ""count"": ""14""}, {""phrase"": ""такси пилот красный луч"", ""count"": ""13""}]"
https://city2city.ru/svo-taxi-krasnyy-luch-mariupol;Красный луч;;такси Красный луч ;280;такси красный луч;280;номер такси красный луч;50;такси красный луч лнр;49;"[{""phrase"": ""такси красный луч"", ""count"": ""280""}, {""phrase"": ""номер такси красный луч"", ""count"": ""50""}, {""phrase"": ""такси красный луч лнр"", ""count"": ""49""}, {""phrase"": ""такси красный луч телефон"", ""count"": ""25""}, {""phrase"": ""такси старт красный луч"", ""count"": ""25""}, {""phrase"": ""такси красный луч номер телефона"", ""count"": ""23""}, {""phrase"": ""такси красный луч лнр номер"", ""count"": ""22""}, {""phrase"": ""такси красного луча лнр телефоны"", ""count"": ""14""}, {""phrase"": ""такси красный луч лнр номер телефона"", ""count"": ""14""}, {""phrase"": ""такси пилот красный луч"", ""count"": ""13""}]"
https://city2city.ru/svo-taxi-krasnyy-luch-rostov-na-donu;Красный луч;;такси Красный луч ;280;такси красный луч;280;номер такси красный луч;50;такси красный луч лнр;49;"[{""phrase"": ""такси красный луч"", ""count"": ""280""}, {""phrase"": ""номер такси красный луч"", ""count"": ""50""}, {""phrase"": ""такси красный луч лнр"", ""count"": ""49""}, {""phrase"": ""такси красный луч телефон"", ""count"": ""25""}, {""phrase"": ""такси старт красный луч"", ""count"": ""25""}, {""phrase"": ""такси красный луч номер телефона"", ""count"": ""23""}, {""phrase"": ""такси красный луч лнр номер"", ""count"": ""22""}, {""phrase"": ""такси красного луча лнр телефоны"", ""count"": ""14""}, {""phrase"": ""такси красный луч лнр номер телефона"", ""count"": ""14""}, {""phrase"": ""такси пилот красный луч"", ""count"": ""13""}]"
https://city2city.ru/svo-taxi-kremennaya-lugansk;Кременная;;такси Кременная ;17;такси кременная;17;;0;;0;"[{""phrase"": ""такси кременная"", ""count"": ""17""}]"
https://city2city.ru/svo-taxi-kursk-krasnodar;Курск;Краснодар;такси Курск Краснодар;12;курск краснодар такси;12;;0;;0;"[{""phrase"": ""курск краснодар такси"", ""count"": ""12""}]"
https://city2city.ru/svo-taxi-lugansk-alchevsk;Луганск;;такси Луганск ;4944;такси луганск;4944;номер такси луганск;515;такси москва луганск;245;"[{""phrase"": ""такси луганск"", ""count"": ""4944""}, {""phrase"": ""номер такси луганск"", ""count"": ""515""}, {""phrase"": ""такси москва луганск"", ""count"": ""245""}, {""phrase"": ""такси луганск цена"", ""count"": ""243""}, {""phrase"": ""такси ростов луганск"", ""count"": ""210""}, {""phrase"": ""сколько стоит такси луганск"", ""count"": ""207""}, {""phrase"": ""такси луганск номера телефонов"", ""count"": ""184""}, {""phrase"": ""артель такси луганск"", ""count"": ""169""}, {""phrase"": ""такси луганск онлайн"", ""count"": ""135""}, {""phrase"": ""такси луганск лнр"", ""count"": ""99""}]"
https://city2city.ru/svo-taxi-lugansk-antratsit;Луганск;;такси Луганск ;4944;такси луганск;4944;номер такси луганск;515;такси москва луганск;245;"[{""phrase"": ""такси луганск"", ""count"": ""4944""}, {""phrase"": ""номер такси луганск"", ""count"": ""515""}, {""phrase"": ""такси москва луганск"", ""count"": ""245""}, {""phrase"": ""такси луганск цена"", ""count"": ""243""}, {""phrase"": ""такси ростов луганск"", ""count"": ""210""}, {""phrase"": ""сколько стоит такси луганск"", ""count"": ""207""}, {""phrase"": ""такси луганск номера телефонов"", ""count"": ""184""}, {""phrase"": ""артель такси луганск"", ""count"": ""169""}, {""phrase"": ""такси луганск онлайн"", ""count"": ""135""}, {""phrase"": ""такси луганск лнр"", ""count"": ""99""}]"
https://city2city.ru/svo-taxi-lugansk-izvarino;Луганск;;такси Луганск ;4944;такси луганск;4944;номер такси луганск;515;такси москва луганск;245;"[{""phrase"": ""такси луганск"", ""count"": ""4944""}, {""phrase"": ""номер такси луганск"", ""count"": ""515""}, {""phrase"": ""такси москва луганск"", ""count"": ""245""}, {""phrase"": ""такси луганск цена"", ""count"": ""243""}, {""phrase"": ""такси ростов луганск"", ""count"": ""210""}, {""phrase"": ""сколько стоит такси луганск"", ""count"": ""207""}, {""phrase"": ""такси луганск номера телефонов"", ""count"": ""184""}, {""phrase"": ""артель такси луганск"", ""count"": ""169""}, {""phrase"": ""такси луганск онлайн"", ""count"": ""135""}, {""phrase"": ""такси луганск лнр"", ""count"": ""99""}]"
https://city2city.ru/svo-taxi-lugansk-krasnyy-luch;Луганск;;такси Луганск ;4944;такси луганск;4944;номер такси луганск;515;такси москва луганск;245;"[{""phrase"": ""такси луганск"", ""count"": ""4944""}, {""phrase"": ""номер такси луганск"", ""count"": ""515""}, {""phrase"": ""такси москва луганск"", ""count"": ""245""}, {""phrase"": ""такси луганск цена"", ""count"": ""243""}, {""phrase"": ""такси ростов луганск"", ""count"": ""210""}, {""phrase"": ""сколько стоит такси луганск"", ""count"": ""207""}, {""phrase"": ""такси луганск номера телефонов"", ""count"": ""184""}, {""phrase"": ""артель такси луганск"", ""count"": ""169""}, {""phrase"": ""такси луганск онлайн"", ""count"": ""135""}, {""phrase"": ""такси луганск лнр"", ""count"": ""99""}]"
https://city2city.ru/svo-taxi-lugansk-lutugino;Луганск;;такси Луганск ;4944;такси луганск;4944;номер такси луганск;515;такси москва луганск;245;"[{""phrase"": ""такси луганск"", ""count"": ""4944""}, {""phrase"": ""номер такси луганск"", ""count"": ""515""}, {""phrase"": ""такси москва луганск"", ""count"": ""245""}, {""phrase"": ""такси луганск цена"", ""count"": ""243""}, {""phrase"": ""такси ростов луганск"", ""count"": ""210""}, {""phrase"": ""сколько стоит такси луганск"", ""count"": ""207""}, {""phrase"": ""такси луганск номера телефонов"", ""count"": ""184""}, {""phrase"": ""артель такси луганск"", ""count"": ""169""}, {""phrase"": ""такси луганск онлайн"", ""count"": ""135""}, {""phrase"": ""такси луганск лнр"", ""count"": ""99""}]"
https://city2city.ru/svo-taxi-lugansk-rovenki;Луганск;;такси Луганск ;4944;такси луганск;4944;номер такси луганск;515;такси москва луганск;245;"[{""phrase"": ""такси луганск"", ""count"": ""4944""}, {""phrase"": ""номер такси луганск"", ""count"": ""515""}, {""phrase"": ""такси москва луганск"", ""count"": ""245""}, {""phrase"": ""такси луганск цена"", ""count"": ""243""}, {""phrase"": ""такси ростов луганск"", ""count"": ""210""}, {""phrase"": ""сколько стоит такси луганск"", ""count"": ""207""}, {""phrase"": ""такси луганск номера телефонов"", ""count"": ""184""}, {""phrase"": ""артель такси луганск"", ""count"": ""169""}, {""phrase"": ""такси луганск онлайн"", ""count"": ""135""}, {""phrase"": ""такси луганск лнр"", ""count"": ""99""}]"
https://city2city.ru/svo-taxi-lugansk-severodonetsk;Луганск;;такси Луганск ;4944;такси луганск;4944;номер такси луганск;515;такси москва луганск;245;"[{""phrase"": ""такси луганск"", ""count"": ""4944""}, {""phrase"": ""номер такси луганск"", ""count"": ""515""}, {""phrase"": ""такси москва луганск"", ""count"": ""245""}, {""phrase"": ""такси луганск цена"", ""count"": ""243""}, {""phrase"": ""такси ростов луганск"", ""count"": ""210""}, {""phrase"": ""сколько стоит такси луганск"", ""count"": ""207""}, {""phrase"": ""такси луганск номера телефонов"", ""count"": ""184""}, {""phrase"": ""артель такси луганск"", ""count"": ""169""}, {""phrase"": ""такси луганск онлайн"", ""count"": ""135""}, {""phrase"": ""такси луганск лнр"", ""count"": ""99""}]"
https://city2city.ru/svo-taxi-lugansk-stahanov;Луганск;;такси Луганск ;4944;такси луганск;4944;номер такси луганск;515;такси москва луганск;245;"[{""phrase"": ""такси луганск"", ""count"": ""4944""}, {""phrase"": ""номер такси луганск"", ""count"": ""515""}, {""phrase"": ""такси москва луганск"", ""count"": ""245""}, {""phrase"": ""такси луганск цена"", ""count"": ""243""}, {""phrase"": ""такси ростов луганск"", ""count"": ""210""}, {""phrase"": ""сколько стоит такси луганск"", ""count"": ""207""}, {""phrase"": ""такси луганск номера телефонов"", ""count"": ""184""}, {""phrase"": ""артель такси луганск"", ""count"": ""169""}, {""phrase"": ""такси луганск онлайн"", ""count"": ""135""}, {""phrase"": ""такси луганск лнр"", ""count"": ""99""}]"
https://city2city.ru/svo-taxi-lugansk-starobelsk;Луганск;;такси Луганск ;4944;такси луганск;4944;номер такси луганск;515;такси москва луганск;245;"[{""phrase"": ""такси луганск"", ""count"": ""4944""}, {""phrase"": ""номер такси луганск"", ""count"": ""515""}, {""phrase"": ""такси москва луганск"", ""count"": ""245""}, {""phrase"": ""такси луганск цена"", ""count"": ""243""}, {""phrase"": ""такси ростов луганск"", ""count"": ""210""}, {""phrase"": ""сколько стоит такси луганск"", ""count"": ""207""}, {""phrase"": ""такси луганск номера телефонов"", ""count"": ""184""}, {""phrase"": ""артель такси луганск"", ""count"": ""169""}, {""phrase"": ""такси луганск онлайн"", ""count"": ""135""}, {""phrase"": ""такси луганск лнр"", ""count"": ""99""}]"
https://city2city.ru/svo-taxi-lutugino-lugansk;Лутугино;;такси Лутугино ;48;такси лутугино;48;такси луганск лутугино;10;такси лутугино номера;5;"[{""phrase"": ""такси лутугино"", ""count"": ""48""}, {""phrase"": ""такси луганск лутугино"", ""count"": ""10""}, {""phrase"": ""такси лутугино номера"", ""count"": ""5""}, {""phrase"": ""такси лутугино лнр"", ""count"": ""3""}, {""phrase"": ""такси лутугино номера телефонов"", ""count"": ""3""}, {""phrase"": ""такси лутугино телефон"", ""count"": ""3""}]"
https://city2city.ru/svo-taxi-mariupol-kpp-vesyolo-voznesenka;Мариуполь;;такси Мариуполь ;2738;такси мариуполь;2738;такси мариуполь номера;331;такси заря мариуполь;309;"[{""phrase"": ""такси мариуполь"", ""count"": ""2738""}, {""phrase"": ""такси мариуполь номера"", ""count"": ""331""}, {""phrase"": ""такси заря мариуполь"", ""count"": ""309""}, {""phrase"": ""такси ростов мариуполь"", ""count"": ""258""}, {""phrase"": ""такси игнат мариуполь"", ""count"": ""197""}, {""phrase"": ""такси мариуполь номера телефонов"", ""count"": ""154""}, {""phrase"": ""такси мариуполь цены"", ""count"": ""117""}, {""phrase"": ""такси москва мариуполь"", ""count"": ""111""}, {""phrase"": ""такси заря мариуполь номер"", ""count"": ""96""}, {""phrase"": ""такси мариуполь днр"", ""count"": ""89""}]"
https://city2city.ru/svo-taxi-mariupol-yurevka;Мариуполь;;такси Мариуполь ;2738;такси мариуполь;2738;такси мариуполь номера;331;такси заря мариуполь;309;"[{""phrase"": ""такси мариуполь"", ""count"": ""2738""}, {""phrase"": ""такси мариуполь номера"", ""count"": ""331""}, {""phrase"": ""такси заря мариуполь"", ""count"": ""309""}, {""phrase"": ""такси ростов мариуполь"", ""count"": ""258""}, {""phrase"": ""такси игнат мариуполь"", ""count"": ""197""}, {""phrase"": ""такси мариуполь номера телефонов"", ""count"": ""154""}, {""phrase"": ""такси мариуполь цены"", ""count"": ""117""}, {""phrase"": ""такси москва мариуполь"", ""count"": ""111""}, {""phrase"": ""такси заря мариуполь номер"", ""count"": ""96""}, {""phrase"": ""такси мариуполь днр"", ""count"": ""89""}]"
https://city2city.ru/svo-taxi-melitopol-dneprorudnoe;Мелитополь;;такси Мелитополь ;1513;такси мелитополь;1513;артель такси мелитополь;145;такси шереметьево мелитополь;113;"[{""phrase"": ""такси мелитополь"", ""count"": ""1513""}, {""phrase"": ""артель такси мелитополь"", ""count"": ""145""}, {""phrase"": ""такси шереметьево мелитополь"", ""count"": ""113""}, {""phrase"": ""такси мелитополь телефоны"", ""count"": ""95""}, {""phrase"": ""такси мелитополь номер"", ""count"": ""94""}, {""phrase"": ""такси мелитополь ростов"", ""count"": ""83""}, {""phrase"": ""такси москва мелитополь"", ""count"": ""79""}, {""phrase"": ""такси шереметьево мелитополь сейчас"", ""count"": ""76""}, {""phrase"": ""цена такси мелитополь"", ""count"": ""72""}, {""phrase"": ""такси джанкой мелитополь"", ""count"": ""68""}]"
https://city2city.ru/svo-taxi-melitopol-energodar;Мелитополь;;такси Мелитополь ;1513;такси мелитополь;1513;артель такси мелитополь;145;такси шереметьево мелитополь;113;"[{""phrase"": ""такси мелитополь"", ""count"": ""1513""}, {""phrase"": ""артель такси мелитополь"", ""count"": ""145""}, {""phrase"": ""такси шереметьево мелитополь"", ""count"": ""113""}, {""phrase"": ""такси мелитополь телефоны"", ""count"": ""95""}, {""phrase"": ""такси мелитополь номер"", ""count"": ""94""}, {""phrase"": ""такси мелитополь ростов"", ""count"": ""83""}, {""phrase"": ""такси москва мелитополь"", ""count"": ""79""}, {""phrase"": ""такси шереметьево мелитополь сейчас"", ""count"": ""76""}, {""phrase"": ""цена такси мелитополь"", ""count"": ""72""}, {""phrase"": ""такси джанкой мелитополь"", ""count"": ""68""}]"
https://city2city.ru/svo-taxi-millerovo-donetsk;Миллерово;;такси Миллерово ;1689;такси миллерово;1689;такси миллерово телефон;378;такси апельсин миллерово;323;"[{""phrase"": ""такси миллерово"", ""count"": ""1689""}, {""phrase"": ""такси миллерово телефон"", ""count"": ""378""}, {""phrase"": ""такси апельсин миллерово"", ""count"": ""323""}, {""phrase"": ""номер такси миллерово"", ""count"": ""239""}, {""phrase"": ""такси миг миллерово"", ""count"": ""116""}, {""phrase"": ""такси апельсин миллерово телефон"", ""count"": ""113""}, {""phrase"": ""такси городе миллерово"", ""count"": ""107""}, {""phrase"": ""такси миллерово номера апельсин"", ""count"": ""90""}, {""phrase"": ""такси миллерово ростовская"", ""count"": ""62""}, {""phrase"": ""такси миллерово ростов"", ""count"": ""60""}]"
https://city2city.ru/svo-taxi-millerovo-lugansk;Миллерово;;такси Миллерово ;1689;такси миллерово;1689;такси миллерово телефон;378;такси апельсин миллерово;323;"[{""phrase"": ""такси миллерово"", ""count"": ""1689""}, {""phrase"": ""такси миллерово телефон"", ""count"": ""378""}, {""phrase"": ""такси апельсин миллерово"", ""count"": ""323""}, {""phrase"": ""номер такси миллерово"", ""count"": ""239""}, {""phrase"": ""такси миг миллерово"", ""count"": ""116""}, {""phrase"": ""такси апельсин миллерово телефон"", ""count"": ""113""}, {""phrase"": ""такси городе миллерово"", ""count"": ""107""}, {""phrase"": ""такси миллерово номера апельсин"", ""count"": ""90""}, {""phrase"": ""такси миллерово ростовская"", ""count"": ""62""}, {""phrase"": ""такси миллерово ростов"", ""count"": ""60""}]"
https://city2city.ru/svo-taxi-mineralnye-vody-aeroport-donetsk;Минеральные Воды Аэропорт;;такси Минеральные Воды Аэропорт ;1321;такси минеральные воды аэропорт;1321;минеральные воды аэропорт такси цена;296;такси аэропорт минеральные воды кисловодск;296;"[{""phrase"": ""такси минеральные воды аэропорт"", ""count"": ""1321""}, {""phrase"": ""минеральные воды аэропорт такси цена"", ""count"": ""296""}, {""phrase"": ""такси аэропорт минеральные воды кисловодск"", ""count"": ""296""}, {""phrase"": ""стоимость такси аэропорт минеральные воды"", ""count"": ""225""}, {""phrase"": ""такси ессентуки минеральные воды аэропорт"", ""count"": ""152""}, {""phrase"": ""такси пятигорск минеральные воды аэропорт"", ""count"": ""116""}, {""phrase"": ""такси минеральные воды вокзал аэропорт"", ""count"": ""98""}, {""phrase"": ""яндекс такси минеральные воды аэропорт"", ""count"": ""87""}, {""phrase"": ""такси аэропорт минеральные воды архыз"", ""count"": ""81""}, {""phrase"": ""такси минеральные воды жд аэропорт"", ""count"": ""78""}]"
https://city2city.ru/svo-taxi-moskva-gorlovka;Москва;;такси Москва ;166887;такси москва;166887;яндекс такси москва;36823;такси москва телефон;20577;"[{""phrase"": ""такси москва"", ""count"": ""166887""}, {""phrase"": ""яндекс такси москва"", ""count"": ""36823""}, {""phrase"": ""такси москва телефон"", ""count"": ""20577""}, {""phrase"": ""яндекс такси москва телефон"", ""count"": ""12868""}, {""phrase"": ""такси до москвы стоит"", ""count"": ""6952""}, {""phrase"": ""сколько такси в москве"", ""count"": ""6731""}, {""phrase"": ""работа в такси в москве"", ""count"": ""6595""}, {""phrase"": ""номер такси москва"", ""count"": ""6486""}, {""phrase"": ""такси москва недорого"", ""count"": ""6315""}, {""phrase"": ""заказ такси в москве"", ""count"": ""6292""}]"
https://city2city.ru/svo-taxi-moskva-mariupol;Москва;;такси Москва ;166887;такси москва;166887;яндекс такси москва;36823;такси москва телефон;20577;"[{""phrase"": ""такси москва"", ""count"": ""166887""}, {""phrase"": ""яндекс такси москва"", ""count"": ""36823""}, {""phrase"": ""такси москва телефон"", ""count"": ""20577""}, {""phrase"": ""яндекс такси москва телефон"", ""count"": ""12868""}, {""phrase"": ""такси до москвы стоит"", ""count"": ""6952""}, {""phrase"": ""сколько такси в москве"", ""count"": ""6731""}, {""phrase"": ""работа в такси в москве"", ""count"": ""6595""}, {""phrase"": ""номер такси москва"", ""count"": ""6486""}, {""phrase"": ""такси москва недорого"", ""count"": ""6315""}, {""phrase"": ""заказ такси в москве"", ""count"": ""6292""}]"
https://city2city.ru/svo-taxi-nizhniy-novgorod-bolshoy-suhodol;Нижний Новгород;село Большой Суходол;такси Нижний Новгород село Большой Суходол;0;;0;;0;;0;[]
https://city2city.ru/svo-taxi-novopetrovka-donetsk;село Новопетровка;;такси село Новопетровка ;0;;0;;0;;0;[]
https://city2city.ru/svo-taxi-orenburg-donetsk;Оренбург;Донецк;такси Оренбург Донецк;9;такси оренбург донецк;9;;0;;0;"[{""phrase"": ""такси оренбург донецк"", ""count"": ""9""}]"
https://city2city.ru/svo-taxi-penza-mariupol;Пенза;Мариуполь;такси Пенза Мариуполь;0;;0;;0;;0;[]
https://city2city.ru/svo-taxi-rossosh-belgorod;Россошь;;такси Россошь ;2239;такси россошь;2239;яндекс такси россошь;465;россошь такси телефон;359;"[{""phrase"": ""такси россошь"", ""count"": ""2239""}, {""phrase"": ""яндекс такси россошь"", ""count"": ""465""}, {""phrase"": ""россошь такси телефон"", ""count"": ""359""}, {""phrase"": ""такси россошь номер телефона"", ""count"": ""168""}, {""phrase"": ""такси россошь воронежская"", ""count"": ""166""}, {""phrase"": ""яндекс такси россошь телефон"", ""count"": ""154""}, {""phrase"": ""такси россошь цена"", ""count"": ""139""}, {""phrase"": ""такси россошь воронежская область"", ""count"": ""139""}, {""phrase"": ""яндекс такси россошь номер"", ""count"": ""89""}, {""phrase"": ""такси россошь заказать"", ""count"": ""72""}]"
https://city2city.ru/svo-taxi-rossosh-bryansk;Россошь;;такси Россошь ;2239;такси россошь;2239;яндекс такси россошь;465;россошь такси телефон;359;"[{""phrase"": ""такси россошь"", ""count"": ""2239""}, {""phrase"": ""яндекс такси россошь"", ""count"": ""465""}, {""phrase"": ""россошь такси телефон"", ""count"": ""359""}, {""phrase"": ""такси россошь номер телефона"", ""count"": ""168""}, {""phrase"": ""такси россошь воронежская"", ""count"": ""166""}, {""phrase"": ""яндекс такси россошь телефон"", ""count"": ""154""}, {""phrase"": ""такси россошь цена"", ""count"": ""139""}, {""phrase"": ""такси россошь воронежская область"", ""count"": ""139""}, {""phrase"": ""яндекс такси россошь номер"", ""count"": ""89""}, {""phrase"": ""такси россошь заказать"", ""count"": ""72""}]"
https://city2city.ru/svo-taxi-rossosh-kursk;Россошь;;такси Россошь ;2239;такси россошь;2239;яндекс такси россошь;465;россошь такси телефон;359;"[{""phrase"": ""такси россошь"", ""count"": ""2239""}, {""phrase"": ""яндекс такси россошь"", ""count"": ""465""}, {""phrase"": ""россошь такси телефон"", ""count"": ""359""}, {""phrase"": ""такси россошь номер телефона"", ""count"": ""168""}, {""phrase"": ""такси россошь воронежская"", ""count"": ""166""}, {""phrase"": ""яндекс такси россошь телефон"", ""count"": ""154""}, {""phrase"": ""такси россошь цена"", ""count"": ""139""}, {""phrase"": ""такси россошь воронежская область"", ""count"": ""139""}, {""phrase"": ""яндекс такси россошь номер"", ""count"": ""89""}, {""phrase"": ""такси россошь заказать"", ""count"": ""72""}]"
https://city2city.ru/svo-taxi-rossosh-nizhniy-novgorod;Россошь;;такси Россошь ;2239;такси россошь;2239;яндекс такси россошь;465;россошь такси телефон;359;"[{""phrase"": ""такси россошь"", ""count"": ""2239""}, {""phrase"": ""яндекс такси россошь"", ""count"": ""465""}, {""phrase"": ""россошь такси телефон"", ""count"": ""359""}, {""phrase"": ""такси россошь номер телефона"", ""count"": ""168""}, {""phrase"": ""такси россошь воронежская"", ""count"": ""166""}, {""phrase"": ""яндекс такси россошь телефон"", ""count"": ""154""}, {""phrase"": ""такси россошь цена"", ""count"": ""139""}, {""phrase"": ""такси россошь воронежская область"", ""count"": ""139""}, {""phrase"": ""яндекс такси россошь номер"", ""count"": ""89""}, {""phrase"": ""такси россошь заказать"", ""count"": ""72""}]"
https://city2city.ru/svo-taxi-rossosh-rovenki;Россошь;;такси Россошь ;2239;такси россошь;2239;яндекс такси россошь;465;россошь такси телефон;359;"[{""phrase"": ""такси россошь"", ""count"": ""2239""}, {""phrase"": ""яндекс такси россошь"", ""count"": ""465""}, {""phrase"": ""россошь такси телефон"", ""count"": ""359""}, {""phrase"": ""такси россошь номер телефона"", ""count"": ""168""}, {""phrase"": ""такси россошь воронежская"", ""count"": ""166""}, {""phrase"": ""яндекс такси россошь телефон"", ""count"": ""154""}, {""phrase"": ""такси россошь цена"", ""count"": ""139""}, {""phrase"": ""такси россошь воронежская область"", ""count"": ""139""}, {""phrase"": ""яндекс такси россошь номер"", ""count"": ""89""}, {""phrase"": ""такси россошь заказать"", ""count"": ""72""}]"
https://city2city.ru/svo-taxi-rossosh-severodonetsk;Россошь;;такси Россошь ;2239;такси россошь;2239;яндекс такси россошь;465;россошь такси телефон;359;"[{""phrase"": ""такси россошь"", ""count"": ""2239""}, {""phrase"": ""яндекс такси россошь"", ""count"": ""465""}, {""phrase"": ""россошь такси телефон"", ""count"": ""359""}, {""phrase"": ""такси россошь номер телефона"", ""count"": ""168""}, {""phrase"": ""такси россошь воронежская"", ""count"": ""166""}, {""phrase"": ""яндекс такси россошь телефон"", ""count"": ""154""}, {""phrase"": ""такси россошь цена"", ""count"": ""139""}, {""phrase"": ""такси россошь воронежская область"", ""count"": ""139""}, {""phrase"": ""яндекс такси россошь номер"", ""count"": ""89""}, {""phrase"": ""такси россошь заказать"", ""count"": ""72""}]"
https://city2city.ru/svo-taxi-rossosh-smolensk;Россошь;;такси Россошь ;2239;такси россошь;2239;яндекс такси россошь;465;россошь такси телефон;359;"[{""phrase"": ""такси россошь"", ""count"": ""2239""}, {""phrase"": ""яндекс такси россошь"", ""count"": ""465""}, {""phrase"": ""россошь такси телефон"", ""count"": ""359""}, {""phrase"": ""такси россошь номер телефона"", ""count"": ""168""}, {""phrase"": ""такси россошь воронежская"", ""count"": ""166""}, {""phrase"": ""яндекс такси россошь телефон"", ""count"": ""154""}, {""phrase"": ""такси россошь цена"", ""count"": ""139""}, {""phrase"": ""такси россошь воронежская область"", ""count"": ""139""}, {""phrase"": ""яндекс такси россошь номер"", ""count"": ""89""}, {""phrase"": ""такси россошь заказать"", ""count"": ""72""}]"
https://city2city.ru/svo-taxi-rossosh-starobelsk;Россошь;;такси Россошь ;2239;такси россошь;2239;яндекс такси россошь;465;россошь такси телефон;359;"[{""phrase"": ""такси россошь"", ""count"": ""2239""}, {""phrase"": ""яндекс такси россошь"", ""count"": ""465""}, {""phrase"": ""россошь такси телефон"", ""count"": ""359""}, {""phrase"": ""такси россошь номер телефона"", ""count"": ""168""}, {""phrase"": ""такси россошь воронежская"", ""count"": ""166""}, {""phrase"": ""яндекс такси россошь телефон"", ""count"": ""154""}, {""phrase"": ""такси россошь цена"", ""count"": ""139""}, {""phrase"": ""такси россошь воронежская область"", ""count"": ""139""}, {""phrase"": ""яндекс такси россошь номер"", ""count"": ""89""}, {""phrase"": ""такси россошь заказать"", ""count"": ""72""}]"
https://city2city.ru/svo-taxi-rossosh-voronezh;Россошь;;такси Россошь ;2239;такси россошь;2239;яндекс такси россошь;465;россошь такси телефон;359;"[{""phrase"": ""такси россошь"", ""count"": ""2239""}, {""phrase"": ""яндекс такси россошь"", ""count"": ""465""}, {""phrase"": ""россошь такси телефон"", ""count"": ""359""}, {""phrase"": ""такси россошь номер телефона"", ""count"": ""168""}, {""phrase"": ""такси россошь воронежская"", ""count"": ""166""}, {""phrase"": ""яндекс такси россошь телефон"", ""count"": ""154""}, {""phrase"": ""такси россошь цена"", ""count"": ""139""}, {""phrase"": ""такси россошь воронежская область"", ""count"": ""139""}, {""phrase"": ""яндекс такси россошь номер"", ""count"": ""89""}, {""phrase"": ""такси россошь заказать"", ""count"": ""72""}]"
https://city2city.ru/svo-taxi-rostov-na-donu-antratsit;Ростов-на-Дону;;такси Ростов-на-Дону ;19134;такси ростов на дону;19134;яндекс такси ростов на дону;4979;такси ростов на дону телефоны;3481;"[{""phrase"": ""такси ростов на дону"", ""count"": ""19134""}, {""phrase"": ""яндекс такси ростов на дону"", ""count"": ""4979""}, {""phrase"": ""такси ростов на дону телефоны"", ""count"": ""3481""}, {""phrase"": ""номер такси ростов на дону"", ""count"": ""1920""}, {""phrase"": ""яндекс такси ростов на дону телефон"", ""count"": ""1539""}, {""phrase"": ""такси 306 306 ростов на дону"", ""count"": ""1450""}, {""phrase"": ""заказ такси ростов на дону"", ""count"": ""1089""}, {""phrase"": ""такси ростов на дону телефон для заказа"", ""count"": ""862""}, {""phrase"": ""номер яндекс такси ростов на дону"", ""count"": ""630""}, {""phrase"": ""заказ яндекс такси ростов на дону"", ""count"": ""618""}]"
https://city2city.ru/svo-taxi-rostov-na-donu-energodar;Ростов-на-Дону;;такси Ростов-на-Дону ;19134;такси ростов на дону;19134;яндекс такси ростов на дону;4979;такси ростов на дону телефоны;3481;"[{""phrase"": ""такси ростов на дону"", ""count"": ""19134""}, {""phrase"": ""яндекс такси ростов на дону"", ""count"": ""4979""}, {""phrase"": ""такси ростов на дону телефоны"", ""count"": ""3481""}, {""phrase"": ""номер такси ростов на дону"", ""count"": ""1920""}, {""phrase"": ""яндекс такси ростов на дону телефон"", ""count"": ""1539""}, {""phrase"": ""такси 306 306 ростов на дону"", ""count"": ""1450""}, {""phrase"": ""заказ такси ростов на дону"", ""count"": ""1089""}, {""phrase"": ""такси ростов на дону телефон для заказа"", ""count"": ""862""}, {""phrase"": ""номер яндекс такси ростов на дону"", ""count"": ""630""}, {""phrase"": ""заказ яндекс такси ростов на дону"", ""count"": ""618""}]"
https://city2city.ru/svo-taxi-rostov-na-donu-gorlovka;Ростов-на-Дону;;такси Ростов-на-Дону ;19134;такси ростов на дону;19134;яндекс такси ростов на дону;4979;такси ростов на дону телефоны;3481;"[{""phrase"": ""такси ростов на дону"", ""count"": ""19134""}, {""phrase"": ""яндекс такси ростов на дону"", ""count"": ""4979""}, {""phrase"": ""такси ростов на дону телефоны"", ""count"": ""3481""}, {""phrase"": ""номер такси ростов на дону"", ""count"": ""1920""}, {""phrase"": ""яндекс такси ростов на дону телефон"", ""count"": ""1539""}, {""phrase"": ""такси 306 306 ростов на дону"", ""count"": ""1450""}, {""phrase"": ""заказ такси ростов на дону"", ""count"": ""1089""}, {""phrase"": ""такси ростов на дону телефон для заказа"", ""count"": ""862""}, {""phrase"": ""номер яндекс такси ростов на дону"", ""count"": ""630""}, {""phrase"": ""заказ яндекс такси ростов на дону"", ""count"": ""618""}]"
https://city2city.ru/svo-taxi-rostov-na-donu-kazachi-lageri;Ростов-на-Дону;;такси Ростов-на-Дону ;19134;такси ростов на дону;19134;яндекс такси ростов на дону;4979;такси ростов на дону телефоны;3481;"[{""phrase"": ""такси ростов на дону"", ""count"": ""19134""}, {""phrase"": ""яндекс такси ростов на дону"", ""count"": ""4979""}, {""phrase"": ""такси ростов на дону телефоны"", ""count"": ""3481""}, {""phrase"": ""номер такси ростов на дону"", ""count"": ""1920""}, {""phrase"": ""яндекс такси ростов на дону телефон"", ""count"": ""1539""}, {""phrase"": ""такси 306 306 ростов на дону"", ""count"": ""1450""}, {""phrase"": ""заказ такси ростов на дону"", ""count"": ""1089""}, {""phrase"": ""такси ростов на дону телефон для заказа"", ""count"": ""862""}, {""phrase"": ""номер яндекс такси ростов на дону"", ""count"": ""630""}, {""phrase"": ""заказ яндекс такси ростов на дону"", ""count"": ""618""}]"
https://city2city.ru/svo-taxi-rostov-na-donu-melitopol;Ростов-на-Дону;;такси Ростов-на-Дону ;19134;такси ростов на дону;19134;яндекс такси ростов на дону;4979;такси ростов на дону телефоны;3481;"[{""phrase"": ""такси ростов на дону"", ""count"": ""19134""}, {""phrase"": ""яндекс такси ростов на дону"", ""count"": ""4979""}, {""phrase"": ""такси ростов на дону телефоны"", ""count"": ""3481""}, {""phrase"": ""номер такси ростов на дону"", ""count"": ""1920""}, {""phrase"": ""яндекс такси ростов на дону телефон"", ""count"": ""1539""}, {""phrase"": ""такси 306 306 ростов на дону"", ""count"": ""1450""}, {""phrase"": ""заказ такси ростов на дону"", ""count"": ""1089""}, {""phrase"": ""такси ростов на дону телефон для заказа"", ""count"": ""862""}, {""phrase"": ""номер яндекс такси ростов на дону"", ""count"": ""630""}, {""phrase"": ""заказ яндекс такси ростов на дону"", ""count"": ""618""}]"
https://city2city.ru/svo-taxi-rostov-na-donu-novosibirsk;Ростов-на-Дону;;такси Ростов-на-Дону ;19134;такси ростов на дону;19134;яндекс такси ростов на дону;4979;такси ростов на дону телефоны;3481;"[{""phrase"": ""такси ростов на дону"", ""count"": ""19134""}, {""phrase"": ""яндекс такси ростов на дону"", ""count"": ""4979""}, {""phrase"": ""такси ростов на дону телефоны"", ""count"": ""3481""}, {""phrase"": ""номер такси ростов на дону"", ""count"": ""1920""}, {""phrase"": ""яндекс такси ростов на дону телефон"", ""count"": ""1539""}, {""phrase"": ""такси 306 306 ростов на дону"", ""count"": ""1450""}, {""phrase"": ""заказ такси ростов на дону"", ""count"": ""1089""}, {""phrase"": ""такси ростов на дону телефон для заказа"", ""count"": ""862""}, {""phrase"": ""номер яндекс такси ростов на дону"", ""count"": ""630""}, {""phrase"": ""заказ яндекс такси ростов на дону"", ""count"": ""618""}]"
https://city2city.ru/svo-taxi-rostov-na-donu-severodonetsk;Ростов-на-Дону;;такси Ростов-на-Дону ;19134;такси ростов на дону;19134;яндекс такси ростов на дону;4979;такси ростов на дону телефоны;3481;"[{""phrase"": ""такси ростов на дону"", ""count"": ""19134""}, {""phrase"": ""яндекс такси ростов на дону"", ""count"": ""4979""}, {""phrase"": ""такси ростов на дону телефоны"", ""count"": ""3481""}, {""phrase"": ""номер такси ростов на дону"", ""count"": ""1920""}, {""phrase"": ""яндекс такси ростов на дону телефон"", ""count"": ""1539""}, {""phrase"": ""такси 306 306 ростов на дону"", ""count"": ""1450""}, {""phrase"": ""заказ такси ростов на дону"", ""count"": ""1089""}, {""phrase"": ""такси ростов на дону телефон для заказа"", ""count"": ""862""}, {""phrase"": ""номер яндекс такси ростов на дону"", ""count"": ""630""}, {""phrase"": ""заказ яндекс такси ростов на дону"", ""count"": ""618""}]"
https://city2city.ru/svo-taxi-rostov-na-donu-snezhnoe;Ростов-на-Дону;;такси Ростов-на-Дону ;19134;такси ростов на дону;19134;яндекс такси ростов на дону;4979;такси ростов на дону телефоны;3481;"[{""phrase"": ""такси ростов на дону"", ""count"": ""19134""}, {""phrase"": ""яндекс такси ростов на дону"", ""count"": ""4979""}, {""phrase"": ""такси ростов на дону телефоны"", ""count"": ""3481""}, {""phrase"": ""номер такси ростов на дону"", ""count"": ""1920""}, {""phrase"": ""яндекс такси ростов на дону телефон"", ""count"": ""1539""}, {""phrase"": ""такси 306 306 ростов на дону"", ""count"": ""1450""}, {""phrase"": ""заказ такси ростов на дону"", ""count"": ""1089""}, {""phrase"": ""такси ростов на дону телефон для заказа"", ""count"": ""862""}, {""phrase"": ""номер яндекс такси ростов на дону"", ""count"": ""630""}, {""phrase"": ""заказ яндекс такси ростов на дону"", ""count"": ""618""}]"
https://city2city.ru/svo-taxi-rostov-na-donu-stahanov;Ростов-на-Дону;;такси Ростов-на-Дону ;19134;такси ростов на дону;19134;яндекс такси ростов на дону;4979;такси ростов на дону телефоны;3481;"[{""phrase"": ""такси ростов на дону"", ""count"": ""19134""}, {""phrase"": ""яндекс такси ростов на дону"", ""count"": ""4979""}, {""phrase"": ""такси ростов на дону телефоны"", ""count"": ""3481""}, {""phrase"": ""номер такси ростов на дону"", ""count"": ""1920""}, {""phrase"": ""яндекс такси ростов на дону телефон"", ""count"": ""1539""}, {""phrase"": ""такси 306 306 ростов на дону"", ""count"": ""1450""}, {""phrase"": ""заказ такси ростов на дону"", ""count"": ""1089""}, {""phrase"": ""такси ростов на дону телефон для заказа"", ""count"": ""862""}, {""phrase"": ""номер яндекс такси ростов на дону"", ""count"": ""630""}, {""phrase"": ""заказ яндекс такси ростов на дону"", ""count"": ""618""}]"
https://city2city.ru/svo-taxi-rostov-na-donu-starobeshevo;Ростов-на-Дону;;такси Ростов-на-Дону ;19134;такси ростов на дону;19134;яндекс такси ростов на дону;4979;такси ростов на дону телефоны;3481;"[{""phrase"": ""такси ростов на дону"", ""count"": ""19134""}, {""phrase"": ""яндекс такси ростов на дону"", ""count"": ""4979""}, {""phrase"": ""такси ростов на дону телефоны"", ""count"": ""3481""}, {""phrase"": ""номер такси ростов на дону"", ""count"": ""1920""}, {""phrase"": ""яндекс такси ростов на дону телефон"", ""count"": ""1539""}, {""phrase"": ""такси 306 306 ростов на дону"", ""count"": ""1450""}, {""phrase"": ""заказ такси ростов на дону"", ""count"": ""1089""}, {""phrase"": ""такси ростов на дону телефон для заказа"", ""count"": ""862""}, {""phrase"": ""номер яндекс такси ростов на дону"", ""count"": ""630""}, {""phrase"": ""заказ яндекс такси ростов на дону"", ""count"": ""618""}]"
https://city2city.ru/svo-taxi-rostov-na-donu-tokmak;Ростов-на-Дону;;такси Ростов-на-Дону ;19134;такси ростов на дону;19134;яндекс такси ростов на дону;4979;такси ростов на дону телефоны;3481;"[{""phrase"": ""такси ростов на дону"", ""count"": ""19134""}, {""phrase"": ""яндекс такси ростов на дону"", ""count"": ""4979""}, {""phrase"": ""такси ростов на дону телефоны"", ""count"": ""3481""}, {""phrase"": ""номер такси ростов на дону"", ""count"": ""1920""}, {""phrase"": ""яндекс такси ростов на дону телефон"", ""count"": ""1539""}, {""phrase"": ""такси 306 306 ростов на дону"", ""count"": ""1450""}, {""phrase"": ""заказ такси ростов на дону"", ""count"": ""1089""}, {""phrase"": ""такси ростов на дону телефон для заказа"", ""count"": ""862""}, {""phrase"": ""номер яндекс такси ростов на дону"", ""count"": ""630""}, {""phrase"": ""заказ яндекс такси ростов на дону"", ""count"": ""618""}]"
https://city2city.ru/svo-taxi-rovenki-lugansk;рабочий посёлок Ровеньки;;такси рабочий посёлок Ровеньки ;0;;0;;0;;0;[]
https://city2city.ru/svo-taxi-rovenki-rossosh;рабочий посёлок Ровеньки;;такси рабочий посёлок Ровеньки ;0;;0;;0;;0;[]
https://city2city.ru/svo-taxi-rubezhnoe-lugansk;Рубежное;;такси Рубежное ;63;такси рубежное;63;такси рубежное луганская область;12;такси рубежное москва;8;"[{""phrase"": ""такси рубежное"", ""count"": ""63""}, {""phrase"": ""такси рубежное луганская область"", ""count"": ""12""}, {""phrase"": ""такси рубежное москва"", ""count"": ""8""}, {""phrase"": ""такси рубежное лнр"", ""count"": ""6""}, {""phrase"": ""такси луганск рубежное"", ""count"": ""1""}]"
https://city2city.ru/svo-taxi-samara-lugansk;Самара;Луганск;такси Самара Луганск;60;такси луганск самара;60;;0;;0;"[{""phrase"": ""такси луганск самара"", ""count"": ""60""}]"
https://city2city.ru/svo-taxi-samara-rubezhnoe;Самара;Рубежное;такси Самара Рубежное;7;;0;;0;;0;[]
https://city2city.ru/svo-taxi-sankt-peterburg-stahanov;Санкт-Петербург;;такси Санкт-Петербург ;29726;такси санкт петербург;29726;такси яндекс санкт петербург;8692;такси санкт петербург телефоны;7490;"[{""phrase"": ""такси санкт петербург"", ""count"": ""29726""}, {""phrase"": ""такси яндекс санкт петербург"", ""count"": ""8692""}, {""phrase"": ""такси санкт петербург телефоны"", ""count"": ""7490""}, {""phrase"": ""такси яндекс санкт петербург телефон"", ""count"": ""4812""}, {""phrase"": ""яндекс такси заказа санкт петербург"", ""count"": ""2857""}, {""phrase"": ""заказ такси в санкт петербурге"", ""count"": ""2760""}, {""phrase"": ""такси яндекс телефон для заказа санкт петербурга"", ""count"": ""2743""}, {""phrase"": ""такси в санкт петербурге телефон для заказа"", ""count"": ""2289""}, {""phrase"": ""номер такси санкт петербург"", ""count"": ""1740""}, {""phrase"": ""санкт петербург такси сколько"", ""count"": ""1693""}]"
https://city2city.ru/svo-taxi-saratov-donetsk;Саратов;Донецк;такси Саратов Донецк;29;такси донецк саратов;29;;0;;0;"[{""phrase"": ""такси донецк саратов"", ""count"": ""29""}]"
https://city2city.ru/svo-taxi-severodonetsk-lugansk;Северодонецк;;такси Северодонецк ;100;такси северодонецк;100;такси рикс северодонецк;18;такси северодонецк по рации;7;"[{""phrase"": ""такси северодонецк"", ""count"": ""100""}, {""phrase"": ""такси рикс северодонецк"", ""count"": ""18""}, {""phrase"": ""такси северодонецк по рации"", ""count"": ""7""}, {""phrase"": ""такси луганск северодонецк"", ""count"": ""6""}]"
https://city2city.ru/svo-taxi-shebekino-belgorod;Шебекино;;такси Шебекино ;1105;такси шебекино;1105;такси айсберг шебекино;340;такси шебекино телефон;305;"[{""phrase"": ""такси шебекино"", ""count"": ""1105""}, {""phrase"": ""такси айсберг шебекино"", ""count"": ""340""}, {""phrase"": ""такси шебекино телефон"", ""count"": ""305""}, {""phrase"": ""номер такси шебекино"", ""count"": ""167""}, {""phrase"": ""такси айсберг шебекино телефон"", ""count"": ""158""}, {""phrase"": ""номер такси айсберг шебекино"", ""count"": ""83""}, {""phrase"": ""такси шебекино номер телефона"", ""count"": ""81""}, {""phrase"": ""такси шебекино телефон для заказа"", ""count"": ""72""}, {""phrase"": ""такси белгород шебекино"", ""count"": ""62""}, {""phrase"": ""такси айсберг шебекино телефон для заказа"", ""count"": ""46""}]"
https://city2city.ru/svo-taxi-simferopol-kahovka;Симферополь;Каховка;такси Симферополь Каховка;5;;0;;0;;0;[]
https://city2city.ru/svo-taxi-snezhnoe-moskva;Снежное;;такси Снежное ;443;такси снежное;443;такси снежное днр;81;такси снежное номера;50;"[{""phrase"": ""такси снежное"", ""count"": ""443""}, {""phrase"": ""такси снежное днр"", ""count"": ""81""}, {""phrase"": ""такси снежное номера"", ""count"": ""50""}, {""phrase"": ""номер такси снежное днр"", ""count"": ""24""}, {""phrase"": ""такси снежное ростов"", ""count"": ""19""}, {""phrase"": ""такси снежного человека"", ""count"": ""18""}, {""phrase"": ""такси снежное москва"", ""count"": ""18""}, {""phrase"": ""такси снежное номера телефонов"", ""count"": ""16""}, {""phrase"": ""такси снежное телефон"", ""count"": ""16""}, {""phrase"": ""такси снежное днр номер телефона"", ""count"": ""12""}]"
https://city2city.ru/svo-taxi-snezhnoe-rostov-na-donu;Снежное;;такси Снежное ;443;такси снежное;443;такси снежное днр;81;такси снежное номера;50;"[{""phrase"": ""такси снежное"", ""count"": ""443""}, {""phrase"": ""такси снежное днр"", ""count"": ""81""}, {""phrase"": ""такси снежное номера"", ""count"": ""50""}, {""phrase"": ""номер такси снежное днр"", ""count"": ""24""}, {""phrase"": ""такси снежное ростов"", ""count"": ""19""}, {""phrase"": ""такси снежного человека"", ""count"": ""18""}, {""phrase"": ""такси снежное москва"", ""count"": ""18""}, {""phrase"": ""такси снежное номера телефонов"", ""count"": ""16""}, {""phrase"": ""такси снежное телефон"", ""count"": ""16""}, {""phrase"": ""такси снежное днр номер телефона"", ""count"": ""12""}]"
https://city2city.ru/svo-taxi-sochi-aeroport-donetsk;Сочи Аэропорт;;такси Сочи Аэропорт ;2746;такси аэропорт сочи;2746;сколько стоит такси аэропорт сочи;478;стоимость такси сочи аэропорт;432;"[{""phrase"": ""такси аэропорт сочи"", ""count"": ""2746""}, {""phrase"": ""сколько стоит такси аэропорт сочи"", ""count"": ""478""}, {""phrase"": ""стоимость такси сочи аэропорт"", ""count"": ""432""}, {""phrase"": ""такси сочи аэропорт цена"", ""count"": ""393""}, {""phrase"": ""такси аэропорт адлера сочи"", ""count"": ""388""}, {""phrase"": ""такси жд сочи аэропорт сочи"", ""count"": ""211""}, {""phrase"": ""такси аэропорт сочи поляна"", ""count"": ""189""}, {""phrase"": ""такси аэропорт сочи красная поляна"", ""count"": ""178""}, {""phrase"": ""такси сочи аэропорт красная"", ""count"": ""178""}, {""phrase"": ""такси сочи вокзал аэропорт"", ""count"": ""178""}]"
https://city2city.ru/svo-taxi-starobelsk-2;;;такси  ;7624281;такси;7624281;яндекс такси;1913394;телефон такси;745613;"[{""phrase"": ""такси"", ""count"": ""7624281""}, {""phrase"": ""яндекс такси"", ""count"": ""1913394""}, {""phrase"": ""телефон такси"", ""count"": ""745613""}, {""phrase"": ""номер такси"", ""count"": ""601602""}, {""phrase"": ""номер телефона такси"", ""count"": ""303804""}, {""phrase"": ""машина такси"", ""count"": ""301684""}, {""phrase"": ""такси максим"", ""count"": ""301120""}, {""phrase"": ""заказать такси"", ""count"": ""242492""}, {""phrase"": ""яндекс такси телефон"", ""count"": ""242143""}, {""phrase"": ""такси сколько"", ""count"": ""226266""}]"
https://city2city.ru/svo-taxi-starobelsk-lugansk;Старобельск;;такси Старобельск ;162;такси старобельск;162;такси старобельск номер;21;такси астра старобельск;12;"[{""phrase"": ""такси старобельск"", ""count"": ""162""}, {""phrase"": ""такси старобельск номер"", ""count"": ""21""}, {""phrase"": ""такси астра старобельск"", ""count"": ""12""}, {""phrase"": ""такси старобельск номер телефона"", ""count"": ""11""}, {""phrase"": ""такси старобельск телефоны"", ""count"": ""11""}, {""phrase"": ""такси комфорт старобельск"", ""count"": ""10""}, {""phrase"": ""такси россошь старобельск"", ""count"": ""10""}, {""phrase"": ""такси старобельск лнр"", ""count"": ""7""}, {""phrase"": ""такси старобельск москва"", ""count"": ""6""}, {""phrase"": ""цена такси воронеж старобельск"", ""count"": ""5""}]"
https://city2city.ru/svo-taxi-svatovo-lugansk;Сватово;;такси Сватово ;12;такси сватова;12;;0;;0;"[{""phrase"": ""такси сватова"", ""count"": ""12""}]"
https://city2city.ru/svo-taxi-tokmak-melitopol;Токмак;;такси Токмак ;161;такси токмак;161;такси ростов токмак;33;гранд такси токмак;25;"[{""phrase"": ""такси токмак"", ""count"": ""161""}, {""phrase"": ""такси ростов токмак"", ""count"": ""33""}, {""phrase"": ""гранд такси токмак"", ""count"": ""25""}, {""phrase"": ""номер такси токмак"", ""count"": ""13""}, {""phrase"": ""такси токмак ростов на дону"", ""count"": ""13""}, {""phrase"": ""гранд такси токмак номер"", ""count"": ""12""}, {""phrase"": ""гранд такси токмак номер телефона"", ""count"": ""10""}, {""phrase"": ""гранд такси токмак телефон"", ""count"": ""10""}, {""phrase"": ""токмак такси номер телефона"", ""count"": ""10""}, {""phrase"": ""такси москва токмак"", ""count"": ""9""}]"
https://city2city.ru/svo-taxi-tula-lugansk;Тула;Луганск;такси Тула Луганск;2;;0;;0;;0;[]
https://city2city.ru/svo-taxi-ufa-lugansk;Уфа;Луганск;такси Уфа Луганск;10;луганск уфа такси;10;;0;;0;"[{""phrase"": ""луганск уфа такси"", ""count"": ""10""}]"
https://city2city.ru/svo-taxi-volgograd-lugansk;Волгоград;Луганск;такси Волгоград Луганск;70;такси волгоград луганск;70;;0;;0;"[{""phrase"": ""такси волгоград луганск"", ""count"": ""70""}]"
https://city2city.ru/svo-taxi-yurevka-donetsk;село Юрьевка;;такси село Юрьевка ;0;;0;;0;;0;[]
https://city2city.ru/syktyvkar-blagoevo;Сыктывкар;поселок городского типа Благоево;такси Сыктывкар поселок городского типа Благоево;0;;0;;0;;0;[]
https://city2city.ru/syktyvkar-cheboksary;Сыктывкар;Чебоксары;такси Сыктывкар Чебоксары;1;;0;;0;;0;[]
https://city2city.ru/syktyvkar-ekaterinburg;Сыктывкар;Екатеринбург;такси Сыктывкар Екатеринбург;2;;0;;0;;0;[]
https://city2city.ru/syktyvkar-emva;Сыктывкар;Емва;такси Сыктывкар Емва;12;такси емва сыктывкар;12;;0;;0;"[{""phrase"": ""такси емва сыктывкар"", ""count"": ""12""}]"
https://city2city.ru/syktyvkar-izhevsk;Сыктывкар;Ижевск;такси Сыктывкар Ижевск;2;;0;;0;;0;[]
https://city2city.ru/syktyvkar-kazan;Сыктывкар;Казань;такси Сыктывкар Казань;5;сыктывкар казань такси;5;;0;;0;"[{""phrase"": ""сыктывкар казань такси"", ""count"": ""5""}]"
https://city2city.ru/syktyvkar-kirov;Сыктывкар;Киров;такси Сыктывкар Киров;131;такси киров сыктывкар;131;киров сыктывкар такси цена;22;такси сыктывкар киров от жд;21;"[{""phrase"": ""такси киров сыктывкар"", ""count"": ""131""}, {""phrase"": ""киров сыктывкар такси цена"", ""count"": ""22""}, {""phrase"": ""такси сыктывкар киров от жд"", ""count"": ""21""}, {""phrase"": ""такси киров сыктывкар от вокзала"", ""count"": ""19""}, {""phrase"": ""такси сыктывкар киров от жд вокзала"", ""count"": ""19""}, {""phrase"": ""сыктывкар киров такси расписание"", ""count"": ""14""}, {""phrase"": ""маршрутные такси киров сыктывкар"", ""count"": ""10""}]"
https://city2city.ru/syktyvkar-koryazhma;Сыктывкар;Коряжма;такси Сыктывкар Коряжма;1;;0;;0;;0;[]
https://city2city.ru/syktyvkar-kotlas;Сыктывкар;Котлас;такси Сыктывкар Котлас;4;такси сыктывкар котлас;4;;0;;0;"[{""phrase"": ""такси сыктывкар котлас"", ""count"": ""4""}]"
https://city2city.ru/syktyvkar-kozhva;Сыктывкар;посёлок городского типа Кожва;такси Сыктывкар посёлок городского типа Кожва;0;;0;;0;;0;[]
https://city2city.ru/syktyvkar-krasnozatonskij;Сыктывкар;посёлок городского типа Краснозатонский;такси Сыктывкар посёлок городского типа Краснозатонский;0;;0;;0;;0;[]
https://city2city.ru/syktyvkar-mikun;Сыктывкар;Микунь;такси Сыктывкар Микунь;115;такси микунь сыктывкар;115;такси сыктывкар микунь цена;23;такси микунь сыктывкар стоимость;14;"[{""phrase"": ""такси микунь сыктывкар"", ""count"": ""115""}, {""phrase"": ""такси сыктывкар микунь цена"", ""count"": ""23""}, {""phrase"": ""такси микунь сыктывкар стоимость"", ""count"": ""14""}]"
https://city2city.ru/syktyvkar-moskva;Сыктывкар;Москва;такси Сыктывкар Москва;31;такси москва сыктывкар;31;;0;;0;"[{""phrase"": ""такси москва сыктывкар"", ""count"": ""31""}]"
https://city2city.ru/syktyvkar-nizhneivkino;Сыктывкар;посёлок городского типа Нижнеивкино;такси Сыктывкар посёлок городского типа Нижнеивкино;0;;0;;0;;0;[]
https://city2city.ru/syktyvkar-nizhnij-odes;Сыктывкар;поселок городского типа Нижний Одес;такси Сыктывкар поселок городского типа Нижний Одес;0;;0;;0;;0;[]
https://city2city.ru/syktyvkar-nizhniy_novhorod;Сыктывкар;Нижний Новгород;такси Сыктывкар Нижний Новгород;2;;0;;0;;0;[]
https://city2city.ru/syktyvkar-pechora;Сыктывкар;Печора;такси Сыктывкар Печора;3;;0;;0;;0;[]
https://city2city.ru/syktyvkar-samara;Сыктывкар;Самара;такси Сыктывкар Самара;3;;0;;0;;0;[]
https://city2city.ru/syktyvkar-sindor;Сыктывкар;поселок городского типа Синдор;такси Сыктывкар поселок городского типа Синдор;0;;0;;0;;0;[]
https://city2city.ru/syktyvkar-sosnogorsk;Сыктывкар;Сосногорск;такси Сыктывкар Сосногорск;12;;0;;0;;0;[]
https://city2city.ru/syktyvkar-troiczko-pechorsk;Сыктывкар;посёлок городского типа Троицко-Печорск;такси Сыктывкар посёлок городского типа Троицко-Печорск;0;;0;;0;;0;[]
https://city2city.ru/syktyvkar-ufa;Сыктывкар;Уфа;такси Сыктывкар Уфа;0;;0;;0;;0;[]
https://city2city.ru/syktyvkar-urdoma;Сыктывкар;рабочий посёлок Урдома;такси Сыктывкар рабочий посёлок Урдома;0;;0;;0;;0;[]
https://city2city.ru/syktyvkar-usinsk;Сыктывкар;Усинск;такси Сыктывкар Усинск;5;;0;;0;;0;[]
https://city2city.ru/syktyvkar-usogorsk;Сыктывкар;поселок городского типа Усогорск;такси Сыктывкар поселок городского типа Усогорск;0;;0;;0;;0;[]
https://city2city.ru/syktyvkar-ust_cimla;Сыктывкар;село Усть-Цильма;такси Сыктывкар село Усть-Цильма;0;;0;;0;;0;[]
https://city2city.ru/syktyvkar-veliky_ustug;Сыктывкар;Великий Устюг;такси Сыктывкар Великий Устюг;1;;0;;0;;0;[]
https://city2city.ru/syktyvkar-verxnyaya-maksakovka;Сыктывкар;посёлок городского типа Верхняя Максаковка;такси Сыктывкар посёлок городского типа Верхняя Максаковка;0;;0;;0;;0;[]
https://city2city.ru/syktyvkar-vojvozh;Сыктывкар;городское поселение Войвож;такси Сыктывкар городское поселение Войвож;0;;0;;0;;0;[]
https://city2city.ru/syktyvkar-vyatskie-polyany;Сыктывкар;Вятские Поляны;такси Сыктывкар Вятские Поляны;0;;0;;0;;0;[]
https://city2city.ru/syktyvkar-vychegodskij;Сыктывкар;рабочий посёлок Вычегодский;такси Сыктывкар рабочий посёлок Вычегодский;0;;0;;0;;0;[]
https://city2city.ru/syktyvkar-yarega;Сыктывкар;посёлок городского типа Ярега;такси Сыктывкар посёлок городского типа Ярега;0;;0;;0;;0;[]
https://city2city.ru/syktyvkar-zheshart;Сыктывкар;поселок городского типа Жешарт;такси Сыктывкар поселок городского типа Жешарт;0;;0;;0;;0;[]
https://city2city.ru/tambov-belgorod;Тамбов;Белгород;такси Тамбов Белгород;15;такси белгород тамбов;15;;0;;0;"[{""phrase"": ""такси белгород тамбов"", ""count"": ""15""}]"
https://city2city.ru/tambov-boguchar;Тамбов;Богучар;такси Тамбов Богучар;3;;0;;0;;0;[]
https://city2city.ru/tambov-borisoglebsk;Тамбов;Борисоглебск;такси Тамбов Борисоглебск;3;;0;;0;;0;[]
https://city2city.ru/tambov-dmitrievka;Тамбов;село Дмитриевка;такси Тамбов село Дмитриевка;0;;0;;0;;0;[]
https://city2city.ru/tambov-gavrilovka;Тамбов;рабочий посёлок Гавриловка;такси Тамбов рабочий посёлок Гавриловка;0;;0;;0;;0;[]
https://city2city.ru/tambov-granicza-kazaxstan;Тамбов;52А-3;такси Тамбов 52А-3;0;;0;;0;;0;[]
https://city2city.ru/tambov-granicza-ukraina;Тамбов;река Старая Граница;такси Тамбов река Старая Граница;0;;0;;0;;0;[]
https://city2city.ru/tambov-gryazi;Тамбов;Грязи;такси Тамбов Грязи;2;;0;;0;;0;[]
https://city2city.ru/tambov-inzhavino;Тамбов;посёлок городского типа Инжавино;такси Тамбов посёлок городского типа Инжавино;0;;0;;0;;0;[]
https://city2city.ru/tambov-joshkar-ola;Тамбов;Йошкар-Ола;такси Тамбов Йошкар-Ола;0;;0;;0;;0;[]
https://city2city.ru/tambov-kamenka;Тамбов;Каменка;такси Тамбов Каменка;0;;0;;0;;0;[]
https://city2city.ru/tambov-kazan;Тамбов;Казань;такси Тамбов Казань;6;;0;;0;;0;[]
https://city2city.ru/tambov-kirsanov;Тамбов;Кирсанов;такси Тамбов Кирсанов;11;такси тамбов кирсанов;11;;0;;0;"[{""phrase"": ""такси тамбов кирсанов"", ""count"": ""11""}]"
https://city2city.ru/tambov-kotovsk;Тамбов;Котовск;такси Тамбов Котовск;51;такси котовск тамбов;51;;0;;0;"[{""phrase"": ""такси котовск тамбов"", ""count"": ""51""}]"
https://city2city.ru/tambov-lipeczk;Тамбов;Липецк;такси Тамбов Липецк;56;такси тамбов липецк;56;сколько стоит такси липецк тамбов;19;такси липецк тамбов стоимость;9;"[{""phrase"": ""такси тамбов липецк"", ""count"": ""56""}, {""phrase"": ""сколько стоит такси липецк тамбов"", ""count"": ""19""}, {""phrase"": ""такси липецк тамбов стоимость"", ""count"": ""9""}]"
https://city2city.ru/tambov-lux;Тамбов;посёлок городского типа Лух;такси Тамбов посёлок городского типа Лух;0;;0;;0;;0;[]
https://city2city.ru/tambov-michurinsk;Тамбов;Мичуринск;такси Тамбов Мичуринск;148;такси мичуринск тамбов;148;такси тамбов мичуринск цена;38;мичуринск тамбов такси сколько;37;"[{""phrase"": ""такси мичуринск тамбов"", ""count"": ""148""}, {""phrase"": ""такси тамбов мичуринск цена"", ""count"": ""38""}, {""phrase"": ""мичуринск тамбов такси сколько"", ""count"": ""37""}, {""phrase"": ""мичуринск тамбов такси стоимость"", ""count"": ""24""}, {""phrase"": ""сколько стоит такси от мичуринска до тамбова"", ""count"": ""16""}, {""phrase"": ""такси мичуринск тамбов стоимость поездки"", ""count"": ""12""}, {""phrase"": ""отзывы такси межгород тамбов мичуринск"", ""count"": ""7""}]"
https://city2city.ru/tambov-mordovo;Тамбов;рабочий посёлок Мордово;такси Тамбов рабочий посёлок Мордово;0;;0;;0;;0;[]
https://city2city.ru/tambov-morshansk;Тамбов;Моршанск;такси Тамбов Моршанск;50;такси тамбов моршанск;50;сколько стоит такси от моршанска до тамбова;8;;0;"[{""phrase"": ""такси тамбов моршанск"", ""count"": ""50""}, {""phrase"": ""сколько стоит такси от моршанска до тамбова"", ""count"": ""8""}]"
https://city2city.ru/tambov-muchkapskij;Тамбов;рабочий посёлок Мучкапский;такси Тамбов рабочий посёлок Мучкапский;0;;0;;0;;0;[]
https://city2city.ru/tambov-nizhnij-novgorod;Тамбов;Нижний Новгород;такси Тамбов Нижний Новгород;2;;0;;0;;0;[]
https://city2city.ru/tambov-novaya-lyada;Тамбов;рабочий посёлок Новая Ляда;такси Тамбов рабочий посёлок Новая Ляда;0;;0;;0;;0;[]
https://city2city.ru/tambov-oryol;Тамбов;Орёл;такси Тамбов Орёл;3;;0;;0;;0;[]
https://city2city.ru/tambov-pavlovsk;Тамбов;Павловск;такси Тамбов Павловск;0;;0;;0;;0;[]
https://city2city.ru/tambov-penza;Тамбов;Пенза;такси Тамбов Пенза;33;такси пенза тамбов;33;;0;;0;"[{""phrase"": ""такси пенза тамбов"", ""count"": ""33""}]"
https://city2city.ru/tambov-perm;Тамбов;Пермь;такси Тамбов Пермь;2;;0;;0;;0;[]
https://city2city.ru/tambov-pervomajsk;Тамбов;Первомайск;такси Тамбов Первомайск;8;;0;;0;;0;[]
https://city2city.ru/tambov-rasskazovo;Тамбов;Рассказово;такси Тамбов Рассказово;58;такси тамбов рассказово;58;сколько стоит такси тамбов рассказово;17;;0;"[{""phrase"": ""такси тамбов рассказово"", ""count"": ""58""}, {""phrase"": ""сколько стоит такси тамбов рассказово"", ""count"": ""17""}]"
https://city2city.ru/tambov-rtishhevo;Тамбов;Ртищево;такси Тамбов Ртищево;1;;0;;0;;0;[]
https://city2city.ru/tambov-ryazan;Тамбов;Рязань;такси Тамбов Рязань;9;;0;;0;;0;[]
https://city2city.ru/tambov-sankt-peterburg;Тамбов;Санкт-Петербург;такси Тамбов Санкт-Петербург;6;;0;;0;;0;[]
https://city2city.ru/tambov-sochi;Тамбов;Сочи;такси Тамбов Сочи;7;;0;;0;;0;[]
https://city2city.ru/tambov-sosnovka;Тамбов;Сосновка;такси Тамбов Сосновка;8;такси сосновка тамбов;8;;0;;0;"[{""phrase"": ""такси сосновка тамбов"", ""count"": ""8""}]"
https://city2city.ru/tambov-staryj-oskol;Тамбов;Старый Оскол;такси Тамбов Старый Оскол;1;;0;;0;;0;[]
https://city2city.ru/tambov-tolyatti;Тамбов;Тольятти;такси Тамбов Тольятти;1;;0;;0;;0;[]
https://city2city.ru/tambov-tula;Тамбов;Тула;такси Тамбов Тула;9;такси тамбов тула;9;;0;;0;"[{""phrase"": ""такси тамбов тула"", ""count"": ""9""}]"
https://city2city.ru/tambov-ulyanovsk;Тамбов;Ульяновск;такси Тамбов Ульяновск;0;;0;;0;;0;[]
https://city2city.ru/tambov-uryupinsk;Тамбов;Урюпинск;такси Тамбов Урюпинск;5;;0;;0;;0;[]
https://city2city.ru/tambov-uvarovo;Тамбов;Уварово;такси Тамбов Уварово;27;такси уварово тамбов;27;;0;;0;"[{""phrase"": ""такси уварово тамбов"", ""count"": ""27""}]"
https://city2city.ru/tambov-valujki;Тамбов;Валуйки;такси Тамбов Валуйки;1;;0;;0;;0;[]
https://city2city.ru/tambov-volgograd;Тамбов;Волгоград;такси Тамбов Волгоград;5;;0;;0;;0;[]
https://city2city.ru/tambov-voronezh;Тамбов;Воронеж;такси Тамбов Воронеж;52;такси воронеж тамбов;52;воронеж тамбов такси цена;8;сколько стоит такси из тамбова в воронеже;7;"[{""phrase"": ""такси воронеж тамбов"", ""count"": ""52""}, {""phrase"": ""воронеж тамбов такси цена"", ""count"": ""8""}, {""phrase"": ""сколько стоит такси из тамбова в воронеже"", ""count"": ""7""}]"
https://city2city.ru/tambov-znamenka;Тамбов;посёлок городского типа Знаменка;такси Тамбов посёлок городского типа Знаменка;0;;0;;0;;0;[]
https://city2city.ru/tokmak-rostov-na-don;Токмак;;такси Токмак ;161;такси токмак;161;такси ростов токмак;33;гранд такси токмак;25;"[{""phrase"": ""такси токмак"", ""count"": ""161""}, {""phrase"": ""такси ростов токмак"", ""count"": ""33""}, {""phrase"": ""гранд такси токмак"", ""count"": ""25""}, {""phrase"": ""номер такси токмак"", ""count"": ""13""}, {""phrase"": ""такси токмак ростов на дону"", ""count"": ""13""}, {""phrase"": ""гранд такси токмак номер"", ""count"": ""12""}, {""phrase"": ""гранд такси токмак номер телефона"", ""count"": ""10""}, {""phrase"": ""гранд такси токмак телефон"", ""count"": ""10""}, {""phrase"": ""токмак такси номер телефона"", ""count"": ""10""}, {""phrase"": ""такси москва токмак"", ""count"": ""9""}]"
https://city2city.ru/tokmak-samara;Токмак;;такси Токмак ;161;такси токмак;161;такси ростов токмак;33;гранд такси токмак;25;"[{""phrase"": ""такси токмак"", ""count"": ""161""}, {""phrase"": ""такси ростов токмак"", ""count"": ""33""}, {""phrase"": ""гранд такси токмак"", ""count"": ""25""}, {""phrase"": ""номер такси токмак"", ""count"": ""13""}, {""phrase"": ""такси токмак ростов на дону"", ""count"": ""13""}, {""phrase"": ""гранд такси токмак номер"", ""count"": ""12""}, {""phrase"": ""гранд такси токмак номер телефона"", ""count"": ""10""}, {""phrase"": ""гранд такси токмак телефон"", ""count"": ""10""}, {""phrase"": ""токмак такси номер телефона"", ""count"": ""10""}, {""phrase"": ""такси москва токмак"", ""count"": ""9""}]"
https://city2city.ru/tokmak-simferopol;Токмак;;такси Токмак ;161;такси токмак;161;такси ростов токмак;33;гранд такси токмак;25;"[{""phrase"": ""такси токмак"", ""count"": ""161""}, {""phrase"": ""такси ростов токмак"", ""count"": ""33""}, {""phrase"": ""гранд такси токмак"", ""count"": ""25""}, {""phrase"": ""номер такси токмак"", ""count"": ""13""}, {""phrase"": ""такси токмак ростов на дону"", ""count"": ""13""}, {""phrase"": ""гранд такси токмак номер"", ""count"": ""12""}, {""phrase"": ""гранд такси токмак номер телефона"", ""count"": ""10""}, {""phrase"": ""гранд такси токмак телефон"", ""count"": ""10""}, {""phrase"": ""токмак такси номер телефона"", ""count"": ""10""}, {""phrase"": ""такси москва токмак"", ""count"": ""9""}]"
https://city2city.ru/tomsk-abakan;Томск;Абакан;такси Томск Абакан;10;;0;;0;;0;[]
https://city2city.ru/tomsk-achinsk;Томск;Ачинск;такси Томск Ачинск;6;;0;;0;;0;[]
https://city2city.ru/tomsk-aeroport-tolmachevo-novosibirsk;Томск;Новосибирск (Толмачёво) терминал Б;такси Томск Новосибирск (Толмачёво) терминал Б;0;;0;;0;;0;[]
https://city2city.ru/tomsk-alyaysk;Томск;Алейск;такси Томск Алейск;0;;0;;0;;0;[]
https://city2city.ru/tomsk-anzhero-sudzhensk;Томск;Анжеро-Судженск;такси Томск Анжеро-Судженск;8;;0;;0;;0;[]
https://city2city.ru/tomsk-asino;Томск;город Асино;такси Томск город Асино;0;;0;;0;;0;[]
https://city2city.ru/tomsk-barnaul;Томск;Барнаул;такси Томск Барнаул;17;такси барнаул томск;17;;0;;0;"[{""phrase"": ""такси барнаул томск"", ""count"": ""17""}]"
https://city2city.ru/tomsk-belokuriha;Томск;Белокуриха;такси Томск Белокуриха;0;;0;;0;;0;[]
https://city2city.ru/tomsk-belovo;Томск;Белово;такси Томск Белово;2;;0;;0;;0;[]
https://city2city.ru/tomsk-belyy-yar;Томск;рабочий посёлок Белый Яр;такси Томск рабочий посёлок Белый Яр;0;;0;;0;;0;[]
https://city2city.ru/tomsk-berdsk;Томск;Бердск;такси Томск Бердск;2;;0;;0;;0;[]
https://city2city.ru/tomsk-gorno-altaysk;Томск;Горно-Алтайск;такси Томск Горно-Алтайск;2;;0;;0;;0;[]
https://city2city.ru/tomsk-irkutsk;Томск;Иркутск;такси Томск Иркутск;2;;0;;0;;0;[]
https://city2city.ru/tomsk-kedrovyy;Томск;город Кедровый;такси Томск город Кедровый;0;;0;;0;;0;[]
https://city2city.ru/tomsk-kemerovo;Томск;Кемерово;такси Томск Кемерово;47;такси томск кемерово;47;такси томск кемерово цена;12;;0;"[{""phrase"": ""такси томск кемерово"", ""count"": ""47""}, {""phrase"": ""такси томск кемерово цена"", ""count"": ""12""}]"
https://city2city.ru/tomsk-kiselyovsk;Томск;Киселёвск;такси Томск Киселёвск;1;;0;;0;;0;[]
https://city2city.ru/tomsk-kolpashevo;Томск;Колпашево;такси Томск Колпашево;337;такси колпашево томск;337;такси колпашево томск от подъезда до подъезда;58;такси томск колпашево телефон;30;"[{""phrase"": ""такси колпашево томск"", ""count"": ""337""}, {""phrase"": ""такси колпашево томск от подъезда до подъезда"", ""count"": ""58""}, {""phrase"": ""такси томск колпашево телефон"", ""count"": ""30""}, {""phrase"": ""такси везунчик томск колпашево"", ""count"": ""29""}, {""phrase"": ""такси гранд томск колпашево"", ""count"": ""27""}, {""phrase"": ""такси колпашево томск номера"", ""count"": ""26""}, {""phrase"": ""такси межгород томск колпашево"", ""count"": ""24""}, {""phrase"": ""такси томск колпашево номер телефона"", ""count"": ""22""}, {""phrase"": ""такси метеор колпашево томск"", ""count"": ""7""}]"
https://city2city.ru/tomsk-krasnojarsk;Томск;Красноярск;такси Томск Красноярск;35;такси красноярск томск;35;;0;;0;"[{""phrase"": ""такси красноярск томск"", ""count"": ""35""}]"
https://city2city.ru/tomsk-mariinsk;Томск;Мариинск;такси Томск Мариинск;7;;0;;0;;0;[]
https://city2city.ru/tomsk-mezhdurechensk;Томск;Междуреченск;такси Томск Междуреченск;0;;0;;0;;0;[]
https://city2city.ru/tomsk-novosibirsk;Томск;Новосибирск;такси Томск Новосибирск;333;такси новосибирск томск;333;такси новосибирск томск цена;43;такси аэропорт новосибирска томск;27;"[{""phrase"": ""такси новосибирск томск"", ""count"": ""333""}, {""phrase"": ""такси новосибирск томск цена"", ""count"": ""43""}, {""phrase"": ""такси аэропорт новосибирска томск"", ""count"": ""27""}, {""phrase"": ""такси новосибирск томск стоимость"", ""count"": ""23""}, {""phrase"": ""такси новосибирск толмачево томск"", ""count"": ""19""}, {""phrase"": ""сколько стоит такси от новосибирска до томска"", ""count"": ""15""}, {""phrase"": ""такси томск новосибирск аэропорт толмачево"", ""count"": ""15""}, {""phrase"": ""такси томск новосибирск аэропорт толмачево цена"", ""count"": ""11""}, {""phrase"": ""такси межгород томск новосибирск"", ""count"": ""8""}, {""phrase"": ""такси с кроватью томск новосибирск"", ""count"": ""5""}]"
https://city2city.ru/tomsk-omsk;Томск;Омск;такси Томск Омск;23;такси томск омск;23;;0;;0;"[{""phrase"": ""такси томск омск"", ""count"": ""23""}]"
https://city2city.ru/tomsk-prokopevsk;Томск;Прокопьевск;такси Томск Прокопьевск;3;;0;;0;;0;[]
https://city2city.ru/tomsk-sayanogorsk;Томск;Саяногорск;такси Томск Саяногорск;1;;0;;0;;0;[]
https://city2city.ru/tomsk-seversk;Томск;Северск;такси Томск Северск;79;такси томск северск;79;такси северск который может перевести в томск;5;;0;"[{""phrase"": ""такси томск северск"", ""count"": ""79""}, {""phrase"": ""такси северск который может перевести в томск"", ""count"": ""5""}]"
https://city2city.ru/tomsk-sharypovo;Томск;Шарыпово;такси Томск Шарыпово;16;межгородское такси томск шарыпово;8;;0;;0;"[{""phrase"": ""межгородское такси томск шарыпово"", ""count"": ""8""}]"
https://city2city.ru/tomsk-strezhevoy;Томск;Стрежевой;такси Томск Стрежевой;26;такси томск стрежевой;26;;0;;0;"[{""phrase"": ""такси томск стрежевой"", ""count"": ""26""}]"
https://city2city.ru/tomsk-tashtagol;Томск;Таштагол;такси Томск Таштагол;0;;0;;0;;0;[]
https://city2city.ru/tomsk-tayga;Томск;Тайга;такси Томск Тайга;17;тайга томск такси;17;;0;;0;"[{""phrase"": ""тайга томск такси"", ""count"": ""17""}]"
https://city2city.ru/tomsk-topki;Томск;Топки;такси Томск Топки;1;;0;;0;;0;[]
https://city2city.ru/tomsk-yarovoe;Томск;Яровое;такси Томск Яровое;0;;0;;0;;0;[]
https://city2city.ru/tomsk-yurga;Томск;Юрга;такси Томск Юрга;61;томск юрга такси;61;томск такси до юрги;18;такси юрга томск цена;16;"[{""phrase"": ""томск юрга такси"", ""count"": ""61""}, {""phrase"": ""томск такси до юрги"", ""count"": ""18""}, {""phrase"": ""такси юрга томск цена"", ""count"": ""16""}]"
https://city2city.ru/tula-aleksin;Тула;Алексин;такси Тула Алексин;67;алексина тула такси;67;такси тула алексин цена;13;расписание маршрутного такси 263 тула алексин;13;"[{""phrase"": ""алексина тула такси"", ""count"": ""67""}, {""phrase"": ""такси тула алексин цена"", ""count"": ""13""}, {""phrase"": ""расписание маршрутного такси 263 тула алексин"", ""count"": ""13""}, {""phrase"": ""такси тула алексин сколько стоит"", ""count"": ""11""}]"
https://city2city.ru/tula-anapa;Тула;Анапа;такси Тула Анапа;1;;0;;0;;0;[]
https://city2city.ru/tula-arsenevo;Тула;рабочий посёлок Арсеньево;такси Тула рабочий посёлок Арсеньево;0;;0;;0;;0;[]
https://city2city.ru/tula-belgorod;Тула;Белгород;такси Тула Белгород;13;;0;;0;;0;[]
https://city2city.ru/tula-belyov;Тула;Белёв;такси Тула Белёв;26;такси белев тула;26;маршрутное такси белев тула;9;;0;"[{""phrase"": ""такси белев тула"", ""count"": ""26""}, {""phrase"": ""маршрутное такси белев тула"", ""count"": ""9""}]"
https://city2city.ru/tula-bogorodiczk;Тула;Богородицк;такси Тула Богородицк;47;такси тула богородицк;47;такси тула богородицк цена;18;;0;"[{""phrase"": ""такси тула богородицк"", ""count"": ""47""}, {""phrase"": ""такси тула богородицк цена"", ""count"": ""18""}]"
https://city2city.ru/tula-boguchar;Тула;Богучар;такси Тула Богучар;1;;0;;0;;0;[]
https://city2city.ru/tula-boloxovo;Тула;Болохово;такси Тула Болохово;6;;0;;0;;0;[]
https://city2city.ru/tula-cheboksary;Тула;Чебоксары;такси Тула Чебоксары;0;;0;;0;;0;[]
https://city2city.ru/tula-chern;Тула;рабочий посёлок Чернь;такси Тула рабочий посёлок Чернь;0;;0;;0;;0;[]
https://city2city.ru/tula-domodedovo;Тула;Домодедово;такси Тула Домодедово;85;такси тула домодедово;85;тула домодедово аэропорт такси;32;тула домодедово такси цена;27;"[{""phrase"": ""такси тула домодедово"", ""count"": ""85""}, {""phrase"": ""тула домодедово аэропорт такси"", ""count"": ""32""}, {""phrase"": ""тула домодедово такси цена"", ""count"": ""27""}, {""phrase"": ""такси из тулы в домодедово аэропорт цена"", ""count"": ""5""}]"
https://city2city.ru/tula-donskoj;Тула;Донской;такси Тула Донской;32;такси донской тула;32;;0;;0;"[{""phrase"": ""такси донской тула"", ""count"": ""32""}]"
https://city2city.ru/tula-dubna;Тула;Дубна;такси Тула Дубна;14;такси тула дубна;14;;0;;0;"[{""phrase"": ""такси тула дубна"", ""count"": ""14""}]"
https://city2city.ru/tula-efremov;Тула;Ефремов;такси Тула Ефремов;57;такси тула ефремов;57;тула ефремов такси цена;23;;0;"[{""phrase"": ""такси тула ефремов"", ""count"": ""57""}, {""phrase"": ""тула ефремов такси цена"", ""count"": ""23""}]"
https://city2city.ru/tula-ekaterinburg;Тула;Екатеринбург;такси Тула Екатеринбург;2;;0;;0;;0;[]
https://city2city.ru/tula-elecz;Тула;Елец;такси Тула Елец;4;;0;;0;;0;[]
https://city2city.ru/tula-golubiczkaya;Тула;станица Голубицкая;такси Тула станица Голубицкая;0;;0;;0;;0;[]
https://city2city.ru/tula-granicza-kazaxstan;Тула;52А-3;такси Тула 52А-3;0;;0;;0;;0;[]
https://city2city.ru/tula-gribanovskij;Тула;посёлок городского типа Грибановский;такси Тула посёлок городского типа Грибановский;0;;0;;0;;0;[]
https://city2city.ru/tula-ilinka;Тула;село Ильинка;такси Тула село Ильинка;0;;0;;0;;0;[]
https://city2city.ru/tula-kaluga;Тула;Калуга;такси Тула Калуга;86;такси тула калуга;86;такси тула калуга цена;19;такси тула калуга сколько стоит;13;"[{""phrase"": ""такси тула калуга"", ""count"": ""86""}, {""phrase"": ""такси тула калуга цена"", ""count"": ""19""}, {""phrase"": ""такси тула калуга сколько стоит"", ""count"": ""13""}, {""phrase"": ""такси калуга тула стоимость"", ""count"": ""11""}]"
https://city2city.ru/tula-kashira;Тула;Кашира;такси Тула Кашира;9;;0;;0;;0;[]
https://city2city.ru/tula-kimovsk;Тула;Кимовск;такси Тула Кимовск;27;тула кимовск такси;27;;0;;0;"[{""phrase"": ""тула кимовск такси"", ""count"": ""27""}]"
https://city2city.ru/tula-kireevsk;Тула;Киреевск;такси Тула Киреевск;41;тула киреевск такси;41;;0;;0;"[{""phrase"": ""тула киреевск такси"", ""count"": ""41""}]"
https://city2city.ru/tula-kolomna;Тула;Коломна;такси Тула Коломна;4;;0;;0;;0;[]
https://city2city.ru/tula-kurkino;Тула;рабочий посёлок Куркино;такси Тула рабочий посёлок Куркино;0;;0;;0;;0;[]
https://city2city.ru/tula-kursk;Тула;Курск;такси Тула Курск;16;такси курск тула;16;;0;;0;"[{""phrase"": ""такси курск тула"", ""count"": ""16""}]"
https://city2city.ru/tula-lipeczk;Тула;Липецк;такси Тула Липецк;8;;0;;0;;0;[]
https://city2city.ru/tula-lipki;Тула;Липки;такси Тула Липки;25;такси тула липки;25;;0;;0;"[{""phrase"": ""такси тула липки"", ""count"": ""25""}]"
https://city2city.ru/tula-millerovo;Тула;Миллерово;такси Тула Миллерово;0;;0;;0;;0;[]
https://city2city.ru/tula-moskva;Тула;Москва;такси Тула Москва;522;такси москва тула;522;яндекс такси тула москва;32;такси до москвы из тулы стоимость;18;"[{""phrase"": ""такси москва тула"", ""count"": ""522""}, {""phrase"": ""яндекс такси тула москва"", ""count"": ""32""}, {""phrase"": ""такси до москвы из тулы стоимость"", ""count"": ""18""}, {""phrase"": ""сколько стоит такси из москвы в тулу"", ""count"": ""17""}, {""phrase"": ""такси москва тула стоимость поездки"", ""count"": ""15""}, {""phrase"": ""такси с москвы до тулы цена"", ""count"": ""14""}, {""phrase"": ""маршрутные такси москва тула"", ""count"": ""12""}, {""phrase"": ""заказать такси москва тула"", ""count"": ""12""}]"
https://city2city.ru/tula-naro-fominsk;Тула;Наро-Фоминск;такси Тула Наро-Фоминск;1;;0;;0;;0;[]
https://city2city.ru/tula-nizhnij-novgorod;Тула;Нижний Новгород;такси Тула Нижний Новгород;4;;0;;0;;0;[]
https://city2city.ru/tula-novogurovskij;Тула;рабочий посёлок Новогуровский;такси Тула рабочий посёлок Новогуровский;0;;0;;0;;0;[]
https://city2city.ru/tula-novomoskovsk;Тула;Новомосковск;такси Тула Новомосковск;136;такси тула новомосковск;136;такси тула новомосковск цены;27;сколько стоит такси новомосковск тула;27;"[{""phrase"": ""такси тула новомосковск"", ""count"": ""136""}, {""phrase"": ""такси тула новомосковск цены"", ""count"": ""27""}, {""phrase"": ""сколько стоит такси новомосковск тула"", ""count"": ""27""}, {""phrase"": ""стоимость такси новомосковск тула"", ""count"": ""22""}]"
https://city2city.ru/tula-odoev;Тула;рабочий посёлок Одоев;такси Тула рабочий посёлок Одоев;0;;0;;0;;0;[]
https://city2city.ru/tula-orenburg;Тула;Оренбург;такси Тула Оренбург;3;;0;;0;;0;[]
https://city2city.ru/tula-oryol;Тула;Орёл;такси Тула Орёл;16;такси орел тула;16;;0;;0;"[{""phrase"": ""такси орел тула"", ""count"": ""16""}]"
https://city2city.ru/tula-pavelecz;Тула;поселок городского типа Павелец;такси Тула поселок городского типа Павелец;0;;0;;0;;0;[]
https://city2city.ru/tula-penza;Тула;Пенза;такси Тула Пенза;1;;0;;0;;0;[]
https://city2city.ru/tula-pitelino;Тула;Пителино;такси Тула Пителино;0;;0;;0;;0;[]
https://city2city.ru/tula-plavsk;Тула;Плавск;такси Тула Плавск;26;такси тула плавск;26;;0;;0;"[{""phrase"": ""такси тула плавск"", ""count"": ""26""}]"
https://city2city.ru/tula-podolsk;Тула;Подольск;такси Тула Подольск;10;подольск тула такси;10;;0;;0;"[{""phrase"": ""подольск тула такси"", ""count"": ""10""}]"
https://city2city.ru/tula-proletarskij;Тула;посёлок городского типа Пролетарский;такси Тула посёлок городского типа Пролетарский;0;;0;;0;;0;[]
https://city2city.ru/tula-pushhino;Тула;Пущино;такси Тула Пущино;6;;0;;0;;0;[]
https://city2city.ru/tula-ryazan;Тула;Рязань;такси Тула Рязань;66;такси рязань тула сколько стоит;18;такси тула рязань стоимость;12;такси рязань тула цена;10;"[{""phrase"": ""такси рязань тула сколько стоит"", ""count"": ""18""}, {""phrase"": ""такси тула рязань стоимость"", ""count"": ""12""}, {""phrase"": ""такси рязань тула цена"", ""count"": ""10""}, {""phrase"": ""такси с тулы в рязань"", ""count"": ""8""}]"
https://city2city.ru/tula-rybnoe;Тула;Рыбное;такси Тула Рыбное;2;;0;;0;;0;[]
https://city2city.ru/tula-sankt-peterburg;Тула;Санкт-Петербург;такси Тула Санкт-Петербург;3;;0;;0;;0;[]
https://city2city.ru/tula-serpuxov;Тула;Серпухов;такси Тула Серпухов;16;такси тула серпухов;16;;0;;0;"[{""phrase"": ""такси тула серпухов"", ""count"": ""16""}]"
https://city2city.ru/tula-shaczk;Тула;Шацк;такси Тула Шацк;0;;0;;0;;0;[]
https://city2city.ru/tula-shhyokino;Тула;Щёкино;такси Тула Щёкино;128;такси тула щекино;128;такси щекино тула цена;43;сколько стоит такси от тулы до щекино;16;"[{""phrase"": ""такси тула щекино"", ""count"": ""128""}, {""phrase"": ""такси щекино тула цена"", ""count"": ""43""}, {""phrase"": ""сколько стоит такси от тулы до щекино"", ""count"": ""16""}]"
https://city2city.ru/tula-simferopol;Тула;Симферополь;такси Тула Симферополь;3;;0;;0;;0;[]
https://city2city.ru/tula-slavnyj;Тула;посёлок городского типа Славный;такси Тула посёлок городского типа Славный;0;;0;;0;;0;[]
https://city2city.ru/tula-smolensk;Тула;Смоленск;такси Тула Смоленск;4;;0;;0;;0;[]
https://city2city.ru/tula-sochi;Тула;Сочи;такси Тула Сочи;1;;0;;0;;0;[]
https://city2city.ru/tula-suvorov;Тула;Суворов;такси Тула Суворов;31;такси суворов тула;31;такси суворов тула цена;10;;0;"[{""phrase"": ""такси суворов тула"", ""count"": ""31""}, {""phrase"": ""такси суворов тула цена"", ""count"": ""10""}]"
https://city2city.ru/tula-suzdal;Тула;Суздаль;такси Тула Суздаль;0;;0;;0;;0;[]
https://city2city.ru/tula-tovarkovo;Тула;деревня Товарково;такси Тула деревня Товарково;0;;0;;0;;0;[]
https://city2city.ru/tula-tyoploe;Тула;рабочий посёлок Тёплое;такси Тула рабочий посёлок Тёплое;0;;0;;0;;0;[]
https://city2city.ru/tula-ufa;Тула;Уфа;такси Тула Уфа;2;;0;;0;;0;[]
https://city2city.ru/tula-uzlovaya;Тула;Узловая;такси Тула Узловая;97;такси узловая тула;97;узловая тула такси стоимость;18;такси узловая тула стоимость поездки;12;"[{""phrase"": ""такси узловая тула"", ""count"": ""97""}, {""phrase"": ""узловая тула такси стоимость"", ""count"": ""18""}, {""phrase"": ""такси узловая тула стоимость поездки"", ""count"": ""12""}, {""phrase"": ""сколько стоит такси от тулы до узловой"", ""count"": ""10""}, {""phrase"": ""как заказать такси из узловой в тулу"", ""count"": ""7""}]"
https://city2city.ru/tula-venyov;Тула;город Венёв;такси Тула город Венёв;0;;0;;0;;0;[]
https://city2city.ru/tula-vladimir;Тула;Владимир;такси Тула Владимир;0;;0;;0;;0;[]
https://city2city.ru/tula-volgograd;Тула;Волгоград;такси Тула Волгоград;7;;0;;0;;0;[]
https://city2city.ru/tula-volovo;Тула;поселок Волово;такси Тула поселок Волово;0;;0;;0;;0;[]
https://city2city.ru/tula-voronezh;Тула;Воронеж;такси Тула Воронеж;22;такси воронеж тула;22;;0;;0;"[{""phrase"": ""такси воронеж тула"", ""count"": ""22""}]"
https://city2city.ru/tula-voskresensk;Тула;Воскресенск;такси Тула Воскресенск;2;;0;;0;;0;[]
https://city2city.ru/tula-voskresenskoe;Тула;рабочий посёлок Воскресенское;такси Тула рабочий посёлок Воскресенское;0;;0;;0;;0;[]
https://city2city.ru/tula-yaroslavl;Тула;Ярославль;такси Тула Ярославль;6;;0;;0;;0;[]
https://city2city.ru/tula-yasnogorsk;Тула;Ясногорск;такси Тула Ясногорск;50;такси тула ясногорск;50;такси тула ясногорск цена;17;;0;"[{""phrase"": ""такси тула ясногорск"", ""count"": ""50""}, {""phrase"": ""такси тула ясногорск цена"", ""count"": ""17""}]"
https://city2city.ru/tula-zvenigorod;Тула;Звенигород;такси Тула Звенигород;0;;0;;0;;0;[]
https://city2city.ru/tumen-chelyabinsk;аэропорт Тюмень (Рощино);;такси аэропорт Тюмень (Рощино) ;78;такси тюмень аэропорт рощино;78;такси аэропорт рощино тюмень цена;20;такси тюмень аэропорт рощино жд вокзал цена;16;"[{""phrase"": ""такси тюмень аэропорт рощино"", ""count"": ""78""}, {""phrase"": ""такси аэропорт рощино тюмень цена"", ""count"": ""20""}, {""phrase"": ""такси тюмень аэропорт рощино жд вокзал цена"", ""count"": ""16""}]"
https://city2city.ru/tumen-ekaterinburg;городской округ Тюмень;;такси городской округ Тюмень ;0;;0;;0;;0;[]
https://city2city.ru/tumen-hanty-mansiysk;аэропорт Тюмень (Рощино);;такси аэропорт Тюмень (Рощино) ;78;такси тюмень аэропорт рощино;78;такси аэропорт рощино тюмень цена;20;такси тюмень аэропорт рощино жд вокзал цена;16;"[{""phrase"": ""такси тюмень аэропорт рощино"", ""count"": ""78""}, {""phrase"": ""такси аэропорт рощино тюмень цена"", ""count"": ""20""}, {""phrase"": ""такси тюмень аэропорт рощино жд вокзал цена"", ""count"": ""16""}]"
https://city2city.ru/tver-belgorod;Тверь;Белгород;такси Тверь Белгород;12;;0;;0;;0;[]
https://city2city.ru/tver-belyj-gorodok;Тверь;посёлок городского типа Белый Городок;такси Тверь посёлок городского типа Белый Городок;0;;0;;0;;0;[]
https://city2city.ru/tver-bezheczk;Тверь;Бежецк;такси Тверь Бежецк;43;такси тверь бежецк;43;такси тверь бежецк цена;13;расписание тверь бежецк маршрут такси авиаэкспресс;7;"[{""phrase"": ""такси тверь бежецк"", ""count"": ""43""}, {""phrase"": ""такси тверь бежецк цена"", ""count"": ""13""}, {""phrase"": ""расписание тверь бежецк маршрут такси авиаэкспресс"", ""count"": ""7""}]"
https://city2city.ru/tver-bologoe;Тверь;Бологое;такси Тверь Бологое;11;такси бологое тверь;11;;0;;0;"[{""phrase"": ""такси бологое тверь"", ""count"": ""11""}]"
https://city2city.ru/tver-bolshoe-kozino;Тверь;муниципальное образование рабочий посёлок Большое Козино;такси Тверь муниципальное образование рабочий посёлок Большое Козино;0;;0;;0;;0;[]
https://city2city.ru/tver-borovichi;Тверь;Боровичи;такси Тверь Боровичи;18;маршрутное такси боровичи тверь;11;;0;;0;"[{""phrase"": ""маршрутное такси боровичи тверь"", ""count"": ""11""}]"
https://city2city.ru/tver-bryansk;Тверь;Брянск;такси Тверь Брянск;1;;0;;0;;0;[]
https://city2city.ru/tver-dubna;Тверь;Дубна;такси Тверь Дубна;10;такси тверь дубна;10;;0;;0;"[{""phrase"": ""такси тверь дубна"", ""count"": ""10""}]"
https://city2city.ru/tver-ejsk;Тверь;Ейск;такси Тверь Ейск;0;;0;;0;;0;[]
https://city2city.ru/tver-firovo;Тверь;посёлок городского типа Фирово;такси Тверь посёлок городского типа Фирово;0;;0;;0;;0;[]
https://city2city.ru/tver-gorodishhe;Тверь;рабочий посёлок Городище;такси Тверь рабочий посёлок Городище;0;;0;;0;;0;[]
https://city2city.ru/tver-granicza-kazaxstan;Тверь;52А-3;такси Тверь 52А-3;0;;0;;0;;0;[]
https://city2city.ru/tver-kalashnikovo;Тверь;посёлок городского типа Калашниково;такси Тверь посёлок городского типа Калашниково;0;;0;;0;;0;[]
https://city2city.ru/tver-kashin;Тверь;Кашин;такси Тверь Кашин;18;такси тверь кашин;18;;0;;0;"[{""phrase"": ""такси тверь кашин"", ""count"": ""18""}]"
https://city2city.ru/tver-kesova-gora;Тверь;посёлок городского типа Кесова Гора;такси Тверь посёлок городского типа Кесова Гора;0;;0;;0;;0;[]
https://city2city.ru/tver-kimry;Тверь;Кимры;такси Тверь Кимры;56;такси кимры тверь;56;такси кимры тверь цена;19;стоимость такси от кимр до твери;9;"[{""phrase"": ""такси кимры тверь"", ""count"": ""56""}, {""phrase"": ""такси кимры тверь цена"", ""count"": ""19""}, {""phrase"": ""стоимость такси от кимр до твери"", ""count"": ""9""}, {""phrase"": ""сколько стоит такси кимры тверь"", ""count"": ""8""}]"
https://city2city.ru/tver-konakovo;Тверь;Конаково;такси Тверь Конаково;63;такси тверь конаково;63;такси тверь конаково стоимость;13;такси конаково тверь стоимость поездки;8;"[{""phrase"": ""такси тверь конаково"", ""count"": ""63""}, {""phrase"": ""такси тверь конаково стоимость"", ""count"": ""13""}, {""phrase"": ""такси конаково тверь стоимость поездки"", ""count"": ""8""}]"
https://city2city.ru/tver-kostroma;Тверь;Кострома;такси Тверь Кострома;4;;0;;0;;0;[]
https://city2city.ru/tver-krasnyj-xolm;Тверь;Красный Холм;такси Тверь Красный Холм;2;;0;;0;;0;[]
https://city2city.ru/tver-kursk;Тверь;Курск;такси Тверь Курск;0;;0;;0;;0;[]
https://city2city.ru/tver-kuzhenkino;Тверь;село Куженкино;такси Тверь село Куженкино;0;;0;;0;;0;[]
https://city2city.ru/tver-lixoslavl;Тверь;Лихославль;такси Тверь Лихославль;30;такси тверь лихославль;30;;0;;0;"[{""phrase"": ""такси тверь лихославль"", ""count"": ""30""}]"
https://city2city.ru/tver-maksatixa;Тверь;поселок городского типа Максатиха;такси Тверь поселок городского типа Максатиха;0;;0;;0;;0;[]
https://city2city.ru/tver-maloe-kozino;Тверь;посёлок городского типа Малое Козино;такси Тверь посёлок городского типа Малое Козино;0;;0;;0;;0;[]
https://city2city.ru/tver-moskva;Тверь;Москва;такси Тверь Москва;307;такси москва тверь;307;такси москва тверь стоимость;50;такси москва тверь цена;47;"[{""phrase"": ""такси москва тверь"", ""count"": ""307""}, {""phrase"": ""такси москва тверь стоимость"", ""count"": ""50""}, {""phrase"": ""такси москва тверь цена"", ""count"": ""47""}, {""phrase"": ""сколько стоит такси от москвы до твери"", ""count"": ""28""}, {""phrase"": ""такси от твери до москвы сколько"", ""count"": ""28""}, {""phrase"": ""тверь москва яндекс такси"", ""count"": ""17""}, {""phrase"": ""такси москва тверь стоимость проезда"", ""count"": ""14""}, {""phrase"": ""стоимость поездки на такси москва тверь"", ""count"": ""9""}]"
https://city2city.ru/tver-mozhajsk;Тверь;Можайск;такси Тверь Можайск;10;;0;;0;;0;[]
https://city2city.ru/tver-obninsk;Тверь;Обнинск;такси Тверь Обнинск;2;;0;;0;;0;[]
https://city2city.ru/tver-okulovka;Тверь;деревня Окуловка;такси Тверь деревня Окуловка;0;;0;;0;;0;[]
https://city2city.ru/tver-orsha;Тверь;поселок городского типа Орша;такси Тверь поселок городского типа Орша;0;;0;;0;;0;[]
https://city2city.ru/tver-ostashkov;Тверь;деревня Осташково;такси Тверь деревня Осташково;0;;0;;0;;0;[]
https://city2city.ru/tver-peno;Тверь;посёлок городского типа Пено;такси Тверь посёлок городского типа Пено;0;;0;;0;;0;[]
https://city2city.ru/tver-pervoe-maya;Тверь;рабочий посёлок Первое Мая;такси Тверь рабочий посёлок Первое Мая;0;;0;;0;;0;[]
https://city2city.ru/tver-radchenko;Тверь;посёлок городского типа Радченко;такси Тверь посёлок городского типа Радченко;0;;0;;0;;0;[]
https://city2city.ru/tver-rameshki;Тверь;поселок городского типа Рамешки;такси Тверь поселок городского типа Рамешки;0;;0;;0;;0;[]
https://city2city.ru/tver-redkino;Тверь;посёлок городского типа Редкино;такси Тверь посёлок городского типа Редкино;0;;0;;0;;0;[]
https://city2city.ru/tver-ryazan;Тверь;Рязань;такси Тверь Рязань;2;;0;;0;;0;[]
https://city2city.ru/tver-rzhev-2;Тверь;Ржев;такси Тверь Ржев;49;такси ржев тверь;49;такси рт ржева до твери цена сейчас;8;;0;"[{""phrase"": ""такси ржев тверь"", ""count"": ""49""}, {""phrase"": ""такси рт ржева до твери цена сейчас"", ""count"": ""8""}]"
https://city2city.ru/tver-sandovo;Тверь;село Старое Сандово;такси Тверь село Старое Сандово;0;;0;;0;;0;[]
https://city2city.ru/tver-sankt-peterburg;Тверь;Санкт-Петербург;такси Тверь Санкт-Петербург;16;тверь санкт петербург такси;16;;0;;0;"[{""phrase"": ""тверь санкт петербург такси"", ""count"": ""16""}]"
https://city2city.ru/tver-selizharovo;Тверь;посёлок городского типа Селижарово;такси Тверь посёлок городского типа Селижарово;0;;0;;0;;0;[]
https://city2city.ru/tver-serpuxov;Тверь;Серпухов;такси Тверь Серпухов;0;;0;;0;;0;[]
https://city2city.ru/tver-sevastopol;Тверь;Севастополь;такси Тверь Севастополь;0;;0;;0;;0;[]
https://city2city.ru/tver-smolensk;Тверь;Смоленск;такси Тверь Смоленск;12;;0;;0;;0;[]
https://city2city.ru/tver-solnechnogorsk;Тверь;Солнечногорск;такси Тверь Солнечногорск;5;;0;;0;;0;[]
https://city2city.ru/tver-spirovo;Тверь;посёлок городского типа Спирово;такси Тверь посёлок городского типа Спирово;0;;0;;0;;0;[]
https://city2city.ru/tver-staraya-toropa;Тверь;посёлок городского типа Старая Торопа;такси Тверь посёлок городского типа Старая Торопа;0;;0;;0;;0;[]
https://city2city.ru/tver-staricza;Тверь;Старица;такси Тверь Старица;18;такси тверь старица;18;;0;;0;"[{""phrase"": ""такси тверь старица"", ""count"": ""18""}]"
https://city2city.ru/tver-suxoverkovo;Тверь;посёлок городского типа Суховерково;такси Тверь посёлок городского типа Суховерково;0;;0;;0;;0;[]
https://city2city.ru/tver-udomlya;Тверь;Удомля;такси Тверь Удомля;37;такси тверь удомля;37;;0;;0;"[{""phrase"": ""такси тверь удомля"", ""count"": ""37""}]"
https://city2city.ru/tver-valdaj;Тверь;Валдай;такси Тверь Валдай;0;;0;;0;;0;[]
https://city2city.ru/tver-valujki;Тверь;Валуйки;такси Тверь Валуйки;0;;0;;0;;0;[]
https://city2city.ru/tver-vasilevskij-mox;Тверь;посёлок городского типа Васильевский Мох;такси Тверь посёлок городского типа Васильевский Мох;0;;0;;0;;0;[]
https://city2city.ru/tver-velikij-novgorod;Тверь;Великий Новгород;такси Тверь Великий Новгород;1;;0;;0;;0;[]
https://city2city.ru/tver-vladimir;Тверь;Владимир;такси Тверь Владимир;0;;0;;0;;0;[]
https://city2city.ru/tver-vologda;Тверь;Вологда;такси Тверь Вологда;7;;0;;0;;0;[]
https://city2city.ru/tver-voronezh;Тверь;Воронеж;такси Тверь Воронеж;8;такси воронеж тверь;8;;0;;0;"[{""phrase"": ""такси воронеж тверь"", ""count"": ""8""}]"
https://city2city.ru/tver-yaroslavl;Тверь;Ярославль;такси Тверь Ярославль;11;такси ярославль тверь;11;;0;;0;"[{""phrase"": ""такси ярославль тверь"", ""count"": ""11""}]"
https://city2city.ru/tver-zapadnaya-dvina;Тверь;Западная Двина;такси Тверь Западная Двина;5;;0;;0;;0;[]
https://city2city.ru/tver-zubczov;Тверь;Зубцов;такси Тверь Зубцов;13;;0;;0;;0;[]
https://city2city.ru/tver-zvenigorod;Тверь;Звенигород;такси Тверь Звенигород;0;;0;;0;;0;[]
https://city2city.ru/tynda-jakutsk;Тында;Якутск;такси Тында Якутск;0;;0;;0;;0;[]
https://city2city.ru/tyumen-app-zverinogolovskoe;Тюмень;поселок Украинец;такси Тюмень поселок Украинец;0;;0;;0;;0;[]
https://city2city.ru/tyumen-artyomovskij;Тюмень;Артёмовский;такси Тюмень Артёмовский;4;;0;;0;;0;[]
https://city2city.ru/tyumen-asbest;Тюмень;Асбест;такси Тюмень Асбест;3;;0;;0;;0;[]
https://city2city.ru/tyumen-astraxan;Тюмень;Астрахань;такси Тюмень Астрахань;1;;0;;0;;0;[]
https://city2city.ru/tyumen-bajmak;Тюмень;Баймак;такси Тюмень Баймак;5;;0;;0;;0;[]
https://city2city.ru/tyumen-belgorod;Тюмень;Белгород;такси Тюмень Белгород;3;;0;;0;;0;[]
https://city2city.ru/tyumen-beloyarskij;Тюмень;Белоярский;такси Тюмень Белоярский;0;;0;;0;;0;[]
https://city2city.ru/tyumen-beryozovskij;Тюмень;Берёзовский;такси Тюмень Берёзовский;1;;0;;0;;0;[]
https://city2city.ru/tyumen-bogandinskij;Тюмень;посёлок городского типа Богандинский;такси Тюмень посёлок городского типа Богандинский;0;;0;;0;;0;[]
https://city2city.ru/tyumen-bogdanovich;Тюмень;Богданович;такси Тюмень Богданович;1;;0;;0;;0;[]
https://city2city.ru/tyumen-borovoj;Тюмень;поселок городского типа Боровой;такси Тюмень поселок городского типа Боровой;0;;0;;0;;0;[]
https://city2city.ru/tyumen-borovskij;Тюмень;посёлок городского типа Боровский;такси Тюмень посёлок городского типа Боровский;0;;0;;0;;0;[]
https://city2city.ru/tyumen-bryansk;Тюмень;Брянск;такси Тюмень Брянск;1;;0;;0;;0;[]
https://city2city.ru/tyumen-chebarkul;Тюмень;Чебаркуль;такси Тюмень Чебаркуль;1;;0;;0;;0;[]
https://city2city.ru/tyumen-elan;Тюмень;рабочий посёлок Елань;такси Тюмень рабочий посёлок Елань;0;;0;;0;;0;[]
https://city2city.ru/tyumen-golyshmanovo;Тюмень;посёлок городского типа Голышманово;такси Тюмень посёлок городского типа Голышманово;0;;0;;0;;0;[]
https://city2city.ru/tyumen-granicza-kazaxstan;Тюмень;52А-3;такси Тюмень 52А-3;0;;0;;0;;0;[]
https://city2city.ru/tyumen-igrim;Тюмень;посёлок городского типа Игрим;такси Тюмень посёлок городского типа Игрим;0;;0;;0;;0;[]
https://city2city.ru/tyumen-ilinka;Тюмень;село Ильинка;такси Тюмень село Ильинка;1;;0;;0;;0;[]
https://city2city.ru/tyumen-ilinskoe-xovanskoe;Тюмень;поселок городского типа Ильинское-Хованское;такси Тюмень поселок городского типа Ильинское-Хованское;0;;0;;0;;0;[]
https://city2city.ru/tyumen-irbit;Тюмень;Ирбит;такси Тюмень Ирбит;50;такси тюмень ирбит;50;такси виктория ирбит тюмень;22;;0;"[{""phrase"": ""такси тюмень ирбит"", ""count"": ""50""}, {""phrase"": ""такси виктория ирбит тюмень"", ""count"": ""22""}]"
https://city2city.ru/tyumen-izhevsk;Тюмень;Ижевск;такси Тюмень Ижевск;0;;0;;0;;0;[]
https://city2city.ru/tyumen-kamenka;Тюмень;Каменка;такси Тюмень Каменка;2;;0;;0;;0;[]
https://city2city.ru/tyumen-kamensk-uralskij;Тюмень;Каменск-Уральский;такси Тюмень Каменск-Уральский;3;;0;;0;;0;[]
https://city2city.ru/tyumen-kamyshlov;Тюмень;Камышлов;такси Тюмень Камышлов;5;;0;;0;;0;[]
https://city2city.ru/tyumen-karabash;Тюмень;Карабаш;такси Тюмень Карабаш;0;;0;;0;;0;[]
https://city2city.ru/tyumen-kargapole;Тюмень;посёлок Каргаполье;такси Тюмень посёлок Каргаполье;0;;0;;0;;0;[]
https://city2city.ru/tyumen-kazan;Тюмень;Казань;такси Тюмень Казань;5;;0;;0;;0;[]
https://city2city.ru/tyumen-kogalym;Тюмень;Когалым;такси Тюмень Когалым;3;;0;;0;;0;[]
https://city2city.ru/tyumen-kondinskoe;Тюмень;посёлок городского типа Кондинское;такси Тюмень посёлок городского типа Кондинское;0;;0;;0;;0;[]
https://city2city.ru/tyumen-kopejsk;Тюмень;Копейск;такси Тюмень Копейск;0;;0;;0;;0;[]
https://city2city.ru/tyumen-kurtamysh;Тюмень;Куртамыш;такси Тюмень Куртамыш;2;;0;;0;;0;[]
https://city2city.ru/tyumen-langepas;Тюмень;Лангепас;такси Тюмень Лангепас;1;;0;;0;;0;[]
https://city2city.ru/tyumen-lebyazhe;Тюмень;рабочий посёлок Лебяжье;такси Тюмень рабочий посёлок Лебяжье;0;;0;;0;;0;[]
https://city2city.ru/tyumen-lugovoj;Тюмень;посёлок городского типа Луговой;такси Тюмень посёлок городского типа Луговой;0;;0;;0;;0;[]
https://city2city.ru/tyumen-magnitogorsk;Тюмень;Магнитогорск;такси Тюмень Магнитогорск;7;магнитогорск тюмень такси;7;;0;;0;"[{""phrase"": ""магнитогорск тюмень такси"", ""count"": ""7""}]"
https://city2city.ru/tyumen-makushino;Тюмень;Макушино;такси Тюмень Макушино;0;;0;;0;;0;[]
https://city2city.ru/tyumen-mapp-uspenka;Тюмень;село Успенка;такси Тюмень село Успенка;0;;0;;0;;0;[]
https://city2city.ru/tyumen-megion;Тюмень;Мегион;такси Тюмень Мегион;0;;0;;0;;0;[]
https://city2city.ru/tyumen-mezhdurechenskij;Тюмень;посёлок городского типа Междуреченский;такси Тюмень посёлок городского типа Междуреченский;0;;0;;0;;0;[]
https://city2city.ru/tyumen-miass;Тюмень;Миасс;такси Тюмень Миасс;0;;0;;0;;0;[]
https://city2city.ru/tyumen-mishkino;Тюмень;поселок городского типа Мишкино;такси Тюмень поселок городского типа Мишкино;0;;0;;0;;0;[]
https://city2city.ru/tyumen-mokrous;Тюмень;рабочий посёлок Мокроус;такси Тюмень рабочий посёлок Мокроус;0;;0;;0;;0;[]
https://city2city.ru/tyumen-moskva;Тюмень;Москва;такси Тюмень Москва;31;такси москва тюмень;31;такси цена москва тюмень;9;;0;"[{""phrase"": ""такси москва тюмень"", ""count"": ""31""}, {""phrase"": ""такси цена москва тюмень"", ""count"": ""9""}]"
https://city2city.ru/tyumen-muravlenko;Тюмень;Муравленко;такси Тюмень Муравленко;1;;0;;0;;0;[]
https://city2city.ru/tyumen-nadym;Тюмень;Надым;такси Тюмень Надым;3;;0;;0;;0;[]
https://city2city.ru/tyumen-narimanov;Тюмень;Нариманов;такси Тюмень Нариманов;2;;0;;0;;0;[]
https://city2city.ru/tyumen-nizhnij-tagil;Тюмень;Нижний Тагил;такси Тюмень Нижний Тагил;6;;0;;0;;0;[]
https://city2city.ru/tyumen-novotroiczk;Тюмень;Новотроицк;такси Тюмень Новотроицк;0;;0;;0;;0;[]
https://city2city.ru/tyumen-novyj-urengoj;Тюмень;Новый Уренгой;такси Тюмень Новый Уренгой;2;;0;;0;;0;[]
https://city2city.ru/tyumen-noyabrsk;Тюмень;Ноябрьск;такси Тюмень Ноябрьск;8;;0;;0;;0;[]
https://city2city.ru/tyumen-nyagan;Тюмень;Нягань;такси Тюмень Нягань;5;;0;;0;;0;[]
https://city2city.ru/tyumen-orenburg;Тюмень;Оренбург;такси Тюмень Оренбург;3;;0;;0;;0;[]
https://city2city.ru/tyumen-orsk;Тюмень;Орск;такси Тюмень Орск;0;;0;;0;;0;[]
https://city2city.ru/tyumen-penza;Тюмень;Пенза;такси Тюмень Пенза;0;;0;;0;;0;[]
https://city2city.ru/tyumen-perm;Тюмень;Пермь;такси Тюмень Пермь;11;;0;;0;;0;[]
https://city2city.ru/tyumen-petuxovo;Тюмень;Петухово;такси Тюмень Петухово;3;;0;;0;;0;[]
https://city2city.ru/tyumen-pojkovskij;Тюмень;посёлок городского типа Пойковский;такси Тюмень посёлок городского типа Пойковский;0;;0;;0;;0;[]
https://city2city.ru/tyumen-pokrovskoe;Тюмень;деревня Покровское;такси Тюмень деревня Покровское;0;;0;;0;;0;[]
https://city2city.ru/tyumen-priobe;Тюмень;посёлок городского типа Приобье;такси Тюмень посёлок городского типа Приобье;0;;0;;0;;0;[]
https://city2city.ru/tyumen-pyshma;Тюмень;посёлок городского типа Пышма;такси Тюмень посёлок городского типа Пышма;0;;0;;0;;0;[]
https://city2city.ru/tyumen-pyt-yax;Тюмень;Пыть-Ях;такси Тюмень Пыть-Ях;2;;0;;0;;0;[]
https://city2city.ru/tyumen-rezh;Тюмень;Реж;такси Тюмень Реж;0;;0;;0;;0;[]
https://city2city.ru/tyumen-salexard;Тюмень;Салехард;такси Тюмень Салехард;2;;0;;0;;0;[]
https://city2city.ru/tyumen-samara;Тюмень;Самара;такси Тюмень Самара;5;;0;;0;;0;[]
https://city2city.ru/tyumen-sankt-peterburg;Тюмень;Санкт-Петербург;такси Тюмень Санкт-Петербург;3;;0;;0;;0;[]
https://city2city.ru/tyumen-sazonovo;Тюмень;рабочий посёлок Сазоново;такси Тюмень рабочий посёлок Сазоново;0;;0;;0;;0;[]
https://city2city.ru/tyumen-severnyj;Тюмень;посёлок городского типа Северный;такси Тюмень посёлок городского типа Северный;0;;0;;0;;0;[]
https://city2city.ru/tyumen-shhuche;Тюмень;Щучье;такси Тюмень Щучье;0;;0;;0;;0;[]
https://city2city.ru/tyumen-shumixa;Тюмень;Шумиха;такси Тюмень Шумиха;0;;0;;0;;0;[]
https://city2city.ru/tyumen-sibaj;Тюмень;Сибай;такси Тюмень Сибай;28;такси сибай тюмень;28;;0;;0;"[{""phrase"": ""такси сибай тюмень"", ""count"": ""28""}]"
https://city2city.ru/tyumen-simferopol;Тюмень;Симферополь;такси Тюмень Симферополь;0;;0;;0;;0;[]
https://city2city.ru/tyumen-sochi;Тюмень;Сочи;такси Тюмень Сочи;3;;0;;0;;0;[]
https://city2city.ru/tyumen-sosnovyj-bor;Тюмень;посёлок городского типа Сосновый Бор;такси Тюмень посёлок городского типа Сосновый Бор;0;;0;;0;;0;[]
https://city2city.ru/tyumen-sovetskij;Тюмень;Советский;такси Тюмень Советский;16;;0;;0;;0;[]
https://city2city.ru/tyumen-sumkino;Тюмень;посёлок Сумкино;такси Тюмень посёлок Сумкино;0;;0;;0;;0;[]
https://city2city.ru/tyumen-suxoj-log;Тюмень;Сухой Лог;такси Тюмень Сухой Лог;0;;0;;0;;0;[]
https://city2city.ru/tyumen-talicza;Тюмень;Талица;такси Тюмень Талица;39;такси талица тюмень;39;дешевое такси талица тюмень цена на сегодня;12;;0;"[{""phrase"": ""такси талица тюмень"", ""count"": ""39""}, {""phrase"": ""дешевое такси талица тюмень цена на сегодня"", ""count"": ""12""}]"
https://city2city.ru/tyumen-tarko-sale;Тюмень;Тарко-Сале;такси Тюмень Тарко-Сале;0;;0;;0;;0;[]
https://city2city.ru/tyumen-tavda;Тюмень;Тавда;такси Тюмень Тавда;106;такси тюмень тавда;106;такси нижняя тавда тюмень;21;такси тавда тюмень цена;21;"[{""phrase"": ""такси тюмень тавда"", ""count"": ""106""}, {""phrase"": ""такси нижняя тавда тюмень"", ""count"": ""21""}, {""phrase"": ""такси тавда тюмень цена"", ""count"": ""21""}]"
https://city2city.ru/tyumen-tobolsk;Тюмень;Тобольск;такси Тюмень Тобольск;112;такси тюмень тобольск;112;такси тюмень тобольск цена;32;сколько стоит такси от тюмени до тобольска;17;"[{""phrase"": ""такси тюмень тобольск"", ""count"": ""112""}, {""phrase"": ""такси тюмень тобольск цена"", ""count"": ""32""}, {""phrase"": ""сколько стоит такси от тюмени до тобольска"", ""count"": ""17""}]"
https://city2city.ru/tyumen-tugulym;Тюмень;посёлок городского типа Тугулым;такси Тюмень посёлок городского типа Тугулым;0;;0;;0;;0;[]
https://city2city.ru/tyumen-turinsk;Тюмень;Туринск;такси Тюмень Туринск;11;;0;;0;;0;[]
https://city2city.ru/tyumen-uchaly;Тюмень;село Учалы;такси Тюмень село Учалы;0;;0;;0;;0;[]
https://city2city.ru/tyumen-ufa;Тюмень;Уфа;такси Тюмень Уфа;18;такси тюмень уфа;18;;0;;0;"[{""phrase"": ""такси тюмень уфа"", ""count"": ""18""}]"
https://city2city.ru/tyumen-uraj;Тюмень;Урай;такси Тюмень Урай;5;;0;;0;;0;[]
https://city2city.ru/tyumen-urengoj;Тюмень;Новый Уренгой;такси Тюмень Новый Уренгой;2;;0;;0;;0;[]
https://city2city.ru/tyumen-vargashi;Тюмень;посёлок городского типа Варгаши;такси Тюмень посёлок городского типа Варгаши;0;;0;;0;;0;[]
https://city2city.ru/tyumen-verxnyaya-pyshma;Тюмень;Верхняя Пышма;такси Тюмень Верхняя Пышма;0;;0;;0;;0;[]
https://city2city.ru/tyumen-vinzili;Тюмень;рабочий посёлок Винзили;такси Тюмень рабочий посёлок Винзили;0;;0;;0;;0;[]
https://city2city.ru/tyumen-voronezh;Тюмень;Воронеж;такси Тюмень Воронеж;1;;0;;0;;0;[]
https://city2city.ru/tyumen-yalutorovsk;Тюмень;Ялуторовск;такси Тюмень Ялуторовск;85;такси ялуторовск тюмень;85;такси тюмень ялуторовск цена;21;стоимость такси тюмень ялуторовск;12;"[{""phrase"": ""такси ялуторовск тюмень"", ""count"": ""85""}, {""phrase"": ""такси тюмень ялуторовск цена"", ""count"": ""21""}, {""phrase"": ""стоимость такси тюмень ялуторовск"", ""count"": ""12""}]"
https://city2city.ru/tyumen-yugorsk;Тюмень;Югорск;такси Тюмень Югорск;0;;0;;0;;0;[]
https://city2city.ru/tyumen-yurgamysh;Тюмень;поселок городского типа Юргамыш;такси Тюмень поселок городского типа Юргамыш;0;;0;;0;;0;[]
https://city2city.ru/tyumen-zavodoukovsk;Тюмень;Заводоуковск;такси Тюмень Заводоуковск;32;такси тюмень заводоуковск;32;такси тюмень заводоуковск цена;10;;0;"[{""phrase"": ""такси тюмень заводоуковск"", ""count"": ""32""}, {""phrase"": ""такси тюмень заводоуковск цена"", ""count"": ""10""}]"
https://city2city.ru/tyumen-zlatoust;Тюмень;Златоуст;такси Тюмень Златоуст;0;;0;;0;;0;[]
https://city2city.ru/ufa-abdulino;Уфа;Абдулино;такси Уфа Абдулино;9;;0;;0;;0;[]
https://city2city.ru/ufa-adler;Уфа;Адлер;такси Уфа Адлер;0;;0;;0;;0;[]
https://city2city.ru/ufa-agidel;Уфа;;такси Уфа ;46695;такси уфа;46695;яндекс такси уфа;10424;такси уфа телефон;8024;"[{""phrase"": ""такси уфа"", ""count"": ""46695""}, {""phrase"": ""яндекс такси уфа"", ""count"": ""10424""}, {""phrase"": ""такси уфа телефон"", ""count"": ""8024""}, {""phrase"": ""номер такси уфа"", ""count"": ""6574""}, {""phrase"": ""такси максим уфа"", ""count"": ""2884""}, {""phrase"": ""такси яндекс уфа телефон"", ""count"": ""2879""}, {""phrase"": ""заказ такси уфа"", ""count"": ""1996""}, {""phrase"": ""такси октябрьский уфа"", ""count"": ""1786""}, {""phrase"": ""такси уфа телефон для заказа"", ""count"": ""1701""}, {""phrase"": ""яндекс такси уфа номер"", ""count"": ""1650""}]"
https://city2city.ru/ufa-aktyubinskij;Уфа;посёлок городского типа Актюбинский;такси Уфа посёлок городского типа Актюбинский;0;;0;;0;;0;[]
https://city2city.ru/ufa-alekseevka;Уфа;село Алексеевка;такси Уфа село Алексеевка;0;;0;;0;;0;[]
https://city2city.ru/ufa-almetevsk;Уфа;Альметьевск;такси Уфа Альметьевск;39;уфа альметьевск такси;39;альметьевск уфа маршрутное такси;11;;0;"[{""phrase"": ""уфа альметьевск такси"", ""count"": ""39""}, {""phrase"": ""альметьевск уфа маршрутное такси"", ""count"": ""11""}]"
https://city2city.ru/ufa-anapa;Уфа;Анапа;такси Уфа Анапа;5;;0;;0;;0;[]
https://city2city.ru/ufa-app-krasnaya-gorka;Уфа;деревня Красная Горка;такси Уфа деревня Красная Горка;0;;0;;0;;0;[]
https://city2city.ru/ufa-arxangelsk;Уфа;Архангельск;такси Уфа Архангельск;16;;0;;0;;0;[]
https://city2city.ru/ufa-asha;Уфа;Аша;такси Уфа Аша;51;такси уфа аша;51;;0;;0;"[{""phrase"": ""такси уфа аша"", ""count"": ""51""}]"
https://city2city.ru/ufa-aznakaevo;Уфа;Азнакаево;такси Уфа Азнакаево;31;уфа азнакаево такси;31;азнакаево уфа маршрутное такси;8;;0;"[{""phrase"": ""уфа азнакаево такси"", ""count"": ""31""}, {""phrase"": ""азнакаево уфа маршрутное такси"", ""count"": ""8""}]"
https://city2city.ru/ufa-bajmak;Уфа;Баймак;такси Уфа Баймак;289;такси баймак уфа;289;такси уфа баймак номера;57;такси уфа баймак телефон;55;"[{""phrase"": ""такси баймак уфа"", ""count"": ""289""}, {""phrase"": ""такси уфа баймак номера"", ""count"": ""57""}, {""phrase"": ""такси уфа баймак телефон"", ""count"": ""55""}, {""phrase"": ""такси уфа баймак номера телефонов"", ""count"": ""52""}, {""phrase"": ""такси уфа баймак цена"", ""count"": ""17""}, {""phrase"": ""уфа баймак такси попутчик"", ""count"": ""14""}, {""phrase"": ""такси баймак уфа номера телефонов попутчик"", ""count"": ""12""}, {""phrase"": ""такси туган як баймак уфа"", ""count"": ""11""}, {""phrase"": ""такси юлдар баймак уфа"", ""count"": ""7""}]"
https://city2city.ru/ufa-bakal;Уфа;Бакал;такси Уфа Бакал;18;такси уфа бакалы;18;;0;;0;"[{""phrase"": ""такси уфа бакалы"", ""count"": ""18""}]"
https://city2city.ru/ufa-bavly;Уфа;Бавлы;такси Уфа Бавлы;8;;0;;0;;0;[]
https://city2city.ru/ufa-belebej;Уфа;;такси Уфа ;46695;такси уфа;46695;яндекс такси уфа;10424;такси уфа телефон;8024;"[{""phrase"": ""такси уфа"", ""count"": ""46695""}, {""phrase"": ""яндекс такси уфа"", ""count"": ""10424""}, {""phrase"": ""такси уфа телефон"", ""count"": ""8024""}, {""phrase"": ""номер такси уфа"", ""count"": ""6574""}, {""phrase"": ""такси максим уфа"", ""count"": ""2884""}, {""phrase"": ""такси яндекс уфа телефон"", ""count"": ""2879""}, {""phrase"": ""заказ такси уфа"", ""count"": ""1996""}, {""phrase"": ""такси октябрьский уфа"", ""count"": ""1786""}, {""phrase"": ""такси уфа телефон для заказа"", ""count"": ""1701""}, {""phrase"": ""яндекс такси уфа номер"", ""count"": ""1650""}]"
https://city2city.ru/ufa-beloreck;Уфа;;такси Уфа ;46695;такси уфа;46695;яндекс такси уфа;10424;такси уфа телефон;8024;"[{""phrase"": ""такси уфа"", ""count"": ""46695""}, {""phrase"": ""яндекс такси уфа"", ""count"": ""10424""}, {""phrase"": ""такси уфа телефон"", ""count"": ""8024""}, {""phrase"": ""номер такси уфа"", ""count"": ""6574""}, {""phrase"": ""такси максим уфа"", ""count"": ""2884""}, {""phrase"": ""такси яндекс уфа телефон"", ""count"": ""2879""}, {""phrase"": ""заказ такси уфа"", ""count"": ""1996""}, {""phrase"": ""такси октябрьский уфа"", ""count"": ""1786""}, {""phrase"": ""такси уфа телефон для заказа"", ""count"": ""1701""}, {""phrase"": ""яндекс такси уфа номер"", ""count"": ""1650""}]"
https://city2city.ru/ufa-berdyaush;Уфа;посёлок городского типа Бердяуш;такси Уфа посёлок городского типа Бердяуш;0;;0;;0;;0;[]
https://city2city.ru/ufa-berezniki;Уфа;Березники;такси Уфа Березники;2;;0;;0;;0;[]
https://city2city.ru/ufa-birsk;Уфа;Бирск;такси Уфа Бирск;77;такси уфа бирск;77;старгус такси бирск уфа;6;такси бирск уфа цена;6;"[{""phrase"": ""такси уфа бирск"", ""count"": ""77""}, {""phrase"": ""старгус такси бирск уфа"", ""count"": ""6""}, {""phrase"": ""такси бирск уфа цена"", ""count"": ""6""}, {""phrase"": ""такси межгород уфа бирск"", ""count"": ""5""}]"
https://city2city.ru/ufa-blagoveshhensk;Уфа;Благовещенск;такси Уфа Благовещенск;82;такси уфа благовещенск;82;такси уфа благовещенск рб;16;такси уфа благовещенск рб цена;10;"[{""phrase"": ""такси уфа благовещенск"", ""count"": ""82""}, {""phrase"": ""такси уфа благовещенск рб"", ""count"": ""16""}, {""phrase"": ""такси уфа благовещенск рб цена"", ""count"": ""10""}, {""phrase"": ""сколько стоит такси от благовещенска до уфы"", ""count"": ""7""}, {""phrase"": ""такси официальный сайт благовещенск уфа"", ""count"": ""5""}]"
https://city2city.ru/ufa-bugulma;Уфа;Бугульма;такси Уфа Бугульма;58;такси бугульма уфа;58;бугульма уфа такси межгород;13;;0;"[{""phrase"": ""такси бугульма уфа"", ""count"": ""58""}, {""phrase"": ""бугульма уфа такси межгород"", ""count"": ""13""}]"
https://city2city.ru/ufa-buguruslan;Уфа;Бугуруслан;такси Уфа Бугуруслан;7;уфа бугуруслан такси;7;;0;;0;"[{""phrase"": ""уфа бугуруслан такси"", ""count"": ""7""}]"
https://city2city.ru/ufa-buzuluk;Уфа;Бузулук;такси Уфа Бузулук;9;такси бузулук уфа;9;;0;;0;"[{""phrase"": ""такси бузулук уфа"", ""count"": ""9""}]"
https://city2city.ru/ufa-chajkovskij;Уфа;Чайковский;такси Уфа Чайковский;2;;0;;0;;0;[]
https://city2city.ru/ufa-chebarkul;Уфа;Чебаркуль;такси Уфа Чебаркуль;7;такси уфа чебаркуль;7;;0;;0;"[{""phrase"": ""такси уфа чебаркуль"", ""count"": ""7""}]"
https://city2city.ru/ufa-cheboksary;Уфа;Чебоксары;такси Уфа Чебоксары;7;уфа чебоксары такси;7;;0;;0;"[{""phrase"": ""уфа чебоксары такси"", ""count"": ""7""}]"
https://city2city.ru/ufa-chelyabinsk;Уфа;;такси Уфа ;46695;такси уфа;46695;яндекс такси уфа;10424;такси уфа телефон;8024;"[{""phrase"": ""такси уфа"", ""count"": ""46695""}, {""phrase"": ""яндекс такси уфа"", ""count"": ""10424""}, {""phrase"": ""такси уфа телефон"", ""count"": ""8024""}, {""phrase"": ""номер такси уфа"", ""count"": ""6574""}, {""phrase"": ""такси максим уфа"", ""count"": ""2884""}, {""phrase"": ""такси яндекс уфа телефон"", ""count"": ""2879""}, {""phrase"": ""заказ такси уфа"", ""count"": ""1996""}, {""phrase"": ""такси октябрьский уфа"", ""count"": ""1786""}, {""phrase"": ""такси уфа телефон для заказа"", ""count"": ""1701""}, {""phrase"": ""яндекс такси уфа номер"", ""count"": ""1650""}]"
https://city2city.ru/ufa-chernushka;Уфа;Чернушка;такси Уфа Чернушка;8;такси уфа чернушка;8;;0;;0;"[{""phrase"": ""такси уфа чернушка"", ""count"": ""8""}]"
https://city2city.ru/ufa-chishmy;Уфа;деревня Чишмы;такси Уфа деревня Чишмы;0;;0;;0;;0;[]
https://city2city.ru/ufa-chistopol;Уфа;Чистополь;такси Уфа Чистополь;0;;0;;0;;0;[]
https://city2city.ru/ufa-davlekanovo;Уфа;деревня Давлеканово;такси Уфа деревня Давлеканово;0;;0;;0;;0;[]
https://city2city.ru/ufa-dimitrovgrad;Уфа;Димитровград;такси Уфа Димитровград;3;;0;;0;;0;[]
https://city2city.ru/ufa-dmitrievka;Уфа;село Дмитриевка;такси Уфа село Дмитриевка;0;;0;;0;;0;[]
https://city2city.ru/ufa-doneczk-rostovskaya-oblast;Уфа;Донецк;такси Уфа Донецк;47;такси донецк уфа;47;такси межгород уфа донецк днр;7;такси донецк уфа стоимость;5;"[{""phrase"": ""такси донецк уфа"", ""count"": ""47""}, {""phrase"": ""такси межгород уфа донецк днр"", ""count"": ""7""}, {""phrase"": ""такси донецк уфа стоимость"", ""count"": ""5""}]"
https://city2city.ru/ufa-dyurtyuli;Уфа;село Дюртюли;такси Уфа село Дюртюли;0;;0;;0;;0;[]
https://city2city.ru/ufa-dzhalil;Уфа;посёлок городского типа Джалиль;такси Уфа посёлок городского типа Джалиль;0;;0;;0;;0;[]
https://city2city.ru/ufa-ekaterinburg;Уфа;;такси Уфа ;46695;такси уфа;46695;яндекс такси уфа;10424;такси уфа телефон;8024;"[{""phrase"": ""такси уфа"", ""count"": ""46695""}, {""phrase"": ""яндекс такси уфа"", ""count"": ""10424""}, {""phrase"": ""такси уфа телефон"", ""count"": ""8024""}, {""phrase"": ""номер такси уфа"", ""count"": ""6574""}, {""phrase"": ""такси максим уфа"", ""count"": ""2884""}, {""phrase"": ""такси яндекс уфа телефон"", ""count"": ""2879""}, {""phrase"": ""заказ такси уфа"", ""count"": ""1996""}, {""phrase"": ""такси октябрьский уфа"", ""count"": ""1786""}, {""phrase"": ""такси уфа телефон для заказа"", ""count"": ""1701""}, {""phrase"": ""яндекс такси уфа номер"", ""count"": ""1650""}]"
https://city2city.ru/ufa-elabuga;Уфа;Елабуга;такси Уфа Елабуга;10;такси уфа елабуга;10;;0;;0;"[{""phrase"": ""такси уфа елабуга"", ""count"": ""10""}]"
https://city2city.ru/ufa-evpatoriya;Уфа;Евпатория;такси Уфа Евпатория;0;;0;;0;;0;[]
https://city2city.ru/ufa-fyodorovskij;Уфа;посёлок городского типа Фёдоровский;такси Уфа посёлок городского типа Фёдоровский;0;;0;;0;;0;[]
https://city2city.ru/ufa-gaj;Уфа;Гай;такси Уфа Гай;13;такси уфа гай;13;;0;;0;"[{""phrase"": ""такси уфа гай"", ""count"": ""13""}]"
https://city2city.ru/ufa-gelendzhik;Уфа;Геленджик;такси Уфа Геленджик;0;;0;;0;;0;[]
https://city2city.ru/ufa-ishimbaj;Уфа;;такси Уфа ;46695;такси уфа;46695;яндекс такси уфа;10424;такси уфа телефон;8024;"[{""phrase"": ""такси уфа"", ""count"": ""46695""}, {""phrase"": ""яндекс такси уфа"", ""count"": ""10424""}, {""phrase"": ""такси уфа телефон"", ""count"": ""8024""}, {""phrase"": ""номер такси уфа"", ""count"": ""6574""}, {""phrase"": ""такси максим уфа"", ""count"": ""2884""}, {""phrase"": ""такси яндекс уфа телефон"", ""count"": ""2879""}, {""phrase"": ""заказ такси уфа"", ""count"": ""1996""}, {""phrase"": ""такси октябрьский уфа"", ""count"": ""1786""}, {""phrase"": ""такси уфа телефон для заказа"", ""count"": ""1701""}, {""phrase"": ""яндекс такси уфа номер"", ""count"": ""1650""}]"
https://city2city.ru/ufa-ivanovo;Уфа;Иваново;такси Уфа Иваново;1;;0;;0;;0;[]
https://city2city.ru/ufa-izhevsk;Уфа;Ижевск;такси Уфа Ижевск;130;такси уфа ижевск;130;такси ижевск уфа цена;13;уфа ижевск такси межгород;12;"[{""phrase"": ""такси уфа ижевск"", ""count"": ""130""}, {""phrase"": ""такси ижевск уфа цена"", ""count"": ""13""}, {""phrase"": ""уфа ижевск такси межгород"", ""count"": ""12""}, {""phrase"": ""такси уфа ижевск стоимость"", ""count"": ""9""}]"
https://city2city.ru/ufa-joshkar-ola;Уфа;Йошкар-Ола;такси Уфа Йошкар-Ола;0;;0;;0;;0;[]
https://city2city.ru/ufa-kambarka;Уфа;Камбарка;такси Уфа Камбарка;0;;0;;0;;0;[]
https://city2city.ru/ufa-kazan;Уфа;Казань;такси Уфа Казань;276;такси казань уфа;276;такси уфа казань цена;39;казань уфа такси межгород;37;"[{""phrase"": ""такси казань уфа"", ""count"": ""276""}, {""phrase"": ""такси уфа казань цена"", ""count"": ""39""}, {""phrase"": ""казань уфа такси межгород"", ""count"": ""37""}, {""phrase"": ""сколько стоит такси уфа казань"", ""count"": ""14""}, {""phrase"": ""такси казань уфа цена стоимость"", ""count"": ""9""}]"
https://city2city.ru/ufa-kirov;Уфа;Киров;такси Уфа Киров;25;такси киров уфа;25;;0;;0;"[{""phrase"": ""такси киров уфа"", ""count"": ""25""}]"
https://city2city.ru/ufa-kogalym;Уфа;Когалым;такси Уфа Когалым;1;;0;;0;;0;[]
https://city2city.ru/ufa-korkino;Уфа;Коркино;такси Уфа Коркино;0;;0;;0;;0;[]
https://city2city.ru/ufa-krasnoufimsk;Уфа;Красноуфимск;такси Уфа Красноуфимск;1;;0;;0;;0;[]
https://city2city.ru/ufa-krasnyj-xolm;Уфа;Красный Холм;такси Уфа Красный Холм;0;;0;;0;;0;[]
https://city2city.ru/ufa-kropachyovo;Уфа;посёлок городского типа Кропачёво;такси Уфа посёлок городского типа Кропачёво;0;;0;;0;;0;[]
https://city2city.ru/ufa-kumertau;Уфа;;такси Уфа ;46695;такси уфа;46695;яндекс такси уфа;10424;такси уфа телефон;8024;"[{""phrase"": ""такси уфа"", ""count"": ""46695""}, {""phrase"": ""яндекс такси уфа"", ""count"": ""10424""}, {""phrase"": ""такси уфа телефон"", ""count"": ""8024""}, {""phrase"": ""номер такси уфа"", ""count"": ""6574""}, {""phrase"": ""такси максим уфа"", ""count"": ""2884""}, {""phrase"": ""такси яндекс уфа телефон"", ""count"": ""2879""}, {""phrase"": ""заказ такси уфа"", ""count"": ""1996""}, {""phrase"": ""такси октябрьский уфа"", ""count"": ""1786""}, {""phrase"": ""такси уфа телефон для заказа"", ""count"": ""1701""}, {""phrase"": ""яндекс такси уфа номер"", ""count"": ""1650""}]"
https://city2city.ru/ufa-kurgan;Уфа;Курган;такси Уфа Курган;5;;0;;0;;0;[]
https://city2city.ru/ufa-kursk;Уфа;Курск;такси Уфа Курск;5;;0;;0;;0;[]
https://city2city.ru/ufa-kusa;Уфа;Куса;такси Уфа Куса;2;;0;;0;;0;[]
https://city2city.ru/ufa-kuvandyk;Уфа;Кувандык;такси Уфа Кувандык;14;такси уфа кувандык;14;;0;;0;"[{""phrase"": ""такси уфа кувандык"", ""count"": ""14""}]"
https://city2city.ru/ufa-leninogorsk;Уфа;Лениногорск;такси Уфа Лениногорск;13;лениногорск уфа такси;13;;0;;0;"[{""phrase"": ""лениногорск уфа такси"", ""count"": ""13""}]"
https://city2city.ru/ufa-magnitogorsk;Уфа;;такси Уфа ;46695;такси уфа;46695;яндекс такси уфа;10424;такси уфа телефон;8024;"[{""phrase"": ""такси уфа"", ""count"": ""46695""}, {""phrase"": ""яндекс такси уфа"", ""count"": ""10424""}, {""phrase"": ""такси уфа телефон"", ""count"": ""8024""}, {""phrase"": ""номер такси уфа"", ""count"": ""6574""}, {""phrase"": ""такси максим уфа"", ""count"": ""2884""}, {""phrase"": ""такси яндекс уфа телефон"", ""count"": ""2879""}, {""phrase"": ""заказ такси уфа"", ""count"": ""1996""}, {""phrase"": ""такси октябрьский уфа"", ""count"": ""1786""}, {""phrase"": ""такси уфа телефон для заказа"", ""count"": ""1701""}, {""phrase"": ""яндекс такси уфа номер"", ""count"": ""1650""}]"
https://city2city.ru/ufa-mednogorsk;Уфа;Медногорск;такси Уфа Медногорск;4;;0;;0;;0;[]
https://city2city.ru/ufa-meleuz;Уфа;;такси Уфа ;46695;такси уфа;46695;яндекс такси уфа;10424;такси уфа телефон;8024;"[{""phrase"": ""такси уфа"", ""count"": ""46695""}, {""phrase"": ""яндекс такси уфа"", ""count"": ""10424""}, {""phrase"": ""такси уфа телефон"", ""count"": ""8024""}, {""phrase"": ""номер такси уфа"", ""count"": ""6574""}, {""phrase"": ""такси максим уфа"", ""count"": ""2884""}, {""phrase"": ""такси яндекс уфа телефон"", ""count"": ""2879""}, {""phrase"": ""заказ такси уфа"", ""count"": ""1996""}, {""phrase"": ""такси октябрьский уфа"", ""count"": ""1786""}, {""phrase"": ""такси уфа телефон для заказа"", ""count"": ""1701""}, {""phrase"": ""яндекс такси уфа номер"", ""count"": ""1650""}]"
https://city2city.ru/ufa-meleuz-2;Уфа;Мелеуз;такси Уфа Мелеуз;835;такси мелеуз уфа;835;номер такси уфа мелеуз;192;такси мелеуз уфа телефон;123;"[{""phrase"": ""такси мелеуз уфа"", ""count"": ""835""}, {""phrase"": ""номер такси уфа мелеуз"", ""count"": ""192""}, {""phrase"": ""такси мелеуз уфа телефон"", ""count"": ""123""}, {""phrase"": ""такси уфа мелеуз номер телефона"", ""count"": ""113""}, {""phrase"": ""такси мелеуз уфа цена"", ""count"": ""36""}, {""phrase"": ""такси межгород мелеуз уфа"", ""count"": ""26""}, {""phrase"": ""такси уфа мелеуз круглосуточно"", ""count"": ""20""}, {""phrase"": ""такси мелеуз уфа аэропорт"", ""count"": ""14""}, {""phrase"": ""сколько стоит такси уфа мелеуз"", ""count"": ""11""}, {""phrase"": ""такси кумертау мелеуз салават уфа"", ""count"": ""11""}]"
https://city2city.ru/ufa-menzelinsk;Уфа;Мензелинск;такси Уфа Мензелинск;2;;0;;0;;0;[]
https://city2city.ru/ufa-mezhevoj;Уфа;посёлок городского типа Межевой;такси Уфа посёлок городского типа Межевой;0;;0;;0;;0;[]
https://city2city.ru/ufa-mezhgore;Уфа;Межгорье;такси Уфа Межгорье;29;такси межгорье уфа;29;;0;;0;"[{""phrase"": ""такси межгорье уфа"", ""count"": ""29""}]"
https://city2city.ru/ufa-miass;Уфа;Миасс;такси Уфа Миасс;10;такси уфа миасс;10;;0;;0;"[{""phrase"": ""такси уфа миасс"", ""count"": ""10""}]"
https://city2city.ru/ufa-millerovo;Уфа;Миллерово;такси Уфа Миллерово;0;;0;;0;;0;[]
https://city2city.ru/ufa-minyar;Уфа;Миньяр;такси Уфа Миньяр;8;;0;;0;;0;[]
https://city2city.ru/ufa-mishkino;Уфа;поселок городского типа Мишкино;такси Уфа поселок городского типа Мишкино;0;;0;;0;;0;[]
https://city2city.ru/ufa-mixajlovka;Уфа;Михайловка;такси Уфа Михайловка;13;такси уфа михайловка;13;;0;;0;"[{""phrase"": ""такси уфа михайловка"", ""count"": ""13""}]"
https://city2city.ru/ufa-moskva;Уфа;Москва;такси Уфа Москва;323;такси москва уфа;323;уфа москва сколько такси;101;уфа москва такси цена;61;"[{""phrase"": ""такси москва уфа"", ""count"": ""323""}, {""phrase"": ""уфа москва сколько такси"", ""count"": ""101""}, {""phrase"": ""уфа москва такси цена"", ""count"": ""61""}, {""phrase"": ""стоимость такси москва уфа"", ""count"": ""28""}, {""phrase"": ""фильм такси из москвы в уфу"", ""count"": ""22""}, {""phrase"": ""яндекс такси москва уфа"", ""count"": ""19""}, {""phrase"": ""сколько стоит такси из москвы в уфу"", ""count"": ""19""}, {""phrase"": ""фильм про такси из москвы в уфу"", ""count"": ""14""}]"
https://city2city.ru/ufa-mozhga;Уфа;село Можга;такси Уфа село Можга;0;;0;;0;;0;[]
https://city2city.ru/ufa-naberezhnye-chelny;Уфа;;такси Уфа ;46695;такси уфа;46695;яндекс такси уфа;10424;такси уфа телефон;8024;"[{""phrase"": ""такси уфа"", ""count"": ""46695""}, {""phrase"": ""яндекс такси уфа"", ""count"": ""10424""}, {""phrase"": ""такси уфа телефон"", ""count"": ""8024""}, {""phrase"": ""номер такси уфа"", ""count"": ""6574""}, {""phrase"": ""такси максим уфа"", ""count"": ""2884""}, {""phrase"": ""такси яндекс уфа телефон"", ""count"": ""2879""}, {""phrase"": ""заказ такси уфа"", ""count"": ""1996""}, {""phrase"": ""такси октябрьский уфа"", ""count"": ""1786""}, {""phrase"": ""такси уфа телефон для заказа"", ""count"": ""1701""}, {""phrase"": ""яндекс такси уфа номер"", ""count"": ""1650""}]"
https://city2city.ru/ufa-neftekams;Уфа;;такси Уфа ;46695;такси уфа;46695;яндекс такси уфа;10424;такси уфа телефон;8024;"[{""phrase"": ""такси уфа"", ""count"": ""46695""}, {""phrase"": ""яндекс такси уфа"", ""count"": ""10424""}, {""phrase"": ""такси уфа телефон"", ""count"": ""8024""}, {""phrase"": ""номер такси уфа"", ""count"": ""6574""}, {""phrase"": ""такси максим уфа"", ""count"": ""2884""}, {""phrase"": ""такси яндекс уфа телефон"", ""count"": ""2879""}, {""phrase"": ""заказ такси уфа"", ""count"": ""1996""}, {""phrase"": ""такси октябрьский уфа"", ""count"": ""1786""}, {""phrase"": ""такси уфа телефон для заказа"", ""count"": ""1701""}, {""phrase"": ""яндекс такси уфа номер"", ""count"": ""1650""}]"
https://city2city.ru/ufa-nefteyugansk;Уфа;Нефтеюганск;такси Уфа Нефтеюганск;3;;0;;0;;0;[]
https://city2city.ru/ufa-nikolaevka;Уфа;деревня Николаевка;такси Уфа деревня Николаевка;0;;0;;0;;0;[]
https://city2city.ru/ufa-nizhnekamsk;Уфа;;такси Уфа ;46695;такси уфа;46695;яндекс такси уфа;10424;такси уфа телефон;8024;"[{""phrase"": ""такси уфа"", ""count"": ""46695""}, {""phrase"": ""яндекс такси уфа"", ""count"": ""10424""}, {""phrase"": ""такси уфа телефон"", ""count"": ""8024""}, {""phrase"": ""номер такси уфа"", ""count"": ""6574""}, {""phrase"": ""такси максим уфа"", ""count"": ""2884""}, {""phrase"": ""такси яндекс уфа телефон"", ""count"": ""2879""}, {""phrase"": ""заказ такси уфа"", ""count"": ""1996""}, {""phrase"": ""такси октябрьский уфа"", ""count"": ""1786""}, {""phrase"": ""такси уфа телефон для заказа"", ""count"": ""1701""}, {""phrase"": ""яндекс такси уфа номер"", ""count"": ""1650""}]"
https://city2city.ru/ufa-nizhnevartovsk;Уфа;Нижневартовск;такси Уфа Нижневартовск;3;;0;;0;;0;[]
https://city2city.ru/ufa-nizhnij-novgorod;Уфа;Нижний Новгород;такси Уфа Нижний Новгород;22;такси уфа нижний новгород;22;;0;;0;"[{""phrase"": ""такси уфа нижний новгород"", ""count"": ""22""}]"
https://city2city.ru/ufa-nizhnij-tagil;Уфа;Нижний Тагил;такси Уфа Нижний Тагил;1;;0;;0;;0;[]
https://city2city.ru/ufa-novomixajlovka;Уфа;посёлок городского типа Новомихайловский;такси Уфа посёлок городского типа Новомихайловский;0;;0;;0;;0;[]
https://city2city.ru/ufa-novorossijsk;Уфа;Новороссийск;такси Уфа Новороссийск;3;;0;;0;;0;[]
https://city2city.ru/ufa-novotroiczk;Уфа;Новотроицк;такси Уфа Новотроицк;30;новотроицк уфа такси;30;новотроицк уфа маршрутное такси;6;;0;"[{""phrase"": ""новотроицк уфа такси"", ""count"": ""30""}, {""phrase"": ""новотроицк уфа маршрутное такси"", ""count"": ""6""}]"
https://city2city.ru/ufa-novyj-urengoj;Уфа;Новый Уренгой;такси Уфа Новый Уренгой;11;новый уренгой уфа такси;11;;0;;0;"[{""phrase"": ""новый уренгой уфа такси"", ""count"": ""11""}]"
https://city2city.ru/ufa-noyabrsk;Уфа;Ноябрьск;такси Уфа Ноябрьск;1;;0;;0;;0;[]
https://city2city.ru/ufa-nurlat;Уфа;село Нурлаты;такси Уфа село Нурлаты;0;;0;;0;;0;[]
https://city2city.ru/ufa-oktjabrskij;Уфа;;такси Уфа ;46695;такси уфа;46695;яндекс такси уфа;10424;такси уфа телефон;8024;"[{""phrase"": ""такси уфа"", ""count"": ""46695""}, {""phrase"": ""яндекс такси уфа"", ""count"": ""10424""}, {""phrase"": ""такси уфа телефон"", ""count"": ""8024""}, {""phrase"": ""номер такси уфа"", ""count"": ""6574""}, {""phrase"": ""такси максим уфа"", ""count"": ""2884""}, {""phrase"": ""такси яндекс уфа телефон"", ""count"": ""2879""}, {""phrase"": ""заказ такси уфа"", ""count"": ""1996""}, {""phrase"": ""такси октябрьский уфа"", ""count"": ""1786""}, {""phrase"": ""такси уфа телефон для заказа"", ""count"": ""1701""}, {""phrase"": ""яндекс такси уфа номер"", ""count"": ""1650""}]"
https://city2city.ru/ufa-orenburg;Уфа;;такси Уфа ;46695;такси уфа;46695;яндекс такси уфа;10424;такси уфа телефон;8024;"[{""phrase"": ""такси уфа"", ""count"": ""46695""}, {""phrase"": ""яндекс такси уфа"", ""count"": ""10424""}, {""phrase"": ""такси уфа телефон"", ""count"": ""8024""}, {""phrase"": ""номер такси уфа"", ""count"": ""6574""}, {""phrase"": ""такси максим уфа"", ""count"": ""2884""}, {""phrase"": ""такси яндекс уфа телефон"", ""count"": ""2879""}, {""phrase"": ""заказ такси уфа"", ""count"": ""1996""}, {""phrase"": ""такси октябрьский уфа"", ""count"": ""1786""}, {""phrase"": ""такси уфа телефон для заказа"", ""count"": ""1701""}, {""phrase"": ""яндекс такси уфа номер"", ""count"": ""1650""}]"
https://city2city.ru/ufa-orsk;Уфа;Орск;такси Уфа Орск;296;такси уфа орск;296;орск уфа телефоны такси;43;орск уфа такси ларгус;28;"[{""phrase"": ""такси уфа орск"", ""count"": ""296""}, {""phrase"": ""орск уфа телефоны такси"", ""count"": ""43""}, {""phrase"": ""орск уфа такси ларгус"", ""count"": ""28""}, {""phrase"": ""такси орск уфа диспетчер"", ""count"": ""22""}, {""phrase"": ""такси орск уфа телефон диспетчера"", ""count"": ""22""}, {""phrase"": ""орск уфа такси цена"", ""count"": ""20""}, {""phrase"": ""уфа орск такси номер"", ""count"": ""20""}, {""phrase"": ""такси уфа орск номера телефонов"", ""count"": ""16""}, {""phrase"": ""орск уфа такси ларгус цена"", ""count"": ""14""}]"
https://city2city.ru/ufa-osa;Уфа;Оса;такси Уфа Оса;0;;0;;0;;0;[]
https://city2city.ru/ufa-pavlovka;Уфа;посёлок городского типа Павловка;такси Уфа посёлок городского типа Павловка;0;;0;;0;;0;[]
https://city2city.ru/ufa-penza;Уфа;Пенза;такси Уфа Пенза;3;;0;;0;;0;[]
https://city2city.ru/ufa-perm;Уфа;;такси Уфа ;46695;такси уфа;46695;яндекс такси уфа;10424;такси уфа телефон;8024;"[{""phrase"": ""такси уфа"", ""count"": ""46695""}, {""phrase"": ""яндекс такси уфа"", ""count"": ""10424""}, {""phrase"": ""такси уфа телефон"", ""count"": ""8024""}, {""phrase"": ""номер такси уфа"", ""count"": ""6574""}, {""phrase"": ""такси максим уфа"", ""count"": ""2884""}, {""phrase"": ""такси яндекс уфа телефон"", ""count"": ""2879""}, {""phrase"": ""заказ такси уфа"", ""count"": ""1996""}, {""phrase"": ""такси октябрьский уфа"", ""count"": ""1786""}, {""phrase"": ""такси уфа телефон для заказа"", ""count"": ""1701""}, {""phrase"": ""яндекс такси уфа номер"", ""count"": ""1650""}]"
https://city2city.ru/ufa-podolsk;Уфа;Подольск;такси Уфа Подольск;0;;0;;0;;0;[]
https://city2city.ru/ufa-poxvistnevo;Уфа;Похвистнево;такси Уфа Похвистнево;2;;0;;0;;0;[]
https://city2city.ru/ufa-priyutovo;Уфа;поселок городского типа Приютово;такси Уфа поселок городского типа Приютово;0;;0;;0;;0;[]
https://city2city.ru/ufa-pyt-yax;Уфа;Пыть-Ях;такси Уфа Пыть-Ях;2;;0;;0;;0;[]
https://city2city.ru/ufa-rostov-na-donu;Уфа;Ростов-на-Дону;такси Уфа Ростов-на-Дону;14;такси ростов на дону уфа;14;;0;;0;"[{""phrase"": ""такси ростов на дону уфа"", ""count"": ""14""}]"
https://city2city.ru/ufa-ryazan;Уфа;Рязань;такси Уфа Рязань;7;;0;;0;;0;[]
https://city2city.ru/ufa-salavat;Уфа;;такси Уфа ;46695;такси уфа;46695;яндекс такси уфа;10424;такси уфа телефон;8024;"[{""phrase"": ""такси уфа"", ""count"": ""46695""}, {""phrase"": ""яндекс такси уфа"", ""count"": ""10424""}, {""phrase"": ""такси уфа телефон"", ""count"": ""8024""}, {""phrase"": ""номер такси уфа"", ""count"": ""6574""}, {""phrase"": ""такси максим уфа"", ""count"": ""2884""}, {""phrase"": ""такси яндекс уфа телефон"", ""count"": ""2879""}, {""phrase"": ""заказ такси уфа"", ""count"": ""1996""}, {""phrase"": ""такси октябрьский уфа"", ""count"": ""1786""}, {""phrase"": ""такси уфа телефон для заказа"", ""count"": ""1701""}, {""phrase"": ""яндекс такси уфа номер"", ""count"": ""1650""}]"
https://city2city.ru/ufa-samara;Уфа;;такси Уфа ;46695;такси уфа;46695;яндекс такси уфа;10424;такси уфа телефон;8024;"[{""phrase"": ""такси уфа"", ""count"": ""46695""}, {""phrase"": ""яндекс такси уфа"", ""count"": ""10424""}, {""phrase"": ""такси уфа телефон"", ""count"": ""8024""}, {""phrase"": ""номер такси уфа"", ""count"": ""6574""}, {""phrase"": ""такси максим уфа"", ""count"": ""2884""}, {""phrase"": ""такси яндекс уфа телефон"", ""count"": ""2879""}, {""phrase"": ""заказ такси уфа"", ""count"": ""1996""}, {""phrase"": ""такси октябрьский уфа"", ""count"": ""1786""}, {""phrase"": ""такси уфа телефон для заказа"", ""count"": ""1701""}, {""phrase"": ""яндекс такси уфа номер"", ""count"": ""1650""}]"
https://city2city.ru/ufa-sankt-peterburg;Уфа;Санкт-Петербург;такси Уфа Санкт-Петербург;10;такси уфа санкт петербург;10;;0;;0;"[{""phrase"": ""такси уфа санкт петербург"", ""count"": ""10""}]"
https://city2city.ru/ufa-saransk;Уфа;Саранск;такси Уфа Саранск;6;;0;;0;;0;[]
https://city2city.ru/ufa-sarapul;Уфа;Сарапул;такси Уфа Сарапул;3;;0;;0;;0;[]
https://city2city.ru/ufa-saratov;Уфа;Саратов;такси Уфа Саратов;19;такси уфа саратов;19;;0;;0;"[{""phrase"": ""такси уфа саратов"", ""count"": ""19""}]"
https://city2city.ru/ufa-satka;Уфа;Сатка;такси Уфа Сатка;14;;0;;0;;0;[]
https://city2city.ru/ufa-sevastopol;Уфа;Севастополь;такси Уфа Севастополь;0;;0;;0;;0;[]
https://city2city.ru/ufa-sibaj;Уфа;;такси Уфа ;46695;такси уфа;46695;яндекс такси уфа;10424;такси уфа телефон;8024;"[{""phrase"": ""такси уфа"", ""count"": ""46695""}, {""phrase"": ""яндекс такси уфа"", ""count"": ""10424""}, {""phrase"": ""такси уфа телефон"", ""count"": ""8024""}, {""phrase"": ""номер такси уфа"", ""count"": ""6574""}, {""phrase"": ""такси максим уфа"", ""count"": ""2884""}, {""phrase"": ""такси яндекс уфа телефон"", ""count"": ""2879""}, {""phrase"": ""заказ такси уфа"", ""count"": ""1996""}, {""phrase"": ""такси октябрьский уфа"", ""count"": ""1786""}, {""phrase"": ""такси уфа телефон для заказа"", ""count"": ""1701""}, {""phrase"": ""яндекс такси уфа номер"", ""count"": ""1650""}]"
https://city2city.ru/ufa-sim;Уфа;Сим;такси Уфа Сим;7;;0;;0;;0;[]
https://city2city.ru/ufa-simferopol;Уфа;Симферополь;такси Уфа Симферополь;0;;0;;0;;0;[]
https://city2city.ru/ufa-sochi;Уфа;Сочи;такси Уфа Сочи;7;;0;;0;;0;[]
https://city2city.ru/ufa-sol-ileczk;Уфа;Соль-Илецк;такси Уфа Соль-Илецк;8;;0;;0;;0;[]
https://city2city.ru/ufa-solikamsk;Уфа;Соликамск;такси Уфа Соликамск;0;;0;;0;;0;[]
https://city2city.ru/ufa-sorochinsk;Уфа;Сорочинск;такси Уфа Сорочинск;8;;0;;0;;0;[]
https://city2city.ru/ufa-stavropol;Уфа;Ставрополь;такси Уфа Ставрополь;3;;0;;0;;0;[]
https://city2city.ru/ufa-sterlitamak;Уфа;;такси Уфа ;46695;такси уфа;46695;яндекс такси уфа;10424;такси уфа телефон;8024;"[{""phrase"": ""такси уфа"", ""count"": ""46695""}, {""phrase"": ""яндекс такси уфа"", ""count"": ""10424""}, {""phrase"": ""такси уфа телефон"", ""count"": ""8024""}, {""phrase"": ""номер такси уфа"", ""count"": ""6574""}, {""phrase"": ""такси максим уфа"", ""count"": ""2884""}, {""phrase"": ""такси яндекс уфа телефон"", ""count"": ""2879""}, {""phrase"": ""заказ такси уфа"", ""count"": ""1996""}, {""phrase"": ""такси октябрьский уфа"", ""count"": ""1786""}, {""phrase"": ""такси уфа телефон для заказа"", ""count"": ""1701""}, {""phrase"": ""яндекс такси уфа номер"", ""count"": ""1650""}]"
https://city2city.ru/ufa-surgut;Уфа;Сургут;такси Уфа Сургут;24;такси сургут уфа;24;;0;;0;"[{""phrase"": ""такси сургут уфа"", ""count"": ""24""}]"
https://city2city.ru/ufa-syktyvkar;Уфа;Сыктывкар;такси Уфа Сыктывкар;0;;0;;0;;0;[]
https://city2city.ru/ufa-syzran;Уфа;Сызрань;такси Уфа Сызрань;3;;0;;0;;0;[]
https://city2city.ru/ufa-tambov;Уфа;Тамбов;такси Уфа Тамбов;1;;0;;0;;0;[]
https://city2city.ru/ufa-tolyatti;Уфа;Тольятти;такси Уфа Тольятти;12;уфа тольятти такси;12;;0;;0;"[{""phrase"": ""уфа тольятти такси"", ""count"": ""12""}]"
https://city2city.ru/ufa-troiczk;Уфа;Троицк;такси Уфа Троицк;0;;0;;0;;0;[]
https://city2city.ru/ufa-tryoxgornyj;Уфа;Трёхгорный;такси Уфа Трёхгорный;12;;0;;0;;0;[]
https://city2city.ru/ufa-tujmazy;Уфа;;такси Уфа ;46695;такси уфа;46695;яндекс такси уфа;10424;такси уфа телефон;8024;"[{""phrase"": ""такси уфа"", ""count"": ""46695""}, {""phrase"": ""яндекс такси уфа"", ""count"": ""10424""}, {""phrase"": ""такси уфа телефон"", ""count"": ""8024""}, {""phrase"": ""номер такси уфа"", ""count"": ""6574""}, {""phrase"": ""такси максим уфа"", ""count"": ""2884""}, {""phrase"": ""такси яндекс уфа телефон"", ""count"": ""2879""}, {""phrase"": ""заказ такси уфа"", ""count"": ""1996""}, {""phrase"": ""такси октябрьский уфа"", ""count"": ""1786""}, {""phrase"": ""такси уфа телефон для заказа"", ""count"": ""1701""}, {""phrase"": ""яндекс такси уфа номер"", ""count"": ""1650""}]"
https://city2city.ru/ufa-tver;Уфа;Тверь;такси Уфа Тверь;2;;0;;0;;0;[]
https://city2city.ru/ufa-tyumen;Уфа;Тюмень;такси Уфа Тюмень;18;такси тюмень уфа;18;;0;;0;"[{""phrase"": ""такси тюмень уфа"", ""count"": ""18""}]"
https://city2city.ru/ufa-uchaly;Уфа;село Учалы;такси Уфа село Учалы;0;;0;;0;;0;[]
https://city2city.ru/ufa-ulyanovsk;Уфа;Ульяновск;такси Уфа Ульяновск;26;с ульяновска до уфы такси;3;;0;;0;"[{""phrase"": ""с ульяновска до уфы такси"", ""count"": ""3""}]"
https://city2city.ru/ufa-urussu;Уфа;поселок городского типа Уруссу;такси Уфа поселок городского типа Уруссу;0;;0;;0;;0;[]
https://city2city.ru/ufa-usinsk;Уфа;Усинск;такси Уфа Усинск;2;;0;;0;;0;[]
https://city2city.ru/ufa-ust-katav;Уфа;Усть-Катав;такси Уфа Усть-Катав;11;с усть катава до уфы такси;6;;0;;0;"[{""phrase"": ""с усть катава до уфы такси"", ""count"": ""6""}]"
https://city2city.ru/ufa-uxta;Уфа;Ухта;такси Уфа Ухта;4;;0;;0;;0;[]
https://city2city.ru/ufa-vishnevogorsk;Уфа;посёлок городского типа Вишневогорск;такси Уфа посёлок городского типа Вишневогорск;0;;0;;0;;0;[]
https://city2city.ru/ufa-vladimir;Уфа;Владимир;такси Уфа Владимир;0;;0;;0;;0;[]
https://city2city.ru/ufa-volgograd;Уфа;Волгоград;такси Уфа Волгоград;4;;0;;0;;0;[]
https://city2city.ru/ufa-voronezh;Уфа;Воронеж;такси Уфа Воронеж;4;;0;;0;;0;[]
https://city2city.ru/ufa-vyatskie-polyany;Уфа;Вятские Поляны;такси Уфа Вятские Поляны;6;;0;;0;;0;[]
https://city2city.ru/ufa-xanty-mansijsk;Уфа;Ханты-Мансийск;такси Уфа Ханты-Мансийск;3;;0;;0;;0;[]
https://city2city.ru/ufa-yanaul;Уфа;Янаул;такси Уфа Янаул;174;такси янаул уфа;174;такси уфа янаул цена;26;такси уфа янаул номера;16;"[{""phrase"": ""такси янаул уфа"", ""count"": ""174""}, {""phrase"": ""такси уфа янаул цена"", ""count"": ""26""}, {""phrase"": ""такси уфа янаул номера"", ""count"": ""16""}, {""phrase"": ""такси янаул уфа номера телефонов"", ""count"": ""16""}, {""phrase"": ""такси янаул уфа телефон"", ""count"": ""16""}, {""phrase"": ""такси янаул аэропорт уфа"", ""count"": ""15""}, {""phrase"": ""янаул уфа маршрутное такси"", ""count"": ""14""}, {""phrase"": ""такси ласточка янаул уфа"", ""count"": ""5""}, {""phrase"": ""янаул уфа аэропорт янаул такси гузель"", ""count"": ""5""}]"
https://city2city.ru/ufa-yasnyj;Уфа;Ясный;такси Уфа Ясный;0;;0;;0;;0;[]
https://city2city.ru/ufa-yazykovo;Уфа;поселок городского типа Языково;такси Уфа поселок городского типа Языково;0;;0;;0;;0;[]
https://city2city.ru/ufa-yuryuzan;Уфа;Юрюзань;такси Уфа Юрюзань;6;;0;;0;;0;[]
https://city2city.ru/ufa-zainsk;Уфа;Заинск;такси Уфа Заинск;2;;0;;0;;0;[]
https://city2city.ru/ufa-zelenodolsk;Уфа;Зеленодольск;такси Уфа Зеленодольск;0;;0;;0;;0;[]
https://city2city.ru/ufa-zlatoust;Уфа;Златоуст;такси Уфа Златоуст;6;;0;;0;;0;[]
https://city2city.ru/ufa-znamenka;Уфа;посёлок городского типа Знаменка;такси Уфа посёлок городского типа Знаменка;0;;0;;0;;0;[]
https://city2city.ru/ufa-zvyozdnyj;Уфа;посёлок городского типа Звёздный;такси Уфа посёлок городского типа Звёздный;0;;0;;0;;0;[]
https://city2city.ru/uhta-syktyvkar;Ухта;Сыктывкар;такси Ухта Сыктывкар;537;такси ухта сыктывкар;537;такси тиман ухта сыктывкар;269;такси ухта сыктывкар расписание;99;"[{""phrase"": ""такси ухта сыктывкар"", ""count"": ""537""}, {""phrase"": ""такси тиман ухта сыктывкар"", ""count"": ""269""}, {""phrase"": ""такси ухта сыктывкар расписание"", ""count"": ""99""}, {""phrase"": ""такси тиман ухта сыктывкар расписание"", ""count"": ""76""}, {""phrase"": ""такси дк ухта сыктывкар"", ""count"": ""47""}, {""phrase"": ""сыктывкар ухта маршрутное такси"", ""count"": ""36""}, {""phrase"": ""ухта сыктывкар такси цена"", ""count"": ""34""}, {""phrase"": ""такси ухта сыктывкар телефоны"", ""count"": ""34""}, {""phrase"": ""такси межгород ухта сыктывкар"", ""count"": ""26""}, {""phrase"": ""такси тиман ухта сыктывкар расписание автобусов"", ""count"": ""23""}]"
https://city2city.ru/ulan-udje-irkutsk;Улан-Удэ;Иркутск;такси Улан-Удэ Иркутск;117;такси иркутск улан удэ;117;маршрутное такси улан удэ иркутск;40;маршрутное такси иркутск улан удэ расписание;18;"[{""phrase"": ""такси иркутск улан удэ"", ""count"": ""117""}, {""phrase"": ""маршрутное такси улан удэ иркутск"", ""count"": ""40""}, {""phrase"": ""маршрутное такси иркутск улан удэ расписание"", ""count"": ""18""}, {""phrase"": ""такси улан удэ иркутск цена"", ""count"": ""10""}, {""phrase"": ""такси маршрутка иркутск улан удэ"", ""count"": ""6""}, {""phrase"": ""стоимость такси улан удэ иркутск"", ""count"": ""5""}]"
https://city2city.ru/ulyanovsk-alatyr;Ульяновск;Алатырь;такси Ульяновск Алатырь;13;;0;;0;;0;[]
https://city2city.ru/ulyanovsk-app-nikolaevka;Ульяновск;село Варваринка;такси Ульяновск село Варваринка;0;;0;;0;;0;[]
https://city2city.ru/ulyanovsk-ardatov;Ульяновск;рабочий посёлок Ардатов;такси Ульяновск рабочий посёлок Ардатов;0;;0;;0;;0;[]
https://city2city.ru/ulyanovsk-aznakaevo;Ульяновск;Азнакаево;такси Ульяновск Азнакаево;1;;0;;0;;0;[]
https://city2city.ru/ulyanovsk-balakovo;Ульяновск;Балаково;такси Ульяновск Балаково;1;;0;;0;;0;[]
https://city2city.ru/ulyanovsk-barysh;Ульяновск;Барыш;такси Ульяновск Барыш;15;такси ульяновск барыш;15;;0;;0;"[{""phrase"": ""такси ульяновск барыш"", ""count"": ""15""}]"
https://city2city.ru/ulyanovsk-bazarnyj-syzgan;Ульяновск;поселок городского типа Базарный Сызган;такси Ульяновск поселок городского типа Базарный Сызган;0;;0;;0;;0;[]
https://city2city.ru/ulyanovsk-belgorod;Ульяновск;Белгород;такси Ульяновск Белгород;1;;0;;0;;0;[]
https://city2city.ru/ulyanovsk-belyj-yar;Ульяновск;посёлок городского типа Белый Яр;такси Ульяновск посёлок городского типа Белый Яр;0;;0;;0;;0;[]
https://city2city.ru/ulyanovsk-bolgar;Ульяновск;Болгар;такси Ульяновск Болгар;2;;0;;0;;0;[]
https://city2city.ru/ulyanovsk-bugulma;Ульяновск;Бугульма;такси Ульяновск Бугульма;1;;0;;0;;0;[]
https://city2city.ru/ulyanovsk-buguruslan;Ульяновск;Бугуруслан;такси Ульяновск Бугуруслан;2;;0;;0;;0;[]
https://city2city.ru/ulyanovsk-buinsk;Ульяновск;Буинск;такси Ульяновск Буинск;6;;0;;0;;0;[]
https://city2city.ru/ulyanovsk-buzuluk;Ульяновск;Бузулук;такси Ульяновск Бузулук;0;;0;;0;;0;[]
https://city2city.ru/ulyanovsk-cheboksary;Ульяновск;Чебоксары;такси Ульяновск Чебоксары;26;такси чебоксары ульяновск;26;;0;;0;"[{""phrase"": ""такси чебоксары ульяновск"", ""count"": ""26""}]"
https://city2city.ru/ulyanovsk-chelyabinsk;Ульяновск;Челябинск;такси Ульяновск Челябинск;8;такси ульяновск челябинск;8;;0;;0;"[{""phrase"": ""такси ульяновск челябинск"", ""count"": ""8""}]"
https://city2city.ru/ulyanovsk-cherdakly;Ульяновск;посёлок городского типа Чердаклы;такси Ульяновск посёлок городского типа Чердаклы;0;;0;;0;;0;[]
https://city2city.ru/ulyanovsk-chistopol;Ульяновск;Чистополь;такси Ульяновск Чистополь;1;;0;;0;;0;[]
https://city2city.ru/ulyanovsk-chufarovo;Ульяновск;рабочий поселок Чуфарово;такси Ульяновск рабочий поселок Чуфарово;0;;0;;0;;0;[]
https://city2city.ru/ulyanovsk-czemzavod;Ульяновск;поселок городского типа Цемзавод;такси Ульяновск поселок городского типа Цемзавод;0;;0;;0;;0;[]
https://city2city.ru/ulyanovsk-czilna;Ульяновск;поселок городского типа Цильна;такси Ульяновск поселок городского типа Цильна;0;;0;;0;;0;[]
https://city2city.ru/ulyanovsk-dimitrovgrad;Ульяновск;Димитровград;такси Ульяновск Димитровград;105;такси ульяновск димитровград;105;такси ульяновск димитровград цена;27;такси ульяновск димитровград стоимость;15;"[{""phrase"": ""такси ульяновск димитровград"", ""count"": ""105""}, {""phrase"": ""такси ульяновск димитровград цена"", ""count"": ""27""}, {""phrase"": ""такси ульяновск димитровград стоимость"", ""count"": ""15""}, {""phrase"": ""сколько стоит такси от димитровграда до ульяновска"", ""count"": ""12""}, {""phrase"": ""такси с ульяновска до димитровграда мьоимог"", ""count"": ""5""}, {""phrase"": ""дешевое такси с димитровграда до ульяновска"", ""count"": ""5""}]"
https://city2city.ru/ulyanovsk-ekaterinburg;Ульяновск;Екатеринбург;такси Ульяновск Екатеринбург;20;такси ульяновск екатеринбург;20;;0;;0;"[{""phrase"": ""такси ульяновск екатеринбург"", ""count"": ""20""}]"
https://city2city.ru/ulyanovsk-glotovka;Ульяновск;посёлок городского типа Глотовка;такси Ульяновск посёлок городского типа Глотовка;0;;0;;0;;0;[]
https://city2city.ru/ulyanovsk-granicza-kazaxstan;Ульяновск;52А-3;такси Ульяновск 52А-3;0;;0;;0;;0;[]
https://city2city.ru/ulyanovsk-granicza-ukraina;Ульяновск;река Старая Граница;такси Ульяновск река Старая Граница;0;;0;;0;;0;[]
https://city2city.ru/ulyanovsk-ignatovka;Ульяновск;поселок городского типа Игнатовка;такси Ульяновск поселок городского типа Игнатовка;0;;0;;0;;0;[]
https://city2city.ru/ulyanovsk-inza;Ульяновск;Инза;такси Ульяновск Инза;20;такси ульяновск инза;20;;0;;0;"[{""phrase"": ""такси ульяновск инза"", ""count"": ""20""}]"
https://city2city.ru/ulyanovsk-isheevka;Ульяновск;рабочий поселок Ишеевка;такси Ульяновск рабочий поселок Ишеевка;0;;0;;0;;0;[]
https://city2city.ru/ulyanovsk-ishimbaj;Ульяновск;Ишимбай;такси Ульяновск Ишимбай;0;;0;;0;;0;[]
https://city2city.ru/ulyanovsk-ivanovo;Ульяновск;Иваново;такси Ульяновск Иваново;0;;0;;0;;0;[]
https://city2city.ru/ulyanovsk-izhevsk;Ульяновск;Ижевск;такси Ульяновск Ижевск;6;такси ульяновск ижевск;6;такси мост ижевск ульяновск;5;;0;"[{""phrase"": ""такси ульяновск ижевск"", ""count"": ""6""}, {""phrase"": ""такси мост ижевск ульяновск"", ""count"": ""5""}]"
https://city2city.ru/ulyanovsk-joshkar-ola;Ульяновск;Йошкар-Ола;такси Ульяновск Йошкар-Ола;4;;0;;0;;0;[]
https://city2city.ru/ulyanovsk-kanash;Ульяновск;деревня Канаш;такси Ульяновск деревня Канаш;0;;0;;0;;0;[]
https://city2city.ru/ulyanovsk-karsun;Ульяновск;поселок городского типа Карсун;такси Ульяновск поселок городского типа Карсун;0;;0;;0;;0;[]
https://city2city.ru/ulyanovsk-kazan;Ульяновск;Казань;такси Ульяновск Казань;234;такси казань ульяновск;234;такси казань аэропорт ульяновск;68;казань ульяновск такси цена;64;"[{""phrase"": ""такси казань ульяновск"", ""count"": ""234""}, {""phrase"": ""такси казань аэропорт ульяновск"", ""count"": ""68""}, {""phrase"": ""казань ульяновск такси цена"", ""count"": ""64""}, {""phrase"": ""такси ульяновск казань аэропорт цена"", ""count"": ""33""}, {""phrase"": ""такси казань ульяновск стоимость"", ""count"": ""31""}, {""phrase"": ""сколько стоит такси ульяновск казань"", ""count"": ""23""}, {""phrase"": ""такси казань ульяновск стоимость проезда"", ""count"": ""15""}, {""phrase"": ""такси межгород ульяновск казань"", ""count"": ""7""}]"
https://city2city.ru/ulyanovsk-kirov;Ульяновск;Киров;такси Ульяновск Киров;19;ульяновск киров такси;19;;0;;0;"[{""phrase"": ""ульяновск киров такси"", ""count"": ""19""}]"
https://city2city.ru/ulyanovsk-krasnyj-gulyaj;Ульяновск;посёлок городского типа Красный Гуляй;такси Ульяновск посёлок городского типа Красный Гуляй;0;;0;;0;;0;[]
https://city2city.ru/ulyanovsk-kuzneczk;Ульяновск;Кузнецк;такси Ульяновск Кузнецк;8;;0;;0;;0;[]
https://city2city.ru/ulyanovsk-kuzovatovo;Ульяновск;рабочий посёлок Кузоватово;такси Ульяновск рабочий посёлок Кузоватово;0;;0;;0;;0;[]
https://city2city.ru/ulyanovsk-lugovoj;Ульяновск;посёлок городского типа Луговой;такси Ульяновск посёлок городского типа Луговой;0;;0;;0;;0;[]
https://city2city.ru/ulyanovsk-majna;Ульяновск;поселок городского типа Старая Майна;такси Ульяновск поселок городского типа Старая Майна;0;;0;;0;;0;[]
https://city2city.ru/ulyanovsk-mullovka;Ульяновск;поселок городского типа Мулловка;такси Ульяновск поселок городского типа Мулловка;0;;0;;0;;0;[]
https://city2city.ru/ulyanovsk-naberezhnye-chelny;Ульяновск;Набережные Челны;такси Ульяновск Набережные Челны;2;;0;;0;;0;[]
https://city2city.ru/ulyanovsk-nikolaevka;Ульяновск;деревня Николаевка;такси Ульяновск деревня Николаевка;0;;0;;0;;0;[]
https://city2city.ru/ulyanovsk-nizhnekamsk;Ульяновск;Нижнекамск;такси Ульяновск Нижнекамск;4;;0;;0;;0;[]
https://city2city.ru/ulyanovsk-nizhnij-novgorod;Ульяновск;Нижний Новгород;такси Ульяновск Нижний Новгород;23;такси ульяновск нижний новгород;23;;0;;0;"[{""phrase"": ""такси ульяновск нижний новгород"", ""count"": ""23""}]"
https://city2city.ru/ulyanovsk-novocheboksarsk;Ульяновск;Новочебоксарск;такси Ульяновск Новочебоксарск;0;;0;;0;;0;[]
https://city2city.ru/ulyanovsk-novospasskoe;Ульяновск;посёлок городского типа Новоспасское;такси Ульяновск посёлок городского типа Новоспасское;0;;0;;0;;0;[]
https://city2city.ru/ulyanovsk-novoulyanovsk;Ульяновск;Новоульяновск;такси Ульяновск Новоульяновск;8;такси новоульяновск ульяновск;8;;0;;0;"[{""phrase"": ""такси новоульяновск ульяновск"", ""count"": ""8""}]"
https://city2city.ru/ulyanovsk-nurlat;Ульяновск;село Нурлаты;такси Ульяновск село Нурлаты;0;;0;;0;;0;[]
https://city2city.ru/ulyanovsk-oktyabrskij;Ульяновск;поселок Октябрьский;такси Ульяновск поселок Октябрьский;0;;0;;0;;0;[]
https://city2city.ru/ulyanovsk-orenburg;Ульяновск;Оренбург;такси Ульяновск Оренбург;10;такси ульяновск оренбург;10;;0;;0;"[{""phrase"": ""такси ульяновск оренбург"", ""count"": ""10""}]"
https://city2city.ru/ulyanovsk-orsk;Ульяновск;Орск;такси Ульяновск Орск;4;;0;;0;;0;[]
https://city2city.ru/ulyanovsk-otradnyj;Ульяновск;Отрадный;такси Ульяновск Отрадный;0;;0;;0;;0;[]
https://city2city.ru/ulyanovsk-pavlovka;Ульяновск;посёлок городского типа Павловка;такси Ульяновск посёлок городского типа Павловка;0;;0;;0;;0;[]
https://city2city.ru/ulyanovsk-penza;Ульяновск;Пенза;такси Ульяновск Пенза;30;такси ульяновск пенза;30;;0;;0;"[{""phrase"": ""такси ульяновск пенза"", ""count"": ""30""}]"
https://city2city.ru/ulyanovsk-perm;Ульяновск;Пермь;такси Ульяновск Пермь;9;такси ульяновск пермь;9;;0;;0;"[{""phrase"": ""такси ульяновск пермь"", ""count"": ""9""}]"
https://city2city.ru/ulyanovsk-radishhevo;Ульяновск;посёлок городского типа Радищево;такси Ульяновск посёлок городского типа Радищево;0;;0;;0;;0;[]
https://city2city.ru/ulyanovsk-ryazan;Ульяновск;Рязань;такси Ульяновск Рязань;4;;0;;0;;0;[]
https://city2city.ru/ulyanovsk-samara;Ульяновск;Самара;такси Ульяновск Самара;116;такси самара ульяновск;116;сколько стоит такси самара ульяновск;30;такси самара ульяновск цены;24;"[{""phrase"": ""такси самара ульяновск"", ""count"": ""116""}, {""phrase"": ""сколько стоит такси самара ульяновск"", ""count"": ""30""}, {""phrase"": ""такси самара ульяновск цены"", ""count"": ""24""}, {""phrase"": ""такси самара ульяновск стоимость"", ""count"": ""14""}, {""phrase"": ""такси самара ульяновск цена на январь 2026г"", ""count"": ""5""}]"
https://city2city.ru/ulyanovsk-sankt-peterburg;Ульяновск;Санкт-Петербург;такси Ульяновск Санкт-Петербург;13;;0;;0;;0;[]
https://city2city.ru/ulyanovsk-saratov;Ульяновск;Саратов;такси Ульяновск Саратов;5;такси саратов ульяновск;5;;0;;0;"[{""phrase"": ""такси саратов ульяновск"", ""count"": ""5""}]"
https://city2city.ru/ulyanovsk-sengilej;Ульяновск;Сенгилей;такси Ульяновск Сенгилей;6;такси сенгилей ульяновск;6;;0;;0;"[{""phrase"": ""такси сенгилей ульяновск"", ""count"": ""6""}]"
https://city2city.ru/ulyanovsk-shumerlya;Ульяновск;деревня Шумерля;такси Ульяновск деревня Шумерля;0;;0;;0;;0;[]
https://city2city.ru/ulyanovsk-silikatnyj;Ульяновск;рабочий посёлок Силикатный;такси Ульяновск рабочий посёлок Силикатный;0;;0;;0;;0;[]
https://city2city.ru/ulyanovsk-sochi;Ульяновск;Сочи;такси Ульяновск Сочи;5;;0;;0;;0;[]
https://city2city.ru/ulyanovsk-staraya-kulatka;Ульяновск;посёлок городского типа Старая Кулатка;такси Ульяновск посёлок городского типа Старая Кулатка;0;;0;;0;;0;[]
https://city2city.ru/ulyanovsk-staraya-majna;Ульяновск;поселок городского типа Старая Майна;такси Ульяновск поселок городского типа Старая Майна;0;;0;;0;;0;[]
https://city2city.ru/ulyanovsk-starotimoshkino;Ульяновск;поселок городского типа Старотимошкино;такси Ульяновск поселок городского типа Старотимошкино;0;;0;;0;;0;[]
https://city2city.ru/ulyanovsk-surskoe;Ульяновск;рабочий посёлок Сурское;такси Ульяновск рабочий посёлок Сурское;0;;0;;0;;0;[]
https://city2city.ru/ulyanovsk-syktyvkar;Ульяновск;Сыктывкар;такси Ульяновск Сыктывкар;0;;0;;0;;0;[]
https://city2city.ru/ulyanovsk-syzran;Ульяновск;Сызрань;такси Ульяновск Сызрань;41;такси сызрань ульяновск;41;такси сызрань ульяновск стоимость;13;;0;"[{""phrase"": ""такси сызрань ульяновск"", ""count"": ""41""}, {""phrase"": ""такси сызрань ульяновск стоимость"", ""count"": ""13""}]"
https://city2city.ru/ulyanovsk-terenga;Ульяновск;посёлок городского типа Тереньга;такси Ульяновск посёлок городского типа Тереньга;0;;0;;0;;0;[]
https://city2city.ru/ulyanovsk-tetyushi;Ульяновск;Тетюши;такси Ульяновск Тетюши;6;;0;;0;;0;[]
https://city2city.ru/ulyanovsk-tolyatti;Ульяновск;Тольятти;такси Ульяновск Тольятти;19;такси ульяновск тольятти;19;;0;;0;"[{""phrase"": ""такси ульяновск тольятти"", ""count"": ""19""}]"
https://city2city.ru/ulyanovsk-ufa;Ульяновск;Уфа;такси Ульяновск Уфа;26;с ульяновска до уфы такси;3;;0;;0;"[{""phrase"": ""с ульяновска до уфы такси"", ""count"": ""3""}]"
https://city2city.ru/ulyanovsk-veshkajma;Ульяновск;рабочий посёлок Вешкайма;такси Ульяновск рабочий посёлок Вешкайма;0;;0;;0;;0;[]
https://city2city.ru/ulyanovsk-volgograd;Ульяновск;Волгоград;такси Ульяновск Волгоград;4;;0;;0;;0;[]
https://city2city.ru/ulyanovsk-xvalynsk;Ульяновск;Хвалынск;такси Ульяновск Хвалынск;1;;0;;0;;0;[]
https://city2city.ru/ulyanovsk-yazykovo;Ульяновск;поселок городского типа Языково;такси Ульяновск поселок городского типа Языково;0;;0;;0;;0;[]
https://city2city.ru/ulyanovsk-zhadovka;Ульяновск;поселок городского типа Жадовка;такси Ульяновск поселок городского типа Жадовка;0;;0;;0;;0;[]
https://city2city.ru/urazovo-belgorod;рабочий посёлок Уразово;;такси рабочий посёлок Уразово ;0;;0;;0;;0;[]
https://city2city.ru/ust-kut-irkutsk;Усть-Кут;Иркутск;такси Усть-Кут Иркутск;18;такси усть кут иркутск;18;;0;;0;"[{""phrase"": ""такси усть кут иркутск"", ""count"": ""18""}]"
https://city2city.ru/valuyki-belgorod;Валуйки;;такси Валуйки ;2499;такси валуйки;2499;такси некст валуйки;658;такси валуйки телефона;419;"[{""phrase"": ""такси валуйки"", ""count"": ""2499""}, {""phrase"": ""такси некст валуйки"", ""count"": ""658""}, {""phrase"": ""такси валуйки телефона"", ""count"": ""419""}, {""phrase"": ""такси валуйки номер телефона"", ""count"": ""363""}, {""phrase"": ""такси некст валуйки номер"", ""count"": ""287""}, {""phrase"": ""такси некст валуйки телефона"", ""count"": ""198""}, {""phrase"": ""такси каприз валуйки"", ""count"": ""191""}, {""phrase"": ""такси некст валуйки номер телефона"", ""count"": ""170""}, {""phrase"": ""такси метро валуйки"", ""count"": ""101""}, {""phrase"": ""такси валуйки белгородская"", ""count"": ""99""}]"
https://city2city.ru/valuyki-voronezh;Валуйки;;такси Валуйки ;2499;такси валуйки;2499;такси некст валуйки;658;такси валуйки телефона;419;"[{""phrase"": ""такси валуйки"", ""count"": ""2499""}, {""phrase"": ""такси некст валуйки"", ""count"": ""658""}, {""phrase"": ""такси валуйки телефона"", ""count"": ""419""}, {""phrase"": ""такси валуйки номер телефона"", ""count"": ""363""}, {""phrase"": ""такси некст валуйки номер"", ""count"": ""287""}, {""phrase"": ""такси некст валуйки телефона"", ""count"": ""198""}, {""phrase"": ""такси каприз валуйки"", ""count"": ""191""}, {""phrase"": ""такси некст валуйки номер телефона"", ""count"": ""170""}, {""phrase"": ""такси метро валуйки"", ""count"": ""101""}, {""phrase"": ""такси валуйки белгородская"", ""count"": ""99""}]"
https://city2city.ru/velikiy-novgorod-app-kunichina-gora;Великий Новгород;посёлок Куничина Гора;такси Великий Новгород посёлок Куничина Гора;0;;0;;0;;0;[]
https://city2city.ru/velikiy-novgorod-app-shumilkino;Великий Новгород;деревня Горланово;такси Великий Новгород деревня Горланово;0;;0;;0;;0;[]
https://city2city.ru/velikiy-novgorod-belgorod;Великий Новгород;Белгород;такси Великий Новгород Белгород;5;;0;;0;;0;[]
https://city2city.ru/velikiy-novgorod-chudovo;Великий Новгород;деревня Чудово;такси Великий Новгород деревня Чудово;0;;0;;0;;0;[]
https://city2city.ru/velikiy-novgorod-demyansk;Великий Новгород;посёлок городского типа Демянск;такси Великий Новгород посёлок городского типа Демянск;0;;0;;0;;0;[]
https://city2city.ru/velikiy-novgorod-ermolino;Великий Новгород;Ермолино;такси Великий Новгород Ермолино;1;;0;;0;;0;[]
https://city2city.ru/velikiy-novgorod-holm;Великий Новгород;деревня Холм;такси Великий Новгород деревня Холм;0;;0;;0;;0;[]
https://city2city.ru/velikiy-novgorod-hvoynaya;Великий Новгород;деревня Хвойная;такси Великий Новгород деревня Хвойная;0;;0;;0;;0;[]
https://city2city.ru/velikiy-novgorod-ivangorod;Великий Новгород;Ивангород;такси Великий Новгород Ивангород;0;;0;;0;;0;[]
https://city2city.ru/velikiy-novgorod-kirishi;Великий Новгород;Кириши;такси Великий Новгород Кириши;3;;0;;0;;0;[]
https://city2city.ru/velikiy-novgorod-kresttsy;Великий Новгород;деревня Крестцы;такси Великий Новгород деревня Крестцы;0;;0;;0;;0;[]
https://city2city.ru/velikiy-novgorod-lyubytino;Великий Новгород;поселок городского типа Любытино;такси Великий Новгород поселок городского типа Любытино;0;;0;;0;;0;[]
https://city2city.ru/velikiy-novgorod-malaya-vishera;Великий Новгород;Малая Вишера;такси Великий Новгород Малая Вишера;55;такси малая вишера великий новгород;55;маршрутное такси малая вишера великий новгород;19;;0;"[{""phrase"": ""такси малая вишера великий новгород"", ""count"": ""55""}, {""phrase"": ""маршрутное такси малая вишера великий новгород"", ""count"": ""19""}]"
https://city2city.ru/velikiy-novgorod-moskva;Великий Новгород;Москва;такси Великий Новгород Москва;34;такси великий новгород москва;34;;0;;0;"[{""phrase"": ""такси великий новгород москва"", ""count"": ""34""}]"
https://city2city.ru/velikiy-novgorod-nebolchi;Великий Новгород;рабочий посёлок Неболчи;такси Великий Новгород рабочий посёлок Неболчи;0;;0;;0;;0;[]
https://city2city.ru/velikiy-novgorod-okulovka;Великий Новгород;деревня Окуловка;такси Великий Новгород деревня Окуловка;0;;0;;0;;0;[]
https://city2city.ru/velikiy-novgorod-parfino;Великий Новгород;посёлок городского типа Парфино;такси Великий Новгород посёлок городского типа Парфино;0;;0;;0;;0;[]
https://city2city.ru/velikiy-novgorod-pestovo;Великий Новгород;деревня Пестово;такси Великий Новгород деревня Пестово;0;;0;;0;;0;[]
https://city2city.ru/velikiy-novgorod-porhov;Великий Новгород;Порхов;такси Великий Новгород Порхов;2;;0;;0;;0;[]
https://city2city.ru/velikiy-novgorod-proletariy;Великий Новгород;посёлок городского типа Пролетарий;такси Великий Новгород посёлок городского типа Пролетарий;0;;0;;0;;0;[]
https://city2city.ru/velikiy-novgorod-pskov;Великий Новгород;Псков;такси Великий Новгород Псков;33;такси великий новгород псков;33;великий новгород псков маршрутное такси;18;великий новгород псков маршрутное такси вконтакте;6;"[{""phrase"": ""такси великий новгород псков"", ""count"": ""33""}, {""phrase"": ""великий новгород псков маршрутное такси"", ""count"": ""18""}, {""phrase"": ""великий новгород псков маршрутное такси вконтакте"", ""count"": ""6""}]"
https://city2city.ru/velikiy-novgorod-sankt-peterburg;Великий Новгород;Санкт-Петербург;такси Великий Новгород Санкт-Петербург;174;такси санкт петербург великий новгород;174;маршрутное такси санкт петербург великий новгород;57;такси великий новгород санкт петербург цена;39;"[{""phrase"": ""такси санкт петербург великий новгород"", ""count"": ""174""}, {""phrase"": ""маршрутное такси санкт петербург великий новгород"", ""count"": ""57""}, {""phrase"": ""такси великий новгород санкт петербург цена"", ""count"": ""39""}, {""phrase"": ""маршрутное такси великий новгород санкт петербург расписание"", ""count"": ""17""}, {""phrase"": ""такси межгород великий новгород санкт петербург"", ""count"": ""15""}, {""phrase"": ""санкт петербург великий новгород такси стоимость"", ""count"": ""13""}]"
https://city2city.ru/velikiy-novgorod-savino;Великий Новгород;деревня Савино;такси Великий Новгород деревня Савино;0;;0;;0;;0;[]
https://city2city.ru/velikiy-novgorod-shimsk;Великий Новгород;Шимский район;такси Великий Новгород Шимский район;0;;0;;0;;0;[]
https://city2city.ru/velikiy-novgorod-soltsy;Великий Новгород;Сольцы;такси Великий Новгород Сольцы;17;такси великий новгород сольцы;17;;0;;0;"[{""phrase"": ""такси великий новгород сольцы"", ""count"": ""17""}]"
https://city2city.ru/velikiy-novgorod-staraya-russa;Великий Новгород;Старая Русса;такси Великий Новгород Старая Русса;52;такси великий новгород старая русса;52;такси великий новгород старая русса цена;16;;0;"[{""phrase"": ""такси великий новгород старая русса"", ""count"": ""52""}, {""phrase"": ""такси великий новгород старая русса цена"", ""count"": ""16""}]"
https://city2city.ru/velikiy-novgorod-uglovka;Великий Новгород;поселок городского типа Угловка;такси Великий Новгород поселок городского типа Угловка;0;;0;;0;;0;[]
https://city2city.ru/velikiy-novgorod-valday;Великий Новгород;Валдай;такси Великий Новгород Валдай;31;такси великий новгород валдай;31;маршрутное такси великий новгород валдай;18;;0;"[{""phrase"": ""такси великий новгород валдай"", ""count"": ""31""}, {""phrase"": ""маршрутное такси великий новгород валдай"", ""count"": ""18""}]"
https://city2city.ru/velikiy-novgorod-vologda;Великий Новгород;Вологда;такси Великий Новгород Вологда;0;;0;;0;;0;[]
https://city2city.ru/vladimir-aleksandrov;Владимир;Александров;такси Владимир Александров;34;такси владимир александров;34;;0;;0;"[{""phrase"": ""такси владимир александров"", ""count"": ""34""}]"
https://city2city.ru/vladimir-anapa;Владимир;Анапа;такси Владимир Анапа;1;;0;;0;;0;[]
https://city2city.ru/vladimir-balakirevo;Владимир;посёлок городского типа Балакирево;такси Владимир посёлок городского типа Балакирево;0;;0;;0;;0;[]
https://city2city.ru/vladimir-belgorod;Владимир;Белгород;такси Владимир Белгород;8;;0;;0;;0;[]
https://city2city.ru/vladimir-druzhinino;Владимир;посёлок городского типа Дружинино;такси Владимир посёлок городского типа Дружинино;0;;0;;0;;0;[]
https://city2city.ru/vladimir-ekaterinburg;Владимир;Екатеринбург;такси Владимир Екатеринбург;4;;0;;0;;0;[]
https://city2city.ru/vladimir-granicza-kazaxstan;Владимир;52А-3;такси Владимир 52А-3;0;;0;;0;;0;[]
https://city2city.ru/vladimir-gus-xrustalnyj;Владимир;Гусь-Хрустальный;такси Владимир Гусь-Хрустальный;52;такси гусь хрустальный владимир;52;такси владимир гусь хрустальный цена;12;;0;"[{""phrase"": ""такси гусь хрустальный владимир"", ""count"": ""52""}, {""phrase"": ""такси владимир гусь хрустальный цена"", ""count"": ""12""}]"
https://city2city.ru/vladimir-ivanovo;Владимир;Иваново;такси Владимир Иваново;74;такси владимир иваново;74;маршрутное такси владимир иваново;17;такси владимир иваново стоимость;16;"[{""phrase"": ""такси владимир иваново"", ""count"": ""74""}, {""phrase"": ""маршрутное такси владимир иваново"", ""count"": ""17""}, {""phrase"": ""такси владимир иваново стоимость"", ""count"": ""16""}, {""phrase"": ""такси владимир иваново стоимость поездки"", ""count"": ""11""}]"
https://city2city.ru/vladimir-kameshkovo;Владимир;Камешково;такси Владимир Камешково;22;такси камешково владимир;22;;0;;0;"[{""phrase"": ""такси камешково владимир"", ""count"": ""22""}]"
https://city2city.ru/vladimir-kazan;Владимир;Казань;такси Владимир Казань;11;;0;;0;;0;[]
https://city2city.ru/vladimir-kirzhach;Владимир;Киржач;такси Владимир Киржач;5;;0;;0;;0;[]
https://city2city.ru/vladimir-kolchugino;Владимир;Кольчугино;такси Владимир Кольчугино;66;такси кольчугино владимир;66;такси кольчугино владимир цена;12;владимир кольчугино такси межгород;5;"[{""phrase"": ""такси кольчугино владимир"", ""count"": ""66""}, {""phrase"": ""такси кольчугино владимир цена"", ""count"": ""12""}, {""phrase"": ""владимир кольчугино такси межгород"", ""count"": ""5""}]"
https://city2city.ru/vladimir-kosteryovo;Владимир;Костерёво;такси Владимир Костерёво;8;;0;;0;;0;[]
https://city2city.ru/vladimir-kostroma;Владимир;Кострома;такси Владимир Кострома;11;;0;;0;;0;[]
https://city2city.ru/vladimir-kovrov;Владимир;Ковров;такси Владимир Ковров;67;такси владимир ковров;67;сколько стоит такси ковров владимир;22;такси владимир ковров цена;21;"[{""phrase"": ""такси владимир ковров"", ""count"": ""67""}, {""phrase"": ""сколько стоит такси ковров владимир"", ""count"": ""22""}, {""phrase"": ""такси владимир ковров цена"", ""count"": ""21""}, {""phrase"": ""сколько стоит такси от коврова до владимира"", ""count"": ""11""}, {""phrase"": ""бизнес такси владимир ковров цена"", ""count"": ""10""}]"
https://city2city.ru/vladimir-krasnaya-gorbatka;Владимир;посёлок городского типа Красная Горбатка;такси Владимир посёлок городского типа Красная Горбатка;0;;0;;0;;0;[]
https://city2city.ru/vladimir-krasnogorsk;Владимир;Красногорск;такси Владимир Красногорск;2;;0;;0;;0;[]
https://city2city.ru/vladimir-kurlovo;Владимир;Курлово;такси Владимир Курлово;5;;0;;0;;0;[]
https://city2city.ru/vladimir-lipeczk;Владимир;Липецк;такси Владимир Липецк;2;;0;;0;;0;[]
https://city2city.ru/vladimir-malysheva;Владимир;рабочий поселок Малышева;такси Владимир рабочий поселок Малышева;0;;0;;0;;0;[]
https://city2city.ru/vladimir-melenki;Владимир;Меленки;такси Владимир Меленки;13;;0;;0;;0;[]
https://city2city.ru/vladimir-moskva;Владимир;Москва;такси Владимир Москва;191;такси москва владимир;191;такси москва владимир стоимость;36;такси владимир москва цена;32;"[{""phrase"": ""такси москва владимир"", ""count"": ""191""}, {""phrase"": ""такси москва владимир стоимость"", ""count"": ""36""}, {""phrase"": ""такси владимир москва цена"", ""count"": ""32""}, {""phrase"": ""сколько стоит такси от владимира до москвы"", ""count"": ""20""}, {""phrase"": ""междугородное такси москва владимир"", ""count"": ""5""}]"
https://city2city.ru/vladimir-mstyora;Владимир;посёлок городского типа Мстёра;такси Владимир посёлок городского типа Мстёра;0;;0;;0;;0;[]
https://city2city.ru/vladimir-murom;Владимир;Муром;такси Владимир Муром;58;такси владимир муром;58;такси муров владимир;40;владимир муром такси цена;11;"[{""phrase"": ""такси владимир муром"", ""count"": ""58""}, {""phrase"": ""такси муров владимир"", ""count"": ""40""}, {""phrase"": ""владимир муром такси цена"", ""count"": ""11""}, {""phrase"": ""такси муром владимир стоимость"", ""count"": ""6""}]"
https://city2city.ru/vladimir-nerl;Владимир;поселок городского типа Нерль;такси Владимир поселок городского типа Нерль;0;;0;;0;;0;[]
https://city2city.ru/vladimir-nikologory;Владимир;посёлок городского типа Никологоры;такси Владимир посёлок городского типа Никологоры;0;;0;;0;;0;[]
https://city2city.ru/vladimir-nizhnij-novgorod;Владимир;Нижний Новгород;такси Владимир Нижний Новгород;33;такси нижний новгород владимир;33;;0;;0;"[{""phrase"": ""такси нижний новгород владимир"", ""count"": ""33""}]"
https://city2city.ru/vladimir-oboyan;Владимир;Обоянь;такси Владимир Обоянь;6;такси владимир обоянь;6;;0;;0;"[{""phrase"": ""такси владимир обоянь"", ""count"": ""6""}]"
https://city2city.ru/vladimir-orenburg;Владимир;Оренбург;такси Владимир Оренбург;0;;0;;0;;0;[]
https://city2city.ru/vladimir-oryol;Владимир;Орёл;такси Владимир Орёл;6;;0;;0;;0;[]
https://city2city.ru/vladimir-rostov-velikij;Владимир;Ростов;такси Владимир Ростов;7;;0;;0;;0;[]
https://city2city.ru/vladimir-ryazan;Владимир;Рязань;такси Владимир Рязань;13;такси владимир рязань;13;;0;;0;"[{""phrase"": ""такси владимир рязань"", ""count"": ""13""}]"
https://city2city.ru/vladimir-sankt-peterburg;Владимир;Санкт-Петербург;такси Владимир Санкт-Петербург;6;;0;;0;;0;[]
https://city2city.ru/vladimir-sergiev-posad;Владимир;Сергиев Посад;такси Владимир Сергиев Посад;6;;0;;0;;0;[]
https://city2city.ru/vladimir-shumerlya;Владимир;деревня Шумерля;такси Владимир деревня Шумерля;0;;0;;0;;0;[]
https://city2city.ru/vladimir-shuya;Владимир;Шуя;такси Владимир Шуя;3;;0;;0;;0;[]
https://city2city.ru/vladimir-sobinka;Владимир;Собинка;такси Владимир Собинка;18;такси собинка владимир;18;;0;;0;"[{""phrase"": ""такси собинка владимир"", ""count"": ""18""}]"
https://city2city.ru/vladimir-stavrovo;Владимир;посёлок городского типа Ставрово;такси Владимир посёлок городского типа Ставрово;0;;0;;0;;0;[]
https://city2city.ru/vladimir-sudogda;Владимир;Судогда;такси Владимир Судогда;19;такси судогда владимир;19;;0;;0;"[{""phrase"": ""такси судогда владимир"", ""count"": ""19""}]"
https://city2city.ru/vladimir-suzdal;Владимир;Суздаль;такси Владимир Суздаль;298;такси владимир суздаль;298;такси владимир суздаль цена;66;такси владимир суздаль стоимость;59;"[{""phrase"": ""такси владимир суздаль"", ""count"": ""298""}, {""phrase"": ""такси владимир суздаль цена"", ""count"": ""66""}, {""phrase"": ""такси владимир суздаль стоимость"", ""count"": ""59""}, {""phrase"": ""сколько стоит такси от владимира до суздаля"", ""count"": ""35""}, {""phrase"": ""сколько на такси от владимира до суздаля"", ""count"": ""14""}]"
https://city2city.ru/vladimir-vologda;Владимир;Вологда;такси Владимир Вологда;1;;0;;0;;0;[]
https://city2city.ru/vladimir-voronezh;Владимир;Воронеж;такси Владимир Воронеж;8;;0;;0;;0;[]
https://city2city.ru/vladimir-vyazniki;Владимир;Вязники;такси Владимир Вязники;24;такси владимир вязники;24;;0;;0;"[{""phrase"": ""такси владимир вязники"", ""count"": ""24""}]"
https://city2city.ru/vladimir-yaroslavl;Владимир;Ярославль;такси Владимир Ярославль;18;такси владимир ярославль;18;;0;;0;"[{""phrase"": ""такси владимир ярославль"", ""count"": ""18""}]"
https://city2city.ru/vladimir-zubova-polyana;Владимир;посёлок городского типа Зубова Поляна;такси Владимир посёлок городского типа Зубова Поляна;0;;0;;0;;0;[]
https://city2city.ru/vladivostok-aldan;Владивосток;Алдан;такси Владивосток Алдан;0;;0;;0;;0;[]
https://city2city.ru/vladivostok-arsenev;Владивосток;Арсеньев;такси Владивосток Арсеньев;27;такси арсеньев владивосток;27;;0;;0;"[{""phrase"": ""такси арсеньев владивосток"", ""count"": ""27""}]"
https://city2city.ru/vladivostok-artyom;Владивосток;Артём;такси Владивосток Артём;117;такси владивосток артем;117;сколько стоит такси владивосток артем;26;такси с артема до владивостока цена;10;"[{""phrase"": ""такси владивосток артем"", ""count"": ""117""}, {""phrase"": ""сколько стоит такси владивосток артем"", ""count"": ""26""}, {""phrase"": ""такси с артема до владивостока цена"", ""count"": ""10""}]"
https://city2city.ru/vladivostok-bikin;Владивосток;Бикин;такси Владивосток Бикин;3;;0;;0;;0;[]
https://city2city.ru/vladivostok-birobidzhan;Владивосток;Биробиджан;такси Владивосток Биробиджан;2;;0;;0;;0;[]
https://city2city.ru/vladivostok-blagoveshhensk;Владивосток;Благовещенск;такси Владивосток Благовещенск;10;;0;;0;;0;[]
https://city2city.ru/vladivostok-bolshoj-kamen;Владивосток;Большой Камень;такси Владивосток Большой Камень;36;такси большой камень владивосток;36;;0;;0;"[{""phrase"": ""такси большой камень владивосток"", ""count"": ""36""}]"
https://city2city.ru/vladivostok-chita;Владивосток;Чита;такси Владивосток Чита;5;;0;;0;;0;[]
https://city2city.ru/vladivostok-dalnegorsk;Владивосток;Дальнегорск;такси Владивосток Дальнегорск;10;такси дальнегорск владивосток;10;;0;;0;"[{""phrase"": ""такси дальнегорск владивосток"", ""count"": ""10""}]"
https://city2city.ru/vladivostok-dalnerechensk;Владивосток;Дальнереченск;такси Владивосток Дальнереченск;6;;0;;0;;0;[]
https://city2city.ru/vladivostok-fokino;Владивосток;Фокино;такси Владивосток Фокино;16;такси фокино владивосток;16;;0;;0;"[{""phrase"": ""такси фокино владивосток"", ""count"": ""16""}]"
https://city2city.ru/vladivostok-gornye-klyuchi-shmakovka;Владивосток;курортный посёлок Горные Ключи;такси Владивосток курортный посёлок Горные Ключи;0;;0;;0;;0;[]
https://city2city.ru/vladivostok-habarovsk;Владивосток;Хабаровск;такси Владивосток Хабаровск;56;владивосток хабаровск такси;56;;0;;0;"[{""phrase"": ""владивосток хабаровск такси"", ""count"": ""56""}]"
https://city2city.ru/vladivostok-komsomolsk-na-amure;Владивосток;Комсомольск-на-Амуре;такси Владивосток Комсомольск-на-Амуре;1;;0;;0;;0;[]
https://city2city.ru/vladivostok-krasnoyarsk;Владивосток;Красноярск;такси Владивосток Красноярск;5;;0;;0;;0;[]
https://city2city.ru/vladivostok-lesozavodsk;Владивосток;Лесозаводск;такси Владивосток Лесозаводск;12;;0;;0;;0;[]
https://city2city.ru/vladivostok-livadiya;Владивосток;посёлок Ливадия;такси Владивосток посёлок Ливадия;0;;0;;0;;0;[]
https://city2city.ru/vladivostok-naxodka;Владивосток;Находка;такси Владивосток Находка;127;такси владивосток находка;127;сколько стоит такси находка владивосток;30;такси аэропорт владивосток находка;16;"[{""phrase"": ""такси владивосток находка"", ""count"": ""127""}, {""phrase"": ""сколько стоит такси находка владивосток"", ""count"": ""30""}, {""phrase"": ""такси аэропорт владивосток находка"", ""count"": ""16""}, {""phrase"": ""такси находка владивосток стоимость"", ""count"": ""15""}, {""phrase"": ""маршрутное такси находка владивосток"", ""count"": ""14""}, {""phrase"": ""такси владивосток находка цена"", ""count"": ""14""}]"
https://city2city.ru/vladivostok-neryungri;Владивосток;Нерюнгри;такси Владивосток Нерюнгри;0;;0;;0;;0;[]
https://city2city.ru/vladivostok-nikolaevsk-na-amure;Владивосток;Николаевск-на-Амуре;такси Владивосток Николаевск-на-Амуре;0;;0;;0;;0;[]
https://city2city.ru/vladivostok-novosibirsk;Владивосток;Новосибирск;такси Владивосток Новосибирск;3;;0;;0;;0;[]
https://city2city.ru/vladivostok-ostrov-russkij;Владивосток;населенный пункт Остров Большой Олений (Русский Маяк);такси Владивосток населенный пункт Остров Большой Олений (Русский Маяк);0;;0;;0;;0;[]
https://city2city.ru/vladivostok-partizansk;Владивосток;Партизанск;такси Владивосток Партизанск;27;такси партизанск владивосток;27;;0;;0;"[{""phrase"": ""такси партизанск владивосток"", ""count"": ""27""}]"
https://city2city.ru/vladivostok-slavyanka;Владивосток;посёлок городского типа Славянка;такси Владивосток посёлок городского типа Славянка;0;;0;;0;;0;[]
https://city2city.ru/vladivostok-spassk-dalnij;Владивосток;Спасск-Дальний;такси Владивосток Спасск-Дальний;18;такси владивосток спасск дальний;18;;0;;0;"[{""phrase"": ""такси владивосток спасск дальний"", ""count"": ""18""}]"
https://city2city.ru/vladivostok-ulan-ude;Владивосток;Улан-Удэ;такси Владивосток Улан-Удэ;1;;0;;0;;0;[]
https://city2city.ru/vladivostok-ussurijsk;Владивосток;Уссурийск;такси Владивосток Уссурийск;171;такси владивосток уссурийск;171;такси уссурийск владивосток цена;62;такси аэропорт владивосток уссурийск;34;"[{""phrase"": ""такси владивосток уссурийск"", ""count"": ""171""}, {""phrase"": ""такси уссурийск владивосток цена"", ""count"": ""62""}, {""phrase"": ""такси аэропорт владивосток уссурийск"", ""count"": ""34""}, {""phrase"": ""стоимость такси владивосток уссурийск"", ""count"": ""18""}, {""phrase"": ""сколько стоит такси от уссурийска до владивостока"", ""count"": ""15""}, {""phrase"": ""такси аэропорт владивосток уссурийск цена"", ""count"": ""12""}]"
https://city2city.ru/vladivostok-vrangel;Владивосток;Посёлок Врангель;такси Владивосток Посёлок Врангель;1;;0;;0;;0;[]
https://city2city.ru/vladivostok-yakutsk;Владивосток;Якутск;такси Владивосток Якутск;53;такси владивосток якутск;53;такси якутск владивосток цена;11;;0;"[{""phrase"": ""такси владивосток якутск"", ""count"": ""53""}, {""phrase"": ""такси якутск владивосток цена"", ""count"": ""11""}]"
https://city2city.ru/volgograd-anapa;Волгоград;Анапа;такси Волгоград Анапа;6;;0;;0;;0;[]
https://city2city.ru/volgograd-balashov;Волгоград;Балашов;такси Волгоград Балашов;1;;0;;0;;0;[]
https://city2city.ru/volgograd-belaya-kalitva;Волгоград;Белая Калитва;такси Волгоград Белая Калитва;1;;0;;0;;0;[]
https://city2city.ru/volgograd-belgorod;Волгоград;Белгород;такси Волгоград Белгород;10;такси белгород волгоград;10;;0;;0;"[{""phrase"": ""такси белгород волгоград"", ""count"": ""10""}]"
https://city2city.ru/volgograd-bokovskaya;Волгоград;станица Боковская;такси Волгоград станица Боковская;0;;0;;0;;0;[]
https://city2city.ru/volgograd-borisoglebsk;Волгоград;Борисоглебск;такси Волгоград Борисоглебск;0;;0;;0;;0;[]
https://city2city.ru/volgograd-bykovo;Волгоград;рабочий посёлок Быково;такси Волгоград рабочий посёлок Быково;0;;0;;0;;0;[]
https://city2city.ru/volgograd-chertkovo;Волгоград;посёлок городского типа Чертково;такси Волгоград посёлок городского типа Чертково;0;;0;;0;;0;[]
https://city2city.ru/volgograd-czimlyansk;Волгоград;Цимлянск;такси Волгоград Цимлянск;0;;0;;0;;0;[]
https://city2city.ru/volgograd-danilovka;Волгоград;рабочий посёлок Даниловка;такси Волгоград рабочий посёлок Даниловка;0;;0;;0;;0;[]
https://city2city.ru/volgograd-dolzhanskaya;Волгоград;станица Должанская;такси Волгоград станица Должанская;0;;0;;0;;0;[]
https://city2city.ru/volgograd-doneczk-rostovskaya-oblast;Волгоград;Донецк;такси Волгоград Донецк;123;такси донецк волгоград;123;такси волгоград донецк днр;16;такси донецк волгоград цена;14;"[{""phrase"": ""такси донецк волгоград"", ""count"": ""123""}, {""phrase"": ""такси волгоград донецк днр"", ""count"": ""16""}, {""phrase"": ""такси донецк волгоград цена"", ""count"": ""14""}]"
https://city2city.ru/volgograd-dubovka;Волгоград;Дубовка;такси Волгоград Дубовка;16;такси дубовка волгоград;16;;0;;0;"[{""phrase"": ""такси дубовка волгоград"", ""count"": ""16""}]"
https://city2city.ru/volgograd-ejsk;Волгоград;Ейск;такси Волгоград Ейск;0;;0;;0;;0;[]
https://city2city.ru/volgograd-ekaterinburg;Волгоград;Екатеринбург;такси Волгоград Екатеринбург;1;;0;;0;;0;[]
https://city2city.ru/volgograd-elan-kolenovskij;Волгоград;рабочий посёлок Елань-Коленовский;такси Волгоград рабочий посёлок Елань-Коленовский;0;;0;;0;;0;[]
https://city2city.ru/volgograd-elista;Волгоград;Элиста;такси Волгоград Элиста;111;такси волгоград элиста;111;элиста волгоград такси ежедневно;7;;0;"[{""phrase"": ""такси волгоград элиста"", ""count"": ""111""}, {""phrase"": ""элиста волгоград такси ежедневно"", ""count"": ""7""}]"
https://city2city.ru/volgograd-essentuki;Волгоград;Ессентуки;такси Волгоград Ессентуки;2;;0;;0;;0;[]
https://city2city.ru/volgograd-frolovo;Волгоград;Фролово;такси Волгоград Фролово;24;такси волгоград фролово;24;;0;;0;"[{""phrase"": ""такси волгоград фролово"", ""count"": ""24""}]"
https://city2city.ru/volgograd-gorodishhe;Волгоград;рабочий посёлок Городище;такси Волгоград рабочий посёлок Городище;0;;0;;0;;0;[]
https://city2city.ru/volgograd-granicza-kazaxstan;Волгоград;52А-3;такси Волгоград 52А-3;0;;0;;0;;0;[]
https://city2city.ru/volgograd-ilovlya;Волгоград;рабочий посёлок Иловля;такси Волгоград рабочий посёлок Иловля;0;;0;;0;;0;[]
https://city2city.ru/volgograd-kalach-na-donu;Волгоград;Калач-на-Дону;такси Волгоград Калач-на-Дону;11;такси волгоград калач на дону;11;;0;;0;"[{""phrase"": ""такси волгоград калач на дону"", ""count"": ""11""}]"
https://city2city.ru/volgograd-kamensk-shaxtinskij;Волгоград;Каменск-Шахтинский;такси Волгоград Каменск-Шахтинский;1;;0;;0;;0;[]
https://city2city.ru/volgograd-kamyshin;Волгоград;Камышин;такси Волгоград Камышин;93;такси камышин волгоград;93;такси камышин волгоград цены;16;такси волгоград камышин стоимость;10;"[{""phrase"": ""такси камышин волгоград"", ""count"": ""93""}, {""phrase"": ""такси камышин волгоград цены"", ""count"": ""16""}, {""phrase"": ""такси волгоград камышин стоимость"", ""count"": ""10""}, {""phrase"": ""сколько стоит такси от волгограда до камышина"", ""count"": ""8""}]"
https://city2city.ru/volgograd-kazan;Волгоград;Казань;такси Волгоград Казань;22;казань волгоград такси;22;;0;;0;"[{""phrase"": ""казань волгоград такси"", ""count"": ""22""}]"
https://city2city.ru/volgograd-kislovodsk;Волгоград;Кисловодск;такси Волгоград Кисловодск;4;;0;;0;;0;[]
https://city2city.ru/volgograd-kotelnikovo;Волгоград;Котельниково;такси Волгоград Котельниково;17;такси котельниково волгоград;17;;0;;0;"[{""phrase"": ""такси котельниково волгоград"", ""count"": ""17""}]"
https://city2city.ru/volgograd-kotovo;Волгоград;Котово;такси Волгоград Котово;17;;0;;0;;0;[]
https://city2city.ru/volgograd-krasnoslobodsk;Волгоград;Краснослободск;такси Волгоград Краснослободск;11;такси краснослободск волгоград;11;;0;;0;"[{""phrase"": ""такси краснослободск волгоград"", ""count"": ""11""}]"
https://city2city.ru/volgograd-krasnyj-luch;Волгоград;поселок городского типа Красный Луч;такси Волгоград поселок городского типа Красный Луч;0;;0;;0;;0;[]
https://city2city.ru/volgograd-kursk;Волгоград;Курск;такси Волгоград Курск;3;;0;;0;;0;[]
https://city2city.ru/volgograd-lagan;Волгоград;Лагань;такси Волгоград Лагань;0;;0;;0;;0;[]
https://city2city.ru/volgograd-leninsk;Волгоград;Ленинск;такси Волгоград Ленинск;10;;0;;0;;0;[]
https://city2city.ru/volgograd-lgov;Волгоград;Льгов;такси Волгоград Льгов;3;;0;;0;;0;[]
https://city2city.ru/volgograd-lipeczk;Волгоград;Липецк;такси Волгоград Липецк;3;;0;;0;;0;[]
https://city2city.ru/volgograd-mapp-izvarino;Волгоград;посёлок городского типа Изварино;такси Волгоград посёлок городского типа Изварино;0;;0;;0;;0;[]
https://city2city.ru/volgograd-millerovo;Волгоград;Миллерово;такси Волгоград Миллерово;0;;0;;0;;0;[]
https://city2city.ru/volgograd-mineralnye-vody;Волгоград;Минеральные Воды;такси Волгоград Минеральные Воды;0;;0;;0;;0;[]
https://city2city.ru/volgograd-morozovsk;Волгоград;Морозовск;такси Волгоград Морозовск;9;;0;;0;;0;[]
https://city2city.ru/volgograd-moskva;Волгоград;Москва;такси Волгоград Москва;127;такси москва волгоград;127;сколько стоит такси волгоград москва;29;такси москва волгоград цена;13;"[{""phrase"": ""такси москва волгоград"", ""count"": ""127""}, {""phrase"": ""сколько стоит такси волгоград москва"", ""count"": ""29""}, {""phrase"": ""такси москва волгоград цена"", ""count"": ""13""}]"
https://city2city.ru/volgograd-naberezhnye-chelny;Волгоград;Набережные Челны;такси Волгоград Набережные Челны;2;;0;;0;;0;[]
https://city2city.ru/volgograd-narimanov;Волгоград;Нариманов;такси Волгоград Нариманов;2;;0;;0;;0;[]
https://city2city.ru/volgograd-nikolaevsk;Волгоград;Николаевск;такси Волгоград Николаевск;7;;0;;0;;0;[]
https://city2city.ru/volgograd-nizhnekamsk;Волгоград;Нижнекамск;такси Волгоград Нижнекамск;2;;0;;0;;0;[]
https://city2city.ru/volgograd-nizhnij-baskunchak;Волгоград;посёлок городского типа Нижний Баскунчак;такси Волгоград посёлок городского типа Нижний Баскунчак;0;;0;;0;;0;[]
https://city2city.ru/volgograd-oblivskaya;Волгоград;станица Обливская;такси Волгоград станица Обливская;1;;0;;0;;0;[]
https://city2city.ru/volgograd-orenburg;Волгоград;Оренбург;такси Волгоград Оренбург;5;;0;;0;;0;[]
https://city2city.ru/volgograd-osinki;Волгоград;поселок городского типа Осинки;такси Волгоград поселок городского типа Осинки;0;;0;;0;;0;[]
https://city2city.ru/volgograd-pallasovka;Волгоград;Палласовка;такси Волгоград Палласовка;18;такси волгоград палласовка;18;;0;;0;"[{""phrase"": ""такси волгоград палласовка"", ""count"": ""18""}]"
https://city2city.ru/volgograd-park-loga;Волгоград;парк Лога;такси Волгоград парк Лога;0;;0;;0;;0;[]
https://city2city.ru/volgograd-penza;Волгоград;Пенза;такси Волгоград Пенза;6;;0;;0;;0;[]
https://city2city.ru/volgograd-perm;Волгоград;Пермь;такси Волгоград Пермь;4;;0;;0;;0;[]
https://city2city.ru/volgograd-posyolok-czagan-aman;Волгоград;посёлок городского типа Цаган Аман;такси Волгоград посёлок городского типа Цаган Аман;0;;0;;0;;0;[]
https://city2city.ru/volgograd-posyolok-ketchenery;Волгоград;поселок Кетченеры;такси Волгоград поселок Кетченеры;0;;0;;0;;0;[]
https://city2city.ru/volgograd-posyolok-komsomolskij;Волгоград;посёлок Комсомольский;такси Волгоград посёлок Комсомольский;0;;0;;0;;0;[]
https://city2city.ru/volgograd-posyolok-orlovskij;Волгоград;посёлок Орловский;такси Волгоград посёлок Орловский;0;;0;;0;;0;[]
https://city2city.ru/volgograd-posyolok-zimovniki;Волгоград;посёлок Зимовники;такси Волгоград посёлок Зимовники;0;;0;;0;;0;[]
https://city2city.ru/volgograd-pyatigorsk;Волгоград;Пятигорск;такси Волгоград Пятигорск;3;;0;;0;;0;[]
https://city2city.ru/volgograd-rossosh;Волгоград;Россошь;такси Волгоград Россошь;1;;0;;0;;0;[]
https://city2city.ru/volgograd-rostov-na-donu;Волгоград;Ростов-на-Дону;такси Волгоград Ростов-на-Дону;61;такси ростов на дону волгоград;61;такси волгоград ростов на дону цена;12;волгоград ростов на дону маршрутное такси;6;"[{""phrase"": ""такси ростов на дону волгоград"", ""count"": ""61""}, {""phrase"": ""такси волгоград ростов на дону цена"", ""count"": ""12""}, {""phrase"": ""волгоград ростов на дону маршрутное такси"", ""count"": ""6""}]"
https://city2city.ru/volgograd-rudnya;Волгоград;рабочий посёлок Рудня;такси Волгоград рабочий посёлок Рудня;0;;0;;0;;0;[]
https://city2city.ru/volgograd-ryazan;Волгоград;Рязань;такси Волгоград Рязань;4;;0;;0;;0;[]
https://city2city.ru/volgograd-salsk;Волгоград;Сальск;такси Волгоград Сальск;2;;0;;0;;0;[]
https://city2city.ru/volgograd-samara;Волгоград;Самара;такси Волгоград Самара;37;такси волгоград самара;37;;0;;0;"[{""phrase"": ""такси волгоград самара"", ""count"": ""37""}]"
https://city2city.ru/volgograd-sankt-peterburg;Волгоград;Санкт-Петербург;такси Волгоград Санкт-Петербург;9;;0;;0;;0;[]
https://city2city.ru/volgograd-saratov;Волгоград;Саратов;такси Волгоград Саратов;34;такси саратов волгоград;34;;0;;0;"[{""phrase"": ""такси саратов волгоград"", ""count"": ""34""}]"
https://city2city.ru/volgograd-selo-dubovskoe;Волгоград;село Дубовское;такси Волгоград село Дубовское;0;;0;;0;;0;[]
https://city2city.ru/volgograd-selo-malye-derbety;Волгоград;село Малые Дербеты;такси Волгоград село Малые Дербеты;0;;0;;0;;0;[]
https://city2city.ru/volgograd-selo-olxovka;Волгоград;село Мокрая Ольховка;такси Волгоград село Мокрая Ольховка;0;;0;;0;;0;[]
https://city2city.ru/volgograd-selo-sadovoe;Волгоград;село Садовое;такси Волгоград село Садовое;0;;0;;0;;0;[]
https://city2city.ru/volgograd-selo-staraya-poltavka;Волгоград;село Старая Полтавка;такси Волгоград село Старая Полтавка;0;;0;;0;;0;[]
https://city2city.ru/volgograd-semikarakorsk;Волгоград;Семикаракорск;такси Волгоград Семикаракорск;0;;0;;0;;0;[]
https://city2city.ru/volgograd-serafimovich;Волгоград;Серафимович;такси Волгоград Серафимович;2;;0;;0;;0;[]
https://city2city.ru/volgograd-sevastopol;Волгоград;Севастополь;такси Волгоград Севастополь;11;;0;;0;;0;[]
https://city2city.ru/volgograd-sochi;Волгоград;Сочи;такси Волгоград Сочи;3;;0;;0;;0;[]
https://city2city.ru/volgograd-srednyaya-axtuba;Волгоград;рабочий посёлок Средняя Ахтуба;такси Волгоград рабочий посёлок Средняя Ахтуба;0;;0;;0;;0;[]
https://city2city.ru/volgograd-stanicza-kletskaya;Волгоград;станица Клетская;такси Волгоград станица Клетская;0;;0;;0;;0;[]
https://city2city.ru/volgograd-stanicza-kumylzhenskaya;Волгоград;станица Кумылженская;такси Волгоград станица Кумылженская;0;;0;;0;;0;[]
https://city2city.ru/volgograd-stavropol;Волгоград;Ставрополь;такси Волгоград Ставрополь;15;;0;;0;;0;[]
https://city2city.ru/volgograd-stepnoe;Волгоград;село Степное;такси Волгоград село Степное;0;;0;;0;;0;[]
https://city2city.ru/volgograd-surovikino;Волгоград;Суровикино;такси Волгоград Суровикино;36;такси волгоград суровикино;36;ромашка такси волгоград суровикино стоимость проезда;6;;0;"[{""phrase"": ""такси волгоград суровикино"", ""count"": ""36""}, {""phrase"": ""ромашка такси волгоград суровикино стоимость проезда"", ""count"": ""6""}]"
https://city2city.ru/volgograd-suxodol;Волгоград;поселок городского типа Суходол;такси Волгоград поселок городского типа Суходол;0;;0;;0;;0;[]
https://city2city.ru/volgograd-syzran;Волгоград;Сызрань;такси Волгоград Сызрань;0;;0;;0;;0;[]
https://city2city.ru/volgograd-tambov;Волгоград;Тамбов;такси Волгоград Тамбов;5;;0;;0;;0;[]
https://city2city.ru/volgograd-tolyatti;Волгоград;Тольятти;такси Волгоград Тольятти;3;;0;;0;;0;[]
https://city2city.ru/volgograd-tuapse;Волгоград;Туапсе;такси Волгоград Туапсе;0;;0;;0;;0;[]
https://city2city.ru/volgograd-ufa;Волгоград;Уфа;такси Волгоград Уфа;4;;0;;0;;0;[]
https://city2city.ru/volgograd-uryupinsk;Волгоград;Урюпинск;такси Волгоград Урюпинск;369;такси волгоград урюпинск;369;алло такси урюпинск волгоград;166;белое такси волгоград урюпинск;150;"[{""phrase"": ""такси волгоград урюпинск"", ""count"": ""369""}, {""phrase"": ""алло такси урюпинск волгоград"", ""count"": ""166""}, {""phrase"": ""белое такси волгоград урюпинск"", ""count"": ""150""}, {""phrase"": ""такси волгоград урюпинск расписание маршруток"", ""count"": ""98""}, {""phrase"": ""маршрутка волгоград урюпинск алло такси"", ""count"": ""85""}, {""phrase"": ""алло такси урюпинск волгоград расписание"", ""count"": ""74""}, {""phrase"": ""маршрутки урюпинск волгоград расписание алло такси"", ""count"": ""62""}, {""phrase"": ""белое такси урюпинск волгоград расписание"", ""count"": ""49""}, {""phrase"": ""белое такси маршрутка волгоград урюпинск"", ""count"": ""42""}, {""phrase"": ""алло такси волгоград урюпинск телефон"", ""count"": ""37""}]"
https://city2city.ru/volgograd-volgodonsk;Волгоград;Волгодонск;такси Волгоград Волгодонск;66;такси волгоград волгодонск;66;такси волгодонск волгоград аэропорт;10;;0;"[{""phrase"": ""такси волгоград волгодонск"", ""count"": ""66""}, {""phrase"": ""такси волгодонск волгоград аэропорт"", ""count"": ""10""}]"
https://city2city.ru/volgograd-volzhskij;Волгоград;Волжский;такси Волгоград Волжский;286;такси волгоград волжский;286;маршрутное такси волжский волгоград;41;сколько стоит такси от волгограда до волжского;37;"[{""phrase"": ""такси волгоград волжский"", ""count"": ""286""}, {""phrase"": ""маршрутное такси волжский волгоград"", ""count"": ""41""}, {""phrase"": ""сколько стоит такси от волгограда до волжского"", ""count"": ""37""}, {""phrase"": ""стоимость такси волгоград волжский"", ""count"": ""34""}, {""phrase"": ""волгоград волжский такси цена"", ""count"": ""24""}, {""phrase"": ""яндекс такси волжский волгоград"", ""count"": ""15""}, {""phrase"": ""такси волжский аэропорт волгоград"", ""count"": ""13""}, {""phrase"": ""такси волжский волгоград жд вокзал"", ""count"": ""9""}, {""phrase"": ""маршрутное такси 159 волжский волгоград расписание остановки"", ""count"": ""6""}]"
https://city2city.ru/volgograd-voronezh;Волгоград;Воронеж;такси Волгоград Воронеж;13;такси волгоград воронеж;13;;0;;0;"[{""phrase"": ""такси волгоград воронеж"", ""count"": ""13""}]"
https://city2city.ru/volgograd-vyoshenskaya;Волгоград;станица Вешенская;такси Волгоград станица Вешенская;0;;0;;0;;0;[]
https://city2city.ru/volgograd-zhirnovsk;Волгоград;Жирновск;такси Волгоград Жирновск;11;;0;;0;;0;[]
https://city2city.ru/volgograd-znamensk;Волгоград;Знаменск;такси Волгоград Знаменск;35;такси волгоград знаменск;35;такси волгоград знаменск цена;9;;0;"[{""phrase"": ""такси волгоград знаменск"", ""count"": ""35""}, {""phrase"": ""такси волгоград знаменск цена"", ""count"": ""9""}]"
https://city2city.ru/vologda-arhangelsk;Вологда;Архангельск;такси Вологда Архангельск;2;;0;;0;;0;[]
https://city2city.ru/vologda-belgorod;Вологда;Белгород;такси Вологда Белгород;12;такси белгород вологда;12;такси белгород вологда цена;5;;0;"[{""phrase"": ""такси белгород вологда"", ""count"": ""12""}, {""phrase"": ""такси белгород вологда цена"", ""count"": ""5""}]"
https://city2city.ru/vologda-belozersk;Вологда;Белозерск;такси Вологда Белозерск;1;;0;;0;;0;[]
https://city2city.ru/vologda-buy;Вологда;Буй;такси Вологда Буй;2;;0;;0;;0;[]
https://city2city.ru/vologda-gryazovets;Вологда;город Грязовец;такси Вологда город Грязовец;0;;0;;0;;0;[]
https://city2city.ru/vologda-harovsk;Вологда;Харовск;такси Вологда Харовск;27;такси харовск вологда;27;маршрутное такси харовск вологда;14;такси маршрутка 777 вологда харовск;5;"[{""phrase"": ""такси харовск вологда"", ""count"": ""27""}, {""phrase"": ""маршрутное такси харовск вологда"", ""count"": ""14""}, {""phrase"": ""такси маршрутка 777 вологда харовск"", ""count"": ""5""}]"
https://city2city.ru/vologda-kadnikov;Вологда;город Кадников;такси Вологда город Кадников;0;;0;;0;;0;[]
https://city2city.ru/vologda-kazan;Вологда;Казань;такси Вологда Казань;2;;0;;0;;0;[]
https://city2city.ru/vologda-kirillov;Вологда;Кириллов;такси Вологда Кириллов;14;такси вологда кириллов;14;;0;;0;"[{""phrase"": ""такси вологда кириллов"", ""count"": ""14""}]"
https://city2city.ru/vologda-kostroma;Вологда;Кострома;такси Вологда Кострома;17;оператор такси кострома вологда;5;;0;;0;"[{""phrase"": ""оператор такси кострома вологда"", ""count"": ""5""}]"
https://city2city.ru/vologda-kurkino;Вологда;рабочий посёлок Куркино;такси Вологда рабочий посёлок Куркино;0;;0;;0;;0;[]
https://city2city.ru/vologda-moskva;Вологда;Москва;такси Вологда Москва;63;такси москва вологда;63;вологда москва такси цена;10;такси москва вологда стоимость;4;"[{""phrase"": ""такси москва вологда"", ""count"": ""63""}, {""phrase"": ""вологда москва такси цена"", ""count"": ""10""}, {""phrase"": ""такси москва вологда стоимость"", ""count"": ""4""}]"
https://city2city.ru/vologda-nikolsk;Вологда;село Никольск;такси Вологда село Никольск;0;;0;;0;;0;[]
https://city2city.ru/vologda-nyandoma;Вологда;Няндома;такси Вологда Няндома;0;;0;;0;;0;[]
https://city2city.ru/vologda-pskov;Вологда;Псков;такси Вологда Псков;4;;0;;0;;0;[]
https://city2city.ru/vologda-sankt-peterburg;Вологда;Санкт-Петербург;такси Вологда Санкт-Петербург;9;такси санкт петербург вологда;9;;0;;0;"[{""phrase"": ""такси санкт петербург вологда"", ""count"": ""9""}]"
https://city2city.ru/vologda-sheksna;Вологда;рабочий посёлок Шексна;такси Вологда рабочий посёлок Шексна;0;;0;;0;;0;[]
https://city2city.ru/vologda-sosnovka;Вологда;Сосновка;такси Вологда Сосновка;2;;0;;0;;0;[]
https://city2city.ru/vologda-talitsa;Вологда;Талица;такси Вологда Талица;2;;0;;0;;0;[]
https://city2city.ru/vologda-totma;Вологда;Тотьма;такси Вологда Тотьма;105;такси вологда тотьма;105;маршрутное такси вологда тотьма;87;маршрутное такси тотьма вологда митрушин;19;"[{""phrase"": ""такси вологда тотьма"", ""count"": ""105""}, {""phrase"": ""маршрутное такси вологда тотьма"", ""count"": ""87""}, {""phrase"": ""маршрутное такси тотьма вологда митрушин"", ""count"": ""19""}, {""phrase"": ""маршрутное такси тотьма вологда кирилловский"", ""count"": ""11""}, {""phrase"": ""маршрутное такси тотьма вологда расписание"", ""count"": ""8""}]"
https://city2city.ru/vologda-uglich;Вологда;Углич;такси Вологда Углич;0;;0;;0;;0;[]
https://city2city.ru/vologda-valuyki;Вологда;Валуйки;такси Вологда Валуйки;2;;0;;0;;0;[]
https://city2city.ru/vologda-velikiy-ustyug;Вологда;Великий Устюг;такси Вологда Великий Устюг;35;такси вологда великий устюг;35;маршрутное такси вологда великий устюг;21;;0;"[{""phrase"": ""такси вологда великий устюг"", ""count"": ""35""}, {""phrase"": ""маршрутное такси вологда великий устюг"", ""count"": ""21""}]"
https://city2city.ru/vologda-velsk;Вологда;Вельск;такси Вологда Вельск;13;такси вологда вельск;13;;0;;0;"[{""phrase"": ""такси вологда вельск"", ""count"": ""13""}]"
https://city2city.ru/vologda-vladimir;Вологда;Владимир;такси Вологда Владимир;1;;0;;0;;0;[]
https://city2city.ru/vologda-voronezh;Вологда;Воронеж;такси Вологда Воронеж;1;;0;;0;;0;[]
https://city2city.ru/vologda-vozhega;Вологда;рабочий посёлок Вожега;такси Вологда рабочий посёлок Вожега;0;;0;;0;;0;[]
https://city2city.ru/vologda-vytegra;Вологда;Вытегра;такси Вологда Вытегра;22;такси вологда вытегра;22;маршрутное такси вытегра вологда;13;;0;"[{""phrase"": ""такси вологда вытегра"", ""count"": ""22""}, {""phrase"": ""маршрутное такси вытегра вологда"", ""count"": ""13""}]"
https://city2city.ru/vologda-yaransk;Вологда;Яранск;такси Вологда Яранск;0;;0;;0;;0;[]
https://city2city.ru/vologda-yaroslavl;Вологда;Ярославль;такси Вологда Ярославль;38;такси вологда ярославль;38;такси вологда ярославль цена;12;;0;"[{""phrase"": ""такси вологда ярославль"", ""count"": ""38""}, {""phrase"": ""такси вологда ярославль цена"", ""count"": ""12""}]"
https://city2city.ru/voronezh-adler;Воронеж;Адлер;такси Воронеж Адлер;0;;0;;0;;0;[]
https://city2city.ru/voronezh-anapa;Воронеж;Анапа;такси Воронеж Анапа;5;;0;;0;;0;[]
https://city2city.ru/voronezh-anna;Воронеж;посёлок городского типа Анна;такси Воронеж посёлок городского типа Анна;0;;0;;0;;0;[]
https://city2city.ru/voronezh-arxangelsk;Воронеж;Архангельск;такси Воронеж Архангельск;1;;0;;0;;0;[]
https://city2city.ru/voronezh-bobrov;Воронеж;Бобров;такси Воронеж Бобров;34;такси воронеж бобров;34;;0;;0;"[{""phrase"": ""такси воронеж бобров"", ""count"": ""34""}]"
https://city2city.ru/voronezh-boguchar;Воронеж;Богучар;такси Воронеж Богучар;40;такси воронеж богучар;40;воронеж богучар цена такси;12;;0;"[{""phrase"": ""такси воронеж богучар"", ""count"": ""40""}, {""phrase"": ""воронеж богучар цена такси"", ""count"": ""12""}]"
https://city2city.ru/voronezh-borisoglebsk;Воронеж;Борисоглебск;такси Воронеж Борисоглебск;16;такси воронеж борисоглебск;16;;0;;0;"[{""phrase"": ""такси воронеж борисоглебск"", ""count"": ""16""}]"
https://city2city.ru/voronezh-borovoj;Воронеж;поселок городского типа Боровой;такси Воронеж поселок городского типа Боровой;0;;0;;0;;0;[]
https://city2city.ru/voronezh-bryansk;Воронеж;Брянск;такси Воронеж Брянск;12;такси воронеж брянск;12;;0;;0;"[{""phrase"": ""такси воронеж брянск"", ""count"": ""12""}]"
https://city2city.ru/voronezh-buturlinovka;Воронеж;Бутурлиновка;такси Воронеж Бутурлиновка;18;такси бутурлиновка воронеж;18;;0;;0;"[{""phrase"": ""такси бутурлиновка воронеж"", ""count"": ""18""}]"
https://city2city.ru/voronezh-buzuluk;Воронеж;Бузулук;такси Воронеж Бузулук;0;;0;;0;;0;[]
https://city2city.ru/voronezh-chelyabinsk;Воронеж;Челябинск;такси Воронеж Челябинск;12;;0;;0;;0;[]
https://city2city.ru/voronezh-dankov;Воронеж;Данков;такси Воронеж Данков;6;;0;;0;;0;[]
https://city2city.ru/voronezh-davydovka;Воронеж;посёлок Давыдовка;такси Воронеж посёлок Давыдовка;0;;0;;0;;0;[]
https://city2city.ru/voronezh-domodedovo;Воронеж;Домодедово;такси Воронеж Домодедово;15;такси воронеж домодедово;15;;0;;0;"[{""phrase"": ""такси воронеж домодедово"", ""count"": ""15""}]"
https://city2city.ru/voronezh-efremov;Воронеж;Ефремов;такси Воронеж Ефремов;9;;0;;0;;0;[]
https://city2city.ru/voronezh-ejsk;Воронеж;Ейск;такси Воронеж Ейск;0;;0;;0;;0;[]
https://city2city.ru/voronezh-ekaterinburg;Воронеж;Екатеринбург;такси Воронеж Екатеринбург;11;такси межгород заказать екатеринбург воронеж;6;;0;;0;"[{""phrase"": ""такси межгород заказать екатеринбург воронеж"", ""count"": ""6""}]"
https://city2city.ru/voronezh-ertil;Воронеж;Эртиль;такси Воронеж Эртиль;12;такси эртиль воронеж;12;;0;;0;"[{""phrase"": ""такси эртиль воронеж"", ""count"": ""12""}]"
https://city2city.ru/voronezh-gelendzhik;Воронеж;Геленджик;такси Воронеж Геленджик;1;;0;;0;;0;[]
https://city2city.ru/voronezh-granicza-kazaxstan;Воронеж;52А-3;такси Воронеж 52А-3;0;;0;;0;;0;[]
https://city2city.ru/voronezh-gremyachevo;Воронеж;поселок городского типа Гремячево;такси Воронеж поселок городского типа Гремячево;0;;0;;0;;0;[]
https://city2city.ru/voronezh-gubkin;Воронеж;Губкин;такси Воронеж Губкин;28;такси губкин воронеж;28;;0;;0;"[{""phrase"": ""такси губкин воронеж"", ""count"": ""28""}]"
https://city2city.ru/voronezh-ivanovo;Воронеж;Иваново;такси Воронеж Иваново;4;;0;;0;;0;[]
https://city2city.ru/voronezh-kalach;Воронеж;Калач;такси Воронеж Калач;32;такси воронеж калач;32;;0;;0;"[{""phrase"": ""такси воронеж калач"", ""count"": ""32""}]"
https://city2city.ru/voronezh-kamenka-3;Воронеж;посёлок городского типа Каменка;такси Воронеж посёлок городского типа Каменка;0;;0;;0;;0;[]
https://city2city.ru/voronezh-kantemirovka;Воронеж;рабочий посёлок Кантемировка;такси Воронеж рабочий посёлок Кантемировка;0;;0;;0;;0;[]
https://city2city.ru/voronezh-kasimov;Воронеж;Касимов;такси Воронеж Касимов;0;;0;;0;;0;[]
https://city2city.ru/voronezh-kazan;Воронеж;Казань;такси Воронеж Казань;6;;0;;0;;0;[]
https://city2city.ru/voronezh-klin;Воронеж;Клин;такси Воронеж Клин;0;;0;;0;;0;[]
https://city2city.ru/voronezh-korocha;Воронеж;Короча;такси Воронеж Короча;9;;0;;0;;0;[]
https://city2city.ru/voronezh-kostroma;Воронеж;Кострома;такси Воронеж Кострома;5;;0;;0;;0;[]
https://city2city.ru/voronezh-kurchatov;Воронеж;Курчатов;такси Воронеж Курчатов;6;сколько стоит такси от воронежа до курчатова;5;;0;;0;"[{""phrase"": ""сколько стоит такси от воронежа до курчатова"", ""count"": ""5""}]"
https://city2city.ru/voronezh-labinsk;Воронеж;Усть-Лабинск;такси Воронеж Усть-Лабинск;0;;0;;0;;0;[]
https://city2city.ru/voronezh-latnaya;Воронеж;рабочий посёлок Латная;такси Воронеж рабочий посёлок Латная;0;;0;;0;;0;[]
https://city2city.ru/voronezh-lebedyan;Воронеж;Лебедянь;такси Воронеж Лебедянь;2;;0;;0;;0;[]
https://city2city.ru/voronezh-livny;Воронеж;Ливны;такси Воронеж Ливны;14;такси ливны воронеж;14;;0;;0;"[{""phrase"": ""такси ливны воронеж"", ""count"": ""14""}]"
https://city2city.ru/voronezh-mineralnye-vody;Воронеж;Минеральные Воды;такси Воронеж Минеральные Воды;2;;0;;0;;0;[]
https://city2city.ru/voronezh-mordovo;Воронеж;рабочий посёлок Мордово;такси Воронеж рабочий посёлок Мордово;0;;0;;0;;0;[]
https://city2city.ru/voronezh-morshansk;Воронеж;Моршанск;такси Воронеж Моршанск;0;;0;;0;;0;[]
https://city2city.ru/voronezh-moskva;Воронеж;Москва;такси Воронеж Москва;366;такси москва воронеж;366;такси воронеж москва стоимость;38;сколько стоит такси от воронежа до москвы;31;"[{""phrase"": ""такси москва воронеж"", ""count"": ""366""}, {""phrase"": ""такси воронеж москва стоимость"", ""count"": ""38""}, {""phrase"": ""сколько стоит такси от воронежа до москвы"", ""count"": ""31""}, {""phrase"": ""такси межгород воронеж москва"", ""count"": ""30""}, {""phrase"": ""такси москва воронеж стоимость поездки"", ""count"": ""16""}, {""phrase"": ""такси от воронежа до москвы цена"", ""count"": ""13""}, {""phrase"": ""яндекс такси москва воронеж"", ""count"": ""13""}, {""phrase"": ""такси межгород заказать москва воронеж"", ""count"": ""6""}]"
https://city2city.ru/voronezh-naberezhnye-chelny;Воронеж;Набережные Челны;такси Воронеж Набережные Челны;0;;0;;0;;0;[]
https://city2city.ru/voronezh-naro-fominsk;Воронеж;Наро-Фоминск;такси Воронеж Наро-Фоминск;2;;0;;0;;0;[]
https://city2city.ru/voronezh-nizhnij-novgorod;Воронеж;Нижний Новгород;такси Воронеж Нижний Новгород;25;такси воронеж нижний новгород;25;;0;;0;"[{""phrase"": ""такси воронеж нижний новгород"", ""count"": ""25""}]"
https://city2city.ru/voronezh-novomoskovsk;Воронеж;Новомосковск;такси Воронеж Новомосковск;3;;0;;0;;0;[]
https://city2city.ru/voronezh-novovoronezh;Воронеж;Нововоронеж;такси Воронеж Нововоронеж;29;такси воронеж нововоронеж;29;;0;;0;"[{""phrase"": ""такси воронеж нововоронеж"", ""count"": ""29""}]"
https://city2city.ru/voronezh-novyj-oskol;Воронеж;Новый Оскол;такси Воронеж Новый Оскол;2;;0;;0;;0;[]
https://city2city.ru/voronezh-opochka;Воронеж;Опочка;такси Воронеж Опочка;0;;0;;0;;0;[]
https://city2city.ru/voronezh-orenburg;Воронеж;Оренбург;такси Воронеж Оренбург;4;;0;;0;;0;[]
https://city2city.ru/voronezh-oryol;Воронеж;Орёл;такси Воронеж Орёл;12;орел воронеж такси;12;;0;;0;"[{""phrase"": ""орел воронеж такси"", ""count"": ""12""}]"
https://city2city.ru/voronezh-ostrogozhsk;Воронеж;Острогожск;такси Воронеж Острогожск;26;такси острогожск воронеж;26;такси воронеж острогожск цена;5;;0;"[{""phrase"": ""такси острогожск воронеж"", ""count"": ""26""}, {""phrase"": ""такси воронеж острогожск цена"", ""count"": ""5""}]"
https://city2city.ru/voronezh-panino;Воронеж;рабочий посёлок Панино;такси Воронеж рабочий посёлок Панино;0;;0;;0;;0;[]
https://city2city.ru/voronezh-park-loga;Воронеж;парк Лога;такси Воронеж парк Лога;0;;0;;0;;0;[]
https://city2city.ru/voronezh-pavlovsk;Воронеж;Павловск;такси Воронеж Павловск;30;такси из воронежа на павловск;7;;0;;0;"[{""phrase"": ""такси из воронежа на павловск"", ""count"": ""7""}]"
https://city2city.ru/voronezh-penza;Воронеж;Пенза;такси Воронеж Пенза;21;такси пенза воронеж;21;;0;;0;"[{""phrase"": ""такси пенза воронеж"", ""count"": ""21""}]"
https://city2city.ru/voronezh-petrozavodsk;Воронеж;Петрозаводск;такси Воронеж Петрозаводск;0;;0;;0;;0;[]
https://city2city.ru/voronezh-pskov;Воронеж;Псков;такси Воронеж Псков;0;;0;;0;;0;[]
https://city2city.ru/voronezh-ramon;Воронеж;рабочий посёлок Рамонь;такси Воронеж рабочий посёлок Рамонь;0;;0;;0;;0;[]
https://city2city.ru/voronezh-rasskazovo;Воронеж;Рассказово;такси Воронеж Рассказово;1;;0;;0;;0;[]
https://city2city.ru/voronezh-rostov-na-donu;Воронеж;Ростов-на-Дону;такси Воронеж Ростов-на-Дону;13;такси воронеж ростов на дону;13;;0;;0;"[{""phrase"": ""такси воронеж ростов на дону"", ""count"": ""13""}]"
https://city2city.ru/voronezh-rostov-velikij;Воронеж;Ростов;такси Воронеж Ростов;36;такси ростов воронеж;36;такси воронеж ростов на дону;13;;0;"[{""phrase"": ""такси ростов воронеж"", ""count"": ""36""}, {""phrase"": ""такси воронеж ростов на дону"", ""count"": ""13""}]"
https://city2city.ru/voronezh-rovenki;Воронеж;посёлок городского типа Ровеньки;такси Воронеж посёлок городского типа Ровеньки;0;;0;;0;;0;[]
https://city2city.ru/voronezh-ryazan;Воронеж;Рязань;такси Воронеж Рязань;13;рязань воронеж такси;13;;0;;0;"[{""phrase"": ""рязань воронеж такси"", ""count"": ""13""}]"
https://city2city.ru/voronezh-samara;Воронеж;Самара;такси Воронеж Самара;21;такси самара воронеж;21;;0;;0;"[{""phrase"": ""такси самара воронеж"", ""count"": ""21""}]"
https://city2city.ru/voronezh-sankt-peterburg;Воронеж;Санкт-Петербург;такси Воронеж Санкт-Петербург;16;такси воронеж санкт петербург;16;;0;;0;"[{""phrase"": ""такси воронеж санкт петербург"", ""count"": ""16""}]"
https://city2city.ru/voronezh-saransk;Воронеж;Саранск;такси Воронеж Саранск;1;;0;;0;;0;[]
https://city2city.ru/voronezh-saratov;Воронеж;Саратов;такси Воронеж Саратов;11;саратов воронеж такси;11;;0;;0;"[{""phrase"": ""саратов воронеж такси"", ""count"": ""11""}]"
https://city2city.ru/voronezh-selo-troiczkoe;Воронеж;село Троицкое;такси Воронеж село Троицкое;0;;0;;0;;0;[]
https://city2city.ru/voronezh-semiluki;Воронеж;город Семилуки;такси Воронеж город Семилуки;1;;0;;0;;0;[]
https://city2city.ru/voronezh-sergiev-posad;Воронеж;Сергиев Посад;такси Воронеж Сергиев Посад;0;;0;;0;;0;[]
https://city2city.ru/voronezh-sevastopol;Воронеж;Севастополь;такси Воронеж Севастополь;2;;0;;0;;0;[]
https://city2city.ru/voronezh-shilovo;Воронеж;рабочий посёлок Шилово;такси Воронеж рабочий посёлок Шилово;0;;0;;0;;0;[]
https://city2city.ru/voronezh-smolensk;Воронеж;Смоленск;такси Воронеж Смоленск;9;такси воронеж смоленск;9;;0;;0;"[{""phrase"": ""такси воронеж смоленск"", ""count"": ""9""}]"
https://city2city.ru/voronezh-sochi;Воронеж;Сочи;такси Воронеж Сочи;9;такси воронеж сочи цена;6;;0;;0;"[{""phrase"": ""такси воронеж сочи цена"", ""count"": ""6""}]"
https://city2city.ru/voronezh-stanicza-taczinskaya;Воронеж;станица Тацинская;такси Воронеж станица Тацинская;0;;0;;0;;0;[]
https://city2city.ru/voronezh-stroitel;Воронеж;Строитель;такси Воронеж Строитель;1;;0;;0;;0;[]
https://city2city.ru/voronezh-stupino;Воронеж;Ступино;такси Воронеж Ступино;0;;0;;0;;0;[]
https://city2city.ru/voronezh-talovaya;Воронеж;посёлок Таловая;такси Воронеж посёлок Таловая;0;;0;;0;;0;[]
https://city2city.ru/voronezh-temryuk;Воронеж;Темрюк;такси Воронеж Темрюк;0;;0;;0;;0;[]
https://city2city.ru/voronezh-tokaryovka;Воронеж;рабочий посёлок Токарёвка;такси Воронеж рабочий посёлок Токарёвка;0;;0;;0;;0;[]
https://city2city.ru/voronezh-tuapse;Воронеж;Туапсе;такси Воронеж Туапсе;2;;0;;0;;0;[]
https://city2city.ru/voronezh-tula;Воронеж;Тула;такси Воронеж Тула;22;такси воронеж тула;22;;0;;0;"[{""phrase"": ""такси воронеж тула"", ""count"": ""22""}]"
https://city2city.ru/voronezh-ufa;Воронеж;Уфа;такси Воронеж Уфа;4;;0;;0;;0;[]
https://city2city.ru/voronezh-urazovo;Воронеж;посёлок городского типа Уразово;такси Воронеж посёлок городского типа Уразово;0;;0;;0;;0;[]
https://city2city.ru/voronezh-usman;Воронеж;Усмань;такси Воронеж Усмань;120;такси усмань воронеж;120;такси новая усмань воронеж;86;такси мир город воронеж село новая усмань;8;"[{""phrase"": ""такси усмань воронеж"", ""count"": ""120""}, {""phrase"": ""такси новая усмань воронеж"", ""count"": ""86""}, {""phrase"": ""такси мир город воронеж село новая усмань"", ""count"": ""8""}]"
https://city2city.ru/voronezh-velikie-luki;Воронеж;Великие Луки;такси Воронеж Великие Луки;1;;0;;0;;0;[]
https://city2city.ru/voronezh-vladimir;Воронеж;Владимир;такси Воронеж Владимир;8;;0;;0;;0;[]
https://city2city.ru/voronezh-volgograd;Воронеж;Волгоград;такси Воронеж Волгоград;13;такси волгоград воронеж;13;;0;;0;"[{""phrase"": ""такси волгоград воронеж"", ""count"": ""13""}]"
https://city2city.ru/voronezh-volokonovka;Воронеж;посёлок городского типа Волоконовка;такси Воронеж посёлок городского типа Волоконовка;0;;0;;0;;0;[]
https://city2city.ru/voronezh-volovo;Воронеж;поселок Волово;такси Воронеж поселок Волово;0;;0;;0;;0;[]
https://city2city.ru/voronezh-xoxlovo;Воронеж;рабочий посёлок Хохлово;такси Воронеж рабочий посёлок Хохлово;0;;0;;0;;0;[]
https://city2city.ru/voronezh-yalta;Воронеж;Ялта;такси Воронеж Ялта;2;;0;;0;;0;[]
https://city2city.ru/voronezh-yaroslavl;Воронеж;Ярославль;такси Воронеж Ярославль;1;;0;;0;;0;[]
https://city2city.ru/voronezh-yuzhnyj;Воронеж;рабочий поселок Южный;такси Воронеж рабочий поселок Южный;0;;0;;0;;0;[]
https://city2city.ru/voronezh-zadonsk;Воронеж;Задонск;такси Воронеж Задонск;4;;0;;0;;0;[]
https://city2city.ru/voronezh-zheleznogorsk;Воронеж;Железногорск;такси Воронеж Железногорск;1;;0;;0;;0;[]
https://city2city.ru/voronezh-zherdevka;Воронеж;Жердевка;такси Воронеж Жердевка;1;;0;;0;;0;[]
https://city2city.ru/voronezh-zhirnovsk;Воронеж;Жирновск;такси Воронеж Жирновск;1;;0;;0;;0;[]
https://city2city.ru/xabarovsk-aldan;Хабаровск;Алдан;такси Хабаровск Алдан;1;;0;;0;;0;[]
https://city2city.ru/xabarovsk-aldan-2;Хабаровск;Алдан;такси Хабаровск Алдан;1;;0;;0;;0;[]
https://city2city.ru/xabarovsk-amursk;Хабаровск;Амурск;такси Хабаровск Амурск;6;;0;;0;;0;[]
https://city2city.ru/xabarovsk-amursk-2;Хабаровск;Амурск;такси Хабаровск Амурск;6;;0;;0;;0;[]
https://city2city.ru/xabarovsk-arsenev;Хабаровск;Арсеньев;такси Хабаровск Арсеньев;1;;0;;0;;0;[]
https://city2city.ru/xabarovsk-artyom;Хабаровск;Артём;такси Хабаровск Артём;3;;0;;0;;0;[]
https://city2city.ru/xabarovsk-belogorsk-2;Хабаровск;Белогорск;такси Хабаровск Белогорск;8;;0;;0;;0;[]
https://city2city.ru/xabarovsk-bikin;Хабаровск;Бикин;такси Хабаровск Бикин;14;такси хабаровск бикин;14;;0;;0;"[{""phrase"": ""такси хабаровск бикин"", ""count"": ""14""}]"
https://city2city.ru/xabarovsk-bikin-2;Хабаровск;Бикин;такси Хабаровск Бикин;14;такси хабаровск бикин;14;;0;;0;"[{""phrase"": ""такси хабаровск бикин"", ""count"": ""14""}]"
https://city2city.ru/xabarovsk-bira-2;Хабаровск;посёлок Бира;такси Хабаровск посёлок Бира;0;;0;;0;;0;[]
https://city2city.ru/xabarovsk-birakan;Хабаровск;поселок городского типа Биракан;такси Хабаровск поселок городского типа Биракан;0;;0;;0;;0;[]
https://city2city.ru/xabarovsk-birakan-2;Хабаровск;поселок городского типа Биракан;такси Хабаровск поселок городского типа Биракан;0;;0;;0;;0;[]
https://city2city.ru/xabarovsk-birobidzhan;Хабаровск;Биробиджан;такси Хабаровск Биробиджан;48;такси хабаровск биробиджан;48;такси хабаровск биробиджан стоимость;9;;0;"[{""phrase"": ""такси хабаровск биробиджан"", ""count"": ""48""}, {""phrase"": ""такси хабаровск биробиджан стоимость"", ""count"": ""9""}]"
https://city2city.ru/xabarovsk-birobidzhan-2;Хабаровск;Биробиджан;такси Хабаровск Биробиджан;48;такси хабаровск биробиджан;48;такси хабаровск биробиджан стоимость;9;;0;"[{""phrase"": ""такси хабаровск биробиджан"", ""count"": ""48""}, {""phrase"": ""такси хабаровск биробиджан стоимость"", ""count"": ""9""}]"
https://city2city.ru/xabarovsk-blagoveshhensk;Хабаровск;Благовещенск;такси Хабаровск Благовещенск;13;благовещенск хабаровск такси;13;;0;;0;"[{""phrase"": ""благовещенск хабаровск такси"", ""count"": ""13""}]"
https://city2city.ru/xabarovsk-blagoveshhensk-2;Хабаровск;Благовещенск;такси Хабаровск Благовещенск;13;благовещенск хабаровск такси;13;;0;;0;"[{""phrase"": ""благовещенск хабаровск такси"", ""count"": ""13""}]"
https://city2city.ru/xabarovsk-chelyabinsk-2;Хабаровск;Челябинск;такси Хабаровск Челябинск;1;;0;;0;;0;[]
https://city2city.ru/xabarovsk-chita;Хабаровск;Чита;такси Хабаровск Чита;18;такси чита хабаровск;18;;0;;0;"[{""phrase"": ""такси чита хабаровск"", ""count"": ""18""}]"
https://city2city.ru/xabarovsk-chita-2;Хабаровск;Чита;такси Хабаровск Чита;18;такси чита хабаровск;18;;0;;0;"[{""phrase"": ""такси чита хабаровск"", ""count"": ""18""}]"
https://city2city.ru/xabarovsk-dalnegorsk;Хабаровск;Дальнегорск;такси Хабаровск Дальнегорск;7;;0;;0;;0;[]
https://city2city.ru/xabarovsk-dalnegorsk-2;Хабаровск;Дальнегорск;такси Хабаровск Дальнегорск;7;;0;;0;;0;[]
https://city2city.ru/xabarovsk-dalnerechensk;Хабаровск;Дальнереченск;такси Хабаровск Дальнереченск;1;;0;;0;;0;[]
https://city2city.ru/xabarovsk-gornye-klyuchi-shmakovka;Хабаровск;курортный посёлок Горные Ключи;такси Хабаровск курортный посёлок Горные Ключи;0;;0;;0;;0;[]
https://city2city.ru/xabarovsk-gornye-klyuchi-shmakovka-2;Хабаровск;курортный посёлок Горные Ключи;такси Хабаровск курортный посёлок Горные Ключи;0;;0;;0;;0;[]
https://city2city.ru/xabarovsk-izvestkovyj;Хабаровск;поселок городского типа Известковый;такси Хабаровск поселок городского типа Известковый;0;;0;;0;;0;[]
https://city2city.ru/xabarovsk-izvestkovyj-2;Хабаровск;поселок городского типа Известковый;такси Хабаровск поселок городского типа Известковый;0;;0;;0;;0;[]
https://city2city.ru/xabarovsk-komsomolsk-na-amure;Хабаровск;Комсомольск-на-Амуре;такси Хабаровск Комсомольск-на-Амуре;48;такси комсомольск на амуре хабаровск;48;такси хабаровск комсомольск на амуре цена;12;;0;"[{""phrase"": ""такси комсомольск на амуре хабаровск"", ""count"": ""48""}, {""phrase"": ""такси хабаровск комсомольск на амуре цена"", ""count"": ""12""}]"
https://city2city.ru/xabarovsk-komsomolsk-na-amure-2;Хабаровск;Комсомольск-на-Амуре;такси Хабаровск Комсомольск-на-Амуре;48;такси комсомольск на амуре хабаровск;48;такси хабаровск комсомольск на амуре цена;12;;0;"[{""phrase"": ""такси комсомольск на амуре хабаровск"", ""count"": ""48""}, {""phrase"": ""такси хабаровск комсомольск на амуре цена"", ""count"": ""12""}]"
https://city2city.ru/xabarovsk-kuldur;Хабаровск;поселок городского типа Кульдур;такси Хабаровск поселок городского типа Кульдур;0;;0;;0;;0;[]
https://city2city.ru/xabarovsk-kuldur-2;Хабаровск;поселок городского типа Кульдур;такси Хабаровск поселок городского типа Кульдур;0;;0;;0;;0;[]
https://city2city.ru/xabarovsk-lesozavodsk;Хабаровск;Лесозаводск;такси Хабаровск Лесозаводск;0;;0;;0;;0;[]
https://city2city.ru/xabarovsk-lesozavodsk-2;Хабаровск;Лесозаводск;такси Хабаровск Лесозаводск;0;;0;;0;;0;[]
https://city2city.ru/xabarovsk-livadiya-2;Хабаровск;посёлок Ливадия;такси Хабаровск посёлок Ливадия;0;;0;;0;;0;[]
https://city2city.ru/xabarovsk-malysheva-2;Хабаровск;рабочий поселок Малышева;такси Хабаровск рабочий поселок Малышева;0;;0;;0;;0;[]
https://city2city.ru/xabarovsk-naxodka;Хабаровск;Находка;такси Хабаровск Находка;4;;0;;0;;0;[]
https://city2city.ru/xabarovsk-naxodka-2;Хабаровск;Находка;такси Хабаровск Находка;4;;0;;0;;0;[]
https://city2city.ru/xabarovsk-neryungri;Хабаровск;Нерюнгри;такси Хабаровск Нерюнгри;1;;0;;0;;0;[]
https://city2city.ru/xabarovsk-nikolaevka;Хабаровск;посёлок городского типа Николаевка;такси Хабаровск посёлок городского типа Николаевка;0;;0;;0;;0;[]
https://city2city.ru/xabarovsk-nikolaevka-2;Хабаровск;посёлок городского типа Николаевка;такси Хабаровск посёлок городского типа Николаевка;0;;0;;0;;0;[]
https://city2city.ru/xabarovsk-nikolaevsk-na-amure;Хабаровск;Николаевск-на-Амуре;такси Хабаровск Николаевск-на-Амуре;42;такси хабаровск николаевск на амуре;42;такси межгород николаевск на амуре хабаровск;20;;0;"[{""phrase"": ""такси хабаровск николаевск на амуре"", ""count"": ""42""}, {""phrase"": ""такси межгород николаевск на амуре хабаровск"", ""count"": ""20""}]"
https://city2city.ru/xabarovsk-nikolaevsk-na-amure-2;Хабаровск;Николаевск-на-Амуре;такси Хабаровск Николаевск-на-Амуре;42;такси хабаровск николаевск на амуре;42;такси межгород николаевск на амуре хабаровск;20;;0;"[{""phrase"": ""такси хабаровск николаевск на амуре"", ""count"": ""42""}, {""phrase"": ""такси межгород николаевск на амуре хабаровск"", ""count"": ""20""}]"
https://city2city.ru/xabarovsk-novosibirsk;Хабаровск;Новосибирск;такси Хабаровск Новосибирск;3;;0;;0;;0;[]
https://city2city.ru/xabarovsk-novosibirsk-2;Хабаровск;Новосибирск;такси Хабаровск Новосибирск;3;;0;;0;;0;[]
https://city2city.ru/xabarovsk-obluche-2;Хабаровск;Облучье;такси Хабаровск Облучье;1;;0;;0;;0;[]
https://city2city.ru/xabarovsk-partizansk;Хабаровск;Партизанск;такси Хабаровск Партизанск;0;;0;;0;;0;[]
https://city2city.ru/xabarovsk-priamurskij-2;Хабаровск;поселок городского типа Приамурский;такси Хабаровск поселок городского типа Приамурский;0;;0;;0;;0;[]
https://city2city.ru/xabarovsk-skovorodino-2;Хабаровск;Сковородино;такси Хабаровск Сковородино;1;;0;;0;;0;[]
https://city2city.ru/xabarovsk-smidovich;Хабаровск;посёлок городского типа Смидович;такси Хабаровск посёлок городского типа Смидович;0;;0;;0;;0;[]
https://city2city.ru/xabarovsk-smidovich-2;Хабаровск;посёлок городского типа Смидович;такси Хабаровск посёлок городского типа Смидович;0;;0;;0;;0;[]
https://city2city.ru/xabarovsk-sovetskaya-gavan;Хабаровск;Советская Гавань;такси Хабаровск Советская Гавань;9;;0;;0;;0;[]
https://city2city.ru/xabarovsk-sovetskaya-gavan-2;Хабаровск;Советская Гавань;такси Хабаровск Советская Гавань;9;;0;;0;;0;[]
https://city2city.ru/xabarovsk-spassk-dalnij;Хабаровск;Спасск-Дальний;такси Хабаровск Спасск-Дальний;0;;0;;0;;0;[]
https://city2city.ru/xabarovsk-svobodnyj;Хабаровск;Свободный;такси Хабаровск Свободный;1;;0;;0;;0;[]
https://city2city.ru/xabarovsk-svobodnyj-2;Хабаровск;Свободный;такси Хабаровск Свободный;1;;0;;0;;0;[]
https://city2city.ru/xabarovsk-tayozhnyj;Хабаровск;посёлок городского типа Таёжный;такси Хабаровск посёлок городского типа Таёжный;0;;0;;0;;0;[]
https://city2city.ru/xabarovsk-tayozhnyj-2;Хабаровск;посёлок городского типа Таёжный;такси Хабаровск посёлок городского типа Таёжный;0;;0;;0;;0;[]
https://city2city.ru/xabarovsk-teploozyorsk;Хабаровск;посёлок городского типа Теплоозёрск;такси Хабаровск посёлок городского типа Теплоозёрск;0;;0;;0;;0;[]
https://city2city.ru/xabarovsk-teploozyorsk-2;Хабаровск;посёлок городского типа Теплоозёрск;такси Хабаровск посёлок городского типа Теплоозёрск;0;;0;;0;;0;[]
https://city2city.ru/xabarovsk-troiczk;Хабаровск;Троицк;такси Хабаровск Троицк;0;;0;;0;;0;[]
https://city2city.ru/xabarovsk-tynda;Хабаровск;Тында;такси Хабаровск Тында;1;;0;;0;;0;[]
https://city2city.ru/xabarovsk-tynda-2;Хабаровск;Тында;такси Хабаровск Тында;1;;0;;0;;0;[]
https://city2city.ru/xabarovsk-ulan-ude-2;Хабаровск;Улан-Удэ;такси Хабаровск Улан-Удэ;1;;0;;0;;0;[]
https://city2city.ru/xabarovsk-ussurijsk;Хабаровск;Уссурийск;такси Хабаровск Уссурийск;12;такси хабаровск уссурийск;12;;0;;0;"[{""phrase"": ""такси хабаровск уссурийск"", ""count"": ""12""}]"
https://city2city.ru/xabarovsk-ussurijsk-2;Хабаровск;Уссурийск;такси Хабаровск Уссурийск;12;такси хабаровск уссурийск;12;;0;;0;"[{""phrase"": ""такси хабаровск уссурийск"", ""count"": ""12""}]"
https://city2city.ru/xabarovsk-vanino;Хабаровск;посёлок городского типа Ванино;такси Хабаровск посёлок городского типа Ванино;0;;0;;0;;0;[]
https://city2city.ru/xabarovsk-vanino-2;Хабаровск;посёлок городского типа Ванино;такси Хабаровск посёлок городского типа Ванино;0;;0;;0;;0;[]
https://city2city.ru/xabarovsk-vladivostok;Хабаровск;Владивосток;такси Хабаровск Владивосток;56;владивосток хабаровск такси;56;;0;;0;"[{""phrase"": ""владивосток хабаровск такси"", ""count"": ""56""}]"
https://city2city.ru/xabarovsk-vladivostok-2;Хабаровск;Владивосток;такси Хабаровск Владивосток;56;владивосток хабаровск такси;56;;0;;0;"[{""phrase"": ""владивосток хабаровск такси"", ""count"": ""56""}]"
https://city2city.ru/xabarovsk-volochaevka-2;Хабаровск;посёлок городского типа Волочаевка-2;такси Хабаровск посёлок городского типа Волочаевка-2;0;;0;;0;;0;[]
https://city2city.ru/xabarovsk-volochaevka-2-2;Хабаровск;посёлок городского типа Волочаевка-2;такси Хабаровск посёлок городского типа Волочаевка-2;0;;0;;0;;0;[]
https://city2city.ru/xabarovsk-vyazemskij;Хабаровск;Вяземский;такси Хабаровск Вяземский;6;такси вяземский хабаровск;6;;0;;0;"[{""phrase"": ""такси вяземский хабаровск"", ""count"": ""6""}]"
https://city2city.ru/xabarovsk-vyazemskij-2;Хабаровск;Вяземский;такси Хабаровск Вяземский;6;такси вяземский хабаровск;6;;0;;0;"[{""phrase"": ""такси вяземский хабаровск"", ""count"": ""6""}]"
https://city2city.ru/xabarovsk-zavitinsk-2;Хабаровск;Завитинск;такси Хабаровск Завитинск;0;;0;;0;;0;[]
https://city2city.ru/xabarovsk-zeya;Хабаровск;Зея;такси Хабаровск Зея;0;;0;;0;;0;[]
https://city2city.ru/xanty-mansijsk-andra;Ханты-Мансийск;поселок городского типа Андра;такси Ханты-Мансийск поселок городского типа Андра;0;;0;;0;;0;[]
https://city2city.ru/xanty-mansijsk-chelyabinsk;Ханты-Мансийск;Челябинск;такси Ханты-Мансийск Челябинск;0;;0;;0;;0;[]
https://city2city.ru/xanty-mansijsk-ekaterinburg;Ханты-Мансийск;Екатеринбург;такси Ханты-Мансийск Екатеринбург;3;;0;;0;;0;[]
https://city2city.ru/xanty-mansijsk-granicza-kazaxstan;Ханты-Мансийск;52А-3;такси Ханты-Мансийск 52А-3;0;;0;;0;;0;[]
https://city2city.ru/xanty-mansijsk-kogalym;Ханты-Мансийск;Когалым;такси Ханты-Мансийск Когалым;4;;0;;0;;0;[]
https://city2city.ru/xanty-mansijsk-kondinskoe;Ханты-Мансийск;посёлок городского типа Кондинское;такси Ханты-Мансийск посёлок городского типа Кондинское;0;;0;;0;;0;[]
https://city2city.ru/xanty-mansijsk-malinovskij;Ханты-Мансийск;посёлок городского типа Малиновский;такси Ханты-Мансийск посёлок городского типа Малиновский;0;;0;;0;;0;[]
https://city2city.ru/xanty-mansijsk-mezhdurechenskij;Ханты-Мансийск;посёлок городского типа Междуреченский;такси Ханты-Мансийск посёлок городского типа Междуреченский;0;;0;;0;;0;[]
https://city2city.ru/xanty-mansijsk-mezhgore;Ханты-Мансийск;Межгорье;такси Ханты-Мансийск Межгорье;0;;0;;0;;0;[]
https://city2city.ru/xanty-mansijsk-nefteyugansk;Ханты-Мансийск;Нефтеюганск;такси Ханты-Мансийск Нефтеюганск;13;такси ханты мансийск нефтеюганск;13;;0;;0;"[{""phrase"": ""такси ханты мансийск нефтеюганск"", ""count"": ""13""}]"
https://city2city.ru/xanty-mansijsk-nizhnevartovsk;Ханты-Мансийск;Нижневартовск;такси Ханты-Мансийск Нижневартовск;16;такси ханты мансийск нижневартовск;16;;0;;0;"[{""phrase"": ""такси ханты мансийск нижневартовск"", ""count"": ""16""}]"
https://city2city.ru/xanty-mansijsk-pojkovskij;Ханты-Мансийск;посёлок городского типа Пойковский;такси Ханты-Мансийск посёлок городского типа Пойковский;0;;0;;0;;0;[]
https://city2city.ru/xanty-mansijsk-priobe;Ханты-Мансийск;посёлок городского типа Приобье;такси Ханты-Мансийск посёлок городского типа Приобье;0;;0;;0;;0;[]
https://city2city.ru/xanty-mansijsk-pyt-yax;Ханты-Мансийск;Пыть-Ях;такси Ханты-Мансийск Пыть-Ях;22;такси ханты мансийск пыть ях;22;;0;;0;"[{""phrase"": ""такси ханты мансийск пыть ях"", ""count"": ""22""}]"
https://city2city.ru/xanty-mansijsk-sovetskij;Ханты-Мансийск;Советский;такси Ханты-Мансийск Советский;11;такси советский ханты мансийск;11;;0;;0;"[{""phrase"": ""такси советский ханты мансийск"", ""count"": ""11""}]"
https://city2city.ru/xanty-mansijsk-surgut;Ханты-Мансийск;Сургут;такси Ханты-Мансийск Сургут;64;такси сургут ханты мансийск;64;такси ханты мансийск сургут цена;12;;0;"[{""phrase"": ""такси сургут ханты мансийск"", ""count"": ""64""}, {""phrase"": ""такси ханты мансийск сургут цена"", ""count"": ""12""}]"
https://city2city.ru/xanty-mansijsk-talinka;Ханты-Мансийск;посёлок городского типа Талинка;такси Ханты-Мансийск посёлок городского типа Талинка;0;;0;;0;;0;[]
https://city2city.ru/xanty-mansijsk-tayozhnyj;Ханты-Мансийск;посёлок городского типа Таёжный;такси Ханты-Мансийск посёлок городского типа Таёжный;0;;0;;0;;0;[]
https://city2city.ru/xanty-mansijsk-tobolsk;Ханты-Мансийск;Тобольск;такси Ханты-Мансийск Тобольск;2;;0;;0;;0;[]
https://city2city.ru/xanty-mansijsk-tyumen;Ханты-Мансийск;Тюмень;такси Ханты-Мансийск Тюмень;9;;0;;0;;0;[]
https://city2city.ru/xanty-mansijsk-ufa;Ханты-Мансийск;Уфа;такси Ханты-Мансийск Уфа;3;;0;;0;;0;[]
https://city2city.ru/xanty-mansijsk-uraj;Ханты-Мансийск;Урай;такси Ханты-Мансийск Урай;31;такси урай ханты мансийск;31;;0;;0;"[{""phrase"": ""такси урай ханты мансийск"", ""count"": ""31""}]"
https://city2city.ru/xanty-mansijsk-yugorsk;Ханты-Мансийск;Югорск;такси Ханты-Мансийск Югорск;36;такси югорск ханты мансийск;36;;0;;0;"[{""phrase"": ""такси югорск ханты мансийск"", ""count"": ""36""}]"
https://city2city.ru/yakutsk-aeroport-artyom-vladivostok;Якутск;аэропорт Владивосток (Кневичи) имени В.К. Арсеньева;такси Якутск аэропорт Владивосток (Кневичи) имени В.К. Арсеньева;0;;0;;0;;0;[]
https://city2city.ru/yakutsk-aeroport-bajkal-ulan-ude;Якутск;аэропорт Улан-Удэ (Байкал);такси Якутск аэропорт Улан-Удэ (Байкал);0;;0;;0;;0;[]
https://city2city.ru/yakutsk-aeroport-tolmachevo-novosibirsk;Якутск;аэропорт Новосибирск (Толмачёво) имени А.И. Покрышкина;такси Якутск аэропорт Новосибирск (Толмачёво) имени А.И. Покрышкина;0;;0;;0;;0;[]
https://city2city.ru/yakutsk-belogorsk;Якутск;Белогорск;такси Якутск Белогорск;0;;0;;0;;0;[]
https://city2city.ru/yakutsk-blagoveshhensk;Якутск;Благовещенск;такси Якутск Благовещенск;49;такси благовещенск якутск;49;такси якутск благовещенск межгород;10;;0;"[{""phrase"": ""такси благовещенск якутск"", ""count"": ""49""}, {""phrase"": ""такси якутск благовещенск межгород"", ""count"": ""10""}]"
https://city2city.ru/yakutsk-chita;Якутск;Чита;такси Якутск Чита;5;чита якутск такси;5;;0;;0;"[{""phrase"": ""чита якутск такси"", ""count"": ""5""}]"
https://city2city.ru/yakutsk-ekaterinburg;Якутск;Екатеринбург;такси Якутск Екатеринбург;0;;0;;0;;0;[]
https://city2city.ru/yakutsk-irkutsk;Якутск;Иркутск;такси Якутск Иркутск;6;;0;;0;;0;[]
https://city2city.ru/yakutsk-krasnoyarsk;Якутск;Красноярск;такси Якутск Красноярск;5;;0;;0;;0;[]
https://city2city.ru/yakutsk-novosibirsk;Якутск;Новосибирск;такси Якутск Новосибирск;4;;0;;0;;0;[]
https://city2city.ru/yakutsk-skovorodino;Якутск;Сковородино;такси Якутск Сковородино;0;;0;;0;;0;[]
https://city2city.ru/yakutsk-svobodnyj;Якутск;Свободный;такси Якутск Свободный;0;;0;;0;;0;[]
https://city2city.ru/yakutsk-tommot;Якутск;Томмот;такси Якутск Томмот;8;такси якутск томмот;8;;0;;0;"[{""phrase"": ""такси якутск томмот"", ""count"": ""8""}]"
https://city2city.ru/yakutsk-tynda;Якутск;Тында;такси Якутск Тында;0;;0;;0;;0;[]
https://city2city.ru/yakutsk-ulan-ude;Якутск;Улан-Удэ;такси Якутск Улан-Удэ;5;;0;;0;;0;[]
https://city2city.ru/yakutsk-vladivostok;Якутск;Владивосток;такси Якутск Владивосток;53;такси владивосток якутск;53;такси якутск владивосток цена;11;;0;"[{""phrase"": ""такси владивосток якутск"", ""count"": ""53""}, {""phrase"": ""такси якутск владивосток цена"", ""count"": ""11""}]"
https://city2city.ru/yakutsk-xabarovsk;Якутск;Хабаровск;такси Якутск Хабаровск;20;хабаровск якутск такси;20;;0;;0;"[{""phrase"": ""хабаровск якутск такси"", ""count"": ""20""}]"
https://city2city.ru/yaroslavl-adler;Ярославль;Адлер;такси Ярославль Адлер;0;;0;;0;;0;[]
https://city2city.ru/yaroslavl-anapa;Ярославль;Анапа;такси Ярославль Анапа;0;;0;;0;;0;[]
https://city2city.ru/yaroslavl-belgorod;Ярославль;Белгород;такси Ярославль Белгород;7;;0;;0;;0;[]
https://city2city.ru/yaroslavl-buj;Ярославль;Буй;такси Ярославль Буй;3;;0;;0;;0;[]
https://city2city.ru/yaroslavl-burmakino;Ярославль;поселок городского типа Бурмакино;такси Ярославль поселок городского типа Бурмакино;0;;0;;0;;0;[]
https://city2city.ru/yaroslavl-furmanov;Ярославль;город Фурманов;такси Ярославль город Фурманов;0;;0;;0;;0;[]
https://city2city.ru/yaroslavl-galich;Ярославль;Галич;такси Ярославль Галич;8;;0;;0;;0;[]
https://city2city.ru/yaroslavl-gavrilov-yam;Ярославль;Гаврилов-Ям;такси Ярославль Гаврилов-Ям;19;такси гаврилов ям ярославль;19;;0;;0;"[{""phrase"": ""такси гаврилов ям ярославль"", ""count"": ""19""}]"
https://city2city.ru/yaroslavl-granicza-kazaxstan;Ярославль;52А-3;такси Ярославль 52А-3;0;;0;;0;;0;[]
https://city2city.ru/yaroslavl-ilinskoe-xovanskoe;Ярославль;поселок городского типа Ильинское-Хованское;такси Ярославль поселок городского типа Ильинское-Хованское;0;;0;;0;;0;[]
https://city2city.ru/yaroslavl-joshkar-ola;Ярославль;Йошкар-Ола;такси Ярославль Йошкар-Ола;0;;0;;0;;0;[]
https://city2city.ru/yaroslavl-karabixskoe;Ярославль;Карабихское сельское поселение;такси Ярославль Карабихское сельское поселение;0;;0;;0;;0;[]
https://city2city.ru/yaroslavl-kazan;Ярославль;Казань;такси Ярославль Казань;7;;0;;0;;0;[]
https://city2city.ru/yaroslavl-kimry;Ярославль;Кимры;такси Ярославль Кимры;3;;0;;0;;0;[]
https://city2city.ru/yaroslavl-kineshma;Ярославль;Кинешма;такси Ярославль Кинешма;3;;0;;0;;0;[]
https://city2city.ru/yaroslavl-kireevsk;Ярославль;Киреевск;такси Ярославль Киреевск;0;;0;;0;;0;[]
https://city2city.ru/yaroslavl-kirov;Ярославль;Киров;такси Ярославль Киров;11;такси ярославль киров;11;;0;;0;"[{""phrase"": ""такси ярославль киров"", ""count"": ""11""}]"
https://city2city.ru/yaroslavl-kolchugino;Ярославль;Кольчугино;такси Ярославль Кольчугино;0;;0;;0;;0;[]
https://city2city.ru/yaroslavl-kostroma;Ярославль;Кострома;такси Ярославль Кострома;161;такси ярославль кострома;161;такси ярославль кострома стоимость;30;сколько стоит такси от ярославля до костромы;27;"[{""phrase"": ""такси ярославль кострома"", ""count"": ""161""}, {""phrase"": ""такси ярославль кострома стоимость"", ""count"": ""30""}, {""phrase"": ""сколько стоит такси от ярославля до костромы"", ""count"": ""27""}, {""phrase"": ""такси кострома ярославль цена"", ""count"": ""21""}, {""phrase"": ""такси ярославль кострома стоимость поездки"", ""count"": ""12""}]"
https://city2city.ru/yaroslavl-kotlas;Ярославль;Котлас;такси Ярославль Котлас;1;;0;;0;;0;[]
https://city2city.ru/yaroslavl-kovrov;Ярославль;Ковров;такси Ярославль Ковров;6;;0;;0;;0;[]
https://city2city.ru/yaroslavl-krasnoe-na-volge;Ярославль;посёлок городского типа Красное-на-Волге;такси Ярославль посёлок городского типа Красное-на-Волге;0;;0;;0;;0;[]
https://city2city.ru/yaroslavl-krasnyj-profintern;Ярославль;сельское поселение Красный Профинтерн;такси Ярославль сельское поселение Красный Профинтерн;0;;0;;0;;0;[]
https://city2city.ru/yaroslavl-krasnyj-xolm;Ярославль;Красный Холм;такси Ярославль Красный Холм;23;;0;;0;;0;[]
https://city2city.ru/yaroslavl-kstovo;Ярославль;Кстово;такси Ярославль Кстово;3;;0;;0;;0;[]
https://city2city.ru/yaroslavl-lyubim;Ярославль;Любим;такси Ярославль Любим;7;;0;;0;;0;[]
https://city2city.ru/yaroslavl-makarev;Ярославль;Макарьев;такси Ярославль Макарьев;0;;0;;0;;0;[]
https://city2city.ru/yaroslavl-moskva;Ярославль;Москва;такси Ярославль Москва;269;такси москва ярославль;269;такси ярославль москва цена;50;такси москва ярославль стоимость;46;"[{""phrase"": ""такси москва ярославль"", ""count"": ""269""}, {""phrase"": ""такси ярославль москва цена"", ""count"": ""50""}, {""phrase"": ""такси москва ярославль стоимость"", ""count"": ""46""}, {""phrase"": ""сколько стоит такси от ярославля до москвы"", ""count"": ""27""}, {""phrase"": ""яндекс такси москва ярославль"", ""count"": ""11""}, {""phrase"": ""сколько будет стоить такси ярославль москва"", ""count"": ""9""}, {""phrase"": ""такси ярославль главная москва внуково"", ""count"": ""5""}]"
https://city2city.ru/yaroslavl-murmansk;Ярославль;Мурманск;такси Ярославль Мурманск;4;;0;;0;;0;[]
https://city2city.ru/yaroslavl-murom;Ярославль;Муром;такси Ярославль Муром;1;;0;;0;;0;[]
https://city2city.ru/yaroslavl-myshkin;Ярославль;Мышкин;такси Ярославль Мышкин;14;такси ярославль мышкин;14;;0;;0;"[{""phrase"": ""такси ярославль мышкин"", ""count"": ""14""}]"
https://city2city.ru/yaroslavl-mytishhi;Ярославль;Мытищи;такси Ярославль Мытищи;0;;0;;0;;0;[]
https://city2city.ru/yaroslavl-naro-fominsk;Ярославль;Наро-Фоминск;такси Ярославль Наро-Фоминск;0;;0;;0;;0;[]
https://city2city.ru/yaroslavl-nekrasovskoe;Ярославль;посёлок городского типа Некрасовское;такси Ярославль посёлок городского типа Некрасовское;0;;0;;0;;0;[]
https://city2city.ru/yaroslavl-nizhnij-novgorod;Ярославль;Нижний Новгород;такси Ярославль Нижний Новгород;12;такси ярославль нижний новгород;12;;0;;0;"[{""phrase"": ""такси ярославль нижний новгород"", ""count"": ""12""}]"
https://city2city.ru/yaroslavl-oryol;Ярославль;Орёл;такси Ярославль Орёл;3;;0;;0;;0;[]
https://city2city.ru/yaroslavl-pereslavl-zalesskij;Ярославль;Переславль-Залесский;такси Ярославль Переславль-Залесский;14;такси ярославль переславль залесский;14;;0;;0;"[{""phrase"": ""такси ярославль переславль залесский"", ""count"": ""14""}]"
https://city2city.ru/yaroslavl-petrovsk;Ярославль;Петровск;такси Ярославль Петровск;0;;0;;0;;0;[]
https://city2city.ru/yaroslavl-plyos;Ярославль;Плёс;такси Ярославль Плёс;5;;0;;0;;0;[]
https://city2city.ru/yaroslavl-podolsk;Ярославль;Подольск;такси Ярославль Подольск;0;;0;;0;;0;[]
https://city2city.ru/yaroslavl-poshexone;Ярославль;Пошехонье;такси Ярославль Пошехонье;2;;0;;0;;0;[]
https://city2city.ru/yaroslavl-prechistoe;Ярославль;посёлок городского типа Пречистое;такси Ярославль посёлок городского типа Пречистое;0;;0;;0;;0;[]
https://city2city.ru/yaroslavl-privolzhsk;Ярославль;Приволжск;такси Ярославль Приволжск;0;;0;;0;;0;[]
https://city2city.ru/yaroslavl-rostov-na-donu;Ярославль;Ростов-на-Дону;такси Ярославль Ростов-на-Дону;3;;0;;0;;0;[]
https://city2city.ru/yaroslavl-rostov-velikij;Ярославль;Ростов;такси Ярославль Ростов;68;ярославль ростов такси;68;такси ростов великий ярославль;48;ростов ярославль такси цена;16;"[{""phrase"": ""ярославль ростов такси"", ""count"": ""68""}, {""phrase"": ""такси ростов великий ярославль"", ""count"": ""48""}, {""phrase"": ""ростов ярославль такси цена"", ""count"": ""16""}, {""phrase"": ""такси ярославль ростов великий цена"", ""count"": ""13""}]"
https://city2city.ru/yaroslavl-ryazan;Ярославль;Рязань;такси Ярославль Рязань;0;;0;;0;;0;[]
https://city2city.ru/yaroslavl-rybinsk;Ярославль;Рыбинск;такси Ярославль Рыбинск;226;такси ярославль рыбинск;226;такси рыбинск ярославль цена;53;такси рыбинск ярославль стоимость;35;"[{""phrase"": ""такси ярославль рыбинск"", ""count"": ""226""}, {""phrase"": ""такси рыбинск ярославль цена"", ""count"": ""53""}, {""phrase"": ""такси рыбинск ярославль стоимость"", ""count"": ""35""}, {""phrase"": ""сколько стоит такси от ярославля до рыбинска"", ""count"": ""31""}, {""phrase"": ""такси межгород ярославль рыбинск цена"", ""count"": ""8""}]"
https://city2city.ru/yaroslavl-samara;Ярославль;Самара;такси Ярославль Самара;7;;0;;0;;0;[]
https://city2city.ru/yaroslavl-sankt-peterburg;Ярославль;Санкт-Петербург;такси Ярославль Санкт-Петербург;11;такси санкт петербург ярославль;11;;0;;0;"[{""phrase"": ""такси санкт петербург ярославль"", ""count"": ""11""}]"
https://city2city.ru/yaroslavl-saratov;Ярославль;Саратов;такси Ярославль Саратов;0;;0;;0;;0;[]
https://city2city.ru/yaroslavl-semibratovo;Ярославль;поселок городского типа Семибратово;такси Ярославль поселок городского типа Семибратово;0;;0;;0;;0;[]
https://city2city.ru/yaroslavl-sharya;Ярославль;Шарья;такси Ярославль Шарья;0;;0;;0;;0;[]
https://city2city.ru/yaroslavl-shuya;Ярославль;Шуя;такси Ярославль Шуя;0;;0;;0;;0;[]
https://city2city.ru/yaroslavl-sochi;Ярославль;Сочи;такси Ярославль Сочи;0;;0;;0;;0;[]
https://city2city.ru/yaroslavl-sosnovyj-bor;Ярославль;посёлок городского типа Сосновый Бор;такси Ярославль посёлок городского типа Сосновый Бор;0;;0;;0;;0;[]
https://city2city.ru/yaroslavl-suzdal;Ярославль;Суздаль;такси Ярославль Суздаль;5;;0;;0;;0;[]
https://city2city.ru/yaroslavl-tejkovo;Ярославль;Тейково;такси Ярославль Тейково;3;;0;;0;;0;[]
https://city2city.ru/yaroslavl-tula;Ярославль;Тула;такси Ярославль Тула;6;;0;;0;;0;[]
https://city2city.ru/yaroslavl-tutaev;Ярославль;Тутаев;такси Ярославль Тутаев;75;такси ярославль тутаев;75;такси ярославль тутаев стоимость;20;такси от ярославля до тутаева;8;"[{""phrase"": ""такси ярославль тутаев"", ""count"": ""75""}, {""phrase"": ""такси ярославль тутаев стоимость"", ""count"": ""20""}, {""phrase"": ""такси от ярославля до тутаева"", ""count"": ""8""}, {""phrase"": ""такси до тутаев с ярославля цены"", ""count"": ""6""}, {""phrase"": ""расписание маршрутных такси тутаев ярославль"", ""count"": ""5""}]"
https://city2city.ru/yaroslavl-tver;Ярославль;Тверь;такси Ярославль Тверь;11;такси ярославль тверь;11;;0;;0;"[{""phrase"": ""такси ярославль тверь"", ""count"": ""11""}]"
https://city2city.ru/yaroslavl-uglich;Ярославль;Углич;такси Ярославль Углич;64;ярославль углич такси;64;такси ярославль углич стоимость поездки;9;;0;"[{""phrase"": ""ярославль углич такси"", ""count"": ""64""}, {""phrase"": ""такси ярославль углич стоимость поездки"", ""count"": ""9""}]"
https://city2city.ru/yaroslavl-velsk;Ярославль;Вельск;такси Ярославль Вельск;2;;0;;0;;0;[]
https://city2city.ru/yaroslavl-vladimir;Ярославль;Владимир;такси Ярославль Владимир;18;такси владимир ярославль;18;;0;;0;"[{""phrase"": ""такси владимир ярославль"", ""count"": ""18""}]"
https://city2city.ru/yaroslavl-volgorechensk;Ярославль;Волгореченск;такси Ярославль Волгореченск;5;;0;;0;;0;[]
https://city2city.ru/yaroslavl-vologda;Ярославль;Вологда;такси Ярославль Вологда;38;такси вологда ярославль;38;такси вологда ярославль цена;12;;0;"[{""phrase"": ""такси вологда ярославль"", ""count"": ""38""}, {""phrase"": ""такси вологда ярославль цена"", ""count"": ""12""}]"
https://city2city.ru/yaroslavl-voronezh;Ярославль;Воронеж;такси Ярославль Воронеж;1;;0;;0;;0;[]
