url,gorod1,gorod2,freq,price,position_display,total_competition,federal_count,regional_count,monthly_revenue,composite_score,freq_score,price_score,competition_score,position_score,segment
https://city2city.ru/ekaterinburg-sibaj.html,Екатеринбург,Сибай,40889,17700,not ranking,4,1,3,36186765.0,94.27661780526208,100.0,88.14095397966898,86.20689655172414,100.0,DIRECT_ONLY
https://city2city.ru/cheljabinsk-sibaj.html,Челябинск,Сибай,28072,11400,not ranking,3,0,3,16001040.0,83.00418857685563,68.65416126586612,84.17679060417544,89.65517241379311,100.0,DIRECT_ONLY
https://city2city.ru/rostov-rostov-velikij.html,Ростов-на-Дону,Ростов,19134,39000,not ranking,14,1,13,37311300.0,70.53792547397381,46.79498153537626,95.25941740154094,51.724137931034484,100.0,SEO_INVEST_DIRECT
https://city2city.ru/donetsk-orenburg.html,Донецк,Оренбург,10273,53000,not ranking,5,1,4,27223450.0,69.85099823219059,25.124116510552962,98.02333326226407,82.75862068965517,100.0,DIRECT_ONLY
https://city2city.ru/donetsk-ufa.html,Донецк,Уфа,10273,57300,not ranking,6,1,5,29432145.0,69.33707592813323,25.124116510552962,98.72626473568984,79.3103448275862,100.0,SEO_INVEST_DIRECT
https://city2city.ru/donetsk-kirov.html,Донецк,Киров,10273,56000,not ranking,6,1,5,28764400.0,69.28537806241148,25.124116510552962,98.5194732728028,79.3103448275862,100.0,SEO_INVEST_DIRECT
https://city2city.ru/donetsk-kazan.html,Донецк,Казань,10273,47500,not ranking,6,1,5,24398375.0,68.91452901024286,25.124116510552962,97.03607706412835,79.3103448275862,100.0,SEO_INVEST_DIRECT
https://city2city.ru/donetsk-yoshkar-ola.html,Донецк,Йошкар-Ола,10273,47000,not ranking,6,1,5,24141550.0,68.89069040532615,25.124116510552962,96.9407226444615,79.3103448275862,100.0,SEO_INVEST_DIRECT
https://city2city.ru/donetsk-saransk.html,Донецк,Саранск,10273,35000,not ranking,6,1,5,17977750.0,68.22658985724911,25.124116510552962,94.28432045215334,79.3103448275862,100.0,SEO_INVEST_DIRECT
https://city2city.ru/donetsk-saratov.html,Донецк,Саратов,10273,29000,not ranking,6,1,5,14895850.0,67.80296384166942,25.124116510552962,92.5898163898346,79.3103448275862,100.0,SEO_INVEST_DIRECT
https://city2city.ru/donetsk-tambov.html,Донецк,Тамбов,10273,26000,not ranking,6,1,5,13354900.0,67.55697138929014,25.124116510552962,91.60584658031745,79.3103448275862,100.0,SEO_INVEST_DIRECT
https://city2city.ru/donetsk-volgograd.html,Донецк,Волгоград,10273,18600,not ranking,5,1,4,9553890.0,67.49212799356265,25.124116510552962,88.5878523077523,82.75862068965517,100.0,DIRECT_ONLY
https://city2city.ru/donetsk-maykop.html,Донецк,Майкоп,10273,22000,not ranking,6,1,5,11300300.0,67.18065190672021,25.124116510552962,90.10056865003776,79.3103448275862,100.0,SEO_INVEST_DIRECT
https://city2city.ru/samara-pervomajsk.html,Самара,Первомайск,31,63000,not ranking,0,0,0,97650.0,64.92173775946547,0.0758150113722517,99.58081002194074,100.0,100.0,NEW_P1
https://city2city.ru/sankt-peterburg-krasnogvardejskoe.html,Санкт-Петербург,село Красногвардейское,16,63000,not ranking,0,0,0,50400.0,64.90889812044276,0.03913032845019443,99.58081002194074,100.0,100.0,NEW_P1
https://city2city.ru/sankt-peterburg-leningradskaya.html,Санкт-Петербург,станица Ленинградская,218,58000,not ranking,0,0,0,632200.0,64.89552252653175,0.533150725133899,98.83567909093955,100.0,100.0,NEW_P1
https://city2city.ru/krasnodar-neya.html,Краснодар,Нея,9,58000,not ranking,0,0,0,26100.0,64.71662355614852,0.022010809753234366,98.83567909093955,100.0,100.0,NEW_P1
https://city2city.ru/moskva-sevastopol.html,Москва,Севастополь,51,57000,not ranking,0,0,0,145350.0,64.71339554675569,0.12472792193499475,98.6789630963138,100.0,100.0,NEW_P1
https://city2city.ru/moskva-krasnogvardejskoe.html,Москва,село Красногвардейское,173,54000,not ranking,0,0,0,467100.0,64.69602553176627,0.42309667636772724,98.19176678015025,100.0,100.0,NEW_P1
https://city2city.ru/moskva-simferopol.html,Москва,Симферополь,93,54000,not ranking,0,0,0,251100.0,64.62754745697842,0.22744503411675512,98.19176678015025,100.0,100.0,NEW_P1
https://city2city.ru/rostov-kirov.html,Ростов-на-Дону,Киров,15,54000,not ranking,0,0,0,40500.0,64.56078133406028,0.03668468292205728,98.19176678015025,100.0,100.0,NEW_P1
https://city2city.ru/moskva-sochi.html,Москва,Сочи,204,49500,not ranking,0,0,0,504900.0,64.52654753905023,0.498911687739979,97.40771379336492,100.0,100.0,NEW_P1
https://city2city.ru/moskva-dzhankoj.html,Москва,Джанкой,59,51000,not ranking,0,0,0,150450.0,64.46968169367558,0.14429308616009195,97.67671645407819,100.0,100.0,NEW_P1
https://city2city.ru/sankt-peterburg-strizhi.html,Санкт-Петербург,деревня Стрижи,14,48000,not ranking,0,0,0,33600.0,64.29459191577894,0.034239037393920126,97.13043301076429,100.0,100.0,NEW_P1
https://city2city.ru/kirov-kirov-kaluzhskaya-oblast.html,Киров,Киров,498,39000,not ranking,0,0,0,971100.0,64.24113036593954,1.2179314730123016,95.25941740154094,100.0,100.0,NEW_P1
https://city2city.ru/rostov-lyubim.html,Ростов-на-Дону,Любим,56,46000,not ranking,0,0,0,128800.0,64.2346677178262,0.1369561495756805,96.7469322618988,100.0,100.0,NEW_P1
https://city2city.ru/bryansk-otradnyj.html,Брянск,Отрадный,9,46500,not ranking,0,0,0,20925.0,64.21879088188973,0.022010809753234366,96.84434839390443,100.0,100.0,NEW_P1
https://city2city.ru/moskva-otradnaya.html,Москва,станица Отрадная,59,45000,not ranking,0,0,0,132750.0,64.18772320626721,0.14429308616009195,96.5488825044447,100.0,100.0,NEW_P1
https://city2city.ru/moskva-ufa.html,Москва,Уфа,323,40500,not ranking,0,0,0,654075.0,64.17635289860218,0.7899435055883001,95.59949068658511,100.0,100.0,NEW_P1
https://city2city.ru/kirov-volgograd.html,Киров,Волгоград,21,45000,not ranking,0,0,0,47250.0,64.15519612074299,0.05135855609088019,96.5488825044447,100.0,100.0,NEW_P1
https://city2city.ru/donetsk-samara.html,Донецк,Самара,104,43500,not ranking,0,0,0,226200.0,64.14987128757213,0.25434713492626376,96.24339916139174,100.0,100.0,NEW_P1
https://city2city.ru/moskva-astraxan.html,Москва,Астрахань,60,43500,not ranking,0,0,0,130500.0,64.11220834643882,0.14673873168822912,96.24339916139174,100.0,100.0,NEW_P1
https://city2city.ru/moskva-leningradskaya.html,Москва,станица Ленинградская,406,37500,not ranking,0,0,0,761250.0,64.07402745538039,0.9929320844236836,94.9060049033284,100.0,100.0,NEW_P1
https://city2city.ru/donetsk-tver.html,Донецк,Тверь,11,43500,not ranking,0,0,0,23925.0,64.07026552563126,0.02690210080950867,96.24339916139174,100.0,100.0,NEW_P1
https://city2city.ru/donetsk-nizhniy-novgorod.html,Донецк,Нижний Новгород,9,43500,not ranking,0,0,0,19575.0,64.06855357376156,0.022010809753234366,96.24339916139174,100.0,100.0,NEW_P1
https://city2city.ru/ufa-vidnoe.html,Уфа,садовое товарищество Видное,10,40500,not ranking,0,0,0,20250.0,63.90843243099476,0.02445645528137152,95.59949068658511,100.0,100.0,NEW_P1
https://city2city.ru/oryol-kirov.html,Орёл,Киров,9,40500,not ranking,0,0,0,18225.0,63.90757645505991,0.022010809753234366,95.59949068658511,100.0,100.0,NEW_P1
https://city2city.ru/perm-gagarin.html,Пермь,Гагарин,10,39500,not ranking,0,0,0,19750.0,63.85211153507754,0.02445645528137152,95.37420710291624,100.0,100.0,NEW_P1
https://city2city.ru/melitopol-tula.html,Мелитополь,Тула,9,39000,not ranking,0,0,0,17550.0,63.822558133798864,0.022010809753234366,95.25941740154094,100.0,100.0,NEW_P1
https://city2city.ru/moskva-pavlovskaya.html,Москва,станица Павловская,31,37500,not ranking,0,0,0,58125.0,63.75303647981239,0.0758150113722517,94.9060049033284,100.0,100.0,NEW_P1
https://city2city.ru/moskva-izhevsk.html,Москва,Ижевск,56,36000,not ranking,0,0,0,100800.0,63.682475619823656,0.1369561495756805,94.53816386988866,100.0,100.0,NEW_P1
https://city2city.ru/moskva-rostov-na-don.html,Москва,Ростов-на-Дону,261,33000,not ranking,0,0,0,430650.0,63.661939335954486,0.6383134828437966,93.75411846783663,100.0,100.0,NEW_P1
https://city2city.ru/kaluga-kirov.html,Калуга,Киров,31,36000,not ranking,0,0,0,55800.0,63.661076221452454,0.0758150113722517,94.53816386988866,100.0,100.0,NEW_P1
https://city2city.ru/yaroslavl-izhevsk.html,Ярославль,Ижевск,11,34500,not ranking,0,0,0,18975.0,63.54808219569097,0.02690210080950867,94.15466584163057,100.0,100.0,NEW_P1
https://city2city.ru/belgorod-anapa.html,Белгород,Анапа,11,34500,not ranking,0,0,0,18975.0,63.54808219569097,0.02690210080950867,94.15466584163057,100.0,100.0,NEW_P1
https://city2city.ru/moskva-otradnyj.html,Москва,Отрадный,59,33000,not ranking,0,0,0,97350.0,63.48903219711519,0.14429308616009195,93.75411846783663,100.0,100.0,NEW_P1
https://city2city.ru/moskva-krasnyj.html,Москва,Красный проспект,156,31000,not ranking,0,0,0,241800.0,63.431221980937735,0.38152070238939567,93.1907589404058,100.0,100.0,NEW_P1
https://city2city.ru/moskva-volgograd.html,Москва,Волгоград,127,30000,not ranking,0,0,0,190500.0,63.33253301386425,0.3105969820734183,92.89529628055423,100.0,100.0,NEW_P1
https://city2city.ru/moskva-petrozavodsk.html,Москва,Петрозаводск,14,31000,not ranking,0,0,0,21700.0,63.30967339818932,0.034239037393920126,93.1907589404058,100.0,100.0,NEW_P1
https://city2city.ru/donetsk-astrahan.html,Донецк,Астрахань,9,30000,not ranking,0,0,0,13500.0,63.231527853552194,0.022010809753234366,92.89529628055423,100.0,100.0,NEW_P1
https://city2city.ru/kazan-xolm.html,Казань,деревня Холм,10,29500,not ranking,0,0,0,14750.0,63.19452244925127,0.02445645528137152,92.74385075961116,100.0,100.0,NEW_P1
https://city2city.ru/moskva-kirov.html,Москва,Киров,94,28500,not ranking,0,0,0,133950.0,63.18873751806245,0.22989067964489227,92.43310312074698,100.0,100.0,NEW_P1
https://city2city.ru/moskva-saratov.html,Москва,Саратов,167,26000,not ranking,0,0,0,217100.0,63.04440962619898,0.4084228031989044,91.60584658031745,100.0,100.0,NEW_P1
https://city2city.ru/ryazan-domodedovo.html,Рязань,Домодедово,75,26500,not ranking,0,0,0,99375.0,63.00856949944503,0.18342341461028638,91.77748521732573,100.0,100.0,NEW_P1
https://city2city.ru/saratov-moskva.html,Саратов,Москва,167,25500,not ranking,0,0,0,212925.0,63.00066675017839,0.4084228031989044,91.4308750762351,100.0,100.0,NEW_P1
https://city2city.ru/ulyanovsk-moskva.html,Ульяновск,Москва,94,25500,not ranking,0,0,0,119850.0,62.938180506934486,0.22989067964489227,91.4308750762351,100.0,100.0,NEW_P1
https://city2city.ru/moskva-ulyanovsk.html,Москва,Ульяновск,94,25500,not ranking,0,0,0,119850.0,62.938180506934486,0.22989067964489227,91.4308750762351,100.0,100.0,NEW_P1
https://city2city.ru/rostov-kursk.html,Ростов-на-Дону,Курск,52,24000,not ranking,0,0,0,62400.0,62.76566141742839,0.12717356746313188,90.88460267526517,100.0,100.0,NEW_P1
https://city2city.ru/pskov-strizhi.html,Псков,деревня Стрижи,16,24000,not ranking,0,0,0,19200.0,62.73484628377386,0.03913032845019443,90.88460267526517,100.0,100.0,NEW_P1
https://city2city.ru/kazan-ivanovo.html,Казань,Иваново,11,23500,not ranking,0,0,0,12925.0,62.68313981103125,0.02690210080950867,90.69489630299171,100.0,100.0,NEW_P1
https://city2city.ru/moskva-belgorod.html,Москва,Белгород,303,21000,not ranking,0,0,0,318150.0,62.67970862680919,0.741030595025557,89.68139167420098,100.0,100.0,NEW_P1
https://city2city.ru/cheboksary-moskva.html,Чебоксары,Москва,55,22500,not ranking,0,0,0,61875.0,62.62284484730489,0.13451050404754333,90.30306468355302,100.0,100.0,NEW_P1
https://city2city.ru/moskva-rossosh.html,Москва,Россошь,52,22500,not ranking,0,0,0,58500.0,62.620276919500355,0.12717356746313188,90.30306468355302,100.0,100.0,NEW_P1
https://city2city.ru/donetsk-voronezh.html,Донецк,Воронеж,11,22500,not ranking,0,0,0,12375.0,62.585181906171584,0.02690210080950867,90.30306468355302,100.0,100.0,NEW_P1
https://city2city.ru/moskva-cheboksary.html,Москва,Чебоксары,55,22000,not ranking,0,0,0,60500.0,62.57222083892608,0.13451050404754333,90.10056865003776,100.0,100.0,NEW_P1
https://city2city.ru/moskva-otradnoe.html,Москва,Отрадное,59,21000,not ranking,0,0,0,61950.0,62.47085049870628,0.14429308616009195,89.68139167420098,100.0,100.0,NEW_P1
https://city2city.ru/moskva-luga.html,Москва,Луга,18,20500,not ranking,0,0,0,18450.0,62.38147174428331,0.04402161950646873,89.46425670982418,100.0,100.0,NEW_P1
https://city2city.ru/novosibirsk-omsk.html,Новосибирск,Омск,51,19500,not ranking,0,0,0,49725.0,62.2970623690809,0.12472792193499475,89.0136303856146,100.0,100.0,NEW_P1
https://city2city.ru/krasnodar-sevastopol.html,Краснодар,Севастополь,420,16000,not ranking,0,0,0,336000.0,62.167285905708255,1.0271711218176038,87.23110405228836,100.0,100.0,NEW_P1
https://city2city.ru/kursk-moskva.html,Курск,Москва,281,16000,not ranking,0,0,0,224800.0,62.04830525076438,0.6872263934065396,87.23110405228836,100.0,100.0,NEW_P1
https://city2city.ru/ufa-oktyabrsk.html,Уфа,Октябрьск,19,17500,not ranking,0,0,0,16625.0,62.02590350282,0.04646726503460589,88.03855984023157,100.0,100.0,NEW_P1
https://city2city.ru/ulyanovsk-zavolzhe.html,Ульяновск,Заволжье,53,16000,not ranking,0,0,0,42400.0,61.85314273761904,0.12961921299126905,87.23110405228836,100.0,100.0,NEW_P1
https://city2city.ru/krasnodar-simferopol.html,Краснодар,Симферополь,492,13500,not ranking,0,0,0,332100.0,61.846197972911725,1.2032575998434787,85.70023125186603,100.0,100.0,NEW_P1
https://city2city.ru/krasnodar-yalta.html,Краснодар,Ялта,212,15000,not ranking,0,0,0,159000.0,61.84386154184898,0.5184768519650762,86.64957857464482,100.0,100.0,NEW_P1
https://city2city.ru/moskva-gryazi.html,Москва,Грязи,10,16000,not ranking,0,0,0,8000.0,61.81633577242057,0.02445645528137152,87.23110405228836,100.0,100.0,NEW_P1
https://city2city.ru/krasnodar-evpatoriya.html,Краснодар,Евпатория,92,15500,not ranking,0,0,0,71300.0,61.81500767252991,0.22499938858861795,86.94503154609556,100.0,100.0,NEW_P1
https://city2city.ru/moskva-nigniy_novgorod.html,Москва,Нижний Новгород,325,14000,not ranking,0,0,0,227500.0,61.785172145570385,0.7948347966445742,86.02791986697912,100.0,100.0,NEW_P1
https://city2city.ru/moskva-dmitriev.html,Москва,Дмитриев,54,15500,not ranking,0,0,0,41850.0,61.78248058700568,0.1320648585194062,86.94503154609556,100.0,100.0,NEW_P1
https://city2city.ru/cheboksary-samara.html,Чебоксары,Самара,19,15500,not ranking,0,0,0,14725.0,61.752521429286006,0.04646726503460589,86.94503154609556,100.0,100.0,NEW_P1
https://city2city.ru/krasnodar-volgodonsk.html,Краснодар,Волгодонск,8,15000,not ranking,0,0,0,6000.0,61.66924245113999,0.019565164225097215,86.64957857464482,100.0,100.0,NEW_P1
https://city2city.ru/tambov-moskva.html,Тамбов,Москва,131,14000,not ranking,0,0,0,91700.0,61.61911281420987,0.3203795641859669,86.02791986697912,100.0,100.0,NEW_P1
https://city2city.ru/novosibirsk-gorno-altaysk.html,Новосибирск,Горно-Алтайск,83,13500,not ranking,0,0,0,56025.0,61.4961038155589,0.20298857883538363,85.70023125186603,100.0,100.0,NEW_P1
https://city2city.ru/krasnodar-dzhankoj.html,Краснодар,Джанкой,60,13500,not ranking,0,0,0,40500.0,61.47641636905739,0.14673873168822912,85.70023125186603,100.0,100.0,NEW_P1
https://city2city.ru/moskva-dzerzhinsk.html,Москва,Дзержинск,35,13500,not ranking,0,0,0,23625.0,61.45501697068619,0.08559759348480032,85.70023125186603,100.0,100.0,NEW_P1
https://city2city.ru/moskva-bryansk.html,Москва,Брянск,130,13000,not ranking,0,0,0,84500.0,61.451320641579606,0.3179339186578297,85.36017508019746,100.0,100.0,NEW_P1
https://city2city.ru/krasnodar-essentuki.html,Краснодар,Ессентуки,11,13500,not ranking,0,0,0,7425.0,61.434473548249834,0.02690210080950867,85.70023125186603,100.0,100.0,NEW_P1
https://city2city.ru/mariupol-simferopol.html,Мариуполь,Симферополь,9,13500,not ranking,0,0,0,6075.0,61.43276159638014,0.022010809753234366,85.70023125186603,100.0,100.0,NEW_P1
https://city2city.ru/volgograd-astraxan.html,Волгоград,Астрахань,75,13000,not ranking,0,0,0,48750.0,61.40424196516297,0.18342341461028638,85.36017508019746,100.0,100.0,NEW_P1
https://city2city.ru/moskva-michurinsk.html,Москва,Мичуринск,71,13000,not ranking,0,0,0,46150.0,61.40081806142358,0.17364083249773776,85.36017508019746,100.0,100.0,NEW_P1
https://city2city.ru/moskva-smolensk.html,Москва,Смоленск,144,12500,not ranking,0,0,0,90000.0,61.3749558007075,0.35217295605174986,85.00678106435755,100.0,100.0,NEW_P1
https://city2city.ru/krasnodar-pyatigorsk.html,Краснодар,Пятигорск,18,13000,not ranking,0,0,0,11700.0,61.35545133687663,0.04402161950646873,85.36017508019746,100.0,100.0,NEW_P1
https://city2city.ru/bryansk-moskva.html,Брянск,Москва,130,12000,not ranking,0,0,0,78000.0,61.27101688488089,0.3179339186578297,84.63896005340261,100.0,100.0,NEW_P1
https://city2city.ru/moskva-orel.html,Москва,Орёл,127,11500,not ranking,0,0,0,73025.0,61.172579890879206,0.3105969820734183,84.25548378861404,100.0,100.0,NEW_P1
https://city2city.ru/moskva-vyksa.html,Москва,Выкса,10,12000,not ranking,0,0,0,6000.0,61.16829977269913,0.02445645528137152,84.63896005340261,100.0,100.0,NEW_P1
https://city2city.ru/novosibirsk-novokuznetsk.html,Новосибирск,Новокузнецк,114,11500,not ranking,0,0,0,65550.0,61.161452203726185,0.27880359020763534,84.25548378861404,100.0,100.0,NEW_P1
https://city2city.ru/moskva-rodniki.html,Москва,Родники,9,11500,not ranking,0,0,0,5175.0,61.07157473056714,0.022010809753234366,84.25548378861404,100.0,100.0,NEW_P1
https://city2city.ru/ivanovo-moskva.html,Иваново,Москва,199,10500,not ranking,0,0,0,104475.0,61.02928988169758,0.4866834600992932,83.43580268265131,100.0,100.0,NEW_P1
https://city2city.ru/moskva-kostroma.html,Москва,Кострома,142,10500,not ranking,0,0,0,74550.0,60.980499253411246,0.3472816649954755,83.43580268265131,100.0,100.0,NEW_P1
https://city2city.ru/krasnodar-sochi.html,Краснодар,Сочи,222,10000,not ranking,0,0,0,111000.0,60.939074801325624,0.5429333072464477,82.99619257515747,100.0,100.0,NEW_P1
https://city2city.ru/moskva-ivanovo.html,Москва,Иваново,199,10000,not ranking,0,0,0,99500.0,60.919387354824124,0.4866834600992932,82.99619257515747,100.0,100.0,NEW_P1
https://city2city.ru/krasnodar-adler.html,Краснодар,Адлер,68,10500,not ranking,0,0,0,35700.0,60.91715703423249,0.1663038959133263,83.43580268265131,100.0,100.0,NEW_P1
https://city2city.ru/energodar-ufa.html,Энергодар,Уфа,38,65500,not ranking,6,0,6,124450.0,60.87746486157991,0.09293453006921178,99.9314752421538,79.3103448275862,100.0,DIRECT_TEST
https://city2city.ru/ivanovo-domodedovo.html,Иваново,Домодедово,16,10500,not ranking,0,0,0,8400.0,60.8726462856204,0.03913032845019443,83.43580268265131,100.0,100.0,NEW_P1
https://city2city.ru/krasnodar-cherkessk.html,Краснодар,Черкесск,14,10500,not ranking,0,0,0,7350.0,60.8709343337507,0.034239037393920126,83.43580268265131,100.0,100.0,NEW_P1
https://city2city.ru/moskva-melenki.html,Москва,Меленки,12,10500,not ranking,0,0,0,6300.0,60.869222381881,0.029347746337645825,83.43580268265131,100.0,100.0,NEW_P1
https://city2city.ru/blagoveshhensk-ulan-ude.html,Благовещенск,Улан-Удэ,2,66000,not ranking,6,0,6,6600.0,60.86378091738693,0.004891291056274304,100.0,79.3103448275862,100.0,DIRECT_LOW
https://city2city.ru/krasnodar-feodosiya.html,Краснодар,Феодосия,72,10000,not ranking,0,0,0,36000.0,60.81067841109842,0.17608647802587493,82.99619257515747,100.0,100.0,NEW_P1
https://city2city.ru/krasnodar-armavir.html,Краснодар,Армавир,62,10000,not ranking,0,0,0,31000.0,60.80211865174994,0.1516300227445034,82.99619257515747,100.0,100.0,NEW_P1
https://city2city.ru/ekaterinburg-beloreczk.html,Екатеринбург,Белорецк,73,53700,not ranking,6,1,5,196005.0,60.45994682684523,0.1785321235540121,98.14156647233635,79.3103448275862,100.0,DIRECT_TEST
https://city2city.ru/ekaterinburg-nizhnevartovsk.html,Екатеринбург,Нижневартовск,1,40000,not ranking,6,0,6,2000.0,59.73481316812294,0.002445645528137152,95.48755290668339,79.3103448275862,100.0,DIRECT_LOW
https://city2city.ru/elista-gorod-lagan.html,Элиста,Лагань,10,38500,not ranking,6,0,6,19250.0,59.656415359894226,0.02445645528137152,95.143146540114,79.3103448275862,100.0,DIRECT_TEST
https://city2city.ru/chelyabinsk-surgut.html,Челябинск,Сургут,7,36000,not ranking,6,0,6,12600.0,59.502601764533345,0.017119518696960063,94.53816386988866,79.3103448275862,100.0,DIRECT_LOW
https://city2city.ru/kazan-ekaterinburg.html,Международный аэропорт Казань,Екатеринбург,42,26000,not ranking,5,2,3,54600.0,59.48913677227401,0.10271711218176038,91.60584658031745,82.75862068965517,100.0,DIRECT_TEST
https://city2city.ru/chelyabinsk-rostov-na-donu.html,Челябинск,Ростов-на-Дону,5,64000,not ranking,8,0,8,16000.0,59.41771794917492,0.01222822764068576,99.7227177952441,72.41379310344828,100.0,DIRECT_LOW
https://city2city.ru/kazan-ufa.html,Международный аэропорт Казань,Уфа,276,15900,not ranking,4,2,2,219420.0,59.271281540573284,0.6749981657658539,87.17461148884162,86.20689655172414,100.0,DIRECT_ONLY
https://city2city.ru/kazan-sochi.html,Казань,Сочи,15,59400,not ranking,8,1,7,44550.0,59.25824853546054,0.03668468292205728,99.05060110299266,72.41379310344828,100.0,DIRECT_TEST
https://city2city.ru/chelyabinsk-nizhnevartovsk.html,Челябинск,Нижневартовск,10,42500,not ranking,7,1,6,21250.0,59.189432087825125,0.02445645528137152,96.03383414149278,75.86206896551724,100.0,DIRECT_TEST
https://city2city.ru/bratsk-irkutsk.html,Братск,Иркутск,1371,18500,not ranking,6,1,5,1268175.0,59.17043133571733,3.352980019076035,88.5392774540939,79.3103448275862,100.0,SEO_INVEST_DIRECT
https://city2city.ru/ivanovo-sochi.html,Иваново,Сочи,10,57000,not ranking,8,0,8,28500.0,59.161059154116586,0.02445645528137152,98.6789630963138,72.41379310344828,100.0,DIRECT_TEST
https://city2city.ru/ekaterinburg-sol-ileczk.html,Екатеринбург,Соль-Илецк,1,29500,not ranking,6,0,6,1475.0,59.04888763135488,0.002445645528137152,92.74385075961116,79.3103448275862,100.0,DIRECT_LOW
https://city2city.ru/chelyabinsk-moskva.html,Челябинск,Москва,87,52500,not ranking,8,1,7,228375.0,59.04170877168097,0.2127711609479322,97.93792097863816,72.41379310344828,100.0,DIRECT_TEST
https://city2city.ru/elista-moskva.html,Элиста,Москва,88,38000,not ranking,7,1,6,167200.0,59.00407862408913,0.21521680647606936,95.02535579487622,75.86206896551724,100.0,DIRECT_TEST
https://city2city.ru/irkutsk-aeroport-ust-kut.html,аэропорт Иркутск,Усть-Кут,4,38500,not ranking,7,1,6,7700.0,58.96162433187134,0.009782582112548607,95.143146540114,75.86206896551724,100.0,DIRECT_LOW
https://city2city.ru/kazan-moskva.html,Казань,Москва,399,24300,not ranking,6,1,5,484785.0,58.95273801381012,0.9758125657267235,90.99653860115409,79.3103448275862,100.0,DIRECT_ONLY
https://city2city.ru/kazan-perm.html,Международный аэропорт Казань,Пермь,17,20000,not ranking,5,2,3,17000.0,58.87671575753598,0.04157597397833158,89.24176011485012,82.75862068965517,100.0,DIRECT_TEST
https://city2city.ru/astraxan-orenburg.html,Астрахань,Оренбург,2,48500,not ranking,8,0,8,4850.0,58.79042336712021,0.004891291056274304,97.22381117824344,72.41379310344828,100.0,DIRECT_LOW
https://city2city.ru/ekaterinburg-gaj.html,Екатеринбург,Гай,2,25500,not ranking,6,1,5,2550.0,58.72149968644571,0.004891291056274304,91.4308750762351,79.3103448275862,100.0,DIRECT_LOW
https://city2city.ru/kazan-simferopol.html,Казань,Симферополь,1,63500,not ranking,9,0,9,3175.0,58.70697023748329,0.002445645528137152,99.65204325309031,68.9655172413793,100.0,DIRECT_LOW
https://city2city.ru/ekaterinburg-app-doneczk.html,Екатеринбург,Донецк,7,62500,not ranking,9,0,9,21875.0,58.6763475794165,0.017119518696960063,99.50900919838679,68.9655172413793,100.0,DIRECT_LOW
https://city2city.ru/belgorod-chelyabinsk.html,Белгород,Челябинск,1,60500,not ranking,9,0,9,3025.0,58.59794548798406,0.002445645528137152,99.21594425509343,68.9655172413793,100.0,DIRECT_LOW
https://city2city.ru/kazan-nizhniy_novgorod.html,Международный аэропорт Казань,Нижний Новгород,64,12600,not ranking,4,2,2,40320.0,58.565806097995804,0.15652131380077772,85.07857731128283,86.20689655172414,100.0,DIRECT_TEST
https://city2city.ru/ekaterinburg-ufa.html,международный аэропорт Кольцово Екатеринбург,Уфа,172,15800,not ranking,5,2,3,135880.0,58.478392630116176,0.4206510308395901,87.11776252556514,82.75862068965517,100.0,DIRECT_TEST
https://city2city.ru/belgorod-arxangelsk.html,Белгород,Архангельск,5,57000,not ranking,9,0,9,14250.0,58.46712410202855,0.01222822764068576,98.6789630963138,68.9655172413793,100.0,DIRECT_LOW
https://city2city.ru/blagoveshhensk-ussurijsk.html,Благовещенск,Уссурийск,10,41500,not ranking,8,1,7,20750.0,58.44613816280987,0.02445645528137152,95.81927913108693,72.41379310344828,100.0,DIRECT_TEST
https://city2city.ru/kemerovo-beryozovskiy.html,Кемерово,Берёзовский,31,55800,not ranking,9,0,9,86490.0,58.441447138796576,0.0758150113722517,98.48723374616172,68.9655172413793,100.0,DIRECT_TEST
https://city2city.ru/izhevsk-sankt-peterburg.html,Ижевск,Санкт-Петербург,4,56000,not ranking,9,0,9,11200.0,58.42639567021595,0.009782582112548607,98.5194732728028,68.9655172413793,100.0,DIRECT_LOW
https://city2city.ru/kazan-saransk.html,Международный аэропорт Казань,Саранск,6,12000,not ranking,4,2,2,3600.0,58.406255179304566,0.014673873168822913,84.63896005340261,86.20689655172414,100.0,DIRECT_LOW
https://city2city.ru/ekaterinburg-magnitogorsk.html,международный аэропорт Кольцово Екатеринбург,Магнитогорск,82,15400,not ranking,5,2,3,63140.0,58.343591877116516,0.20054293330724646,86.88671085011178,82.75862068965517,100.0,DIRECT_TEST
https://city2city.ru/chelyabinsk-kazan.html,Челябинск,Казань,13,28800,not ranking,7,0,7,18720.0,58.31540591776755,0.03179339186578297,92.52745775004432,75.86206896551724,100.0,DIRECT_TEST
https://city2city.ru/ekaterinburg-moskva.html,Екатеринбург,Москва,154,50200,not ranking,9,0,9,386540.0,58.30848582453268,0.3766294113331214,97.5342483291609,68.9655172413793,100.0,DIRECT_TEST
https://city2city.ru/ekaterinburg-volgograd.html,Екатеринбург,Волгоград,1,52000,not ranking,9,0,9,2600.0,58.25688226316396,0.002445645528137152,97.851691355813,68.9655172413793,100.0,DIRECT_LOW
https://city2city.ru/belgorod-alekseevka.html,Белгород,Алексеевка,19,38000,not ranking,8,0,8,36100.0,58.255361112170824,0.04646726503460589,95.02535579487622,72.41379310344828,100.0,DIRECT_TEST
https://city2city.ru/bryansk-simferopol.html,Брянск,Симферополь,6,51500,not ranking,9,0,9,15450.0,58.23939645381857,0.014673873168822913,97.76462859973451,68.9655172413793,100.0,DIRECT_LOW
https://city2city.ru/kazan-meleuz.html,Казань,Мелеуз,9,20500,not ranking,6,0,6,9225.0,58.23583692638692,0.022010809753234366,89.46425670982418,79.3103448275862,100.0,DIRECT_TEST
https://city2city.ru/astraxan-ufa.html,Астрахань,Уфа,7,50500,not ranking,9,0,9,17675.0,58.19607982532759,0.017119518696960063,97.58793818203117,68.9655172413793,100.0,DIRECT_LOW
https://city2city.ru/belgorod-sochi.html,Белгород,Сочи,3,37000,not ranking,8,1,7,5550.0,58.1815895438969,0.007336936584411456,94.78505198161078,72.41379310344828,100.0,DIRECT_LOW
https://city2city.ru/belgorod-petrozavodsk.html,Белгород,Петрозаводск,1,50000,not ranking,9,0,9,2500.0,58.16852856100269,0.002445645528137152,97.49827654716792,68.9655172413793,100.0,DIRECT_LOW
https://city2city.ru/kazan-magnitogorsk.html,Казань,Магнитогорск,42,26100,not ranking,7,0,7,54810.0,58.11847399409132,0.10271711218176038,91.64043684689703,75.86206896551724,100.0,DIRECT_TEST
https://city2city.ru/kirov-anapa.html,Киров,Анапа,4,66000,not ranking,10,0,10,13200.0,58.10687217960147,0.009782582112548607,100.0,65.51724137931035,100.0,DIRECT_LOW
https://city2city.ru/belgorod-ufa.html,Белгород,Уфа,5,48000,not ranking,9,0,9,12000.0,58.07999158064118,0.01222822764068576,97.13043301076429,68.9655172413793,100.0,DIRECT_LOW
https://city2city.ru/bryansk-adler.html,Брянск,Адлер,1,48000,not ranking,9,0,9,2400.0,58.07656767690178,0.002445645528137152,97.13043301076429,68.9655172413793,100.0,DIRECT_LOW
https://city2city.ru/bryansk-sochi.html,Брянск,Сочи,3,47500,not ranking,9,0,9,7125.0,58.05469064211249,0.007336936584411456,97.03607706412835,68.9655172413793,100.0,DIRECT_LOW
https://city2city.ru/kazan-samara.html,Международный аэропорт Казань,Самара,385,11200,not ranking,5,2,3,215600.0,57.88560289073993,0.9415735283328034,84.01731207156966,82.75862068965517,100.0,DIRECT_ONLY
https://city2city.ru/belgorod-sevastopol.html,Белгород,Севастополь,2,44000,not ranking,9,0,9,4400.0,57.88141088018956,0.004891291056274304,96.34638192017604,68.9655172413793,100.0,DIRECT_LOW
https://city2city.ru/irkutsk-krasnoyarsk.html,Иркутск,Красноярск,46,31800,not ranking,8,2,6,73140.0,57.87722006248596,0.11249969429430898,93.42034619517317,72.41379310344828,100.0,DIRECT_TEST
https://city2city.ru/astraxan-kerch.html,Астрахань,Керчь,8,32000,not ranking,8,0,8,12800.0,57.85881656054413,0.019565164225097215,93.47684052950275,72.41379310344828,100.0,DIRECT_TEST
https://city2city.ru/astraxan-moskva.html,Астрахань,Москва,72,41800,not ranking,9,1,8,150480.0,57.825779648219665,0.17608647802587493,95.88418373053898,68.9655172413793,100.0,DIRECT_TEST
https://city2city.ru/kazan-kirov.html,Международный аэропорт Казань,Киров,169,11800,not ranking,5,3,2,99710.0,57.818264612941846,0.4133140942551786,84.48752216808597,82.75862068965517,100.0,DIRECT_TEST
https://city2city.ru/chelyabinsk-orenburg.html,Челябинск,Оренбург,51,22400,not ranking,7,1,6,57120.0,57.78180053531972,0.12472792193499475,90.26292787815609,75.86206896551724,100.0,DIRECT_TEST
https://city2city.ru/belgorod-sankt-peterburg.html,Белгород,Санкт-Петербург,49,41000,not ranking,9,0,9,100450.0,57.762560018039196,0.11983663087872043,95.71005499582314,68.9655172413793,100.0,DIRECT_TEST
https://city2city.ru/belgorod-simferopol.html,Белгород,Симферополь,4,41500,not ranking,9,1,8,8300.0,57.75134713478698,0.009782582112548607,95.81927913108693,68.9655172413793,100.0,DIRECT_LOW
https://city2city.ru/ekaterinburg-berezniki.html,Екатеринбург,Березники,3,16500,not ranking,6,0,6,2475.0,57.74173025786481,0.007336936584411456,87.50837345817209,79.3103448275862,100.0,DIRECT_LOW
https://city2city.ru/bryansk-kirov-kaluzhskaya-oblast.html,Брянск,Киров,9,41000,not ranking,9,0,9,18450.0,57.72832098064528,0.022010809753234366,95.71005499582314,68.9655172413793,100.0,DIRECT_TEST
https://city2city.ru/ivanovo-rostov-na-donu.html,Иваново,Ростов-на-Дону,7,41000,not ranking,9,0,9,14350.0,57.726609028775584,0.017119518696960063,95.71005499582314,68.9655172413793,100.0,DIRECT_LOW
https://city2city.ru/ekaterinburg-tula.html,Екатеринбург,Тула,2,55500,not ranking,10,0,10,5550.0,57.71482451443157,0.004891291056274304,98.43865714679923,65.51724137931035,100.0,DIRECT_LOW
https://city2city.ru/izhevsk-kazan.html,Ижевск,Казань,1026,11000,not ranking,6,2,4,564300.0,57.70404031383802,2.509232311868718,83.85496015666692,79.3103448275862,100.0,DIRECT_ONLY
https://city2city.ru/cheboksary-perm.html,Чебоксары,Пермь,1,22000,not ranking,7,0,7,1100.0,57.69841193154774,0.002445645528137152,90.10056865003776,75.86206896551724,100.0,DIRECT_LOW
https://city2city.ru/astraxan-sevastopol.html,Астрахань,Севастополь,6,40500,not ranking,9,0,9,12150.0,57.698111975531226,0.014673873168822913,95.59949068658511,68.9655172413793,100.0,DIRECT_LOW
https://city2city.ru/astraxan-yalta.html,Астрахань,Ялта,1,40400,not ranking,9,0,9,2020.0,57.68826294807886,0.002445645528137152,95.57721409547258,68.9655172413793,100.0,DIRECT_LOW
https://city2city.ru/kemerovo-belokuriha.html,Кемерово,Белокуриха,7,16000,not ranking,6,0,6,5600.0,57.67583681013327,0.017119518696960063,87.23110405228836,79.3103448275862,100.0,DIRECT_LOW
https://city2city.ru/kazan-izhevsk.html,Международный аэропорт Казань,Ижевск,126,11100,not ranking,5,2,3,69930.0,57.64370254161945,0.30815133654528115,83.93650174359026,82.75862068965517,100.0,DIRECT_TEST
https://city2city.ru/astraxan-novorossijsk.html,Астрахань,Новороссийск,7,29000,not ranking,8,1,7,10150.0,57.636204549692245,0.017119518696960063,92.5898163898346,72.41379310344828,100.0,DIRECT_LOW
https://city2city.ru/belgorod-kazan.html,Белгород,Казань,27,38600,not ranking,9,0,9,52110.0,57.607845059089634,0.0660324292597031,95.1665210422915,68.9655172413793,100.0,DIRECT_TEST
https://city2city.ru/ekaterinburg-perm.html,международный аэропорт Кольцово Екатеринбург,Пермь,129,10800,not ranking,5,2,3,69660.0,57.58455238732715,0.3154882731296926,83.68962941520289,82.75862068965517,100.0,DIRECT_TEST
https://city2city.ru/bratsk-krasnojarsk.html,Братск,Красноярск,55,20400,not ranking,7,1,6,56100.0,57.574541149890365,0.13451050404754333,89.42019472148112,75.86206896551724,100.0,DIRECT_TEST
https://city2city.ru/ekaterinburg-kurgan.html,международный аэропорт Кольцово Екатеринбург,Курган,47,11000,not ranking,5,2,3,25850.0,57.55569504603562,0.11494533982244613,83.85496015666692,82.75862068965517,100.0,DIRECT_TEST
https://city2city.ru/astraxan-belgorod.html,Астрахань,Белгород,3,38000,not ranking,9,0,9,5700.0,57.55201032479946,0.007336936584411456,95.02535579487622,68.9655172413793,100.0,DIRECT_LOW
https://city2city.ru/kazan-bavly.html,Казань,Бавлы,126,10500,not ranking,5,1,4,66150.0,57.518527776384715,0.30815133654528115,83.43580268265131,82.75862068965517,100.0,DIRECT_TEST
https://city2city.ru/astraxan-kislovodsk.html,Астрахань,Кисловодск,9,20200,not ranking,7,0,7,9090.0,57.512972344850986,0.022010809753234366,89.33141907333562,75.86206896551724,100.0,DIRECT_TEST
https://city2city.ru/chelyabinsk-ryazan.html,Челябинск,Рязань,4,50500,not ranking,10,0,10,10100.0,57.50385672510926,0.009782582112548607,97.58793818203117,65.51724137931035,100.0,DIRECT_LOW
https://city2city.ru/kaluga-simferopol.html,Калуга,Симферополь,2,50500,not ranking,10,0,10,5050.0,57.50214477323956,0.004891291056274304,97.58793818203117,65.51724137931035,100.0,DIRECT_LOW
https://city2city.ru/chelyabinsk-sosnovka.html,Челябинск,Сосновка,7,26500,not ranking,8,0,8,9275.0,57.43312175656503,0.017119518696960063,91.77748521732573,72.41379310344828,100.0,DIRECT_LOW
https://city2city.ru/belgorod-samara.html,Белгород,Самара,30,35500,not ranking,9,0,9,53250.0,57.42181672138299,0.07336936584411456,94.41213598024675,68.9655172413793,100.0,DIRECT_TEST
https://city2city.ru/energodar-rostov-na-don.html,Энергодар,Ростов-на-Дону,38,14000,not ranking,6,0,6,26600.0,57.40157601778624,0.09293453006921178,86.02791986697912,79.3103448275862,100.0,DIRECT_TEST
https://city2city.ru/bryansk-doneczk-rostovskaya-oblast.html,Брянск,Донецк,3,35100,not ranking,9,0,9,5265.0,57.373178627712434,0.007336936584411456,94.31002900652811,68.9655172413793,100.0,DIRECT_LOW
https://city2city.ru/bryansk-rossosh.html,Брянск,Россошь,5,19000,not ranking,7,0,7,4750.0,57.371587387487665,0.01222822764068576,88.77957485883992,75.86206896551724,100.0,DIRECT_LOW
https://city2city.ru/kazan-sterlitamak.html,Казань,Стерлитамак,17,18500,not ranking,7,0,7,15725.0,57.321784747519345,0.04157597397833158,88.5392774540939,75.86206896551724,100.0,DIRECT_TEST
https://city2city.ru/barnaul-abakan.html,Барнаул,Абакан,6,34000,not ranking,9,0,9,10200.0,57.304018916782155,0.014673873168822913,94.02311845158884,68.9655172413793,100.0,DIRECT_LOW
https://city2city.ru/ivanovo-ekaterinburg.html,Иваново,Екатеринбург,5,45500,not ranking,10,0,10,11375.0,57.26984102426249,0.01222822764068576,96.6484514749047,65.51724137931035,100.0,DIRECT_LOW
https://city2city.ru/astraxan-lipeczk.html,Астрахань,Липецк,1,33500,not ranking,9,0,9,1675.0,57.26636497378597,0.002445645528137152,93.88962219830103,68.9655172413793,100.0,DIRECT_LOW
https://city2city.ru/bryansk-nizhnij-novgorod.html,Брянск,Нижний Новгород,5,24600,not ranking,8,0,8,6150.0,57.26381377576331,0.01222822764068576,91.10710110159765,72.41379310344828,100.0,DIRECT_LOW
https://city2city.ru/kazan-sankt-peterburg.html,Казань,Санкт-Петербург,8,45300,not ranking,10,1,9,18120.0,57.26248503645507,0.019565164225097215,96.60875581245685,65.51724137931035,100.0,DIRECT_TEST
https://city2city.ru/cheboksary-sterlitamak.html,Чебоксары,Стерлитамак,12,24500,not ranking,8,0,8,14700.0,57.2606296962038,0.029347746337645825,91.07039745718386,72.41379310344828,100.0,DIRECT_TEST
https://city2city.ru/kazan-oktyabrskij-respublika-bashkortostan.html,Казань,Октябрьский,206,12300,not ranking,6,1,5,126690.0,57.25376233890706,0.5038029787962532,84.86144932324451,79.3103448275862,100.0,SEO_INVEST_DIRECT
https://city2city.ru/ekaterinburg-almetevsk.html,Екатеринбург,Альметьевск,2,24500,not ranking,8,0,8,2450.0,57.25206993685532,0.004891291056274304,91.07039745718386,72.41379310344828,100.0,DIRECT_LOW
https://city2city.ru/belgorod-nizhnij-novgorod.html,Белгород,Нижний Новгород,15,32500,not ranking,9,0,9,24375.0,57.21007957768249,0.03668468292205728,93.61654596153566,68.9655172413793,100.0,DIRECT_TEST
https://city2city.ru/bryansk-sankt-peterburg.html,Брянск,Санкт-Петербург,6,32400,not ranking,9,0,9,9720.0,57.19543370742057,0.014673873168822913,93.58877761414249,68.9655172413793,100.0,DIRECT_LOW
https://city2city.ru/kazan-sorochinsk.html,Казань,Сорочинск,5,17500,not ranking,7,0,7,4375.0,57.186333632835584,0.01222822764068576,88.03855984023157,75.86206896551724,100.0,DIRECT_LOW
https://city2city.ru/belgorod-serpuxov.html,Белгород,Серпухов,1,17200,not ranking,7,0,7,860.0,57.14395812496022,0.002445645528137152,87.8827534236877,75.86206896551724,100.0,DIRECT_LOW
https://city2city.ru/elista-sochi.html,Элиста,Сочи,2,23200,not ranking,8,1,7,2320.0,57.12925191599544,0.004891291056274304,90.57912537374435,72.41379310344828,100.0,DIRECT_LOW
https://city2city.ru/belgorod-stavropol.html,Белгород,Ставрополь,1,31500,not ranking,9,0,9,1575.0,57.12769317195807,0.002445645528137152,93.33493499098947,68.9655172413793,100.0,DIRECT_LOW
https://city2city.ru/cheboksary-oktyabrskij-respublika-bashkortostan.html,Чебоксары,Октябрьский,3,17000,not ranking,7,0,7,2550.0,57.119323073748205,0.007336936584411456,87.77736541136085,75.86206896551724,100.0,DIRECT_LOW
https://city2city.ru/ivanovo-ermolino.html,Иваново,Ермолино,1,12500,not ranking,6,0,6,625.0,57.11462020754148,0.002445645528137152,85.00678106435755,79.3103448275862,100.0,DIRECT_LOW
https://city2city.ru/kazan-voronezh.html,Казань,Воронеж,6,31000,not ranking,9,0,9,9300.0,57.0959290389864,0.014673873168822913,93.1907589404058,68.9655172413793,100.0,DIRECT_LOW
https://city2city.ru/bryansk-rostov-na-donu.html,Брянск,Ростов-на-Дону,3,30900,not ranking,9,0,9,4635.0,57.08608258454258,0.007336936584411456,93.1616448338487,68.9655172413793,100.0,DIRECT_LOW
https://city2city.ru/belgorod-moskva.html,Белгород,Москва,365,19800,not ranking,8,1,7,361350.0,57.082989859781975,0.8926606177700604,89.15120009149116,72.41379310344828,100.0,SEO_INVEST_DIRECT
https://city2city.ru/chelyabinsk-nizhnekamsk.html,Челябинск,Нижнекамск,3,22500,not ranking,8,0,8,3375.0,57.06109271938246,0.007336936584411456,90.30306468355302,72.41379310344828,100.0,DIRECT_LOW
https://city2city.ru/kazan-birsk.html,Казань,Бирск,2,16500,not ranking,7,0,7,1650.0,57.05121910951617,0.004891291056274304,87.50837345817209,75.86206896551724,100.0,DIRECT_LOW
https://city2city.ru/bryansk-stavropol.html,Брянск,Ставрополь,3,41000,not ranking,10,0,10,6150.0,57.0335299526224,0.007336936584411456,95.71005499582314,65.51724137931035,100.0,DIRECT_LOW
https://city2city.ru/astraxan-voronezh.html,Астрахань,Воронеж,1,30000,not ranking,9,0,9,1500.0,57.01778349434927,0.002445645528137152,92.89529628055423,68.9655172413793,100.0,DIRECT_LOW
https://city2city.ru/kemerovo-abakan.html,Кемерово,Абакан,5,22000,not ranking,8,0,8,5500.0,57.012180662873334,0.01222822764068576,90.10056865003776,72.41379310344828,100.0,DIRECT_LOW
https://city2city.ru/izhevsk-ufa.html,Ижевск,Уфа,384,10200,not ranking,6,2,4,195840.0,56.984418311671234,0.9391278828046664,83.17461834868945,79.3103448275862,100.0,DIRECT_ONLY
https://city2city.ru/ekaterinburg-saratov.html,Екатеринбург,Саратов,10,39500,not ranking,10,0,10,19750.0,56.95555981093961,0.02445645528137152,95.37420710291624,65.51724137931035,100.0,DIRECT_TEST
https://city2city.ru/astraxan-temryuk.html,Астрахань,Темрюк,3,29000,not ranking,9,0,9,4350.0,56.943125473539055,0.007336936584411456,92.5898163898346,68.9655172413793,100.0,DIRECT_LOW
https://city2city.ru/astraxan-tambov.html,Астрахань,Тамбов,6,28500,not ranking,9,0,9,8550.0,56.90651508407169,0.014673873168822913,92.43310312074698,68.9655172413793,100.0,DIRECT_LOW
https://city2city.ru/ekaterinburg-tolyatti.html,Екатеринбург,Тольятти,6,28000,not ranking,9,0,9,8400.0,56.866643333913,0.014673873168822913,92.2736161201122,68.9655172413793,100.0,DIRECT_LOW
https://city2city.ru/belgorod-adler.html,Белгород,Адлер,1,38000,not ranking,10,0,10,1900.0,56.86064320051597,0.002445645528137152,95.02535579487622,65.51724137931035,100.0,DIRECT_LOW
https://city2city.ru/ivanovo-samara.html,Иваново,Самара,2,27400,not ranking,9,0,9,2740.0,56.8144227174041,0.004891291056274304,92.07842926903417,68.9655172413793,100.0,DIRECT_LOW
https://city2city.ru/ekaterinburg-samara.html,Екатеринбург,Самара,20,27200,not ranking,9,0,9,27200.0,56.813326970100896,0.04891291056274304,92.0124160125123,68.9655172413793,100.0,DIRECT_TEST
https://city2city.ru/irkutsk-tajshet.html,Иркутск,Тайшет,11,20000,not ranking,8,1,7,11000.0,56.80261438468551,0.02690210080950867,89.24176011485012,72.41379310344828,100.0,DIRECT_TEST
https://city2city.ru/izhevsk-magnitogorsk.html,Ижевск,Магнитогорск,2,20000,not ranking,8,0,8,2000.0,56.79491060127188,0.004891291056274304,89.24176011485012,72.41379310344828,100.0,DIRECT_LOW
https://city2city.ru/elista-gelendzhik.html,Элиста,Геленджик,2,20000,not ranking,8,0,8,2000.0,56.79491060127188,0.004891291056274304,89.24176011485012,72.41379310344828,100.0,DIRECT_LOW
https://city2city.ru/astraxan-ryazan.html,Астрахань,Рязань,1,36500,not ranking,10,0,10,1825.0,56.76991761086227,0.002445645528137152,94.66245343626142,65.51724137931035,100.0,DIRECT_LOW
https://city2city.ru/izhevsk-moskva.html,Ижевск,Москва,74,35500,not ranking,10,1,9,131350.0,56.76982449010251,0.18097776908214924,94.41213598024675,65.51724137931035,100.0,DIRECT_TEST
https://city2city.ru/energodar-simferopol.html,Энергодар,Симферополь,38,10500,not ranking,6,0,6,19950.0,56.753546721704296,0.09293453006921178,83.43580268265131,79.3103448275862,100.0,DIRECT_TEST
https://city2city.ru/ekaterinburg-serov.html,Екатеринбург,Серов,25,10500,not ranking,6,1,5,13125.0,56.742419034551276,0.0611411382034288,83.43580268265131,79.3103448275862,100.0,DIRECT_TEST
https://city2city.ru/astraxan-pyatigorsk.html,Астрахань,Пятигорск,2,19200,not ranking,8,0,8,1920.0,56.70295253293828,0.004891291056274304,88.87392784151574,72.41379310344828,100.0,DIRECT_LOW
https://city2city.ru/belgorod-ryazan.html,Белгород,Рязань,11,19000,not ranking,8,0,8,10450.0,56.68706807068297,0.02690210080950867,88.77957485883992,72.41379310344828,100.0,DIRECT_TEST
https://city2city.ru/ekaterinburg-naberezhnye-chelny.html,Екатеринбург,Набережные Челны,10,19000,not ranking,8,1,7,9500.0,56.686212094748115,0.02445645528137152,88.77957485883992,72.41379310344828,100.0,DIRECT_TEST
https://city2city.ru/ekaterinburg-chajkovskij.html,Екатеринбург,Чайковский,4,14000,not ranking,7,0,7,2800.0,56.68281766358762,0.009782582112548607,86.02791986697912,75.86206896551724,100.0,DIRECT_LOW
https://city2city.ru/ivanovo-kamenka.html,Иваново,Каменка,6,19000,not ranking,8,0,8,5700.0,56.682788191008726,0.014673873168822913,88.77957485883992,72.41379310344828,100.0,DIRECT_LOW
https://city2city.ru/astraxan-zheleznovodsk.html,Астрахань,Железноводск,3,19000,not ranking,8,0,8,2850.0,56.680220263204184,0.007336936584411456,88.77957485883992,72.41379310344828,100.0,DIRECT_LOW
https://city2city.ru/chelyabinsk-novotroiczk.html,Челябинск,Новотроицк,1,19000,not ranking,8,0,8,950.0,56.67850831133448,0.002445645528137152,88.77957485883992,72.41379310344828,100.0,DIRECT_LOW
https://city2city.ru/chelyabinsk-ufa.html,Челябинск,Уфа,251,12400,not ranking,7,1,6,155620.0,56.6208657979731,0.6138570275624251,84.93440818089123,75.86206896551724,100.0,SEO_INVEST_DIRECT
https://city2city.ru/kazan-chernushka.html,Казань,Чернушка,3,18500,not ranking,8,0,8,2775.0,56.620145912017676,0.007336936584411456,88.5392774540939,72.41379310344828,100.0,DIRECT_LOW
https://city2city.ru/ivanovo-kursk.html,Иваново,Курск,10,25000,not ranking,9,0,9,12500.0,56.61477288334417,0.02445645528137152,91.25243870287932,68.9655172413793,100.0,DIRECT_TEST
https://city2city.ru/elista-voronezh.html,Элиста,Воронеж,3,25000,not ranking,9,0,9,3750.0,56.608781051800236,0.007336936584411456,91.25243870287932,68.9655172413793,100.0,DIRECT_LOW
https://city2city.ru/barnaul-yarovoe.html,Барнаул,Яровое,6,13500,not ranking,7,1,6,4050.0,56.60260746167904,0.014673873168822913,85.70023125186603,75.86206896551724,100.0,DIRECT_LOW
https://city2city.ru/chelyabinsk-nizhnyaya-tura.html,Челябинск,Нижняя Тура,1,13500,not ranking,7,0,7,675.0,56.5983275820048,0.002445645528137152,85.70023125186603,75.86206896551724,100.0,DIRECT_LOW
https://city2city.ru/belgorod-volgograd.html,Белгород,Волгоград,13,24300,not ranking,9,0,9,15795.0,56.5533657857174,0.03179339186578297,90.99653860115409,68.9655172413793,100.0,DIRECT_TEST
https://city2city.ru/barnaul-slavgorod.html,Барнаул,Славгород,9,13000,not ranking,7,0,7,5850.0,56.52016134656645,0.022010809753234366,85.36017508019746,75.86206896551724,100.0,DIRECT_TEST
https://city2city.ru/kazan-orenburg.html,Казань,Оренбург,247,21900,not ranking,9,1,8,270465.0,56.51940890546766,0.6040744454498764,90.05951760513736,68.9655172413793,100.0,SEO_INVEST_DIRECT
https://city2city.ru/chelyabinsk-joshkar-ola.html,Челябинск,Йошкар-Ола,2,32600,not ranking,10,0,10,3260.0,56.516217478129825,0.004891291056274304,93.64422900159224,65.51724137931035,100.0,DIRECT_LOW
https://city2city.ru/ekaterinburg-dobryanka.html,Екатеринбург,Добрянка,1,13000,not ranking,7,0,7,650.0,56.51331353908766,0.002445645528137152,85.36017508019746,75.86206896551724,100.0,DIRECT_LOW
https://city2city.ru/astraxan-stavropol.html,Астрахань,Ставрополь,31,17400,not ranking,8,0,8,26970.0,56.5060246548245,0.0758150113722517,87.98692312061821,72.41379310344828,100.0,DIRECT_TEST
https://city2city.ru/belgorod-obninsk.html,Белгород,Обнинск,4,17500,not ranking,8,0,8,3500.0,56.49582248448694,0.009782582112548607,88.03855984023157,72.41379310344828,100.0,DIRECT_LOW
https://city2city.ru/astraxan-rostov-na-donu.html,Астрахань,Ростов-на-Дону,32,23100,not ranking,9,0,9,36960.0,56.45554521810632,0.07826065690038886,90.5402021596613,68.9655172413793,100.0,DIRECT_TEST
https://city2city.ru/belgorod-saratov.html,Белгород,Саратов,12,23200,not ranking,9,0,9,13920.0,56.448156502930125,0.029347746337645825,90.57912537374435,68.9655172413793,100.0,DIRECT_TEST
https://city2city.ru/ekaterinburg-cheboksary.html,Екатеринбург,Чебоксары,2,31500,not ranking,10,0,10,3150.0,56.43889397547913,0.004891291056274304,93.33493499098947,65.51724137931035,100.0,DIRECT_LOW
https://city2city.ru/belgorod-penza.html,Белгород,Пенза,6,23000,not ranking,9,0,9,6900.0,56.42351682591148,0.014673873168822913,90.5011100881061,68.9655172413793,100.0,DIRECT_LOW
https://city2city.ru/izhevsk-samara.html,Ижевск,Самара,42,16500,not ranking,8,0,8,34650.0,56.39580297449629,0.10271711218176038,87.50837345817209,72.41379310344828,100.0,DIRECT_TEST
https://city2city.ru/chelyabinsk-berezniki.html,Челябинск,Березники,1,22500,not ranking,9,0,9,1125.0,56.36972559509896,0.002445645528137152,90.30306468355302,68.9655172413793,100.0,DIRECT_LOW
https://city2city.ru/astraxan-penza.html,Астрахань,Пенза,1,30500,not ranking,10,0,10,1525.0,56.36536388618664,0.002445645528137152,93.04423853755888,65.51724137931035,100.0,DIRECT_LOW
https://city2city.ru/kemerovo-barnaul.html,Кемерово,Барнаул,24,12000,not ranking,7,0,7,14400.0,56.35269722889045,0.05869549267529165,84.63896005340261,75.86206896551724,100.0,DIRECT_TEST
https://city2city.ru/ekaterinburg-gubaxa.html,Екатеринбург,Губаха,14,12000,not ranking,7,0,7,8400.0,56.34413746954198,0.034239037393920126,84.63896005340261,75.86206896551724,100.0,DIRECT_TEST
https://city2city.ru/cheboksary-kirov.html,Чебоксары,Киров,7,12000,not ranking,7,0,7,4200.0,56.33814563799804,0.017119518696960063,84.63896005340261,75.86206896551724,100.0,DIRECT_LOW
https://city2city.ru/kazan-tujmazy.html,Казань,Туймазы,120,11400,not ranking,7,1,6,68400.0,56.31932855632907,0.29347746337645825,84.17679060417544,75.86206896551724,100.0,DIRECT_TEST
https://city2city.ru/kazan-buguruslan.html,Казань,Бугуруслан,32,11700,not ranking,7,0,7,18720.0,56.30251452924894,0.07826065690038886,84.4108380249214,75.86206896551724,100.0,DIRECT_TEST
https://city2city.ru/ekaterinburg-lysva.html,Екатеринбург,Лысьва,6,11500,not ranking,7,0,7,3450.0,56.241420595866046,0.014673873168822913,84.25548378861404,75.86206896551724,100.0,DIRECT_LOW
https://city2city.ru/kaluga-belgorod.html,Калуга,Белгород,6,15500,not ranking,8,0,8,4650.0,56.224152362822636,0.014673873168822913,86.94503154609556,72.41379310344828,100.0,DIRECT_LOW
https://city2city.ru/cheboksary-izhevsk.html,Чебоксары,Ижевск,4,15500,not ranking,8,0,8,3100.0,56.22244041095294,0.009782582112548607,86.94503154609556,72.41379310344828,100.0,DIRECT_LOW
https://city2city.ru/bryansk-pskov.html,Брянск,Псков,8,21000,not ranking,9,0,9,8400.0,56.22029917430489,0.019565164225097215,89.68139167420098,68.9655172413793,100.0,DIRECT_TEST
https://city2city.ru/elista-anapa.html,Элиста,Анапа,4,20500,not ranking,9,0,9,4100.0,56.1625915294713,0.009782582112548607,89.46425670982418,68.9655172413793,100.0,DIRECT_LOW
https://city2city.ru/joshkar-ola-ufa.html,Йошкар-Ола,Уфа,1,20500,not ranking,9,0,9,1025.0,56.16002360166675,0.002445645528137152,89.46425670982418,68.9655172413793,100.0,DIRECT_LOW
https://city2city.ru/kazan-sim.html,Казань,Сим,8,20400,not ranking,9,0,9,8160.0,56.15499993612492,0.019565164225097215,89.42019472148112,68.9655172413793,100.0,DIRECT_TEST
https://city2city.ru/kazan-murom.html,Казань,Муром,2,15000,not ranking,8,0,8,1500.0,56.14686521622056,0.004891291056274304,86.64957857464482,72.41379310344828,100.0,DIRECT_LOW
https://city2city.ru/izhevsk-joshkar-ola.html,Ижевск,Йошкар-Ола,1,15000,not ranking,8,0,8,750.0,56.14600924028571,0.002445645528137152,86.64957857464482,72.41379310344828,100.0,DIRECT_LOW
https://city2city.ru/astraxan-budyonnovsk.html,Астрахань,Будённовск,1,15000,not ranking,8,0,8,750.0,56.14600924028571,0.002445645528137152,86.64957857464482,72.41379310344828,100.0,DIRECT_LOW
https://city2city.ru/chelyabinsk-mezhgore.html,Челябинск,Межгорье,3,11000,not ranking,7,1,6,1650.0,56.13872176007472,0.007336936584411456,83.85496015666692,75.86206896551724,100.0,DIRECT_LOW
https://city2city.ru/belgorod-smolensk.html,Белгород,Смоленск,9,20100,not ranking,9,0,9,9045.0,56.12248250797013,0.022010809753234366,89.28670110512257,68.9655172413793,100.0,DIRECT_TEST
https://city2city.ru/kazan-dzerzhinsk.html,Казань,Дзержинск,8,14500,not ranking,8,0,8,5800.0,56.07563368828271,0.019565164225097215,86.34410904045704,72.41379310344828,100.0,DIRECT_TEST
https://city2city.ru/kazan-buzuluk.html,Казань,Бузулук,6,14500,not ranking,8,0,8,4350.0,56.073921736413006,0.014673873168822913,86.34410904045704,72.41379310344828,100.0,DIRECT_LOW
https://city2city.ru/chelyabinsk-nizhnij-tagil.html,Челябинск,Нижний Тагил,1,10500,not ranking,7,0,7,525.0,56.03222043970112,0.002445645528137152,83.43580268265131,75.86206896551724,100.0,DIRECT_LOW
https://city2city.ru/bryansk-novomoskovsk.html,Брянск,Новомосковск,1,10500,not ranking,7,0,7,525.0,56.03222043970112,0.002445645528137152,83.43580268265131,75.86206896551724,100.0,DIRECT_LOW
https://city2city.ru/cheboksary-bugulma.html,Чебоксары,Бугульма,2,14000,not ranking,8,0,8,1400.0,55.99145053930413,0.004891291056274304,86.02791986697912,72.41379310344828,100.0,DIRECT_LOW
https://city2city.ru/kemerovo-biysk.html,Кемерово,Бийск,2,14000,not ranking,8,0,8,1400.0,55.99145053930413,0.004891291056274304,86.02791986697912,72.41379310344828,100.0,DIRECT_LOW
https://city2city.ru/kazan-vladimir.html,Казань,Владимир,14,18600,not ranking,9,0,9,13020.0,55.95205018830181,0.034239037393920126,88.5878523077523,68.9655172413793,100.0,DIRECT_TEST
https://city2city.ru/elista-rostov-na-donu.html,Элиста,Ростов-на-Дону,16,13500,not ranking,8,1,7,10800.0,55.921512048613735,0.03913032845019443,85.70023125186603,72.41379310344828,100.0,DIRECT_TEST
https://city2city.ru/kaluga-voronezh.html,Калуга,Воронеж,13,13000,not ranking,8,0,8,8450.0,55.83393007789205,0.03179339186578297,85.36017508019746,72.41379310344828,100.0,DIRECT_TEST
https://city2city.ru/ekaterinburg-birsk.html,Екатеринбург,Бирск,4,13000,not ranking,8,0,8,2600.0,55.82622629447842,0.009782582112548607,85.36017508019746,72.41379310344828,100.0,DIRECT_LOW
https://city2city.ru/barnaul-novokuznetsk.html,Барнаул,Новокузнецк,14,12500,not ranking,8,0,8,8750.0,55.74643754986692,0.034239037393920126,85.00678106435755,72.41379310344828,100.0,DIRECT_TEST
https://city2city.ru/izhevsk-ulyanovsk.html,Ижевск,Ульяновск,8,17000,not ranking,9,0,9,6800.0,55.74429260859486,0.019565164225097215,87.77736541136085,68.9655172413793,100.0,DIRECT_TEST
https://city2city.ru/kazan-glazov.html,Казань,Глазов,2,17000,not ranking,9,0,9,1700.0,55.739156752985764,0.004891291056274304,87.77736541136085,68.9655172413793,100.0,DIRECT_LOW
https://city2city.ru/kazan-agidel.html,Казань,Агидель,2,12500,not ranking,8,0,8,1250.0,55.736165838648745,0.004891291056274304,85.00678106435755,72.41379310344828,100.0,DIRECT_LOW
https://city2city.ru/joshkar-ola-saratov.html,Йошкар-Ола,Саратов,1,23000,not ranking,10,0,10,1150.0,55.72958177382344,0.002445645528137152,90.5011100881061,65.51724137931035,100.0,DIRECT_LOW
https://city2city.ru/ivanovo-penza.html,Иваново,Пенза,8,16800,not ranking,9,0,9,6720.0,55.717633817874315,0.019565164225097215,87.67073024847866,68.9655172413793,100.0,DIRECT_TEST
https://city2city.ru/astraxan-volgodonsk.html,Астрахань,Волгодонск,1,16500,not ranking,9,0,9,825.0,55.67105278875373,0.002445645528137152,87.50837345817209,68.9655172413793,100.0,DIRECT_LOW
https://city2city.ru/cheboksary-naberezhnye-chelny.html,Чебоксары,Набережные Челны,20,12000,not ranking,8,0,8,12000.0,55.659618152737266,0.04891291056274304,84.63896005340261,72.41379310344828,100.0,DIRECT_TEST
https://city2city.ru/kaluga-lipeczk.html,Калуга,Липецк,4,12000,not ranking,8,0,8,2400.0,55.645922537779704,0.009782582112548607,84.63896005340261,72.41379310344828,100.0,DIRECT_LOW
https://city2city.ru/kazan-penza.html,Казань,Пенза,14,15900,not ranking,9,1,8,11130.0,55.598739983574134,0.034239037393920126,87.17461148884162,68.9655172413793,100.0,DIRECT_TEST
https://city2city.ru/kazan-kostroma.html,Казань,Кострома,10,21500,not ranking,10,0,10,10750.0,55.58536237118882,0.02445645528137152,89.8934173439131,65.51724137931035,100.0,DIRECT_TEST
https://city2city.ru/kazan-sarapul.html,Казань,Сарапул,8,11500,not ranking,8,0,8,4600.0,55.553477375321954,0.019565164225097215,84.25548378861404,72.41379310344828,100.0,DIRECT_TEST
https://city2city.ru/ivanovo-naro-fominsk.html,Иваново,Наро-Фоминск,3,11500,not ranking,8,0,8,1725.0,55.54919749564772,0.007336936584411456,84.25548378861404,72.41379310344828,100.0,DIRECT_LOW
https://city2city.ru/belgorod-kaluga.html,Белгород,Калуга,6,15000,not ranking,9,0,9,4500.0,55.46063394754616,0.014673873168822913,86.64957857464482,68.9655172413793,100.0,DIRECT_LOW
https://city2city.ru/ekaterinburg-tavda.html,Екатеринбург,Тавда,8,11000,not ranking,8,0,8,4400.0,55.45334646733517,0.019565164225097215,83.85496015666692,72.41379310344828,100.0,DIRECT_TEST
https://city2city.ru/astraxan-znamensk.html,Астрахань,Знаменск,7,11000,not ranking,8,1,7,3850.0,55.452490491400326,0.017119518696960063,83.85496015666692,72.41379310344828,100.0,DIRECT_LOW
https://city2city.ru/cheboksary-syzran.html,Чебоксары,Сызрань,4,11000,not ranking,8,0,8,2200.0,55.44992256359578,0.009782582112548607,83.85496015666692,72.41379310344828,100.0,DIRECT_LOW
https://city2city.ru/cheboksary-nizhnekamsk.html,Чебоксары,Нижнекамск,2,11000,not ranking,8,0,8,1100.0,55.44821061172608,0.004891291056274304,83.85496015666692,72.41379310344828,100.0,DIRECT_LOW
https://city2city.ru/kazan-poxvistnevo.html,Казань,Похвистнево,1,11000,not ranking,8,0,8,550.0,55.447354635791235,0.002445645528137152,83.85496015666692,72.41379310344828,100.0,DIRECT_LOW
https://city2city.ru/kemerovo-tashtagol.html,Кемерово,Таштагол,1,11000,not ranking,8,0,8,550.0,55.447354635791235,0.002445645528137152,83.85496015666692,72.41379310344828,100.0,DIRECT_LOW
https://city2city.ru/belgorod-tula.html,Белгород,Тула,19,14500,not ranking,9,0,9,13775.0,55.39539425115223,0.04646726503460589,86.34410904045704,68.9655172413793,100.0,DIRECT_TEST
https://city2city.ru/kaluga-smolensk.html,Калуга,Смоленск,21,10500,not ranking,8,0,8,11025.0,55.3596847859843,0.05135855609088019,83.43580268265131,72.41379310344828,100.0,DIRECT_TEST
https://city2city.ru/ivanovo-ryazan.html,Иваново,Рязань,18,10500,not ranking,8,0,8,9450.0,55.35711685817975,0.04402161950646873,83.43580268265131,72.41379310344828,100.0,DIRECT_TEST
https://city2city.ru/joshkar-ola-nizhnij-novgorod.html,Йошкар-Ола,Нижний Новгород,13,10500,not ranking,8,2,6,6825.0,55.35283697850551,0.03179339186578297,83.43580268265131,72.41379310344828,100.0,DIRECT_TEST
https://city2city.ru/elista-essentuki.html,Элиста,Ессентуки,13,10500,not ranking,8,0,8,6825.0,55.35283697850551,0.03179339186578297,83.43580268265131,72.41379310344828,100.0,DIRECT_TEST
https://city2city.ru/cheboksary-penza.html,Чебоксары,Пенза,26,14000,not ranking,9,1,8,18200.0,55.32233878932669,0.06358678373156594,86.02791986697912,68.9655172413793,100.0,DIRECT_TEST
https://city2city.ru/kazan-tolyatti.html,Казань,Тольятти,65,10000,not ranking,8,2,6,32500.0,55.28744520024415,0.15896695932891486,82.99619257515747,72.41379310344828,100.0,DIRECT_TEST
https://city2city.ru/bryansk-tula.html,Брянск,Тула,13,10000,not ranking,8,0,8,6500.0,55.24293445163205,0.03179339186578297,82.99619257515747,72.41379310344828,100.0,DIRECT_TEST
https://city2city.ru/cheboksary-sosnovka.html,Чебоксары,Сосновка,5,10000,not ranking,8,1,7,2500.0,55.23608664415326,0.01222822764068576,82.99619257515747,72.41379310344828,100.0,DIRECT_LOW
https://city2city.ru/kazan-agryz.html,Казань,Агрыз,3,10000,not ranking,8,0,8,1500.0,55.234374692283566,0.007336936584411456,82.99619257515747,72.41379310344828,100.0,DIRECT_LOW
https://city2city.ru/elista-zheleznovodsk.html,Элиста,Железноводск,2,10000,not ranking,8,0,8,1000.0,55.23351871634872,0.004891291056274304,82.99619257515747,72.41379310344828,100.0,DIRECT_LOW
https://city2city.ru/bryansk-voronezh.html,Брянск,Воронеж,15,13500,not ranking,9,0,9,10125.0,55.23100090026509,0.03668468292205728,85.70023125186603,68.9655172413793,100.0,DIRECT_TEST
https://city2city.ru/kazan-belebej.html,Казань,Белебей,68,13000,not ranking,9,0,9,44200.0,55.19135358189489,0.1663038959133263,85.36017508019746,68.9655172413793,100.0,DIRECT_TEST
https://city2city.ru/astraxan-volgograd.html,Астрахань,Волгоград,97,12800,not ranking,9,1,8,62080.0,55.181252150418175,0.23722761622930372,85.22047614584822,68.9655172413793,100.0,DIRECT_TEST
https://city2city.ru/kazan-neftekamsk.html,Казань,Нефтекамск,32,12400,not ranking,9,1,8,19840.0,55.05409672341381,0.07826065690038886,84.93440818089123,68.9655172413793,100.0,DIRECT_TEST
https://city2city.ru/bryansk-belgorod.html,Брянск,Белгород,10,12500,not ranking,9,0,9,6250.0,55.05335847371373,0.02445645528137152,85.00678106435755,68.9655172413793,100.0,DIRECT_TEST
https://city2city.ru/bryansk-domodedovo.html,Брянск,Домодедово,53,12000,not ranking,9,1,8,31800.0,54.99821018617346,0.12961921299126905,84.63896005340261,68.9655172413793,100.0,DIRECT_TEST
https://city2city.ru/joshkar-ola-naberezhnye-chelny.html,Йошкар-Ола,Набережные Челны,2,12000,not ranking,9,1,8,1200.0,54.95455541349621,0.004891291056274304,84.63896005340261,68.9655172413793,100.0,DIRECT_LOW
https://city2city.ru/belgorod-lipeck.html,Белгород,Липецк,29,11500,not ranking,9,0,9,16675.0,54.881797697539966,0.07092372031597739,84.25548378861404,68.9655172413793,100.0,DIRECT_TEST
https://city2city.ru/elista-kislovodsk.html,Элиста,Кисловодск,8,11000,not ranking,9,0,9,4400.0,54.76369129492137,0.019565164225097215,83.85496015666692,68.9655172413793,100.0,DIRECT_TEST
https://city2city.ru/belgorod-boguchar.html,Белгород,Богучар,5,11000,not ranking,9,0,9,2750.0,54.76112336711683,0.01222822764068576,83.85496015666692,68.9655172413793,100.0,DIRECT_LOW
https://city2city.ru/kazan-barysh.html,Казань,Барыш,3,11000,not ranking,9,0,9,1650.0,54.759411415247136,0.007336936584411456,83.85496015666692,68.9655172413793,100.0,DIRECT_LOW
https://city2city.ru/ivanovo-tula.html,Иваново,Тула,5,14000,not ranking,10,0,10,3500.0,54.61470812228109,0.01222822764068576,86.02791986697912,65.51724137931035,100.0,DIRECT_LOW
https://city2city.ru/ekaterinburg-plast.html,Екатеринбург,Пласт,6,10000,not ranking,9,0,9,3000.0,54.547287447674314,0.014673873168822913,82.99619257515747,68.9655172413793,100.0,DIRECT_LOW
https://city2city.ru/kazan-zhigulyovsk.html,Казань,Жигулёвск,1,10000,not ranking,9,0,9,500.0,54.54300756800008,0.002445645528137152,82.99619257515747,68.9655172413793,100.0,DIRECT_LOW
https://city2city.ru/lugansk-chelyabinsk.html,Луганск,Челябинск,5,63500,not ranking,16,1,15,15875.0,53.88280793432613,0.01222822764068576,99.65204325309031,44.827586206896555,100.0,DIRECT_LOW
https://city2city.ru/lugansk-kostroma.html,Луганск,Кострома,1,41400,not ranking,15,1,14,2070.0,53.60541337982147,0.002445645528137152,95.7975399603741,48.275862068965516,100.0,DIRECT_LOW
https://city2city.ru/lugansk-izhevsk.html,Луганск,Ижевск,4,53700,not ranking,16,1,15,10740.0,53.50433276320279,0.009782582112548607,98.14156647233635,44.827586206896555,100.0,DIRECT_LOW
https://city2city.ru/lugansk-kirov.html,Луганск,Киров,1,52000,not ranking,16,1,15,2600.0,53.42929605626741,0.002445645528137152,97.851691355813,44.827586206896555,100.0,DIRECT_LOW
https://city2city.ru/lugansk-ufa.html,Луганск,Уфа,10,51000,not ranking,16,1,15,25500.0,53.393256114247336,0.02445645528137152,97.67671645407819,44.827586206896555,100.0,DIRECT_TEST
https://city2city.ru/samara-cheboksary.html,Самара,Чебоксары,19,14200,not ranking,12,1,11,13490.0,53.27933396287591,0.04646726503460589,86.15572995631724,58.62068965517241,100.0,DIRECT_TEST
https://city2city.ru/tyumen-kamenka.html,Тюмень,Каменка,2,52000,not ranking,17,1,16,5200.0,52.740496859788465,0.004891291056274304,97.851691355813,41.379310344827594,100.0,DIRECT_LOW
https://city2city.ru/lugansk-samara.html,Луганск,Самара,60,37200,not ranking,16,1,15,111600.0,52.72528283360406,0.14673873168822912,94.83362814453548,44.827586206896555,100.0,DIRECT_TEST
https://city2city.ru/orenburg-nizhnevartovsk.html,Оренбург,Нижневартовск,2,64000,not ranking,18,2,16,6400.0,52.518598297232444,0.004891291056274304,99.7227177952441,37.93103448275862,100.0,DIRECT_LOW
https://city2city.ru/svo-taxi-moskva-gorlovka.html,Москва,Горловка,58,46000,not ranking,17,1,16,133400.0,52.5122417386614,0.14184744063195479,96.7469322618988,41.379310344827594,100.0,DIRECT_TEST
https://city2city.ru/svo-taxi-snezhnoe-moskva.html,Снежное,Москва,18,33500,not ranking,16,0,16,30150.0,52.45333035778183,0.04402161950646873,93.88962219830103,44.827586206896555,100.0,DIRECT_TEST
https://city2city.ru/lugansk-saransk.html,Луганск,Саранск,1,30600,not ranking,16,1,15,1530.0,52.234806675250645,0.002445645528137152,93.07373383174595,44.827586206896555,100.0,DIRECT_LOW
https://city2city.ru/penza-zarechnyj-penzenskaya-oblast.html,Пенза,Заречный,56,40000,not ranking,17,2,15,112000.0,52.19568494798786,0.1369561495756805,95.48755290668339,41.379310344827594,100.0,DIRECT_TEST
https://city2city.ru/samara-glazov.html,Самара,Глазов,1,21800,not ranking,15,1,14,1090.0,52.16059806261421,0.002445645528137152,90.01827869154505,48.275862068965516,100.0,DIRECT_LOW
https://city2city.ru/lugansk-bryansk.html,Луганск,Брянск,4,29500,not ranking,16,1,15,5900.0,52.15490383502149,0.009782582112548607,92.74385075961116,44.827586206896555,100.0,DIRECT_LOW
https://city2city.ru/svo-taxi-moskva-mariupol.html,Москва,Мариуполь,111,37500,not ranking,17,1,16,208125.0,52.09737662356575,0.27146665362322386,94.9060049033284,41.379310344827594,100.0,DIRECT_TEST
https://city2city.ru/perm-sokol.html,Пермь,Сокол,2,39000,not ranking,17,1,16,3900.0,52.09242837122045,0.004891291056274304,95.25941740154094,41.379310344827594,100.0,DIRECT_LOW
https://city2city.ru/vladivostok-birobidzhan.html,Владивосток,Биробиджан,2,28500,not ranking,16,1,15,2850.0,52.07550497343575,0.004891291056274304,92.43310312074698,44.827586206896555,100.0,DIRECT_LOW
https://city2city.ru/nizhnij-novgorod-bor.html,Нижний Новгород,Бор,102,36500,not ranking,17,1,16,186150.0,52.02878497338537,0.2494558438699895,94.66245343626142,41.379310344827594,100.0,DIRECT_TEST
https://city2city.ru/svo-taxi-rostov-na-donu-melitopol.html,Ростов-на-Дону,Мелитополь,26,11000,not ranking,13,1,12,14300.0,52.02047817209347,0.06358678373156594,83.85496015666692,55.172413793103445,100.0,DIRECT_TEST
https://city2city.ru/svo-taxi-rostov-na-donu-tokmak.html,Ростов-на-Дону,Токмак,13,11000,not ranking,13,1,12,7150.0,52.00935048494044,0.03179339186578297,83.85496015666692,55.172413793103445,100.0,DIRECT_TEST
https://city2city.ru/lugansk-ryazan.html,Луганск,Рязань,2,27600,not ranking,16,1,15,2760.0,52.003219803837766,0.004891291056274304,92.14396244235505,44.827586206896555,100.0,DIRECT_LOW
https://city2city.ru/ufa-orsk.html,Уфа,Орск,296,18000,not ranking,15,1,14,266400.0,51.98164031723442,0.723911076328597,88.29239610690523,48.275862068965516,100.0,SEO_INVEST_DIRECT
https://city2city.ru/lugansk-saratov.html,Луганск,Саратов,25,24900,not ranking,16,1,15,31125.0,51.790997507663256,0.0611411382034288,91.21632347165098,44.827586206896555,100.0,DIRECT_TEST
https://city2city.ru/tyumen-muravlenko.html,Тюмень,Муравленко,1,33500,not ranking,17,2,15,1675.0,51.74912359447562,0.002445645528137152,93.88962219830103,41.379310344827594,100.0,DIRECT_LOW
https://city2city.ru/rostov-magnitogorsk.html,Ростов-на-Дону,Магнитогорск,1,61000,not ranking,19,1,18,3050.0,51.71993491985278,0.002445645528137152,99.29010887912001,34.48275862068965,100.0,DIRECT_LOW
https://city2city.ru/svo-taxi-kamenka-smolensk.html,село Каменка,Смоленск,2,32000,not ranking,17,1,16,3200.0,51.6467841532109,0.004891291056274304,93.47684052950275,41.379310344827594,100.0,DIRECT_LOW
https://city2city.ru/lugansk-kursk.html,Луганск,Курск,6,23000,not ranking,16,1,15,6900.0,51.59593061901492,0.014673873168822913,90.5011100881061,44.827586206896555,100.0,DIRECT_LOW
https://city2city.ru/kirov-belebej.html,Киров,Белебей,1,22000,not ranking,16,1,15,1100.0,51.491515379823596,0.002445645528137152,90.10056865003776,44.827586206896555,100.0,DIRECT_LOW
https://city2city.ru/lugansk-simferopol.html,Луганск,Симферополь,16,21500,not ranking,16,1,15,17200.0,51.45256719231516,0.03913032845019443,89.8934173439131,44.827586206896555,100.0,DIRECT_TEST
https://city2city.ru/tyumen-ilinka.html,Тюмень,село Ильинка,1,28000,not ranking,17,1,16,1400.0,51.34512207492841,0.002445645528137152,92.2736161201122,41.379310344827594,100.0,DIRECT_LOW
https://city2city.ru/lugansk-belgorod.html,Луганск,Белгород,15,20000,not ranking,16,1,15,15000.0,51.28879690911456,0.03668468292205728,89.24176011485012,44.827586206896555,100.0,DIRECT_TEST
https://city2city.ru/svo-taxi-krasnodar-lugansk.html,Краснодар,Луганск,38,14500,not ranking,15,1,14,27550.0,51.27372675943159,0.09293453006921178,86.34410904045704,48.275862068965516,100.0,DIRECT_TEST
https://city2city.ru/svo-taxi-krasnodar-donetsk.html,Краснодар,Донецк,181,13500,not ranking,15,1,14,122175.0,51.2351618709671,0.44266184059282443,85.70023125186603,48.275862068965516,100.0,DIRECT_TEST
https://city2city.ru/omsk-kuybyshev.html,Омск,Куйбышев,6,48500,not ranking,19,1,18,14550.0,51.20764037430788,0.014673873168822913,97.22381117824344,34.48275862068965,100.0,DIRECT_LOW
https://city2city.ru/svo-taxi-gorlovka-moskva.html,Горловка,Москва,58,35000,not ranking,18,1,17,101500.0,51.206933613811245,0.14184744063195479,94.28432045215334,37.93103448275862,100.0,DIRECT_TEST
https://city2city.ru/svo-taxi-krasnodar-mariupol.html,Краснодар,Мариуполь,51,14000,not ranking,15,1,14,35700.0,51.20580715321513,0.12472792193499475,86.02791986697912,48.275862068965516,100.0,DIRECT_TEST
https://city2city.ru/novosibirsk-beryozovskiy.html,Новосибирск,Берёзовский,1,48500,not ranking,19,1,18,2425.0,51.203360494633635,0.002445645528137152,97.22381117824344,34.48275862068965,100.0,DIRECT_LOW
https://city2city.ru/perm-sibaj.html,Пермь,Сибай,1,26000,not ranking,17,1,16,1300.0,51.17817968997973,0.002445645528137152,91.60584658031745,41.379310344827594,100.0,DIRECT_LOW
https://city2city.ru/melitopol-ufa.html,Мелитополь,Уфа,1,64000,not ranking,20,1,19,3200.0,51.13843197647001,0.002445645528137152,99.7227177952441,31.034482758620683,100.0,DIRECT_LOW
https://city2city.ru/orenburg-ilinka.html,Оренбург,село Ильинка,1,47000,not ranking,19,1,18,2350.0,51.132588361188155,0.002445645528137152,96.9407226444615,34.48275862068965,100.0,DIRECT_LOW
https://city2city.ru/vladivostok-komsomolsk-na-amure.html,Владивосток,Комсомольск-на-Амуре,1,34500,not ranking,18,1,17,1725.0,51.12572933289422,0.002445645528137152,94.15466584163057,37.93103448275862,100.0,DIRECT_LOW
https://city2city.ru/moskva-piter.html,Москва,Санкт-Петербург,449,21000,not ranking,17,1,16,471450.0,51.08054318226252,1.098094842133581,89.68139167420098,41.379310344827594,100.0,SEO_INVEST_DIRECT
https://city2city.ru/samara-surgut.html,Самара,Сургут,6,61000,not ranking,20,2,18,18300.0,51.034559627113225,0.014673873168822913,99.29010887912001,31.034482758620683,100.0,DIRECT_LOW
https://city2city.ru/rostov-pervomajsk.html,Ростов-на-Дону,Первомайск,1,32500,not ranking,18,1,17,1625.0,50.99119936287049,0.002445645528137152,93.61654596153566,37.93103448275862,100.0,DIRECT_LOW
https://city2city.ru/svo-taxi-krasnodar-melitopol.html,Краснодар,Мелитополь,16,17500,not ranking,16,1,15,14000.0,50.988852816394775,0.03913032845019443,88.03855984023157,44.827586206896555,100.0,DIRECT_TEST
https://city2city.ru/novosibirsk-sayanogorsk.html,Новосибирск,Саяногорск,1,32000,not ranking,18,1,17,1600.0,50.95627300486226,0.002445645528137152,93.47684052950275,37.93103448275862,100.0,DIRECT_LOW
https://city2city.ru/lugansk-voronezh.html,Луганск,Воронеж,23,15900,not ranking,16,1,15,18285.0,50.77885756009122,0.05624984714715449,87.17461148884162,44.827586206896555,100.0,DIRECT_TEST
https://city2city.ru/lugansk-stavropol.html,Луганск,Ставрополь,3,16000,not ranking,16,1,15,2400.0,50.775861182255944,0.007336936584411456,87.23110405228836,44.827586206896555,100.0,DIRECT_LOW
https://city2city.ru/melitopol-ryazan.html,Мелитополь,Рязань,7,40000,not ranking,19,1,18,14000.0,50.774431782352714,0.017119518696960063,95.48755290668339,34.48275862068965,100.0,DIRECT_LOW
https://city2city.ru/tyumen-nyagan.html,Тюмень,Нягань,5,29000,not ranking,18,2,16,7250.0,50.737940873684614,0.01222822764068576,92.5898163898346,37.93103448275862,100.0,DIRECT_LOW
https://city2city.ru/svo-taxi-donetsk-mineralnye-vody-aeroport.html,Донецк,Минеральные Воды,36,21000,not ranking,17,1,16,37800.0,50.72702512117029,0.08804323901293747,89.68139167420098,41.379310344827594,100.0,DIRECT_TEST
https://city2city.ru/svo-taxi-rossosh-nizhniy-novgorod.html,Россошь,Нижний Новгород,5,28500,not ranking,18,1,17,7125.0,50.69876255641271,0.01222822764068576,92.43310312074698,37.93103448275862,100.0,DIRECT_LOW
https://city2city.ru/tyumen-langepas.html,Тюмень,Лангепас,1,27500,not ranking,18,2,16,1375.0,50.61487672980449,0.002445645528137152,92.1112554292717,37.93103448275862,100.0,DIRECT_LOW
https://city2city.ru/mariupol-kazan.html,Мариуполь,Казань,1,50500,not ranking,20,1,19,2525.0,50.604737073166774,0.002445645528137152,97.58793818203117,31.034482758620683,100.0,DIRECT_LOW
https://city2city.ru/svo-taxi-lugansk-rovenki.html,Луганск,Ровеньки,3,14500,not ranking,16,1,15,2175.0,50.554112429298115,0.007336936584411456,86.34410904045704,44.827586206896555,100.0,DIRECT_LOW
https://city2city.ru/tomsk-irkutsk.html,Томск,Иркутск,2,49000,not ranking,20,1,19,4900.0,50.537666409517755,0.004891291056274304,97.31623162369569,31.034482758620683,100.0,DIRECT_LOW
https://city2city.ru/svo-taxi-rossosh-smolensk.html,Россошь,Смоленск,7,26500,not ranking,18,1,17,9275.0,50.53657003242709,0.017119518696960063,91.77748521732573,37.93103448275862,100.0,DIRECT_LOW
https://city2city.ru/lugansk-volgograd.html,Луганск,Волгоград,70,13800,not ranking,16,1,15,48300.0,50.50000327003086,0.17119518696960065,85.89827085284874,44.827586206896555,100.0,DIRECT_TEST
https://city2city.ru/samara-naro-fominsk.html,Самара,Наро-Фоминск,1,35000,not ranking,19,1,18,1750.0,50.46848781311111,0.002445645528137152,94.28432045215334,34.48275862068965,100.0,DIRECT_LOW
https://city2city.ru/ufa-nefteyugansk.html,Уфа,Нефтеюганск,3,47000,not ranking,20,2,18,7050.0,50.444645140644056,0.007336936584411456,96.9407226444615,31.034482758620683,100.0,DIRECT_LOW
https://city2city.ru/murmansk-safonovo.html,Мурманск,Сафоново,4,63500,not ranking,21,2,19,12700.0,50.433676096322316,0.009782582112548607,99.65204325309031,27.58620689655173,100.0,DIRECT_LOW
https://city2city.ru/tyumen-bajmak.html,Тюмень,Баймак,5,25000,not ranking,18,1,17,6250.0,50.403596451945795,0.01222822764068576,91.25243870287932,37.93103448275862,100.0,DIRECT_LOW
https://city2city.ru/ufa-uxta.html,Уфа,Ухта,4,45500,not ranking,20,2,18,9100.0,50.37243332418971,0.009782582112548607,96.6484514749047,31.034482758620683,100.0,DIRECT_LOW
https://city2city.ru/kazan-surgut.html,Казань,Сургут,8,59800,#1,5,0,5,23920.0,50.33634131832872,0.019565164225097215,99.11107749167562,82.75862068965517,45.0,DIRECT_TEST
https://city2city.ru/samara-volzhskij.html,Самара,Волжский,21,24000,not ranking,18,0,18,25200.0,50.32533305999983,0.05135855609088019,90.88460267526517,37.93103448275862,100.0,DIRECT_TEST
https://city2city.ru/moskva-voronezh.html,Москва,Воронеж,366,15400,not ranking,17,1,16,281820.0,50.310826973647835,0.8951062632981975,86.88671085011178,41.379310344827594,100.0,SEO_INVEST_DIRECT
https://city2city.ru/ufa-usinsk.html,Уфа,Усинск,2,58000,not ranking,21,1,20,5800.0,50.22787310391493,0.004891291056274304,98.83567909093955,27.58620689655173,100.0,DIRECT_LOW
https://city2city.ru/saransk-tolyatti.html,Саранск,Тольятти,1,12500,not ranking,16,2,14,625.0,50.21806848340355,0.002445645528137152,85.00678106435755,44.827586206896555,100.0,DIRECT_LOW
https://city2city.ru/moskva-uralskij.html,Москва,Уральский,3,41500,not ranking,20,1,19,6225.0,50.16428426230041,0.007336936584411456,95.81927913108693,31.034482758620683,100.0,DIRECT_LOW
https://city2city.ru/svo-taxi-sochi-aeroport-donetsk.html,Сочи Аэропорт,Донецк,1,30000,not ranking,19,3,16,1500.0,50.12123177021134,0.002445645528137152,92.89529628055423,34.48275862068965,100.0,DIRECT_LOW
https://city2city.ru/lipeczk-sokol.html,Липецк,Сокол,17,29500,not ranking,19,0,19,25075.0,50.09706600493314,0.04157597397833158,92.74385075961116,34.48275862068965,100.0,DIRECT_TEST
https://city2city.ru/vladivostok-bikin.html,Владивосток,Бикин,3,16000,not ranking,17,1,16,2400.0,50.08620600984216,0.007336936584411456,87.23110405228836,41.379310344827594,100.0,DIRECT_LOW
https://city2city.ru/melitopol-penza.html,Мелитополь,Пенза,1,39500,not ranking,20,1,19,1975.0,50.051304303388044,0.002445645528137152,95.37420710291624,31.034482758620683,100.0,DIRECT_LOW
https://city2city.ru/novosibirsk-mariinsk.html,Новосибирск,Мариинск,6,15000,not ranking,17,1,16,4500.0,49.94339256823581,0.014673873168822913,86.64957857464482,41.379310344827594,100.0,DIRECT_LOW
https://city2city.ru/moskva-lipetsk.html,Москва,Липецк,115,14000,not ranking,17,1,16,80500.0,49.881279268217824,0.2812492357357725,86.02791986697912,41.379310344827594,100.0,DIRECT_TEST
https://city2city.ru/kirov-koryazhma.html,Киров,Коряжма,1,14500,not ranking,17,2,15,725.0,49.86274530501463,0.002445645528137152,86.34410904045704,41.379310344827594,100.0,DIRECT_LOW
https://city2city.ru/irkutsk-kirensk.html,Иркутск,Киренск,55,28500,#2,2,0,2,78375.0,49.776044111775796,0.13451050404754333,92.43310312074698,93.10344827586206,40.0,DIRECT_TEST
https://city2city.ru/moskva-borovichi.html,Москва,Боровичи,151,13000,not ranking,17,1,16,98150.0,49.745158205176935,0.3692924747487099,85.36017508019746,41.379310344827594,100.0,DIRECT_TEST
https://city2city.ru/novosibirsk-achinsk.html,Новосибирск,Ачинск,6,18500,not ranking,18,0,18,5550.0,49.72616211568429,0.014673873168822913,88.5392774540939,37.93103448275862,100.0,DIRECT_LOW
https://city2city.ru/krasnoyarsk-gorno-altajsk.html,Красноярск,Горно-Алтайск,2,33000,not ranking,20,1,19,3300.0,49.64713812055299,0.004891291056274304,93.75411846783663,31.034482758620683,100.0,DIRECT_LOW
https://city2city.ru/moskva-svetlograd.html,Москва,Светлоград,1,44000,not ranking,21,0,21,2200.0,49.6046928352892,0.002445645528137152,96.34638192017604,27.58620689655173,100.0,DIRECT_LOW
https://city2city.ru/novosibirsk-divnogorsk.html,Новосибирск,Дивногорск,6,23500,not ranking,19,1,18,7050.0,49.575411655494946,0.014673873168822913,90.69489630299171,34.48275862068965,100.0,DIRECT_LOW
https://city2city.ru/rostov-astrahan.html,аэропорт Платов,Астрахань,21,23100,not ranking,19,3,16,24255.0,49.54957775868507,0.05135855609088019,90.5402021596613,34.48275862068965,100.0,DIRECT_TEST
https://city2city.ru/ufa-noyabrsk.html,Уфа,Ноябрьск,1,58000,not ranking,22,1,21,2900.0,49.53736195556628,0.002445645528137152,98.83567909093955,24.13793103448276,100.0,DIRECT_LOW
https://city2city.ru/novosibirsk-yarovoe.html,Новосибирск,Яровое,10,12500,not ranking,17,2,15,6250.0,49.53611709440339,0.02445645528137152,85.00678106435755,41.379310344827594,100.0,DIRECT_TEST
https://city2city.ru/omsk-krasnoyarsk.html,Омск,Красноярск,12,42500,not ranking,21,2,19,25500.0,49.535971625901716,0.029347746337645825,96.03383414149278,27.58620689655173,100.0,DIRECT_TEST
https://city2city.ru/tomsk-achinsk.html,Томск,Ачинск,6,12500,not ranking,17,2,15,3750.0,49.53269319066399,0.014673873168822913,85.00678106435755,41.379310344827594,100.0,DIRECT_LOW
https://city2city.ru/samara-meleuz.html,Самара,Мелеуз,1,17000,not ranking,18,1,17,850.0,49.53140422532678,0.002445645528137152,87.77736541136085,37.93103448275862,100.0,DIRECT_LOW
https://city2city.ru/petrozavodsk-shuya.html,Петрозаводск,Шуя,1,41500,not ranking,21,2,19,2075.0,49.472917138016925,0.002445645528137152,95.81927913108693,27.58620689655173,100.0,DIRECT_LOW
https://city2city.ru/rostov-balakovo.html,Ростов-на-Дону,Балаково,1,30500,not ranking,20,0,20,1525.0,49.46881216204871,0.002445645528137152,93.04423853755888,31.034482758620683,100.0,DIRECT_LOW
https://city2city.ru/samara-rossosh.html,Самара,Россошь,1,30000,not ranking,20,0,20,1500.0,49.431576597797545,0.002445645528137152,92.89529628055423,31.034482758620683,100.0,DIRECT_LOW
https://city2city.ru/tula-boloxovo.html,Тула,Болохово,6,29500,not ranking,20,0,20,8850.0,49.39799509723601,0.014673873168822913,92.74385075961116,31.034482758620683,100.0,DIRECT_LOW
https://city2city.ru/nizhnij-novgorod-valujki.html,Нижний Новгород,Валуйки,2,29500,not ranking,20,1,19,2950.0,49.394571193496624,0.004891291056274304,92.74385075961116,31.034482758620683,100.0,DIRECT_LOW
https://city2city.ru/samara-sochi.html,Самара,Сочи,17,54000,not ranking,22,0,22,45900.0,49.39007949282653,0.04157597397833158,98.19176678015025,24.13793103448276,100.0,DIRECT_TEST
https://city2city.ru/svo-taxi-boguchar-bryansk.html,Богучар,Брянск,3,21500,not ranking,19,1,18,3225.0,49.37247398792075,0.007336936584411456,89.8934173439131,34.48275862068965,100.0,DIRECT_LOW
https://city2city.ru/mariupol-kursk.html,Мариуполь,Курск,2,29100,not ranking,20,1,19,2910.0,49.363817160430266,0.004891291056274304,92.62083462734574,31.034482758620683,100.0,DIRECT_LOW
https://city2city.ru/tyumen-kogalym.html,Тюмень,Когалым,3,29000,not ranking,20,1,19,4350.0,49.35691857698733,0.007336936584411456,92.5898163898346,31.034482758620683,100.0,DIRECT_LOW
https://city2city.ru/moskva-sibaj.html,Москва,Сибай,4,53000,not ranking,22,2,20,10600.0,49.336843426201966,0.009782582112548607,98.02333326226407,24.13793103448276,100.0,DIRECT_LOW
https://city2city.ru/perm-neftekamsk.html,Пермь,Нефтекамск,5,11000,not ranking,17,2,15,2750.0,49.24388198780649,0.01222822764068576,83.85496015666692,41.379310344827594,100.0,DIRECT_LOW
https://city2city.ru/rostov-vyoshenskaya.html,Ростов-на-Дону,станица Вешенская,2,11000,not ranking,17,2,15,1100.0,49.24131406000194,0.004891291056274304,83.85496015666692,41.379310344827594,100.0,DIRECT_LOW
https://city2city.ru/samara-gelendzhik.html,Самара,Геленджик,1,50500,not ranking,22,0,22,2525.0,49.22542672833919,0.002445645528137152,97.58793818203117,24.13793103448276,100.0,DIRECT_LOW
https://city2city.ru/moskva-glazov.html,Москва,Глазов,1,36500,not ranking,21,0,21,1825.0,49.18371071431055,0.002445645528137152,94.66245343626142,27.58620689655173,100.0,DIRECT_LOW
https://city2city.ru/svo-taxi-rossosh-starobelsk.html,Россошь,Старобельск,10,14500,not ranking,18,1,17,7250.0,49.180793916014466,0.02445645528137152,86.34410904045704,37.93103448275862,100.0,DIRECT_TEST
https://city2city.ru/tokmak-samara.html,Токмак,Самара,2,49000,not ranking,22,1,21,4900.0,49.15835606469017,0.004891291056274304,97.31623162369569,24.13793103448276,100.0,DIRECT_LOW
https://city2city.ru/saratov-ivanteevka.html,Саратов,Ивантеевка,3,26500,not ranking,20,2,18,3975.0,49.15383578386012,0.007336936584411456,91.77748521732573,31.034482758620683,100.0,DIRECT_LOW
https://city2city.ru/rostov-nizhnekamsk.html,Ростов-на-Дону,Нижнекамск,6,48500,not ranking,22,1,21,14550.0,49.1386748570665,0.014673873168822913,97.22381117824344,24.13793103448276,100.0,DIRECT_LOW
https://city2city.ru/moskva-zlatoust.html,Москва,Златоуст,1,48500,not ranking,22,1,21,2425.0,49.13439497739226,0.002445645528137152,97.22381117824344,24.13793103448276,100.0,DIRECT_LOW
https://city2city.ru/svo-taxi-rossosh-bryansk.html,Россошь,Брянск,4,19000,not ranking,19,1,18,3800.0,49.0948693425873,0.009782582112548607,88.77957485883992,34.48275862068965,100.0,DIRECT_LOW
https://city2city.ru/orenburg-troiczk.html,Оренбург,Троицк,2,46000,not ranking,22,1,21,4600.0,49.01603122424095,0.004891291056274304,96.7469322618988,24.13793103448276,100.0,DIRECT_LOW
https://city2city.ru/svo-taxi-kamenka-nizhniy-novgorod.html,село Каменка,Нижний Новгород,3,13500,not ranking,18,1,17,2025.0,49.01383263732278,0.007336936584411456,85.70023125186603,37.93103448275862,100.0,DIRECT_LOW
https://city2city.ru/samara-sevastopol.html,Самара,Севастополь,1,62000,not ranking,23,1,22,3100.0,48.99794492653729,0.002445645528137152,99.43663166447875,20.689655172413794,100.0,DIRECT_LOW
https://city2city.ru/samara-chebarkul.html,Самара,Чебаркуль,7,24000,not ranking,20,1,19,8400.0,48.934039052084366,0.017119518696960063,90.88460267526517,31.034482758620683,100.0,DIRECT_LOW
https://city2city.ru/samara-magnitogorsk.html,Самара,Магнитогорск,7,23500,not ranking,20,1,19,8225.0,48.886612459016,0.017119518696960063,90.69489630299171,31.034482758620683,100.0,DIRECT_LOW
https://city2city.ru/blagoveshhensk-vladivostok.html,Благовещенск,Владивосток,10,42400,#1,6,0,6,21200.0,48.87378049276071,0.02445645528137152,96.01260707157995,79.3103448275862,45.0,DIRECT_TEST
https://city2city.ru/mariupol-voronezh.html,Мариуполь,Воронеж,2,22200,not ranking,20,1,19,2220.0,48.7541369852211,0.004891291056274304,90.18211392650907,31.034482758620683,100.0,DIRECT_LOW
https://city2city.ru/moskva-velsk.html,Москва,Вельск,7,22000,not ranking,20,1,19,7700.0,48.73803054577751,0.017119518696960063,90.10056865003776,31.034482758620683,100.0,DIRECT_LOW
https://city2city.ru/barnaul-kyzyl.html,Барнаул,Кызыл,6,45500,#2,5,0,5,13650.0,48.7189728622663,0.014673873168822913,96.6484514749047,82.75862068965517,40.0,DIRECT_LOW
https://city2city.ru/samara-kumertau.html,Самара,Кумертау,2,16000,not ranking,19,1,18,1600.0,48.70603968907972,0.004891291056274304,87.23110405228836,34.48275862068965,100.0,DIRECT_LOW
https://city2city.ru/ufa-kogalym.html,Уфа,Когалым,1,54000,not ranking,23,1,22,2700.0,48.68672870545517,0.002445645528137152,98.19176678015025,20.689655172413794,100.0,DIRECT_LOW
https://city2city.ru/chelyabinsk-krasnogorsk.html,Челябинск,Красногорск,7,53000,#1,7,1,6,18550.0,48.684238940213405,0.017119518696960063,98.02333326226407,75.86206896551724,45.0,DIRECT_LOW
https://city2city.ru/novosibirsk-rubtsovsk.html,Новосибирск,Рубцовск,34,15500,not ranking,19,1,18,26350.0,48.66191279244666,0.08315194795666316,86.94503154609556,34.48275862068965,100.0,DIRECT_TEST
https://city2city.ru/saransk-berezniki.html,Саранск,Березники,9,38500,not ranking,22,2,20,17325.0,48.62107662533869,0.022010809753234366,95.143146540114,24.13793103448276,100.0,DIRECT_TEST
https://city2city.ru/kirov-vyatskie-polyany.html,Киров,Вятские Поляны,300,10000,not ranking,18,2,16,150000.0,48.59204782079549,0.7336936584411455,82.99619257515747,37.93103448275862,100.0,SEO_INVEST_DIRECT
https://city2city.ru/ufa-samara.html,Уфа,Самара,200,14000,not ranking,19,1,18,140000.0,48.574726877852314,0.4891291056274304,86.02791986697912,34.48275862068965,100.0,DIRECT_TEST
https://city2city.ru/krasnoyarsk-mariinsk.html,Красноярск,Мариинск,5,11000,not ranking,18,3,15,2750.0,48.554226815392695,0.01222822764068576,83.85496015666692,37.93103448275862,100.0,DIRECT_LOW
https://city2city.ru/kursk-rossosh.html,Курск,Россошь,3,11000,not ranking,18,1,17,1650.0,48.552514863523,0.007336936584411456,83.85496015666692,37.93103448275862,100.0,DIRECT_LOW
https://city2city.ru/irkutsk-novosibirsk.html,Иркутск,Новосибирск,39,55000,#2,6,1,5,107250.0,48.48472944108603,0.09538017559734892,98.35710965643888,79.3103448275862,40.0,DIRECT_TEST
https://city2city.ru/kurgan-sibaj.html,Курган,Сибай,3,19500,not ranking,20,1,19,2925.0,48.46287207593233,0.007336936584411456,89.0136303856146,31.034482758620683,100.0,DIRECT_LOW
https://city2city.ru/svo-taxi-rossosh-kursk.html,Россошь,Курск,3,10500,not ranking,18,1,17,1575.0,48.4477254950191,0.007336936584411456,83.43580268265131,37.93103448275862,100.0,DIRECT_LOW
https://city2city.ru/moskva-zelenokumsk.html,Москва,Зеленокумск,1,48500,not ranking,23,2,21,2425.0,48.44473980497847,0.002445645528137152,97.22381117824344,20.689655172413794,100.0,DIRECT_LOW
https://city2city.ru/blagoveshhensk-nerjungri.html,Благовещенск,Нерюнгри,24,29400,#2,4,1,3,35280.0,48.440236185018605,0.05869549267529165,92.71325380894969,86.20689655172414,40.0,DIRECT_TEST
https://city2city.ru/ufa-novorossijsk.html,Уфа,Новороссийск,3,65500,not ranking,24,0,24,9825.0,48.43371260041196,0.007336936584411456,99.9314752421538,17.241379310344826,100.0,DIRECT_LOW
https://city2city.ru/novosibirsk-mezhdurechensk.html,Новосибирск,Междуреченск,18,14000,not ranking,19,1,18,12600.0,48.41893925770997,0.04402161950646873,86.02791986697912,34.48275862068965,100.0,DIRECT_TEST
https://city2city.ru/novosibirsk-kupino.html,Новосибирск,Купино,12,14000,not ranking,19,1,18,8400.0,48.41380340210089,0.029347746337645825,86.02791986697912,34.48275862068965,100.0,DIRECT_TEST
https://city2city.ru/kursk-boguchar.html,Курск,Богучар,6,14000,not ranking,19,1,18,4200.0,48.4086675464918,0.014673873168822913,86.02791986697912,34.48275862068965,100.0,DIRECT_LOW
https://city2city.ru/moskva-tujmazy.html,Москва,Туймазы,6,35000,not ranking,22,1,21,10500.0,48.40380217554397,0.014673873168822913,94.28432045215334,24.13793103448276,100.0,DIRECT_LOW
https://city2city.ru/kursk-manturovo.html,Курск,Мантурово,2,34500,not ranking,22,2,20,3450.0,48.36796461917389,0.004891291056274304,94.15466584163057,24.13793103448276,100.0,DIRECT_LOW
https://city2city.ru/irkutsk-severobajkalsk.html,Иркутск,Северобайкальск,40,24600,#1,5,0,5,49200.0,48.362738450724365,0.09782582112548607,91.10710110159765,82.75862068965517,45.0,DIRECT_TEST
https://city2city.ru/xanty-mansijsk-ufa.html,Ханты-Мансийск,Уфа,3,46500,not ranking,23,1,22,6975.0,48.35158606076341,0.007336936584411456,96.84434839390443,20.689655172413794,100.0,DIRECT_LOW
https://city2city.ru/blagoveshhensk-chita.html,Благовещенск,Чита,5,45600,#1,7,0,7,11400.0,48.343752153510636,0.01222822764068576,96.6682339229318,75.86206896551724,45.0,DIRECT_LOW
https://city2city.ru/svo-taxi-millerovo-donetsk.html,Миллерово,Донецк,7,10000,not ranking,18,1,17,3500.0,48.341246871885026,0.017119518696960063,82.99619257515747,37.93103448275862,100.0,DIRECT_LOW
https://city2city.ru/syktyvkar-koryazhma.html,Сыктывкар,Коряжма,1,10000,not ranking,18,2,16,500.0,48.336111016275936,0.002445645528137152,82.99619257515747,37.93103448275862,100.0,DIRECT_LOW
https://city2city.ru/nizhnij-novgorod-kumertau.html,Нижний Новгород,Кумертау,1,33600,not ranking,22,1,21,1680.0,48.30756221629137,0.002445645528137152,93.9164801338399,24.13793103448276,100.0,DIRECT_LOW
https://city2city.ru/kurgan-moskva.html,Курган,Москва,5,61500,not ranking,24,1,23,15375.0,48.29347276193748,0.01222822764068576,99.3636680807771,17.241379310344826,100.0,DIRECT_LOW
https://city2city.ru/ekaterinburg-troiczk.html,Екатеринбург,Троицк,7,51000,#2,6,0,6,17850.0,48.28723991058072,0.017119518696960063,97.67671645407819,79.3103448275862,40.0,DIRECT_LOW
https://city2city.ru/krasnoyarsk-minusinsk.html,Красноярск,Минусинск,32,13000,not ranking,19,2,17,20800.0,48.26398672410243,0.07826065690038886,85.36017508019746,34.48275862068965,100.0,DIRECT_TEST
https://city2city.ru/perm-oktyabrskij-respublika-bashkortostan.html,Пермь,Октябрьский,21,17500,not ranking,20,2,18,18375.0,48.23451200641384,0.05135855609088019,88.03855984023157,31.034482758620683,100.0,DIRECT_TEST
https://city2city.ru/nizhnij-novgorod-simferopol.html,Нижний Новгород,Симферополь,1,59500,not ranking,24,1,23,2975.0,48.215571411411524,0.002445645528137152,99.06575829363085,17.241379310344826,100.0,DIRECT_LOW
https://city2city.ru/volgograd-krasnoslobodsk.html,Волгоград,Краснослободск,11,23500,not ranking,21,3,18,12925.0,48.2003811903416,0.02690210080950867,90.69489630299171,27.58620689655173,100.0,DIRECT_TEST
https://city2city.ru/volgograd-tolyatti.html,Волгоград,Тольятти,3,23500,not ranking,21,1,20,3525.0,48.19353338286282,0.007336936584411456,90.69489630299171,27.58620689655173,100.0,DIRECT_LOW
https://city2city.ru/novosibirsk-zmeinogorsk.html,Новосибирск,Змеиногорск,6,17000,not ranking,20,1,19,5100.0,48.15637376017344,0.014673873168822913,87.77736541136085,31.034482758620683,100.0,DIRECT_LOW
https://city2city.ru/ufa-ekaterinburg.html,Уфа,Екатеринбург,172,15800,not ranking,20,1,19,135880.0,48.13356504390928,0.4206510308395901,87.11776252556514,31.034482758620683,100.0,DIRECT_TEST
https://city2city.ru/nizhnij-novgorod-adler.html,Нижний Новгород,Адлер,1,56000,not ranking,24,1,23,2800.0,48.079000156204515,0.002445645528137152,98.5194732728028,17.241379310344826,100.0,DIRECT_LOW
https://city2city.ru/kirov-tolyatti.html,Киров,Тольятти,4,22000,not ranking,21,1,20,4400.0,48.04580744555918,0.009782582112548607,90.10056865003776,27.58620689655173,100.0,DIRECT_LOW
https://city2city.ru/ufa-sibaj.html,Уфа,Сибай,721,12300,not ranking,20,1,19,443415.0,48.03941753156067,1.7633104257868866,84.86144932324451,31.034482758620683,100.0,SEO_INVEST_DIRECT
https://city2city.ru/moskva-doneczk-rostovskaya-oblast.html,Москва,Донецк,818,29500,not ranking,23,1,22,1206550.0,48.02408203909121,2.0005380420161902,92.74385075961116,20.689655172413794,100.0,SEO_INVEST_DIRECT
https://city2city.ru/kirov-lyudinovo.html,Киров,Людиново,8,40000,not ranking,23,1,22,16000.0,48.01666706863239,0.019565164225097215,95.48755290668339,20.689655172413794,100.0,DIRECT_TEST
https://city2city.ru/voronezh-yalta.html,Воронеж,Ялта,2,39500,not ranking,23,0,23,3950.0,47.98319476208151,0.004891291056274304,95.37420710291624,20.689655172413794,100.0,DIRECT_LOW
https://city2city.ru/tomsk-sharypovo.html,Томск,Шарыпово,16,11500,not ranking,19,2,17,9200.0,47.97411828624901,0.03913032845019443,84.25548378861404,34.48275862068965,100.0,DIRECT_TEST
https://city2city.ru/irkutsk-bodajbo.html,Иркутск,Бодайбо,27,43800,#2,6,0,6,59130.0,47.961512800805686,0.0660324292597031,96.30532994019019,79.3103448275862,40.0,DIRECT_TEST
https://city2city.ru/ufa-perm.html,Уфа,Пермь,97,15000,not ranking,20,1,19,72750.0,47.9523208610656,0.23722761622930372,86.64957857464482,31.034482758620683,100.0,DIRECT_TEST
https://city2city.ru/samara-orsk.html,Самара,Орск,10,21000,not ranking,21,0,21,10500.0,47.94614905720907,0.02445645528137152,89.68139167420098,27.58620689655173,100.0,DIRECT_TEST
https://city2city.ru/mariupol-stavropol.html,Мариуполь,Ставрополь,1,15500,not ranking,20,1,19,775.0,47.94401041418288,0.002445645528137152,86.94503154609556,31.034482758620683,100.0,DIRECT_LOW
https://city2city.ru/rostov-gorod-zernograd.html,Ростов-на-Дону,Зерноград,6,38500,not ranking,23,1,22,11550.0,47.928853525120346,0.014673873168822913,95.143146540114,20.689655172413794,100.0,DIRECT_LOW
https://city2city.ru/voronezh-arxangelsk.html,Воронеж,Архангельск,1,52000,not ranking,24,1,23,2600.0,47.91205467695706,0.002445645528137152,97.851691355813,17.241379310344826,100.0,DIRECT_LOW
https://city2city.ru/penza-sevastopol.html,Пенза,Севастополь,1,51500,not ranking,24,1,23,2575.0,47.89028898793744,0.002445645528137152,97.76462859973451,17.241379310344826,100.0,DIRECT_LOW
https://city2city.ru/moskva-buzuluk.html,Москва,Бузулук,6,37500,not ranking,23,1,22,11250.0,47.86956811592394,0.014673873168822913,94.9060049033284,20.689655172413794,100.0,DIRECT_LOW
https://city2city.ru/ufa-orenburg.html,Уфа,Оренбург,791,11100,not ranking,20,1,19,439005.0,47.86809895208647,1.934505612756487,83.93650174359026,31.034482758620683,100.0,SEO_INVEST_DIRECT
https://city2city.ru/ekaterinburg-nyagan.html,Екатеринбург,Нягань,2,26100,#1,6,0,6,2610.0,47.773890129111194,0.004891291056274304,91.64043684689703,79.3103448275862,45.0,DIRECT_LOW
https://city2city.ru/orenburg-balakovo.html,Оренбург,Балаково,1,19500,not ranking,21,1,20,975.0,47.77150495164884,0.002445645528137152,89.0136303856146,27.58620689655173,100.0,DIRECT_LOW
https://city2city.ru/novosibirsk-anzhero-sudzhensk.html,Новосибирск,Анжеро-Судженск,6,10500,not ranking,19,1,18,3150.0,47.76063825040985,0.014673873168822913,83.43580268265131,34.48275862068965,100.0,DIRECT_LOW
https://city2city.ru/samara-ryazan.html,Самара,Рязань,8,26000,not ranking,22,0,22,10400.0,47.7358956594547,0.019565164225097215,91.60584658031745,24.13793103448276,100.0,DIRECT_TEST
https://city2city.ru/ufa-vyatskie-polyany.html,Уфа,Вятские Поляны,6,14000,not ranking,20,1,19,4200.0,47.719012374078005,0.014673873168822913,86.02791986697912,31.034482758620683,100.0,DIRECT_LOW
https://city2city.ru/stavropol-kazan.html,Ставрополь,Казань,2,47500,not ranking,24,1,23,4750.0,47.709007079970746,0.004891291056274304,97.03607706412835,17.241379310344826,100.0,DIRECT_LOW
https://city2city.ru/moskva-orenburg.html,Москва,Оренбург,136,45000,not ranking,24,1,23,306000.0,47.70190921531947,0.3326077918266526,96.5488825044447,17.241379310344826,100.0,DIRECT_TEST
https://city2city.ru/kazan-sibaj.html,Казань,Сибай,35,28400,#2,5,0,5,49700.0,47.68204098107928,0.08559759348480032,92.40143074171425,82.75862068965517,40.0,DIRECT_TEST
https://city2city.ru/ekaterinburg-orsk.html,Екатеринбург,Орск,14,24600,#1,6,1,5,17220.0,47.65082790400453,0.034239037393920126,91.10710110159765,79.3103448275862,45.0,DIRECT_TEST
https://city2city.ru/samara-zainsk.html,Самара,Заинск,2,10000,not ranking,19,1,18,1000.0,47.64731181979699,0.004891291056274304,82.99619257515747,34.48275862068965,100.0,DIRECT_LOW
https://city2city.ru/ulyanovsk-belgorod.html,Ульяновск,Белгород,1,34000,not ranking,23,0,23,1700.0,47.644566623314816,0.002445645528137152,94.02311845158884,20.689655172413794,100.0,DIRECT_LOW
https://city2city.ru/ufa-chelyabinsk.html,Уфа,Челябинск,207,12400,not ranking,20,1,19,128340.0,47.61768561546048,0.5062486243243904,84.93440818089123,31.034482758620683,100.0,SEO_INVEST_DIRECT
https://city2city.ru/sankt-peterburg-kandalaksha.html,Санкт-Петербург,Кандалакша,1,33500,not ranking,23,0,23,1675.0,47.61119255999286,0.002445645528137152,93.88962219830103,20.689655172413794,100.0,DIRECT_LOW
https://city2city.ru/kirov-lesnoj.html,Киров,Лесной,7,24500,not ranking,22,2,20,8575.0,47.601177402736454,0.017119518696960063,91.07039745718386,24.13793103448276,100.0,DIRECT_LOW
https://city2city.ru/krasnoyarsk-tomsk.html,Красноярск,Томск,35,17600,not ranking,21,2,19,30800.0,47.56967612420253,0.08559759348480032,88.08990234869,27.58620689655173,100.0,DIRECT_TEST
https://city2city.ru/svo-taxi-kazan-lugansk.html,Казань,Луганск,5,44500,not ranking,24,1,23,11125.0,47.564606000083856,0.01222822764068576,96.44820103336261,17.241379310344826,100.0,DIRECT_LOW
https://city2city.ru/tambov-pervomajsk.html,Тамбов,Первомайск,8,13000,not ranking,20,0,20,5200.0,47.55378812925229,0.019565164225097215,85.36017508019746,31.034482758620683,100.0,DIRECT_TEST
https://city2city.ru/nizhnij-novgorod-belgorod.html,Нижний Новгород,Белгород,12,32500,not ranking,23,0,23,19500.0,47.55233923608485,0.029347746337645825,93.61654596153566,20.689655172413794,100.0,DIRECT_TEST
https://city2city.ru/rostov-saransk.html,Ростов-на-Дону,Саранск,3,32500,not ranking,23,1,22,4875.0,47.544635452671216,0.007336936584411456,93.61654596153566,20.689655172413794,100.0,DIRECT_LOW
https://city2city.ru/saratov-orsk.html,Саратов,Орск,1,32500,not ranking,23,1,22,1625.0,47.54292350080152,0.002445645528137152,93.61654596153566,20.689655172413794,100.0,DIRECT_LOW
https://city2city.ru/syktyvkar-pechora.html,Сыктывкар,Печора,3,17500,not ranking,21,1,20,2625.0,47.52944926717278,0.007336936584411456,88.03855984023157,27.58620689655173,100.0,DIRECT_LOW
https://city2city.ru/saransk-pochinok.html,Саранск,Починок,5,31500,not ranking,23,3,20,7875.0,47.475944661904364,0.01222822764068576,93.33493499098947,20.689655172413794,100.0,DIRECT_LOW
https://city2city.ru/penza-joshkar-ola.html,Пенза,Йошкар-Ола,4,17000,not ranking,21,1,20,3400.0,47.46500663588995,0.009782582112548607,87.77736541136085,27.58620689655173,100.0,DIRECT_LOW
https://city2city.ru/rostov-pskov.html,Ростов-на-Дону,Псков,3,56500,not ranking,25,0,25,8475.0,47.41108137658736,0.007336936584411456,98.59957103651055,13.793103448275872,100.0,DIRECT_LOW
https://city2city.ru/kirov-uxta.html,Киров,Ухта,23,22000,not ranking,22,1,21,25300.0,47.372415815907495,0.05624984714715449,90.10056865003776,24.13793103448276,100.0,DIRECT_TEST
https://city2city.ru/irkutsk-zheleznogorsk-ilimskij.html,Иркутск,Железногорск-Илимский,1,34000,#2,6,0,6,1700.0,47.3687045543493,0.002445645528137152,94.02311845158884,79.3103448275862,40.0,DIRECT_LOW
https://city2city.ru/krasnodar-gukovo.html,Краснодар,Гуково,2,12000,not ranking,20,0,20,1200.0,47.36834851694449,0.004891291056274304,84.63896005340261,31.034482758620683,100.0,DIRECT_LOW
https://city2city.ru/ekaterinburg-surgut.html,Екатеринбург,Сургут,11,33800,#2,6,0,6,18590.0,47.36397396029022,0.02690210080950867,93.9699570379586,79.3103448275862,40.0,DIRECT_TEST
https://city2city.ru/samara-adler.html,Самара,Адлер,10,55000,not ranking,25,1,24,27500.0,47.35645786311338,0.02445645528137152,98.35710965643888,13.793103448275872,100.0,DIRECT_TEST
https://city2city.ru/krasnodar-saransk.html,Краснодар,Саранск,1,40500,not ranking,24,1,23,2025.0,47.34900450965009,0.002445645528137152,95.59949068658511,17.241379310344826,100.0,DIRECT_LOW
https://city2city.ru/samara-joshkar-ola.html,Самара,Йошкар-Ола,9,16000,not ranking,21,1,20,7200.0,47.33272117579607,0.022010809753234366,87.23110405228836,27.58620689655173,100.0,DIRECT_TEST
https://city2city.ru/moskva-kotlas.html,Москва,Котлас,4,29500,not ranking,23,1,22,5900.0,47.327317628124945,0.009782582112548607,92.74385075961116,20.689655172413794,100.0,DIRECT_LOW
https://city2city.ru/rostov-budyonnovsk.html,Ростов-на-Дону,Будённовск,1,16000,not ranking,21,0,21,800.0,47.32587336831728,0.002445645528137152,87.23110405228836,27.58620689655173,100.0,DIRECT_LOW
https://city2city.ru/samara-salavat.html,Самара,Салават,1,16000,not ranking,21,1,20,800.0,47.32587336831728,0.002445645528137152,87.23110405228836,27.58620689655173,100.0,DIRECT_LOW
https://city2city.ru/ufa-magnitogorsk.html,Уфа,Магнитогорск,327,10200,not ranking,20,1,19,166770.0,47.2804552695918,0.7997260877008485,83.17461834868945,31.034482758620683,100.0,SEO_INVEST_DIRECT
https://city2city.ru/petrozavodsk-belomorsk.html,Петрозаводск,Беломорск,4,11500,not ranking,20,1,19,2300.0,47.27419140261704,0.009782582112548607,84.25548378861404,31.034482758620683,100.0,DIRECT_LOW
https://city2city.ru/kirov-mikun.html,Киров,Микунь,2,15500,not ranking,21,2,19,1550.0,47.25521121770393,0.004891291056274304,86.94503154609556,27.58620689655173,100.0,DIRECT_LOW
https://city2city.ru/krasnodar-kaluga.html,Краснодар,Калуга,3,38000,not ranking,24,0,24,5700.0,47.207182738592564,0.007336936584411456,95.02535579487622,17.241379310344826,100.0,DIRECT_LOW
https://city2city.ru/saratov-sokol.html,Саратов,Сокол,2,38000,not ranking,24,1,23,3800.0,47.20632676265771,0.004891291056274304,95.02535579487622,17.241379310344826,100.0,DIRECT_LOW
https://city2city.ru/melitopol-rostov-na-don.html,Мелитополь,Ростов-на-Дону,26,11000,not ranking,20,1,19,14300.0,47.192891965196914,0.06358678373156594,83.85496015666692,31.034482758620683,100.0,DIRECT_TEST
https://city2city.ru/ufa-dimitrovgrad.html,Уфа,Димитровград,3,15000,not ranking,21,1,20,2250.0,47.1822039507761,0.007336936584411456,86.64957857464482,27.58620689655173,100.0,DIRECT_LOW
https://city2city.ru/ulyanovsk-buguruslan.html,Ульяновск,Бугуруслан,2,11000,not ranking,20,1,19,1100.0,47.17234854276056,0.004891291056274304,83.85496015666692,31.034482758620683,100.0,DIRECT_LOW
https://city2city.ru/rostov-maxachkala.html,Ростов-на-Дону,Махачкала,6,27500,not ranking,23,1,22,8250.0,47.17088074740977,0.014673873168822913,92.1112554292717,20.689655172413794,100.0,DIRECT_LOW
https://city2city.ru/rostov-kamyshin.html,Ростов-на-Дону,Камышин,1,20000,not ranking,22,0,22,1000.0,47.13888221154393,0.002445645528137152,89.24176011485012,24.13793103448276,100.0,DIRECT_LOW
https://city2city.ru/vladimir-anapa.html,Владимир,Анапа,1,50000,not ranking,25,0,25,2500.0,47.134045802382005,0.002445645528137152,97.49827654716792,13.793103448275872,100.0,DIRECT_LOW
https://city2city.ru/volgograd-perm.html,Волгоград,Пермь,4,49500,not ranking,25,0,25,9900.0,47.1139730417358,0.009782582112548607,97.40771379336492,13.793103448275872,100.0,DIRECT_LOW
https://city2city.ru/perm-nizhnekamsk.html,Пермь,Нижнекамск,2,14500,not ranking,21,1,20,1450.0,47.1049805912943,0.004891291056274304,86.34410904045704,27.58620689655173,100.0,DIRECT_LOW
https://city2city.ru/orenburg-cheboksary.html,Оренбург,Чебоксары,1,26500,not ranking,23,1,22,1325.0,47.08315831474904,0.002445645528137152,91.77748521732573,20.689655172413794,100.0,DIRECT_LOW
https://city2city.ru/samara-chelyabinsk.html,Самара,Челябинск,17,26000,not ranking,23,0,23,22100.0,47.05394427045454,0.04157597397833158,91.60584658031745,20.689655172413794,100.0,DIRECT_TEST
https://city2city.ru/ufa-nizhnekamsk.html,Уфа,Нижнекамск,54,10200,not ranking,20,1,19,27540.0,47.04677383937829,0.1320648585194062,83.17461834868945,31.034482758620683,100.0,DIRECT_TEST
https://city2city.ru/kazan-kumertau.html,Казань,Кумертау,12,21600,#2,5,0,5,12960.0,47.04580343027849,0.029347746337645825,89.93523032451711,82.75862068965517,40.0,DIRECT_TEST
https://city2city.ru/ufa-anapa.html,Уфа,Анапа,5,65000,not ranking,26,0,26,16250.0,47.038851745242084,0.01222822764068576,99.86242539330588,10.34482758620689,100.0,DIRECT_LOW
https://city2city.ru/rostov-perm.html,Ростов-на-Дону,Пермь,39,64000,not ranking,26,0,26,124800.0,47.03302802751148,0.09538017559734892,99.7227177952441,10.34482758620689,100.0,DIRECT_TEST
https://city2city.ru/voronezh-saransk.html,Воронеж,Саранск,1,19000,not ranking,22,0,22,950.0,47.02333589754138,0.002445645528137152,88.77957485883992,24.13793103448276,100.0,DIRECT_LOW
https://city2city.ru/tambov-tolyatti.html,Тамбов,Тольятти,1,19000,not ranking,22,1,21,950.0,47.02333589754138,0.002445645528137152,88.77957485883992,24.13793103448276,100.0,DIRECT_LOW
https://city2city.ru/orenburg-belgorod.html,Оренбург,Белгород,2,47500,not ranking,25,1,24,4750.0,47.01935190755695,0.004891291056274304,97.03607706412835,13.793103448275872,100.0,DIRECT_LOW
https://city2city.ru/kursk-ufa.html,Курск,Уфа,5,47000,not ranking,25,0,25,11750.0,46.99808123044479,0.01222822764068576,96.9407226444615,13.793103448275872,100.0,DIRECT_LOW
https://city2city.ru/samara-kamyshin.html,Самара,Камышин,6,18500,not ranking,22,1,21,5550.0,46.967541426029115,0.014673873168822913,88.5392774540939,24.13793103448276,100.0,DIRECT_LOW
https://city2city.ru/voronezh-zheleznogorsk.html,Воронеж,Железногорск,1,10000,not ranking,20,1,19,500.0,46.95680067144835,0.002445645528137152,82.99619257515747,31.034482758620683,100.0,DIRECT_LOW
https://city2city.ru/krasnodar-tolyatti.html,Краснодар,Тольятти,1,46000,not ranking,25,2,23,2300.0,46.94620973106473,0.002445645528137152,96.7469322618988,13.793103448275872,100.0,DIRECT_LOW
https://city2city.ru/kirov-luza.html,Киров,Луза,2,13500,not ranking,21,2,19,1350.0,46.94401114414654,0.004891291056274304,85.70023125186603,27.58620689655173,100.0,DIRECT_LOW
https://city2city.ru/moskva-tyumen.html,Москва,Тюмень,31,59800,not ranking,26,1,25,92690.0,46.87327014414057,0.0758150113722517,99.11107749167562,10.34482758620689,100.0,DIRECT_TEST
https://city2city.ru/krasnodar-georgievsk.html,Краснодар,Георгиевск,2,13000,not ranking,21,0,21,1300.0,46.858997101229406,0.004891291056274304,85.36017508019746,27.58620689655173,100.0,DIRECT_LOW
https://city2city.ru/tula-boguchar.html,Тула,Богучар,1,17500,not ranking,22,1,21,875.0,46.83808214288929,0.002445645528137152,88.03855984023157,24.13793103448276,100.0,DIRECT_LOW
https://city2city.ru/volgograd-rossosh.html,Волгоград,Россошь,1,17000,not ranking,22,1,21,850.0,46.77278353567161,0.002445645528137152,87.77736541136085,24.13793103448276,100.0,DIRECT_LOW
https://city2city.ru/rostov-cheboksary.html,Ростов-на-Дону,Чебоксары,2,41500,not ranking,25,0,25,4150.0,46.715152424296605,0.004891291056274304,95.81927913108693,13.793103448275872,100.0,DIRECT_LOW
https://city2city.ru/kursk-naro-fominsk.html,Курск,Наро-Фоминск,1,16500,not ranking,22,1,21,825.0,46.705535547374424,0.002445645528137152,87.50837345817209,24.13793103448276,100.0,DIRECT_LOW
https://city2city.ru/kirov-mirnyj.html,Киров,Мирный,1,41000,not ranking,25,1,24,2050.0,46.686990414545804,0.002445645528137152,95.71005499582314,13.793103448275872,100.0,DIRECT_LOW
https://city2city.ru/orenburg-tujmazy.html,Оренбург,Туймазы,4,12000,not ranking,21,1,20,2400.0,46.680405296400394,0.009782582112548607,84.63896005340261,27.58620689655173,100.0,DIRECT_LOW
https://city2city.ru/tomsk-prokopevsk.html,Томск,Прокопьевск,3,12000,not ranking,21,2,19,1800.0,46.67954932046554,0.007336936584411456,84.63896005340261,27.58620689655173,100.0,DIRECT_LOW
https://city2city.ru/novosibirsk-osinniki.html,Новосибирск,Осинники,1,12000,not ranking,21,2,19,600.0,46.677837368595846,0.002445645528137152,84.63896005340261,27.58620689655173,100.0,DIRECT_LOW
https://city2city.ru/penza-sankt-peterburg.html,Пенза,Санкт-Петербург,2,40500,not ranking,25,1,24,4050.0,46.66020531317115,0.004891291056274304,95.59949068658511,13.793103448275872,100.0,DIRECT_LOW
https://city2city.ru/novosibirsk-abakan.html,Новосибирск,Абакан,22,29500,not ranking,24,1,23,32450.0,46.653070022538415,0.05380420161901734,92.74385075961116,17.241379310344826,100.0,DIRECT_TEST
https://city2city.ru/bryansk-murom.html,Брянск,Муром,1,21400,#1,7,0,7,1070.0,46.63612212888368,0.002445645528137152,89.85140943938153,75.86206896551724,45.0,DIRECT_LOW
https://city2city.ru/rostov-yaroslavl.html,Ростов-на-Дону,Ярославль,3,40000,not ranking,25,2,23,6000.0,46.63307684413057,0.007336936584411456,95.48755290668339,13.793103448275872,100.0,DIRECT_LOW
https://city2city.ru/tula-anapa.html,Тула,Анапа,1,40000,not ranking,25,0,25,2000.0,46.63136489226087,0.002445645528137152,95.48755290668339,13.793103448275872,100.0,DIRECT_LOW
https://city2city.ru/oryol-anapa.html,Орёл,Анапа,1,40000,not ranking,25,1,24,2000.0,46.63136489226087,0.002445645528137152,95.48755290668339,13.793103448275872,100.0,DIRECT_LOW
https://city2city.ru/irkutsk-chita.html,Иркутск,Чита,30,32800,#2,7,1,6,49200.0,46.622928382417804,0.07336936584411456,93.69934124507566,75.86206896551724,40.0,DIRECT_TEST
https://city2city.ru/moskva-chelyabinsk.html,Москва,Челябинск,73,52500,not ranking,26,1,25,191625.0,46.61593200514482,0.1785321235540121,97.93792097863816,10.34482758620689,100.0,DIRECT_TEST
https://city2city.ru/chelyabinsk-kursk.html,Челябинск,Курск,6,59700,#2,9,0,9,17910.0,46.572238404597094,0.014673873168822913,99.09599640284858,68.9655172413793,40.0,DIRECT_LOW
https://city2city.ru/rostov-vladikavkaz.html,Ростов-на-Дону,Владикавказ,6,21000,not ranking,23,0,23,6300.0,46.563414808642094,0.014673873168822913,89.68139167420098,20.689655172413794,100.0,DIRECT_LOW
https://city2city.ru/ufa-ryazan.html,Уфа,Рязань,7,38500,not ranking,25,0,25,13475.0,46.55039915622761,0.017119518696960063,95.143146540114,13.793103448275872,100.0,DIRECT_LOW
https://city2city.ru/rostov-smolensk.html,Ростов-на-Дону,Смоленск,1,38500,not ranking,25,1,24,1925.0,46.54526330061852,0.002445645528137152,95.143146540114,13.793103448275872,100.0,DIRECT_LOW
https://city2city.ru/rostov-tolyatti.html,Ростов-на-Дону,Тольятти,14,38000,not ranking,25,0,25,26600.0,46.5269433014621,0.034239037393920126,95.02535579487622,13.793103448275872,100.0,DIRECT_TEST
https://city2city.ru/nizhnij-novgorod-ekaterinburg.html,Нижний Новгород,Екатеринбург,5,38000,not ranking,25,1,24,9500.0,46.519239518048465,0.01222822764068576,95.02535579487622,13.793103448275872,100.0,DIRECT_LOW
https://city2city.ru/samara-tula.html,Самара,Тула,4,38000,not ranking,25,0,25,7600.0,46.518383542113625,0.009782582112548607,95.02535579487622,13.793103448275872,100.0,DIRECT_LOW
https://city2city.ru/rostov-nevinnomyssk.html,Ростов-на-Дону,Невинномысск,3,11000,not ranking,21,0,21,1650.0,46.48354934628162,0.007336936584411456,83.85496015666692,27.58620689655173,100.0,DIRECT_LOW
https://city2city.ru/vladimir-rostov-velikij.html,Владимир,Ростов,7,37000,not ranking,25,0,25,12950.0,46.4608755166018,0.017119518696960063,94.78505198161078,13.793103448275872,100.0,DIRECT_LOW
https://city2city.ru/kursk-astraxan.html,Курск,Астрахань,2,37000,not ranking,25,0,25,3700.0,46.45659563692756,0.004891291056274304,94.78505198161078,13.793103448275872,100.0,DIRECT_LOW
https://city2city.ru/moskva-tixoreczk.html,Москва,Тихорецк,2,37000,not ranking,25,1,24,3700.0,46.45659563692756,0.004891291056274304,94.78505198161078,13.793103448275872,100.0,DIRECT_LOW
https://city2city.ru/kursk-gelendzhik.html,Курск,Геленджик,1,37000,not ranking,25,1,24,1850.0,46.45573966099272,0.002445645528137152,94.78505198161078,13.793103448275872,100.0,DIRECT_LOW
https://city2city.ru/kazan-chebarkul.html,Казань,Чебаркуль,1,26700,#1,8,0,8,1335.0,46.444923500539424,0.002445645528137152,91.84523561565967,72.41379310344828,45.0,DIRECT_LOW
https://city2city.ru/voronezh-zhirnovsk.html,Воронеж,Жирновск,1,14500,not ranking,22,0,22,725.0,46.41446944294566,0.002445645528137152,86.34410904045704,24.13793103448276,100.0,DIRECT_LOW
https://city2city.ru/orenburg-astraxan.html,Оренбург,Астрахань,2,49000,not ranking,26,1,25,4900.0,46.39973537503499,0.004891291056274304,97.31623162369569,10.34482758620689,100.0,DIRECT_LOW
https://city2city.ru/ufa-nizhnij-tagil.html,Уфа,Нижний Тагил,1,19500,not ranking,23,1,22,975.0,46.392194606821256,0.002445645528137152,89.0136303856146,20.689655172413794,100.0,DIRECT_LOW
https://city2city.ru/chelyabinsk-nizhnij-novgorod.html,Челябинск,Нижний Новгород,1,40500,#2,8,0,8,2025.0,46.383487268270784,0.002445645528137152,95.59949068658511,72.41379310344828,40.0,DIRECT_LOW
https://city2city.ru/petrozavodsk-pudozh.html,Петрозаводск,Пудож,4,10500,not ranking,21,2,19,2100.0,46.379615953712566,0.009782582112548607,83.43580268265131,27.58620689655173,100.0,DIRECT_LOW
https://city2city.ru/perm-yaroslavl.html,Пермь,Ярославль,2,35500,not ranking,25,0,25,3550.0,46.363366636586555,0.004891291056274304,94.41213598024675,13.793103448275872,100.0,DIRECT_LOW
https://city2city.ru/tula-simferopol.html,Тула,Симферополь,3,48000,not ranking,26,1,25,7200.0,46.35414169773699,0.007336936584411456,97.13043301076429,10.34482758620689,100.0,DIRECT_LOW
https://city2city.ru/ufa-xanty-mansijsk.html,Уфа,Ханты-Мансийск,3,48000,not ranking,26,1,25,7200.0,46.35414169773699,0.007336936584411456,97.13043301076429,10.34482758620689,100.0,DIRECT_LOW
https://city2city.ru/perm-naberezhnye-chelny.html,Пермь,Набережные Челны,5,14000,not ranking,22,1,21,3500.0,46.33884605331557,0.01222822764068576,86.02791986697912,24.13793103448276,100.0,DIRECT_LOW
https://city2city.ru/kirov-sarapul.html,Киров,Сарапул,1,14000,not ranking,22,1,21,700.0,46.335422149576175,0.002445645528137152,86.02791986697912,24.13793103448276,100.0,DIRECT_LOW
https://city2city.ru/ufa-kursk.html,Уфа,Курск,5,47500,not ranking,26,0,26,11875.0,46.33226466294771,0.01222822764068576,97.03607706412835,10.34482758620689,100.0,DIRECT_LOW
https://city2city.ru/moskva-perm.html,Москва,Пермь,113,45500,not ranking,26,1,25,257075.0,46.32780366660538,0.27635794467949815,96.6484514749047,10.34482758620689,100.0,DIRECT_TEST
https://city2city.ru/blagoveshhensk-zeya.html,Благовещенск,Зея,40,15300,#2,5,1,4,30600.0,46.29296573452804,0.09782582112548607,86.82801023681232,82.75862068965517,40.0,DIRECT_TEST
https://city2city.ru/kirov-sankt-peterburg.html,Киров,Санкт-Петербург,7,46500,not ranking,26,0,26,16275.0,46.28604444726142,0.017119518696960063,96.84434839390443,10.34482758620689,100.0,DIRECT_LOW
https://city2city.ru/nizhnij-novgorod-tula.html,Нижний Новгород,Тула,4,18500,not ranking,23,0,23,3700.0,46.27617430174563,0.009782582112548607,88.5392774540939,20.689655172413794,100.0,DIRECT_LOW
https://city2city.ru/tomsk-belovo.html,Томск,Белово,2,10000,not ranking,21,2,19,1000.0,46.26800147496941,0.004891291056274304,82.99619257515747,27.58620689655173,100.0,DIRECT_LOW
https://city2city.ru/blagoveshhensk-aldan.html,Благовещенск,Алдан,2,37200,#4,5,0,5,3720.0,46.261843125934604,0.004891291056274304,94.83362814453548,82.75862068965517,30.0,DIRECT_LOW
https://city2city.ru/stavropol-nizhnij-novgorod.html,Ставрополь,Нижний Новгород,5,46000,not ranking,26,1,25,11500.0,46.25997846239032,0.01222822764068576,96.7469322618988,10.34482758620689,100.0,DIRECT_LOW
https://city2city.ru/krasnodar-tver.html,Краснодар,Тверь,2,46000,not ranking,26,1,25,4600.0,46.25741053458577,0.004891291056274304,96.7469322618988,10.34482758620689,100.0,DIRECT_LOW
https://city2city.ru/ryazan-staricza.html,Рязань,Старица,1,13500,not ranking,22,1,21,675.0,46.25349999579791,0.002445645528137152,85.70023125186603,24.13793103448276,100.0,DIRECT_LOW
https://city2city.ru/kazan-abdulino.html,Казань,Абдулино,14,13200,#1,6,0,6,9240.0,46.24848795003107,0.034239037393920126,85.49774128570382,79.3103448275862,45.0,DIRECT_TEST
https://city2city.ru/krasnodar-ulyanovsk.html,Краснодар,Ульяновск,3,45500,not ranking,26,0,26,6825.0,46.2336463137721,0.007336936584411456,96.6484514749047,10.34482758620689,100.0,DIRECT_LOW
https://city2city.ru/saratov-naberezhnye-chelny.html,Саратов,Набережные Челны,1,24500,not ranking,24,2,22,1225.0,46.216731202299776,0.002445645528137152,91.07039745718386,17.241379310344826,100.0,DIRECT_LOW
https://city2city.ru/krasnodar-samara.html,Краснодар,Самара,12,45000,not ranking,26,0,26,27000.0,46.216457854570734,0.029347746337645825,96.5488825044447,10.34482758620689,100.0,DIRECT_TEST
https://city2city.ru/ufa-tver.html,Уфа,Тверь,2,45000,not ranking,26,0,26,4500.0,46.20789809522225,0.004891291056274304,96.5488825044447,10.34482758620689,100.0,DIRECT_LOW
https://city2city.ru/krasnodar-moskva.html,Краснодар,Москва,271,40500,not ranking,26,1,25,548775.0,46.200807667231466,0.6627699381251682,95.59949068658511,10.34482758620689,100.0,SEO_INVEST_DIRECT
https://city2city.ru/voronezh-moskva.html,Воронеж,Москва,366,15400,not ranking,23,1,22,281820.0,46.17289593916507,0.8951062632981975,86.88671085011178,20.689655172413794,100.0,SEO_INVEST_DIRECT
https://city2city.ru/orenburg-syzran.html,Оренбург,Сызрань,5,17500,not ranking,23,1,22,4375.0,46.15185087421489,0.01222822764068576,88.03855984023157,20.689655172413794,100.0,DIRECT_LOW
https://city2city.ru/ufa-syzran.html,Уфа,Сызрань,3,17500,not ranking,23,1,22,2625.0,46.15013892234519,0.007336936584411456,88.03855984023157,20.689655172413794,100.0,DIRECT_LOW
https://city2city.ru/orenburg-neftekamsk.html,Оренбург,Нефтекамск,2,17500,not ranking,23,1,22,1750.0,46.149282946410345,0.004891291056274304,88.03855984023157,20.689655172413794,100.0,DIRECT_LOW
https://city2city.ru/astraxan-ejsk.html,Астрахань,Ейск,2,26800,#2,7,0,7,2680.0,46.14385593199444,0.004891291056274304,91.87892074808516,75.86206896551724,40.0,DIRECT_LOW
https://city2city.ru/stavropol-moskva.html,Ставрополь,Москва,49,42500,not ranking,26,1,25,104125.0,46.11936687342212,0.11983663087872043,96.03383414149278,10.34482758620689,100.0,DIRECT_TEST
https://city2city.ru/arxangelsk-vologda.html,Архангельск,Вологда,3,23000,#1,8,0,8,3450.0,46.11060407052073,0.007336936584411456,90.5011100881061,72.41379310344828,45.0,DIRECT_LOW
https://city2city.ru/blagoveshhensk-skovorodino.html,Благовещенск,Сковородино,2,19200,#2,6,1,5,1920.0,46.08226287776587,0.004891291056274304,88.87392784151574,79.3103448275862,40.0,DIRECT_LOW
https://city2city.ru/stavropol-krymsk.html,Ставрополь,Крымск,2,12500,not ranking,22,0,22,1250.0,46.080993424855635,0.004891291056274304,85.00678106435755,24.13793103448276,100.0,DIRECT_LOW
https://city2city.ru/rostov-cherkessk.html,Ростов-на-Дону,Черкесск,2,12500,not ranking,22,2,20,1250.0,46.080993424855635,0.004891291056274304,85.00678106435755,24.13793103448276,100.0,DIRECT_LOW
https://city2city.ru/rostov-yalta.html,Ростов-на-Дону,Ялта,5,23000,not ranking,24,1,23,5750.0,46.07783326376973,0.01222822764068576,90.5011100881061,17.241379310344826,100.0,DIRECT_LOW
https://city2city.ru/yaroslavl-samara.html,Ярославль,Самара,7,31000,not ranking,25,0,25,10850.0,46.06230225630056,0.017119518696960063,93.1907589404058,13.793103448275872,100.0,DIRECT_LOW
https://city2city.ru/rostov-tambov.html,Ростов-на-Дону,Тамбов,6,22500,not ranking,24,0,24,6750.0,46.02917788856631,0.014673873168822913,90.30306468355302,17.241379310344826,100.0,DIRECT_LOW
https://city2city.ru/ryazan-kirov.html,Рязань,Киров,3,30500,not ranking,25,1,24,4575.0,46.02224825184944,0.007336936584411456,93.04423853755888,13.793103448275872,100.0,DIRECT_LOW
https://city2city.ru/voronezh-gelendzhik.html,Воронеж,Геленджик,1,30500,not ranking,25,0,25,1525.0,46.02053629997974,0.002445645528137152,93.04423853755888,13.793103448275872,100.0,DIRECT_LOW
https://city2city.ru/ekaterinburg-severouralsk.html,Екатеринбург,Североуральск,74,13200,#2,5,0,5,48840.0,45.989501678535746,0.18097776908214924,85.49774128570382,82.75862068965517,40.0,DIRECT_TEST
https://city2city.ru/saratov-pyatigorsk.html,Саратов,Пятигорск,1,30000,not ranking,25,2,23,1500.0,45.98330073572858,0.002445645528137152,92.89529628055423,13.793103448275872,100.0,DIRECT_LOW
https://city2city.ru/ulyanovsk-sochi.html,Ульяновск,Сочи,5,55000,not ranking,27,1,26,13750.0,45.97286763861155,0.01222822764068576,98.35710965643888,6.896551724137936,100.0,DIRECT_LOW
https://city2city.ru/kursk-vologda.html,Курск,Вологда,5,29500,not ranking,25,0,25,7375.0,45.948863259232205,0.01222822764068576,92.74385075961116,13.793103448275872,100.0,DIRECT_LOW
https://city2city.ru/rostov-kislovodsk.html,Ростов-на-Дону,Кисловодск,1,16000,not ranking,23,1,22,800.0,45.946563023489695,0.002445645528137152,87.23110405228836,20.689655172413794,100.0,DIRECT_LOW
https://city2city.ru/voronezh-sevastopol.html,Воронеж,Севастополь,2,40000,not ranking,26,1,25,4000.0,45.94256569578192,0.004891291056274304,95.48755290668339,10.34482758620689,100.0,DIRECT_LOW
https://city2city.ru/yaroslavl-kotlas.html,Ярославль,Котлас,1,21500,not ranking,24,2,22,1075.0,45.92248617398209,0.002445645528137152,89.8934173439131,17.241379310344826,100.0,DIRECT_LOW
https://city2city.ru/nizhnij-novgorod-syktyvkar.html,Нижний Новгород,Сыктывкар,2,29000,not ranking,25,1,24,2900.0,45.90778673898352,0.004891291056274304,92.5898163898346,13.793103448275872,100.0,DIRECT_LOW
https://city2city.ru/kurgan-miass.html,Курган,Миасс,12,11500,not ranking,22,2,20,6900.0,45.90172886526824,0.029347746337645825,84.25548378861404,24.13793103448276,100.0,DIRECT_TEST
https://city2city.ru/kirov-cheboksary.html,Киров,Чебоксары,5,11500,not ranking,22,1,21,2875.0,45.8957370337243,0.01222822764068576,84.25548378861404,24.13793103448276,100.0,DIRECT_LOW
https://city2city.ru/ekaterinburg-tobolsk.html,Екатеринбург,Тобольск,1,17600,#2,6,0,6,880.0,45.88540052862459,0.002445645528137152,88.08990234869,79.3103448275862,40.0,DIRECT_LOW
https://city2city.ru/krasnodar-budyonnovsk.html,Краснодар,Будённовск,2,15500,not ranking,23,0,23,1550.0,45.87590087287634,0.004891291056274304,86.94503154609556,20.689655172413794,100.0,DIRECT_LOW
https://city2city.ru/krasnodar-bryansk.html,Краснодар,Брянск,4,38800,not ranking,26,0,26,7760.0,45.87566165377182,0.009782582112548607,95.21308893116421,10.34482758620689,100.0,DIRECT_LOW
https://city2city.ru/rostov-essentuki.html,Ростов-на-Дону,Ессентуки,1,15500,not ranking,23,0,23,775.0,45.875044896941496,0.002445645528137152,86.94503154609556,20.689655172413794,100.0,DIRECT_LOW
https://city2city.ru/tambov-sochi.html,Тамбов,Сочи,7,38500,not ranking,26,1,25,13475.0,45.86074398381382,0.017119518696960063,95.143146540114,10.34482758620689,100.0,DIRECT_LOW
https://city2city.ru/rostov-tver.html,Ростов-на-Дону,Тверь,5,38000,not ranking,26,0,26,9500.0,45.82958434563467,0.01222822764068576,95.02535579487622,10.34482758620689,100.0,DIRECT_LOW
https://city2city.ru/krasnodar-kamyshin.html,Краснодар,Камышин,1,28000,not ranking,25,0,25,1400.0,45.82788069561807,0.002445645528137152,92.2736161201122,13.793103448275872,100.0,DIRECT_LOW
https://city2city.ru/krasnodar-nalchik.html,Краснодар,Нальчик,22,15000,not ranking,23,2,21,16500.0,45.819157148710616,0.05380420161901734,86.64957857464482,20.689655172413794,100.0,DIRECT_TEST
https://city2city.ru/tokmak-rostov-na-don.html,Токмак,Ростов-на-Дону,13,11000,not ranking,22,1,21,7150.0,45.802453933216306,0.03179339186578297,83.85496015666692,24.13793103448276,100.0,DIRECT_TEST
https://city2city.ru/vladimir-lipeczk.html,Владимир,Липецк,2,15000,not ranking,23,0,23,1500.0,45.80203763001366,0.004891291056274304,86.64957857464482,20.689655172413794,100.0,DIRECT_LOW
https://city2city.ru/volgograd-ekaterinburg.html,Волгоград,Екатеринбург,1,51000,not ranking,27,0,27,2550.0,45.79934543428198,0.002445645528137152,97.67671645407819,6.896551724137936,100.0,DIRECT_LOW
https://city2city.ru/kirov-uren.html,Киров,Урень,4,11000,not ranking,22,2,20,2200.0,45.794750149802674,0.009782582112548607,83.85496015666692,24.13793103448276,100.0,DIRECT_LOW
https://city2city.ru/sankt-peterburg-ryazan.html,Санкт-Петербург,Рязань,8,27500,not ranking,25,0,25,11000.0,45.79328235445188,0.019565164225097215,92.1112554292717,13.793103448275872,100.0,DIRECT_TEST
https://city2city.ru/lipeczk-boguchar.html,Липецк,Богучар,1,11000,not ranking,22,1,21,550.0,45.79218222199813,0.002445645528137152,83.85496015666692,24.13793103448276,100.0,DIRECT_LOW
https://city2city.ru/voronezh-sankt-peterburg.html,Воронеж,Санкт-Петербург,16,37000,not ranking,26,1,25,29600.0,45.77892412760164,0.03913032845019443,94.78505198161078,10.34482758620689,100.0,DIRECT_TEST
https://city2city.ru/nizhnij-novgorod-tolyatti.html,Нижний Новгород,Тольятти,8,20000,not ranking,24,0,24,8000.0,45.76556369826028,0.019565164225097215,89.24176011485012,17.241379310344826,100.0,DIRECT_TEST
https://city2city.ru/orenburg-chebarkul.html,Оренбург,Чебаркуль,3,20000,not ranking,24,2,22,3000.0,45.76128381858604,0.007336936584411456,89.24176011485012,17.241379310344826,100.0,DIRECT_LOW
https://city2city.ru/perm-volgograd.html,Пермь,Волгоград,4,50000,not ranking,27,0,27,10000.0,45.75730338535896,0.009782582112548607,97.49827654716792,6.896551724137936,100.0,DIRECT_LOW
https://city2city.ru/nizhnij-novgorod-moskva.html,Нижний Новгород,Москва,325,13000,not ranking,23,2,21,211250.0,45.75616698335773,0.7948347966445742,85.36017508019746,20.689655172413794,100.0,SEO_INVEST_DIRECT
https://city2city.ru/samara-moskva.html,Самара,Москва,290,33000,not ranking,26,1,25,478500.0,45.75572815530646,0.709237203159774,93.75411846783663,10.34482758620689,100.0,SEO_INVEST_DIRECT
https://city2city.ru/kemerovo-irkutsk.html,Кемерово,Иркутск,10,47600,#3,8,0,8,23800.0,45.75507524496551,0.02445645528137152,97.05502745970948,72.41379310344828,35.0,DIRECT_TEST
https://city2city.ru/voronezh-domodedovo.html,Воронеж,Домодедово,15,14500,not ranking,23,1,22,10875.0,45.73679793361974,0.03668468292205728,86.34410904045704,20.689655172413794,100.0,DIRECT_TEST
https://city2city.ru/kursk-anapa.html,Курск,Анапа,1,36500,not ranking,26,1,25,1825.0,45.73543485224158,0.002445645528137152,94.66245343626142,10.34482758620689,100.0,DIRECT_LOW
https://city2city.ru/lipeczk-obninsk.html,Липецк,Обнинск,2,14500,not ranking,23,0,23,1450.0,45.72567024646671,0.004891291056274304,86.34410904045704,20.689655172413794,100.0,DIRECT_LOW
https://city2city.ru/samara-belgorod.html,Самара,Белгород,23,36000,not ranking,26,0,26,41400.0,45.72319393121505,0.05624984714715449,94.53816386988866,10.34482758620689,100.0,DIRECT_TEST
https://city2city.ru/volgograd-kislovodsk.html,Волгоград,Кисловодск,4,19500,not ranking,24,1,23,3900.0,45.705107362212004,0.009782582112548607,89.0136303856146,17.241379310344826,100.0,DIRECT_LOW
https://city2city.ru/tambov-staryj-oskol.html,Тамбов,Старый Оскол,1,10500,not ranking,22,2,20,525.0,45.68739285349423,0.002445645528137152,83.43580268265131,24.13793103448276,100.0,DIRECT_LOW
https://city2city.ru/yaroslavl-murmansk.html,Ярославль,Мурманск,4,48000,not ranking,27,0,27,9600.0,45.66534250125805,0.009782582112548607,97.13043301076429,6.896551724137936,100.0,DIRECT_LOW
https://city2city.ru/kostroma-kursk.html,Кострома,Курск,2,26000,not ranking,25,0,25,2600.0,45.661794286604234,0.004891291056274304,91.60584658031745,13.793103448275872,100.0,DIRECT_LOW
https://city2city.ru/orenburg-almetevsk.html,Оренбург,Альметьевск,2,14000,not ranking,23,2,21,1400.0,45.646622953097236,0.004891291056274304,86.02791986697912,20.689655172413794,100.0,DIRECT_LOW
https://city2city.ru/volgograd-pyatigorsk.html,Волгоград,Пятигорск,3,19000,not ranking,24,1,23,2850.0,45.645737504583494,0.007336936584411456,88.77957485883992,17.241379310344826,100.0,DIRECT_LOW
https://city2city.ru/kursk-samara.html,Курск,Самара,3,35000,not ranking,26,0,26,5250.0,45.64261355808426,0.007336936584411456,94.28432045215334,10.34482758620689,100.0,DIRECT_LOW
https://city2city.ru/blagoveshhensk-birobidzhan.html,Благовещенск,Биробиджан,9,15600,#2,6,1,5,7020.0,45.620517051655035,0.022010809753234366,87.00297721089665,79.3103448275862,40.0,DIRECT_TEST
https://city2city.ru/kursk-orenburg.html,Курск,Оренбург,1,46500,not ranking,27,0,27,2325.0,45.59125341923854,0.002445645528137152,96.84434839390443,6.896551724137936,100.0,DIRECT_LOW
https://city2city.ru/smolensk-rylsk.html,Смоленск,Рыльск,1,13600,not ranking,23,1,22,680.0,45.580469316365274,0.002445645528137152,85.76672922379068,20.689655172413794,100.0,DIRECT_LOW
https://city2city.ru/ufa-zainsk.html,Уфа,Заинск,2,10000,not ranking,22,2,20,1000.0,45.578346302555616,0.004891291056274304,82.99619257515747,24.13793103448276,100.0,DIRECT_LOW
https://city2city.ru/novosibirsk-tayga.html,Новосибирск,Тайга,1,10000,not ranking,22,2,20,500.0,45.57749032662076,0.002445645528137152,82.99619257515747,24.13793103448276,100.0,DIRECT_LOW
https://city2city.ru/ufa-saransk.html,Уфа,Саранск,6,25000,not ranking,25,1,24,7500.0,45.57686622098409,0.014673873168822913,91.25243870287932,13.793103448275872,100.0,DIRECT_LOW
https://city2city.ru/ulyanovsk-volgograd.html,Ульяновск,Волгоград,4,25000,not ranking,25,1,24,5000.0,45.57515426911439,0.009782582112548607,91.25243870287932,13.793103448275872,100.0,DIRECT_LOW
https://city2city.ru/ryazan-saransk.html,Рязань,Саранск,5,13500,not ranking,23,1,22,3375.0,45.567268727123505,0.01222822764068576,85.70023125186603,20.689655172413794,100.0,DIRECT_LOW
https://city2city.ru/penza-ryazan.html,Пенза,Рязань,3,13500,not ranking,23,1,22,2025.0,45.56555677525381,0.007336936584411456,85.70023125186603,20.689655172413794,100.0,DIRECT_LOW
https://city2city.ru/yaroslavl-velsk.html,Ярославль,Вельск,2,13500,not ranking,23,1,22,1350.0,45.564700799318956,0.004891291056274304,85.70023125186603,20.689655172413794,100.0,DIRECT_LOW
https://city2city.ru/ulyanovsk-aznakaevo.html,Ульяновск,Азнакаево,1,13500,not ranking,23,2,21,675.0,45.563844823384116,0.002445645528137152,85.70023125186603,20.689655172413794,100.0,DIRECT_LOW
https://city2city.ru/perm-moskva.html,Пермь,Москва,113,44000,not ranking,27,1,26,248600.0,45.562631105509425,0.27635794467949815,96.34638192017604,6.896551724137936,100.0,DIRECT_TEST
https://city2city.ru/ufa-kazan.html,Уфа,Казань,276,16500,not ranking,24,1,23,227700.0,45.56161858463004,0.6749981657658539,87.50837345817209,17.241379310344826,100.0,SEO_INVEST_DIRECT
https://city2city.ru/krasnodar-izhevsk.html,Краснодар,Ижевск,5,62000,not ranking,28,1,27,15500.0,45.55309296820772,0.01222822764068576,99.43663166447875,3.448275862068968,100.0,DIRECT_LOW
https://city2city.ru/ufa-tambov.html,Уфа,Тамбов,1,33500,not ranking,26,0,26,1675.0,45.54222704275148,0.002445645528137152,93.88962219830103,10.34482758620689,100.0,DIRECT_LOW
https://city2city.ru/sankt-peterburg-syktyvkar.html,Санкт-Петербург,Сыктывкар,13,45000,not ranking,27,1,26,29250.0,45.52765865809179,0.03179339186578297,96.5488825044447,6.896551724137936,100.0,DIRECT_TEST
https://city2city.ru/nizhnij-novgorod-orenburg.html,Нижний Новгород,Оренбург,9,33000,not ranking,26,1,25,14850.0,45.51519891761417,0.022010809753234366,93.75411846783663,10.34482758620689,100.0,DIRECT_TEST
https://city2city.ru/izhevsk-tolyatti.html,Ижевск,Тольятти,5,17600,#1,8,0,8,4400.0,45.5095140875364,0.01222822764068576,88.08990234869,72.41379310344828,45.0,DIRECT_LOW
https://city2city.ru/kursk-simferopol.html,Курск,Симферополь,12,44500,not ranking,27,1,26,26700.0,45.50163231438641,0.029347746337645825,96.44820103336261,6.896551724137936,100.0,DIRECT_TEST
https://city2city.ru/ulyanovsk-bugulma.html,Ульяновск,Бугульма,1,13000,not ranking,23,2,21,650.0,45.47883078046697,0.002445645528137152,85.36017508019746,20.689655172413794,100.0,DIRECT_LOW
https://city2city.ru/kirov-nizhnij-novgorod.html,Киров,Нижний Новгород,20,17500,not ranking,24,1,23,17500.0,45.475035340823815,0.04891291056274304,88.03855984023157,17.241379310344826,100.0,DIRECT_TEST
https://city2city.ru/voronezh-volgograd.html,Воронеж,Волгоград,13,17500,not ranking,24,0,24,11375.0,45.469043509279885,0.03179339186578297,88.03855984023157,17.241379310344826,100.0,DIRECT_TEST
https://city2city.ru/rostov-kostroma.html,Ростов-на-Дону,Кострома,2,44000,not ranking,27,0,27,4400.0,45.46761777674129,0.004891291056274304,96.34638192017604,6.896551724137936,100.0,DIRECT_LOW
https://city2city.ru/krasnodar-kursk.html,Краснодар,Курск,12,32000,not ranking,26,0,26,19200.0,45.448447360835246,0.029347746337645825,93.47684052950275,10.34482758620689,100.0,DIRECT_TEST
https://city2city.ru/tula-sochi.html,Тула,Сочи,1,43500,not ranking,27,1,26,2175.0,45.44101611111037,0.002445645528137152,96.24339916139174,6.896551724137936,100.0,DIRECT_LOW
https://city2city.ru/irkutsk-kemerovo.html,Иркутск,Кемерово,10,47400,#4,7,0,7,23700.0,45.43524523538946,0.02445645528137152,97.01708673175011,75.86206896551724,30.0,DIRECT_TEST
https://city2city.ru/voronezh-mineralnye-vody.html,Воронеж,Минеральные Воды,2,31500,not ranking,26,0,26,3150.0,45.404411216858435,0.004891291056274304,93.33493499098947,10.34482758620689,100.0,DIRECT_LOW
https://city2city.ru/saratov-tolyatti.html,Саратов,Тольятти,17,12500,not ranking,23,0,23,10625.0,45.40417789146456,0.04157597397833158,85.00678106435755,20.689655172413794,100.0,DIRECT_TEST
https://city2city.ru/moskva-rostov-velikij.html,Москва,Ростов,723,32500,not ranking,27,1,26,1174875.0,45.402317436106614,1.7682017168431607,93.61654596153566,6.896551724137936,100.0,SEO_INVEST_DIRECT
https://city2city.ru/petrozavodsk-boksitogorsk.html,Петрозаводск,Бокситогорск,1,12500,not ranking,23,2,21,625.0,45.390482276506994,0.002445645528137152,85.00678106435755,20.689655172413794,100.0,DIRECT_LOW
https://city2city.ru/ivanovo-ufa.html,Иваново,Уфа,2,35100,#2,9,0,9,3510.0,45.37232265177758,0.004891291056274304,94.31002900652811,68.9655172413793,40.0,DIRECT_LOW
https://city2city.ru/rostov-bryansk.html,Ростов-на-Дону,Брянск,2,31000,not ranking,26,0,26,3100.0,45.36836720421252,0.004891291056274304,93.1907589404058,10.34482758620689,100.0,DIRECT_LOW
https://city2city.ru/sankt-peterburg-izhevsk.html,Санкт-Петербург,Ижевск,3,56500,not ranking,28,0,28,8475.0,45.34211585934598,0.007336936584411456,98.59957103651055,3.448275862068968,100.0,DIRECT_LOW
https://city2city.ru/sankt-peterburg-rybinsk.html,Санкт-Петербург,Рыбинск,3,22500,not ranking,25,1,24,3375.0,45.336954788347974,0.007336936584411456,90.30306468355302,13.793103448275872,100.0,DIRECT_LOW
https://city2city.ru/kirov-vologda.html,Киров,Вологда,1,22500,not ranking,25,0,25,1125.0,45.33524283647827,0.002445645528137152,90.30306468355302,13.793103448275872,100.0,DIRECT_LOW
https://city2city.ru/penza-astraxan.html,Пенза,Астрахань,1,30500,not ranking,26,1,25,1525.0,45.330881127565945,0.002445645528137152,93.04423853755888,10.34482758620689,100.0,DIRECT_LOW
https://city2city.ru/volgograd-salsk.html,Волгоград,Сальск,2,12000,not ranking,23,1,22,1200.0,45.299382999703106,0.004891291056274304,84.63896005340261,20.689655172413794,100.0,DIRECT_LOW
https://city2city.ru/tula-ekaterinburg.html,Тула,Екатеринбург,2,55000,not ranking,28,1,27,5500.0,45.280644538393204,0.004891291056274304,98.35710965643888,3.448275862068968,100.0,DIRECT_LOW
https://city2city.ru/rostov-dzhankoj.html,Ростов-на-Дону,Джанкой,8,16000,not ranking,24,0,24,6400.0,45.26289968261984,0.019565164225097215,87.23110405228836,17.241379310344826,100.0,DIRECT_TEST
https://city2city.ru/voronezh-anapa.html,Воронеж,Анапа,5,29500,not ranking,26,2,24,7375.0,45.259208086818404,0.01222822764068576,92.74385075961116,10.34482758620689,100.0,DIRECT_LOW
https://city2city.ru/saratov-izhevsk.html,Саратов,Ижевск,3,29500,not ranking,26,1,25,4425.0,45.25749613494871,0.007336936584411456,92.74385075961116,10.34482758620689,100.0,DIRECT_LOW
https://city2city.ru/volgograd-sochi.html,Волгоград,Сочи,3,29500,not ranking,26,0,26,4425.0,45.25749613494871,0.007336936584411456,92.74385075961116,10.34482758620689,100.0,DIRECT_LOW
https://city2city.ru/nizhnij-novgorod-volgograd.html,Нижний Новгород,Волгоград,2,29500,not ranking,26,0,26,2950.0,45.25664015901386,0.004891291056274304,92.74385075961116,10.34482758620689,100.0,DIRECT_LOW
https://city2city.ru/lipeczk-ekaterinburg.html,Липецк,Екатеринбург,1,53500,not ranking,28,0,28,2675.0,45.21749703730788,0.002445645528137152,98.10794355583697,3.448275862068968,100.0,DIRECT_LOW
https://city2city.ru/voronezh-ryazan.html,Воронеж,Рязань,13,11500,not ranking,23,0,23,7475.0,45.21292966878929,0.03179339186578297,84.25548378861404,20.689655172413794,100.0,DIRECT_TEST
https://city2city.ru/yaroslavl-kstovo.html,Ярославль,Кстово,3,11500,not ranking,23,2,21,1725.0,45.204369909440814,0.007336936584411456,84.25548378861404,20.689655172413794,100.0,DIRECT_LOW
https://city2city.ru/rostov-ulyanovsk.html,Ростов-на-Дону,Ульяновск,1,39000,not ranking,27,1,26,1950.0,45.195020671147674,0.002445645528137152,95.25941740154094,6.896551724137936,100.0,DIRECT_LOW
https://city2city.ru/samara-nizhnij-novgorod.html,Самара,Нижний Новгород,18,21000,not ranking,25,1,24,18900.0,45.19437617503269,0.04402161950646873,89.68139167420098,13.793103448275872,100.0,DIRECT_TEST
https://city2city.ru/saratov-michurinsk.html,Саратов,Мичуринск,1,15500,not ranking,24,1,23,775.0,45.1853897245277,0.002445645528137152,86.94503154609556,17.241379310344826,100.0,DIRECT_LOW
https://city2city.ru/perm-saratov.html,Пермь,Саратов,12,38500,not ranking,27,1,26,23100.0,45.17536869107427,0.029347746337645825,95.143146540114,6.896551724137936,100.0,DIRECT_TEST
https://city2city.ru/tyumen-perm.html,Тюмень,Пермь,11,20500,not ranking,25,1,24,11275.0,45.13410060239455,0.02690210080950867,89.46425670982418,13.793103448275872,100.0,DIRECT_TEST
https://city2city.ru/kazan-vologda.html,Казань,Вологда,2,31500,#2,9,0,9,3150.0,45.128549147892926,0.004891291056274304,93.33493499098947,68.9655172413793,40.0,DIRECT_LOW
https://city2city.ru/rostov-vladimir.html,Ростов-на-Дону,Владимир,4,37500,not ranking,27,0,27,7500.0,45.10923547439908,0.009782582112548607,94.9060049033284,6.896551724137936,100.0,DIRECT_LOW
https://city2city.ru/tula-orenburg.html,Тула,Оренбург,3,50000,not ranking,28,1,27,7500.0,45.06679223701032,0.007336936584411456,97.49827654716792,3.448275862068968,100.0,DIRECT_LOW
https://city2city.ru/orenburg-tula.html,Оренбург,Тула,3,50000,not ranking,28,1,27,7500.0,45.06679223701032,0.007336936584411456,97.49827654716792,3.448275862068968,100.0,DIRECT_LOW
https://city2city.ru/ekaterinburg-voronezh.html,Екатеринбург,Воронеж,21,54200,#4,8,0,8,56910.0,45.05700385378158,0.05135855609088019,98.22507895384045,72.41379310344828,30.0,DIRECT_TEST
https://city2city.ru/moskva-kazan.html,Москва,Казань,288,24200,not ranking,26,1,25,348480.0,45.05533181359783,0.7043459121034997,90.95938090848091,10.34482758620689,100.0,SEO_INVEST_DIRECT
https://city2city.ru/irkutsk-tulun.html,Иркутск,Тулун,24,12000,#2,6,1,5,14400.0,45.04235240130424,0.05869549267529165,84.63896005340261,79.3103448275862,40.0,DIRECT_TEST
https://city2city.ru/tula-volgograd.html,Тула,Волгоград,7,26500,not ranking,26,0,26,9275.0,45.019328653116744,0.017119518696960063,91.77748521732573,10.34482758620689,100.0,DIRECT_LOW
https://city2city.ru/vladimir-sankt-peterburg.html,Владимир,Санкт-Петербург,6,26500,not ranking,26,0,26,7950.0,45.0184726771819,0.014673873168822913,91.77748521732573,10.34482758620689,100.0,DIRECT_LOW
https://city2city.ru/smolensk-kazan.html,Смоленск,Казань,1,36000,not ranking,27,0,27,1800.0,45.014707288234604,0.002445645528137152,94.53816386988866,6.896551724137936,100.0,DIRECT_LOW
https://city2city.ru/nizhnij-novgorod-kostroma.html,Нижний Новгород,Кострома,18,10500,not ranking,23,1,22,9450.0,45.01228927197285,0.04402161950646873,83.43580268265131,20.689655172413794,100.0,DIRECT_TEST
https://city2city.ru/krasnodar-maxachkala.html,Краснодар,Махачкала,30,26000,not ranking,26,1,25,39000.0,44.99610644036618,0.07336936584411456,91.60584658031745,10.34482758620689,100.0,DIRECT_TEST
https://city2city.ru/lipeczk-sankt-peterburg.html,Липецк,Санкт-Петербург,2,35500,not ranking,27,0,27,3550.0,44.98405629175897,0.004891291056274304,94.41213598024675,6.896551724137936,100.0,DIRECT_LOW
https://city2city.ru/ryazan-ekaterinburg.html,Рязань,Екатеринбург,3,48000,not ranking,28,1,27,7200.0,44.97483135290941,0.007336936584411456,97.13043301076429,3.448275862068968,100.0,DIRECT_LOW
https://city2city.ru/kursk-kostroma.html,Курск,Кострома,2,26000,not ranking,26,1,25,2600.0,44.97213911419043,0.004891291056274304,91.60584658031745,10.34482758620689,100.0,DIRECT_LOW
https://city2city.ru/yaroslavl-oryol.html,Ярославль,Орёл,3,19000,not ranking,25,1,24,2850.0,44.9560823321697,0.007336936584411456,88.77957485883992,13.793103448275872,100.0,DIRECT_LOW
https://city2city.ru/penza-tula.html,Пенза,Тула,1,19000,not ranking,25,1,24,950.0,44.954370380300006,0.002445645528137152,88.77957485883992,13.793103448275872,100.0,DIRECT_LOW
https://city2city.ru/irkutsk-vixorevka.html,Иркутск,Вихоревка,2,18000,#3,6,1,5,1800.0,44.936879944113244,0.004891291056274304,88.29239610690523,79.3103448275862,35.0,DIRECT_LOW
https://city2city.ru/astraxan-sochi.html,Астрахань,Сочи,7,32600,#3,8,0,8,11410.0,44.899807702631655,0.017119518696960063,93.64422900159224,72.41379310344828,35.0,DIRECT_LOW
https://city2city.ru/saratov-rostov-na-donu.html,Саратов,Ростов-на-Дону,20,25000,not ranking,26,0,26,25000.0,44.89919471165817,0.04891291056274304,91.25243870287932,10.34482758620689,100.0,DIRECT_TEST
https://city2city.ru/nizhnij-novgorod-tver.html,Нижний Новгород,Тверь,5,18500,not ranking,25,1,24,4625.0,44.897719932852894,0.01222822764068576,88.5392774540939,13.793103448275872,100.0,DIRECT_LOW
https://city2city.ru/voronezh-novomoskovsk.html,Воронеж,Новомосковск,3,10000,not ranking,23,0,23,1500.0,44.88954710607667,0.007336936584411456,82.99619257515747,20.689655172413794,100.0,DIRECT_LOW
https://city2city.ru/ufa-poxvistnevo.html,Уфа,Похвистнево,2,10000,not ranking,23,1,22,1000.0,44.88869113014182,0.004891291056274304,82.99619257515747,20.689655172413794,100.0,DIRECT_LOW
https://city2city.ru/lipeczk-gelendzhik.html,Липецк,Геленджик,3,34000,not ranking,27,0,27,5100.0,44.88765788552934,0.007336936584411456,94.02311845158884,6.896551724137936,100.0,DIRECT_LOW
https://city2city.ru/moskva-livny.html,Москва,Ливны,12,13500,not ranking,24,2,22,8100.0,44.88360538625365,0.029347746337645825,85.70023125186603,17.241379310344826,100.0,DIRECT_TEST
https://city2city.ru/nizhnij-novgorod-bryansk.html,Нижний Новгород,Брянск,4,24900,not ranking,26,0,26,4980.0,44.876470288893515,0.009782582112548607,91.21632347165098,10.34482758620689,100.0,DIRECT_LOW
https://city2city.ru/ulyanovsk-sankt-peterburg.html,Ульяновск,Санкт-Петербург,13,45500,not ranking,28,1,27,29575.0,44.862895728293,0.03179339186578297,96.6484514749047,3.448275862068968,100.0,DIRECT_TEST
https://city2city.ru/tula-nizhnij-novgorod.html,Тула,Нижний Новгород,4,18000,not ranking,25,1,24,3600.0,44.835143620120874,0.009782582112548607,88.29239610690523,13.793103448275872,100.0,DIRECT_LOW
https://city2city.ru/tula-ufa.html,Тула,Уфа,2,45000,not ranking,28,0,28,4500.0,44.82858775039466,0.004891291056274304,96.5488825044447,3.448275862068968,100.0,DIRECT_LOW
https://city2city.ru/orenburg-nizhnij-novgorod.html,Оренбург,Нижний Новгород,9,33000,not ranking,27,1,26,14850.0,44.82554374520038,0.022010809753234366,93.75411846783663,6.896551724137936,100.0,DIRECT_TEST
https://city2city.ru/blagoveshhensk-jakutsk.html,Благовещенск,Якутск,62,53000,#7,4,1,3,164300.0,44.800283133871424,0.1516300227445034,98.02333326226407,86.20689655172414,15.0,DIRECT_TEST
https://city2city.ru/rostov-anapa.html,Ростов-на-Дону,Анапа,8,13000,not ranking,24,1,23,5200.0,44.795167439597115,0.019565164225097215,85.36017508019746,17.241379310344826,100.0,DIRECT_TEST
https://city2city.ru/vologda-pskov.html,Вологда,Псков,4,24000,not ranking,26,0,26,4800.0,44.79354008979706,0.009782582112548607,90.88460267526517,10.34482758620689,100.0,DIRECT_LOW
https://city2city.ru/volgograd-voronezh.html,Волгоград,Воронеж,13,17500,not ranking,25,0,25,11375.0,44.77938833686609,0.03179339186578297,88.03855984023157,13.793103448275872,100.0,DIRECT_TEST
https://city2city.ru/pskov-tver.html,Псков,Тверь,2,17500,not ranking,25,1,24,1750.0,44.769972601582765,0.004891291056274304,88.03855984023157,13.793103448275872,100.0,DIRECT_LOW
https://city2city.ru/svo-taxi-kursk-krasnodar.html,Курск,Краснодар,12,32000,not ranking,27,1,26,19200.0,44.75879218842145,0.029347746337645825,93.47684052950275,6.896551724137936,100.0,DIRECT_TEST
https://city2city.ru/volgograd-kazan.html,Волгоград,Казань,22,31500,not ranking,27,1,26,34650.0,44.731875563141614,0.05380420161901734,93.33493499098947,6.896551724137936,100.0,DIRECT_TEST
https://city2city.ru/saratov-adler.html,Саратов,Адлер,1,43000,not ranking,28,1,27,2150.0,44.72531761125925,0.002445645528137152,96.13922585164244,3.448275862068968,100.0,DIRECT_LOW
https://city2city.ru/svo-taxi-saratov-donetsk.html,Саратов,Донецк,29,23000,not ranking,26,1,25,33350.0,44.71906634137849,0.07092372031597739,90.5011100881061,10.34482758620689,100.0,DIRECT_TEST
https://city2city.ru/saratov-doneczk-rostovskaya-oblast.html,Саратов,Донецк,29,23000,not ranking,26,1,25,33350.0,44.71906634137849,0.07092372031597739,90.5011100881061,10.34482758620689,100.0,DIRECT_TEST
https://city2city.ru/penza-lipeczk.html,Пенза,Липецк,8,12500,not ranking,24,1,23,5000.0,44.70681893563714,0.019565164225097215,85.00678106435755,17.241379310344826,100.0,DIRECT_TEST
https://city2city.ru/rostov-adler.html,Ростов-на-Дону,Адлер,2,17000,not ranking,25,2,23,1700.0,44.70467399436508,0.004891291056274304,87.77736541136085,13.793103448275872,100.0,DIRECT_LOW
https://city2city.ru/kostroma-cherepovecz.html,Кострома,Череповец,5,12500,not ranking,24,0,24,3125.0,44.704251007832596,0.01222822764068576,85.00678106435755,17.241379310344826,100.0,DIRECT_LOW
https://city2city.ru/moskva-valujki.html,Москва,Валуйки,51,22500,not ranking,26,1,25,57375.0,44.68838646080688,0.12472792193499475,90.30306468355302,10.34482758620689,100.0,DIRECT_TEST
https://city2city.ru/rostov-sochi.html,Ростов-на-Дону,Сочи,18,16500,not ranking,25,1,24,14850.0,44.65112162102546,0.04402161950646873,87.50837345817209,13.793103448275872,100.0,DIRECT_TEST
https://city2city.ru/sankt-peterburg-belgorod.html,Санкт-Петербург,Белгород,37,41000,not ranking,28,1,27,75850.0,44.64884003095895,0.09048888454107462,95.71005499582314,3.448275862068968,100.0,DIRECT_TEST
https://city2city.ru/volgograd-moskva.html,Волгоград,Москва,127,29000,not ranking,27,1,26,184150.0,44.63547338601193,0.3105969820734183,92.5898163898346,6.896551724137936,100.0,DIRECT_TEST
https://city2city.ru/ivanovo-joshkar-ola.html,Иваново,Йошкар-Ола,1,16200,#1,9,0,9,810.0,44.62971883939761,0.002445645528137152,87.34303766074761,68.9655172413793,45.0,DIRECT_LOW
https://city2city.ru/ryazan-perm.html,Рязань,Пермь,12,41000,not ranking,28,1,27,24600.0,44.627440632587756,0.029347746337645825,95.71005499582314,3.448275862068968,100.0,DIRECT_TEST
https://city2city.ru/sankt-peterburg-cheboksary.html,Санкт-Петербург,Чебоксары,5,41000,not ranking,28,0,28,10250.0,44.62144880104382,0.01222822764068576,95.71005499582314,3.448275862068968,100.0,DIRECT_LOW
https://city2city.ru/irkutsk-nizhneudinsk.html,Иркутск,Нижнеудинск,9,15600,#3,6,0,6,7020.0,44.620517051655035,0.022010809753234366,87.00297721089665,79.3103448275862,35.0,DIRECT_TEST
https://city2city.ru/moskva-roslavl.html,Москва,Рославль,6,12000,not ranking,24,0,24,3600.0,44.61315173102871,0.014673873168822913,84.63896005340261,17.241379310344826,100.0,DIRECT_LOW
https://city2city.ru/voronezh-ivanovo.html,Воронеж,Иваново,4,22000,not ranking,26,0,26,4400.0,44.59753158349021,0.009782582112548607,90.10056865003776,10.34482758620689,100.0,DIRECT_LOW
https://city2city.ru/smolensk-kursk.html,Смоленск,Курск,14,16000,not ranking,25,0,25,11200.0,44.578380365815136,0.034239037393920126,87.23110405228836,13.793103448275872,100.0,DIRECT_TEST
https://city2city.ru/kostroma-saratov.html,Кострома,Саратов,3,29600,not ranking,27,0,27,4440.0,44.57546431528172,0.007336936584411456,92.77434417059834,6.896551724137936,100.0,DIRECT_LOW
https://city2city.ru/nizhnij-novgorod-tambov.html,Нижний Новгород,Тамбов,2,16000,not ranking,25,1,24,1600.0,44.568108654596955,0.004891291056274304,87.23110405228836,13.793103448275872,100.0,DIRECT_LOW
https://city2city.ru/bryansk-tver.html,Брянск,Тверь,1,15600,#1,9,0,9,780.0,44.54470372693487,0.002445645528137152,87.00297721089665,68.9655172413793,45.0,DIRECT_LOW
https://city2city.ru/samara-tambov.html,Самара,Тамбов,2,21500,not ranking,26,0,26,2150.0,44.54403180508935,0.004891291056274304,89.8934173439131,10.34482758620689,100.0,DIRECT_LOW
https://city2city.ru/barnaul-krasnoyarsk.html,Барнаул,Красноярск,6,27600,#3,8,0,8,8280.0,44.5238850868875,0.014673873168822913,92.14396244235505,72.41379310344828,35.0,DIRECT_LOW
https://city2city.ru/bryansk-lipeczk.html,Брянск,Липецк,3,13000,#2,7,0,7,1950.0,44.515025490957356,0.007336936584411456,85.36017508019746,75.86206896551724,40.0,DIRECT_LOW
https://city2city.ru/nizhnij-novgorod-samara.html,Нижний Новгород,Самара,18,21000,not ranking,26,1,25,18900.0,44.504721002618886,0.04402161950646873,89.68139167420098,10.34482758620689,100.0,DIRECT_TEST
https://city2city.ru/rostov-ryazan.html,Ростов-на-Дону,Рязань,1,28500,not ranking,27,0,27,1425.0,44.48844210094918,0.002445645528137152,92.43310312074698,6.896551724137936,100.0,DIRECT_LOW
https://city2city.ru/izhevsk-kirov.html,Ижевск,Киров,7,12800,#2,7,0,7,4480.0,44.48352466110944,0.017119518696960063,85.22047614584822,75.86206896551724,40.0,DIRECT_LOW
https://city2city.ru/izhevsk-ekaterinburg.html,Ижевск,Екатеринбург,34,17100,#2,8,1,7,29070.0,44.469415173832985,0.08315194795666316,87.83021348543399,72.41379310344828,40.0,DIRECT_TEST
https://city2city.ru/ekaterinburg-izhevsk.html,Екатеринбург,Ижевск,34,17000,#2,8,0,8,28900.0,44.456203155314704,0.08315194795666316,87.77736541136085,72.41379310344828,40.0,DIRECT_TEST
https://city2city.ru/ryazan-ufa.html,Рязань,Уфа,7,38000,not ranking,28,1,27,13300.0,44.451985952676786,0.017119518696960063,95.02535579487622,3.448275862068968,100.0,DIRECT_LOW
https://city2city.ru/saratov-saransk.html,Саратов,Саранск,6,11000,not ranking,24,1,23,3300.0,44.41715175684478,0.014673873168822913,83.85496015666692,17.241379310344826,100.0,DIRECT_LOW
https://city2city.ru/kurgan-chebarkul.html,Курган,Чебаркуль,1,11000,not ranking,24,2,22,550.0,44.412871877170545,0.002445645528137152,83.85496015666692,17.241379310344826,100.0,DIRECT_LOW
https://city2city.ru/yaroslavl-murom.html,Ярославль,Муром,1,11000,not ranking,24,1,23,550.0,44.412871877170545,0.002445645528137152,83.85496015666692,17.241379310344826,100.0,DIRECT_LOW
https://city2city.ru/sankt-peterburg-voronezh.html,Санкт-Петербург,Воронеж,16,37000,not ranking,28,0,28,29600.0,44.399613782774054,0.03913032845019443,94.78505198161078,3.448275862068968,100.0,DIRECT_TEST
https://city2city.ru/krasnodar-ryazan.html,Краснодар,Рязань,25,36500,not ranking,28,0,28,45625.0,44.37666792985035,0.0611411382034288,94.66245343626142,3.448275862068968,100.0,DIRECT_TEST
https://city2city.ru/stavropol-voronezh.html,Ставрополь,Воронеж,4,27000,not ranking,27,0,27,5400.0,44.36921314528103,0.009782582112548607,91.9459155868562,6.896551724137936,100.0,DIRECT_LOW
https://city2city.ru/kirov-perm.html,Киров,Пермь,17,14500,not ranking,25,1,24,12325.0,44.35919954066185,0.04157597397833158,86.34410904045704,13.793103448275872,100.0,DIRECT_TEST
https://city2city.ru/rostov-mineralnye-vody.html,Ростов-на-Дону,Минеральные Воды,33,14400,not ranking,25,1,24,23760.0,44.35730603507342,0.08070630242852601,86.28175255827307,13.793103448275872,100.0,DIRECT_TEST
https://city2city.ru/tula-belgorod.html,Тула,Белгород,13,14500,not ranking,25,0,25,9425.0,44.35577563692246,0.03179339186578297,86.34410904045704,13.793103448275872,100.0,DIRECT_TEST
https://city2city.ru/moskva-samara.html,Москва,Самара,290,32500,not ranking,28,1,27,471250.0,44.34202468390363,0.709237203159774,93.61654596153566,3.448275862068968,100.0,SEO_INVEST_DIRECT
https://city2city.ru/svo-taxi-volgograd-lugansk.html,Волгоград,Луганск,70,14000,not ranking,25,1,24,49000.0,44.325518971839315,0.17119518696960065,86.02791986697912,13.793103448275872,100.0,DIRECT_TEST
https://city2city.ru/lipeczk-tver.html,Липецк,Тверь,1,19500,not ranking,26,0,26,975.0,44.323229089579876,0.002445645528137152,89.0136303856146,10.34482758620689,100.0,DIRECT_LOW
https://city2city.ru/rostov-volgograd.html,Ростов-на-Дону,Волгоград,61,14000,not ranking,25,1,24,42700.0,44.31781518842568,0.14918437721636624,86.02791986697912,13.793103448275872,100.0,DIRECT_TEST
https://city2city.ru/smolensk-naro-fominsk.html,Смоленск,Наро-Фоминск,1,10500,not ranking,24,1,23,525.0,44.308082508666644,0.002445645528137152,83.43580268265131,17.241379310344826,100.0,DIRECT_LOW
https://city2city.ru/belgorod-vologda.html,Белгород,Вологда,17,33900,#3,9,0,9,28815.0,44.3067992762324,0.04157597397833158,93.99657694825646,68.9655172413793,35.0,DIRECT_TEST
https://city2city.ru/belgorod-pskov.html,Белгород,Псков,3,34000,#3,9,0,9,5100.0,44.30145098897762,0.007336936584411456,94.02311845158884,68.9655172413793,35.0,DIRECT_LOW
https://city2city.ru/ivanovo-lipeczk.html,Иваново,Липецк,1,18300,#3,7,0,7,915.0,44.28360353940512,0.002445645528137152,88.4413350814673,75.86206896551724,35.0,DIRECT_LOW
https://city2city.ru/pskov-smolensk.html,Псков,Смоленск,1,14000,not ranking,25,0,25,700.0,44.2664566323348,0.002445645528137152,86.02791986697912,13.793103448275872,100.0,DIRECT_LOW
https://city2city.ru/stavropol-feodosiya.html,Ставрополь,Феодосия,2,19000,not ranking,26,0,26,1900.0,44.26557118382105,0.004891291056274304,88.77957485883992,10.34482758620689,100.0,DIRECT_LOW
https://city2city.ru/krasnodar-nizhnij-novgorod.html,Краснодар,Нижний Новгород,5,47500,not ranking,29,1,28,11875.0,44.26329914570633,0.01222822764068576,97.03607706412835,0.0,100.0,DIRECT_LOW
https://city2city.ru/sankt-peterburg-saratov.html,Санкт-Петербург,Саратов,8,47000,not ranking,29,0,29,18800.0,44.24202846859416,0.019565164225097215,96.9407226444615,0.0,100.0,DIRECT_TEST
https://city2city.ru/saratov-sankt-peterburg.html,Саратов,Санкт-Петербург,8,47000,not ranking,29,1,28,18800.0,44.24202846859416,0.019565164225097215,96.9407226444615,0.0,100.0,DIRECT_TEST
https://city2city.ru/blagoveshhensk-tynda.html,Благовещенск,Тында,8,23200,#5,5,1,4,9280.0,44.2033532888459,0.019565164225097215,90.57912537374435,82.75862068965517,25.0,DIRECT_TEST
https://city2city.ru/rostov-majkop.html,Ростов-на-Дону,Майкоп,4,10000,not ranking,24,1,23,2000.0,44.20074790959772,0.009782582112548607,82.99619257515747,17.241379310344826,100.0,DIRECT_LOW
https://city2city.ru/saratov-frolovo.html,Саратов,Фролово,2,10000,not ranking,24,1,23,1000.0,44.19903595772803,0.004891291056274304,82.99619257515747,17.241379310344826,100.0,DIRECT_LOW
https://city2city.ru/rostov-goryachij-klyuch.html,Ростов-на-Дону,Горячий Ключ,1,10000,not ranking,24,0,24,500.0,44.198179981793174,0.002445645528137152,82.99619257515747,17.241379310344826,100.0,DIRECT_LOW
https://city2city.ru/smolensk-nizhnij-novgorod.html,Смоленск,Нижний Новгород,2,25000,not ranking,27,1,26,2500.0,44.19413197241711,0.004891291056274304,91.25243870287932,6.896551724137936,100.0,DIRECT_LOW
https://city2city.ru/rostov-elista.html,Ростов-на-Дону,Элиста,9,13500,not ranking,25,1,24,6075.0,44.191382286035314,0.022010809753234366,85.70023125186603,13.793103448275872,100.0,DIRECT_TEST
https://city2city.ru/tula-smolensk.html,Тула,Смоленск,4,13500,not ranking,25,0,25,2700.0,44.18710240636108,0.009782582112548607,85.70023125186603,13.793103448275872,100.0,DIRECT_LOW
https://city2city.ru/stavropol-temryuk.html,Ставрополь,Темрюк,1,13500,not ranking,25,0,25,675.0,44.18453447855653,0.002445645528137152,85.70023125186603,13.793103448275872,100.0,DIRECT_LOW
https://city2city.ru/voronezh-bryansk.html,Воронеж,Брянск,12,13400,not ranking,25,0,25,8040.0,44.17720212673515,0.029347746337645825,85.63323890344721,13.793103448275872,100.0,DIRECT_TEST
https://city2city.ru/ufa-moskva.html,Уфа,Москва,323,40000,not ranking,29,1,28,646000.0,44.14836845362675,0.7899435055883001,95.48755290668339,0.0,100.0,SEO_INVEST_DIRECT
https://city2city.ru/stavropol-sevastopol.html,Ставрополь,Севастополь,1,24500,not ranking,27,1,26,1225.0,44.1477656850584,0.002445645528137152,91.07039745718386,6.896551724137936,100.0,DIRECT_LOW
https://city2city.ru/saratov-astraxan.html,Саратов,Астрахань,1,24500,not ranking,27,0,27,1225.0,44.1477656850584,0.002445645528137152,91.07039745718386,6.896551724137936,100.0,DIRECT_LOW
https://city2city.ru/ulyanovsk-nizhnij-novgorod.html,Ульяновск,Нижний Новгород,23,13000,not ranking,25,1,24,14950.0,44.118351906206044,0.05624984714715449,85.36017508019746,13.793103448275872,100.0,DIRECT_TEST
https://city2city.ru/nizhnij-novgorod-ryazan.html,Нижний Новгород,Рязань,7,13000,not ranking,25,0,25,4550.0,44.104656291248475,0.017119518696960063,85.36017508019746,13.793103448275872,100.0,DIRECT_LOW
https://city2city.ru/saratov-tula.html,Саратов,Тула,3,24000,not ranking,27,1,26,3600.0,44.10302894144843,0.007336936584411456,90.88460267526517,6.896551724137936,100.0,DIRECT_LOW
https://city2city.ru/oryol-tambov.html,Орёл,Тамбов,3,13000,not ranking,25,1,24,1950.0,44.101232387509086,0.007336936584411456,85.36017508019746,13.793103448275872,100.0,DIRECT_LOW
https://city2city.ru/lipeczk-bryansk.html,Липецк,Брянск,2,13000,not ranking,25,0,25,1300.0,44.10037641157423,0.004891291056274304,85.36017508019746,13.793103448275872,100.0,DIRECT_LOW
https://city2city.ru/perm-kazan.html,Пермь,Казань,17,17500,not ranking,26,1,25,14875.0,44.09315706819169,0.04157597397833158,88.03855984023157,10.34482758620689,100.0,DIRECT_TEST
https://city2city.ru/penza-volgograd.html,Пенза,Волгоград,6,17500,not ranking,26,1,25,5250.0,44.08374133290836,0.014673873168822913,88.03855984023157,10.34482758620689,100.0,DIRECT_LOW
https://city2city.ru/volgograd-penza.html,Волгоград,Пенза,6,17500,not ranking,26,0,26,5250.0,44.08374133290836,0.014673873168822913,88.03855984023157,10.34482758620689,100.0,DIRECT_LOW
https://city2city.ru/smolensk-tver.html,Смоленск,Тверь,12,12500,not ranking,25,1,24,7500.0,44.02058766696274,0.029347746337645825,85.00678106435755,13.793103448275872,100.0,DIRECT_TEST
https://city2city.ru/ulyanovsk-izhevsk.html,Ульяновск,Ижевск,6,17000,not ranking,26,1,25,5100.0,44.018442725690676,0.014673873168822913,87.77736541136085,10.34482758620689,100.0,DIRECT_LOW
https://city2city.ru/saransk-kazan.html,Саранск,Казань,6,12500,not ranking,25,2,23,3750.0,44.01545181135365,0.014673873168822913,85.00678106435755,13.793103448275872,100.0,DIRECT_LOW
https://city2city.ru/rostov-temryuk.html,Ростов-на-Дону,Темрюк,4,12500,not ranking,25,1,24,2500.0,44.013739859483955,0.009782582112548607,85.00678106435755,13.793103448275872,100.0,DIRECT_LOW
https://city2city.ru/stavropol-belgorod.html,Ставрополь,Белгород,1,31000,not ranking,28,0,28,1550.0,43.98820088345009,0.002445645528137152,93.1907589404058,3.448275862068968,100.0,DIRECT_LOW
https://city2city.ru/ekaterinburg-solikamsk.html,Екатеринбург,Соликамск,2,15900,#3,7,0,7,1590.0,43.96777861718355,0.004891291056274304,87.17461148884162,75.86206896551724,35.0,DIRECT_LOW
https://city2city.ru/volgograd-doneczk-rostovskaya-oblast.html,Волгоград,Донецк,123,11700,not ranking,25,1,24,71955.0,43.96661523587183,0.30081439996086967,84.4108380249214,13.793103448275872,100.0,DIRECT_TEST
https://city2city.ru/stavropol-kerch.html,Ставрополь,Керчь,6,16500,not ranking,26,0,26,4950.0,43.951194737393486,0.014673873168822913,87.50837345817209,10.34482758620689,100.0,DIRECT_LOW
https://city2city.ru/nizhniy_novgorod-yaroslavl.html,Нижний Новгород,Ярославль,12,12000,not ranking,25,1,24,7200.0,43.928632414224005,0.029347746337645825,84.63896005340261,13.793103448275872,100.0,DIRECT_TEST
https://city2city.ru/saratov-kursk.html,Саратов,Курск,12,22000,not ranking,27,0,27,13200.0,43.91472421855521,0.029347746337645825,90.10056865003776,6.896551724137936,100.0,DIRECT_TEST
https://city2city.ru/handyga-jakutsk.html,Хандыга,Якутск,25,12600,#6,2,0,2,15750.0,43.91173338136432,0.0611411382034288,85.07857731128283,93.10344827586206,20.0,DIRECT_TEST
https://city2city.ru/kursk-penza.html,Курск,Пенза,5,22000,not ranking,27,0,27,5500.0,43.90873238701127,0.01222822764068576,90.10056865003776,6.896551724137936,100.0,DIRECT_LOW
https://city2city.ru/tver-vologda.html,Тверь,Вологда,7,16000,not ranking,26,0,26,5600.0,43.882733361857404,0.017119518696960063,87.23110405228836,10.34482758620689,100.0,DIRECT_LOW
https://city2city.ru/tambov-nizhnij-novgorod.html,Тамбов,Нижний Новгород,2,16000,not ranking,26,1,25,1600.0,43.87845348218316,0.004891291056274304,87.23110405228836,10.34482758620689,100.0,DIRECT_LOW
https://city2city.ru/ryazan-bryansk.html,Рязань,Брянск,2,16000,not ranking,26,1,25,1600.0,43.87845348218316,0.004891291056274304,87.23110405228836,10.34482758620689,100.0,DIRECT_LOW
https://city2city.ru/krasnodar-belgorod.html,Краснодар,Белгород,16,29000,not ranking,28,0,28,23200.0,43.85080488483001,0.03913032845019443,92.5898163898346,3.448275862068968,100.0,DIRECT_TEST
https://city2city.ru/saratov-ekaterinburg.html,Саратов,Екатеринбург,8,39500,not ranking,29,1,28,15800.0,43.850399583207846,0.019565164225097215,95.37420710291624,0.0,100.0,DIRECT_TEST
https://city2city.ru/oryol-moskva.html,Орёл,Москва,127,11000,not ranking,25,2,23,69850.0,43.8310696725476,0.3105969820734183,83.85496015666692,13.793103448275872,100.0,DIRECT_TEST
https://city2city.ru/kemerovo-gorno-altaysk.html,Кемерово,Горно-Алтайск,4,17100,#4,6,1,5,3420.0,43.82304624061513,0.009782582112548607,87.83021348543399,79.3103448275862,30.0,DIRECT_LOW
https://city2city.ru/yaroslavl-kirov.html,Ярославль,Киров,11,21000,not ranking,27,1,26,11550.0,43.80907399866116,0.02690210080950867,89.68139167420098,6.896551724137936,100.0,DIRECT_TEST
https://city2city.ru/tver-voronezh.html,Тверь,Воронеж,8,21000,not ranking,27,1,26,8400.0,43.806506070856614,0.019565164225097215,89.68139167420098,6.896551724137936,100.0,DIRECT_TEST
https://city2city.ru/stavropol-adler.html,Ставрополь,Адлер,1,15500,not ranking,26,1,25,775.0,43.806079379700115,0.002445645528137152,86.94503154609556,10.34482758620689,100.0,DIRECT_LOW
https://city2city.ru/rostov-nizhnij-novgorod.html,Ростов-на-Дону,Нижний Новгород,18,38500,not ranking,29,0,29,34650.0,43.801194201855765,0.04402161950646873,95.143146540114,0.0,100.0,DIRECT_TEST
https://city2city.ru/ekaterinburg-kazan.html,Екатеринбург,Казань,54,26700,#3,9,0,9,72090.0,43.800635052672575,0.1320648585194062,91.84523561565967,68.9655172413793,35.0,DIRECT_TEST
https://city2city.ru/xabarovsk-nikolaevsk-na-amure.html,Хабаровск,Николаевск-на-Амуре,42,27400,#11,12,1,11,57540.0,43.77969623755664,0.10271711218176038,92.07842926903417,58.62068965517241,45.0,DIRECT_TEST
https://city2city.ru/ryazan-oryol.html,Рязань,Орёл,5,11000,not ranking,25,1,24,2750.0,43.72664060849614,0.01222822764068576,83.85496015666692,13.793103448275872,100.0,DIRECT_LOW
https://city2city.ru/oryol-ryazan.html,Орёл,Рязань,5,11000,not ranking,25,1,24,2750.0,43.72664060849614,0.01222822764068576,83.85496015666692,13.793103448275872,100.0,DIRECT_LOW
https://city2city.ru/tver-velikij-novgorod.html,Тверь,Великий Новгород,1,11000,not ranking,25,2,23,550.0,43.72321670475675,0.002445645528137152,83.85496015666692,13.793103448275872,100.0,DIRECT_LOW
https://city2city.ru/barnaul-omsk.html,Барнаул,Омск,12,26000,#3,9,0,9,15600.0,43.704836804573404,0.029347746337645825,91.60584658031745,68.9655172413793,35.0,DIRECT_TEST
https://city2city.ru/saratov-ryazan.html,Саратов,Рязань,8,20000,not ranking,27,0,27,8000.0,43.6965981810189,0.019565164225097215,89.24176011485012,6.896551724137936,100.0,DIRECT_TEST
https://city2city.ru/oryol-rostov-na-donu.html,Орёл,Ростов-на-Дону,1,27000,not ranking,28,1,27,1350.0,43.676990045062695,0.002445645528137152,91.9459155868562,3.448275862068968,100.0,DIRECT_LOW
https://city2city.ru/perm-kirov.html,Пермь,Киров,17,14500,not ranking,26,1,25,12325.0,43.669544368248054,0.04157597397833158,86.34410904045704,10.34482758620689,100.0,DIRECT_TEST
https://city2city.ru/tula-penza.html,Тула,Пенза,1,19800,not ranking,27,0,27,990.0,43.66796634363523,0.002445645528137152,89.15120009149116,6.896551724137936,100.0,DIRECT_LOW
https://city2city.ru/oryol-nizhnij-novgorod.html,Орёл,Нижний Новгород,3,26500,not ranking,28,1,27,3975.0,43.63659440454977,0.007336936584411456,91.77748521732573,3.448275862068968,100.0,DIRECT_LOW
https://city2city.ru/ryazan-ivanovo.html,Рязань,Иваново,12,10500,not ranking,25,1,24,6300.0,43.62784307153618,0.029347746337645825,83.43580268265131,13.793103448275872,100.0,DIRECT_TEST
https://city2city.ru/stavropol-volgodonsk.html,Ставрополь,Волгодонск,2,10500,not ranking,25,0,25,1050.0,43.6192833121877,0.004891291056274304,83.43580268265131,13.793103448275872,100.0,DIRECT_LOW
https://city2city.ru/saratov-mixajlovka.html,Саратов,Михайловка,1,10500,not ranking,25,1,24,525.0,43.61842733625285,0.002445645528137152,83.43580268265131,13.793103448275872,100.0,DIRECT_LOW
https://city2city.ru/nizhniy_novgorod-saratov.html,Нижний Новгород,Саратов,17,19000,not ranking,27,0,27,16150.0,43.58875565042999,0.04157597397833158,88.77957485883992,6.896551724137936,100.0,DIRECT_TEST
https://city2city.ru/stavropol-gelendzhik.html,Ставрополь,Геленджик,4,14000,not ranking,26,1,25,2800.0,43.57936938772555,0.009782582112548607,86.02791986697912,10.34482758620689,100.0,DIRECT_LOW
https://city2city.ru/ufa-penza.html,Уфа,Пенза,3,25000,not ranking,28,0,28,3750.0,43.50533277593817,0.007336936584411456,91.25243870287932,3.448275862068968,100.0,DIRECT_LOW
https://city2city.ru/krasnodar-kislovodsk.html,Краснодар,Кисловодск,9,13500,not ranking,26,1,25,6075.0,43.50172711362151,0.022010809753234366,85.70023125186603,10.34482758620689,100.0,DIRECT_TEST
https://city2city.ru/yaroslavl-tula.html,Ярославль,Тула,6,13500,not ranking,26,0,26,4050.0,43.49915918581697,0.014673873168822913,85.70023125186603,10.34482758620689,100.0,DIRECT_LOW
https://city2city.ru/joshkar-ola-ivanovo.html,Йошкар-Ола,Иваново,1,17100,#3,8,0,8,855.0,43.441167967983006,0.002445645528137152,87.83021348543399,72.41379310344828,35.0,DIRECT_LOW
https://city2city.ru/tambov-oryol.html,Тамбов,Орёл,3,13000,not ranking,26,1,25,1950.0,43.41157721509529,0.007336936584411456,85.36017508019746,10.34482758620689,100.0,DIRECT_LOW
https://city2city.ru/ekaterinburg-chusovoj.html,Екатеринбург,Чусовой,10,10500,#2,8,0,8,5250.0,43.350269050700966,0.02445645528137152,83.43580268265131,72.41379310344828,40.0,DIRECT_TEST
https://city2city.ru/tver-smolensk.html,Тверь,Смоленск,12,12500,not ranking,26,1,25,7500.0,43.33093249454895,0.029347746337645825,85.00678106435755,10.34482758620689,100.0,DIRECT_TEST
https://city2city.ru/krasnodar-mineralnye-vody.html,Краснодар,Минеральные Воды,57,12000,not ranking,26,2,24,34200.0,43.277496158878364,0.13940179510381767,84.63896005340261,10.34482758620689,100.0,DIRECT_TEST
https://city2city.ru/yaroslavl-kazan.html,Ярославль,Казань,7,22500,not ranking,28,1,27,7875.0,43.27141317484599,0.017119518696960063,90.30306468355302,3.448275862068968,100.0,DIRECT_LOW
https://city2city.ru/volgograd-stavropol.html,Волгоград,Ставрополь,15,16500,not ranking,27,0,27,12375.0,43.26924334839333,0.03668468292205728,87.50837345817209,6.896551724137936,100.0,DIRECT_TEST
https://city2city.ru/xabarovsk-neryungri.html,Хабаровск,Нерюнгри,1,46500,#2,13,1,12,2325.0,43.246425833031644,0.002445645528137152,96.84434839390443,55.172413793103445,40.0,DIRECT_LOW
https://city2city.ru/stavropol-simferopol.html,Ставрополь,Симферополь,6,22000,not ranking,28,1,27,6600.0,43.219933190532316,0.014673873168822913,90.10056865003776,3.448275862068968,100.0,DIRECT_LOW
https://city2city.ru/kostroma-kazan.html,Кострома,Казань,4,21500,not ranking,28,0,28,4300.0,43.16643341213146,0.009782582112548607,89.8934173439131,3.448275862068968,100.0,DIRECT_LOW
https://city2city.ru/lipeczk-belgorod.html,Липецк,Белгород,17,11500,not ranking,26,0,26,9775.0,43.14738805528731,0.04157597397833158,84.25548378861404,10.34482758620689,100.0,DIRECT_TEST
https://city2city.ru/ryazan-voronezh.html,Рязань,Воронеж,13,11500,not ranking,26,1,25,7475.0,43.14396415154791,0.03179339186578297,84.25548378861404,10.34482758620689,100.0,DIRECT_TEST
https://city2city.ru/penza-voronezh.html,Пенза,Воронеж,21,15500,not ranking,27,1,26,16275.0,43.13354372598329,0.05135855609088019,86.94503154609556,6.896551724137936,100.0,DIRECT_TEST
https://city2city.ru/voronezh-penza.html,Воронеж,Пенза,21,15500,not ranking,27,0,27,16275.0,43.13354372598329,0.05135855609088019,86.94503154609556,6.896551724137936,100.0,DIRECT_TEST
https://city2city.ru/volgograd-saratov.html,Волгоград,Саратов,34,11000,not ranking,26,1,25,18700.0,43.06180873819294,0.08315194795666316,83.85496015666692,10.34482758620689,100.0,DIRECT_TEST
https://city2city.ru/saratov-volgograd.html,Саратов,Волгоград,34,11000,not ranking,26,1,25,18700.0,43.06180873819294,0.08315194795666316,83.85496015666692,10.34482758620689,100.0,DIRECT_TEST
https://city2city.ru/krasnodar-taganrog.html,Краснодар,Таганрог,21,11000,not ranking,26,1,25,11550.0,43.050681051039916,0.05135855609088019,83.85496015666692,10.34482758620689,100.0,DIRECT_TEST
https://city2city.ru/tambov-tula.html,Тамбов,Тула,9,11000,not ranking,26,0,26,4950.0,43.040409339821736,0.022010809753234366,83.85496015666692,10.34482758620689,100.0,DIRECT_TEST
https://city2city.ru/ryazan-tver.html,Рязань,Тверь,2,11000,not ranking,26,1,25,1100.0,43.0344175082778,0.004891291056274304,83.85496015666692,10.34482758620689,100.0,DIRECT_LOW
https://city2city.ru/sankt-peterburg-vologda.html,Санкт-Петербург,Вологда,9,20000,not ranking,28,1,27,9000.0,43.00779898453996,0.022010809753234366,89.24176011485012,3.448275862068968,100.0,DIRECT_TEST
https://city2city.ru/ivanovo-kazan.html,Иваново,Казань,18,19000,#3,9,0,9,17100.0,43.003404729813106,0.04402161950646873,88.77957485883992,68.9655172413793,35.0,DIRECT_TEST
https://city2city.ru/chelyabinsk-bajmak.html,Челябинск,Баймак,13,13500,#5,5,0,5,8775.0,42.98790963805057,0.03179339186578297,85.70023125186603,82.75862068965517,25.0,DIRECT_TEST
https://city2city.ru/tyumen-salexard.html,Тюмень,Салехард,2,66000,#1,16,1,15,6600.0,42.967229193249004,0.004891291056274304,100.0,44.827586206896555,45.0,DIRECT_LOW
https://city2city.ru/voronezh-tula.html,Воронеж,Тула,22,10500,not ranking,26,0,26,11550.0,42.94674765847086,0.05380420161901734,83.43580268265131,10.34482758620689,100.0,DIRECT_TEST
https://city2city.ru/smolensk-kaluga.html,Смоленск,Калуга,18,10500,not ranking,26,0,26,9450.0,42.943323754731466,0.04402161950646873,83.43580268265131,10.34482758620689,100.0,DIRECT_TEST
https://city2city.ru/tula-kursk.html,Тула,Курск,16,10500,not ranking,26,0,26,8400.0,42.94161180286177,0.03913032845019443,83.43580268265131,10.34482758620689,100.0,DIRECT_TEST
https://city2city.ru/ryazan-kostroma.html,Рязань,Кострома,5,14000,not ranking,27,0,27,3500.0,42.89057019124661,0.01222822764068576,86.02791986697912,6.896551724137936,100.0,DIRECT_LOW
https://city2city.ru/smolensk-pskov.html,Смоленск,Псков,1,14000,not ranking,27,0,27,700.0,42.887146287507214,0.002445645528137152,86.02791986697912,6.896551724137936,100.0,DIRECT_LOW
https://city2city.ru/enisejsk-krasnojarsk.html,Енисейск,Красноярск,535,10200,#7,2,0,2,272850.0,42.87229136748846,1.3084203575533762,83.17461834868945,93.10344827586206,15.0,DIRECT_ONLY
https://city2city.ru/yaroslavl-tver.html,Ярославль,Тверь,11,10000,not ranking,26,1,25,5500.0,42.82742939631407,0.02690210080950867,82.99619257515747,10.34482758620689,100.0,DIRECT_TEST
https://city2city.ru/tula-yaroslavl.html,Тула,Ярославль,6,13500,not ranking,27,1,26,4050.0,42.809504013403185,0.014673873168822913,85.70023125186603,6.896551724137936,100.0,DIRECT_LOW
https://city2city.ru/smolensk-tula.html,Смоленск,Тула,4,13500,not ranking,27,0,27,2700.0,42.80779206153349,0.009782582112548607,85.70023125186603,6.896551724137936,100.0,DIRECT_LOW
https://city2city.ru/ryazan-penza.html,Рязань,Пенза,3,13500,not ranking,27,1,26,2025.0,42.806936085598636,0.007336936584411456,85.70023125186603,6.896551724137936,100.0,DIRECT_LOW
https://city2city.ru/saratov-tambov.html,Саратов,Тамбов,1,13500,not ranking,27,1,26,675.0,42.80522413372894,0.002445645528137152,85.70023125186603,6.896551724137936,100.0,DIRECT_LOW
https://city2city.ru/yaroslavl-sankt-peterburg.html,Ярославль,Санкт-Петербург,11,23500,not ranking,29,1,28,12925.0,42.68313981103125,0.02690210080950867,90.69489630299171,0.0,100.0,DIRECT_TEST
https://city2city.ru/kazan-rostov-na-donu.html,Казань,Ростов-на-Дону,10,45900,#6,8,0,8,22950.0,42.67314888472086,0.02445645528137152,96.72732201873089,72.41379310344828,20.0,DIRECT_TEST
https://city2city.ru/ekaterinburg-krasnoturinsk.html,Екатеринбург,Краснотурьинск,26,11600,#5,5,1,4,15080.0,42.657353436541435,0.06358678373156594,84.3334956972174,82.75862068965517,25.0,DIRECT_TEST
https://city2city.ru/lipeczk-penza.html,Липецк,Пенза,8,12500,not ranking,27,0,27,5000.0,42.637853418395764,0.019565164225097215,85.00678106435755,6.896551724137936,100.0,DIRECT_TEST
https://city2city.ru/ryazan-nizhnij-novgorod.html,Рязань,Нижний Новгород,7,12500,not ranking,27,1,26,4375.0,42.63699744246091,0.017119518696960063,85.00678106435755,6.896551724137936,100.0,DIRECT_LOW
https://city2city.ru/nerjungri-jakutsk.html,Нерюнгри,Якутск,109,24300,#12,12,2,10,132435.0,42.56657395822144,0.2665753625669495,90.99653860115409,58.62068965517241,40.0,DIRECT_TEST
https://city2city.ru/lipeczk-kaluga.html,Липецк,Калуга,3,12000,not ranking,27,0,27,1800.0,42.541618285982786,0.007336936584411456,84.63896005340261,6.896551724137936,100.0,DIRECT_LOW
https://city2city.ru/belgorod-velikij-novgorod.html,Белгород,Великий Новгород,6,35800,#5,9,0,9,10740.0,42.4202303109291,0.014673873168822913,94.48796402817662,68.9655172413793,25.0,DIRECT_LOW
https://city2city.ru/kursk-kaluga.html,Курск,Калуга,6,11000,not ranking,27,1,26,3300.0,42.34818623960341,0.014673873168822913,83.85496015666692,6.896551724137936,100.0,DIRECT_LOW
https://city2city.ru/tver-ryazan.html,Тверь,Рязань,2,11000,not ranking,27,0,27,1100.0,42.34476233586401,0.004891291056274304,83.85496015666692,6.896551724137936,100.0,DIRECT_LOW
https://city2city.ru/tyumen-urengoj.html,Тюмень,Новый Уренгой,2,46500,#1,16,2,14,4650.0,42.17831629172511,0.004891291056274304,96.84434839390443,44.827586206896555,45.0,DIRECT_LOW
https://city2city.ru/cheboksary-syktyvkar.html,Чебоксары,Сыктывкар,1,23600,#5,8,1,7,1180.0,42.1669042033695,0.002445645528137152,90.73315842697998,72.41379310344828,25.0,DIRECT_LOW
https://city2city.ru/tyumen-novyj-urengoj.html,Тюмень,Новый Уренгой,2,45900,#1,16,2,14,4590.0,42.149059697931726,0.004891291056274304,96.72732201873089,44.827586206896555,45.0,DIRECT_LOW
https://city2city.ru/tver-yaroslavl.html,Тверь,Ярославль,11,10000,not ranking,27,2,25,5500.0,42.13777422390028,0.02690210080950867,82.99619257515747,6.896551724137936,100.0,DIRECT_TEST
https://city2city.ru/kostroma-ryazan.html,Кострома,Рязань,5,13500,not ranking,28,0,28,3375.0,42.11899286505454,0.01222822764068576,85.70023125186603,3.448275862068968,100.0,DIRECT_LOW
https://city2city.ru/kazan-orsk.html,Казань,Орск,27,29700,#7,6,0,6,40095.0,42.0863640008337,0.0660324292597031,92.80473474030225,79.3103448275862,15.0,DIRECT_TEST
https://city2city.ru/astraxan-sankt-peterburg.html,Астрахань,Санкт-Петербург,8,63200,#8,7,0,7,25280.0,42.081604331123614,0.019565164225097215,99.60937092216552,75.86206896551724,10.0,DIRECT_TEST
https://city2city.ru/kemerovo-krasnoyarsk.html,Кемерово,Красноярск,53,15800,#5,7,0,7,41870.0,41.99722114904168,0.12961921299126905,87.11776252556514,75.86206896551724,25.0,DIRECT_TEST
https://city2city.ru/kazan-chajkovskij.html,Казань,Чайковский,6,13800,#4,8,0,8,4140.0,41.96246218951093,0.014673873168822913,85.89827085284874,72.41379310344828,30.0,DIRECT_LOW
https://city2city.ru/irkutsk-ust-ilimsk.html,Иркутск,Усть-Илимск,25,27000,#7,6,1,5,33750.0,41.869947260602494,0.0611411382034288,91.9459155868562,79.3103448275862,15.0,DIRECT_TEST
https://city2city.ru/yaroslavl-nizhnij-novgorod.html,Ярославль,Нижний Новгород,12,12000,not ranking,28,1,27,7200.0,41.859666896982624,0.029347746337645825,84.63896005340261,3.448275862068968,100.0,DIRECT_TEST
https://city2city.ru/belgorod-tambov.html,Белгород,Тамбов,15,14200,#5,7,0,7,10650.0,41.724185921205475,0.03668468292205728,86.15572995631724,75.86206896551724,25.0,DIRECT_TEST
https://city2city.ru/belgorod-tver.html,Белгород,Тверь,14,24900,#5,9,0,9,17430.0,41.60916797927648,0.034239037393920126,91.21632347165098,68.9655172413793,25.0,DIRECT_TEST
https://city2city.ru/yakutsk-blagoveshhensk.html,Якутск,Благовещенск,49,53000,#4,13,1,12,129850.0,41.58225889499426,0.11983663087872043,98.02333326226407,55.172413793103445,30.0,DIRECT_TEST
https://city2city.ru/tyumen-nadym.html,Тюмень,Надым,3,53100,#2,16,1,15,7965.0,41.47816491834673,0.007336936584411456,98.04031899665148,44.827586206896555,40.0,DIRECT_LOW
https://city2city.ru/krasnoyarsk-ulan-ude.html,Красноярск,Улан-Удэ,7,44700,#1,17,2,15,15645.0,41.40400607851719,0.017119518696960063,96.48860871203094,41.379310344827594,45.0,DIRECT_LOW
https://city2city.ru/kazan-belgorod.html,Казань,Белгород,27,40400,#7,8,0,8,54540.0,41.4001734947987,0.0660324292597031,95.57721409547258,72.41379310344828,15.0,DIRECT_TEST
https://city2city.ru/chelyabinsk-izhevsk.html,Челябинск,Ижевск,5,22600,#5,9,0,9,5650.0,41.38313920444767,0.01222822764068576,90.34302350599029,68.9655172413793,25.0,DIRECT_LOW
https://city2city.ru/orenburg-surgut.html,Оренбург,Сургут,3,58200,#1,18,1,17,8730.0,41.305449289936085,0.007336936584411456,98.86669786231927,37.93103448275862,45.0,DIRECT_LOW
https://city2city.ru/yakutsk-chita.html,Якутск,Чита,5,62000,#2,17,1,16,15500.0,41.13929986475945,0.01222822764068576,99.43663166447875,41.379310344827594,40.0,DIRECT_LOW
https://city2city.ru/aldan-jakutsk.html,Алдан,Якутск,100,15800,#8,4,2,2,79000.0,41.10641753522091,0.2445645528137152,87.11776252556514,86.20689655172414,10.0,DIRECT_TEST
https://city2city.ru/kyzyl-krasnoyarsk.html,Кызыл,Красноярск,47,24000,#2,14,1,13,56400.0,41.10620912396105,0.11494533982244613,90.88460267526517,51.724137931034484,40.0,DIRECT_TEST
https://city2city.ru/ivanovo-anapa.html,Иваново,Анапа,4,53600,#8,8,0,8,10720.0,41.01737519846246,0.009782582112548607,98.12477069613364,72.41379310344828,10.0,DIRECT_LOW
https://city2city.ru/yakutsk-tommot.html,Якутск,Томмот,8,13500,#3,11,2,9,5400.0,40.84569872389357,0.019565164225097215,85.70023125186603,62.06896551724138,35.0,DIRECT_TEST
https://city2city.ru/xabarovsk-chita.html,Хабаровск,Чита,18,63200,#1,19,2,17,56880.0,40.81430202150658,0.04402161950646873,99.60937092216552,34.48275862068965,45.0,DIRECT_TEST
https://city2city.ru/kaluga-sankt-peterburg.html,Калуга,Санкт-Петербург,8,26400,#6,9,0,9,10560.0,40.73580576486612,0.019565164225097215,91.7434180364459,68.9655172413793,20.0,DIRECT_TEST
https://city2city.ru/ekaterinburg-yugorsk.html,Екатеринбург,Югорск,4,21300,#7,7,0,7,4260.0,40.62813889309601,0.009782582112548607,89.80920478501268,75.86206896551724,15.0,DIRECT_LOW
https://city2city.ru/astraxan-kazan.html,Астрахань,Казань,8,43800,#8,8,0,8,17520.0,40.56593891321599,0.019565164225097215,96.30532994019019,72.41379310344828,10.0,DIRECT_TEST
https://city2city.ru/belgorod-yaroslavl.html,Белгород,Ярославль,9,28000,#7,8,0,8,12600.0,40.55886643413134,0.022010809753234366,92.2736161201122,72.41379310344828,15.0,DIRECT_TEST
https://city2city.ru/astraxan-volzhskij.html,Астрахань,Волжский,5,13200,#6,7,0,7,3300.0,40.551128994203644,0.01222822764068576,85.49774128570382,75.86206896551724,20.0,DIRECT_LOW
https://city2city.ru/chelyabinsk-penza.html,Челябинск,Пенза,12,36900,#7,9,0,9,22140.0,40.493541496632076,0.029347746337645825,94.76066534855217,68.9655172413793,15.0,DIRECT_TEST
https://city2city.ru/ivanovo-sankt-peterburg.html,Иваново,Санкт-Петербург,5,26800,#7,8,0,8,6700.0,40.45676868738519,0.01222822764068576,91.87892074808516,72.41379310344828,15.0,DIRECT_LOW
https://city2city.ru/barnaul-yurga.html,Барнаул,Юрга,1,12500,#6,7,0,7,625.0,40.424965035127684,0.002445645528137152,85.00678106435755,75.86206896551724,20.0,DIRECT_LOW
https://city2city.ru/izhevsk-chelyabinsk.html,Ижевск,Челябинск,5,22600,#6,9,0,9,5650.0,40.38313920444767,0.01222822764068576,90.34302350599029,68.9655172413793,20.0,DIRECT_LOW
https://city2city.ru/astraxan-gelendzhik.html,Астрахань,Геленджик,5,29400,#8,7,0,7,7350.0,40.355007125015106,0.01222822764068576,92.71325380894969,75.86206896551724,10.0,DIRECT_LOW
https://city2city.ru/xabarovsk-sovetskaya-gavan.html,Хабаровск,Советская Гавань,9,17100,#2,14,1,13,7695.0,40.31008474097902,0.022010809753234366,87.83021348543399,51.724137931034484,40.0,DIRECT_TEST
https://city2city.ru/xabarovsk-ussurijsk.html,Хабаровск,Уссурийск,12,20000,#1,16,3,13,12000.0,40.28622898131002,0.029347746337645825,89.24176011485012,44.827586206896555,45.0,DIRECT_TEST
https://city2city.ru/kazan-chelyabinsk.html,Казань,Челябинск,13,28400,#8,7,0,7,18460.0,40.283899165685035,0.03179339186578297,92.40143074171425,75.86206896551724,10.0,DIRECT_TEST
https://city2city.ru/tyumen-noyabrsk.html,Тюмень,Ноябрьск,8,32800,#1,18,2,16,13120.0,40.01789001529942,0.019565164225097215,93.69934124507566,37.93103448275862,45.0,DIRECT_TEST
https://city2city.ru/chelyabinsk-orsk.html,Челябинск,Орск,46,18300,#8,6,1,5,42090.0,40.011777628887074,0.11249969429430898,88.4413350814673,79.3103448275862,10.0,DIRECT_TEST
https://city2city.ru/izhevsk-orenburg.html,Ижевск,Оренбург,15,21800,#7,8,0,8,16350.0,40.00016793259864,0.03668468292205728,90.01827869154505,72.41379310344828,15.0,DIRECT_TEST
https://city2city.ru/kazan-syzran.html,Казань,Сызрань,7,10200,#6,7,0,7,3570.0,39.97206021181975,0.017119518696960063,83.17461834868945,75.86206896551724,20.0,DIRECT_LOW
https://city2city.ru/chelyabinsk-voronezh.html,Челябинск,Воронеж,12,52200,#9,8,0,8,31320.0,39.96460090348337,0.029347746337645825,97.88628228630213,72.41379310344828,5.0,DIRECT_TEST
https://city2city.ru/ekaterinburg-orenburg.html,Екатеринбург,Оренбург,43,28800,#7,9,1,8,61920.0,39.96177485098541,0.10516275770989753,92.52745775004432,68.9655172413793,15.0,DIRECT_TEST
https://city2city.ru/elista-sankt-peterburg.html,Элиста,Санкт-Петербург,2,59200,#10,7,0,7,5920.0,39.92917825017511,0.004891291056274304,99.02021002080788,75.86206896551724,0.0,DIRECT_LOW
https://city2city.ru/astraxan-saratov.html,Астрахань,Саратов,1,24000,#8,7,0,7,1200.0,39.89442043785459,0.002445645528137152,90.88460267526517,75.86206896551724,10.0,DIRECT_LOW
https://city2city.ru/ufa-pyt-yax.html,Уфа,Пыть-Ях,2,47100,#2,18,2,16,4710.0,39.82788745382796,0.004891291056274304,96.95987442162617,37.93103448275862,40.0,DIRECT_LOW
https://city2city.ru/krasnoyarsk-tajshet.html,Красноярск,Тайшет,14,12000,#1,15,2,13,8400.0,39.82689609023163,0.034239037393920126,84.63896005340261,48.275862068965516,45.0,DIRECT_TEST
https://city2city.ru/kazan-volgograd.html,Казань,Волгоград,28,30900,#8,8,1,7,43260.0,39.797137155327576,0.06847807478784025,93.1616448338487,72.41379310344828,10.0,DIRECT_TEST
https://city2city.ru/moskva-orsk.html,Москва,Орск,15,53100,#11,20,0,20,39825.0,39.72981593990973,0.03668468292205728,98.04031899665148,31.034482758620683,45.0,DIRECT_TEST
https://city2city.ru/ekaterinburg-app-bugristoe.html,Екатеринбург,Троицк,7,10500,#7,6,0,6,3675.0,39.72701146772401,0.017119518696960063,83.43580268265131,79.3103448275862,15.0,DIRECT_LOW
https://city2city.ru/orenburg-selo-aleksandrovskoe.html,Оренбург,село Александровское,2,51900,#1,20,1,19,5190.0,39.66719499576644,0.004891291056274304,97.83434596869043,31.034482758620683,45.0,DIRECT_LOW
https://city2city.ru/vladivostok-blagoveshhensk.html,Владивосток,Благовещенск,10,43600,#2,18,1,17,21800.0,39.66078917663369,0.02445645528137152,96.26409008293395,37.93103448275862,40.0,DIRECT_TEST
https://city2city.ru/astraxan-mineralnye-vody.html,Астрахань,Минеральные Воды,7,18600,#7,8,1,7,6510.0,39.63571352917167,0.017119518696960063,88.5878523077523,72.41379310344828,15.0,DIRECT_LOW
https://city2city.ru/kazan-syktyvkar.html,Казань,Сыктывкар,9,25200,#7,9,0,9,11340.0,39.63186668422178,0.022010809753234366,91.32423781012913,68.9655172413793,15.0,DIRECT_TEST
https://city2city.ru/belgorod-vladimir.html,Белгород,Владимир,9,25200,#7,9,0,9,11340.0,39.63186668422178,0.022010809753234366,91.32423781012913,68.9655172413793,15.0,DIRECT_TEST
https://city2city.ru/xabarovsk-svobodnyj.html,Хабаровск,Свободный,1,23000,#12,16,1,15,1150.0,39.591650739340686,0.002445645528137152,90.5011100881061,44.827586206896555,40.0,DIRECT_LOW
https://city2city.ru/vologda-valuyki.html,Вологда,Валуйки,2,36500,#1,19,1,18,3650.0,39.56387703507298,0.004891291056274304,94.66245343626142,34.48275862068965,45.0,DIRECT_LOW
https://city2city.ru/ekaterinburg-rostov-na-don.html,Екатеринбург,Ростов-на-Дону,4,66000,#10,8,0,8,13200.0,39.486182524429054,0.009782582112548607,100.0,72.41379310344828,0.0,DIRECT_LOW
https://city2city.ru/xabarovsk-arsenev.html,Хабаровск,Арсеньев,1,18600,#1,17,2,15,930.0,39.42368112183844,0.002445645528137152,88.5878523077523,41.379310344827594,45.0,DIRECT_LOW
https://city2city.ru/tomsk-sayanogorsk.html,Томск,Саяногорск,1,26000,#12,17,1,16,1300.0,39.17817968997973,0.002445645528137152,91.60584658031745,41.379310344827594,40.0,DIRECT_LOW
https://city2city.ru/krasnoyarsk-nizhneudinsk.html,Красноярск,Нижнеудинск,7,16500,#1,17,2,15,5775.0,39.158947265052475,0.017119518696960063,87.50837345817209,41.379310344827594,45.0,DIRECT_LOW
https://city2city.ru/ekaterinburg-bajmak.html,Екатеринбург,Баймак,2,19800,#9,6,0,6,1980.0,39.15158094025973,0.004891291056274304,89.15120009149116,79.3103448275862,5.0,DIRECT_LOW
https://city2city.ru/olekminsk-jakutsk.html,Олекминск,Якутск,31,28800,#3,16,2,14,44640.0,39.12391693287068,0.0758150113722517,92.52745775004432,44.827586206896555,35.0,DIRECT_TEST
https://city2city.ru/xabarovsk-dalnegorsk.html,Хабаровск,Дальнегорск,7,23800,#2,17,1,16,8330.0,38.98415357593065,0.017119518696960063,90.80919870168475,41.379310344827594,40.0,DIRECT_LOW
https://city2city.ru/omsk-biysk.html,Омск,Бийск,1,29500,#4,15,1,14,1475.0,38.841991079630745,0.002445645528137152,92.74385075961116,48.275862068965516,30.0,DIRECT_LOW
https://city2city.ru/stavropol-selo-grachyovka.html,Ставрополь,село Грачёвка,1,46500,#1,21,2,19,2325.0,38.7291844537213,0.002445645528137152,96.84434839390443,27.58620689655173,45.0,DIRECT_LOW
https://city2city.ru/ekaterinburg-kirov.html,Екатеринбург,Киров,19,25500,#8,9,0,9,24225.0,38.66708576009675,0.04646726503460589,91.4308750762351,68.9655172413793,10.0,DIRECT_TEST
https://city2city.ru/kemerovo-yarovoe.html,Кемерово,Яровое,2,20000,#9,7,0,7,2000.0,38.484565773685674,0.004891291056274304,89.24176011485012,75.86206896551724,5.0,DIRECT_LOW
https://city2city.ru/cheboksary-rostov-na-donu.html,Чебоксары,Ростов-на-Дону,2,41700,#10,8,0,8,4170.0,38.45012076402048,0.004891291056274304,95.8626007658445,72.41379310344828,0.0,DIRECT_LOW
https://city2city.ru/perm-magnitogorsk.html,Пермь,Магнитогорск,1,22000,#1,19,1,18,1100.0,38.422549862582215,0.002445645528137152,90.10056865003776,34.48275862068965,45.0,DIRECT_LOW
https://city2city.ru/tumen-hanty-mansiysk.html,аэропорт Тюмень (Рощино),Ханты-Мансийск,9,20000,#17,10,3,7,9000.0,38.42159208798823,0.022010809753234366,89.24176011485012,65.51724137931035,15.0,DIRECT_TEST
https://city2city.ru/voronezh-velikie-luki.html,Воронеж,Великие Луки,1,29400,#1,20,1,19,1470.0,38.38606597989641,0.002445645528137152,92.71325380894969,31.034482758620683,45.0,DIRECT_LOW
https://city2city.ru/krasnoyarsk-chernogorsk.html,Красноярск,Черногорск,6,11700,#1,17,2,15,3510.0,38.38370743080496,0.014673873168822913,84.4108380249214,41.379310344827594,45.0,DIRECT_LOW
https://city2city.ru/blagoveshhensk-xabarovsk.html,Благовещенск,Хабаровск,16,21600,#10,6,1,5,17280.0,38.35957216160409,0.03913032845019443,89.93523032451711,79.3103448275862,0.0,DIRECT_TEST
https://city2city.ru/xabarovsk-vladivostok.html,Хабаровск,Владивосток,56,22800,#2,18,3,15,63840.0,38.23974491575078,0.1369561495756805,90.42241346739026,37.93103448275862,40.0,DIRECT_TEST
https://city2city.ru/kazan-tambov.html,Казань,Тамбов,9,24300,#9,8,0,8,10935.0,38.23959705439181,0.022010809753234366,90.99653860115409,72.41379310344828,5.0,DIRECT_TEST
https://city2city.ru/omsk-kemerovo.html,Омск,Кемерово,6,27000,#11,20,1,19,8100.0,38.19851130404727,0.014673873168822913,91.9459155868562,31.034482758620683,45.0,DIRECT_LOW
https://city2city.ru/kazan-salavat.html,Казань,Салават,22,19800,#10,6,0,6,21780.0,38.16870045895669,0.05380420161901734,89.15120009149116,79.3103448275862,0.0,DIRECT_TEST
https://city2city.ru/kaluga-kirov-kaluzhskaya-oblast.html,Калуга,Киров,34,36000,#10,8,0,8,61200.0,38.14640276994666,0.08315194795666316,94.53816386988866,72.41379310344828,0.0,DIRECT_TEST
https://city2city.ru/volgograd-essentuki.html,Волгоград,Ессентуки,2,19000,#1,19,1,18,1900.0,38.09315739071761,0.004891291056274304,88.77957485883992,34.48275862068965,45.0,DIRECT_LOW
https://city2city.ru/kyzyl-novosibirsk.html,Кызыл,Новосибирск,22,38600,#4,17,1,16,42460.0,38.08632380010505,0.05380420161901734,95.1665210422915,41.379310344827594,30.0,DIRECT_TEST
https://city2city.ru/novosibirsk-bratsk.html,Новосибирск,Братск,2,49800,#4,18,1,17,4980.0,37.953458996471426,0.004891291056274304,97.46216059220002,37.93103448275862,30.0,DIRECT_LOW
https://city2city.ru/xabarovsk-amursk.html,Хабаровск,Амурск,6,12900,#1,18,3,15,3870.0,37.913991834440104,0.014673873168822913,85.29059632911718,37.93103448275862,45.0,DIRECT_LOW
https://city2city.ru/xabarovsk-tynda.html,Хабаровск,Тында,1,40000,#15,16,1,15,2000.0,37.838261443985004,0.002445645528137152,95.48755290668339,44.827586206896555,25.0,DIRECT_LOW
https://city2city.ru/kazan-saratov.html,Казань,Саратов,42,19600,#9,8,1,7,41160.0,37.783639786950104,0.10271711218176038,89.05972070798732,72.41379310344828,5.0,DIRECT_TEST
https://city2city.ru/krasnoyarsk-bratsk.html,Красноярск,Братск,45,20400,#5,14,1,13,45900.0,37.73839518364534,0.11005404876617184,89.42019472148112,51.724137931034484,25.0,DIRECT_TEST
https://city2city.ru/volgograd-nizhnekamsk.html,Волгоград,Нижнекамск,2,33900,#2,20,1,19,3390.0,37.707752740657945,0.004891291056274304,93.99657694825646,31.034482758620683,40.0,DIRECT_LOW
https://city2city.ru/sankt-peterburg-valujki.html,Санкт-Петербург,Валуйки,1,44400,#4,18,1,17,2220.0,37.694045132873214,0.002445645528137152,96.42792904154656,37.93103448275862,30.0,DIRECT_LOW
https://city2city.ru/nizhnij-novgorod-cherepovecz.html,Нижний Новгород,Череповец,1,20700,#1,20,1,19,1035.0,37.59568741541483,0.002445645528137152,89.55173955102339,31.034482758620683,45.0,DIRECT_LOW
https://city2city.ru/orenburg-beloreczk.html,Оренбург,Белорецк,7,58200,#2,22,1,21,20370.0,37.55025250402031,0.017119518696960063,98.86669786231927,24.13793103448276,40.0,DIRECT_LOW
https://city2city.ru/blagoveshhensk-obluche.html,Благовещенск,Облучье,6,11000,#10,5,1,4,3300.0,37.52060003270685,0.014673873168822913,83.85496015666692,82.75862068965517,0.0,DIRECT_LOW
https://city2city.ru/tyumen-uraj.html,Тюмень,Урай,5,14400,#1,19,1,18,3600.0,37.47126974338044,0.01222822764068576,86.28175255827307,34.48275862068965,45.0,DIRECT_LOW
https://city2city.ru/perm-chebarkul.html,Пермь,Чебаркуль,9,16500,#2,18,1,17,7425.0,37.471004044508376,0.022010809753234366,87.50837345817209,37.93103448275862,40.0,DIRECT_TEST
https://city2city.ru/saransk-orenburg.html,Саранск,Оренбург,1,26500,#1,21,1,20,1325.0,37.46246865957663,0.002445645528137152,91.77748521732573,27.58620689655173,45.0,DIRECT_LOW
https://city2city.ru/krasnoyarsk-kyzyl.html,Красноярск,Кызыл,47,24300,#5,15,1,14,57105.0,37.44453793301948,0.11494533982244613,90.99653860115409,48.275862068965516,25.0,DIRECT_TEST
https://city2city.ru/xabarovsk-blagoveshhensk.html,Хабаровск,Благовещенск,13,21600,#2,19,1,18,14040.0,37.39148699242023,0.03179339186578297,89.93523032451711,34.48275862068965,40.0,DIRECT_TEST
https://city2city.ru/tyumen-sibaj.html,Тюмень,Сибай,28,23700,#5,15,1,14,33180.0,37.37195443308042,0.06847807478784025,90.77125877244629,48.275862068965516,25.0,DIRECT_TEST
https://city2city.ru/krasnoyarsk-irkutsk.html,Красноярск,Иркутск,31,31800,#3,19,3,16,49290.0,37.27817352691151,0.0758150113722517,93.42034619517317,34.48275862068965,35.0,DIRECT_TEST
https://city2city.ru/chelyabinsk-tyumen.html,Челябинск,Тюмень,78,12600,#10,6,1,5,49140.0,37.19847941625609,0.19076035119469784,85.07857731128283,79.3103448275862,0.0,DIRECT_TEST
https://city2city.ru/omsk-tomsk.html,Омск,Томск,23,26800,#2,20,1,19,30820.0,37.19631418524693,0.05624984714715449,91.87892074808516,31.034482758620683,40.0,DIRECT_TEST
https://city2city.ru/kursk-oktyabrskij-respublika-bashkortostan.html,Курск,Октябрьский,11,41500,#3,20,1,19,22825.0,37.1711320697792,0.02690210080950867,95.81927913108693,31.034482758620683,35.0,DIRECT_TEST
https://city2city.ru/saratov-buzuluk.html,Саратов,Бузулук,1,16800,#11,20,0,20,840.0,37.12543508977865,0.002445645528137152,87.67073024847866,31.034482758620683,45.0,DIRECT_LOW
https://city2city.ru/petrozavodsk-kem.html,Петрозаводск,Кемь,11,12300,#11,19,1,18,6765.0,37.12132979023239,0.02690210080950867,84.86144932324451,34.48275862068965,45.0,DIRECT_TEST
https://city2city.ru/tumen-chelyabinsk.html,аэропорт Тюмень (Рощино),Челябинск,57,12500,#18,9,3,6,35625.0,37.09358934265158,0.13940179510381767,85.00678106435755,68.9655172413793,10.0,DIRECT_TEST
https://city2city.ru/novosibirsk-kyzyl.html,Новосибирск,Кызыл,22,38700,#5,17,1,16,42570.0,37.09215230668207,0.05380420161901734,95.18983506859956,41.379310344827594,25.0,DIRECT_TEST
https://city2city.ru/ekaterinburg-ulyanovsk.html,Екатеринбург,Ульяновск,27,30200,#10,9,0,9,40770.0,37.05500702990044,0.0660324292597031,92.95516892553471,68.9655172413793,0.0,DIRECT_TEST
https://city2city.ru/chelyabinsk-ulyanovsk.html,Челябинск,Ульяновск,8,29800,#10,9,0,9,11920.0,37.00870704577255,0.019565164225097215,92.83502316007163,68.9655172413793,0.0,DIRECT_TEST
https://city2city.ru/samara-sterlitamak.html,Самара,Стерлитамак,5,15800,#1,20,0,20,3950.0,36.99061706278966,0.01222822764068576,87.11776252556514,31.034482758620683,45.0,DIRECT_LOW
https://city2city.ru/kirov-saransk.html,Киров,Саранск,1,21400,#1,21,1,20,1070.0,36.980949715090574,0.002445645528137152,89.85140943938153,27.58620689655173,45.0,DIRECT_LOW
https://city2city.ru/moskva-magnitogorsk.html,Москва,Магнитогорск,9,50000,#1,24,1,23,22500.0,36.830548782274576,0.022010809753234366,97.49827654716792,17.241379310344826,45.0,DIRECT_TEST
https://city2city.ru/barnaul-tomsk.html,Барнаул,Томск,23,14700,#10,7,0,7,16905.0,36.808986797710105,0.05624984714715449,86.4675422324206,75.86206896551724,0.0,DIRECT_TEST
https://city2city.ru/orenburg-sankt-peterburg.html,Оренбург,Санкт-Петербург,10,66000,#1,25,1,24,33000.0,36.767180449003654,0.02445645528137152,100.0,13.793103448275872,45.0,DIRECT_TEST
https://city2city.ru/xanty-mansijsk-ekaterinburg.html,Ханты-Мансийск,Екатеринбург,3,30300,#2,21,2,19,4545.0,36.76604848858902,0.007336936584411456,92.98495672589654,27.58620689655173,40.0,DIRECT_LOW
https://city2city.ru/syktyvkar-moskva.html,Сыктывкар,Москва,31,40400,#2,22,1,21,62620.0,36.748424984744986,0.0758150113722517,95.57721409547258,24.13793103448276,40.0,DIRECT_TEST
https://city2city.ru/xanty-mansijsk-nizhnevartovsk.html,Ханты-Мансийск,Нижневартовск,16,15600,#2,19,1,18,12480.0,36.66099164181966,0.03913032845019443,87.00297721089665,34.48275862068965,40.0,DIRECT_TEST
https://city2city.ru/tyumen-pyt-yax.html,Тюмень,Пыть-Ях,2,20700,#2,20,2,18,2070.0,36.59654339134968,0.004891291056274304,89.55173955102339,31.034482758620683,40.0,DIRECT_LOW
https://city2city.ru/kyzyl-tomsk.html,Кызыл,Томск,3,35500,#6,16,2,14,5325.0,36.571119164245545,0.007336936584411456,94.41213598024675,44.827586206896555,20.0,DIRECT_LOW
https://city2city.ru/krasnoyarsk-barnaul.html,Красноярск,Барнаул,5,27600,#2,21,1,20,6900.0,36.55751186957335,0.01222822764068576,92.14396244235505,27.58620689655173,40.0,DIRECT_LOW
https://city2city.ru/tyumen-samara.html,Тюмень,Самара,5,37000,#2,22,1,21,9250.0,36.52812908197349,0.01222822764068576,94.78505198161078,24.13793103448276,40.0,DIRECT_LOW
https://city2city.ru/perm-elabuga.html,Пермь,Елабуга,1,13800,#2,19,1,18,690.0,36.371975413284964,0.002445645528137152,85.89827085284874,34.48275862068965,40.0,DIRECT_LOW
https://city2city.ru/kyzyl-minusinsk.html,Кызыл,Минусинск,3,11000,#5,14,2,12,1650.0,36.311135553178175,0.007336936584411456,83.85496015666692,51.724137931034484,25.0,DIRECT_LOW
https://city2city.ru/syktyvkar-cheboksary.html,Сыктывкар,Чебоксары,1,23600,#4,18,1,17,1180.0,36.27035247923157,0.002445645528137152,90.73315842697998,37.93103448275862,30.0,DIRECT_LOW
https://city2city.ru/kirov-naberezhnye-chelny.html,Киров,Набережные Челны,10,15000,#3,18,2,16,7500.0,36.25716129956141,0.02445645528137152,86.64957857464482,37.93103448275862,35.0,DIRECT_TEST
https://city2city.ru/xabarovsk-dalnerechensk.html,Хабаровск,Дальнереченск,1,10800,#3,17,2,15,540.0,36.199125398701085,0.002445645528137152,83.68962941520289,41.379310344827594,35.0,DIRECT_LOW
https://city2city.ru/orenburg-nizhnekamsk.html,Оренбург,Нижнекамск,5,17200,#2,20,1,19,4300.0,36.1818647873203,0.01222822764068576,87.8827534236877,31.034482758620683,40.0,DIRECT_LOW
https://city2city.ru/ufa-surgut.html,Уфа,Сургут,24,48600,#13,22,2,20,58320.0,36.15872244287761,0.05869549267529165,97.24237125417883,24.13793103448276,35.0,DIRECT_TEST
https://city2city.ru/volgograd-naberezhnye-chelny.html,Волгоград,Набережные Челны,2,35600,#3,21,1,20,3560.0,36.12832407149726,0.004891291056274304,94.43748296126888,27.58620689655173,35.0,DIRECT_LOW
https://city2city.ru/murmansk-arhangelsk.html,Мурманск,Архангельск,8,48000,#13,22,0,22,19200.0,36.11704226706641,0.019565164225097215,97.13043301076429,24.13793103448276,35.0,DIRECT_TEST
https://city2city.ru/penza-millerovo.html,Пенза,Миллерово,1,21600,#4,18,1,17,1080.0,36.070870453615846,0.002445645528137152,89.93523032451711,37.93103448275862,30.0,DIRECT_LOW
https://city2city.ru/krasnoyarsk-kemerovo.html,Красноярск,Кемерово,26,15900,#2,20,1,19,20670.0,36.02280479824059,0.06358678373156594,87.17461148884162,31.034482758620683,40.0,DIRECT_TEST
https://city2city.ru/saransk-kirov.html,Саранск,Киров,1,21400,#2,21,1,20,1070.0,35.980949715090574,0.002445645528137152,89.85140943938153,27.58620689655173,40.0,DIRECT_LOW
https://city2city.ru/tyumen-sovetskij.html,Тюмень,Советский,16,31000,#13,21,1,20,24800.0,35.82862672936936,0.03913032845019443,93.1907589404058,27.58620689655173,35.0,DIRECT_TEST
https://city2city.ru/tomsk-omsk.html,Томск,Омск,23,26800,#2,22,1,21,30820.0,35.817003840419346,0.05624984714715449,91.87892074808516,24.13793103448276,40.0,DIRECT_TEST
https://city2city.ru/velikiy-novgorod-moskva.html,Великий Новгород,Москва,34,17100,#11,22,1,21,29070.0,35.81424276003988,0.08315194795666316,87.83021348543399,24.13793103448276,45.0,DIRECT_TEST
https://city2city.ru/samara-kazan.html,Самара,Казань,385,11000,#11,21,2,19,211750.0,35.81053215339355,0.9415735283328034,83.85496015666692,27.58620689655173,45.0,SEO_GOLD_DIRECT
https://city2city.ru/ulan-udje-irkutsk.html,Улан-Удэ,Иркутск,117,13500,#4,17,2,15,78975.0,35.80106906630924,0.28614052679204677,85.70023125186603,41.379310344827594,30.0,DIRECT_TEST
https://city2city.ru/orenburg-sochi.html,Оренбург,Сочи,2,65600,#2,25,1,24,6560.0,35.74663812771635,0.004891291056274304,99.94522194476595,13.793103448275872,40.0,DIRECT_LOW
https://city2city.ru/omsk-kupino.html,Омск,Купино,6,14000,#2,20,2,18,4200.0,35.719012374078005,0.014673873168822913,86.02791986697912,31.034482758620683,40.0,DIRECT_LOW
https://city2city.ru/pskov-ryazan.html,Псков,Рязань,4,30200,#11,24,0,24,6040.0,35.690491997192034,0.009782582112548607,92.95516892553471,17.241379310344826,45.0,DIRECT_LOW
https://city2city.ru/syktyvkar-kazan.html,Сыктывкар,Казань,5,24900,#2,22,2,20,6225.0,35.635946954483536,0.01222822764068576,91.21632347165098,24.13793103448276,40.0,DIRECT_LOW
https://city2city.ru/vladimir-oboyan.html,Владимир,Обоянь,6,23400,#6,16,1,15,7020.0,35.63477085217836,0.014673873168822913,90.65647102075985,44.827586206896555,20.0,DIRECT_LOW
https://city2city.ru/kursk-petrozavodsk.html,Курск,Петрозаводск,2,45600,#2,24,1,23,4560.0,35.61704629467161,0.004891291056274304,96.6682339229318,17.241379310344826,40.0,DIRECT_LOW
https://city2city.ru/novosibirsk-kolpashevo.html,Новосибирск,Колпашево,31,15000,#13,19,0,19,23250.0,35.58548162177942,0.0758150113722517,86.64957857464482,34.48275862068965,35.0,DIRECT_TEST
https://city2city.ru/vladivostok-dalnerechensk.html,Владивосток,Дальнереченск,6,12300,#4,17,1,16,3690.0,35.49636025538574,0.014673873168822913,84.86144932324451,41.379310344827594,30.0,DIRECT_LOW
https://city2city.ru/vladivostok-lesozavodsk.html,Владивосток,Лесозаводск,12,10500,#3,18,1,17,6300.0,35.45542927843273,0.029347746337645825,83.43580268265131,37.93103448275862,35.0,DIRECT_TEST
https://city2city.ru/ufa-ivanovo.html,Уфа,Иваново,1,36200,#1,25,0,25,1810.0,35.40649806619287,0.002445645528137152,94.5880856024114,13.793103448275872,45.0,DIRECT_LOW
https://city2city.ru/orenburg-kurgan.html,Оренбург,Курган,2,30500,#12,23,1,22,3050.0,35.40070262074217,0.004891291056274304,93.04423853755888,20.689655172413794,40.0,DIRECT_LOW
https://city2city.ru/krasnoyarsk-kodinsk.html,Красноярск,Кодинск,12,21000,#6,16,1,15,12600.0,35.39613687114773,0.029347746337645825,89.68139167420098,44.827586206896555,20.0,DIRECT_TEST
https://city2city.ru/krasnoyarsk-sorsk.html,Красноярск,Сорск,6,13800,#3,19,1,18,4140.0,35.3762552929592,0.014673873168822913,85.89827085284874,34.48275862068965,35.0,DIRECT_LOW
https://city2city.ru/kursk-pskov.html,Курск,Псков,6,29800,#2,23,0,23,8940.0,35.35182268010975,0.014673873168822913,92.83502316007163,20.689655172413794,40.0,DIRECT_LOW
https://city2city.ru/volgograd-orenburg.html,Волгоград,Оренбург,5,35100,#1,25,0,25,8775.0,35.340407820961445,0.01222822764068576,94.31002900652811,13.793103448275872,45.0,DIRECT_LOW
https://city2city.ru/ufa-novotroiczk.html,Уфа,Новотроицк,30,18000,#3,20,0,20,27000.0,35.305674856495884,0.07336936584411456,88.29239610690523,31.034482758620683,35.0,DIRECT_TEST
https://city2city.ru/kyzyl-abakan.html,Кызыл,Абакан,72,11700,#7,13,1,12,42120.0,35.198822532160094,0.17608647802587493,84.4108380249214,55.172413793103445,15.0,DIRECT_TEST
https://city2city.ru/samara-inza.html,Самара,Инза,1,11000,#2,20,1,19,550.0,35.17149256682571,0.002445645528137152,83.85496015666692,31.034482758620683,40.0,DIRECT_LOW
https://city2city.ru/ufa-nizhnevartovsk.html,Уфа,Нижневартовск,3,55200,#5,21,2,19,8280.0,35.11726362289151,0.007336936584411456,98.38981726310647,27.58620689655173,25.0,DIRECT_LOW
https://city2city.ru/volgograd-lgov.html,Волгоград,Льгов,3,26700,#2,23,1,22,4005.0,35.10180786620222,0.007336936584411456,91.84523561565967,20.689655172413794,40.0,DIRECT_LOW
https://city2city.ru/svo-taxi-orenburg-donetsk.html,Оренбург,Донецк,9,54500,#5,21,1,20,24525.0,35.093649523583125,0.022010809753234366,98.27481744343658,27.58620689655173,25.0,DIRECT_TEST
https://city2city.ru/yaroslavl-rostov-na-donu.html,Ярославль,Ростов-на-Дону,3,40500,#3,23,1,22,6075.0,35.04037163393358,0.007336936584411456,95.59949068658511,20.689655172413794,35.0,DIRECT_LOW
https://city2city.ru/ryazan-anapa.html,Рязань,Анапа,1,41400,#11,26,1,25,2070.0,35.01920648326975,0.002445645528137152,95.7975399603741,10.34482758620689,45.0,DIRECT_LOW
https://city2city.ru/tyumen-orenburg.html,Тюмень,Оренбург,3,34800,#2,24,1,23,5220.0,35.00901435312653,0.007336936584411456,94.2326822530121,17.241379310344826,40.0,DIRECT_LOW
https://city2city.ru/samara-kursk.html,Самара,Курск,3,34600,#12,24,0,24,5190.0,34.996030398447694,0.007336936584411456,94.18074643429674,17.241379310344826,40.0,DIRECT_LOW
https://city2city.ru/orenburg-oktyabrskij-respublika-bashkortostan.html,Оренбург,Октябрьский,39,11400,#3,19,1,18,22230.0,34.974132436640865,0.09538017559734892,84.17679060417544,34.48275862068965,35.0,DIRECT_TEST
https://city2city.ru/lensk-jakutsk.html,Ленск,Якутск,61,41200,#8,16,2,14,125660.0,34.956207685158084,0.14918437721636624,95.75390364701217,44.827586206896555,10.0,DIRECT_TEST
https://city2city.ru/tyumen-nizhnij-tagil.html,Тюмень,Нижний Тагил,6,13200,#2,21,1,20,3960.0,34.89681255634539,0.014673873168822913,85.49774128570382,27.58620689655173,40.0,DIRECT_LOW
https://city2city.ru/orenburg-bavly.html,Оренбург,Бавлы,3,11100,#3,19,2,17,1665.0,34.88324508784004,0.007336936584411456,83.93650174359026,34.48275862068965,35.0,DIRECT_LOW
https://city2city.ru/rostov-pyatigorsk.html,Ростов-на-Дону,Пятигорск,8,15000,#11,23,0,23,6000.0,34.80717348562275,0.019565164225097215,86.64957857464482,20.689655172413794,45.0,DIRECT_TEST
https://city2city.ru/volgograd-ufa.html,Волгоград,Уфа,4,37400,#11,26,0,26,7480.0,34.792875383778764,0.009782582112548607,94.88194385119196,10.34482758620689,45.0,DIRECT_LOW
https://city2city.ru/kurgan-magnitogorsk.html,Курган,Магнитогорск,3,17100,#2,22,1,21,2565.0,34.78770750605959,0.007336936584411456,87.83021348543399,24.13793103448276,40.0,DIRECT_LOW
https://city2city.ru/samara-nizhnekamsk.html,Самара,Нижнекамск,18,10800,#11,22,2,20,9720.0,34.76540112752454,0.04402161950646873,83.68962941520289,24.13793103448276,45.0,DIRECT_TEST
https://city2city.ru/ufa-arxangelsk.html,Уфа,Архангельск,16,57300,#12,26,0,26,45840.0,34.764227316121406,0.03913032845019443,98.72626473568984,10.34482758620689,40.0,DIRECT_TEST
https://city2city.ru/vladivostok-arsenev.html,Владивосток,Арсеньев,27,10000,#5,16,2,14,13500.0,34.73767673540957,0.0660324292597031,82.99619257515747,44.827586206896555,25.0,DIRECT_TEST
https://city2city.ru/komsomolsk-na-amure-habarovsk.html,Комсомольск-на-Амуре,Хабаровск,48,12000,#2,21,2,19,28800.0,34.7180682375337,0.1173909853505833,84.63896005340261,27.58620689655173,40.0,DIRECT_TEST
https://city2city.ru/voronezh-naro-fominsk.html,Воронеж,Наро-Фоминск,2,16500,#2,22,0,22,1650.0,34.706391523309264,0.004891291056274304,87.50837345817209,24.13793103448276,40.0,DIRECT_LOW
https://city2city.ru/voronezh-nizhnij-novgorod.html,Воронеж,Нижний Новгород,25,22200,#12,23,1,22,27750.0,34.70485891448123,0.0611411382034288,90.18211392650907,20.689655172413794,40.0,DIRECT_TEST
https://city2city.ru/smolensk-rostov-na-donu.html,Смоленск,Ростов-на-Дону,1,40200,#12,25,0,25,2010.0,34.642600420003895,0.002445645528137152,95.53249501765549,13.793103448275872,40.0,DIRECT_LOW
https://city2city.ru/petrozavodsk-kursk.html,Петрозаводск,Курск,2,45900,#3,24,1,23,4590.0,34.631818318621384,0.004891291056274304,96.72732201873089,17.241379310344826,35.0,DIRECT_LOW
https://city2city.ru/kostroma-kirov.html,Кострома,Киров,7,18500,#11,24,0,24,6475.0,34.58908705713638,0.017119518696960063,88.5392774540939,17.241379310344826,45.0,DIRECT_LOW
https://city2city.ru/pskov-moskva.html,Псков,Москва,50,24200,#11,25,1,24,60500.0,34.541264713517805,0.1222822764068576,90.95938090848091,13.793103448275872,45.0,DIRECT_TEST
https://city2city.ru/krasnoyarsk-norilsk.html,Красноярск,Норильск,5,60500,#22,15,1,14,15125.0,34.463438357240705,0.01222822764068576,99.21594425509343,48.275862068965516,0.0,DIRECT_LOW
https://city2city.ru/orenburg-rostov-na-donu.html,Оренбург,Ростов-на-Дону,5,50100,#12,26,1,25,12525.0,34.452315493867886,0.01222822764068576,97.51628038780906,10.34482758620689,40.0,DIRECT_LOW
https://city2city.ru/nikolaevsk-na-amure-habarovsk.html,Николаевск-на-Амуре,Хабаровск,42,27400,#9,14,1,13,57540.0,34.400385892729055,0.10271711218176038,92.07842926903417,51.724137931034484,5.0,DIRECT_TEST
https://city2city.ru/vologda-vladimir.html,Вологда,Владимир,1,12500,#1,23,0,23,625.0,34.390482276506994,0.002445645528137152,85.00678106435755,20.689655172413794,45.0,DIRECT_LOW
https://city2city.ru/nizhnij-novgorod-voronezh.html,Нижний Новгород,Воронеж,25,22200,#11,25,1,24,27750.0,34.32554856965365,0.0611411382034288,90.18211392650907,13.793103448275872,45.0,DIRECT_TEST
https://city2city.ru/rostov-kaluga.html,Ростов-на-Дону,Калуга,3,30300,#11,26,0,26,4545.0,34.31777262652005,0.007336936584411456,92.98495672589654,10.34482758620689,45.0,DIRECT_LOW
https://city2city.ru/krasnoyarsk-abaza.html,Красноярск,Абаза,3,17500,#16,17,1,16,2625.0,34.288069956827954,0.007336936584411456,88.03855984023157,41.379310344827594,20.0,DIRECT_LOW
https://city2city.ru/vladivostok-dalnegorsk.html,Владивосток,Дальнегорск,10,14700,#7,15,2,13,7350.0,34.280617731246736,0.02445645528137152,86.4675422324206,48.275862068965516,15.0,DIRECT_TEST
https://city2city.ru/ufa-sorochinsk.html,Уфа,Сорочинск,8,15600,#3,21,1,20,6240.0,34.27483348951329,0.019565164225097215,87.00297721089665,27.58620689655173,35.0,DIRECT_TEST
https://city2city.ru/xanty-mansijsk-sovetskij.html,Ханты-Мансийск,Советский,11,11100,#3,20,2,18,6105.0,34.20043772290503,0.02690210080950867,83.93650174359026,31.034482758620683,35.0,DIRECT_TEST
https://city2city.ru/smolensk-rossosh.html,Смоленск,Россошь,7,27000,#5,20,1,19,9450.0,34.19936727998213,0.017119518696960063,91.9459155868562,31.034482758620683,25.0,DIRECT_LOW
https://city2city.ru/krasnoyarsk-vixorevka.html,Красноярск,Вихоревка,2,26000,#17,17,1,16,2600.0,34.179035665914576,0.004891291056274304,91.60584658031745,41.379310344827594,15.0,DIRECT_LOW
https://city2city.ru/svo-taxi-kostroma-lugansk.html,Кострома,Луганск,1,41500,#16,20,0,20,2075.0,34.16257231043072,0.002445645528137152,95.81927913108693,31.034482758620683,20.0,DIRECT_LOW
https://city2city.ru/krasnodar-elista.html,Краснодар,Элиста,8,15300,#11,24,2,22,6120.0,34.16212622875083,0.019565164225097215,86.82801023681232,17.241379310344826,45.0,DIRECT_TEST
https://city2city.ru/ulyanovsk-orsk.html,Ульяновск,Орск,4,29000,#6,19,1,18,5800.0,34.047429725335974,0.009782582112548607,92.5898163898346,34.48275862068965,20.0,DIRECT_LOW
https://city2city.ru/moskva-novoaleksandrovsk.html,Москва,Новоалександровск,1,40500,#4,23,1,22,2025.0,34.03865968206388,0.002445645528137152,95.59949068658511,20.689655172413794,30.0,DIRECT_LOW
https://city2city.ru/murmansk-sankt-peterburg.html,Мурманск,Санкт-Петербург,11,40200,#4,23,1,22,22110.0,34.03047052417996,0.02690210080950867,95.53249501765549,20.689655172413794,30.0,DIRECT_TEST
https://city2city.ru/orenburg-tyumen.html,Оренбург,Тюмень,3,34800,#3,24,1,23,5220.0,34.00901435312653,0.007336936584411456,94.2326822530121,17.241379310344826,35.0,DIRECT_LOW
https://city2city.ru/perm-kurgan.html,Пермь,Курган,6,21900,#2,24,1,23,6570.0,33.96829111896239,0.014673873168822913,90.05951760513736,17.241379310344826,40.0,DIRECT_LOW
https://city2city.ru/orenburg-magnitogorsk.html,Оренбург,Магнитогорск,25,13400,#13,21,2,19,16750.0,33.94695050354335,0.0611411382034288,85.63323890344721,27.58620689655173,35.0,DIRECT_TEST
https://city2city.ru/vladivostok-habarovsk.html,Владивосток,Хабаровск,56,22600,#7,17,2,15,63280.0,33.90955259781458,0.1369561495756805,90.34302350599029,41.379310344827594,15.0,DIRECT_TEST
https://city2city.ru/tambov-kazan.html,Тамбов,Казань,6,24900,#11,26,0,26,7470.0,33.87818224076321,0.014673873168822913,91.21632347165098,10.34482758620689,45.0,DIRECT_LOW
https://city2city.ru/tyumen-ufa.html,Тюмень,Уфа,18,27000,#14,22,1,21,24300.0,33.829472670437866,0.04402161950646873,91.9459155868562,24.13793103448276,30.0,DIRECT_TEST
https://city2city.ru/omsk-novosibirsk.html,Омск,Новосибирск,51,19500,#14,21,1,20,49725.0,33.81430374839124,0.12472792193499475,89.0136303856146,27.58620689655173,30.0,DIRECT_TEST
https://city2city.ru/volgograd-kursk.html,Волгоград,Курск,3,24200,#11,26,1,25,3630.0,33.81137867216615,0.007336936584411456,90.95938090848091,10.34482758620689,45.0,DIRECT_LOW
https://city2city.ru/smolensk-ryazan.html,Смоленск,Рязань,5,17700,#1,25,0,25,4425.0,33.798139064246655,0.01222822764068576,88.14095397966898,13.793103448275872,45.0,DIRECT_LOW
https://city2city.ru/kostroma-rostov-velikij.html,Кострома,Ростов,5,42500,#3,25,0,25,10625.0,33.77135910470261,0.01222822764068576,96.03383414149278,13.793103448275872,35.0,DIRECT_LOW
https://city2city.ru/krasnoyarsk-novokuzneczk.html,Красноярск,Новокузнецк,20,22200,#5,20,2,18,22200.0,33.769544552048366,0.04891291056274304,90.18211392650907,31.034482758620683,25.0,DIRECT_TEST
https://city2city.ru/penza-chelyabinsk.html,Пенза,Челябинск,10,36900,#2,26,1,25,18450.0,33.7676916137279,0.02445645528137152,94.76066534855217,10.34482758620689,40.0,DIRECT_TEST
https://city2city.ru/ufa-krasnoufimsk.html,Уфа,Красноуфимск,1,10800,#2,22,2,20,540.0,33.75084953663212,0.002445645528137152,83.68962941520289,24.13793103448276,40.0,DIRECT_LOW
https://city2city.ru/tula-sankt-peterburg.html,Тула,Санкт-Петербург,3,26700,#2,25,1,24,4005.0,33.722497521374635,0.007336936584411456,91.84523561565967,13.793103448275872,40.0,DIRECT_LOW
https://city2city.ru/krasnoyarsk-dudinka.html,Красноярск,Дудинка,1,58500,#25,16,1,15,2925.0,33.69462989973383,0.002445645528137152,98.9130267296787,44.827586206896555,0.0,DIRECT_LOW
https://city2city.ru/orenburg-belebej.html,Оренбург,Белебей,6,12000,#3,21,2,19,3600.0,33.68211724827009,0.014673873168822913,84.63896005340261,27.58620689655173,35.0,DIRECT_LOW
https://city2city.ru/penza-cheboksary.html,Пенза,Чебоксары,23,14100,#2,23,0,23,16215.0,33.680631358761865,0.05624984714715449,86.09205151111041,20.689655172413794,40.0,DIRECT_TEST
https://city2city.ru/vologda-velikiy-ustyug.html,Вологда,Великий Устюг,35,13500,#4,20,0,20,23625.0,33.66191352241032,0.08559759348480032,85.70023125186603,31.034482758620683,30.0,DIRECT_TEST
https://city2city.ru/ulyanovsk-ekaterinburg.html,Ульяновск,Екатеринбург,20,30400,#11,27,1,26,30400.0,33.650091458950016,0.04891291056274304,93.01464638170187,6.896551724137936,45.0,DIRECT_TEST
https://city2city.ru/lipeczk-samara.html,Липецк,Самара,2,22500,#11,26,0,26,2250.0,33.646443639999326,0.004891291056274304,90.30306468355302,10.34482758620689,45.0,DIRECT_LOW
https://city2city.ru/stavropol-samara.html,Ставрополь,Самара,2,40200,#13,25,0,25,4020.0,33.64345639593874,0.004891291056274304,95.53249501765549,13.793103448275872,35.0,DIRECT_LOW
https://city2city.ru/tyumen-magnitogorsk.html,Тюмень,Магнитогорск,7,21600,#3,23,1,22,7560.0,33.62773044715597,0.017119518696960063,89.93523032451711,20.689655172413794,35.0,DIRECT_LOW
https://city2city.ru/voronezh-kostroma.html,Воронеж,Кострома,5,25500,#12,25,0,25,6375.0,33.62061933838819,0.01222822764068576,91.4308750762351,13.793103448275872,40.0,DIRECT_LOW
https://city2city.ru/nizhnij-novgorod-chelyabinsk.html,Нижний Новгород,Челябинск,1,40500,#1,28,1,27,2025.0,33.59038381999492,0.002445645528137152,95.59949068658511,3.448275862068968,45.0,DIRECT_LOW
https://city2city.ru/novosibirsk-uyar.html,Новосибирск,Уяр,6,31500,#6,20,1,19,9450.0,33.54576615508059,0.014673873168822913,93.33493499098947,31.034482758620683,20.0,DIRECT_LOW
https://city2city.ru/sankt-peterburg-kazan.html,Санкт-Петербург,Казань,4,45300,#12,27,1,26,9060.0,33.534923201681195,0.009782582112548607,96.60875581245685,6.896551724137936,40.0,DIRECT_LOW
https://city2city.ru/novosibirsk-irkutsk.html,Новосибирск,Иркутск,33,55000,#8,19,2,17,90750.0,33.51407634409763,0.08070630242852601,98.35710965643888,34.48275862068965,10.0,DIRECT_TEST
https://city2city.ru/orenburg-perm.html,Оренбург,Пермь,14,27600,#3,24,1,23,19320.0,33.4962501357456,0.034239037393920126,92.14396244235505,17.241379310344826,35.0,DIRECT_TEST
https://city2city.ru/ust-kut-irkutsk.html,Усть-Кут,Иркутск,18,29100,#8,17,1,16,26190.0,33.44647829262922,0.04402161950646873,92.62083462734574,41.379310344827594,10.0,DIRECT_TEST
https://city2city.ru/kirov-izhevsk.html,Киров,Ижевск,4,12800,#2,23,2,21,2560.0,33.44647397468421,0.009782582112548607,85.22047614584822,20.689655172413794,40.0,DIRECT_LOW
https://city2city.ru/smolensk-belgorod.html,Смоленск,Белгород,8,19800,#11,26,0,26,7920.0,33.36361334759295,0.019565164225097215,89.15120009149116,10.34482758620689,45.0,DIRECT_TEST
https://city2city.ru/rostov-izhevsk.html,Ростов-на-Дону,Ижевск,1,54900,#4,25,1,24,2745.0,33.3446544719726,0.002445645528137152,98.34071122553034,13.793103448275872,30.0,DIRECT_LOW
https://city2city.ru/tula-voronezh.html,Тула,Воронеж,22,10400,#11,24,1,23,11440.0,33.30450224778714,0.05380420161901734,83.34957966060608,17.241379310344826,45.0,DIRECT_TEST
https://city2city.ru/krasnodar-staryj-oskol.html,Краснодар,Старый Оскол,3,27900,#6,20,1,19,4185.0,33.269808772075535,0.007336936584411456,92.24137717018742,31.034482758620683,20.0,DIRECT_LOW
https://city2city.ru/orenburg-penza.html,Оренбург,Пенза,1,25000,#3,24,1,23,1250.0,33.26224151372364,0.002445645528137152,91.25243870287932,17.241379310344826,35.0,DIRECT_LOW
https://city2city.ru/svo-taxi-ekaterinburg-lugansk.html,Екатеринбург,Луганск,1,65000,#30,17,1,16,3250.0,33.24232439322684,0.002445645528137152,99.86242539330588,41.379310344827594,0.0,DIRECT_LOW
https://city2city.ru/kirov-doneczk-rostovskaya-oblast.html,Киров,Донецк,13,50500,#16,22,1,21,32825.0,33.23569843955737,0.03179339186578297,97.58793818203117,24.13793103448276,20.0,DIRECT_TEST
https://city2city.ru/lipeczk-ivanovo.html,Липецк,Иваново,1,18300,#11,26,0,26,915.0,33.18015526354305,0.002445645528137152,88.4413350814673,10.34482758620689,45.0,DIRECT_LOW
https://city2city.ru/novosibirsk-sharypovo.html,Новосибирск,Шарыпово,1,17000,#15,20,1,19,850.0,33.152093880499194,0.002445645528137152,87.77736541136085,31.034482758620683,25.0,DIRECT_LOW
https://city2city.ru/volgograd-belgorod.html,Волгоград,Белгород,10,24400,#11,27,1,26,12200.0,33.14625602951029,0.02445645528137152,91.0335437013369,6.896551724137936,45.0,DIRECT_TEST
https://city2city.ru/samara-belebej.html,Самара,Белебей,4,10800,#4,20,1,19,2160.0,33.13272780926425,0.009782582112548607,83.68962941520289,31.034482758620683,30.0,DIRECT_LOW
https://city2city.ru/xabarovsk-artyom.html,Хабаровск,Артём,3,22000,#7,18,2,16,3300.0,33.11391698686571,0.007336936584411456,90.10056865003776,37.93103448275862,15.0,DIRECT_LOW
https://city2city.ru/sankt-peterburg-tula.html,Санкт-Петербург,Тула,3,26700,#2,26,0,26,4005.0,33.03284234896084,0.007336936584411456,91.84523561565967,10.34482758620689,40.0,DIRECT_LOW
https://city2city.ru/ufa-gaj.html,Уфа,Гай,13,18300,#6,19,0,19,11895.0,33.01801318165778,0.03179339186578297,88.4413350814673,34.48275862068965,20.0,DIRECT_TEST
https://city2city.ru/voronezh-tuapse.html,Воронеж,Туапсе,2,29800,#13,25,0,25,2980.0,32.96908843154277,0.004891291056274304,92.83502316007163,13.793103448275872,35.0,DIRECT_LOW
https://city2city.ru/kurgan-perm.html,Курган,Пермь,6,21900,#3,24,1,23,6570.0,32.96829111896239,0.014673873168822913,90.05951760513736,17.241379310344826,35.0,DIRECT_LOW
https://city2city.ru/tambov-valujki.html,Тамбов,Валуйки,1,13500,#4,21,1,20,675.0,32.9431551682117,0.002445645528137152,85.70023125186603,27.58620689655173,30.0,DIRECT_LOW
https://city2city.ru/ufa-sankt-peterburg.html,Уфа,Санкт-Петербург,10,61200,#4,26,0,26,30600.0,32.90742644059938,0.02445645528137152,99.3196046560381,10.34482758620689,30.0,DIRECT_TEST
https://city2city.ru/tver-sankt-peterburg.html,Тверь,Санкт-Петербург,16,16000,#11,26,1,25,12800.0,32.89043714527104,0.03913032845019443,87.23110405228836,10.34482758620689,45.0,DIRECT_TEST
https://city2city.ru/ryazan-kursk.html,Рязань,Курск,15,15900,#11,26,1,25,11925.0,32.8754580284745,0.03668468292205728,87.17461148884162,10.34482758620689,45.0,DIRECT_TEST
https://city2city.ru/smolensk-samara.html,Смоленск,Самара,4,44500,#14,25,0,25,8900.0,32.87409485173522,0.009782582112548607,96.44820103336261,13.793103448275872,30.0,DIRECT_LOW
https://city2city.ru/pskov-belgorod.html,Псков,Белгород,2,33800,#12,27,0,27,3380.0,32.873511556186926,0.004891291056274304,93.9699570379586,6.896551724137936,40.0,DIRECT_LOW
https://city2city.ru/lipeczk-sochi.html,Липецк,Сочи,2,37500,#3,26,0,26,3750.0,32.79717869494317,0.004891291056274304,94.9060049033284,10.34482758620689,35.0,DIRECT_LOW
https://city2city.ru/omsk-barnaul.html,Омск,Барнаул,6,26200,#5,22,1,21,7860.0,32.75144577297009,0.014673873168822913,91.67489484185779,24.13793103448276,25.0,DIRECT_LOW
https://city2city.ru/moskva-essentuki.html,Москва,Ессентуки,4,47700,#15,24,1,23,9540.0,32.72018428733729,0.009782582112548607,97.07393808611575,17.241379310344826,25.0,DIRECT_LOW
https://city2city.ru/xanty-mansijsk-uraj.html,Ханты-Мансийск,Урай,31,12900,#7,17,1,16,19995.0,32.625046405225106,0.0758150113722517,85.29059632911718,41.379310344827594,15.0,DIRECT_TEST
https://city2city.ru/kirov-ulyanovsk.html,Киров,Ульяновск,19,18600,#3,24,1,23,17670.0,32.61150248176915,0.04646726503460589,88.5878523077523,17.241379310344826,35.0,DIRECT_TEST
https://city2city.ru/ryazan-pskov.html,Рязань,Псков,4,30000,#12,27,1,26,6000.0,32.60655831870554,0.009782582112548607,92.89529628055423,6.896551724137936,40.0,DIRECT_LOW
https://city2city.ru/tomsk-abakan.html,Томск,Абакан,10,23700,#7,19,0,19,11850.0,32.59792617659798,0.02445645528137152,90.77125877244629,34.48275862068965,15.0,DIRECT_TEST
https://city2city.ru/syktyvkar-kotlas.html,Сыктывкар,Котлас,4,11100,#4,21,3,18,2220.0,32.504790718947305,0.009782582112548607,83.93650174359026,27.58620689655173,30.0,DIRECT_LOW
https://city2city.ru/saratov-stavropol.html,Саратов,Ставрополь,1,28000,#2,27,1,26,1400.0,32.44857035079048,0.002445645528137152,92.2736161201122,6.896551724137936,40.0,DIRECT_LOW
https://city2city.ru/penza-rostov-na-donu.html,Пенза,Ростов-на-Дону,1,27900,#2,27,0,27,1395.0,32.440510613309286,0.002445645528137152,92.24137717018742,6.896551724137936,40.0,DIRECT_LOW
https://city2city.ru/saratov-kirov.html,Саратов,Киров,2,32000,#13,26,0,26,3200.0,32.43988760148676,0.004891291056274304,93.47684052950275,10.34482758620689,35.0,DIRECT_LOW
https://city2city.ru/sankt-peterburg-kursk.html,Санкт-Петербург,Курск,21,37000,#12,28,1,27,38850.0,32.4038936624483,0.05135855609088019,94.78505198161078,3.448275862068968,40.0,DIRECT_TEST
https://city2city.ru/samara-saransk.html,Самара,Саранск,2,14400,#4,22,1,21,1440.0,32.39973629833452,0.004891291056274304,86.28175255827307,24.13793103448276,30.0,DIRECT_LOW
https://city2city.ru/samara-lipeczk.html,Самара,Липецк,2,25800,#4,24,0,24,2580.0,32.334054099657635,0.004891291056274304,91.53626514287592,17.241379310344826,30.0,DIRECT_LOW
https://city2city.ru/orenburg-buguruslan.html,Оренбург,Бугуруслан,216,10800,#15,20,2,18,116640.0,32.314194707452025,0.5282594340776248,83.68962941520289,31.034482758620683,25.0,SEO_GOLD_DIRECT
https://city2city.ru/samara-sankt-peterburg.html,Самара,Санкт-Петербург,10,53700,#15,25,0,25,26850.0,32.30257206708774,0.02445645528137152,98.14156647233635,13.793103448275872,25.0,DIRECT_TEST
https://city2city.ru/sankt-peterburg-nizhnij-novgorod.html,Санкт-Петербург,Нижний Новгород,18,34200,#12,28,1,27,30780.0,32.22405475809663,0.04402161950646873,94.0759680754223,3.448275862068968,40.0,DIRECT_TEST
https://city2city.ru/moskva-murmansk.html,Москва,Мурманск,23,57400,#8,21,1,20,66010.0,32.22242305875035,0.05624984714715449,98.74197693175402,27.58620689655173,10.0,DIRECT_TEST
https://city2city.ru/tambov-perm.html,Тамбов,Пермь,2,45200,#4,26,1,25,4520.0,32.217888022328616,0.004891291056274304,96.58884221287018,10.34482758620689,30.0,DIRECT_LOW
https://city2city.ru/vologda-kazan.html,Вологда,Казань,2,32100,#14,25,0,25,3210.0,32.13657149889483,0.004891291056274304,93.50495542947985,13.793103448275872,30.0,DIRECT_LOW
https://city2city.ru/moskva-sarapul.html,Москва,Сарапул,2,35700,#7,21,0,21,3570.0,32.13464304234653,0.004891291056274304,94.46275884466597,27.58620689655173,15.0,DIRECT_LOW
https://city2city.ru/krasnoyarsk-ust-ilimsk.html,Красноярск,Усть-Илимск,5,29000,#20,16,1,15,7250.0,32.1172512185122,0.01222822764068576,92.5898163898346,44.827586206896555,0.0,DIRECT_LOW
https://city2city.ru/ryazan-volgograd.html,Рязань,Волгоград,4,24000,#2,27,0,27,4800.0,32.10388491738327,0.009782582112548607,90.88460267526517,6.896551724137936,40.0,DIRECT_LOW
https://city2city.ru/tyumen-voronezh.html,Тюмень,Воронеж,1,64000,#17,23,1,22,3200.0,32.06946645922863,0.002445645528137152,99.7227177952441,20.689655172413794,15.0,DIRECT_LOW
https://city2city.ru/yaroslavl-voronezh.html,Ярославль,Воронеж,1,23600,#12,27,0,27,1180.0,32.063455927507434,0.002445645528137152,90.73315842697998,6.896551724137936,40.0,DIRECT_LOW
https://city2city.ru/ufa-kirov.html,Уфа,Киров,25,22500,#14,24,0,24,28125.0,32.04544143132842,0.0611411382034288,90.30306468355302,17.241379310344826,30.0,DIRECT_TEST
https://city2city.ru/pskov-kursk.html,Псков,Курск,6,29700,#4,25,0,25,8910.0,31.964940230339824,0.014673873168822913,92.80473474030225,13.793103448275872,30.0,DIRECT_LOW
https://city2city.ru/xanty-mansijsk-tyumen.html,Ханты-Мансийск,Тюмень,9,20500,#18,18,1,17,9225.0,31.9599748574214,0.022010809753234366,89.46425670982418,37.93103448275862,10.0,DIRECT_TEST
https://city2city.ru/voronezh-orenburg.html,Воронеж,Оренбург,4,39600,#4,26,0,26,7920.0,31.921637072972228,0.009782582112548607,95.39699060796583,10.34482758620689,30.0,DIRECT_LOW
https://city2city.ru/xabarovsk-naxodka.html,Хабаровск,Находка,4,26000,#10,16,2,14,5200.0,31.870402790198064,0.009782582112548607,91.60584658031745,44.827586206896555,0.0,DIRECT_LOW
https://city2city.ru/rostov-orenburg.html,Ростов-на-Дону,Оренбург,5,50100,#16,24,1,23,12525.0,31.83162583869547,0.01222822764068576,97.51628038780906,17.241379310344826,20.0,DIRECT_LOW
https://city2city.ru/kurgan-ekaterinburg.html,Курган,Екатеринбург,47,11000,#4,22,1,21,25850.0,31.83155711500114,0.11494533982244613,83.85496015666692,24.13793103448276,30.0,DIRECT_TEST
https://city2city.ru/krasnodar-ufa.html,Краснодар,Уфа,4,59100,#15,26,0,26,11820.0,31.823633410084984,0.009782582112548607,99.00497595641686,10.34482758620689,25.0,DIRECT_LOW
https://city2city.ru/ufa-ulyanovsk.html,Уфа,Ульяновск,26,17700,#3,25,1,24,23010.0,31.816114558878468,0.06358678373156594,88.14095397966898,13.793103448275872,35.0,DIRECT_TEST
https://city2city.ru/lipeczk-rostov-na-donu.html,Липецк,Ростов-на-Дону,2,21000,#2,27,0,27,2100.0,31.801370215247527,0.004891291056274304,89.68139167420098,6.896551724137936,40.0,DIRECT_LOW
https://city2city.ru/volgograd-kamensk-shaxtinskij.html,Волгоград,Каменск-Шахтинский,1,11000,#4,22,2,20,550.0,31.79218222199813,0.002445645528137152,83.85496015666692,24.13793103448276,30.0,DIRECT_LOW
https://city2city.ru/samara-ekaterinburg.html,Самара,Екатеринбург,14,27200,#4,25,0,25,19040.0,31.773708355871122,0.034239037393920126,92.0124160125123,13.793103448275872,30.0,DIRECT_TEST
https://city2city.ru/orenburg-yasnyj.html,Оренбург,Ясный,66,13500,#8,17,1,16,44550.0,31.757414293631996,0.16141260485705203,85.70023125186603,41.379310344827594,10.0,DIRECT_TEST
https://city2city.ru/ryazan-ulyanovsk.html,Рязань,Ульяновск,4,23100,#13,26,1,25,4620.0,31.707439960896096,0.009782582112548607,90.5402021596613,10.34482758620689,35.0,DIRECT_LOW
https://city2city.ru/ufa-bajmak.html,Уфа,Баймак,289,12300,#16,20,0,20,177735.0,31.669635927706338,0.7067915576316369,84.86144932324451,31.034482758620683,20.0,SEO_GOLD_DIRECT
https://city2city.ru/xanty-mansijsk-yugorsk.html,Ханты-Мансийск,Югорск,36,11400,#7,18,1,17,20520.0,31.66121968125011,0.08804323901293747,84.17679060417544,37.93103448275862,15.0,DIRECT_TEST
https://city2city.ru/nizhniy_novgorod-yoshkar-ola.html,Нижний Новгород,Йошкар-Ола,13,10500,#2,25,2,23,6825.0,31.628699047471027,0.03179339186578297,83.43580268265131,13.793103448275872,40.0,DIRECT_TEST
https://city2city.ru/stavropol-rostov-na-donu.html,Ставрополь,Ростов-на-Дону,12,10200,#12,25,2,23,6120.0,31.562546988045714,0.029347746337645825,83.17461834868945,13.793103448275872,40.0,DIRECT_TEST
https://city2city.ru/ufa-kurgan.html,Уфа,Курган,5,20800,#5,23,0,23,5200.0,31.54100204585368,0.01222822764068576,89.59516452678673,20.689655172413794,25.0,DIRECT_LOW
https://city2city.ru/svo-taxi-samara-rubezhnoe.html,Самара,Рубежное,7,41000,#29,18,1,17,14350.0,31.51971247705145,0.017119518696960063,95.71005499582314,37.93103448275862,0.0,DIRECT_LOW
https://city2city.ru/syktyvkar-veliky_ustug.html,Сыктывкар,Великий Устюг,1,12000,#24,14,3,11,600.0,31.505423575492397,0.002445645528137152,84.63896005340261,51.724137931034484,0.0,DIRECT_LOW
https://city2city.ru/ryazan-rostov-na-donu.html,Рязань,Ростов-на-Дону,1,28500,#13,27,1,26,1425.0,31.48844210094918,0.002445645528137152,92.43310312074698,6.896551724137936,35.0,DIRECT_LOW
https://city2city.ru/novosibirsk-minusinsk.html,Новосибирск,Минусинск,7,30500,#8,20,2,18,10675.0,31.473948017657797,0.017119518696960063,93.04423853755888,31.034482758620683,10.0,DIRECT_LOW
https://city2city.ru/stavropol-saratov.html,Ставрополь,Саратов,1,28000,#3,27,1,26,1400.0,31.448570350790483,0.002445645528137152,92.2736161201122,6.896551724137936,35.0,DIRECT_LOW
https://city2city.ru/ryazan-smolensk.html,Рязань,Смоленск,5,17700,#12,27,1,26,4425.0,31.41882871941907,0.01222822764068576,88.14095397966898,6.896551724137936,40.0,DIRECT_LOW
https://city2city.ru/volgograd-sevastopol.html,Волгоград,Севастополь,11,35100,#15,25,0,25,19305.0,31.34554367657053,0.02690210080950867,94.31002900652811,13.793103448275872,25.0,DIRECT_TEST
https://city2city.ru/orenburg-moskva.html,Оренбург,Москва,136,45200,#15,26,2,24,307360.0,31.332588797598248,0.3326077918266526,96.58884221287018,10.34482758620689,25.0,DIRECT_TEST
https://city2city.ru/oryol-vladimir.html,Орёл,Владимир,6,16500,#4,24,1,23,4950.0,31.330505082221073,0.014673873168822913,87.50837345817209,17.241379310344826,30.0,DIRECT_LOW
https://city2city.ru/ufa-chebarkul.html,Уфа,Чебаркуль,7,10500,#3,24,1,23,3675.0,31.31321836427573,0.017119518696960063,83.43580268265131,17.241379310344826,35.0,DIRECT_LOW
https://city2city.ru/sankt-peterburg-samara.html,Санкт-Петербург,Самара,10,53700,#16,25,0,25,26850.0,31.30257206708774,0.02445645528137152,98.14156647233635,13.793103448275872,20.0,DIRECT_TEST
https://city2city.ru/orenburg-sibaj.html,Оренбург,Сибай,28,10000,#5,21,2,19,14000.0,31.290256849275455,0.06847807478784025,82.99619257515747,27.58620689655173,25.0,DIRECT_TEST
https://city2city.ru/nizhnij-novgorod-rossosh.html,Нижний Новгород,Россошь,5,28500,#6,23,1,22,7125.0,31.250486694343742,0.01222822764068576,92.43310312074698,20.689655172413794,20.0,DIRECT_LOW
https://city2city.ru/orenburg-voronezh.html,Оренбург,Воронеж,4,39600,#4,27,1,26,7920.0,31.231981900558438,0.009782582112548607,95.39699060796583,6.896551724137936,30.0,DIRECT_LOW
https://city2city.ru/vologda-sosnovka.html,Вологда,Сосновка,2,26500,#22,17,1,16,2650.0,31.221945325166647,0.004891291056274304,91.77748521732573,41.379310344827594,0.0,DIRECT_LOW
https://city2city.ru/samara-voronezh.html,Самара,Воронеж,21,27900,#16,23,0,23,29295.0,31.216250821661422,0.05135855609088019,92.24137717018742,20.689655172413794,20.0,DIRECT_TEST
https://city2city.ru/rostov-tula.html,Ростов-на-Дону,Тула,11,27600,#16,23,0,23,15180.0,31.183337380354846,0.02690210080950867,92.14396244235505,20.689655172413794,20.0,DIRECT_TEST
https://city2city.ru/voronezh-smolensk.html,Воронеж,Смоленск,9,20800,#14,25,1,24,9360.0,31.16511560476549,0.022010809753234366,89.59516452678673,13.793103448275872,30.0,DIRECT_TEST
https://city2city.ru/krasnoyarsk-chita.html,Красноярск,Чита,6,64000,#21,20,1,19,19200.0,31.142711856144246,0.014673873168822913,99.7227177952441,31.034482758620683,0.0,DIRECT_LOW
https://city2city.ru/smolensk-oryol.html,Смоленск,Орёл,24,11400,#2,26,0,26,13680.0,31.133706590721587,0.05869549267529165,84.17679060417544,10.34482758620689,40.0,DIRECT_TEST
https://city2city.ru/kurgan-troiczk.html,Курган,Троицк,1,62500,#27,20,1,19,3125.0,31.08500482725568,0.002445645528137152,99.50900919838679,31.034482758620683,0.0,DIRECT_LOW
https://city2city.ru/pskov-lipeczk.html,Псков,Липецк,5,35700,#6,24,0,24,8925.0,31.068245452909697,0.01222822764068576,94.46275884466597,17.241379310344826,20.0,DIRECT_LOW
https://city2city.ru/orenburg-ulyanovsk.html,Оренбург,Ульяновск,10,19500,#4,25,1,24,9750.0,31.020588045407305,0.02445645528137152,89.0136303856146,13.793103448275872,30.0,DIRECT_TEST
https://city2city.ru/ufa-stavropol.html,Уфа,Ставрополь,3,54500,#7,24,1,23,8175.0,31.019548150732653,0.007336936584411456,98.27481744343658,17.241379310344826,15.0,DIRECT_LOW
https://city2city.ru/orenburg-volgograd.html,Оренбург,Волгоград,5,35800,#4,27,1,26,8950.0,31.005581231545982,0.01222822764068576,94.48796402817662,6.896551724137936,30.0,DIRECT_LOW
https://city2city.ru/krasnoyarsk-zima.html,Красноярск,Зима,1,24000,#20,17,1,16,1200.0,30.99786871371666,0.002445645528137152,90.88460267526517,41.379310344827594,0.0,DIRECT_LOW
https://city2city.ru/voronezh-ekaterinburg.html,Воронеж,Екатеринбург,11,53700,#7,24,1,23,29535.0,30.99308321543638,0.02690210080950867,98.14156647233635,17.241379310344826,15.0,DIRECT_TEST
https://city2city.ru/tambov-sankt-peterburg.html,Тамбов,Санкт-Петербург,6,35100,#4,27,0,27,10530.0,30.961953452068702,0.014673873168822913,94.31002900652811,6.896551724137936,30.0,DIRECT_LOW
https://city2city.ru/vladimir-kazan.html,Владимир,Казань,11,18600,#4,25,0,25,10230.0,30.914999501876576,0.02690210080950867,88.5878523077523,13.793103448275872,30.0,DIRECT_TEST
https://city2city.ru/ufa-rostov-na-donu.html,Уфа,Ростов-на-Дону,14,53100,#15,27,1,26,37170.0,30.90137375707833,0.034239037393920126,98.04031899665148,6.896551724137936,25.0,DIRECT_TEST
https://city2city.ru/krasnoyarsk-sayanogorsk.html,Красноярск,Саяногорск,1,14700,#9,17,3,14,735.0,30.893603603005516,0.002445645528137152,86.4675422324206,41.379310344827594,5.0,DIRECT_LOW
https://city2city.ru/samara-rostov-na-donu.html,Самара,Ростов-на-Дону,34,37500,#7,23,1,22,63750.0,30.89353544209969,0.08315194795666316,94.9060049033284,20.689655172413794,15.0,DIRECT_TEST
https://city2city.ru/tver-belgorod.html,Тверь,Белгород,12,25000,#4,26,1,25,15000.0,30.892346904179384,0.029347746337645825,91.25243870287932,10.34482758620689,30.0,DIRECT_TEST
https://city2city.ru/krasnodar-kazan.html,Краснодар,Казань,3,51200,#7,24,0,24,7680.0,30.87883986468969,0.007336936584411456,97.71198429926473,17.241379310344826,15.0,DIRECT_LOW
https://city2city.ru/tyumen-kazan.html,Тюмень,Казань,5,36800,#7,23,1,22,9200.0,30.82626404893189,0.01222822764068576,94.73621253909957,20.689655172413794,15.0,DIRECT_LOW
https://city2city.ru/rostov-groznyj.html,Ростов-на-Дону,Грозный,9,23400,#16,23,1,22,10530.0,30.809752573086353,0.022010809753234366,90.65647102075985,20.689655172413794,20.0,DIRECT_TEST
https://city2city.ru/moskva-syktyvkar.html,Москва,Сыктывкар,31,40200,#8,22,1,21,62310.0,30.737245215290713,0.0758150113722517,95.53249501765549,24.13793103448276,10.0,DIRECT_TEST
https://city2city.ru/smolensk-moskva.html,Смоленск,Москва,144,12000,#12,27,2,25,86400.0,30.662310892796352,0.35217295605174986,84.63896005340261,6.896551724137936,40.0,DIRECT_TEST
https://city2city.ru/samara-volgograd.html,Самара,Волгоград,37,24200,#7,22,0,22,44770.0,30.599102543606154,0.09048888454107462,90.95938090848091,24.13793103448276,15.0,DIRECT_TEST
https://city2city.ru/voronezh-samara.html,Воронеж,Самара,21,28000,#6,24,0,24,29400.0,30.534655386728822,0.05135855609088019,92.2736161201122,17.241379310344826,20.0,DIRECT_TEST
https://city2city.ru/sankt-peterburg-ufa.html,Санкт-Петербург,Уфа,10,60800,#5,28,1,27,30400.0,30.51334399110133,0.02445645528137152,99.26051623735623,3.448275862068968,25.0,DIRECT_TEST
https://city2city.ru/nizhnij-novgorod-rostov-velikij.html,Нижний Новгород,Ростов,18,38500,#4,28,1,27,34650.0,30.49084937426956,0.04402161950646873,95.143146540114,3.448275862068968,30.0,DIRECT_TEST
https://city2city.ru/vladimir-vologda.html,Владимир,Вологда,1,13000,#5,23,0,23,650.0,30.47883078046697,0.002445645528137152,85.36017508019746,20.689655172413794,25.0,DIRECT_LOW
https://city2city.ru/novosibirsk-kalachinsk.html,Новосибирск,Калачинск,2,17000,#7,21,1,20,1700.0,30.46329468402025,0.004891291056274304,87.77736541136085,27.58620689655173,15.0,DIRECT_LOW
https://city2city.ru/ufa-doneczk-rostovskaya-oblast.html,Уфа,Донецк,47,56700,#7,25,1,24,133245.0,30.456704520418096,0.11494533982244613,98.63141184730026,13.793103448275872,15.0,DIRECT_TEST
https://city2city.ru/samara-kirov.html,Самара,Киров,56,23100,#5,25,1,24,64680.0,30.44160588192199,0.1369561495756805,90.5402021596613,13.793103448275872,25.0,DIRECT_TEST
https://city2city.ru/rostov-murom.html,Ростов-на-Дону,Муром,1,34000,#29,19,0,19,1700.0,30.40318731296999,0.002445645528137152,94.02311845158884,34.48275862068965,0.0,DIRECT_LOW
https://city2city.ru/ulyanovsk-ryazan.html,Ульяновск,Рязань,4,23000,#15,25,0,25,4600.0,30.387322115421092,0.009782582112548607,90.5011100881061,13.793103448275872,25.0,DIRECT_LOW
https://city2city.ru/krasnoyarsk-novosibirsk.html,Красноярск,Новосибирск,114,23400,#10,18,1,17,133380.0,30.34790590831436,0.27880359020763534,90.65647102075985,37.93103448275862,0.0,DIRECT_TEST
https://city2city.ru/volgograd-uryupinsk.html,Волгоград,Урюпинск,369,10200,#5,23,1,22,188190.0,30.247440741614035,0.902443199882609,83.17461834868945,20.689655172413794,25.0,SEO_GOLD_DIRECT
https://city2city.ru/ulyanovsk-saratov.html,Ульяновск,Саратов,5,13800,#4,25,1,24,3450.0,30.2374682825416,0.01222822764068576,85.89827085284874,13.793103448275872,30.0,DIRECT_LOW
https://city2city.ru/krasnoyarsk-omsk.html,Красноярск,Омск,12,42500,#28,20,1,19,25500.0,30.22562679831551,0.029347746337645825,96.03383414149278,31.034482758620683,0.0,DIRECT_TEST
https://city2city.ru/moskva-belebej.html,Москва,Белебей,3,37000,#9,21,0,21,5550.0,30.216072302517585,0.007336936584411456,94.78505198161078,27.58620689655173,5.0,DIRECT_LOW
https://city2city.ru/ufa-cheboksary.html,Уфа,Чебоксары,7,21000,#5,25,0,25,7350.0,30.184960439749357,0.017119518696960063,89.68139167420098,13.793103448275872,25.0,DIRECT_LOW
https://city2city.ru/penza-ufa.html,Пенза,Уфа,3,24800,#4,27,1,26,3720.0,30.17689400087137,0.007336936584411456,91.18006291295696,6.896551724137936,30.0,DIRECT_LOW
https://city2city.ru/syktyvkar-kirov.html,Сыктывкар,Киров,131,12400,#6,22,3,19,81220.0,30.173321099584445,0.3203795641859669,84.93440818089123,24.13793103448276,20.0,DIRECT_TEST
https://city2city.ru/vologda-arhangelsk.html,Вологда,Архангельск,2,23000,#18,21,0,21,2300.0,30.144230853206565,0.004891291056274304,90.5011100881061,27.58620689655173,10.0,DIRECT_LOW
https://city2city.ru/smolensk-arxangelsk.html,Смоленск,Архангельск,2,50100,#7,25,1,24,5010.0,30.139402738477134,0.004891291056274304,97.51628038780906,13.793103448275872,15.0,DIRECT_LOW
https://city2city.ru/krasnoyarsk-enisejsk.html,Красноярск,Енисейск,476,10000,#10,16,2,14,238000.0,30.122009930156324,1.1641272713932842,82.99619257515747,44.827586206896555,0.0,SEO_GOLD_DIRECT
https://city2city.ru/krasnoyarsk-bijsk.html,Красноярск,Бийск,2,29500,#24,19,1,18,2950.0,30.084226365910418,0.004891291056274304,92.74385075961116,34.48275862068965,0.0,DIRECT_LOW
https://city2city.ru/kursk-sankt-peterburg.html,Курск,Санкт-Петербург,21,36800,#5,27,0,27,38640.0,30.08133897423429,0.05135855609088019,94.73621253909957,6.896551724137936,25.0,DIRECT_TEST
https://city2city.ru/ufa-buguruslan.html,Уфа,Бугуруслан,7,10800,#5,23,1,22,3780.0,30.066330219827417,0.017119518696960063,83.68962941520289,20.689655172413794,25.0,DIRECT_LOW
https://city2city.ru/voronezh-rostov-velikij.html,Воронеж,Ростов,36,17000,#14,26,1,25,30600.0,30.044122003736117,0.08804323901293747,87.77736541136085,10.34482758620689,30.0,DIRECT_TEST
https://city2city.ru/vladimir-oryol.html,Владимир,Орёл,6,16500,#6,23,0,23,4950.0,30.020160254634867,0.014673873168822913,87.50837345817209,20.689655172413794,20.0,DIRECT_LOW
https://city2city.ru/perm-tambov.html,Пермь,Тамбов,2,45200,#9,22,0,22,4520.0,29.97650871198379,0.004891291056274304,96.58884221287018,24.13793103448276,5.0,DIRECT_LOW
https://city2city.ru/ufa-kuvandyk.html,Уфа,Кувандык,14,15600,#8,20,0,20,10920.0,29.969624517536168,0.034239037393920126,87.00297721089665,31.034482758620683,10.0,DIRECT_TEST
https://city2city.ru/syktyvkar-ekaterinburg.html,Сыктывкар,Екатеринбург,2,33000,#19,21,1,20,3300.0,29.957482948139198,0.004891291056274304,93.75411846783663,27.58620689655173,5.0,DIRECT_LOW
https://city2city.ru/penza-orenburg.html,Пенза,Оренбург,1,24900,#7,23,1,22,1245.0,29.94286787833035,0.002445645528137152,91.21632347165098,20.689655172413794,15.0,DIRECT_LOW
https://city2city.ru/krasnoyarsk-tulun.html,Красноярск,Тулун,6,20000,#25,18,2,16,6000.0,29.90178278087334,0.014673873168822913,89.24176011485012,37.93103448275862,0.0,DIRECT_LOW
https://city2city.ru/perm-ekaterinburg.html,Пермь,Екатеринбург,129,10800,#16,22,2,20,69660.0,29.860414456292666,0.3154882731296926,83.68962941520289,24.13793103448276,20.0,DIRECT_TEST
https://city2city.ru/saratov-staryj-oskol.html,Саратов,Старый Оскол,8,19500,#24,18,1,17,7800.0,29.846462300434162,0.019565164225097215,89.0136303856146,37.93103448275862,0.0,DIRECT_TEST
https://city2city.ru/novosibirsk-alyaysk.html,Новосибирск,Алейск,9,10800,#8,19,0,19,4860.0,29.826662861352283,0.022010809753234366,83.68962941520289,34.48275862068965,10.0,DIRECT_TEST
https://city2city.ru/saratov-orenburg.html,Саратов,Оренбург,20,24000,#5,26,1,25,24000.0,29.80723570475463,0.04891291056274304,90.88460267526517,10.34482758620689,25.0,DIRECT_TEST
https://city2city.ru/syktyvkar-samara.html,Сыктывкар,Самара,3,35000,#28,20,1,19,5250.0,29.78054459256702,0.007336936584411456,94.28432045215334,31.034482758620683,0.0,DIRECT_LOW
https://city2city.ru/samara-sibaj.html,Самара,Сибай,10,22200,#9,20,0,20,11100.0,29.760984792699887,0.02445645528137152,90.18211392650907,31.034482758620683,5.0,DIRECT_TEST
https://city2city.ru/orenburg-chelyabinsk.html,Оренбург,Челябинск,40,22500,#7,23,1,22,45000.0,29.747936242764933,0.09782582112548607,90.30306468355302,20.689655172413794,15.0,DIRECT_TEST
https://city2city.ru/stavropol-anapa.html,Ставрополь,Анапа,21,14200,#16,23,1,22,14910.0,29.69483901819388,0.05135855609088019,86.15572995631724,20.689655172413794,20.0,DIRECT_TEST
https://city2city.ru/stavropol-sochi.html,Ставрополь,Сочи,13,14600,#14,26,1,25,9490.0,29.681602449849628,0.03179339186578297,86.4060369818209,10.34482758620689,30.0,DIRECT_TEST
https://city2city.ru/penza-samara.html,Пенза,Самара,36,12600,#13,27,1,26,22680.0,29.679769806302822,0.08804323901293747,85.07857731128283,6.896551724137936,35.0,DIRECT_TEST
https://city2city.ru/ufa-sol-ileczk.html,Уфа,Соль-Илецк,8,13500,#8,20,1,19,5400.0,29.638802172169427,0.019565164225097215,85.70023125186603,31.034482758620683,10.0,DIRECT_TEST
https://city2city.ru/orenburg-ekaterinburg.html,Оренбург,Екатеринбург,39,28800,#7,24,1,23,56160.0,29.613523361039118,0.09538017559734892,92.52745775004432,17.241379310344826,15.0,DIRECT_TEST
https://city2city.ru/sochi-kazan.html,Сочи,Казань,3,59500,#28,22,1,21,8925.0,29.59659370810881,0.007336936584411456,99.06575829363085,24.13793103448276,0.0,DIRECT_LOW
https://city2city.ru/tyumen-moskva.html,Тюмень,Москва,31,60300,#8,25,1,24,93465.0,29.581682604820354,0.0758150113722517,99.18610664473957,13.793103448275872,10.0,DIRECT_TEST
https://city2city.ru/saratov-ulyanovsk.html,Саратов,Ульяновск,5,14000,#14,26,0,26,3500.0,29.580225363660396,0.01222822764068576,86.02791986697912,10.34482758620689,30.0,DIRECT_LOW
https://city2city.ru/penza-kazan.html,Пенза,Казань,11,15900,#5,25,1,24,8745.0,29.561689297148906,0.02690210080950867,87.17461148884162,13.793103448275872,25.0,DIRECT_TEST
https://city2city.ru/volgograd-balashov.html,Волгоград,Балашов,1,22000,#25,19,1,18,1100.0,29.422549862582215,0.002445645528137152,90.10056865003776,34.48275862068965,0.0,DIRECT_LOW
https://city2city.ru/ufa-mednogorsk.html,Уфа,Медногорск,4,16200,#8,21,0,21,3240.0,29.35642469823664,0.009782582112548607,87.34303766074761,27.58620689655173,10.0,DIRECT_LOW
https://city2city.ru/vologda-moskva.html,Вологда,Москва,63,13800,#17,22,1,21,43470.0,29.35608040400416,0.15407566827264058,85.89827085284874,24.13793103448276,15.0,DIRECT_TEST
https://city2city.ru/vologda-sankt-peterburg.html,Вологда,Санкт-Петербург,9,19600,#15,26,1,25,8820.0,29.34159947765184,0.022010809753234366,89.05972070798732,10.34482758620689,25.0,DIRECT_TEST
https://city2city.ru/krasnodar-znamensk.html,Краснодар,Знаменск,1,25000,#9,21,0,21,1250.0,29.33120703096502,0.002445645528137152,91.25243870287932,27.58620689655173,5.0,DIRECT_LOW
https://city2city.ru/tomsk-gorno-altaysk.html,Томск,Горно-Алтайск,2,21000,#26,19,0,19,2100.0,29.318611594557872,0.004891291056274304,89.68139167420098,34.48275862068965,0.0,DIRECT_LOW
https://city2city.ru/vladimir-voronezh.html,Владимир,Воронеж,8,18800,#7,23,0,23,7520.0,29.315834708510007,0.019565164225097215,88.68422346619386,20.689655172413794,15.0,DIRECT_TEST
https://city2city.ru/tambov-belgorod.html,Тамбов,Белгород,15,14200,#5,25,1,24,10650.0,29.310392817757204,0.03668468292205728,86.15572995631724,13.793103448275872,25.0,DIRECT_TEST
https://city2city.ru/novosibirsk-krasnoyarsk.html,Новосибирск,Красноярск,114,23400,#9,21,2,19,133380.0,29.278940391072982,0.27880359020763534,90.65647102075985,27.58620689655173,5.0,DIRECT_TEST
https://city2city.ru/sankt-peterburg-kaluga.html,Санкт-Петербург,Калуга,5,25600,#5,27,0,27,6400.0,29.250125782320275,0.01222822764068576,91.46614223127379,6.896551724137936,25.0,DIRECT_LOW
https://city2city.ru/orenburg-ufa.html,Оренбург,Уфа,791,11100,#20,18,2,16,439005.0,29.247409296914057,1.934505612756487,83.93650174359026,37.93103448275862,0.0,SEO_GOLD_DIRECT
https://city2city.ru/ulyanovsk-kirov.html,Ульяновск,Киров,19,18600,#5,26,1,25,17670.0,29.232192136941563,0.04646726503460589,88.5878523077523,10.34482758620689,25.0,DIRECT_TEST
https://city2city.ru/moskva-ekaterinburg.html,Москва,Екатеринбург,115,49800,#18,25,0,25,286350.0,29.2225980702127,0.2812492357357725,97.46216059220002,13.793103448275872,10.0,DIRECT_TEST
https://city2city.ru/krasnoyarsk-abakan.html,Красноярск,Абакан,114,12300,#9,19,2,17,70110.0,29.209495311521728,0.27880359020763534,84.86144932324451,34.48275862068965,5.0,DIRECT_TEST
https://city2city.ru/krasnodar-saratov.html,Краснодар,Саратов,22,32700,#7,25,1,24,35970.0,29.195408974435296,0.05380420161901734,93.67182725685386,13.793103448275872,15.0,DIRECT_TEST
https://city2city.ru/volgograd-sankt-peterburg.html,Волгоград,Санкт-Петербург,9,50400,#18,25,0,25,22680.0,29.15884374423518,0.022010809753234366,97.5700770846655,13.793103448275872,10.0,DIRECT_TEST
https://city2city.ru/penza-tolyatti.html,Пенза,Тольятти,11,10500,#27,17,1,16,5775.0,29.144228474911674,0.02690210080950867,83.43580268265131,41.379310344827594,0.0,DIRECT_TEST
https://city2city.ru/saratov-tyumen.html,Саратов,Тюмень,2,50000,#18,25,1,24,5000.0,29.13490177831685,0.004891291056274304,97.49827654716792,13.793103448275872,10.0,DIRECT_LOW
https://city2city.ru/samara-izhevsk.html,Самара,Ижевск,37,16600,#7,23,0,23,30710.0,29.060306660047594,0.09048888454107462,87.56281806390184,20.689655172413794,15.0,DIRECT_TEST
https://city2city.ru/sankt-peterburg-moskva.html,Санкт-Петербург,Москва,449,21200,#23,20,1,19,475940.0,29.03293012875097,1.098094842133581,89.76680152912033,31.034482758620683,0.0,SEO_INVEST_DIRECT
https://city2city.ru/syktyvkar-izhevsk.html,Сыктывкар,Ижевск,2,25000,#22,20,1,19,2500.0,29.02171817931366,0.004891291056274304,91.25243870287932,31.034482758620683,0.0,DIRECT_LOW
https://city2city.ru/voronezh-ufa.html,Воронеж,Уфа,4,40000,#7,26,0,26,8000.0,28.944277647651617,0.009782582112548607,95.48755290668339,10.34482758620689,15.0,DIRECT_LOW
https://city2city.ru/perm-ulyanovsk.html,Пермь,Ульяновск,9,25600,#6,26,0,26,11520.0,28.943204858473457,0.022010809753234366,91.46614223127379,10.34482758620689,20.0,DIRECT_TEST
https://city2city.ru/voronezh-oryol.html,Воронеж,Орёл,12,10200,#16,23,0,23,6120.0,28.941857332873298,0.029347746337645825,83.17461834868945,20.689655172413794,20.0,DIRECT_TEST
https://city2city.ru/voronezh-vladimir.html,Воронеж,Владимир,8,18800,#6,25,1,24,7520.0,28.936524363682423,0.019565164225097215,88.68422346619386,13.793103448275872,20.0,DIRECT_TEST
https://city2city.ru/rostov-stavropol.html,Ростов-на-Дону,Ставрополь,12,10200,#14,26,2,24,6120.0,28.872891815631917,0.029347746337645825,83.17461834868945,10.34482758620689,30.0,DIRECT_TEST
https://city2city.ru/tambov-volgograd.html,Тамбов,Волгоград,5,15800,#5,26,0,26,3950.0,28.852686028306902,0.01222822764068576,87.11776252556514,10.34482758620689,25.0,DIRECT_LOW
https://city2city.ru/saratov-voronezh.html,Саратов,Воронеж,11,15400,#5,26,1,25,8470.0,28.80005896505265,0.02690210080950867,86.88671085011178,10.34482758620689,25.0,DIRECT_TEST
https://city2city.ru/kirov-syktyvkar.html,Киров,Сыктывкар,131,12400,#16,24,2,22,81220.0,28.794010754756858,0.3203795641859669,84.93440818089123,17.241379310344826,20.0,DIRECT_TEST
https://city2city.ru/krasnodar-zelenokumsk.html,Краснодар,Зеленокумск,1,14500,#9,20,0,20,725.0,28.793779787773246,0.002445645528137152,86.34410904045704,31.034482758620683,5.0,DIRECT_LOW
https://city2city.ru/voronezh-kazan.html,Воронеж,Казань,6,31500,#18,24,1,23,9450.0,28.787145465425418,0.014673873168822913,93.33493499098947,17.241379310344826,10.0,DIRECT_LOW
https://city2city.ru/rostov-ekaterinburg.html,Ростов-на-Дону,Екатеринбург,3,65700,#19,25,0,25,9855.0,28.7509255445371,0.007336936584411456,99.95894770830952,13.793103448275872,5.0,DIRECT_LOW
https://city2city.ru/samara-penza.html,Самара,Пенза,36,12600,#6,24,2,22,22680.0,28.7487353235442,0.08804323901293747,85.07857731128283,17.241379310344826,20.0,DIRECT_TEST
https://city2city.ru/svo-taxi-bryansk-lugansk.html,Брянск,Луганск,4,30000,#28,21,0,21,6000.0,28.744489353188296,0.009782582112548607,92.89529628055423,27.58620689655173,0.0,DIRECT_LOW
https://city2city.ru/syktyvkar-usinsk.html,Сыктывкар,Усинск,5,22000,#21,20,1,19,5500.0,28.736318593907818,0.01222822764068576,90.10056865003776,31.034482758620683,0.0,DIRECT_LOW
https://city2city.ru/saratov-belgorod.html,Саратов,Белгород,12,23200,#6,26,1,25,13920.0,28.72401857189564,0.029347746337645825,90.57912537374435,10.34482758620689,20.0,DIRECT_TEST
https://city2city.ru/ulyanovsk-nizhnekamsk.html,Ульяновск,Нижнекамск,4,10600,#7,22,3,19,2120.0,28.71131223314426,0.009782582112548607,83.52120849003326,24.13793103448276,15.0,DIRECT_LOW
https://city2city.ru/ufa-buzuluk.html,Уфа,Бузулук,9,14100,#7,23,1,22,6345.0,28.668647695673993,0.022010809753234366,86.09205151111041,20.689655172413794,15.0,DIRECT_TEST
https://city2city.ru/svo-taxi-samara-lugansk.html,Самара,Луганск,60,37500,#24,22,1,21,112500.0,28.60544598881953,0.14673873168822912,94.9060049033284,24.13793103448276,0.0,DIRECT_TEST
https://city2city.ru/svo-taxi-ufa-lugansk.html,Уфа,Луганск,10,51500,#10,23,1,22,25750.0,28.587647943764864,0.02445645528137152,97.76462859973451,20.689655172413794,0.0,DIRECT_TEST
https://city2city.ru/vologda-belgorod.html,Вологда,Белгород,12,34000,#17,26,0,26,20400.0,28.585016841356765,0.029347746337645825,94.02311845158884,10.34482758620689,15.0,DIRECT_TEST
https://city2city.ru/voronezh-chelyabinsk.html,Воронеж,Челябинск,12,52200,#8,26,0,26,31320.0,28.550807800035088,0.029347746337645825,97.88628228630213,10.34482758620689,10.0,DIRECT_TEST
https://city2city.ru/sankt-peterburg-tver.html,Санкт-Петербург,Тверь,16,16200,#4,28,0,28,12960.0,28.539110202558266,0.03913032845019443,87.34303766074761,3.448275862068968,30.0,DIRECT_TEST
https://city2city.ru/orenburg-saratov.html,Оренбург,Саратов,20,24000,#7,25,1,24,24000.0,28.496890877168426,0.04891291056274304,90.88460267526517,13.793103448275872,15.0,DIRECT_TEST
https://city2city.ru/krasnodar-groznyj.html,Краснодар,Грозный,30,20800,#16,26,1,25,31200.0,28.4934359269835,0.07336936584411456,89.59516452678673,10.34482758620689,20.0,DIRECT_TEST
https://city2city.ru/lipeczk-nizhnij-novgorod.html,Липецк,Нижний Новгород,4,18300,#5,27,1,26,3660.0,28.493068018933805,0.009782582112548607,88.4413350814673,6.896551724137936,25.0,DIRECT_LOW
https://city2city.ru/ufa-nizhnij-novgorod.html,Уфа,Нижний Новгород,22,28200,#6,27,0,27,31020.0,28.482579327005855,0.05380420161901734,92.33775004644644,6.896551724137936,20.0,DIRECT_TEST
https://city2city.ru/yaroslavl-belgorod.html,Ярославль,Белгород,7,28200,#6,27,1,26,9870.0,28.469739687983136,0.017119518696960063,92.33775004644644,6.896551724137936,20.0,DIRECT_LOW
https://city2city.ru/samara-orenburg.html,Самара,Оренбург,359,12400,#23,19,2,17,222580.0,28.43744912997117,0.8779867446012375,84.93440818089123,34.48275862068965,0.0,SEO_INVEST_DIRECT
https://city2city.ru/ufa-tolyatti.html,Уфа,Тольятти,12,15000,#6,25,0,25,9000.0,28.431287044534557,0.029347746337645825,86.64957857464482,13.793103448275872,20.0,DIRECT_TEST
https://city2city.ru/kirov-kaluga.html,Киров,Калуга,31,35000,#28,22,1,21,54250.0,28.425201573915174,0.0758150113722517,94.28432045215334,24.13793103448276,0.0,DIRECT_TEST
https://city2city.ru/voronezh-yaroslavl.html,Воронеж,Ярославль,1,23400,#17,25,0,25,1170.0,28.423594420779985,0.002445645528137152,90.65647102075985,13.793103448275872,15.0,DIRECT_LOW
https://city2city.ru/svo-taxi-tula-lugansk.html,Тула,Луганск,2,26000,#25,21,0,21,2600.0,28.4204149762594,0.004891291056274304,91.60584658031745,27.58620689655173,0.0,DIRECT_LOW
https://city2city.ru/xanty-mansijsk-kogalym.html,Ханты-Мансийск,Когалым,4,14000,#28,19,1,18,2800.0,28.406955594622104,0.009782582112548607,86.02791986697912,34.48275862068965,0.0,DIRECT_LOW
https://city2city.ru/kirov-arxangelsk.html,Киров,Архангельск,5,34000,#28,22,1,21,8500.0,28.337645699468002,0.01222822764068576,94.02311845158884,24.13793103448276,0.0,DIRECT_LOW
https://city2city.ru/ulyanovsk-naberezhnye-chelny.html,Ульяновск,Набережные Челны,2,12200,#17,23,1,22,1220.0,28.336616717631177,0.004891291056274304,84.7878949251149,20.689655172413794,15.0,DIRECT_LOW
https://city2city.ru/sankt-peterburg-pitkyaranta.html,Санкт-Петербург,Питкяранта,2,10500,#6,24,1,23,1050.0,28.308938484601487,0.004891291056274304,83.43580268265131,17.241379310344826,20.0,DIRECT_LOW
https://city2city.ru/xanty-mansijsk-tobolsk.html,Ханты-Мансийск,Тобольск,2,13000,#27,19,2,17,1300.0,28.238307446056993,0.004891291056274304,85.36017508019746,34.48275862068965,0.0,DIRECT_LOW
https://city2city.ru/vladimir-ekaterinburg.html,Владимир,Екатеринбург,4,44000,#24,23,0,23,8800.0,28.22795041826616,0.009782582112548607,96.34638192017604,20.689655172413794,0.0,DIRECT_LOW
https://city2city.ru/kirov-samara.html,Киров,Самара,56,23100,#18,24,1,23,64680.0,28.13126105433578,0.1369561495756805,90.5402021596613,17.241379310344826,10.0,DIRECT_TEST
https://city2city.ru/petrozavodsk-app-lyuttya.html,Петрозаводск,Костомукша,7,16500,#10,20,0,20,5775.0,28.089981747811095,0.017119518696960063,87.50837345817209,31.034482758620683,0.0,DIRECT_LOW
https://city2city.ru/smolensk-sankt-peterburg.html,Смоленск,Санкт-Петербург,9,23400,#16,27,0,27,10530.0,28.051131883431182,0.022010809753234366,90.65647102075985,6.896551724137936,20.0,DIRECT_TEST
https://city2city.ru/saratov-samara.html,Саратов,Самара,90,12300,#16,25,2,23,55350.0,28.051020854602623,0.22010809753234367,84.86144932324451,13.793103448275872,20.0,DIRECT_TEST
https://city2city.ru/kirov-ufa.html,Киров,Уфа,25,22500,#18,24,1,23,28125.0,28.04544143132842,0.0611411382034288,90.30306468355302,17.241379310344826,10.0,DIRECT_TEST
https://city2city.ru/nizhnij-novgorod-sochi.html,Нижний Новгород,Сочи,7,54500,#29,24,1,23,19075.0,28.022972054472046,0.017119518696960063,98.27481744343658,17.241379310344826,0.0,DIRECT_LOW
https://city2city.ru/stavropol-sankt-peterburg.html,Ставрополь,Санкт-Петербург,5,63800,#9,26,1,25,15950.0,27.996874011907362,0.01222822764068576,99.69451445996698,10.34482758620689,5.0,DIRECT_LOW
https://city2city.ru/tver-kostroma.html,Тверь,Кострома,4,12400,#6,25,0,25,2480.0,27.995646638617373,0.009782582112548607,84.93440818089123,13.793103448275872,20.0,DIRECT_LOW
https://city2city.ru/syktyvkar-nizhniy_novhorod.html,Сыктывкар,Нижний Новгород,2,29000,#20,22,2,20,2900.0,27.976752256224895,0.004891291056274304,92.5898163898346,24.13793103448276,0.0,DIRECT_LOW
https://city2city.ru/rostov-ufa.html,Ростов-на-Дону,Уфа,14,52500,#21,24,1,23,36750.0,27.944739769816376,0.034239037393920126,97.93792097863816,17.241379310344826,0.0,DIRECT_TEST
https://city2city.ru/tyumen-chebarkul.html,Тюмень,Чебаркуль,1,15500,#21,20,1,19,775.0,27.944010414182877,0.002445645528137152,86.94503154609556,31.034482758620683,0.0,DIRECT_LOW
https://city2city.ru/nizhnij-novgorod-sankt-peterburg.html,Нижний Новгород,Санкт-Петербург,18,33900,#17,27,1,26,30510.0,27.893862148718966,0.04402161950646873,93.99657694825646,6.896551724137936,15.0,DIRECT_TEST
https://city2city.ru/orenburg-tolyatti.html,Оренбург,Тольятти,21,15200,#18,23,1,22,15960.0,27.8481377101017,0.05135855609088019,86.76892472394853,20.689655172413794,10.0,DIRECT_TEST
https://city2city.ru/petrozavodsk-kostomuksha.html,Петрозаводск,Костомукша,7,14700,#10,20,0,20,5145.0,27.829773941373226,0.017119518696960063,86.4675422324206,31.034482758620683,0.0,DIRECT_LOW
https://city2city.ru/ufa-volgograd.html,Уфа,Волгоград,4,37800,#8,26,0,26,7560.0,27.816840661998363,0.009782582112548607,94.97780496407037,10.34482758620689,10.0,DIRECT_LOW
https://city2city.ru/tomsk-barnaul.html,Томск,Барнаул,17,14500,#29,20,1,19,12325.0,27.807475402730816,0.04157597397833158,86.34410904045704,31.034482758620683,0.0,DIRECT_TEST
https://city2city.ru/sankt-peterburg-smolensk.html,Санкт-Петербург,Смоленск,9,23600,#7,26,0,26,10620.0,27.759958907400005,0.022010809753234366,90.73315842697998,10.34482758620689,15.0,DIRECT_TEST
https://city2city.ru/rostov-moskva.html,Ростов-на-Дону,Москва,261,32400,#30,23,1,22,422820.0,27.758535157013707,0.6383134828437966,93.58877761414249,20.689655172413794,0.0,SEO_INVEST_DIRECT
https://city2city.ru/rostov-chelyabinsk.html,Ростов-на-Дону,Челябинск,5,64800,#10,25,0,25,16200.0,27.721564723843173,0.01222822764068576,99.83465661805504,13.793103448275872,0.0,DIRECT_LOW
https://city2city.ru/ufa-tyumen.html,Уфа,Тюмень,18,25200,#10,22,1,21,22680.0,27.6740532262561,0.04402161950646873,91.32423781012913,24.13793103448276,0.0,DIRECT_TEST
https://city2city.ru/krasnoyarsk-yurga.html,Красноярск,Юрга,7,18500,#22,21,1,20,6475.0,27.65805257437776,0.017119518696960063,88.5392774540939,27.58620689655173,0.0,DIRECT_LOW
https://city2city.ru/sankt-peterburg-rostov-na-don.html,Санкт-Петербург,Ростов-на-Дону,26,53700,#9,26,0,26,69810.0,27.626612509631514,0.06358678373156594,98.14156647233635,10.34482758620689,5.0,DIRECT_TEST
https://city2city.ru/tomsk-krasnojarsk.html,Томск,Красноярск,35,17600,#10,21,2,19,30800.0,27.569676124202527,0.08559759348480032,88.08990234869,27.58620689655173,0.0,DIRECT_TEST
https://city2city.ru/penza-sochi.html,Пенза,Сочи,5,44000,#23,24,1,23,11000.0,27.539151221787215,0.01222822764068576,96.34638192017604,17.241379310344826,0.0,DIRECT_LOW
https://city2city.ru/kursk-ryazan.html,Курск,Рязань,15,15600,#7,25,0,25,11700.0,27.522204631402055,0.03668468292205728,87.00297721089665,13.793103448275872,15.0,DIRECT_TEST
https://city2city.ru/xabarovsk-komsomolsk-na-amure.html,Хабаровск,Комсомольск-на-Амуре,48,12000,#10,20,3,17,28800.0,27.407723409947494,0.1173909853505833,84.63896005340261,31.034482758620683,0.0,DIRECT_TEST
https://city2city.ru/kirov-kazan.html,Киров,Казань,169,11800,#18,23,1,22,99710.0,27.404471509493565,0.4133140942551786,84.48752216808597,20.689655172413794,10.0,DIRECT_TEST
https://city2city.ru/samara-stavropol.html,Самара,Ставрополь,2,41000,#10,24,0,24,4100.0,27.377501562894444,0.004891291056274304,95.71005499582314,17.241379310344826,0.0,DIRECT_LOW
https://city2city.ru/ufa-saratov.html,Уфа,Саратов,19,26700,#7,27,0,27,25365.0,27.356882791504617,0.04646726503460589,91.84523561565967,6.896551724137936,15.0,DIRECT_TEST
https://city2city.ru/orenburg-bugulma.html,Оренбург,Бугульма,17,12200,#8,23,2,21,10370.0,27.3494563566539,0.04157597397833158,84.7878949251149,20.689655172413794,10.0,DIRECT_TEST
https://city2city.ru/penza-anapa.html,Пенза,Анапа,2,40000,#26,24,1,23,4000.0,27.321876040609506,0.004891291056274304,95.48755290668339,17.241379310344826,0.0,DIRECT_LOW
https://city2city.ru/moskva-elista.html,Москва,Элиста,66,38000,#26,24,1,23,125400.0,27.26110922248799,0.16141260485705203,95.02535579487622,17.241379310344826,0.0,DIRECT_TEST
https://city2city.ru/rostov-samara.html,Ростов-на-Дону,Самара,34,38400,#22,24,0,24,65280.0,27.25730685573027,0.08315194795666316,95.11971124750589,17.241379310344826,0.0,DIRECT_TEST
https://city2city.ru/ufa-berezniki.html,Уфа,Березники,2,20500,#22,22,2,20,2050.0,27.195362336222292,0.004891291056274304,89.46425670982418,24.13793103448276,0.0,DIRECT_LOW
https://city2city.ru/nizhnij-novgorod-lipeczk.html,Нижний Новгород,Липецк,4,18300,#7,26,1,25,3660.0,27.182723191347595,0.009782582112548607,88.4413350814673,10.34482758620689,15.0,DIRECT_LOW
https://city2city.ru/penza-perm.html,Пенза,Пермь,14,36000,#29,24,1,23,25200.0,27.094800492629002,0.034239037393920126,94.53816386988866,17.241379310344826,0.0,DIRECT_TEST
https://city2city.ru/saransk-samara.html,Саранск,Самара,2,14400,#10,21,1,20,1440.0,27.089391470748307,0.004891291056274304,86.28175255827307,27.58620689655173,0.0,DIRECT_LOW
https://city2city.ru/ryazan-sankt-peterburg.html,Рязань,Санкт-Петербург,8,27200,#8,26,0,26,10880.0,27.078917327848238,0.019565164225097215,92.0124160125123,10.34482758620689,10.0,DIRECT_TEST
https://city2city.ru/orenburg-samara.html,Оренбург,Самара,359,12400,#25,21,2,19,222580.0,27.058138785143584,0.8779867446012375,84.93440818089123,27.58620689655173,0.0,SEO_INVEST_DIRECT
https://city2city.ru/orenburg-naberezhnye-chelny.html,Оренбург,Набережные Челны,31,16600,#9,23,2,21,25730.0,27.055170804438507,0.0758150113722517,87.56281806390184,20.689655172413794,5.0,DIRECT_TEST
https://city2city.ru/volgograd-lipeczk.html,Волгоград,Липецк,3,19500,#8,25,0,25,2925.0,27.01459621386337,0.007336936584411456,89.0136303856146,13.793103448275872,10.0,DIRECT_LOW
https://city2city.ru/krasnodar-sankt-peterburg.html,Ростов-на-Дону,Санкт-Петербург,26,61800,#10,26,1,25,80340.0,26.943100163444292,0.06358678373156594,99.40751708758746,10.34482758620689,0.0,DIRECT_TEST
https://city2city.ru/voronezh-sochi.html,Воронеж,Сочи,9,33400,#10,24,1,23,15030.0,26.92165063854789,0.022010809753234366,93.86268397226118,17.241379310344826,0.0,DIRECT_TEST
https://city2city.ru/rostov-kazan.html,Ростов-на-Дону,Казань,9,45000,#10,25,0,25,20250.0,26.903545099179983,0.022010809753234366,96.5488825044447,13.793103448275872,0.0,DIRECT_TEST
https://city2city.ru/kurgan-tobolsk.html,Курган,Тобольск,3,13000,#21,21,2,19,1950.0,26.859853077164257,0.007336936584411456,85.36017508019746,27.58620689655173,0.0,DIRECT_LOW
https://city2city.ru/kursk-chelyabinsk.html,Курск,Челябинск,6,59400,#10,26,1,25,17820.0,26.83675164859863,0.014673873168822913,99.05060110299266,10.34482758620689,0.0,DIRECT_LOW
https://city2city.ru/tambov-sosnovka.html,Тамбов,Сосновка,8,12500,#24,21,1,20,5000.0,26.77578445287852,0.019565164225097215,85.00678106435755,27.58620689655173,0.0,DIRECT_TEST
https://city2city.ru/tambov-boguchar.html,Тамбов,Богучар,3,12500,#26,21,0,21,1875.0,26.77150457320428,0.007336936584411456,85.00678106435755,27.58620689655173,0.0,DIRECT_LOW
https://city2city.ru/ufa-izhevsk.html,Уфа,Ижевск,130,10200,#19,22,3,19,66300.0,26.732517665599154,0.3179339186578297,83.17461834868945,24.13793103448276,5.0,DIRECT_TEST
https://city2city.ru/samara-neftekamsk.html,Самара,Нефтекамск,2,16500,#10,22,0,22,1650.0,26.706391523309268,0.004891291056274304,87.50837345817209,24.13793103448276,0.0,DIRECT_LOW
https://city2city.ru/kostroma-tver.html,Кострома,Тверь,4,12400,#8,24,0,24,2480.0,26.685301811031163,0.009782582112548607,84.93440818089123,17.241379310344826,10.0,DIRECT_LOW
https://city2city.ru/stavropol-bryansk.html,Ставрополь,Брянск,3,40800,#20,25,1,24,6120.0,26.6776866000077,0.007336936584411456,95.66599193019192,13.793103448275872,0.0,DIRECT_LOW
https://city2city.ru/stavropol-ufa.html,Ставрополь,Уфа,3,54500,#26,26,1,25,8175.0,26.640237805905066,0.007336936584411456,98.27481744343658,10.34482758620689,0.0,DIRECT_LOW
https://city2city.ru/rostov-sankt-peterburg.html,Ростов-на-Дону,Санкт-Петербург,26,54000,#10,26,1,25,70200.0,26.639162586584987,0.06358678373156594,98.19176678015025,10.34482758620689,0.0,DIRECT_TEST
https://city2city.ru/vologda-voronezh.html,Вологда,Воронеж,1,29500,#25,24,0,24,1475.0,26.635094527906602,0.002445645528137152,92.74385075961116,17.241379310344826,0.0,DIRECT_LOW
https://city2city.ru/moskva-pervomajsk.html,Москва,Первомайск,36,16200,#8,25,0,25,29160.0,26.625195238496605,0.08804323901293747,87.34303766074761,13.793103448275872,10.0,DIRECT_TEST
https://city2city.ru/ulyanovsk-chelyabinsk.html,Ульяновск,Челябинск,8,29800,#8,27,1,26,11920.0,26.59491394232428,0.019565164225097215,92.83502316007163,6.896551724137936,10.0,DIRECT_TEST
https://city2city.ru/perm-voronezh.html,Пермь,Воронеж,5,52000,#26,26,0,26,13000.0,26.536168235868868,0.01222822764068576,97.851691355813,10.34482758620689,0.0,DIRECT_LOW
https://city2city.ru/velikiy-novgorod-belgorod.html,Великий Новгород,Белгород,5,37500,#20,25,1,24,9375.0,26.489401795161513,0.01222822764068576,94.9060049033284,13.793103448275872,0.0,DIRECT_LOW
https://city2city.ru/samara-astraxan.html,Самара,Астрахань,5,36900,#20,25,0,25,9225.0,26.453066906467456,0.01222822764068576,94.76066534855217,13.793103448275872,0.0,DIRECT_LOW
https://city2city.ru/volgograd-rostov-na-donu.html,Волгоград,Ростов-на-Дону,61,14700,#8,25,1,24,44835.0,26.427720779786053,0.14918437721636624,86.4675422324206,13.793103448275872,10.0,DIRECT_TEST
https://city2city.ru/moskva-rylsk.html,Москва,Рыльск,4,17100,#9,24,1,23,3420.0,26.409253137166854,0.009782582112548607,87.83021348543399,17.241379310344826,5.0,DIRECT_LOW
https://city2city.ru/stavropol-novorossijsk.html,Ставрополь,Новороссийск,4,14100,#18,25,1,24,2820.0,26.28505747117217,0.009782582112548607,86.09205151111041,13.793103448275872,10.0,DIRECT_LOW
https://city2city.ru/samara-kuzneck.html,Самара,Кузнецк,1,10000,#30,21,1,20,500.0,26.26714549903456,0.002445645528137152,82.99619257515747,27.58620689655173,0.0,DIRECT_LOW
https://city2city.ru/ufa-voronezh.html,Уфа,Воронеж,4,40200,#9,27,0,27,8040.0,26.265858002980853,0.009782582112548607,95.53249501765549,6.896551724137936,5.0,DIRECT_LOW
https://city2city.ru/volgograd-samara.html,Волгоград,Самара,37,23600,#30,24,0,24,43660.0,26.163236578403335,0.09048888454107462,90.73315842697998,17.241379310344826,0.0,DIRECT_TEST
https://city2city.ru/sankt-peterburg-petrozavodsk.html,Санкт-Петербург,Петрозаводск,45,12900,#8,25,2,23,29025.0,26.11978868900263,0.11005404876617184,85.29059632911718,13.793103448275872,10.0,DIRECT_TEST
https://city2city.ru/orenburg-kirov.html,Оренбург,Киров,3,31000,#28,25,1,24,4650.0,26.05887835256117,0.007336936584411456,93.1907589404058,13.793103448275872,0.0,DIRECT_LOW
https://city2city.ru/krasnodar-orenburg.html,Краснодар,Оренбург,9,56700,#10,27,1,26,25515.0,26.044867090066283,0.022010809753234366,98.63141184730026,6.896551724137936,0.0,DIRECT_TEST
https://city2city.ru/orenburg-izhevsk.html,Оренбург,Ижевск,15,22000,#26,24,1,23,16500.0,25.986257663601123,0.03668468292205728,90.10056865003776,17.241379310344826,0.0,DIRECT_TEST
https://city2city.ru/saransk-moskva.html,Саранск,Москва,30,19000,#9,25,1,24,28500.0,25.979193682410596,0.07336936584411456,88.77957485883992,13.793103448275872,5.0,DIRECT_TEST
https://city2city.ru/sankt-peterburg-murmansk.html,Санкт-Петербург,Мурманск,11,40500,#24,26,0,26,22275.0,25.978253924170982,0.02690210080950867,95.59949068658511,10.34482758620689,0.0,DIRECT_TEST
https://city2city.ru/sankt-peterburg-tambov.html,Санкт-Петербург,Тамбов,6,35100,#9,27,1,26,10530.0,25.961953452068702,0.014673873168822913,94.31002900652811,6.896551724137936,5.0,DIRECT_LOW
https://city2city.ru/perm-ufa.html,Пермь,Уфа,97,15200,#25,23,1,22,73720.0,25.913191881150148,0.23722761622930372,86.76892472394853,20.689655172413794,0.0,DIRECT_TEST
https://city2city.ru/volgograd-narimanov.html,Волгоград,Нариманов,2,11500,#30,22,3,19,1150.0,25.893169105919757,0.004891291056274304,84.25548378861404,24.13793103448276,0.0,DIRECT_LOW
https://city2city.ru/moskva-lebedyan.html,Москва,Лебедянь,8,11200,#26,22,0,22,4480.0,25.838762032267752,0.019565164225097215,84.01731207156966,24.13793103448276,0.0,DIRECT_TEST
https://city2city.ru/penza-moskva.html,Пенза,Москва,155,19400,#26,24,1,23,150350.0,25.82277790850669,0.37907505686125853,88.96730310614514,17.241379310344826,0.0,DIRECT_TEST
https://city2city.ru/nizhnij-novgorod-rostov-na-donu.html,Нижний Новгород,Ростов-на-Дону,18,38700,#8,29,0,29,34830.0,25.812866333977155,0.04402161950646873,95.18983506859956,0.0,10.0,DIRECT_TEST
https://city2city.ru/kursk-volgograd.html,Курск,Волгоград,3,24200,#9,26,0,26,3630.0,25.81137867216615,0.007336936584411456,90.95938090848091,10.34482758620689,5.0,DIRECT_LOW
https://city2city.ru/ulyanovsk-ufa.html,Ульяновск,Уфа,26,17600,#9,25,1,24,22880.0,25.803351651133724,0.06358678373156594,88.08990234869,13.793103448275872,5.0,DIRECT_TEST
https://city2city.ru/perm-orenburg.html,Пермь,Оренбург,14,27500,#27,25,1,24,19250.0,25.79841821006097,0.034239037393920126,92.1112554292717,13.793103448275872,0.0,DIRECT_TEST
https://city2city.ru/kostroma-moskva.html,Кострома,Москва,142,10000,#22,22,2,20,71000.0,25.698182933434335,0.3472816649954755,82.99619257515747,24.13793103448276,0.0,DIRECT_TEST
https://city2city.ru/samara-perm.html,Самара,Пермь,29,26100,#10,25,1,24,37845.0,25.693553203490023,0.07092372031597739,91.64043684689703,13.793103448275872,0.0,DIRECT_TEST
https://city2city.ru/kostroma-voronezh.html,Кострома,Воронеж,5,25600,#10,25,0,25,6400.0,25.629436127147862,0.01222822764068576,91.46614223127379,13.793103448275872,0.0,DIRECT_LOW
https://city2city.ru/vladimir-belgorod.html,Владимир,Белгород,8,25400,#21,25,0,25,10160.0,25.614335835134522,0.019565164225097215,91.39546935200225,13.793103448275872,0.0,DIRECT_TEST
https://city2city.ru/moskva-vologda.html,Москва,Вологда,63,13800,#18,26,2,24,43470.0,25.597459714348986,0.15407566827264058,85.89827085284874,10.34482758620689,10.0,DIRECT_TEST
https://city2city.ru/krasnodar-blagodarnyj.html,Краснодар,Благодарный,1,13500,#23,23,0,23,675.0,25.563844823384112,0.002445645528137152,85.70023125186603,20.689655172413794,0.0,DIRECT_LOW
https://city2city.ru/moskva-penza.html,Москва,Пенза,155,19400,#19,26,1,25,150350.0,25.443467563679103,0.37907505686125853,88.96730310614514,10.34482758620689,5.0,DIRECT_TEST
https://city2city.ru/orenburg-kazan.html,Оренбург,Казань,180,21600,#26,25,1,24,194400.0,25.39650393905709,0.44021619506468734,89.93523032451711,13.793103448275872,0.0,DIRECT_TEST
https://city2city.ru/penza-belgorod.html,Пенза,Белгород,6,23000,#26,25,1,24,6900.0,25.389034067290787,0.014673873168822913,90.5011100881061,13.793103448275872,0.0,DIRECT_LOW
https://city2city.ru/volgograd-anapa.html,Волгоград,Анапа,6,26400,#9,27,1,26,7920.0,25.32030070954815,0.014673873168822913,91.7434180364459,6.896551724137936,5.0,DIRECT_LOW
https://city2city.ru/kostroma-sankt-peterburg.html,Кострома,Санкт-Петербург,8,26100,#9,27,0,27,10440.0,25.29626736403063,0.019565164225097215,91.64043684689703,6.896551724137936,5.0,DIRECT_TEST
https://city2city.ru/sankt-peterburg-kostroma.html,Санкт-Петербург,Кострома,8,26000,#9,27,0,27,10400.0,25.287619797385734,0.019565164225097215,91.60584658031745,6.896551724137936,5.0,DIRECT_TEST
https://city2city.ru/samara-naberezhnye-chelny.html,Самара,Набережные Челны,10,11700,#20,23,2,21,5850.0,25.249200300061588,0.02445645528137152,84.4108380249214,20.689655172413794,0.0,DIRECT_TEST
https://city2city.ru/tomsk-kiselyovsk.html,Томск,Киселёвск,1,11500,#21,23,2,21,575.0,25.202657957571116,0.002445645528137152,84.25548378861404,20.689655172413794,0.0,DIRECT_LOW
https://city2city.ru/kursk-rostov-na-donu.html,Курск,Ростов-на-Дону,10,24000,#19,27,0,27,12000.0,25.10902077299236,0.02445645528137152,90.88460267526517,6.896551724137936,5.0,DIRECT_TEST
https://city2city.ru/volgograd-ryazan.html,Волгоград,Рязань,4,24000,#9,27,0,27,4800.0,25.103884917383272,0.009782582112548607,90.88460267526517,6.896551724137936,5.0,DIRECT_LOW
https://city2city.ru/saratov-elista.html,Саратов,Элиста,1,20000,#28,25,0,25,1000.0,25.069916694302552,0.002445645528137152,89.24176011485012,13.793103448275872,0.0,DIRECT_LOW
https://city2city.ru/lipeczk-pskov.html,Липецк,Псков,5,36000,#10,27,1,26,9000.0,25.018131191973993,0.01222822764068576,94.53816386988866,6.896551724137936,0.0,DIRECT_LOW
https://city2city.ru/ulyanovsk-perm.html,Ульяновск,Пермь,9,25600,#10,26,0,26,11520.0,24.943204858473457,0.022010809753234366,91.46614223127379,10.34482758620689,0.0,DIRECT_TEST
https://city2city.ru/nizhnij-novgorod-kazan.html,Нижний Новгород,Казань,64,11700,#19,25,2,23,37440.0,24.916112655715796,0.15652131380077772,84.4108380249214,13.793103448275872,5.0,DIRECT_TEST
https://city2city.ru/krasnodar-astraxan.html,Краснодар,Астрахань,45,24800,#24,26,0,26,55800.0,24.902500162548776,0.11005404876617184,91.18006291295696,10.34482758620689,0.0,DIRECT_TEST
https://city2city.ru/krasnodar-vladikavkaz.html,Краснодар,Владикавказ,33,18300,#26,25,1,24,30195.0,24.897201665871982,0.08070630242852601,88.4413350814673,13.793103448275872,0.0,DIRECT_TEST
https://city2city.ru/nizhniy_novgorod-kirov.html,Нижний Новгород,Киров,20,17500,#26,25,1,24,17500.0,24.785380168410025,0.04891291056274304,88.03855984023157,13.793103448275872,0.0,DIRECT_TEST
https://city2city.ru/rostov-voronezh.html,Ростов-на-Дону,Воронеж,13,17400,#24,25,1,24,11310.0,24.766479156962752,0.03179339186578297,87.98692312061821,13.793103448275872,0.0,DIRECT_TEST
https://city2city.ru/smolensk-voronezh.html,Смоленск,Воронеж,9,20600,#9,27,0,27,9270.0,24.764040201787154,0.022010809753234366,89.50810429418374,6.896551724137936,5.0,DIRECT_TEST
https://city2city.ru/saratov-nizhnij-novgorod.html,Саратов,Нижний Новгород,17,20100,#9,27,1,26,17085.0,24.715537212000648,0.04157597397833158,89.28670110512257,6.896551724137936,5.0,DIRECT_TEST
https://city2city.ru/ulyanovsk-orenburg.html,Ульяновск,Оренбург,10,19600,#9,27,1,26,9800.0,24.652800281172897,0.02445645528137152,89.05972070798732,6.896551724137936,5.0,DIRECT_TEST
https://city2city.ru/volgograd-tambov.html,Волгоград,Тамбов,5,15800,#10,25,1,24,3950.0,24.5423412007207,0.01222822764068576,87.11776252556514,13.793103448275872,0.0,DIRECT_LOW
https://city2city.ru/oryol-smolensk.html,Орёл,Смоленск,24,11500,#24,24,1,23,13800.0,24.532690231658826,0.05869549267529165,84.25548378861404,17.241379310344826,0.0,DIRECT_TEST
https://city2city.ru/voronezh-saratov.html,Воронеж,Саратов,11,15400,#22,25,1,24,8470.0,24.489714137466446,0.02690210080950867,86.88671085011178,13.793103448275872,0.0,DIRECT_TEST
https://city2city.ru/petrozavodsk-sankt-peterburg.html,Петрозаводск,Санкт-Петербург,45,12800,#9,26,2,24,28800.0,24.412603470771593,0.11005404876617184,85.22047614584822,10.34482758620689,5.0,DIRECT_TEST
https://city2city.ru/samara-ufa.html,Самара,Уфа,200,13800,#24,25,1,24,138000.0,24.40438358983696,0.4891291056274304,85.89827085284874,13.793103448275872,0.0,DIRECT_TEST
https://city2city.ru/lipeczk-moskva.html,Липецк,Москва,115,14100,#22,25,2,23,81075.0,24.3800707999403,0.2812492357357725,86.09205151111041,13.793103448275872,0.0,DIRECT_TEST
https://city2city.ru/voronezh-rostov-na-donu.html,Воронеж,Ростов-на-Дону,13,17100,#9,27,1,26,11115.0,24.34799140333911,0.03179339186578297,87.83021348543399,6.896551724137936,5.0,DIRECT_TEST
https://city2city.ru/lipeczk-volgograd.html,Липецк,Волгоград,3,19500,#10,26,0,26,2925.0,24.324941041449573,0.007336936584411456,89.0136303856146,10.34482758620689,0.0,DIRECT_LOW
https://city2city.ru/kursk-tula.html,Курск,Тула,16,10400,#10,24,0,24,8320.0,24.299366392178054,0.03913032845019443,83.34957966060608,17.241379310344826,0.0,DIRECT_TEST
https://city2city.ru/rostov-saratov.html,Ростов-на-Дону,Саратов,20,25200,#10,27,0,27,25200.0,24.22748931605683,0.04891291056274304,91.32423781012913,6.896551724137936,0.0,DIRECT_TEST
https://city2city.ru/stavropol-astraxan.html,Ставрополь,Астрахань,24,17400,#22,26,1,25,20880.0,24.08623971983228,0.05869549267529165,87.98692312061821,10.34482758620689,0.0,DIRECT_TEST
https://city2city.ru/samara-saratov.html,Самара,Саратов,90,12300,#22,25,1,24,55350.0,24.051020854602623,0.22010809753234367,84.86144932324451,13.793103448275872,0.0,DIRECT_TEST
https://city2city.ru/saratov-ufa.html,Саратов,Уфа,19,26600,#20,28,0,28,25270.0,23.658774737534745,0.04646726503460589,91.81142408943536,3.448275862068968,0.0,DIRECT_TEST
https://city2city.ru/moskva-saransk.html,Москва,Саранск,30,18900,#20,27,1,26,28350.0,23.587995943526288,0.07336936584411456,88.73202528261304,6.896551724137936,0.0,DIRECT_TEST
https://city2city.ru/nizhnij-novgorod-vologda.html,Нижний Новгород,Вологда,2,17000,#28,27,0,27,1700.0,23.325363649537493,0.004891291056274304,87.77736541136085,6.896551724137936,0.0,DIRECT_LOW
https://city2city.ru/tver-bryansk.html,Тверь,Брянск,1,15600,#25,27,1,26,780.0,23.130910623486596,0.002445645528137152,87.00297721089665,6.896551724137936,0.0,DIRECT_LOW
https://city2city.ru/saratov-kazan.html,Саратов,Казань,31,20400,#24,28,1,27,31620.0,23.071239106764363,0.0758150113722517,89.42019472148112,3.448275862068968,0.0,DIRECT_TEST
https://city2city.ru/kursk-tambov.html,Курск,Тамбов,5,14000,#25,27,1,26,3500.0,22.890570191246606,0.01222822764068576,86.02791986697912,6.896551724137936,0.0,DIRECT_LOW
